element,sp_num,obs_wl_vac(nm),ritz_wl_vac(nm),intens,Aki(s^-1),Acc,Ei(cm-1),Ek(cm-1),conf_i,term_i,J_i,conf_k,term_k,J_k,g_i,g_k,Type,tp_ref,line_ref,
Al,2,"=""181.8352""","=""181.8355""","=""50""","=""5.45e+08""",B+,"=""95549.42""","=""150544.17""","=""3s.3d""","=""3D""","=""3""","=""3p.3d""","=""3D*""","=""3""",7,7,,"=""T6298c4,LS""","=""L4575""",
Al,2,"=""181.8392""","=""181.8391""","=""3""","=""6.82e+07""",C+,"=""95550.51""","=""150544.17""","=""3s.3d""","=""3D""","=""2""","=""3p.3d""","=""3D*""","=""3""",5,7,,"=""T6298c4,LS""","=""L4575""",
Al,2,"=""""","=""181.9249""","=""""","=""9.54e+07""",C+,"=""95549.42""","=""150517.17""","=""3s.3d""","=""3D""","=""3""","=""3p.3d""","=""3D*""","=""2""",7,5,,"=""T6298c4,LS""","=""""",
Al,2,"=""181.9285""","=""181.9285""","=""1""","=""4.25e+08""",B,"=""95550.51""","=""150517.17""","=""3s.3d""","=""3D""","=""2""","=""3p.3d""","=""3D*""","=""2""",5,5,,"=""T6298c4,LS""","=""L4575""",
Al,2,"=""""","=""181.9315""","=""""","=""9.17e+07""",C+,"=""95551.44""","=""150517.17""","=""3s.3d""","=""3D""","=""1""","=""3p.3d""","=""3D*""","=""2""",3,5,,"=""T6298c4,LS""","=""""",
Al,2,"=""""","=""182.0092""","=""""","=""1.53e+08""",C+,"=""95550.51""","=""150492.80""","=""3s.3d""","=""3D""","=""2""","=""3p.3d""","=""3D*""","=""1""",5,3,,"=""T6298c4,LS""","=""""",
Al,2,"=""182.0124""","=""182.0122""","=""2""","=""4.57e+08""",B,"=""95551.44""","=""150492.80""","=""3s.3d""","=""3D""","=""1""","=""3p.3d""","=""3D*""","=""1""",3,3,,"=""T6298c4,LS""","=""L4575""",
Al,2,"=""182.85876""","=""182.8587""","=""290""","=""4.72e+08""",B,"=""91274.50""","=""145961.54""","=""3s.4s""","=""3S""","=""1""","=""3p.4s""","=""3P*""","=""2""",3,5,,"=""T6298c4,LS""","=""L3460""",
Al,2,"=""183.28374""","=""183.2838""","=""225""","=""4.69e+08""",B,"=""91274.50""","=""145834.70""","=""3s.4s""","=""3S""","=""1""","=""3p.4s""","=""3P*""","=""1""",3,3,,"=""T6298c4,LS""","=""L3460""",
Al,2,"=""183.48077""","=""183.4807""","=""170""","=""4.67e+08""",C+,"=""91274.50""","=""145776.15""","=""3s.4s""","=""3S""","=""1""","=""3p.4s""","=""3P*""","=""0""",3,1,,"=""T6298c4,LS""","=""L3460""",
Al,2,"=""183.69635""","=""183.6965""","=""60""","=""4.03e+07""",C,"=""85481.35""","=""139918.98""","=""3p2""","=""1D""","=""2""","=""3s.7p""","=""1P*""","=""1""",5,3,,"=""T6533""","=""L3460""",
Al,3,"=""185.47164""","=""185.4716""","=""1000g""","=""5.44e+08""",A+,"=""0.00""","=""53916.60""","=""2p6.3s""","=""2S""","=""1/2""","=""2p6.3p""","=""2P*""","=""3/2""",2,4,,"=""c32""","=""L277""",
Al,2,"=""185.59286""","=""185.5926""","=""190""","=""8.38e+07""",B+,"=""37393.03""","=""91274.50""","=""3s.3p""","=""3P*""","=""0""","=""3s.4s""","=""3S""","=""1""",1,3,,"=""c47""","=""L3460""",
Al,2,"=""185.80262""","=""185.8025""","=""315""","=""2.49e+08""",A,"=""37453.91""","=""91274.50""","=""3s.3p""","=""3P*""","=""1""","=""3s.4s""","=""3S""","=""1""",3,3,,"=""c47""","=""L3460""",
Al,2,"=""185.99796""","=""185.99809""","=""110""","=""8.68e+07""",B,"=""85481.35""","=""139245.343""","=""3p2""","=""1D""","=""2""","=""3s.6f""","=""1F*""","=""3""",5,7,,"=""T6533""","=""L3460""",
Al,2,"=""186.23111""","=""186.2311""","=""400""","=""4.08e+08""",A,"=""37577.79""","=""91274.50""","=""3s.3p""","=""3P*""","=""2""","=""3s.4s""","=""3S""","=""1""",5,3,,"=""c47""","=""L3460""",
Al,3,"=""186.27895""","=""186.2790""","=""600g""","=""5.36e+08""",A+,"=""0.00""","=""53682.93""","=""2p6.3s""","=""2S""","=""1/2""","=""2p6.3p""","=""2P*""","=""1/2""",2,2,,"=""c32""","=""L277""",
Al,2,"=""190.4326""","=""190.4327""","=""8""","=""2.7e+08""",D,"=""94084.96""","=""146596.95""","=""3p2""","=""3P""","=""0""","=""3s.10p""","=""3P*""","=""1""",1,3,,"=""T6298c4,LS""","=""L4575""",
Al,2,"=""190.64082""","=""190.6409""","=""25""","=""2.0e+08""",D,"=""94147.46""","=""146602.10""","=""3p2""","=""3P""","=""1""","=""3s.10p""","=""3P*""","=""2""",3,5,,"=""T6298c4,LS""","=""L3460""",
Al,2,"=""190.6596""","=""190.6596""","=""4""","=""2.0e+08""",D,"=""94147.46""","=""146596.95""","=""3p2""","=""3P""","=""1""","=""3s.10p""","=""3P*""","=""1""",3,3,,"=""T6298c4,LS""","=""L4575""",
Al,2,"=""190.6674""","=""190.6673""","=""8""","=""8.2e+08""",D,"=""94147.46""","=""146594.85""","=""3p2""","=""3P""","=""1""","=""3s.10p""","=""3P*""","=""0""",3,1,,"=""T6298c4,LS""","=""L4575""",
Al,2,"=""191.08252""","=""191.0825""","=""80""","=""5.8e+08""",D,"=""94268.68""","=""146602.10""","=""3p2""","=""3P""","=""2""","=""3s.10p""","=""3P*""","=""2""",5,5,,"=""T6298c4,LS""","=""L3460""",
Al,2,"=""191.1013""","=""191.1013""","=""15""","=""3.4e+08""",D,"=""94268.68""","=""146596.95""","=""3p2""","=""3P""","=""2""","=""3s.10p""","=""3P*""","=""1""",5,3,,"=""T6298c4,LS""","=""L4575""",
Al,3,"=""""","=""191.1817""","=""""","=""3.45e+06""",A,"=""126164.05""","=""178470.32""","=""2p6.4s""","=""2S""","=""1/2""","=""2p6.5p""","=""2P*""","=""3/2""",2,4,,"=""c32""","=""""",
Al,3,"=""""","=""191.3166""","=""""","=""3.75e+06""",A,"=""126164.05""","=""178433.43""","=""2p6.4s""","=""2S""","=""1/2""","=""2p6.5p""","=""2P*""","=""1/2""",2,2,,"=""c32""","=""""",
Al,2,"=""192.99775""","=""192.9977""","=""150""","=""1.15e+08""",C+,"=""94147.46""","=""145961.54""","=""3p2""","=""3P""","=""1""","=""3p.4s""","=""3P*""","=""2""",3,5,,"=""T6298c4,LS""","=""L3460""",
Al,2,"=""193.10481""","=""193.1050""","=""125""","=""1.04e+09""",A,"=""59852.02""","=""111637.33""","=""3s.3p""","=""1P*""","=""1""","=""3p2""","=""1S""","=""0""",3,1,,"=""c47,u24""","=""L3460""",
Al,2,"=""193.23768""","=""193.2377""","=""150""","=""1.53e+08""",C+,"=""94084.96""","=""145834.70""","=""3p2""","=""3P""","=""0""","=""3p.4s""","=""3P*""","=""1""",1,3,,"=""T6298c4,LS""","=""L3460""",
Al,2,"=""193.45032""","=""193.4503""","=""225""","=""3.44e+08""",B,"=""94268.68""","=""145961.54""","=""3p2""","=""3P""","=""2""","=""3p.4s""","=""3P*""","=""2""",5,5,,"=""T6298c4,LS""","=""L3460""",
Al,2,"=""193.47129""","=""193.4713""","=""125""","=""1.14e+08""",C+,"=""94147.46""","=""145834.70""","=""3p2""","=""3P""","=""1""","=""3p.4s""","=""3P*""","=""1""",3,3,,"=""T6298c4,LS""","=""L3460""",
Al,3,"=""193.58404""","=""193.5840""","=""300*""","=""1.19e+09""",A+,"=""115956.21""","=""167613.37""","=""2p6.3d""","=""2D""","=""5/2""","=""2p6.4f""","=""2F*""","=""7/2""",6,8,,"=""c32""","=""L277""",
Al,3,"=""193.58404""","=""193.5863""","=""300*""","=""7.92e+07""",A+,"=""115956.21""","=""167612.75""","=""2p6.3d""","=""2D""","=""5/2""","=""2p6.4f""","=""2F*""","=""5/2""",6,6,,"=""c32""","=""L277""",
Al,3,"=""193.59489""","=""193.5949""","=""200""","=""1.11e+09""",A+,"=""115958.50""","=""167612.75""","=""2p6.3d""","=""2D""","=""3/2""","=""2p6.4f""","=""2F*""","=""5/2""",4,6,,"=""c32""","=""L277""",
Al,2,"=""193.69066""","=""193.6908""","=""125""","=""4.56e+08""",C+,"=""94147.46""","=""145776.15""","=""3p2""","=""3P""","=""1""","=""3p.4s""","=""3P*""","=""0""",3,1,,"=""T6298c4,LS""","=""L3460""",
Al,2,"=""193.92606""","=""193.9262""","=""150""","=""1.89e+08""",C+,"=""94268.68""","=""145834.70""","=""3p2""","=""3P""","=""2""","=""3p.4s""","=""3P*""","=""1""",5,3,,"=""T6298c4,LS""","=""L3460""",
Al,3,"=""""","=""194.3522""","=""""","=""1.95e+06""",B,"=""165786.32""","=""217239.31""","=""2p6.4d""","=""2D""","=""5/2""","=""2p6.9f""","=""2F*""","=""5/2""",6,6,,"=""c32""","=""""",
Al,3,"=""""","=""194.3522""","=""""","=""2.93e+07""",B+,"=""165786.32""","=""217239.31""","=""2p6.4d""","=""2D""","=""5/2""","=""2p6.9f""","=""2F*""","=""7/2""",6,8,,"=""c32""","=""""",
Al,3,"=""""","=""194.3567""","=""""","=""2.73e+07""",B+,"=""165787.51""","=""217239.31""","=""2p6.4d""","=""2D""","=""3/2""","=""2p6.9f""","=""2F*""","=""5/2""",4,6,,"=""c32""","=""""",
Al,2,"=""195.877""","=""195.8761""","=""1""","=""5.7e+08""",D,"=""95549.42""","=""146602.10""","=""3s.3d""","=""3D""","=""3""","=""3s.10p""","=""3P*""","=""2""",7,5,,"=""T6533""","=""L7431""",
Al,2,"=""""","=""195.8839""","=""""","=""6.8e+06""",D,"=""95551.44""","=""146602.10""","=""3s.3d""","=""3D""","=""1""","=""3s.10p""","=""3P*""","=""2""",3,5,,"=""T6533""","=""""",
Al,2,"=""""","=""195.9036""","=""""","=""1.7e+08""",D,"=""95551.44""","=""146596.95""","=""3s.3d""","=""3D""","=""1""","=""3s.10p""","=""3P*""","=""1""",3,3,,"=""T6533""","=""""",
Al,2,"=""""","=""195.9117""","=""""","=""6.8e+08""",D,"=""95551.44""","=""146594.85""","=""3s.3d""","=""3D""","=""1""","=""3s.10p""","=""3P*""","=""0""",3,1,,"=""T6533""","=""""",
Al,2,"=""198.3650""","=""198.3650""","=""10""","=""4.06e+06""",C,"=""95549.42""","=""145961.54""","=""3s.3d""","=""3D""","=""3""","=""3p.4s""","=""3P*""","=""2""",7,5,,"=""T6298c4,LS""","=""L4575""",
Al,2,"=""""","=""198.3693""","=""""","=""7.24e+05""",D,"=""95550.51""","=""145961.54""","=""3s.3d""","=""3D""","=""2""","=""3p.4s""","=""3P*""","=""2""",5,5,,"=""T6298c4,LS""","=""""",
Al,2,"=""""","=""198.3729""","=""""","=""4.82e+04""",E,"=""95551.44""","=""145961.54""","=""3s.3d""","=""3D""","=""1""","=""3p.4s""","=""3P*""","=""2""",3,5,,"=""T6298c4,LS""","=""""",
Al,2,"=""198.8699""","=""198.8697""","=""3""","=""3.60e+06""",C,"=""95550.51""","=""145834.70""","=""3s.3d""","=""3D""","=""2""","=""3p.4s""","=""3P*""","=""1""",5,3,,"=""T6298c4,LS""","=""L4575""",
Al,2,"=""""","=""198.8733""","=""""","=""1.20e+06""",D,"=""95551.44""","=""145834.70""","=""3s.3d""","=""3D""","=""1""","=""3p.4s""","=""3P*""","=""1""",3,3,,"=""T6298c4,LS""","=""""",
Al,2,"=""199.05310""","=""199.0533""","=""315""","=""1.38e+09""",A,"=""59852.02""","=""110089.83""","=""3s.3p""","=""1P*""","=""1""","=""3s.3d""","=""1D""","=""2""",3,5,,"=""c47,u24""","=""L3460""",
Al,2,"=""199.105""","=""199.1052""","=""1""","=""4.77e+06""",D,"=""95551.44""","=""145776.15""","=""3s.3d""","=""3D""","=""1""","=""3p.4s""","=""3P*""","=""0""",3,1,,"=""T6298c4,LS""","=""L7431""",
element,sp_num,obs_wl_air(nm),ritz_wl_air(nm),intens,Aki(s^-1),Acc,Ei(cm-1),Ek(cm-1),conf_i,term_i,J_i,conf_k,term_k,J_k,g_i,g_k,Type,tp_ref,line_ref,
Al,2,"=""201.6053""","=""201.6052""","=""150""","=""9.82e+07""",C+,"=""95549.42""","=""145135.31""","=""3s.3d""","=""3D""","=""3""","=""3s.8f""","=""3F*""","=""4""",7,9,,"=""T6298c4,LS""","=""L4575""",
Al,2,"=""201.6193""","=""201.6189""","=""80""","=""1.10e+07""",D,"=""95549.42""","=""145131.93""","=""3s.3d""","=""3D""","=""3""","=""3s.8f""","=""3F*""","=""3""",7,7,,"=""T6298c4,LS""","=""L4575""",
Al,2,"=""201.6234""","=""201.6234""","=""150""","=""8.73e+07""",C+,"=""95550.51""","=""145131.93""","=""3s.3d""","=""3D""","=""2""","=""3s.8f""","=""3F*""","=""3""",5,7,,"=""T6298c4,LS""","=""L4575""",
Al,2,"=""""","=""201.6288""","=""""","=""4.32e+05""",E,"=""95549.42""","=""145129.51""","=""3s.3d""","=""3D""","=""3""","=""3s.8f""","=""3F*""","=""2""",7,5,,"=""T6298c4,LS""","=""""",
Al,2,"=""201.6334""","=""201.6332""","=""50""","=""1.53e+07""",D,"=""95550.51""","=""145129.51""","=""3s.3d""","=""3D""","=""2""","=""3s.8f""","=""3F*""","=""2""",5,5,,"=""T6298c4,LS""","=""L4575""",
Al,2,"=""201.6369""","=""201.6370""","=""100""","=""8.25e+07""",C,"=""95551.44""","=""145129.51""","=""3s.3d""","=""3D""","=""1""","=""3s.8f""","=""3F*""","=""2""",3,5,,"=""T6298c4,LS""","=""L4575""",
Al,2,"=""202.2081""","=""202.2082""","=""40""","=""4.05e+07""",C+,"=""85481.35""","=""134919.40""","=""3p2""","=""1D""","=""2""","=""3s.6p""","=""1P*""","=""1""",5,3,,"=""T6533""","=""L4575""",
Al,3,"=""""","=""207.3633""","=""*""","=""2.86e+06""",B+,"=""165786.32""","=""213995.48""","=""2p6.4d""","=""2D""","=""5/2""","=""2p6.8f""","=""2F*""","=""5/2""",6,6,,"=""c32""","=""""",
Al,3,"=""""","=""207.3633""","=""*""","=""4.28e+07""",A,"=""165786.32""","=""213995.48""","=""2p6.4d""","=""2D""","=""5/2""","=""2p6.8f""","=""2F*""","=""7/2""",6,8,,"=""c32""","=""""",
Al,3,"=""""","=""207.3684""","=""""","=""4.00e+07""",A,"=""165787.51""","=""213995.48""","=""2p6.4d""","=""2D""","=""3/2""","=""2p6.8f""","=""2F*""","=""5/2""",4,6,,"=""c32""","=""""",
Al,2,"=""207.4009""","=""207.4009""","=""200""","=""1.41e+08""",B,"=""85481.35""","=""133681.78""","=""3p2""","=""1D""","=""2""","=""3s.5f""","=""1F*""","=""3""",5,7,,"=""T6533""","=""L4575""",
Al,3,"=""""","=""208.9163""","=""""","=""4.87e+07""",A,"=""143633.38""","=""191484.23""","=""2p6.4p""","=""2P*""","=""1/2""","=""2p6.6s""","=""2S""","=""1/2""",2,2,,"=""c32""","=""""",
Al,3,"=""""","=""209.2667""","=""""","=""9.73e+07""",A+,"=""143713.50""","=""191484.23""","=""2p6.4p""","=""2P*""","=""3/2""","=""2p6.6s""","=""2S""","=""1/2""",4,2,,"=""c32""","=""""",
Al,2,"=""209.4264""","=""209.4263""","=""700""","=""1.84e+08""",C+,"=""95549.42""","=""143283.75""","=""3s.3d""","=""3D""","=""3""","=""3s.7f""","=""3F*""","=""4""",7,9,,"=""T6298c4,LS""","=""L4575""",
Al,2,"=""209.4744""","=""209.4741""","=""150""","=""2.05e+07""",D,"=""95549.42""","=""143272.86""","=""3s.3d""","=""3D""","=""3""","=""3s.7f""","=""3F*""","=""3""",7,7,,"=""T6298c4,LS""","=""L4575""",
Al,2,"=""209.4790""","=""209.4789""","=""300""","=""1.64e+08""",C+,"=""95550.51""","=""143272.86""","=""3s.3d""","=""3D""","=""2""","=""3s.7f""","=""3F*""","=""3""",5,7,,"=""T6298c4,LS""","=""L4575""",
Al,2,"=""""","=""209.5049""","=""""","=""8.10e+05""",E,"=""95549.42""","=""143265.83""","=""3s.3d""","=""3D""","=""3""","=""3s.7f""","=""3F*""","=""2""",7,5,,"=""T6298c4,LS""","=""""",
Al,2,"=""209.5100""","=""209.5097""","=""100""","=""2.87e+07""",D,"=""95550.51""","=""143265.83""","=""3s.3d""","=""3D""","=""2""","=""3s.7f""","=""3F*""","=""2""",5,5,,"=""T6298c4,LS""","=""L4575""",
Al,2,"=""209.5140""","=""209.5138""","=""200""","=""1.55e+08""",C+,"=""95551.44""","=""143265.83""","=""3s.3d""","=""3D""","=""1""","=""3s.7f""","=""3F*""","=""2""",3,5,,"=""T6298c4,LS""","=""L4575""",
Al,1,"=""211.8312""","=""211.83160""","=""g,a""","=""1.03e+07""",C,"=""0.000""","=""47192.38""","=""3s2.3p""","=""2P*""","=""1/2""","=""3s2.10d""","=""2D""","=""3/2""",2,4,,"=""T6527c4,LS""","=""L99""",
Al,1,"=""""","=""212.33586""","=""""","=""2.0e+06""",D,"=""112.061""","=""47192.38""","=""3s2.3p""","=""2P*""","=""3/2""","=""3s2.10d""","=""2D""","=""3/2""",4,4,,"=""T6527c4,LS""","=""""",
Al,1,"=""212.3362""","=""212.33586""","=""1g""","=""1.22e+07""",C,"=""112.061""","=""47192.38""","=""3s2.3p""","=""2P*""","=""3/2""","=""3s2.10d""","=""2D""","=""5/2""",4,6,,"=""T6527c4,LS""","=""L4737""",
Al,1,"=""212.9663""","=""212.96627""","=""1g""","=""1.52e+07""",C,"=""0.000""","=""46940.97""","=""3s2.3p""","=""2P*""","=""1/2""","=""3s2.9d""","=""2D""","=""3/2""",2,4,,"=""T6527c4,LS""","=""L4737""",
Al,1,"=""213.4733""","=""213.47331""","=""2g""","=""1.81e+07""",C,"=""112.061""","=""46941.55""","=""3s2.3p""","=""2P*""","=""3/2""","=""3s2.9d""","=""2D""","=""5/2""",4,6,,"=""T6527c4,LS""","=""L4737""",
Al,1,"=""""","=""213.47596""","=""""","=""3.0e+06""",D,"=""112.061""","=""46940.97""","=""3s2.3p""","=""2P*""","=""3/2""","=""3s2.9d""","=""2D""","=""3/2""",4,4,,"=""T6527c4,LS""","=""""",
Al,1,"=""214.5555""","=""214.55548""","=""3g""","=""2.06e+07""",C,"=""0.000""","=""46593.32""","=""3s2.3p""","=""2P*""","=""1/2""","=""3s2.8d""","=""2D""","=""3/2""",2,4,,"=""u36,LS""","=""L4737""",
Al,1,"=""215.0699""","=""215.06989""","=""5g""","=""2.46e+07""",C,"=""112.061""","=""46593.95""","=""3s2.3p""","=""2P*""","=""3/2""","=""3s2.8d""","=""2D""","=""5/2""",4,6,,"=""u36,LS""","=""L4737""",
Al,1,"=""""","=""215.07280""","=""""","=""4.09e+06""",E,"=""112.061""","=""46593.32""","=""3s2.3p""","=""2P*""","=""3/2""","=""3s2.8d""","=""2D""","=""3/2""",4,4,,"=""u36,LS""","=""""",
Al,3,"=""""","=""216.7356""","=""*""","=""5.14e+04""",C+,"=""167612.75""","=""213737.44""","=""2p6.4f""","=""2F*""","=""5/2""","=""2p6.8d""","=""2D""","=""5/2""",6,6,,"=""c32""","=""""",
Al,3,"=""""","=""216.7356""","=""*""","=""1.08e+06""",B+,"=""167612.75""","=""213737.44""","=""2p6.4f""","=""2F*""","=""5/2""","=""2p6.8d""","=""2D""","=""3/2""",6,4,,"=""c32""","=""""",
Al,3,"=""""","=""216.7385""","=""""","=""1.03e+06""",B+,"=""167613.37""","=""213737.44""","=""2p6.4f""","=""2F*""","=""7/2""","=""2p6.8d""","=""2D""","=""5/2""",8,6,,"=""c32""","=""""",
Al,1,"=""216.8805""","=""216.88265""","=""1g""","=""2.96e+07""",C,"=""0.000""","=""46093.424""","=""3s2.3p""","=""2P*""","=""1/2""","=""3s2.7d""","=""2D""","=""3/2""",2,4,,"=""u36,LS""","=""L3514""",
Al,1,"=""217.4028""","=""217.40707""","=""1g""","=""3.53e+07""",C,"=""112.061""","=""46094.312""","=""3s2.3p""","=""2P*""","=""3/2""","=""3s2.7d""","=""2D""","=""5/2""",4,6,,"=""u36,LS""","=""L3514""",
Al,1,"=""""","=""217.41127""","=""""","=""5.88e+06""",E,"=""112.061""","=""46093.424""","=""3s2.3p""","=""2P*""","=""3/2""","=""3s2.7d""","=""2D""","=""3/2""",4,4,,"=""u36,LS""","=""""",
Al,2,"=""219.2604""","=""219.2604""","=""500""","=""2.47e+08""",C+,"=""95549.42""","=""141143.05""","=""3s.3d""","=""3D""","=""3""","=""3p.3d""","=""3F*""","=""4""",7,9,,"=""T6298c4,LS""","=""L4575""",
Al,2,"=""219.4189""","=""219.4191""","=""20""","=""2.74e+07""",C,"=""95549.42""","=""141110.06""","=""3s.3d""","=""3D""","=""3""","=""3p.3d""","=""3F*""","=""3""",7,7,,"=""T6298c4,LS""","=""L4575""",
Al,2,"=""219.4245""","=""219.4244""","=""70""","=""2.19e+08""",C+,"=""95550.51""","=""141110.06""","=""3s.3d""","=""3D""","=""2""","=""3p.3d""","=""3F*""","=""3""",5,7,,"=""T6298c4,LS""","=""L4575""",
Al,2,"=""""","=""219.5404""","=""""","=""1.08e+06""",E,"=""95549.42""","=""141084.89""","=""3s.3d""","=""3D""","=""3""","=""3p.3d""","=""3F*""","=""2""",7,5,,"=""T6298c4,LS""","=""""",
Al,2,"=""219.5456""","=""219.5457""","=""300""","=""3.83e+07""",C,"=""95550.51""","=""141084.89""","=""3s.3d""","=""3D""","=""2""","=""3p.3d""","=""3F*""","=""2""",5,5,,"=""T6298c4,LS""","=""L4575""",
Al,2,"=""219.5502""","=""219.5502""","=""300""","=""2.07e+08""",C+,"=""95551.44""","=""141084.89""","=""3s.3d""","=""3D""","=""1""","=""3p.3d""","=""3F*""","=""2""",3,5,,"=""T6298c4,LS""","=""L4575""",
Al,1,"=""219.9150""","=""219.91827""","=""1g""","=""1.75e+06""",C,"=""0.000""","=""45457.244""","=""3s2.3p""","=""2P*""","=""1/2""","=""3s2.8s""","=""2S""","=""1/2""",2,2,,"=""T6527c4,LS""","=""L3514""",
Al,1,"=""220.4590""","=""220.46181""","=""2g""","=""3.49e+06""",C,"=""112.061""","=""45457.244""","=""3s2.3p""","=""2P*""","=""3/2""","=""3s2.8s""","=""2S""","=""1/2""",4,2,,"=""T6527c4,LS""","=""L3514""",
Al,1,"=""220.4660""","=""220.46676""","=""2g""","=""4.37e+07""",C+,"=""0.000""","=""45344.165""","=""3s2.3p""","=""2P*""","=""1/2""","=""3s2.6d""","=""2D""","=""3/2""",2,4,,"=""u36,LS""","=""L3514""",
Al,3,"=""220.966""","=""220.9508""","=""1d""","=""1.46e+07""",A,"=""143633.38""","=""188878.22""","=""2p6.4p""","=""2P*""","=""1/2""","=""2p6.5d""","=""2D""","=""3/2""",2,4,,"=""c32""","=""L3473""",
Al,1,"=""221.0046""","=""221.00603""","=""2g""","=""5.20e+07""",C+,"=""112.061""","=""45345.594""","=""3s2.3p""","=""2P*""","=""3/2""","=""3s2.6d""","=""2D""","=""5/2""",4,6,,"=""u36,LS""","=""L3514""",
Al,1,"=""""","=""221.01301""","=""""","=""8.67e+06""",C+,"=""112.061""","=""45344.165""","=""3s2.3p""","=""2P*""","=""3/2""","=""3s2.6d""","=""2D""","=""3/2""",4,4,,"=""u36,LS""","=""""",
Al,3,"=""221.356""","=""221.3428""","=""2d*""","=""2.82e+06""",A,"=""143713.50""","=""188878.22""","=""2p6.4p""","=""2P*""","=""3/2""","=""2p6.5d""","=""2D""","=""3/2""",4,4,,"=""c32""","=""L3473""",
Al,3,"=""221.356""","=""221.3460""","=""2d*""","=""1.69e+07""",A,"=""143713.50""","=""188877.57""","=""2p6.4p""","=""2P*""","=""3/2""","=""2p6.5d""","=""2D""","=""5/2""",4,6,,"=""c32""","=""L3473""",
Al,2,"=""224.3045""","=""224.3047""","=""300""","=""3.03e+07""",C+,"=""95350.60""","=""139918.98""","=""3s.4s""","=""1S""","=""0""","=""3s.7p""","=""1P*""","=""1""",1,3,,"=""T6533""","=""L4575""",
Al,1,"=""225.7999""","=""225.80070""","=""2g""","=""3.77e+06""",C,"=""0.000""","=""44273.133""","=""3s2.3p""","=""2P*""","=""1/2""","=""3s2.7s""","=""2S""","=""1/2""",2,2,,"=""T6527c4,LS""","=""L3514""",
Al,1,"=""226.3462""","=""226.34644""","=""4g""","=""6.83e+07""",B,"=""0.000""","=""44166.398""","=""3s2.3p""","=""2P*""","=""1/2""","=""3s2.5d""","=""2D""","=""3/2""",2,4,,"=""T5653""","=""L3514""",
Al,1,"=""226.3731""","=""226.37374""","=""2g""","=""7.5e+06""",C,"=""112.061""","=""44273.133""","=""3s2.3p""","=""2P*""","=""3/2""","=""3s2.7s""","=""2S""","=""1/2""",4,2,,"=""T6527c4,LS""","=""L3514""",
Al,1,"=""226.9096""","=""226.90963""","=""4g""","=""7.58e+07""",B,"=""112.061""","=""44168.847""","=""3s2.3p""","=""2P*""","=""3/2""","=""3s2.5d""","=""2D""","=""5/2""",4,6,,"=""u36,T5653,LS""","=""L3514""",
Al,1,"=""226.9220""","=""226.92225""","=""2g""","=""1.26e+07""",C+,"=""112.061""","=""44166.398""","=""3s2.3p""","=""2P*""","=""3/2""","=""3s2.5d""","=""2D""","=""3/2""",4,4,,"=""T5653LS""","=""L3514""",
Al,3,"=""229.947""","=""229.9362""","=""3d*""","=""4.44e+06""",A,"=""165786.32""","=""209263.25""","=""2p6.4d""","=""2D""","=""5/2""","=""2p6.7f""","=""2F*""","=""5/2""",6,6,,"=""c32""","=""L3473""",
Al,3,"=""229.947""","=""229.9362""","=""3d*""","=""6.66e+07""",A,"=""165786.32""","=""209263.25""","=""2p6.4d""","=""2D""","=""5/2""","=""2p6.7f""","=""2F*""","=""7/2""",6,8,,"=""c32""","=""L3473""",
Al,3,"=""229.947""","=""229.9425""","=""3d*""","=""6.22e+07""",A,"=""165787.51""","=""209263.25""","=""2p6.4d""","=""2D""","=""3/2""","=""2p6.7f""","=""2F*""","=""5/2""",4,6,,"=""c32""","=""L3473""",
Al,2,"=""232.4199""","=""232.4198""","=""350""","=""3.46e+07""",C+,"=""95549.42""","=""138561.8""","=""3s.3d""","=""3D""","=""3""","=""3s.6f""","=""3F*""","=""4""",7,9,,"=""T6298c4,LS""","=""L4575""",
Al,2,"=""232.5436""","=""232.5437""","=""10""","=""3.85e+06""",C,"=""95549.42""","=""138538.9""","=""3s.3d""","=""3D""","=""3""","=""3s.6f""","=""3F*""","=""3""",7,7,,"=""T6298c4,LS""","=""L4575""",
Al,2,"=""232.5494""","=""232.5496""","=""300""","=""3.07e+07""",C+,"=""95550.51""","=""138538.9""","=""3s.3d""","=""3D""","=""2""","=""3s.6f""","=""3F*""","=""3""",5,7,,"=""T6298c4,LS""","=""L4575""",
Al,2,"=""""","=""232.6384""","=""""","=""1.52e+05""",E,"=""95549.42""","=""138521.4""","=""3s.3d""","=""3D""","=""3""","=""3s.6f""","=""3F*""","=""2""",7,5,,"=""T6298c4,LS""","=""""",
Al,2,"=""232.6445""","=""232.6443""","=""10""","=""5.38e+06""",C,"=""95550.51""","=""138521.4""","=""3s.3d""","=""3D""","=""2""","=""3s.6f""","=""3F*""","=""2""",5,5,,"=""T6298c4,LS""","=""L4575""",
Al,2,"=""232.6496""","=""232.6493""","=""300""","=""2.90e+07""",C+,"=""95551.44""","=""138521.4""","=""3s.3d""","=""3D""","=""1""","=""3s.6f""","=""3F*""","=""2""",3,5,,"=""T6298c4,LS""","=""L4575""",
Al,1,"=""236.7052""","=""236.70518""","=""8g""","=""7.61e+07""",C+,"=""0.000""","=""42233.742""","=""3s2.3p""","=""2P*""","=""1/2""","=""3s2.4d""","=""2D""","=""3/2""",2,4,,"=""u36,LS""","=""L3514""",
Al,1,"=""237.2070""","=""237.20695""","=""3g""","=""5.76e+06""",C,"=""0.000""","=""42144.411""","=""3s2.3p""","=""2P*""","=""1/2""","=""3s2.6s""","=""2S""","=""1/2""",2,2,,"=""u36,LS""","=""L4737""",
Al,1,"=""237.3124""","=""237.31220""","=""8g""","=""9.07e+07""",B,"=""112.061""","=""42237.783""","=""3s2.3p""","=""2P*""","=""3/2""","=""3s2.4d""","=""2D""","=""5/2""",4,6,,"=""u36,LS""","=""L3514""",
Al,1,"=""237.3349""","=""237.33497""","=""2g""","=""1.51e+07""",C+,"=""112.061""","=""42233.742""","=""3s2.3p""","=""2P*""","=""3/2""","=""3s2.4d""","=""2D""","=""3/2""",4,4,,"=""u36,LS""","=""L3514""",
Al,1,"=""237.8368""","=""237.83941""","=""3g""","=""1.14e+07""",C+,"=""112.061""","=""42144.411""","=""3s2.3p""","=""2P*""","=""3/2""","=""3s2.6s""","=""2S""","=""1/2""",4,2,,"=""u36,LS""","=""L3514""",
Al,3,"=""242.244""","=""242.2386""","=""1*""","=""8.48e+04""",B,"=""167612.75""","=""208881.83""","=""2p6.4f""","=""2F*""","=""5/2""","=""2p6.7d""","=""2D""","=""5/2""",6,6,,"=""c32""","=""L3473""",
Al,3,"=""242.244""","=""242.2386""","=""1*""","=""1.78e+06""",B+,"=""167612.75""","=""208881.83""","=""2p6.4f""","=""2F*""","=""5/2""","=""2p6.7d""","=""2D""","=""3/2""",6,4,,"=""c32""","=""L3473""",
Al,3,"=""242.244""","=""242.2422""","=""1*""","=""1.70e+06""",B+,"=""167613.37""","=""208881.83""","=""2p6.4f""","=""2F*""","=""7/2""","=""2p6.7d""","=""2D""","=""5/2""",8,6,,"=""c32""","=""L3473""",
Al,2,"=""247.5252""","=""247.5256""","=""1500""","=""4.60e+07""",C+,"=""85481.35""","=""125869.015""","=""3p2""","=""1D""","=""2""","=""3s.5p""","=""1P*""","=""1""",5,3,,"=""T6533""","=""L4575""",
Al,3,"=""""","=""252.4401""","=""""","=""1.01e+07""",A,"=""165786.32""","=""205387.77""","=""2p6.4d""","=""2D""","=""5/2""","=""2p6.7p""","=""2P*""","=""3/2""",6,4,,"=""c32""","=""""",
Al,3,"=""""","=""252.4477""","=""""","=""1.12e+06""",B+,"=""165787.51""","=""205387.77""","=""2p6.4d""","=""2D""","=""3/2""","=""2p6.7p""","=""2P*""","=""3/2""",4,4,,"=""c32""","=""""",
Al,3,"=""""","=""252.5244""","=""""","=""1.12e+07""",A,"=""165787.51""","=""205375.74""","=""2p6.4d""","=""2D""","=""3/2""","=""2p6.7p""","=""2P*""","=""1/2""",4,2,,"=""c32""","=""""",
Al,2,"=""252.6486""","=""252.6484""","=""1000""","=""1.94e+07""",C+,"=""95350.60""","=""134919.40""","=""3s.4s""","=""1S""","=""0""","=""3s.6p""","=""1P*""","=""1""",1,3,,"=""T6533""","=""L4575""",
Al,1,"=""256.7984""","=""256.79823""","=""10g""","=""1.92e+07""",B,"=""0.000""","=""38929.413""","=""3s2.3p""","=""2P*""","=""1/2""","=""3s2.nd""","=""y 2D""","=""3/2""",2,4,,"=""T5653""","=""L3514""",
Al,1,"=""257.5094""","=""257.50940""","=""10g""","=""3.60e+07""",C+,"=""112.061""","=""38933.968""","=""3s2.3p""","=""2P*""","=""3/2""","=""3s2.nd""","=""y 2D""","=""5/2""",4,6,,"=""u36,T5653,LS""","=""L3514""",
Al,1,"=""257.5393""","=""257.53962""","=""3g""","=""5.99e+06""",C+,"=""112.061""","=""38929.413""","=""3s2.3p""","=""2P*""","=""3/2""","=""3s2.nd""","=""y 2D""","=""3/2""",4,4,,"=""T5653LS""","=""L3514""",
Al,2,"=""263.1546""","=""263.1546""","=""100""","=""2.48e+08""",B+,"=""85481.35""","=""123470.5""","=""3p2""","=""1D""","=""2""","=""3s.4f""","=""1F*""","=""3""",5,7,,"=""T6533""","=""L4575""",
Al,2,"=""263.7689""","=""263.7691""","=""3000""","=""2.85e+07""",C+,"=""95549.42""","=""133450.07""","=""3s.3d""","=""3D""","=""3""","=""3s.5f""","=""3F*""","=""4""",7,9,,"=""T6298c4,LS""","=""L4575""",
Al,2,"=""263.8178""","=""263.8178""","=""1000""","=""3.18e+06""",C+,"=""95549.42""","=""133443.08""","=""3s.3d""","=""3D""","=""3""","=""3s.5f""","=""3F*""","=""3""",7,7,,"=""T6298c4,LS""","=""L4575""",
Al,2,"=""263.8255""","=""263.8254""","=""2500""","=""2.53e+07""",C+,"=""95550.51""","=""133443.08""","=""3s.3d""","=""3D""","=""2""","=""3s.5f""","=""3F*""","=""3""",5,7,,"=""T6298c4,LS""","=""L4575""",
Al,2,"=""""","=""263.8552""","=""""","=""1.25e+05""",E,"=""95549.42""","=""133437.71""","=""3s.3d""","=""3D""","=""3""","=""3s.5f""","=""3F*""","=""2""",7,5,,"=""T6298c4,LS""","=""""",
Al,2,"=""263.8627""","=""263.8628""","=""500""","=""4.44e+06""",C+,"=""95550.51""","=""133437.71""","=""3s.3d""","=""3D""","=""2""","=""3s.5f""","=""3F*""","=""2""",5,5,,"=""T6298c4,LS""","=""L4575""",
Al,2,"=""263.8690""","=""263.8692""","=""2000""","=""2.40e+07""",C+,"=""95551.44""","=""133437.71""","=""3s.3d""","=""3D""","=""1""","=""3s.5f""","=""3F*""","=""2""",3,5,,"=""T6298c4,LS""","=""L4575""",
Al,1,"=""265.2484""","=""265.24758""","=""10g""","=""1.42e+07""",B,"=""0.000""","=""37689.407""","=""3s2.3p""","=""2P*""","=""1/2""","=""3s2.5s""","=""2S""","=""1/2""",2,2,,"=""T7365""","=""L3514""",
Al,2,"=""""","=""266.0355""","=""""","=""3.35e-03""",A+,"=""0.00""","=""37577.79""","=""2p6.3s2""","=""1S""","=""0""","=""3s.3p""","=""3P*""","=""2""",1,5,M2,"=""c41""","=""""",
Al,1,"=""266.0393""","=""266.03863""","=""10g""","=""2.84e+07""",B,"=""112.061""","=""37689.407""","=""3s2.3p""","=""2P*""","=""3/2""","=""3s2.5s""","=""2S""","=""1/2""",4,2,,"=""T7365""","=""L3514""",
Al,2,"=""266.9157""","=""266.9155""","=""2500g""","=""3.28e+03""",A+,"=""0.00""","=""37453.91""","=""2p6.3s2""","=""1S""","=""0""","=""3s.3p""","=""3P*""","=""1""",1,3,,"=""T6947""","=""L4575""",
Al,3,"=""276.2815""","=""276.2772""","=""9d*""","=""7.47e+06""",A,"=""165786.32""","=""201971.16""","=""2p6.4d""","=""2D""","=""5/2""","=""2p6.6f""","=""2F*""","=""5/2""",6,6,,"=""c32""","=""L3473""",
Al,3,"=""276.2815""","=""276.2772""","=""9d*""","=""1.12e+08""",A+,"=""165786.32""","=""201971.16""","=""2p6.4d""","=""2D""","=""5/2""","=""2p6.6f""","=""2F*""","=""7/2""",6,8,,"=""c32""","=""L3473""",
Al,3,"=""276.2815""","=""276.2863""","=""9d*""","=""1.05e+08""",A+,"=""165787.51""","=""201971.16""","=""2p6.4d""","=""2D""","=""3/2""","=""2p6.6f""","=""2F*""","=""5/2""",4,6,,"=""c32""","=""L3473""",
Al,2,"=""281.6185""","=""281.6185""","=""4000""","=""3.57e+08""",A,"=""59852.02""","=""95350.60""","=""3s.3p""","=""1P*""","=""1""","=""3s.4s""","=""1S""","=""0""",3,1,,"=""c47,u24""","=""L4575""",
Al,3,"=""""","=""283.1706""","=""""","=""7.15e+05""",B+,"=""178433.43""","=""213737.44""","=""2p6.5p""","=""2P*""","=""1/2""","=""2p6.8d""","=""2D""","=""3/2""",2,4,,"=""c32""","=""""",
Al,3,"=""""","=""283.4669""","=""*""","=""1.35e+05""",B,"=""178470.32""","=""213737.44""","=""2p6.5p""","=""2P*""","=""3/2""","=""2p6.8d""","=""2D""","=""3/2""",4,4,,"=""c32""","=""""",
Al,3,"=""""","=""283.4669""","=""*""","=""8.13e+05""",B+,"=""178470.32""","=""213737.44""","=""2p6.5p""","=""2P*""","=""3/2""","=""2p6.8d""","=""2D""","=""5/2""",4,6,,"=""c32""","=""""",
Al,3,"=""""","=""287.6819""","=""""","=""9.61e+05""",B+,"=""170637.35""","=""205387.77""","=""2p6.5s""","=""2S""","=""1/2""","=""2p6.7p""","=""2P*""","=""3/2""",2,4,,"=""c32""","=""""",
Al,3,"=""""","=""287.7815""","=""""","=""1.03e+06""",B+,"=""170637.35""","=""205375.74""","=""2p6.5s""","=""2S""","=""1/2""","=""2p6.7p""","=""2P*""","=""1/2""",2,2,,"=""c32""","=""""",
Al,3,"=""""","=""296.1005""","=""""","=""1.58e+05""",B+,"=""167612.75""","=""201375.20""","=""2p6.4f""","=""2F*""","=""5/2""","=""2p6.6d""","=""2D""","=""5/2""",6,6,,"=""c32""","=""""",
Al,3,"=""296.106""","=""296.0974""","=""2*""","=""3.33e+06""",A,"=""167612.75""","=""201375.56""","=""2p6.4f""","=""2F*""","=""5/2""","=""2p6.6d""","=""2D""","=""3/2""",6,4,,"=""c32""","=""L3473""",
Al,3,"=""296.106""","=""296.1060""","=""2*""","=""3.17e+06""",A,"=""167613.37""","=""201375.20""","=""2p6.4f""","=""2F*""","=""7/2""","=""2p6.6d""","=""2D""","=""5/2""",8,6,,"=""c32""","=""L3473""",
Al,2,"=""299.4277""","=""299.4273""","=""50""","=""4.04e+06""",C,"=""105427.52""","=""138814.87""","=""3s.4p""","=""3P*""","=""0""","=""3s.6d""","=""3D""","=""1""",1,3,,"=""T6298c4,LS""","=""L4575""",
Al,2,"=""299.5525""","=""299.5528""","=""400""","=""5.44e+06""",C+,"=""105441.50""","=""138814.87""","=""3s.4p""","=""3P*""","=""1""","=""3s.6d""","=""3D""","=""2""",3,5,,"=""T6298c4,LS""","=""L4575""",
Al,2,"=""""","=""299.5528""","=""""","=""3.03e+06""",C,"=""105441.50""","=""138814.87""","=""3s.4p""","=""3P*""","=""1""","=""3s.6d""","=""3D""","=""1""",3,3,,"=""T6298c4,LS""","=""""",
Al,2,"=""299.8150""","=""299.8149""","=""500""","=""7.26e+06""",C+,"=""105470.93""","=""138815.12""","=""3s.4p""","=""3P*""","=""2""","=""3s.6d""","=""3D""","=""3""",5,7,,"=""T6298c4,LS""","=""L4575""",
Al,2,"=""""","=""299.8172""","=""""","=""2.01e+05""",D,"=""105470.93""","=""138814.87""","=""3s.4p""","=""3P*""","=""2""","=""3s.6d""","=""3D""","=""1""",5,3,,"=""T6298c4,LS""","=""""",
Al,2,"=""""","=""299.8172""","=""""","=""1.81e+06""",C,"=""105470.93""","=""138814.87""","=""3s.4p""","=""3P*""","=""2""","=""3s.6d""","=""3D""","=""2""",5,5,,"=""T6298c4,LS""","=""""",
Al,2,"=""302.2789""","=""302.2792""","=""15""","=""2.68e+06""",E,"=""105427.52""","=""138499.89""","=""3s.4p""","=""3P*""","=""0""","=""3s.7s""","=""3S""","=""1""",1,3,,"=""T6298c4,LS""","=""L4575""",
Al,2,"=""302.4077""","=""302.4070""","=""200""","=""8.02e+06""",D,"=""105441.50""","=""138499.89""","=""3s.4p""","=""3P*""","=""1""","=""3s.7s""","=""3S""","=""1""",3,3,,"=""T6298c4,LS""","=""L4575""",
Al,2,"=""302.6761""","=""302.6765""","=""500""","=""1.33e+07""",C,"=""105470.93""","=""138499.89""","=""3s.4p""","=""3P*""","=""2""","=""3s.7s""","=""3S""","=""1""",5,3,,"=""T6298c4,LS""","=""L4575""",
Al,2,"=""307.4691""","=""307.4684""","=""750""","=""9.02e+06""",C,"=""110089.83""","=""142604.05""","=""3s.3d""","=""1D""","=""2""","=""3s.7f""","=""1F*""","=""3""",5,7,,"=""T6533""","=""L4575""",
Al,1,"=""308.21529""","=""308.21510""","=""24g""","=""5.87e+07""",B+,"=""0.000""","=""32435.453""","=""3s2.3p""","=""2P*""","=""1/2""","=""3s2.3d""","=""2D""","=""3/2""",2,4,,"=""c40,T5653""","=""L4737""",
Al,2,"=""308.8516""","=""308.8518""","=""800""","=""1.08e+07""",B,"=""106920.56""","=""139289.15""","=""3s.4p""","=""1P*""","=""1""","=""3s.6d""","=""1D""","=""2""",3,5,,"=""T6533""","=""L4575""",
Al,1,"=""309.27099""","=""309.27084""","=""26g""","=""7.29e+07""",B+,"=""112.061""","=""32436.796""","=""3s2.3p""","=""2P*""","=""3/2""","=""3s2.3d""","=""2D""","=""5/2""",4,6,,"=""c40,T7070""","=""L4737""",
Al,1,"=""309.28386""","=""309.28369""","=""20g""","=""1.16e+07""",B,"=""112.061""","=""32435.453""","=""3s2.3p""","=""2P*""","=""3/2""","=""3s2.3d""","=""2D""","=""3/2""",4,4,,"=""c40""","=""L4737""",
Al,3,"=""318.0111""","=""318.0100""","=""3d""","=""1.04e+07""",A,"=""178433.43""","=""209869.89""","=""2p6.5p""","=""2P*""","=""1/2""","=""2p6.8s""","=""2S""","=""1/2""",2,2,,"=""c32""","=""L277""",
Al,3,"=""318.3824""","=""318.3836""","=""4d""","=""2.08e+07""",A,"=""178470.32""","=""209869.89""","=""2p6.5p""","=""2P*""","=""3/2""","=""2p6.8s""","=""2S""","=""1/2""",4,2,,"=""c32""","=""L277""",
Al,2,"=""327.5767""","=""327.5766""","=""80""","=""7.41e+06""",C+,"=""95350.60""","=""125869.015""","=""3s.4s""","=""1S""","=""0""","=""3s.5p""","=""1P*""","=""1""",1,3,,"=""T6533""","=""L4575""",
Al,3,"=""328.3316""","=""328.3299""","=""2d""","=""1.99e+06""",B+,"=""178433.43""","=""208881.83""","=""2p6.5p""","=""2P*""","=""1/2""","=""2p6.7d""","=""2D""","=""3/2""",2,4,,"=""c32""","=""L277""",
Al,3,"=""""","=""328.7282""","=""""","=""3.82e+05""",B+,"=""178470.32""","=""208881.83""","=""2p6.5p""","=""2P*""","=""3/2""","=""2p6.7d""","=""2D""","=""3/2""",4,4,,"=""c32""","=""""",
Al,3,"=""328.7302""","=""328.7282""","=""3d""","=""2.29e+06""",A,"=""178470.32""","=""208881.83""","=""2p6.5p""","=""2P*""","=""3/2""","=""2p6.7d""","=""2D""","=""5/2""",4,6,,"=""c32""","=""L277""",
Al,2,"=""331.3344""","=""331.3346""","=""80""","=""1.33e+06""",C,"=""95549.42""","=""125721.703""","=""3s.3d""","=""3D""","=""3""","=""3s.5p""","=""3P*""","=""2""",7,5,,"=""T6298c4,LS""","=""L3515""",
Al,2,"=""331.3470""","=""331.3466""","=""2""","=""2.37e+05""",D,"=""95550.51""","=""125721.703""","=""3s.3d""","=""3D""","=""2""","=""3s.5p""","=""3P*""","=""2""",5,5,,"=""T6298c4,LS""","=""L3515""",
Al,2,"=""""","=""331.3568""","=""""","=""1.58e+04""",E,"=""95551.44""","=""125721.703""","=""3s.3d""","=""3D""","=""1""","=""3s.5p""","=""3P*""","=""2""",3,5,,"=""T6298c4,LS""","=""""",
Al,2,"=""331.4883""","=""331.4881""","=""40""","=""1.18e+06""",C,"=""95550.51""","=""125708.828""","=""3s.3d""","=""3D""","=""2""","=""3s.5p""","=""3P*""","=""1""",5,3,,"=""T6298c4,LS""","=""L3515""",
Al,2,"=""331.4981""","=""331.4983""","=""1""","=""3.94e+05""",D,"=""95551.44""","=""125708.828""","=""3s.3d""","=""3D""","=""1""","=""3s.5p""","=""3P*""","=""1""",3,3,,"=""T6298c4,LS""","=""L3515""",
Al,2,"=""331.5608""","=""331.5608""","=""10""","=""1.58e+06""",D,"=""95551.44""","=""125703.14""","=""3s.3d""","=""3D""","=""1""","=""3s.5p""","=""3P*""","=""0""",3,1,,"=""T6298c4,LS""","=""L3515""",
Al,3,"=""334.8517""","=""334.8513""","=""9""","=""1.88e+07""",A+,"=""165786.32""","=""195641.74""","=""2p6.4d""","=""2D""","=""5/2""","=""2p6.6p""","=""2P*""","=""3/2""",6,4,,"=""c32""","=""L277""",
Al,3,"=""""","=""334.8646""","=""""","=""2.08e+06""",A,"=""165787.51""","=""195641.74""","=""2p6.4d""","=""2D""","=""3/2""","=""2p6.6p""","=""2P*""","=""3/2""",4,4,,"=""c32""","=""""",
Al,3,"=""335.0885""","=""335.0894""","=""8""","=""2.07e+07""",A+,"=""165787.51""","=""195621.72""","=""2p6.4d""","=""2D""","=""3/2""","=""2p6.6p""","=""2P*""","=""1/2""",4,2,,"=""c32""","=""L277""",
Al,2,"=""335.1462""","=""335.1462""","=""50""","=""1.04e+07""",C,"=""110089.83""","=""139918.98""","=""3s.3d""","=""1D""","=""2""","=""3s.7p""","=""1P*""","=""1""",5,3,,"=""T6533""","=""L4575""",
Al,2,"=""342.8894""","=""342.8900""","=""30""","=""5.78e+06""",C+,"=""110089.83""","=""139245.343""","=""3s.3d""","=""1D""","=""2""","=""3s.6f""","=""1F*""","=""3""",5,7,,"=""T6533""","=""L4575""",
Al,3,"=""""","=""352.4869""","=""""","=""1.07e+06""",B+,"=""188877.57""","=""217239.31""","=""2p6.5d""","=""2D""","=""5/2""","=""2p6.9f""","=""2F*""","=""5/2""",6,6,,"=""c32""","=""""",
Al,3,"=""""","=""352.4869""","=""""","=""1.61e+07""",A,"=""188877.57""","=""217239.31""","=""2p6.5d""","=""2D""","=""5/2""","=""2p6.9f""","=""2F*""","=""7/2""",6,8,,"=""c32""","=""""",
Al,3,"=""""","=""352.4950""","=""""","=""1.50e+07""",A,"=""188878.22""","=""217239.31""","=""2p6.5d""","=""2D""","=""3/2""","=""2p6.9f""","=""2F*""","=""5/2""",4,6,,"=""c32""","=""""",
Al,2,"=""353.4856""","=""353.4851""","=""5""","=""8.11e+05""",C,"=""111637.33""","=""139918.98""","=""3p2""","=""1S""","=""0""","=""3s.7p""","=""1P*""","=""1""",1,3,,"=""T6533""","=""L4575""",
Al,2,"=""358.6557""","=""358.6557""","=""200""","=""2.35e+08""",A,"=""95549.42""","=""123423.36""","=""3s.3d""","=""3D""","=""3""","=""3s.4f""","=""3F*""","=""4""",7,9,,"=""T6298c4,LS""","=""L3515""",
Al,2,"=""358.6920""","=""358.6931""","=""75hfs""","=""2.62e+07""",B,"=""95549.42""","=""123420.45""","=""3s.3d""","=""3D""","=""3""","=""3s.4f""","=""3F*""","=""3""",7,7,,"=""T6298c4,LS""","=""L3515c150""",
Al,2,"=""358.7068""","=""358.7072""","=""100""","=""2.09e+08""",B+,"=""95550.51""","=""123420.45""","=""3s.3d""","=""3D""","=""2""","=""3s.4f""","=""3F*""","=""3""",5,7,,"=""T6298c4,LS""","=""L3515""",
Al,2,"=""358.7185""","=""358.7185""","=""15hfs""","=""1.03e+06""",C,"=""95549.42""","=""123418.48""","=""3s.3d""","=""3D""","=""3""","=""3s.4f""","=""3F*""","=""2""",7,5,,"=""T6298c4,LS""","=""L3515c150""",
Al,2,"=""358.7330""","=""358.7325""","=""80hfs""","=""3.66e+07""",B,"=""95550.51""","=""123418.48""","=""3s.3d""","=""3D""","=""2""","=""3s.4f""","=""3F*""","=""2""",5,5,,"=""T6298c4,LS""","=""L3515c150""",
Al,2,"=""358.7450""","=""358.7445""","=""70""","=""1.97e+08""",B+,"=""95551.44""","=""123418.48""","=""3s.3d""","=""3D""","=""1""","=""3s.4f""","=""3F*""","=""2""",3,5,,"=""T6298c4,LS""","=""L4575""",
Al,3,"=""360.1628""","=""360.1630""","=""14""","=""1.31e+08""",A+,"=""115956.21""","=""143713.50""","=""2p6.3d""","=""2D""","=""5/2""","=""2p6.4p""","=""2P*""","=""3/2""",6,4,,"=""c32""","=""L277""",
Al,3,"=""360.1926""","=""360.1927""","=""11""","=""1.46e+07""",A+,"=""115958.50""","=""143713.50""","=""2p6.3d""","=""2D""","=""3/2""","=""2p6.4p""","=""2P*""","=""3/2""",4,4,,"=""c32""","=""L277""",
Al,3,"=""361.2356""","=""361.2355""","=""13""","=""1.45e+08""",A+,"=""115958.50""","=""143633.38""","=""2p6.3d""","=""2D""","=""3/2""","=""2p6.4p""","=""2P*""","=""1/2""",4,2,,"=""c32""","=""L277""",
Al,2,"=""364.9200""","=""364.9204""","=""15hfs""","=""1.26e+07""",C+,"=""105427.52""","=""132822.95""","=""3s.4p""","=""3P*""","=""0""","=""3s.5d""","=""3D""","=""1""",1,3,,"=""T6298c4,LS""","=""L3515c150""",
Al,2,"=""""","=""365.1067""","=""""","=""9.45e+06""",C+,"=""105441.50""","=""132822.95""","=""3s.4p""","=""3P*""","=""1""","=""3s.5d""","=""3D""","=""1""",3,3,,"=""T6298c4,LS""","=""""",
Al,2,"=""365.1078""","=""365.1087""","=""70hfs""","=""1.70e+07""",C+,"=""105441.50""","=""132822.80""","=""3s.4p""","=""3P*""","=""1""","=""3s.5d""","=""3D""","=""2""",3,5,,"=""T6298c4,LS""","=""L3515c150""",
Al,2,"=""365.4991""","=""365.5004""","=""85hfs""","=""2.26e+07""",B,"=""105470.93""","=""132822.89""","=""3s.4p""","=""3P*""","=""2""","=""3s.5d""","=""3D""","=""3""",5,7,,"=""T6298c4,LS""","=""L3515c150""",
Al,2,"=""""","=""365.4996""","=""""","=""6.28e+05""",C,"=""105470.93""","=""132822.95""","=""3s.4p""","=""3P*""","=""2""","=""3s.5d""","=""3D""","=""1""",5,3,,"=""T6298c4,LS""","=""""",
Al,2,"=""""","=""365.5016""","=""""","=""5.64e+06""",C+,"=""105470.93""","=""132822.80""","=""3s.4p""","=""3P*""","=""2""","=""3s.5d""","=""3D""","=""2""",5,5,,"=""T6298c4,LS""","=""""",
Al,3,"=""370.2106""","=""370.2106""","=""10""","=""1.13e+08""",A+,"=""143633.38""","=""170637.35""","=""2p6.4p""","=""2P*""","=""1/2""","=""2p6.5s""","=""2S""","=""1/2""",2,2,,"=""c32""","=""L277""",
Al,2,"=""370.3219""","=""370.3225""","=""30""","=""3.23e+07""",B+,"=""106920.56""","=""133916.368""","=""3s.4p""","=""1P*""","=""1""","=""3s.5d""","=""1D""","=""2""",3,5,,"=""T6533""","=""L4575""",
Al,3,"=""371.3123""","=""371.3123""","=""11""","=""2.27e+08""",A+,"=""143713.50""","=""170637.35""","=""2p6.4p""","=""2P*""","=""3/2""","=""2p6.5s""","=""2S""","=""1/2""",4,2,,"=""c32""","=""L277""",
Al,2,"=""373.1952""","=""373.1954""","=""10""","=""4.95e+06""",C+,"=""105427.52""","=""132215.517""","=""3s.4p""","=""3P*""","=""0""","=""3s.6s""","=""3S""","=""1""",1,3,,"=""T6298c4,LS""","=""L4575""",
Al,2,"=""373.3908""","=""373.3903""","=""20""","=""1.48e+07""",C+,"=""105441.50""","=""132215.517""","=""3s.4p""","=""3P*""","=""1""","=""3s.6s""","=""3S""","=""1""",3,3,,"=""T6298c4,LS""","=""L4575""",
Al,2,"=""373.8015""","=""373.8012""","=""50""","=""2.46e+07""",C+,"=""105470.93""","=""132215.517""","=""3s.4p""","=""3P*""","=""2""","=""3s.6s""","=""3S""","=""1""",5,3,,"=""T6298c4,LS""","=""L4575""",
Al,2,"=""386.6160""","=""386.6168""","=""8""","=""4.26e+07""",B,"=""106920.56""","=""132778.633""","=""3s.4p""","=""1P*""","=""1""","=""3s.6s""","=""1S""","=""0""",3,1,,"=""T6533""","=""L4575""",
Al,2,"=""390.0675""","=""390.0675""","=""100""","=""4.8e+05""",E,"=""59852.02""","=""85481.35""","=""3s.3p""","=""1P*""","=""1""","=""3p2""","=""1D""","=""2""",3,5,,"=""T6298c4""","=""L4575""",
Al,1,"=""394.40058""","=""394.40060""","=""24g""","=""4.99e+07""",B+,"=""0.000""","=""25347.756""","=""3s2.3p""","=""2P*""","=""1/2""","=""3s2.4s""","=""2S""","=""1/2""",2,2,,"=""c40,T7070""","=""L4737""",
Al,1,"=""396.15200""","=""396.15201""","=""26g""","=""9.85e+07""",B+,"=""112.061""","=""25347.756""","=""3s2.3p""","=""2P*""","=""3/2""","=""3s2.4s""","=""2S""","=""1/2""",4,2,,"=""c40""","=""L4737""",
Al,3,"=""""","=""398.0097""","=""""","=""1.55e+06""",A,"=""188877.57""","=""213995.48""","=""2p6.5d""","=""2D""","=""5/2""","=""2p6.8f""","=""2F*""","=""5/2""",6,6,,"=""c32""","=""""",
Al,3,"=""398.014""","=""398.0097""","=""5d*""","=""2.33e+07""",A+,"=""188877.57""","=""213995.48""","=""2p6.5d""","=""2D""","=""5/2""","=""2p6.8f""","=""2F*""","=""7/2""",6,8,,"=""c32""","=""L277""",
Al,3,"=""398.014""","=""398.0200""","=""5d*""","=""2.17e+07""",A,"=""188878.22""","=""213995.48""","=""2p6.5d""","=""2D""","=""3/2""","=""2p6.8f""","=""2F*""","=""5/2""",4,6,,"=""c32""","=""L277""",
Al,2,"=""399.5838""","=""399.5837""","=""40""","=""7.05e+06""",C,"=""121483.50""","=""146502.47""","=""3s.4d""","=""3D""","=""3""","=""3s.9f""","=""3F*""","=""4""",7,9,,"=""T6298c4,LS""","=""L4575""",
Al,2,"=""399.6075""","=""399.6074""","=""10""","=""7.85e+05""",E,"=""121483.50""","=""146500.99""","=""3s.4d""","=""3D""","=""3""","=""3s.9f""","=""3F*""","=""3""",7,7,,"=""T6298c4,LS""","=""L3471""",
Al,2,"=""399.6143""","=""399.6141""","=""30""","=""6.26e+06""",D,"=""121483.92""","=""146500.99""","=""3s.4d""","=""3D""","=""2""","=""3s.9f""","=""3F*""","=""3""",5,7,,"=""T6298c4,LS""","=""L4575""",
Al,2,"=""""","=""399.6248""","=""""","=""3.10e+04""",E,"=""121483.50""","=""146499.90""","=""3s.4d""","=""3D""","=""3""","=""3s.9f""","=""3F*""","=""2""",7,5,,"=""T6298c4,LS""","=""""",
Al,2,"=""399.6323""","=""399.6315""","=""5""","=""1.10e+06""",E,"=""121483.92""","=""146499.90""","=""3s.4d""","=""3D""","=""2""","=""3s.9f""","=""3F*""","=""2""",5,5,,"=""T6298c4,LS""","=""L3471""",
Al,2,"=""399.6370""","=""399.6368""","=""20""","=""5.91e+06""",D,"=""121484.252""","=""146499.90""","=""3s.4d""","=""3D""","=""1""","=""3s.9f""","=""3F*""","=""2""",3,5,,"=""T6298c4,LS""","=""L4575""",
Al,3,"=""399.8164""","=""399.8167""","=""2""","=""3.11e+05""",A,"=""170637.35""","=""195641.74""","=""2p6.5s""","=""2S""","=""1/2""","=""2p6.6p""","=""2P*""","=""3/2""",2,4,,"=""c32""","=""L277""",
Al,3,"=""400.1376""","=""400.1371""","=""1""","=""3.59e+05""",A,"=""170637.35""","=""195621.72""","=""2p6.5s""","=""2S""","=""1/2""","=""2p6.6p""","=""2P*""","=""1/2""",2,2,,"=""c32""","=""L277""",
Al,2,"=""402.65""","=""402.6318""","=""20""","=""1.16e+07""",C+,"=""110089.83""","=""134919.40""","=""3s.3d""","=""1D""","=""2""","=""3s.6p""","=""1P*""","=""1""",5,3,,"=""T6533""","=""L3471""",
Al,3,"=""408.2450""","=""408.2452""","=""5""","=""1.78e+07""",A,"=""178433.43""","=""202921.60""","=""2p6.5p""","=""2P*""","=""1/2""","=""2p6.7s""","=""2S""","=""1/2""",2,2,,"=""c32""","=""L277""",
Al,2,"=""""","=""408.4141""","=""""","=""6.04e+05""",C,"=""121483.50""","=""145961.54""","=""3s.4d""","=""3D""","=""3""","=""3p.4s""","=""3P*""","=""2""",7,5,,"=""T6298c4,LS""","=""""",
Al,2,"=""""","=""408.4212""","=""""","=""1.08e+05""",D,"=""121483.92""","=""145961.54""","=""3s.4d""","=""3D""","=""2""","=""3p.4s""","=""3P*""","=""2""",5,5,,"=""T6298c4,LS""","=""""",
Al,2,"=""""","=""408.4267""","=""""","=""7.17e+03""",E,"=""121484.252""","=""145961.54""","=""3s.4d""","=""3D""","=""1""","=""3p.4s""","=""3P*""","=""2""",3,5,,"=""T6298c4,LS""","=""""",
Al,3,"=""408.8611""","=""408.8611""","=""6""","=""3.55e+07""",A,"=""178470.32""","=""202921.60""","=""2p6.5p""","=""2P*""","=""3/2""","=""2p6.7s""","=""2S""","=""1/2""",4,2,,"=""c32""","=""L277""",
Al,2,"=""""","=""410.5486""","=""""","=""5.30e+05""",C,"=""121483.92""","=""145834.70""","=""3s.4d""","=""3D""","=""2""","=""3p.4s""","=""3P*""","=""1""",5,3,,"=""T6298c4,LS""","=""""",
Al,2,"=""""","=""410.5542""","=""""","=""1.77e+05""",D,"=""121484.252""","=""145834.70""","=""3s.4d""","=""3D""","=""1""","=""3p.4s""","=""3P*""","=""1""",3,3,,"=""T6298c4,LS""","=""""",
Al,2,"=""""","=""411.5438""","=""""","=""7.01e+05""",D,"=""121484.252""","=""145776.15""","=""3s.4d""","=""3D""","=""1""","=""3p.4s""","=""3P*""","=""0""",3,1,,"=""T6298c4,LS""","=""""",
Al,3,"=""414.9915""","=""414.9913""","=""12""","=""2.05e+08""",A+,"=""165786.32""","=""189876.42""","=""2p6.4d""","=""2D""","=""5/2""","=""2p6.5f""","=""2F*""","=""7/2""",6,8,,"=""c32""","=""L277""",
Al,3,"=""""","=""414.9968""","=""""","=""1.37e+07""",A+,"=""165786.32""","=""189876.10""","=""2p6.4d""","=""2D""","=""5/2""","=""2p6.5f""","=""2F*""","=""5/2""",6,6,,"=""c32""","=""""",
Al,3,"=""415.0173""","=""415.0173""","=""12""","=""1.91e+08""",A+,"=""165787.51""","=""189876.10""","=""2p6.4d""","=""2D""","=""3/2""","=""2p6.5f""","=""2F*""","=""5/2""",4,6,,"=""c32""","=""L277""",
Al,3,"=""418.973""","=""418.9699""","=""bl*""","=""1.59e+06""",A,"=""189876.10""","=""213737.44""","=""2p6.5f""","=""2F*""","=""5/2""","=""2p6.8d""","=""2D""","=""3/2""",6,4,,"=""c32""","=""L277""",
Al,3,"=""418.973""","=""418.9699""","=""bl*""","=""7.58e+04""",B+,"=""189876.10""","=""213737.44""","=""2p6.5f""","=""2F*""","=""5/2""","=""2p6.8d""","=""2D""","=""5/2""",6,6,,"=""c32""","=""L277""",
Al,3,"=""418.973""","=""418.9755""","=""*""","=""1.52e+06""",A,"=""189876.42""","=""213737.44""","=""2p6.5f""","=""2F*""","=""7/2""","=""2p6.8d""","=""2D""","=""5/2""",8,6,,"=""c32""","=""L277""",
Al,2,"=""422.6813""","=""422.6816""","=""50""","=""9.37e+06""",C+,"=""121483.50""","=""145135.31""","=""3s.4d""","=""3D""","=""3""","=""3s.8f""","=""3F*""","=""4""",7,9,,"=""T6298c4,LS""","=""L4575""",
Al,2,"=""422.7420""","=""422.7420""","=""10""","=""1.04e+06""",D,"=""121483.50""","=""145131.93""","=""3s.4d""","=""3D""","=""3""","=""3s.8f""","=""3F*""","=""3""",7,7,,"=""T6298c4,LS""","=""L3515""",
Al,2,"=""422.7492""","=""422.7495""","=""50""","=""8.31e+06""",C+,"=""121483.92""","=""145131.93""","=""3s.4d""","=""3D""","=""2""","=""3s.8f""","=""3F*""","=""3""",5,7,,"=""T6298c4,LS""","=""L4575""",
Al,2,"=""422.7875""","=""422.7853""","=""2""","=""4.11e+04""",E,"=""121483.50""","=""145129.51""","=""3s.4d""","=""3D""","=""3""","=""3s.8f""","=""3F*""","=""2""",7,5,,"=""T6298c4,LS""","=""L3515""",
Al,2,"=""422.7945""","=""422.7928""","=""5""","=""1.46e+06""",D,"=""121483.92""","=""145129.51""","=""3s.4d""","=""3D""","=""2""","=""3s.8f""","=""3F*""","=""2""",5,5,,"=""T6298c4,LS""","=""L3515""",
Al,2,"=""422.7999""","=""422.7987""","=""50""","=""7.85e+06""",C,"=""121484.252""","=""145129.51""","=""3s.4d""","=""3D""","=""1""","=""3s.8f""","=""3F*""","=""2""",3,5,,"=""T6298c4,LS""","=""L3515""",
Al,2,"=""""","=""429.3943""","=""""","=""4.85e+05""",C+,"=""111637.33""","=""134919.40""","=""3p2""","=""1S""","=""0""","=""3s.6p""","=""1P*""","=""1""",1,3,,"=""T6533""","=""""",
Al,2,"=""434.6897""","=""434.6903""","=""5hfs""","=""4.18e+06""",D,"=""123418.48""","=""146416.9""","=""3s.4f""","=""3F*""","=""2""","=""3s.9g""","=""3G""","=""3""",5,7,,"=""T6298c4,LS""","=""L3471c150""",
Al,2,"=""""","=""434.7275""","=""""","=""4.28e+06""",D,"=""123420.45""","=""146416.9""","=""3s.4f""","=""3F*""","=""3""","=""3s.9g""","=""3G""","=""4""",7,9,,"=""T6298c4,LS""","=""""",
Al,2,"=""""","=""434.7275""","=""""","=""3.67e+05""",E,"=""123420.45""","=""146416.9""","=""3s.4f""","=""3F*""","=""3""","=""3s.9g""","=""3G""","=""3""",7,7,,"=""T6298c4,LS""","=""""",
Al,2,"=""""","=""434.7825""","=""""","=""5.58e+03""",E,"=""123423.36""","=""146416.9""","=""3s.4f""","=""3F*""","=""4""","=""3s.9g""","=""3G""","=""3""",9,7,,"=""T6298c4,LS""","=""""",
Al,2,"=""""","=""434.7825""","=""""","=""2.85e+05""",E,"=""123423.36""","=""146416.9""","=""3s.4f""","=""3F*""","=""4""","=""3s.9g""","=""3G""","=""4""",9,9,,"=""T6298c4,LS""","=""""",
Al,2,"=""""","=""434.7825""","=""""","=""4.56e+06""",C,"=""123423.36""","=""146416.9""","=""3s.4f""","=""3F*""","=""4""","=""3s.9g""","=""3G""","=""5""",9,11,,"=""T6298c4,LS""","=""""",
Al,3,"=""435.7562""","=""435.757""","=""4d""","=""7.40e+06""",A+,"=""178433.43""","=""201375.56""","=""2p6.5p""","=""2P*""","=""1/2""","=""2p6.6d""","=""2D""","=""3/2""",2,4,,"=""c32""","=""L277""",
Al,3,"=""""","=""436.459""","=""""","=""1.44e+06""",A,"=""178470.32""","=""201375.56""","=""2p6.5p""","=""2P*""","=""3/2""","=""2p6.6d""","=""2D""","=""3/2""",4,4,,"=""c32""","=""""",
Al,3,"=""436.4642""","=""436.466""","=""5d""","=""8.67e+06""",A+,"=""178470.32""","=""201375.20""","=""2p6.5p""","=""2P*""","=""3/2""","=""2p6.6d""","=""2D""","=""5/2""",4,6,,"=""c32""","=""L277""",
Al,3,"=""451.2564""","=""451.257""","=""13""","=""2.09e+08""",A+,"=""143633.38""","=""165787.51""","=""2p6.4p""","=""2P*""","=""1/2""","=""2p6.4d""","=""2D""","=""3/2""",2,4,,"=""c32""","=""L277""",
Al,3,"=""452.8942""","=""452.894""","=""11""","=""4.15e+07""",A+,"=""143713.50""","=""165787.51""","=""2p6.4p""","=""2P*""","=""3/2""","=""2p6.4d""","=""2D""","=""3/2""",4,4,,"=""c32""","=""L277""",
Al,3,"=""452.9194""","=""452.919""","=""14""","=""2.49e+08""",A+,"=""143713.50""","=""165786.32""","=""2p6.4p""","=""2P*""","=""3/2""","=""2p6.4d""","=""2D""","=""5/2""",4,6,,"=""c32""","=""L277""",
Al,2,"=""458.5817""","=""458.5818""","=""500""","=""1.00e+07""",C+,"=""121483.50""","=""143283.75""","=""3s.4d""","=""3D""","=""3""","=""3s.7f""","=""3F*""","=""4""",7,9,,"=""T6298c4,LS""","=""L4575""",
Al,2,"=""458.8082""","=""458.8110""","=""5""","=""1.12e+06""",D,"=""121483.50""","=""143272.86""","=""3s.4d""","=""3D""","=""3""","=""3s.7f""","=""3F*""","=""3""",7,7,,"=""T6298c4,LS""","=""L3471""",
Al,2,"=""458.8191""","=""458.8199""","=""400""","=""8.91e+06""",C+,"=""121483.92""","=""143272.86""","=""3s.4d""","=""3D""","=""2""","=""3s.7f""","=""3F*""","=""3""",5,7,,"=""T6298c4,LS""","=""L4575""",
Al,2,"=""""","=""458.9591""","=""""","=""4.40e+04""",E,"=""121483.50""","=""143265.83""","=""3s.4d""","=""3D""","=""3""","=""3s.7f""","=""3F*""","=""2""",7,5,,"=""T6298c4,LS""","=""""",
Al,2,"=""458.9674""","=""458.9680""","=""200""","=""1.56e+06""",D,"=""121483.92""","=""143265.83""","=""3s.4d""","=""3D""","=""2""","=""3s.7f""","=""3F*""","=""2""",5,5,,"=""T6298c4,LS""","=""L4575""",
Al,2,"=""458.9742""","=""458.9750""","=""300""","=""8.41e+06""",C,"=""121484.252""","=""143265.83""","=""3s.4d""","=""3D""","=""1""","=""3s.7f""","=""3F*""","=""2""",3,5,,"=""T6298c4,LS""","=""L4575""",
Al,2,"=""""","=""463.937""","=""""","=""6.66e+06""",C+,"=""123418.48""","=""144967.1""","=""3s.4f""","=""3F*""","=""2""","=""3s.8g""","=""3G""","=""3""",5,7,,"=""T6298c4,LS""","=""""",
Al,2,"=""""","=""463.979""","=""""","=""6.79e+06""",C+,"=""123420.45""","=""144967.1""","=""3s.4f""","=""3F*""","=""3""","=""3s.8g""","=""3G""","=""4""",7,9,,"=""T6298c4,LS""","=""""",
Al,2,"=""""","=""463.979""","=""""","=""5.82e+05""",D,"=""123420.45""","=""144967.1""","=""3s.4f""","=""3F*""","=""3""","=""3s.8g""","=""3G""","=""3""",7,7,,"=""T6298c4,LS""","=""""",
Al,2,"=""""","=""464.042""","=""""","=""8.88e+03""",E,"=""123423.36""","=""144967.1""","=""3s.4f""","=""3F*""","=""4""","=""3s.8g""","=""3G""","=""3""",9,7,,"=""T6298c4,LS""","=""""",
Al,2,"=""""","=""464.042""","=""""","=""4.52e+05""",D,"=""123423.36""","=""144967.1""","=""3s.4f""","=""3F*""","=""4""","=""3s.8g""","=""3G""","=""4""",9,9,,"=""T6298c4,LS""","=""""",
Al,2,"=""""","=""464.042""","=""""","=""7.24e+06""",C+,"=""123423.36""","=""144967.1""","=""3s.4f""","=""3F*""","=""4""","=""3s.8g""","=""3G""","=""5""",9,11,,"=""T6298c4,LS""","=""""",
Al,2,"=""466.3056""","=""466.3046""","=""1000""","=""5.81e+07""",A+,"=""85481.35""","=""106920.56""","=""3p2""","=""1D""","=""2""","=""3s.4p""","=""1P*""","=""1""",5,3,,"=""c47,u24""","=""L4575""",
Al,3,"=""470.1148""","=""470.114""","=""5""","=""7.67e+06""",A+,"=""167612.75""","=""188878.22""","=""2p6.4f""","=""2F*""","=""5/2""","=""2p6.5d""","=""2D""","=""3/2""",6,4,,"=""c32""","=""L277""",
Al,3,"=""""","=""470.129""","=""""","=""3.65e+05""",A,"=""167612.75""","=""188877.57""","=""2p6.4f""","=""2F*""","=""5/2""","=""2p6.5d""","=""2D""","=""5/2""",6,6,,"=""c32""","=""""",
Al,3,"=""470.1412""","=""470.142""","=""6""","=""7.31e+06""",A+,"=""167613.37""","=""188877.57""","=""2p6.4f""","=""2F*""","=""7/2""","=""2p6.5d""","=""2D""","=""5/2""",8,6,,"=""c32""","=""L277""",
Al,3,"=""""","=""490.403""","=""""","=""2.34e+06""",A,"=""188877.57""","=""209263.25""","=""2p6.5d""","=""2D""","=""5/2""","=""2p6.7f""","=""2F*""","=""5/2""",6,6,,"=""c32""","=""""",
Al,3,"=""490.410""","=""490.403""","=""5d*""","=""3.51e+07""",A+,"=""188877.57""","=""209263.25""","=""2p6.5d""","=""2D""","=""5/2""","=""2p6.7f""","=""2F*""","=""7/2""",6,8,,"=""c32""","=""L277""",
Al,3,"=""490.410""","=""490.419""","=""5d*""","=""3.27e+07""",A+,"=""188878.22""","=""209263.25""","=""2p6.5d""","=""2D""","=""3/2""","=""2p6.7f""","=""2F*""","=""5/2""",4,6,,"=""c32""","=""L277""",
Al,2,"=""""","=""514.442""","=""""","=""1.17e+07""",C+,"=""123418.48""","=""142851.6""","=""3s.4f""","=""3F*""","=""2""","=""3s.7g""","=""3G""","=""3""",5,7,,"=""T6298c4,LS""","=""""",
Al,2,"=""""","=""514.494""","=""""","=""1.03e+06""",D,"=""123420.45""","=""142851.6""","=""3s.4f""","=""3F*""","=""3""","=""3s.7g""","=""3G""","=""3""",7,7,,"=""T6298c4,LS""","=""""",
Al,2,"=""""","=""514.494""","=""""","=""1.19e+07""",C+,"=""123420.45""","=""142851.6""","=""3s.4f""","=""3F*""","=""3""","=""3s.7g""","=""3G""","=""4""",7,9,,"=""T6298c4,LS""","=""""",
Al,2,"=""""","=""514.571""","=""""","=""1.56e+04""",E,"=""123423.36""","=""142851.6""","=""3s.4f""","=""3F*""","=""4""","=""3s.7g""","=""3G""","=""3""",9,7,,"=""T6298c4,LS""","=""""",
Al,2,"=""""","=""514.571""","=""""","=""7.96e+05""",D,"=""123423.36""","=""142851.6""","=""3s.4f""","=""3F*""","=""4""","=""3s.7g""","=""3G""","=""4""",9,9,,"=""T6298c4,LS""","=""""",
Al,2,"=""""","=""514.571""","=""""","=""1.27e+07""",C+,"=""123423.36""","=""142851.6""","=""3s.4f""","=""3F*""","=""4""","=""3s.7g""","=""3G""","=""5""",9,11,,"=""T6298c4,LS""","=""""",
Al,2,"=""""","=""515.823""","=""""","=""1.26e+07""",C+,"=""123470.5""","=""142851.6""","=""3s.4f""","=""1F*""","=""3""","=""3s.7g""","=""1G""","=""4""",7,9,,"=""T6298c4""","=""""",
Al,3,"=""526.011""","=""526.011""","=""3d*""","=""1.32e+05""",B+,"=""189876.10""","=""208881.83""","=""2p6.5f""","=""2F*""","=""5/2""","=""2p6.7d""","=""2D""","=""5/2""",6,6,,"=""c32""","=""L277""",
Al,3,"=""526.011""","=""526.011""","=""3d*""","=""2.77e+06""",A,"=""189876.10""","=""208881.83""","=""2p6.5f""","=""2F*""","=""5/2""","=""2p6.7d""","=""2D""","=""3/2""",6,4,,"=""c32""","=""L277""",
Al,3,"=""""","=""526.020""","=""""","=""2.64e+06""",A,"=""189876.42""","=""208881.83""","=""2p6.5f""","=""2F*""","=""7/2""","=""2p6.7d""","=""2D""","=""5/2""",8,6,,"=""c32""","=""""",
Al,2,"=""527.862""","=""527.868""","=""6""","=""1.11e+06""",D,"=""125703.14""","=""144642.0""","=""3s.5p""","=""3P*""","=""0""","=""3s.8d""","=""3D""","=""1""",1,3,,"=""T6298c4,LS""","=""L3471""",
Al,2,"=""528.0214""","=""528.0216""","=""8""","=""1.49e+06""",D,"=""125708.828""","=""144642.18""","=""3s.5p""","=""3P*""","=""1""","=""3s.8d""","=""3D""","=""2""",3,5,,"=""T6298c4,LS""","=""L4575""",
Al,2,"=""""","=""528.027""","=""""","=""8.32e+05""",D,"=""125708.828""","=""144642.0""","=""3s.5p""","=""3P*""","=""1""","=""3s.8d""","=""3D""","=""1""",3,3,,"=""T6298c4,LS""","=""""",
Al,2,"=""528.3735""","=""528.3733""","=""100""","=""2.00e+06""",C,"=""125721.703""","=""144642.45""","=""3s.5p""","=""3P*""","=""2""","=""3s.8d""","=""3D""","=""3""",5,7,,"=""T6298c4,LS""","=""L4575""",
Al,2,"=""""","=""528.3809""","=""""","=""4.99e+05""",D,"=""125721.703""","=""144642.18""","=""3s.5p""","=""3P*""","=""2""","=""3s.8d""","=""3D""","=""2""",5,5,,"=""T6298c4,LS""","=""""",
Al,2,"=""""","=""528.386""","=""""","=""5.53e+04""",E,"=""125721.703""","=""144642.0""","=""3s.5p""","=""3P*""","=""2""","=""3s.8d""","=""3D""","=""1""",5,3,,"=""T6298c4,LS""","=""""",
Al,2,"=""528.5842""","=""528.5838""","=""30""","=""3.28e+06""",C,"=""125869.015""","=""144782.23""","=""3s.5p""","=""1P*""","=""1""","=""3s.8d""","=""1D""","=""2""",3,5,,"=""T6298c4""","=""L4575""",
Al,2,"=""538.848""","=""538.8682""","=""2""","=""1.43e+06""",C+,"=""121366.725""","=""139918.98""","=""3s.5s""","=""1S""","=""0""","=""3s.7p""","=""1P*""","=""1""",1,3,,"=""T6533""","=""L3471""",
Al,3,"=""""","=""551.853""","=""""","=""1.26e+06""",A,"=""195621.72""","=""213737.44""","=""2p6.6p""","=""2P*""","=""1/2""","=""2p6.8d""","=""2D""","=""3/2""",2,4,,"=""c32""","=""""",
Al,3,"=""""","=""552.464""","=""""","=""2.44e+05""",B+,"=""195641.74""","=""213737.44""","=""2p6.6p""","=""2P*""","=""3/2""","=""2p6.8d""","=""2D""","=""3/2""",4,4,,"=""c32""","=""""",
Al,3,"=""""","=""552.464""","=""""","=""1.47e+06""",A,"=""195641.74""","=""213737.44""","=""2p6.6p""","=""2P*""","=""3/2""","=""2p6.8d""","=""2D""","=""5/2""",4,6,,"=""c32""","=""""",
Al,1,"=""555.7063""","=""555.7059""","=""10""","=""2.30e+05""",C,"=""25347.756""","=""43337.889""","=""3s2.4s""","=""2S""","=""1/2""","=""3s2.6p""","=""2P*""","=""3/2""",2,4,,"=""u36,LS""","=""L4737""",
Al,1,"=""555.7948""","=""555.7944""","=""8""","=""2.29e+05""",C,"=""25347.756""","=""43335.024""","=""3s2.4s""","=""2S""","=""1/2""","=""3s2.6p""","=""2P*""","=""1/2""",2,2,,"=""u36,LS""","=""L4737""",
Al,2,"=""559.3302""","=""559.330""","=""800""","=""9.26e+07""",A,"=""106920.56""","=""124794.13""","=""3s.4p""","=""1P*""","=""1""","=""3s.4d""","=""1D""","=""2""",3,5,,"=""T6533""","=""L4575""",
Al,2,"=""561.3291""","=""561.329""","=""100""","=""3.43e+06""",C+,"=""124794.13""","=""142604.05""","=""3s.4d""","=""1D""","=""2""","=""3s.7f""","=""1F*""","=""3""",5,7,,"=""T6533""","=""L4575""",
Al,3,"=""569.6603""","=""569.660""","=""17""","=""8.77e+07""",A+,"=""126164.05""","=""143713.50""","=""2p6.4s""","=""2S""","=""1/2""","=""2p6.4p""","=""2P*""","=""3/2""",2,4,,"=""c32""","=""L277""",
Al,3,"=""572.2728""","=""572.273""","=""16""","=""8.65e+07""",A+,"=""126164.05""","=""143633.38""","=""2p6.4s""","=""2S""","=""1/2""","=""2p6.4p""","=""2P*""","=""1/2""",2,2,,"=""c32""","=""L277""",
Al,2,"=""585.362""","=""585.376""","=""100""","=""1.28e+07""",B,"=""121483.50""","=""138561.8""","=""3s.4d""","=""3D""","=""3""","=""3s.6f""","=""3F*""","=""4""",7,9,,"=""T6298c4,LS""","=""L3471""",
Al,2,"=""586.153""","=""586.177""","=""80""","=""1.14e+07""",B,"=""121483.92""","=""138538.9""","=""3s.4d""","=""3D""","=""2""","=""3s.6f""","=""3F*""","=""3""",5,7,,"=""T6298c4,LS""","=""L3471""",
Al,2,"=""""","=""586.162""","=""""","=""1.43e+06""",C+,"=""121483.50""","=""138538.9""","=""3s.4d""","=""3D""","=""3""","=""3s.6f""","=""3F*""","=""3""",7,7,,"=""T6298c4,LS""","=""""",
Al,2,"=""""","=""586.764""","=""""","=""5.61e+04""",D,"=""121483.50""","=""138521.4""","=""3s.4d""","=""3D""","=""3""","=""3s.6f""","=""3F*""","=""2""",7,5,,"=""T6298c4,LS""","=""""",
Al,2,"=""""","=""586.779""","=""""","=""1.99e+06""",C+,"=""121483.92""","=""138521.4""","=""3s.4d""","=""3D""","=""2""","=""3s.6f""","=""3F*""","=""2""",5,5,,"=""T6298c4,LS""","=""""",
Al,2,"=""586.781""","=""586.790""","=""50""","=""1.07e+07""",B,"=""121484.252""","=""138521.4""","=""3s.4d""","=""3D""","=""1""","=""3s.6f""","=""3F*""","=""2""",3,5,,"=""T6298c4,LS""","=""L3471""",
Al,2,"=""597.1980""","=""597.197""","=""80""","=""5.81e+06""",C+,"=""125869.015""","=""142609.27""","=""3s.5p""","=""1P*""","=""1""","=""3s.7d""","=""1D""","=""2""",3,5,,"=""T6298c4""","=""L4575""",
Al,2,"=""599.975""","=""599.987""","=""5hfs""","=""2.07e+06""",C,"=""125703.14""","=""142365.54""","=""3s.5p""","=""3P*""","=""0""","=""3s.7d""","=""3D""","=""1""",1,3,,"=""T6298c4,LS""","=""L3515c150""",
Al,2,"=""600.176""","=""600.187""","=""60""","=""2.79e+06""",C,"=""125708.828""","=""142365.69""","=""3s.5p""","=""3P*""","=""1""","=""3s.7d""","=""3D""","=""2""",3,5,,"=""T6298c4,LS""","=""L3515""",
Al,2,"=""600.188""","=""600.192""","=""40""","=""1.55e+06""",D,"=""125708.828""","=""142365.54""","=""3s.5p""","=""3P*""","=""1""","=""3s.7d""","=""3D""","=""1""",3,3,,"=""T6298c4,LS""","=""L3515""",
Al,2,"=""600.6410""","=""600.641""","=""200""","=""3.71e+06""",C+,"=""125721.703""","=""142365.98""","=""3s.5p""","=""3P*""","=""2""","=""3s.7d""","=""3D""","=""3""",5,7,,"=""T6298c4,LS""","=""L4575""",
Al,2,"=""""","=""600.651""","=""""","=""9.28e+05""",D,"=""125721.703""","=""142365.69""","=""3s.5p""","=""3P*""","=""2""","=""3s.7d""","=""3D""","=""2""",5,5,,"=""T6298c4,LS""","=""""",
Al,2,"=""""","=""600.657""","=""""","=""1.03e+05""",E,"=""125721.703""","=""142365.54""","=""3s.5p""","=""3P*""","=""2""","=""3s.7d""","=""3D""","=""1""",5,3,,"=""T6298c4,LS""","=""""",
Al,3,"=""605.521""","=""605.519""","=""5""","=""8.59e+06""",A,"=""188877.57""","=""205387.77""","=""2p6.5d""","=""2D""","=""5/2""","=""2p6.7p""","=""2P*""","=""3/2""",6,4,,"=""c32""","=""L277""",
Al,3,"=""""","=""605.542""","=""""","=""9.54e+05""",A,"=""188878.22""","=""205387.77""","=""2p6.5d""","=""2D""","=""3/2""","=""2p6.7p""","=""2P*""","=""3/2""",4,4,,"=""c32""","=""""",
Al,3,"=""605.984""","=""605.984""","=""4""","=""9.46e+06""",A,"=""188878.22""","=""205375.74""","=""2p6.5d""","=""2D""","=""3/2""","=""2p6.7p""","=""2P*""","=""1/2""",4,2,,"=""c32""","=""L277""",
Al,2,"=""606.1124""","=""606.112""","=""30""","=""8.38e+06""",C,"=""125869.015""","=""142363.06""","=""3s.5p""","=""1P*""","=""1""","=""3s.8s""","=""1S""","=""0""",3,1,,"=""T6298c4""","=""L4575""",
Al,2,"=""606.637""","=""606.636""","=""25hfs""","=""8.88e+05""",D,"=""125703.14""","=""142182.94""","=""3s.5p""","=""3P*""","=""0""","=""3s.8s""","=""3S""","=""1""",1,3,,"=""T6298c4,LS""","=""L3515c150""",
Al,2,"=""606.847""","=""606.845""","=""65hfs""","=""2.66e+06""",C,"=""125708.828""","=""142182.94""","=""3s.5p""","=""3P*""","=""1""","=""3s.8s""","=""3S""","=""1""",3,3,,"=""T6298c4,LS""","=""L3515c150""",
Al,2,"=""607.3198""","=""607.320""","=""50""","=""4.43e+06""",C,"=""125721.703""","=""142182.94""","=""3s.5p""","=""3P*""","=""2""","=""3s.8s""","=""3S""","=""1""",5,3,,"=""T6298c4,LS""","=""L4575""",
Al,2,"=""618.163""","=""618.158""","=""110hfs""","=""2.41e+07""",B+,"=""123418.48""","=""139591.1""","=""3s.4f""","=""3F*""","=""2""","=""3s.6g""","=""3G""","=""3""",5,7,,"=""T6298c4,LS""","=""L3515c150""",
Al,2,"=""""","=""618.233""","=""""","=""2.09e+06""",C+,"=""123420.45""","=""139591.1""","=""3s.4f""","=""3F*""","=""3""","=""3s.6g""","=""3G""","=""3""",7,7,,"=""T6298c4,LS""","=""""",
Al,2,"=""""","=""618.233""","=""""","=""2.44e+07""",B+,"=""123420.45""","=""139591.1""","=""3s.4f""","=""3F*""","=""3""","=""3s.6g""","=""3G""","=""4""",7,9,,"=""T6298c4,LS""","=""""",
Al,2,"=""""","=""618.345""","=""""","=""3.21e+04""",D,"=""123423.36""","=""139591.1""","=""3s.4f""","=""3F*""","=""4""","=""3s.6g""","=""3G""","=""3""",9,7,,"=""T6298c4,LS""","=""""",
Al,2,"=""""","=""618.345""","=""""","=""1.63e+06""",C+,"=""123423.36""","=""139591.1""","=""3s.4f""","=""3F*""","=""4""","=""3s.6g""","=""3G""","=""4""",9,9,,"=""T6298c4,LS""","=""""",
Al,2,"=""""","=""618.345""","=""""","=""2.61e+07""",B+,"=""123423.36""","=""139591.1""","=""3s.4f""","=""3F*""","=""4""","=""3s.6g""","=""3G""","=""5""",9,11,,"=""T6298c4,LS""","=""""",
Al,2,"=""""","=""620.153""","=""""","=""2.59e+07""",B+,"=""123470.5""","=""139591.1""","=""3s.4f""","=""1F*""","=""3""","=""3s.6g""","=""1G""","=""4""",7,9,,"=""T6298c4""","=""""",
Al,2,"=""622.618""","=""622.619""","=""50""","=""6.25e+07""",B+,"=""105427.52""","=""121484.252""","=""3s.4p""","=""3P*""","=""0""","=""3s.4d""","=""3D""","=""1""",1,3,,"=""T6298c4,LS""","=""L4575""",
Al,2,"=""""","=""623.162""","=""""","=""4.67e+07""",B+,"=""105441.50""","=""121484.252""","=""3s.4p""","=""3P*""","=""1""","=""3s.4d""","=""3D""","=""1""",3,3,,"=""T6298c4,LS""","=""""",
Al,2,"=""623.1745""","=""623.175""","=""75""","=""8.40e+07""",A,"=""105441.50""","=""121483.92""","=""3s.4p""","=""3P*""","=""1""","=""3s.4d""","=""3D""","=""2""",3,5,,"=""T6298c4,LS""","=""L4575""",
Al,2,"=""""","=""624.307""","=""""","=""3.11e+06""",C+,"=""105470.93""","=""121484.252""","=""3s.4p""","=""3P*""","=""2""","=""3s.4d""","=""3D""","=""1""",5,3,,"=""T6298c4,LS""","=""""",
Al,2,"=""""","=""624.320""","=""""","=""2.79e+07""",B+,"=""105470.93""","=""121483.92""","=""3s.4p""","=""3P*""","=""2""","=""3s.4d""","=""3D""","=""2""",5,5,,"=""T6298c4,LS""","=""""",
Al,2,"=""624.336""","=""624.337""","=""100""","=""1.11e+08""",A,"=""105470.93""","=""121483.50""","=""3s.4p""","=""3P*""","=""2""","=""3s.4d""","=""3D""","=""3""",5,7,,"=""T6298c4,LS""","=""L3515""",
Al,3,"=""""","=""630.179""","=""""","=""6.28e+05""",B+,"=""201375.20""","=""217239.31""","=""2p6.6d""","=""2D""","=""5/2""","=""2p6.9f""","=""2F*""","=""5/2""",6,6,,"=""c32""","=""""",
Al,3,"=""630.185""","=""630.179""","=""2d*""","=""9.42e+06""",A,"=""201375.20""","=""217239.31""","=""2p6.6d""","=""2D""","=""5/2""","=""2p6.9f""","=""2F*""","=""7/2""",6,8,,"=""c32""","=""L277""",
Al,3,"=""630.185""","=""630.194""","=""2d*""","=""8.79e+06""",A,"=""201375.56""","=""217239.31""","=""2p6.6d""","=""2D""","=""3/2""","=""2p6.9f""","=""2F*""","=""5/2""",4,6,,"=""c32""","=""L277""",
Al,2,"=""""","=""631.990""","=""""","=""2.16e+05""",C+,"=""123470.5""","=""139289.15""","=""3s.4f""","=""1F*""","=""3""","=""3s.6d""","=""1D""","=""2""",7,5,,"=""T6533""","=""""",
Al,2,"=""633.5701""","=""633.571""","=""30""","=""1.53e+07""",B,"=""110089.83""","=""125869.015""","=""3s.3d""","=""1D""","=""2""","=""3s.5p""","=""1P*""","=""1""",5,3,,"=""T6533""","=""L4575""",
Al,2,"=""""","=""649.313""","=""""","=""2.16e+03""",E,"=""123418.48""","=""138815.12""","=""3s.4f""","=""3F*""","=""2""","=""3s.6d""","=""3D""","=""3""",5,7,,"=""T6298c4,LS""","=""""",
Al,2,"=""""","=""649.323""","=""""","=""1.07e+05""",C,"=""123418.48""","=""138814.87""","=""3s.4f""","=""3F*""","=""2""","=""3s.6d""","=""3D""","=""2""",5,5,,"=""T6298c4,LS""","=""""",
Al,2,"=""""","=""649.323""","=""""","=""9.59e+05""",C+,"=""123418.48""","=""138814.87""","=""3s.4f""","=""3F*""","=""2""","=""3s.6d""","=""3D""","=""1""",5,3,,"=""T6298c4,LS""","=""""",
Al,2,"=""""","=""649.396""","=""""","=""7.64e+04""",C,"=""123420.45""","=""138815.12""","=""3s.4f""","=""3F*""","=""3""","=""3s.6d""","=""3D""","=""3""",7,7,,"=""T6298c4,LS""","=""""",
Al,2,"=""""","=""649.407""","=""""","=""8.52e+05""",C+,"=""123420.45""","=""138814.87""","=""3s.4f""","=""3F*""","=""3""","=""3s.6d""","=""3D""","=""2""",7,5,,"=""T6298c4,LS""","=""""",
Al,2,"=""649.545""","=""649.519""","=""""","=""8.80e+05""",C+,"=""123423.36""","=""138815.12""","=""3s.4f""","=""3F*""","=""4""","=""3s.6d""","=""3D""","=""3""",9,7,,"=""T6298c4,LS""","=""L3471""",
Al,2,"=""660.964""","=""660.981""","=""""","=""2.20e+06""",C+,"=""124794.13""","=""139918.98""","=""3s.4d""","=""1D""","=""2""","=""3s.7p""","=""1P*""","=""1""",5,3,,"=""T6533""","=""L3515""",
Al,1,"=""669.6015""","=""669.6018""","=""13""","=""1.00e+06""",C+,"=""25347.756""","=""40277.883""","=""3s2.4s""","=""2S""","=""1/2""","=""3s2.5p""","=""2P*""","=""3/2""",2,4,,"=""u36,LS""","=""L4737""",
Al,2,"=""669.639""","=""669.64302""","=""2""","=""2.74e+05""",C+,"=""120092.919""","=""135022.127""","=""3s.5s""","=""3S""","=""1""","=""3s.6p""","=""3P*""","=""2""",3,5,,"=""T6298c4,LS""","=""L3471""",
Al,1,"=""669.8673""","=""669.8667""","=""11""","=""1.00e+06""",C+,"=""25347.756""","=""40271.978""","=""3s2.4s""","=""2S""","=""1/2""","=""3s2.5p""","=""2P*""","=""1/2""",2,2,,"=""u36,LS""","=""L4737""",
Al,2,"=""669.946""","=""669.93138""","=""1""","=""2.73e+05""",C,"=""120092.919""","=""135015.701""","=""3s.5s""","=""3S""","=""1""","=""3s.6p""","=""3P*""","=""1""",3,3,,"=""T6298c4,LS""","=""L3471""",
Al,2,"=""""","=""670.08477""","=""""","=""2.74e+05""",C,"=""120092.919""","=""135012.285""","=""3s.5s""","=""3S""","=""1""","=""3s.6p""","=""3P*""","=""0""",3,1,,"=""T6298c4,LS""","=""""",
Al,2,"=""681.669""","=""681.689""","=""10""","=""1.20e+07""",B,"=""105427.52""","=""120092.919""","=""3s.4p""","=""3P*""","=""0""","=""3s.5s""","=""3S""","=""1""",1,3,,"=""T6298c4,LS""","=""L3515""",
Al,2,"=""682.348""","=""682.339""","=""50""","=""3.59e+07""",B+,"=""105441.50""","=""120092.919""","=""3s.4p""","=""3P*""","=""1""","=""3s.5s""","=""3S""","=""1""",3,3,,"=""T6298c4,LS""","=""L3515""",
Al,2,"=""683.714""","=""683.713""","=""80""","=""5.94e+07""",B+,"=""105470.93""","=""120092.919""","=""3s.4p""","=""3P*""","=""2""","=""3s.5s""","=""3S""","=""1""",5,3,,"=""T6298c4,LS""","=""L3515""",
Al,1,"=""""","=""690.5638""","=""""","=""1.08e+06""",D,"=""32435.453""","=""[46912.38]""","=""3s2.3d""","=""2D""","=""3/2""","=""3s2.9f""","=""2F*""","=""5/2""",4,6,,"=""u36,LS""","=""""",
Al,1,"=""""","=""690.6279""","=""""","=""7.69e+04""",E,"=""32436.796""","=""[46912.38]""","=""3s2.3d""","=""2D""","=""5/2""","=""3s2.9f""","=""2F*""","=""5/2""",6,6,,"=""u36,LS""","=""""",
Al,1,"=""690.64""","=""690.6279""","=""3""","=""1.15e+06""",C,"=""32436.796""","=""[46912.38]""","=""3s2.3d""","=""2D""","=""5/2""","=""3s2.9f""","=""2F*""","=""7/2""",6,8,,"=""u36,LS""","=""L7415""",
Al,2,"=""691.793""","=""691.793""","=""10""","=""9.90e+06""",B+,"=""124794.13""","=""139245.343""","=""3s.4d""","=""1D""","=""2""","=""3s.6f""","=""1F*""","=""3""",5,7,,"=""T6533""","=""L3515""",
Al,2,"=""691.996""","=""692.034""","=""1""","=""1.00e+08""",A,"=""106920.56""","=""121366.725""","=""3s.4p""","=""1P*""","=""1""","=""3s.5s""","=""1S""","=""0""",3,1,,"=""T6533""","=""L3471""",
Al,3,"=""""","=""701.651""","=""""","=""7.72e+06""",A,"=""195621.72""","=""209869.89""","=""2p6.6p""","=""2P*""","=""1/2""","=""2p6.8s""","=""2S""","=""1/2""",2,2,,"=""c32""","=""""",
Al,2,"=""""","=""702.464""","=""""","=""2.15e+05""",C+,"=""111637.33""","=""125869.015""","=""3p2""","=""1S""","=""0""","=""3s.5p""","=""1P*""","=""1""",1,3,,"=""T6533""","=""""",
Al,3,"=""""","=""702.638""","=""""","=""1.54e+07""",A+,"=""195641.74""","=""209869.89""","=""2p6.6p""","=""2P*""","=""3/2""","=""2p6.8s""","=""2S""","=""1/2""",4,2,,"=""c32""","=""""",
Al,2,"=""704.206""","=""704.208""","=""100""","=""5.78e+07""",A+,"=""91274.50""","=""105470.93""","=""3s.4s""","=""3S""","=""1""","=""3s.4p""","=""3P*""","=""2""",3,5,,"=""c47""","=""L3515""",
Al,2,"=""705.660""","=""705.671""","=""50""","=""5.74e+07""",A,"=""91274.50""","=""105441.50""","=""3s.4s""","=""3S""","=""1""","=""3s.4p""","=""3P*""","=""1""",3,3,,"=""c47""","=""L3515""",
Al,2,"=""706.364""","=""706.368""","=""10""","=""5.73e+07""",A,"=""91274.50""","=""105427.52""","=""3s.4s""","=""3S""","=""1""","=""3s.4p""","=""3P*""","=""0""",3,1,,"=""c47""","=""L3515""",
Al,1,"=""708.3968""","=""708.3969""","=""5""","=""1.54e+06""",C+,"=""32435.453""","=""46547.942""","=""3s2.3d""","=""2D""","=""3/2""","=""3s2.8f""","=""2F*""","=""5/2""",4,6,,"=""u36,LS""","=""L4737""",
Al,1,"=""""","=""708.4643""","=""""","=""1.10e+05""",E,"=""32436.796""","=""46547.942""","=""3s2.3d""","=""2D""","=""5/2""","=""3s2.8f""","=""2F*""","=""5/2""",6,6,,"=""u36,LS""","=""""",
Al,1,"=""708.4644""","=""708.4643""","=""6""","=""1.65e+06""",C+,"=""32436.796""","=""46547.942""","=""3s2.3d""","=""2D""","=""5/2""","=""3s2.8f""","=""2F*""","=""7/2""",6,8,,"=""u36,LS""","=""L4737""",
Al,2,"=""""","=""713.289""","=""""","=""2.59e+06""",C,"=""133437.71""","=""147453.4""","=""3s.5f""","=""3F*""","=""2""","=""3s.10g""","=""3G""","=""3""",5,7,,"=""T6298c4,LS""","=""""",
Al,2,"=""""","=""713.563""","=""""","=""2.27e+05""",E,"=""133443.08""","=""147453.4""","=""3s.5f""","=""3F*""","=""3""","=""3s.10g""","=""3G""","=""3""",7,7,,"=""T6298c4,LS""","=""""",
Al,2,"=""""","=""713.563""","=""""","=""2.64e+06""",C,"=""133443.08""","=""147453.4""","=""3s.5f""","=""3F*""","=""3""","=""3s.10g""","=""3G""","=""4""",7,9,,"=""T6298c4,LS""","=""""",
Al,2,"=""""","=""713.919""","=""""","=""3.45e+03""",E,"=""133450.07""","=""147453.4""","=""3s.5f""","=""3F*""","=""4""","=""3s.10g""","=""3G""","=""3""",9,7,,"=""T6298c4,LS""","=""""",
Al,2,"=""""","=""713.919""","=""""","=""1.75e+05""",E,"=""133450.07""","=""147453.4""","=""3s.5f""","=""3F*""","=""4""","=""3s.10g""","=""3G""","=""4""",9,9,,"=""T6298c4,LS""","=""""",
Al,2,"=""""","=""713.919""","=""""","=""2.81e+06""",C,"=""133450.07""","=""147453.4""","=""3s.5f""","=""3F*""","=""4""","=""3s.10g""","=""3G""","=""5""",9,11,,"=""T6298c4,LS""","=""""",
Al,3,"=""""","=""719.043""","=""""","=""3.40e+04""",B+,"=""191484.23""","=""205387.77""","=""2p6.6s""","=""2S""","=""1/2""","=""2p6.7p""","=""2P*""","=""3/2""",2,4,,"=""c32""","=""""",
Al,3,"=""""","=""719.666""","=""""","=""4.38e+04""",B+,"=""191484.23""","=""205375.74""","=""2p6.6s""","=""2S""","=""1/2""","=""2p6.7p""","=""2P*""","=""1/2""",2,2,,"=""c32""","=""""",
Al,2,"=""""","=""725.931""","=""""","=""2.68e+06""",C,"=""133681.78""","=""147453.4""","=""3s.5f""","=""1F*""","=""3""","=""3s.10g""","=""1G""","=""4""",7,9,,"=""T6298c4""","=""""",
Al,2,"=""""","=""727.283""","=""""","=""1.50e+05""",C,"=""132215.517""","=""145961.54""","=""3s.6s""","=""3S""","=""1""","=""3p.4s""","=""3P*""","=""2""",3,5,,"=""T6298c4,LS""","=""""",
Al,2,"=""""","=""730.815""","=""""","=""2.56e+06""",C,"=""132822.89""","=""146502.47""","=""3s.5d""","=""3D""","=""3""","=""3s.9f""","=""3F*""","=""4""",7,9,,"=""T6298c4,LS""","=""""",
Al,2,"=""""","=""730.890""","=""""","=""2.27e+06""",C,"=""132822.80""","=""146500.99""","=""3s.5d""","=""3D""","=""2""","=""3s.9f""","=""3F*""","=""3""",5,7,,"=""T6298c4,LS""","=""""",
Al,2,"=""""","=""730.894""","=""""","=""2.85e+05""",E,"=""132822.89""","=""146500.99""","=""3s.5d""","=""3D""","=""3""","=""3s.9f""","=""3F*""","=""3""",7,7,,"=""T6298c4,LS""","=""""",
Al,2,"=""""","=""730.948""","=""""","=""3.99e+05""",E,"=""132822.80""","=""146499.90""","=""3s.5d""","=""3D""","=""2""","=""3s.9f""","=""3F*""","=""2""",5,5,,"=""T6298c4,LS""","=""""",
Al,2,"=""""","=""730.953""","=""""","=""1.12e+04""",E,"=""132822.89""","=""146499.90""","=""3s.5d""","=""3D""","=""3""","=""3s.9f""","=""3F*""","=""2""",7,5,,"=""T6298c4,LS""","=""""",
Al,2,"=""""","=""730.956""","=""""","=""2.15e+06""",C,"=""132822.95""","=""146499.90""","=""3s.5d""","=""3D""","=""1""","=""3s.9f""","=""3F*""","=""2""",3,5,,"=""T6298c4,LS""","=""""",
Al,1,"=""""","=""732.7472""","=""""","=""3.66e+05""",D,"=""32949.807""","=""46593.32""","=""3s2.4p""","=""2P*""","=""1/2""","=""3s2.8d""","=""2D""","=""3/2""",2,4,,"=""u36,LS""","=""""",
Al,1,"=""""","=""733.5645""","=""""","=""4.37e+05""",C,"=""32965.639""","=""46593.95""","=""3s2.4p""","=""2P*""","=""3/2""","=""3s2.8d""","=""2D""","=""5/2""",4,6,,"=""u36,LS""","=""""",
Al,1,"=""""","=""733.5985""","=""""","=""7.28e+04""",E,"=""32965.639""","=""46593.32""","=""3s2.4p""","=""2P*""","=""3/2""","=""3s2.8d""","=""2D""","=""3/2""",4,4,,"=""u36,LS""","=""""",
Al,2,"=""""","=""734.056""","=""""","=""1.46e+05""",C,"=""132215.517""","=""145834.70""","=""3s.6s""","=""3S""","=""1""","=""3p.4s""","=""3P*""","=""1""",3,3,,"=""T6298c4,LS""","=""""",
Al,1,"=""736.1568""","=""736.1568""","=""8""","=""2.32e+06""",C+,"=""32435.453""","=""46015.774""","=""3s2.3d""","=""2D""","=""3/2""","=""3s2.7f""","=""2F*""","=""5/2""",4,6,,"=""u36,LS""","=""L4737""",
Al,1,"=""""","=""736.2296""","=""""","=""1.66e+05""",D,"=""32436.796""","=""46015.774""","=""3s2.3d""","=""2D""","=""5/2""","=""3s2.7f""","=""2F*""","=""5/2""",6,6,,"=""u36,LS""","=""""",
Al,1,"=""736.2297""","=""736.2296""","=""9""","=""2.49e+06""",C+,"=""32436.796""","=""46015.774""","=""3s2.3d""","=""2D""","=""5/2""","=""3s2.7f""","=""2F*""","=""7/2""",6,8,,"=""u36,LS""","=""L4737""",
Al,2,"=""""","=""737.226""","=""""","=""1.44e+05""",D,"=""132215.517""","=""145776.15""","=""3s.6s""","=""3S""","=""1""","=""3p.4s""","=""3P*""","=""0""",3,1,,"=""T6298c4,LS""","=""""",
Al,2,"=""""","=""737.659""","=""""","=""4.80e+05""",C+,"=""121366.725""","=""134919.40""","=""3s.5s""","=""1S""","=""0""","=""3s.6p""","=""1P*""","=""1""",1,3,,"=""T6533""","=""""",
Al,2,"=""""","=""738.424""","=""""","=""1.06e+06""",C+,"=""121483.50""","=""135022.127""","=""3s.4d""","=""3D""","=""3""","=""3s.6p""","=""3P*""","=""2""",7,5,,"=""T6298c4,LS""","=""""",
Al,2,"=""""","=""738.447""","=""""","=""1.88e+05""",C+,"=""121483.92""","=""135022.127""","=""3s.4d""","=""3D""","=""2""","=""3s.6p""","=""3P*""","=""2""",5,5,,"=""T6298c4,LS""","=""""",
Al,2,"=""""","=""738.46495""","=""""","=""1.25e+04""",D,"=""121484.252""","=""135022.127""","=""3s.4d""","=""3D""","=""1""","=""3s.6p""","=""3P*""","=""2""",3,5,,"=""T6298c4,LS""","=""""",
Al,2,"=""""","=""738.798""","=""""","=""9.40e+05""",C+,"=""121483.92""","=""135015.701""","=""3s.4d""","=""3D""","=""2""","=""3s.6p""","=""3P*""","=""1""",5,3,,"=""T6298c4,LS""","=""""",
Al,2,"=""""","=""738.81564""","=""""","=""3.14e+05""",C+,"=""121484.252""","=""135015.701""","=""3s.4d""","=""3D""","=""1""","=""3s.6p""","=""3P*""","=""1""",3,3,,"=""T6298c4,LS""","=""""",
Al,2,"=""""","=""739.00220""","=""""","=""1.25e+06""",C+,"=""121484.252""","=""135012.285""","=""3s.4d""","=""3D""","=""1""","=""3s.6p""","=""3P*""","=""0""",3,1,,"=""T6298c4,LS""","=""""",
Al,2,"=""744.942""","=""744.944""","=""50""","=""1.16e+07""",A,"=""125869.015""","=""139289.15""","=""3s.5p""","=""1P*""","=""1""","=""3s.6d""","=""1D""","=""2""",3,5,,"=""T6533""","=""L3515""",
Al,2,"=""747.141""","=""747.141""","=""90""","=""5.57e+07""",B+,"=""110089.83""","=""123470.5""","=""3s.3d""","=""1D""","=""2""","=""3s.4f""","=""1F*""","=""3""",5,7,,"=""T6298c4""","=""L3515""",
Al,3,"=""""","=""753.934""","=""""","=""3.63e+06""",A,"=""195621.72""","=""208881.83""","=""2p6.6p""","=""2P*""","=""1/2""","=""2p6.7d""","=""2D""","=""3/2""",2,4,,"=""c32""","=""""",
Al,3,"=""""","=""755.074""","=""""","=""7.10e+05""",A,"=""195641.74""","=""208881.83""","=""2p6.6p""","=""2P*""","=""3/2""","=""2p6.7d""","=""2D""","=""3/2""",4,4,,"=""c32""","=""""",
Al,3,"=""""","=""755.074""","=""""","=""4.26e+06""",A+,"=""195641.74""","=""208881.83""","=""2p6.6p""","=""2P*""","=""3/2""","=""2p6.7d""","=""2D""","=""5/2""",4,6,,"=""c32""","=""""",
Al,1,"=""760.6159""","=""760.6162""","=""5""","=""4.36e+05""",D,"=""32949.807""","=""46093.424""","=""3s2.4p""","=""2P*""","=""1/2""","=""3s2.7d""","=""2D""","=""3/2""",2,4,,"=""u36,LS""","=""L4737""",
Al,2,"=""""","=""760.899""","=""""","=""3.09e+04""",D,"=""132822.80""","=""145961.54""","=""3s.5d""","=""3D""","=""2""","=""3p.4s""","=""3P*""","=""2""",5,5,,"=""T6298c4,LS""","=""""",
Al,2,"=""""","=""760.904""","=""""","=""1.72e+05""",C+,"=""132822.89""","=""145961.54""","=""3s.5d""","=""3D""","=""3""","=""3p.4s""","=""3P*""","=""2""",7,5,,"=""T6298c4,LS""","=""""",
Al,2,"=""""","=""760.907""","=""""","=""2.05e+03""",E,"=""132822.95""","=""145961.54""","=""3s.5d""","=""3D""","=""1""","=""3p.4s""","=""3P*""","=""2""",3,5,,"=""T6298c4,LS""","=""""",
Al,1,"=""761.4820""","=""761.4820""","=""7""","=""5.20e+05""",C,"=""32965.639""","=""46094.312""","=""3s2.4p""","=""2P*""","=""3/2""","=""3s2.7d""","=""2D""","=""5/2""",4,6,,"=""u36,LS""","=""L4737""",
Al,1,"=""761.5339""","=""761.5335""","=""1""","=""8.68e+04""",E,"=""32965.639""","=""46093.424""","=""3s2.4p""","=""2P*""","=""3/2""","=""3s2.7d""","=""2D""","=""3/2""",4,4,,"=""u36,LS""","=""L4737""",
Al,2,"=""762.448""","=""762.466""","=""5""","=""4.59e+06""",B,"=""125703.14""","=""138814.87""","=""3s.5p""","=""3P*""","=""0""","=""3s.6d""","=""3D""","=""1""",1,3,,"=""T6298c4,LS""","=""L3515""",
Al,2,"=""762.785""","=""762.797""","=""10""","=""6.20e+06""",B,"=""125708.828""","=""138814.87""","=""3s.5p""","=""3P*""","=""1""","=""3s.6d""","=""3D""","=""2""",3,5,,"=""T6298c4,LS""","=""L3515""",
Al,2,"=""""","=""762.797""","=""""","=""3.45e+06""",C+,"=""125708.828""","=""138814.87""","=""3s.5p""","=""3P*""","=""1""","=""3s.6d""","=""3D""","=""1""",3,3,,"=""T6298c4,LS""","=""""",
Al,3,"=""""","=""763.522""","=""""","=""3.55e+06""",A+,"=""188877.57""","=""201971.16""","=""2p6.5d""","=""2D""","=""5/2""","=""2p6.6f""","=""2F*""","=""5/2""",6,6,,"=""c32""","=""""",
Al,2,"=""763.533""","=""763.532""","=""20""","=""8.25e+06""",B+,"=""125721.703""","=""138815.12""","=""3s.5p""","=""3P*""","=""2""","=""3s.6d""","=""3D""","=""3""",5,7,,"=""T6298c4,LS""","=""L3515""",
Al,3,"=""763.537""","=""763.522""","=""7d*""","=""5.33e+07""",A+,"=""188877.57""","=""201971.16""","=""2p6.5d""","=""2D""","=""5/2""","=""2p6.6f""","=""2F*""","=""7/2""",6,8,,"=""c32""","=""L277""",
Al,3,"=""763.537""","=""763.560""","=""7d*""","=""4.97e+07""",A+,"=""188878.22""","=""201971.16""","=""2p6.5d""","=""2D""","=""3/2""","=""2p6.6f""","=""2F*""","=""5/2""",4,6,,"=""c32""","=""L277""",
Al,2,"=""""","=""763.547""","=""""","=""2.29e+05""",C,"=""125721.703""","=""138814.87""","=""3s.5p""","=""3P*""","=""2""","=""3s.6d""","=""3D""","=""1""",5,3,,"=""T6298c4,LS""","=""""",
Al,2,"=""""","=""763.547""","=""""","=""2.06e+06""",C+,"=""125721.703""","=""138814.87""","=""3s.5p""","=""3P*""","=""2""","=""3s.6d""","=""3D""","=""2""",5,5,,"=""T6298c4,LS""","=""""",
Al,3,"=""766.0259""","=""766.026""","=""6""","=""3.80e+07""",A+,"=""178433.43""","=""191484.23""","=""2p6.5p""","=""2P*""","=""1/2""","=""2p6.6s""","=""2S""","=""1/2""",2,2,,"=""c32""","=""L277""",
Al,3,"=""768.1971""","=""768.197""","=""7""","=""7.60e+07""",A+,"=""178470.32""","=""191484.23""","=""2p6.5p""","=""2P*""","=""3/2""","=""2p6.6s""","=""2S""","=""1/2""",4,2,,"=""c32""","=""L277""",
Al,2,"=""""","=""768.316""","=""""","=""1.50e+05""",C,"=""132822.80""","=""145834.70""","=""3s.5d""","=""3D""","=""2""","=""3p.4s""","=""3P*""","=""1""",5,3,,"=""T6298c4,LS""","=""""",
Al,2,"=""""","=""768.325""","=""""","=""4.99e+04""",D,"=""132822.95""","=""145834.70""","=""3s.5d""","=""3D""","=""1""","=""3p.4s""","=""3P*""","=""1""",3,3,,"=""T6298c4,LS""","=""""",
Al,2,"=""""","=""770.252""","=""""","=""3.68e+06""",C+,"=""133437.71""","=""146416.9""","=""3s.5f""","=""3F*""","=""2""","=""3s.9g""","=""3G""","=""3""",5,7,,"=""T6298c4,LS""","=""""",
Al,2,"=""""","=""770.571""","=""""","=""3.22e+05""",E,"=""133443.08""","=""146416.9""","=""3s.5f""","=""3F*""","=""3""","=""3s.9g""","=""3G""","=""3""",7,7,,"=""T6298c4,LS""","=""""",
Al,2,"=""""","=""770.571""","=""""","=""3.75e+06""",C+,"=""133443.08""","=""146416.9""","=""3s.5f""","=""3F*""","=""3""","=""3s.9g""","=""3G""","=""4""",7,9,,"=""T6298c4,LS""","=""""",
Al,2,"=""""","=""770.986""","=""""","=""4.90e+03""",E,"=""133450.07""","=""146416.9""","=""3s.5f""","=""3F*""","=""4""","=""3s.9g""","=""3G""","=""3""",9,7,,"=""T6298c4,LS""","=""""",
Al,2,"=""""","=""770.986""","=""""","=""2.50e+05""",E,"=""133450.07""","=""146416.9""","=""3s.5f""","=""3F*""","=""4""","=""3s.9g""","=""3G""","=""4""",9,9,,"=""T6298c4,LS""","=""""",
Al,2,"=""""","=""770.986""","=""""","=""4.00e+06""",C+,"=""133450.07""","=""146416.9""","=""3s.5f""","=""3F*""","=""4""","=""3s.9g""","=""3G""","=""5""",9,11,,"=""T6298c4,LS""","=""""",
Al,2,"=""""","=""771.798""","=""""","=""1.97e+05""",C,"=""132822.95""","=""145776.15""","=""3s.5d""","=""3D""","=""1""","=""3p.4s""","=""3P*""","=""0""",3,1,,"=""T6298c4,LS""","=""""",
Al,2,"=""""","=""773.088""","=""""","=""1.43e+07""",C+,"=""125869.015""","=""138800.60""","=""3s.5p""","=""1P*""","=""1""","=""3s.7s""","=""1S""","=""0""",3,1,,"=""T6298c4""","=""""",
Al,2,"=""781.231""","=""781.233""","=""5""","=""1.55e+06""",C,"=""125703.14""","=""138499.89""","=""3s.5p""","=""3P*""","=""0""","=""3s.7s""","=""3S""","=""1""",1,3,,"=""T6298c4,LS""","=""L3515""",
Al,2,"=""781.583""","=""781.581""","=""10""","=""4.64e+06""",C+,"=""125708.828""","=""138499.89""","=""3s.5p""","=""3P*""","=""1""","=""3s.7s""","=""3S""","=""1""",3,3,,"=""T6298c4,LS""","=""L3515""",
Al,2,"=""782.372""","=""782.368""","=""20""","=""7.70e+06""",C+,"=""125721.703""","=""138499.89""","=""3s.5p""","=""3P*""","=""2""","=""3s.7s""","=""3S""","=""1""",5,3,,"=""T6298c4,LS""","=""L3515""",
Al,1,"=""783.5309""","=""783.5309""","=""11""","=""3.71e+06""",B,"=""32435.453""","=""45194.681""","=""3s2.3d""","=""2D""","=""3/2""","=""3s2.6f""","=""2F*""","=""5/2""",4,6,,"=""u36,LS""","=""L4737""",
Al,1,"=""783.6134""","=""783.6134""","=""12*""","=""2.65e+05""",C+,"=""32436.796""","=""45194.681""","=""3s2.3d""","=""2D""","=""5/2""","=""3s2.6f""","=""2F*""","=""5/2""",6,6,,"=""u36,LS""","=""L4737""",
Al,1,"=""783.6134""","=""783.6134""","=""12*""","=""3.97e+06""",B+,"=""32436.796""","=""45194.681""","=""3s2.3d""","=""2D""","=""5/2""","=""3s2.6f""","=""2F*""","=""7/2""",6,8,,"=""u36,LS""","=""L4737""",
Al,3,"=""788.1790""","=""788.178""","=""9""","=""5.53e+07""",A+,"=""165786.32""","=""178470.32""","=""2p6.4d""","=""2D""","=""5/2""","=""2p6.5p""","=""2P*""","=""3/2""",6,4,,"=""c32""","=""L277""",
Al,3,"=""788.2516""","=""788.252""","=""6""","=""6.14e+06""",A+,"=""165787.51""","=""178470.32""","=""2p6.4d""","=""2D""","=""3/2""","=""2p6.5p""","=""2P*""","=""3/2""",4,4,,"=""c32""","=""L277""",
Al,3,"=""790.5513""","=""790.551""","=""8""","=""6.12e+07""",A+,"=""165787.51""","=""178433.43""","=""2p6.4d""","=""2D""","=""3/2""","=""2p6.5p""","=""2P*""","=""1/2""",4,2,,"=""c32""","=""L277""",
Al,3,"=""""","=""792.158""","=""""","=""8.82e+05""",A,"=""201375.20""","=""213995.48""","=""2p6.6d""","=""2D""","=""5/2""","=""2p6.8f""","=""2F*""","=""5/2""",6,6,,"=""c32""","=""""",
Al,3,"=""792.166""","=""792.158""","=""2d*""","=""1.32e+07""",A+,"=""201375.20""","=""213995.48""","=""2p6.6d""","=""2D""","=""5/2""","=""2p6.8f""","=""2F*""","=""7/2""",6,8,,"=""c32""","=""L277""",
Al,3,"=""792.166""","=""792.180""","=""2d*""","=""1.23e+07""",A+,"=""201375.56""","=""213995.48""","=""2p6.6d""","=""2D""","=""3/2""","=""2p6.8f""","=""2F*""","=""5/2""",4,6,,"=""c32""","=""L277""",
Al,1,"=""806.5968""","=""806.5969""","=""6""","=""4.42e+05""",C+,"=""32949.807""","=""45344.165""","=""3s2.4p""","=""2P*""","=""1/2""","=""3s2.6d""","=""2D""","=""3/2""",2,4,,"=""u36,LS""","=""L4737""",
Al,1,"=""807.5353""","=""807.5353""","=""8""","=""5.28e+05""",C+,"=""32965.639""","=""45345.594""","=""3s2.4p""","=""2P*""","=""3/2""","=""3s2.6d""","=""2D""","=""5/2""",4,6,,"=""u36,LS""","=""L4737""",
Al,1,"=""807.6289""","=""807.6285""","=""2""","=""8.81e+04""",C,"=""32965.639""","=""45344.165""","=""3s2.4p""","=""2P*""","=""3/2""","=""3s2.6d""","=""2D""","=""3/2""",4,4,,"=""u36,LS""","=""L4737""",
Al,2,"=""808.691""","=""808.686""","=""5""","=""2.02e+06""",C,"=""133916.368""","=""146278.70""","=""3s.5d""","=""1D""","=""2""","=""3s.9f""","=""1F*""","=""3""",5,7,,"=""T6298c4""","=""L3515""",
Al,2,"=""811.972""","=""811.965""","=""15""","=""2.91e+06""",C+,"=""132822.89""","=""145135.31""","=""3s.5d""","=""3D""","=""3""","=""3s.8f""","=""3F*""","=""4""",7,9,,"=""T6298c4,LS""","=""L3515""",
Al,2,"=""""","=""812.188""","=""""","=""3.24e+05""",C,"=""132822.89""","=""145131.93""","=""3s.5d""","=""3D""","=""3""","=""3s.8f""","=""3F*""","=""3""",7,7,,"=""T6298c4,LS""","=""""",
Al,2,"=""812.203""","=""812.182""","=""7hfs""","=""2.58e+06""",C+,"=""132822.80""","=""145131.93""","=""3s.5d""","=""3D""","=""2""","=""3s.8f""","=""3F*""","=""3""",5,7,,"=""T6298c4,LS""","=""L3515c150""",
Al,2,"=""812.352""","=""812.341""","=""1*""","=""4.54e+05""",C,"=""132822.80""","=""145129.51""","=""3s.5d""","=""3D""","=""2""","=""3s.8f""","=""3F*""","=""2""",5,5,,"=""T6298c4,LS""","=""L3515""",
Al,2,"=""812.352""","=""812.347""","=""1*""","=""1.28e+04""",E,"=""132822.89""","=""145129.51""","=""3s.5d""","=""3D""","=""3""","=""3s.8f""","=""3F*""","=""2""",7,5,,"=""T6298c4,LS""","=""L3515""",
Al,2,"=""812.352""","=""812.351""","=""1*""","=""2.44e+06""",C+,"=""132822.95""","=""145129.51""","=""3s.5d""","=""3D""","=""1""","=""3s.8f""","=""3F*""","=""2""",3,5,,"=""T6298c4,LS""","=""L3515""",
Al,2,"=""835.4318""","=""835.432""","=""100""","=""4.27e+07""",A,"=""121483.50""","=""133450.07""","=""3s.4d""","=""3D""","=""3""","=""3s.5f""","=""3F*""","=""4""",7,9,,"=""T6298c4,LS""","=""L4575""",
Al,2,"=""835.923""","=""835.920""","=""5""","=""4.75e+06""",B+,"=""121483.50""","=""133443.08""","=""3s.4d""","=""3D""","=""3""","=""3s.5f""","=""3F*""","=""3""",7,7,,"=""T6298c4,LS""","=""L3515""",
Al,2,"=""835.9492""","=""835.949""","=""50""","=""3.79e+07""",A,"=""121483.92""","=""133443.08""","=""3s.4d""","=""3D""","=""2""","=""3s.5f""","=""3F*""","=""3""",5,7,,"=""T6298c4,LS""","=""L4575""",
Al,2,"=""""","=""836.296""","=""""","=""1.87e+05""",C+,"=""121483.50""","=""133437.71""","=""3s.4d""","=""3D""","=""3""","=""3s.5f""","=""3F*""","=""2""",7,5,,"=""T6298c4,LS""","=""""",
Al,2,"=""836.3251""","=""836.325""","=""5""","=""6.64e+06""",B+,"=""121483.92""","=""133437.71""","=""3s.4d""","=""3D""","=""2""","=""3s.5f""","=""3F*""","=""2""",5,5,,"=""T6298c4,LS""","=""L4575""",
Al,2,"=""836.3469""","=""836.348""","=""50""","=""3.58e+07""",A,"=""121484.252""","=""133437.71""","=""3s.4d""","=""3D""","=""1""","=""3s.5f""","=""3F*""","=""2""",3,5,,"=""T6298c4,LS""","=""L4575""",
Al,3,"=""""","=""849.653""","=""""","=""1.80e+06""",A,"=""201971.16""","=""213737.44""","=""2p6.6f""","=""2F*""","=""7/2""","=""2p6.8d""","=""2D""","=""5/2""",8,6,,"=""c32""","=""""",
Al,3,"=""""","=""849.653""","=""""","=""1.89e+06""",A,"=""201971.16""","=""213737.44""","=""2p6.6f""","=""2F*""","=""5/2""","=""2p6.8d""","=""2D""","=""3/2""",6,4,,"=""c32""","=""""",
Al,3,"=""""","=""849.653""","=""""","=""8.99e+04""",A,"=""201971.16""","=""213737.44""","=""2p6.6f""","=""2F*""","=""5/2""","=""2p6.8d""","=""2D""","=""5/2""",6,6,,"=""c32""","=""""",
Al,2,"=""864.0705""","=""864.070""","=""100""","=""3.00e+07""",A+,"=""95350.60""","=""106920.56""","=""3s.4s""","=""1S""","=""0""","=""3s.4p""","=""1P*""","=""1""",1,3,,"=""c47,u24""","=""L4575""",
Al,2,"=""867.121""","=""867.110""","=""15hfs""","=""5.52e+06""",C+,"=""133437.71""","=""144967.1""","=""3s.5f""","=""3F*""","=""2""","=""3s.8g""","=""3G""","=""3""",5,7,,"=""T6298c4,LS""","=""L3515c150""",
Al,2,"=""""","=""867.514""","=""""","=""4.83e+05""",C,"=""133443.08""","=""144967.1""","=""3s.5f""","=""3F*""","=""3""","=""3s.8g""","=""3G""","=""3""",7,7,,"=""T6298c4,LS""","=""""",
Al,2,"=""""","=""867.514""","=""""","=""5.62e+06""",C+,"=""133443.08""","=""144967.1""","=""3s.5f""","=""3F*""","=""3""","=""3s.8g""","=""3G""","=""4""",7,9,,"=""T6298c4,LS""","=""""",
Al,2,"=""""","=""868.041""","=""""","=""7.34e+03""",E,"=""133450.07""","=""144967.1""","=""3s.5f""","=""3F*""","=""4""","=""3s.8g""","=""3G""","=""3""",9,7,,"=""T6298c4,LS""","=""""",
Al,2,"=""""","=""868.041""","=""""","=""3.75e+05""",C,"=""133450.07""","=""144967.1""","=""3s.5f""","=""3F*""","=""4""","=""3s.8g""","=""3G""","=""4""",9,9,,"=""T6298c4,LS""","=""""",
Al,2,"=""""","=""868.041""","=""""","=""5.99e+06""",B,"=""133450.07""","=""144967.1""","=""3s.5f""","=""3F*""","=""4""","=""3s.8g""","=""3G""","=""5""",9,11,,"=""T6298c4,LS""","=""""",
Al,3,"=""""","=""869.367""","=""""","=""5.66e+06""",A+,"=""189876.10""","=""201375.56""","=""2p6.5f""","=""2F*""","=""5/2""","=""2p6.6d""","=""2D""","=""3/2""",6,4,,"=""c32""","=""""",
Al,3,"=""869.398""","=""869.394""","=""4d*""","=""2.69e+05""",A,"=""189876.10""","=""201375.20""","=""2p6.5f""","=""2F*""","=""5/2""","=""2p6.6d""","=""2D""","=""5/2""",6,6,,"=""c32""","=""L277""",
Al,3,"=""869.398""","=""869.419""","=""4d*""","=""5.39e+06""",A+,"=""189876.42""","=""201375.20""","=""2p6.5f""","=""2F*""","=""7/2""","=""2p6.6d""","=""2D""","=""5/2""",8,6,,"=""c32""","=""L277""",
Al,1,"=""877.2866""","=""877.2871""","=""13""","=""6.47e+06""",B+,"=""32435.453""","=""43831.101""","=""3s2.3d""","=""2D""","=""3/2""","=""3s2.5f""","=""2F*""","=""5/2""",4,6,,"=""u36,LS""","=""L4737""",
Al,1,"=""877.3896""","=""877.3902""","=""14*""","=""6.95e+06""",B+,"=""32436.796""","=""43831.105""","=""3s2.3d""","=""2D""","=""5/2""","=""3s2.5f""","=""2F*""","=""7/2""",6,8,,"=""u36,LS""","=""L4737""",
Al,1,"=""877.3896""","=""877.3905""","=""14*""","=""4.62e+05""",C+,"=""32436.796""","=""43831.101""","=""3s2.3d""","=""2D""","=""5/2""","=""3s2.5f""","=""2F*""","=""5/2""",6,6,,"=""u36,LS""","=""L4737""",
Al,2,"=""""","=""880.303""","=""""","=""1.65e+06""",C,"=""134919.40""","=""146276.0""","=""3s.6p""","=""1P*""","=""1""","=""3s.9d""","=""1D""","=""2""",3,5,,"=""T6298c4""","=""""",
Al,1,"=""882.8909""","=""882.8903""","=""8""","=""6.72e+05""",C,"=""32949.807""","=""44273.133""","=""3s2.4p""","=""2P*""","=""1/2""","=""3s2.7s""","=""2S""","=""1/2""",2,2,,"=""u36,LS""","=""L4737""",
Al,1,"=""884.1277""","=""884.1265""","=""10""","=""1.34e+06""",C,"=""32965.639""","=""44273.133""","=""3s2.4p""","=""2P*""","=""3/2""","=""3s2.7s""","=""2S""","=""1/2""",4,2,,"=""u36,LS""","=""L4737""",
Al,1,"=""891.2900""","=""891.2918""","=""7""","=""2.28e+05""",C+,"=""32949.807""","=""44166.398""","=""3s2.4p""","=""2P*""","=""1/2""","=""3s2.5d""","=""2D""","=""3/2""",2,4,,"=""u36,LS""","=""L4737""",
Al,2,"=""""","=""892.234""","=""""","=""6.16e+02""",E,"=""133437.71""","=""144642.45""","=""3s.5f""","=""3F*""","=""2""","=""3s.8d""","=""3D""","=""3""",5,7,,"=""T6298c4,LS""","=""""",
Al,2,"=""""","=""892.256""","=""""","=""3.07e+04""",E,"=""133437.71""","=""144642.18""","=""3s.5f""","=""3F*""","=""2""","=""3s.8d""","=""3D""","=""2""",5,5,,"=""T6298c4,LS""","=""""",
Al,2,"=""""","=""892.270""","=""""","=""2.75e+05""",D,"=""133437.71""","=""144642.0""","=""3s.5f""","=""3F*""","=""2""","=""3s.8d""","=""3D""","=""1""",5,3,,"=""T6298c4,LS""","=""""",
Al,1,"=""892.3555""","=""892.3565""","=""9""","=""2.73e+05""",C+,"=""32965.639""","=""44168.847""","=""3s2.4p""","=""2P*""","=""3/2""","=""3s2.5d""","=""2D""","=""5/2""",4,6,,"=""u36,LS""","=""L4737""",
Al,1,"=""892.5504""","=""892.5516""","=""4""","=""4.54e+04""",C,"=""32965.639""","=""44166.398""","=""3s2.4p""","=""2P*""","=""3/2""","=""3s2.5d""","=""2D""","=""3/2""",4,4,,"=""u36,LS""","=""L4737""",
Al,2,"=""""","=""892.662""","=""""","=""2.19e+04""",E,"=""133443.08""","=""144642.45""","=""3s.5f""","=""3F*""","=""3""","=""3s.8d""","=""3D""","=""3""",7,7,,"=""T6298c4,LS""","=""""",
Al,2,"=""""","=""892.684""","=""""","=""2.45e+05""",D,"=""133443.08""","=""144642.18""","=""3s.5f""","=""3F*""","=""3""","=""3s.8d""","=""3D""","=""2""",7,5,,"=""T6298c4,LS""","=""""",
Al,2,"=""""","=""893.220""","=""""","=""2.52e+05""",C,"=""133450.07""","=""144642.45""","=""3s.5f""","=""3F*""","=""4""","=""3s.8d""","=""3D""","=""3""",9,7,,"=""T6298c4,LS""","=""""",
Al,2,"=""""","=""894.512""","=""""","=""5.58e+05""",E,"=""135012.285""","=""146188.5""","=""3s.6p""","=""3P*""","=""0""","=""3s.9d""","=""3D""","=""1""",1,3,,"=""T6298c4,LS""","=""""",
Al,2,"=""""","=""894.785""","=""""","=""4.18e+05""",E,"=""135015.701""","=""146188.5""","=""3s.6p""","=""3P*""","=""1""","=""3s.9d""","=""3D""","=""1""",3,3,,"=""T6298c4,LS""","=""""",
Al,2,"=""""","=""894.785""","=""""","=""7.54e+05""",D,"=""135015.701""","=""146188.5""","=""3s.6p""","=""3P*""","=""1""","=""3s.9d""","=""3D""","=""2""",3,5,,"=""T6298c4,LS""","=""""",
Al,2,"=""""","=""895.268""","=""""","=""1.00e+06""",C,"=""135022.127""","=""146188.9""","=""3s.6p""","=""3P*""","=""2""","=""3s.9d""","=""3D""","=""3""",5,7,,"=""T6298c4,LS""","=""""",
Al,2,"=""""","=""895.300""","=""""","=""2.79e+04""",E,"=""135022.127""","=""146188.5""","=""3s.6p""","=""3P*""","=""2""","=""3s.9d""","=""3D""","=""1""",5,3,,"=""T6298c4,LS""","=""""",
Al,2,"=""""","=""895.300""","=""""","=""2.50e+05""",E,"=""135022.127""","=""146188.5""","=""3s.6p""","=""3P*""","=""2""","=""3s.9d""","=""3D""","=""2""",5,5,,"=""T6298c4,LS""","=""""",
Al,2,"=""""","=""919.873""","=""""","=""3.42e+06""",C+,"=""133916.368""","=""144784.45""","=""3s.5d""","=""1D""","=""2""","=""3s.8f""","=""1F*""","=""3""",5,7,,"=""T6298c4""","=""""",
Al,2,"=""""","=""928.663""","=""""","=""6.46e+07""",A,"=""123418.48""","=""134183.7""","=""3s.4f""","=""3F*""","=""2""","=""3s.5g""","=""3G""","=""3""",5,7,,"=""T6298c4,LS""","=""""",
Al,2,"=""""","=""928.833""","=""""","=""5.66e+06""",B+,"=""123420.45""","=""134183.7""","=""3s.4f""","=""3F*""","=""3""","=""3s.5g""","=""3G""","=""3""",7,7,,"=""T6298c4,LS""","=""""",
Al,2,"=""""","=""928.833""","=""""","=""6.61e+07""",A,"=""123420.45""","=""134183.7""","=""3s.4f""","=""3F*""","=""3""","=""3s.5g""","=""3G""","=""4""",7,9,,"=""T6298c4,LS""","=""""",
Al,2,"=""""","=""929.084""","=""""","=""8.62e+04""",C+,"=""123423.36""","=""134183.7""","=""3s.4f""","=""3F*""","=""4""","=""3s.5g""","=""3G""","=""3""",9,7,,"=""T6298c4,LS""","=""""",
Al,2,"=""""","=""929.084""","=""""","=""4.40e+06""",B+,"=""123423.36""","=""134183.7""","=""3s.4f""","=""3F*""","=""4""","=""3s.5g""","=""3G""","=""4""",9,9,,"=""T6298c4,LS""","=""""",
Al,2,"=""""","=""929.084""","=""""","=""7.01e+07""",A,"=""123423.36""","=""134183.7""","=""3s.4f""","=""3F*""","=""4""","=""3s.5g""","=""3G""","=""5""",9,11,,"=""T6298c4,LS""","=""""",
Al,2,"=""""","=""933.172""","=""""","=""7.15e+07""",A,"=""123470.5""","=""134183.7""","=""3s.4f""","=""1F*""","=""3""","=""3s.5g""","=""1G""","=""4""",7,9,,"=""T6298c4""","=""""",
Al,2,"=""""","=""955.682""","=""""","=""1.91e+06""",C+,"=""132822.89""","=""143283.75""","=""3s.5d""","=""3D""","=""3""","=""3s.7f""","=""3F*""","=""4""",7,9,,"=""T6298c4,LS""","=""""",
Al,2,"=""""","=""956.670""","=""""","=""1.69e+06""",C+,"=""132822.80""","=""143272.86""","=""3s.5d""","=""3D""","=""2""","=""3s.7f""","=""3F*""","=""3""",5,7,,"=""T6298c4,LS""","=""""",
Al,2,"=""""","=""956.678""","=""""","=""2.12e+05""",D,"=""132822.89""","=""143272.86""","=""3s.5d""","=""3D""","=""3""","=""3s.7f""","=""3F*""","=""3""",7,7,,"=""T6298c4,LS""","=""""",
Al,2,"=""""","=""957.054""","=""""","=""3.87e+05""",B,"=""123470.5""","=""133916.368""","=""3s.4f""","=""1F*""","=""3""","=""3s.5d""","=""1D""","=""2""",7,5,,"=""T6533""","=""""",
Al,3,"=""957.152""","=""957.153""","=""8""","=""5.82e+07""",A+,"=""178433.43""","=""188878.22""","=""2p6.5p""","=""2P*""","=""1/2""","=""2p6.5d""","=""2D""","=""3/2""",2,4,,"=""c32""","=""L277""",
Al,2,"=""""","=""957.314""","=""""","=""2.96e+05""",D,"=""132822.80""","=""143265.83""","=""3s.5d""","=""3D""","=""2""","=""3s.7f""","=""3F*""","=""2""",5,5,,"=""T6298c4,LS""","=""""",
Al,2,"=""""","=""957.322""","=""""","=""8.36e+03""",E,"=""132822.89""","=""143265.83""","=""3s.5d""","=""3D""","=""3""","=""3s.7f""","=""3F*""","=""2""",7,5,,"=""T6298c4,LS""","=""""",
Al,2,"=""""","=""957.328""","=""""","=""1.60e+06""",C+,"=""132822.95""","=""143265.83""","=""3s.5d""","=""3D""","=""1""","=""3s.7f""","=""3F*""","=""2""",3,5,,"=""T6298c4,LS""","=""""",
Al,3,"=""""","=""960.545""","=""""","=""1.16e+07""",A+,"=""178470.32""","=""188878.22""","=""2p6.5p""","=""2P*""","=""3/2""","=""2p6.5d""","=""2D""","=""3/2""",4,4,,"=""c32""","=""""",
Al,3,"=""960.599""","=""960.605""","=""9""","=""6.94e+07""",A+,"=""178470.32""","=""188877.57""","=""2p6.5p""","=""2P*""","=""3/2""","=""2p6.5d""","=""2D""","=""5/2""",4,6,,"=""c32""","=""L277""",
Al,2,"=""""","=""981.801""","=""""","=""4.38e+05""",C,"=""132778.633""","=""142961.20""","=""3s.6s""","=""1S""","=""0""","=""3s.8p""","=""1P*""","=""1""",1,3,,"=""T6298c4""","=""""",
Al,2,"=""""","=""987.357""","=""""","=""2.01e+06""",B,"=""124794.13""","=""134919.40""","=""3s.4d""","=""1D""","=""2""","=""3s.6p""","=""1P*""","=""1""",5,3,,"=""T6533""","=""""",
Al,2,"=""""","=""1007.635""","=""""","=""1.36e+07""",A,"=""95549.42""","=""105470.93""","=""3s.3d""","=""3D""","=""3""","=""3s.4p""","=""3P*""","=""2""",7,5,,"=""c47""","=""""",
Al,2,"=""""","=""1007.746""","=""""","=""2.43e+06""",A,"=""95550.51""","=""105470.93""","=""3s.3d""","=""3D""","=""2""","=""3s.4p""","=""3P*""","=""2""",5,5,,"=""c47""","=""""",
Al,2,"=""""","=""1007.840""","=""""","=""1.62e+05""",B+,"=""95551.44""","=""105470.93""","=""3s.3d""","=""3D""","=""1""","=""3s.4p""","=""3P*""","=""2""",3,5,,"=""c47""","=""""",
Al,2,"=""""","=""1010.744""","=""""","=""1.21e+07""",A,"=""95550.51""","=""105441.50""","=""3s.3d""","=""3D""","=""2""","=""3s.4p""","=""3P*""","=""1""",5,3,,"=""c47""","=""""",
Al,2,"=""""","=""1010.839""","=""""","=""4.02e+06""",A,"=""95551.44""","=""105441.50""","=""3s.3d""","=""3D""","=""1""","=""3s.4p""","=""3P*""","=""1""",3,3,,"=""c47""","=""""",
Al,2,"=""""","=""1012.270""","=""""","=""1.60e+07""",A,"=""95551.44""","=""105427.52""","=""3s.3d""","=""3D""","=""1""","=""3s.4p""","=""3P*""","=""0""",3,1,,"=""c47""","=""""",
Al,2,"=""""","=""1013.630""","=""""","=""2.63e+06""",C+,"=""134919.40""","=""144782.23""","=""3s.6p""","=""1P*""","=""1""","=""3s.8d""","=""1D""","=""2""",3,5,,"=""T6298c4""","=""""",
