element,sp_num,obs_wl_vac(nm),unc_obs_wl,ritz_wl_vac(nm),unc_ritz_wl,intens,Aki(s^-1),Acc,Ei(cm-1),Ek(cm-1),conf_i,term_i,J_i,conf_k,term_k,J_k,g_i,g_k,Type,tp_ref,line_ref,
Ar,3,"=""191.44119""","=""0.00001""","=""191.441190""","=""0.000012""","=""30""","=""1.8e+08""",E,"=""156915.518""","=""209150.8807""","=""3s2.3p3.(4S*).3d""","=""3D*""","=""3""","=""3s2.3p3.(4S*).4p""","=""3P""","=""2""",7,5,,"=""T1619CA,LS""","=""L11520""",
Ar,3,"=""191.46704""","=""0.00007""","=""191.466991""","=""0.000022""","=""6""","=""3.2e+07""",E,"=""156922.557""","=""209150.8807""","=""3s2.3p3.(4S*).3d""","=""3D*""","=""2""","=""3s2.3p3.(4S*).4p""","=""3P""","=""2""",5,5,,"=""T1619CA,LS""","=""L11520""",
Ar,3,"=""191.55767""","=""0.00002""","=""191.557680""","=""0.000022""","=""19""","=""1.6e+08""",E,"=""156922.557""","=""209126.1544""","=""3s2.3p3.(4S*).3d""","=""3D*""","=""2""","=""3s2.3p3.(4S*).4p""","=""3P""","=""1""",5,3,,"=""T1619CA,LS""","=""L11520""",
Ar,3,"=""191.80682""","=""0.00004""","=""191.80680""","=""0.00004""","=""8""","=""2.1e+08""",E,"=""157029.812""","=""209165.6077""","=""3s2.3p3.(4S*).3d""","=""3D*""","=""1""","=""3s2.3p3.(4S*).4p""","=""3P""","=""0""",3,1,,"=""T1619CA,LS""","=""L11520""",
Ar,3,"=""191.8667""","=""0.0010""","=""191.86099""","=""0.00004""","=""4""","=""2.1e+06""",E,"=""157029.812""","=""209150.8807""","=""3s2.3p3.(4S*).3d""","=""3D*""","=""1""","=""3s2.3p3.(4S*).4p""","=""3P""","=""2""",3,5,,"=""T1619CA,LS""","=""L3263""",
Ar,3,"=""191.95199""","=""0.00005""","=""191.95206""","=""0.00004""","=""8""","=""5.4e+07""",E,"=""157029.812""","=""209126.1544""","=""3s2.3p3.(4S*).3d""","=""3D*""","=""1""","=""3s2.3p3.(4S*).4p""","=""3P""","=""1""",3,3,,"=""T1619CA,LS""","=""L11520""",
element,sp_num,obs_wl_air(nm),unc_obs_wl,ritz_wl_air(nm),unc_ritz_wl,intens,Aki(s^-1),Acc,Ei(cm-1),Ek(cm-1),conf_i,term_i,J_i,conf_k,term_k,J_k,g_i,g_k,Type,tp_ref,line_ref,
Ar,3,"=""224.23208""","=""0.00005""","=""224.23210""","=""0.00004""","=""5""","=""6.7e+07""",E,"=""187172.022""","=""231754.836""","=""3s2.3p3.(2D*).3d""","=""3D*""","=""1""","=""3s2.3p3.(2D*).4p""","=""3P""","=""0""",3,1,,"=""T1619CA,LS""","=""L11520""",
Ar,3,"=""224.873""","=""0.004""","=""224.87513""","=""0.00004""","=""7""","=""1.7e+07""",E,"=""187172.022""","=""231627.364""","=""3s2.3p3.(2D*).3d""","=""3D*""","=""1""","=""3s2.3p3.(2D*).4p""","=""3P""","=""1""",3,3,,"=""T1619CA,LS""","=""L7491""",
Ar,3,"=""""","=""""","=""226.32724""","=""0.00004""","=""""","=""6.6e+05""",E,"=""187172.022""","=""231342.1658""","=""3s2.3p3.(2D*).3d""","=""3D*""","=""1""","=""3s2.3p3.(2D*).4p""","=""3P""","=""2""",3,5,,"=""T1619CA,LS""","=""""",
Ar,3,"=""228.22225""","=""0.00004""","=""228.22221""","=""0.00003""","=""10""","=""4.9e+07""",E,"=""187823.939""","=""231627.364""","=""3s2.3p3.(2D*).3d""","=""3D*""","=""2""","=""3s2.3p3.(2D*).4p""","=""3P""","=""1""",5,3,,"=""T1619CA,LS""","=""L11520""",
Ar,3,"=""229.715""","=""0.004""","=""229.71800""","=""0.00003""","=""5""","=""9.8e+06""",E,"=""187823.939""","=""231342.1658""","=""3s2.3p3.(2D*).3d""","=""3D*""","=""2""","=""3s2.3p3.(2D*).4p""","=""3P""","=""2""",5,5,,"=""T1619CA,LS""","=""L7491""",
Ar,2,"=""231.77460""","=""0.00001""","=""231.774598""","=""0.000004""","=""191""","=""1.4e+07""",C,"=""148842.4674""","=""191974.5800""","=""3s2.3p4.(1D).4s""","=""2D""","=""5/2""","=""3s2.3p4.(1S).4p""","=""2P*""","=""3/2""",6,4,,"=""T926""","=""L11520""",
Ar,3,"=""234.51968""","=""0.00003""","=""234.519667""","=""0.000023""","=""14""","=""5.4e+07""",E,"=""188714.875""","=""231342.1658""","=""3s2.3p3.(2D*).3d""","=""3D*""","=""3""","=""3s2.3p3.(2D*).4p""","=""3P""","=""2""",7,5,,"=""T1619CA,LS""","=""L11520""",
Ar,3,"=""248.41045""","=""0.00009""","=""248.41053""","=""0.00006""","=""5""","=""3.0e+07""",E,"=""186402.885""","=""226646.6786""","=""3s2.3p3.(2P*).3d""","=""3F*""","=""4""","=""3s2.3p3.(2D*).4p""","=""3F""","=""4""",9,9,,"=""T1619CA,LS""","=""L11520""",
Ar,3,"=""249.295""","=""0.004""","=""249.29343""","=""0.00006""","=""3""","=""2.5e+06""",E,"=""186402.885""","=""226504.1601""","=""3s2.3p3.(2P*).3d""","=""3F*""","=""4""","=""3s2.3p3.(2D*).4p""","=""3F""","=""3""",9,7,,"=""T1619CA,LS""","=""L7491""",
Ar,3,"=""249.996""","=""0.004""","=""249.99661""","=""0.00013""","=""1""","=""2.0e+06""",E,"=""186658.19""","=""226646.6786""","=""3s2.3p3.(2P*).3d""","=""3F*""","=""3""","=""3s2.3p3.(2D*).4p""","=""3F""","=""4""",7,9,,"=""T1619CA,LS""","=""L7491""",
Ar,3,"=""250.891""","=""0.004""","=""250.89084""","=""0.00013""","=""3""","=""2.6e+07""",E,"=""186658.19""","=""226504.1601""","=""3s2.3p3.(2P*).3d""","=""3F*""","=""3""","=""3s2.3p3.(2D*).4p""","=""3F""","=""3""",7,7,,"=""T1619CA,LS""","=""L7491""",
Ar,3,"=""251.826""","=""0.004""","=""251.82088""","=""0.00013""","=""2""","=""3.4e+06""",E,"=""186658.19""","=""226357.0086""","=""3s2.3p3.(2P*).3d""","=""3F*""","=""3""","=""3s2.3p3.(2D*).4p""","=""3F""","=""2""",7,5,,"=""T1619CA,LS""","=""L7491""",
Ar,3,"=""252.448""","=""0.004""","=""252.44847""","=""0.00012""","=""1""","=""2.5e+06""",E,"=""186904.026""","=""226504.1601""","=""3s2.3p3.(2P*).3d""","=""3F*""","=""2""","=""3s2.3p3.(2D*).4p""","=""3F""","=""3""",5,7,,"=""T1619CA,LS""","=""L7491""",
Ar,3,"=""253.392""","=""0.004""","=""253.39011""","=""0.00012""","=""3""","=""2.7e+07""",E,"=""186904.026""","=""226357.0086""","=""3s2.3p3.(2P*).3d""","=""3F*""","=""2""","=""3s2.3p3.(2D*).4p""","=""3F""","=""2""",5,5,,"=""T1619CA,LS""","=""L7491""",
Ar,3,"=""263.18635""","=""0.00008""","=""263.18633""","=""0.00006""","=""6""","=""3.7e+07""",E,"=""187172.022""","=""225156.5915""","=""3s2.3p3.(2D*).3d""","=""3D*""","=""1""","=""3s2.3p3.(2D*).4p""","=""3D""","=""1""",3,3,,"=""T1619CA,LS""","=""L11520""",
Ar,3,"=""263.240""","=""0.004""","=""263.23751""","=""0.00006""","=""4""","=""7.5e+06""",E,"=""187172.022""","=""225149.2072""","=""3s2.3p3.(2D*).3d""","=""3D*""","=""1""","=""3s2.3p3.(2D*).4p""","=""3D""","=""2""",3,5,,"=""T1619CA,LS""","=""L7491""",
Ar,3,"=""266.022""","=""0.004""","=""266.01862""","=""0.00004""","=""3""","=""5.5e+06""",E,"=""187823.939""","=""225404.1120""","=""3s2.3p3.(2D*).3d""","=""3D*""","=""2""","=""3s2.3p3.(2D*).4p""","=""3D""","=""3""",5,7,,"=""T1619CA,LS""","=""L7491""",
Ar,3,"=""267.787""","=""0.004""","=""267.78246""","=""0.00004""","=""3""","=""1.2e+07""",E,"=""187823.939""","=""225156.5915""","=""3s2.3p3.(2D*).3d""","=""3D*""","=""2""","=""3s2.3p3.(2D*).4p""","=""3D""","=""1""",5,3,,"=""T1619CA,LS""","=""L7491""",
Ar,3,"=""267.83541""","=""0.00004""","=""267.83544""","=""0.00004""","=""12""","=""3.4e+07""",E,"=""187823.939""","=""225149.2072""","=""3s2.3p3.(2D*).3d""","=""3D*""","=""2""","=""3s2.3p3.(2D*).4p""","=""3D""","=""2""",5,5,,"=""T1619CA,LS""","=""L11520""",
Ar,2,"=""""","=""""","=""269.2594235""","=""""","=""""","=""5.e+05""",C,"=""135085.9958""","=""172213.8798""","=""3s2.3p4.(3P).4s""","=""4P""","=""3/2""","=""3s2.3p4.(1D).4p""","=""2P*""","=""3/2""",4,4,,"=""T926""","=""""",
Ar,3,"=""272.47879""","=""0.00003""","=""272.47880""","=""0.00003""","=""16""","=""4.2e+07""",E,"=""188714.875""","=""225404.1120""","=""3s2.3p3.(2D*).3d""","=""3D*""","=""3""","=""3s2.3p3.(2D*).4p""","=""3D""","=""3""",7,7,,"=""T1619CA,LS""","=""L11520""",
Ar,3,"=""274.389""","=""0.004""","=""274.38524""","=""0.00003""","=""3""","=""7.3e+06""",E,"=""188714.875""","=""225149.2072""","=""3s2.3p3.(2D*).3d""","=""3D*""","=""3""","=""3s2.3p3.(2D*).4p""","=""3D""","=""2""",7,5,,"=""T1619CA,LS""","=""L7491""",
Ar,2,"=""275.4864""","=""0.0006""","=""275.486713""","=""0.000004""","=""2""","=""2.e+05""",C+,"=""134241.7389""","=""170530.4040""","=""3s2.3p4.(3P).4s""","=""4P""","=""5/2""","=""3s2.3p4.(1D).4p""","=""2F*""","=""7/2""",6,8,,"=""T926""","=""L14821""",
Ar,2,"=""284.4129""","=""0.0006""","=""284.412859""","=""0.000003""","=""4""","=""2.e+05""",C,"=""138243.6444""","=""173393.4658""","=""3s2.3p4.(3P).4s""","=""2P""","=""3/2""","=""3s2.3p4.(1D).4p""","=""2D*""","=""5/2""",4,6,,"=""T926""","=""L14821""",
Ar,2,"=""284.7816""","=""0.0006""","=""284.781921""","=""0.000003""","=""3""","=""3.e+05""",C,"=""138243.6444""","=""173347.9158""","=""3s2.3p4.(3P).4s""","=""2P""","=""3/2""","=""3s2.3p4.(1D).4p""","=""2D*""","=""3/2""",4,4,,"=""T926""","=""L14821""",
Ar,2,"=""289.16123""","=""0.00001""","=""289.161218""","=""0.000004""","=""234""","=""1.82e+07""",B,"=""138243.6444""","=""172816.2926""","=""3s2.3p4.(3P).4s""","=""2P""","=""3/2""","=""3s2.3p4.(1D).4p""","=""2P*""","=""1/2""",4,2,,"=""T926""","=""L11520""",
Ar,2,"=""293.25905""","=""0.00010""","=""293.259008""","=""0.000003""","=""6""","=""8.e+05""",C,"=""139258.3389""","=""173347.9158""","=""3s2.3p4.(3P).4s""","=""2P""","=""1/2""","=""3s2.3p4.(1D).4p""","=""2D*""","=""3/2""",2,4,,"=""T926""","=""L11520""",
Ar,2,"=""294.28932""","=""0.00001""","=""294.289308""","=""0.000003""","=""1047""","=""5.3e+07""",B,"=""138243.6444""","=""172213.8798""","=""3s2.3p4.(3P).4s""","=""2P""","=""3/2""","=""3s2.3p4.(1D).4p""","=""2P*""","=""3/2""",4,4,,"=""T926""","=""L11520""",
Ar,2,"=""297.90502""","=""0.00001""","=""297.905007""","=""0.000004""","=""263""","=""4.16e+07""",B,"=""139258.3389""","=""172816.2926""","=""3s2.3p4.(3P).4s""","=""2P""","=""1/2""","=""3s2.3p4.(1D).4p""","=""2P*""","=""1/2""",2,2,,"=""T926""","=""L11520""",
Ar,2,"=""300.04451""","=""0.00005""","=""300.044527""","=""0.000018""","=""17""","=""1.5e+08""",D,"=""159393.3850""","=""192712.058""","=""3s2.3p4.(3P).4p""","=""2D*""","=""3/2""","=""3s2.3p4.(3P).4d""","=""2D""","=""3/2""",4,4,,"=""T1240""","=""L11520""",
Ar,3,"=""""","=""""","=""300.522""","=""0.004""","=""""","=""4.3e-02""",D,"=""0.000""","=""33265.7""","=""3s2.3p4""","=""3P""","=""2""","=""3s2.3p4""","=""1S""","=""0""",5,1,E2,"=""T761""","=""""",
Ar,3,"=""302.39801""","=""0.00017""","=""302.39806""","=""0.00004""","=""5""","=""2.6e+08""",D,"=""207233.003""","=""240292.3714""","=""3s2.3p3.(2P*).4s""","=""3P*""","=""2""","=""3s2.3p3.(2P*).4p""","=""3D""","=""3""",5,7,,"=""T1619CA,LS""","=""L11520""",
Ar,3,"=""302.716""","=""0.003""","=""302.70864""","=""0.00005""","=""5""","=""6.4e+07""",D,"=""207233.003""","=""240258.453""","=""3s2.3p3.(2P*).4s""","=""3P*""","=""2""","=""3s2.3p3.(2P*).4p""","=""3D""","=""2""",5,5,,"=""T1619CA,LS""","=""L7493""",
Ar,2,"=""302.89140""","=""0.00002""","=""302.891399""","=""0.000018""","=""47*""","=""2.3e+08""",D,"=""159706.5337""","=""192712.058""","=""3s2.3p4.(3P).4p""","=""2P*""","=""1/2""","=""3s2.3p4.(3P).4d""","=""2D""","=""3/2""",2,4,,"=""T1240""","=""L11520""",
Ar,2,"=""303.35082""","=""0.00001""","=""303.350811""","=""0.000003""","=""78""","=""9.9e+06""",B,"=""139258.3389""","=""172213.8798""","=""3s2.3p4.(3P).4s""","=""2P""","=""1/2""","=""3s2.3p4.(1D).4p""","=""2P*""","=""3/2""",2,4,,"=""T926""","=""L11520""",
Ar,3,"=""303.696""","=""0.003""","=""303.68767""","=""0.00012""","=""3""","=""7.0e+06""",E,"=""207233.003""","=""240151.990""","=""3s2.3p3.(2P*).4s""","=""3P*""","=""2""","=""3s2.3p3.(2P*).4p""","=""3D""","=""1""",5,3,,"=""T1619CA,LS""","=""L7493""",
Ar,3,"=""305.47736""","=""0.00045""","=""305.4775""","=""0.0004""","=""3""","=""1.9e+08""",D,"=""207532.33""","=""240258.453""","=""3s2.3p3.(2P*).4s""","=""3P*""","=""1""","=""3s2.3p3.(2P*).4p""","=""3D""","=""2""",3,5,,"=""T1619CA,LS""","=""L11520""",
Ar,3,"=""306.477""","=""0.003""","=""306.4745""","=""0.0004""","=""10""","=""1.0e+08""",D,"=""207532.33""","=""240151.990""","=""3s2.3p3.(2P*).4s""","=""3P*""","=""1""","=""3s2.3p3.(2P*).4p""","=""3D""","=""1""",3,3,,"=""T1619CA,LS""","=""L7493""",
Ar,3,"=""307.815""","=""0.003""","=""307.81323""","=""0.00018""","=""10""","=""1.4e+08""",D,"=""207674.192""","=""240151.990""","=""3s2.3p3.(2P*).4s""","=""3P*""","=""0""","=""3s2.3p3.(2P*).4p""","=""3D""","=""1""",1,3,,"=""T1619CA,LS""","=""L7493""",
Ar,2,"=""309.34018""","=""0.00001""","=""309.340173""","=""0.000006""","=""68""","=""4.4e+08""",D,"=""160239.4280""","=""192556.9179""","=""3s2.3p4.(3P).4p""","=""2P*""","=""3/2""","=""3s2.3p4.(3P).4d""","=""2D""","=""5/2""",4,6,,"=""T1240""","=""L11520""",
Ar,3,"=""310.908""","=""0.030""","=""310.918""","=""0.004""","=""""","=""4.02e+00""",C,"=""1112.17""","=""33265.7""","=""3s2.3p4""","=""3P""","=""1""","=""3s2.3p4""","=""1S""","=""0""",3,1,M1,"=""T761""","=""L3453""",
Ar,2,"=""313.90174""","=""0.00001""","=""313.901722""","=""0.000004""","=""79""","=""5.2e+07""",C,"=""155043.1619""","=""186891.0393""","=""3s2.3p4.(3P).4p""","=""4P*""","=""5/2""","=""3s2.3p4.(3P).4d""","=""4P""","=""5/2""",6,6,,"=""T926""","=""L11520""",
Ar,2,"=""314.6422""","=""0.0006""","=""314.642615""","=""0.000004""","=""4""","=""3.e+05""",D,"=""155043.1619""","=""186816.0496""","=""3s2.3p4.(3P).4p""","=""4P*""","=""5/2""","=""3s2.3p4.(3P).4d""","=""2F""","=""7/2""",6,8,,"=""T926""","=""L14821""",
Ar,2,"=""316.13729""","=""0.00002""","=""316.137289""","=""0.000020""","=""45""","=""1.8e+08""",D,"=""161089.3846""","=""192712.058""","=""3s2.3p4.(3P).4p""","=""2S*""","=""1/2""","=""3s2.3p4.(3P).4d""","=""2D""","=""3/2""",2,4,,"=""T1240""","=""L11520""",
Ar,2,"=""316.96682""","=""0.00001""","=""316.966803""","=""0.000005""","=""78""","=""4.9e+07""",C,"=""155351.1206""","=""186891.0393""","=""3s2.3p4.(3P).4p""","=""4P*""","=""3/2""","=""3s2.3p4.(3P).4d""","=""4P""","=""5/2""",4,6,,"=""T926""","=""L11520""",
Ar,2,"=""318.10374""","=""0.00002""","=""318.103714""","=""0.000005""","=""45""","=""3.7e+07""",C,"=""155043.1619""","=""186470.3603""","=""3s2.3p4.(3P).4p""","=""4P*""","=""5/2""","=""3s2.3p4.(3P).4d""","=""4P""","=""3/2""",6,4,,"=""T926""","=""L11520""",
Ar,2,"=""319.42303""","=""0.00004""","=""319.423023""","=""0.000004""","=""14""","=""2.4e+07""",D,"=""155043.1619""","=""186340.5616""","=""3s2.3p4.(3P).4p""","=""4P*""","=""5/2""","=""3s2.3p4.(3P).4d""","=""4F""","=""3/2""",6,4,,"=""T1240""","=""L11520""",
Ar,2,"=""320.43206""","=""0.00002""","=""320.432086""","=""0.000007""","=""35""","=""4.e+07""",D,"=""159393.3850""","=""190592.2306""","=""3s2.3p4.(3P).4p""","=""2D*""","=""3/2""","=""3s2.3p4.(3P).4d""","=""2P""","=""3/2""",4,4,,"=""T1240""","=""L11520""",
Ar,2,"=""321.25178""","=""0.00010""","=""321.251810""","=""0.000005""","=""7""","=""5.2e+06""",C,"=""155351.1206""","=""186470.3603""","=""3s2.3p4.(3P).4p""","=""4P*""","=""3/2""","=""3s2.3p4.(3P).4d""","=""4P""","=""3/2""",4,4,,"=""T926""","=""L11520""",
Ar,2,"=""322.1625""","=""0.0006""","=""322.162493""","=""0.000004""","=""7""","=""1.8e+06""",C,"=""155043.1619""","=""186074.4375""","=""3s2.3p4.(3P).4p""","=""4P*""","=""5/2""","=""3s2.3p4.(3P).4d""","=""4F""","=""5/2""",6,6,,"=""T926""","=""L14821""",
Ar,2,"=""322.5973""","=""0.0006""","=""322.597416""","=""0.000004""","=""6""","=""2.1e+06""",C,"=""155351.1206""","=""186340.5616""","=""3s2.3p4.(3P).4p""","=""4P*""","=""3/2""","=""3s2.3p4.(3P).4d""","=""4F""","=""3/2""",4,4,,"=""T926""","=""L14821""",
Ar,2,"=""323.68097""","=""0.00008""","=""323.681049""","=""0.000008""","=""10""","=""5.2e+07""",D,"=""159706.5337""","=""190592.2306""","=""3s2.3p4.(3P).4p""","=""2P*""","=""1/2""","=""3s2.3p4.(3P).4d""","=""2P""","=""3/2""",2,4,,"=""T1240""","=""L11520""",
Ar,2,"=""324.36881""","=""0.00001""","=""324.368806""","=""0.000005""","=""95""","=""1.056e+08""",C,"=""155351.1206""","=""186171.3330""","=""3s2.3p4.(3P).4p""","=""4P*""","=""3/2""","=""3s2.3p4.(3P).4d""","=""4P""","=""1/2""",4,2,,"=""T926""","=""L11520""",
Ar,2,"=""324.97996""","=""0.00001""","=""324.979976""","=""0.000005""","=""95""","=""6.3e+07""",C,"=""155708.1075""","=""186470.3603""","=""3s2.3p4.(3P).4p""","=""4P*""","=""1/2""","=""3s2.3p4.(3P).4d""","=""4P""","=""3/2""",2,4,,"=""T926""","=""L11520""",
Ar,2,"=""325.3918""","=""0.0006""","=""325.391840""","=""0.000004""","=""3""","=""9.e+05""",C,"=""155351.1206""","=""186074.4375""","=""3s2.3p4.(3P).4p""","=""4P*""","=""3/2""","=""3s2.3p4.(3P).4d""","=""4F""","=""5/2""",4,6,,"=""T926""","=""L14821""",
Ar,2,"=""326.35702""","=""0.00004""","=""326.357059""","=""0.000005""","=""21""","=""1.55e+07""",B,"=""155708.1075""","=""186340.5616""","=""3s2.3p4.(3P).4p""","=""4P*""","=""1/2""","=""3s2.3p4.(3P).4d""","=""4F""","=""3/2""",2,4,,"=""T926""","=""L11520""",
Ar,2,"=""327.33165""","=""0.00008""","=""327.331709""","=""0.000008""","=""9""","=""3.7e+07""",D,"=""159393.3850""","=""189934.6322""","=""3s2.3p4.(3P).4p""","=""2D*""","=""3/2""","=""3s2.3p4.(3P).4d""","=""2P""","=""1/2""",4,2,,"=""T1240""","=""L11520""",
Ar,2,"=""328.17012""","=""0.00002""","=""328.170092""","=""0.000006""","=""43""","=""4.2e+07""",C,"=""155708.1075""","=""186171.3330""","=""3s2.3p4.(3P).4p""","=""4P*""","=""1/2""","=""3s2.3p4.(3P).4d""","=""4P""","=""1/2""",2,2,,"=""T926""","=""L11520""",
Ar,3,"=""328.58413""","=""0.00002""","=""328.58413""","=""0.00003""","=""33""","=""2.0e+08""",D,"=""174378.4968""","=""204803.338""","=""3s2.3p3.(4S*).4s""","=""5S*""","=""2""","=""3s2.3p3.(4S*).4p""","=""5P""","=""3""",5,7,,"=""T1619CA,LS""","=""L11520""",
Ar,2,"=""329.36402""","=""0.00001""","=""329.364009""","=""0.000008""","=""162""","=""1.7e+08""",D,"=""160239.4280""","=""190592.2306""","=""3s2.3p4.(3P).4p""","=""2P*""","=""3/2""","=""3s2.3p4.(3P).4d""","=""2P""","=""3/2""",4,4,,"=""T1240""","=""L11520""",
Ar,3,"=""330.18546""","=""0.00001""","=""330.18546""","=""0.00003""","=""224""","=""2.0e+08""",D,"=""174378.4968""","=""204655.7888""","=""3s2.3p3.(4S*).4s""","=""5S*""","=""2""","=""3s2.3p3.(4S*).4p""","=""5P""","=""2""",5,5,,"=""T1619CA,LS""","=""L11520""",
Ar,2,"=""330.72283""","=""0.00001""","=""330.722825""","=""0.000008""","=""126""","=""3.4e+08""",D,"=""159706.5337""","=""189934.6322""","=""3s2.3p4.(3P).4p""","=""2P*""","=""1/2""","=""3s2.3p4.(3P).4d""","=""2P""","=""1/2""",2,2,,"=""T1240""","=""L11520""",
Ar,3,"=""331.12423""","=""0.00003""","=""331.12423""","=""0.00004""","=""18""","=""2.0e+08""",D,"=""174378.4968""","=""204569.953""","=""3s2.3p3.(4S*).4s""","=""5S*""","=""2""","=""3s2.3p3.(4S*).4p""","=""5P""","=""1""",5,3,,"=""T1619CA,LS""","=""L11520""",
Ar,3,"=""333.61746""","=""0.00001""","=""333.617463""","=""0.000017""","=""708""","=""2.0e+08""",D,"=""196680.8461""","=""226646.6786""","=""3s2.3p3.(2D*).4s""","=""3D*""","=""3""","=""3s2.3p3.(2D*).4p""","=""3F""","=""4""",7,9,,"=""T1619CA,LS""","=""L11520""",
Ar,3,"=""334.47567""","=""0.00001""","=""334.475673""","=""0.000016""","=""575""","=""1.8e+08""",D,"=""196615.2125""","=""226504.1601""","=""3s2.3p3.(2D*).4s""","=""3D*""","=""2""","=""3s2.3p3.(2D*).4p""","=""3F""","=""3""",5,7,,"=""T1619CA,LS""","=""L11520""",
Ar,2,"=""335.09238""","=""0.00001""","=""335.092386""","=""0.000005""","=""129""","=""1.5e+08""",D,"=""170401.0170""","=""200234.9579""","=""3s2.3p4.(1D).4p""","=""2F*""","=""5/2""","=""3s2.3p4.(1D).4d""","=""2F""","=""5/2""",6,6,,"=""T1240""","=""L11520""",
Ar,3,"=""335.211""","=""0.005""","=""335.211793""","=""0.000016""","=""4""","=""2.2e+07""",D,"=""196680.8461""","=""226504.1601""","=""3s2.3p3.(2D*).4s""","=""3D*""","=""3""","=""3s2.3p3.(2D*).4p""","=""3F""","=""3""",7,7,,"=""T1619CA,LS""","=""L7492""",
Ar,3,"=""335.85305""","=""0.00001""","=""335.853046""","=""0.000020""","=""417""","=""1.6e+08""",D,"=""196590.6352""","=""226357.0086""","=""3s2.3p3.(2D*).4s""","=""3D*""","=""1""","=""3s2.3p3.(2D*).4p""","=""3F""","=""2""",3,5,,"=""T1619CA,LS""","=""L11520""",
Ar,3,"=""336.128""","=""0.005""","=""336.130589""","=""0.000018""","=""7""","=""3.0e+07""",D,"=""196615.2125""","=""226357.0086""","=""3s2.3p3.(2D*).4s""","=""3D*""","=""2""","=""3s2.3p3.(2D*).4p""","=""3F""","=""2""",5,5,,"=""T1619CA,LS""","=""L7492""",
Ar,2,"=""336.17447""","=""0.00006""","=""336.174474""","=""0.000004""","=""10""","=""3.9e+06""",D,"=""170401.0170""","=""200138.9307""","=""3s2.3p4.(1D).4p""","=""2F*""","=""5/2""","=""3s2.3p4.(1D).4d""","=""2F""","=""7/2""",6,8,,"=""T1240""","=""L11520""",
Ar,2,"=""336.55204""","=""0.00006""","=""336.552028""","=""0.000005""","=""13""","=""1.3e+07""",D,"=""170530.4040""","=""200234.9579""","=""3s2.3p4.(1D).4p""","=""2F*""","=""7/2""","=""3s2.3p4.(1D).4d""","=""2F""","=""5/2""",8,6,,"=""T1240""","=""L11520""",
Ar,2,"=""336.65800""","=""0.00003""","=""336.657996""","=""0.000008""","=""22""","=""4.1e+07""",D,"=""160239.4280""","=""189934.6322""","=""3s2.3p4.(3P).4p""","=""2P*""","=""3/2""","=""3s2.3p4.(3P).4d""","=""2P""","=""1/2""",4,2,,"=""T1240""","=""L11520""",
Ar,3,"=""""","=""""","=""336.874020""","=""0.000018""","=""""","=""8.5e+05""",E,"=""196680.8461""","=""226357.0086""","=""3s2.3p3.(2D*).4s""","=""3D*""","=""3""","=""3s2.3p3.(2D*).4p""","=""3F""","=""2""",7,5,,"=""T1619CA,LS""","=""""",
Ar,2,"=""337.09147""","=""0.00007""","=""337.091470""","=""0.000005""","=""12""","=""5.9e+06""",D,"=""157234.0196""","=""186891.0393""","=""3s2.3p4.(3P).4p""","=""4D*""","=""7/2""","=""3s2.3p4.(3P).4d""","=""4P""","=""5/2""",8,6,,"=""T1240""","=""L11520""",
Ar,2,"=""337.64357""","=""0.00001""","=""337.643578""","=""0.000004""","=""155""","=""1.5e+08""",D,"=""170530.4040""","=""200138.9307""","=""3s2.3p4.(1D).4p""","=""2F*""","=""7/2""","=""3s2.3p4.(1D).4d""","=""2F""","=""7/2""",8,8,,"=""T1240""","=""L11520""",
Ar,2,"=""337.9458""","=""0.0006""","=""337.946015""","=""0.000005""","=""4""","=""2.e+06""",D,"=""157234.0196""","=""186816.0496""","=""3s2.3p4.(3P).4p""","=""4D*""","=""7/2""","=""3s2.3p4.(3P).4d""","=""2F""","=""7/2""",8,8,,"=""T1240""","=""L14821""",
Ar,2,"=""337.95779""","=""0.00007""","=""337.957698""","=""0.000005""","=""11""","=""3.2e+07""",D,"=""170401.0170""","=""199982.0244""","=""3s2.3p4.(1D).4p""","=""2F*""","=""5/2""","=""3s2.3p4.(1D).4d""","=""2D""","=""3/2""",6,4,,"=""T1240""","=""L11520""",
Ar,2,"=""338.85306""","=""0.00001""","=""338.853072""","=""0.000008""","=""195""","=""1.9e+08""",D,"=""161089.3846""","=""190592.2306""","=""3s2.3p4.(3P).4p""","=""2S*""","=""1/2""","=""3s2.3p4.(3P).4d""","=""2P""","=""3/2""",2,4,,"=""T1240""","=""L11520""",
Ar,3,"=""339.18445""","=""0.00001""","=""339.184450""","=""0.000020""","=""129""","=""1.9e+07""",E,"=""213951.7743""","=""243425.7974""","=""3s2.3p3.(2D*).3d""","=""3P*""","=""2""","=""3s2.3p3.(2P*).4p""","=""3P""","=""2""",5,5,,"=""T1619CA,LS""","=""L11520""",
Ar,2,"=""339.78954""","=""0.00006""","=""339.789536""","=""0.000005""","=""8""","=""2.7e+06""",D,"=""158167.7999""","=""187589.3383""","=""3s2.3p4.(3P).4p""","=""4D*""","=""3/2""","=""3s2.3p4.(3P).4d""","=""2F""","=""5/2""",4,6,,"=""T1240""","=""L11520""",
Ar,1,"=""""","=""""","=""340.61804""","=""""","=""""","=""3.9e+05""",D,"=""95399.8276""","=""124749.805""","=""3s2.3p5.(2P*<1/2>).4s""","=""2[1/2]*""","=""1""","=""3s2.3p5.(2P*<1/2>).7p""","=""2[1/2]""","=""0""",3,1,,"=""T1086n""","=""""",
Ar,2,"=""341.44579""","=""0.00008""","=""341.445796""","=""0.000005""","=""9""","=""7.7e+06""",D,"=""170401.0170""","=""199679.8440""","=""3s2.3p4.(1D).4p""","=""2F*""","=""5/2""","=""3s2.3p4.(1D).4d""","=""2D""","=""5/2""",6,6,,"=""T1240""","=""L11520""",
Ar,2,"=""342.16108""","=""0.00004""","=""342.161032""","=""0.000005""","=""22""","=""9.3e+06""",D,"=""157673.4134""","=""186891.0393""","=""3s2.3p4.(3P).4p""","=""4D*""","=""5/2""","=""3s2.3p4.(3P).4d""","=""4P""","=""5/2""",6,6,,"=""T1240""","=""L11520""",
Ar,3,"=""342.425""","=""0.003""","=""342.42283""","=""0.00007""","=""9""","=""1.0e+07""",E,"=""213951.7743""","=""243147.063""","=""3s2.3p3.(2D*).3d""","=""3P*""","=""2""","=""3s2.3p3.(2P*).4p""","=""3P""","=""1""",5,3,,"=""T1619CA,LS""","=""L7493""",
Ar,2,"=""342.96138""","=""0.00004""","=""342.961434""","=""0.000005""","=""20""","=""2.2e+07""",D,"=""170530.4040""","=""199679.8440""","=""3s2.3p4.(1D).4p""","=""2F*""","=""7/2""","=""3s2.3p4.(1D).4d""","=""2D""","=""5/2""",8,6,,"=""T1240""","=""L11520""",
Ar,2,"=""343.04148""","=""0.00003""","=""343.041507""","=""0.000004""","=""26""","=""6.2e+06""",B,"=""157673.4134""","=""186816.0496""","=""3s2.3p4.(3P).4p""","=""4D*""","=""5/2""","=""3s2.3p4.(3P).4d""","=""2F""","=""7/2""",6,8,,"=""T926""","=""L11520""",
Ar,3,"=""343.804""","=""0.003""","=""343.80172""","=""0.00006""","=""8""","=""6.2e+06""",E,"=""214347.599""","=""243425.7974""","=""3s2.3p3.(2D*).3d""","=""3P*""","=""1""","=""3s2.3p3.(2P*).4p""","=""3P""","=""2""",3,5,,"=""T1619CA,LS""","=""L7493""",
Ar,2,"=""345.40949""","=""0.00001""","=""345.409498""","=""0.000005""","=""76""","=""3.14e+07""",B,"=""155043.1619""","=""183986.0137""","=""3s2.3p4.(3P).4p""","=""4P*""","=""5/2""","=""3s2.3p4.(3P).4d""","=""4D""","=""3/2""",6,4,,"=""T926""","=""L11520""",
Ar,1,"=""346.107""","=""""","=""346.10783""","=""""","=""7""","=""6.7e+04""",D,"=""93750.5978""","=""122635.054""","=""3s2.3p5.(2P*<3/2>).4s""","=""2[3/2]*""","=""1""","=""3s2.3p5.(2P*<1/2>).6p""","=""2[3/2]""","=""2""",3,5,,"=""T1086n""","=""L3512""",
Ar,2,"=""346.41264""","=""0.00002""","=""346.412673""","=""0.000004""","=""81bl""","=""3.7e+07""",D,"=""158730.2995""","=""187589.3383""","=""3s2.3p4.(3P).4p""","=""2D*""","=""5/2""","=""3s2.3p4.(3P).4d""","=""2F""","=""5/2""",6,6,,"=""T1240""","=""L11520""",
Ar,2,"=""""","=""""","=""346.636343""","=""0.000005""","=""""","=""3.0e+06""",C,"=""157234.0196""","=""186074.4375""","=""3s2.3p4.(3P).4p""","=""4D*""","=""7/2""","=""3s2.3p4.(3P).4d""","=""4F""","=""5/2""",8,6,,"=""T926""","=""""",
Ar,3,"=""347.132""","=""0.003""","=""347.12929""","=""0.00009""","=""9""","=""6.0e+06""",E,"=""214347.599""","=""243147.063""","=""3s2.3p3.(2D*).3d""","=""3P*""","=""1""","=""3s2.3p3.(2P*).4p""","=""3P""","=""1""",3,3,,"=""T1619CA,LS""","=""L7493""",
Ar,3,"=""347.261""","=""0.005""","=""347.256675""","=""0.000018""","=""6""","=""2.0e+07""",D,"=""196615.2125""","=""225404.1120""","=""3s2.3p3.(2D*).4s""","=""3D*""","=""2""","=""3s2.3p3.(2D*).4p""","=""3D""","=""3""",5,7,,"=""T1619CA,LS""","=""L7492""",
Ar,2,"=""347.67471""","=""0.00001""","=""347.674711""","=""0.000005""","=""427""","=""1.25e+08""",B,"=""155043.1619""","=""183797.4473""","=""3s2.3p4.(3P).4p""","=""4P*""","=""5/2""","=""3s2.3p4.(3P).4d""","=""4D""","=""5/2""",6,6,,"=""T926""","=""L11520""",
Ar,3,"=""348.05020""","=""0.00001""","=""348.050191""","=""0.000018""","=""1000""","=""1.6e+08""",D,"=""196680.8461""","=""225404.1120""","=""3s2.3p3.(2D*).4s""","=""3D*""","=""3""","=""3s2.3p3.(2D*).4p""","=""3D""","=""3""",7,7,,"=""T1619CA,LS""","=""L11520""",
Ar,2,"=""348.73155""","=""0.00007""","=""348.731541""","=""0.000004""","=""6""","=""2.7e+06""",D,"=""157673.4134""","=""186340.5616""","=""3s2.3p4.(3P).4p""","=""4D*""","=""5/2""","=""3s2.3p4.(3P).4d""","=""4F""","=""3/2""",6,4,,"=""T1240""","=""L11520""",
Ar,2,"=""349.12437""","=""0.00001""","=""349.124373""","=""0.000005""","=""389""","=""1.79e+08""",B,"=""155351.1206""","=""183986.0137""","=""3s2.3p4.(3P).4p""","=""4P*""","=""3/2""","=""3s2.3p4.(3P).4d""","=""4D""","=""3/2""",4,4,,"=""T926""","=""L11520""",
Ar,2,"=""349.15356""","=""0.00001""","=""349.153560""","=""0.000005""","=""1000""","=""2.31e+08""",B,"=""155043.1619""","=""183675.6614""","=""3s2.3p4.(3P).4p""","=""4P*""","=""5/2""","=""3s2.3p4.(3P).4d""","=""4D""","=""7/2""",6,8,,"=""T926""","=""L11520""",
Ar,3,"=""349.831""","=""0.003""","=""349.8248""","=""0.0025""","=""6*""","=""7.9e+06""",E,"=""214569.5""","=""243147.063""","=""3s2.3p3.(2D*).3d""","=""3P*""","=""0""","=""3s2.3p3.(2P*).4p""","=""3P""","=""1""",1,3,,"=""T1619CA,LS""","=""L7493""",
Ar,3,"=""349.831""","=""0.003""","=""349.8319""","=""0.0005""","=""6*""","=""2.4e+07""",E,"=""214347.599""","=""242924.58""","=""3s2.3p3.(2D*).3d""","=""3P*""","=""1""","=""3s2.3p3.(2P*).4p""","=""3P""","=""0""",3,1,,"=""T1619CA,LS""","=""L7493""",
Ar,2,"=""349.94759""","=""0.00007""","=""349.947590""","=""0.000006""","=""8""","=""3.e+05""",C+,"=""132481.2068""","=""161048.7411""","=""3s2.3p4.(3P).3d""","=""4D""","=""5/2""","=""3s2.3p4.(3P).4p""","=""4S*""","=""3/2""",6,4,,"=""T926""","=""L11520""",
Ar,3,"=""349.96693""","=""0.00001""","=""349.966922""","=""0.000018""","=""269""","=""1.3e+08""",D,"=""196590.6352""","=""225156.5915""","=""3s2.3p3.(2D*).4s""","=""3D*""","=""1""","=""3s2.3p3.(2D*).4p""","=""3D""","=""1""",3,3,,"=""T1619CA,LS""","=""L11520""",
Ar,3,"=""350.058""","=""0.005""","=""350.057415""","=""0.000017""","=""5""","=""2.6e+07""",D,"=""196590.6352""","=""225149.2072""","=""3s2.3p3.(2D*).4s""","=""3D*""","=""1""","=""3s2.3p3.(2D*).4p""","=""3D""","=""2""",3,5,,"=""T1619CA,LS""","=""L7492""",
Ar,3,"=""350.26828""","=""0.00001""","=""350.268291""","=""0.000016""","=""93""","=""4.3e+07""",D,"=""196615.2125""","=""225156.5915""","=""3s2.3p3.(2D*).4s""","=""3D*""","=""2""","=""3s2.3p3.(2D*).4p""","=""3D""","=""1""",5,3,,"=""T1619CA,LS""","=""L11520""",
Ar,3,"=""350.35894""","=""0.00001""","=""350.358940""","=""0.000014""","=""468""","=""1.2e+08""",D,"=""196615.2125""","=""225149.2072""","=""3s2.3p3.(2D*).4s""","=""3D*""","=""2""","=""3s2.3p3.(2D*).4p""","=""3D""","=""2""",5,5,,"=""T1619CA,LS""","=""L11520""",
Ar,2,"=""350.97779""","=""0.00001""","=""350.977794""","=""0.000009""","=""447""","=""2.55e+08""",B,"=""155708.1075""","=""184191.7917""","=""3s2.3p4.(3P).4p""","=""4P*""","=""1/2""","=""3s2.3p4.(3P).4d""","=""4D""","=""1/2""",2,2,,"=""T926""","=""L11520""",
Ar,3,"=""351.16671""","=""0.00001""","=""351.166713""","=""0.000014""","=""89""","=""2.6e+07""",D,"=""196680.8461""","=""225149.2072""","=""3s2.3p3.(2D*).4s""","=""3D*""","=""3""","=""3s2.3p3.(2D*).4p""","=""3D""","=""2""",7,5,,"=""T1619CA,LS""","=""L11520""",
Ar,2,"=""351.43874""","=""0.00001""","=""351.438733""","=""0.000005""","=""490""","=""1.36e+08""",B,"=""155351.1206""","=""183797.4473""","=""3s2.3p4.(3P).4p""","=""4P*""","=""3/2""","=""3s2.3p4.(3P).4d""","=""4D""","=""5/2""",4,6,,"=""T926""","=""L11520""",
Ar,2,"=""351.78897""","=""0.00010""","=""351.788887""","=""0.000007""","=""4""","=""7.e+04""",E,"=""132630.7277""","=""161048.7411""","=""3s2.3p4.(3P).3d""","=""4D""","=""3/2""","=""3s2.3p4.(3P).4p""","=""4S*""","=""3/2""",4,4,,"=""T926""","=""L11520""",
Ar,2,"=""351.99933""","=""0.00001""","=""351.999331""","=""0.000004""","=""191""","=""5.2e+07""",B,"=""157673.4134""","=""186074.4375""","=""3s2.3p4.(3P).4p""","=""4D*""","=""5/2""","=""3s2.3p4.(3P).4d""","=""4F""","=""5/2""",6,6,,"=""T926""","=""L11520""",
Ar,2,"=""352.12600""","=""0.00001""","=""352.125990""","=""0.000005""","=""100""","=""2.27e+07""",B,"=""157234.0196""","=""185624.8282""","=""3s2.3p4.(3P).4p""","=""4D*""","=""7/2""","=""3s2.3p4.(3P).4d""","=""4F""","=""7/2""",8,8,,"=""T926""","=""L11520""",
Ar,2,"=""353.53194""","=""0.00001""","=""353.531929""","=""0.000005""","=""170""","=""5.7e+07""",B,"=""155708.1075""","=""183986.0137""","=""3s2.3p4.(3P).4p""","=""4P*""","=""1/2""","=""3s2.3p4.(3P).4d""","=""4D""","=""3/2""",2,4,,"=""T926""","=""L11520""",
Ar,2,"=""354.55952""","=""0.00001""","=""354.559516""","=""0.000004""","=""891""","=""3.4e+08""",D,"=""159393.3850""","=""187589.3383""","=""3s2.3p4.(3P).4p""","=""2D*""","=""3/2""","=""3s2.3p4.(3P).4d""","=""2F""","=""5/2""",4,6,,"=""T1240""","=""L11520""",
Ar,2,"=""354.58431""","=""0.00001""","=""354.584315""","=""0.000005""","=""794""","=""3.9e+08""",D,"=""170401.0170""","=""198594.9984""","=""3s2.3p4.(1D).4p""","=""2F*""","=""5/2""","=""3s2.3p4.(1D).4d""","=""2G""","=""7/2""",6,8,,"=""T1240""","=""L11520""",
Ar,2,"=""354.85141""","=""0.00001""","=""354.851395""","=""0.000005""","=""195""","=""8.7e+07""",B,"=""158167.7999""","=""186340.5616""","=""3s2.3p4.(3P).4p""","=""4D*""","=""3/2""","=""3s2.3p4.(3P).4d""","=""4F""","=""3/2""",4,4,,"=""T926""","=""L11520""",
Ar,2,"=""355.00297""","=""0.00006""","=""355.002886""","=""0.000005""","=""10""","=""2.6e+06""",C,"=""158730.2995""","=""186891.0393""","=""3s2.3p4.(3P).4p""","=""2D*""","=""5/2""","=""3s2.3p4.(3P).4d""","=""4P""","=""5/2""",6,6,,"=""T926""","=""L11520""",
Ar,1,"=""355.4306""","=""""","=""355.43055""","=""""","=""7""","=""2.7e+05""",D,"=""93143.7600""","=""121270.617""","=""3s2.3p5.(2P*<3/2>).4s""","=""2[3/2]*""","=""2""","=""3s2.3p5.(2P*<3/2>).6p""","=""2[3/2]""","=""2""",5,5,,"=""T1086n""","=""L2634""",
Ar,2,"=""355.69038""","=""0.00002""","=""355.690383""","=""0.000007""","=""49""","=""5.0e+06""",B,"=""144709.9818""","=""172816.2926""","=""3s2.3p4.(3P).3d""","=""2P""","=""1/2""","=""3s2.3p4.(1D).4p""","=""2P*""","=""1/2""",2,2,,"=""T926""","=""L11520""",
Ar,2,"=""355.95079""","=""0.00001""","=""355.950780""","=""0.000004""","=""1445""","=""2.88e+08""",B,"=""158730.2995""","=""186816.0496""","=""3s2.3p4.(3P).4p""","=""2D*""","=""5/2""","=""3s2.3p4.(3P).4d""","=""2F""","=""7/2""",6,8,,"=""T926""","=""L11520""",
Ar,2,"=""356.10303""","=""0.00002""","=""356.103016""","=""0.000005""","=""1023bl""","=""4.e+08""",D,"=""170530.4040""","=""198604.1476""","=""3s2.3p4.(1D).4p""","=""2F*""","=""7/2""","=""3s2.3p4.(1D).4d""","=""2G""","=""9/2""",8,10,,"=""T1240""","=""L11520""",
Ar,2,"=""356.21914""","=""0.00002""","=""356.219111""","=""0.000005""","=""35""","=""1.5e+07""",D,"=""170530.4040""","=""198594.9984""","=""3s2.3p4.(1D).4p""","=""2F*""","=""7/2""","=""3s2.3p4.(1D).4d""","=""2G""","=""7/2""",8,8,,"=""T1240""","=""L11520""",
Ar,1,"=""""","=""""","=""356.32859""","=""""","=""""","=""1.2e+05""",D,"=""94553.6652""","=""122609.637""","=""3s2.3p5.(2P*<1/2>).4s""","=""2[1/2]*""","=""0""","=""3s2.3p5.(2P*<1/2>).6p""","=""2[3/2]""","=""1""",1,3,,"=""T1086n""","=""""",
Ar,2,"=""356.50296""","=""0.00001""","=""356.502938""","=""0.000007""","=""162""","=""5.5e+07""",C,"=""158428.1087""","=""186470.3603""","=""3s2.3p4.(3P).4p""","=""4D*""","=""1/2""","=""3s2.3p4.(3P).4d""","=""4P""","=""3/2""",2,4,,"=""T926""","=""L11520""",
Ar,1,"=""""","=""""","=""356.76560""","=""""","=""""","=""1.1e+05""",D,"=""93143.7600""","=""121165.367""","=""3s2.3p5.(2P*<3/2>).4s""","=""2[3/2]*""","=""2""","=""3s2.3p5.(2P*<3/2>).6p""","=""2[5/2]""","=""3""",5,7,,"=""T1086n""","=""""",
Ar,1,"=""""","=""""","=""357.22953""","=""""","=""""","=""5.1e+05""",D,"=""95399.8276""","=""123385.044""","=""3s2.3p5.(2P*<1/2>).4s""","=""2[1/2]*""","=""1""","=""3s2.3p5.(2P*<3/2>).7p""","=""2[1/2]""","=""0""",3,1,,"=""T1086n""","=""""",
Ar,2,"=""357.66153""","=""0.00001""","=""357.661538""","=""0.000006""","=""12303""","=""2.75e+08""",B,"=""157673.4134""","=""185624.8282""","=""3s2.3p4.(3P).4p""","=""4D*""","=""5/2""","=""3s2.3p4.(3P).4d""","=""4F""","=""7/2""",6,8,,"=""T926""","=""L11520""",
Ar,2,"=""358.16077""","=""0.00001""","=""358.160797""","=""0.000006""","=""68""","=""1.76e+08""",B,"=""158428.1087""","=""186340.5616""","=""3s2.3p4.(3P).4p""","=""4D*""","=""1/2""","=""3s2.3p4.(3P).4d""","=""4F""","=""3/2""",2,4,,"=""T926""","=""L11520""",
Ar,2,"=""358.23544""","=""0.00001""","=""358.235434""","=""0.000006""","=""155""","=""2.53e+08""",B,"=""158167.7999""","=""186074.4375""","=""3s2.3p4.(3P).4p""","=""4D*""","=""3/2""","=""3s2.3p4.(3P).4d""","=""4F""","=""5/2""",4,6,,"=""T926""","=""L11520""",
Ar,2,"=""358.84403""","=""0.00001""","=""358.844021""","=""0.000008""","=""12303""","=""3.03e+08""",B,"=""157234.0196""","=""185093.3298""","=""3s2.3p4.(3P).4p""","=""4D*""","=""7/2""","=""3s2.3p4.(3P).4d""","=""4F""","=""9/2""",8,10,,"=""T926""","=""L11520""",
Ar,2,"=""360.15089""","=""0.00004""","=""360.150884""","=""0.000006""","=""15""","=""2.e+05""",C,"=""132481.2068""","=""160239.4280""","=""3s2.3p4.(3P).3d""","=""4D""","=""5/2""","=""3s2.3p4.(3P).4p""","=""2P*""","=""3/2""",6,4,,"=""T926""","=""L11520""",
Ar,2,"=""360.3456""","=""0.0003""","=""360.345573""","=""0.000008""","=""3""","=""6.5e+06""",D,"=""158428.1087""","=""186171.3330""","=""3s2.3p4.(3P).4p""","=""4D*""","=""1/2""","=""3s2.3p4.(3P).4d""","=""4P""","=""1/2""",2,2,,"=""T1240""","=""L11520""",
Ar,2,"=""360.58788""","=""0.00003""","=""360.587889""","=""0.000006""","=""24""","=""4.4e+06""",B,"=""145668.8845""","=""173393.4658""","=""3s2.3p4.(3P).3d""","=""2P""","=""3/2""","=""3s2.3p4.(1D).4p""","=""2D*""","=""5/2""",4,6,,"=""T926""","=""L11520""",
Ar,1,"=""360.6522""","=""""","=""360.65217""","=""""","=""7""","=""7.6e+05""",D,"=""93750.5978""","=""121470.238""","=""3s2.3p5.(2P*<3/2>).4s""","=""2[3/2]*""","=""1""","=""3s2.3p5.(2P*<3/2>).6p""","=""2[1/2]""","=""0""",3,1,,"=""T1086n""","=""L2634""",
Ar,2,"=""361.18130""","=""0.00004""","=""361.181306""","=""0.000006""","=""14""","=""6.e+05""",C,"=""145668.8845""","=""173347.9158""","=""3s2.3p4.(3P).3d""","=""2P""","=""3/2""","=""3s2.3p4.(1D).4p""","=""2D*""","=""3/2""",4,4,,"=""T926""","=""L11520""",
Ar,2,"=""362.21376""","=""0.00004""","=""362.213719""","=""0.000004""","=""30""","=""6.4e+07""",D,"=""155351.1206""","=""182951.2609""","=""3s2.3p4.(3P).4p""","=""4P*""","=""3/2""","=""3s2.3p4.(3P).5s""","=""4P""","=""1/2""",4,2,,"=""T1240""","=""L11520""",
Ar,1,"=""""","=""""","=""363.26829""","=""""","=""""","=""6.6e+04""",D,"=""93750.5978""","=""121270.617""","=""3s2.3p5.(2P*<3/2>).4s""","=""2[3/2]*""","=""1""","=""3s2.3p5.(2P*<3/2>).6p""","=""2[3/2]""","=""2""",3,5,,"=""T1086n""","=""""",
Ar,1,"=""""","=""""","=""363.44600""","=""""","=""""","=""1.3e+05""",D,"=""93750.5978""","=""121257.161""","=""3s2.3p5.(2P*<3/2>).4s""","=""2[3/2]*""","=""1""","=""3s2.3p5.(2P*<3/2>).6p""","=""2[3/2]""","=""1""",3,3,,"=""T1086n""","=""""",
Ar,2,"=""363.48119""","=""0.00008""","=""363.481220""","=""0.000006""","=""9""","=""9.e+05""",C,"=""144709.9818""","=""172213.8798""","=""3s2.3p4.(3P).3d""","=""2P""","=""1/2""","=""3s2.3p4.(1D).4p""","=""2P*""","=""3/2""",2,4,,"=""T926""","=""L11520""",
Ar,2,"=""363.98324""","=""0.00002""","=""363.983244""","=""0.000006""","=""42""","=""1.4e+08""",D,"=""172213.8798""","=""199679.8440""","=""3s2.3p4.(1D).4p""","=""2P*""","=""3/2""","=""3s2.3p4.(1D).4d""","=""2D""","=""5/2""",4,6,,"=""T1240""","=""L11520""",
Ar,1,"=""""","=""""","=""364.31163""","=""""","=""""","=""2.4e+04""",D,"=""93750.5978""","=""121191.805""","=""3s2.3p5.(2P*<3/2>).4s""","=""2[3/2]*""","=""1""","=""3s2.3p5.(2P*<3/2>).6p""","=""2[5/2]""","=""2""",3,5,,"=""T1086n""","=""""",
Ar,1,"=""""","=""""","=""364.98317""","=""""","=""""","=""8.0e+05""",D,"=""95399.8276""","=""122790.547""","=""3s2.3p5.(2P*<1/2>).4s""","=""2[1/2]*""","=""1""","=""3s2.3p5.(2P*<1/2>).6p""","=""2[1/2]""","=""0""",3,1,,"=""T1086n""","=""""",
Ar,2,"=""365.08891""","=""0.00012""","=""365.088923""","=""0.000005""","=""8""","=""1.2e+07""",D,"=""155708.1075""","=""183090.8927""","=""3s2.3p4.(3P).4p""","=""4P*""","=""1/2""","=""3s2.3p4.(3P).5s""","=""2P""","=""3/2""",2,4,,"=""T1240""","=""L11520""",
Ar,2,"=""365.52775""","=""0.00002""","=""365.527776""","=""0.000005""","=""37""","=""2.3e+07""",D,"=""160239.4280""","=""187589.3383""","=""3s2.3p4.(3P).4p""","=""2P*""","=""3/2""","=""3s2.3p4.(3P).4d""","=""2F""","=""5/2""",4,6,,"=""T1240""","=""L11520""",
Ar,2,"=""365.60495""","=""0.00002""","=""365.604940""","=""0.000005""","=""27""","=""7.6e+06""",B,"=""158730.2995""","=""186074.4375""","=""3s2.3p4.(3P).4p""","=""2D*""","=""5/2""","=""3s2.3p4.(3P).4d""","=""4F""","=""5/2""",6,6,,"=""T926""","=""L11520""",
Ar,1,"=""""","=""""","=""365.95291""","=""""","=""""","=""4.4e+04""",D,"=""93750.5978""","=""121068.736""","=""3s2.3p5.(2P*<3/2>).4s""","=""2[3/2]*""","=""1""","=""3s2.3p5.(2P*<3/2>).6p""","=""2[1/2]""","=""1""",3,3,,"=""T1086n""","=""""",
Ar,2,"=""366.04362""","=""0.00003""","=""366.043646""","=""0.000006""","=""28""","=""2.2e+08""",D,"=""172213.8798""","=""199525.2465""","=""3s2.3p4.(1D).4p""","=""2P*""","=""3/2""","=""3s2.3p4.(1D).4d""","=""2P""","=""3/2""",4,4,,"=""T1240""","=""L11520""",
Ar,2,"=""366.96020""","=""0.00003""","=""366.960196""","=""0.000006""","=""26""","=""1.3e+07""",D,"=""155708.1075""","=""182951.2609""","=""3s2.3p4.(3P).4p""","=""4P*""","=""1/2""","=""3s2.3p4.(3P).5s""","=""4P""","=""1/2""",2,2,,"=""T1240""","=""L11520""",
Ar,1,"=""""","=""""","=""367.06701""","=""""","=""""","=""3.1e+04""",D,"=""95399.8276""","=""122635.054""","=""3s2.3p5.(2P*<1/2>).4s""","=""2[1/2]*""","=""1""","=""3s2.3p5.(2P*<1/2>).6p""","=""2[3/2]""","=""2""",3,5,,"=""T1086n""","=""""",
Ar,2,"=""367.10045""","=""0.00003""","=""367.100424""","=""0.000008""","=""19""","=""7.1e+07""",D,"=""172213.8798""","=""199446.6269""","=""3s2.3p4.(1D).4p""","=""2P*""","=""3/2""","=""3s2.3p4.(1D).4d""","=""2P""","=""1/2""",4,2,,"=""T1240""","=""L11520""",
Ar,1,"=""""","=""""","=""367.52352""","=""""","=""""","=""4.9e+04""",D,"=""95399.8276""","=""122601.225""","=""3s2.3p5.(2P*<1/2>).4s""","=""2[1/2]*""","=""1""","=""3s2.3p5.(2P*<1/2>).6p""","=""2[1/2]""","=""1""",3,3,,"=""T1086n""","=""""",
Ar,2,"=""367.82690""","=""0.00007""","=""367.826948""","=""0.000005""","=""17""","=""2.5e+07""",D,"=""155043.1619""","=""182222.1209""","=""3s2.3p4.(3P).4p""","=""4P*""","=""5/2""","=""3s2.3p4.(3P).5s""","=""4P""","=""3/2""",6,4,,"=""T1240""","=""L11520""",
Ar,2,"=""368.00607""","=""0.00004""","=""368.006050""","=""0.000007""","=""20""","=""1.2e+08""",D,"=""172816.2926""","=""199982.0244""","=""3s2.3p4.(1D).4p""","=""2P*""","=""1/2""","=""3s2.3p4.(1D).4d""","=""2D""","=""3/2""",2,4,,"=""T1240""","=""L11520""",
Ar,2,"=""368.25439""","=""0.00008""","=""368.254450""","=""0.000007""","=""9""","=""1.7e+06""",B,"=""145668.8845""","=""172816.2926""","=""3s2.3p4.(3P).3d""","=""2P""","=""3/2""","=""3s2.3p4.(1D).4p""","=""2P*""","=""1/2""",4,2,,"=""T926""","=""L11520""",
Ar,2,"=""370.69302""","=""0.00003""","=""370.692967""","=""0.000009""","=""7""","=""2.e+05""",C,"=""132737.7039""","=""159706.5337""","=""3s2.3p4.(3P).3d""","=""4D""","=""1/2""","=""3s2.3p4.(3P).4p""","=""2P*""","=""1/2""",2,2,,"=""T926""","=""L2634""",
Ar,2,"=""370.99085""","=""0.00006""","=""370.990842""","=""0.000005""","=""11""","=""4.7e+06""",B,"=""159393.3850""","=""186340.5616""","=""3s2.3p4.(3P).4p""","=""2D*""","=""3/2""","=""3s2.3p4.(3P).4d""","=""4F""","=""3/2""",4,4,,"=""T926""","=""L11520""",
Ar,2,"=""371.47332""","=""0.00004""","=""371.473315""","=""0.000006""","=""14""","=""2.e+05""",D,"=""132481.2068""","=""159393.3850""","=""3s2.3p4.(3P).3d""","=""4D""","=""5/2""","=""3s2.3p4.(3P).4p""","=""2D*""","=""3/2""",6,4,,"=""T926""","=""L11520""",
Ar,2,"=""371.71721""","=""0.00015""","=""371.717101""","=""0.000006""","=""6""","=""5.2e+06""",B,"=""158730.2995""","=""185624.8282""","=""3s2.3p4.(3P).4p""","=""2D*""","=""5/2""","=""3s2.3p4.(3P).4d""","=""4F""","=""7/2""",6,8,,"=""T926""","=""L11520""",
Ar,2,"=""371.82061""","=""0.00001""","=""371.820606""","=""0.000006""","=""93""","=""2.e+08""",D,"=""173347.9158""","=""200234.9579""","=""3s2.3p4.(1D).4p""","=""2D*""","=""3/2""","=""3s2.3p4.(1D).4d""","=""2F""","=""5/2""",4,6,,"=""T1240""","=""L11520""",
Ar,2,"=""372.04258""","=""0.00011""","=""372.042586""","=""0.000005""","=""12""","=""1.7e+07""",D,"=""155351.1206""","=""182222.1209""","=""3s2.3p4.(3P).4p""","=""4P*""","=""3/2""","=""3s2.3p4.(3P).5s""","=""4P""","=""3/2""",4,4,,"=""T1240""","=""L11520""",
Ar,2,"=""372.45156""","=""0.00005""","=""372.451602""","=""0.000006""","=""14""","=""3.4e+07""",D,"=""173393.4658""","=""200234.9579""","=""3s2.3p4.(1D).4p""","=""2D*""","=""5/2""","=""3s2.3p4.(1D).4d""","=""2F""","=""5/2""",6,6,,"=""T1240""","=""L11520""",
Ar,2,"=""372.93082""","=""0.00001""","=""372.930810""","=""0.000006""","=""234""","=""4.80e+07""",B,"=""134241.7389""","=""161048.7411""","=""3s2.3p4.(3P).4s""","=""4P""","=""5/2""","=""3s2.3p4.(3P).4p""","=""4S*""","=""3/2""",6,4,,"=""T926""","=""L11520""",
Ar,2,"=""373.54880""","=""0.00017""","=""373.548761""","=""0.000006""","=""4""","=""3.e+05""",C+,"=""132630.7277""","=""159393.3850""","=""3s2.3p4.(3P).3d""","=""4D""","=""3/2""","=""3s2.3p4.(3P).4p""","=""2D*""","=""3/2""",4,4,,"=""T926""","=""L11520""",
Ar,2,"=""373.78889""","=""0.00001""","=""373.788890""","=""0.000005""","=""126""","=""2.3e+08""",D,"=""173393.4658""","=""200138.9307""","=""3s2.3p4.(1D).4p""","=""2D*""","=""5/2""","=""3s2.3p4.(1D).4d""","=""2F""","=""7/2""",6,8,,"=""T1240""","=""L11520""",
Ar,2,"=""374.69130""","=""0.00010""","=""374.691300""","=""0.000005""","=""7""","=""2.1e+06""",B,"=""159393.3850""","=""186074.4375""","=""3s2.3p4.(3P).4p""","=""2D*""","=""3/2""","=""3s2.3p4.(3P).4d""","=""4F""","=""5/2""",4,6,,"=""T926""","=""L11520""",
Ar,2,"=""375.04801""","=""0.00005""","=""375.047947""","=""0.000009""","=""13""","=""1.e+05""",D,"=""132737.7039""","=""159393.3850""","=""3s2.3p4.(3P).3d""","=""4D""","=""1/2""","=""3s2.3p4.(3P).4p""","=""2D*""","=""3/2""",2,4,,"=""T926""","=""L11520""",
Ar,2,"=""376.35041""","=""0.00005""","=""376.350501""","=""0.000006""","=""17""","=""1.78e+07""",B,"=""157234.0196""","=""183797.4473""","=""3s2.3p4.(3P).4p""","=""4D*""","=""7/2""","=""3s2.3p4.(3P).4d""","=""4D""","=""5/2""",8,6,,"=""T926""","=""L11520""",
Ar,2,"=""376.52697""","=""0.00001""","=""376.526969""","=""0.000005""","=""186""","=""9.8e+07""",D,"=""155043.1619""","=""181594.1404""","=""3s2.3p4.(3P).4p""","=""4P*""","=""5/2""","=""3s2.3p4.(3P).5s""","=""4P""","=""5/2""",6,6,,"=""T1240""","=""L11520""",
Ar,2,"=""376.61182""","=""0.00001""","=""376.611839""","=""0.000006""","=""91""","=""7.4e+06""",B,"=""145668.8845""","=""172213.8798""","=""3s2.3p4.(3P).3d""","=""2P""","=""3/2""","=""3s2.3p4.(1D).4p""","=""2P*""","=""3/2""",4,4,,"=""T926""","=""L11520""",
Ar,1,"=""377.0369""","=""""","=""377.03689""","=""""","=""20""","=""7.0e+04""",D,"=""94553.6652""","=""121068.736""","=""3s2.3p5.(2P*<1/2>).4s""","=""2[1/2]*""","=""0""","=""3s2.3p5.(2P*<3/2>).6p""","=""2[1/2]""","=""1""",1,3,,"=""T1086n""","=""L2634""",
Ar,2,"=""377.05194""","=""0.00004""","=""377.051925""","=""0.000006""","=""33""","=""4.1e+07""",D,"=""155708.1075""","=""182222.1209""","=""3s2.3p4.(3P).4p""","=""4P*""","=""1/2""","=""3s2.3p4.(3P).5s""","=""4P""","=""3/2""",2,4,,"=""T1240""","=""L11520""",
Ar,2,"=""377.75310""","=""0.00008""","=""377.753110""","=""0.000006""","=""5""","=""1.1e+06""",D,"=""159706.5337""","=""186171.3330""","=""3s2.3p4.(3P).4p""","=""2P*""","=""1/2""","=""3s2.3p4.(3P).4d""","=""4P""","=""1/2""",2,2,,"=""T926""","=""L11520""",
Ar,2,"=""378.08394""","=""0.00001""","=""378.083953""","=""0.000006""","=""81""","=""7.7e+07""",B,"=""157234.0196""","=""183675.6614""","=""3s2.3p4.(3P).4p""","=""4D*""","=""7/2""","=""3s2.3p4.(3P).4d""","=""4D""","=""7/2""",8,8,,"=""T926""","=""L11520""",
Ar,2,"=""378.63819""","=""0.00004""","=""378.638198""","=""0.000006""","=""20""","=""1.5e+06""",B,"=""132327.3616""","=""158730.2995""","=""3s2.3p4.(3P).3d""","=""4D""","=""7/2""","=""3s2.3p4.(3P).4p""","=""2D*""","=""5/2""",8,6,,"=""T926""","=""L11520""",
Ar,2,"=""379.65931""","=""0.00006""","=""379.659302""","=""0.000006""","=""13""","=""2.5e+07""",D,"=""173347.9158""","=""199679.8440""","=""3s2.3p4.(1D).4p""","=""2D*""","=""3/2""","=""3s2.3p4.(1D).4d""","=""2D""","=""5/2""",4,6,,"=""T1240""","=""L11520""",
Ar,2,"=""379.93811""","=""0.00006""","=""379.938187""","=""0.000006""","=""12""","=""1.7e+07""",C,"=""157673.4134""","=""183986.0137""","=""3s2.3p4.(3P).4p""","=""4D*""","=""5/2""","=""3s2.3p4.(3P).4d""","=""4D""","=""3/2""",6,4,,"=""T926""","=""L11520""",
Ar,2,"=""380.31720""","=""0.00001""","=""380.317205""","=""0.000006""","=""69""","=""1.5e+08""",D,"=""173393.4658""","=""199679.8440""","=""3s2.3p4.(1D).4p""","=""2D*""","=""5/2""","=""3s2.3p4.(1D).4d""","=""2D""","=""5/2""",6,6,,"=""T1240""","=""L11520""",
Ar,2,"=""380.85745""","=""0.00006""","=""380.857439""","=""0.000006""","=""14""","=""1.0e+06""",C,"=""132481.2068""","=""158730.2995""","=""3s2.3p4.(3P).3d""","=""4D""","=""5/2""","=""3s2.3p4.(3P).4p""","=""2D*""","=""5/2""",6,6,,"=""T926""","=""L11520""",
Ar,2,"=""380.94558""","=""0.00002""","=""380.945576""","=""0.000005""","=""91""","=""4.4e+07""",D,"=""155351.1206""","=""181594.1404""","=""3s2.3p4.(3P).4p""","=""4P*""","=""3/2""","=""3s2.3p4.(3P).5s""","=""4P""","=""5/2""",4,6,,"=""T1240""","=""L11520""",
Ar,2,"=""381.90150""","=""0.00009""","=""381.901539""","=""0.000006""","=""8""","=""3.6e+05""",D,"=""173347.9158""","=""199525.2465""","=""3s2.3p4.(1D).4p""","=""2D*""","=""3/2""","=""3s2.3p4.(1D).4d""","=""2P""","=""3/2""",4,4,,"=""T1240""","=""L11520""",
Ar,2,"=""382.56723""","=""0.00004""","=""382.567243""","=""0.000006""","=""19""","=""7.6e+07""",D,"=""173393.4658""","=""199525.2465""","=""3s2.3p4.(1D).4p""","=""2D*""","=""5/2""","=""3s2.3p4.(1D).4d""","=""2P""","=""3/2""",6,4,,"=""T1240""","=""L11520""",
Ar,2,"=""382.68067""","=""0.00003""","=""382.680692""","=""0.000006""","=""30""","=""2.81e+07""",B,"=""157673.4134""","=""183797.4473""","=""3s2.3p4.(3P).4p""","=""4D*""","=""5/2""","=""3s2.3p4.(3P).4d""","=""4D""","=""5/2""",6,6,,"=""T926""","=""L11520""",
Ar,2,"=""383.03951""","=""0.00012""","=""383.039372""","=""0.000006""","=""6""","=""4.e+05""",D,"=""132630.7277""","=""158730.2995""","=""3s2.3p4.(3P).3d""","=""4D""","=""3/2""","=""3s2.3p4.(3P).4p""","=""2D*""","=""5/2""",4,6,,"=""T926""","=""L11520""",
Ar,1,"=""383.4679""","=""""","=""383.46784""","=""""","=""7""","=""7.5e+05""",D,"=""95399.8276""","=""121470.238""","=""3s2.3p5.(2P*<1/2>).4s""","=""2[1/2]*""","=""1""","=""3s2.3p5.(2P*<3/2>).6p""","=""2[1/2]""","=""0""",3,1,,"=""T1086n""","=""L2634""",
Ar,2,"=""384.15186""","=""0.00005""","=""384.151838""","=""0.000011""","=""18""","=""2.69e+07""",B,"=""158167.7999""","=""184191.7917""","=""3s2.3p4.(3P).4p""","=""4D*""","=""3/2""","=""3s2.3p4.(3P).4d""","=""4D""","=""1/2""",4,2,,"=""T926""","=""L11520""",
Ar,2,"=""384.45622""","=""0.00010""","=""384.456216""","=""0.000004""","=""6""","=""3.e+05""",E,"=""135085.9958""","=""161089.3846""","=""3s2.3p4.(3P).4s""","=""4P""","=""3/2""","=""3s2.3p4.(3P).4p""","=""2S*""","=""1/2""",4,2,,"=""T926""","=""L11520""",
Ar,2,"=""384.47306""","=""0.00017""","=""384.473084""","=""0.000006""","=""5""","=""4.8e+06""",B,"=""157673.4134""","=""183675.6614""","=""3s2.3p4.(3P).4p""","=""4D*""","=""5/2""","=""3s2.3p4.(3P).4d""","=""4D""","=""7/2""",6,8,,"=""T926""","=""L11520""",
Ar,2,"=""384.54049""","=""0.00002""","=""384.540506""","=""0.000006""","=""32""","=""1.6e+06""",C,"=""134241.7389""","=""160239.4280""","=""3s2.3p4.(3P).4s""","=""4P""","=""5/2""","=""3s2.3p4.(3P).4p""","=""2P*""","=""3/2""",6,4,,"=""T926""","=""L11520""",
Ar,2,"=""385.05808""","=""0.00001""","=""385.058079""","=""0.000005""","=""263""","=""3.87e+07""",B,"=""135085.9958""","=""161048.7411""","=""3s2.3p4.(3P).4s""","=""4P""","=""3/2""","=""3s2.3p4.(3P).4p""","=""4S*""","=""3/2""",4,4,,"=""T926""","=""L11520""",
Ar,2,"=""385.51603""","=""0.00010""","=""385.516032""","=""0.000006""","=""6""","=""1.5e+06""",D,"=""160239.4280""","=""186171.3330""","=""3s2.3p4.(3P).4p""","=""2P*""","=""3/2""","=""3s2.3p4.(3P).4d""","=""4P""","=""1/2""",4,2,,"=""T1240""","=""L11520""",
Ar,2,"=""386.85281""","=""0.00001""","=""386.852819""","=""0.000006""","=""166""","=""1.4e+08""",C,"=""161048.7411""","=""186891.0393""","=""3s2.3p4.(3P).4p""","=""4S*""","=""3/2""","=""3s2.3p4.(3P).4d""","=""4P""","=""5/2""",4,6,,"=""T926""","=""L11520""",
Ar,2,"=""386.9614""","=""0.0006""","=""386.961963""","=""0.000005""","=""2h""","=""6.e+05""",C,"=""160239.4280""","=""186074.4375""","=""3s2.3p4.(3P).4p""","=""2P*""","=""3/2""","=""3s2.3p4.(3P).4d""","=""4F""","=""5/2""",4,6,,"=""T926""","=""L14821""",
Ar,2,"=""387.21361""","=""0.00007""","=""387.213701""","=""0.000006""","=""11""","=""1.5e+07""",C,"=""158167.7999""","=""183986.0137""","=""3s2.3p4.(3P).4p""","=""4D*""","=""3/2""","=""3s2.3p4.(3P).4d""","=""4D""","=""3/2""",4,4,,"=""T926""","=""L11520""",
Ar,2,"=""387.52641""","=""0.00001""","=""387.526405""","=""0.000009""","=""78""","=""8.2e+06""",B,"=""132630.7277""","=""158428.1087""","=""3s2.3p4.(3P).3d""","=""4D""","=""3/2""","=""3s2.3p4.(3P).4p""","=""4D*""","=""1/2""",4,2,,"=""T926""","=""L11520""",
Ar,2,"=""388.03323""","=""0.00005""","=""388.033288""","=""0.000011""","=""15""","=""2.32e+07""",B,"=""158428.1087""","=""184191.7917""","=""3s2.3p4.(3P).4p""","=""4D*""","=""1/2""","=""3s2.3p4.(3P).4d""","=""4D""","=""1/2""",2,2,,"=""T926""","=""L11520""",
Ar,2,"=""389.14011""","=""0.00006""","=""389.140123""","=""0.000011""","=""14""","=""4.3e+06""",B,"=""132737.7039""","=""158428.1087""","=""3s2.3p4.(3P).3d""","=""4D""","=""1/2""","=""3s2.3p4.(3P).4p""","=""4D*""","=""1/2""",2,2,,"=""T926""","=""L11520""",
Ar,2,"=""389.19787""","=""0.00002""","=""389.197869""","=""0.000008""","=""50""","=""6.3e+06""",C,"=""132481.2068""","=""158167.7999""","=""3s2.3p4.(3P).3d""","=""4D""","=""5/2""","=""3s2.3p4.(3P).4p""","=""4D*""","=""3/2""",6,4,,"=""T926""","=""L11520""",
Ar,1,"=""""","=""""","=""389.46601""","=""""","=""""","=""5.7e+04""",D,"=""95399.8276""","=""121068.736""","=""3s2.3p5.(2P*<1/2>).4s""","=""2[1/2]*""","=""1""","=""3s2.3p5.(2P*<3/2>).6p""","=""2[1/2]""","=""1""",3,3,,"=""T1086n""","=""""",
Ar,2,"=""390.06251""","=""0.00010""","=""390.062636""","=""0.000006""","=""8""","=""7.2e+06""",B,"=""158167.7999""","=""183797.4473""","=""3s2.3p4.(3P).4p""","=""4D*""","=""3/2""","=""3s2.3p4.(3P).4d""","=""4D""","=""5/2""",4,6,,"=""T926""","=""L11520""",
Ar,2,"=""391.15759""","=""0.00011""","=""391.157587""","=""0.000008""","=""6""","=""7.7e+06""",C+,"=""158428.1087""","=""183986.0137""","=""3s2.3p4.(3P).4p""","=""4D*""","=""1/2""","=""3s2.3p4.(3P).4d""","=""4D""","=""3/2""",2,4,,"=""T926""","=""L11520""",
Ar,2,"=""391.47674""","=""0.00004""","=""391.476695""","=""0.000008""","=""25""","=""3.7e+06""",B,"=""132630.7277""","=""158167.7999""","=""3s2.3p4.(3P).3d""","=""4D""","=""3/2""","=""3s2.3p4.(3P).4p""","=""4D*""","=""3/2""",4,4,,"=""T926""","=""L11520""",
Ar,2,"=""391.77669""","=""0.00013""","=""391.776691""","=""0.000007""","=""5""","=""1.e+05""",C,"=""147875.9477""","=""173393.4658""","=""3s2.3p4.(3P).3d""","=""4P""","=""5/2""","=""3s2.3p4.(1D).4p""","=""2D*""","=""5/2""",6,6,,"=""T1386n""","=""L11520""",
Ar,2,"=""392.2359""","=""0.0006""","=""392.235796""","=""0.000007""","=""2""","=""3.e+05""",C,"=""135601.7336""","=""161089.3846""","=""3s2.3p4.(3P).4s""","=""4P""","=""1/2""","=""3s2.3p4.(3P).4p""","=""2S*""","=""1/2""",2,2,,"=""T926""","=""L14821""",
Ar,2,"=""392.57186""","=""0.00001""","=""392.571849""","=""0.000007""","=""129""","=""1.4e+08""",D,"=""170401.0170""","=""195866.8503""","=""3s2.3p4.(1D).4p""","=""2F*""","=""5/2""","=""3s2.3p4.(1D).5s""","=""2D""","=""3/2""",6,4,,"=""T1240""","=""L11520""",
Ar,2,"=""392.86227""","=""0.00001""","=""392.862282""","=""0.000007""","=""191""","=""2.44e+07""",B,"=""135601.7336""","=""161048.7411""","=""3s2.3p4.(3P).4s""","=""4P""","=""1/2""","=""3s2.3p4.(3P).4p""","=""4S*""","=""3/2""",2,4,,"=""T926""","=""L11520""",
Ar,2,"=""393.12353""","=""0.00006""","=""393.123548""","=""0.000011""","=""17""","=""2.0e+06""",B,"=""132737.7039""","=""158167.7999""","=""3s2.3p4.(3P).3d""","=""4D""","=""1/2""","=""3s2.3p4.(3P).4p""","=""4D*""","=""3/2""",2,4,,"=""T926""","=""L11520""",
Ar,2,"=""393.25463""","=""0.00001""","=""393.254638""","=""0.000007""","=""91""","=""9.3e+07""",C,"=""161048.7411""","=""186470.3603""","=""3s2.3p4.(3P).4p""","=""4S*""","=""3/2""","=""3s2.3p4.(3P).4d""","=""4P""","=""3/2""",4,4,,"=""T926""","=""L11520""",
Ar,2,"=""394.42712""","=""0.00002""","=""394.427124""","=""0.000007""","=""49""","=""4.1e+06""",B,"=""132327.3616""","=""157673.4134""","=""3s2.3p4.(3P).3d""","=""4D""","=""7/2""","=""3s2.3p4.(3P).4p""","=""4D*""","=""5/2""",8,6,,"=""T926""","=""L11520""",
Ar,2,"=""394.60969""","=""0.00001""","=""394.609692""","=""0.000005""","=""204""","=""1.4e+08""",D,"=""170530.4040""","=""195864.7296""","=""3s2.3p4.(1D).4p""","=""2F*""","=""7/2""","=""3s2.3p4.(1D).5s""","=""2D""","=""5/2""",8,6,,"=""T1240""","=""L11520""",
Ar,1,"=""394.7505""","=""""","=""394.750472""","=""""","=""7""","=""5.6e+04""",C+,"=""93143.7600""","=""118469.0508""","=""3s2.3p5.(2P*<3/2>).4s""","=""2[3/2]*""","=""2""","=""3s2.3p5.(2P*<1/2>).5p""","=""2[3/2]""","=""2""",5,5,,"=""T5223""","=""L2634""",
Ar,1,"=""394.8979""","=""""","=""394.897881""","=""""","=""35""","=""4.6e+05""",B,"=""93143.7600""","=""118459.5975""","=""3s2.3p5.(2P*<3/2>).4s""","=""2[3/2]*""","=""2""","=""3s2.3p5.(2P*<1/2>).5p""","=""2[1/2]""","=""1""",5,3,,"=""T5223""","=""L2634""",
Ar,2,"=""395.27280""","=""0.00005""","=""395.272882""","=""0.000007""","=""16""","=""2.08e+07""",B,"=""161048.7411""","=""186340.5616""","=""3s2.3p4.(3P).4p""","=""4S*""","=""3/2""","=""3s2.3p4.(3P).4d""","=""4F""","=""3/2""",4,4,,"=""T926""","=""L11520""",
Ar,2,"=""395.83790""","=""0.00012""","=""395.837988""","=""0.000007""","=""7""","=""3.8e+06""",B,"=""158730.2995""","=""183986.0137""","=""3s2.3p4.(3P).4p""","=""2D*""","=""5/2""","=""3s2.3p4.(3P).4d""","=""4D""","=""3/2""",6,4,,"=""T926""","=""L11520""",
Ar,2,"=""396.83589""","=""0.00002""","=""396.835887""","=""0.000007""","=""59""","=""4.8e+06""",B,"=""132481.2068""","=""157673.4134""","=""3s2.3p4.(3P).3d""","=""4D""","=""5/2""","=""3s2.3p4.(3P).4p""","=""4D*""","=""5/2""",6,6,,"=""T926""","=""L11520""",
Ar,2,"=""397.44764""","=""0.00002""","=""397.447629""","=""0.000004""","=""50""","=""2.0e+06""",D,"=""135085.9958""","=""160239.4280""","=""3s2.3p4.(3P).4s""","=""4P""","=""3/2""","=""3s2.3p4.(3P).4p""","=""2P*""","=""3/2""",4,4,,"=""T926""","=""L11520""",
Ar,2,"=""397.47582""","=""0.00006""","=""397.475854""","=""0.000007""","=""15""","=""9.e+05""",D,"=""134241.7389""","=""159393.3850""","=""3s2.3p4.(3P).4s""","=""4P""","=""5/2""","=""3s2.3p4.(3P).4p""","=""2D*""","=""3/2""",6,4,,"=""T926""","=""L11520""",
Ar,2,"=""397.93554""","=""0.00001""","=""397.935543""","=""0.000008""","=""87""","=""9.8e+07""",C,"=""161048.7411""","=""186171.3330""","=""3s2.3p4.(3P).4p""","=""4S*""","=""3/2""","=""3s2.3p4.(3P).4d""","=""4P""","=""1/2""",4,2,,"=""T926""","=""L11520""",
Ar,2,"=""398.81573""","=""0.00006""","=""398.815725""","=""0.000007""","=""12""","=""4.1e+06""",B,"=""158730.2995""","=""183797.4473""","=""3s2.3p4.(3P).4p""","=""2D*""","=""5/2""","=""3s2.3p4.(3P).4d""","=""4D""","=""5/2""",6,6,,"=""T926""","=""L11520""",
Ar,2,"=""399.20531""","=""0.00004""","=""399.205304""","=""0.000007""","=""21""","=""1.6e+06""",B,"=""132630.7277""","=""157673.4134""","=""3s2.3p4.(3P).3d""","=""4D""","=""3/2""","=""3s2.3p4.(3P).4p""","=""4D*""","=""5/2""",4,6,,"=""T926""","=""L11520""",
Ar,2,"=""399.47916""","=""0.00002""","=""399.479193""","=""0.000010""","=""58""","=""1.6e+08""",E,"=""167307.9822""","=""192333.4986""","=""3s2.3p4.(1S).4s""","=""2S""","=""1/2""","=""3s2.3p4.(1S).4p""","=""2P*""","=""1/2""",2,2,,"=""T380n""","=""L11520""",
Ar,2,"=""400.11378""","=""0.00003""","=""400.113759""","=""0.000013""","=""3""","=""6.e+05""",C,"=""147228.0521""","=""172213.8798""","=""3s2.3p4.(3P).3d""","=""4P""","=""1/2""","=""3s2.3p4.(1D).4p""","=""2P*""","=""3/2""",2,4,,"=""T926""","=""L2634""",
Ar,2,"=""401.12084""","=""0.00006""","=""401.120922""","=""0.000005""","=""12""","=""3.1e+06""",D,"=""158167.7999""","=""183090.8927""","=""3s2.3p4.(3P).4p""","=""4D*""","=""3/2""","=""3s2.3p4.(3P).5s""","=""2P""","=""3/2""",4,4,,"=""T1240""","=""L11520""",
Ar,2,"=""401.38561""","=""0.00001""","=""401.385610""","=""0.000008""","=""145""","=""1.05e+07""",A,"=""132327.3616""","=""157234.0196""","=""3s2.3p4.(3P).3d""","=""4D""","=""7/2""","=""3s2.3p4.(3P).4p""","=""4D*""","=""7/2""",8,8,,"=""T926""","=""L11520""",
Ar,2,"=""403.13769""","=""0.00014""","=""403.137797""","=""0.000010""","=""6""","=""7.5e+06""",B,"=""159393.3850""","=""184191.7917""","=""3s2.3p4.(3P).4p""","=""2D*""","=""3/2""","=""3s2.3p4.(3P).4d""","=""4D""","=""1/2""",4,2,,"=""T926""","=""L11520""",
Ar,2,"=""403.38090""","=""0.00001""","=""403.380915""","=""0.000007""","=""95""","=""9.8e+07""",D,"=""158167.7999""","=""182951.2609""","=""3s2.3p4.(3P).4p""","=""4D*""","=""3/2""","=""3s2.3p4.(3P).5s""","=""4P""","=""1/2""",4,2,,"=""T1240""","=""L11520""",
Ar,2,"=""403.54595""","=""0.00002""","=""403.545971""","=""0.000005""","=""50""","=""4.4e+06""",B,"=""148620.1414""","=""173393.4658""","=""3s2.3p4.(1D).4s""","=""2D""","=""3/2""","=""3s2.3p4.(1D).4p""","=""2D*""","=""5/2""",4,6,,"=""T926""","=""L11520""",
Ar,2,"=""403.88039""","=""0.00005""","=""403.880380""","=""0.000008""","=""18""","=""1.2e+06""",B,"=""132481.2068""","=""157234.0196""","=""3s2.3p4.(3P).3d""","=""4D""","=""5/2""","=""3s2.3p4.(3P).4p""","=""4D*""","=""7/2""",6,8,,"=""T926""","=""L11520""",
Ar,2,"=""404.2190""","=""0.0008""","=""404.218100""","=""0.000007""","=""3""","=""4.e+05""",C,"=""145668.8845""","=""170401.0170""","=""3s2.3p4.(3P).3d""","=""2P""","=""3/2""","=""3s2.3p4.(1D).4p""","=""2F*""","=""5/2""",4,6,,"=""T926""","=""L14821""",
Ar,2,"=""404.28934""","=""0.00001""","=""404.289342""","=""0.000005""","=""288""","=""4.06e+07""",B,"=""148620.1414""","=""173347.9158""","=""3s2.3p4.(1D).4s""","=""2D""","=""3/2""","=""3s2.3p4.(1D).4p""","=""2D*""","=""3/2""",4,4,,"=""T926""","=""L11520""",
Ar,1,"=""404.4418""","=""""","=""404.441804""","=""""","=""50""","=""3.3e+05""",B,"=""93750.5978""","=""118469.0508""","=""3s2.3p5.(2P*<3/2>).4s""","=""2[3/2]*""","=""1""","=""3s2.3p5.(2P*<1/2>).5p""","=""2[3/2]""","=""2""",3,5,,"=""T5223""","=""L2634""",
Ar,2,"=""404.56769""","=""0.00008""","=""404.567613""","=""0.000008""","=""8""","=""1.6e+06""",C,"=""147503.1134""","=""172213.8798""","=""3s2.3p4.(3P).3d""","=""4P""","=""3/2""","=""3s2.3p4.(1D).4p""","=""2P*""","=""3/2""",4,4,,"=""T926""","=""L11520""",
Ar,1,"=""""","=""""","=""404.596541""","=""""","=""""","=""4.1e+04""",B,"=""93750.5978""","=""118459.5975""","=""3s2.3p5.(2P*<3/2>).4s""","=""2[3/2]*""","=""1""","=""3s2.3p5.(2P*<1/2>).5p""","=""2[1/2]""","=""1""",3,3,,"=""T5223""","=""""",
Ar,2,"=""405.29206""","=""0.00001""","=""405.292057""","=""0.000010""","=""178""","=""6.7e+07""",E,"=""167307.9822""","=""191974.5800""","=""3s2.3p4.(1S).4s""","=""2S""","=""1/2""","=""3s2.3p4.(1S).4p""","=""2P*""","=""3/2""",2,4,,"=""T926""","=""L11520""",
Ar,1,"=""""","=""""","=""405.452576""","=""""","=""""","=""2.7e+04""",C+,"=""93750.5978""","=""118407.4303""","=""3s2.3p5.(2P*<3/2>).4s""","=""2[3/2]*""","=""1""","=""3s2.3p5.(2P*<1/2>).5p""","=""2[3/2]""","=""1""",3,3,,"=""T5223""","=""""",
Ar,2,"=""405.7672""","=""0.0008""","=""405.767530""","=""0.000007""","=""1""","=""2.e+04""",E,"=""135601.7336""","=""160239.4280""","=""3s2.3p4.(3P).4s""","=""4P""","=""1/2""","=""3s2.3p4.(3P).4p""","=""2P*""","=""3/2""",2,4,,"=""T926""","=""L14821""",
Ar,2,"=""""","=""""","=""406.050290""","=""""","=""""","=""3.2e+03""",E,"=""135085.9958""","=""159706.5337""","=""3s2.3p4.(3P).4s""","=""4P""","=""3/2""","=""3s2.3p4.(3P).4p""","=""2P*""","=""1/2""",4,2,,"=""T997n""","=""""",
Ar,2,"=""406.51114""","=""0.00003""","=""406.511110""","=""0.000007""","=""3""","=""1.1e+06""",C,"=""159393.3850""","=""183986.0137""","=""3s2.3p4.(3P).4p""","=""2D*""","=""3/2""","=""3s2.3p4.(3P).4d""","=""4D""","=""3/2""",4,4,,"=""T926""","=""L2634""",
Ar,2,"=""407.20043""","=""0.00001""","=""407.200431""","=""0.000005""","=""708""","=""5.8e+07""",B,"=""148842.4674""","=""173393.4658""","=""3s2.3p4.(1D).4s""","=""2D""","=""5/2""","=""3s2.3p4.(1D).4p""","=""2D*""","=""5/2""",6,6,,"=""T926""","=""L11520""",
Ar,2,"=""407.66282""","=""0.00002""","=""407.662819""","=""0.000007""","=""85""","=""8.e+07""",D,"=""158428.1087""","=""182951.2609""","=""3s2.3p4.(3P).4p""","=""4D*""","=""1/2""","=""3s2.3p4.(3P).5s""","=""4P""","=""1/2""",2,2,,"=""T1240""","=""L11520""",
Ar,2,"=""407.69432""","=""0.00002""","=""407.694294""","=""0.000005""","=""47""","=""9.9e+07""",D,"=""159393.3850""","=""183914.6440""","=""3s2.3p4.(3P).4p""","=""2D*""","=""3/2""","=""3s2.3p4.(3P).5s""","=""2P""","=""1/2""",4,2,,"=""T1240""","=""L11520""",
Ar,2,"=""407.95734""","=""0.00001""","=""407.957339""","=""0.000005""","=""100""","=""1.19e+07""",B,"=""148842.4674""","=""173347.9158""","=""3s2.3p4.(1D).4s""","=""2D""","=""5/2""","=""3s2.3p4.(1D).4p""","=""2D*""","=""3/2""",6,4,,"=""T926""","=""L11520""",
Ar,2,"=""408.23868""","=""0.00001""","=""408.238680""","=""0.000007""","=""76""","=""2.9e+06""",B+,"=""134241.7389""","=""158730.2995""","=""3s2.3p4.(3P).4s""","=""4P""","=""5/2""","=""3s2.3p4.(3P).4p""","=""2D*""","=""5/2""",6,6,,"=""T926""","=""L11520""",
Ar,2,"=""410.38323""","=""0.00001""","=""410.383222""","=""0.000004""","=""158""","=""1.3e+08""",D,"=""158730.2995""","=""183090.8927""","=""3s2.3p4.(3P).4p""","=""2D*""","=""5/2""","=""3s2.3p4.(3P).5s""","=""2P""","=""3/2""",6,4,,"=""T1240""","=""L11520""",
Ar,2,"=""410.39118""","=""0.00001""","=""410.391181""","=""0.000007""","=""447""","=""1.2e+08""",D,"=""157234.0196""","=""181594.1404""","=""3s2.3p4.(3P).4p""","=""4D*""","=""7/2""","=""3s2.3p4.(3P).5s""","=""4P""","=""5/2""",8,6,,"=""T1240""","=""L11520""",
Ar,2,"=""411.28151""","=""0.00003""","=""411.281487""","=""0.000004""","=""513bl""","=""1.1e+06""",B,"=""135085.9958""","=""159393.3850""","=""3s2.3p4.(3P).4s""","=""4P""","=""3/2""","=""3s2.3p4.(3P).4p""","=""2D*""","=""3/2""",4,4,,"=""T926""","=""L11520""",
Ar,2,"=""412.86399""","=""0.00005""","=""412.863985""","=""0.000006""","=""18""","=""1.4e+06""",B,"=""149179.2444""","=""173393.4658""","=""3s2.3p4.(3P).3d""","=""2F""","=""7/2""","=""3s2.3p4.(1D).4p""","=""2D*""","=""5/2""",8,6,,"=""T926""","=""L11520""",
Ar,2,"=""413.17232""","=""0.00001""","=""413.172327""","=""0.000007""","=""891""","=""8.5e+07""",B,"=""148620.1414""","=""172816.2926""","=""3s2.3p4.(1D).4s""","=""2D""","=""3/2""","=""3s2.3p4.(1D).4p""","=""2P*""","=""1/2""",4,2,,"=""T926""","=""L11520""",
Ar,2,"=""414.7377""","=""0.0008""","=""414.738177""","=""0.000007""","=""2""","=""1.8e+04""",E,"=""135601.7336""","=""159706.5337""","=""3s2.3p4.(3P).4s""","=""4P""","=""1/2""","=""3s2.3p4.(3P).4p""","=""2P*""","=""1/2""",2,2,,"=""T997n""","=""L14821""",
Ar,2,"=""415.60854""","=""0.00002""","=""415.608541""","=""0.000007""","=""60""","=""3.9e+07""",D,"=""158167.7999""","=""182222.1209""","=""3s2.3p4.(3P).4p""","=""4D*""","=""3/2""","=""3s2.3p4.(3P).5s""","=""4P""","=""3/2""",4,4,,"=""T1240""","=""L11520""",
Ar,1,"=""415.8590""","=""""","=""415.859070""","=""""","=""400""","=""1.40e+06""",B,"=""93143.7600""","=""117183.5901""","=""3s2.3p5.(2P*<3/2>).4s""","=""2[3/2]*""","=""2""","=""3s2.3p5.(2P*<3/2>).5p""","=""2[3/2]""","=""2""",5,5,,"=""T5223""","=""L2634""",
Ar,1,"=""416.4180""","=""""","=""416.417952""","=""""","=""50""","=""2.9e+05""",B,"=""93143.7600""","=""117151.3264""","=""3s2.3p5.(2P*<3/2>).4s""","=""2[3/2]*""","=""2""","=""3s2.3p5.(2P*<3/2>).5p""","=""2[3/2]""","=""1""",5,3,,"=""T5223""","=""L2634""",
Ar,2,"=""417.83650""","=""0.00007""","=""417.836530""","=""0.000007""","=""13""","=""1.2e+06""",C+,"=""134241.7389""","=""158167.7999""","=""3s2.3p4.(3P).4s""","=""4P""","=""5/2""","=""3s2.3p4.(3P).4p""","=""4D*""","=""3/2""",6,4,,"=""T926""","=""L11520""",
Ar,2,"=""417.92972""","=""0.00003""","=""417.929704""","=""0.000006""","=""50""","=""1.3e+07""",D,"=""157673.4134""","=""181594.1404""","=""3s2.3p4.(3P).4p""","=""4D*""","=""5/2""","=""3s2.3p4.(3P).5s""","=""4P""","=""5/2""",6,6,,"=""T1240""","=""L11520""",
Ar,1,"=""418.1884""","=""""","=""418.188354""","=""""","=""50""","=""5.6e+05""",B,"=""94553.6652""","=""118459.5975""","=""3s2.3p5.(2P*<1/2>).4s""","=""2[1/2]*""","=""0""","=""3s2.3p5.(2P*<1/2>).5p""","=""2[1/2]""","=""1""",1,3,,"=""T5223""","=""L2634""",
Ar,1,"=""419.0713""","=""""","=""419.071294""","=""""","=""100""","=""2.80e+05""",B,"=""93143.7600""","=""116999.3259""","=""3s2.3p5.(2P*<3/2>).4s""","=""2[3/2]*""","=""2""","=""3s2.3p5.(2P*<3/2>).5p""","=""2[5/2]""","=""2""",5,5,,"=""T5223""","=""L2634""",
Ar,1,"=""419.1029""","=""""","=""419.102932""","=""""","=""50""","=""5.4e+05""",C+,"=""94553.6652""","=""118407.4303""","=""3s2.3p5.(2P*<1/2>).4s""","=""2[1/2]*""","=""0""","=""3s2.3p5.(2P*<1/2>).5p""","=""2[3/2]""","=""1""",1,3,,"=""T5223""","=""L2634""",
Ar,1,"=""419.8317""","=""""","=""419.831729""","=""""","=""200""","=""2.57e+06""",B,"=""93750.5978""","=""117562.9553""","=""3s2.3p5.(2P*<3/2>).4s""","=""2[3/2]*""","=""1""","=""3s2.3p5.(2P*<3/2>).5p""","=""2[1/2]""","=""0""",3,1,,"=""T5223""","=""L2634""",
Ar,1,"=""420.0674""","=""""","=""420.067472""","=""""","=""400""","=""9.7e+05""",B+,"=""93143.7600""","=""116942.7542""","=""3s2.3p5.(2P*<3/2>).4s""","=""2[3/2]*""","=""2""","=""3s2.3p5.(2P*<3/2>).5p""","=""2[5/2]""","=""3""",5,7,,"=""T5223""","=""L2634""",
Ar,2,"=""420.19713""","=""0.00001""","=""420.197120""","=""0.000007""","=""59""","=""2.1e+06""",C,"=""135601.7336""","=""159393.3850""","=""3s2.3p4.(3P).4s""","=""4P""","=""1/2""","=""3s2.3p4.(3P).4p""","=""2D*""","=""3/2""",2,4,,"=""T926""","=""L11520""",
Ar,2,"=""420.9944""","=""0.0008""","=""420.994575""","=""0.000007""","=""1""","=""1.8e+05""",D,"=""160239.4280""","=""183986.0137""","=""3s2.3p4.(3P).4p""","=""2P*""","=""3/2""","=""3s2.3p4.(3P).4d""","=""4D""","=""3/2""",4,4,,"=""T926""","=""L14821""",
Ar,2,"=""421.86648""","=""0.00002""","=""421.866480""","=""0.000004""","=""59""","=""3.6e+07""",D,"=""159393.3850""","=""183090.8927""","=""3s2.3p4.(3P).4p""","=""2D*""","=""3/2""","=""3s2.3p4.(3P).5s""","=""2P""","=""3/2""",4,4,,"=""T1240""","=""L11520""",
Ar,2,"=""422.26369""","=""0.00001""","=""422.263701""","=""0.000006""","=""76""","=""6.9e+07""",D,"=""160239.4280""","=""183914.6440""","=""3s2.3p4.(3P).4p""","=""2P*""","=""3/2""","=""3s2.3p4.(3P).5s""","=""2P""","=""1/2""",4,2,,"=""T1240""","=""L11520""",
Ar,2,"=""422.69874""","=""0.00001""","=""422.698745""","=""0.000006""","=""89""","=""4.1e+07""",D,"=""172213.8798""","=""195864.7296""","=""3s2.3p4.(1D).4p""","=""2P*""","=""3/2""","=""3s2.3p4.(1D).5s""","=""2D""","=""5/2""",4,6,,"=""T1240""","=""L11520""",
Ar,2,"=""422.81577""","=""0.00001""","=""422.815775""","=""0.000004""","=""331""","=""1.31e+07""",A,"=""135085.9958""","=""158730.2995""","=""3s2.3p4.(3P).4s""","=""4P""","=""3/2""","=""3s2.3p4.(3P).4p""","=""2D*""","=""5/2""",4,6,,"=""T926""","=""L11520""",
Ar,2,"=""423.72195""","=""0.00001""","=""423.721956""","=""0.000006""","=""269""","=""1.12e+07""",B,"=""148620.1414""","=""172213.8798""","=""3s2.3p4.(1D).4s""","=""2D""","=""3/2""","=""3s2.3p4.(1D).4p""","=""2P*""","=""3/2""",4,4,,"=""T926""","=""L11520""",
Ar,2,"=""424.3640""","=""0.0008""","=""424.364424""","=""0.000008""","=""2""","=""2.e+05""",C,"=""160239.4280""","=""183797.4473""","=""3s2.3p4.(3P).4p""","=""2P*""","=""3/2""","=""3s2.3p4.(3P).4d""","=""4D""","=""5/2""",4,6,,"=""T926""","=""L14821""",
Ar,1,"=""425.1185""","=""""","=""425.11849""","=""""","=""25""","=""1.11e+05""",C+,"=""93143.7600""","=""116659.9934""","=""3s2.3p5.(2P*<3/2>).4s""","=""2[3/2]*""","=""2""","=""3s2.3p5.(2P*<3/2>).5p""","=""2[1/2]""","=""1""",5,3,,"=""T5223""","=""L2634""",
Ar,2,"=""425.56027""","=""0.00009""","=""425.560268""","=""0.000006""","=""8""","=""2.1e+06""",D,"=""158730.2995""","=""182222.1209""","=""3s2.3p4.(3P).4p""","=""2D*""","=""5/2""","=""3s2.3p4.(3P).5s""","=""4P""","=""3/2""",6,4,,"=""T1240""","=""L11520""",
Ar,1,"=""425.9362""","=""""","=""425.93617""","=""""","=""200""","=""3.98e+06""",B+,"=""95399.8276""","=""118870.9170""","=""3s2.3p5.(2P*<1/2>).4s""","=""2[1/2]*""","=""1""","=""3s2.3p5.(2P*<1/2>).5p""","=""2[1/2]""","=""0""",3,1,,"=""T5223""","=""L2634""",
Ar,1,"=""426.6286""","=""""","=""426.62867""","=""""","=""100""","=""3.1e+05""",C+,"=""93750.5978""","=""117183.5901""","=""3s2.3p5.(2P*<3/2>).4s""","=""2[3/2]*""","=""1""","=""3s2.3p5.(2P*<3/2>).5p""","=""2[3/2]""","=""2""",3,5,,"=""T5223""","=""L2634""",
Ar,2,"=""426.65265""","=""0.00001""","=""426.652661""","=""0.000008""","=""288""","=""1.64e+07""",B,"=""134241.7389""","=""157673.4134""","=""3s2.3p4.(3P).4s""","=""4P""","=""5/2""","=""3s2.3p4.(3P).4p""","=""4D*""","=""5/2""",6,6,,"=""T926""","=""L11520""",
Ar,1,"=""427.2169""","=""""","=""427.21689""","=""""","=""150""","=""8.0e+05""",B,"=""93750.5978""","=""117151.3264""","=""3s2.3p5.(2P*<3/2>).4s""","=""2[3/2]*""","=""1""","=""3s2.3p5.(2P*<3/2>).5p""","=""2[3/2]""","=""1""",3,3,,"=""T5223""","=""L2634""",
Ar,2,"=""427.51592""","=""0.00003""","=""427.515959""","=""0.000004""","=""35""","=""2.6e+07""",D,"=""159706.5337""","=""183090.8927""","=""3s2.3p4.(3P).4p""","=""2P*""","=""1/2""","=""3s2.3p4.(3P).5s""","=""2P""","=""3/2""",2,4,,"=""T1240""","=""L11520""",
Ar,2,"=""427.75279""","=""0.00001""","=""427.752786""","=""0.000006""","=""1995""","=""8.0e+07""",B,"=""148842.4674""","=""172213.8798""","=""3s2.3p4.(1D).4s""","=""2D""","=""5/2""","=""3s2.3p4.(1D).4p""","=""2P*""","=""3/2""",6,4,,"=""T926""","=""L11520""",
Ar,2,"=""428.28971""","=""0.00001""","=""428.289720""","=""0.000008""","=""68""","=""1.32e+07""",B,"=""135085.9958""","=""158428.1087""","=""3s2.3p4.(3P).4s""","=""4P""","=""3/2""","=""3s2.3p4.(3P).4p""","=""4D*""","=""1/2""",4,2,,"=""T926""","=""L11520""",
Ar,1,"=""430.0101""","=""""","=""430.01009""","=""""","=""100""","=""3.77e+05""",B+,"=""93750.5978""","=""116999.3259""","=""3s2.3p5.(2P*<3/2>).4s""","=""2[3/2]*""","=""1""","=""3s2.3p5.(2P*<3/2>).5p""","=""2[5/2]""","=""2""",3,5,,"=""T5223""","=""L2634""",
Ar,2,"=""430.06493""","=""0.00001""","=""430.064931""","=""0.000006""","=""85""","=""5.7e+06""",B,"=""150147.7021""","=""173393.4658""","=""3s2.3p4.(3P).3d""","=""2F""","=""5/2""","=""3s2.3p4.(1D).4p""","=""2D*""","=""5/2""",6,6,,"=""T926""","=""L11520""",
Ar,2,"=""433.11992""","=""0.00001""","=""433.119915""","=""0.000006""","=""603""","=""5.74e+07""",A,"=""135085.9958""","=""158167.7999""","=""3s2.3p4.(3P).4s""","=""4P""","=""3/2""","=""3s2.3p4.(3P).4p""","=""4D*""","=""3/2""",4,4,,"=""T926""","=""L11520""",
Ar,2,"=""433.20295""","=""0.00001""","=""433.202953""","=""0.000010""","=""162""","=""1.92e+07""",B+,"=""132630.7277""","=""155708.1075""","=""3s2.3p4.(3P).3d""","=""4D""","=""3/2""","=""3s2.3p4.(3P).4p""","=""4P*""","=""1/2""",4,2,,"=""T926""","=""L11520""",
Ar,1,"=""433.3561""","=""""","=""433.35612""","=""""","=""100""","=""5.7e+05""",B+,"=""95399.8276""","=""118469.0508""","=""3s2.3p5.(2P*<1/2>).4s""","=""2[1/2]*""","=""1""","=""3s2.3p5.(2P*<1/2>).5p""","=""2[3/2]""","=""2""",3,5,,"=""T5223""","=""L2634""",
Ar,1,"=""433.5338""","=""""","=""433.53378""","=""""","=""50""","=""3.9e+05""",C+,"=""95399.8276""","=""118459.5975""","=""3s2.3p5.(2P*<1/2>).4s""","=""2[1/2]*""","=""1""","=""3s2.3p5.(2P*<1/2>).5p""","=""2[1/2]""","=""1""",3,3,,"=""T5223""","=""L2634""",
Ar,2,"=""433.70705""","=""0.00002""","=""433.707046""","=""0.000011""","=""54""","=""3.4e+07""",D,"=""172816.2926""","=""195866.8503""","=""3s2.3p4.(1D).4p""","=""2P*""","=""1/2""","=""3s2.3p4.(1D).5s""","=""2D""","=""3/2""",2,4,,"=""T1240""","=""L11520""",
Ar,1,"=""434.5168""","=""""","=""434.51679""","=""""","=""25""","=""3.0e+05""",B,"=""95399.8276""","=""118407.4303""","=""3s2.3p5.(2P*<1/2>).4s""","=""2[1/2]*""","=""1""","=""3s2.3p5.(2P*<1/2>).5p""","=""2[3/2]""","=""1""",3,3,,"=""T5223""","=""L2634""",
Ar,2,"=""434.80635""","=""0.00001""","=""434.806354""","=""0.000008""","=""1995""","=""1.171e+08""",A,"=""134241.7389""","=""157234.0196""","=""3s2.3p4.(3P).4s""","=""4P""","=""5/2""","=""3s2.3p4.(3P).4p""","=""4D*""","=""7/2""",6,8,,"=""T926""","=""L11520""",
Ar,2,"=""435.22047""","=""0.00001""","=""435.220472""","=""0.000013""","=""200""","=""2.12e+07""",B,"=""132737.7039""","=""155708.1075""","=""3s2.3p4.(3P).3d""","=""4D""","=""1/2""","=""3s2.3p4.(3P).4p""","=""4P*""","=""1/2""",2,2,,"=""T926""","=""L11520""",
Ar,2,"=""435.84915""","=""0.00004""","=""435.849124""","=""0.000008""","=""3""","=""1.8e+05""",D,"=""161048.7411""","=""183986.0137""","=""3s2.3p4.(3P).4p""","=""4S*""","=""3/2""","=""3s2.3p4.(3P).4d""","=""4D""","=""3/2""",4,4,,"=""T926""","=""L2634""",
Ar,2,"=""436.20660""","=""0.00001""","=""436.206601""","=""0.000006""","=""78""","=""5.5e+06""",B,"=""150474.9903""","=""173393.4658""","=""3s2.3p4.(3P).3d""","=""2D""","=""3/2""","=""3s2.3p4.(1D).4p""","=""2D*""","=""5/2""",4,6,,"=""T926""","=""L11520""",
Ar,1,"=""""","=""""","=""436.37949""","=""""","=""""","=""1.20e+04""",B,"=""93750.5978""","=""116659.9934""","=""3s2.3p5.(2P*<3/2>).4s""","=""2[3/2]*""","=""1""","=""3s2.3p5.(2P*<3/2>).5p""","=""2[1/2]""","=""1""",3,3,,"=""T5223""","=""""",
Ar,2,"=""437.07529""","=""0.00001""","=""437.075295""","=""0.000006""","=""617""","=""6.6e+07""",B,"=""150474.9903""","=""173347.9158""","=""3s2.3p4.(3P).3d""","=""2D""","=""3/2""","=""3s2.3p4.(1D).4p""","=""2D*""","=""3/2""",4,4,,"=""T926""","=""L11520""",
Ar,2,"=""437.13285""","=""0.00001""","=""437.132854""","=""0.000008""","=""355""","=""2.21e+07""",B,"=""132481.2068""","=""155351.1206""","=""3s2.3p4.(3P).3d""","=""4D""","=""5/2""","=""3s2.3p4.(3P).4p""","=""4P*""","=""3/2""",6,4,,"=""T926""","=""L11520""",
Ar,2,"=""437.59540""","=""0.00001""","=""437.595402""","=""0.000006""","=""209""","=""2.05e+07""",B,"=""138243.6444""","=""161089.3846""","=""3s2.3p4.(3P).4s""","=""2P""","=""3/2""","=""3s2.3p4.(3P).4p""","=""2S*""","=""1/2""",4,2,,"=""T926""","=""L11520""",
Ar,2,"=""437.96665""","=""0.00001""","=""437.966649""","=""0.000010""","=""550""","=""1.004e+08""",A,"=""135601.7336""","=""158428.1087""","=""3s2.3p4.(3P).4s""","=""4P""","=""1/2""","=""3s2.3p4.(3P).4p""","=""4D*""","=""1/2""",2,2,,"=""T926""","=""L11520""",
Ar,2,"=""438.37545""","=""0.00009""","=""438.375303""","=""0.000008""","=""14""","=""1.1e+06""",B,"=""138243.6444""","=""161048.7411""","=""3s2.3p4.(3P).4s""","=""2P""","=""3/2""","=""3s2.3p4.(3P).4p""","=""4S*""","=""3/2""",4,4,,"=""T926""","=""L11520""",
Ar,2,"=""439.4622""","=""0.0008""","=""439.461986""","=""0.000008""","=""3""","=""6.e+05""",C,"=""161048.7411""","=""183797.4473""","=""3s2.3p4.(3P).4p""","=""4S*""","=""3/2""","=""3s2.3p4.(3P).4d""","=""4D""","=""5/2""",4,6,,"=""T926""","=""L14821""",
Ar,2,"=""440.00964""","=""0.00001""","=""440.009637""","=""0.000008""","=""257""","=""1.60e+07""",B,"=""132630.7277""","=""155351.1206""","=""3s2.3p4.(3P).3d""","=""4D""","=""3/2""","=""3s2.3p4.(3P).4p""","=""4P*""","=""3/2""",4,4,,"=""T926""","=""L11520""",
Ar,2,"=""440.09860""","=""0.00001""","=""440.098598""","=""0.000008""","=""8710""","=""3.04e+07""",B,"=""132327.3616""","=""155043.1619""","=""3s2.3p4.(3P).3d""","=""4D""","=""7/2""","=""3s2.3p4.(3P).4p""","=""4P*""","=""5/2""",8,6,,"=""T926""","=""L11520""",
Ar,2,"=""441.29035""","=""0.00004""","=""441.290323""","=""0.000008""","=""3""","=""6.1e+06""",B,"=""147875.9477""","=""170530.4040""","=""3s2.3p4.(3P).3d""","=""4P""","=""5/2""","=""3s2.3p4.(1D).4p""","=""2F*""","=""7/2""",6,8,,"=""T926""","=""L2634""",
Ar,2,"=""442.09118""","=""0.00003""","=""442.091205""","=""0.000012""","=""47""","=""3.1e+06""",B,"=""132737.7039""","=""155351.1206""","=""3s2.3p4.(3P).3d""","=""4D""","=""1/2""","=""3s2.3p4.(3P).4p""","=""4P*""","=""3/2""",2,4,,"=""T926""","=""L11520""",
Ar,1,"=""""","=""""","=""442.39944""","=""""","=""""","=""7.3e+03""",C+,"=""94553.6652""","=""117151.3264""","=""3s2.3p5.(2P*<1/2>).4s""","=""2[1/2]*""","=""0""","=""3s2.3p5.(2P*<3/2>).5p""","=""2[3/2]""","=""1""",1,3,,"=""T5223""","=""""",
Ar,2,"=""442.60008""","=""0.00001""","=""442.600080""","=""0.000005""","=""1514""","=""8.17e+07""",A,"=""135085.9958""","=""157673.4134""","=""3s2.3p4.(3P).4s""","=""4P""","=""3/2""","=""3s2.3p4.(3P).4p""","=""4D*""","=""5/2""",4,6,,"=""T926""","=""L11520""",
Ar,2,"=""443.01885""","=""0.00001""","=""443.018862""","=""0.000008""","=""661""","=""5.69e+07""",A,"=""135601.7336""","=""158167.7999""","=""3s2.3p4.(3P).4s""","=""4P""","=""1/2""","=""3s2.3p4.(3P).4p""","=""4D*""","=""3/2""",2,4,,"=""T926""","=""L11520""",
Ar,2,"=""443.09959""","=""0.00001""","=""443.099589""","=""0.000008""","=""251""","=""1.09e+07""",B,"=""132481.2068""","=""155043.1619""","=""3s2.3p4.(3P).3d""","=""4D""","=""5/2""","=""3s2.3p4.(3P).4p""","=""4P*""","=""5/2""",6,6,,"=""T926""","=""L11520""",
Ar,2,"=""444.88791""","=""0.00001""","=""444.887916""","=""0.000006""","=""166""","=""6.5e+07""",D,"=""173393.4658""","=""195864.7296""","=""3s2.3p4.(1D).4p""","=""2D*""","=""5/2""","=""3s2.3p4.(1D).5s""","=""2D""","=""5/2""",6,6,,"=""T1240""","=""L11520""",
Ar,2,"=""446.05558""","=""0.00004""","=""446.055706""","=""0.000008""","=""35""","=""1.5e+06""",B+,"=""132630.7277""","=""155043.1619""","=""3s2.3p4.(3P).3d""","=""4D""","=""3/2""","=""3s2.3p4.(3P).4p""","=""4P*""","=""5/2""",4,6,,"=""T926""","=""L11520""",
Ar,2,"=""447.47591""","=""0.00001""","=""447.475916""","=""0.000008""","=""347""","=""2.90e+07""",B,"=""150474.9903""","=""172816.2926""","=""3s2.3p4.(3P).3d""","=""2D""","=""3/2""","=""3s2.3p4.(1D).4p""","=""2P*""","=""1/2""",4,2,,"=""T926""","=""L11520""",
Ar,2,"=""448.18104""","=""0.00001""","=""448.181045""","=""0.000006""","=""646""","=""4.55e+07""",B,"=""151087.3128""","=""173393.4658""","=""3s2.3p4.(3P).3d""","=""2D""","=""5/2""","=""3s2.3p4.(1D).4p""","=""2D*""","=""5/2""",6,6,,"=""T926""","=""L11520""",
Ar,2,"=""449.09813""","=""0.00002""","=""449.098136""","=""0.000006""","=""48""","=""4.6e+06""",B,"=""151087.3128""","=""173347.9158""","=""3s2.3p4.(3P).3d""","=""2D""","=""5/2""","=""3s2.3p4.(1D).4p""","=""2D*""","=""3/2""",6,4,,"=""T926""","=""L11520""",
Ar,1,"=""451.0733""","=""""","=""451.07334""","=""""","=""100""","=""1.18e+06""",B+,"=""95399.8276""","=""117562.9553""","=""3s2.3p5.(2P*<1/2>).4s""","=""2[1/2]*""","=""1""","=""3s2.3p5.(2P*<3/2>).5p""","=""2[1/2]""","=""0""",3,1,,"=""T5223""","=""L2634""",
Ar,1,"=""452.2323""","=""""","=""452.23234""","=""""","=""20""","=""9.0e+04""",B,"=""94553.6652""","=""116659.9934""","=""3s2.3p5.(2P*<1/2>).4s""","=""2[1/2]*""","=""0""","=""3s2.3p5.(2P*<3/2>).5p""","=""2[1/2]""","=""1""",1,3,,"=""T5223""","=""L2634""",
Ar,2,"=""453.05522""","=""0.00001""","=""453.055209""","=""0.000007""","=""63""","=""2.1e+06""",B,"=""150147.7021""","=""172213.8798""","=""3s2.3p4.(3P).3d""","=""2F""","=""5/2""","=""3s2.3p4.(1D).4p""","=""2P*""","=""3/2""",6,4,,"=""T926""","=""L11520""",
Ar,2,"=""453.54905""","=""0.00004""","=""453.549051""","=""0.000007""","=""21""","=""7.4e+06""",D,"=""161048.7411""","=""183090.8927""","=""3s2.3p4.(3P).4p""","=""4S*""","=""3/2""","=""3s2.3p4.(3P).5s""","=""2P""","=""3/2""",4,4,,"=""T1240""","=""L11520""",
Ar,1,"=""""","=""""","=""454.4746""","=""""","=""""","=""8.3e+04""",E,"=""104102.0990""","=""126099.36""","=""3s2.3p5.(2P*<3/2>).4p""","=""2[1/2]""","=""1""","=""3s2.3p5.(2P*<3/2>).11d""","=""2[1/2]*""","=""1""",3,3,,"=""T1164n""","=""""",
Ar,2,"=""454.50516""","=""0.00001""","=""454.505166""","=""0.000007""","=""1738""","=""4.71e+07""",B,"=""138243.6444""","=""160239.4280""","=""3s2.3p4.(3P).4s""","=""2P""","=""3/2""","=""3s2.3p4.(3P).4p""","=""2P*""","=""3/2""",4,4,,"=""T926""","=""L11520""",
Ar,2,"=""454.77582""","=""0.00008""","=""454.775828""","=""0.000007""","=""20""","=""7.7e+06""",D,"=""160239.4280""","=""182222.1209""","=""3s2.3p4.(3P).4p""","=""2P*""","=""3/2""","=""3s2.3p4.(3P).5s""","=""4P""","=""3/2""",4,4,,"=""T1240""","=""L11520""",
Ar,1,"=""""","=""""","=""455.4324""","=""""","=""""","=""3.8e+04""",E,"=""104102.0990""","=""126053.10""","=""3s2.3p5.(2P*<3/2>).4p""","=""2[1/2]""","=""1""","=""3s2.3p5.(2P*<1/2>).7d""","=""2[3/2]*""","=""2""",3,5,,"=""T1164n""","=""""",
Ar,2,"=""456.44055""","=""0.00004""","=""456.440540""","=""0.000009""","=""42""","=""2.9e+07""",D,"=""161048.7411""","=""182951.2609""","=""3s2.3p4.(3P).4p""","=""4S*""","=""3/2""","=""3s2.3p4.(3P).5s""","=""4P""","=""1/2""",4,2,,"=""T1240""","=""L11520""",
Ar,2,"=""457.93493""","=""0.00001""","=""457.934934""","=""0.000007""","=""871""","=""8.0e+07""",B,"=""139258.3389""","=""161089.3846""","=""3s2.3p4.(3P).4s""","=""2P""","=""1/2""","=""3s2.3p4.(3P).4p""","=""2S*""","=""1/2""",2,2,,"=""T926""","=""L11520""",
Ar,1,"=""""","=""""","=""458.4956""","=""""","=""""","=""1.6e+05""",E,"=""104102.0990""","=""125906.45""","=""3s2.3p5.(2P*<3/2>).4p""","=""2[1/2]""","=""1""","=""3s2.3p5.(2P*<3/2>).10d""","=""2[3/2]*""","=""2""",3,5,,"=""T1164n""","=""""",
Ar,1,"=""""","=""""","=""458.6611""","=""""","=""""","=""2.3e+05""",E,"=""104102.0990""","=""125898.58""","=""3s2.3p5.(2P*<3/2>).4p""","=""2[1/2]""","=""1""","=""3s2.3p5.(2P*<3/2>).10d""","=""2[1/2]*""","=""1""",3,3,,"=""T1164n""","=""""",
Ar,1,"=""""","=""""","=""458.7209""","=""""","=""""","=""4.9e+05""",E,"=""104102.0990""","=""125895.74""","=""3s2.3p5.(2P*<3/2>).4p""","=""2[1/2]""","=""1""","=""3s2.3p5.(2P*<3/2>).10d""","=""2[1/2]*""","=""0""",3,1,,"=""T1164n""","=""""",
Ar,2,"=""458.7895""","=""0.0008""","=""458.789089""","=""0.000009""","=""3""","=""3.e+05""",C,"=""139258.3389""","=""161048.7411""","=""3s2.3p4.(3P).4s""","=""2P""","=""1/2""","=""3s2.3p4.(3P).4p""","=""4S*""","=""3/2""",2,4,,"=""T926""","=""L14821""",
Ar,1,"=""""","=""""","=""458.92893""","=""""","=""""","=""6.2e+03""",C,"=""95399.8276""","=""117183.5901""","=""3s2.3p5.(2P*<1/2>).4s""","=""2[1/2]*""","=""1""","=""3s2.3p5.(2P*<3/2>).5p""","=""2[3/2]""","=""2""",3,5,,"=""T5223""","=""""",
Ar,2,"=""458.98976""","=""0.00001""","=""458.989759""","=""0.000007""","=""25704""","=""6.64e+07""",A,"=""148620.1414""","=""170401.0170""","=""3s2.3p4.(1D).4s""","=""2D""","=""3/2""","=""3s2.3p4.(1D).4p""","=""2F*""","=""5/2""",4,6,,"=""T926""","=""L11520""",
Ar,1,"=""459.6097""","=""""","=""459.60966""","=""""","=""15""","=""9.5e+04""",B,"=""95399.8276""","=""117151.3264""","=""3s2.3p5.(2P*<1/2>).4s""","=""2[1/2]*""","=""1""","=""3s2.3p5.(2P*<3/2>).5p""","=""2[3/2]""","=""1""",3,3,,"=""T5223""","=""L2634""",
Ar,2,"=""459.87625""","=""0.00001""","=""459.876258""","=""0.000007""","=""182""","=""6.7e+06""",B,"=""150474.9903""","=""172213.8798""","=""3s2.3p4.(3P).3d""","=""2D""","=""3/2""","=""3s2.3p4.(1D).4p""","=""2P*""","=""3/2""",4,4,,"=""T926""","=""L11520""",
Ar,2,"=""460.95669""","=""0.00001""","=""460.956692""","=""0.000007""","=""2291""","=""7.89e+07""",A,"=""148842.4674""","=""170530.4040""","=""3s2.3p4.(1D).4s""","=""2D""","=""5/2""","=""3s2.3p4.(1D).4p""","=""2F*""","=""7/2""",6,8,,"=""T926""","=""L11520""",
Ar,1,"=""462.8441""","=""""","=""462.84409""","=""""","=""7""","=""3.83e+04""",B+,"=""95399.8276""","=""116999.3259""","=""3s2.3p5.(2P*<1/2>).4s""","=""2[1/2]*""","=""1""","=""3s2.3p5.(2P*<3/2>).5p""","=""2[5/2]""","=""2""",3,5,,"=""T5223""","=""L2634""",
Ar,2,"=""463.72324""","=""0.00001""","=""463.723239""","=""0.000007""","=""148""","=""7.1e+06""",A,"=""148842.4674""","=""170401.0170""","=""3s2.3p4.(1D).4s""","=""2D""","=""5/2""","=""3s2.3p4.(1D).4p""","=""2F*""","=""5/2""",6,6,,"=""T926""","=""L11520""",
Ar,1,"=""""","=""""","=""464.2137""","=""""","=""""","=""9.6e+04""",E,"=""104102.0990""","=""125637.87""","=""3s2.3p5.(2P*<3/2>).4p""","=""2[1/2]""","=""1""","=""3s2.3p5.(2P*<3/2>).9d""","=""2[3/2]*""","=""2""",3,5,,"=""T1164n""","=""""",
Ar,1,"=""""","=""""","=""464.7489""","=""""","=""""","=""1.2e+05""",E,"=""104102.0990""","=""125613.07""","=""3s2.3p5.(2P*<3/2>).4p""","=""2[1/2]""","=""1""","=""3s2.3p5.(2P*<3/2>).9d""","=""2[1/2]*""","=""1""",3,3,,"=""T1164n""","=""""",
Ar,2,"=""465.79009""","=""0.00001""","=""465.790090""","=""0.000007""","=""1445""","=""8.92e+07""",B,"=""138243.6444""","=""159706.5337""","=""3s2.3p4.(3P).4s""","=""2P""","=""3/2""","=""3s2.3p4.(3P).4p""","=""2P*""","=""1/2""",4,2,,"=""T926""","=""L11520""",
Ar,2,"=""468.22759""","=""0.00004""","=""468.227587""","=""0.000007""","=""21""","=""8.e+05""",C+,"=""149179.2444""","=""170530.4040""","=""3s2.3p4.(3P).3d""","=""2F""","=""7/2""","=""3s2.3p4.(1D).4p""","=""2F*""","=""7/2""",8,8,,"=""T926""","=""L11520""",
Ar,1,"=""470.2316""","=""""","=""470.23164""","=""""","=""15""","=""1.09e+05""",B,"=""95399.8276""","=""116659.9934""","=""3s2.3p5.(2P*<1/2>).4s""","=""2[1/2]*""","=""1""","=""3s2.3p5.(2P*<3/2>).5p""","=""2[1/2]""","=""1""",3,3,,"=""T5223""","=""L2634""",
Ar,2,"=""471.08230""","=""0.00004""","=""471.082366""","=""0.000007""","=""14""","=""5.e+05""",C+,"=""149179.2444""","=""170401.0170""","=""3s2.3p4.(3P).3d""","=""2F""","=""7/2""","=""3s2.3p4.(1D).4p""","=""2F*""","=""5/2""",8,6,,"=""T926""","=""L11520""",
Ar,2,"=""472.15913""","=""0.00005""","=""472.159064""","=""0.000009""","=""32""","=""1.5e+07""",D,"=""161048.7411""","=""182222.1209""","=""3s2.3p4.(3P).4p""","=""4S*""","=""3/2""","=""3s2.3p4.(3P).5s""","=""4P""","=""3/2""",4,4,,"=""T1240""","=""L11520""",
Ar,2,"=""472.68681""","=""0.00001""","=""472.686807""","=""0.000007""","=""23442""","=""5.88e+07""",A,"=""138243.6444""","=""159393.3850""","=""3s2.3p4.(3P).4s""","=""2P""","=""3/2""","=""3s2.3p4.(3P).4p""","=""2D*""","=""3/2""",4,4,,"=""T926""","=""L11520""",
Ar,2,"=""473.20530""","=""0.00001""","=""473.205302""","=""0.000007""","=""200""","=""6.7e+06""",B,"=""151087.3128""","=""172213.8798""","=""3s2.3p4.(3P).3d""","=""2D""","=""5/2""","=""3s2.3p4.(1D).4p""","=""2P*""","=""3/2""",6,4,,"=""T926""","=""L11520""",
Ar,2,"=""473.59055""","=""0.00001""","=""473.590548""","=""0.000009""","=""1000""","=""5.80e+07""",A,"=""134241.7389""","=""155351.1206""","=""3s2.3p4.(3P).4s""","=""4P""","=""5/2""","=""3s2.3p4.(3P).4p""","=""4P*""","=""3/2""",6,4,,"=""T926""","=""L11520""",
Ar,1,"=""""","=""""","=""474.6821""","=""""","=""""","=""3.6e+05""",E,"=""104102.0990""","=""125162.94""","=""3s2.3p5.(2P*<3/2>).4p""","=""2[1/2]""","=""1""","=""3s2.3p5.(2P*<3/2>).8d""","=""2[1/2]*""","=""0""",3,1,,"=""T1164n""","=""""",
Ar,1,"=""""","=""""","=""475.29388""","=""""","=""""","=""4.5e+05""",E,"=""104102.0990""","=""125135.831""","=""3s2.3p5.(2P*<3/2>).4p""","=""2[1/2]""","=""1""","=""3s2.3p5.(2P*<3/2>).8d""","=""2[1/2]*""","=""1""",3,3,,"=""T1164n""","=""""",
Ar,2,"=""476.48644""","=""0.00001""","=""476.486444""","=""0.000007""","=""2344""","=""6.4e+07""",B,"=""139258.3389""","=""160239.4280""","=""3s2.3p4.(3P).4s""","=""2P""","=""1/2""","=""3s2.3p4.(3P).4p""","=""2P*""","=""3/2""",2,4,,"=""T926""","=""L11520""",
Ar,1,"=""""","=""""","=""476.86729""","=""""","=""""","=""8.6e+05""",D,"=""104102.0990""","=""125066.432""","=""3s2.3p5.(2P*<3/2>).4p""","=""2[1/2]""","=""1""","=""3s2.3p5.(2P*<1/2>).6d""","=""2[3/2]*""","=""2""",3,5,,"=""T1218n""","=""""",
Ar,1,"=""""","=""""","=""479.8742""","=""""","=""""","=""8.8e+04""",E,"=""105462.7596""","=""126295.73""","=""3s2.3p5.(2P*<3/2>).4p""","=""2[5/2]""","=""3""","=""3s2.3p5.(2P*<3/2>).12d""","=""2[7/2]*""","=""4""",7,9,,"=""T1164n""","=""""",
Ar,2,"=""480.60202""","=""0.00001""","=""480.602014""","=""0.000010""","=""1820""","=""7.80e+07""",A,"=""134241.7389""","=""155043.1619""","=""3s2.3p4.(3P).4s""","=""4P""","=""5/2""","=""3s2.3p4.(3P).4p""","=""4P*""","=""5/2""",6,6,,"=""T926""","=""L11520""",
Ar,1,"=""""","=""""","=""483.5970""","=""""","=""""","=""9.3e+04""",E,"=""105462.7596""","=""126135.36""","=""3s2.3p5.(2P*<3/2>).4p""","=""2[5/2]""","=""3""","=""3s2.3p5.(2P*<3/2>).11d""","=""2[7/2]*""","=""4""",7,9,,"=""T1164n""","=""""",
Ar,1,"=""""","=""""","=""483.6697""","=""""","=""""","=""1.02e+05""",C,"=""104102.0990""","=""124771.59""","=""3s2.3p5.(2P*<3/2>).4p""","=""2[1/2]""","=""1""","=""3s2.3p5.(2P*<3/2>).9s""","=""2[3/2]*""","=""2""",3,5,,"=""T1164n""","=""""",
Ar,2,"=""484.78095""","=""0.00001""","=""484.780955""","=""0.000007""","=""832""","=""8.49e+07""",B,"=""135085.9958""","=""155708.1075""","=""3s2.3p4.(3P).4s""","=""4P""","=""3/2""","=""3s2.3p4.(3P).4p""","=""4P*""","=""1/2""",4,2,,"=""T926""","=""L11520""",
Ar,2,"=""486.59109""","=""0.00002""","=""486.591056""","=""0.000010""","=""83""","=""1.5e+07""",D,"=""161048.7411""","=""181594.1404""","=""3s2.3p4.(3P).4p""","=""4S*""","=""3/2""","=""3s2.3p4.(3P).5s""","=""4P""","=""5/2""",4,6,,"=""T1240""","=""L11520""",
Ar,1,"=""""","=""""","=""487.62607""","=""""","=""""","=""7.8e+05""",D,"=""104102.0990""","=""124603.890""","=""3s2.3p5.(2P*<3/2>).4p""","=""2[1/2]""","=""1""","=""3s2.3p5.(2P*<3/2>).7d""","=""2[3/2]*""","=""2""",3,5,,"=""T1218n""","=""""",
Ar,2,"=""487.98634""","=""0.00001""","=""487.986345""","=""0.000008""","=""2239""","=""8.23e+07""",A,"=""138243.6444""","=""158730.2995""","=""3s2.3p4.(3P).4s""","=""2P""","=""3/2""","=""3s2.3p4.(3P).4p""","=""2D*""","=""5/2""",4,6,,"=""T926""","=""L11520""",
Ar,1,"=""""","=""""","=""488.6290""","=""""","=""""","=""1.2e+05""",E,"=""105462.7596""","=""125922.47""","=""3s2.3p5.(2P*<3/2>).4p""","=""2[5/2]""","=""3""","=""3s2.3p5.(2P*<3/2>).10d""","=""2[7/2]*""","=""4""",7,9,,"=""T1164n""","=""""",
Ar,1,"=""""","=""""","=""488.79471""","=""""","=""""","=""1.3e+06""",D,"=""104102.0990""","=""124554.874""","=""3s2.3p5.(2P*<3/2>).4p""","=""2[1/2]""","=""1""","=""3s2.3p5.(2P*<3/2>).7d""","=""2[1/2]*""","=""1""",3,3,,"=""T1218n""","=""""",
Ar,2,"=""488.90419""","=""0.00001""","=""488.904194""","=""0.000008""","=""288""","=""1.9e+07""",C,"=""139258.3389""","=""159706.5337""","=""3s2.3p4.(3P).4s""","=""2P""","=""1/2""","=""3s2.3p4.(3P).4p""","=""2P*""","=""1/2""",2,2,,"=""T926""","=""L11520""",
Ar,1,"=""""","=""""","=""489.46909""","=""""","=""""","=""1.8e+06""",D,"=""104102.0990""","=""124526.695""","=""3s2.3p5.(2P*<3/2>).4p""","=""2[1/2]""","=""1""","=""3s2.3p5.(2P*<3/2>).7d""","=""2[1/2]*""","=""0""",3,1,,"=""T1218n""","=""""",
Ar,2,"=""490.47514""","=""0.00001""","=""490.475143""","=""0.000008""","=""107""","=""3.7e+06""",B+,"=""150147.7021""","=""170530.4040""","=""3s2.3p4.(3P).3d""","=""2F""","=""5/2""","=""3s2.3p4.(1D).4p""","=""2F*""","=""7/2""",6,8,,"=""T926""","=""L11520""",
Ar,1,"=""""","=""""","=""492.1034""","=""""","=""""","=""5.9e+04""",E,"=""105617.2700""","=""125932.53""","=""3s2.3p5.(2P*<3/2>).4p""","=""2[5/2]""","=""2""","=""3s2.3p5.(2P*<3/2>).10d""","=""2[7/2]*""","=""3""",5,7,,"=""T1164n""","=""""",
Ar,2,"=""493.32089""","=""0.00001""","=""493.320891""","=""0.000005""","=""251""","=""1.44e+07""",A,"=""135085.9958""","=""155351.1206""","=""3s2.3p4.(3P).4s""","=""4P""","=""3/2""","=""3s2.3p4.(3P).4p""","=""4P*""","=""3/2""",4,4,,"=""T926""","=""L11520""",
Ar,2,"=""493.6083""","=""0.0008""","=""493.608555""","=""0.000008""","=""3""","=""7.e+05""",C+,"=""150147.7021""","=""170401.0170""","=""3s2.3p4.(3P).3d""","=""2F""","=""5/2""","=""3s2.3p4.(1D).4p""","=""2F*""","=""5/2""",6,6,,"=""T926""","=""L14821""",
Ar,1,"=""""","=""""","=""493.7720""","=""""","=""""","=""3.6e+04""",E,"=""105462.7596""","=""125709.37""","=""3s2.3p5.(2P*<3/2>).4p""","=""2[5/2]""","=""3""","=""3s2.3p5.(2P*<3/2>).11s""","=""2[3/2]*""","=""2""",7,5,,"=""T1164n""","=""""",
Ar,2,"=""495.2924""","=""0.0008""","=""495.292311""","=""0.000010""","=""2""","=""6.e+05""",D,"=""138243.6444""","=""158428.1087""","=""3s2.3p4.(3P).4s""","=""2P""","=""3/2""","=""3s2.3p4.(3P).4p""","=""4D*""","=""1/2""",4,2,,"=""T926""","=""L14821""",
Ar,1,"=""""","=""""","=""495.6750""","=""""","=""""","=""1.8e+05""",E,"=""105462.7596""","=""125631.64""","=""3s2.3p5.(2P*<3/2>).4p""","=""2[5/2]""","=""3""","=""3s2.3p5.(2P*<3/2>).9d""","=""2[7/2]*""","=""4""",7,9,,"=""T1164n""","=""""",
Ar,2,"=""496.50794""","=""0.00001""","=""496.507942""","=""0.000008""","=""891""","=""3.94e+07""",A,"=""139258.3389""","=""159393.3850""","=""3s2.3p4.(3P).4s""","=""2P""","=""1/2""","=""3s2.3p4.(3P).4p""","=""2D*""","=""3/2""",2,4,,"=""T926""","=""L11520""",
Ar,2,"=""497.21599""","=""0.00001""","=""497.215984""","=""0.000010""","=""100""","=""9.7e+06""",B+,"=""135601.7336""","=""155708.1075""","=""3s2.3p4.(3P).4s""","=""4P""","=""1/2""","=""3s2.3p4.(3P).4p""","=""4P*""","=""1/2""",2,2,,"=""T926""","=""L11520""",
Ar,1,"=""""","=""""","=""498.9943""","=""""","=""""","=""1.1e+05""",E,"=""105617.2700""","=""125651.99""","=""3s2.3p5.(2P*<3/2>).4p""","=""2[5/2]""","=""2""","=""3s2.3p5.(2P*<3/2>).9d""","=""2[7/2]*""","=""3""",5,7,,"=""T1164n""","=""""",
Ar,2,"=""500.93342""","=""0.00001""","=""500.933420""","=""0.000006""","=""355""","=""1.51e+07""",B,"=""135085.9958""","=""155043.1619""","=""3s2.3p4.(3P).4s""","=""4P""","=""3/2""","=""3s2.3p4.(3P).4p""","=""4P*""","=""5/2""",4,6,,"=""T926""","=""L11520""",
Ar,2,"=""501.71626""","=""0.00001""","=""501.716264""","=""0.000008""","=""7413""","=""2.07e+07""",B,"=""150474.9903""","=""170401.0170""","=""3s2.3p4.(3P).3d""","=""2D""","=""3/2""","=""3s2.3p4.(1D).4p""","=""2F*""","=""5/2""",4,6,,"=""T926""","=""L11520""",
Ar,2,"=""501.76337""","=""0.00007""","=""501.763384""","=""0.000010""","=""14""","=""1.1e+06""",B,"=""138243.6444""","=""158167.7999""","=""3s2.3p4.(3P).4s""","=""2P""","=""3/2""","=""3s2.3p4.(3P).4p""","=""4D*""","=""3/2""",4,4,,"=""T926""","=""L11520""",
Ar,1,"=""""","=""""","=""503.2024""","=""""","=""""","=""8.2e+04""",E,"=""105462.7596""","=""125329.94""","=""3s2.3p5.(2P*<3/2>).4p""","=""2[5/2]""","=""3""","=""3s2.3p5.(2P*<3/2>).10s""","=""2[3/2]*""","=""2""",7,5,,"=""T1164n""","=""""",
Ar,1,"=""""","=""""","=""504.8811""","=""""","=""""","=""4.6e+05""",D,"=""104102.0990""","=""123903.220""","=""3s2.3p5.(2P*<3/2>).4p""","=""2[1/2]""","=""1""","=""3s2.3p5.(2P*<3/2>).8s""","=""2[3/2]*""","=""2""",3,5,,"=""T1218n""","=""""",
Ar,1,"=""""","=""""","=""505.4176""","=""""","=""""","=""4.5e+05""",D,"=""104102.0990""","=""123882.203""","=""3s2.3p5.(2P*<3/2>).4p""","=""2[1/2]""","=""1""","=""3s2.3p5.(2P*<1/2>).7s""","=""2[1/2]*""","=""1""",3,3,,"=""T1218n""","=""""",
Ar,1,"=""""","=""""","=""505.6529""","=""""","=""""","=""5.7e+05""",D,"=""104102.0990""","=""123873.000""","=""3s2.3p5.(2P*<3/2>).4p""","=""2[1/2]""","=""1""","=""3s2.3p5.(2P*<1/2>).7s""","=""2[1/2]*""","=""0""",3,1,,"=""T1218n""","=""""",
Ar,1,"=""""","=""""","=""506.0079""","=""""","=""""","=""3.7e+05""",E,"=""105462.7596""","=""125219.788""","=""3s2.3p5.(2P*<3/2>).4p""","=""2[5/2]""","=""3""","=""3s2.3p5.(2P*<3/2>).8d""","=""2[7/2]*""","=""4""",7,9,,"=""T1164n""","=""""",
Ar,2,"=""506.20370""","=""0.00001""","=""506.203703""","=""0.000011""","=""398""","=""2.23e+07""",B,"=""135601.7336""","=""155351.1206""","=""3s2.3p4.(3P).4s""","=""4P""","=""1/2""","=""3s2.3p4.(3P).4p""","=""4P*""","=""3/2""",2,4,,"=""T926""","=""L11520""",
Ar,1,"=""""","=""""","=""507.0977""","=""""","=""""","=""2.6e+05""",E,"=""105617.2700""","=""125331.84""","=""3s2.3p5.(2P*<3/2>).4p""","=""2[5/2]""","=""2""","=""3s2.3p5.(2P*<3/2>).10s""","=""2[3/2]*""","=""1""",5,3,,"=""T1164n""","=""""",
Ar,1,"=""""","=""""","=""507.3076""","=""""","=""""","=""5.9e+04""",D,"=""104102.0990""","=""123808.513""","=""3s2.3p5.(2P*<3/2>).4p""","=""2[1/2]""","=""1""","=""3s2.3p5.(2P*<3/2>).6d""","=""2[3/2]*""","=""2""",3,5,,"=""T1164n""","=""""",
Ar,1,"=""""","=""""","=""507.8033""","=""""","=""""","=""4.7e+04""",E,"=""105462.7596""","=""125149.937""","=""3s2.3p5.(2P*<3/2>).4p""","=""2[5/2]""","=""3""","=""3s2.3p5.(2P*<1/2>).6d""","=""2[5/2]*""","=""3""",7,7,,"=""T1164n""","=""""",
Ar,1,"=""""","=""""","=""508.7084""","=""""","=""""","=""1.6e+05""",E,"=""105617.2700""","=""125269.42""","=""3s2.3p5.(2P*<3/2>).4p""","=""2[5/2]""","=""2""","=""3s2.3p5.(2P*<3/2>).8d""","=""2[7/2]*""","=""3""",5,7,,"=""T1164n""","=""""",
Ar,1,"=""""","=""""","=""510.4729""","=""""","=""""","=""8.7e+04""",E,"=""106087.2598""","=""125671.48""","=""3s2.3p5.(2P*<3/2>).4p""","=""2[3/2]""","=""1""","=""3s2.3p5.(2P*<3/2>).9d""","=""2[5/2]*""","=""2""",3,5,,"=""T1164n""","=""""",
Ar,1,"=""""","=""""","=""511.8202""","=""""","=""""","=""2.7e+05""",D+,"=""105617.2700""","=""125149.937""","=""3s2.3p5.(2P*<3/2>).4p""","=""2[5/2]""","=""2""","=""3s2.3p5.(2P*<1/2>).6d""","=""2[5/2]*""","=""3""",5,7,,"=""T1218n""","=""""",
Ar,1,"=""""","=""""","=""512.7801""","=""""","=""""","=""3.3e+04""",D,"=""105617.2700""","=""125113.376""","=""3s2.3p5.(2P*<3/2>).4p""","=""2[5/2]""","=""2""","=""3s2.3p5.(2P*<1/2>).6d""","=""2[5/2]*""","=""2""",5,5,,"=""T1218n""","=""""",
Ar,2,"=""514.17826""","=""0.00001""","=""514.178260""","=""0.000008""","=""224""","=""8.1e+06""",A,"=""151087.3128""","=""170530.4040""","=""3s2.3p4.(3P).3d""","=""2D""","=""5/2""","=""3s2.3p4.(1D).4p""","=""2F*""","=""7/2""",6,8,,"=""T926""","=""L11520""",
Ar,2,"=""514.53080""","=""0.00001""","=""514.530815""","=""0.000008""","=""162""","=""1.06e+07""",B,"=""138243.6444""","=""157673.4134""","=""3s2.3p4.(3P).4s""","=""2P""","=""3/2""","=""3s2.3p4.(3P).4p""","=""4D*""","=""5/2""",4,6,,"=""T926""","=""L11520""",
Ar,1,"=""515.1391""","=""""","=""515.1391""","=""""","=""5""","=""2.39e+06""",C,"=""104102.0990""","=""123508.927""","=""3s2.3p5.(2P*<3/2>).4p""","=""2[1/2]""","=""1""","=""3s2.3p5.(2P*<3/2>).6d""","=""2[1/2]*""","=""0""",3,1,,"=""T1218n""","=""L2634""",
Ar,1,"=""""","=""""","=""515.23031""","=""""","=""""","=""1.1e+05""",D,"=""104102.0990""","=""123505.4896""","=""3s2.3p5.(2P*<3/2>).4p""","=""2[1/2]""","=""1""","=""3s2.3p5.(2P*<1/2>).5d""","=""2[5/2]*""","=""2""",3,5,,"=""T1218n""","=""""",
Ar,1,"=""516.2285""","=""""","=""516.22845""","=""""","=""15""","=""1.90e+06""",C,"=""104102.0990""","=""123467.9733""","=""3s2.3p5.(2P*<3/2>).4p""","=""2[1/2]""","=""1""","=""3s2.3p5.(2P*<3/2>).6d""","=""2[1/2]*""","=""1""",3,3,,"=""T1218n""","=""L2634""",
Ar,2,"=""517.62290""","=""0.00004""","=""517.622902""","=""0.000008""","=""26""","=""1.7e+06""",B,"=""151087.3128""","=""170401.0170""","=""3s2.3p4.(3P).3d""","=""2D""","=""5/2""","=""3s2.3p4.(1D).4p""","=""2F*""","=""5/2""",6,6,,"=""T926""","=""L11520""",
Ar,1,"=""""","=""""","=""517.7536""","=""""","=""""","=""2.4e+05""",D,"=""105462.7596""","=""124771.59""","=""3s2.3p5.(2P*<3/2>).4p""","=""2[5/2]""","=""3""","=""3s2.3p5.(2P*<3/2>).9s""","=""2[3/2]*""","=""2""",7,5,,"=""T1218n""","=""""",
Ar,1,"=""518.7746""","=""""","=""518.77464""","=""""","=""20""","=""1.38e+06""",C,"=""104102.0990""","=""123372.9253""","=""3s2.3p5.(2P*<3/2>).4p""","=""2[1/2]""","=""1""","=""3s2.3p5.(2P*<1/2>).5d""","=""2[3/2]*""","=""2""",3,5,,"=""T1218n,T1164n""","=""L2634""",
Ar,3,"=""519.182""","=""0.010""","=""519.182""","=""0.011""","=""""","=""3.10e+00""",C,"=""14010.00""","=""33265.7""","=""3s2.3p4""","=""1D""","=""2""","=""3s2.3p4""","=""1S""","=""0""",5,1,E2,"=""T761""","=""L3452""",
Ar,1,"=""""","=""""","=""519.2733""","=""""","=""""","=""1.2e+04""",D,"=""105462.7596""","=""124715.081""","=""3s2.3p5.(2P*<3/2>).4p""","=""2[5/2]""","=""3""","=""3s2.3p5.(2P*<3/2>).7d""","=""2[5/2]*""","=""3""",7,7,,"=""T1218n""","=""""",
Ar,1,"=""""","=""""","=""519.4052""","=""""","=""""","=""7.8e+05""",D,"=""106087.2598""","=""125334.69""","=""3s2.3p5.(2P*<3/2>).4p""","=""2[3/2]""","=""1""","=""3s2.3p5.(2P*<1/2>).8s""","=""2[1/2]*""","=""0""",3,1,,"=""T1218n""","=""""",
Ar,1,"=""""","=""""","=""521.0486""","=""""","=""""","=""1.1e+05""",D,"=""105462.7596""","=""124649.485""","=""3s2.3p5.(2P*<3/2>).4p""","=""2[5/2]""","=""3""","=""3s2.3p5.(2P*<3/2>).7d""","=""2[7/2]*""","=""3""",7,7,,"=""T1164n""","=""""",
Ar,1,"=""""","=""""","=""521.4774""","=""""","=""""","=""2.1e+05""",D,"=""105617.2700""","=""124788.22""","=""3s2.3p5.(2P*<3/2>).4p""","=""2[5/2]""","=""2""","=""3s2.3p5.(2P*<3/2>).7d""","=""2[3/2]*""","=""1""",5,3,,"=""T1164n""","=""""",
Ar,2,"=""521.511""","=""0.002""","=""521.509472""","=""0.000011""","=""0.5""","=""1.6e+04""",E,"=""139258.3389""","=""158428.1087""","=""3s2.3p4.(3P).4s""","=""2P""","=""1/2""","=""3s2.3p4.(3P).4p""","=""4D*""","=""1/2""",2,2,,"=""T997n""","=""L14821""",
Ar,1,"=""""","=""""","=""521.6300""","=""""","=""""","=""1.3e+05""",D,"=""105617.2700""","=""124782.61""","=""3s2.3p5.(2P*<3/2>).4p""","=""2[5/2]""","=""2""","=""3s2.3p5.(2P*<3/2>).9s""","=""2[3/2]*""","=""1""",5,3,,"=""T1164n""","=""""",
Ar,1,"=""522.1271""","=""""","=""522.1270""","=""""","=""7""","=""8.8e+05""",D,"=""105462.7596""","=""124609.856""","=""3s2.3p5.(2P*<3/2>).4p""","=""2[5/2]""","=""3""","=""3s2.3p5.(2P*<3/2>).7d""","=""2[7/2]*""","=""4""",7,9,,"=""T1164n""","=""L2634""",
Ar,1,"=""""","=""""","=""524.1093""","=""""","=""""","=""1.3e+05""",D,"=""105617.2700""","=""124691.951""","=""3s2.3p5.(2P*<3/2>).4p""","=""2[5/2]""","=""2""","=""3s2.3p5.(2P*<3/2>).7d""","=""2[5/2]*""","=""2""",5,5,,"=""T1164n""","=""""",
Ar,1,"=""""","=""""","=""524.6198""","=""""","=""""","=""1.2e+05""",E,"=""106237.5518""","=""125293.67""","=""3s2.3p5.(2P*<3/2>).4p""","=""2[3/2]""","=""2""","=""3s2.3p5.(2P*<3/2>).8d""","=""2[5/2]*""","=""3""",5,7,,"=""T1164n""","=""""",
Ar,1,"=""""","=""""","=""524.9165""","=""""","=""""","=""7.9e+04""",E,"=""106237.5518""","=""125282.90""","=""3s2.3p5.(2P*<3/2>).4p""","=""2[3/2]""","=""2""","=""3s2.3p5.(2P*<3/2>).8d""","=""2[3/2]*""","=""2""",5,5,,"=""T1164n""","=""""",
Ar,1,"=""""","=""""","=""525.2787""","=""""","=""""","=""5.4e+05""",D,"=""105617.2700""","=""124649.485""","=""3s2.3p5.(2P*<3/2>).4p""","=""2[5/2]""","=""2""","=""3s2.3p5.(2P*<3/2>).7d""","=""2[7/2]*""","=""3""",5,7,,"=""T1164n""","=""""",
Ar,1,"=""""","=""""","=""525.4471""","=""""","=""""","=""3.6e+05""",E,"=""106087.2598""","=""125113.376""","=""3s2.3p5.(2P*<3/2>).4p""","=""2[3/2]""","=""1""","=""3s2.3p5.(2P*<1/2>).6d""","=""2[5/2]*""","=""2""",3,5,,"=""T1164n""","=""""",
Ar,1,"=""""","=""""","=""528.6069""","=""""","=""""","=""9.6e+04""",E,"=""106237.5518""","=""125149.937""","=""3s2.3p5.(2P*<3/2>).4p""","=""2[3/2]""","=""2""","=""3s2.3p5.(2P*<1/2>).6d""","=""2[5/2]*""","=""3""",5,7,,"=""T1164n""","=""""",
Ar,2,"=""528.68866""","=""0.00008""","=""528.688689""","=""0.000011""","=""18""","=""2.e+05""",C,"=""139258.3389""","=""158167.7999""","=""3s2.3p4.(3P).4s""","=""2P""","=""1/2""","=""3s2.3p4.(3P).4p""","=""4D*""","=""3/2""",2,4,,"=""T926""","=""L11520""",
Ar,1,"=""""","=""""","=""529.0015""","=""""","=""""","=""9.0e+04""",E,"=""106237.5518""","=""125135.831""","=""3s2.3p5.(2P*<3/2>).4p""","=""2[3/2]""","=""2""","=""3s2.3p5.(2P*<3/2>).8d""","=""2[1/2]*""","=""1""",5,3,,"=""T1164n""","=""""",
Ar,1,"=""""","=""""","=""530.9513""","=""""","=""""","=""1.2e+05""",E,"=""106237.5518""","=""125066.432""","=""3s2.3p5.(2P*<3/2>).4p""","=""2[3/2]""","=""2""","=""3s2.3p5.(2P*<1/2>).6d""","=""2[3/2]*""","=""2""",5,5,,"=""T1164n""","=""""",
Ar,1,"=""""","=""""","=""531.7715""","=""""","=""""","=""2.6e+05""",E,"=""107289.7001""","=""126089.54""","=""3s2.3p5.(2P*<1/2>).4p""","=""2[3/2]""","=""2""","=""3s2.3p5.(2P*<1/2>).7d""","=""2[5/2]*""","=""3""",5,7,,"=""T1164n""","=""""",
Ar,1,"=""""","=""""","=""537.3494""","=""""","=""""","=""2.7e+05""",D,"=""106087.2598""","=""124691.951""","=""3s2.3p5.(2P*<3/2>).4p""","=""2[3/2]""","=""1""","=""3s2.3p5.(2P*<3/2>).7d""","=""2[5/2]*""","=""2""",3,5,,"=""T1164n""","=""""",
Ar,1,"=""""","=""""","=""539.3979""","=""""","=""""","=""9.6e+04""",D,"=""106237.5518""","=""124771.59""","=""3s2.3p5.(2P*<3/2>).4p""","=""2[3/2]""","=""2""","=""3s2.3p5.(2P*<3/2>).9s""","=""2[3/2]*""","=""2""",5,5,,"=""T1164n""","=""""",
Ar,1,"=""""","=""""","=""541.0475""","=""""","=""""","=""2.0e+05""",D,"=""106237.5518""","=""124715.081""","=""3s2.3p5.(2P*<3/2>).4p""","=""2[3/2]""","=""2""","=""3s2.3p5.(2P*<3/2>).7d""","=""2[5/2]*""","=""3""",5,7,,"=""T1164n""","=""""",
Ar,1,"=""542.1352""","=""""","=""542.1351""","=""""","=""5""","=""6.0e+05""",D,"=""105462.7596""","=""123903.220""","=""3s2.3p5.(2P*<3/2>).4p""","=""2[5/2]""","=""3""","=""3s2.3p5.(2P*<3/2>).8s""","=""2[3/2]*""","=""2""",7,5,,"=""T1164n""","=""L2634""",
Ar,1,"=""""","=""""","=""543.99888""","=""""","=""""","=""1.9e+05""",D+,"=""104102.0990""","=""122479.3820""","=""3s2.3p5.(2P*<3/2>).4p""","=""2[1/2]""","=""1""","=""3s2.3p5.(2P*<3/2>).7s""","=""2[3/2]*""","=""1""",3,3,,"=""T1218n""","=""""",
Ar,1,"=""""","=""""","=""544.2246""","=""""","=""""","=""9.3e+04""",D,"=""105462.7596""","=""123832.419""","=""3s2.3p5.(2P*<3/2>).4p""","=""2[5/2]""","=""3""","=""3s2.3p5.(2P*<3/2>).6d""","=""2[5/2]*""","=""3""",7,7,,"=""T1164n""","=""""",
Ar,1,"=""545.1652""","=""""","=""545.16517""","=""""","=""10""","=""4.7e+05""",D+,"=""104102.0990""","=""122440.0672""","=""3s2.3p5.(2P*<3/2>).4p""","=""2[1/2]""","=""1""","=""3s2.3p5.(2P*<3/2>).7s""","=""2[3/2]*""","=""2""",3,5,,"=""T1218n""","=""L2634""",
Ar,1,"=""""","=""""","=""545.7416""","=""""","=""""","=""3.6e+05""",D,"=""105617.2700""","=""123935.870""","=""3s2.3p5.(2P*<3/2>).4p""","=""2[5/2]""","=""2""","=""3s2.3p5.(2P*<3/2>).8s""","=""2[3/2]*""","=""1""",5,3,,"=""T1218n""","=""""",
Ar,1,"=""""","=""""","=""545.96506""","=""""","=""""","=""3.8e+04""",D,"=""105462.7596""","=""123773.8614""","=""3s2.3p5.(2P*<3/2>).4p""","=""2[5/2]""","=""3""","=""3s2.3p5.(2P*<3/2>).6d""","=""2[7/2]*""","=""3""",7,7,,"=""T1218n""","=""""",
Ar,1,"=""""","=""""","=""546.7160""","=""""","=""""","=""7.6e+04""",D,"=""105617.2700""","=""123903.220""","=""3s2.3p5.(2P*<3/2>).4p""","=""2[5/2]""","=""2""","=""3s2.3p5.(2P*<3/2>).8s""","=""2[3/2]*""","=""2""",5,5,,"=""T1218n""","=""""",
Ar,1,"=""""","=""""","=""547.3451""","=""""","=""""","=""2.0e+05""",D,"=""105617.2700""","=""123882.203""","=""3s2.3p5.(2P*<3/2>).4p""","=""2[5/2]""","=""2""","=""3s2.3p5.(2P*<1/2>).7s""","=""2[1/2]*""","=""1""",5,3,,"=""T1218n""","=""""",
Ar,1,"=""""","=""""","=""549.0120""","=""""","=""""","=""8.5e+04""",D,"=""105617.2700""","=""123826.750""","=""3s2.3p5.(2P*<3/2>).4p""","=""2[5/2]""","=""2""","=""3s2.3p5.(2P*<3/2>).6d""","=""2[5/2]*""","=""2""",5,5,,"=""T1164n""","=""""",
Ar,1,"=""""","=""""","=""549.2080""","=""""","=""""","=""5.6e+05""",E,"=""107131.7086""","=""125334.69""","=""3s2.3p5.(2P*<1/2>).4p""","=""2[3/2]""","=""1""","=""3s2.3p5.(2P*<1/2>).8s""","=""2[1/2]*""","=""0""",3,1,,"=""T1164n""","=""""",
Ar,1,"=""549.5874""","=""""","=""549.5873""","=""""","=""25""","=""1.69e+06""",C,"=""105462.7596""","=""123653.177""","=""3s2.3p5.(2P*<3/2>).4p""","=""2[5/2]""","=""3""","=""3s2.3p5.(2P*<3/2>).6d""","=""2[7/2]*""","=""4""",7,9,,"=""T1218n""","=""L2634""",
Ar,1,"=""550.6113""","=""""","=""550.61121""","=""""","=""5""","=""3.6e+05""",D+,"=""105617.2700""","=""123773.8614""","=""3s2.3p5.(2P*<3/2>).4p""","=""2[5/2]""","=""2""","=""3s2.3p5.(2P*<3/2>).6d""","=""2[7/2]*""","=""3""",5,7,,"=""T1218n""","=""L2634""",
Ar,1,"=""""","=""""","=""552.49567""","=""""","=""""","=""1.7e+05""",D+,"=""105462.7596""","=""123557.4227""","=""3s2.3p5.(2P*<3/2>).4p""","=""2[5/2]""","=""3""","=""3s2.3p5.(2P*<1/2>).5d""","=""2[5/2]*""","=""3""",7,7,,"=""T1218n""","=""""",
Ar,1,"=""""","=""""","=""552.8961""","=""""","=""""","=""1.2e+05""",E,"=""107054.2720""","=""125135.831""","=""3s2.3p5.(2P*<3/2>).4p""","=""2[1/2]""","=""0""","=""3s2.3p5.(2P*<3/2>).8d""","=""2[1/2]*""","=""1""",1,3,,"=""T1164n""","=""""",
Ar,1,"=""""","=""""","=""553.4479""","=""""","=""""","=""2.7e+05""",D+,"=""107289.7001""","=""125353.23""","=""3s2.3p5.(2P*<1/2>).4p""","=""2[3/2]""","=""2""","=""3s2.3p5.(2P*<1/2>).8s""","=""2[1/2]*""","=""1""",5,3,,"=""T1218n""","=""""",
Ar,1,"=""""","=""""","=""554.08596""","=""""","=""""","=""4.1e+04""",D,"=""105462.7596""","=""123505.4896""","=""3s2.3p5.(2P*<3/2>).4p""","=""2[5/2]""","=""3""","=""3s2.3p5.(2P*<1/2>).5d""","=""2[5/2]*""","=""2""",7,5,,"=""T1218n""","=""""",
Ar,1,"=""""","=""""","=""555.2741""","=""""","=""""","=""7.9e+04""",E,"=""107131.7086""","=""125135.831""","=""3s2.3p5.(2P*<1/2>).4p""","=""2[3/2]""","=""1""","=""3s2.3p5.(2P*<3/2>).8d""","=""2[1/2]*""","=""1""",3,3,,"=""T1164n""","=""""",
Ar,1,"=""555.8702""","=""""","=""555.87018""","=""""","=""25""","=""1.42e+06""",C,"=""104102.0990""","=""122086.9164""","=""3s2.3p5.(2P*<3/2>).4p""","=""2[1/2]""","=""1""","=""3s2.3p5.(2P*<3/2>).5d""","=""2[3/2]*""","=""2""",3,5,,"=""T1218n""","=""L2634""",
Ar,1,"=""""","=""""","=""555.9676""","=""""","=""""","=""2.2e+05""",D+,"=""107131.7086""","=""125113.376""","=""3s2.3p5.(2P*<1/2>).4p""","=""2[3/2]""","=""1""","=""3s2.3p5.(2P*<1/2>).6d""","=""2[5/2]*""","=""2""",3,5,,"=""T1218n""","=""""",
Ar,1,"=""557.2541""","=""""","=""557.25412""","=""""","=""10""","=""6.6e+05""",C,"=""105617.2700""","=""123557.4227""","=""3s2.3p5.(2P*<3/2>).4p""","=""2[5/2]""","=""2""","=""3s2.3p5.(2P*<1/2>).5d""","=""2[5/2]*""","=""3""",5,7,,"=""T1218n""","=""L2634""",
Ar,1,"=""""","=""""","=""557.4228""","=""""","=""""","=""4.6e+04""",D,"=""107131.7086""","=""125066.432""","=""3s2.3p5.(2P*<1/2>).4p""","=""2[3/2]""","=""1""","=""3s2.3p5.(2P*<1/2>).6d""","=""2[3/2]*""","=""2""",3,5,,"=""T1218n""","=""""",
Ar,1,"=""""","=""""","=""558.18714""","=""""","=""""","=""5.6e+04""",D+,"=""105462.7596""","=""123372.9253""","=""3s2.3p5.(2P*<3/2>).4p""","=""2[5/2]""","=""3""","=""3s2.3p5.(2P*<1/2>).5d""","=""2[3/2]*""","=""2""",7,5,,"=""T1218n""","=""""",
Ar,1,"=""""","=""""","=""558.87196""","=""""","=""""","=""1.5e+05""",D+,"=""105617.2700""","=""123505.4896""","=""3s2.3p5.(2P*<3/2>).4p""","=""2[5/2]""","=""2""","=""3s2.3p5.(2P*<1/2>).5d""","=""2[5/2]*""","=""2""",5,5,,"=""T1218n""","=""""",
Ar,1,"=""""","=""""","=""559.7476""","=""""","=""""","=""4.2e+05""",E,"=""107289.7001""","=""125149.937""","=""3s2.3p5.(2P*<1/2>).4p""","=""2[3/2]""","=""2""","=""3s2.3p5.(2P*<1/2>).6d""","=""2[5/2]*""","=""3""",5,7,,"=""T1164n""","=""""",
Ar,1,"=""560.6733""","=""""","=""560.67329""","=""""","=""35""","=""2.20e+06""",C,"=""104102.0990""","=""121932.8477""","=""3s2.3p5.(2P*<3/2>).4p""","=""2[1/2]""","=""1""","=""3s2.3p5.(2P*<3/2>).5d""","=""2[1/2]*""","=""1""",3,3,,"=""T1218n""","=""L2634""",
Ar,1,"=""""","=""""","=""561.8014""","=""""","=""""","=""2.1e+05""",D,"=""106087.2598""","=""123882.203""","=""3s2.3p5.(2P*<3/2>).4p""","=""2[3/2]""","=""1""","=""3s2.3p5.(2P*<1/2>).7s""","=""2[1/2]*""","=""1""",3,3,,"=""T1218n""","=""""",
Ar,1,"=""""","=""""","=""562.0921""","=""""","=""""","=""3.6e+05""",D,"=""106087.2598""","=""123873.000""","=""3s2.3p5.(2P*<3/2>).4p""","=""2[3/2]""","=""1""","=""3s2.3p5.(2P*<1/2>).7s""","=""2[1/2]*""","=""0""",3,1,,"=""T1218n""","=""""",
Ar,1,"=""""","=""""","=""562.3770""","=""""","=""""","=""1.4e+05""",D,"=""107289.7001""","=""125066.432""","=""3s2.3p5.(2P*<1/2>).4p""","=""2[3/2]""","=""2""","=""3s2.3p5.(2P*<1/2>).6d""","=""2[3/2]*""","=""2""",5,5,,"=""T1218n""","=""""",
Ar,1,"=""""","=""""","=""563.5576""","=""""","=""""","=""9.6e+04""",D,"=""106087.2598""","=""123826.750""","=""3s2.3p5.(2P*<3/2>).4p""","=""2[3/2]""","=""1""","=""3s2.3p5.(2P*<3/2>).6d""","=""2[5/2]*""","=""2""",3,5,,"=""T1164n""","=""""",
Ar,1,"=""""","=""""","=""563.734""","=""""","=""""","=""9.1e+04""",D,"=""107054.2720""","=""124788.22""","=""3s2.3p5.(2P*<3/2>).4p""","=""2[1/2]""","=""0""","=""3s2.3p5.(2P*<3/2>).7d""","=""2[3/2]*""","=""1""",1,3,,"=""T1164n""","=""""",
Ar,1,"=""""","=""""","=""563.912""","=""""","=""""","=""2.1e+05""",D,"=""107054.2720""","=""124782.61""","=""3s2.3p5.(2P*<3/2>).4p""","=""2[1/2]""","=""0""","=""3s2.3p5.(2P*<3/2>).9s""","=""2[3/2]*""","=""1""",1,3,,"=""T1164n""","=""""",
Ar,1,"=""""","=""""","=""564.1376""","=""""","=""""","=""8.7e+04""",D,"=""106087.2598""","=""123808.513""","=""3s2.3p5.(2P*<3/2>).4p""","=""2[3/2]""","=""1""","=""3s2.3p5.(2P*<3/2>).6d""","=""2[3/2]*""","=""2""",3,5,,"=""T1164n""","=""""",
Ar,2,"=""564.2413""","=""0.0008""","=""564.242831""","=""0.000016""","=""2""","=""2.e+05""",C,"=""143371.4364""","=""161089.3846""","=""3s2.3p4.(3P).3d""","=""4F""","=""3/2""","=""3s2.3p4.(3P).4p""","=""2S*""","=""1/2""",4,2,,"=""T926""","=""L14821""",
Ar,1,"=""""","=""""","=""564.8687""","=""""","=""""","=""1.2e+05""",D,"=""106237.5518""","=""123935.870""","=""3s2.3p5.(2P*<3/2>).4p""","=""2[3/2]""","=""2""","=""3s2.3p5.(2P*<3/2>).8s""","=""2[3/2]*""","=""1""",5,3,,"=""T1218n""","=""""",
Ar,1,"=""565.0704""","=""""","=""565.07040""","=""""","=""20""","=""3.20e+06""",C,"=""104102.0990""","=""121794.0988""","=""3s2.3p5.(2P*<3/2>).4p""","=""2[1/2]""","=""1""","=""3s2.3p5.(2P*<3/2>).5d""","=""2[1/2]*""","=""0""",3,1,,"=""T1218n""","=""L2634""",
Ar,1,"=""""","=""""","=""565.9127""","=""""","=""""","=""2.6e+05""",D,"=""106237.5518""","=""123903.220""","=""3s2.3p5.(2P*<3/2>).4p""","=""2[3/2]""","=""2""","=""3s2.3p5.(2P*<3/2>).8s""","=""2[3/2]*""","=""2""",5,5,,"=""T1218n""","=""""",
Ar,1,"=""""","=""""","=""568.1899""","=""""","=""""","=""2.0e+05""",D,"=""106237.5518""","=""123832.419""","=""3s2.3p5.(2P*<3/2>).4p""","=""2[3/2]""","=""2""","=""3s2.3p5.(2P*<3/2>).6d""","=""2[5/2]*""","=""3""",5,7,,"=""T1218n""","=""""",
Ar,1,"=""""","=""""","=""568.3730""","=""""","=""""","=""2.0e+05""",D,"=""106237.5518""","=""123826.750""","=""3s2.3p5.(2P*<3/2>).4p""","=""2[3/2]""","=""2""","=""3s2.3p5.(2P*<3/2>).6d""","=""2[5/2]*""","=""2""",5,5,,"=""T1218n""","=""""",
Ar,1,"=""""","=""""","=""570.08724""","=""""","=""""","=""5.9e+05""",D,"=""106237.5518""","=""123773.8614""","=""3s2.3p5.(2P*<3/2>).4p""","=""2[3/2]""","=""2""","=""3s2.3p5.(2P*<3/2>).6d""","=""2[7/2]*""","=""3""",5,7,,"=""T1218n""","=""""",
Ar,1,"=""""","=""""","=""571.2504""","=""""","=""""","=""8.7e+04""",D,"=""107054.2720""","=""124554.874""","=""3s2.3p5.(2P*<3/2>).4p""","=""2[1/2]""","=""0""","=""3s2.3p5.(2P*<3/2>).7d""","=""2[1/2]*""","=""1""",1,3,,"=""T1164n""","=""""",
Ar,2,"=""572.4325""","=""0.0008""","=""572.432524""","=""0.000013""","=""5""","=""4.e+05""",C,"=""138243.6444""","=""155708.1075""","=""3s2.3p4.(3P).4s""","=""2P""","=""3/2""","=""3s2.3p4.(3P).4p""","=""4P*""","=""1/2""",4,2,,"=""T926""","=""L14821""",
Ar,1,"=""573.9520""","=""""","=""573.95195""","=""""","=""10""","=""8.7e+05""",D,"=""106087.2598""","=""123505.4896""","=""3s2.3p5.(2P*<3/2>).4p""","=""2[3/2]""","=""1""","=""3s2.3p5.(2P*<1/2>).5d""","=""2[5/2]*""","=""2""",3,5,,"=""T1218n""","=""L2634""",
Ar,1,"=""""","=""""","=""577.21143""","=""""","=""""","=""2.0e+05""",D,"=""106237.5518""","=""123557.4227""","=""3s2.3p5.(2P*<3/2>).4p""","=""2[3/2]""","=""2""","=""3s2.3p5.(2P*<1/2>).5d""","=""2[5/2]*""","=""3""",5,7,,"=""T1218n""","=""""",
Ar,1,"=""""","=""""","=""577.4008""","=""""","=""""","=""1.1e+05""",D,"=""107289.7001""","=""124603.890""","=""3s2.3p5.(2P*<1/2>).4p""","=""2[3/2]""","=""2""","=""3s2.3p5.(2P*<3/2>).7d""","=""2[3/2]*""","=""2""",5,5,,"=""T1218n""","=""""",
Ar,1,"=""""","=""""","=""578.35365""","=""""","=""""","=""8.1e+04""",D,"=""106087.2598""","=""123372.9253""","=""3s2.3p5.(2P*<3/2>).4p""","=""2[3/2]""","=""1""","=""3s2.3p5.(2P*<1/2>).5d""","=""2[3/2]*""","=""2""",3,5,,"=""T1218n""","=""""",
Ar,1,"=""""","=""""","=""578.94741""","=""""","=""""","=""4.6e+04""",D,"=""106237.5518""","=""123505.4896""","=""3s2.3p5.(2P*<3/2>).4p""","=""2[3/2]""","=""2""","=""3s2.3p5.(2P*<1/2>).5d""","=""2[5/2]*""","=""2""",5,5,,"=""T1218n""","=""""",
Ar,1,"=""""","=""""","=""579.0401""","=""""","=""""","=""3.4e+04""",D,"=""107289.7001""","=""124554.874""","=""3s2.3p5.(2P*<1/2>).4p""","=""2[3/2]""","=""2""","=""3s2.3p5.(2P*<3/2>).7d""","=""2[1/2]*""","=""1""",5,3,,"=""T1218n""","=""""",
Ar,1,"=""""","=""""","=""580.20798""","=""""","=""""","=""4.2e+05""",D,"=""106237.5518""","=""123467.9733""","=""3s2.3p5.(2P*<3/2>).4p""","=""2[3/2]""","=""2""","=""3s2.3p5.(2P*<3/2>).6d""","=""2[1/2]*""","=""1""",5,3,,"=""T1218n""","=""""",
Ar,1,"=""583.4263""","=""""","=""583.42636""","=""""","=""5""","=""5.2e+05""",C,"=""106237.5518""","=""123372.9253""","=""3s2.3p5.(2P*<3/2>).4p""","=""2[3/2]""","=""2""","=""3s2.3p5.(2P*<1/2>).5d""","=""2[3/2]*""","=""2""",5,5,,"=""T1218n,T1164n""","=""L2634""",
Ar,1,"=""""","=""""","=""584.3779""","=""""","=""""","=""3.3e+04""",D,"=""107496.4166""","=""124603.890""","=""3s2.3p5.(2P*<1/2>).4p""","=""2[1/2]""","=""1""","=""3s2.3p5.(2P*<3/2>).7d""","=""2[3/2]*""","=""2""",3,5,,"=""T1218n""","=""""",
Ar,2,"=""584.3781""","=""0.0008""","=""584.377764""","=""0.000011""","=""7""","=""3.8e+04""",E,"=""138243.6444""","=""155351.1206""","=""3s2.3p4.(3P).4s""","=""2P""","=""3/2""","=""3s2.3p4.(3P).4p""","=""4P*""","=""3/2""",4,4,,"=""T997n""","=""L14821""",
Ar,1,"=""586.0310""","=""""","=""586.03102""","=""""","=""10""","=""2.85e+05""",C,"=""104102.0990""","=""121161.3135""","=""3s2.3p5.(2P*<3/2>).4p""","=""2[1/2]""","=""1""","=""3s2.3p5.(2P*<1/2>).6s""","=""2[1/2]*""","=""1""",3,3,,"=""T1218n,T1164n""","=""L2634""",
Ar,1,"=""588.2624""","=""""","=""588.2624""","=""""","=""15""","=""1.23e+06""",C,"=""104102.0990""","=""121096.605""","=""3s2.3p5.(2P*<3/2>).4p""","=""2[1/2]""","=""1""","=""3s2.3p5.(2P*<1/2>).6s""","=""2[1/2]*""","=""0""",3,1,,"=""T1218n""","=""L2634""",
Ar,1,"=""588.8584""","=""""","=""588.85835""","=""""","=""25""","=""1.29e+06""",C,"=""105462.7596""","=""122440.0672""","=""3s2.3p5.(2P*<3/2>).4p""","=""2[5/2]""","=""3""","=""3s2.3p5.(2P*<3/2>).7s""","=""2[3/2]*""","=""2""",7,5,,"=""T1218n""","=""L2634""",
Ar,1,"=""591.2085""","=""""","=""591.20850""","=""""","=""50""","=""1.05e+06""",C,"=""104102.0990""","=""121011.9198""","=""3s2.3p5.(2P*<3/2>).4p""","=""2[1/2]""","=""1""","=""3s2.3p5.(2P*<1/2>).4d""","=""2[3/2]*""","=""1""",3,3,,"=""T1218n,T1164n""","=""L2634""",
Ar,1,"=""""","=""""","=""591.6598""","=""""","=""""","=""5.9e+04""",D,"=""105617.2700""","=""122514.192""","=""3s2.3p5.(2P*<3/2>).4p""","=""2[5/2]""","=""2""","=""3s2.3p5.(2P*<3/2>).5d""","=""2[3/2]*""","=""1""",5,3,,"=""T1218n""","=""""",
Ar,1,"=""""","=""""","=""592.7125""","=""""","=""""","=""3.7e+04""",D+,"=""105462.7596""","=""122329.672""","=""3s2.3p5.(2P*<3/2>).4p""","=""2[5/2]""","=""3""","=""3s2.3p5.(2P*<3/2>).5d""","=""2[5/2]*""","=""3""",7,7,,"=""T1218n""","=""""",
Ar,1,"=""592.8813""","=""""","=""592.88125""","=""""","=""15""","=""1.1e+06""",D+,"=""105617.2700""","=""122479.3820""","=""3s2.3p5.(2P*<3/2>).4p""","=""2[5/2]""","=""2""","=""3s2.3p5.(2P*<3/2>).7s""","=""2[3/2]*""","=""1""",5,3,,"=""T1218n""","=""L2634""",
Ar,1,"=""""","=""""","=""594.0855""","=""""","=""""","=""1.2e+05""",D,"=""107054.2720""","=""123882.203""","=""3s2.3p5.(2P*<3/2>).4p""","=""2[1/2]""","=""0""","=""3s2.3p5.(2P*<1/2>).7s""","=""2[1/2]*""","=""1""",1,3,,"=""T1218n""","=""""",
Ar,1,"=""594.2669""","=""""","=""594.26682""","=""""","=""5""","=""1.8e+05""",D,"=""105617.2700""","=""122440.0672""","=""3s2.3p5.(2P*<3/2>).4p""","=""2[5/2]""","=""2""","=""3s2.3p5.(2P*<3/2>).7s""","=""2[3/2]*""","=""2""",5,5,,"=""T1218n""","=""L2634""",
Ar,1,"=""""","=""""","=""594.3888""","=""""","=""""","=""3.6e+04""",D,"=""105462.7596""","=""122282.104""","=""3s2.3p5.(2P*<3/2>).4p""","=""2[5/2]""","=""3""","=""3s2.3p5.(2P*<3/2>).5d""","=""2[5/2]*""","=""2""",7,5,,"=""T1218n""","=""""",
Ar,1,"=""""","=""""","=""594.9259""","=""""","=""""","=""1.5e+05""",D,"=""107131.7086""","=""123935.870""","=""3s2.3p5.(2P*<1/2>).4p""","=""2[3/2]""","=""1""","=""3s2.3p5.(2P*<3/2>).8s""","=""2[3/2]*""","=""1""",3,3,,"=""T1218n""","=""""",
Ar,2,"=""595.0905""","=""0.0008""","=""595.090327""","=""0.000011""","=""6""","=""7.e+04""",E,"=""138243.6444""","=""155043.1619""","=""3s2.3p4.(3P).4s""","=""2P""","=""3/2""","=""3s2.3p4.(3P).4p""","=""4P*""","=""5/2""",4,6,,"=""T926""","=""L14821""",
Ar,1,"=""""","=""""","=""596.448""","=""""","=""""","=""7.7e+04""",D,"=""107054.2720""","=""123815.56""","=""3s2.3p5.(2P*<3/2>).4p""","=""2[1/2]""","=""0""","=""3s2.3p5.(2P*<1/2>).5d""","=""2[3/2]*""","=""1""",1,3,,"=""T1218n""","=""""",
Ar,1,"=""""","=""""","=""596.8320""","=""""","=""""","=""1.8e+05""",D,"=""107131.7086""","=""123882.203""","=""3s2.3p5.(2P*<1/2>).4p""","=""2[3/2]""","=""1""","=""3s2.3p5.(2P*<1/2>).7s""","=""2[1/2]*""","=""1""",3,3,,"=""T1218n""","=""""",
Ar,1,"=""""","=""""","=""597.1601""","=""""","=""""","=""1.1e+06""",D+,"=""107131.7086""","=""123873.000""","=""3s2.3p5.(2P*<1/2>).4p""","=""2[3/2]""","=""1""","=""3s2.3p5.(2P*<1/2>).7s""","=""2[1/2]*""","=""0""",3,1,,"=""T1218n""","=""""",
Ar,1,"=""""","=""""","=""598.1923""","=""""","=""""","=""1.2e+04""",D,"=""105617.2700""","=""122329.672""","=""3s2.3p5.(2P*<3/2>).4p""","=""2[5/2]""","=""2""","=""3s2.3p5.(2P*<3/2>).5d""","=""2[5/2]*""","=""3""",5,7,,"=""T1218n""","=""""",
Ar,1,"=""598.7302""","=""""","=""598.73013""","=""""","=""7""","=""1.2e+05""",D,"=""105462.7596""","=""122160.1502""","=""3s2.3p5.(2P*<3/2>).4p""","=""2[5/2]""","=""3""","=""3s2.3p5.(2P*<3/2>).5d""","=""2[7/2]*""","=""3""",7,7,,"=""T1218n""","=""L2634""",
Ar,1,"=""""","=""""","=""598.8144""","=""""","=""""","=""6.1e+04""",D,"=""107131.7086""","=""123826.750""","=""3s2.3p5.(2P*<1/2>).4p""","=""2[3/2]""","=""1""","=""3s2.3p5.(2P*<3/2>).6d""","=""2[5/2]*""","=""2""",3,5,,"=""T1218n""","=""""",
Ar,1,"=""""","=""""","=""599.4692""","=""""","=""""","=""2.6e+04""",D,"=""107131.7086""","=""123808.513""","=""3s2.3p5.(2P*<1/2>).4p""","=""2[3/2]""","=""1""","=""3s2.3p5.(2P*<3/2>).6d""","=""2[3/2]*""","=""2""",3,5,,"=""T1164n""","=""""",
Ar,1,"=""599.8999""","=""""","=""599.8998""","=""""","=""5""","=""1.4e+05""",D,"=""105617.2700""","=""122282.104""","=""3s2.3p5.(2P*<3/2>).4p""","=""2[5/2]""","=""2""","=""3s2.3p5.(2P*<3/2>).5d""","=""2[5/2]*""","=""2""",5,5,,"=""T1218n""","=""L2634""",
Ar,1,"=""""","=""""","=""600.5725""","=""""","=""""","=""1.4e+05""",D+,"=""107289.7001""","=""123935.870""","=""3s2.3p5.(2P*<1/2>).4p""","=""2[3/2]""","=""2""","=""3s2.3p5.(2P*<3/2>).8s""","=""2[3/2]*""","=""1""",5,3,,"=""T1218n""","=""""",
Ar,1,"=""""","=""""","=""601.36772""","=""""","=""""","=""1.4e+05""",D+,"=""105462.7596""","=""122086.9164""","=""3s2.3p5.(2P*<3/2>).4p""","=""2[5/2]""","=""3""","=""3s2.3p5.(2P*<3/2>).5d""","=""2[3/2]*""","=""2""",7,5,,"=""T1218n""","=""""",
Ar,1,"=""602.5150""","=""""","=""602.5150""","=""""","=""5""","=""9.0e+05""",D+,"=""107289.7001""","=""123882.203""","=""3s2.3p5.(2P*<1/2>).4p""","=""2[3/2]""","=""2""","=""3s2.3p5.(2P*<1/2>).7s""","=""2[1/2]*""","=""1""",5,3,,"=""T1218n""","=""L2634""",
Ar,1,"=""603.2127""","=""""","=""603.21270""","=""""","=""70""","=""2.46e+06""",C,"=""105462.7596""","=""122036.0704""","=""3s2.3p5.(2P*<3/2>).4p""","=""2[5/2]""","=""3""","=""3s2.3p5.(2P*<3/2>).5d""","=""2[7/2]*""","=""4""",7,9,,"=""T1218n,T1164n""","=""L2634""",
Ar,1,"=""604.3223""","=""""","=""604.32232""","=""""","=""35""","=""1.47e+06""",C,"=""105617.2700""","=""122160.1502""","=""3s2.3p5.(2P*<3/2>).4p""","=""2[5/2]""","=""2""","=""3s2.3p5.(2P*<3/2>).5d""","=""2[7/2]*""","=""3""",5,7,,"=""T1218n""","=""L2634""",
Ar,1,"=""605.2723""","=""""","=""605.27226""","=""""","=""10""","=""1.9e+05""",D+,"=""104102.0990""","=""120619.0162""","=""3s2.3p5.(2P*<3/2>).4p""","=""2[1/2]""","=""1""","=""3s2.3p5.(2P*<1/2>).4d""","=""2[5/2]*""","=""2""",3,5,,"=""T1218n""","=""L2634""",
Ar,1,"=""605.9372""","=""""","=""605.93723""","=""""","=""20""","=""4.2e+05""",C,"=""104102.0990""","=""120600.8905""","=""3s2.3p5.(2P*<3/2>).4p""","=""2[1/2]""","=""1""","=""3s2.3p5.(2P*<1/2>).4d""","=""2[3/2]*""","=""2""",3,5,,"=""T1218n,T1164n""","=""L2634""",
Ar,1,"=""""","=""""","=""606.47502""","=""""","=""""","=""5.8e+04""",D,"=""107289.7001""","=""123773.8614""","=""3s2.3p5.(2P*<1/2>).4p""","=""2[3/2]""","=""2""","=""3s2.3p5.(2P*<3/2>).6d""","=""2[7/2]*""","=""3""",5,7,,"=""T1218n""","=""""",
Ar,2,"=""607.7431""","=""0.0008""","=""607.743032""","=""0.000015""","=""6""","=""4.e+05""",C,"=""139258.3389""","=""155708.1075""","=""3s2.3p4.(3P).4s""","=""2P""","=""1/2""","=""3s2.3p4.(3P).4p""","=""4P*""","=""1/2""",2,2,,"=""T926""","=""L14821""",
Ar,1,"=""""","=""""","=""608.1244""","=""""","=""""","=""7.5e+04""",D,"=""107496.4166""","=""123935.870""","=""3s2.3p5.(2P*<1/2>).4p""","=""2[1/2]""","=""1""","=""3s2.3p5.(2P*<3/2>).8s""","=""2[3/2]*""","=""1""",3,3,,"=""T1218n""","=""""",
Ar,1,"=""""","=""""","=""608.5879""","=""""","=""""","=""9.0e+03""",,"=""106087.2598""","=""122514.192""","=""3s2.3p5.(2P*<3/2>).4p""","=""2[3/2]""","=""1""","=""3s2.3p5.(2P*<3/2>).5d""","=""2[3/2]*""","=""1""",3,3,,"=""T1218n""","=""""",
Ar,1,"=""""","=""""","=""609.07849""","=""""","=""""","=""3.0e+05""",D,"=""107054.2720""","=""123467.9733""","=""3s2.3p5.(2P*<3/2>).4p""","=""2[1/2]""","=""0""","=""3s2.3p5.(2P*<3/2>).6d""","=""2[1/2]*""","=""1""",1,3,,"=""T1218n""","=""""",
Ar,1,"=""609.8803""","=""""","=""609.88031""","=""""","=""7""","=""5.2e+05""",D+,"=""106087.2598""","=""122479.3820""","=""3s2.3p5.(2P*<3/2>).4p""","=""2[3/2]""","=""1""","=""3s2.3p5.(2P*<3/2>).7s""","=""2[3/2]*""","=""1""",3,3,,"=""T1218n""","=""L2634""",
Ar,1,"=""""","=""""","=""610.1161""","=""""","=""""","=""3.3e+05""",D+,"=""107496.4166""","=""123882.203""","=""3s2.3p5.(2P*<1/2>).4p""","=""2[1/2]""","=""1""","=""3s2.3p5.(2P*<1/2>).7s""","=""2[1/2]*""","=""1""",3,3,,"=""T1218n""","=""""",
Ar,2,"=""610.35397""","=""0.00005""","=""610.353914""","=""0.000015""","=""26""","=""1.7e+06""",C,"=""144709.9818""","=""161089.3846""","=""3s2.3p4.(3P).3d""","=""2P""","=""1/2""","=""3s2.3p4.(3P).4p""","=""2S*""","=""1/2""",2,2,,"=""T926""","=""L11520""",
Ar,1,"=""""","=""""","=""610.4590""","=""""","=""""","=""3.4e+05""",D,"=""107496.4166""","=""123873.000""","=""3s2.3p5.(2P*<1/2>).4p""","=""2[1/2]""","=""1""","=""3s2.3p5.(2P*<1/2>).7s""","=""2[1/2]*""","=""0""",3,1,,"=""T1218n""","=""""",
Ar,1,"=""610.5635""","=""""","=""610.56348""","=""""","=""10""","=""1.21e+06""",C,"=""107131.7086""","=""123505.4896""","=""3s2.3p5.(2P*<1/2>).4p""","=""2[3/2]""","=""1""","=""3s2.3p5.(2P*<1/2>).5d""","=""2[5/2]*""","=""2""",3,5,,"=""T1218n""","=""L2634""",
Ar,1,"=""""","=""""","=""611.34657""","=""""","=""""","=""4.7e+04""",D+,"=""106087.2598""","=""122440.0672""","=""3s2.3p5.(2P*<3/2>).4p""","=""2[3/2]""","=""1""","=""3s2.3p5.(2P*<3/2>).7s""","=""2[3/2]*""","=""2""",3,5,,"=""T1218n""","=""""",
Ar,2,"=""611.49232""","=""0.00001""","=""611.492319""","=""0.000015""","=""537""","=""2.00e+07""",B+,"=""154181.4942""","=""170530.4040""","=""3s2.3p4.(1D).3d""","=""2G""","=""9/2""","=""3s2.3p4.(1D).4p""","=""2F*""","=""7/2""",10,8,,"=""T1386n""","=""L11520""",
Ar,2,"=""611.8724""","=""0.0008""","=""611.872214""","=""0.000015""","=""4""","=""1.e+05""",E,"=""144709.9818""","=""161048.7411""","=""3s2.3p4.(3P).3d""","=""2P""","=""1/2""","=""3s2.3p4.(3P).4p""","=""4S*""","=""3/2""",2,4,,"=""T926""","=""L14821""",
Ar,1,"=""""","=""""","=""611.96565""","=""""","=""""","=""5.1e+04""",D+,"=""107131.7086""","=""123467.9733""","=""3s2.3p5.(2P*<1/2>).4p""","=""2[3/2]""","=""1""","=""3s2.3p5.(2P*<3/2>).6d""","=""2[1/2]*""","=""1""",3,3,,"=""T1218n""","=""""",
Ar,1,"=""""","=""""","=""612.1879""","=""""","=""""","=""1.3e+04""",D,"=""107496.4166""","=""123826.750""","=""3s2.3p5.(2P*<1/2>).4p""","=""2[1/2]""","=""1""","=""3s2.3p5.(2P*<3/2>).6d""","=""2[5/2]*""","=""2""",3,5,,"=""T1164n""","=""""",
Ar,2,"=""612.33609""","=""0.00006""","=""612.336163""","=""0.000015""","=""20""","=""9.e+05""",C+,"=""154204.0240""","=""170530.4040""","=""3s2.3p4.(1D).3d""","=""2G""","=""7/2""","=""3s2.3p4.(1D).4p""","=""2F*""","=""7/2""",8,8,,"=""T926""","=""L11520""",
Ar,1,"=""""","=""""","=""612.74159""","=""""","=""""","=""1.1e+05""",D+,"=""105617.2700""","=""121932.8477""","=""3s2.3p5.(2P*<3/2>).4p""","=""2[5/2]""","=""2""","=""3s2.3p5.(2P*<3/2>).5d""","=""2[1/2]*""","=""1""",5,3,,"=""T1218n""","=""""",
Ar,1,"=""""","=""""","=""612.8724""","=""""","=""""","=""8.6e+04""",D,"=""107496.4166""","=""123808.513""","=""3s2.3p5.(2P*<1/2>).4p""","=""2[1/2]""","=""1""","=""3s2.3p5.(2P*<3/2>).6d""","=""2[3/2]*""","=""2""",3,5,,"=""T1164n""","=""""",
Ar,2,"=""613.86551""","=""0.00005""","=""613.865544""","=""0.000015""","=""28""","=""1.2e+06""",B,"=""143107.6801""","=""159393.3850""","=""3s2.3p4.(3P).3d""","=""4F""","=""5/2""","=""3s2.3p4.(3P).4p""","=""2D*""","=""3/2""",6,4,,"=""T926""","=""L11520""",
Ar,1,"=""614.5441""","=""""","=""614.54412""","=""""","=""10""","=""7.6e+05""",C,"=""107289.7001""","=""123557.4227""","=""3s2.3p5.(2P*<1/2>).4p""","=""2[3/2]""","=""2""","=""3s2.3p5.(2P*<1/2>).5d""","=""2[5/2]*""","=""3""",5,7,,"=""T1218n""","=""L2634""",
Ar,1,"=""""","=""""","=""615.52382""","=""""","=""""","=""5.1e+05""",D,"=""106237.5518""","=""122479.3820""","=""3s2.3p5.(2P*<3/2>).4p""","=""2[3/2]""","=""2""","=""3s2.3p5.(2P*<3/2>).7s""","=""2[3/2]*""","=""1""",5,3,,"=""T1218n""","=""""",
Ar,1,"=""""","=""""","=""616.51229""","=""""","=""""","=""9.89e+04""",C,"=""107289.7001""","=""123505.4896""","=""3s2.3p5.(2P*<1/2>).4p""","=""2[3/2]""","=""2""","=""3s2.3p5.(2P*<1/2>).5d""","=""2[5/2]*""","=""2""",5,5,,"=""T1218n""","=""""",
Ar,1,"=""617.0174""","=""""","=""617.01738""","=""""","=""7""","=""5.0e+05""",C,"=""106237.5518""","=""122440.0672""","=""3s2.3p5.(2P*<3/2>).4p""","=""2[3/2]""","=""2""","=""3s2.3p5.(2P*<3/2>).7s""","=""2[3/2]*""","=""2""",5,5,,"=""T1218n""","=""L2634""",
Ar,2,"=""617.22775""","=""0.00001""","=""617.227751""","=""0.000016""","=""407""","=""2.00e+07""",A,"=""154204.0240""","=""170401.0170""","=""3s2.3p4.(1D).3d""","=""2G""","=""7/2""","=""3s2.3p4.(1D).4p""","=""2F*""","=""5/2""",8,6,,"=""T926""","=""L11520""",
Ar,1,"=""617.3096""","=""""","=""617.3096""","=""""","=""10""","=""6.7e+05""",C,"=""106087.2598""","=""122282.104""","=""3s2.3p5.(2P*<3/2>).4p""","=""2[3/2]""","=""1""","=""3s2.3p5.(2P*<3/2>).5d""","=""2[5/2]*""","=""2""",3,5,,"=""T1218n""","=""L2634""",
Ar,1,"=""""","=""""","=""617.94195""","=""""","=""""","=""6.6e+04""",D,"=""107289.7001""","=""123467.9733""","=""3s2.3p5.(2P*<1/2>).4p""","=""2[3/2]""","=""2""","=""3s2.3p5.(2P*<3/2>).6d""","=""2[1/2]*""","=""1""",5,3,,"=""T1218n""","=""""",
Ar,2,"=""""","=""""","=""621.224738""","=""0.000011""","=""""","=""2.1e+03""",E,"=""139258.3389""","=""155351.1206""","=""3s2.3p4.(3P).4s""","=""2P""","=""1/2""","=""3s2.3p4.(3P).4p""","=""4P*""","=""3/2""",2,4,,"=""T997n""","=""""",
Ar,1,"=""621.2503""","=""""","=""621.2503""","=""""","=""10""","=""3.9e+05""",D+,"=""106237.5518""","=""122329.672""","=""3s2.3p5.(2P*<3/2>).4p""","=""2[3/2]""","=""2""","=""3s2.3p5.(2P*<3/2>).5d""","=""2[5/2]*""","=""3""",5,7,,"=""T1218n""","=""L2634""",
Ar,1,"=""621.5938""","=""""","=""621.59387""","=""""","=""5""","=""5.7e+05""",D+,"=""107289.7001""","=""123372.9253""","=""3s2.3p5.(2P*<1/2>).4p""","=""2[3/2]""","=""2""","=""3s2.3p5.(2P*<1/2>).5d""","=""2[3/2]*""","=""2""",5,5,,"=""T1218n""","=""L2634""",
Ar,1,"=""""","=""""","=""623.0921""","=""""","=""""","=""1.2e+04""",D,"=""106237.5518""","=""122282.104""","=""3s2.3p5.(2P*<3/2>).4p""","=""2[3/2]""","=""2""","=""3s2.3p5.(2P*<3/2>).5d""","=""2[5/2]*""","=""2""",5,5,,"=""T1164n""","=""""",
Ar,2,"=""623.97120""","=""0.00008""","=""623.971198""","=""0.000020""","=""8""","=""2.e+05""",D,"=""143371.4364""","=""159393.3850""","=""3s2.3p4.(3P).3d""","=""4F""","=""3/2""","=""3s2.3p4.(3P).4p""","=""2D*""","=""3/2""",4,4,,"=""T926""","=""L2634""",
Ar,2,"=""624.31199""","=""0.00001""","=""624.311983""","=""0.000016""","=""89""","=""3.0e+06""",B,"=""142717.0965""","=""158730.2995""","=""3s2.3p4.(3P).3d""","=""4F""","=""7/2""","=""3s2.3p4.(3P).4p""","=""2D*""","=""5/2""",8,6,,"=""T926""","=""L11520""",
Ar,1,"=""""","=""""","=""624.3390""","=""""","=""""","=""1.3e+05""",D,"=""107496.4166""","=""123508.927""","=""3s2.3p5.(2P*<1/2>).4p""","=""2[1/2]""","=""1""","=""3s2.3p5.(2P*<3/2>).6d""","=""2[1/2]*""","=""0""",3,1,,"=""T1218n""","=""""",
Ar,1,"=""""","=""""","=""624.47304""","=""""","=""""","=""2.0e+04""",D,"=""107496.4166""","=""123505.4896""","=""3s2.3p5.(2P*<1/2>).4p""","=""2[1/2]""","=""1""","=""3s2.3p5.(2P*<1/2>).5d""","=""2[5/2]*""","=""2""",3,5,,"=""T1218n""","=""""",
Ar,1,"=""""","=""""","=""624.84057""","=""""","=""""","=""6.8e+04""",D,"=""106087.2598""","=""122086.9164""","=""3s2.3p5.(2P*<3/2>).4p""","=""2[3/2]""","=""1""","=""3s2.3p5.(2P*<3/2>).5d""","=""2[3/2]*""","=""2""",3,5,,"=""T1218n""","=""""",
Ar,1,"=""""","=""""","=""627.86454""","=""""","=""""","=""2.0e+04""",D,"=""106237.5518""","=""122160.1502""","=""3s2.3p5.(2P*<3/2>).4p""","=""2[3/2]""","=""2""","=""3s2.3p5.(2P*<3/2>).5d""","=""2[7/2]*""","=""3""",5,7,,"=""T1218n""","=""""",
Ar,1,"=""629.6872""","=""""","=""629.68726""","=""""","=""7""","=""9.0e+05""",D+,"=""107496.4166""","=""123372.9253""","=""3s2.3p5.(2P*<1/2>).4p""","=""2[1/2]""","=""1""","=""3s2.3p5.(2P*<1/2>).5d""","=""2[3/2]*""","=""2""",3,5,,"=""T1218n""","=""L2634""",
Ar,1,"=""630.7657""","=""""","=""630.76569""","=""""","=""15""","=""6.0e+05""",D+,"=""106237.5518""","=""122086.9164""","=""3s2.3p5.(2P*<3/2>).4p""","=""2[3/2]""","=""2""","=""3s2.3p5.(2P*<3/2>).5d""","=""2[3/2]*""","=""2""",5,5,,"=""T1218n""","=""L2634""",
Ar,1,"=""""","=""""","=""630.91603""","=""""","=""""","=""7.6e+04""",D,"=""106087.2598""","=""121932.8477""","=""3s2.3p5.(2P*<3/2>).4p""","=""2[3/2]""","=""1""","=""3s2.3p5.(2P*<3/2>).5d""","=""2[1/2]*""","=""1""",3,3,,"=""T1218n""","=""""",
Ar,1,"=""""","=""""","=""636.48937""","=""""","=""""","=""5.6e+05""",D+,"=""106087.2598""","=""121794.0988""","=""3s2.3p5.(2P*<3/2>).4p""","=""2[3/2]""","=""1""","=""3s2.3p5.(2P*<3/2>).5d""","=""2[1/2]*""","=""0""",3,1,,"=""T1218n""","=""""",
Ar,1,"=""636.9575""","=""""","=""636.95748""","=""""","=""7""","=""4.2e+05""",D+,"=""106237.5518""","=""121932.8477""","=""3s2.3p5.(2P*<3/2>).4p""","=""2[3/2]""","=""2""","=""3s2.3p5.(2P*<3/2>).5d""","=""2[1/2]*""","=""1""",5,3,,"=""T1218n""","=""L2634""",
Ar,1,"=""638.4717""","=""""","=""638.47167""","=""""","=""20""","=""4.21e+05""",C,"=""104102.0990""","=""119760.1725""","=""3s2.3p5.(2P*<3/2>).4p""","=""2[1/2]""","=""1""","=""3s2.3p5.(2P*<3/2>).6s""","=""2[3/2]*""","=""1""",3,3,,"=""T1218n""","=""L2634""",
Ar,2,"=""639.92085""","=""0.00008""","=""639.920633""","=""0.000017""","=""18""","=""6.e+05""",C,"=""143107.6801""","=""158730.2995""","=""3s2.3p4.(3P).3d""","=""4F""","=""5/2""","=""3s2.3p4.(3P).4p""","=""2D*""","=""5/2""",6,6,,"=""T926""","=""L11520""",
Ar,1,"=""641.6307""","=""""","=""641.63067""","=""""","=""70""","=""1.16e+06""",C,"=""104102.0990""","=""119683.0821""","=""3s2.3p5.(2P*<3/2>).4p""","=""2[1/2]""","=""1""","=""3s2.3p5.(2P*<3/2>).6s""","=""2[3/2]*""","=""2""",3,5,,"=""T1218n""","=""L2634""",
Ar,1,"=""""","=""""","=""643.15549""","=""""","=""""","=""5.1e+04""",D,"=""105617.2700""","=""121161.3135""","=""3s2.3p5.(2P*<3/2>).4p""","=""2[5/2]""","=""2""","=""3s2.3p5.(2P*<1/2>).6s""","=""2[1/2]*""","=""1""",5,3,,"=""T1218n""","=""""",
Ar,2,"=""643.76013""","=""0.00011""","=""643.760043""","=""0.000017""","=""11""","=""2.e+05""",E,"=""144709.9818""","=""160239.4280""","=""3s2.3p4.(3P).3d""","=""2P""","=""1/2""","=""3s2.3p4.(3P).4p""","=""2P*""","=""3/2""",2,4,,"=""T926""","=""L11520""",
Ar,1,"=""""","=""""","=""646.6552""","=""""","=""""","=""1.5e+05""",D,"=""107054.2720""","=""122514.192""","=""3s2.3p5.(2P*<3/2>).4p""","=""2[1/2]""","=""0""","=""3s2.3p5.(2P*<3/2>).5d""","=""2[3/2]*""","=""1""",1,3,,"=""T1218n""","=""""",
Ar,1,"=""""","=""""","=""648.11450""","=""""","=""""","=""9.4e+04""",D,"=""107054.2720""","=""122479.3820""","=""3s2.3p5.(2P*<3/2>).4p""","=""2[1/2]""","=""0""","=""3s2.3p5.(2P*<3/2>).7s""","=""2[3/2]*""","=""1""",1,3,,"=""T1218n""","=""""",
Ar,2,"=""648.30825""","=""0.00001""","=""648.308254""","=""0.000017""","=""120""","=""1.06e+07""",C+,"=""145668.8845""","=""161089.3846""","=""3s2.3p4.(3P).3d""","=""2P""","=""3/2""","=""3s2.3p4.(3P).4p""","=""2S*""","=""1/2""",4,2,,"=""T926""","=""L11520""",
Ar,1,"=""""","=""""","=""649.39688""","=""""","=""""","=""3.1e+04""",D,"=""105617.2700""","=""121011.9198""","=""3s2.3p5.(2P*<3/2>).4p""","=""2[5/2]""","=""2""","=""3s2.3p5.(2P*<1/2>).4d""","=""2[3/2]*""","=""1""",5,3,,"=""T1164n""","=""""",
Ar,2,"=""650.02151""","=""0.00008""","=""650.021515""","=""0.000017""","=""5""","=""3.e+05""",C+,"=""145668.8845""","=""161048.7411""","=""3s2.3p4.(3P).3d""","=""2P""","=""3/2""","=""3s2.3p4.(3P).4p""","=""4S*""","=""3/2""",4,4,,"=""T926""","=""L2634""",
Ar,2,"=""650.9089""","=""0.0008""","=""650.910014""","=""0.000021""","=""6""","=""1.e+04""",D,"=""143371.4364""","=""158730.2995""","=""3s2.3p4.(3P).3d""","=""4F""","=""3/2""","=""3s2.3p4.(3P).4p""","=""2D*""","=""5/2""",4,6,,"=""T926""","=""L14821""",
Ar,1,"=""""","=""""","=""651.38458""","=""""","=""""","=""5.4e+04""",D,"=""107131.7086""","=""122479.3820""","=""3s2.3p5.(2P*<1/2>).4p""","=""2[3/2]""","=""1""","=""3s2.3p5.(2P*<3/2>).7s""","=""2[3/2]*""","=""1""",3,3,,"=""T1164n""","=""""",
Ar,1,"=""653.8112""","=""""","=""653.81117""","=""""","=""15""","=""1.1e+05""",D+,"=""105462.7596""","=""120753.4714""","=""3s2.3p5.(2P*<3/2>).4p""","=""2[5/2]""","=""3""","=""3s2.3p5.(2P*<1/2>).4d""","=""2[5/2]*""","=""3""",7,7,,"=""T1218n""","=""L2634""",
Ar,1,"=""""","=""""","=""659.61134""","=""""","=""""","=""2.3e+04""",D,"=""105462.7596""","=""120619.0162""","=""3s2.3p5.(2P*<3/2>).4p""","=""2[5/2]""","=""3""","=""3s2.3p5.(2P*<1/2>).4d""","=""2[5/2]*""","=""2""",7,5,,"=""T1164n""","=""""",
Ar,1,"=""""","=""""","=""659.86776""","=""""","=""""","=""3.6e+04""",D,"=""107289.7001""","=""122440.0672""","=""3s2.3p5.(2P*<1/2>).4p""","=""2[3/2]""","=""2""","=""3s2.3p5.(2P*<3/2>).7s""","=""2[3/2]*""","=""2""",5,5,,"=""T1164n""","=""""",
Ar,1,"=""""","=""""","=""660.40114""","=""""","=""""","=""2.8e+05""",D+,"=""105462.7596""","=""120600.8905""","=""3s2.3p5.(2P*<3/2>).4p""","=""2[5/2]""","=""3""","=""3s2.3p5.(2P*<1/2>).4d""","=""2[3/2]*""","=""2""",7,5,,"=""T1218n""","=""""",
Ar,1,"=""660.4853""","=""""","=""660.48532""","=""""","=""15""","=""1.3e+04""",D,"=""105617.2700""","=""120753.4714""","=""3s2.3p5.(2P*<3/2>).4p""","=""2[5/2]""","=""2""","=""3s2.3p5.(2P*<1/2>).4d""","=""2[5/2]*""","=""3""",5,7,,"=""T1218n""","=""L2634""",
Ar,1,"=""""","=""""","=""663.20841""","=""""","=""""","=""5.3e+04""",D,"=""106087.2598""","=""121161.3135""","=""3s2.3p5.(2P*<3/2>).4p""","=""2[3/2]""","=""1""","=""3s2.3p5.(2P*<1/2>).6s""","=""2[1/2]*""","=""1""",3,3,,"=""T1218n""","=""""",
Ar,2,"=""663.82202""","=""0.00001""","=""663.822027""","=""0.000018""","=""151""","=""1.37e+07""",A,"=""143107.6801""","=""158167.7999""","=""3s2.3p4.(3P).3d""","=""4F""","=""5/2""","=""3s2.3p4.(3P).4p""","=""4D*""","=""3/2""",6,4,,"=""T926""","=""L11520""",
Ar,2,"=""663.97403""","=""0.00002""","=""663.97402""","=""0.00003""","=""93""","=""1.69e+07""",A,"=""143371.4364""","=""158428.1087""","=""3s2.3p4.(3P).3d""","=""4F""","=""3/2""","=""3s2.3p4.(3P).4p""","=""4D*""","=""1/2""",4,2,,"=""T926""","=""L11520""",
Ar,2,"=""664.36973""","=""0.00001""","=""664.369734""","=""0.000018""","=""269""","=""1.47e+07""",B,"=""142186.3153""","=""157234.0196""","=""3s2.3p4.(3P).3d""","=""4F""","=""9/2""","=""3s2.3p4.(3P).4p""","=""4D*""","=""7/2""",10,8,,"=""T926""","=""L11520""",
Ar,1,"=""""","=""""","=""665.6938""","=""""","=""""","=""3.1e+04""",D,"=""107496.4166""","=""122514.192""","=""3s2.3p5.(2P*<1/2>).4p""","=""2[1/2]""","=""1""","=""3s2.3p5.(2P*<3/2>).5d""","=""2[3/2]*""","=""1""",3,3,,"=""T1164n""","=""""",
Ar,1,"=""666.0676""","=""""","=""666.0677""","=""""","=""5""","=""7.8e+05""",D,"=""106087.2598""","=""121096.605""","=""3s2.3p5.(2P*<3/2>).4p""","=""2[3/2]""","=""1""","=""3s2.3p5.(2P*<1/2>).6s""","=""2[1/2]*""","=""0""",3,1,,"=""T1218n""","=""L2634""",
Ar,1,"=""666.4051""","=""""","=""666.40506""","=""""","=""5""","=""1.5e+05""",D+,"=""105617.2700""","=""120619.0162""","=""3s2.3p5.(2P*<3/2>).4p""","=""2[5/2]""","=""2""","=""3s2.3p5.(2P*<1/2>).4d""","=""2[5/2]*""","=""2""",5,5,,"=""T1218n""","=""L2634""",
Ar,2,"=""666.63587""","=""0.00001""","=""666.635878""","=""0.000018""","=""117""","=""8.8e+06""",B,"=""144709.9818""","=""159706.5337""","=""3s2.3p4.(3P).3d""","=""2P""","=""1/2""","=""3s2.3p4.(3P).4p""","=""2P*""","=""1/2""",2,2,,"=""T926""","=""L11520""",
Ar,1,"=""667.7282""","=""""","=""667.72811""","=""""","=""100""","=""2.36e+05""",B,"=""93750.5978""","=""108722.6194""","=""3s2.3p5.(2P*<3/2>).4s""","=""2[3/2]*""","=""1""","=""3s2.3p5.(2P*<1/2>).4p""","=""2[1/2]""","=""0""",3,1,,"=""T5223""","=""L2634""",
Ar,2,"=""668.42924""","=""0.00001""","=""668.429254""","=""0.000018""","=""204""","=""1.07e+07""",B+,"=""142717.0965""","=""157673.4134""","=""3s2.3p4.(3P).3d""","=""4F""","=""7/2""","=""3s2.3p4.(3P).4p""","=""4D*""","=""5/2""",8,6,,"=""T926""","=""L11520""",
Ar,1,"=""""","=""""","=""668.47883""","=""""","=""""","=""3.9e+04""",D,"=""107131.7086""","=""122086.9164""","=""3s2.3p5.(2P*<1/2>).4p""","=""2[3/2]""","=""1""","=""3s2.3p5.(2P*<3/2>).5d""","=""2[3/2]*""","=""2""",3,5,,"=""T1218n""","=""""",
Ar,1,"=""""","=""""","=""669.84708""","=""""","=""""","=""2.5e+04""",D,"=""106087.2598""","=""121011.9198""","=""3s2.3p5.(2P*<3/2>).4p""","=""2[3/2]""","=""1""","=""3s2.3p5.(2P*<1/2>).4d""","=""2[3/2]*""","=""1""",3,3,,"=""T1218n""","=""""",
Ar,1,"=""""","=""""","=""669.88740""","=""""","=""""","=""1.6e+05""",D+,"=""106237.5518""","=""121161.3135""","=""3s2.3p5.(2P*<3/2>).4p""","=""2[3/2]""","=""2""","=""3s2.3p5.(2P*<1/2>).6s""","=""2[1/2]*""","=""1""",5,3,,"=""T1218n""","=""""",
Ar,1,"=""""","=""""","=""671.92185""","=""""","=""""","=""2.4e+05""",D,"=""107054.2720""","=""121932.8477""","=""3s2.3p5.(2P*<3/2>).4p""","=""2[1/2]""","=""0""","=""3s2.3p5.(2P*<3/2>).5d""","=""2[1/2]*""","=""1""",1,3,,"=""T1218n""","=""""",
Ar,1,"=""""","=""""","=""672.28901""","=""""","=""""","=""3.2e+04""",D,"=""107289.7001""","=""122160.1502""","=""3s2.3p5.(2P*<1/2>).4p""","=""2[3/2]""","=""2""","=""3s2.3p5.(2P*<3/2>).5d""","=""2[7/2]*""","=""3""",5,7,,"=""T1218n""","=""""",
Ar,1,"=""675.2834""","=""""","=""675.28335""","=""""","=""150""","=""1.93e+06""",C,"=""104102.0990""","=""118906.6110""","=""3s2.3p5.(2P*<3/2>).4p""","=""2[1/2]""","=""1""","=""3s2.3p5.(2P*<3/2>).4d""","=""2[3/2]*""","=""2""",3,5,,"=""T1218n""","=""L2634""",
Ar,1,"=""""","=""""","=""675.43724""","=""""","=""""","=""2.1e+05""",D,"=""107131.7086""","=""121932.8477""","=""3s2.3p5.(2P*<1/2>).4p""","=""2[3/2]""","=""1""","=""3s2.3p5.(2P*<3/2>).5d""","=""2[1/2]*""","=""1""",3,3,,"=""T1218n""","=""""",
Ar,1,"=""675.6163""","=""""","=""675.61630""","=""""","=""5""","=""3.6e+05""",D+,"=""107289.7001""","=""122086.9164""","=""3s2.3p5.(2P*<1/2>).4p""","=""2[3/2]""","=""2""","=""3s2.3p5.(2P*<3/2>).5d""","=""2[3/2]*""","=""2""",5,5,,"=""T1218n""","=""L2634""",
Ar,2,"=""675.65522""","=""0.00005""","=""675.65524""","=""0.00003""","=""32""","=""2.0e+06""",B,"=""143371.4364""","=""158167.7999""","=""3s2.3p4.(3P).3d""","=""4F""","=""3/2""","=""3s2.3p4.(3P).4p""","=""4D*""","=""3/2""",4,4,,"=""T926""","=""L11520""",
Ar,1,"=""676.6612""","=""""","=""676.66113""","=""""","=""15""","=""4.0e+05""",D+,"=""106237.5518""","=""121011.9198""","=""3s2.3p5.(2P*<3/2>).4p""","=""2[3/2]""","=""2""","=""3s2.3p5.(2P*<1/2>).4d""","=""2[3/2]*""","=""1""",5,3,,"=""T1218n""","=""L2634""",
Ar,1,"=""""","=""""","=""677.99259""","=""""","=""""","=""1.21e+05""",C,"=""108722.6194""","=""123467.9733""","=""3s2.3p5.(2P*<1/2>).4p""","=""2[1/2]""","=""0""","=""3s2.3p5.(2P*<3/2>).6d""","=""2[1/2]*""","=""1""",1,3,,"=""T1164n""","=""""",
Ar,2,"=""680.85312""","=""0.00009""","=""680.853130""","=""0.000019""","=""15""","=""7.e+05""",C,"=""144709.9818""","=""159393.3850""","=""3s2.3p4.(3P).3d""","=""2P""","=""1/2""","=""3s2.3p4.(3P).4p""","=""2D*""","=""3/2""",2,4,,"=""T926""","=""L11520""",
Ar,1,"=""""","=""""","=""681.82888""","=""""","=""""","=""2.0e+05""",D,"=""107131.7086""","=""121794.0988""","=""3s2.3p5.(2P*<1/2>).4p""","=""2[3/2]""","=""1""","=""3s2.3p5.(2P*<3/2>).5d""","=""2[1/2]*""","=""0""",3,1,,"=""T1218n""","=""""",
Ar,1,"=""""","=""""","=""682.72488""","=""""","=""""","=""2.4e+05""",D,"=""107289.7001""","=""121932.8477""","=""3s2.3p5.(2P*<1/2>).4p""","=""2[3/2]""","=""2""","=""3s2.3p5.(2P*<3/2>).5d""","=""2[1/2]*""","=""1""",5,3,,"=""T1218n""","=""""",
Ar,1,"=""""","=""""","=""685.18842""","=""""","=""""","=""6.7e+04""",D,"=""107496.4166""","=""122086.9164""","=""3s2.3p5.(2P*<1/2>).4p""","=""2[1/2]""","=""1""","=""3s2.3p5.(2P*<3/2>).5d""","=""2[3/2]*""","=""2""",3,5,,"=""T1218n""","=""""",
Ar,2,"=""686.12689""","=""0.00001""","=""686.126880""","=""0.000019""","=""112""","=""2.4e+06""",C,"=""145668.8845""","=""160239.4280""","=""3s2.3p4.(3P).3d""","=""2P""","=""3/2""","=""3s2.3p4.(3P).4p""","=""2P*""","=""3/2""",4,4,,"=""T1600n""","=""L11520""",
Ar,2,"=""686.35347""","=""0.00004""","=""686.353469""","=""0.000019""","=""35""","=""2.5e+06""",B,"=""143107.6801""","=""157673.4134""","=""3s2.3p4.(3P).3d""","=""4F""","=""5/2""","=""3s2.3p4.(3P).4p""","=""4D*""","=""5/2""",6,6,,"=""T926""","=""L11520""",
Ar,1,"=""687.1289""","=""""","=""687.12889""","=""""","=""150""","=""2.78e+06""",C,"=""104102.0990""","=""118651.3950""","=""3s2.3p5.(2P*<3/2>).4p""","=""2[1/2]""","=""1""","=""3s2.3p5.(2P*<3/2>).4d""","=""2[1/2]*""","=""1""",3,3,,"=""T1218n""","=""L2634""",
Ar,1,"=""687.9582""","=""""","=""687.95825""","=""""","=""5""","=""1.8e+05""",D+,"=""106087.2598""","=""120619.0162""","=""3s2.3p5.(2P*<3/2>).4p""","=""2[3/2]""","=""1""","=""3s2.3p5.(2P*<1/2>).4d""","=""2[5/2]*""","=""2""",3,5,,"=""T1218n""","=""L2634""",
Ar,2,"=""688.66118""","=""0.00007""","=""688.661208""","=""0.000019""","=""26""","=""9.e+05""",B,"=""142717.0965""","=""157234.0196""","=""3s2.3p4.(3P).3d""","=""4F""","=""7/2""","=""3s2.3p4.(3P).4p""","=""4D*""","=""7/2""",8,8,,"=""T926""","=""L11520""",
Ar,1,"=""""","=""""","=""688.70882""","=""""","=""""","=""1.3e+05""",D+,"=""106237.5518""","=""120753.4714""","=""3s2.3p5.(2P*<3/2>).4p""","=""2[3/2]""","=""2""","=""3s2.3p5.(2P*<1/2>).4d""","=""2[5/2]*""","=""3""",5,7,,"=""T1218n""","=""""",
Ar,1,"=""688.8174""","=""""","=""688.81743""","=""""","=""10""","=""2.5e+05""",D+,"=""106087.2598""","=""120600.8905""","=""3s2.3p5.(2P*<3/2>).4p""","=""2[3/2]""","=""1""","=""3s2.3p5.(2P*<1/2>).4d""","=""2[3/2]*""","=""2""",3,5,,"=""T1218n""","=""L2634""",
Ar,1,"=""""","=""""","=""692.50094""","=""""","=""""","=""1.2e+05""",D+,"=""107496.4166""","=""121932.8477""","=""3s2.3p5.(2P*<1/2>).4p""","=""2[1/2]""","=""1""","=""3s2.3p5.(2P*<3/2>).5d""","=""2[1/2]*""","=""1""",3,3,,"=""T1218n""","=""""",
Ar,1,"=""693.7664""","=""""","=""693.7664""","=""""","=""50""","=""3.08e+06""",C,"=""104102.0990""","=""118512.197""","=""3s2.3p5.(2P*<3/2>).4p""","=""2[1/2]""","=""1""","=""3s2.3p5.(2P*<3/2>).4d""","=""2[1/2]*""","=""0""",3,1,,"=""T1218n""","=""L2634""",
Ar,1,"=""695.1478""","=""""","=""695.14774""","=""""","=""7""","=""2.2e+05""",D,"=""106237.5518""","=""120619.0162""","=""3s2.3p5.(2P*<3/2>).4p""","=""2[3/2]""","=""2""","=""3s2.3p5.(2P*<1/2>).4d""","=""2[5/2]*""","=""2""",5,5,,"=""T1218n""","=""L2634""",
Ar,1,"=""696.0250""","=""""","=""696.02498""","=""""","=""7""","=""2.4e+05""",D,"=""106237.5518""","=""120600.8905""","=""3s2.3p5.(2P*<3/2>).4p""","=""2[3/2]""","=""2""","=""3s2.3p5.(2P*<1/2>).4d""","=""2[3/2]*""","=""2""",5,5,,"=""T1218n""","=""L2634""",
Ar,1,"=""696.5431""","=""""","=""696.54300""","=""""","=""10000""","=""6.4e+06""",B+,"=""93143.7600""","=""107496.4166""","=""3s2.3p5.(2P*<3/2>).4s""","=""2[3/2]*""","=""2""","=""3s2.3p5.(2P*<1/2>).4p""","=""2[1/2]""","=""1""",5,3,,"=""T5223""","=""L2634""",
Ar,2,"=""699.0122""","=""0.0008""","=""699.011248""","=""0.000025""","=""5""","=""2.e+05""",C+,"=""143371.4364""","=""157673.4134""","=""3s2.3p4.(3P).3d""","=""4F""","=""3/2""","=""3s2.3p4.(3P).4p""","=""4D*""","=""5/2""",4,6,,"=""T926""","=""L14821""",
Ar,1,"=""""","=""""","=""699.22122""","=""""","=""""","=""7.5e+05""",D+,"=""107496.4166""","=""121794.0988""","=""3s2.3p5.(2P*<1/2>).4p""","=""2[1/2]""","=""1""","=""3s2.3p5.(2P*<3/2>).5d""","=""2[1/2]*""","=""0""",3,1,,"=""T1218n""","=""""",
Ar,1,"=""703.0251""","=""""","=""703.02507""","=""""","=""150""","=""2.67e+06""",C,"=""105462.7596""","=""119683.0821""","=""3s2.3p5.(2P*<3/2>).4p""","=""2[5/2]""","=""3""","=""3s2.3p5.(2P*<3/2>).6s""","=""2[3/2]*""","=""2""",7,5,,"=""T1218n""","=""L2634""",
Ar,1,"=""706.7218""","=""""","=""706.72175""","=""""","=""10000""","=""3.8e+06""",B,"=""93143.7600""","=""107289.7001""","=""3s2.3p5.(2P*<3/2>).4s""","=""2[3/2]*""","=""2""","=""3s2.3p5.(2P*<1/2>).4p""","=""2[3/2]""","=""2""",5,5,,"=""T5223""","=""L2634""",
Ar,1,"=""706.8736""","=""""","=""706.87354""","=""""","=""100""","=""2.0e+06""",D+,"=""105617.2700""","=""119760.1725""","=""3s2.3p5.(2P*<3/2>).4p""","=""2[5/2]""","=""2""","=""3s2.3p5.(2P*<3/2>).6s""","=""2[3/2]*""","=""1""",5,3,,"=""T1218n""","=""L2634""",
Ar,2,"=""707.7024""","=""0.0008""","=""707.702344""","=""0.000020""","=""5""","=""1.e+05""",C+,"=""143107.6801""","=""157234.0196""","=""3s2.3p4.(3P).3d""","=""4F""","=""5/2""","=""3s2.3p4.(3P).4p""","=""4D*""","=""7/2""",6,8,,"=""T926""","=""L14821""",
Ar,1,"=""""","=""""","=""708.67047""","=""""","=""""","=""1.5e+05""",D+,"=""107054.2720""","=""121161.3135""","=""3s2.3p5.(2P*<3/2>).4p""","=""2[1/2]""","=""0""","=""3s2.3p5.(2P*<1/2>).6s""","=""2[1/2]*""","=""1""",1,3,,"=""T1218n""","=""""",
Ar,1,"=""710.7478""","=""""","=""710.74772""","=""""","=""25""","=""4.5e+05""",D+,"=""105617.2700""","=""119683.0821""","=""3s2.3p5.(2P*<3/2>).4p""","=""2[5/2]""","=""2""","=""3s2.3p5.(2P*<3/2>).6s""","=""2[3/2]*""","=""2""",5,5,,"=""T1218n""","=""L2634""",
Ar,2,"=""712.1737""","=""0.0003""","=""712.173658""","=""0.000021""","=""6""","=""5.e+05""",E,"=""145668.8845""","=""159706.5337""","=""3s2.3p4.(3P).3d""","=""2P""","=""3/2""","=""3s2.3p4.(3P).4p""","=""2P*""","=""1/2""",4,2,,"=""T926""","=""L11520""",
Ar,1,"=""712.5820""","=""""","=""712.58201""","=""""","=""25""","=""6.0e+05""",D+,"=""107131.7086""","=""121161.3135""","=""3s2.3p5.(2P*<1/2>).4p""","=""2[3/2]""","=""1""","=""3s2.3p5.(2P*<1/2>).6s""","=""2[1/2]*""","=""1""",3,3,,"=""T1218n""","=""L2634""",
Ar,3,"=""713.580""","=""0.004""","=""713.579""","=""0.004""","=""*""","=""3.21e-01""",C,"=""0.000""","=""14010.00""","=""3s2.3p4""","=""3P""","=""2""","=""3s2.3p4""","=""1D""","=""2""",5,5,M1,"=""T335,T761""","=""L3452""",
Ar,3,"=""713.580""","=""0.004""","=""713.579""","=""0.004""","=""*""","=""1.4e-03""",D,"=""0.000""","=""14010.00""","=""3s2.3p4""","=""3P""","=""2""","=""3s2.3p4""","=""1D""","=""2""",5,5,E2,"=""T761""","=""L3452""",
Ar,1,"=""714.7042""","=""""","=""714.70410""","=""""","=""1000""","=""6.3e+05""",B,"=""93143.7600""","=""107131.7086""","=""3s2.3p5.(2P*<3/2>).4s""","=""2[3/2]*""","=""2""","=""3s2.3p5.(2P*<1/2>).4p""","=""2[3/2]""","=""1""",5,3,,"=""T5223""","=""L2634""",
Ar,1,"=""715.8839""","=""""","=""715.8839""","=""""","=""15""","=""2.1e+06""",D+,"=""107131.7086""","=""121096.605""","=""3s2.3p5.(2P*<1/2>).4p""","=""2[3/2]""","=""1""","=""3s2.3p5.(2P*<1/2>).6s""","=""2[1/2]*""","=""0""",3,1,,"=""T1218n""","=""L2634""",
Ar,1,"=""""","=""""","=""716.25567""","=""""","=""""","=""5.8e+04""",D,"=""107054.2720""","=""121011.9198""","=""3s2.3p5.(2P*<3/2>).4p""","=""2[1/2]""","=""0""","=""3s2.3p5.(2P*<1/2>).4d""","=""2[3/2]*""","=""1""",1,3,,"=""T1218n""","=""""",
Ar,1,"=""720.6980""","=""""","=""720.69805""","=""""","=""70""","=""2.48e+06""",C,"=""107289.7001""","=""121161.3135""","=""3s2.3p5.(2P*<1/2>).4p""","=""2[3/2]""","=""2""","=""3s2.3p5.(2P*<1/2>).6s""","=""2[1/2]*""","=""1""",5,3,,"=""T1218n""","=""L2634""",
Ar,1,"=""""","=""""","=""722.994""","=""""","=""""","=""6.6e+04""",D,"=""105617.2700""","=""119444.83""","=""3s2.3p5.(2P*<3/2>).4p""","=""2[5/2]""","=""2""","=""3s2.3p5.(2P*<3/2>).4d""","=""2[5/2]*""","=""2""",5,5,,"=""T1218n""","=""""",
Ar,2,"=""723.35341""","=""0.00009""","=""723.35358""","=""0.00005""","=""23""","=""3.7e+06""",C+,"=""147228.0521""","=""161048.7411""","=""3s2.3p4.(3P).3d""","=""4P""","=""1/2""","=""3s2.3p4.(3P).4p""","=""4S*""","=""3/2""",2,4,,"=""T926""","=""L11520""",
Ar,1,"=""726.5172""","=""""","=""726.517""","=""""","=""15""","=""1.7e+05""",D,"=""106087.2598""","=""119847.77""","=""3s2.3p5.(2P*<3/2>).4p""","=""2[3/2]""","=""1""","=""3s2.3p5.(2P*<3/2>).4d""","=""2[3/2]*""","=""1""",3,3,,"=""T1218n""","=""L2634""",
Ar,1,"=""727.0664""","=""""","=""727.067""","=""""","=""7""","=""1.1e+05""",D,"=""105462.7596""","=""119212.87""","=""3s2.3p5.(2P*<3/2>).4p""","=""2[5/2]""","=""3""","=""3s2.3p5.(2P*<3/2>).4d""","=""2[7/2]*""","=""3""",7,7,,"=""T1218n""","=""L2634""",
Ar,1,"=""727.2936""","=""""","=""727.29354""","=""""","=""2000""","=""1.83e+06""",B+,"=""93750.5978""","=""107496.4166""","=""3s2.3p5.(2P*<3/2>).4s""","=""2[3/2]*""","=""1""","=""3s2.3p5.(2P*<1/2>).4p""","=""2[1/2]""","=""1""",3,3,,"=""T5223""","=""L2634""",
Ar,1,"=""""","=""""","=""728.54433""","=""""","=""""","=""1.2e+05""",D,"=""107289.7001""","=""121011.9198""","=""3s2.3p5.(2P*<1/2>).4p""","=""2[3/2]""","=""2""","=""3s2.3p5.(2P*<1/2>).4d""","=""2[3/2]*""","=""1""",5,3,,"=""T1218n""","=""""",
Ar,1,"=""731.1716""","=""""","=""731.17161""","=""""","=""35""","=""1.7e+06""",D+,"=""106087.2598""","=""119760.1725""","=""3s2.3p5.(2P*<3/2>).4p""","=""2[3/2]""","=""1""","=""3s2.3p5.(2P*<3/2>).6s""","=""2[3/2]*""","=""1""",3,3,,"=""T1218n""","=""L2634""",
Ar,1,"=""731.6005""","=""""","=""731.60052""","=""""","=""25""","=""9.6e+05""",D+,"=""107496.4166""","=""121161.3135""","=""3s2.3p5.(2P*<1/2>).4p""","=""2[1/2]""","=""1""","=""3s2.3p5.(2P*<1/2>).6s""","=""2[1/2]*""","=""1""",3,3,,"=""T1218n""","=""L2634""",
Ar,1,"=""735.0814""","=""""","=""735.0814""","=""""","=""5""","=""1.2e+06""",D+,"=""107496.4166""","=""121096.605""","=""3s2.3p5.(2P*<1/2>).4p""","=""2[1/2]""","=""1""","=""3s2.3p5.(2P*<1/2>).6s""","=""2[1/2]*""","=""0""",3,1,,"=""T1218n""","=""L2634""",
Ar,1,"=""""","=""""","=""735.31749""","=""""","=""""","=""2.1e+05""",E,"=""106087.2598""","=""119683.0821""","=""3s2.3p5.(2P*<3/2>).4p""","=""2[3/2]""","=""1""","=""3s2.3p5.(2P*<3/2>).6s""","=""2[3/2]*""","=""2""",3,5,,"=""T1203""","=""""",
Ar,1,"=""735.3293""","=""""","=""735.330""","=""""","=""70""","=""9.6e+05""",D+,"=""105617.2700""","=""119212.87""","=""3s2.3p5.(2P*<3/2>).4p""","=""2[5/2]""","=""2""","=""3s2.3p5.(2P*<3/2>).4d""","=""2[7/2]*""","=""3""",5,7,,"=""T1218n""","=""L2634""",
Ar,2,"=""735.8338""","=""0.0008""","=""735.83442""","=""0.00003""","=""2""","=""2.e+05""",C,"=""147503.1134""","=""161089.3846""","=""3s2.3p4.(3P).3d""","=""4P""","=""3/2""","=""3s2.3p4.(3P).4p""","=""2S*""","=""1/2""",4,2,,"=""T926""","=""L14821""",
Ar,1,"=""737.2118""","=""""","=""737.2117""","=""""","=""200""","=""1.9e+06""",D+,"=""105462.7596""","=""119023.648""","=""3s2.3p5.(2P*<3/2>).4p""","=""2[5/2]""","=""3""","=""3s2.3p5.(2P*<3/2>).4d""","=""2[7/2]*""","=""4""",7,9,,"=""T1218n""","=""L2634""",
Ar,2,"=""738.04229""","=""0.00005""","=""738.04229""","=""0.00003""","=""44""","=""5.6e+06""",C+,"=""147503.1134""","=""161048.7411""","=""3s2.3p4.(3P).3d""","=""4P""","=""3/2""","=""3s2.3p4.(3P).4p""","=""4S*""","=""3/2""",4,4,,"=""T926""","=""L11520""",
Ar,1,"=""738.3980""","=""""","=""738.39801""","=""""","=""10000""","=""8.5e+06""",B,"=""93750.5978""","=""107289.7001""","=""3s2.3p5.(2P*<3/2>).4s""","=""2[3/2]*""","=""1""","=""3s2.3p5.(2P*<1/2>).4p""","=""2[3/2]""","=""2""",3,5,,"=""T5223""","=""L2634""",
Ar,1,"=""739.2980""","=""""","=""739.29798""","=""""","=""20""","=""7.2e+05""",D+,"=""106237.5518""","=""119760.1725""","=""3s2.3p5.(2P*<3/2>).4p""","=""2[3/2]""","=""2""","=""3s2.3p5.(2P*<3/2>).6s""","=""2[3/2]*""","=""1""",5,3,,"=""T1218n""","=""L2634""",
Ar,1,"=""741.2337""","=""""","=""741.23366""","=""""","=""15""","=""3.9e+05""",D+,"=""107131.7086""","=""120619.0162""","=""3s2.3p5.(2P*<1/2>).4p""","=""2[3/2]""","=""1""","=""3s2.3p5.(2P*<1/2>).4d""","=""2[5/2]*""","=""2""",3,5,,"=""T1218n""","=""L2634""",
Ar,1,"=""""","=""""","=""742.23116""","=""""","=""""","=""6.6e+04""",D,"=""107131.7086""","=""120600.8905""","=""3s2.3p5.(2P*<1/2>).4p""","=""2[3/2]""","=""1""","=""3s2.3p5.(2P*<1/2>).4d""","=""2[3/2]*""","=""2""",3,5,,"=""T1218n""","=""""",
Ar,1,"=""742.5294""","=""""","=""742.52943""","=""""","=""10""","=""3.1e+05""",D,"=""107289.7001""","=""120753.4714""","=""3s2.3p5.(2P*<1/2>).4p""","=""2[3/2]""","=""2""","=""3s2.3p5.(2P*<1/2>).4d""","=""2[5/2]*""","=""3""",5,7,,"=""T1218n""","=""L2634""",
Ar,1,"=""743.5368""","=""""","=""743.53680""","=""""","=""25""","=""9.0e+05""",D+,"=""106237.5518""","=""119683.0821""","=""3s2.3p5.(2P*<3/2>).4p""","=""2[3/2]""","=""2""","=""3s2.3p5.(2P*<3/2>).6s""","=""2[3/2]*""","=""2""",5,5,,"=""T1218n""","=""L2634""",
Ar,1,"=""743.6297""","=""""","=""743.62965""","=""""","=""10""","=""2.7e+05""",D,"=""105462.7596""","=""118906.6110""","=""3s2.3p5.(2P*<3/2>).4p""","=""2[5/2]""","=""3""","=""3s2.3p5.(2P*<3/2>).4d""","=""2[3/2]*""","=""2""",7,5,,"=""T1218n""","=""L2634""",
Ar,1,"=""""","=""""","=""747.11636""","=""""","=""""","=""2.20e+04""",B,"=""93750.5978""","=""107131.7086""","=""3s2.3p5.(2P*<3/2>).4s""","=""2[3/2]*""","=""1""","=""3s2.3p5.(2P*<1/2>).4p""","=""2[3/2]""","=""1""",3,3,,"=""T5223""","=""""",
Ar,1,"=""""","=""""","=""748.433""","=""""","=""""","=""3.4e+05""",D+,"=""106087.2598""","=""119444.83""","=""3s2.3p5.(2P*<3/2>).4p""","=""2[3/2]""","=""1""","=""3s2.3p5.(2P*<3/2>).4d""","=""2[5/2]*""","=""2""",3,5,,"=""T1218n""","=""""",
Ar,1,"=""750.3869""","=""""","=""750.38680""","=""""","=""20000""","=""4.5e+07""",B,"=""95399.8276""","=""108722.6194""","=""3s2.3p5.(2P*<1/2>).4s""","=""2[1/2]*""","=""1""","=""3s2.3p5.(2P*<1/2>).4p""","=""2[1/2]""","=""0""",3,1,,"=""T5223""","=""L2634""",
Ar,1,"=""""","=""""","=""751.04080""","=""""","=""""","=""4.5e+05""",D,"=""107289.7001""","=""120600.8905""","=""3s2.3p5.(2P*<1/2>).4p""","=""2[3/2]""","=""2""","=""3s2.3p5.(2P*<1/2>).4d""","=""2[3/2]*""","=""2""",5,5,,"=""T1164n""","=""""",
Ar,1,"=""751.4652""","=""""","=""751.46512""","=""""","=""15000""","=""4.0e+07""",B,"=""93750.5978""","=""107054.2720""","=""3s2.3p5.(2P*<3/2>).4s""","=""2[3/2]*""","=""1""","=""3s2.3p5.(2P*<3/2>).4p""","=""2[1/2]""","=""0""",3,1,,"=""T5223""","=""L2634""",
Ar,2,"=""758.93152""","=""0.00003""","=""758.93149""","=""0.00003""","=""72""","=""1.07e+07""",B,"=""147875.9477""","=""161048.7411""","=""3s2.3p4.(3P).3d""","=""4P""","=""5/2""","=""3s2.3p4.(3P).4p""","=""4S*""","=""3/2""",6,4,,"=""T926""","=""L11520""",
Ar,1,"=""""","=""""","=""761.83441""","=""""","=""""","=""2.9e+05""",D,"=""107496.4166""","=""120619.0162""","=""3s2.3p5.(2P*<1/2>).4p""","=""2[1/2]""","=""1""","=""3s2.3p5.(2P*<1/2>).4d""","=""2[5/2]*""","=""2""",3,5,,"=""T1218n""","=""""",
Ar,1,"=""""","=""""","=""762.88816""","=""""","=""""","=""2.9e+05""",D,"=""107496.4166""","=""120600.8905""","=""3s2.3p5.(2P*<1/2>).4p""","=""2[1/2]""","=""1""","=""3s2.3p5.(2P*<1/2>).4d""","=""2[3/2]*""","=""2""",3,5,,"=""T1218n""","=""""",
Ar,1,"=""763.5106""","=""""","=""763.51054""","=""""","=""25000""","=""2.45e+07""",B,"=""93143.7600""","=""106237.5518""","=""3s2.3p5.(2P*<3/2>).4s""","=""2[3/2]*""","=""2""","=""3s2.3p5.(2P*<3/2>).4p""","=""2[3/2]""","=""2""",5,5,,"=""T5223""","=""L2634""",
Ar,1,"=""""","=""""","=""767.00571""","=""""","=""""","=""2.8e+05""",D,"=""105617.2700""","=""118651.3950""","=""3s2.3p5.(2P*<3/2>).4p""","=""2[5/2]""","=""2""","=""3s2.3p5.(2P*<3/2>).4d""","=""2[1/2]*""","=""1""",5,3,,"=""T1218n""","=""""",
Ar,1,"=""""","=""""","=""770.482""","=""""","=""""","=""6.3e+04""",D,"=""106237.5518""","=""119212.87""","=""3s2.3p5.(2P*<3/2>).4p""","=""2[3/2]""","=""2""","=""3s2.3p5.(2P*<3/2>).4d""","=""2[7/2]*""","=""3""",5,7,,"=""T1218n""","=""""",
Ar,1,"=""772.3761""","=""""","=""772.37600""","=""""","=""15000""","=""5.2e+06""",B+,"=""93143.7600""","=""106087.2598""","=""3s2.3p5.(2P*<3/2>).4s""","=""2[3/2]*""","=""2""","=""3s2.3p5.(2P*<3/2>).4p""","=""2[3/2]""","=""1""",5,3,,"=""T5223""","=""L2634""",
Ar,1,"=""772.4207""","=""""","=""772.42067""","=""""","=""10000""","=""1.17e+07""",B+,"=""94553.6652""","=""107496.4166""","=""3s2.3p5.(2P*<1/2>).4s""","=""2[1/2]*""","=""0""","=""3s2.3p5.(2P*<1/2>).4p""","=""2[1/2]""","=""1""",1,3,,"=""T5223""","=""L2634""",
Ar,3,"=""775.106""","=""0.010""","=""775.111""","=""0.005""","=""*""","=""8.3e-02""",C,"=""1112.17""","=""14010.00""","=""3s2.3p4""","=""3P""","=""1""","=""3s2.3p4""","=""1D""","=""2""",3,5,M1,"=""T335,T761""","=""L3452""",
Ar,3,"=""775.106""","=""0.010""","=""775.111""","=""0.005""","=""*""","=""1.3e-04""",D,"=""1112.17""","=""14010.00""","=""3s2.3p4""","=""3P""","=""1""","=""3s2.3p4""","=""1D""","=""2""",3,5,E2,"=""T761""","=""L3452""",
Ar,1,"=""""","=""""","=""779.85609""","=""""","=""""","=""8.7e+04""",D+,"=""106087.2598""","=""118906.6110""","=""3s2.3p5.(2P*<3/2>).4p""","=""2[3/2]""","=""1""","=""3s2.3p5.(2P*<3/2>).4d""","=""2[3/2]*""","=""2""",3,5,,"=""T1218n""","=""""",
Ar,1,"=""""","=""""","=""786.81945""","=""""","=""""","=""3.50e+05""",C,"=""107054.2720""","=""119760.1725""","=""3s2.3p5.(2P*<3/2>).4p""","=""2[1/2]""","=""0""","=""3s2.3p5.(2P*<3/2>).6s""","=""2[3/2]*""","=""1""",1,3,,"=""T1218n""","=""""",
Ar,1,"=""789.1075""","=""""","=""789.10751""","=""""","=""10""","=""9.5e+05""",C,"=""106237.5518""","=""118906.6110""","=""3s2.3p5.(2P*<3/2>).4p""","=""2[3/2]""","=""2""","=""3s2.3p5.(2P*<3/2>).4d""","=""2[3/2]*""","=""2""",5,5,,"=""T1218n""","=""L2634""",
Ar,1,"=""""","=""""","=""791.64418""","=""""","=""""","=""1.2e+05""",D+,"=""107131.7086""","=""119760.1725""","=""3s2.3p5.(2P*<1/2>).4p""","=""2[3/2]""","=""1""","=""3s2.3p5.(2P*<3/2>).6s""","=""2[3/2]*""","=""1""",3,3,,"=""T1218n""","=""""",
Ar,1,"=""794.8176""","=""""","=""794.81759""","=""""","=""20000""","=""1.86e+07""",B,"=""94553.6652""","=""107131.7086""","=""3s2.3p5.(2P*<1/2>).4s""","=""2[1/2]*""","=""0""","=""3s2.3p5.(2P*<1/2>).4p""","=""2[3/2]""","=""1""",1,3,,"=""T5223""","=""L2634""",
Ar,1,"=""""","=""""","=""796.50647""","=""""","=""""","=""3.4e+04""",E,"=""107131.7086""","=""119683.0821""","=""3s2.3p5.(2P*<1/2>).4p""","=""2[3/2]""","=""1""","=""3s2.3p5.(2P*<3/2>).6s""","=""2[3/2]*""","=""2""",3,5,,"=""T1203""","=""""",
Ar,1,"=""800.6157""","=""""","=""800.61562""","=""""","=""20000""","=""4.9e+06""",C+,"=""93750.5978""","=""106237.5518""","=""3s2.3p5.(2P*<3/2>).4s""","=""2[3/2]*""","=""1""","=""3s2.3p5.(2P*<3/2>).4p""","=""2[3/2]""","=""2""",3,5,,"=""T5223""","=""L2634""",
Ar,1,"=""801.4786""","=""""","=""801.47854""","=""""","=""25000""","=""9.3e+06""",B,"=""93143.7600""","=""105617.2700""","=""3s2.3p5.(2P*<3/2>).4s""","=""2[3/2]*""","=""2""","=""3s2.3p5.(2P*<3/2>).4p""","=""2[5/2]""","=""2""",5,5,,"=""T5223""","=""L2634""",
Ar,1,"=""""","=""""","=""801.67376""","=""""","=""""","=""4.2e+03""",E,"=""107289.7001""","=""119760.1725""","=""3s2.3p5.(2P*<1/2>).4p""","=""2[3/2]""","=""2""","=""3s2.3p5.(2P*<3/2>).6s""","=""2[3/2]*""","=""1""",5,3,,"=""T1203""","=""""",
Ar,2,"=""801.75280""","=""0.00010""","=""801.752791""","=""0.000020""","=""19""","=""9.e+05""",C,"=""148620.1414""","=""161089.3846""","=""3s2.3p4.(1D).4s""","=""2D""","=""3/2""","=""3s2.3p4.(3P).4p""","=""2S*""","=""1/2""",4,2,,"=""T926""","=""L11520""",
Ar,3,"=""""","=""""","=""803.652""","=""0.005""","=""""","=""2.9e-05""",D,"=""1570.23""","=""14010.00""","=""3s2.3p4""","=""3P""","=""0""","=""3s2.3p4""","=""1D""","=""2""",1,5,E2,"=""T761""","=""""",
Ar,1,"=""""","=""""","=""803.72188""","=""""","=""""","=""3.59e+05""",C,"=""108722.6194""","=""121161.3135""","=""3s2.3p5.(2P*<1/2>).4p""","=""2[1/2]""","=""0""","=""3s2.3p5.(2P*<1/2>).6s""","=""2[1/2]*""","=""1""",1,3,,"=""T1218n""","=""""",
Ar,1,"=""""","=""""","=""804.6118""","=""""","=""""","=""1.12e+06""",C,"=""106087.2598""","=""118512.197""","=""3s2.3p5.(2P*<3/2>).4p""","=""2[3/2]""","=""1""","=""3s2.3p5.(2P*<3/2>).4d""","=""2[1/2]*""","=""0""",3,1,,"=""T1218n""","=""""",
Ar,1,"=""805.3308""","=""""","=""805.33084""","=""""","=""7""","=""8.6e+05""",C,"=""106237.5518""","=""118651.3950""","=""3s2.3p5.(2P*<3/2>).4p""","=""2[3/2]""","=""2""","=""3s2.3p5.(2P*<3/2>).4d""","=""2[1/2]*""","=""1""",5,3,,"=""T1218n""","=""L2634""",
Ar,1,"=""""","=""""","=""806.66043""","=""""","=""""","=""1.4e+05""",D+,"=""107289.7001""","=""119683.0821""","=""3s2.3p5.(2P*<1/2>).4p""","=""2[3/2]""","=""2""","=""3s2.3p5.(2P*<3/2>).6s""","=""2[3/2]*""","=""2""",5,5,,"=""T1218n""","=""""",
Ar,1,"=""810.3693""","=""""","=""810.36921""","=""""","=""20000""","=""2.50e+07""",B+,"=""93750.5978""","=""106087.2598""","=""3s2.3p5.(2P*<3/2>).4s""","=""2[3/2]*""","=""1""","=""3s2.3p5.(2P*<3/2>).4p""","=""2[3/2]""","=""1""",3,3,,"=""T5223""","=""L2634""",
Ar,1,"=""811.5311""","=""""","=""811.53109""","=""""","=""35000""","=""3.3e+07""",B,"=""93143.7600""","=""105462.7596""","=""3s2.3p5.(2P*<3/2>).4s""","=""2[3/2]*""","=""2""","=""3s2.3p5.(2P*<3/2>).4p""","=""2[5/2]""","=""3""",5,7,,"=""T5223""","=""L2634""",
Ar,1,"=""""","=""""","=""815.18675""","=""""","=""""","=""3.3e+04""",E,"=""107496.4166""","=""119760.1725""","=""3s2.3p5.(2P*<1/2>).4p""","=""2[1/2]""","=""1""","=""3s2.3p5.(2P*<3/2>).6s""","=""2[3/2]*""","=""1""",3,3,,"=""T1203""","=""""",
Ar,1,"=""""","=""""","=""820.34348""","=""""","=""""","=""1.6e+05""",E,"=""107496.4166""","=""119683.0821""","=""3s2.3p5.(2P*<1/2>).4p""","=""2[1/2]""","=""1""","=""3s2.3p5.(2P*<3/2>).6s""","=""2[3/2]*""","=""2""",3,5,,"=""T1203""","=""""",
Ar,1,"=""826.4522""","=""""","=""826.45215""","=""""","=""10000""","=""1.53e+07""",B+,"=""95399.8276""","=""107496.4166""","=""3s2.3p5.(2P*<1/2>).4s""","=""2[1/2]*""","=""1""","=""3s2.3p5.(2P*<1/2>).4p""","=""2[1/2]""","=""1""",3,3,,"=""T5223""","=""L2634""",
Ar,1,"=""""","=""""","=""838.473""","=""""","=""""","=""2.4e+05""",D,"=""107289.7001""","=""119212.87""","=""3s2.3p5.(2P*<1/2>).4p""","=""2[3/2]""","=""2""","=""3s2.3p5.(2P*<3/2>).4d""","=""2[7/2]*""","=""3""",5,7,,"=""T1218n""","=""""",
Ar,1,"=""840.8210""","=""""","=""840.82085""","=""""","=""15000""","=""2.23e+07""",B+,"=""95399.8276""","=""107289.7001""","=""3s2.3p5.(2P*<1/2>).4s""","=""2[1/2]*""","=""1""","=""3s2.3p5.(2P*<1/2>).4p""","=""2[3/2]""","=""2""",3,5,,"=""T5223""","=""L2634""",
Ar,1,"=""842.4648""","=""""","=""842.46473""","=""""","=""20000""","=""2.15e+07""",B+,"=""93750.5978""","=""105617.2700""","=""3s2.3p5.(2P*<3/2>).4s""","=""2[3/2]*""","=""1""","=""3s2.3p5.(2P*<3/2>).4p""","=""2[5/2]""","=""2""",3,5,,"=""T5223""","=""L2634""",
Ar,1,"=""""","=""""","=""849.03066""","=""""","=""""","=""9.6e+04""",D,"=""107131.7086""","=""118906.6110""","=""3s2.3p5.(2P*<1/2>).4p""","=""2[3/2]""","=""1""","=""3s2.3p5.(2P*<3/2>).4d""","=""2[3/2]*""","=""2""",3,5,,"=""T1218n""","=""""",
Ar,1,"=""852.1442""","=""""","=""852.14411""","=""""","=""15000""","=""1.39e+07""",B,"=""95399.8276""","=""107131.7086""","=""3s2.3p5.(2P*<1/2>).4s""","=""2[1/2]*""","=""1""","=""3s2.3p5.(2P*<1/2>).4p""","=""2[3/2]""","=""1""",3,3,,"=""T5223""","=""L2634""",
Ar,1,"=""860.5776""","=""""","=""860.57764""","=""""","=""7""","=""1.04e+06""",C,"=""107289.7001""","=""118906.6110""","=""3s2.3p5.(2P*<1/2>).4p""","=""2[3/2]""","=""2""","=""3s2.3p5.(2P*<3/2>).4d""","=""2[3/2]*""","=""2""",5,5,,"=""T1218n""","=""L2634""",
Ar,1,"=""""","=""""","=""862.04603""","=""""","=""""","=""9.2e+05""",C,"=""107054.2720""","=""118651.3950""","=""3s2.3p5.(2P*<3/2>).4p""","=""2[1/2]""","=""0""","=""3s2.3p5.(2P*<3/2>).4d""","=""2[1/2]*""","=""1""",1,3,,"=""T1218n""","=""""",
Ar,1,"=""866.7944""","=""""","=""866.79430""","=""""","=""4500""","=""2.43e+06""",B,"=""94553.6652""","=""106087.2598""","=""3s2.3p5.(2P*<1/2>).4s""","=""2[1/2]*""","=""0""","=""3s2.3p5.(2P*<3/2>).4p""","=""2[3/2]""","=""1""",1,3,,"=""T5223""","=""L2634""",
Ar,1,"=""""","=""""","=""876.16864""","=""""","=""""","=""9.5e+05""",D+,"=""107496.4166""","=""118906.6110""","=""3s2.3p5.(2P*<1/2>).4p""","=""2[1/2]""","=""1""","=""3s2.3p5.(2P*<3/2>).4d""","=""2[3/2]*""","=""2""",3,5,,"=""T1218n""","=""""",
Ar,1,"=""""","=""""","=""878.4557""","=""""","=""""","=""2.4e+05""",D,"=""107131.7086""","=""118512.197""","=""3s2.3p5.(2P*<1/2>).4p""","=""2[3/2]""","=""1""","=""3s2.3p5.(2P*<3/2>).4d""","=""2[1/2]*""","=""0""",3,1,,"=""T1218n""","=""""",
Ar,1,"=""""","=""""","=""879.90874""","=""""","=""""","=""4.6e+05""",D+,"=""107289.7001""","=""118651.3950""","=""3s2.3p5.(2P*<1/2>).4p""","=""2[3/2]""","=""2""","=""3s2.3p5.(2P*<3/2>).4d""","=""2[1/2]*""","=""1""",5,3,,"=""T1218n""","=""""",
Ar,2,"=""892.6074""","=""0.0008""","=""892.60757""","=""0.00007""","=""3""","=""6.e+05""",C+,"=""147228.0521""","=""158428.1087""","=""3s2.3p4.(3P).3d""","=""4P""","=""1/2""","=""3s2.3p4.(3P).4p""","=""4D*""","=""1/2""",2,2,,"=""T926""","=""L14821""",
Ar,1,"=""""","=""""","=""896.21468""","=""""","=""""","=""1.6e+05""",D+,"=""107496.4166""","=""118651.3950""","=""3s2.3p5.(2P*<1/2>).4p""","=""2[1/2]""","=""1""","=""3s2.3p5.(2P*<3/2>).4d""","=""2[1/2]*""","=""1""",3,3,,"=""T1218n""","=""""",
Ar,1,"=""""","=""""","=""905.74928""","=""""","=""""","=""9.7e+04""",E,"=""108722.6194""","=""119760.1725""","=""3s2.3p5.(2P*<1/2>).4p""","=""2[1/2]""","=""0""","=""3s2.3p5.(2P*<3/2>).6s""","=""2[3/2]*""","=""1""",1,3,,"=""T1203""","=""""",
Ar,1,"=""907.5394""","=""""","=""907.5395""","=""""","=""20""","=""1.2e+06""",D,"=""107496.4166""","=""118512.197""","=""3s2.3p5.(2P*<1/2>).4p""","=""2[1/2]""","=""1""","=""3s2.3p5.(2P*<3/2>).4d""","=""2[1/2]*""","=""0""",3,1,,"=""T1218n""","=""L2634""",
Ar,1,"=""912.2967""","=""""","=""912.29666""","=""""","=""35000""","=""1.89e+07""",B,"=""93143.7600""","=""104102.0990""","=""3s2.3p5.(2P*<3/2>).4s""","=""2[3/2]*""","=""2""","=""3s2.3p5.(2P*<3/2>).4p""","=""2[1/2]""","=""1""",5,3,,"=""T5223""","=""L2634""",
Ar,2,"=""915.082""","=""0.002""","=""915.08105""","=""0.00005""","=""1""","=""4.5e+05""",E,"=""147503.1134""","=""158428.1087""","=""3s2.3p4.(3P).3d""","=""4P""","=""3/2""","=""3s2.3p4.(3P).4p""","=""4D*""","=""1/2""",4,2,,"=""T1600n""","=""L14821""",
Ar,1,"=""919.4638""","=""""","=""919.4638""","=""""","=""550""","=""1.76e+06""",C,"=""104102.0990""","=""114975.019""","=""3s2.3p5.(2P*<3/2>).4p""","=""2[1/2]""","=""1""","=""3s2.3p5.(2P*<1/2>).5s""","=""2[1/2]*""","=""1""",3,3,,"=""T1618n""","=""L2634""",
Ar,1,"=""922.4499""","=""""","=""922.44980""","=""""","=""15000""","=""5.0e+06""",B,"=""95399.8276""","=""106237.5518""","=""3s2.3p5.(2P*<1/2>).4s""","=""2[1/2]*""","=""1""","=""3s2.3p5.(2P*<3/2>).4p""","=""2[3/2]""","=""2""",3,5,,"=""T5223""","=""L2634""",
Ar,1,"=""929.1531""","=""""","=""929.1532""","=""""","=""400""","=""3.26e+06""",C,"=""104102.0990""","=""114861.635""","=""3s2.3p5.(2P*<3/2>).4p""","=""2[1/2]""","=""1""","=""3s2.3p5.(2P*<1/2>).5s""","=""2[1/2]*""","=""0""",3,1,,"=""T1618n""","=""L2634""",
Ar,1,"=""935.4220""","=""""","=""935.42179""","=""""","=""1600""","=""1.06e+06""",B,"=""95399.8276""","=""106087.2598""","=""3s2.3p5.(2P*<1/2>).4s""","=""2[1/2]*""","=""1""","=""3s2.3p5.(2P*<3/2>).4p""","=""2[3/2]""","=""1""",3,3,,"=""T5223""","=""L2634""",
Ar,2,"=""941.8582""","=""0.0010""","=""941.85848""","=""0.00003""","=""1""","=""3.9e+05""",E,"=""150474.9903""","=""161089.3846""","=""3s2.3p4.(3P).3d""","=""2D""","=""3/2""","=""3s2.3p4.(3P).4p""","=""2S*""","=""1/2""",4,2,,"=""T926""","=""L14821""",
Ar,1,"=""965.7786""","=""""","=""965.77858""","=""""","=""25000""","=""5.4e+06""",B,"=""93750.5978""","=""104102.0990""","=""3s2.3p5.(2P*<3/2>).4s""","=""2[3/2]*""","=""1""","=""3s2.3p5.(2P*<3/2>).4p""","=""2[1/2]""","=""1""",3,3,,"=""T5223""","=""L2634""",
Ar,1,"=""978.4503""","=""""","=""978.45020""","=""""","=""4500""","=""1.47e+06""",B,"=""95399.8276""","=""105617.2700""","=""3s2.3p5.(2P*<1/2>).4s""","=""2[1/2]*""","=""1""","=""3s2.3p5.(2P*<3/2>).4p""","=""2[5/2]""","=""2""",3,5,,"=""T5223""","=""L2634""",
