element,sp_num,obs_wl_vac(nm),unc_obs_wl,ritz_wl_vac(nm),unc_ritz_wl,intens,Aki(s^-1),Acc,Ei(cm-1),Ek(cm-1),conf_i,term_i,J_i,conf_k,term_k,J_k,g_i,g_k,Type,tp_ref,line_ref,
Co,3,"=""""","=""""","=""180.0745""","=""0.0004""","=""""","=""6.3e+01""",C,"=""841.36""","=""56373.944""","=""3d7""","=""a 4F""","=""7/2""","=""3d6.(5D).4s""","=""a 4D""","=""5/2""",8,6,E2,"=""u37""","=""""",
Co,3,"=""180.09595""","=""0.00015""","=""180.0939""","=""0.0013""","=""1200*""","=""5.6e+08""",C+,"=""116440.00""","=""171966.6""","=""3d6.(1G1).4s""","=""d 2G""","=""7/2""","=""3d6.(1G1).4p""","=""s 2F*""","=""5/2""",8,6,,"=""u37""","=""L19543c139,c153""",
Co,3,"=""180.09595""","=""0.00015""","=""180.09740""","=""0.00016""","=""1200*""","=""1.0e+08""",D+,"=""83791.34""","=""139316.85""","=""3d6.(3D).4s""","=""b 4D""","=""1/2""","=""3d6.(3D).4p""","=""x 4P*""","=""1/2""",2,2,,"=""u37""","=""L19543c139,c153""",
Co,3,"=""180.1028""","=""0.0004""","=""180.10306""","=""0.00010""","=""600""","=""1.1e+08""",D+,"=""76792.604""","=""132316.37""","=""3d6.(3P2).4s""","=""b 2P""","=""3/2""","=""3d6.(3P2).4p""","=""z 2S*""","=""1/2""",4,2,,"=""u37""","=""L19543c139""",
Co,2,"=""180.1909""","=""0.0012""","=""180.19153""","=""0.00008""","=""350d""","=""1.3e+06""",E,"=""27902.161""","=""83398.664""","=""3d7.(2H).4s""","=""a 3H""","=""4""","=""3d7.(2F).4p""","=""w 3G*""","=""4""",9,9,,"=""T6999""","=""L4687c119""",
Co,3,"=""180.2621""","=""0.0005""","=""180.2621""","=""0.0005""","=""99""","=""3.6e+07""",D+,"=""112108.471""","=""167583.25""","=""3d6.(3F1).4s""","=""d 2F""","=""5/2""","=""3d6.(3P1).4p""","=""v 2P*""","=""3/2""",6,4,,"=""u37""","=""L19543c140""",
Co,3,"=""180.29158""","=""0.00022""","=""180.29123""","=""0.00004""","=""340""","=""2.2e+07""",D+,"=""77122.520""","=""132588.334""","=""3d6.(3G).4s""","=""a 4G""","=""9/2""","=""3d6.(3G).4p""","=""y 4H*""","=""9/2""",10,10,,"=""u37""","=""L19543c139,c153""",
Co,3,"=""180.3519""","=""0.0005""","=""180.35129""","=""0.00007""","=""70""","=""9.e+06""",D+,"=""70935.243""","=""126382.587""","=""3d6.(3P2).4s""","=""b 4P""","=""5/2""","=""3d6.(3P2).4p""","=""y 4P*""","=""3/2""",6,4,,"=""u37""","=""L19543c140""",
Co,2,"=""180.4537""","=""0.0009""","=""180.45464""","=""0.00004""","=""2500""","=""2.5e+07""",D,"=""41738.15""","=""97153.739""","=""3d6.4s2""","=""a 5D""","=""2""","=""3d7.(4F).5p""","=""5F*""","=""1""",5,3,,"=""T6999""","=""L4687c119""",
Co,2,"=""180.49543""","=""0.00002""","=""180.495429""","=""0.000010""","=""3400""","=""1.0e+08""",D,"=""18973.727""","=""74376.792""","=""3d8""","=""a 1G""","=""4""","=""3d7.(2H).4p""","=""y 1H*""","=""5""",9,11,,"=""T6999""","=""L9429c118""",
Co,3,"=""180.553259""","=""0.000019""","=""180.553259""","=""0.000020""","=""18000""","=""4.3e+08""",C+,"=""77122.520""","=""132507.840""","=""3d6.(3G).4s""","=""a 4G""","=""9/2""","=""3d6.(3G).4p""","=""y 4H*""","=""11/2""",10,12,,"=""u37""","=""L19543c139""",
Co,3,"=""""","=""""","=""180.5880""","=""0.0004""","=""""","=""4.9e+01""",C,"=""23060.95""","=""78435.621""","=""3d7""","=""a 2D2""","=""5/2""","=""3d6.(3P2).4s""","=""b 2P""","=""1/2""",6,2,E2,"=""u37""","=""""",
Co,3,"=""180.60868""","=""0.00015""","=""180.60858""","=""0.00003""","=""840""","=""3.9e+07""",C,"=""76520.408""","=""131888.762""","=""3d6.(3G).4s""","=""a 4G""","=""11/2""","=""3d6.(3G).4p""","=""x 4G*""","=""9/2""",12,10,,"=""u37""","=""L19543c139""",
Co,3,"=""""","=""""","=""180.6893""","=""0.0004""","=""""","=""3.2e+01""",C,"=""1451.33""","=""56794.941""","=""3d7""","=""a 4F""","=""5/2""","=""3d6.(5D).4s""","=""a 4D""","=""3/2""",6,4,E2,"=""u37""","=""""",
Co,3,"=""180.837563""","=""0.000025""","=""180.83756""","=""0.00003""","=""7400""","=""5.1e+08""",C+,"=""82364.601""","=""137662.847""","=""3d6.(3G).4s""","=""b 2G""","=""9/2""","=""3d6.(3G).4p""","=""x 2G*""","=""9/2""",10,10,,"=""u37""","=""L19543c139""",
Co,2,"=""180.89218""","=""0.00002""","=""180.892175""","=""0.000010""","=""2200""","=""1.0e+08""",D,"=""40695.028""","=""95976.579""","=""3d6.4s2""","=""a 5D""","=""4""","=""3d7.(4F).5p""","=""5F*""","=""4""",9,9,,"=""T6999""","=""L9429c118""",
Co,3,"=""180.92272""","=""0.00020""","=""180.92288""","=""0.00016""","=""2100""","=""2.8e+08""",C+,"=""91716.45""","=""146988.62""","=""3d6.(1D2).4s""","=""d 2D""","=""5/2""","=""3d6.(1D2).4p""","=""w 2D*""","=""5/2""",6,6,,"=""u37""","=""L19543c139""",
Co,3,"=""181.04540""","=""0.00006""","=""181.04549""","=""0.00003""","=""1600""","=""4.7e+07""",D+,"=""72084.644""","=""127319.380""","=""3d6.(3H).4s""","=""a 4H""","=""9/2""","=""3d6.(3H).4p""","=""z 2G*""","=""7/2""",10,8,,"=""u37""","=""L19543c139""",
Co,3,"=""181.13138""","=""0.00007""","=""181.13084""","=""0.00007""","=""3700""","=""2.0e+08""",C,"=""73216.056""","=""128424.767""","=""3d6.(3P2).4s""","=""b 4P""","=""1/2""","=""3d6.(3P2).4p""","=""y 4D*""","=""3/2""",2,4,,"=""u37""","=""L19543c139,c153""",
Co,2,"=""181.1324""","=""0.0009""","=""181.13164""","=""0.00010""","=""1500""","=""2.1e+07""",D,"=""27902.161""","=""83110.627""","=""3d7.(2H).4s""","=""a 3H""","=""4""","=""3d7.(2F).4p""","=""w 3G*""","=""3""",9,7,,"=""T6999""","=""L4687c119""",
Co,3,"=""181.146167""","=""0.000019""","=""181.146165""","=""0.000020""","=""17000""","=""4.8e+08""",C+,"=""77384.2947""","=""132588.334""","=""3d6.(3G).4s""","=""a 4G""","=""7/2""","=""3d6.(3G).4p""","=""y 4H*""","=""9/2""",8,10,,"=""u37""","=""L19543c139""",
Co,3,"=""181.16934""","=""0.00017""","=""181.16952""","=""0.00010""","=""320""","=""7.5e+07""",D+,"=""83775.456""","=""138972.38""","=""3d6.(3D).4s""","=""b 4D""","=""3/2""","=""3d6.(3D).4p""","=""x 4P*""","=""3/2""",4,4,,"=""u37""","=""L19543c139""",
Co,3,"=""""","=""""","=""181.1996""","=""0.0005""","=""""","=""8.0e+00""",C,"=""24238.81""","=""79426.563""","=""3d7""","=""a 2D2""","=""3/2""","=""3d6.(3F2).4s""","=""b 2F""","=""5/2""",4,6,E2,"=""u37""","=""""",
Co,2,"=""181.21871""","=""0.00002""","=""181.218668""","=""0.000020""","=""2100""","=""9.e+07""",D,"=""41314.150""","=""96496.103""","=""3d6.4s2""","=""a 5D""","=""3""","=""3d7.(4F).5p""","=""5F*""","=""3""",7,7,,"=""T6999""","=""L9429c118""",
Co,3,"=""181.23334""","=""0.00025""","=""181.234337""","=""0.000020""","=""1300bl""","=""1.6e+07""",D+,"=""71875.0920""","=""127052.274""","=""3d6.(3H).4s""","=""a 4H""","=""11/2""","=""3d6.(3H).4p""","=""z 2G*""","=""9/2""",12,10,,"=""u37""","=""L19543c139,c153""",
Co,3,"=""181.24733""","=""0.00016""","=""181.24723""","=""0.00013""","=""1400""","=""2.2e+08""",C+,"=""91815.362""","=""146988.62""","=""3d6.(1D2).4s""","=""d 2D""","=""3/2""","=""3d6.(1D2).4p""","=""w 2D*""","=""5/2""",4,6,,"=""u37""","=""L19543c139""",
Co,3,"=""181.25446""","=""0.00010""","=""181.25445""","=""0.00010""","=""2900""","=""4.9e+08""",C+,"=""83801.320""","=""138972.38""","=""3d6.(3D).4s""","=""b 4D""","=""5/2""","=""3d6.(3D).4p""","=""x 4P*""","=""3/2""",6,4,,"=""u37""","=""L19543c139""",
Co,3,"=""""","=""""","=""181.2593""","=""0.0006""","=""""","=""7.3e+01""",C,"=""1867.50""","=""57037.093""","=""3d7""","=""a 4F""","=""3/2""","=""3d6.(5D).4s""","=""a 4D""","=""1/2""",4,2,E2,"=""u37""","=""""",
Co,3,"=""181.30378""","=""0.00008""","=""181.30369""","=""0.00004""","=""2200""","=""1.3e+08""",C,"=""77122.520""","=""132278.596""","=""3d6.(3G).4s""","=""a 4G""","=""9/2""","=""3d6.(3G).4p""","=""x 4F*""","=""7/2""",10,8,,"=""u37""","=""L19543c139""",
Co,2,"=""181.31431""","=""0.00004""","=""181.31440""","=""0.00010""","=""1400""","=""5.1e+07""",D,"=""41738.15""","=""96890.966""","=""3d6.4s2""","=""a 5D""","=""2""","=""3d7.(4F).5p""","=""5F*""","=""2""",5,5,,"=""T6999""","=""L9429c118""",
Co,3,"=""181.31794""","=""0.00003""","=""181.31822""","=""0.00006""","=""14000""","=""4.4e+08""",C+,"=""77473.535""","=""132625.190""","=""3d6.(3G).4s""","=""a 4G""","=""5/2""","=""3d6.(3G).4p""","=""y 4H*""","=""7/2""",6,8,,"=""u37""","=""L19543c139,c153""",
Co,2,"=""181.3398""","=""0.0012""","=""181.33974""","=""0.00023""","=""4100*""","=""2.9e+07""",D,"=""42008.63""","=""97153.739""","=""3d6.4s2""","=""a 5D""","=""1""","=""3d7.(4F).5p""","=""5F*""","=""1""",3,3,,"=""T6999""","=""L4687c119""",
Co,3,"=""181.3671""","=""0.0005""","=""181.36770""","=""0.00020""","=""120""","=""1.2e+07""",E,"=""89288.021""","=""144424.63""","=""3d6.(3D).4s""","=""c 2D""","=""3/2""","=""3d6.(1S2).4p""","=""w 2P*""","=""1/2""",4,2,,"=""u37""","=""L19543c140""",
Co,3,"=""181.40745""","=""0.00017""","=""181.40759""","=""0.00004""","=""1300""","=""2.4e+07""",D+,"=""71875.0920""","=""126999.576""","=""3d6.(3H).4s""","=""a 4H""","=""11/2""","=""3d6.(3F2).4p""","=""y 4F*""","=""9/2""",12,10,,"=""u37""","=""L19543c139""",
Co,3,"=""181.42204""","=""0.00005""","=""181.4220""","=""0.0004""","=""3700""","=""5.1e+08""",C+,"=""77473.535""","=""132593.64""","=""3d6.(3G).4s""","=""a 4G""","=""5/2""","=""3d6.(3G).4p""","=""x 4F*""","=""3/2""",6,4,,"=""u37""","=""L19543c139,c153""",
Co,3,"=""181.4573""","=""0.0020""","=""181.4571""","=""0.0008""","=""350""","=""2.5e+08""",C,"=""106699.87""","=""161809.3""","=""3d6.(3P1).4s""","=""c 4P""","=""5/2""","=""3d6.(3P1).4p""","=""y 4S*""","=""3/2""",6,4,,"=""u37""","=""L3537""",
Co,3,"=""181.46771""","=""0.00004""","=""181.46771""","=""0.00003""","=""3000""","=""2.5e+08""",C+,"=""77384.2947""","=""132490.517""","=""3d6.(3G).4s""","=""a 4G""","=""7/2""","=""3d6.(3G).4p""","=""x 4F*""","=""5/2""",8,6,,"=""u37""","=""L19543c139""",
Co,3,"=""181.48592""","=""0.00009""","=""181.48593""","=""0.00010""","=""4000""","=""4.8e+08""",C+,"=""91716.45""","=""146817.14""","=""3d6.(1D2).4s""","=""d 2D""","=""5/2""","=""3d6.(1D2).4p""","=""v 2F*""","=""7/2""",6,8,,"=""u37""","=""L19543c139""",
Co,3,"=""181.50500""","=""0.00008""","=""181.50505""","=""0.00003""","=""1400""","=""3.5e+07""",D+,"=""77412.954""","=""132507.840""","=""3d6.(3H).4s""","=""b 2H""","=""11/2""","=""3d6.(3G).4p""","=""y 4H*""","=""11/2""",12,12,,"=""u37""","=""L19543c139""",
Co,3,"=""181.55903""","=""0.00003""","=""181.55903""","=""0.00003""","=""3800""","=""3.7e+08""",C+,"=""73727.954""","=""128806.458""","=""3d6.(3F2).4s""","=""b 4F""","=""5/2""","=""3d6.(3F2).4p""","=""x 4D*""","=""3/2""",6,4,,"=""u37""","=""L19543c139""",
Co,3,"=""181.56798""","=""0.00006""","=""181.56799""","=""0.00006""","=""2600""","=""5.6e+08""",C,"=""73863.028""","=""128938.815""","=""3d6.(3F2).4s""","=""b 4F""","=""3/2""","=""3d6.(3F2).4p""","=""x 4D*""","=""1/2""",4,2,,"=""u37""","=""L19543c139""",
Co,3,"=""181.6077""","=""0.0005""","=""181.60753""","=""0.00010""","=""130""","=""2.1e+07""",D+,"=""86285.104""","=""141348.901""","=""3d6.(1G2).4s""","=""c 2G""","=""9/2""","=""3d6.(1I).4p""","=""x 2H*""","=""9/2""",10,10,,"=""u37""","=""L19543c140""",
Co,3,"=""181.6242""","=""0.0003""","=""181.62403""","=""0.00007""","=""800""","=""3.7e+07""",D+,"=""70935.243""","=""125994.037""","=""3d6.(3P2).4s""","=""b 4P""","=""5/2""","=""3d6.(3P2).4p""","=""z 2D*""","=""5/2""",6,6,,"=""u37""","=""L19543c139""",
Co,3,"=""181.66126""","=""0.00011""","=""181.66127""","=""0.00003""","=""1600""","=""3.9e+07""",D+,"=""72271.872""","=""127319.380""","=""3d6.(3H).4s""","=""a 4H""","=""7/2""","=""3d6.(3H).4p""","=""z 2G*""","=""7/2""",8,8,,"=""u37""","=""L19543c139""",
Co,3,"=""181.75013""","=""0.00019""","=""181.75036""","=""0.00008""","=""1300""","=""1.24e+08""",C,"=""86328.378""","=""141348.901""","=""3d6.(1G2).4s""","=""c 2G""","=""7/2""","=""3d6.(1I).4p""","=""x 2H*""","=""9/2""",8,10,,"=""u37""","=""L19543c139""",
Co,3,"=""181.75416""","=""0.00021""","=""181.75451""","=""0.00003""","=""630""","=""1.9e+07""",D+,"=""76520.408""","=""131539.674""","=""3d6.(3G).4s""","=""a 4G""","=""11/2""","=""3d6.(3H).4p""","=""y 2H*""","=""9/2""",12,10,,"=""u37""","=""L19543c139,c153""",
Co,3,"=""181.76202""","=""0.00006""","=""181.76206""","=""0.00004""","=""2500""","=""2.3e+08""",C+,"=""77473.535""","=""132490.517""","=""3d6.(3G).4s""","=""a 4G""","=""5/2""","=""3d6.(3G).4p""","=""x 4F*""","=""5/2""",6,6,,"=""u37""","=""L19543c139""",
Co,3,"=""181.77306""","=""0.00019""","=""181.77310""","=""0.00020""","=""750bl""","=""4.6e+08""",C+,"=""116390.35""","=""171403.99""","=""3d6.(1G1).4s""","=""d 2G""","=""9/2""","=""3d6.(1G1).4p""","=""s 2F*""","=""7/2""",10,8,,"=""u37""","=""L19543c139""",
Co,2,"=""181.85662""","=""0.00004""","=""181.856749""","=""0.000013""","=""1400""","=""1.5e+08""",D,"=""40695.028""","=""95683.364""","=""3d6.4s2""","=""a 5D""","=""4""","=""3d7.(4F).5p""","=""5D*""","=""3""",9,7,,"=""T6999""","=""L9429c118""",
Co,3,"=""181.86805""","=""0.00004""","=""181.86805""","=""0.00004""","=""6700""","=""3.1e+08""",C+,"=""73541.580""","=""128526.498""","=""3d6.(3F2).4s""","=""b 4F""","=""7/2""","=""3d6.(3F2).4p""","=""x 4D*""","=""5/2""",8,6,,"=""u37""","=""L19543c139""",
Co,3,"=""181.9012""","=""0.0005""","=""181.90083""","=""0.00013""","=""390""","=""5.3e+07""",D+,"=""83801.320""","=""138776.33""","=""3d6.(3D).4s""","=""b 4D""","=""5/2""","=""3d6.(3D).4p""","=""x 4P*""","=""5/2""",6,6,,"=""u37""","=""L19543c139""",
Co,3,"=""181.90692""","=""0.00021""","=""181.90777""","=""0.00005""","=""250""","=""7.3e+06""",D+,"=""73287.242""","=""128260.156""","=""3d6.(3F2).4s""","=""b 4F""","=""9/2""","=""3d6.(3H).4p""","=""z 2I*""","=""11/2""",10,12,,"=""u37""","=""L19543c139,c153""",
Co,3,"=""181.92521""","=""0.00005""","=""181.925253""","=""0.000020""","=""2100""","=""3.9e+07""",D+,"=""72084.644""","=""127052.274""","=""3d6.(3H).4s""","=""a 4H""","=""9/2""","=""3d6.(3H).4p""","=""z 2G*""","=""9/2""",10,10,,"=""u37""","=""L19543c139""",
Co,3,"=""181.932744""","=""0.000020""","=""181.932740""","=""0.000017""","=""10000""","=""1.9e+08""",C+,"=""77412.954""","=""132378.322""","=""3d6.(3H).4s""","=""b 2H""","=""11/2""","=""3d6.(3G).4p""","=""y 4H*""","=""13/2""",12,14,,"=""u37""","=""L19543c139""",
Co,3,"=""181.93726""","=""0.00023""","=""181.93709""","=""0.00004""","=""490bl(Co III)""","=""1.1e+07""",E,"=""77624.280""","=""132588.334""","=""3d6.(3H).4s""","=""b 2H""","=""9/2""","=""3d6.(3G).4p""","=""y 4H*""","=""9/2""",10,10,,"=""u37""","=""L19543c139,c153""",
Co,3,"=""181.96943""","=""0.00011""","=""181.96941""","=""0.00010""","=""570""","=""1.8e+08""",C+,"=""112111.42""","=""167065.71""","=""3d6.(3F1).4s""","=""d 2F""","=""7/2""","=""3d6.(3P1).4p""","=""t 2D*""","=""5/2""",8,6,,"=""u37""","=""L19543c139""",
Co,3,"=""181.97258""","=""0.00008""","=""181.97263""","=""0.00007""","=""1300""","=""3.0e+08""",C+,"=""89288.021""","=""144241.34""","=""3d6.(3D).4s""","=""c 2D""","=""3/2""","=""3d6.(3D).4p""","=""w 2F*""","=""5/2""",4,6,,"=""u37""","=""L19543c139""",
Co,3,"=""182.00537""","=""0.00007""","=""182.00538""","=""0.00004""","=""1800""","=""1.8e+08""",C,"=""73863.028""","=""128806.458""","=""3d6.(3F2).4s""","=""b 4F""","=""3/2""","=""3d6.(3F2).4p""","=""x 4D*""","=""3/2""",4,4,,"=""u37""","=""L19543c139""",
Co,3,"=""""","=""""","=""182.0584""","=""0.0006""","=""""","=""7.1e+01""",C,"=""1867.50""","=""56794.941""","=""3d7""","=""a 4F""","=""3/2""","=""3d6.(5D).4s""","=""a 4D""","=""3/2""",4,4,E2,"=""u37""","=""""",
Co,3,"=""""","=""""","=""182.0744""","=""0.0004""","=""""","=""6.1e+01""",C,"=""1451.33""","=""56373.944""","=""3d7""","=""a 4F""","=""5/2""","=""3d6.(5D).4s""","=""a 4D""","=""5/2""",6,6,E2,"=""u37""","=""""",
Co,3,"=""182.0999""","=""0.0003""","=""182.09983""","=""0.00004""","=""410""","=""1.1e+07""",D+,"=""72084.644""","=""126999.576""","=""3d6.(3H).4s""","=""a 4H""","=""9/2""","=""3d6.(3F2).4p""","=""y 4F*""","=""9/2""",10,10,,"=""u37""","=""L19543c139""",
Co,3,"=""182.12587""","=""0.00005""","=""182.12586""","=""0.00005""","=""6800""","=""3.5e+08""",C+,"=""86285.104""","=""141192.189""","=""3d6.(1G2).4s""","=""c 2G""","=""9/2""","=""3d6.(1G2).4p""","=""w 2H*""","=""11/2""",10,12,,"=""u37""","=""L19543c139""",
Co,3,"=""""","=""""","=""182.1399""","=""0.0005""","=""""","=""2.8e+00""",C,"=""22721.42""","=""77624.280""","=""3d7""","=""a 2H""","=""11/2""","=""3d6.(3H).4s""","=""b 2H""","=""9/2""",12,10,E2,"=""u37""","=""""",
Co,3,"=""182.168267""","=""0.000025""","=""182.168272""","=""0.000023""","=""5900""","=""3.4e+08""",C+,"=""77384.2947""","=""132278.596""","=""3d6.(3G).4s""","=""a 4G""","=""7/2""","=""3d6.(3G).4p""","=""x 4F*""","=""7/2""",8,8,,"=""u37""","=""L19543c139""",
Co,3,"=""182.17616""","=""0.00003""","=""182.17616""","=""0.00003""","=""7300""","=""4.6e+08""",C+,"=""82921.847""","=""137813.771""","=""3d6.(3G).4s""","=""b 2G""","=""7/2""","=""3d6.(3G).4p""","=""x 2G*""","=""7/2""",8,8,,"=""u37""","=""L19543c139""",
Co,2,"=""182.17685""","=""0.00002""","=""182.176935""","=""0.000017""","=""1700*""","=""2.8e+08""",D,"=""41314.150""","=""96205.841""","=""3d6.4s2""","=""a 5D""","=""3""","=""3d7.(4F).5p""","=""5D*""","=""2""",7,5,,"=""T6999""","=""L9429c118""",
Co,3,"=""""","=""""","=""182.1888""","=""0.0004""","=""""","=""4.5e+01""",C,"=""841.36""","=""55729.463""","=""3d7""","=""a 4F""","=""7/2""","=""3d6.(5D).4s""","=""a 4D""","=""7/2""",8,8,E2,"=""u37""","=""""",
Co,3,"=""""","=""""","=""182.1964""","=""0.0013""","=""""","=""1.3e+01""",C,"=""57225.6""","=""112111.42""","=""3d7""","=""b 2D1""","=""3/2""","=""3d6.(3F1).4s""","=""d 2F""","=""7/2""",4,8,E2,"=""u37""","=""""",
Co,3,"=""182.20396""","=""0.00004""","=""182.20392""","=""0.00003""","=""3900""","=""9.3e+07""",C,"=""77624.280""","=""132507.840""","=""3d6.(3H).4s""","=""b 2H""","=""9/2""","=""3d6.(3G).4p""","=""y 4H*""","=""11/2""",10,12,,"=""u37""","=""L19543c139""",
Co,3,"=""""","=""""","=""182.2062""","=""0.0013""","=""""","=""7.9e+01""",C,"=""57225.6""","=""112108.471""","=""3d7""","=""b 2D1""","=""3/2""","=""3d6.(3F1).4s""","=""d 2F""","=""5/2""",4,6,E2,"=""u37""","=""""",
Co,3,"=""182.2214""","=""0.0004""","=""182.22130""","=""0.00003""","=""720""","=""1.8e+07""",D+,"=""71624.293""","=""126502.620""","=""3d6.(3H).4s""","=""a 4H""","=""13/2""","=""3d6.(3H).4p""","=""z 4H*""","=""11/2""",14,12,,"=""u37""","=""L19543c139""",
Co,3,"=""182.307775""","=""0.000020""","=""182.30596""","=""0.00003""","=""30000*""","=""2.4e+08""",C+,"=""71624.293""","=""126477.135""","=""3d6.(3H).4s""","=""a 4H""","=""13/2""","=""3d6.(3H).4p""","=""z 4H*""","=""13/2""",14,14,,"=""u37""","=""L19543c139,c153""",
Co,3,"=""182.307775""","=""0.000020""","=""182.30829""","=""0.00010""","=""30000*""","=""4.7e+08""",C+,"=""76520.408""","=""131372.55""","=""3d6.(3G).4s""","=""a 4G""","=""11/2""","=""3d6.(3G).4p""","=""x 4G*""","=""11/2""",12,12,,"=""u37""","=""L19543c139,c153""",
Co,3,"=""182.34051""","=""0.00006""","=""182.34051""","=""0.00006""","=""3400""","=""4.7e+08""",C+,"=""91815.362""","=""146657.809""","=""3d6.(1D2).4s""","=""d 2D""","=""3/2""","=""3d6.(1D2).4p""","=""w 2D*""","=""3/2""",4,4,,"=""u37""","=""L19543c139""",
Co,3,"=""182.36176""","=""0.00012""","=""182.36177""","=""0.00010""","=""4600""","=""5.4e+08""",C+,"=""83940.274""","=""138776.33""","=""3d6.(3D).4s""","=""b 4D""","=""7/2""","=""3d6.(3D).4p""","=""x 4P*""","=""5/2""",8,6,,"=""u37""","=""L19543c139""",
Co,3,"=""182.4522""","=""0.0003""","=""182.45248""","=""0.00004""","=""300""","=""8.e+06""",D+,"=""72084.644""","=""126893.436""","=""3d6.(3H).4s""","=""a 4H""","=""9/2""","=""3d6.(3F2).4p""","=""y 4F*""","=""7/2""",10,8,,"=""u37""","=""L19543c139""",
Co,3,"=""182.48686""","=""0.00004""","=""182.48660""","=""0.00005""","=""3500""","=""1.9e+08""",C,"=""73727.954""","=""128526.498""","=""3d6.(3F2).4s""","=""b 4F""","=""5/2""","=""3d6.(3F2).4p""","=""x 4D*""","=""5/2""",6,6,,"=""u37""","=""L19543c139,c153""",
Co,3,"=""""","=""""","=""182.5053""","=""0.0005""","=""""","=""6.4e+00""",C,"=""37022.42""","=""91815.362""","=""3d7""","=""a 2F""","=""5/2""","=""3d6.(1D2).4s""","=""d 2D""","=""3/2""",6,4,E2,"=""u37""","=""""",
Co,3,"=""182.536071""","=""0.000024""","=""182.536070""","=""0.000023""","=""5500""","=""5.1e+08""",C+,"=""78928.889""","=""133712.582""","=""3d6.(3F2).4s""","=""b 2F""","=""7/2""","=""3d6.(3F2).4p""","=""y 2D*""","=""5/2""",8,6,,"=""u37""","=""L19543c139""",
Co,3,"=""182.54609""","=""0.00006""","=""182.5459""","=""0.0017""","=""5300""","=""5.9e+08""",C,"=""73216.056""","=""127996.8""","=""3d6.(3P2).4s""","=""b 4P""","=""1/2""","=""3d6.(3P2).4p""","=""y 4D*""","=""1/2""",2,2,,"=""u37""","=""L19543c139""",
Co,3,"=""182.54609""","=""0.00006""","=""182.54704""","=""0.00003""","=""m""","=""2.5e+07""",D+,"=""72271.872""","=""127052.274""","=""3d6.(3H).4s""","=""a 4H""","=""7/2""","=""3d6.(3H).4p""","=""z 2G*""","=""9/2""",8,10,,"=""u37""","=""L19543c139""",
Co,3,"=""182.594235""","=""0.000021""","=""182.594234""","=""0.000020""","=""14000""","=""4.6e+08""",C+,"=""77122.520""","=""131888.762""","=""3d6.(3G).4s""","=""a 4G""","=""9/2""","=""3d6.(3G).4p""","=""x 4G*""","=""9/2""",10,10,,"=""u37""","=""L19543c139""",
Co,2,"=""182.611660""","=""0.000015""","=""182.611649""","=""0.000013""","=""3900""","=""2.4e+07""",D,"=""40695.028""","=""95456.047""","=""3d6.4s2""","=""a 5D""","=""4""","=""3d7.(4F).5p""","=""5F*""","=""5""",9,11,,"=""T6999""","=""L9429c118""",
Co,3,"=""182.70852""","=""0.00008""","=""182.70808""","=""0.00005""","=""7800""","=""2.9e+08""",C+,"=""73287.242""","=""128019.360""","=""3d6.(3F2).4s""","=""b 4F""","=""9/2""","=""3d6.(3F2).4p""","=""x 4D*""","=""7/2""",10,8,,"=""u37""","=""L19543c139,c153""",
Co,3,"=""182.7315""","=""0.0010""","=""182.73450""","=""0.00013""","=""230p""","=""9.e+06""",D+,"=""89517.135""","=""144241.34""","=""3d6.(3D).4s""","=""c 2D""","=""5/2""","=""3d6.(3D).4p""","=""w 2F*""","=""5/2""",6,6,,"=""u37""","=""L6156c164,c153""",
Co,2,"=""182.78340""","=""0.00004""","=""182.783244""","=""0.000013""","=""270""","=""4.0e+06""",D,"=""51512.268""","=""106221.878""","=""3d7.(4F).4p""","=""z 3D*""","=""3""","=""3d7.(4P).4d""","=""3F""","=""4""",7,9,,"=""T6999""","=""L9429c118""",
Co,2,"=""182.82939""","=""0.00024""","=""182.829438""","=""0.000010""","=""750""","=""9.e+05""",E,"=""11321.860""","=""66017.647""","=""3d7.(4F).4s""","=""b 3F""","=""2""","=""3d7.(2G).4p""","=""z 1F*""","=""3""",5,7,,"=""T6999""","=""L9429c118""",
Co,3,"=""""","=""""","=""182.8353""","=""0.0005""","=""""","=""3.9e+00""",C,"=""37022.42""","=""91716.45""","=""3d7""","=""a 2F""","=""5/2""","=""3d6.(1D2).4s""","=""d 2D""","=""5/2""",6,6,E2,"=""u37""","=""""",
Co,3,"=""""","=""""","=""182.8437""","=""0.0005""","=""""","=""9.6e+01""",C,"=""22721.42""","=""77412.954""","=""3d7""","=""a 2H""","=""11/2""","=""3d6.(3H).4s""","=""b 2H""","=""11/2""",12,12,E2,"=""u37""","=""""",
Co,3,"=""""","=""""","=""182.8485""","=""0.0005""","=""""","=""5.2e+00""",C,"=""24238.81""","=""78928.889""","=""3d7""","=""a 2D2""","=""3/2""","=""3d6.(3F2).4s""","=""b 2F""","=""7/2""",4,8,E2,"=""u37""","=""""",
Co,2,"=""182.8865""","=""0.0003""","=""182.886632""","=""0.000013""","=""780""","=""1.4e+06""",E,"=""13260.688""","=""67939.370""","=""3d8""","=""a 3P""","=""2""","=""3d7.(2P).4p""","=""x 3D*""","=""2""",5,5,,"=""T6999""","=""L9429c118""",
Co,3,"=""182.9368""","=""0.0010""","=""182.93753""","=""0.00006""","=""350""","=""1.8e+07""",D+,"=""73863.028""","=""128526.498""","=""3d6.(3F2).4s""","=""b 4F""","=""3/2""","=""3d6.(3F2).4p""","=""x 4D*""","=""5/2""",4,6,,"=""u37""","=""L6156c164""",
Co,2,"=""182.94098""","=""0.00003""","=""182.941011""","=""0.000010""","=""840""","=""1.4e+06""",E,"=""41314.150""","=""95976.579""","=""3d6.4s2""","=""a 5D""","=""3""","=""3d7.(4F).5p""","=""5F*""","=""4""",7,9,,"=""T6999""","=""L9429c118""",
Co,3,"=""182.96689""","=""0.00004""","=""182.96689""","=""0.00005""","=""3900*""","=""4.8e+08""",C+,"=""79426.563""","=""134081.259""","=""3d6.(3F2).4s""","=""b 2F""","=""5/2""","=""3d6.(3F2).4p""","=""y 2D*""","=""3/2""",6,4,,"=""u37""","=""L19543c139""",
Co,3,"=""182.96689""","=""0.00004""","=""182.96817""","=""0.00004""","=""3900*""","=""2.5e+07""",D+,"=""77624.280""","=""132278.596""","=""3d6.(3H).4s""","=""b 2H""","=""9/2""","=""3d6.(3G).4p""","=""x 4F*""","=""7/2""",10,8,,"=""u37""","=""L19543c139,c153""",
Co,3,"=""183.009063""","=""0.000019""","=""183.009055""","=""0.000017""","=""19000""","=""4.7e+08""",C+,"=""55729.463""","=""110371.568""","=""3d6.(5D).4s""","=""a 4D""","=""7/2""","=""3d6.(5D).4p""","=""z 4P*""","=""5/2""",8,6,,"=""u37""","=""L19543c139""",
Co,3,"=""183.057884""","=""0.000024""","=""183.057890""","=""0.000017""","=""9100""","=""1.8e+08""",C+,"=""71875.0920""","=""126502.620""","=""3d6.(3H).4s""","=""a 4H""","=""11/2""","=""3d6.(3H).4p""","=""z 4H*""","=""11/2""",12,12,,"=""u37""","=""L19543c139""",
Co,3,"=""183.07769""","=""0.00008""","=""183.07788""","=""0.00004""","=""1200""","=""5.0e+07""",D+,"=""72271.872""","=""126893.436""","=""3d6.(3H).4s""","=""a 4H""","=""7/2""","=""3d6.(3F2).4p""","=""y 4F*""","=""7/2""",8,8,,"=""u37""","=""L19543c139""",
Co,3,"=""183.08595""","=""0.00005""","=""183.08595""","=""0.00005""","=""7400""","=""6.1e+08""",C+,"=""106542.565""","=""161161.722""","=""3d6.(3F1).4s""","=""c 4F""","=""9/2""","=""3d6.(3F1).4p""","=""w 4G*""","=""11/2""",10,12,,"=""u37""","=""L19543c139""",
Co,3,"=""183.143328""","=""0.000019""","=""183.143330""","=""0.000017""","=""29000""","=""3.3e+08""",C+,"=""71875.0920""","=""126477.135""","=""3d6.(3H).4s""","=""a 4H""","=""11/2""","=""3d6.(3H).4p""","=""z 4H*""","=""13/2""",12,14,,"=""u37""","=""L19543c139""",
Co,3,"=""183.14843""","=""0.00021""","=""183.14868""","=""0.00023""","=""360bl(Ne)""","=""3.2e+07""",D+,"=""72271.872""","=""126872.32""","=""3d6.(3H).4s""","=""a 4H""","=""7/2""","=""3d6.(3F2).4p""","=""y 4F*""","=""5/2""",8,6,,"=""u37""","=""L19543c139,c153""",
Co,2,"=""183.18871""","=""0.00004""","=""183.188770""","=""0.000010""","=""6500""","=""4.1e+06""",D,"=""9812.860""","=""64401.359""","=""3d7.(4F).4s""","=""b 3F""","=""4""","=""3d7.(2G).4p""","=""z 1G*""","=""4""",9,9,,"=""T6999""","=""L9429c118""",
Co,3,"=""183.190946""","=""0.000021""","=""183.190948""","=""0.000020""","=""11000""","=""3.7e+08""",C+,"=""56373.944""","=""110961.794""","=""3d6.(5D).4s""","=""a 4D""","=""5/2""","=""3d6.(5D).4p""","=""z 4P*""","=""3/2""",6,4,,"=""u37""","=""L19543c139""",
Co,3,"=""183.21959""","=""0.00004""","=""183.21957""","=""0.00003""","=""6000""","=""2.9e+08""",C+,"=""76520.408""","=""131099.731""","=""3d6.(3G).4s""","=""a 4G""","=""11/2""","=""3d6.(3G).4p""","=""x 4F*""","=""9/2""",12,10,,"=""u37""","=""L19543c139""",
Co,3,"=""183.2771""","=""0.0005""","=""183.27862""","=""0.00007""","=""170""","=""1.7e+07""",D+,"=""73863.028""","=""128424.767""","=""3d6.(3F2).4s""","=""b 4F""","=""3/2""","=""3d6.(3P2).4p""","=""y 4D*""","=""3/2""",4,4,,"=""u37""","=""L19543c140""",
Co,2,"=""183.3287""","=""0.0009""","=""183.327500""","=""0.000020""","=""1500""","=""1.3e+06""",E,"=""9812.860""","=""64360.050""","=""3d7.(4F).4s""","=""b 3F""","=""4""","=""3d7.(2G).4p""","=""y 3F*""","=""3""",9,7,,"=""T6999""","=""L4687c119""",
Co,2,"=""183.36836""","=""0.00008""","=""183.368314""","=""0.000020""","=""1800""","=""4.9e+06""",D,"=""13404.321""","=""67939.370""","=""3d8""","=""a 3P""","=""1""","=""3d7.(2P).4p""","=""x 3D*""","=""2""",3,5,,"=""T6999""","=""L9429c118""",
Co,3,"=""183.38667""","=""0.00008""","=""183.38667""","=""0.00008""","=""4400""","=""6.1e+08""",C+,"=""116390.35""","=""170919.94""","=""3d6.(1G1).4s""","=""d 2G""","=""9/2""","=""3d6.(1G1).4p""","=""v 2H*""","=""11/2""",10,12,,"=""u37""","=""L19543c139""",
Co,2,"=""183.46404""","=""0.00004""","=""183.463980""","=""0.000020""","=""3100""","=""1.8e+07""",D,"=""13404.321""","=""67910.933""","=""3d8""","=""a 3P""","=""1""","=""3d7.(2P).4p""","=""1S*""","=""0""",3,1,,"=""T6999""","=""L9429c118""",
Co,3,"=""""","=""""","=""183.4645""","=""0.0006""","=""""","=""1.24e+01""",C,"=""1867.50""","=""56373.944""","=""3d7""","=""a 4F""","=""3/2""","=""3d6.(5D).4s""","=""a 4D""","=""5/2""",4,6,E2,"=""u37""","=""""",
Co,3,"=""183.48303""","=""0.00003""","=""183.48302""","=""0.00003""","=""3800""","=""2.7e+08""",C+,"=""77384.2947""","=""131885.250""","=""3d6.(3G).4s""","=""a 4G""","=""7/2""","=""3d6.(3G).4p""","=""x 4G*""","=""5/2""",8,6,,"=""u37""","=""L19543c139""",
Co,3,"=""183.499539""","=""0.000019""","=""183.499538""","=""0.000020""","=""55000""","=""6.3e+08""",C+,"=""71624.293""","=""126120.343""","=""3d6.(3H).4s""","=""a 4H""","=""13/2""","=""3d6.(3H).4p""","=""z 4I*""","=""15/2""",14,16,,"=""u37""","=""L19543c139""",
Co,3,"=""183.52500""","=""0.00003""","=""183.52498""","=""0.00003""","=""3900""","=""3.0e+08""",C,"=""56794.941""","=""111283.436""","=""3d6.(5D).4s""","=""a 4D""","=""3/2""","=""3d6.(5D).4p""","=""z 4P*""","=""1/2""",4,2,,"=""u37""","=""L19543c139""",
Co,3,"=""183.56107""","=""0.00004""","=""183.56108""","=""0.00004""","=""4500""","=""1.7e+08""",C+,"=""73541.580""","=""128019.360""","=""3d6.(3F2).4s""","=""b 4F""","=""7/2""","=""3d6.(3F2).4p""","=""x 4D*""","=""7/2""",8,8,,"=""u37""","=""L19543c139""",
Co,3,"=""183.56774""","=""0.00012""","=""183.56772""","=""0.00003""","=""710""","=""2.7e+07""",D+,"=""77412.954""","=""131888.762""","=""3d6.(3H).4s""","=""b 2H""","=""11/2""","=""3d6.(3G).4p""","=""x 4G*""","=""9/2""",12,10,,"=""u37""","=""L19543c139""",
Co,2,"=""183.59501""","=""0.00003""","=""183.595078""","=""0.000024""","=""930""","=""1.5e+08""",D,"=""41738.15""","=""96205.841""","=""3d6.4s2""","=""a 5D""","=""2""","=""3d7.(4F).5p""","=""5D*""","=""2""",5,5,,"=""T6999""","=""L9429c118""",
Co,2,"=""183.59975""","=""0.00006""","=""183.599666""","=""0.000010""","=""1700""","=""2.0e+06""",E,"=""10708.331""","=""65174.661""","=""3d7.(4F).4s""","=""b 3F""","=""3""","=""3d7.(2G).4p""","=""y 3G*""","=""3""",7,7,,"=""T6999""","=""L9429c118""",
Co,3,"=""183.61935""","=""0.00003""","=""183.61959""","=""0.00005""","=""8400*""","=""2.9e+08""",C+,"=""77122.520""","=""131582.939""","=""3d6.(3G).4s""","=""a 4G""","=""9/2""","=""3d6.(3G).4p""","=""x 4G*""","=""7/2""",10,8,,"=""u37""","=""L19543c139,c153""",
Co,3,"=""183.61935""","=""0.00003""","=""183.6205""","=""0.0005""","=""8400*""","=""3.3e+08""",C+,"=""86328.378""","=""140788.54""","=""3d6.(1G2).4s""","=""c 2G""","=""7/2""","=""3d6.(1G2).4p""","=""x 2F*""","=""5/2""",8,6,,"=""u37""","=""L19543c139,c153""",
Co,2,"=""183.75559""","=""0.00008""","=""183.755742""","=""0.000017""","=""740""","=""4.e+06""",E,"=""13404.321""","=""67824.389""","=""3d8""","=""a 3P""","=""1""","=""3d7.(2P).4p""","=""x 3D*""","=""1""",3,3,,"=""T6999""","=""L9429c118""",
Co,3,"=""183.762815""","=""0.000019""","=""183.762807""","=""0.000017""","=""25000""","=""3.4e+08""",C+,"=""72084.644""","=""126502.620""","=""3d6.(3H).4s""","=""a 4H""","=""9/2""","=""3d6.(3H).4p""","=""z 4H*""","=""11/2""",10,12,,"=""u37""","=""L19543c139""",
Co,3,"=""""","=""""","=""183.7816""","=""0.0010""","=""""","=""8.8e+01""",C,"=""57699.0""","=""112111.42""","=""3d7""","=""b 2D1""","=""5/2""","=""3d6.(3F1).4s""","=""d 2F""","=""7/2""",6,8,E2,"=""u37""","=""""",
Co,3,"=""183.78391""","=""0.00005""","=""183.78395""","=""0.00004""","=""3400""","=""2.0e+08""",C+,"=""77473.535""","=""131885.250""","=""3d6.(3G).4s""","=""a 4G""","=""5/2""","=""3d6.(3G).4p""","=""x 4G*""","=""5/2""",6,6,,"=""u37""","=""L19543c139""",
Co,3,"=""""","=""""","=""183.7915""","=""0.0008""","=""""","=""1.9e+01""",C,"=""57699.0""","=""112108.471""","=""3d7""","=""b 2D1""","=""5/2""","=""3d6.(3F1).4s""","=""d 2F""","=""5/2""",6,6,E2,"=""u37""","=""""",
Co,3,"=""""","=""""","=""183.8283""","=""0.0004""","=""""","=""2.0e+01""",C,"=""37317.85""","=""91716.45""","=""3d7""","=""a 2F""","=""7/2""","=""3d6.(1D2).4s""","=""d 2D""","=""5/2""",8,6,E2,"=""u37""","=""""",
Co,3,"=""183.8602""","=""0.0005""","=""183.86037""","=""0.00024""","=""76""","=""2.6e+07""",D+,"=""89288.021""","=""143677.12""","=""3d6.(3D).4s""","=""c 2D""","=""3/2""","=""3d6.(1D2).4p""","=""x 2P*""","=""3/2""",4,4,,"=""u37""","=""L19543c140""",
Co,2,"=""183.927620""","=""0.000017""","=""183.927618""","=""0.000014""","=""1800""","=""2.7e+08""",C+,"=""41314.150""","=""95683.364""","=""3d6.4s2""","=""a 5D""","=""3""","=""3d7.(4F).5p""","=""5D*""","=""3""",7,7,,"=""T6999""","=""L9429c118""",
Co,2,"=""183.937250""","=""0.000014""","=""183.937239""","=""0.000010""","=""34000""","=""8.e+07""",D,"=""11651.277""","=""66017.647""","=""3d8""","=""a 1D""","=""2""","=""3d7.(2G).4p""","=""z 1F*""","=""3""",5,7,,"=""T6999""","=""L9429c118""",
Co,3,"=""183.95219""","=""0.00023""","=""183.95217""","=""0.00014""","=""2500""","=""2.1e+08""",C+,"=""86285.104""","=""140647.06""","=""3d6.(1G2).4s""","=""c 2G""","=""9/2""","=""3d6.(3D).4p""","=""w 4D*""","=""7/2""",10,8,,"=""u37""","=""L19543c139""",
Co,3,"=""183.96201""","=""0.00018""","=""183.96229""","=""0.00005""","=""480""","=""3.5e+07""",D+,"=""73727.954""","=""128086.920""","=""3d6.(3F2).4s""","=""b 4F""","=""5/2""","=""3d6.(3P2).4p""","=""y 4D*""","=""5/2""",6,6,,"=""u37""","=""L19543c139""",
Co,2,"=""184.022730""","=""0.000014""","=""184.02268""","=""0.00003""","=""5400""","=""4.2e+08""",C+,"=""40695.028""","=""95036.155""","=""3d6.4s2""","=""a 5D""","=""4""","=""3d7.(4F).5p""","=""5D*""","=""4""",9,9,,"=""T6999""","=""L9429c118""",
Co,3,"=""184.0985""","=""0.0005""","=""184.09872""","=""0.00014""","=""8""","=""9.e+04""",D,"=""86328.378""","=""140647.06""","=""3d6.(1G2).4s""","=""c 2G""","=""7/2""","=""3d6.(3D).4p""","=""w 4D*""","=""7/2""",8,8,,"=""u37""","=""L19543c140""",
Co,2,"=""184.13299""","=""0.00005""","=""184.132954""","=""0.000010""","=""630""","=""1.6e+06""",E,"=""10708.331""","=""65016.915""","=""3d7.(4F).4s""","=""b 3F""","=""3""","=""3d7.(2G).4p""","=""y 3F*""","=""2""",7,5,,"=""T6999""","=""L9429c118""",
Co,3,"=""184.15722""","=""0.00023""","=""184.15756""","=""0.00020""","=""580""","=""6.9e+07""",C,"=""106542.565""","=""160843.892""","=""3d6.(3F1).4s""","=""c 4F""","=""9/2""","=""3d6.(3F1).4p""","=""w 4G*""","=""9/2""",10,10,,"=""u37""","=""L19543c139""",
Co,3,"=""184.19103""","=""0.00016""","=""184.19121""","=""0.00005""","=""560""","=""2.5e+07""",D+,"=""73727.954""","=""128019.360""","=""3d6.(3F2).4s""","=""b 4F""","=""5/2""","=""3d6.(3F2).4p""","=""x 4D*""","=""7/2""",6,8,,"=""u37""","=""L19543c139""",
Co,3,"=""184.2093""","=""0.0005""","=""184.20949""","=""0.00005""","=""100bl(Ne)""","=""1.4e+07""",D+,"=""79426.563""","=""133712.582""","=""3d6.(3F2).4s""","=""b 2F""","=""5/2""","=""3d6.(3F2).4p""","=""y 2D*""","=""5/2""",6,6,,"=""u37""","=""L19543c140,c153""",
Co,3,"=""184.23384""","=""0.00014""","=""184.23377""","=""0.00010""","=""650bl(Ne)""","=""1.4e+07""",D+,"=""72271.872""","=""126550.738""","=""3d6.(3H).4s""","=""a 4H""","=""7/2""","=""3d6.(3P2).4p""","=""y 4D*""","=""7/2""",8,8,,"=""u37""","=""L19543c139,c153""",
Co,3,"=""""","=""""","=""184.2363""","=""0.0004""","=""""","=""6.9e+00""",C,"=""1451.33""","=""55729.463""","=""3d7""","=""a 4F""","=""5/2""","=""3d6.(5D).4s""","=""a 4D""","=""7/2""",6,8,E2,"=""u37""","=""""",
Co,3,"=""184.28194""","=""0.00016""","=""184.28260""","=""0.00003""","=""210""","=""1.0e+07""",E,"=""77624.280""","=""131888.762""","=""3d6.(3H).4s""","=""b 2H""","=""9/2""","=""3d6.(3G).4p""","=""x 4G*""","=""9/2""",10,10,,"=""u37""","=""L19543c139,c153""",
Co,2,"=""184.28649""","=""0.00004""","=""184.286505""","=""0.000010""","=""1200""","=""4.2e+06""",D,"=""13260.688""","=""67524.021""","=""3d8""","=""a 3P""","=""2""","=""3d7.(2P).4p""","=""x 3D*""","=""3""",5,7,,"=""T6999""","=""L9429c118""",
Co,3,"=""184.33180""","=""0.00020""","=""184.33170""","=""0.00010""","=""740""","=""3.7e+07""",D+,"=""77122.520""","=""131372.55""","=""3d6.(3G).4s""","=""a 4G""","=""9/2""","=""3d6.(3G).4p""","=""x 4G*""","=""11/2""",10,12,,"=""u37""","=""L19543c139""",
Co,3,"=""184.34421""","=""0.00004""","=""184.34422""","=""0.00003""","=""4000""","=""3.1e+08""",C,"=""57037.093""","=""111283.436""","=""3d6.(5D).4s""","=""a 4D""","=""1/2""","=""3d6.(5D).4p""","=""z 4P*""","=""1/2""",2,2,,"=""u37""","=""L19543c139""",
Co,3,"=""184.35339""","=""0.00003""","=""184.35339""","=""0.00003""","=""5300""","=""3.5e+08""",C+,"=""73216.056""","=""127459.702""","=""3d6.(3P2).4s""","=""b 4P""","=""1/2""","=""3d6.(3P2).4p""","=""z 2D*""","=""3/2""",2,4,,"=""u37""","=""L19543c139""",
Co,3,"=""184.39548""","=""0.00003""","=""184.39547""","=""0.00003""","=""5700""","=""5.2e+08""",C+,"=""106612.624""","=""160843.892""","=""3d6.(3F1).4s""","=""c 4F""","=""7/2""","=""3d6.(3F1).4p""","=""w 4G*""","=""9/2""",8,10,,"=""u37""","=""L19543c139""",
Co,2,"=""184.39611""","=""0.00006""","=""184.396035""","=""0.000020""","=""860""","=""7.e+06""",D,"=""13593.288""","=""67824.389""","=""3d8""","=""a 3P""","=""0""","=""3d7.(2P).4p""","=""x 3D*""","=""1""",1,3,,"=""T6999""","=""L9429c118""",
Co,3,"=""184.46524""","=""0.00017""","=""184.46519""","=""0.00014""","=""1300""","=""2.2e+08""",C+,"=""91716.45""","=""145927.22""","=""3d6.(1D2).4s""","=""d 2D""","=""5/2""","=""3d6.(1D2).4p""","=""v 2F*""","=""5/2""",6,6,,"=""u37""","=""L19543c139""",
Co,3,"=""184.47221""","=""0.00016""","=""184.47209""","=""0.00010""","=""3000""","=""2.2e+08""",C+,"=""86285.104""","=""140493.847""","=""3d6.(1G2).4s""","=""c 2G""","=""9/2""","=""3d6.(3D).4p""","=""w 4F*""","=""9/2""",10,10,,"=""u37""","=""L19543c139""",
Co,3,"=""184.50645""","=""0.00004""","=""184.50646""","=""0.00004""","=""3000""","=""1.36e+08""",C+,"=""77384.2947""","=""131582.939""","=""3d6.(3G).4s""","=""a 4G""","=""7/2""","=""3d6.(3G).4p""","=""x 4G*""","=""7/2""",8,8,,"=""u37""","=""L19543c139""",
Co,2,"=""184.5117""","=""0.0009""","=""184.51134""","=""0.00024""","=""5000""","=""2.0e+08""",D,"=""42008.63""","=""96205.841""","=""3d6.4s2""","=""a 5D""","=""1""","=""3d7.(4F).5p""","=""5D*""","=""2""",3,5,,"=""T6999""","=""L4687c119""",
Co,3,"=""""","=""""","=""184.5127""","=""0.0005""","=""""","=""9.4e+01""",C,"=""24238.81""","=""78435.621""","=""3d7""","=""a 2D2""","=""3/2""","=""3d6.(3P2).4s""","=""b 2P""","=""1/2""",4,2,E2,"=""u37""","=""""",
Co,3,"=""""","=""""","=""184.5415""","=""0.0004""","=""""","=""9.3e+01""",C,"=""23435.93""","=""77624.280""","=""3d7""","=""a 2H""","=""9/2""","=""3d6.(3H).4s""","=""b 2H""","=""9/2""",10,10,E2,"=""u37""","=""""",
Co,3,"=""184.5628""","=""0.0004""","=""184.5624""","=""0.0003""","=""430""","=""1.9e+08""",C,"=""112108.471""","=""166290.68""","=""3d6.(3F1).4s""","=""d 2F""","=""5/2""","=""3d6.(3P1).4p""","=""t 2D*""","=""3/2""",6,4,,"=""u37""","=""L19543c139""",
Co,2,"=""184.592730""","=""0.000015""","=""184.592731""","=""0.000010""","=""8000""","=""2.2e+08""",C+,"=""18973.727""","=""73147.041""","=""3d8""","=""a 1G""","=""4""","=""3d7.(2H).4p""","=""y 1G*""","=""4""",9,9,,"=""T6999""","=""L9429c118""",
Co,3,"=""184.60349""","=""0.00010""","=""184.60351""","=""0.00010""","=""1400""","=""5.1e+08""",C+,"=""99642.24""","=""153812.39""","=""3d6.(1F).4s""","=""c 2F""","=""5/2""","=""3d6.(1F).4p""","=""v 2D*""","=""3/2""",6,4,,"=""u37""","=""L19543c139""",
Co,3,"=""184.615085""","=""0.000024""","=""184.61475""","=""0.00003""","=""5400""","=""2.0e+08""",C,"=""56794.941""","=""110961.794""","=""3d6.(5D).4s""","=""a 4D""","=""3/2""","=""3d6.(5D).4p""","=""z 4P*""","=""3/2""",4,4,,"=""u37""","=""L19543c139,c153""",
Co,3,"=""184.61952""","=""0.00020""","=""184.61947""","=""0.00010""","=""760""","=""5.4e+07""",C,"=""86328.378""","=""140493.847""","=""3d6.(1G2).4s""","=""c 2G""","=""7/2""","=""3d6.(3D).4p""","=""w 4F*""","=""9/2""",8,10,,"=""u37""","=""L19543c139""",
Co,3,"=""184.6439""","=""0.0003""","=""184.6449""","=""0.0004""","=""480*""","=""1.9e+07""",D+,"=""78435.621""","=""132593.64""","=""3d6.(3P2).4s""","=""b 2P""","=""1/2""","=""3d6.(3G).4p""","=""x 4F*""","=""3/2""",2,4,,"=""u37""","=""L19543c139,c153""",
Co,3,"=""184.65087""","=""0.00003""","=""184.650833""","=""0.000020""","=""3600""","=""1.16e+08""",C+,"=""72084.644""","=""126240.912""","=""3d6.(3H).4s""","=""a 4H""","=""9/2""","=""3d6.(3H).4p""","=""z 4H*""","=""9/2""",10,10,,"=""u37""","=""L19543c139""",
Co,3,"=""184.72959""","=""0.00005""","=""184.72956""","=""0.00005""","=""3200""","=""4.5e+08""",C+,"=""89517.135""","=""143650.323""","=""3d6.(3D).4s""","=""c 2D""","=""5/2""","=""3d6.(3D).4p""","=""w 2F*""","=""7/2""",6,8,,"=""u37""","=""L19543c139""",
Co,3,"=""184.78212""","=""0.00003""","=""184.78210""","=""0.00003""","=""3900""","=""3.8e+08""",C+,"=""76792.604""","=""130910.399""","=""3d6.(3P2).4s""","=""b 2P""","=""3/2""","=""3d6.(3P2).4p""","=""z 2P*""","=""3/2""",4,4,,"=""u37""","=""L19543c139""",
Co,3,"=""184.80263""","=""0.00016""","=""184.80238""","=""0.00014""","=""1400""","=""2.0e+08""",C,"=""91815.362""","=""145927.22""","=""3d6.(1D2).4s""","=""d 2D""","=""3/2""","=""3d6.(1D2).4p""","=""v 2F*""","=""5/2""",4,6,,"=""u37""","=""L19543c139""",
Co,3,"=""184.92890""","=""0.00012""","=""184.92893""","=""0.00010""","=""3900""","=""2.4e+08""",C+,"=""86285.104""","=""140359.931""","=""3d6.(1G2).4s""","=""c 2G""","=""9/2""","=""3d6.(1G2).4p""","=""w 2G*""","=""9/2""",10,10,,"=""u37""","=""L19543c139""",
Co,3,"=""184.94701""","=""0.00003""","=""184.94701""","=""0.00003""","=""15000""","=""5.4e+08""",C+,"=""70935.243""","=""125004.784""","=""3d6.(3P2).4s""","=""b 4P""","=""5/2""","=""3d6.(3P2).4p""","=""y 4P*""","=""5/2""",6,6,,"=""u37""","=""L19543c139""",
Co,3,"=""184.99282""","=""0.00005""","=""184.99283""","=""0.00005""","=""4300""","=""4.3e+08""",C+,"=""86328.378""","=""140384.526""","=""3d6.(1G2).4s""","=""c 2G""","=""7/2""","=""3d6.(1G2).4p""","=""w 2G*""","=""7/2""",8,8,,"=""u37""","=""L19543c139""",
Co,3,"=""185.04975""","=""0.00003""","=""185.04975""","=""0.00003""","=""8900""","=""5.1e+08""",C+,"=""72343.066""","=""126382.587""","=""3d6.(3P2).4s""","=""b 4P""","=""3/2""","=""3d6.(3P2).4p""","=""y 4P*""","=""3/2""",4,4,,"=""u37""","=""L19543c139""",
Co,3,"=""185.07713""","=""0.00020""","=""185.07704""","=""0.00010""","=""980""","=""5.8e+07""",C,"=""86328.378""","=""140359.931""","=""3d6.(1G2).4s""","=""c 2G""","=""7/2""","=""3d6.(1G2).4p""","=""w 2G*""","=""9/2""",8,10,,"=""u37""","=""L19543c139""",
Co,3,"=""185.15006""","=""0.00003""","=""185.15005""","=""0.00003""","=""3900""","=""4.9e+08""",C+,"=""106558.982""","=""160569.228""","=""3d6.(3F1).4s""","=""c 4F""","=""5/2""","=""3d6.(3F1).4p""","=""w 4G*""","=""7/2""",6,8,,"=""u37""","=""L19543c139""",
Co,2,"=""185.16471""","=""0.00002""","=""185.164707""","=""0.000010""","=""3700""","=""1.2e+07""",D,"=""11651.277""","=""65657.249""","=""3d8""","=""a 1D""","=""2""","=""3d7.(4P).4p""","=""y 3P*""","=""1""",5,3,,"=""T6999""","=""L9429c118""",
Co,3,"=""185.19331""","=""0.00003""","=""185.193334""","=""0.000021""","=""5000""","=""1.20e+08""",C,"=""56373.944""","=""110371.568""","=""3d6.(5D).4s""","=""a 4D""","=""5/2""","=""3d6.(5D).4p""","=""z 4P*""","=""5/2""",6,6,,"=""u37""","=""L19543c139""",
Co,2,"=""185.25441""","=""0.00021""","=""185.254288""","=""0.000010""","=""1900""","=""2.2e+06""",D,"=""9812.860""","=""63792.717""","=""3d7.(4F).4s""","=""b 3F""","=""4""","=""3d7.(2G).4p""","=""z 3H*""","=""4""",9,9,,"=""T6999""","=""L9429c118""",
Co,3,"=""185.26337""","=""0.00012""","=""185.26337""","=""0.00004""","=""1300""","=""6.9e+07""",C,"=""77122.520""","=""131099.731""","=""3d6.(3G).4s""","=""a 4G""","=""9/2""","=""3d6.(3G).4p""","=""x 4F*""","=""9/2""",10,10,,"=""u37""","=""L19543c139""",
Co,3,"=""""","=""""","=""185.2640""","=""0.0004""","=""""","=""5.2e+00""",C,"=""23435.93""","=""77412.954""","=""3d7""","=""a 2H""","=""9/2""","=""3d6.(3H).4s""","=""b 2H""","=""11/2""",10,12,E2,"=""u37""","=""""",
Co,3,"=""185.291407""","=""0.000023""","=""185.291419""","=""0.000021""","=""20000""","=""3.3e+08""",C+,"=""72271.872""","=""126240.912""","=""3d6.(3H).4s""","=""a 4H""","=""7/2""","=""3d6.(3H).4p""","=""z 4H*""","=""9/2""",8,10,,"=""u37""","=""L19543c139""",
Co,3,"=""185.3258""","=""0.0003""","=""185.32707""","=""0.00005""","=""1100*""","=""4.1e+07""",D+,"=""77624.280""","=""131582.939""","=""3d6.(3H).4s""","=""b 2H""","=""9/2""","=""3d6.(3G).4p""","=""x 4G*""","=""7/2""",10,8,,"=""u37""","=""L19543c139,c153""",
Co,3,"=""185.33396""","=""0.00021""","=""185.33413""","=""0.00017""","=""790""","=""9.7e+07""",C,"=""106612.624""","=""160569.228""","=""3d6.(3F1).4s""","=""c 4F""","=""7/2""","=""3d6.(3F1).4p""","=""w 4G*""","=""7/2""",8,8,,"=""u37""","=""L19543c139""",
Co,2,"=""185.37332""","=""0.00002""","=""185.37326""","=""0.00003""","=""2200bl(Co I)""","=""1.5e+08""",D,"=""41738.15""","=""95683.364""","=""3d6.4s2""","=""a 5D""","=""2""","=""3d7.(4F).5p""","=""5D*""","=""3""",5,7,,"=""T6999""","=""L9429c118""",
Co,3,"=""185.3835""","=""0.0003""","=""185.38342""","=""0.00010""","=""880""","=""1.3e+08""",C,"=""86285.104""","=""140227.361""","=""3d6.(1G2).4s""","=""c 2G""","=""9/2""","=""3d6.(1G2).4p""","=""x 2F*""","=""7/2""",10,8,,"=""u37""","=""L19543c139""",
Co,3,"=""185.41958""","=""0.00004""","=""185.41958""","=""0.00004""","=""2000""","=""4.9e+08""",C,"=""76792.604""","=""130724.341""","=""3d6.(3P2).4s""","=""b 2P""","=""3/2""","=""3d6.(3P2).4p""","=""z 2P*""","=""1/2""",4,2,,"=""u37""","=""L19543c139""",
Co,3,"=""185.43868""","=""0.00003""","=""185.43868""","=""0.00003""","=""4600""","=""3.7e+08""",C+,"=""82364.601""","=""136290.784""","=""3d6.(3G).4s""","=""b 2G""","=""9/2""","=""3d6.(3G).4p""","=""y 2F*""","=""7/2""",10,8,,"=""u37""","=""L19543c139""",
Co,3,"=""185.44383""","=""0.00014""","=""185.44377""","=""0.00004""","=""790""","=""3.3e+07""",D+,"=""57037.093""","=""110961.794""","=""3d6.(5D).4s""","=""a 4D""","=""1/2""","=""3d6.(5D).4p""","=""z 4P*""","=""3/2""",2,4,,"=""u37""","=""L19543c139""",
Co,3,"=""185.475793""","=""0.000024""","=""185.475785""","=""0.000021""","=""7000""","=""3.0e+08""",C+,"=""77624.280""","=""131539.674""","=""3d6.(3H).4s""","=""b 2H""","=""9/2""","=""3d6.(3H).4p""","=""y 2H*""","=""9/2""",10,10,,"=""u37""","=""L19543c139""",
Co,3,"=""185.53228""","=""0.00010""","=""185.53226""","=""0.00007""","=""1400""","=""1.04e+08""",C,"=""86328.378""","=""140227.361""","=""3d6.(1G2).4s""","=""c 2G""","=""7/2""","=""3d6.(1G2).4p""","=""x 2F*""","=""7/2""",8,8,,"=""u37""","=""L19543c139""",
Co,3,"=""185.59504""","=""0.00010""","=""185.59504""","=""0.00010""","=""1400""","=""4.9e+08""",C,"=""78435.621""","=""132316.37""","=""3d6.(3P2).4s""","=""b 2P""","=""1/2""","=""3d6.(3P2).4p""","=""z 2S*""","=""1/2""",2,2,,"=""u37""","=""L19543c139""",
Co,3,"=""185.76486""","=""0.00010""","=""185.76485""","=""0.00010""","=""3100""","=""4.9e+08""",C+,"=""106466.400""","=""160297.896""","=""3d6.(3F1).4s""","=""c 4F""","=""3/2""","=""3d6.(3F1).4p""","=""w 4G*""","=""5/2""",4,6,,"=""u37""","=""L19543c139""",
Co,3,"=""185.84833""","=""0.00009""","=""185.84821""","=""0.00005""","=""2000""","=""9.5e+07""",C,"=""77473.535""","=""131280.888""","=""3d6.(3G).4s""","=""a 4G""","=""5/2""","=""3d6.(3F2).4p""","=""y 2G*""","=""7/2""",6,8,,"=""u37""","=""L19543c139""",
Co,3,"=""""","=""""","=""185.8771""","=""0.0005""","=""""","=""2.5e+01""",C,"=""22721.42""","=""76520.408""","=""3d7""","=""a 2H""","=""11/2""","=""3d6.(3G).4s""","=""a 4G""","=""11/2""",12,12,E2,"=""u37""","=""""",
Co,3,"=""185.95038""","=""0.00005""","=""185.95034""","=""0.00003""","=""2400""","=""8.1e+07""",C,"=""73541.580""","=""127319.380""","=""3d6.(3F2).4s""","=""b 4F""","=""7/2""","=""3d6.(3H).4p""","=""z 2G*""","=""7/2""",8,8,,"=""u37""","=""L19543c139""",
Co,2,"=""185.96298""","=""0.00002""","=""185.963038""","=""0.000010""","=""1700""","=""4.6e+06""",D,"=""9812.860""","=""63586.987""","=""3d7.(4F).4s""","=""b 3F""","=""4""","=""3d7.(4P).4p""","=""y 3D*""","=""3""",9,7,,"=""T6999""","=""L9429c118""",
Co,2,"=""186.021990""","=""0.000015""","=""186.021981""","=""0.000014""","=""6600""","=""1.7e+07""",D,"=""11651.277""","=""65408.365""","=""3d8""","=""a 1D""","=""2""","=""3d7.(2P).4p""","=""z 3P*""","=""2""",5,5,,"=""T6999""","=""L9429c118""",
Co,3,"=""186.08498""","=""0.00019""","=""186.08489""","=""0.00017""","=""660""","=""9.0e+07""",C,"=""106558.982""","=""160297.896""","=""3d6.(3F1).4s""","=""c 4F""","=""5/2""","=""3d6.(3F1).4p""","=""w 4G*""","=""5/2""",6,6,,"=""u37""","=""L19543c139""",
Co,3,"=""""","=""""","=""186.1100""","=""0.0004""","=""""","=""6.0e+01""",C,"=""23060.95""","=""76792.604""","=""3d7""","=""a 2D2""","=""5/2""","=""3d6.(3P2).4s""","=""b 2P""","=""3/2""",6,4,E2,"=""u37""","=""""",
Co,2,"=""186.14352""","=""0.00002""","=""186.14346""","=""0.00004""","=""2300""","=""8.e+07""",D,"=""41314.150""","=""95036.155""","=""3d6.4s2""","=""a 5D""","=""3""","=""3d7.(4F).5p""","=""5D*""","=""4""",7,9,,"=""T6999""","=""L9429c118""",
Co,3,"=""186.17698""","=""0.00003""","=""186.17698""","=""0.00003""","=""19000""","=""4.5e+08""",C+,"=""73287.242""","=""126999.576""","=""3d6.(3F2).4s""","=""b 4F""","=""9/2""","=""3d6.(3F2).4p""","=""y 4F*""","=""9/2""",10,10,,"=""u37""","=""L19543c139""",
Co,2,"=""186.22906""","=""0.00003""","=""186.229033""","=""0.000007""","=""4000""","=""1.2e+07""",D,"=""9812.860""","=""63510.180""","=""3d7.(4F).4s""","=""b 3F""","=""4""","=""3d7.(2G).4p""","=""y 3F*""","=""4""",9,9,,"=""T6999""","=""L9429c118""",
Co,2,"=""186.23687""","=""0.00002""","=""186.236889""","=""0.000014""","=""2900""","=""1.4e+07""",D,"=""11321.860""","=""65016.915""","=""3d7.(4F).4s""","=""b 3F""","=""2""","=""3d7.(2G).4p""","=""y 3F*""","=""2""",5,5,,"=""T6999""","=""L9429c118""",
Co,2,"=""186.24386""","=""0.00005""","=""186.243920""","=""0.000010""","=""910""","=""7.e+05""",E,"=""10708.331""","=""64401.359""","=""3d7.(4F).4s""","=""b 3F""","=""3""","=""3d7.(2G).4p""","=""z 1G*""","=""4""",7,9,,"=""T6999""","=""L9429c118""",
Co,3,"=""186.26560""","=""0.00004""","=""186.26561""","=""0.00003""","=""3300""","=""1.51e+08""",C+,"=""77412.954""","=""131099.731""","=""3d6.(3H).4s""","=""b 2H""","=""11/2""","=""3d6.(3G).4p""","=""x 4F*""","=""9/2""",12,10,,"=""u37""","=""L19543c139""",
Co,3,"=""""","=""""","=""186.2663""","=""0.0004""","=""""","=""1.10e+01""",C,"=""23435.93""","=""77122.520""","=""3d7""","=""a 2H""","=""9/2""","=""3d6.(3G).4s""","=""a 4G""","=""9/2""",10,10,E2,"=""u37""","=""""",
Co,3,"=""186.3121""","=""0.0003""","=""186.31206""","=""0.00003""","=""840""","=""2.6e+07""",D+,"=""71624.293""","=""125297.685""","=""3d6.(3H).4s""","=""a 4H""","=""13/2""","=""3d6.(3H).4p""","=""z 4I*""","=""11/2""",14,12,,"=""u37""","=""L19543c139""",
Co,3,"=""186.34640""","=""0.00010""","=""186.34645""","=""0.00008""","=""5300""","=""3.0e+08""",C+,"=""85475.591""","=""139139.075""","=""3d6.(1I).4s""","=""a 2I""","=""13/2""","=""3d6.(1I).4p""","=""x 2H*""","=""11/2""",14,12,,"=""u37""","=""L19543c139""",
Co,3,"=""186.36032""","=""0.00009""","=""186.36048""","=""0.00004""","=""1400""","=""4.5e+07""",D+,"=""78928.889""","=""132588.334""","=""3d6.(3F2).4s""","=""b 2F""","=""7/2""","=""3d6.(3G).4p""","=""y 4H*""","=""9/2""",8,10,,"=""u37""","=""L19543c139""",
Co,3,"=""186.3705""","=""0.0003""","=""186.37033""","=""0.00004""","=""310""","=""1.2e+07""",E,"=""77624.280""","=""131280.888""","=""3d6.(3H).4s""","=""b 2H""","=""9/2""","=""3d6.(3F2).4p""","=""y 2G*""","=""7/2""",10,8,,"=""u37""","=""L19543c139""",
Co,3,"=""186.382008""","=""0.000021""","=""186.382010""","=""0.000021""","=""33000""","=""3.1e+08""",C+,"=""71624.293""","=""125277.540""","=""3d6.(3H).4s""","=""a 4H""","=""13/2""","=""3d6.(3H).4p""","=""z 4I*""","=""13/2""",14,14,,"=""u37""","=""L19543c139""",
Co,2,"=""186.387300""","=""0.000017""","=""186.387318""","=""0.000017""","=""4600""","=""1.4e+07""",D,"=""10708.331""","=""64360.050""","=""3d7.(4F).4s""","=""b 3F""","=""3""","=""3d7.(2G).4p""","=""y 3F*""","=""3""",7,7,,"=""T6999""","=""L9429c118""",
Co,3,"=""186.38994""","=""0.00003""","=""186.38992""","=""0.00003""","=""4600""","=""2.1e+08""",C+,"=""72343.066""","=""125994.037""","=""3d6.(3P2).4s""","=""b 4P""","=""3/2""","=""3d6.(3P2).4p""","=""z 2D*""","=""5/2""",4,6,,"=""u37""","=""L19543c139""",
Co,2,"=""186.4162""","=""0.0012""","=""186.414923""","=""0.000017""","=""350""","=""7.e+06""",D,"=""45378.754""","=""99022.528""","=""3d7.(4F).4p""","=""z 5F*""","=""4""","=""3d7.(4P).5s""","=""5P""","=""3""",9,7,,"=""T6999""","=""L4687c119""",
Co,3,"=""186.418577""","=""0.000020""","=""186.418572""","=""0.000017""","=""10000""","=""2.8e+08""",C+,"=""77412.954""","=""131055.678""","=""3d6.(3H).4s""","=""b 2H""","=""11/2""","=""3d6.(3H).4p""","=""z 2H*""","=""11/2""",12,12,,"=""u37""","=""L19543c139""",
Co,3,"=""186.45171""","=""0.00013""","=""186.45171""","=""0.00014""","=""3200""","=""5.3e+08""",C+,"=""116440.00""","=""170073.19""","=""3d6.(1G1).4s""","=""d 2G""","=""7/2""","=""3d6.(1G1).4p""","=""v 2H*""","=""9/2""",8,10,,"=""u37""","=""L19543c139""",
Co,3,"=""186.4956""","=""0.0005""","=""186.49645""","=""0.00010""","=""24bl(Co I)""","=""1.5e+06""",D+,"=""85518.751""","=""139139.075""","=""3d6.(1I).4s""","=""a 2I""","=""11/2""","=""3d6.(1I).4p""","=""x 2H*""","=""11/2""",12,12,,"=""u37""","=""L19543c140,c153""",
Co,3,"=""186.54076""","=""0.00004""","=""186.540798""","=""0.000024""","=""4100""","=""1.02e+08""",C,"=""72084.644""","=""125692.220""","=""3d6.(3H).4s""","=""a 4H""","=""9/2""","=""3d6.(3H).4p""","=""z 4H*""","=""7/2""",10,8,,"=""u37""","=""L19543c139""",
Co,3,"=""186.54552""","=""0.00012""","=""186.54561""","=""0.00005""","=""3300""","=""1.52e+08""",C+,"=""73287.242""","=""126893.436""","=""3d6.(3F2).4s""","=""b 4F""","=""9/2""","=""3d6.(3F2).4p""","=""y 4F*""","=""7/2""",10,8,,"=""u37""","=""L19543c139""",
Co,3,"=""186.5971""","=""0.0003""","=""186.59701""","=""0.00004""","=""200""","=""6.7e+06""",D+,"=""73727.954""","=""127319.380""","=""3d6.(3F2).4s""","=""b 4F""","=""5/2""","=""3d6.(3H).4p""","=""z 2G*""","=""7/2""",6,8,,"=""u37""","=""L19543c139""",
Co,3,"=""186.64858""","=""0.00014""","=""186.64855""","=""0.00003""","=""580""","=""1.5e+07""",D+,"=""56794.941""","=""110371.568""","=""3d6.(5D).4s""","=""a 4D""","=""3/2""","=""3d6.(5D).4p""","=""z 4P*""","=""5/2""",4,6,,"=""u37""","=""L19543c139""",
Co,3,"=""186.66127""","=""0.00004""","=""186.66126""","=""0.00004""","=""5800""","=""5.6e+08""",C,"=""72343.066""","=""125916.046""","=""3d6.(3P2).4s""","=""b 4P""","=""3/2""","=""3d6.(3P2).4p""","=""y 4P*""","=""1/2""",4,2,,"=""u37""","=""L19543c139""",
Co,2,"=""186.701690""","=""0.000019""","=""186.701683""","=""0.000010""","=""2400""","=""4.4e+07""",D,"=""18973.727""","=""72535.108""","=""3d8""","=""a 1G""","=""4""","=""3d7.(2D2).4p""","=""y 1F*""","=""3""",9,7,,"=""T6999""","=""L9429c118""",
Co,3,"=""186.74833""","=""0.00004""","=""186.748324""","=""0.000021""","=""3600""","=""1.01e+08""",C,"=""71875.0920""","=""125423.096""","=""3d6.(3H).4s""","=""a 4H""","=""11/2""","=""3d6.(3H).4p""","=""z 4I*""","=""9/2""",12,10,,"=""u37""","=""L19543c139""",
Co,3,"=""186.7924""","=""0.0003""","=""186.79245""","=""0.00010""","=""1100""","=""4.5e+07""",D+,"=""86285.104""","=""139820.457""","=""3d6.(1G2).4s""","=""c 2G""","=""9/2""","=""3d6.(3D).4p""","=""w 4F*""","=""7/2""",10,8,,"=""u37""","=""L19543c139""",
Co,2,"=""186.83427""","=""0.00005""","=""186.834226""","=""0.000008""","=""1700""","=""1.5e+06""",E,"=""11651.277""","=""65174.661""","=""3d8""","=""a 1D""","=""2""","=""3d7.(2G).4p""","=""y 3G*""","=""3""",5,7,,"=""T6999""","=""L9429c118""",
Co,3,"=""186.8783""","=""0.0003""","=""186.87837""","=""0.00024""","=""690""","=""2.8e+08""",C,"=""90913.89""","=""144424.63""","=""3d6.(1S2).4s""","=""a 2S""","=""1/2""","=""3d6.(1S2).4p""","=""w 2P*""","=""1/2""",2,2,,"=""u37""","=""L19543c139""",
Co,3,"=""186.9352""","=""0.0003""","=""186.9347""","=""0.0003""","=""350""","=""4.4e+07""",D+,"=""112111.42""","=""165606.05""","=""3d6.(3F1).4s""","=""d 2F""","=""7/2""","=""3d6.(3F1).4p""","=""v 4F*""","=""9/2""",8,10,,"=""u37""","=""L19543c139""",
Co,3,"=""186.94357""","=""0.00015""","=""186.94357""","=""0.00008""","=""100""","=""2.9e+07""",D+,"=""86328.378""","=""139820.457""","=""3d6.(1G2).4s""","=""c 2G""","=""7/2""","=""3d6.(3D).4p""","=""w 4F*""","=""7/2""",8,8,,"=""u37""","=""L19543c139""",
Co,3,"=""187.00148""","=""0.00024""","=""187.00170""","=""0.00004""","=""390""","=""1.8e+07""",E,"=""77624.280""","=""131099.731""","=""3d6.(3H).4s""","=""b 2H""","=""9/2""","=""3d6.(3G).4p""","=""x 4F*""","=""9/2""",10,10,,"=""u37""","=""L19543c139""",
Co,3,"=""187.06283""","=""0.00007""","=""187.06275""","=""0.00004""","=""2200""","=""5.6e+07""",C,"=""73541.580""","=""126999.576""","=""3d6.(3F2).4s""","=""b 4F""","=""7/2""","=""3d6.(3F2).4p""","=""y 4F*""","=""9/2""",8,10,,"=""u37""","=""L19543c139""",
Co,3,"=""187.186719""","=""0.000019""","=""187.186721""","=""0.000018""","=""26000""","=""3.1e+08""",C+,"=""71875.0920""","=""125297.685""","=""3d6.(3H).4s""","=""a 4H""","=""11/2""","=""3d6.(3H).4p""","=""z 4I*""","=""11/2""",12,12,,"=""u37""","=""L19543c139""",
Co,3,"=""187.194606""","=""0.000023""","=""187.194587""","=""0.000021""","=""15000""","=""3.1e+08""",C+,"=""72271.872""","=""125692.220""","=""3d6.(3H).4s""","=""a 4H""","=""7/2""","=""3d6.(3H).4p""","=""z 4H*""","=""7/2""",8,8,,"=""u37""","=""L19543c139""",
Co,3,"=""187.19977""","=""0.00009""","=""187.19970""","=""0.00004""","=""950""","=""5.2e+07""",C,"=""77384.2947""","=""130803.183""","=""3d6.(3G).4s""","=""a 4G""","=""7/2""","=""3d6.(3F2).4p""","=""y 2G*""","=""9/2""",8,10,,"=""u37""","=""L19543c139""",
Co,3,"=""187.2505""","=""0.0007""","=""187.2503""","=""0.0021""","=""1100bl(Co III)""","=""4.6e+08""",C+,"=""99636.25""","=""153040.7""","=""3d6.(1F).4s""","=""c 2F""","=""7/2""","=""3d6.(1F).4p""","=""v 2D*""","=""5/2""",8,6,,"=""u37""","=""L19543c139""",
Co,3,"=""187.25314""","=""0.00006""","=""187.25313""","=""0.00005""","=""2700""","=""1.18e+08""",C,"=""85518.751""","=""138922.399""","=""3d6.(1I).4s""","=""a 2I""","=""11/2""","=""3d6.(1G2).4p""","=""w 2H*""","=""9/2""",12,10,,"=""u37""","=""L19543c139""",
Co,3,"=""187.257338""","=""0.000020""","=""187.257333""","=""0.000018""","=""14000""","=""2.4e+08""",C+,"=""71875.0920""","=""125277.540""","=""3d6.(3H).4s""","=""a 4H""","=""11/2""","=""3d6.(3H).4p""","=""z 4I*""","=""13/2""",12,14,,"=""u37""","=""L19543c139""",
Co,3,"=""187.3005""","=""0.0005""","=""187.30037""","=""0.00011""","=""130*""","=""1.2e+07""",D+,"=""89288.021""","=""142678.198""","=""3d6.(3D).4s""","=""c 2D""","=""3/2""","=""3d6.(3D).4p""","=""x 2D*""","=""5/2""",4,6,,"=""u37""","=""L19543c140,c153""",
Co,3,"=""187.43496""","=""0.00005""","=""187.43490""","=""0.00004""","=""4000""","=""1.6e+08""",C+,"=""73541.580""","=""126893.436""","=""3d6.(3F2).4s""","=""b 4F""","=""7/2""","=""3d6.(3F2).4p""","=""y 4F*""","=""7/2""",8,8,,"=""u37""","=""L19543c139""",
Co,3,"=""187.44250""","=""0.00013""","=""187.44245""","=""0.00004""","=""540""","=""3.5e+07""",D+,"=""78928.889""","=""132278.596""","=""3d6.(3F2).4s""","=""b 2F""","=""7/2""","=""3d6.(3G).4p""","=""x 4F*""","=""7/2""",8,8,,"=""u37""","=""L19543c139""",
Co,3,"=""187.482008""","=""0.000019""","=""187.482006""","=""0.000018""","=""19000""","=""2.3e+08""",C+,"=""72084.644""","=""125423.096""","=""3d6.(3H).4s""","=""a 4H""","=""9/2""","=""3d6.(3H).4p""","=""z 4I*""","=""9/2""",10,10,,"=""u37""","=""L19543c139""",
Co,3,"=""187.50888""","=""0.00003""","=""187.5091""","=""0.0008""","=""11000*""","=""5.7e+08""",C+,"=""99636.25""","=""152967.0""","=""3d6.(1F).4s""","=""c 2F""","=""7/2""","=""3d6.(1F).4p""","=""v 2G*""","=""9/2""",8,10,,"=""u37""","=""L19543c139""",
Co,3,"=""187.50888""","=""0.00003""","=""187.50912""","=""0.00025""","=""11000*""","=""2.0e+08""",C+,"=""73541.580""","=""126872.32""","=""3d6.(3F2).4s""","=""b 4F""","=""7/2""","=""3d6.(3F2).4p""","=""y 4F*""","=""5/2""",8,6,,"=""u37""","=""L19543c139""",
Co,3,"=""187.7470""","=""0.0010""","=""187.74584""","=""0.00011""","=""4100""","=""5.e+07""",E,"=""73287.242""","=""126550.738""","=""3d6.(3F2).4s""","=""b 4F""","=""9/2""","=""3d6.(3P2).4p""","=""y 4D*""","=""7/2""",10,8,,"=""u37""","=""L6156c164""",
Co,3,"=""187.75441""","=""0.00003""","=""187.75442""","=""0.00003""","=""3300""","=""1.8e+08""",C,"=""73727.954""","=""126989.016""","=""3d6.(3F2).4s""","=""b 4F""","=""5/2""","=""3d6.(3F2).4p""","=""y 4F*""","=""3/2""",6,4,,"=""u37""","=""L19543c139""",
Co,3,"=""187.91549""","=""0.00011""","=""187.91561""","=""0.00004""","=""1600""","=""2.5e+07""",D+,"=""73287.242""","=""126502.620""","=""3d6.(3F2).4s""","=""b 4F""","=""9/2""","=""3d6.(3H).4p""","=""z 4H*""","=""11/2""",10,12,,"=""u37""","=""L19543c139""",
Co,3,"=""187.923867""","=""0.000020""","=""187.923859""","=""0.000018""","=""12000""","=""2.3e+08""",C+,"=""72084.644""","=""125297.685""","=""3d6.(3H).4s""","=""a 4H""","=""9/2""","=""3d6.(3H).4p""","=""z 4I*""","=""11/2""",10,12,,"=""u37""","=""L19543c139""",
Co,3,"=""187.93783""","=""0.00004""","=""187.93783""","=""0.00004""","=""3700""","=""3.4e+08""",C+,"=""82921.847""","=""136130.933""","=""3d6.(3G).4s""","=""b 2G""","=""7/2""","=""3d6.(3G).4p""","=""y 2F*""","=""5/2""",8,6,,"=""u37""","=""L19543c139""",
Co,3,"=""187.97477""","=""0.00005""","=""187.97478""","=""0.00005""","=""2300""","=""8.6e+07""",C,"=""79426.563""","=""132625.190""","=""3d6.(3F2).4s""","=""b 2F""","=""5/2""","=""3d6.(3G).4p""","=""y 4H*""","=""7/2""",6,8,,"=""u37""","=""L19543c139""",
Co,3,"=""188.03142""","=""0.00005""","=""188.03142""","=""0.00005""","=""2300""","=""4.3e+08""",C+,"=""89288.021""","=""142470.623""","=""3d6.(3D).4s""","=""c 2D""","=""3/2""","=""3d6.(3D).4p""","=""x 2D*""","=""3/2""",4,4,,"=""u37""","=""L19543c139""",
Co,3,"=""188.04429""","=""0.00009""","=""188.04450""","=""0.00003""","=""1200""","=""2.3e+07""",E,"=""77624.280""","=""130803.183""","=""3d6.(3H).4s""","=""b 2H""","=""9/2""","=""3d6.(3F2).4p""","=""y 2G*""","=""9/2""",10,10,,"=""u37""","=""L19543c139""",
Co,3,"=""188.0883""","=""0.0003""","=""188.08825""","=""0.00008""","=""880""","=""4.6e+07""",D+,"=""73216.056""","=""126382.587""","=""3d6.(3P2).4s""","=""b 4P""","=""1/2""","=""3d6.(3P2).4p""","=""y 4P*""","=""3/2""",2,4,,"=""u37""","=""L19543c139""",
Co,3,"=""188.09212""","=""0.00008""","=""188.09197""","=""0.00004""","=""1000""","=""5.5e+07""",C,"=""73727.954""","=""126893.436""","=""3d6.(3F2).4s""","=""b 4F""","=""5/2""","=""3d6.(3F2).4p""","=""y 4F*""","=""7/2""",6,8,,"=""u37""","=""L19543c139""",
Co,3,"=""188.10760""","=""0.00003""","=""188.10760""","=""0.00003""","=""4300""","=""5.3e+08""",C+,"=""89517.135""","=""142678.198""","=""3d6.(3D).4s""","=""c 2D""","=""5/2""","=""3d6.(3D).4p""","=""x 2D*""","=""5/2""",6,6,,"=""u37""","=""L19543c139""",
Co,3,"=""188.14244""","=""0.00004""","=""188.142422""","=""0.000021""","=""8600""","=""2.1e+08""",C+,"=""72271.872""","=""125423.096""","=""3d6.(3H).4s""","=""a 4H""","=""7/2""","=""3d6.(3H).4p""","=""z 4I*""","=""9/2""",8,10,,"=""u37""","=""L19543c139""",
Co,3,"=""188.166419""","=""0.000022""","=""188.16670""","=""0.00021""","=""10000bl(Co III)""","=""2.2e+08""",C+,"=""73727.954""","=""126872.32""","=""3d6.(3F2).4s""","=""b 4F""","=""5/2""","=""3d6.(3F2).4p""","=""y 4F*""","=""5/2""",6,6,,"=""u37""","=""L19543c139,c153""",
Co,3,"=""188.169290""","=""0.000021""","=""188.16908""","=""0.00005""","=""22000bl(Co III)""","=""2.2e+08""",C+,"=""72084.644""","=""125228.339""","=""3d6.(3H).4s""","=""a 4H""","=""9/2""","=""3d6.(3H).4p""","=""z 4G*""","=""7/2""",10,8,,"=""u37""","=""L19543c139,c153""",
Co,3,"=""188.17249""","=""0.00004""","=""188.17117""","=""0.00006""","=""6100bl(Co III)""","=""3.8e+08""",C+,"=""71624.293""","=""124767.396""","=""3d6.(3H).4s""","=""a 4H""","=""13/2""","=""3d6.(3H).4p""","=""z 4G*""","=""11/2""",14,12,,"=""u37""","=""L19543c139,c153""",
Co,3,"=""188.186872""","=""0.000024""","=""188.186849""","=""0.000021""","=""11000""","=""2.4e+08""",C+,"=""71875.0920""","=""125013.768""","=""3d6.(3H).4s""","=""a 4H""","=""11/2""","=""3d6.(3H).4p""","=""z 4G*""","=""9/2""",12,10,,"=""u37""","=""L19543c139""",
Co,3,"=""188.23182""","=""0.00004""","=""188.23179""","=""0.00003""","=""6200""","=""3.5e+08""",C+,"=""73863.028""","=""126989.016""","=""3d6.(3F2).4s""","=""b 4F""","=""3/2""","=""3d6.(3F2).4p""","=""y 4F*""","=""3/2""",4,4,,"=""u37""","=""L19543c139""",
Co,2,"=""188.3246""","=""0.0012""","=""188.324414""","=""0.000014""","=""340""","=""1.0e+06""",E,"=""46452.700""","=""99552.560""","=""3d7.(4F).4p""","=""z 5F*""","=""2""","=""3d7.(4P).5s""","=""5P""","=""1""",5,3,,"=""T6999""","=""L4687c119""",
Co,3,"=""188.32828""","=""0.00004""","=""188.32830""","=""0.00003""","=""6200""","=""2.6e+08""",C+,"=""72271.872""","=""125370.637""","=""3d6.(3H).4s""","=""a 4H""","=""7/2""","=""3d6.(3H).4p""","=""z 4G*""","=""5/2""",8,6,,"=""u37""","=""L19543c139""",
Co,3,"=""188.3550""","=""0.0005""","=""188.3552""","=""0.0004""","=""200""","=""3.3e+07""",D+,"=""112108.471""","=""165199.66""","=""3d6.(3F1).4s""","=""d 2F""","=""5/2""","=""3d6.(3F1).4p""","=""v 4F*""","=""7/2""",6,8,,"=""u37""","=""L19543c140""",
Co,3,"=""188.4187""","=""0.0005""","=""188.41869""","=""0.00004""","=""76""","=""5.2e+06""",D+,"=""76520.408""","=""129593.700""","=""3d6.(3G).4s""","=""a 4G""","=""11/2""","=""3d6.(3F2).4p""","=""y 4G*""","=""9/2""",12,10,,"=""u37""","=""L19543c140""",
Co,3,"=""188.45182""","=""0.00015""","=""188.45184""","=""0.00005""","=""280""","=""3.4e+07""",D+,"=""79426.563""","=""132490.517""","=""3d6.(3F2).4s""","=""b 2F""","=""5/2""","=""3d6.(3G).4p""","=""x 4F*""","=""5/2""",6,6,,"=""u37""","=""L19543c139""",
Co,2,"=""188.54330""","=""0.00006""","=""188.543387""","=""0.000025""","=""600""","=""1.3e+06""",E,"=""11321.860""","=""64360.050""","=""3d7.(4F).4s""","=""b 3F""","=""2""","=""3d7.(2G).4p""","=""y 3F*""","=""3""",5,7,,"=""T6999""","=""L9429c118""",
Co,2,"=""188.55405""","=""0.00012""","=""188.554070""","=""0.000011""","=""490""","=""3.0e+06""",D,"=""18973.727""","=""72008.912""","=""3d8""","=""a 1G""","=""4""","=""3d7.(2H).4p""","=""y 3H*""","=""4""",9,9,,"=""T6999""","=""L9429c118""",
Co,3,"=""188.64616""","=""0.00006""","=""188.64617""","=""0.00025""","=""2600*""","=""6.7e+07""",C,"=""73863.028""","=""126872.32""","=""3d6.(3F2).4s""","=""b 4F""","=""3/2""","=""3d6.(3F2).4p""","=""y 4F*""","=""5/2""",4,6,,"=""u37""","=""L19543c139,c153""",
Co,3,"=""188.67419""","=""0.00005""","=""188.67419""","=""0.00005""","=""13000""","=""5.6e+08""",C+,"=""70935.243""","=""123936.664""","=""3d6.(3P2).4s""","=""b 4P""","=""5/2""","=""3d6.(3P2).4p""","=""z 4S*""","=""3/2""",6,4,,"=""u37""","=""L19543c139""",
Co,3,"=""188.83428""","=""0.00018""","=""188.83435""","=""0.00005""","=""1300*""","=""6.7e+07""",C,"=""72271.872""","=""125228.339""","=""3d6.(3H).4s""","=""a 4H""","=""7/2""","=""3d6.(3H).4p""","=""z 4G*""","=""7/2""",8,8,,"=""u37""","=""L19543c139,c153""",
Co,3,"=""188.83428""","=""0.00018""","=""188.83473""","=""0.00004""","=""1300*""","=""3.9e+06""",D+,"=""78928.889""","=""131885.250""","=""3d6.(3F2).4s""","=""b 2F""","=""7/2""","=""3d6.(3G).4p""","=""x 4G*""","=""5/2""",8,6,,"=""u37""","=""L19543c139,c153""",
Co,3,"=""188.84460""","=""0.00011""","=""188.84432""","=""0.00004""","=""1200""","=""1.2e+07""",D+,"=""73287.242""","=""126240.912""","=""3d6.(3F2).4s""","=""b 4F""","=""9/2""","=""3d6.(3H).4p""","=""z 4H*""","=""9/2""",10,10,,"=""u37""","=""L19543c139""",
Co,3,"=""188.90814""","=""0.00016""","=""188.90811""","=""0.00005""","=""1100""","=""6.3e+07""",C,"=""77473.535""","=""130409.325""","=""3d6.(3G).4s""","=""a 4G""","=""5/2""","=""3d6.(3F2).4p""","=""z 2F*""","=""5/2""",6,6,,"=""u37""","=""L19543c139""",
Co,3,"=""188.93180""","=""0.00006""","=""188.931901""","=""0.000021""","=""1900""","=""9.3e+07""",C,"=""72084.644""","=""125013.768""","=""3d6.(3H).4s""","=""a 4H""","=""9/2""","=""3d6.(3H).4p""","=""z 4G*""","=""9/2""",10,10,,"=""u37""","=""L19543c139""",
Co,2,"=""189.00855""","=""0.00004""","=""189.008552""","=""0.000008""","=""1600""","=""4.9e+06""",D,"=""10708.331""","=""63615.990""","=""3d7.(4F).4s""","=""b 3F""","=""3""","=""3d7.(4P).4p""","=""y 3D*""","=""2""",7,5,,"=""T6999""","=""L9429c118""",
Co,3,"=""189.0630""","=""0.0005""","=""189.06342""","=""0.00006""","=""190""","=""2.0e+07""",D+,"=""71875.0920""","=""124767.396""","=""3d6.(3H).4s""","=""a 4H""","=""11/2""","=""3d6.(3H).4p""","=""z 4G*""","=""11/2""",12,12,,"=""u37""","=""L19543c140""",
Co,3,"=""189.20060""","=""0.00009""","=""189.20054""","=""0.00007""","=""3500""","=""2.4e+08""",C+,"=""86285.104""","=""139139.075""","=""3d6.(1G2).4s""","=""c 2G""","=""9/2""","=""3d6.(1I).4p""","=""x 2H*""","=""11/2""",10,12,,"=""u37""","=""L19543c139""",
Co,2,"=""189.38724""","=""0.00005""","=""189.387307""","=""0.000007""","=""400""","=""9.e+05""",E,"=""10708.331""","=""63510.180""","=""3d7.(4F).4s""","=""b 3F""","=""3""","=""3d7.(2G).4p""","=""y 3F*""","=""4""",7,9,,"=""T6999""","=""L9429c118""",
Co,3,"=""189.39065""","=""0.00014""","=""189.39077""","=""0.00004""","=""460""","=""2.7e+07""",D+,"=""77384.2947""","=""130185.178""","=""3d6.(3G).4s""","=""a 4G""","=""7/2""","=""3d6.(3F2).4p""","=""z 2F*""","=""7/2""",8,8,,"=""u37""","=""L19543c139""",
Co,3,"=""189.52622""","=""0.00021""","=""189.52593""","=""0.00018""","=""380""","=""2.1e+08""",C,"=""90913.89""","=""143677.12""","=""3d6.(1S2).4s""","=""a 2S""","=""1/2""","=""3d6.(1D2).4p""","=""x 2P*""","=""3/2""",2,4,,"=""u37""","=""L19543c139""",
Co,3,"=""189.536316""","=""0.000021""","=""189.536314""","=""0.000022""","=""30000""","=""5.8e+08""",C+,"=""85475.591""","=""138235.929""","=""3d6.(1I).4s""","=""a 2I""","=""13/2""","=""3d6.(1I).4p""","=""z 2K*""","=""15/2""",14,16,,"=""u37""","=""L19543c139""",
Co,2,"=""189.548450""","=""0.000016""","=""189.548454""","=""0.000007""","=""6600""","=""2.1e+07""",D,"=""13260.688""","=""66017.647""","=""3d8""","=""a 3P""","=""2""","=""3d7.(2G).4p""","=""z 1F*""","=""3""",5,7,,"=""T6999""","=""L9429c118""",
Co,3,"=""189.6037""","=""0.0005""","=""189.60259""","=""0.00003""","=""110""","=""1.6e+07""",E,"=""72271.872""","=""125013.768""","=""3d6.(3H).4s""","=""a 4H""","=""7/2""","=""3d6.(3H).4p""","=""z 4G*""","=""9/2""",8,10,,"=""u37""","=""L19543c140""",
Co,2,"=""189.64827""","=""0.00005""","=""189.648122""","=""0.000011""","=""470""","=""2.0e+06""",D,"=""18973.727""","=""71702.960""","=""3d8""","=""a 1G""","=""4""","=""3d7.(2H).4p""","=""y 3H*""","=""5""",9,11,,"=""T6999""","=""L9429c118""",
Co,2,"=""189.72168""","=""0.00014""","=""189.721738""","=""0.000011""","=""470""","=""6.e+05""",E,"=""11651.277""","=""64360.050""","=""3d8""","=""a 1D""","=""2""","=""3d7.(2G).4p""","=""y 3F*""","=""3""",5,7,,"=""T6999""","=""L9429c118""",
Co,2,"=""189.7496""","=""0.0009""","=""189.747214""","=""0.000011""","=""2400""","=""1.2e+07""",D,"=""46320.832""","=""99022.528""","=""3d7.(4F).4p""","=""z 5D*""","=""4""","=""3d7.(4P).5s""","=""5P""","=""3""",9,7,,"=""T6999""","=""L4687c119""",
Co,3,"=""189.7542""","=""0.0010""","=""189.75573""","=""0.00003""","=""350""","=""4.6e+06""",D+,"=""73541.580""","=""126240.912""","=""3d6.(3F2).4s""","=""b 4F""","=""7/2""","=""3d6.(3H).4p""","=""z 4H*""","=""9/2""",8,10,,"=""u37""","=""L6156c164""",
Co,2,"=""189.8885""","=""0.0012""","=""189.88520""","=""0.00005""","=""340""","=""5.e+05""",E,"=""31199.412""","=""83862.81""","=""3d7.(2D2).4s""","=""b 1D""","=""2""","=""3d7.(2F).4p""","=""w 3F*""","=""3""",5,7,,"=""T6999""","=""L4687c119""",
Co,2,"=""189.90113""","=""0.00011""","=""189.901054""","=""0.000014""","=""570""","=""1.7e+06""",E,"=""10708.331""","=""63367.333""","=""3d7.(4F).4s""","=""b 3F""","=""3""","=""3d7.(4P).4p""","=""z 5P*""","=""2""",7,5,,"=""T6999""","=""L9429c118""",
Co,3,"=""189.9192""","=""0.0003""","=""189.91891""","=""0.00005""","=""160""","=""8.e+06""",E,"=""78928.889""","=""131582.939""","=""3d6.(3F2).4s""","=""b 2F""","=""7/2""","=""3d6.(3G).4p""","=""x 4G*""","=""7/2""",8,8,,"=""u37""","=""L19543c139""",
Co,3,"=""189.97932""","=""0.00018""","=""189.97937""","=""0.00011""","=""1400""","=""8.4e+07""",C,"=""86285.104""","=""138922.399""","=""3d6.(1G2).4s""","=""c 2G""","=""9/2""","=""3d6.(1G2).4p""","=""w 2H*""","=""9/2""",10,10,,"=""u37""","=""L19543c139""",
Co,3,"=""190.07503""","=""0.00008""","=""190.07510""","=""0.00003""","=""1600""","=""4.9e+07""",C,"=""78928.889""","=""131539.674""","=""3d6.(3F2).4s""","=""b 2F""","=""7/2""","=""3d6.(3H).4p""","=""y 2H*""","=""9/2""",8,10,,"=""u37""","=""L19543c139""",
Co,3,"=""190.0808""","=""0.0003""","=""190.08058""","=""0.00022""","=""470""","=""2.6e+08""",C,"=""91815.362""","=""144424.63""","=""3d6.(1D2).4s""","=""d 2D""","=""3/2""","=""3d6.(1S2).4p""","=""w 2P*""","=""1/2""",4,2,,"=""u37""","=""L19543c139""",
Co,3,"=""190.13572""","=""0.00008""","=""190.13568""","=""0.00006""","=""5300""","=""3.5e+08""",C+,"=""86328.378""","=""138922.399""","=""3d6.(1G2).4s""","=""c 2G""","=""7/2""","=""3d6.(1G2).4p""","=""w 2H*""","=""9/2""",8,10,,"=""u37""","=""L19543c139""",
Co,3,"=""190.1672""","=""0.0005""","=""190.16538""","=""0.00004""","=""120bl""","=""5.5e+06""",D+,"=""77122.520""","=""129708.327""","=""3d6.(3G).4s""","=""a 4G""","=""9/2""","=""3d6.(3F2).4p""","=""y 4G*""","=""7/2""",10,8,,"=""u37""","=""L19543c140,c153""",
Co,3,"=""190.2556""","=""0.0005""","=""190.25550""","=""0.00003""","=""110""","=""1.2e+07""",D+,"=""77624.280""","=""130185.178""","=""3d6.(3H).4s""","=""b 2H""","=""9/2""","=""3d6.(3F2).4p""","=""z 2F*""","=""7/2""",10,8,,"=""u37""","=""L19543c140""",
Co,3,"=""""","=""""","=""190.2812""","=""0.0005""","=""""","=""6.6e+00""",C,"=""24238.81""","=""76792.604""","=""3d7""","=""a 2D2""","=""3/2""","=""3d6.(3P2).4s""","=""b 2P""","=""3/2""",4,4,E2,"=""u37""","=""""",
Co,2,"=""190.31913""","=""0.00007""","=""190.319186""","=""0.000014""","=""1300""","=""8.e+06""",D,"=""11321.860""","=""63865.170""","=""3d7.(4F).4s""","=""b 3F""","=""2""","=""3d7.(4P).4p""","=""y 3D*""","=""1""",5,3,,"=""T6999""","=""L9429c118""",
Co,3,"=""190.38623""","=""0.00015""","=""190.38593""","=""0.00011""","=""86""","=""1.1e+07""",D+,"=""91716.45""","=""144241.34""","=""3d6.(1D2).4s""","=""d 2D""","=""5/2""","=""3d6.(3D).4p""","=""w 2F*""","=""5/2""",6,6,,"=""u37""","=""L19543c139""",
Co,3,"=""190.535236""","=""0.000023""","=""190.535209""","=""0.000022""","=""6900""","=""3.2e+08""",C+,"=""82921.847""","=""135405.585""","=""3d6.(3G).4s""","=""b 2G""","=""7/2""","=""3d6.(3G).4p""","=""z 2H*""","=""9/2""",8,10,,"=""u37""","=""L19543c139""",
Co,3,"=""190.56772""","=""0.00007""","=""190.56774""","=""0.00005""","=""1500""","=""1.6e+08""",C,"=""78435.621""","=""130910.399""","=""3d6.(3P2).4s""","=""b 2P""","=""1/2""","=""3d6.(3P2).4p""","=""z 2P*""","=""3/2""",2,4,,"=""u37""","=""L19543c139""",
Co,3,"=""190.62625""","=""0.00008""","=""190.62620""","=""0.00004""","=""1600""","=""9.4e+07""",C,"=""79426.563""","=""131885.250""","=""3d6.(3F2).4s""","=""b 2F""","=""5/2""","=""3d6.(3G).4p""","=""x 4G*""","=""5/2""",6,6,,"=""u37""","=""L19543c139""",
Co,3,"=""190.6488""","=""0.0005""","=""190.64884""","=""0.00005""","=""45bl(Ne)""","=""1.1e+06""",D,"=""73541.580""","=""125994.037""","=""3d6.(3F2).4s""","=""b 4F""","=""7/2""","=""3d6.(3P2).4p""","=""z 2D*""","=""5/2""",8,6,,"=""u37""","=""L19543c140""",
Co,3,"=""190.74467""","=""0.00020""","=""190.74513""","=""0.00015""","=""670""","=""1.3e+08""",C,"=""91815.362""","=""144241.34""","=""3d6.(1D2).4s""","=""d 2D""","=""3/2""","=""3d6.(3D).4p""","=""w 2F*""","=""5/2""",4,6,,"=""u37""","=""L19543c139""",
Co,2,"=""190.852250""","=""0.000015""","=""190.852220""","=""0.000007""","=""4200""","=""1.8e+07""",D,"=""13260.688""","=""65657.249""","=""3d8""","=""a 3P""","=""2""","=""3d7.(4P).4p""","=""y 3P*""","=""1""",5,3,,"=""T6999""","=""L9429c118""",
Co,3,"=""190.9449""","=""0.0010""","=""190.9445""","=""0.0008""","=""310""","=""3.7e+07""",D+,"=""99636.25""","=""152007.50""","=""3d6.(1F).4s""","=""c 2F""","=""7/2""","=""3d6.(1F).4p""","=""v 2G*""","=""7/2""",8,8,,"=""u37""","=""L6156c164""",
Co,3,"=""190.96628""","=""0.00009""","=""190.96630""","=""0.00009""","=""4000""","=""5.0e+08""",C+,"=""99642.24""","=""152007.50""","=""3d6.(1F).4s""","=""c 2F""","=""5/2""","=""3d6.(1F).4p""","=""v 2G*""","=""7/2""",6,8,,"=""u37""","=""L19543c139""",
Co,3,"=""191.0146""","=""0.0003""","=""191.01467""","=""0.00005""","=""210""","=""1.6e+07""",D+,"=""78928.889""","=""131280.888""","=""3d6.(3F2).4s""","=""b 2F""","=""7/2""","=""3d6.(3F2).4p""","=""y 2G*""","=""7/2""",8,8,,"=""u37""","=""L19543c139""",
Co,3,"=""191.083952""","=""0.000024""","=""191.083965""","=""0.000022""","=""7500""","=""2.8e+08""",C+,"=""82364.601""","=""134697.616""","=""3d6.(3G).4s""","=""b 2G""","=""9/2""","=""3d6.(3G).4p""","=""y 2H*""","=""11/2""",10,12,,"=""u37""","=""L19543c139""",
Co,3,"=""191.11698""","=""0.00013""","=""191.11677""","=""0.00004""","=""840""","=""2.7e+07""",D+,"=""77384.2947""","=""129708.327""","=""3d6.(3G).4s""","=""a 4G""","=""7/2""","=""3d6.(3F2).4p""","=""y 4G*""","=""7/2""",8,8,,"=""u37""","=""L19543c139""",
Co,3,"=""191.2459""","=""0.0003""","=""191.24584""","=""0.00007""","=""450""","=""6.7e+07""",D+,"=""78435.621""","=""130724.341""","=""3d6.(3P2).4s""","=""b 2P""","=""1/2""","=""3d6.(3P2).4p""","=""z 2P*""","=""1/2""",2,2,,"=""u37""","=""L19543c139""",
Co,3,"=""191.29526""","=""0.00016""","=""191.29517""","=""0.00006""","=""1100""","=""6.8e+07""",D+,"=""77473.535""","=""129748.771""","=""3d6.(3G).4s""","=""a 4G""","=""5/2""","=""3d6.(3F2).4p""","=""y 4G*""","=""5/2""",6,6,,"=""u37""","=""L19543c139""",
Co,3,"=""191.3280""","=""0.0005""","=""191.32867""","=""0.00005""","=""37""","=""1.0e+06""",D,"=""73727.954""","=""125994.037""","=""3d6.(3F2).4s""","=""b 4F""","=""5/2""","=""3d6.(3P2).4p""","=""z 2D*""","=""5/2""",6,6,,"=""u37""","=""L19543c140""",
Co,3,"=""""","=""""","=""191.3304""","=""0.0005""","=""""","=""2.7e+01""",C,"=""37022.42""","=""89288.021""","=""3d7""","=""a 2F""","=""5/2""","=""3d6.(3D).4s""","=""c 2D""","=""3/2""",6,4,E2,"=""u37""","=""""",
Co,2,"=""191.376820""","=""0.000018""","=""191.376835""","=""0.000011""","=""1600""","=""1.5e+06""",E,"=""13404.321""","=""65657.249""","=""3d8""","=""a 3P""","=""1""","=""3d7.(4P).4p""","=""y 3P*""","=""1""",3,3,,"=""T6999""","=""L9429c118""",
Co,3,"=""""","=""""","=""191.5735""","=""0.0005""","=""""","=""1.5e+01""",C,"=""37317.85""","=""89517.135""","=""3d7""","=""a 2F""","=""7/2""","=""3d6.(3D).4s""","=""c 2D""","=""5/2""",8,6,E2,"=""u37""","=""""",
Co,2,"=""191.5856""","=""0.0012""","=""191.585357""","=""0.000011""","=""340""","=""1.2e+07""",D,"=""47039.105""","=""99235.161""","=""3d7.(4F).4p""","=""z 5D*""","=""3""","=""3d7.(4P).5s""","=""5P""","=""2""",7,5,,"=""T6999""","=""L4687c119""",
Co,3,"=""191.61029""","=""0.00005""","=""191.61030""","=""0.00005""","=""1600""","=""4.8e+08""",C+,"=""112108.471""","=""164297.733""","=""3d6.(3F1).4s""","=""d 2F""","=""5/2""","=""3d6.(3F1).4p""","=""u 2G*""","=""7/2""",6,8,,"=""u37""","=""L19543c139""",
Co,3,"=""191.73118""","=""0.00011""","=""191.73111""","=""0.00005""","=""940""","=""8.e+07""",E,"=""79426.563""","=""131582.939""","=""3d6.(3F2).4s""","=""b 2F""","=""5/2""","=""3d6.(3G).4p""","=""x 4G*""","=""7/2""",6,8,,"=""u37""","=""L19543c139""",
Co,2,"=""191.763100""","=""0.000015""","=""191.763096""","=""0.000008""","=""4700""","=""2.4e+07""",D,"=""13260.688""","=""65408.365""","=""3d8""","=""a 3P""","=""2""","=""3d7.(2P).4p""","=""z 3P*""","=""2""",5,5,,"=""T6999""","=""L9429c118""",
Co,2,"=""191.910330""","=""0.000016""","=""191.910327""","=""0.000022""","=""970""","=""1.2e+07""",E,"=""13404.321""","=""65511.991""","=""3d8""","=""a 3P""","=""1""","=""3d7.(4P).4p""","=""y 3P*""","=""0""",3,1,,"=""T6999""","=""L9429c118""",
Co,3,"=""191.91191""","=""0.00003""","=""191.91188""","=""0.00003""","=""34000bl(Co II)""","=""1.9e+08""",C+,"=""46438.883""","=""98546.132""","=""3d6.(5D).4s""","=""a 6D""","=""9/2""","=""3d6.(5D).4p""","=""z 6D*""","=""7/2""",10,8,,"=""u37""","=""L19543c139,c153""",
Co,3,"=""191.99779""","=""0.00023""","=""191.99737""","=""0.00004""","=""230""","=""1.4e+07""",D+,"=""77624.280""","=""129708.327""","=""3d6.(3H).4s""","=""b 2H""","=""9/2""","=""3d6.(3F2).4p""","=""y 4G*""","=""7/2""",10,8,,"=""u37""","=""L19543c139""",
Co,2,"=""192.071440""","=""0.000015""","=""192.071441""","=""0.000015""","=""1900""","=""8.e+06""",D,"=""13593.288""","=""65657.249""","=""3d8""","=""a 3P""","=""0""","=""3d7.(4P).4p""","=""y 3P*""","=""1""",1,3,,"=""T6999""","=""L9429c118""",
Co,3,"=""192.1984""","=""0.0005""","=""192.19808""","=""0.00003""","=""130""","=""6.2e+06""",D+,"=""56373.944""","=""108403.600""","=""3d6.(5D).4s""","=""a 4D""","=""5/2""","=""3d6.(5D).4p""","=""z 4F*""","=""3/2""",6,4,,"=""u37""","=""L19543c140""",
Co,2,"=""192.2531""","=""0.0009""","=""192.251514""","=""0.000015""","=""2400""","=""9.e+06""",D,"=""47537.365""","=""99552.560""","=""3d7.(4F).4p""","=""z 5D*""","=""2""","=""3d7.(4P).5s""","=""5P""","=""1""",5,3,,"=""T6999""","=""L4687c119""",
Co,2,"=""192.25628""","=""0.00004""","=""192.256245""","=""0.000015""","=""1800""","=""6.e+06""",D,"=""11651.277""","=""63665.192""","=""3d8""","=""a 1D""","=""2""","=""3d7.(4P).4p""","=""z 5P*""","=""1""",5,3,,"=""T6999""","=""L9429c118""",
Co,2,"=""192.292750""","=""0.000016""","=""192.292738""","=""0.000015""","=""1900""","=""9.e+06""",D,"=""13404.321""","=""65408.365""","=""3d8""","=""a 3P""","=""1""","=""3d7.(2P).4p""","=""z 3P*""","=""2""",3,5,,"=""T6999""","=""L9429c118""",
Co,2,"=""192.3679""","=""0.0012""","=""192.369017""","=""0.000011""","=""330""","=""4.6e+06""",D,"=""47039.105""","=""99022.528""","=""3d7.(4F).4p""","=""z 5D*""","=""3""","=""3d7.(4P).5s""","=""5P""","=""3""",7,7,,"=""T6999""","=""L4687c119""",
Co,3,"=""192.37876""","=""0.00025""","=""192.3781""","=""0.0003""","=""400""","=""3.2e+07""",D+,"=""112111.42""","=""164092.38""","=""3d6.(3F1).4s""","=""d 2F""","=""7/2""","=""3d6.(3P1).4p""","=""w 4P*""","=""5/2""",8,6,,"=""u37""","=""L19543c139""",
Co,3,"=""""","=""""","=""192.4181""","=""0.0005""","=""""","=""4.9e+00""",C,"=""37317.85""","=""89288.021""","=""3d7""","=""a 2F""","=""7/2""","=""3d6.(3D).4s""","=""c 2D""","=""3/2""",8,4,E2,"=""u37""","=""""",
Co,3,"=""192.4523""","=""0.0004""","=""192.4533""","=""0.0003""","=""1100""","=""2.8e+08""",C,"=""91716.45""","=""143677.12""","=""3d6.(1D2).4s""","=""d 2D""","=""5/2""","=""3d6.(1D2).4p""","=""x 2P*""","=""3/2""",6,4,,"=""u37""","=""L19543c139""",
Co,3,"=""192.5254""","=""0.0004""","=""192.52578""","=""0.00006""","=""550""","=""2.1e+07""",D+,"=""73287.242""","=""125228.339""","=""3d6.(3F2).4s""","=""b 4F""","=""9/2""","=""3d6.(3H).4p""","=""z 4G*""","=""7/2""",10,8,,"=""u37""","=""L19543c139""",
Co,2,"=""192.54567""","=""0.00005""","=""192.545745""","=""0.000011""","=""370""","=""6.e+05""",E,"=""11651.277""","=""63586.987""","=""3d8""","=""a 1D""","=""2""","=""3d7.(4P).4p""","=""y 3D*""","=""3""",5,7,,"=""T6999""","=""L9429c118""",
Co,3,"=""192.5544""","=""0.0003""","=""192.55558""","=""0.00006""","=""520bl(Co III)""","=""9.e+06""",D+,"=""77624.280""","=""129557.337""","=""3d6.(3H).4s""","=""b 2H""","=""9/2""","=""3d6.(3F2).4p""","=""y 4G*""","=""11/2""",10,12,,"=""u37""","=""L19543c139,c153""",
Co,2,"=""192.62638""","=""0.00012""","=""192.626367""","=""0.000011""","=""480""","=""6.e+05""",E,"=""13260.688""","=""65174.661""","=""3d8""","=""a 3P""","=""2""","=""3d7.(2G).4p""","=""y 3G*""","=""3""",5,7,,"=""T6999""","=""L9429c118""",
Co,3,"=""192.71964""","=""0.00020""","=""192.71956""","=""0.00011""","=""1000""","=""2.3e+07""",D+,"=""85475.591""","=""137364.460""","=""3d6.(1I).4s""","=""a 2I""","=""13/2""","=""3d6.(1I).4p""","=""z 2K*""","=""13/2""",14,14,,"=""u37""","=""L19543c139""",
Co,3,"=""192.773714""","=""0.000023""","=""192.773708""","=""0.000022""","=""9700""","=""3.7e+08""",C+,"=""78928.889""","=""130803.183""","=""3d6.(3F2).4s""","=""b 2F""","=""7/2""","=""3d6.(3F2).4p""","=""y 2G*""","=""9/2""",8,10,,"=""u37""","=""L19543c139""",
Co,3,"=""192.847935""","=""0.000022""","=""192.847945""","=""0.000022""","=""8400""","=""3.3e+08""",C+,"=""79426.563""","=""131280.888""","=""3d6.(3F2).4s""","=""b 2F""","=""5/2""","=""3d6.(3F2).4p""","=""y 2G*""","=""7/2""",6,8,,"=""u37""","=""L19543c139""",
Co,3,"=""192.857085""","=""0.000020""","=""192.857090""","=""0.000019""","=""110000""","=""5.1e+08""",C+,"=""46438.883""","=""98290.749""","=""3d6.(5D).4s""","=""a 6D""","=""9/2""","=""3d6.(5D).4p""","=""z 6D*""","=""9/2""",10,10,,"=""u37""","=""L19543c139""",
Co,3,"=""192.87999""","=""0.00003""","=""192.87999""","=""0.00003""","=""25000""","=""5.3e+08""",C+,"=""85518.751""","=""137364.460""","=""3d6.(1I).4s""","=""a 2I""","=""11/2""","=""3d6.(1I).4p""","=""z 2K*""","=""13/2""",12,14,,"=""u37""","=""L19543c139""",
Co,3,"=""192.94197""","=""0.00015""","=""192.94196""","=""0.00004""","=""340""","=""1.7e+07""",D+,"=""73541.580""","=""125370.637""","=""3d6.(3F2).4s""","=""b 4F""","=""7/2""","=""3d6.(3H).4p""","=""z 4G*""","=""5/2""",8,6,,"=""u37""","=""L19543c139""",
Co,3,"=""192.975985""","=""0.000022""","=""192.975994""","=""0.000019""","=""39000""","=""3.0e+08""",C+,"=""47003.724""","=""98823.641""","=""3d6.(5D).4s""","=""a 6D""","=""7/2""","=""3d6.(5D).4p""","=""z 6D*""","=""5/2""",8,6,,"=""u37""","=""L19543c139""",
Co,3,"=""193.04778""","=""0.00006""","=""193.04785""","=""0.00003""","=""3000""","=""4.1e+07""",D+,"=""55729.463""","=""107530.093""","=""3d6.(5D).4s""","=""a 4D""","=""7/2""","=""3d6.(5D).4p""","=""z 4F*""","=""7/2""",8,8,,"=""u37""","=""L19543c139""",
Co,3,"=""193.27511""","=""0.00013""","=""193.27500""","=""0.00004""","=""440bl(Ne)*""","=""2.0e+06""",D+,"=""76520.408""","=""128260.156""","=""3d6.(3G).4s""","=""a 4G""","=""11/2""","=""3d6.(3H).4p""","=""z 2I*""","=""11/2""",12,12,,"=""u37""","=""L19543c139,c153""",
Co,3,"=""193.27511""","=""0.00013""","=""193.27507""","=""0.00019""","=""440bl(Ne)*""","=""2.8e+08""",C+,"=""112111.42""","=""163851.15""","=""3d6.(3F1).4s""","=""d 2F""","=""7/2""","=""3d6.(3F1).4p""","=""u 2D*""","=""5/2""",8,6,,"=""u37""","=""L19543c139""",
Co,3,"=""193.29657""","=""0.00022""","=""193.29687""","=""0.00006""","=""130""","=""1.2e+07""",D+,"=""76792.604""","=""128526.498""","=""3d6.(3P2).4s""","=""b 2P""","=""3/2""","=""3d6.(3F2).4p""","=""x 4D*""","=""5/2""",4,6,,"=""u37""","=""L19543c139""",
Co,3,"=""193.32432""","=""0.00013""","=""193.32441""","=""0.00004""","=""2400""","=""6.9e+07""",C,"=""73287.242""","=""125013.768""","=""3d6.(3F2).4s""","=""b 4F""","=""9/2""","=""3d6.(3H).4p""","=""z 4G*""","=""9/2""",10,10,,"=""u37""","=""L19543c139""",
Co,2,"=""193.36363""","=""0.00007""","=""193.363547""","=""0.000022""","=""510""","=""1.0e+06""",E,"=""11651.277""","=""63367.333""","=""3d8""","=""a 1D""","=""2""","=""3d7.(4P).4p""","=""z 5P*""","=""2""",5,5,,"=""T6999""","=""L9429c118""",
Co,2,"=""193.4091""","=""0.0012""","=""193.409460""","=""0.000015""","=""330""","=""1.3e+07""",D,"=""47848.781""","=""99552.560""","=""3d7.(4F).4p""","=""z 5D*""","=""1""","=""3d7.(4P).5s""","=""5P""","=""1""",3,3,,"=""T6999""","=""L4687c119""",
Co,3,"=""193.42693""","=""0.00006""","=""193.42693""","=""0.00006""","=""2200""","=""4.7e+08""",C+,"=""112111.42""","=""163810.53""","=""3d6.(3F1).4s""","=""d 2F""","=""7/2""","=""3d6.(3F1).4p""","=""u 2G*""","=""9/2""",8,10,,"=""u37""","=""L19543c139""",
Co,3,"=""193.47312""","=""0.00005""","=""193.47315""","=""0.00004""","=""2600""","=""9.5e+07""",C,"=""73541.580""","=""125228.339""","=""3d6.(3F2).4s""","=""b 4F""","=""7/2""","=""3d6.(3H).4p""","=""z 4G*""","=""7/2""",8,8,,"=""u37""","=""L19543c139""",
Co,3,"=""193.50234""","=""0.00003""","=""193.502335""","=""0.000022""","=""5500""","=""9.9e+07""",C,"=""56373.944""","=""108052.907""","=""3d6.(5D).4s""","=""a 4D""","=""5/2""","=""3d6.(5D).4p""","=""z 4F*""","=""5/2""",6,6,,"=""u37""","=""L19543c139""",
Co,2,"=""193.59608""","=""0.00004""","=""193.596067""","=""0.000008""","=""380""","=""5.e+05""",E,"=""13260.688""","=""64914.630""","=""3d8""","=""a 3P""","=""2""","=""3d7.(4P).4p""","=""y 3P*""","=""2""",5,5,,"=""T6999""","=""L9429c118""",
Co,3,"=""193.63829""","=""0.00006""","=""193.63827""","=""0.00004""","=""1800""","=""8.2e+07""",C,"=""73727.954""","=""125370.637""","=""3d6.(3F2).4s""","=""b 4F""","=""5/2""","=""3d6.(3H).4p""","=""z 4G*""","=""5/2""",6,6,,"=""u37""","=""L19543c139""",
Co,3,"=""193.67786""","=""0.00010""","=""193.67773""","=""0.00006""","=""1100""","=""1.12e+08""",C,"=""76792.604""","=""128424.767""","=""3d6.(3P2).4s""","=""b 2P""","=""3/2""","=""3d6.(3P2).4p""","=""y 4D*""","=""3/2""",4,4,,"=""u37""","=""L19543c139""",
Co,3,"=""193.693688""","=""0.000021""","=""193.693709""","=""0.000019""","=""33000""","=""3.8e+08""",C+,"=""47416.016""","=""99043.919""","=""3d6.(5D).4s""","=""a 6D""","=""5/2""","=""3d6.(5D).4p""","=""z 6D*""","=""3/2""",6,4,,"=""u37""","=""L19543c139""",
Co,2,"=""193.707650""","=""0.000016""","=""193.707636""","=""0.000015""","=""1600""","=""2.7e+07""",D,"=""13404.321""","=""65028.512""","=""3d8""","=""a 3P""","=""1""","=""3d7.(2P).4p""","=""z 3P*""","=""1""",3,3,,"=""T6999""","=""L9429c118""",
Co,3,"=""193.76590""","=""0.00003""","=""193.765934""","=""0.000023""","=""4800""","=""1.3e+08""",C,"=""56794.941""","=""108403.600""","=""3d6.(5D).4s""","=""a 4D""","=""3/2""","=""3d6.(5D).4p""","=""z 4F*""","=""3/2""",4,4,,"=""u37""","=""L19543c139""",
Co,3,"=""193.8226""","=""0.0005""","=""193.82250""","=""0.00009""","=""37""","=""9.e+06""",D+,"=""72343.066""","=""123936.664""","=""3d6.(3P2).4s""","=""b 4P""","=""3/2""","=""3d6.(3P2).4p""","=""z 4S*""","=""3/2""",4,4,,"=""u37""","=""L19543c140""",
Co,3,"=""194.014993""","=""0.000021""","=""194.014994""","=""0.000019""","=""45000""","=""2.6e+08""",C+,"=""47003.724""","=""98546.132""","=""3d6.(5D).4s""","=""a 6D""","=""7/2""","=""3d6.(5D).4p""","=""z 6D*""","=""7/2""",8,8,,"=""u37""","=""L19543c139""",
Co,2,"=""194.0395""","=""0.0012""","=""194.039412""","=""0.000011""","=""330""","=""5.3e+06""",D,"=""49697.683""","=""101233.605""","=""3d7.(4F).4p""","=""z 3F*""","=""4""","=""3d7.(2G).5s""","=""f 3G""","=""5""",9,11,,"=""T6999""","=""L4687c119""",
Co,3,"=""194.0669""","=""0.0005""","=""194.06673""","=""0.00011""","=""490""","=""1.8e+07""",D+,"=""86285.104""","=""137813.771""","=""3d6.(1G2).4s""","=""c 2G""","=""9/2""","=""3d6.(3G).4p""","=""x 2G*""","=""7/2""",10,8,,"=""u37""","=""L19543c140""",
Co,2,"=""194.128520""","=""0.000015""","=""194.128513""","=""0.000008""","=""21000""","=""7.7e+07""",B,"=""0.000""","=""51512.268""","=""3d8""","=""a 3F""","=""4""","=""3d7.(4F).4p""","=""z 3D*""","=""3""",9,7,,"=""T6881""","=""L9429c118""",
Co,2,"=""194.13603""","=""0.00003""","=""194.135896""","=""0.000015""","=""380""","=""1.6e+06""",E,"=""13404.321""","=""64914.630""","=""3d8""","=""a 3P""","=""1""","=""3d7.(4P).4p""","=""y 3P*""","=""2""",3,5,,"=""T6999""","=""L9429c118""",
Co,3,"=""194.14605""","=""0.00008""","=""194.14607""","=""0.00005""","=""4100""","=""1.8e+08""",C+,"=""73863.028""","=""125370.637""","=""3d6.(3F2).4s""","=""b 4F""","=""3/2""","=""3d6.(3H).4p""","=""z 4G*""","=""5/2""",4,6,,"=""u37""","=""L19543c139""",
Co,3,"=""194.17294""","=""0.00003""","=""194.1728""","=""0.0005""","=""5100*""","=""1.18e+08""",C,"=""89288.021""","=""140788.54""","=""3d6.(3D).4s""","=""c 2D""","=""3/2""","=""3d6.(1G2).4p""","=""x 2F*""","=""5/2""",4,6,,"=""u37""","=""L19543c139,c153""",
Co,3,"=""194.17294""","=""0.00003""","=""194.17331""","=""0.00006""","=""5100*""","=""1.47e+08""",C+,"=""73727.954""","=""125228.339""","=""3d6.(3F2).4s""","=""b 4F""","=""5/2""","=""3d6.(3H).4p""","=""z 4G*""","=""7/2""",6,8,,"=""u37""","=""L19543c139,c153""",
Co,2,"=""194.2283""","=""0.0012""","=""194.230715""","=""0.000019""","=""940bl""","=""8.e+05""",E,"=""47537.365""","=""99022.528""","=""3d7.(4F).4p""","=""z 5D*""","=""2""","=""3d7.(4P).5s""","=""5P""","=""3""",5,7,,"=""T6999""","=""L4687c119""",
Co,2,"=""194.23581""","=""0.00002""","=""194.235815""","=""0.000011""","=""820""","=""7.e+06""",D,"=""18973.727""","=""70457.538""","=""3d8""","=""a 1G""","=""4""","=""3d7.(2D2).4p""","=""x 3F*""","=""3""",9,7,,"=""T6999""","=""L9429c118""",
Co,3,"=""194.236919""","=""0.000023""","=""194.23572""","=""0.00006""","=""21000*""","=""5.7e+06""",D+,"=""79426.563""","=""130910.399""","=""3d6.(3F2).4s""","=""b 2F""","=""5/2""","=""3d6.(3P2).4p""","=""z 2P*""","=""3/2""",6,4,,"=""u37""","=""L19543c139,c153""",
Co,3,"=""194.236919""","=""0.000023""","=""194.23695""","=""0.00005""","=""21000*""","=""4.5e+08""",C,"=""47699.261""","=""99182.770""","=""3d6.(5D).4s""","=""a 6D""","=""3/2""","=""3d6.(5D).4p""","=""z 6D*""","=""1/2""",4,2,,"=""u37""","=""L19543c139,c153""",
Co,3,"=""194.24960""","=""0.00005""","=""194.24961""","=""0.00005""","=""5600""","=""1.40e+08""",C+,"=""73287.242""","=""124767.396""","=""3d6.(3F2).4s""","=""b 4F""","=""9/2""","=""3d6.(3H).4p""","=""z 4G*""","=""11/2""",10,12,,"=""u37""","=""L19543c139""",
Co,3,"=""194.27967""","=""0.00003""","=""194.279676""","=""0.000023""","=""4600""","=""1.30e+08""",C+,"=""73541.580""","=""125013.768""","=""3d6.(3F2).4s""","=""b 4F""","=""7/2""","=""3d6.(3H).4p""","=""z 4G*""","=""9/2""",8,10,,"=""u37""","=""L19543c139""",
Co,2,"=""194.419330""","=""0.000018""","=""194.419295""","=""0.000019""","=""820""","=""1.3e+07""",D,"=""13593.288""","=""65028.512""","=""3d8""","=""a 3P""","=""0""","=""3d7.(2P).4p""","=""z 3P*""","=""1""",1,3,,"=""T6999""","=""L9429c118""",
Co,3,"=""194.52369""","=""0.00003""","=""194.523672""","=""0.000023""","=""13000""","=""1.00e+08""",C,"=""47416.016""","=""98823.641""","=""3d6.(5D).4s""","=""a 6D""","=""5/2""","=""3d6.(5D).4p""","=""z 6D*""","=""5/2""",6,6,,"=""u37""","=""L19543c139""",
Co,2,"=""194.6029""","=""0.0012""","=""194.604095""","=""0.000015""","=""470""","=""2.8e+06""",D,"=""47848.781""","=""99235.161""","=""3d7.(4F).4p""","=""z 5D*""","=""1""","=""3d7.(4P).5s""","=""5P""","=""2""",3,5,,"=""T6999""","=""L4687c119""",
Co,3,"=""194.679402""","=""0.000021""","=""194.679385""","=""0.000019""","=""15000""","=""3.9e+08""",C+,"=""57037.093""","=""108403.600""","=""3d6.(5D).4s""","=""a 4D""","=""1/2""","=""3d6.(5D).4p""","=""z 4F*""","=""3/2""",2,4,,"=""u37""","=""L19543c139""",
Co,3,"=""194.7622""","=""0.0003""","=""194.76223""","=""0.00003""","=""670""","=""8.e+06""",D+,"=""47699.261""","=""99043.919""","=""3d6.(5D).4s""","=""a 6D""","=""3/2""","=""3d6.(5D).4p""","=""z 6D*""","=""3/2""",4,4,,"=""u37""","=""L19543c139""",
Co,3,"=""194.8075""","=""0.0005""","=""194.80675""","=""0.00006""","=""62""","=""7.e+05""",D,"=""77473.535""","=""128806.458""","=""3d6.(3G).4s""","=""a 4G""","=""5/2""","=""3d6.(3F2).4p""","=""x 4D*""","=""3/2""",6,4,,"=""u37""","=""L19543c140""",
Co,3,"=""194.86563""","=""0.00004""","=""194.86563""","=""0.00004""","=""4600""","=""1.1e+08""",D+,"=""47865.356""","=""99182.770""","=""3d6.(5D).4s""","=""a 6D""","=""1/2""","=""3d6.(5D).4p""","=""z 6D*""","=""1/2""",2,2,,"=""u37""","=""L19543c139""",
Co,3,"=""194.89993""","=""0.00012""","=""194.89983""","=""0.00011""","=""890""","=""2.9e+08""",C,"=""89288.021""","=""140596.43""","=""3d6.(3D).4s""","=""c 2D""","=""3/2""","=""3d6.(3D).4p""","=""y 2P*""","=""1/2""",4,2,,"=""u37""","=""L19543c139""",
Co,3,"=""194.95314""","=""0.00006""","=""194.95337""","=""0.00005""","=""1800""","=""1.3e+08""",C,"=""76792.604""","=""128086.920""","=""3d6.(3P2).4s""","=""b 2P""","=""3/2""","=""3d6.(3P2).4p""","=""y 4D*""","=""5/2""",4,6,,"=""u37""","=""L19543c139,c153""",
Co,3,"=""194.98109""","=""0.00003""","=""194.98109""","=""0.00003""","=""14000""","=""6.3e+07""",C,"=""47003.724""","=""98290.749""","=""3d6.(5D).4s""","=""a 6D""","=""7/2""","=""3d6.(5D).4p""","=""z 6D*""","=""9/2""",8,10,,"=""u37""","=""L19543c139""",
Co,2,"=""195.010090""","=""0.000015""","=""195.010078""","=""0.000011""","=""16000""","=""7.4e+07""",B,"=""950.324""","=""52229.725""","=""3d8""","=""a 3F""","=""3""","=""3d7.(4F).4p""","=""z 3D*""","=""2""",7,5,,"=""T6881""","=""L9429c118""",
Co,3,"=""195.0637""","=""0.0010""","=""195.0631""","=""0.0006""","=""290""","=""2.9e+08""",C+,"=""112108.471""","=""163373.94""","=""3d6.(3F1).4s""","=""d 2F""","=""5/2""","=""3d6.(3F1).4p""","=""u 2D*""","=""3/2""",6,4,,"=""u37""","=""L6156c164""",
Co,3,"=""195.091622""","=""0.000020""","=""195.091627""","=""0.000019""","=""24000""","=""4.2e+08""",C+,"=""56794.941""","=""108052.907""","=""3d6.(5D).4s""","=""a 4D""","=""3/2""","=""3d6.(5D).4p""","=""z 4F*""","=""5/2""",4,6,,"=""u37""","=""L19543c139""",
Co,3,"=""195.098001""","=""0.000025""","=""195.098010""","=""0.000023""","=""5600""","=""2.4e+08""",C+,"=""78928.889""","=""130185.178""","=""3d6.(3F2).4s""","=""b 2F""","=""7/2""","=""3d6.(3F2).4p""","=""z 2F*""","=""7/2""",8,8,,"=""u37""","=""L19543c139""",
Co,3,"=""195.21585""","=""0.00003""","=""195.215876""","=""0.000023""","=""4900""","=""1.18e+08""",C,"=""55729.463""","=""106954.805""","=""3d6.(5D).4s""","=""a 4D""","=""7/2""","=""3d6.(5D).4p""","=""z 4D*""","=""5/2""",8,6,,"=""u37""","=""L19543c139""",
Co,2,"=""195.307920""","=""0.000019""","=""195.307900""","=""0.000019""","=""620""","=""3.3e+07""",D,"=""13404.321""","=""64605.527""","=""3d8""","=""a 3P""","=""1""","=""3d7.(2P).4p""","=""z 3P*""","=""0""",3,1,,"=""T6999""","=""L9429c118""",
Co,3,"=""195.394327""","=""0.000023""","=""195.394310""","=""0.000023""","=""14000""","=""1.7e+08""",C,"=""47865.356""","=""99043.919""","=""3d6.(5D).4s""","=""a 6D""","=""1/2""","=""3d6.(5D).4p""","=""z 6D*""","=""3/2""",2,4,,"=""u37""","=""L19543c139""",
Co,3,"=""195.479924""","=""0.000020""","=""195.479922""","=""0.000019""","=""36000""","=""4.7e+08""",C+,"=""56373.944""","=""107530.093""","=""3d6.(5D).4s""","=""a 4D""","=""5/2""","=""3d6.(5D).4p""","=""z 4F*""","=""7/2""",6,8,,"=""u37""","=""L19543c139""",
Co,3,"=""195.488304""","=""0.000022""","=""195.488313""","=""0.000019""","=""11000""","=""1.56e+08""",C+,"=""76520.408""","=""127674.361""","=""3d6.(3G).4s""","=""a 4G""","=""11/2""","=""3d6.(3H).4p""","=""z 2I*""","=""13/2""",12,14,,"=""u37""","=""L19543c139""",
Co,2,"=""195.5471""","=""0.0012""","=""195.550457""","=""0.000011""","=""320""","=""1.5e+06""",D,"=""22009.344""","=""73147.041""","=""3d7.(2G).4s""","=""a 3G""","=""4""","=""3d7.(2H).4p""","=""y 1G*""","=""4""",9,9,,"=""T6999""","=""L4687c119""",
Co,3,"=""195.55069""","=""0.00003""","=""195.55069""","=""0.00003""","=""4100""","=""6.6e+07""",C,"=""77122.520""","=""128260.156""","=""3d6.(3G).4s""","=""a 4G""","=""9/2""","=""3d6.(3H).4p""","=""z 2I*""","=""11/2""",10,12,,"=""u37""","=""L19543c139""",
Co,3,"=""195.579449""","=""0.000022""","=""195.579451""","=""0.000019""","=""21000""","=""1.17e+08""",C,"=""47416.016""","=""98546.132""","=""3d6.(5D).4s""","=""a 6D""","=""5/2""","=""3d6.(5D).4p""","=""z 6D*""","=""7/2""",6,8,,"=""u37""","=""L19543c139""",
Co,3,"=""195.601385""","=""0.000021""","=""195.601394""","=""0.000019""","=""20000""","=""1.6e+08""",C,"=""47699.261""","=""98823.641""","=""3d6.(5D).4s""","=""a 6D""","=""3/2""","=""3d6.(5D).4p""","=""z 6D*""","=""5/2""",4,6,,"=""u37""","=""L19543c139""",
Co,2,"=""195.742860""","=""0.000015""","=""195.742840""","=""0.000011""","=""11000""","=""9.6e+07""",B,"=""1597.197""","=""52684.634""","=""3d8""","=""a 3F""","=""2""","=""3d7.(4F).4p""","=""z 3D*""","=""1""",5,3,,"=""T6881""","=""L9429c118""",
Co,3,"=""195.85871""","=""0.00005""","=""195.85872""","=""0.00005""","=""2100""","=""3.1e+08""",C+,"=""89517.135""","=""140574.345""","=""3d6.(3D).4s""","=""c 2D""","=""5/2""","=""3d6.(3D).4p""","=""y 2P*""","=""3/2""",6,4,,"=""u37""","=""L19543c139""",
Co,3,"=""195.941778""","=""0.000020""","=""195.941779""","=""0.000019""","=""49000""","=""5.1e+08""",C+,"=""55729.463""","=""106765.031""","=""3d6.(5D).4s""","=""a 4D""","=""7/2""","=""3d6.(5D).4p""","=""z 4F*""","=""9/2""",8,10,,"=""u37""","=""L19543c139""",
Co,3,"=""196.14473""","=""0.00004""","=""196.14473""","=""0.00004""","=""2900""","=""1.5e+08""",E,"=""79426.563""","=""130409.325""","=""3d6.(3F2).4s""","=""b 2F""","=""5/2""","=""3d6.(3F2).4p""","=""z 2F*""","=""5/2""",6,6,,"=""u37""","=""L19543c139""",
Co,3,"=""196.2659""","=""0.0005""","=""196.26611""","=""0.00008""","=""54""","=""7.e+06""",D+,"=""77473.535""","=""128424.767""","=""3d6.(3G).4s""","=""a 4G""","=""5/2""","=""3d6.(3P2).4p""","=""y 4D*""","=""3/2""",6,4,,"=""u37""","=""L19543c140""",
Co,3,"=""196.37435""","=""0.00003""","=""196.374352""","=""0.000023""","=""5200""","=""2.0e+08""",C,"=""56373.944""","=""107297.091""","=""3d6.(5D).4s""","=""a 4D""","=""5/2""","=""3d6.(5D).4p""","=""z 4D*""","=""3/2""",6,4,,"=""u37""","=""L19543c139""",
Co,3,"=""196.4758""","=""0.0006""","=""196.47585""","=""0.00006""","=""330""","=""1.6e+07""",D+,"=""77122.520""","=""128019.360""","=""3d6.(3G).4s""","=""a 4G""","=""9/2""","=""3d6.(3F2).4p""","=""x 4D*""","=""7/2""",10,8,,"=""u37""","=""L19543c139""",
Co,3,"=""196.5897""","=""0.0005""","=""196.58960""","=""0.00012""","=""50""","=""9.e+06""",D+,"=""89517.135""","=""140384.526""","=""3d6.(3D).4s""","=""c 2D""","=""5/2""","=""3d6.(1G2).4p""","=""w 2G*""","=""7/2""",6,8,,"=""u37""","=""L19543c140""",
Co,3,"=""196.66758""","=""0.00020""","=""196.66766""","=""0.00004""","=""450""","=""1.1e+07""",D+,"=""77412.954""","=""128260.156""","=""3d6.(3H).4s""","=""b 2H""","=""11/2""","=""3d6.(3H).4p""","=""z 2I*""","=""11/2""",12,12,,"=""u37""","=""L19543c139""",
Co,2,"=""196.89380""","=""0.00002""","=""196.893799""","=""0.000016""","=""1400""","=""1.8e+07""",D,"=""11651.277""","=""62440.078""","=""3d8""","=""a 1D""","=""2""","=""3d7.(4P).4p""","=""z 3S*""","=""1""",5,3,,"=""T6999""","=""L9429c118""",
Co,3,"=""196.92976""","=""0.00016""","=""196.93010""","=""0.00004""","=""980""","=""4.7e+07""",D+,"=""78928.889""","=""129708.327""","=""3d6.(3F2).4s""","=""b 2F""","=""7/2""","=""3d6.(3F2).4p""","=""y 4G*""","=""7/2""",8,8,,"=""u37""","=""L19543c139""",
Co,3,"=""197.005662""","=""0.000021""","=""197.005668""","=""0.000019""","=""24000""","=""4.4e+08""",C+,"=""55729.463""","=""106489.424""","=""3d6.(5D).4s""","=""a 4D""","=""7/2""","=""3d6.(5D).4p""","=""z 4D*""","=""7/2""",8,8,,"=""u37""","=""L19543c139""",
Co,3,"=""197.18885""","=""0.00003""","=""197.18885""","=""0.00003""","=""3200""","=""2.6e+08""",C,"=""56794.941""","=""107507.748""","=""3d6.(5D).4s""","=""a 4D""","=""3/2""","=""3d6.(5D).4p""","=""z 4D*""","=""1/2""",4,2,,"=""u37""","=""L19543c139""",
Co,3,"=""197.2283""","=""0.0005""","=""197.22845""","=""0.00006""","=""16""","=""1.7e+06""",D,"=""77384.2947""","=""128086.920""","=""3d6.(3G).4s""","=""a 4G""","=""7/2""","=""3d6.(3P2).4p""","=""y 4D*""","=""5/2""",8,6,,"=""u37""","=""L19543c140""",
Co,3,"=""197.2527""","=""0.0005""","=""197.25216""","=""0.00012""","=""100""","=""4.1e+05""",D,"=""89517.135""","=""140213.664""","=""3d6.(3D).4s""","=""c 2D""","=""5/2""","=""3d6.(3D).4p""","=""w 4D*""","=""5/2""",6,6,,"=""u37""","=""L19543c140""",
Co,3,"=""197.3082""","=""0.0005""","=""197.30786""","=""0.00016""","=""130bl""","=""1.5e+07""",D+,"=""89288.021""","=""139970.24""","=""3d6.(3D).4s""","=""c 2D""","=""3/2""","=""3d6.(3D).4p""","=""w 4D*""","=""3/2""",4,4,,"=""u37""","=""L19543c140,c153""",
Co,3,"=""197.36686""","=""0.00014""","=""197.36674""","=""0.00006""","=""550""","=""3.5e+07""",D+,"=""76792.604""","=""127459.702""","=""3d6.(3P2).4s""","=""b 2P""","=""3/2""","=""3d6.(3P2).4p""","=""z 2D*""","=""3/2""",4,4,,"=""u37""","=""L19543c139""",
Co,3,"=""197.37553""","=""0.00011""","=""197.37565""","=""0.00004""","=""810""","=""4.1e+07""",C,"=""78928.889""","=""129593.700""","=""3d6.(3F2).4s""","=""b 2F""","=""7/2""","=""3d6.(3F2).4p""","=""y 4G*""","=""9/2""",8,10,,"=""u37""","=""L19543c139""",
Co,3,"=""197.488229""","=""0.000020""","=""197.48844""","=""0.00004""","=""22000""","=""4.2e+08""",C+,"=""77624.280""","=""128260.156""","=""3d6.(3H).4s""","=""b 2H""","=""9/2""","=""3d6.(3H).4p""","=""z 2I*""","=""11/2""",10,12,,"=""u37""","=""L19543c139,c153""",
Co,2,"=""197.50151""","=""0.00006""","=""197.501495""","=""0.000012""","=""460""","=""1.7e+06""",E,"=""1597.197""","=""52229.725""","=""3d8""","=""a 3F""","=""2""","=""3d7.(4F).4p""","=""z 3D*""","=""2""",5,5,,"=""T6999""","=""L9429c118""",
Co,3,"=""197.703256""","=""0.000022""","=""197.703238""","=""0.000020""","=""12000""","=""3.0e+08""",C+,"=""56373.944""","=""106954.805""","=""3d6.(5D).4s""","=""a 4D""","=""5/2""","=""3d6.(5D).4p""","=""z 4D*""","=""5/2""",6,6,,"=""u37""","=""L19543c139""",
Co,3,"=""197.7459""","=""0.0003""","=""197.7459""","=""0.0003""","=""420""","=""1.09e+08""",C,"=""105130.92""","=""155700.88""","=""3d6.(3P1).4s""","=""c 4P""","=""1/2""","=""3d6.(3P1).4p""","=""v 4D*""","=""3/2""",2,4,,"=""u37""","=""L19543c139""",
Co,3,"=""197.8421""","=""0.0005""","=""197.84028""","=""0.00007""","=""78""","=""1.4e+06""",D+,"=""77473.535""","=""128019.360""","=""3d6.(3G).4s""","=""a 4G""","=""5/2""","=""3d6.(3F2).4p""","=""x 4D*""","=""7/2""",6,8,,"=""u37""","=""L19543c140,c153""",
Co,3,"=""197.89493""","=""0.00004""","=""197.894928""","=""0.000023""","=""4400""","=""1.10e+08""",C,"=""76520.408""","=""127052.274""","=""3d6.(3G).4s""","=""a 4G""","=""11/2""","=""3d6.(3H).4p""","=""z 2G*""","=""9/2""",12,10,,"=""u37""","=""L19543c139""",
Co,3,"=""198.011382""","=""0.000025""","=""198.011372""","=""0.000020""","=""5300""","=""2.1e+08""",C,"=""56794.941""","=""107297.091""","=""3d6.(5D).4s""","=""a 4D""","=""3/2""","=""3d6.(5D).4p""","=""z 4D*""","=""3/2""",4,4,,"=""u37""","=""L19543c139""",
Co,3,"=""198.13491""","=""0.00008""","=""198.13494""","=""0.00004""","=""3100""","=""2.4e+08""",C,"=""57037.093""","=""107507.748""","=""3d6.(5D).4s""","=""a 4D""","=""1/2""","=""3d6.(5D).4p""","=""z 4D*""","=""1/2""",2,2,,"=""u37""","=""L19543c139""",
Co,2,"=""198.1736""","=""0.0012""","=""198.17344""","=""0.00003""","=""430""","=""2.1e+06""",E,"=""13404.321""","=""63865.170""","=""3d8""","=""a 3P""","=""1""","=""3d7.(4P).4p""","=""y 3D*""","=""1""",3,3,,"=""T6999""","=""L4687c119""",
Co,3,"=""198.1869""","=""0.0003""","=""198.18712""","=""0.00012""","=""120""","=""2.6e+06""",D+,"=""89288.021""","=""139745.388""","=""3d6.(3D).4s""","=""c 2D""","=""3/2""","=""3d6.(3D).4p""","=""w 4F*""","=""5/2""",4,6,,"=""u37""","=""L19543c139""",
Co,3,"=""198.2042""","=""0.0003""","=""198.20386""","=""0.00016""","=""270""","=""5.7e+07""",D+,"=""89517.135""","=""139970.24""","=""3d6.(3D).4s""","=""c 2D""","=""5/2""","=""3d6.(3D).4p""","=""w 4D*""","=""3/2""",6,4,,"=""u37""","=""L19543c139""",
Co,3,"=""198.2338""","=""0.0010""","=""198.23453""","=""0.00020""","=""320""","=""8.e+07""",D+,"=""89288.021""","=""139733.32""","=""3d6.(3D).4s""","=""c 2D""","=""3/2""","=""3d6.(3D).4p""","=""w 4D*""","=""1/2""",4,2,,"=""u37""","=""L6156c164""",
Co,2,"=""198.39501""","=""0.00002""","=""198.394969""","=""0.000012""","=""830""","=""1.2e+07""",D,"=""13260.688""","=""63665.192""","=""3d8""","=""a 3P""","=""2""","=""3d7.(4P).4p""","=""z 5P*""","=""1""",5,3,,"=""T6999""","=""L9429c118""",
Co,3,"=""198.4315""","=""0.0005""","=""198.43207""","=""0.00005""","=""500""","=""2.7e+07""",D+,"=""77624.280""","=""128019.360""","=""3d6.(3H).4s""","=""b 2H""","=""9/2""","=""3d6.(3F2).4p""","=""x 4D*""","=""7/2""",10,8,,"=""u37""","=""L19543c139""",
Co,2,"=""198.48447""","=""0.00009""","=""198.484673""","=""0.000012""","=""89""","=""6.8e+06""",D+,"=""0.000""","=""50381.724""","=""3d8""","=""a 3F""","=""4""","=""3d7.(4F).4p""","=""z 3F*""","=""3""",9,7,,"=""T6135""","=""L9429c118""",
Co,3,"=""198.5276""","=""0.0005""","=""198.52757""","=""0.00008""","=""95""","=""8.e+06""",D+,"=""78435.621""","=""128806.458""","=""3d6.(3P2).4s""","=""b 2P""","=""1/2""","=""3d6.(3F2).4p""","=""x 4D*""","=""3/2""",2,4,,"=""u37""","=""L19543c140""",
Co,2,"=""198.58887""","=""0.00004""","=""198.588820""","=""0.000008""","=""110""","=""5.e+05""",E,"=""13260.688""","=""63615.990""","=""3d8""","=""a 3P""","=""2""","=""3d7.(4P).4p""","=""y 3D*""","=""2""",5,5,,"=""T6999""","=""L9429c118""",
Co,3,"=""198.6432""","=""0.0005""","=""198.64370""","=""0.00016""","=""17""","=""2.1e+06""",D,"=""89288.021""","=""139629.411""","=""3d6.(3D).4s""","=""c 2D""","=""3/2""","=""3d6.(3D).4p""","=""w 4F*""","=""3/2""",4,4,,"=""u37""","=""L19543c140""",
Co,3,"=""198.6684""","=""0.0004""","=""198.6684""","=""0.0004""","=""190""","=""2.3e+08""",C,"=""105130.92""","=""155466.05""","=""3d6.(3P1).4s""","=""c 4P""","=""1/2""","=""3d6.(3P1).4p""","=""v 4D*""","=""1/2""",2,2,,"=""u37""","=""L19543c139""",
Co,2,"=""198.703280""","=""0.000017""","=""198.703266""","=""0.000008""","=""640""","=""3.8e+06""",D,"=""13260.688""","=""63586.987""","=""3d8""","=""a 3P""","=""2""","=""3d7.(4P).4p""","=""y 3D*""","=""3""",5,7,,"=""T6999""","=""L9429c118""",
Co,3,"=""198.71949""","=""0.00008""","=""198.71942""","=""0.00006""","=""1300""","=""1.1e+08""",E,"=""79426.563""","=""129748.771""","=""3d6.(3F2).4s""","=""b 2F""","=""5/2""","=""3d6.(3F2).4p""","=""y 4G*""","=""5/2""",6,6,,"=""u37""","=""L19543c139""",
Co,3,"=""198.79392""","=""0.00019""","=""198.79403""","=""0.00012""","=""530""","=""2.6e+07""",D+,"=""89517.135""","=""139820.457""","=""3d6.(3D).4s""","=""c 2D""","=""5/2""","=""3d6.(3D).4p""","=""w 4F*""","=""7/2""",6,8,,"=""u37""","=""L19543c139""",
Co,3,"=""198.8490""","=""0.0005""","=""198.84701""","=""0.00020""","=""110""","=""3.5e+06""",D+,"=""83791.34""","=""134081.259""","=""3d6.(3D).4s""","=""b 4D""","=""1/2""","=""3d6.(3F2).4p""","=""y 2D*""","=""3/2""",2,4,,"=""u37""","=""L19543c140,c153""",
Co,3,"=""198.8795""","=""0.0005""","=""198.87926""","=""0.00005""","=""220""","=""1.4e+07""",D+,"=""79426.563""","=""129708.327""","=""3d6.(3F2).4s""","=""b 2F""","=""5/2""","=""3d6.(3F2).4p""","=""y 4G*""","=""7/2""",6,8,,"=""u37""","=""L19543c140""",
Co,2,"=""198.91851""","=""0.00005""","=""198.91835""","=""0.00004""","=""170""","=""1.0e+06""",E,"=""13593.288""","=""63865.170""","=""3d8""","=""a 3P""","=""0""","=""3d7.(4P).4p""","=""y 3D*""","=""1""",1,3,,"=""T6999""","=""L9429c118""",
Co,3,"=""198.959801""","=""0.000020""","=""198.959810""","=""0.000016""","=""23000""","=""3.2e+08""",C+,"=""77412.954""","=""127674.361""","=""3d6.(3H).4s""","=""b 2H""","=""11/2""","=""3d6.(3H).4p""","=""z 2I*""","=""13/2""",12,14,,"=""u37""","=""L19543c139""",
Co,2,"=""198.961950""","=""0.000016""","=""198.961932""","=""0.000020""","=""810""","=""1.5e+07""",D,"=""13404.321""","=""63665.192""","=""3d8""","=""a 3P""","=""1""","=""3d7.(4P).4p""","=""z 5P*""","=""1""",3,3,,"=""T6999""","=""L9429c118""",
Co,3,"=""198.96528""","=""0.00007""","=""198.96539""","=""0.00003""","=""2000""","=""9.5e+07""",C,"=""57037.093""","=""107297.091""","=""3d6.(5D).4s""","=""a 4D""","=""1/2""","=""3d6.(5D).4p""","=""z 4D*""","=""3/2""",2,4,,"=""u37""","=""L19543c139""",
Co,3,"=""199.0588""","=""0.0005""","=""199.05894""","=""0.00004""","=""83""","=""1.4e+06""",D,"=""55729.463""","=""105965.840""","=""3d6.(5D).4s""","=""a 4D""","=""7/2""","=""3d6.(5D).4p""","=""z 6P*""","=""5/2""",8,6,,"=""u37""","=""L19543c140""",
Co,3,"=""199.0817""","=""0.0010""","=""199.0819""","=""0.0006""","=""300""","=""1.5e+08""",C,"=""105698.48""","=""155929.07""","=""3d6.(3P1).4s""","=""c 4P""","=""3/2""","=""3d6.(3F1).4p""","=""u 4D*""","=""5/2""",4,6,,"=""u37""","=""L6156c164""",
Co,3,"=""199.1104""","=""0.0005""","=""199.10905""","=""0.00004""","=""73""","=""4.2e+05""",D,"=""82364.601""","=""132588.334""","=""3d6.(3G).4s""","=""b 2G""","=""9/2""","=""3d6.(3G).4p""","=""y 4H*""","=""9/2""",10,10,,"=""u37""","=""L19543c140""",
Co,3,"=""199.1288""","=""0.0005""","=""199.12903""","=""0.00007""","=""42""","=""6.e+05""",D,"=""56373.944""","=""106592.638""","=""3d6.(5D).4s""","=""a 4D""","=""5/2""","=""3d6.(5D).4p""","=""z 6P*""","=""3/2""",6,4,,"=""u37""","=""L19543c140""",
Co,2,"=""199.156930""","=""0.000019""","=""199.156893""","=""0.000012""","=""460""","=""3.1e+06""",D,"=""13404.321""","=""63615.990""","=""3d8""","=""a 3P""","=""1""","=""3d7.(4P).4p""","=""y 3D*""","=""2""",3,5,,"=""T6999""","=""L9429c118""",
Co,3,"=""199.1935""","=""0.0005""","=""199.1927""","=""0.0005""","=""170""","=""8.3e+07""",C,"=""106542.565""","=""156745.22""","=""3d6.(3F1).4s""","=""c 4F""","=""9/2""","=""3d6.(1F).4p""","=""u 2F*""","=""7/2""",10,8,,"=""u37""","=""L19543c140""",
Co,3,"=""199.21586""","=""0.00025""","=""199.21565""","=""0.00004""","=""690""","=""2.2e+07""",D+,"=""77122.520""","=""127319.380""","=""3d6.(3G).4s""","=""a 4G""","=""9/2""","=""3d6.(3H).4p""","=""z 2G*""","=""7/2""",10,8,,"=""u37""","=""L19543c139""",
Co,3,"=""199.2576""","=""0.0005""","=""199.2578""","=""0.0006""","=""19""","=""1.8e+06""",D+,"=""106558.982""","=""156745.22""","=""3d6.(3F1).4s""","=""c 4F""","=""5/2""","=""3d6.(1F).4p""","=""u 2F*""","=""7/2""",6,8,,"=""u37""","=""L19543c140""",
Co,3,"=""199.36256""","=""0.00004""","=""199.362582""","=""0.000024""","=""2800""","=""7.2e+07""",C,"=""56794.941""","=""106954.805""","=""3d6.(5D).4s""","=""a 4D""","=""3/2""","=""3d6.(5D).4p""","=""z 4D*""","=""5/2""",4,6,,"=""u37""","=""L19543c139""",
Co,2,"=""199.37101""","=""0.00008""","=""199.370989""","=""0.000016""","=""80""","=""1.2e+07""",D,"=""64401.359""","=""114559.108""","=""3d7.(2G).4p""","=""z 1G*""","=""4""","=""3d7.(2H).4d""","=""3H""","=""5""",9,11,,"=""T6999""","=""L9429c118""",
Co,3,"=""199.53917""","=""0.00009""","=""199.53914""","=""0.00003""","=""1600""","=""3.2e+07""",D+,"=""56373.944""","=""106489.424""","=""3d6.(5D).4s""","=""a 4D""","=""5/2""","=""3d6.(5D).4p""","=""z 4D*""","=""7/2""",6,8,,"=""u37""","=""L19543c139""",
Co,2,"=""199.57429""","=""0.00003""","=""199.574328""","=""0.000020""","=""270""","=""1.9e+06""",E,"=""13260.688""","=""63367.333""","=""3d8""","=""a 3P""","=""2""","=""3d7.(4P).4p""","=""z 5P*""","=""2""",5,5,,"=""T6999""","=""L9429c118""",
Co,2,"=""199.66601""","=""0.00005""","=""199.665979""","=""0.000012""","=""170""","=""5.e+05""",E,"=""13260.688""","=""63344.333""","=""3d8""","=""a 3P""","=""2""","=""3d7.(4P).4p""","=""z 5P*""","=""3""",5,7,,"=""T6999""","=""L9429c118""",
Co,3,"=""199.6821""","=""0.0005""","=""199.68164""","=""0.00024""","=""40""","=""3.2e+06""",D+,"=""76792.604""","=""126872.32""","=""3d6.(3P2).4s""","=""b 2P""","=""3/2""","=""3d6.(3F2).4p""","=""y 4F*""","=""5/2""",4,6,,"=""u37""","=""L19543c140""",
Co,2,"=""199.712800""","=""0.000019""","=""199.712797""","=""0.000024""","=""390*""","=""6.e+06""",D,"=""13593.288""","=""63665.192""","=""3d8""","=""a 3P""","=""0""","=""3d7.(4P).4p""","=""z 5P*""","=""1""",1,3,,"=""T6999""","=""L9429c118""",
Co,2,"=""199.712800""","=""0.000019""","=""199.712913""","=""0.000012""","=""390*""","=""5.e+05""",E,"=""63792.717""","=""113864.592""","=""3d7.(2G).4p""","=""z 3H*""","=""4""","=""3d7.(2H).4d""","=""1H""","=""5""",9,11,,"=""T6999""","=""L9429c118""",
Co,3,"=""199.8201""","=""0.0005""","=""199.8188""","=""0.0005""","=""95""","=""6.2e+07""",C,"=""106699.87""","=""156745.22""","=""3d6.(3P1).4s""","=""c 4P""","=""5/2""","=""3d6.(1F).4p""","=""u 2F*""","=""7/2""",6,8,,"=""u37""","=""L19543c140""",
Co,3,"=""199.8857""","=""0.0005""","=""199.88475""","=""0.00016""","=""85""","=""2.2e+07""",D+,"=""89288.021""","=""139316.85""","=""3d6.(3D).4s""","=""c 2D""","=""3/2""","=""3d6.(3D).4p""","=""x 4P*""","=""1/2""",4,2,,"=""u37""","=""L19543c140""",
Co,2,"=""199.9478""","=""0.0003""","=""199.947862""","=""0.000016""","=""63""","=""3.e+05""",E,"=""63510.180""","=""113523.218""","=""3d7.(2G).4p""","=""y 3F*""","=""4""","=""3d7.(2D2).4d""","=""3D""","=""3""",9,7,,"=""T6999""","=""L9429c118""",
Co,3,"=""199.9890""","=""0.0010""","=""199.9904""","=""0.0005""","=""290""","=""1.3e+08""",C,"=""105698.48""","=""155700.88""","=""3d6.(3P1).4s""","=""c 4P""","=""3/2""","=""3d6.(3P1).4p""","=""v 4D*""","=""3/2""",4,4,,"=""u37""","=""L6156c164""",
element,sp_num,obs_wl_air(nm),unc_obs_wl,ritz_wl_air(nm),unc_ritz_wl,intens,Aki(s^-1),Acc,Ei(cm-1),Ek(cm-1),conf_i,term_i,J_i,conf_k,term_k,J_k,g_i,g_k,Type,tp_ref,line_ref,
Co,3,"=""199.97865""","=""0.00009""","=""199.97863""","=""0.00007""","=""830""","=""1.04e+08""",C,"=""78435.621""","=""128424.767""","=""3d6.(3P2).4s""","=""b 2P""","=""1/2""","=""3d6.(3P2).4p""","=""y 4D*""","=""3/2""",2,4,,"=""u37""","=""L19543c139""",
Co,3,"=""200.0066""","=""0.0003""","=""200.00637""","=""0.00003""","=""160""","=""3.6e+06""",D+,"=""76520.408""","=""126502.620""","=""3d6.(3G).4s""","=""a 4G""","=""11/2""","=""3d6.(3H).4p""","=""z 4H*""","=""11/2""",12,12,,"=""u37""","=""L19543c139""",
Co,2,"=""200.07929""","=""0.00003""","=""200.079283""","=""0.000013""","=""1500""","=""2.4e+06""",D+,"=""950.324""","=""50914.325""","=""3d8""","=""a 3F""","=""3""","=""3d7.(4F).4p""","=""z 3F*""","=""2""",7,5,,"=""T6854""","=""L9429c118""",
Co,3,"=""200.10846""","=""0.00004""","=""200.10842""","=""0.00003""","=""3800""","=""6.0e+07""",C,"=""76520.408""","=""126477.135""","=""3d6.(3G).4s""","=""a 4G""","=""11/2""","=""3d6.(3H).4p""","=""z 4H*""","=""13/2""",12,14,,"=""u37""","=""L19543c139""",
Co,3,"=""200.1941""","=""0.0010""","=""200.19516""","=""0.00004""","=""310""","=""4.8e+06""",D+,"=""77384.2947""","=""127319.380""","=""3d6.(3G).4s""","=""a 4G""","=""7/2""","=""3d6.(3H).4p""","=""z 2G*""","=""7/2""",8,8,,"=""u37""","=""L6156c164""",
Co,3,"=""200.2160""","=""0.0005""","=""200.21654""","=""0.00004""","=""80""","=""2.4e+06""",D+,"=""77122.520""","=""127052.274""","=""3d6.(3G).4s""","=""a 4G""","=""9/2""","=""3d6.(3H).4p""","=""z 2G*""","=""9/2""",10,10,,"=""u37""","=""L19543c140""",
Co,2,"=""200.275""","=""""","=""200.275443""","=""0.000013""","=""1000:""","=""3.6e+06""",D+,"=""1597.197""","=""51512.268""","=""3d8""","=""a 3F""","=""2""","=""3d7.(4F).4p""","=""z 3D*""","=""3""",5,7,,"=""T6135""","=""L18302""",
Co,3,"=""200.2790""","=""0.0005""","=""200.27976""","=""0.00005""","=""82""","=""5.4e+06""",D+,"=""82364.601""","=""132278.596""","=""3d6.(3G).4s""","=""b 2G""","=""9/2""","=""3d6.(3G).4p""","=""x 4F*""","=""7/2""",10,8,,"=""u37""","=""L19543c140""",
Co,3,"=""200.3890""","=""0.0003""","=""200.38882""","=""0.00009""","=""470""","=""1.7e+07""",D+,"=""85518.751""","=""135405.585""","=""3d6.(1I).4s""","=""a 2I""","=""11/2""","=""3d6.(3G).4p""","=""z 2H*""","=""9/2""",12,10,,"=""u37""","=""L19543c139""",
Co,3,"=""200.4272""","=""0.0003""","=""200.42811""","=""0.00005""","=""270""","=""7.3e+06""",D+,"=""77122.520""","=""126999.576""","=""3d6.(3G).4s""","=""a 4G""","=""9/2""","=""3d6.(3F2).4p""","=""y 4F*""","=""9/2""",10,10,,"=""u37""","=""L19543c139""",
Co,3,"=""200.5528""","=""0.0010""","=""200.55363""","=""0.00005""","=""340""","=""2.8e+07""",D+,"=""77473.535""","=""127319.380""","=""3d6.(3G).4s""","=""a 4G""","=""5/2""","=""3d6.(3H).4p""","=""z 2G*""","=""7/2""",6,8,,"=""u37""","=""L6156c164""",
Co,3,"=""200.7280""","=""0.0005""","=""200.72798""","=""0.00010""","=""76""","=""1.3e+07""",D+,"=""86328.378""","=""136130.933""","=""3d6.(1G2).4s""","=""c 2G""","=""7/2""","=""3d6.(3G).4p""","=""y 2F*""","=""5/2""",8,6,,"=""u37""","=""L19543c140""",
Co,3,"=""200.7472""","=""0.0003""","=""200.74757""","=""0.00006""","=""140""","=""3.9e+06""",D+,"=""56794.941""","=""106592.638""","=""3d6.(5D).4s""","=""a 4D""","=""3/2""","=""3d6.(5D).4p""","=""z 6P*""","=""3/2""",4,4,,"=""u37""","=""L19543c139""",
Co,2,"=""200.82281""","=""0.00012""","=""200.822510""","=""0.000013""","=""1100""","=""4.3e+06""",D,"=""21624.528""","=""71403.644""","=""3d7.(2G).4s""","=""a 3G""","=""5""","=""3d7.(2H).4p""","=""y 3H*""","=""6""",11,13,,"=""T6999""","=""L9429c118""",
Co,3,"=""200.8556""","=""0.0005""","=""200.85560""","=""0.00005""","=""170""","=""5.4e+06""",D+,"=""77122.520""","=""126893.436""","=""3d6.(3G).4s""","=""a 4G""","=""9/2""","=""3d6.(3F2).4p""","=""y 4F*""","=""7/2""",10,8,,"=""u37""","=""L19543c140""",
Co,2,"=""200.86490""","=""0.00015""","=""200.864764""","=""0.000017""","=""480""","=""1.1e+07""",D,"=""63586.987""","=""113355.633""","=""3d7.(4P).4p""","=""y 3D*""","=""3""","=""3d7.(2D2).4d""","=""3F""","=""3""",7,7,,"=""T6999""","=""L9429c118""",
Co,3,"=""201.05917""","=""0.00010""","=""201.05928""","=""0.00003""","=""1400""","=""2.3e+07""",D+,"=""76520.408""","=""126240.912""","=""3d6.(3G).4s""","=""a 4G""","=""11/2""","=""3d6.(3H).4p""","=""z 4H*""","=""9/2""",12,10,,"=""u37""","=""L19543c139""",
Co,2,"=""201.151622""","=""0.000017""","=""201.151619""","=""0.000011""","=""39000""","=""6.1e+07""",B+,"=""0.000""","=""49697.683""","=""3d8""","=""a 3F""","=""4""","=""3d7.(4F).4p""","=""z 3F*""","=""4""",9,9,,"=""T6854""","=""L9429c118""",
Co,3,"=""201.16212""","=""0.00003""","=""201.162076""","=""0.000025""","=""6100""","=""2.0e+08""",C+,"=""77624.280""","=""127319.380""","=""3d6.(3H).4s""","=""b 2H""","=""9/2""","=""3d6.(3H).4p""","=""z 2G*""","=""7/2""",10,8,,"=""u37""","=""L19543c139""",
Co,2,"=""201.16810""","=""0.00004""","=""201.168084""","=""0.000013""","=""860""","=""3.9e+06""",D,"=""22009.344""","=""71702.960""","=""3d7.(2G).4s""","=""a 3G""","=""4""","=""3d7.(2H).4p""","=""y 3H*""","=""5""",9,11,,"=""T6999""","=""L9429c118""",
Co,3,"=""201.2103""","=""0.0010""","=""201.2129""","=""0.0003""","=""310""","=""6.4e+07""",D+,"=""90913.89""","=""140596.43""","=""3d6.(1S2).4s""","=""a 2S""","=""1/2""","=""3d6.(3D).4p""","=""y 2P*""","=""1/2""",2,2,,"=""u37""","=""L6156c164""",
Co,2,"=""201.21726""","=""0.00012""","=""201.217127""","=""0.000025""","=""240""","=""2.8e+06""",D,"=""63510.180""","=""113191.686""","=""3d7.(2G).4p""","=""y 3F*""","=""4""","=""""","=""113191""","=""3""",9,7,,"=""T6999""","=""L9429c118""",
Co,3,"=""201.27194""","=""0.00009""","=""201.27193""","=""0.00004""","=""1100""","=""2.4e+07""",D+,"=""77384.2947""","=""127052.274""","=""3d6.(3G).4s""","=""a 4G""","=""7/2""","=""3d6.(3H).4p""","=""z 2G*""","=""9/2""",8,10,,"=""u37""","=""L19543c139""",
Co,3,"=""201.3000""","=""0.0004""","=""201.3024""","=""0.0003""","=""170""","=""4.5e+07""",D+,"=""90913.89""","=""140574.345""","=""3d6.(1S2).4s""","=""a 2S""","=""1/2""","=""3d6.(3D).4p""","=""y 2P*""","=""3/2""",2,4,,"=""u37""","=""L19543c139,c153""",
Co,3,"=""201.388151""","=""0.000023""","=""201.388156""","=""0.000017""","=""7000""","=""2.0e+08""",C+,"=""77412.954""","=""127052.274""","=""3d6.(3H).4s""","=""b 2H""","=""11/2""","=""3d6.(3H).4p""","=""z 2G*""","=""9/2""",12,10,,"=""u37""","=""L19543c139""",
Co,2,"=""201.4000""","=""0.0012""","=""201.39953""","=""0.00006""","=""290""","=""1.5e+06""",E,"=""24886.400""","=""74522.916""","=""3d7.(2P).4s""","=""c 3P""","=""2""","=""3d7.(2D2).4p""","=""y 1P*""","=""1""",5,3,,"=""T6999""","=""L4687c119""",
Co,2,"=""201.44395""","=""0.00013""","=""201.443891""","=""0.000021""","=""390""","=""1.2e+06""",D,"=""61388.250""","=""111013.838""","=""3d7.(4P).4p""","=""y 5D*""","=""4""","=""3d7.(4F).5d""","=""5F""","=""5""",9,11,,"=""T6999""","=""L9429c118""",
Co,2,"=""201.5704""","=""0.0012""","=""201.570260""","=""0.000013""","=""410""","=""3.1e+06""",D,"=""22414.431""","=""72008.912""","=""3d7.(2G).4s""","=""a 3G""","=""3""","=""3d7.(2H).4p""","=""y 3H*""","=""4""",7,9,,"=""T6999""","=""L4687c119""",
Co,3,"=""201.58069""","=""0.00010""","=""201.58077""","=""0.00005""","=""960""","=""1.5e+07""",D+,"=""56373.944""","=""105965.840""","=""3d6.(5D).4s""","=""a 4D""","=""5/2""","=""3d6.(5D).4p""","=""z 6P*""","=""5/2""",6,6,,"=""u37""","=""L19543c139""",
Co,3,"=""201.58906""","=""0.00019""","=""201.58855""","=""0.00005""","=""88""","=""5.3e+06""",D+,"=""76792.604""","=""126382.587""","=""3d6.(3P2).4s""","=""b 2P""","=""3/2""","=""3d6.(3P2).4p""","=""y 4P*""","=""3/2""",4,4,,"=""u37""","=""L19543c139,c153""",
Co,3,"=""201.60218""","=""0.00015""","=""201.60221""","=""0.00005""","=""610""","=""1.0e+07""",D+,"=""77412.954""","=""126999.576""","=""3d6.(3H).4s""","=""b 2H""","=""11/2""","=""3d6.(3F2).4p""","=""y 4F*""","=""9/2""",12,10,,"=""u37""","=""L19543c139""",
Co,3,"=""201.6772""","=""0.0005""","=""201.67524""","=""0.00007""","=""58""","=""4.8e+06""",D+,"=""82921.847""","=""132490.517""","=""3d6.(3G).4s""","=""b 2G""","=""7/2""","=""3d6.(3G).4p""","=""x 4F*""","=""5/2""",8,6,,"=""u37""","=""L19543c140""",
Co,3,"=""201.7302""","=""0.0005""","=""201.72866""","=""0.00007""","=""100""","=""1.6e+06""",D,"=""57037.093""","=""106592.638""","=""3d6.(5D).4s""","=""a 4D""","=""1/2""","=""3d6.(5D).4p""","=""z 6P*""","=""3/2""",2,4,,"=""u37""","=""L19543c140,c153""",
Co,3,"=""201.8920""","=""0.0005""","=""201.89190""","=""0.00006""","=""97""","=""3.1e+06""",D,"=""77473.535""","=""126989.016""","=""3d6.(3G).4s""","=""a 4G""","=""5/2""","=""3d6.(3F2).4p""","=""y 4F*""","=""3/2""",6,4,,"=""u37""","=""L19543c140""",
Co,3,"=""201.9178""","=""0.0005""","=""201.91776""","=""0.00005""","=""32bl(Co II)""","=""1.2e+06""",D+,"=""77384.2947""","=""126893.436""","=""3d6.(3G).4s""","=""a 4G""","=""7/2""","=""3d6.(3F2).4p""","=""y 4F*""","=""7/2""",8,8,,"=""u37""","=""L19543c140,c153""",
Co,3,"=""201.9411""","=""0.0003""","=""201.9411""","=""0.0003""","=""1200""","=""2.1e+08""",C+,"=""106542.565""","=""156045.99""","=""3d6.(3F1).4s""","=""c 4F""","=""9/2""","=""3d6.(3F1).4p""","=""u 4D*""","=""7/2""",10,8,,"=""u37""","=""L19543c139""",
Co,2,"=""201.9861""","=""0.0012""","=""201.985279""","=""0.000013""","=""280""","=""7.e+05""",E,"=""18031.427""","=""67524.021""","=""3d7.(4P).4s""","=""a 5P""","=""2""","=""3d7.(2P).4p""","=""x 3D*""","=""3""",5,7,,"=""T6999""","=""L4687c119""",
Co,3,"=""202.0040""","=""0.0005""","=""202.00277""","=""0.00016""","=""81*""","=""1.9e+05""",D,"=""89288.021""","=""138776.33""","=""3d6.(3D).4s""","=""c 2D""","=""3/2""","=""3d6.(3D).4p""","=""x 4P*""","=""5/2""",4,6,,"=""u37""","=""L19543c140,c153""",
Co,3,"=""202.0040""","=""0.0005""","=""202.00393""","=""0.00024""","=""81*""","=""2.2e+06""",D,"=""77384.2947""","=""126872.32""","=""3d6.(3G).4s""","=""a 4G""","=""7/2""","=""3d6.(3F2).4p""","=""y 4F*""","=""5/2""",8,6,,"=""u37""","=""L19543c140,c153""",
Co,2,"=""202.10521""","=""0.00009""","=""202.105193""","=""0.000013""","=""470""","=""1.6e+07""",D,"=""64401.359""","=""113864.592""","=""3d7.(2G).4p""","=""z 1G*""","=""4""","=""3d7.(2H).4d""","=""1H""","=""5""",9,11,,"=""T6999""","=""L9429c118""",
Co,3,"=""202.1381""","=""0.0005""","=""202.13784""","=""0.00016""","=""120""","=""2.0e+07""",D+,"=""89517.135""","=""138972.38""","=""3d6.(3D).4s""","=""c 2D""","=""5/2""","=""3d6.(3D).4p""","=""x 4P*""","=""3/2""",6,4,,"=""u37""","=""L19543c140""",
Co,2,"=""202.235371""","=""0.000017""","=""202.235364""","=""0.000013""","=""33000""","=""7.5e+07""",B,"=""950.324""","=""50381.724""","=""3d8""","=""a 3F""","=""3""","=""3d7.(4F).4p""","=""z 3F*""","=""3""",7,7,,"=""T6854""","=""L9429c118""",
Co,3,"=""202.2817""","=""0.0005""","=""202.28243""","=""0.00006""","=""250""","=""7.0e+06""",D+,"=""77473.535""","=""126893.436""","=""3d6.(3G).4s""","=""a 4G""","=""5/2""","=""3d6.(3F2).4p""","=""y 4F*""","=""7/2""",6,8,,"=""u37""","=""L19543c140""",
Co,3,"=""202.3695""","=""0.0005""","=""202.3689""","=""0.0003""","=""16""","=""8.e+05""",D,"=""77473.535""","=""126872.32""","=""3d6.(3G).4s""","=""a 4G""","=""5/2""","=""3d6.(3F2).4p""","=""y 4F*""","=""5/2""",6,6,,"=""u37""","=""L19543c140""",
Co,3,"=""202.44547""","=""0.00005""","=""202.44549""","=""0.00003""","=""2300""","=""4.4e+07""",C,"=""77122.520""","=""126502.620""","=""3d6.(3G).4s""","=""a 4G""","=""9/2""","=""3d6.(3H).4p""","=""z 4H*""","=""11/2""",10,12,,"=""u37""","=""L19543c139""",
Co,3,"=""202.4654""","=""0.0005""","=""202.46519""","=""0.00005""","=""16""","=""1.1e+06""",D,"=""77624.280""","=""126999.576""","=""3d6.(3H).4s""","=""b 2H""","=""9/2""","=""3d6.(3F2).4p""","=""y 4F*""","=""9/2""",10,10,,"=""u37""","=""L19543c140""",
Co,3,"=""202.4862""","=""0.0010""","=""202.4866""","=""0.0004""","=""250""","=""3.5e+07""",D+,"=""106558.982""","=""155929.07""","=""3d6.(3F1).4s""","=""c 4F""","=""5/2""","=""3d6.(3F1).4p""","=""u 4D*""","=""5/2""",6,6,,"=""u37""","=""L6156c164""",
Co,2,"=""202.575944""","=""0.000018""","=""202.575950""","=""0.000009""","=""15000""","=""2.03e+07""",C+,"=""0.000""","=""49348.304""","=""3d8""","=""a 3F""","=""4""","=""3d7.(4F).4p""","=""z 3G*""","=""4""",9,9,,"=""T6854""","=""L9429c118""",
Co,3,"=""202.5841""","=""0.0003""","=""202.5849""","=""0.0005""","=""980bl""","=""1.3e+08""",C,"=""106699.87""","=""156045.99""","=""3d6.(3P1).4s""","=""c 4P""","=""5/2""","=""3d6.(3F1).4p""","=""u 4D*""","=""7/2""",6,8,,"=""u37""","=""L19543c139,c153""",
Co,2,"=""202.704022""","=""0.000018""","=""202.704027""","=""0.000013""","=""32000""","=""8.7e+07""",B,"=""1597.197""","=""50914.325""","=""3d8""","=""a 3F""","=""2""","=""3d7.(4F).4p""","=""z 3F*""","=""2""",5,5,,"=""T6854""","=""L9429c118""",
Co,3,"=""202.704075""","=""0.000020""","=""202.7068""","=""0.0004""","=""53000bl(Co II)""","=""2.1e+08""",C+,"=""106612.624""","=""155929.07""","=""3d6.(3F1).4s""","=""c 4F""","=""7/2""","=""3d6.(3F1).4p""","=""u 4D*""","=""5/2""",8,6,,"=""u37""","=""L19543c139,c153""",
Co,3,"=""""","=""""","=""202.7500""","=""0.0006""","=""""","=""2.9e+00""",C,"=""37022.42""","=""86328.378""","=""3d7""","=""a 2F""","=""5/2""","=""3d6.(1G2).4s""","=""c 2G""","=""7/2""",6,8,E2,"=""u37""","=""""",
Co,3,"=""202.85667""","=""0.00004""","=""202.85664""","=""0.00003""","=""2500""","=""3.0e+07""",D+,"=""55729.463""","=""105009.493""","=""3d6.(5D).4s""","=""a 4D""","=""7/2""","=""3d6.(5D).4p""","=""z 6P*""","=""7/2""",8,8,,"=""u37""","=""L19543c139""",
Co,3,"=""202.9016""","=""0.0004""","=""202.90142""","=""0.00005""","=""150""","=""7.4e+06""",D+,"=""77624.280""","=""126893.436""","=""3d6.(3H).4s""","=""b 2H""","=""9/2""","=""3d6.(3F2).4p""","=""y 4F*""","=""7/2""",10,8,,"=""u37""","=""L19543c139""",
Co,3,"=""202.9423""","=""0.0005""","=""202.94246""","=""0.00016""","=""44""","=""7.7e+06""",D+,"=""89517.135""","=""138776.33""","=""3d6.(3D).4s""","=""c 2D""","=""5/2""","=""3d6.(3D).4p""","=""x 4P*""","=""5/2""",6,6,,"=""u37""","=""L19543c140""",
Co,3,"=""203.0446""","=""0.0005""","=""203.0443""","=""0.0004""","=""120""","=""4.5e+07""",D+,"=""106466.400""","=""155700.88""","=""3d6.(3F1).4s""","=""c 4F""","=""3/2""","=""3d6.(3P1).4p""","=""v 4D*""","=""3/2""",4,4,,"=""u37""","=""L19543c140""",
Co,2,"=""203.0649""","=""0.0012""","=""203.064645""","=""0.000010""","=""280""","=""1.7e+06""",D,"=""25147.233""","=""74376.792""","=""3d7.(2G).4s""","=""b 1G""","=""4""","=""3d7.(2H).4p""","=""y 1H*""","=""5""",9,11,,"=""T6999""","=""L4687c119""",
Co,3,"=""203.0663""","=""0.0004""","=""203.0661""","=""0.0004""","=""180""","=""6.1e+07""",C,"=""106699.87""","=""155929.07""","=""3d6.(3P1).4s""","=""c 4P""","=""5/2""","=""3d6.(3F1).4p""","=""u 4D*""","=""5/2""",6,6,,"=""u37""","=""L19543c139""",
Co,3,"=""203.0945""","=""0.0010""","=""203.09573""","=""0.00012""","=""310""","=""9.e+06""",D+,"=""85475.591""","=""134697.616""","=""3d6.(1I).4s""","=""a 2I""","=""13/2""","=""3d6.(3G).4p""","=""y 2H*""","=""11/2""",14,12,,"=""u37""","=""L6156c164""",
Co,3,"=""203.180734""","=""0.000024""","=""203.180744""","=""0.000025""","=""6100""","=""2.4e+08""",C+,"=""76792.604""","=""125994.037""","=""3d6.(3P2).4s""","=""b 2P""","=""3/2""","=""3d6.(3P2).4p""","=""z 2D*""","=""5/2""",4,6,,"=""u37""","=""L19543c139""",
Co,2,"=""203.271841""","=""0.000017""","=""203.271825""","=""0.000011""","=""9800""","=""3.9e+07""",D,"=""13260.688""","=""62440.078""","=""3d8""","=""a 3P""","=""2""","=""3d7.(4P).4p""","=""z 3S*""","=""1""",5,3,,"=""T6999""","=""L9429c118""",
Co,3,"=""203.30710""","=""0.00020""","=""203.30693""","=""0.00005""","=""270""","=""4.2e+06""",D+,"=""56794.941""","=""105965.840""","=""3d6.(5D).4s""","=""a 4D""","=""3/2""","=""3d6.(5D).4p""","=""z 6P*""","=""5/2""",4,6,,"=""u37""","=""L19543c139""",
Co,3,"=""203.3248""","=""0.0005""","=""203.32536""","=""0.00012""","=""41""","=""7.e+05""",D,"=""77384.2947""","=""126550.738""","=""3d6.(3G).4s""","=""a 4G""","=""7/2""","=""3d6.(3P2).4p""","=""y 4D*""","=""7/2""",8,8,,"=""u37""","=""L19543c140""",
Co,3,"=""203.36034""","=""0.00013""","=""203.36016""","=""0.00006""","=""250""","=""1.8e+07""",D+,"=""78928.889""","=""128086.920""","=""3d6.(3F2).4s""","=""b 2F""","=""7/2""","=""3d6.(3P2).4p""","=""y 4D*""","=""5/2""",8,6,,"=""u37""","=""L19543c139""",
Co,3,"=""203.42736""","=""0.00012""","=""203.4269""","=""0.0004""","=""510""","=""2.0e+08""",C,"=""106558.982""","=""155700.88""","=""3d6.(3F1).4s""","=""c 4F""","=""5/2""","=""3d6.(3P1).4p""","=""v 4D*""","=""3/2""",6,4,,"=""u37""","=""L19543c139,c153""",
Co,3,"=""203.5029""","=""0.0005""","=""203.50337""","=""0.00006""","=""16""","=""1.4e+06""",D,"=""76792.604""","=""125916.046""","=""3d6.(3P2).4s""","=""b 2P""","=""3/2""","=""3d6.(3P2).4p""","=""y 4P*""","=""1/2""",4,2,,"=""u37""","=""L19543c140""",
Co,3,"=""203.6005""","=""0.0005""","=""203.60081""","=""0.00006""","=""67""","=""5.3e+06""",D+,"=""79426.563""","=""128526.498""","=""3d6.(3F2).4s""","=""b 2F""","=""5/2""","=""3d6.(3F2).4p""","=""x 4D*""","=""5/2""",6,6,,"=""u37""","=""L19543c140""",
Co,3,"=""203.6410""","=""0.0010""","=""203.64007""","=""0.00006""","=""330*""","=""2.8e+06""",D+,"=""78928.889""","=""128019.360""","=""3d6.(3F2).4s""","=""b 2F""","=""7/2""","=""3d6.(3F2).4p""","=""x 4D*""","=""7/2""",8,8,,"=""u37""","=""L6156c164,c153""",
Co,3,"=""203.6410""","=""0.0010""","=""203.64341""","=""0.00003""","=""330*""","=""2.1e+06""",D+,"=""77412.954""","=""126502.620""","=""3d6.(3H).4s""","=""b 2H""","=""11/2""","=""3d6.(3H).4p""","=""z 4H*""","=""11/2""",12,12,,"=""u37""","=""L6156c164,c153""",
Co,2,"=""203.65851""","=""0.00002""","=""203.658520""","=""0.000013""","=""3900""","=""9.0e+06""",C,"=""950.324""","=""50036.348""","=""3d8""","=""a 3F""","=""3""","=""3d7.(4F).4p""","=""z 3G*""","=""3""",7,7,,"=""T6135""","=""L9429c118""",
Co,3,"=""203.6947""","=""0.0005""","=""203.69511""","=""0.00009""","=""70*""","=""3.0e+06""",D+,"=""86328.378""","=""135405.585""","=""3d6.(1G2).4s""","=""c 2G""","=""7/2""","=""3d6.(3G).4p""","=""z 2H*""","=""9/2""",8,10,,"=""u37""","=""L19543c140,c153""",
Co,3,"=""203.6947""","=""0.0005""","=""203.69513""","=""0.00012""","=""70*""","=""1.1e+06""",D,"=""77473.535""","=""126550.738""","=""3d6.(3G).4s""","=""a 4G""","=""5/2""","=""3d6.(3P2).4p""","=""y 4D*""","=""7/2""",6,8,,"=""u37""","=""L19543c140,c153""",
Co,3,"=""203.7813""","=""0.0005""","=""203.7817""","=""0.0003""","=""54""","=""9.e+06""",D+,"=""90913.89""","=""139970.24""","=""3d6.(1S2).4s""","=""a 2S""","=""1/2""","=""3d6.(3D).4p""","=""w 4D*""","=""3/2""",2,4,,"=""u37""","=""L19543c140""",
Co,2,"=""203.867320""","=""0.000017""","=""203.867321""","=""0.000017""","=""5500""","=""2.3e+07""",D,"=""13404.321""","=""62440.078""","=""3d8""","=""a 3P""","=""1""","=""3d7.(4P).4p""","=""z 3S*""","=""1""",3,3,,"=""T6999""","=""L9429c118""",
Co,3,"=""203.91587""","=""0.00005""","=""203.91588""","=""0.00005""","=""1800""","=""1.21e+08""",C,"=""78435.621""","=""127459.702""","=""3d6.(3P2).4s""","=""b 2P""","=""1/2""","=""3d6.(3P2).4p""","=""z 2D*""","=""3/2""",2,4,,"=""u37""","=""L19543c139""",
Co,3,"=""204.0180""","=""0.0004""","=""204.0176""","=""0.0006""","=""320""","=""2.3e+08""",C,"=""106466.400""","=""155466.05""","=""3d6.(3F1).4s""","=""c 4F""","=""3/2""","=""3d6.(3P1).4p""","=""v 4D*""","=""1/2""",4,2,,"=""u37""","=""L19543c139,c153""",
Co,3,"=""204.02355""","=""0.00024""","=""204.02359""","=""0.00008""","=""320""","=""4.5e+07""",D+,"=""79426.563""","=""128424.767""","=""3d6.(3F2).4s""","=""b 2F""","=""5/2""","=""3d6.(3P2).4p""","=""y 4D*""","=""3/2""",6,4,,"=""u37""","=""L19543c139""",
Co,2,"=""204.11209""","=""0.00013""","=""204.111915""","=""0.000013""","=""210""","=""7.e+06""",D,"=""65408.365""","=""114385.369""","=""3d7.(2P).4p""","=""z 3P*""","=""2""","=""3d7.(2D2).4d""","=""1F""","=""3""",5,7,,"=""T6999""","=""L9429c118""",
Co,3,"=""""","=""""","=""204.1526""","=""0.0005""","=""""","=""3.7e+00""",C,"=""37317.85""","=""86285.104""","=""3d7""","=""a 2F""","=""7/2""","=""3d6.(1G2).4s""","=""c 2G""","=""9/2""",8,10,E2,"=""u37""","=""""",
Co,3,"=""204.1556""","=""0.0005""","=""204.15398""","=""0.00006""","=""43bl(Co III)""","=""1.2e+06""",D+,"=""82921.847""","=""131888.762""","=""3d6.(3G).4s""","=""b 2G""","=""7/2""","=""3d6.(3G).4p""","=""x 4G*""","=""9/2""",8,10,,"=""u37""","=""L19543c140,c153""",
Co,3,"=""204.1680""","=""0.0005""","=""204.16862""","=""0.00005""","=""52bl(Co III)""","=""3.1e+06""",D+,"=""82921.847""","=""131885.250""","=""3d6.(3G).4s""","=""b 2G""","=""7/2""","=""3d6.(3G).4p""","=""x 4G*""","=""5/2""",8,6,,"=""u37""","=""L19543c140,c153""",
Co,2,"=""204.19674""","=""0.00004""","=""204.196691""","=""0.000021""","=""1100""","=""3.8e+07""",D,"=""66017.647""","=""114974.320""","=""3d7.(2G).4p""","=""z 1F*""","=""3""","=""3d7.(2D2).4d""","=""1G""","=""4""",7,9,,"=""T6999""","=""L9429c118""",
Co,3,"=""204.3047""","=""0.0005""","=""204.30547""","=""0.00021""","=""140""","=""1.6e+07""",D+,"=""91716.45""","=""140647.06""","=""3d6.(1D2).4s""","=""d 2D""","=""5/2""","=""3d6.(3D).4p""","=""w 4D*""","=""7/2""",6,8,,"=""u37""","=""L19543c140""",
Co,3,"=""204.36594""","=""0.00023""","=""204.36530""","=""0.00005""","=""110""","=""5.5e+06""",D+,"=""82364.601""","=""131280.888""","=""3d6.(3G).4s""","=""b 2G""","=""9/2""","=""3d6.(3F2).4p""","=""y 2G*""","=""7/2""",10,8,,"=""u37""","=""L19543c139,c153""",
Co,3,"=""204.3941""","=""0.0005""","=""204.39554""","=""0.00008""","=""50bl(Co II)""","=""1.1e+06""",D,"=""77473.535""","=""126382.587""","=""3d6.(3G).4s""","=""a 4G""","=""5/2""","=""3d6.(3P2).4p""","=""y 4P*""","=""3/2""",6,4,,"=""u37""","=""L19543c140,c153""",
Co,3,"=""204.61481""","=""0.00015""","=""204.61493""","=""0.00004""","=""570""","=""2.1e+07""",D+,"=""77384.2947""","=""126240.912""","=""3d6.(3G).4s""","=""a 4G""","=""7/2""","=""3d6.(3H).4p""","=""z 4H*""","=""9/2""",8,10,,"=""u37""","=""L19543c139""",
Co,2,"=""204.656119""","=""0.000019""","=""204.65610""","=""0.00003""","=""2900""","=""8.e+06""",D,"=""13593.288""","=""62440.078""","=""3d8""","=""a 3P""","=""0""","=""3d7.(4P).4p""","=""z 3S*""","=""1""",1,3,,"=""T6999""","=""L9429c118""",
Co,2,"=""204.66958""","=""0.00007""","=""204.66959""","=""0.00004""","=""460""","=""7.e+07""",D,"=""65408.365""","=""114251.937""","=""3d7.(2P).4p""","=""z 3P*""","=""2""","=""3d7.(2D2).4d""","=""3S""","=""1""",5,3,,"=""T6999""","=""L9429c118""",
Co,3,"=""204.73502""","=""0.00005""","=""204.73505""","=""0.00003""","=""1400""","=""2.8e+07""",D+,"=""77412.954""","=""126240.912""","=""3d6.(3H).4s""","=""b 2H""","=""11/2""","=""3d6.(3H).4p""","=""z 4H*""","=""9/2""",12,10,,"=""u37""","=""L19543c139""",
Co,2,"=""204.74625""","=""0.00002""","=""204.74620""","=""0.00003""","=""2500""","=""4.6e+08""",C+,"=""56010.475""","=""104835.774""","=""3d7.(4P).4p""","=""z 5S*""","=""2""","=""3d7.(4P).4d""","=""5P""","=""3""",5,7,,"=""T6999""","=""L9429c118""",
Co,3,"=""204.77563""","=""0.00012""","=""204.7760""","=""0.0005""","=""82""","=""2.3e+07""",D+,"=""83775.456""","=""132593.64""","=""3d6.(3D).4s""","=""b 4D""","=""3/2""","=""3d6.(3G).4p""","=""x 4F*""","=""3/2""",4,4,,"=""u37""","=""L19543c139,c153""",
Co,3,"=""204.8423""","=""0.0005""","=""204.8427""","=""0.0004""","=""190""","=""4.1e+07""",D+,"=""83791.34""","=""132593.64""","=""3d6.(3D).4s""","=""b 4D""","=""1/2""","=""3d6.(3G).4p""","=""x 4F*""","=""3/2""",2,4,,"=""u37""","=""L19543c140""",
Co,2,"=""204.89299""","=""0.00004""","=""204.89298""","=""0.00003""","=""710""","=""1.3e+07""",D,"=""64401.359""","=""113191.686""","=""3d7.(2G).4p""","=""z 1G*""","=""4""","=""""","=""113191""","=""3""",9,7,,"=""T6999""","=""L9429c118""",
Co,2,"=""204.91731""","=""0.00004""","=""204.917338""","=""0.000013""","=""880""","=""4.8e+06""",C,"=""1597.197""","=""50381.724""","=""3d8""","=""a 3F""","=""2""","=""3d7.(4F).4p""","=""z 3F*""","=""3""",5,7,,"=""T6135""","=""L9429c118""",
Co,3,"=""204.9300""","=""0.0010""","=""204.93187""","=""0.00021""","=""210""","=""2.4e+07""",D+,"=""91815.362""","=""140596.43""","=""3d6.(1D2).4s""","=""d 2D""","=""3/2""","=""3d6.(3D).4p""","=""y 2P*""","=""1/2""",4,2,,"=""u37""","=""L6156""",
Co,3,"=""205.0314""","=""0.0005""","=""205.03249""","=""0.00003""","=""110""","=""7.e+05""",D,"=""76520.408""","=""125277.540""","=""3d6.(3G).4s""","=""a 4G""","=""11/2""","=""3d6.(3H).4p""","=""z 4I*""","=""13/2""",12,14,,"=""u37""","=""L19543c140""",
Co,2,"=""205.0728""","=""0.0009""","=""205.073601""","=""0.000021""","=""1100""","=""2.2e+05""",E,"=""950.324""","=""49697.683""","=""3d8""","=""a 3F""","=""3""","=""3d7.(4F).4p""","=""z 3F*""","=""4""",7,9,,"=""T6999""","=""L4687c119""",
Co,3,"=""205.13453""","=""0.00020""","=""205.1363""","=""0.0008""","=""460bl(Co II)""","=""4.9e+06""",D+,"=""112111.42""","=""160843.892""","=""3d6.(3F1).4s""","=""d 2F""","=""7/2""","=""3d6.(3F1).4p""","=""w 4G*""","=""9/2""",8,10,,"=""u37""","=""L19543c139,c153""",
Co,2,"=""205.13461""","=""0.00020""","=""205.134627""","=""0.000013""","=""370""","=""1.1e+07""",D,"=""24411.479""","=""73144.338""","=""3d7.(4P).4s""","=""b 3P""","=""0""","=""3d7.(2D2).4p""","=""x 3P*""","=""1""",1,3,,"=""T6999""","=""L9429c118""",
Co,3,"=""205.2091""","=""0.0004""","=""205.20958""","=""0.00010""","=""280""","=""3.3e+07""",D+,"=""83775.456""","=""132490.517""","=""3d6.(3D).4s""","=""b 4D""","=""3/2""","=""3d6.(3G).4p""","=""x 4F*""","=""5/2""",4,6,,"=""u37""","=""L19543c139""",
Co,2,"=""205.22852""","=""0.00005""","=""205.228585""","=""0.000013""","=""210""","=""1.0e+07""",D,"=""65154.041""","=""113864.592""","=""3d7.(2G).4p""","=""y 3G*""","=""4""","=""3d7.(2H).4d""","=""1H""","=""5""",9,11,,"=""T6999""","=""L9429c118""",
Co,3,"=""205.31066""","=""0.00003""","=""205.310677""","=""0.000021""","=""5700""","=""1.47e+08""",C+,"=""82364.601""","=""131055.678""","=""3d6.(3G).4s""","=""b 2G""","=""9/2""","=""3d6.(3H).4p""","=""z 2H*""","=""11/2""",10,12,,"=""u37""","=""L19543c139""",
Co,3,"=""205.31882""","=""0.00018""","=""205.31861""","=""0.00008""","=""65""","=""2.0e+07""",D+,"=""83801.320""","=""132490.517""","=""3d6.(3D).4s""","=""b 4D""","=""5/2""","=""3d6.(3G).4p""","=""x 4F*""","=""5/2""",6,6,,"=""u37""","=""L19543c139""",
Co,2,"=""205.40820""","=""0.00005""","=""205.40811""","=""0.00003""","=""1000bl(Co I)""","=""2.5e+06""",E,"=""56010.475""","=""104678.460""","=""3d7.(4P).4p""","=""z 5S*""","=""2""","=""3d7.(2P).5s""","=""3P""","=""1""",5,3,,"=""T6999""","=""L9429c118""",
Co,2,"=""205.41586""","=""0.00002""","=""205.415861""","=""0.000021""","=""1800""","=""5.1e+08""",C+,"=""56010.475""","=""104676.623""","=""3d7.(4P).4p""","=""z 5S*""","=""2""","=""3d7.(4P).4d""","=""5P""","=""2""",5,5,,"=""T6999""","=""L9429c118""",
Co,3,"=""205.4356""","=""0.0005""","=""205.43721""","=""0.00006""","=""61bl(Co II)""","=""6.e+05""",D,"=""82921.847""","=""131582.939""","=""3d6.(3G).4s""","=""b 2G""","=""7/2""","=""3d6.(3G).4p""","=""x 4G*""","=""7/2""",8,8,,"=""u37""","=""L19543c140,c153""",
Co,3,"=""205.54526""","=""0.00023""","=""205.54512""","=""0.00004""","=""260""","=""3.5e+06""",D+,"=""56373.944""","=""105009.493""","=""3d6.(5D).4s""","=""a 4D""","=""5/2""","=""3d6.(5D).4p""","=""z 6P*""","=""7/2""",6,8,,"=""u37""","=""L19543c139""",
Co,3,"=""205.62004""","=""0.00003""","=""205.62005""","=""0.00003""","=""3200""","=""1.35e+08""",C+,"=""82921.847""","=""131539.674""","=""3d6.(3G).4s""","=""b 2G""","=""7/2""","=""3d6.(3H).4p""","=""y 2H*""","=""9/2""",8,10,,"=""u37""","=""L19543c139""",
Co,3,"=""205.62497""","=""0.00022""","=""205.62510""","=""0.00003""","=""340""","=""7.7e+06""",D+,"=""77624.280""","=""126240.912""","=""3d6.(3H).4s""","=""b 2H""","=""9/2""","=""3d6.(3H).4p""","=""z 4H*""","=""9/2""",10,10,,"=""u37""","=""L19543c139""",
Co,3,"=""205.6539""","=""0.0005""","=""205.65425""","=""0.00006""","=""100""","=""3.3e+06""",D+,"=""77384.2947""","=""125994.037""","=""3d6.(3G).4s""","=""a 4G""","=""7/2""","=""3d6.(3P2).4p""","=""z 2D*""","=""5/2""",8,6,,"=""u37""","=""L19543c140""",
Co,2,"=""205.79411""","=""0.00003""","=""205.79409""","=""0.00003""","=""1100""","=""5.4e+08""",C+,"=""56010.475""","=""104587.191""","=""3d7.(4P).4p""","=""z 5S*""","=""2""","=""3d7.(4P).4d""","=""5P""","=""1""",5,3,,"=""T6999""","=""L9429c118""",
Co,3,"=""205.8241""","=""0.0003""","=""205.82382""","=""0.00005""","=""530""","=""1.2e+07""",D+,"=""77122.520""","=""125692.220""","=""3d6.(3G).4s""","=""a 4G""","=""9/2""","=""3d6.(3H).4p""","=""z 4H*""","=""7/2""",10,8,,"=""u37""","=""L19543c139""",
Co,2,"=""205.84113""","=""0.00003""","=""205.841103""","=""0.000013""","=""1300""","=""7.e+07""",D,"=""64401.359""","=""112966.982""","=""3d7.(2G).4p""","=""z 1G*""","=""4""","=""3d7.(2H).4d""","=""1F""","=""3""",9,7,,"=""T6999""","=""L9429c118""",
Co,2,"=""205.881690""","=""0.000017""","=""205.881682""","=""0.000013""","=""7900""","=""9.7e+06""",B,"=""0.000""","=""48556.052""","=""3d8""","=""a 3F""","=""4""","=""3d7.(4F).4p""","=""z 3G*""","=""5""",9,11,,"=""T6854""","=""L9429c118""",
Co,3,"=""205.9049""","=""0.0005""","=""205.90632""","=""0.00013""","=""480bl(Co II)""","=""1.5e+06""",D,"=""83940.274""","=""132490.517""","=""3d6.(3D).4s""","=""b 4D""","=""7/2""","=""3d6.(3G).4p""","=""x 4F*""","=""5/2""",8,6,,"=""u37""","=""L19543c140,c153""",
Co,3,"=""206.0339""","=""0.0005""","=""206.03255""","=""0.00007""","=""4""","=""8.e+04""",D,"=""77473.535""","=""125994.037""","=""3d6.(3G).4s""","=""a 4G""","=""5/2""","=""3d6.(3P2).4p""","=""z 2D*""","=""5/2""",6,6,,"=""u37""","=""L19543c140""",
Co,3,"=""206.1474""","=""0.0005""","=""206.14788""","=""0.00003""","=""130""","=""4.7e+06""",D+,"=""76520.408""","=""125013.768""","=""3d6.(3G).4s""","=""a 4G""","=""11/2""","=""3d6.(3H).4p""","=""z 4G*""","=""9/2""",12,10,,"=""u37""","=""L19543c140""",
Co,3,"=""206.21589""","=""0.00018""","=""206.21629""","=""0.00008""","=""390""","=""3.1e+07""",D+,"=""83801.320""","=""132278.596""","=""3d6.(3D).4s""","=""b 4D""","=""5/2""","=""3d6.(3G).4p""","=""x 4F*""","=""7/2""",6,8,,"=""u37""","=""L19543c139,c153""",
Co,2,"=""206.378617""","=""0.000017""","=""206.378614""","=""0.000013""","=""7900""","=""2.0e+07""",C+,"=""1597.197""","=""50036.348""","=""3d8""","=""a 3F""","=""2""","=""3d7.(4F).4p""","=""z 3G*""","=""3""",5,7,,"=""T6135""","=""L9429c118""",
Co,2,"=""206.44566""","=""0.00011""","=""206.44554""","=""0.00003""","=""300""","=""5.2e+07""",D,"=""62440.078""","=""110863.529""","=""3d7.(4P).4p""","=""z 3S*""","=""1""","=""3d7.(2P).4d""","=""3P""","=""0""",3,1,,"=""T6999""","=""L9429c118""",
Co,2,"=""206.46283""","=""0.00008""","=""206.46299""","=""0.00003""","=""320""","=""2.9e+07""",D,"=""62440.078""","=""110859.436""","=""3d7.(4P).4p""","=""z 3S*""","=""1""","=""3d7.(2P).4d""","=""3P""","=""1""",3,3,,"=""T6999""","=""L9429c118""",
Co,2,"=""206.554189""","=""0.000017""","=""206.554198""","=""0.000017""","=""10000""","=""1.48e+07""",C+,"=""950.324""","=""49348.304""","=""3d8""","=""a 3F""","=""3""","=""3d7.(4F).4p""","=""z 3G*""","=""4""",7,9,,"=""T6854""","=""L9429c118""",
Co,3,"=""206.58632""","=""0.00013""","=""206.58617""","=""0.00004""","=""730""","=""3.6e+07""",D+,"=""78928.889""","=""127319.380""","=""3d6.(3F2).4s""","=""b 2F""","=""7/2""","=""3d6.(3H).4p""","=""z 2G*""","=""7/2""",8,8,,"=""u37""","=""L19543c139""",
Co,2,"=""206.68327""","=""0.00014""","=""206.683432""","=""0.000013""","=""340""","=""2.0e+07""",D,"=""66017.647""","=""114385.369""","=""3d7.(2G).4p""","=""z 1F*""","=""3""","=""3d7.(2D2).4d""","=""1F""","=""3""",7,7,,"=""T6999""","=""L9429c118""",
Co,3,"=""206.8099""","=""0.0005""","=""206.80916""","=""0.00013""","=""160""","=""1.2e+07""",D+,"=""83940.274""","=""132278.596""","=""3d6.(3D).4s""","=""b 4D""","=""7/2""","=""3d6.(3G).4p""","=""x 4F*""","=""7/2""",8,8,,"=""u37""","=""L19543c140""",
Co,3,"=""206.9398""","=""0.0005""","=""206.93930""","=""0.00004""","=""140""","=""3.3e+06""",D+,"=""77384.2947""","=""125692.220""","=""3d6.(3G).4s""","=""a 4G""","=""7/2""","=""3d6.(3H).4p""","=""z 4H*""","=""7/2""",8,8,,"=""u37""","=""L19543c140""",
Co,2,"=""207.15371""","=""0.00016""","=""207.153686""","=""0.000013""","=""540""","=""2.3e+07""",D,"=""24886.400""","=""73144.338""","=""3d7.(2P).4s""","=""c 3P""","=""2""","=""3d7.(2D2).4p""","=""x 3P*""","=""1""",5,3,,"=""T6999""","=""L9429c118""",
Co,3,"=""207.20095""","=""0.00021""","=""207.20071""","=""0.00007""","=""750""","=""2.9e+07""",C,"=""76520.408""","=""124767.396""","=""3d6.(3G).4s""","=""a 4G""","=""11/2""","=""3d6.(3H).4p""","=""z 4G*""","=""11/2""",12,12,,"=""u37""","=""L19543c139""",
Co,3,"=""207.32226""","=""0.00015""","=""207.32234""","=""0.00006""","=""1000""","=""3.2e+07""",D+,"=""77473.535""","=""125692.220""","=""3d6.(3G).4s""","=""a 4G""","=""5/2""","=""3d6.(3H).4p""","=""z 4H*""","=""7/2""",6,8,,"=""u37""","=""L19543c139""",
Co,2,"=""207.34136""","=""0.00009""","=""207.341502""","=""0.000022""","=""280""","=""2.2e+06""",D,"=""64401.359""","=""112615.589""","=""3d7.(2G).4p""","=""z 1G*""","=""4""","=""3d7.(4F).5d""","=""5G""","=""3""",9,7,,"=""T6999""","=""L9429c118""",
Co,3,"=""207.35033""","=""0.00009""","=""207.35032""","=""0.00008""","=""860""","=""3.8e+07""",D+,"=""76792.604""","=""125004.784""","=""3d6.(3P2).4s""","=""b 2P""","=""3/2""","=""3d6.(3P2).4p""","=""y 4P*""","=""5/2""",4,6,,"=""u37""","=""L19543c139""",
Co,3,"=""207.4984""","=""0.0005""","=""207.49794""","=""0.00005""","=""72""","=""5.e+06""",E,"=""82921.847""","=""131099.731""","=""3d6.(3G).4s""","=""b 2G""","=""7/2""","=""3d6.(3G).4p""","=""x 4F*""","=""9/2""",8,10,,"=""u37""","=""L19543c140""",
Co,3,"=""207.50979""","=""0.00014""","=""207.50966""","=""0.00004""","=""360""","=""6.0e+06""",D+,"=""77122.520""","=""125297.685""","=""3d6.(3G).4s""","=""a 4G""","=""9/2""","=""3d6.(3H).4p""","=""z 4I*""","=""11/2""",10,12,,"=""u37""","=""L19543c139""",
Co,3,"=""207.7330""","=""0.0003""","=""207.73296""","=""0.00004""","=""390""","=""8.e+06""",D+,"=""78928.889""","=""127052.274""","=""3d6.(3F2).4s""","=""b 2F""","=""7/2""","=""3d6.(3H).4p""","=""z 2G*""","=""9/2""",8,10,,"=""u37""","=""L19543c139""",
Co,2,"=""207.7387""","=""0.0012""","=""207.743431""","=""0.000013""","=""260d""","=""6.e+06""",D,"=""65154.041""","=""113275.001""","=""3d7.(2G).4p""","=""y 3G*""","=""4""","=""3d7.(2H).4d""","=""3G""","=""4""",9,9,,"=""T6999""","=""L4687c119""",
Co,3,"=""207.7914""","=""0.0005""","=""207.79165""","=""0.00013""","=""45""","=""5.8e+06""",D+,"=""83775.456""","=""131885.250""","=""3d6.(3D).4s""","=""b 4D""","=""3/2""","=""3d6.(3G).4p""","=""x 4G*""","=""5/2""",4,6,,"=""u37""","=""L19543c140""",
Co,3,"=""207.8093""","=""0.0006""","=""207.80883""","=""0.00006""","=""180""","=""7.3e+06""",D+,"=""77122.520""","=""125228.339""","=""3d6.(3G).4s""","=""a 4G""","=""9/2""","=""3d6.(3H).4p""","=""z 4G*""","=""7/2""",10,8,,"=""u37""","=""L19543c139""",
Co,2,"=""207.87889""","=""0.00008""","=""207.879008""","=""0.000013""","=""490bl(Ar)""","=""1.4e+06""",E,"=""13260.688""","=""61350.268""","=""3d8""","=""a 3P""","=""2""","=""3d7.(4P).4p""","=""y 5D*""","=""1""",5,3,,"=""T6999""","=""L9429c118""",
Co,2,"=""207.90615""","=""0.00007""","=""207.906175""","=""0.000011""","=""290""","=""1.1e+07""",D,"=""62440.078""","=""110523.375""","=""3d7.(4P).4p""","=""z 3S*""","=""1""","=""3d7.(2P).4d""","=""3D""","=""2""",3,5,,"=""T6999""","=""L9429c118""",
Co,3,"=""207.9604""","=""0.0004""","=""207.96072""","=""0.00006""","=""250""","=""5.2e+06""",D+,"=""78928.889""","=""126999.576""","=""3d6.(3F2).4s""","=""b 2F""","=""7/2""","=""3d6.(3F2).4p""","=""y 4F*""","=""9/2""",8,10,,"=""u37""","=""L19543c139""",
Co,3,"=""207.97260""","=""0.00006""","=""207.97261""","=""0.00003""","=""2000""","=""6.0e+07""",C,"=""77624.280""","=""125692.220""","=""3d6.(3H).4s""","=""b 2H""","=""9/2""","=""3d6.(3H).4p""","=""z 4H*""","=""7/2""",10,8,,"=""u37""","=""L19543c139""",
Co,3,"=""208.09873""","=""0.00010""","=""208.09877""","=""0.00004""","=""810""","=""1.7e+07""",D+,"=""77384.2947""","=""125423.096""","=""3d6.(3G).4s""","=""a 4G""","=""7/2""","=""3d6.(3H).4p""","=""z 4I*""","=""9/2""",8,10,,"=""u37""","=""L19543c139""",
Co,3,"=""208.12314""","=""0.00024""","=""208.12331""","=""0.00009""","=""660""","=""3.5e+07""",D+,"=""79426.563""","=""127459.702""","=""3d6.(3F2).4s""","=""b 2F""","=""5/2""","=""3d6.(3P2).4p""","=""z 2D*""","=""3/2""",6,4,,"=""u37""","=""L19543c139""",
Co,2,"=""208.16837""","=""0.00004""","=""208.16829""","=""0.00003""","=""610""","=""2.5e+07""",D,"=""65408.365""","=""113431.126""","=""3d7.(2P).4p""","=""z 3P*""","=""2""","=""3d7.(4F).5d""","=""3P""","=""1""",5,3,,"=""T6999""","=""L9429c118""",
Co,3,"=""208.22286""","=""0.00016""","=""208.22301""","=""0.00003""","=""380""","=""6.4e+06""",D+,"=""77412.954""","=""125423.096""","=""3d6.(3H).4s""","=""b 2H""","=""11/2""","=""3d6.(3H).4p""","=""z 4I*""","=""9/2""",12,10,,"=""u37""","=""L19543c139""",
Co,2,"=""208.267839""","=""0.000018""","=""208.267844""","=""0.000010""","=""6600""","=""1.23e+08""",C+,"=""25147.233""","=""73147.041""","=""3d7.(2G).4s""","=""b 1G""","=""4""","=""3d7.(2H).4p""","=""y 1G*""","=""4""",9,9,,"=""T6999""","=""L9429c118""",
Co,3,"=""208.3270""","=""0.0005""","=""208.32629""","=""0.00005""","=""79""","=""5.0e+06""",D+,"=""77384.2947""","=""125370.637""","=""3d6.(3G).4s""","=""a 4G""","=""7/2""","=""3d6.(3H).4p""","=""z 4G*""","=""5/2""",8,6,,"=""u37""","=""L19543c140""",
Co,3,"=""208.42080""","=""0.00022""","=""208.42097""","=""0.00005""","=""420""","=""1.9e+07""",D+,"=""78928.889""","=""126893.436""","=""3d6.(3F2).4s""","=""b 2F""","=""7/2""","=""3d6.(3F2).4p""","=""y 4F*""","=""7/2""",8,8,,"=""u37""","=""L19543c139""",
Co,3,"=""208.4917""","=""0.0003""","=""208.49078""","=""0.00013""","=""190bl""","=""2.2e+07""",D+,"=""83940.274""","=""131888.762""","=""3d6.(3D).4s""","=""b 4D""","=""7/2""","=""3d6.(3G).4p""","=""x 4G*""","=""9/2""",8,10,,"=""u37""","=""L19543c139,c153""",
Co,2,"=""208.49603""","=""0.00009""","=""208.496090""","=""0.000022""","=""380""","=""1.4e+07""",D,"=""65408.365""","=""113355.633""","=""3d7.(2P).4p""","=""z 3P*""","=""2""","=""3d7.(2D2).4d""","=""3F""","=""3""",5,7,,"=""T6999""","=""L9429c118""",
Co,3,"=""208.4978""","=""0.0004""","=""208.49740""","=""0.00008""","=""270""","=""1.6e+07""",D+,"=""78435.621""","=""126382.587""","=""3d6.(3P2).4s""","=""b 2P""","=""1/2""","=""3d6.(3P2).4p""","=""y 4P*""","=""3/2""",2,4,,"=""u37""","=""L19543c139""",
Co,3,"=""208.5123""","=""0.0003""","=""208.5128""","=""0.0003""","=""160""","=""4.0e+06""",D+,"=""78928.889""","=""126872.32""","=""3d6.(3F2).4s""","=""b 2F""","=""7/2""","=""3d6.(3F2).4p""","=""y 4F*""","=""5/2""",8,6,,"=""u37""","=""L19543c139""",
Co,3,"=""208.7137""","=""0.0004""","=""208.71449""","=""0.00006""","=""120""","=""1.4e+07""",D+,"=""77473.535""","=""125370.637""","=""3d6.(3G).4s""","=""a 4G""","=""5/2""","=""3d6.(3H).4p""","=""z 4G*""","=""5/2""",6,6,,"=""u37""","=""L19543c139,c153""",
Co,3,"=""208.7336""","=""0.0005""","=""208.73317""","=""0.00005""","=""290""","=""4.3e+06""",D+,"=""79426.563""","=""127319.380""","=""3d6.(3F2).4s""","=""b 2F""","=""5/2""","=""3d6.(3H).4p""","=""z 2G*""","=""7/2""",6,8,,"=""u37""","=""L19543c139""",
Co,3,"=""208.74002""","=""0.00022""","=""208.74001""","=""0.00004""","=""290""","=""1.6e+07""",D+,"=""77122.520""","=""125013.768""","=""3d6.(3G).4s""","=""a 4G""","=""9/2""","=""3d6.(3H).4p""","=""z 4G*""","=""9/2""",10,10,,"=""u37""","=""L19543c139""",
Co,2,"=""208.74931""","=""0.00004""","=""208.74897""","=""0.00003""","=""200i""","=""1.3e+06""",E,"=""65028.512""","=""112917.704""","=""3d7.(2P).4p""","=""z 3P*""","=""1""","=""3d7.(4F).5d""","=""5G""","=""2""",3,5,,"=""T6999""","=""L9429c118""",
Co,3,"=""208.7833""","=""0.0003""","=""208.78322""","=""0.00005""","=""120""","=""7.5e+06""",D+,"=""82921.847""","=""130803.183""","=""3d6.(3G).4s""","=""b 2G""","=""7/2""","=""3d6.(3F2).4p""","=""y 2G*""","=""9/2""",8,10,,"=""u37""","=""L19543c139""",
Co,3,"=""208.85629""","=""0.00003""","=""208.856295""","=""0.000022""","=""2600""","=""3.5e+07""",C,"=""77412.954""","=""125277.540""","=""3d6.(3H).4s""","=""b 2H""","=""11/2""","=""3d6.(3H).4p""","=""z 4I*""","=""13/2""",12,14,,"=""u37""","=""L19543c139""",
Co,3,"=""208.94598""","=""0.00016""","=""208.94598""","=""0.00006""","=""220""","=""1.3e+07""",D+,"=""77384.2947""","=""125228.339""","=""3d6.(3G).4s""","=""a 4G""","=""7/2""","=""3d6.(3H).4p""","=""z 4G*""","=""7/2""",8,8,,"=""u37""","=""L19543c139""",
Co,2,"=""209.0214""","=""0.0012""","=""209.021232""","=""0.000014""","=""340""","=""6.e+06""",D,"=""25317.517""","=""73144.338""","=""3d7.(2P).4s""","=""c 3P""","=""1""","=""3d7.(2D2).4p""","=""x 3P*""","=""1""",3,3,,"=""T6999""","=""L4687c119""",
Co,3,"=""209.04858""","=""0.00005""","=""209.04853""","=""0.00004""","=""1200""","=""6.5e+07""",C,"=""82364.601""","=""130185.178""","=""3d6.(3G).4s""","=""b 2G""","=""9/2""","=""3d6.(3F2).4p""","=""z 2F*""","=""7/2""",10,8,,"=""u37""","=""L19543c139""",
Co,2,"=""209.08879""","=""0.00003""","=""209.088833""","=""0.000022""","=""1900""","=""8.e+07""",D,"=""66017.647""","=""113829.007""","=""3d7.(2G).4p""","=""z 1F*""","=""3""","=""3d7.(2D2).4d""","=""3G""","=""4""",7,9,,"=""T6999""","=""L9429c118""",
Co,2,"=""209.10562""","=""0.00004""","=""209.105748""","=""0.000018""","=""280""","=""5.e+05""",E,"=""0.000""","=""47807.493""","=""3d8""","=""a 3F""","=""4""","=""3d7.(4F).4p""","=""z 5G*""","=""4""",9,9,,"=""T6999""","=""L9429c118""",
Co,3,"=""209.2192""","=""0.0005""","=""209.21899""","=""0.00010""","=""120""","=""1.0e+07""",D+,"=""83801.320""","=""131582.939""","=""3d6.(3D).4s""","=""b 4D""","=""5/2""","=""3d6.(3G).4p""","=""x 4G*""","=""7/2""",6,8,,"=""u37""","=""L19543c140""",
Co,3,"=""209.2569""","=""0.0005""","=""209.25735""","=""0.00005""","=""94bl(Co II)""","=""8.e+05""",D,"=""55729.463""","=""103502.324""","=""3d6.(5D).4s""","=""a 4D""","=""7/2""","=""3d6.(5D).4p""","=""z 6F*""","=""7/2""",8,8,,"=""u37""","=""L19543c140,c153""",
Co,2,"=""209.2799""","=""0.0003""","=""209.27985""","=""0.00003""","=""1000""","=""1.3e+07""",D,"=""24886.400""","=""72654.127""","=""3d7.(2P).4s""","=""c 3P""","=""2""","=""3d7.(2D2).4p""","=""y 1D*""","=""2""",5,5,,"=""T6999""","=""L9429c118""",
Co,2,"=""209.38834""","=""0.00021""","=""209.38806""","=""0.00004""","=""260""","=""7.e+05""",E,"=""65174.661""","=""112917.704""","=""3d7.(2G).4p""","=""y 3G*""","=""3""","=""3d7.(4F).5d""","=""5G""","=""2""",7,5,,"=""T6999""","=""L9429c118""",
Co,2,"=""209.42498""","=""0.00006""","=""209.425224""","=""0.000014""","=""350""","=""8.e+05""",E,"=""4950.062""","=""52684.634""","=""3d7.(4F).4s""","=""a 5F""","=""2""","=""3d7.(4F).4p""","=""z 3D*""","=""1""",5,3,,"=""T6999""","=""L9429c118""",
Co,2,"=""209.49928""","=""0.00006""","=""209.499190""","=""0.000022""","=""170""","=""5.1e+06""",D,"=""67209.258""","=""114926.979""","=""3d7.(2P).4p""","=""z 1D*""","=""2""","=""3d7.(2D2).4d""","=""3G""","=""3""",5,7,,"=""T6999""","=""L9429c118""",
Co,3,"=""209.69395""","=""0.00007""","=""209.69396""","=""0.00003""","=""1100""","=""1.7e+07""",D+,"=""77624.280""","=""125297.685""","=""3d6.(3H).4s""","=""b 2H""","=""9/2""","=""3d6.(3H).4p""","=""z 4I*""","=""11/2""",10,12,,"=""u37""","=""L19543c139""",
Co,2,"=""209.71376""","=""0.00006""","=""209.713620""","=""0.000018""","=""340""","=""7.e+05""",E,"=""4560.789""","=""52229.725""","=""3d7.(4F).4s""","=""a 5F""","=""3""","=""3d7.(4F).4p""","=""z 3D*""","=""2""",7,5,,"=""T6999""","=""L9429c118""",
Co,3,"=""209.76194""","=""0.00013""","=""209.76233""","=""0.00005""","=""1100""","=""8.e+06""",D+,"=""55729.463""","=""103387.331""","=""3d6.(5D).4s""","=""a 4D""","=""7/2""","=""3d6.(5D).4p""","=""z 6F*""","=""9/2""",8,10,,"=""u37""","=""L19543c139,c153""",
Co,2,"=""209.81872""","=""0.00010""","=""209.81865""","=""0.00004""","=""250""","=""1.5e+07""",D,"=""67209.258""","=""114854.335""","=""3d7.(2P).4p""","=""z 1D*""","=""2""","=""3d7.(2D2).4d""","=""3D""","=""1""",5,3,,"=""T6999""","=""L9429c118""",
Co,3,"=""209.8196""","=""0.0003""","=""209.81954""","=""0.00008""","=""190""","=""4.7e+06""",D+,"=""77122.520""","=""124767.396""","=""3d6.(3G).4s""","=""a 4G""","=""9/2""","=""3d6.(3H).4p""","=""z 4G*""","=""11/2""",10,12,,"=""u37""","=""L19543c139""",
Co,2,"=""209.85476""","=""0.00013""","=""209.854856""","=""0.000014""","=""2400""","=""4.1e+06""",D,"=""17771.507""","=""65408.365""","=""3d7.(4P).4s""","=""a 5P""","=""3""","=""3d7.(2P).4p""","=""z 3P*""","=""2""",7,5,,"=""T6999""","=""L9429c118""",
Co,2,"=""209.89191""","=""0.00007""","=""209.891827""","=""0.000018""","=""290""","=""1.5e+07""",D,"=""63865.170""","=""111493.638""","=""3d7.(4P).4p""","=""y 3D*""","=""1""","=""3d7.(2P).4d""","=""3F""","=""2""",3,5,,"=""T6999""","=""L9429c118""",
Co,3,"=""210.0144""","=""0.0005""","=""210.01378""","=""0.00003""","=""160""","=""2.2e+06""",D+,"=""77412.954""","=""125013.768""","=""3d6.(3H).4s""","=""b 2H""","=""11/2""","=""3d6.(3H).4p""","=""z 4G*""","=""9/2""",12,10,,"=""u37""","=""L19543c140""",
Co,2,"=""210.10985""","=""0.00004""","=""210.10982""","=""0.00003""","=""1000*""","=""1.3e+07""",D,"=""24267.382""","=""71846.441""","=""3d7.(4P).4s""","=""b 3P""","=""1""","=""3d7.(2D2).4p""","=""x 3P*""","=""2""",3,5,,"=""T6999""","=""L9429c118""",
Co,3,"=""210.1827""","=""0.0003""","=""210.18319""","=""0.00006""","=""140""","=""5.7e+06""",D+,"=""79426.563""","=""126989.016""","=""3d6.(3F2).4s""","=""b 2F""","=""5/2""","=""3d6.(3F2).4p""","=""y 4F*""","=""3/2""",6,4,,"=""u37""","=""L19543c139""",
Co,2,"=""210.41823""","=""0.00005""","=""210.41819""","=""0.00003""","=""690""","=""9.e+06""",D,"=""65408.365""","=""112917.704""","=""3d7.(2P).4p""","=""z 3P*""","=""2""","=""3d7.(4F).5d""","=""5G""","=""2""",5,5,,"=""T6999""","=""L9429c118""",
Co,3,"=""210.51495""","=""0.00014""","=""210.51507""","=""0.00006""","=""710""","=""5.e+07""",E,"=""82921.847""","=""130409.325""","=""3d6.(3G).4s""","=""b 2G""","=""7/2""","=""3d6.(3F2).4p""","=""z 2F*""","=""5/2""",8,6,,"=""u37""","=""L19543c139""",
Co,2,"=""210.5325""","=""0.0010""","=""210.533685""","=""0.000014""","=""950""","=""6.e+05""",E,"=""4028.988""","=""51512.268""","=""3d7.(4F).4s""","=""a 5F""","=""4""","=""3d7.(4F).4p""","=""z 3D*""","=""3""",9,7,,"=""T6999""","=""L4687c119""",
Co,2,"=""210.5479""","=""0.0015""","=""210.548514""","=""0.000014""","=""320d""","=""1.2e+06""",E,"=""5204.698""","=""52684.634""","=""3d7.(4F).4s""","=""a 5F""","=""1""","=""3d7.(4F).4p""","=""z 3D*""","=""1""",3,3,,"=""T6999""","=""L4687c119""",
Co,2,"=""210.63007""","=""0.00011""","=""210.630097""","=""0.000022""","=""520""","=""3.8e+06""",D,"=""65154.041""","=""112615.589""","=""3d7.(2G).4p""","=""y 3G*""","=""4""","=""3d7.(4F).5d""","=""5G""","=""3""",9,7,,"=""T6999""","=""L9429c118""",
Co,3,"=""210.7002""","=""0.0005""","=""210.7002""","=""0.0003""","=""110""","=""5.9e+06""",D+,"=""79426.563""","=""126872.32""","=""3d6.(3F2).4s""","=""b 2F""","=""5/2""","=""3d6.(3F2).4p""","=""y 4F*""","=""5/2""",6,6,,"=""u37""","=""L19543c140""",
Co,2,"=""210.74411""","=""0.00009""","=""210.744267""","=""0.000022""","=""190""","=""6.e+06""",D,"=""64914.630""","=""112350.469""","=""3d7.(4P).4p""","=""y 3P*""","=""2""","=""3d7.(2P).4d""","=""1D""","=""2""",5,5,,"=""T6999""","=""L9429c118""",
Co,2,"=""210.95754""","=""0.00003""","=""210.957599""","=""0.000018""","=""3800p""","=""4.9e+07""",D,"=""25147.233""","=""72535.108""","=""3d7.(2G).4s""","=""b 1G""","=""4""","=""3d7.(2D2).4p""","=""y 1F*""","=""3""",9,7,,"=""T6999""","=""L9429c118""",
Co,3,"=""211.1156""","=""0.0005""","=""211.1158""","=""0.0008""","=""350""","=""6.2e+07""",C,"=""99636.25""","=""146988.62""","=""3d6.(1F).4s""","=""c 2F""","=""7/2""","=""3d6.(1D2).4p""","=""w 2D*""","=""5/2""",8,6,,"=""u37""","=""L19543c140""",
Co,2,"=""211.14488""","=""0.00002""","=""211.144893""","=""0.000018""","=""1600""","=""1.9e+06""",D,"=""0.000""","=""47345.845""","=""3d8""","=""a 3F""","=""4""","=""3d7.(4F).4p""","=""z 5G*""","=""5""",9,11,,"=""T6999""","=""L9429c118""",
Co,3,"=""211.1546""","=""0.0003""","=""211.15434""","=""0.00005""","=""330""","=""2.0e+07""",D+,"=""82364.601""","=""129708.327""","=""3d6.(3G).4s""","=""b 2G""","=""9/2""","=""3d6.(3F2).4p""","=""y 4G*""","=""7/2""",10,8,,"=""u37""","=""L19543c139""",
Co,2,"=""211.18600""","=""0.00011""","=""211.18609""","=""0.00004""","=""280""","=""2.0e+06""",E,"=""25317.517""","=""72654.127""","=""3d7.(2P).4s""","=""c 3P""","=""1""","=""3d7.(2D2).4p""","=""y 1D*""","=""2""",3,5,,"=""T6999""","=""L9429c118""",
Co,2,"=""211.25153""","=""0.00007""","=""211.251491""","=""0.000018""","=""360""","=""1.1e+07""",D,"=""65028.512""","=""112350.469""","=""3d7.(2P).4p""","=""z 3P*""","=""1""","=""3d7.(2P).4d""","=""1D""","=""2""",3,5,,"=""T6999""","=""L9429c118""",
Co,2,"=""211.26644""","=""0.00007""","=""211.266440""","=""0.000014""","=""2200""","=""3.e+06""",E,"=""18338.640""","=""65657.249""","=""3d7.(4P).4s""","=""a 5P""","=""1""","=""3d7.(4P).4p""","=""y 3P*""","=""1""",3,3,,"=""T6999""","=""L9429c118""",
Co,3,"=""211.2959""","=""0.0005""","=""211.29585""","=""0.00004""","=""65""","=""1.3e+06""",D+,"=""78928.889""","=""126240.912""","=""3d6.(3F2).4s""","=""b 2F""","=""7/2""","=""3d6.(3H).4p""","=""z 4H*""","=""9/2""",8,10,,"=""u37""","=""L19543c140""",
Co,2,"=""211.42571""","=""0.00014""","=""211.425493""","=""0.000014""","=""400""","=""6.e+06""",D,"=""25861.322""","=""73144.338""","=""3d7.(2P).4s""","=""c 3P""","=""0""","=""3d7.(2D2).4p""","=""x 3P*""","=""1""",1,3,,"=""T6999""","=""L9429c118""",
Co,2,"=""211.4401""","=""0.0010""","=""211.440489""","=""0.000011""","=""1500""","=""5.e+05""",E,"=""4950.062""","=""52229.725""","=""3d7.(4F).4s""","=""a 5F""","=""2""","=""3d7.(4F).4p""","=""z 3D*""","=""2""",5,5,,"=""T6999""","=""L4687c119""",
Co,2,"=""211.4774""","=""0.0015""","=""211.479028""","=""0.000018""","=""310""","=""1.0e+06""",D,"=""27105.744""","=""74376.792""","=""3d7.(2H).4s""","=""a 3H""","=""6""","=""3d7.(2H).4p""","=""y 1H*""","=""5""",13,11,,"=""T6999""","=""L4687c119""",
Co,2,"=""211.49046""","=""0.00007""","=""211.490393""","=""0.000018""","=""320""","=""1.6e+07""",D,"=""63615.990""","=""110884.498""","=""3d7.(4P).4p""","=""y 3D*""","=""2""","=""3d7.(2P).4d""","=""1F""","=""3""",5,7,,"=""T6999""","=""L9429c118""",
Co,3,"=""211.51231""","=""0.00017""","=""211.51356""","=""0.00005""","=""83""","=""5.7e+06""",D+,"=""82921.847""","=""130185.178""","=""3d6.(3G).4s""","=""b 2G""","=""7/2""","=""3d6.(3F2).4p""","=""z 2F*""","=""7/2""",8,8,,"=""u37""","=""L19543c139,c153""",
Co,3,"=""211.6677""","=""0.0005""","=""211.66689""","=""0.00004""","=""29""","=""1.3e+06""",D+,"=""82364.601""","=""129593.700""","=""3d6.(3G).4s""","=""b 2G""","=""9/2""","=""3d6.(3F2).4p""","=""y 4G*""","=""9/2""",10,10,,"=""u37""","=""L19543c140""",
Co,2,"=""211.7121""","=""0.0015""","=""211.712610""","=""0.000014""","=""210""","=""8.e+05""",E,"=""21624.528""","=""68843.428""","=""3d7.(2G).4s""","=""a 3G""","=""5""","=""3d7.(2H).4p""","=""x 3G*""","=""4""",11,9,,"=""T6999""","=""L4687c119""",
Co,2,"=""211.79451""","=""0.00008""","=""211.794631""","=""0.000014""","=""210""","=""5.e+05""",E,"=""950.324""","=""48150.940""","=""3d8""","=""a 3F""","=""3""","=""3d7.(4F).4p""","=""z 5G*""","=""3""",7,7,,"=""T6999""","=""L9429c118""",
Co,2,"=""211.82323""","=""0.00008""","=""211.82323""","=""0.00003""","=""340""","=""1.4e+07""",D,"=""63665.192""","=""110859.436""","=""3d7.(4P).4p""","=""z 5P*""","=""1""","=""3d7.(2P).4d""","=""3P""","=""1""",3,3,,"=""T6999""","=""L9429c118""",
Co,2,"=""211.90466""","=""0.00003""","=""211.904657""","=""0.000014""","=""760""","=""2.6e+07""",D,"=""67209.258""","=""114385.369""","=""3d7.(2P).4p""","=""z 1D*""","=""2""","=""3d7.(2D2).4d""","=""1F""","=""3""",5,7,,"=""T6999""","=""L9429c118""",
Co,3,"=""211.97934""","=""0.00025""","=""211.97950""","=""0.00011""","=""200bl""","=""2.3e+07""",D+,"=""83940.274""","=""131099.731""","=""3d6.(3D).4s""","=""b 4D""","=""7/2""","=""3d6.(3G).4p""","=""x 4F*""","=""9/2""",8,10,,"=""u37""","=""L19543c139,c153""",
Co,2,"=""212.07409""","=""0.00004""","=""212.07411""","=""0.00006""","=""520""","=""1.9e+07""",D,"=""63586.987""","=""110725.407""","=""3d7.(4P).4p""","=""y 3D*""","=""3""","=""3d7.(2P).4d""","=""3F""","=""4""",7,9,,"=""T6999""","=""L9429c118""",
Co,3,"=""212.11916""","=""0.00012""","=""212.11930""","=""0.00005""","=""740""","=""9.e+06""",D+,"=""56373.944""","=""103502.324""","=""3d6.(5D).4s""","=""a 4D""","=""5/2""","=""3d6.(5D).4p""","=""z 6F*""","=""7/2""",6,8,,"=""u37""","=""L19543c139""",
Co,2,"=""212.23966""","=""0.00008""","=""212.23962""","=""0.00003""","=""250""","=""1.7e+07""",D,"=""64605.527""","=""111707.192""","=""3d7.(2P).4p""","=""z 3P*""","=""0""","=""3d7.(2P).4d""","=""1P""","=""1""",1,3,,"=""T6999""","=""L9429c118""",
Co,2,"=""212.38358""","=""0.00007""","=""212.383656""","=""0.000018""","=""1100""","=""2.5e+06""",D,"=""18338.640""","=""65408.365""","=""3d7.(4P).4s""","=""a 5P""","=""1""","=""3d7.(2P).4p""","=""z 3P*""","=""2""",3,5,,"=""T6999""","=""L9429c118""",
Co,3,"=""212.38393""","=""0.00016""","=""212.38430""","=""0.00009""","=""310bl(Co II)""","=""9.e+05""",D+,"=""85518.751""","=""132588.334""","=""3d6.(1I).4s""","=""a 2I""","=""11/2""","=""3d6.(3G).4p""","=""y 4H*""","=""9/2""",12,10,,"=""u37""","=""L19543c139,c153""",
Co,3,"=""212.40439""","=""0.00007""","=""212.40431""","=""0.00005""","=""900""","=""3.3e+07""",D+,"=""78928.889""","=""125994.037""","=""3d6.(3F2).4s""","=""b 2F""","=""7/2""","=""3d6.(3P2).4p""","=""z 2D*""","=""5/2""",8,6,,"=""u37""","=""L19543c139""",
Co,2,"=""212.500181""","=""0.000018""","=""212.500169""","=""0.000010""","=""17000""","=""2.9e+07""",D,"=""18973.727""","=""66017.647""","=""3d8""","=""a 1G""","=""4""","=""3d7.(2G).4p""","=""z 1F*""","=""3""",9,7,,"=""T6999""","=""L9429c118""",
Co,3,"=""212.5535""","=""0.0005""","=""212.55291""","=""0.00014""","=""110""","=""2.5e+06""",D+,"=""85475.591""","=""132507.840""","=""3d6.(1I).4s""","=""a 2I""","=""13/2""","=""3d6.(3G).4p""","=""y 4H*""","=""11/2""",14,12,,"=""u37""","=""L19543c140""",
Co,2,"=""212.61986""","=""0.00006""","=""212.619626""","=""0.000018""","=""790""","=""1.7e+07""",D,"=""65408.365""","=""112425.857""","=""3d7.(2P).4p""","=""z 3P*""","=""2""","=""3d7.(4F).5d""","=""3D""","=""2""",5,5,,"=""T6999""","=""L9429c118""",
Co,3,"=""""","=""""","=""212.6819""","=""0.0006""","=""""","=""3.6e-02""",D+,"=""0.00""","=""47003.724""","=""3d7""","=""a 4F""","=""9/2""","=""3d6.(5D).4s""","=""a 6D""","=""7/2""",10,8,E2,"=""u37""","=""""",
Co,2,"=""212.87976""","=""0.00004""","=""212.87978""","=""0.00004""","=""5500""","=""7.e+07""",D,"=""24886.400""","=""71846.441""","=""3d7.(2P).4s""","=""c 3P""","=""2""","=""3d7.(2D2).4p""","=""x 3P*""","=""2""",5,5,,"=""T6999""","=""L9429c118""",
Co,2,"=""212.96120""","=""0.00007""","=""212.961129""","=""0.000018""","=""790""","=""1.4e+07""",D,"=""65408.365""","=""112350.469""","=""3d7.(2P).4p""","=""z 3P*""","=""2""","=""3d7.(2P).4d""","=""1D""","=""2""",5,5,,"=""T6999""","=""L9429c118""",
Co,2,"=""212.96235""","=""0.00009""","=""212.962467""","=""0.000018""","=""2400""","=""9.e+06""",D,"=""22414.431""","=""69356.240""","=""3d7.(2G).4s""","=""a 3G""","=""3""","=""3d7.(2H).4p""","=""x 3G*""","=""3""",7,7,,"=""T6999""","=""L9429c118""",
Co,2,"=""212.98081""","=""0.00006""","=""212.98076""","=""0.00007""","=""670""","=""2.1e+07""",D,"=""27585.138""","=""74522.916""","=""3d7.(2P).4s""","=""a 1P""","=""1""","=""3d7.(2D2).4p""","=""y 1P*""","=""1""",3,3,,"=""T6999""","=""L9429c118""",
Co,3,"=""213.1680""","=""0.0005""","=""213.16771""","=""0.00006""","=""60""","=""3.6e+06""",D,"=""56794.941""","=""103691.558""","=""3d6.(5D).4s""","=""a 4D""","=""3/2""","=""3d6.(5D).4p""","=""z 6F*""","=""1/2""",4,2,,"=""u37""","=""L19543c140""",
Co,2,"=""""","=""""","=""213.3259""","=""0.0005""","=""m(Co II)""","=""7.e+05""",E,"=""40771.078""","=""87632.93?""","=""3d7.(2F).4s""","=""c 3F""","=""2""","=""3d7.(2F).4p""","=""x 1F*""","=""3""",5,7,,"=""T6999""","=""L4687""",
Co,2,"=""213.32665""","=""0.00002""","=""213.326659""","=""0.000011""","=""3300""","=""1.9e+07""",D,"=""25147.233""","=""72008.912""","=""3d7.(2G).4s""","=""b 1G""","=""4""","=""3d7.(2H).4p""","=""y 3H*""","=""4""",9,9,,"=""T6999""","=""L9429c118""",
Co,3,"=""""","=""""","=""213.3439""","=""0.0006""","=""""","=""5.8e-03""",D+,"=""841.36""","=""47699.261""","=""3d7""","=""a 4F""","=""7/2""","=""3d6.(5D).4s""","=""a 6D""","=""3/2""",8,4,E2,"=""u37""","=""""",
Co,2,"=""213.34703""","=""0.00005""","=""213.34719""","=""0.00003""","=""300""","=""5.e+05""",E,"=""950.324""","=""47807.493""","=""3d8""","=""a 3F""","=""3""","=""3d7.(4F).4p""","=""z 5G*""","=""4""",7,9,,"=""T6999""","=""L9429c118""",
Co,3,"=""213.41214""","=""0.00008""","=""213.41214""","=""0.00007""","=""630""","=""9.4e+07""",C,"=""89288.021""","=""136130.933""","=""3d6.(3D).4s""","=""c 2D""","=""3/2""","=""3d6.(3G).4p""","=""y 2F*""","=""5/2""",4,6,,"=""u37""","=""L19543c139""",
Co,2,"=""213.45237""","=""0.00003""","=""213.452367""","=""0.000011""","=""2600""","=""8.e+06""",D,"=""22009.344""","=""68843.428""","=""3d7.(2G).4s""","=""a 3G""","=""4""","=""3d7.(2H).4p""","=""x 3G*""","=""4""",9,9,,"=""T6999""","=""L9429c118""",
Co,3,"=""213.61119""","=""0.00014""","=""213.61087""","=""0.00006""","=""430""","=""7.8e+06""",D+,"=""56794.941""","=""103594.277""","=""3d6.(5D).4s""","=""a 4D""","=""3/2""","=""3d6.(5D).4p""","=""z 6F*""","=""5/2""",4,6,,"=""u37""","=""L19543c139""",
Co,2,"=""213.6459""","=""0.0010""","=""213.647813""","=""0.000014""","=""560""","=""3.e+05""",E,"=""1597.197""","=""48388.442""","=""3d8""","=""a 3F""","=""2""","=""3d7.(4F).4p""","=""z 5G*""","=""2""",5,5,,"=""T6999""","=""L4687c119""",
Co,3,"=""213.6700""","=""0.0005""","=""213.66957""","=""0.00006""","=""60""","=""5.1e+06""",D+,"=""82921.847""","=""129708.327""","=""3d6.(3G).4s""","=""b 2G""","=""7/2""","=""3d6.(3F2).4p""","=""y 4G*""","=""7/2""",8,8,,"=""u37""","=""L19543c140""",
Co,3,"=""213.72802""","=""0.00019""","=""213.72819""","=""0.00014""","=""360""","=""4.2e+07""",C,"=""89517.135""","=""136290.784""","=""3d6.(3D).4s""","=""c 2D""","=""5/2""","=""3d6.(3G).4p""","=""y 2F*""","=""7/2""",6,8,,"=""u37""","=""L19543c139""",
Co,2,"=""213.89710""","=""0.00005""","=""213.896844""","=""0.000023""","=""1000bl(Co I)""","=""3.5e+06""",D,"=""67524.021""","=""114260.795""","=""3d7.(2P).4p""","=""x 3D*""","=""3""","=""3d7.(2D2).4d""","=""3D""","=""2""",7,5,,"=""T6999""","=""L9429c118""",
Co,2,"=""214.0663""","=""0.0015""","=""214.066750""","=""0.000010""","=""200""","=""3.2e+06""",D,"=""47039.105""","=""93738.788""","=""3d7.(4F).4p""","=""z 5D*""","=""3""","=""3d7.(4F).4d""","=""f 3F""","=""4""",7,9,,"=""T6999""","=""L4687c119""",
Co,3,"=""214.1342""","=""0.0005""","=""214.1341""","=""0.0004""","=""26""","=""3.3e+05""",D,"=""125692.220""","=""172377.21""","=""3d6.(3H).4p""","=""z 4H*""","=""7/2""","=""3d6.(5D).4d""","=""e 4D""","=""7/2""",8,8,,"=""u37""","=""L19543c140""",
Co,3,"=""214.2743""","=""0.0005""","=""214.27425""","=""0.00007""","=""70""","=""3.7e+06""",D,"=""57037.093""","=""103691.558""","=""3d6.(5D).4s""","=""a 4D""","=""1/2""","=""3d6.(5D).4p""","=""z 6F*""","=""1/2""",2,2,,"=""u37""","=""L19543c140""",
Co,3,"=""214.3681""","=""0.0005""","=""214.36889""","=""0.00014""","=""10""","=""6.e+05""",D,"=""83775.456""","=""130409.325""","=""3d6.(3D).4s""","=""b 4D""","=""3/2""","=""3d6.(3F2).4p""","=""z 2F*""","=""5/2""",4,6,,"=""u37""","=""L19543c140""",
Co,3,"=""214.4360""","=""0.0003""","=""214.43632""","=""0.00007""","=""230""","=""5.2e+06""",D+,"=""57037.093""","=""103656.301""","=""3d6.(5D).4s""","=""a 4D""","=""1/2""","=""3d6.(5D).4p""","=""z 6F*""","=""3/2""",2,4,,"=""u37""","=""L19543c139""",
Co,2,"=""214.61847""","=""0.00009""","=""214.618611""","=""0.000023""","=""510""","=""2.6e+07""",D,"=""45378.754""","=""91958.369""","=""3d7.(4F).4p""","=""z 5F*""","=""4""","=""3d7.(4F).4d""","=""e 5D""","=""3""",9,7,,"=""T6999""","=""L9429c118""",
Co,3,"=""""","=""""","=""214.6415""","=""0.0006""","=""""","=""3.3e-02""",D+,"=""841.36""","=""47416.016""","=""3d7""","=""a 4F""","=""7/2""","=""3d6.(5D).4s""","=""a 6D""","=""5/2""",8,6,E2,"=""u37""","=""""",
Co,3,"=""214.6743""","=""0.0005""","=""214.67457""","=""0.00007""","=""50""","=""2.1e+06""",D+,"=""79426.563""","=""125994.037""","=""3d6.(3F2).4s""","=""b 2F""","=""5/2""","=""3d6.(3P2).4p""","=""z 2D*""","=""5/2""",6,6,,"=""u37""","=""L19543c140""",
Co,2,"=""214.69886""","=""0.00021""","=""214.698863""","=""0.000011""","=""740""","=""6.e+05""",E,"=""4950.062""","=""51512.268""","=""3d7.(4F).4s""","=""a 5F""","=""2""","=""3d7.(4F).4p""","=""z 3D*""","=""3""",5,7,,"=""T6999""","=""L9429c118""",
Co,2,"=""214.70595""","=""0.00007""","=""214.705887""","=""0.000019""","=""150""","=""3.0e+06""",D,"=""68203.012""","=""114763.695""","=""3d7.(2H).4p""","=""x 3G*""","=""5""","=""3d7.(2H).4d""","=""1I""","=""6""",11,13,,"=""T6999""","=""L9429c118""",
Co,2,"=""214.85246""","=""0.00003""","=""214.85245""","=""0.00003""","=""1200""","=""1.2e+07""",D,"=""25317.517""","=""71846.441""","=""3d7.(2P).4s""","=""c 3P""","=""1""","=""3d7.(2D2).4p""","=""x 3P*""","=""2""",3,5,,"=""T6999""","=""L9429c118""",
Co,2,"=""215.1037""","=""0.0010""","=""215.10348""","=""0.00003""","=""540""","=""2.1e+06""",D,"=""27902.161""","=""74376.792""","=""3d7.(2H).4s""","=""a 3H""","=""4""","=""3d7.(2H).4p""","=""y 1H*""","=""5""",9,11,,"=""T6999""","=""L4687c119""",
Co,2,"=""215.14759""","=""0.00005""","=""215.147486""","=""0.000019""","=""220""","=""3.1e+07""",D,"=""65028.512""","=""111493.638""","=""3d7.(2P).4p""","=""z 3P*""","=""1""","=""3d7.(2P).4d""","=""3F""","=""2""",3,5,,"=""T6999""","=""L9429c118""",
Co,2,"=""215.20578""","=""0.00017""","=""215.205590""","=""0.000019""","=""230""","=""1.2e+07""",D,"=""68311.113""","=""114763.695""","=""3d7.(2H).4p""","=""z 3I*""","=""6""","=""3d7.(2H).4d""","=""1I""","=""6""",13,13,,"=""T6999""","=""L9429c118""",
Co,3,"=""215.2556""","=""0.0005""","=""215.25580""","=""0.00005""","=""10""","=""9.e+05""",D,"=""78928.889""","=""125370.637""","=""3d6.(3F2).4s""","=""b 2F""","=""7/2""","=""3d6.(3H).4p""","=""z 4G*""","=""5/2""",8,6,,"=""u37""","=""L19543c140""",
Co,3,"=""""","=""""","=""215.2691""","=""0.0007""","=""""","=""2.2e-02""",D+,"=""0.00""","=""46438.883""","=""3d7""","=""a 4F""","=""9/2""","=""3d6.(5D).4s""","=""a 6D""","=""9/2""",10,10,E2,"=""u37""","=""""",
Co,2,"=""215.28046""","=""0.00005""","=""215.280565""","=""0.000014""","=""510""","=""1.5e+07""",D,"=""67824.389""","=""114260.795""","=""3d7.(2P).4p""","=""x 3D*""","=""1""","=""3d7.(2D2).4d""","=""3D""","=""2""",3,5,,"=""T6999""","=""L9429c118""",
Co,2,"=""215.32983""","=""0.00006""","=""215.330011""","=""0.000014""","=""390""","=""7.e+06""",D,"=""45197.711""","=""91623.455""","=""3d7.(4F).4p""","=""z 5F*""","=""5""","=""3d7.(4F).4d""","=""e 3H""","=""6""",11,13,,"=""T6999""","=""L9429c118""",
Co,2,"=""215.36673""","=""0.00012""","=""215.366668""","=""0.000023""","=""290""","=""7.e+06""",D,"=""64914.630""","=""111332.473""","=""3d7.(4P).4p""","=""y 3P*""","=""2""","=""3d7.(2P).4d""","=""3P""","=""2""",5,5,,"=""T6999""","=""L9429c118""",
Co,3,"=""""","=""""","=""215.3844""","=""0.0006""","=""""","=""1.2e-02""",D+,"=""1451.33""","=""47865.356""","=""3d7""","=""a 4F""","=""5/2""","=""3d6.(5D).4s""","=""a 6D""","=""1/2""",6,2,E2,"=""u37""","=""""",
Co,2,"=""215.48213""","=""0.00007""","=""215.482272""","=""0.000010""","=""160""","=""6.e+06""",D,"=""47345.845""","=""93738.788""","=""3d7.(4F).4p""","=""z 5G*""","=""5""","=""3d7.(4F).4d""","=""f 3F""","=""4""",11,9,,"=""T6999""","=""L9429c118""",
Co,3,"=""215.5253""","=""0.0005""","=""215.52448""","=""0.00008""","=""42""","=""1.6e+06""",D+,"=""83801.320""","=""130185.178""","=""3d6.(3D).4s""","=""b 4D""","=""5/2""","=""3d6.(3F2).4p""","=""z 2F*""","=""7/2""",6,8,,"=""u37""","=""L19543c140""",
Co,3,"=""215.5881""","=""0.0005""","=""215.58885""","=""0.00010""","=""21""","=""7.e+05""",D,"=""85518.751""","=""131888.762""","=""3d6.(1I).4s""","=""a 2I""","=""11/2""","=""3d6.(3G).4p""","=""x 4G*""","=""9/2""",12,10,,"=""u37""","=""L19543c140""",
Co,2,"=""215.6689""","=""0.0015""","=""215.669205""","=""0.000014""","=""250d""","=""4.e+05""",E,"=""4028.988""","=""50381.724""","=""3d7.(4F).4s""","=""a 5F""","=""4""","=""3d7.(4F).4p""","=""z 3F*""","=""3""",9,7,,"=""T6999""","=""L4687c119""",
Co,2,"=""215.69522""","=""0.00014""","=""215.69502""","=""0.00005""","=""810""","=""1.29e+06""",B,"=""3350.494""","=""49697.683""","=""3d7.(4F).4s""","=""a 5F""","=""5""","=""3d7.(4F).4p""","=""z 3F*""","=""4""",11,9,,"=""T6854""","=""L9429c118""",
Co,2,"=""215.70373""","=""0.00006""","=""215.703663""","=""0.000019""","=""930""","=""6.e+07""",D,"=""45972.036""","=""92317.368""","=""3d7.(4F).4p""","=""z 5F*""","=""3""","=""3d7.(4F).4d""","=""e 5D""","=""2""",7,5,,"=""T6999""","=""L9429c118""",
Co,2,"=""215.72357""","=""0.00007""","=""215.72381""","=""0.00004""","=""280""","=""1.5e+07""",D,"=""67910.933""","=""114251.937""","=""3d7.(2P).4p""","=""1S*""","=""0""","=""3d7.(2D2).4d""","=""3S""","=""1""",1,3,,"=""T6999""","=""L9429c118""",
Co,2,"=""215.89170""","=""0.00007""","=""215.891629""","=""0.000024""","=""220""","=""8.e+06""",D,"=""67524.021""","=""113829.007""","=""3d7.(2P).4p""","=""x 3D*""","=""3""","=""3d7.(2D2).4d""","=""3G""","=""4""",7,9,,"=""T6999""","=""L9429c118""",
Co,2,"=""215.89642""","=""0.00002""","=""215.896408""","=""0.000024""","=""1500""","=""5.0e+07""",D,"=""65028.512""","=""111332.473""","=""3d7.(2P).4p""","=""z 3P*""","=""1""","=""3d7.(2P).4d""","=""3P""","=""2""",3,5,,"=""T6999""","=""L9429c118""",
Co,3,"=""215.9549""","=""0.0005""","=""215.9570""","=""0.0008""","=""100""","=""1.2e+07""",D+,"=""99636.25""","=""145927.22""","=""3d6.(1F).4s""","=""c 2F""","=""7/2""","=""3d6.(1D2).4p""","=""v 2F*""","=""5/2""",8,6,,"=""u37""","=""L19543c140""",
Co,3,"=""216.0746""","=""0.0005""","=""216.07517""","=""0.00005""","=""100""","=""1.8e+06""",D+,"=""79426.563""","=""125692.220""","=""3d6.(3F2).4s""","=""b 2F""","=""5/2""","=""3d6.(3H).4p""","=""z 4H*""","=""7/2""",6,8,,"=""u37""","=""L19543c140""",
Co,3,"=""216.0964""","=""0.0005""","=""216.0959""","=""0.0004""","=""82bl(Ne)""","=""8.e+05""",D,"=""126872.32""","=""173133.54""","=""3d6.(3F2).4p""","=""y 4F*""","=""5/2""","=""3d6.(5D).4d""","=""e 4D""","=""3/2""",6,4,,"=""u37""","=""L19543c140""",
Co,2,"=""216.13004""","=""0.00003""","=""216.13006""","=""0.00003""","=""970""","=""1.0e+08""",D,"=""64605.527""","=""110859.436""","=""3d7.(2P).4p""","=""z 3P*""","=""0""","=""3d7.(2P).4d""","=""3P""","=""1""",1,3,,"=""T6999""","=""L9429c118""",
Co,2,"=""216.141""","=""""","=""216.140924""","=""0.000014""","=""910:""","=""5.0e+06""",D+,"=""1597.197""","=""47848.781""","=""3d8""","=""a 3F""","=""2""","=""3d7.(4F).4p""","=""z 5D*""","=""1""",5,3,,"=""T6135""","=""L18302""",
Co,3,"=""""","=""""","=""216.1580""","=""0.0006""","=""""","=""3.0e-02""",D+,"=""1451.33""","=""47699.261""","=""3d7""","=""a 4F""","=""5/2""","=""3d6.(5D).4s""","=""a 6D""","=""3/2""",6,4,E2,"=""u37""","=""""",
Co,3,"=""216.1736""","=""0.0005""","=""216.17215""","=""0.00011""","=""32""","=""1.5e+06""",D+,"=""83940.274""","=""130185.178""","=""3d6.(3D).4s""","=""b 4D""","=""7/2""","=""3d6.(3F2).4p""","=""z 2F*""","=""7/2""",8,8,,"=""u37""","=""L19543c140""",
Co,2,"=""216.37793""","=""0.00008""","=""216.377905""","=""0.000014""","=""580""","=""4.e+05""",E,"=""18973.727""","=""65174.661""","=""3d8""","=""a 1G""","=""4""","=""3d7.(2G).4p""","=""y 3G*""","=""3""",9,7,,"=""T6999""","=""L9429c118""",
Co,2,"=""216.40470""","=""0.00004""","=""216.40476""","=""0.00003""","=""810""","=""6.e+07""",D,"=""65511.991""","=""111707.192""","=""3d7.(4P).4p""","=""y 3P*""","=""0""","=""3d7.(2P).4d""","=""1P""","=""1""",1,3,,"=""T6999""","=""L9429c118""",
Co,2,"=""216.4447""","=""0.0010""","=""216.442506""","=""0.000024""","=""2600""","=""3.1e+07""",D,"=""46452.700""","=""92639.846""","=""3d7.(4F).4p""","=""z 5F*""","=""2""","=""3d7.(4F).4d""","=""e 3D""","=""1""",5,3,,"=""T6999""","=""L4687c119""",
Co,2,"=""216.59240""","=""0.00004""","=""216.592477""","=""0.000012""","=""730""","=""2.2e+07""",D,"=""45197.711""","=""91352.880""","=""3d7.(4F).4p""","=""z 5F*""","=""5""","=""3d7.(4F).4d""","=""e 5G""","=""4""",11,9,,"=""T6999""","=""L9429c118""",
Co,2,"=""216.69637""","=""0.00019""","=""216.696576""","=""0.000019""","=""140""","=""3.7e+06""",D,"=""65408.365""","=""111541.364""","=""3d7.(2P).4p""","=""z 3P*""","=""2""","=""3d7.(2P).4d""","=""3F""","=""3""",5,7,,"=""T6999""","=""L9429c118""",
Co,3,"=""216.9230""","=""0.0005""","=""216.92287""","=""0.00004""","=""74""","=""1.7e+06""",D+,"=""78928.889""","=""125013.768""","=""3d6.(3F2).4s""","=""b 2F""","=""7/2""","=""3d6.(3H).4p""","=""z 4G*""","=""9/2""",8,10,,"=""u37""","=""L19543c140""",
Co,3,"=""216.9655""","=""0.0005""","=""216.96517""","=""0.00010""","=""110""","=""3.4e+06""",D+,"=""78928.889""","=""125004.784""","=""3d6.(3F2).4s""","=""b 2F""","=""7/2""","=""3d6.(3P2).4p""","=""y 4P*""","=""5/2""",8,6,,"=""u37""","=""L19543c140""",
Co,2,"=""217.14247""","=""0.00014""","=""217.142134""","=""0.000009""","=""170""","=""3.1e+06""",D,"=""46320.832""","=""92359.180""","=""3d7.(4F).4p""","=""z 5D*""","=""4""","=""3d7.(4F).4d""","=""e 3H""","=""5""",9,11,,"=""T6999""","=""L9429c118""",
Co,2,"=""217.18269""","=""0.00006""","=""217.182746""","=""0.000014""","=""130""","=""8.e+06""",D,"=""45378.754""","=""91408.494""","=""3d7.(4F).4p""","=""z 5F*""","=""4""","=""3d7.(4F).4d""","=""e 3D""","=""3""",9,7,,"=""T6999""","=""L9429c118""",
Co,3,"=""217.22466""","=""0.00018""","=""217.22436""","=""0.00010""","=""550""","=""3.4e+07""",C,"=""85518.751""","=""131539.674""","=""3d6.(1I).4s""","=""a 2I""","=""11/2""","=""3d6.(3H).4p""","=""y 2H*""","=""9/2""",12,10,,"=""u37""","=""L19543c139""",
Co,2,"=""217.28814""","=""0.00012""","=""217.288405""","=""0.000019""","=""420""","=""5.e+05""",E,"=""4028.988""","=""50036.348""","=""3d7.(4F).4s""","=""a 5F""","=""4""","=""3d7.(4F).4p""","=""z 3G*""","=""3""",9,7,,"=""T6999""","=""L9429c118""",
Co,2,"=""217.32697""","=""0.00009""","=""217.326969""","=""0.000019""","=""230""","=""9.e+06""",D,"=""67524.021""","=""113523.218""","=""3d7.(2P).4p""","=""x 3D*""","=""3""","=""3d7.(2D2).4d""","=""3D""","=""3""",7,7,,"=""T6999""","=""L9429c118""",
Co,2,"=""217.33008""","=""0.00002""","=""217.330106""","=""0.000024""","=""2500bl""","=""8.e+07""",D,"=""24267.382""","=""70265.915""","=""3d7.(4P).4s""","=""b 3P""","=""1""","=""3d7.(2P).4p""","=""y 3S*""","=""1""",3,3,,"=""T6999""","=""L9429c118""",
Co,3,"=""""","=""""","=""217.3333""","=""0.0009""","=""""","=""4.1e-02""",D+,"=""1867.50""","=""47865.356""","=""3d7""","=""a 4F""","=""3/2""","=""3d6.(5D).4s""","=""a 6D""","=""1/2""",4,2,E2,"=""u37""","=""""",
Co,2,"=""217.33476""","=""0.00015""","=""217.33352""","=""0.00004""","=""1400*""","=""2.4e+06""",C+,"=""3350.494""","=""49348.304""","=""3d7.(4F).4s""","=""a 5F""","=""5""","=""3d7.(4F).4p""","=""z 3G*""","=""4""",11,9,,"=""T6854""","=""L9429c118""",
Co,2,"=""217.33476""","=""0.00015""","=""217.336774""","=""0.000014""","=""1400*""","=""3.8e+07""",D,"=""67824.389""","=""113821.511""","=""3d7.(2P).4p""","=""x 3D*""","=""1""","=""3d7.(2D2).4d""","=""3F""","=""2""",3,5,,"=""T6999""","=""L9429c118""",
Co,2,"=""217.399958""","=""0.000019""","=""217.399958""","=""0.000015""","=""20000""","=""1.7e+07""",D,"=""18973.727""","=""64957.482""","=""3d8""","=""a 1G""","=""4""","=""3d7.(2G).4p""","=""z 1H*""","=""5""",9,11,,"=""T6999""","=""L9429c118""",
Co,3,"=""""","=""""","=""217.4902""","=""0.0006""","=""""","=""6.e-03""",D+,"=""1451.33""","=""47416.016""","=""3d7""","=""a 4F""","=""5/2""","=""3d6.(5D).4s""","=""a 6D""","=""5/2""",6,6,E2,"=""u37""","=""""",
Co,2,"=""217.49249""","=""0.00017""","=""217.492160""","=""0.000015""","=""300""","=""5.e+05""",E,"=""4950.062""","=""50914.325""","=""3d7.(4F).4s""","=""a 5F""","=""2""","=""3d7.(4F).4p""","=""z 3F*""","=""2""",5,5,,"=""T6999""","=""L9429c118""",
Co,2,"=""217.54393""","=""0.00012""","=""217.544057""","=""0.000015""","=""340""","=""1.3e+07""",D,"=""46452.700""","=""92405.999""","=""3d7.(4F).4p""","=""z 5F*""","=""2""","=""3d7.(4F).4d""","=""e 5H""","=""3""",5,7,,"=""T6999""","=""L9429c118""",
Co,2,"=""217.55721""","=""0.00017""","=""217.55731""","=""0.00003""","=""360""","=""4.3e+07""",D,"=""46452.700""","=""92403.200""","=""3d7.(4F).4p""","=""z 5F*""","=""2""","=""3d7.(4F).4d""","=""e 5D""","=""1""",5,3,,"=""T6999""","=""L9429c118""",
Co,2,"=""217.56829""","=""0.00002""","=""217.568306""","=""0.000009""","=""1900""","=""3.4e+07""",D,"=""45378.754""","=""91326.932""","=""3d7.(4F).4p""","=""z 5F*""","=""4""","=""3d7.(4F).4d""","=""e 3G""","=""5""",9,11,,"=""T6999""","=""L9429c118""",
Co,2,"=""217.57781""","=""0.00003""","=""217.577844""","=""0.000019""","=""1700""","=""4.0e+07""",D,"=""45972.036""","=""91918.200""","=""3d7.(4F).4p""","=""z 5F*""","=""3""","=""3d7.(4F).4d""","=""e 3G""","=""4""",7,9,,"=""T6999""","=""L9429c118""",
Co,2,"=""217.58418""","=""0.00007""","=""217.584275""","=""0.000024""","=""330""","=""3.4e+07""",D,"=""64914.630""","=""110859.436""","=""3d7.(4P).4p""","=""y 3P*""","=""2""","=""3d7.(2P).4d""","=""3P""","=""1""",5,3,,"=""T6999""","=""L9429c118""",
Co,2,"=""217.64545""","=""0.00005""","=""217.645457""","=""0.000015""","=""420""","=""6.e+05""",E,"=""63510.180""","=""109442.072""","=""3d7.(2G).4p""","=""y 3F*""","=""4""","=""3d7.(4F).6s""","=""5F""","=""4""",9,9,,"=""T6999""","=""L9429c118""",
Co,2,"=""217.68232""","=""0.00004""","=""217.682351""","=""0.000024""","=""690""","=""4.4e+07""",D,"=""65408.365""","=""111332.473""","=""3d7.(2P).4p""","=""z 3P*""","=""2""","=""3d7.(2P).4d""","=""3P""","=""2""",5,5,,"=""T6999""","=""L9429c118""",
Co,3,"=""""","=""""","=""217.7994""","=""0.0006""","=""""","=""1.9e+01""",C,"=""37022.42""","=""82921.847""","=""3d7""","=""a 2F""","=""5/2""","=""3d6.(3G).4s""","=""b 2G""","=""7/2""",6,8,E2,"=""u37""","=""""",
Co,2,"=""217.85652""","=""0.00003""","=""217.85654""","=""0.00007""","=""1700""","=""1.6e+08""",D,"=""27585.138""","=""73472.531""","=""3d7.(2P).4s""","=""a 1P""","=""1""","=""3d7.(2D2).4p""","=""x 3P*""","=""0""",3,1,,"=""T6999""","=""L9429c118""",
Co,2,"=""218.01315""","=""0.00002""","=""218.013136""","=""0.000019""","=""2800""","=""4.5e+07""",D,"=""24411.479""","=""70265.915""","=""3d7.(4P).4s""","=""b 3P""","=""0""","=""3d7.(2P).4p""","=""y 3S*""","=""1""",1,3,,"=""T6999""","=""L9429c118""",
Co,2,"=""218.02609""","=""0.00002""","=""218.026052""","=""0.000011""","=""1100""","=""5.e+07""",D,"=""45197.711""","=""91049.431""","=""3d7.(4F).4p""","=""z 5F*""","=""5""","=""3d7.(4F).4d""","=""e 5D""","=""4""",11,9,,"=""T6999""","=""L9429c118""",
Co,2,"=""218.06043""","=""0.00004""","=""218.060473""","=""0.000015""","=""6500""","=""1.9e+07""",D,"=""17771.507""","=""63615.990""","=""3d7.(4P).4s""","=""a 5P""","=""3""","=""3d7.(4P).4p""","=""y 3D*""","=""2""",7,5,,"=""T6999""","=""L9429c118""",
Co,2,"=""218.09273""","=""0.00003""","=""218.092702""","=""0.000024""","=""1600""","=""1.9e+08""",D,"=""64605.527""","=""110443.236""","=""3d7.(2P).4p""","=""z 3P*""","=""0""","=""3d7.(2P).4d""","=""3D""","=""1""",1,3,,"=""T6999""","=""L9429c118""",
Co,2,"=""218.10543""","=""0.00003""","=""218.10551""","=""0.00003""","=""1100""","=""3.9e+08""",D,"=""65028.512""","=""110863.529""","=""3d7.(2P).4p""","=""z 3P*""","=""1""","=""3d7.(2P).4d""","=""3P""","=""0""",3,1,,"=""T6999""","=""L9429c118""",
Co,3,"=""""","=""""","=""218.1210""","=""0.0009""","=""""","=""1.1e-02""",D+,"=""1867.50""","=""47699.261""","=""3d7""","=""a 4F""","=""3/2""","=""3d6.(5D).4s""","=""a 6D""","=""3/2""",4,4,E2,"=""u37""","=""""",
Co,2,"=""218.1250""","=""""","=""218.124993""","=""0.000024""","=""680bl(Co II):""","=""8.e+07""",D,"=""65028.512""","=""110859.436""","=""3d7.(2P).4p""","=""z 3P*""","=""1""","=""3d7.(2P).4d""","=""3P""","=""1""",3,3,,"=""T6999""","=""L9429c119""",
Co,3,"=""218.14902""","=""0.00018""","=""218.1462""","=""0.0004""","=""45""","=""1.1e+07""",D+,"=""126550.738""","=""172377.21""","=""3d6.(3P2).4p""","=""y 4D*""","=""7/2""","=""3d6.(5D).4d""","=""e 4D""","=""7/2""",8,8,,"=""u37""","=""L19543c139,c153""",
Co,2,"=""218.17260""","=""0.00007""","=""218.172549""","=""0.000024""","=""610""","=""1.3e+06""",E,"=""4560.789""","=""50381.724""","=""3d7.(4F).4s""","=""a 5F""","=""3""","=""3d7.(4F).4p""","=""z 3F*""","=""3""",7,7,,"=""T6999""","=""L9429c118""",
Co,2,"=""218.19851""","=""0.00003""","=""218.198528""","=""0.000015""","=""12000""","=""2.0e+07""",D,"=""17771.507""","=""63586.987""","=""3d7.(4P).4s""","=""a 5P""","=""3""","=""3d7.(4P).4p""","=""y 3D*""","=""3""",7,7,,"=""T6999""","=""L9429c118""",
Co,2,"=""218.21228""","=""0.00012""","=""218.21247""","=""0.00003""","=""160""","=""5.e+05""",E,"=""64360.050""","=""110172.603""","=""3d7.(2G).4p""","=""y 3F*""","=""3""","=""3d7.(4F).6s""","=""3F""","=""3""",7,7,,"=""T6999""","=""L9429c118""",
Co,2,"=""218.26320""","=""0.00002""","=""218.263216""","=""0.000019""","=""2100""","=""3.5e+07""",D,"=""63510.180""","=""109312.083""","=""3d7.(2G).4p""","=""y 3F*""","=""4""","=""3d7.(2G).4d""","=""1G""","=""4""",9,9,,"=""T6999""","=""L9429c118""",
Co,3,"=""218.26405""","=""0.00015""","=""218.26382""","=""0.00007""","=""28""","=""1.1e+06""",D,"=""79426.563""","=""125228.339""","=""3d6.(3F2).4s""","=""b 2F""","=""5/2""","=""3d6.(3H).4p""","=""z 4G*""","=""7/2""",6,8,,"=""u37""","=""L19543c139""",
Co,2,"=""218.2740""","=""0.0015""","=""218.273200""","=""0.000015""","=""160""","=""4.e+05""",E,"=""46320.832""","=""92120.640""","=""3d7.(4F).4p""","=""z 5D*""","=""4""","=""3d7.(4F).4d""","=""e 5H""","=""4""",9,9,,"=""T6999""","=""L4687c119""",
Co,2,"=""218.3780""","=""0.0010""","=""218.378010""","=""0.000015""","=""460""","=""1.7e+06""",D,"=""45197.711""","=""90975.540""","=""3d7.(4F).4p""","=""z 5F*""","=""5""","=""3d7.(4F).4d""","=""e 5H""","=""6""",11,13,,"=""T6999""","=""L4687c119""",
Co,2,"=""218.50621""","=""0.00012""","=""218.506178""","=""0.000019""","=""220""","=""1.0e+06""",E,"=""67524.021""","=""113275.001""","=""3d7.(2P).4p""","=""x 3D*""","=""3""","=""3d7.(2H).4d""","=""3G""","=""4""",7,9,,"=""T6999""","=""L9429c118""",
Co,2,"=""218.54779""","=""0.00002""","=""218.547775""","=""0.000015""","=""3500""","=""6.9e+07""",C+,"=""68203.012""","=""113945.285""","=""3d7.(2H).4p""","=""x 3G*""","=""5""","=""3d7.(2H).4d""","=""3H""","=""6""",11,13,,"=""T6999""","=""L9429c118""",
Co,2,"=""218.60665""","=""0.00009""","=""218.606794""","=""0.000019""","=""240""","=""1.8e+07""",D,"=""67524.021""","=""113253.946""","=""3d7.(2P).4p""","=""x 3D*""","=""3""","=""3d7.(2D2).4d""","=""3F""","=""4""",7,9,,"=""T6999""","=""L9429c118""",
Co,2,"=""218.67492""","=""0.00002""","=""218.674919""","=""0.000011""","=""3100""","=""1.04e+08""",C+,"=""68843.428""","=""114559.108""","=""3d7.(2H).4p""","=""x 3G*""","=""4""","=""3d7.(2H).4d""","=""3H""","=""5""",9,11,,"=""T6999""","=""L9429c118""",
Co,2,"=""218.70394""","=""0.00011""","=""218.703879""","=""0.000015""","=""1100""","=""2.60e+06""",B,"=""5204.698""","=""50914.325""","=""3d7.(4F).4s""","=""a 5F""","=""1""","=""3d7.(4F).4p""","=""z 3F*""","=""2""",3,5,,"=""T6854""","=""L9429c118""",
Co,2,"=""218.75250""","=""0.00003""","=""218.752349""","=""0.000019""","=""3100p""","=""8.e+07""",D,"=""68829.451""","=""114528.951""","=""3d7.(2H).4p""","=""z 3I*""","=""5""","=""3d7.(2H).4d""","=""3H""","=""4""",11,9,,"=""T6999""","=""L9429c118""",
Co,2,"=""218.7683""","=""0.0015""","=""218.772448""","=""0.000009""","=""230""","=""1.0e+06""",E,"=""45972.036""","=""91667.338""","=""3d7.(4F).4p""","=""z 5F*""","=""3""","=""3d7.(4F).4d""","=""e 5G""","=""3""",7,7,,"=""T6999""","=""L4687c119""",
Co,2,"=""218.8555""","=""0.0015""","=""218.855070""","=""0.000015""","=""220d""","=""1.6e+06""",D,"=""27468.988""","=""73147.041""","=""3d7.(2H).4s""","=""a 3H""","=""5""","=""3d7.(2H).4p""","=""y 1G*""","=""4""",11,9,,"=""T6999""","=""L4687c119""",
Co,2,"=""218.89043""","=""0.00007""","=""218.890419""","=""0.000024""","=""250""","=""8.e+06""",D,"=""45378.754""","=""91049.431""","=""3d7.(4F).4p""","=""z 5F*""","=""4""","=""3d7.(4F).4d""","=""e 5D""","=""4""",9,9,,"=""T6999""","=""L9429c118""",
Co,2,"=""218.89992""","=""0.00008""","=""218.899920""","=""0.000012""","=""1100""","=""1.29e+06""",B,"=""4028.988""","=""49697.683""","=""3d7.(4F).4s""","=""a 5F""","=""4""","=""3d7.(4F).4p""","=""z 3F*""","=""4""",9,9,,"=""T6854""","=""L9429c118""",
Co,2,"=""218.93279""","=""0.00002""","=""218.93274""","=""0.00024""","=""4900*""","=""1.8e+08""",C+,"=""64914.630""","=""110576.48""","=""3d7.(4P).4p""","=""y 3P*""","=""2""","=""3d7.(2P).4d""","=""3D""","=""3""",5,7,,"=""T6999""","=""L9429c118""",
Co,2,"=""218.93279""","=""0.00002""","=""218.934033""","=""0.000019""","=""4900*""","=""8.e+06""",D,"=""68203.012""","=""113864.592""","=""3d7.(2H).4p""","=""x 3G*""","=""5""","=""3d7.(2H).4d""","=""1H""","=""5""",11,11,,"=""T6999""","=""L9429c118""",
Co,3,"=""218.9674""","=""0.0005""","=""218.96675""","=""0.00007""","=""110""","=""2.8e+06""",D+,"=""82364.601""","=""128019.360""","=""3d6.(3G).4s""","=""b 2G""","=""9/2""","=""3d6.(3F2).4p""","=""x 4D*""","=""7/2""",10,8,,"=""u37""","=""L19543c140""",
Co,2,"=""218.99299""","=""0.00015""","=""218.992670""","=""0.000015""","=""260""","=""2.4e+05""",E,"=""63792.717""","=""109442.072""","=""3d7.(2G).4p""","=""z 3H*""","=""4""","=""3d7.(4F).6s""","=""5F""","=""4""",9,9,,"=""T6999""","=""L9429c118""",
Co,2,"=""219.04942""","=""0.00006""","=""219.049385""","=""0.000011""","=""640""","=""2.1e+07""",D,"=""46320.832""","=""91958.369""","=""3d7.(4F).4p""","=""z 5D*""","=""4""","=""3d7.(4F).4d""","=""e 5D""","=""3""",9,7,,"=""T6999""","=""L9429c118""",
Co,2,"=""219.06555""","=""0.00002""","=""219.065539""","=""0.000015""","=""15000bl(Co II)""","=""1.22e+08""",C+,"=""68311.113""","=""113945.285""","=""3d7.(2H).4p""","=""z 3I*""","=""6""","=""3d7.(2H).4d""","=""3H""","=""6""",13,13,,"=""T6999""","=""L9429c118""",
Co,2,"=""219.06750""","=""0.00002""","=""219.067493""","=""0.000019""","=""94000bl(Co II)""","=""2.0e+08""",D,"=""18031.427""","=""63665.192""","=""3d7.(4P).4s""","=""a 5P""","=""2""","=""3d7.(4P).4p""","=""z 5P*""","=""1""",5,3,,"=""T6999""","=""L9429c118""",
Co,2,"=""219.094934""","=""0.000019""","=""219.094930""","=""0.000015""","=""9800""","=""7.e+06""",D,"=""18973.727""","=""64601.778""","=""3d8""","=""a 1G""","=""4""","=""3d7.(2G).4p""","=""y 3G*""","=""5""",9,11,,"=""T6999""","=""L9429c118""",
Co,2,"=""219.14899""","=""0.00022""","=""219.14902""","=""0.00004""","=""420""","=""6.e+07""",D,"=""46786.409""","=""92403.200""","=""3d7.(4F).4p""","=""z 5F*""","=""1""","=""3d7.(4F).4d""","=""e 5D""","=""1""",3,3,,"=""T6999""","=""L9429c118""",
Co,2,"=""219.18765""","=""0.00002""","=""219.187681""","=""0.000011""","=""2100""","=""1.1e+08""",D,"=""64914.630""","=""110523.375""","=""3d7.(4P).4p""","=""y 3P*""","=""2""","=""3d7.(2P).4d""","=""3D""","=""2""",5,5,,"=""T6999""","=""L9429c118""",
Co,3,"=""""","=""""","=""219.2105""","=""0.0006""","=""""","=""3.9e+00""",C,"=""37317.85""","=""82921.847""","=""3d7""","=""a 2F""","=""7/2""","=""3d6.(3G).4s""","=""b 2G""","=""7/2""",8,8,E2,"=""u37""","=""""",
Co,2,"=""219.22714""","=""0.00002""","=""219.227143""","=""0.000015""","=""4200""","=""9.8e+07""",C+,"=""68203.012""","=""113803.548""","=""3d7.(2H).4p""","=""x 3G*""","=""5""","=""3d7.(2H).4d""","=""3I""","=""6""",11,13,,"=""T6999""","=""L9429c118""",
Co,3,"=""""","=""""","=""219.2416""","=""0.0006""","=""""","=""5.1e-03""",D+,"=""841.36""","=""46438.883""","=""3d7""","=""a 4F""","=""7/2""","=""3d6.(5D).4s""","=""a 6D""","=""9/2""",8,10,E2,"=""u37""","=""""",
Co,2,"=""219.24979""","=""0.00002""","=""219.249792""","=""0.000019""","=""45000""","=""1.2e+08""",D,"=""17771.507""","=""63367.333""","=""3d7.(4P).4s""","=""a 5P""","=""3""","=""3d7.(4P).4p""","=""z 5P*""","=""2""",7,5,,"=""T6999""","=""L9429c118""",
Co,2,"=""219.30738""","=""0.00003""","=""219.30741""","=""0.00003""","=""490""","=""1.6e+07""",D,"=""67939.370""","=""113523.218""","=""3d7.(2P).4p""","=""x 3D*""","=""2""","=""3d7.(2D2).4d""","=""3D""","=""3""",5,7,,"=""T6999""","=""L9429c118""",
Co,3,"=""219.32575""","=""0.00024""","=""219.32551""","=""0.00014""","=""940""","=""2.9e+07""",C,"=""85475.591""","=""131055.678""","=""3d6.(1I).4s""","=""a 2I""","=""13/2""","=""3d6.(3H).4p""","=""z 2H*""","=""11/2""",14,12,,"=""u37""","=""L19543c139""",
Co,2,"=""219.360460""","=""0.000019""","=""219.360456""","=""0.000015""","=""110000""","=""2.0e+08""",C+,"=""17771.507""","=""63344.333""","=""3d7.(4P).4s""","=""a 5P""","=""3""","=""3d7.(4P).4p""","=""z 5P*""","=""3""",7,7,,"=""T6999""","=""L9429c118""",
Co,2,"=""219.40960""","=""0.00014""","=""219.409679""","=""0.000015""","=""940""","=""2.7e+06""",D,"=""24074.420""","=""69637.023""","=""3d7.(4P).4s""","=""b 3P""","=""2""","=""3d7.(2D2).4p""","=""w 3D*""","=""2""",5,5,,"=""T6999""","=""L9429c118""",
Co,2,"=""219.4256""","=""0.0015""","=""219.426070""","=""0.000015""","=""150""","=""4.2e+06""",D,"=""27585.138""","=""73144.338""","=""3d7.(2P).4s""","=""a 1P""","=""1""","=""3d7.(2D2).4p""","=""x 3P*""","=""1""",3,3,,"=""T6999""","=""L4687c119""",
Co,2,"=""219.44345""","=""0.00020""","=""219.443604""","=""0.000015""","=""1200""","=""1.1e+06""",E,"=""18031.427""","=""63586.987""","=""3d7.(4P).4s""","=""a 5P""","=""2""","=""3d7.(4P).4p""","=""y 3D*""","=""3""",5,7,,"=""T6999""","=""L9429c118""",
Co,2,"=""219.45363""","=""0.00002""","=""219.453630""","=""0.000015""","=""3000""","=""8.7e+07""",C+,"=""68311.113""","=""113864.592""","=""3d7.(2H).4p""","=""z 3I*""","=""6""","=""3d7.(2H).4d""","=""1H""","=""5""",13,11,,"=""T6999""","=""L9429c118""",
Co,2,"=""219.48353""","=""0.00002""","=""219.483544""","=""0.000015""","=""8700""","=""2.9e+08""",C+,"=""68829.451""","=""114376.722""","=""3d7.(2H).4p""","=""z 3I*""","=""5""","=""3d7.(2H).4d""","=""3I""","=""5""",11,11,,"=""T6999""","=""L9429c118""",
Co,2,"=""219.50928""","=""0.00005""","=""219.509234""","=""0.000015""","=""1400""","=""5.0e+07""",D,"=""68843.428""","=""114385.369""","=""3d7.(2H).4p""","=""x 3G*""","=""4""","=""3d7.(2D2).4d""","=""1F""","=""3""",9,7,,"=""T6999""","=""L9429c118""",
Co,2,"=""219.52076""","=""0.00012""","=""219.520828""","=""0.000012""","=""530""","=""1.8e+06""",E,"=""25317.517""","=""70857.053""","=""3d7.(2P).4s""","=""c 3P""","=""1""","=""3d7.(2P).4p""","=""z 1P*""","=""1""",3,3,,"=""T6999""","=""L9429c118""",
Co,2,"=""219.53185""","=""0.00003""","=""219.53181""","=""0.00003""","=""1100""","=""1.0e+08""",D,"=""69317.077""","=""114854.335""","=""3d7.(2D2).4p""","=""w 3D*""","=""1""","=""3d7.(2D2).4d""","=""3D""","=""1""",3,3,,"=""T6999""","=""L9429c118""",
Co,2,"=""219.58363""","=""0.00005""","=""219.58355""","=""0.00003""","=""1900""","=""9.e+06""",D,"=""18338.640""","=""63865.170""","=""3d7.(4P).4s""","=""a 5P""","=""1""","=""3d7.(4P).4p""","=""y 3D*""","=""1""",3,3,,"=""T6999""","=""L9429c118""",
Co,2,"=""219.61806""","=""0.00003""","=""219.618109""","=""0.000020""","=""1900""","=""3.4e+07""",D,"=""63792.717""","=""109312.083""","=""3d7.(2G).4p""","=""z 3H*""","=""4""","=""3d7.(2G).4d""","=""1G""","=""4""",9,9,,"=""T6999""","=""L9429c118""",
Co,2,"=""219.68408""","=""0.00008""","=""219.684220""","=""0.000020""","=""530""","=""2.2e+07""",D,"=""46452.700""","=""91958.369""","=""3d7.(4F).4p""","=""z 5F*""","=""2""","=""3d7.(4F).4d""","=""e 5D""","=""3""",5,7,,"=""T6999""","=""L9429c118""",
Co,2,"=""219.71275""","=""0.00005""","=""219.712787""","=""0.000020""","=""450""","=""6.e+06""",D,"=""45197.711""","=""90697.464""","=""3d7.(4F).4p""","=""z 5F*""","=""5""","=""3d7.(4F).4d""","=""e 5G""","=""5""",11,11,,"=""T6999""","=""L9429c118""",
Co,2,"=""219.71594""","=""0.00005""","=""219.715936""","=""0.000024""","=""1700""","=""3.9e+08""",D,"=""46786.409""","=""92285.510""","=""3d7.(4F).4p""","=""z 5F*""","=""1""","=""3d7.(4F).4d""","=""e 5D""","=""0""",3,1,,"=""T6999""","=""L9429c118""",
Co,2,"=""219.73641""","=""0.00002""","=""219.736405""","=""0.000011""","=""3800""","=""2.6e+08""",C+,"=""65028.512""","=""110523.375""","=""3d7.(2P).4p""","=""z 3P*""","=""1""","=""3d7.(2P).4d""","=""3D""","=""2""",3,5,,"=""T6999""","=""L9429c118""",
Co,2,"=""219.74813""","=""0.00002""","=""219.748134""","=""0.000015""","=""6800""","=""1.5e+08""",C+,"=""68311.113""","=""113803.548""","=""3d7.(2H).4p""","=""z 3I*""","=""6""","=""3d7.(2H).4d""","=""3I""","=""6""",13,13,,"=""T6999""","=""L9429c118""",
Co,2,"=""219.81123""","=""0.00005""","=""219.811201""","=""0.000020""","=""1300""","=""1.0e+08""",D,"=""46452.700""","=""91932.084""","=""3d7.(4F).4p""","=""z 5F*""","=""2""","=""3d7.(4F).4d""","=""e 5P""","=""1""",5,3,,"=""T6999""","=""L9429c118""",
Co,2,"=""219.82615""","=""0.00003""","=""219.826162""","=""0.000020""","=""1200""","=""7.e+07""",D,"=""46452.700""","=""91928.989""","=""3d7.(4F).4p""","=""z 5F*""","=""2""","=""3d7.(4F).4d""","=""e 5G""","=""2""",5,5,,"=""T6999""","=""L9429c118""",
Co,2,"=""219.82961""","=""0.00004""","=""219.829691""","=""0.000024""","=""900*""","=""4.0e+06""",C,"=""4560.789""","=""50036.348""","=""3d7.(4F).4s""","=""a 5F""","=""3""","=""3d7.(4F).4p""","=""z 3G*""","=""3""",7,7,,"=""T6135""","=""L9429c118""",
Co,2,"=""219.89193""","=""0.00023""","=""219.89172""","=""0.00004""","=""410""","=""2.8e+06""",D,"=""63367.333""","=""108830.066""","=""3d7.(4P).4p""","=""z 5P*""","=""2""","=""3d7.(2G).4d""","=""3F""","=""3""",5,7,,"=""T6999""","=""L9429c118""",
Co,2,"=""219.91789""","=""0.00009""","=""219.917748""","=""0.000020""","=""380""","=""1.0e+06""",E,"=""25317.517""","=""70774.869""","=""3d7.(2P).4s""","=""c 3P""","=""1""","=""3d7.(2D2).4p""","=""x 3F*""","=""2""",3,5,,"=""T6999""","=""L9429c118""",
Co,2,"=""219.94012""","=""0.00003""","=""219.940080""","=""0.000015""","=""1100""","=""3.5e+07""",D,"=""45972.036""","=""91424.773""","=""3d7.(4F).4p""","=""z 5F*""","=""3""","=""3d7.(4F).4d""","=""e 5P""","=""2""",7,5,,"=""T6999""","=""L9429c118""",
Co,2,"=""219.94817""","=""0.00005""","=""219.94814""","=""0.00003""","=""530""","=""7.e+07""",D,"=""65408.365""","=""110859.436""","=""3d7.(2P).4p""","=""z 3P*""","=""2""","=""3d7.(2P).4d""","=""3P""","=""1""",5,3,,"=""T6999""","=""L9429c118""",
Co,2,"=""220.01889""","=""0.00002""","=""220.018888""","=""0.000011""","=""1400""","=""9.e+07""",D,"=""45972.036""","=""91408.494""","=""3d7.(4F).4p""","=""z 5F*""","=""3""","=""3d7.(4F).4d""","=""e 3D""","=""3""",7,7,,"=""T6999""","=""L9429c118""",
Co,2,"=""220.04211""","=""0.00002""","=""220.042117""","=""0.000015""","=""2900""","=""7.0e+06""",B,"=""4950.062""","=""50381.724""","=""3d7.(4F).4s""","=""a 5F""","=""2""","=""3d7.(4F).4p""","=""z 3F*""","=""3""",5,7,,"=""T6854""","=""L9429c118""",
Co,2,"=""220.11662""","=""0.00005""","=""220.11673""","=""0.00003""","=""490""","=""2.5e+07""",D,"=""67939.370""","=""113355.633""","=""3d7.(2P).4p""","=""x 3D*""","=""2""","=""3d7.(2D2).4d""","=""3F""","=""3""",5,7,,"=""T6999""","=""L9429c118""",
Co,2,"=""220.12418""","=""0.00002""","=""220.12419""","=""0.00003""","=""1600""","=""2.5e+08""",D,"=""65028.512""","=""110443.236""","=""3d7.(2P).4p""","=""z 3P*""","=""1""","=""3d7.(2P).4d""","=""3D""","=""1""",3,3,,"=""T6999""","=""L9429c118""",
Co,2,"=""220.16436""","=""0.00005""","=""220.164357""","=""0.000020""","=""330""","=""2.7e+07""",D,"=""61240.746""","=""106647.186""","=""3d7.(4P).4p""","=""y 5D*""","=""3""","=""3d7.(4P).4d""","=""5D""","=""2""",7,5,,"=""T6999""","=""L9429c118""",
Co,2,"=""220.21251""","=""0.00017""","=""220.212457""","=""0.000020""","=""160""","=""2.4e+06""",D,"=""68311.113""","=""113707.636""","=""3d7.(2H).4p""","=""z 3I*""","=""6""","=""3d7.(2H).4d""","=""3I""","=""7""",13,15,,"=""T6999""","=""L9429c118""",
Co,2,"=""220.25916""","=""0.00010""","=""220.259312""","=""0.000020""","=""240""","=""1.8e+07""",D,"=""61260.319""","=""106647.186""","=""3d7.(4P).4p""","=""y 5D*""","=""2""","=""3d7.(4P).4d""","=""5D""","=""2""",5,5,,"=""T6999""","=""L9429c118""",
Co,2,"=""220.26191""","=""0.00008""","=""220.261952""","=""0.000020""","=""490""","=""5.e+05""",E,"=""18973.727""","=""64360.050""","=""3d8""","=""a 1G""","=""4""","=""3d7.(2G).4p""","=""y 3F*""","=""3""",9,7,,"=""T6999""","=""L9429c118""",
Co,2,"=""220.28856""","=""0.00002""","=""220.288548""","=""0.000015""","=""1700""","=""8.e+07""",D,"=""45972.036""","=""91352.880""","=""3d7.(4F).4p""","=""z 5F*""","=""3""","=""3d7.(4F).4d""","=""e 5G""","=""4""",7,9,,"=""T6999""","=""L9429c118""",
Co,2,"=""220.29500""","=""0.00003""","=""220.295000""","=""0.000024""","=""12000""","=""1.8e+08""",D,"=""24886.400""","=""70265.915""","=""3d7.(2P).4s""","=""c 3P""","=""2""","=""3d7.(2P).4p""","=""y 3S*""","=""1""",5,3,,"=""T6999""","=""L9429c118""",
Co,2,"=""220.29876""","=""0.00007""","=""220.298695""","=""0.000012""","=""370""","=""4.e+05""",E,"=""0.000""","=""45378.754""","=""3d8""","=""a 3F""","=""4""","=""3d7.(4F).4p""","=""z 5F*""","=""4""",9,9,,"=""T6999""","=""L9429c118""",
Co,2,"=""220.30587""","=""0.00006""","=""220.30585""","=""0.00003""","=""1200""","=""2.0e+07""",D,"=""63865.170""","=""109242.450""","=""3d7.(4P).4p""","=""y 3D*""","=""1""","=""3d7.(2G).4d""","=""3F""","=""2""",3,5,,"=""T6999""","=""L9429c118""",
Co,2,"=""220.31919""","=""0.00007""","=""220.319292""","=""0.000015""","=""160""","=""9.e+05""",E,"=""45378.754""","=""90753.266""","=""3d7.(4F).4p""","=""z 5F*""","=""4""","=""3d7.(4F).4d""","=""f 5F""","=""3""",9,7,,"=""T6999""","=""L9429c118""",
Co,2,"=""220.34294""","=""0.00007""","=""220.342949""","=""0.000012""","=""1200""","=""5.e+06""",D,"=""24267.382""","=""69637.023""","=""3d7.(4P).4s""","=""b 3P""","=""1""","=""3d7.(2D2).4p""","=""w 3D*""","=""2""",3,5,,"=""T6999""","=""L9429c118""",
Co,2,"=""220.45524""","=""0.00006""","=""220.455375""","=""0.000010""","=""190""","=""1.0e+07""",D,"=""46320.832""","=""91667.338""","=""3d7.(4F).4p""","=""z 5D*""","=""4""","=""3d7.(4F).4d""","=""e 5G""","=""3""",9,7,,"=""T6999""","=""L9429c118""",
Co,2,"=""220.46039""","=""0.00004""","=""220.460330""","=""0.000024""","=""1000""","=""6.e+07""",D,"=""61240.746""","=""106586.233""","=""3d7.(4P).4p""","=""y 5D*""","=""3""","=""3d7.(4P).4d""","=""5D""","=""3""",7,7,,"=""T6999""","=""L9429c118""",
Co,2,"=""220.50694""","=""0.00003""","=""220.506925""","=""0.000024""","=""9700""","=""2.5e+07""",D,"=""18031.427""","=""63367.333""","=""3d7.(4P).4s""","=""a 5P""","=""2""","=""3d7.(4P).4p""","=""z 5P*""","=""2""",5,5,,"=""T6999""","=""L9429c118""",
Co,2,"=""220.53047""","=""0.00003""","=""220.530486""","=""0.000020""","=""1500""","=""2.5e+07""",D,"=""68614.222""","=""113945.285""","=""3d7.(2H).4p""","=""z 3I*""","=""7""","=""3d7.(2H).4d""","=""3H""","=""6""",15,13,,"=""T6999""","=""L9429c118""",
Co,2,"=""220.55245""","=""0.00002""","=""220.552436""","=""0.000020""","=""41000""","=""9.e+07""",D,"=""18338.640""","=""63665.192""","=""3d7.(4P).4s""","=""a 5P""","=""1""","=""3d7.(4P).4p""","=""z 5P*""","=""1""",3,3,,"=""T6999""","=""L9429c118""",
Co,2,"=""220.58489""","=""0.00002""","=""220.584880""","=""0.000025""","=""1800""","=""2.8e+07""",D,"=""63510.180""","=""108830.066""","=""3d7.(2G).4p""","=""y 3F*""","=""4""","=""3d7.(2G).4d""","=""3F""","=""3""",9,7,,"=""T6999""","=""L9429c118""",
Co,2,"=""220.58761""","=""0.00004""","=""220.587654""","=""0.000012""","=""2800""","=""3.9e+06""",D,"=""4028.988""","=""49348.304""","=""3d7.(4F).4s""","=""a 5F""","=""4""","=""3d7.(4F).4p""","=""z 3G*""","=""4""",9,9,,"=""T6999""","=""L9429c118""",
Co,2,"=""220.59060""","=""0.00002""","=""220.590604""","=""0.000010""","=""4100""","=""1.40e+08""",C+,"=""45378.754""","=""90697.464""","=""3d7.(4F).4p""","=""z 5F*""","=""4""","=""3d7.(4F).4d""","=""e 5G""","=""5""",9,11,,"=""T6999""","=""L9429c118""",
Co,2,"=""220.61886""","=""0.00002""","=""220.618862""","=""0.000012""","=""100000""","=""1.8e+08""",C+,"=""18031.427""","=""63344.333""","=""3d7.(4P).4s""","=""a 5P""","=""2""","=""3d7.(4P).4p""","=""z 5P*""","=""3""",5,7,,"=""T6999""","=""L9429c118""",
Co,2,"=""220.63149""","=""0.00005""","=""220.631528""","=""0.000015""","=""6700""","=""1.3e+07""",D,"=""25147.233""","=""70457.538""","=""3d7.(2G).4s""","=""b 1G""","=""4""","=""3d7.(2D2).4p""","=""x 3F*""","=""3""",9,7,,"=""T6999""","=""L9429c118""",
Co,2,"=""220.69675""","=""0.00004""","=""220.696740""","=""0.000020""","=""600""","=""4.7e+07""",D,"=""61350.268""","=""106647.186""","=""3d7.(4P).4p""","=""y 5D*""","=""1""","=""3d7.(4P).4d""","=""5D""","=""2""",3,5,,"=""T6999""","=""L9429c118""",
Co,2,"=""220.71346""","=""0.00006""","=""220.713459""","=""0.000020""","=""520""","=""1.2e+07""",D,"=""63306.686""","=""108600.173""","=""3d7.(2G).4p""","=""z 3H*""","=""5""","=""3d7.(2G).4d""","=""1H""","=""5""",11,11,,"=""T6999""","=""L9429c118""",
Co,2,"=""220.73067""","=""0.00009""","=""220.73067""","=""0.00003""","=""280*""","=""9.e+06""",D,"=""69637.023""","=""114926.979""","=""3d7.(2D2).4p""","=""w 3D*""","=""2""","=""3d7.(2D2).4d""","=""3G""","=""3""",5,7,,"=""T6999""","=""L9429c118""",
Co,3,"=""220.7569""","=""0.0003""","=""220.75760""","=""0.00010""","=""150""","=""6.2e+06""",D+,"=""85518.751""","=""130803.183""","=""3d6.(1I).4s""","=""a 2I""","=""11/2""","=""3d6.(3F2).4p""","=""y 2G*""","=""9/2""",12,10,,"=""u37""","=""L19543c139""",
Co,2,"=""220.79213""","=""0.00002""","=""220.792130""","=""0.000015""","=""26000""","=""7.e+07""",D,"=""18338.640""","=""63615.990""","=""3d7.(4P).4s""","=""a 5P""","=""1""","=""3d7.(4P).4p""","=""y 3D*""","=""2""",3,5,,"=""T6999""","=""L9429c118""",
Co,2,"=""220.88409""","=""0.00002""","=""220.884079""","=""0.000015""","=""1700""","=""1.1e+08""",D,"=""46786.409""","=""92044.913""","=""3d7.(4F).4p""","=""z 5F*""","=""1""","=""3d7.(4F).4d""","=""e 3D""","=""2""",3,5,,"=""T6999""","=""L9429c118""",
Co,2,"=""220.89479""","=""0.00008""","=""220.894730""","=""0.000020""","=""630""","=""9.e+07""",D,"=""61260.319""","=""106516.641""","=""3d7.(4P).4p""","=""y 5D*""","=""2""","=""3d7.(4P).4d""","=""5D""","=""1""",5,3,,"=""T6999""","=""L9429c118""",
Co,2,"=""220.90534""","=""0.00018""","=""220.90539""","=""0.00007""","=""320""","=""1.2e+07""",D,"=""29268.777""","=""74522.916""","=""3d7.(2D2).4s""","=""a 3D""","=""1""","=""3d7.(2D2).4p""","=""y 1P*""","=""1""",3,3,,"=""T6999""","=""L9429c118""",
Co,2,"=""220.95057""","=""0.00009""","=""220.950598""","=""0.000020""","=""1500""","=""2.2e+07""",D,"=""27902.161""","=""73147.041""","=""3d7.(2H).4s""","=""a 3H""","=""4""","=""3d7.(2H).4p""","=""y 1G*""","=""4""",9,9,,"=""T6999""","=""L9429c118""",
Co,2,"=""220.95924""","=""0.00008""","=""220.959394""","=""0.000020""","=""630""","=""7.e+06""",D,"=""63586.987""","=""108830.066""","=""3d7.(4P).4p""","=""y 3D*""","=""3""","=""3d7.(2G).4d""","=""3F""","=""3""",7,7,,"=""T6999""","=""L9429c118""",
Co,2,"=""220.96588""","=""0.00009""","=""220.96564""","=""0.00003""","=""230""","=""1.6e+07""",D,"=""61260.319""","=""106502.120""","=""3d7.(4P).4p""","=""y 5D*""","=""2""","=""3d7.(4P).4d""","=""3F""","=""2""",5,5,,"=""T6999""","=""L9429c118""",
Co,2,"=""221.08544""","=""0.00008""","=""221.08532""","=""0.00004""","=""250""","=""1.8e+07""",D,"=""69637.023""","=""114854.335""","=""3d7.(2D2).4p""","=""w 3D*""","=""2""","=""3d7.(2D2).4d""","=""3D""","=""1""",5,3,,"=""T6999""","=""L9429c118""",
Co,2,"=""221.08885""","=""0.00003""","=""221.088807""","=""0.000025""","=""930""","=""3.3e+07""",D,"=""67209.258""","=""112425.857""","=""3d7.(2P).4p""","=""z 1D*""","=""2""","=""3d7.(4F).5d""","=""3D""","=""2""",5,5,,"=""T6999""","=""L9429c118""",
Co,2,"=""221.0984""","=""""","=""221.098397""","=""0.000015""","=""9300bl:""","=""2.3e+08""",C+,"=""46452.700""","=""91667.338""","=""3d7.(4F).4p""","=""z 5F*""","=""2""","=""3d7.(4F).4d""","=""e 5G""","=""3""",5,7,,"=""T6999""","=""L9429c119""",
Co,2,"=""221.1011""","=""""","=""221.101145""","=""0.000020""","=""1600bl:""","=""1.7e+07""",D,"=""63615.990""","=""108830.066""","=""3d7.(4P).4p""","=""y 3D*""","=""2""","=""3d7.(2G).4d""","=""3F""","=""3""",5,7,,"=""T6999""","=""L9429c119""",
Co,2,"=""221.14280""","=""0.00004""","=""221.14281""","=""0.00005""","=""7400""","=""7.6e+06""",B+,"=""3350.494""","=""48556.052""","=""3d7.(4F).4s""","=""a 5F""","=""5""","=""3d7.(4F).4p""","=""z 3G*""","=""5""",11,11,,"=""T6854""","=""L9429c118""",
Co,2,"=""221.16575""","=""0.00003""","=""221.165788""","=""0.000015""","=""1100""","=""7.e+07""",D,"=""69059.933""","=""114260.795""","=""3d7.(2D2).4p""","=""w 3D*""","=""3""","=""3d7.(2D2).4d""","=""3D""","=""2""",7,5,,"=""T6999""","=""L9429c118""",
Co,2,"=""221.17974""","=""0.00008""","=""221.17988""","=""0.00003""","=""220""","=""1.9e+07""",D,"=""61388.250""","=""106586.233""","=""3d7.(4P).4p""","=""y 5D*""","=""4""","=""3d7.(4P).4d""","=""5D""","=""3""",9,7,,"=""T6999""","=""L9429c118""",
Co,2,"=""221.22237""","=""0.00002""","=""221.222253""","=""0.000020""","=""3200*""","=""6.e+07""",D,"=""68614.222""","=""113803.548""","=""3d7.(2H).4p""","=""z 3I*""","=""7""","=""3d7.(2H).4d""","=""3I""","=""6""",15,13,,"=""T6999""","=""L9429c118""",
Co,2,"=""221.22826""","=""0.00008""","=""221.228168""","=""0.000025""","=""320""","=""1.2e+07""",D,"=""61240.746""","=""106428.864""","=""3d7.(4P).4p""","=""y 5D*""","=""3""","=""3d7.(4P).4d""","=""5D""","=""4""",7,9,,"=""T6999""","=""L9429c118""",
Co,2,"=""221.25449""","=""0.00003""","=""221.254522""","=""0.000010""","=""1500""","=""4.1e+07""",D,"=""48556.052""","=""93738.788""","=""3d7.(4F).4p""","=""z 3G*""","=""5""","=""3d7.(4F).4d""","=""f 3F""","=""4""",11,9,,"=""T6999""","=""L9429c118""",
Co,2,"=""221.30363""","=""0.00002""","=""221.303630""","=""0.000015""","=""5600""","=""1.7e+08""",C+,"=""69356.240""","=""114528.951""","=""3d7.(2H).4p""","=""x 3G*""","=""3""","=""3d7.(2H).4d""","=""3H""","=""4""",7,9,,"=""T6999""","=""L9429c118""",
Co,2,"=""221.31804""","=""0.00008""","=""221.31812""","=""0.00004""","=""3200""","=""6.e+07""",D,"=""27484.373""","=""72654.127""","=""3d7.(2D2).4s""","=""a 3D""","=""3""","=""3d7.(2D2).4p""","=""y 1D*""","=""2""",7,5,,"=""T6999""","=""L9429c118""",
Co,2,"=""221.32600""","=""0.00002""","=""221.325837""","=""0.000025""","=""4100*""","=""6.e+05""",E,"=""64360.050""","=""109528.229""","=""3d7.(2G).4p""","=""y 3F*""","=""3""","=""3d7.(4F).6s""","=""5F""","=""3""",7,7,,"=""T6999""","=""L9429c118""",
Co,2,"=""221.32600""","=""0.00002""","=""221.32615""","=""0.00025""","=""4100*""","=""2.1e+08""",C+,"=""65408.365""","=""110576.48""","=""3d7.(2P).4p""","=""z 3P*""","=""2""","=""3d7.(2P).4d""","=""3D""","=""3""",5,7,,"=""T6999""","=""L9429c118""",
Co,2,"=""221.33449""","=""0.00013""","=""221.334687""","=""0.000020""","=""130""","=""1.8e+07""",D,"=""61350.268""","=""106516.641""","=""3d7.(4P).4p""","=""y 5D*""","=""1""","=""3d7.(4P).4d""","=""5D""","=""1""",3,3,,"=""T6999""","=""L9429c118""",
Co,3,"=""221.3501""","=""0.0005""","=""221.34946""","=""0.00015""","=""48""","=""2.4e+07""",D+,"=""83775.456""","=""128938.815""","=""3d6.(3D).4s""","=""b 4D""","=""3/2""","=""3d6.(3F2).4p""","=""x 4D*""","=""1/2""",4,2,,"=""u37""","=""L19543c140""",
Co,2,"=""221.40570""","=""0.00008""","=""221.40588""","=""0.00003""","=""240""","=""3.9e+07""",D,"=""61350.268""","=""106502.120""","=""3d7.(4P).4p""","=""y 5D*""","=""1""","=""3d7.(4P).4d""","=""3F""","=""2""",3,5,,"=""T6999""","=""L9429c118""",
Co,2,"=""221.43355""","=""0.00002""","=""221.433598""","=""0.000020""","=""14000bl(Co II)""","=""2.9e+08""",C+,"=""69617.495""","=""114763.695""","=""3d7.(2H).4p""","=""z 1I*""","=""6""","=""3d7.(2H).4d""","=""1I""","=""6""",13,13,,"=""T6999""","=""L9429c118""",
Co,2,"=""221.43614""","=""0.00002""","=""221.43617""","=""0.00003""","=""2700bl(Co II)""","=""1.6e+08""",D,"=""46786.409""","=""91932.084""","=""3d7.(4F).4p""","=""z 5F*""","=""1""","=""3d7.(4F).4d""","=""e 5P""","=""1""",3,3,,"=""T6999""","=""L9429c118""",
Co,2,"=""221.45137""","=""0.00002""","=""221.451356""","=""0.000015""","=""2600""","=""2.7e+08""",C+,"=""46786.409""","=""91928.989""","=""3d7.(4F).4p""","=""z 5F*""","=""1""","=""3d7.(4F).4d""","=""e 5G""","=""2""",3,5,,"=""T6999""","=""L9429c118""",
Co,2,"=""221.45811""","=""0.00003""","=""221.458073""","=""0.000025""","=""1200""","=""2.8e+07""",D,"=""67209.258""","=""112350.469""","=""3d7.(2P).4p""","=""z 1D*""","=""2""","=""3d7.(2P).4d""","=""1D""","=""2""",5,5,,"=""T6999""","=""L9429c118""",
Co,2,"=""221.47925""","=""0.00002""","=""221.479256""","=""0.000011""","=""8200""","=""1.44e+07""",B,"=""4560.789""","=""49697.683""","=""3d7.(4F).4s""","=""a 5F""","=""3""","=""3d7.(4F).4p""","=""z 3F*""","=""4""",7,9,,"=""T6854""","=""L9429c118""",
Co,2,"=""221.54374""","=""0.00003""","=""221.543728""","=""0.000025""","=""890""","=""3.9e+07""",D,"=""68311.113""","=""113434.873""","=""3d7.(2H).4p""","=""z 3I*""","=""6""","=""3d7.(2H).4d""","=""3K""","=""6""",13,13,,"=""T6999""","=""L9429c118""",
Co,2,"=""221.58262""","=""0.00006""","=""221.582652""","=""0.000025""","=""700""","=""1.3e+07""",D,"=""68829.451""","=""113945.285""","=""3d7.(2H).4p""","=""z 3I*""","=""5""","=""3d7.(2H).4d""","=""3H""","=""6""",11,13,,"=""T6999""","=""L9429c118""",
Co,2,"=""221.58671""","=""0.00002""","=""221.586700""","=""0.000012""","=""1800""","=""1.2e+08""",D,"=""65408.365""","=""110523.375""","=""3d7.(2P).4p""","=""z 3P*""","=""2""","=""3d7.(2P).4d""","=""3D""","=""2""",5,5,,"=""T6999""","=""L9429c118""",
Co,2,"=""221.63556""","=""0.00002""","=""221.635561""","=""0.000011""","=""15000""","=""4.3e+08""",C+,"=""45197.711""","=""90302.776""","=""3d7.(4F).4p""","=""z 5F*""","=""5""","=""3d7.(4F).4d""","=""e 5G""","=""6""",11,13,,"=""T6999""","=""L9429c118""",
Co,2,"=""221.64108""","=""0.00005""","=""221.64115""","=""0.00003""","=""590""","=""2.7e+08""",D,"=""61350.268""","=""106454.196""","=""3d7.(4P).4p""","=""y 5D*""","=""1""","=""3d7.(4P).4d""","=""5D""","=""0""",3,1,,"=""T6999""","=""L9429c118""",
Co,3,"=""221.6744""","=""0.0005""","=""221.67268""","=""0.00007""","=""240""","=""7.0e+06""",D+,"=""82921.847""","=""128019.360""","=""3d6.(3G).4s""","=""b 2G""","=""7/2""","=""3d6.(3F2).4p""","=""x 4D*""","=""7/2""",8,8,,"=""u37""","=""L19543c140""",
Co,2,"=""221.69282""","=""0.00002""","=""221.692832""","=""0.000015""","=""8500""","=""2.0e+08""",C+,"=""68614.222""","=""113707.636""","=""3d7.(2H).4p""","=""z 3I*""","=""7""","=""3d7.(2H).4d""","=""3I""","=""7""",15,15,,"=""T6999""","=""L9429c118""",
Co,2,"=""221.70958""","=""0.00004""","=""221.709654""","=""0.000015""","=""670""","=""7.e+06""",D,"=""63510.180""","=""108600.173""","=""3d7.(2G).4p""","=""y 3F*""","=""4""","=""3d7.(2G).4d""","=""1H""","=""5""",9,11,,"=""T6999""","=""L9429c118""",
Co,2,"=""221.72112""","=""0.00006""","=""221.721117""","=""0.000009""","=""130""","=""2.9e+06""",D,"=""46320.832""","=""91408.494""","=""3d7.(4F).4p""","=""z 5D*""","=""4""","=""3d7.(4F).4d""","=""e 3D""","=""3""",9,7,,"=""T6999""","=""L9429c118""",
Co,2,"=""221.7279""","=""""","=""221.727885""","=""0.000015""","=""630bl:""","=""1.0e+07""",D+,"=""4950.062""","=""50036.348""","=""3d7.(4F).4s""","=""a 5F""","=""2""","=""3d7.(4F).4p""","=""z 3G*""","=""3""",5,7,,"=""T6135""","=""L9429c119""",
Co,2,"=""221.7301""","=""""","=""221.730103""","=""0.000015""","=""10000bl:""","=""5.5e+08""",C+,"=""45378.754""","=""90464.589""","=""3d7.(4F).4p""","=""z 5F*""","=""4""","=""3d7.(4F).4d""","=""e 5P""","=""3""",9,7,,"=""T6999""","=""L9429c119""",
Co,2,"=""221.74839""","=""0.00007""","=""221.748298""","=""0.000020""","=""630""","=""1.5e+06""",D,"=""63306.686""","=""108388.822""","=""3d7.(2G).4p""","=""z 3H*""","=""5""","=""3d7.(2G).4d""","=""3H""","=""4""",11,9,,"=""T6999""","=""L9429c118""",
Co,2,"=""221.77162""","=""0.00002""","=""221.771622""","=""0.000008""","=""3100""","=""1.5e+08""",C+,"=""45972.036""","=""91049.431""","=""3d7.(4F).4p""","=""z 5F*""","=""3""","=""3d7.(4F).4d""","=""e 5D""","=""4""",7,9,,"=""T6999""","=""L9429c118""",
Co,2,"=""221.79822""","=""0.00006""","=""221.798225""","=""0.000020""","=""960""","=""1.8e+07""",D,"=""68203.012""","=""113275.001""","=""3d7.(2H).4p""","=""x 3G*""","=""5""","=""3d7.(2H).4d""","=""3G""","=""4""",11,9,,"=""T6999""","=""L9429c118""",
Co,2,"=""221.81301""","=""0.00004""","=""221.81299""","=""0.00003""","=""1000""","=""1.8e+07""",D,"=""27585.138""","=""72654.127""","=""3d7.(2P).4s""","=""a 1P""","=""1""","=""3d7.(2D2).4p""","=""y 1D*""","=""2""",3,5,,"=""T6999""","=""L9429c118""",
Co,2,"=""221.86467""","=""0.00003""","=""221.86455""","=""0.00005""","=""810""","=""1.1e+08""",D,"=""61458.124""","=""106516.641""","=""3d7.(4P).4p""","=""y 5D*""","=""0""","=""3d7.(4P).4d""","=""5D""","=""1""",1,3,,"=""T6999""","=""L9429c118""",
Co,2,"=""221.90197""","=""0.00003""","=""221.901895""","=""0.000020""","=""2100*""","=""1.34e+08""",C+,"=""68203.012""","=""113253.946""","=""3d7.(2H).4p""","=""x 3G*""","=""5""","=""3d7.(2D2).4d""","=""3F""","=""4""",11,9,,"=""T6999""","=""L9429c118""",
Co,2,"=""221.90197""","=""0.00003""","=""221.902875""","=""0.000020""","=""2100*""","=""2.7e+06""",D,"=""27484.373""","=""72535.108""","=""3d7.(2D2).4s""","=""a 3D""","=""3""","=""3d7.(2D2).4p""","=""y 1F*""","=""3""",7,7,,"=""T6999""","=""L9429c118""",
Co,2,"=""221.90795""","=""0.00003""","=""221.907998""","=""0.000015""","=""2200""","=""2.3e+07""",D,"=""24267.382""","=""69317.077""","=""3d7.(4P).4s""","=""b 3P""","=""1""","=""3d7.(2D2).4p""","=""w 3D*""","=""1""",3,3,,"=""T6999""","=""L9429c118""",
Co,2,"=""221.91905""","=""0.00009""","=""221.919162""","=""0.000025""","=""280""","=""1.4e+06""",E,"=""63865.170""","=""108912.599""","=""3d7.(4P).4p""","=""y 3D*""","=""1""","=""3d7.(2G).4d""","=""1D""","=""2""",3,5,,"=""T6999""","=""L9429c118""",
Co,3,"=""""","=""""","=""221.9225""","=""0.0006""","=""""","=""2.1e+01""",C,"=""37317.85""","=""82364.601""","=""3d7""","=""a 2F""","=""7/2""","=""3d6.(3G).4s""","=""b 2G""","=""9/2""",8,10,E2,"=""u37""","=""""",
Co,2,"=""221.93374""","=""0.00013""","=""221.933648""","=""0.000015""","=""220""","=""7.e+05""",E,"=""63344.333""","=""108388.822""","=""3d7.(4P).4p""","=""z 5P*""","=""3""","=""3d7.(2G).4d""","=""3H""","=""4""",7,9,,"=""T6999""","=""L9429c118""",
Co,2,"=""221.95240""","=""0.00003""","=""221.9518""","=""0.0003""","=""2800bl""","=""1.0e+07""",D,"=""63306.686""","=""108347.492""","=""3d7.(2G).4p""","=""z 3H*""","=""5""","=""3d7.(2G).4d""","=""1I""","=""6""",11,13,,"=""T6999""","=""L9429c118""",
Co,2,"=""221.95240""","=""0.00003""","=""221.952743""","=""0.000020""","=""2800*""","=""8.e+07""",D,"=""61388.250""","=""106428.864""","=""3d7.(4P).4p""","=""y 5D*""","=""4""","=""3d7.(4P).4d""","=""5D""","=""4""",9,9,,"=""T6999""","=""L9429c118""",
Co,2,"=""221.98000""","=""0.00010""","=""221.979719""","=""0.000015""","=""960p""","=""1.9e+07""",D,"=""68829.451""","=""113864.592""","=""3d7.(2H).4p""","=""z 3I*""","=""5""","=""3d7.(2H).4d""","=""1H""","=""5""",11,11,,"=""T6999""","=""L9429c118""",
Co,2,"=""221.99292""","=""0.00002""","=""221.992907""","=""0.000015""","=""10000bl""","=""2.1e+08""",D,"=""28111.872""","=""73144.338""","=""3d7.(2D2).4s""","=""a 3D""","=""2""","=""3d7.(2D2).4p""","=""x 3P*""","=""1""",5,3,,"=""T6999""","=""L9429c118""",
Co,2,"=""221.99496""","=""0.00003""","=""221.994967""","=""0.000010""","=""3700bl""","=""6.e+07""",D,"=""46320.832""","=""91352.880""","=""3d7.(4F).4p""","=""z 5D*""","=""4""","=""3d7.(4F).4d""","=""e 5G""","=""4""",9,9,,"=""T6999""","=""L9429c118""",
Co,2,"=""222.01150""","=""0.00002""","=""222.01151""","=""0.00003""","=""67000bl(Co II)""","=""1.6e+08""",D,"=""18338.640""","=""63367.333""","=""3d7.(4P).4s""","=""a 5P""","=""1""","=""3d7.(4P).4p""","=""z 5P*""","=""2""",3,5,,"=""T6999""","=""L9429c118""",
Co,2,"=""222.01798""","=""0.00003""","=""222.019153""","=""0.000020""","=""1300*""","=""3.0e+05""",E,"=""63792.717""","=""108819.860""","=""3d7.(2G).4p""","=""z 3H*""","=""4""","=""3d7.(4F).6s""","=""3F""","=""4""",9,9,,"=""T6999""","=""L9429c118""",
Co,2,"=""222.04577""","=""0.00009""","=""222.04594""","=""0.00003""","=""190""","=""2.9e+05""",E,"=""950.324""","=""45972.036""","=""3d8""","=""a 3F""","=""3""","=""3d7.(4F).4p""","=""z 5F*""","=""3""",7,7,,"=""T6999""","=""L9429c118""",
Co,2,"=""222.04863""","=""0.00002""","=""222.048641""","=""0.000011""","=""2400""","=""6.e+07""",D,"=""68843.428""","=""113864.592""","=""3d7.(2H).4p""","=""x 3G*""","=""4""","=""3d7.(2H).4d""","=""1H""","=""5""",9,11,,"=""T6999""","=""L9429c118""",
Co,2,"=""222.05298""","=""0.00003""","=""222.05300""","=""0.00003""","=""1600""","=""6.e+07""",D,"=""49348.304""","=""94368.585""","=""3d7.(4F).4p""","=""z 3G*""","=""4""","=""3d7.(4F).4d""","=""f 3F""","=""3""",9,7,,"=""T6999""","=""L9429c118""",
Co,2,"=""222.06147""","=""0.00007""","=""222.061476""","=""0.000020""","=""410""","=""3.e+05""",E,"=""65154.041""","=""110172.603""","=""3d7.(2G).4p""","=""y 3G*""","=""4""","=""3d7.(4F).6s""","=""3F""","=""3""",9,7,,"=""T6999""","=""L9429c118""",
Co,3,"=""222.07708""","=""0.00019""","=""222.07847""","=""0.00020""","=""40""","=""8.e+06""",D+,"=""83791.34""","=""128806.458""","=""3d6.(3D).4s""","=""b 4D""","=""1/2""","=""3d6.(3F2).4p""","=""x 4D*""","=""3/2""",2,4,,"=""u37""","=""L19543c139,c153""",
Co,2,"=""222.12297""","=""0.00002""","=""222.122970""","=""0.000015""","=""3100""","=""9.8e+07""",C+,"=""46320.832""","=""91326.932""","=""3d7.(4F).4p""","=""z 5D*""","=""4""","=""3d7.(4F).4d""","=""e 3G""","=""5""",9,11,,"=""T6999""","=""L9429c118""",
Co,2,"=""222.14591""","=""0.00002""","=""222.145914""","=""0.000015""","=""4800""","=""2.1e+08""",C+,"=""45197.711""","=""90199.163""","=""3d7.(4F).4p""","=""z 5F*""","=""5""","=""3d7.(4F).4d""","=""f 5F""","=""4""",11,9,,"=""T6999""","=""L9429c118""",
Co,2,"=""222.17508""","=""0.00002""","=""222.174162""","=""0.000020""","=""9200*""","=""6.e+06""",D,"=""25861.322""","=""70857.053""","=""3d7.(2P).4s""","=""c 3P""","=""0""","=""3d7.(2P).4p""","=""z 1P*""","=""1""",1,3,,"=""T6999""","=""L9429c118""",
Co,2,"=""222.17508""","=""0.00002""","=""222.175036""","=""0.000015""","=""9200*""","=""4.7e+08""",C+,"=""45972.036""","=""90967.590""","=""3d7.(4F).4p""","=""z 5F*""","=""3""","=""3d7.(4F).4d""","=""f 5F""","=""2""",7,5,,"=""T6999""","=""L9429c118""",
Co,2,"=""222.22460""","=""0.00008""","=""222.224632""","=""0.000013""","=""1700""","=""9.e+06""",D,"=""24074.420""","=""69059.933""","=""3d7.(4P).4s""","=""b 3P""","=""2""","=""3d7.(2D2).4p""","=""w 3D*""","=""3""",5,7,,"=""T6999""","=""L9429c118""",
Co,2,"=""222.2379""","=""0.0015""","=""222.238955""","=""0.000025""","=""290d""","=""3.6e+06""",D,"=""47537.365""","=""92519.979""","=""3d7.(4F).4p""","=""z 5D*""","=""2""","=""3d7.(4F).4d""","=""e 3G""","=""3""",5,7,,"=""T6999""","=""L4687c119""",
Co,2,"=""222.24616""","=""0.00008""","=""222.246278""","=""0.000020""","=""160""","=""1.7e+07""",D,"=""61240.746""","=""106221.878""","=""3d7.(4P).4p""","=""y 5D*""","=""3""","=""3d7.(4P).4d""","=""3F""","=""4""",7,9,,"=""T6999""","=""L9429c118""",
Co,2,"=""222.26024""","=""0.00014""","=""222.260104""","=""0.000025""","=""320""","=""1.0e+06""",E,"=""67939.370""","=""112917.704""","=""3d7.(2P).4p""","=""x 3D*""","=""2""","=""3d7.(4F).5d""","=""5G""","=""2""",5,5,,"=""T6999""","=""L9429c118""",
Co,2,"=""222.28107""","=""0.00003""","=""222.281046""","=""0.000020""","=""1200""","=""2.2e+07""",D,"=""68829.451""","=""113803.548""","=""3d7.(2H).4p""","=""z 3I*""","=""5""","=""3d7.(2H).4d""","=""3I""","=""6""",11,13,,"=""T6999""","=""L9429c118""",
Co,2,"=""222.29105""","=""0.00002""","=""222.291050""","=""0.000011""","=""2600""","=""2.5e+08""",C+,"=""46452.700""","=""91424.773""","=""3d7.(4F).4p""","=""z 5F*""","=""2""","=""3d7.(4F).4d""","=""e 5P""","=""2""",5,5,,"=""T6999""","=""L9429c118""",
Co,2,"=""222.30434""","=""0.00002""","=""222.304275""","=""0.000015""","=""1400""","=""7.e+07""",D,"=""62440.078""","=""107409.476""","=""3d7.(4P).4p""","=""z 3S*""","=""1""","=""3d7.(4P).4d""","=""3D""","=""2""",3,5,,"=""T6999""","=""L9429c118""",
Co,2,"=""222.32632""","=""0.00002""","=""222.326317""","=""0.000015""","=""4400""","=""1.28e+08""",C+,"=""63510.180""","=""108475.120""","=""3d7.(2G).4p""","=""y 3F*""","=""4""","=""3d7.(2G).4d""","=""3F""","=""4""",9,9,,"=""T6999""","=""L9429c118""",
Co,2,"=""222.37153""","=""0.00003""","=""222.371553""","=""0.000012""","=""1100""","=""5.e+07""",D,"=""46452.700""","=""91408.494""","=""3d7.(4F).4p""","=""z 5F*""","=""2""","=""3d7.(4F).4d""","=""e 3D""","=""3""",5,7,,"=""T6999""","=""L9429c118""",
Co,3,"=""222.3878""","=""0.0004""","=""222.38780""","=""0.00010""","=""150""","=""8.e+06""",D+,"=""86328.378""","=""131280.888""","=""3d6.(1G2).4s""","=""c 2G""","=""7/2""","=""3d6.(3F2).4p""","=""y 2G*""","=""7/2""",8,8,,"=""u37""","=""L19543c139""",
Co,2,"=""222.39014""","=""0.00005""","=""222.390160""","=""0.000015""","=""410""","=""9.e+06""",D,"=""64360.050""","=""109312.083""","=""3d7.(2G).4p""","=""y 3F*""","=""3""","=""3d7.(2G).4d""","=""1G""","=""4""",7,9,,"=""T6999""","=""L9429c118""",
Co,2,"=""222.40815""","=""0.00003""","=""222.408146""","=""0.000025""","=""5200""","=""8.e+07""",D,"=""25317.517""","=""70265.915""","=""3d7.(2P).4s""","=""c 3P""","=""1""","=""3d7.(2P).4p""","=""y 3S*""","=""1""",3,3,,"=""T6999""","=""L9429c118""",
Co,2,"=""222.43126""","=""0.00003""","=""222.431308""","=""0.000015""","=""770""","=""2.1e+07""",D,"=""69317.077""","=""114260.795""","=""3d7.(2D2).4p""","=""w 3D*""","=""1""","=""3d7.(2D2).4d""","=""3D""","=""2""",3,5,,"=""T6999""","=""L9429c118""",
Co,2,"=""222.44175""","=""0.00002""","=""222.441727""","=""0.000015""","=""2800""","=""7.e+07""",D,"=""69617.495""","=""114559.108""","=""3d7.(2H).4p""","=""z 1I*""","=""6""","=""3d7.(2H).4d""","=""3H""","=""5""",13,11,,"=""T6999""","=""L9429c118""",
Co,2,"=""222.49308""","=""0.00005""","=""222.493061""","=""0.000025""","=""520""","=""6.e+07""",D,"=""65511.991""","=""110443.236""","=""3d7.(4P).4p""","=""y 3P*""","=""0""","=""3d7.(2P).4d""","=""3D""","=""1""",1,3,,"=""T6999""","=""L9429c118""",
Co,2,"=""222.55242""","=""0.00002""","=""222.552411""","=""0.000010""","=""2900""","=""1.8e+08""",C+,"=""47039.105""","=""91958.369""","=""3d7.(4F).4p""","=""z 5D*""","=""3""","=""3d7.(4F).4d""","=""e 5D""","=""3""",7,7,,"=""T6999""","=""L9429c118""",
Co,2,"=""222.59479""","=""0.00002""","=""222.594735""","=""0.000012""","=""15000*""","=""1.9e+08""",C+,"=""64401.359""","=""109312.083""","=""3d7.(2G).4p""","=""z 1G*""","=""4""","=""3d7.(2G).4d""","=""1G""","=""4""",9,9,,"=""T6999""","=""L9429c118""",
Co,2,"=""222.59479""","=""0.00002""","=""222.596143""","=""0.000020""","=""15000*""","=""1.9e+07""",D,"=""63306.686""","=""108217.126""","=""3d7.(2G).4p""","=""z 3H*""","=""5""","=""3d7.(2G).4d""","=""3I""","=""5""",11,11,,"=""T6999""","=""L9429c118""",
Co,2,"=""222.61671""","=""0.00002""","=""222.616706""","=""0.000020""","=""2400""","=""3.5e+08""",C+,"=""46452.700""","=""91358.992""","=""3d7.(4F).4p""","=""z 5F*""","=""2""","=""3d7.(4F).4d""","=""f 5F""","=""1""",5,3,,"=""T6999""","=""L9429c118""",
Co,2,"=""222.62516""","=""0.00018""","=""222.625318""","=""0.000015""","=""660""","=""4.1e+07""",D,"=""69356.240""","=""114260.795""","=""3d7.(2H).4p""","=""x 3G*""","=""3""","=""3d7.(2D2).4d""","=""3D""","=""2""",7,5,,"=""T6999""","=""L9429c118""",
Co,2,"=""222.70679""","=""0.00008""","=""222.706772""","=""0.000015""","=""770""","=""2.4e+07""",D,"=""63586.987""","=""108475.120""","=""3d7.(4P).4p""","=""y 3D*""","=""3""","=""3d7.(2G).4d""","=""3F""","=""4""",7,9,,"=""T6999""","=""L9429c118""",
Co,2,"=""222.73516""","=""0.00002""","=""222.735222""","=""0.000020""","=""3300*""","=""7.e+07""",D,"=""64360.050""","=""109242.450""","=""3d7.(2G).4p""","=""y 3F*""","=""3""","=""3d7.(2G).4d""","=""3F""","=""2""",7,5,,"=""T6999""","=""L9429c118""",
Co,2,"=""222.7516""","=""""","=""222.751626""","=""0.000015""","=""2000bl:""","=""3.8e+07""",D,"=""47039.105""","=""91918.200""","=""3d7.(4F).4p""","=""z 5D*""","=""3""","=""3d7.(4F).4d""","=""e 3G""","=""4""",7,9,,"=""T6999""","=""L9429c119""",
Co,2,"=""222.7539""","=""""","=""222.753875""","=""0.000020""","=""10000bl:""","=""1.6e+07""",D,"=""63510.180""","=""108388.822""","=""3d7.(2G).4p""","=""y 3F*""","=""4""","=""3d7.(2G).4d""","=""3H""","=""4""",9,9,,"=""T6999""","=""L9429c119""",
Co,2,"=""222.81602""","=""0.00005""","=""222.816021""","=""0.000015""","=""290""","=""2.3e+07""",D,"=""65657.249""","=""110523.375""","=""3d7.(4P).4p""","=""y 3P*""","=""1""","=""3d7.(2P).4d""","=""3D""","=""2""",3,5,,"=""T6999""","=""L9429c118""",
Co,2,"=""222.94454""","=""0.00007""","=""222.944396""","=""0.000015""","=""360""","=""1.9e+05""",E,"=""64601.778""","=""109442.072""","=""3d7.(2G).4p""","=""y 3G*""","=""5""","=""3d7.(4F).6s""","=""5F""","=""4""",11,9,,"=""T6999""","=""L9429c118""",
Co,2,"=""222.97752""","=""0.00005""","=""222.977547""","=""0.000025""","=""360""","=""3.9e+07""",D,"=""61388.250""","=""106221.878""","=""3d7.(4P).4p""","=""y 5D*""","=""4""","=""3d7.(4P).4d""","=""3F""","=""4""",9,9,,"=""T6999""","=""L9429c118""",
Co,2,"=""223.04332""","=""0.00002""","=""223.043317""","=""0.000010""","=""9500""","=""4.3e+08""",C+,"=""45378.754""","=""90199.163""","=""3d7.(4F).4p""","=""z 5F*""","=""4""","=""3d7.(4F).4d""","=""f 5F""","=""4""",9,9,,"=""T6999""","=""L9429c118""",
Co,2,"=""223.10782""","=""0.00003""","=""223.107801""","=""0.000015""","=""1200""","=""1.6e+07""",D,"=""63792.717""","=""108600.173""","=""3d7.(2G).4p""","=""z 3H*""","=""4""","=""3d7.(2G).4d""","=""1H""","=""5""",9,11,,"=""T6999""","=""L9429c118""",
Co,2,"=""223.13577""","=""0.00002""","=""223.135795""","=""0.000015""","=""7300""","=""1.7e+07""",D,"=""63586.987""","=""108388.822""","=""3d7.(4P).4p""","=""y 3D*""","=""3""","=""3d7.(2G).4d""","=""3H""","=""4""",7,9,,"=""T6999""","=""L9429c118""",
Co,2,"=""""","=""""","=""223.189454""","=""0.000025""","=""m(Co II)""","=""1.8e+07""",D,"=""47848.781""","=""92639.846""","=""3d7.(4F).4p""","=""z 5D*""","=""1""","=""3d7.(4F).4d""","=""e 3D""","=""1""",3,3,,"=""T6999""","=""L4687""",
Co,2,"=""223.19042""","=""0.00002""","=""223.190430""","=""0.000020""","=""10000""","=""3.9e+08""",C+,"=""68203.012""","=""112993.881""","=""3d7.(2H).4p""","=""x 3G*""","=""5""","=""3d7.(2H).4d""","=""3G""","=""5""",11,11,,"=""T6999""","=""L9429c118""",
Co,2,"=""223.20715""","=""0.00002""","=""223.207146""","=""0.000015""","=""9500""","=""1.24e+07""",B,"=""4560.789""","=""49348.304""","=""3d7.(4F).4s""","=""a 5F""","=""3""","=""3d7.(4F).4p""","=""z 3G*""","=""4""",7,9,,"=""T6854""","=""L9429c118""",
Co,2,"=""223.21477""","=""0.00008""","=""223.21476""","=""0.00003""","=""160""","=""2.3e+07""",D,"=""65657.249""","=""110443.236""","=""3d7.(4P).4p""","=""y 3P*""","=""1""","=""3d7.(2P).4d""","=""3D""","=""1""",3,3,,"=""T6999""","=""L9429c118""",
Co,2,"=""223.22186""","=""0.00004""","=""223.221885""","=""0.000015""","=""440""","=""2.7e+07""",D,"=""62440.078""","=""107224.636""","=""3d7.(4P).4p""","=""z 3S*""","=""1""","=""3d7.(4P).4d""","=""3D""","=""1""",3,3,,"=""T6999""","=""L9429c118""",
Co,2,"=""223.23853""","=""0.00002""","=""223.238476""","=""0.000011""","=""4800""","=""3.1e+08""",C+,"=""45972.036""","=""90753.266""","=""3d7.(4F).4p""","=""z 5F*""","=""3""","=""3d7.(4F).4d""","=""f 5F""","=""3""",7,7,,"=""T6999""","=""L9429c118""",
Co,2,"=""223.24458""","=""0.00002""","=""223.244593""","=""0.000015""","=""4000bl(Co I)""","=""1.8e+08""",C+,"=""47537.365""","=""92317.368""","=""3d7.(4F).4p""","=""z 5D*""","=""2""","=""3d7.(4F).4d""","=""e 5D""","=""2""",5,5,,"=""T6999""","=""L9429c118""",
Co,2,"=""223.29904""","=""0.00005""","=""223.299097""","=""0.000025""","=""300""","=""1.6e+07""",D,"=""69059.933""","=""113829.007""","=""3d7.(2D2).4p""","=""w 3D*""","=""3""","=""3d7.(2D2).4d""","=""3G""","=""4""",7,9,,"=""T6999""","=""L9429c118""",
Co,2,"=""223.33649""","=""0.00003""","=""223.336496""","=""0.000015""","=""800""","=""4.6e+07""",D,"=""69059.933""","=""113821.511""","=""3d7.(2D2).4p""","=""w 3D*""","=""3""","=""3d7.(2D2).4d""","=""3F""","=""2""",7,5,,"=""T6999""","=""L9429c118""",
Co,2,"=""223.34852""","=""0.00011""","=""223.348228""","=""0.000020""","=""250""","=""9.e+06""",D,"=""69617.495""","=""114376.722""","=""3d7.(2H).4p""","=""z 1I*""","=""6""","=""3d7.(2H).4d""","=""3I""","=""5""",13,11,,"=""T6999""","=""L9429c118""",
Co,2,"=""223.35464""","=""0.00006""","=""223.354820""","=""0.000020""","=""280""","=""7.e+06""",D,"=""63510.180""","=""108268.086""","=""3d7.(2G).4p""","=""y 3F*""","=""4""","=""3d7.(2G).4d""","=""3G""","=""3""",9,7,,"=""T6999""","=""L9429c118""",
Co,3,"=""223.38911""","=""0.00023""","=""223.38908""","=""0.00011""","=""76""","=""4.2e+06""",D+,"=""83775.456""","=""128526.498""","=""3d6.(3D).4s""","=""b 4D""","=""3/2""","=""3d6.(3F2).4p""","=""x 4D*""","=""5/2""",4,6,,"=""u37""","=""L19543c139""",
Co,2,"=""223.39347""","=""0.00007""","=""223.39380""","=""0.00025""","=""330""","=""6.e+06""",D,"=""63597.396""","=""108347.492""","=""3d7.(2G).4p""","=""z 3H*""","=""6""","=""3d7.(2G).4d""","=""1I""","=""6""",13,13,,"=""T6999""","=""L9429c118""",
Co,2,"=""223.40254""","=""0.00002""","=""223.402542""","=""0.000020""","=""1400""","=""2.9e+07""",D,"=""69637.023""","=""114385.369""","=""3d7.(2D2).4p""","=""w 3D*""","=""2""","=""3d7.(2D2).4d""","=""1F""","=""3""",5,7,,"=""T6999""","=""L9429c118""",
Co,2,"=""223.45169""","=""0.00006""","=""223.45183""","=""0.00003""","=""240""","=""3.9e+06""",D,"=""48150.940""","=""92889.417""","=""3d7.(4F).4p""","=""z 5G*""","=""3""","=""3d7.(4F).4d""","=""e 3H""","=""4""",7,9,,"=""T6999""","=""L9429c118""",
Co,2,"=""223.47541""","=""0.00002""","=""223.475417""","=""0.000010""","=""14000""","=""4.5e+08""",C+,"=""45197.711""","=""89931.466""","=""3d7.(4F).4p""","=""z 5F*""","=""5""","=""3d7.(4F).4d""","=""f 5F""","=""5""",11,11,,"=""T6999""","=""L9429c118""",
Co,2,"=""223.50119""","=""0.00002""","=""223.501181""","=""0.000011""","=""8000""","=""3.7e+08""",C+,"=""46320.832""","=""91049.431""","=""3d7.(4F).4p""","=""z 5D*""","=""4""","=""3d7.(4F).4d""","=""e 5D""","=""4""",9,9,,"=""T6999""","=""L9429c118""",
Co,3,"=""223.5189""","=""0.0003""","=""223.51828""","=""0.00010""","=""330""","=""2.6e+07""",D+,"=""83801.320""","=""128526.498""","=""3d6.(3D).4s""","=""b 4D""","=""5/2""","=""3d6.(3F2).4p""","=""x 4D*""","=""5/2""",6,6,,"=""u37""","=""L19543c139""",
Co,2,"=""223.57156""","=""0.00003""","=""223.571590""","=""0.000015""","=""1600""","=""1.1e+07""",D,"=""63306.686""","=""108021.200""","=""3d7.(2G).4p""","=""z 3H*""","=""5""","=""3d7.(2H).5s""","=""1H""","=""5""",11,11,,"=""T6999""","=""L9429c118""",
Co,2,"=""223.59256""","=""0.00004""","=""223.592639""","=""0.000020""","=""470""","=""6.e+06""",D,"=""64601.778""","=""109312.083""","=""3d7.(2G).4p""","=""y 3G*""","=""5""","=""3d7.(2G).4d""","=""1G""","=""4""",11,9,,"=""T6999""","=""L9429c118""",
Co,2,"=""223.60727""","=""0.00004""","=""223.60742""","=""0.00003""","=""2100""","=""8.e+07""",D,"=""50036.348""","=""94743.698""","=""3d7.(4F).4p""","=""z 3G*""","=""3""","=""3d7.(4F).4d""","=""f 3F""","=""2""",7,5,,"=""T6999""","=""L9429c118""",
Co,3,"=""223.70594""","=""0.00005""","=""223.70589""","=""0.00003""","=""1200""","=""5.4e+07""",C,"=""82364.601""","=""127052.274""","=""3d6.(3G).4s""","=""b 2G""","=""9/2""","=""3d6.(3H).4p""","=""z 2G*""","=""9/2""",10,10,,"=""u37""","=""L19543c139""",
Co,2,"=""223.73227""","=""0.00002""","=""223.732275""","=""0.000015""","=""8000""","=""2.2e+07""",D,"=""63792.717""","=""108475.120""","=""3d7.(2G).4p""","=""z 3H*""","=""4""","=""3d7.(2G).4d""","=""3F""","=""4""",9,9,,"=""T6999""","=""L9429c118""",
Co,2,"=""223.74523""","=""0.00021""","=""223.745361""","=""0.000020""","=""310""","=""3.0e+07""",D,"=""68843.428""","=""113523.218""","=""3d7.(2H).4p""","=""x 3G*""","=""4""","=""3d7.(2D2).4d""","=""3D""","=""3""",9,7,,"=""T6999""","=""L9429c118""",
Co,2,"=""223.92359""","=""0.00011""","=""223.92349""","=""0.00003""","=""300""","=""1.6e+07""",D,"=""47995.594""","=""92639.846""","=""3d7.(4F).4p""","=""z 5D*""","=""0""","=""3d7.(4F).4d""","=""e 3D""","=""1""",1,3,,"=""T6999""","=""L9429c118""",
Co,2,"=""223.98015""","=""0.00005""","=""223.98021""","=""0.00004""","=""800""","=""8.e+06""",D,"=""27902.161""","=""72535.108""","=""3d7.(2H).4s""","=""a 3H""","=""4""","=""3d7.(2D2).4p""","=""y 1F*""","=""3""",9,7,,"=""T6999""","=""L9429c118""",
Co,2,"=""224.00387""","=""0.00002""","=""224.003869""","=""0.000009""","=""1600""","=""9.e+07""",D,"=""47039.105""","=""91667.338""","=""3d7.(4F).4p""","=""z 5D*""","=""3""","=""3d7.(4F).4d""","=""e 5G""","=""3""",7,7,,"=""T6999""","=""L9429c118""",
Co,2,"=""224.02627""","=""0.00005""","=""224.026265""","=""0.000015""","=""660""","=""4.8e+07""",D,"=""69637.023""","=""114260.795""","=""3d7.(2D2).4p""","=""w 3D*""","=""2""","=""3d7.(2D2).4d""","=""3D""","=""2""",5,5,,"=""T6999""","=""L9429c118""",
Co,2,"=""224.11843""","=""0.00002""","=""224.118435""","=""0.000020""","=""14000""","=""6.7e+08""",C+,"=""68829.451""","=""113434.873""","=""3d7.(2H).4p""","=""z 3I*""","=""5""","=""3d7.(2H).4d""","=""3K""","=""6""",11,13,,"=""T6999""","=""L9429c118""",
Co,2,"=""224.14627""","=""0.00006""","=""224.146191""","=""0.000020""","=""800""","=""4.4e+06""",D,"=""68203.012""","=""112802.911""","=""3d7.(2H).4p""","=""x 3G*""","=""5""","=""3d7.(4F).5d""","=""3H""","=""5""",11,11,,"=""T6999""","=""L9429c118""",
Co,2,"=""224.15928""","=""0.00018""","=""224.159677""","=""0.000020""","=""800""","=""4.1e+06""",D,"=""27105.744""","=""71702.960""","=""3d7.(2H).4s""","=""a 3H""","=""6""","=""3d7.(2H).4p""","=""y 3H*""","=""5""",13,11,,"=""T6999""","=""L9429c118""",
Co,2,"=""224.16527""","=""0.00002""","=""224.165262""","=""0.000020""","=""25000""","=""2.4e+08""",C+,"=""63792.717""","=""108388.822""","=""3d7.(2G).4p""","=""z 3H*""","=""4""","=""3d7.(2G).4d""","=""3H""","=""4""",9,9,,"=""T6999""","=""L9429c118""",
Co,3,"=""224.2134""","=""0.0005""","=""224.21495""","=""0.00015""","=""210bl(Co II)""","=""7.7e+06""",D+,"=""83940.274""","=""128526.498""","=""3d6.(3D).4s""","=""b 4D""","=""7/2""","=""3d6.(3F2).4p""","=""x 4D*""","=""5/2""",8,6,,"=""u37""","=""L19543c140,c153""",
Co,2,"=""224.28359""","=""0.00003""","=""224.28357""","=""0.00003""","=""1900p*""","=""2.1e+08""",D,"=""46786.409""","=""91358.992""","=""3d7.(4F).4p""","=""z 5F*""","=""1""","=""3d7.(4F).4d""","=""f 5F""","=""1""",3,3,,"=""T6999""","=""L9429c118""",
Co,2,"=""224.28359""","=""0.00003""","=""224.284718""","=""0.000020""","=""1900p*""","=""5.e+05""",E,"=""47345.845""","=""91918.200""","=""3d7.(4F).4p""","=""z 5G*""","=""5""","=""3d7.(4F).4d""","=""e 3G""","=""4""",11,9,,"=""T6999""","=""L9429c118""",
Co,2,"=""224.37504""","=""0.00003""","=""224.37502""","=""0.00003""","=""1500""","=""2.2e+08""",D,"=""47848.781""","=""92403.200""","=""3d7.(4F).4p""","=""z 5D*""","=""1""","=""3d7.(4F).4d""","=""e 5D""","=""1""",3,3,,"=""T6999""","=""L9429c118""",
Co,2,"=""224.38369""","=""0.00002""","=""224.383613""","=""0.000015""","=""2600*""","=""7.9e+07""",C+,"=""45378.754""","=""89931.466""","=""3d7.(4F).4p""","=""z 5F*""","=""4""","=""3d7.(4F).4d""","=""f 5F""","=""5""",9,11,,"=""T6999""","=""L9429c118""",
Co,2,"=""224.38369""","=""0.00002""","=""224.38443""","=""0.00003""","=""2600*""","=""5.e+06""",D,"=""64360.050""","=""108912.599""","=""3d7.(2G).4p""","=""y 3F*""","=""3""","=""3d7.(2G).4d""","=""1D""","=""2""",7,5,,"=""T6999""","=""L9429c118""",
Co,2,"=""224.38871""","=""0.00002""","=""224.388776""","=""0.000011""","=""1100""","=""1.5e+07""",D,"=""47807.493""","=""92359.180""","=""3d7.(4F).4p""","=""z 5G*""","=""4""","=""3d7.(4F).4d""","=""e 3H""","=""5""",9,11,,"=""T6999""","=""L9429c118""",
Co,2,"=""224.42250""","=""0.00009""","=""224.422661""","=""0.000015""","=""140""","=""2.0e+06""",D,"=""47078.494""","=""91623.455""","=""3d7.(4F).4p""","=""z 5G*""","=""6""","=""3d7.(4F).4d""","=""e 3H""","=""6""",13,13,,"=""T6999""","=""L9429c118""",
Co,2,"=""224.43622""","=""0.00006""","=""224.43630""","=""0.00004""","=""470""","=""9.e+06""",D,"=""28111.872""","=""72654.127""","=""3d7.(2D2).4s""","=""a 3D""","=""2""","=""3d7.(2D2).4p""","=""y 1D*""","=""2""",5,5,,"=""T6999""","=""L9429c118""",
Co,2,"=""224.44805""","=""0.00003""","=""224.448043""","=""0.000015""","=""1400""","=""8.e+06""",D,"=""27468.988""","=""72008.912""","=""3d7.(2H).4s""","=""a 3H""","=""5""","=""3d7.(2H).4p""","=""y 3H*""","=""4""",11,9,,"=""T6999""","=""L9429c118""",
Co,2,"=""224.46553""","=""0.00015""","=""224.465537""","=""0.000011""","=""320bl(Co II)""","=""5.e+05""",E,"=""18973.727""","=""63510.180""","=""3d8""","=""a 1G""","=""4""","=""3d7.(2G).4p""","=""y 3F*""","=""4""",9,9,,"=""T6999""","=""L9429c118""",
Co,2,"=""224.51287""","=""0.00002""","=""224.512873""","=""0.000012""","=""58000""","=""5.4e+07""",B+,"=""4028.988""","=""48556.052""","=""3d7.(4F).4s""","=""a 5F""","=""4""","=""3d7.(4F).4p""","=""z 3G*""","=""5""",9,11,,"=""T6854""","=""L9429c118""",
Co,2,"=""224.56473""","=""0.00002""","=""224.564733""","=""0.000020""","=""5400""","=""1.7e+08""",C+,"=""70457.538""","=""114974.320""","=""3d7.(2D2).4p""","=""x 3F*""","=""3""","=""3d7.(2D2).4d""","=""1G""","=""4""",7,9,,"=""T6999""","=""L9429c118""",
Co,2,"=""224.57428""","=""0.00002""","=""224.574279""","=""0.000015""","=""1700""","=""1.2e+08""",D,"=""46452.700""","=""90967.590""","=""3d7.(4F).4p""","=""z 5F*""","=""2""","=""3d7.(4F).4d""","=""f 5F""","=""2""",5,5,,"=""T6999""","=""L9429c118""",
Co,2,"=""224.58770""","=""0.00018""","=""224.58783""","=""0.00003""","=""510""","=""6.e+07""",D,"=""68843.428""","=""113355.633""","=""3d7.(2H).4p""","=""x 3G*""","=""4""","=""3d7.(2D2).4d""","=""3F""","=""3""",9,7,,"=""T6999""","=""L9429c118""",
Co,2,"=""224.59372""","=""0.00005""","=""224.593806""","=""0.000015""","=""1800""","=""2.3e+07""",D,"=""63510.180""","=""108021.200""","=""3d7.(2G).4p""","=""y 3F*""","=""4""","=""3d7.(2H).5s""","=""1H""","=""5""",9,11,,"=""T6999""","=""L9429c118""",
Co,2,"=""224.60407""","=""0.00002""","=""224.604071""","=""0.000020""","=""20000""","=""7.0e+08""",C+,"=""68311.113""","=""112820.099""","=""3d7.(2H).4p""","=""z 3I*""","=""6""","=""3d7.(2H).4d""","=""3K""","=""7""",13,15,,"=""T6999""","=""L9429c118""",
Co,2,"=""224.62702""","=""0.00004""","=""224.627046""","=""0.000015""","=""760""","=""4.6e+07""",D,"=""69317.077""","=""113821.511""","=""3d7.(2D2).4p""","=""w 3D*""","=""1""","=""3d7.(2D2).4d""","=""3F""","=""2""",3,5,,"=""T6999""","=""L9429c118""",
Co,2,"=""224.68704""","=""0.00002""","=""224.687035""","=""0.000015""","=""1300""","=""3.8e+07""",D,"=""45972.036""","=""90464.589""","=""3d7.(4F).4p""","=""z 5F*""","=""3""","=""3d7.(4F).4d""","=""e 5P""","=""3""",7,7,,"=""T6999""","=""L9429c118""",
Co,2,"=""224.71766""","=""0.00004""","=""224.717675""","=""0.000015""","=""540""","=""2.2e+07""",D,"=""67939.370""","=""112425.857""","=""3d7.(2P).4p""","=""x 3D*""","=""2""","=""3d7.(4F).5d""","=""3D""","=""2""",5,5,,"=""T6999""","=""L9429c118""",
Co,2,"=""224.72714""","=""0.00010""","=""224.727259""","=""0.000013""","=""470""","=""2.2e+05""",E,"=""64957.482""","=""109442.072""","=""3d7.(2G).4p""","=""z 1H*""","=""5""","=""3d7.(4F).6s""","=""5F""","=""4""",11,9,,"=""T6999""","=""L9429c118""",
Co,2,"=""224.73257""","=""0.00002""","=""224.73259""","=""0.00003""","=""4700""","=""1.01e+08""",C+,"=""63306.686""","=""107790.221""","=""3d7.(2G).4p""","=""z 3H*""","=""5""","=""3d7.(2G).4d""","=""3G""","=""4""",11,9,,"=""T6999""","=""L9429c118""",
Co,2,"=""224.75329""","=""0.00006""","=""224.75328""","=""0.00004""","=""470""","=""7.e+07""",D,"=""61260.319""","=""105739.760""","=""3d7.(4P).4p""","=""y 5D*""","=""2""","=""3d7.(4P).4d""","=""5F""","=""1""",5,3,,"=""T6999""","=""L9429c118""",
Co,2,"=""224.75982""","=""0.00003""","=""224.759820""","=""0.000015""","=""1200""","=""1.3e+08""",D,"=""62440.078""","=""106918.224""","=""3d7.(4P).4p""","=""z 3S*""","=""1""","=""3d7.(4P).4d""","=""3P""","=""2""",3,5,,"=""T6999""","=""L9429c118""",
Co,2,"=""224.77386""","=""0.00002""","=""224.77386""","=""0.00003""","=""3600bl(Co II)""","=""8.e+07""",D,"=""63792.717""","=""108268.086""","=""3d7.(2G).4p""","=""z 3H*""","=""4""","=""3d7.(2G).4d""","=""3G""","=""3""",9,7,,"=""T6999""","=""L9429c118""",
Co,2,"=""224.77618""","=""0.00003""","=""224.776175""","=""0.000020""","=""1800bl(Co II)""","=""1.8e+08""",D,"=""62440.078""","=""106914.988""","=""3d7.(4P).4p""","=""z 3S*""","=""1""","=""3d7.(4P).4d""","=""3P""","=""0""",3,1,,"=""T6999""","=""L9429c118""",
Co,2,"=""224.80100""","=""0.00002""","=""224.800915""","=""0.000015""","=""13000*""","=""1.9e+08""",C+,"=""64360.050""","=""108830.066""","=""3d7.(2G).4p""","=""y 3F*""","=""3""","=""3d7.(2G).4d""","=""3F""","=""3""",7,7,,"=""T6999""","=""L9429c118""",
Co,2,"=""224.80100""","=""0.00002""","=""224.801805""","=""0.000020""","=""13000*""","=""1.9e+05""",E,"=""24886.400""","=""69356.240""","=""3d7.(2P).4s""","=""c 3P""","=""2""","=""3d7.(2H).4p""","=""x 3G*""","=""3""",5,7,,"=""T6999""","=""L9429c118""",
Co,2,"=""224.80814""","=""0.00002""","=""224.808140""","=""0.000011""","=""2600""","=""2.3e+08""",C+,"=""47848.781""","=""92317.368""","=""3d7.(4F).4p""","=""z 5D*""","=""1""","=""3d7.(4F).4d""","=""e 5D""","=""2""",3,5,,"=""T6999""","=""L9429c118""",
Co,2,"=""224.82490""","=""0.00006""","=""224.824906""","=""0.000020""","=""1400""","=""1.2e+08""",D,"=""69356.240""","=""113821.511""","=""3d7.(2H).4p""","=""x 3G*""","=""3""","=""3d7.(2D2).4d""","=""3F""","=""2""",7,5,,"=""T6999""","=""L9429c118""",
Co,2,"=""224.83508""","=""0.00005""","=""224.834949""","=""0.000020""","=""650""","=""7.e+07""",D,"=""69059.933""","=""113523.218""","=""3d7.(2D2).4p""","=""w 3D*""","=""3""","=""3d7.(2D2).4d""","=""3D""","=""3""",7,7,,"=""T6999""","=""L9429c118""",
Co,2,"=""224.85242""","=""0.00006""","=""224.852524""","=""0.000015""","=""280""","=""3.e+05""",E,"=""64360.050""","=""108819.860""","=""3d7.(2G).4p""","=""y 3F*""","=""3""","=""3d7.(4F).6s""","=""3F""","=""4""",7,9,,"=""T6999""","=""L9429c118""",
Co,2,"=""224.86707""","=""0.00021""","=""224.86674""","=""0.00006""","=""400""","=""8.e+05""",E,"=""3350.494""","=""47807.493""","=""3d7.(4F).4s""","=""a 5F""","=""5""","=""3d7.(4F).4p""","=""z 5G*""","=""4""",11,9,,"=""T6999""","=""L9429c118""",
Co,2,"=""224.96933""","=""0.00002""","=""224.969326""","=""0.000020""","=""1300""","=""3.1e+08""",D,"=""47848.781""","=""92285.510""","=""3d7.(4F).4p""","=""z 5D*""","=""1""","=""3d7.(4F).4d""","=""e 5D""","=""0""",3,1,,"=""T6999""","=""L9429c118""",
Co,2,"=""224.99108""","=""0.00002""","=""224.991075""","=""0.000009""","=""4700""","=""2.4e+08""",C+,"=""46320.832""","=""90753.266""","=""3d7.(4F).4p""","=""z 5D*""","=""4""","=""3d7.(4F).4d""","=""f 5F""","=""3""",9,7,,"=""T6999""","=""L9429c118""",
Co,2,"=""224.99542""","=""0.00004""","=""224.995435""","=""0.000015""","=""2100""","=""3.5e+08""",C+,"=""68843.428""","=""113275.001""","=""3d7.(2H).4p""","=""x 3G*""","=""4""","=""3d7.(2H).4d""","=""3G""","=""4""",9,9,,"=""T6999""","=""L9429c118""",
Co,2,"=""224.99986""","=""0.00024""","=""224.999973""","=""0.000020""","=""800""","=""4.7e+06""",D,"=""24886.400""","=""69317.077""","=""3d7.(2P).4s""","=""c 3P""","=""2""","=""3d7.(2D2).4p""","=""w 3D*""","=""1""",5,3,,"=""T6999""","=""L9429c118""",
Co,2,"=""225.03172""","=""0.00002""","=""225.031722""","=""0.000020""","=""22000""","=""4.5e+08""",C+,"=""63792.717""","=""108217.126""","=""3d7.(2G).4p""","=""z 3H*""","=""4""","=""3d7.(2G).4d""","=""3I""","=""5""",9,11,,"=""T6999""","=""L9429c118""",
Co,2,"=""225.03761""","=""0.00003""","=""225.03766""","=""0.00003""","=""980""","=""1.0e+07""",D,"=""28111.872""","=""72535.108""","=""3d7.(2D2).4s""","=""a 3D""","=""2""","=""3d7.(2D2).4p""","=""y 1F*""","=""3""",5,7,,"=""T6999""","=""L9429c118""",
Co,2,"=""225.04911""","=""0.00002""","=""225.048973""","=""0.000020""","=""7600bl(Co I)""","=""2.7e+08""",C+,"=""47537.365""","=""91958.369""","=""3d7.(4F).4p""","=""z 5D*""","=""2""","=""3d7.(4F).4d""","=""e 5D""","=""3""",5,7,,"=""T6999""","=""L9429c118""",
Co,2,"=""225.06164""","=""0.00003""","=""225.061656""","=""0.000012""","=""3600""","=""3.4e+06""",D,"=""64401.359""","=""108819.860""","=""3d7.(2G).4p""","=""z 1G*""","=""4""","=""3d7.(4F).6s""","=""3F""","=""4""",9,9,,"=""T6999""","=""L9429c118""",
Co,2,"=""225.09917""","=""0.00003""","=""225.099170""","=""0.000015""","=""1200""","=""3.7e+07""",D,"=""67939.370""","=""112350.469""","=""3d7.(2P).4p""","=""x 3D*""","=""2""","=""3d7.(2P).4d""","=""1D""","=""2""",5,5,,"=""T6999""","=""L9429c118""",
Co,2,"=""225.10225""","=""0.00017""","=""225.102116""","=""0.000015""","=""160""","=""8.e+06""",D,"=""68843.428""","=""113253.946""","=""3d7.(2H).4p""","=""x 3G*""","=""4""","=""3d7.(2D2).4d""","=""3F""","=""4""",9,9,,"=""T6999""","=""L9429c118""",
Co,2,"=""225.11158""","=""0.00003""","=""225.111580""","=""0.000015""","=""9400""","=""3.8e+07""",D,"=""18031.427""","=""62440.078""","=""3d7.(4P).4s""","=""a 5P""","=""2""","=""3d7.(4P).4p""","=""z 3S*""","=""1""",5,3,,"=""T6999""","=""L9429c118""",
Co,2,"=""225.11686""","=""0.00002""","=""225.116878""","=""0.000020""","=""2000""","=""3.2e+08""",C+,"=""47995.594""","=""92403.200""","=""3d7.(4F).4p""","=""z 5D*""","=""0""","=""3d7.(4F).4d""","=""e 5D""","=""1""",1,3,,"=""T6999""","=""L9429c118""",
Co,2,"=""225.13216""","=""0.00002""","=""225.132154""","=""0.000020""","=""1100""","=""1.9e+07""",D,"=""25861.322""","=""70265.915""","=""3d7.(2P).4s""","=""c 3P""","=""0""","=""3d7.(2P).4p""","=""y 3S*""","=""1""",1,3,,"=""T6999""","=""L9429c118""",
Co,3,"=""225.16753""","=""0.00010""","=""225.16796""","=""0.00005""","=""750""","=""3.8e+07""",C,"=""82921.847""","=""127319.380""","=""3d6.(3G).4s""","=""b 2G""","=""7/2""","=""3d6.(3H).4p""","=""z 2G*""","=""7/2""",8,8,,"=""u37""","=""L19543c139""",
Co,2,"=""225.1822""","=""""","=""225.182232""","=""0.000020""","=""4300bl(Co I):""","=""3.1e+08""",C+,"=""47537.365""","=""91932.084""","=""3d7.(4F).4p""","=""z 5D*""","=""2""","=""3d7.(4F).4d""","=""e 5P""","=""1""",5,3,,"=""T6999""","=""L9429c119""",
Co,2,"=""225.19792""","=""0.00002""","=""225.197933""","=""0.000020""","=""1400""","=""1.3e+08""",D,"=""47537.365""","=""91928.989""","=""3d7.(4F).4p""","=""z 5D*""","=""2""","=""3d7.(4F).4d""","=""e 5G""","=""2""",5,5,,"=""T6999""","=""L9429c118""",
Co,2,"=""225.20363""","=""0.00004""","=""225.203717""","=""0.000015""","=""1200""","=""3.0e+07""",D,"=""49348.304""","=""93738.788""","=""3d7.(4F).4p""","=""z 3G*""","=""4""","=""3d7.(4F).4d""","=""f 3F""","=""4""",9,9,,"=""T6999""","=""L9429c118""",
Co,2,"=""225.20875""","=""0.00003""","=""225.20875""","=""0.00004""","=""2000""","=""3.4e+08""",C+,"=""61350.268""","=""105739.760""","=""3d7.(4P).4p""","=""y 5D*""","=""1""","=""3d7.(4P).4d""","=""5F""","=""1""",3,3,,"=""T6999""","=""L9429c118""",
Co,2,"=""225.22815""","=""0.00002""","=""225.228154""","=""0.000012""","=""3400""","=""3.1e+08""",C+,"=""47039.105""","=""91424.773""","=""3d7.(4F).4p""","=""z 5D*""","=""3""","=""3d7.(4F).4d""","=""e 5P""","=""2""",7,5,,"=""T6999""","=""L9429c118""",
Co,2,"=""225.23447""","=""0.00006""","=""225.234554""","=""0.000020""","=""360""","=""4.5e+07""",D,"=""61240.746""","=""105625.153""","=""3d7.(4P).4p""","=""y 5D*""","=""3""","=""3d7.(4P).4d""","=""5F""","=""2""",7,5,,"=""T6999""","=""L9429c118""",
Co,2,"=""225.2740""","=""""","=""225.274020""","=""0.000015""","=""11000bl(Co I):""","=""1.7e+08""",C+,"=""46320.832""","=""90697.464""","=""3d7.(4F).4p""","=""z 5D*""","=""4""","=""3d7.(4F).4d""","=""e 5G""","=""5""",9,11,,"=""T6999""","=""L9429c119""",
Co,2,"=""225.31107""","=""0.00002""","=""225.310798""","=""0.000011""","=""1800bl(Co II)*""","=""1.1e+08""",D,"=""47039.105""","=""91408.494""","=""3d7.(4F).4p""","=""z 5D*""","=""3""","=""3d7.(4F).4d""","=""e 3D""","=""3""",7,7,,"=""T6999""","=""L9429c118""",
Co,2,"=""225.3126""","=""""","=""225.31258""","=""0.00003""","=""290bl:""","=""1.4e+07""",D,"=""48150.940""","=""92519.979""","=""3d7.(4F).4p""","=""z 5G*""","=""3""","=""3d7.(4F).4d""","=""e 3G""","=""3""",7,7,,"=""T6999""","=""L9429c119""",
Co,2,"=""225.31617""","=""0.00002""","=""225.316166""","=""0.000021""","=""6100""","=""3.6e+08""",C+,"=""69356.240""","=""113724.572""","=""3d7.(2H).4p""","=""x 3G*""","=""3""","=""3d7.(2H).4d""","=""3G""","=""3""",7,7,,"=""T6999""","=""L9429c118""",
Co,2,"=""225.33393""","=""0.00002""","=""225.333933""","=""0.000015""","=""2500""","=""3.1e+08""",C+,"=""61260.319""","=""105625.153""","=""3d7.(4P).4p""","=""y 5D*""","=""2""","=""3d7.(4P).4d""","=""5F""","=""2""",5,5,,"=""T6999""","=""L9429c118""",
Co,2,"=""225.34801""","=""0.00003""","=""225.34798""","=""0.00004""","=""16000*""","=""1.7e+08""",C+,"=""27484.373""","=""71846.441""","=""3d7.(2D2).4s""","=""a 3D""","=""3""","=""3d7.(2D2).4p""","=""x 3P*""","=""2""",7,5,,"=""T6999""","=""L9429c118""",
Co,2,"=""225.34801""","=""0.00003""","=""225.34846""","=""0.00003""","=""16000*""","=""1.7e+06""",E,"=""50381.724""","=""94743.698""","=""3d7.(4F).4p""","=""z 3F*""","=""3""","=""3d7.(4F).4d""","=""f 3F""","=""2""",7,5,,"=""T6999""","=""L9429c118""",
Co,2,"=""225.38590""","=""0.00002""","=""225.38592""","=""0.00003""","=""3400""","=""6.e+07""",D,"=""64957.482""","=""109312.083""","=""3d7.(2G).4p""","=""z 1H*""","=""5""","=""3d7.(2G).4d""","=""1G""","=""4""",11,9,,"=""T6999""","=""L9429c118""",
Co,2,"=""225.39143""","=""0.00013""","=""225.391174""","=""0.000015""","=""470""","=""3.e+05""",E,"=""65174.661""","=""109528.229""","=""3d7.(2G).4p""","=""y 3G*""","=""3""","=""3d7.(4F).6s""","=""5F""","=""3""",7,7,,"=""T6999""","=""L9429c118""",
Co,2,"=""225.4163""","=""0.0010""","=""225.4155""","=""0.0007""","=""1700""","=""4.3e+06""",D,"=""40695.028""","=""85043.81""","=""3d6.4s2""","=""a 5D""","=""4""","=""3d6.(5D).4s.4p""","=""y 5P*""","=""3""",9,7,,"=""T6999""","=""L4687c119""",
Co,2,"=""225.41825""","=""0.00003""","=""225.41816""","=""0.00003""","=""2200""","=""1.5e+07""",D,"=""68843.428""","=""113191.686""","=""3d7.(2H).4p""","=""x 3G*""","=""4""","=""""","=""113191""","=""3""",9,7,,"=""T6999""","=""L9429c118""",
Co,2,"=""225.46135""","=""0.00002""","=""225.461350""","=""0.000016""","=""5800""","=""2.0e+08""",C+,"=""63306.686""","=""107646.450""","=""3d7.(2G).4p""","=""z 3H*""","=""5""","=""3d7.(2G).4d""","=""3H""","=""5""",11,11,,"=""T6999""","=""L9429c118""",
Co,2,"=""225.49596""","=""0.00002""","=""225.495961""","=""0.000012""","=""3600""","=""5.1e+06""",D,"=""18973.727""","=""63306.686""","=""3d8""","=""a 1G""","=""4""","=""3d7.(2G).4p""","=""z 3H*""","=""5""",9,11,,"=""T6999""","=""L9429c118""",
Co,2,"=""225.49998""","=""0.00005""","=""225.49963""","=""0.00004""","=""610*""","=""7.e+06""",D,"=""50036.348""","=""94368.585""","=""3d7.(4F).4p""","=""z 3G*""","=""3""","=""3d7.(4F).4d""","=""f 3F""","=""3""",7,7,,"=""T6999""","=""L9429c118""",
Co,2,"=""225.49998""","=""0.00005""","=""225.50030""","=""0.00003""","=""610*""","=""7.e+06""",D,"=""67209.258""","=""111541.364""","=""3d7.(2P).4p""","=""z 1D*""","=""2""","=""3d7.(2P).4d""","=""3F""","=""3""",5,7,,"=""T6999""","=""L9429c118""",
Co,2,"=""225.56443""","=""0.00002""","=""225.564416""","=""0.000012""","=""3100""","=""1.5e+07""",D,"=""25317.517""","=""69637.023""","=""3d7.(2P).4s""","=""c 3P""","=""1""","=""3d7.(2D2).4p""","=""w 3D*""","=""2""",3,5,,"=""T6999""","=""L9429c118""",
Co,3,"=""225.5837""","=""0.0006""","=""225.58445""","=""0.00020""","=""92""","=""2.0e+07""",D+,"=""91815.362""","=""136130.933""","=""3d6.(1D2).4s""","=""d 2D""","=""3/2""","=""3d6.(3G).4p""","=""y 2F*""","=""5/2""",4,6,,"=""u37""","=""L19543c139""",
Co,2,"=""225.59357""","=""0.00002""","=""225.593591""","=""0.000016""","=""5800bl(Co II)""","=""2.8e+08""",C+,"=""47039.105""","=""91352.880""","=""3d7.(4F).4p""","=""z 5D*""","=""3""","=""3d7.(4F).4d""","=""e 5G""","=""4""",7,9,,"=""T6999""","=""L9429c118""",
Co,2,"=""225.59675""","=""0.00003""","=""225.596788""","=""0.000021""","=""1400bl(Co II)""","=""2.6e+07""",D,"=""47807.493""","=""92120.640""","=""3d7.(4F).4p""","=""z 5G*""","=""4""","=""3d7.(4F).4d""","=""e 5H""","=""4""",9,9,,"=""T6999""","=""L9429c118""",
Co,2,"=""225.66061""","=""0.00004""","=""225.660678""","=""0.000021""","=""610*""","=""1.2e+07""",D,"=""47345.845""","=""91646.447""","=""3d7.(4F).4p""","=""z 5G*""","=""5""","=""3d7.(4F).4d""","=""e 5H""","=""5""",11,11,,"=""T6999""","=""L9429c118""",
Co,2,"=""225.67446""","=""0.00002""","=""225.674444""","=""0.000016""","=""83000""","=""3.5e+08""",C+,"=""27105.744""","=""71403.644""","=""3d7.(2H).4s""","=""a 3H""","=""6""","=""3d7.(2H).4p""","=""y 3H*""","=""6""",13,13,,"=""T6999""","=""L9429c118""",
Co,2,"=""225.68565""","=""0.00002""","=""225.685654""","=""0.000021""","=""6800""","=""3.1e+08""",C+,"=""69059.933""","=""113355.633""","=""3d7.(2D2).4p""","=""w 3D*""","=""3""","=""3d7.(2D2).4d""","=""3F""","=""3""",7,7,,"=""T6999""","=""L9429c118""",
Co,2,"=""225.72472""","=""0.00005""","=""225.72474""","=""0.00003""","=""1200""","=""5.e+05""",E,"=""65154.041""","=""109442.072""","=""3d7.(2G).4p""","=""y 3G*""","=""4""","=""3d7.(4F).6s""","=""5F""","=""4""",9,9,,"=""T6999""","=""L9429c118""",
Co,2,"=""225.74334""","=""0.00006""","=""225.74335""","=""0.00003""","=""260""","=""6.e+06""",D,"=""67209.258""","=""111493.638""","=""3d7.(2P).4p""","=""z 1D*""","=""2""","=""3d7.(2P).4d""","=""3F""","=""2""",5,5,,"=""T6999""","=""L9429c118""",
Co,2,"=""225.75734""","=""0.00003""","=""225.75734""","=""0.00004""","=""4000bl(Co I)""","=""2.6e+08""",D,"=""61458.124""","=""105739.760""","=""3d7.(4P).4p""","=""y 5D*""","=""0""","=""3d7.(4P).4d""","=""5F""","=""1""",1,3,,"=""T6999""","=""L9429c118""",
Co,2,"=""225.76548""","=""0.00002""","=""225.76547""","=""0.00003""","=""9300""","=""2.0e+08""",C+,"=""63510.180""","=""107790.221""","=""3d7.(2G).4p""","=""y 3F*""","=""4""","=""3d7.(2G).4d""","=""3G""","=""4""",9,9,,"=""T6999""","=""L9429c118""",
Co,2,"=""225.77786""","=""0.00002""","=""225.777868""","=""0.000012""","=""2600""","=""6.e+07""",D,"=""47345.845""","=""91623.455""","=""3d7.(4F).4p""","=""z 5G*""","=""5""","=""3d7.(4F).4d""","=""e 3H""","=""6""",11,13,,"=""T6999""","=""L9429c118""",
Co,2,"=""225.79177""","=""0.00002""","=""225.791765""","=""0.000021""","=""2300""","=""3.1e+08""",C+,"=""61350.268""","=""105625.153""","=""3d7.(4P).4p""","=""y 5D*""","=""1""","=""3d7.(4P).4d""","=""5F""","=""2""",3,5,,"=""T6999""","=""L9429c118""",
Co,2,"=""225.84915""","=""0.00002""","=""225.849163""","=""0.000021""","=""2000""","=""2.4e+08""",C+,"=""61240.746""","=""105504.380""","=""3d7.(4P).4p""","=""y 5D*""","=""3""","=""3d7.(4P).4d""","=""5F""","=""3""",7,7,,"=""T6999""","=""L9429c118""",
Co,2,"=""225.86102""","=""0.00006""","=""225.86106""","=""0.00004""","=""260""","=""2.8e+06""",D,"=""27585.138""","=""71846.441""","=""3d7.(2P).4s""","=""a 1P""","=""1""","=""3d7.(2D2).4p""","=""x 3P*""","=""2""",3,5,,"=""T6999""","=""L9429c118""",
Co,2,"=""225.89284""","=""0.00008""","=""225.892928""","=""0.000016""","=""270""","=""1.6e+07""",D,"=""48150.940""","=""92405.999""","=""3d7.(4F).4p""","=""z 5G*""","=""3""","=""3d7.(4F).4d""","=""e 5H""","=""3""",7,7,,"=""T6999""","=""L9429c118""",
Co,2,"=""225.94909""","=""0.00002""","=""225.949085""","=""0.000021""","=""2900""","=""4.1e+08""",C+,"=""61260.319""","=""105504.380""","=""3d7.(4P).4p""","=""y 5D*""","=""2""","=""3d7.(4P).4d""","=""5F""","=""3""",5,7,,"=""T6999""","=""L9429c118""",
Co,2,"=""225.98577""","=""0.00002""","=""225.985777""","=""0.000016""","=""2800""","=""7.e+07""",D,"=""63306.686""","=""107543.564""","=""3d7.(2G).4p""","=""z 3H*""","=""5""","=""3d7.(2G).4d""","=""3G""","=""5""",11,11,,"=""T6999""","=""L9429c118""",
Co,2,"=""226.00063""","=""0.00002""","=""226.000625""","=""0.000012""","=""75000""","=""3.5e+08""",C+,"=""27468.988""","=""71702.960""","=""3d7.(2H).4s""","=""a 3H""","=""5""","=""3d7.(2H).4p""","=""y 3H*""","=""5""",11,11,,"=""T6999""","=""L9429c118""",
Co,2,"=""226.02868""","=""0.00002""","=""226.028676""","=""0.000016""","=""5700""","=""4.1e+07""",D,"=""63792.717""","=""108021.200""","=""3d7.(2G).4p""","=""z 3H*""","=""4""","=""3d7.(2H).5s""","=""1H""","=""5""",9,11,,"=""T6999""","=""L9429c118""",
Co,2,"=""226.03582""","=""0.00002""","=""226.035606""","=""0.000021""","=""1900*""","=""6.e+06""",D,"=""45972.036""","=""90199.163""","=""3d7.(4F).4p""","=""z 5F*""","=""3""","=""3d7.(4F).4d""","=""f 5F""","=""4""",7,9,,"=""T6999""","=""L9429c118""",
Co,2,"=""226.03582""","=""0.00002""","=""226.03585""","=""0.00003""","=""1900*""","=""7.e+07""",D,"=""67209.258""","=""111436.337""","=""3d7.(2P).4p""","=""z 1D*""","=""2""","=""""","=""111436""","=""3""",5,7,,"=""T6999""","=""L9429c118""",
Co,2,"=""226.04373""","=""0.00002""","=""226.043744""","=""0.000016""","=""5400""","=""1.7e+08""",C+,"=""65016.915""","=""109242.450""","=""3d7.(2G).4p""","=""y 3F*""","=""2""","=""3d7.(2G).4d""","=""3F""","=""2""",5,5,,"=""T6999""","=""L9429c118""",
Co,2,"=""226.06789""","=""0.00007""","=""226.067863""","=""0.000021""","=""330""","=""4.6e+07""",D,"=""69637.023""","=""113857.840""","=""3d7.(2D2).4p""","=""w 3D*""","=""2""","=""3d7.(2D2).4d""","=""1P""","=""1""",5,3,,"=""T6999""","=""L9429c118""",
Co,2,"=""226.08182""","=""0.00003""","=""226.08185""","=""0.00003""","=""3900""","=""2.9e+06""",D,"=""64601.778""","=""108819.860""","=""3d7.(2G).4p""","=""y 3G*""","=""5""","=""3d7.(4F).6s""","=""3F""","=""4""",11,9,,"=""T6999""","=""L9429c118""",
Co,2,"=""226.09725""","=""0.00002""","=""226.097260""","=""0.000016""","=""4700""","=""2.0e+06""",D,"=""69059.933""","=""113275.001""","=""3d7.(2D2).4p""","=""w 3D*""","=""3""","=""3d7.(2H).4d""","=""3G""","=""4""",7,9,,"=""T6999""","=""L9429c118""",
Co,2,"=""226.12832""","=""0.00003""","=""226.128260""","=""0.000016""","=""1000""","=""4.0e+06""",D,"=""25147.233""","=""69356.240""","=""3d7.(2G).4s""","=""b 1G""","=""4""","=""3d7.(2H).4p""","=""x 3G*""","=""3""",9,7,,"=""T6999""","=""L9429c118""",
Co,2,"=""226.13800""","=""0.00006""","=""226.13798""","=""0.00003""","=""300""","=""2.7e+07""",D,"=""62440.078""","=""106647.186""","=""3d7.(4P).4p""","=""z 3S*""","=""1""","=""3d7.(4P).4d""","=""5D""","=""2""",3,5,,"=""T6999""","=""L9429c118""",
Co,2,"=""226.14418""","=""0.00006""","=""226.14427""","=""0.00003""","=""290""","=""1.1e+07""",D,"=""68614.222""","=""112820.099""","=""3d7.(2H).4p""","=""z 3I*""","=""7""","=""3d7.(2H).4d""","=""3K""","=""7""",15,15,,"=""T6999""","=""L9429c118""",
Co,2,"=""226.15528""","=""0.00002""","=""226.15514""","=""0.00008""","=""2100bl""","=""2.0e+08""",D,"=""29268.777""","=""73472.531""","=""3d7.(2D2).4s""","=""a 3D""","=""1""","=""3d7.(2D2).4p""","=""x 3P*""","=""0""",3,1,,"=""T6999""","=""L9429c118""",
Co,2,"=""226.1578""","=""""","=""226.157796""","=""0.000021""","=""110bl:""","=""2.7e+06""",D,"=""63586.987""","=""107790.221""","=""3d7.(4P).4p""","=""y 3D*""","=""3""","=""3d7.(2G).4d""","=""3G""","=""4""",7,9,,"=""T6999""","=""L9429c119""",
Co,2,"=""226.18041""","=""0.00002""","=""226.180414""","=""0.000013""","=""3500""","=""3.9e+07""",D,"=""64401.359""","=""108600.173""","=""3d7.(2G).4p""","=""z 1G*""","=""4""","=""3d7.(2G).4d""","=""1H""","=""5""",9,11,,"=""T6999""","=""L9429c118""",
Co,2,"=""226.19415""","=""0.00002""","=""226.194141""","=""0.000012""","=""1200""","=""1.2e+08""",D,"=""47848.781""","=""92044.913""","=""3d7.(4F).4p""","=""z 5D*""","=""1""","=""3d7.(4F).4d""","=""e 3D""","=""2""",3,5,,"=""T6999""","=""L9429c118""",
Co,2,"=""226.20500""","=""0.00002""","=""226.204988""","=""0.000016""","=""3900""","=""2.9e+08""",C+,"=""69059.933""","=""113253.946""","=""3d7.(2D2).4p""","=""w 3D*""","=""3""","=""3d7.(2D2).4d""","=""3F""","=""4""",7,9,,"=""T6999""","=""L9429c118""",
Co,2,"=""226.25378""","=""0.00002""","=""226.253756""","=""0.000016""","=""4300""","=""2.2e+08""",C+,"=""69637.023""","=""113821.511""","=""3d7.(2D2).4p""","=""w 3D*""","=""2""","=""3d7.(2D2).4d""","=""3F""","=""2""",5,5,,"=""T6999""","=""L9429c118""",
Co,2,"=""226.3079""","=""0.0010""","=""226.309872""","=""0.000016""","=""6300""","=""1.6e+06""",D,"=""24886.400""","=""69059.933""","=""3d7.(2P).4s""","=""c 3P""","=""2""","=""3d7.(2D2).4p""","=""w 3D*""","=""3""",5,7,,"=""T6999""","=""L4687c119""",
Co,2,"=""226.34512""","=""0.00002""","=""226.345118""","=""0.000021""","=""14000""","=""6.3e+08""",C+,"=""63306.686""","=""107473.341""","=""3d7.(2G).4p""","=""z 3H*""","=""5""","=""3d7.(2G).4d""","=""3I""","=""6""",11,13,,"=""T6999""","=""L9429c118""",
Co,2,"=""""","=""""","=""226.346282""","=""0.000016""","=""m(Co II)""","=""1.9e+06""",D,"=""48150.940""","=""92317.368""","=""3d7.(4F).4p""","=""z 5G*""","=""3""","=""3d7.(4F).4d""","=""e 5D""","=""2""",7,5,,"=""T6999""","=""L4687""",
Co,2,"=""226.37065""","=""0.00002""","=""226.370640""","=""0.000013""","=""2100""","=""8.e+07""",D,"=""63510.180""","=""107671.856""","=""3d7.(2G).4p""","=""y 3F*""","=""4""","=""3d7.(2G).4d""","=""1F""","=""3""",9,7,,"=""T6999""","=""L9429c118""",
Co,2,"=""226.38929""","=""0.00002""","=""226.389271""","=""0.000013""","=""11000""","=""1.8e+08""",C+,"=""65154.041""","=""109312.083""","=""3d7.(2G).4p""","=""y 3G*""","=""4""","=""3d7.(2G).4d""","=""1G""","=""4""",9,9,,"=""T6999""","=""L9429c118""",
Co,2,"=""226.40808""","=""0.00002""","=""226.408089""","=""0.000016""","=""5400""","=""5.3e+08""",C+,"=""61240.746""","=""105395.118""","=""3d7.(4P).4p""","=""y 5D*""","=""3""","=""3d7.(4P).4d""","=""5F""","=""4""",7,9,,"=""T6999""","=""L9429c118""",
Co,2,"=""226.41969""","=""0.00002""","=""226.419690""","=""0.000016""","=""9300""","=""3.9e+08""",C+,"=""70774.869""","=""114926.979""","=""3d7.(2D2).4p""","=""x 3F*""","=""2""","=""3d7.(2D2).4d""","=""3G""","=""3""",5,7,,"=""T6999""","=""L9429c118""",
Co,2,"=""226.42814""","=""0.00009""","=""226.42819""","=""0.00003""","=""240""","=""9.e+06""",D,"=""68843.428""","=""112993.881""","=""3d7.(2H).4p""","=""x 3G*""","=""4""","=""3d7.(2H).4d""","=""3G""","=""5""",9,11,,"=""T6999""","=""L9429c118""",
Co,2,"=""226.46252""","=""0.00002""","=""226.462538""","=""0.000013""","=""1400""","=""9.e+07""",D,"=""46320.832""","=""90464.589""","=""3d7.(4F).4p""","=""z 5D*""","=""4""","=""3d7.(4F).4d""","=""e 5P""","=""3""",9,7,,"=""T6999""","=""L9429c118""",
Co,2,"=""226.50095""","=""0.00002""","=""226.500957""","=""0.000016""","=""1800""","=""8.3e+07""",C+,"=""63510.180""","=""107646.450""","=""3d7.(2G).4p""","=""y 3F*""","=""4""","=""3d7.(2G).4d""","=""3H""","=""5""",9,11,,"=""T6999""","=""L9429c118""",
Co,2,"=""226.52526""","=""0.00002""","=""226.525251""","=""0.000016""","=""3400""","=""1.5e+08""",C+,"=""48388.442""","=""92519.979""","=""3d7.(4F).4p""","=""z 5G*""","=""2""","=""3d7.(4F).4d""","=""e 3G""","=""3""",5,7,,"=""T6999""","=""L9429c118""",
Co,2,"=""226.53324""","=""0.00003""","=""226.533280""","=""0.000021""","=""1100""","=""4.3e+07""",D,"=""47537.365""","=""91667.338""","=""3d7.(4F).4p""","=""z 5D*""","=""2""","=""3d7.(4F).4d""","=""e 5G""","=""3""",5,7,,"=""T6999""","=""L9429c118""",
Co,2,"=""226.56788""","=""0.00005""","=""226.567979""","=""0.000021""","=""820""","=""5.e+07""",D,"=""67209.258""","=""111332.473""","=""3d7.(2P).4p""","=""z 1D*""","=""2""","=""3d7.(2P).4d""","=""3P""","=""2""",5,5,,"=""T6999""","=""L9429c118""",
Co,2,"=""226.57442""","=""0.00010""","=""226.574465""","=""0.000021""","=""860""","=""2.2e+06""",D,"=""4028.988""","=""48150.940""","=""3d7.(4F).4s""","=""a 5F""","=""4""","=""3d7.(4F).4p""","=""z 5G*""","=""3""",9,7,,"=""T6999""","=""L9429c118""",
Co,2,"=""226.60446""","=""0.00006""","=""226.604369""","=""0.000016""","=""150""","=""1.7e+07""",D,"=""61388.250""","=""105504.380""","=""3d7.(4P).4p""","=""y 5D*""","=""4""","=""3d7.(4P).4d""","=""5F""","=""3""",9,7,,"=""T6999""","=""L9429c118""",
Co,2,"=""226.65257""","=""0.00002""","=""226.65256""","=""0.00003""","=""89000bl(Co II)""","=""3.4e+08""",C+,"=""27902.161""","=""72008.912""","=""3d7.(2H).4s""","=""a 3H""","=""4""","=""3d7.(2H).4p""","=""y 3H*""","=""4""",9,9,,"=""T6999""","=""L9429c118""",
Co,2,"=""226.65677""","=""0.00002""","=""226.65680""","=""0.00003""","=""18000bl(Co II)""","=""2.3e+08""",C+,"=""63597.396""","=""107703.321""","=""3d7.(2G).4p""","=""z 3H*""","=""6""","=""3d7.(2G).4d""","=""3H""","=""6""",13,13,,"=""T6999""","=""L9429c118""",
Co,2,"=""226.67987""","=""0.00002""","=""226.679867""","=""0.000021""","=""14000""","=""5.e+07""",D,"=""18338.640""","=""62440.078""","=""3d7.(4P).4s""","=""a 5P""","=""1""","=""3d7.(4P).4p""","=""z 3S*""","=""1""",3,3,,"=""T6999""","=""L9429c118""",
Co,2,"=""226.69871""","=""0.00007""","=""226.69884""","=""0.00003""","=""460""","=""3.5e+07""",D,"=""63615.990""","=""107713.738""","=""3d7.(4P).4p""","=""y 3D*""","=""2""","=""3d7.(2G).4d""","=""3D""","=""2""",5,5,,"=""T6999""","=""L9429c118""",
Co,2,"=""226.73796""","=""0.00002""","=""226.737954""","=""0.000016""","=""7800""","=""1.9e+08""",C+,"=""69617.495""","=""113707.636""","=""3d7.(2H).4p""","=""z 1I*""","=""6""","=""3d7.(2H).4d""","=""3I""","=""7""",13,15,,"=""T6999""","=""L9429c118""",
Co,2,"=""226.77311""","=""0.00003""","=""226.773128""","=""0.000021""","=""1000""","=""1.1e+08""",D,"=""47848.781""","=""91932.084""","=""3d7.(4F).4p""","=""z 5D*""","=""1""","=""3d7.(4F).4d""","=""e 5P""","=""1""",3,3,,"=""T6999""","=""L9429c118""",
Co,2,"=""226.7866""","=""0.0010""","=""226.789052""","=""0.000021""","=""620""","=""1.6e+06""",E,"=""47848.781""","=""91928.989""","=""3d7.(4F).4p""","=""z 5D*""","=""1""","=""3d7.(4F).4d""","=""e 5G""","=""2""",3,5,,"=""T6999""","=""L4687c119""",
Co,3,"=""226.795""","=""0.002""","=""226.79482""","=""0.00015""","=""700""","=""3.0e+07""",D+,"=""83940.274""","=""128019.360""","=""3d6.(3D).4s""","=""b 4D""","=""7/2""","=""3d6.(3F2).4p""","=""x 4D*""","=""7/2""",8,8,,"=""u37""","=""L3537c164""",
Co,2,"=""226.80779""","=""0.00002""","=""226.807808""","=""0.000016""","=""1300""","=""2.0e+08""",D,"=""62440.078""","=""106516.641""","=""3d7.(4P).4p""","=""z 3S*""","=""1""","=""3d7.(4P).4d""","=""5D""","=""1""",3,3,,"=""T6999""","=""L9429c118""",
Co,2,"=""226.82222""","=""0.00002""","=""226.822229""","=""0.000012""","=""2900""","=""1.01e+08""",C+,"=""64401.359""","=""108475.120""","=""3d7.(2G).4p""","=""z 1G*""","=""4""","=""3d7.(2G).4d""","=""3F""","=""4""",9,9,,"=""T6999""","=""L9429c118""",
Co,2,"=""226.85299""","=""0.00002""","=""226.852970""","=""0.000016""","=""3900""","=""1.2e+08""",D,"=""65174.661""","=""109242.450""","=""3d7.(2G).4p""","=""y 3G*""","=""3""","=""3d7.(2G).4d""","=""3F""","=""2""",7,5,,"=""T6999""","=""L9429c118""",
Co,2,"=""226.88261""","=""0.00005""","=""226.88256""","=""0.00004""","=""710""","=""8.e+07""",D,"=""62440.078""","=""106502.120""","=""3d7.(4P).4p""","=""z 3S*""","=""1""","=""3d7.(4P).4d""","=""3F""","=""2""",3,5,,"=""T6999""","=""L9429c118""",
Co,2,"=""226.91453""","=""0.00010""","=""226.914370""","=""0.000016""","=""500""","=""1.5e+07""",D,"=""63615.990""","=""107671.856""","=""3d7.(4P).4p""","=""y 3D*""","=""2""","=""3d7.(2G).4d""","=""1F""","=""3""",5,7,,"=""T6999""","=""L9429c118""",
Co,2,"=""226.99044""","=""0.00002""","=""226.990431""","=""0.000010""","=""6800""","=""3.2e+08""",C+,"=""49697.683""","=""93738.788""","=""3d7.(4F).4p""","=""z 3F*""","=""4""","=""3d7.(4F).4d""","=""f 3F""","=""4""",9,9,,"=""T6999""","=""L9429c118""",
Co,2,"=""227.03024""","=""0.00002""","=""227.030236""","=""0.000013""","=""4300""","=""1.18e+08""",C+,"=""63510.180""","=""107543.564""","=""3d7.(2G).4p""","=""y 3F*""","=""4""","=""3d7.(2G).4d""","=""3G""","=""5""",9,11,,"=""T6999""","=""L9429c118""",
Co,2,"=""227.05401""","=""0.00002""","=""227.054019""","=""0.000013""","=""8200""","=""4.4e+07""",D,"=""64360.050""","=""108388.822""","=""3d7.(2G).4p""","=""y 3F*""","=""3""","=""3d7.(2G).4d""","=""3H""","=""4""",7,9,,"=""T6999""","=""L9429c118""",
Co,2,"=""227.11188""","=""0.00002""","=""227.111875""","=""0.000016""","=""6800""","=""5.1e+08""",C+,"=""48388.442""","=""92405.999""","=""3d7.(4F).4p""","=""z 5G*""","=""2""","=""3d7.(4F).4d""","=""e 5H""","=""3""",5,7,,"=""T6999""","=""L9429c118""",
Co,2,"=""227.12952""","=""0.00004""","=""227.12962""","=""0.00003""","=""390""","=""2.1e+08""",D,"=""62440.078""","=""106454.196""","=""3d7.(4P).4p""","=""z 3S*""","=""1""","=""3d7.(4P).4d""","=""5D""","=""0""",3,1,,"=""T6999""","=""L9429c118""",
Co,2,"=""227.14920""","=""0.00004""","=""227.149193""","=""0.000010""","=""360""","=""9.e+06""",D,"=""47039.105""","=""91049.431""","=""3d7.(4F).4p""","=""z 5D*""","=""3""","=""3d7.(4F).4d""","=""e 5D""","=""4""",7,9,,"=""T6999""","=""L9429c118""",
Co,2,"=""227.16705""","=""0.00002""","=""227.167044""","=""0.000021""","=""1400""","=""1.34e+08""",C+,"=""61388.250""","=""105395.118""","=""3d7.(4P).4p""","=""y 5D*""","=""4""","=""3d7.(4P).4d""","=""5F""","=""4""",9,9,,"=""T6999""","=""L9429c118""",
Co,2,"=""227.2108""","=""""","=""227.210795""","=""0.000021""","=""360bl:""","=""1.1e+07""",D,"=""64601.778""","=""108600.173""","=""3d7.(2G).4p""","=""y 3G*""","=""5""","=""3d7.(2G).4d""","=""1H""","=""5""",11,11,,"=""T6999""","=""L9429c119""",
Co,2,"=""227.2130""","=""""","=""227.212995""","=""0.000016""","=""710bl:""","=""4.4e+07""",D,"=""64914.630""","=""108912.599""","=""3d7.(4P).4p""","=""y 3P*""","=""2""","=""3d7.(2G).4d""","=""1D""","=""2""",5,5,,"=""T6999""","=""L9429c119""",
Co,2,"=""227.2154""","=""""","=""227.21540""","=""0.00003""","=""360bl:""","=""4.7e+06""",D,"=""63792.717""","=""107790.221""","=""3d7.(2G).4p""","=""z 3H*""","=""4""","=""3d7.(2G).4d""","=""3G""","=""4""",9,9,,"=""T6999""","=""L9429c119""",
Co,2,"=""227.2165""","=""""","=""227.21654""","=""0.00004""","=""710bl:""","=""3.8e+07""",D,"=""70857.053""","=""114854.335""","=""3d7.(2P).4p""","=""z 1P*""","=""1""","=""3d7.(2D2).4d""","=""3D""","=""1""",3,3,,"=""T6999""","=""L9429c119""",
Co,2,"=""227.2265""","=""""","=""227.22652""","=""0.00006""","=""1100bl:""","=""5.0e+06""",D+,"=""3350.494""","=""47345.845""","=""3d7.(4F).4s""","=""a 5F""","=""5""","=""3d7.(4F).4p""","=""z 5G*""","=""5""",11,11,,"=""T6135""","=""L9429c119""",
Co,2,"=""227.2289""","=""""","=""227.22895""","=""0.00003""","=""2100bl:""","=""4.1e+07""",D,"=""70265.915""","=""114260.795""","=""3d7.(2P).4p""","=""y 3S*""","=""1""","=""3d7.(2D2).4d""","=""3D""","=""2""",3,5,,"=""T6999""","=""L9429c119""",
Co,2,"=""227.26735""","=""0.00002""","=""227.267267""","=""0.000013""","=""13000bl(Co II)""","=""5.e+07""",D,"=""64401.359""","=""108388.822""","=""3d7.(2G).4p""","=""z 1G*""","=""4""","=""3d7.(2G).4d""","=""3H""","=""4""",9,9,,"=""T6999""","=""L9429c118""",
Co,2,"=""227.27046""","=""0.00002""","=""227.27038""","=""0.00004""","=""6700bl(Co II)""","=""3.3e+08""",C+,"=""50381.724""","=""94368.585""","=""3d7.(4F).4p""","=""z 3F*""","=""3""","=""3d7.(4F).4d""","=""f 3F""","=""3""",7,7,,"=""T6999""","=""L9429c118""",
Co,2,"=""227.30030""","=""0.00004""","=""227.300218""","=""0.000021""","=""430""","=""4.9e+06""",D,"=""47345.845""","=""91326.932""","=""3d7.(4F).4p""","=""z 5G*""","=""5""","=""3d7.(4F).4d""","=""e 3G""","=""5""",11,11,,"=""T6999""","=""L9429c118""",
Co,2,"=""227.35908""","=""0.00002""","=""227.359088""","=""0.000016""","=""13000""","=""6.2e+08""",C+,"=""48150.940""","=""92120.640""","=""3d7.(4F).4p""","=""z 5G*""","=""3""","=""3d7.(4F).4d""","=""e 5H""","=""4""",7,9,,"=""T6999""","=""L9429c118""",
Co,2,"=""227.48084""","=""0.00002""","=""227.480844""","=""0.000016""","=""2400""","=""7.7e+07""",C+,"=""63597.396""","=""107543.564""","=""3d7.(2G).4p""","=""z 3H*""","=""6""","=""3d7.(2G).4d""","=""3G""","=""5""",13,11,,"=""T6999""","=""L9429c118""",
Co,2,"=""227.50756""","=""0.00002""","=""227.507565""","=""0.000016""","=""3900""","=""1.29e+08""",C+,"=""63510.180""","=""107451.187""","=""3d7.(2G).4p""","=""y 3F*""","=""4""","=""3d7.(2G).4d""","=""3D""","=""3""",9,7,,"=""T6999""","=""L9429c118""",
Co,2,"=""227.53158""","=""0.00002""","=""227.530956""","=""0.000021""","=""7100p""","=""6.e+05""",E,"=""47995.594""","=""91932.084""","=""3d7.(4F).4p""","=""z 5D*""","=""0""","=""3d7.(4F).4d""","=""e 5P""","=""1""",1,3,,"=""T6999""","=""L9429c118""",
Co,2,"=""227.54046""","=""0.00002""","=""227.540455""","=""0.000012""","=""5000""","=""2.0e+07""",D,"=""27468.988""","=""71403.644""","=""3d7.(2H).4s""","=""a 3H""","=""5""","=""3d7.(2H).4p""","=""y 3H*""","=""6""",11,13,,"=""T6999""","=""L9429c118""",
Co,2,"=""227.57567""","=""0.00009""","=""227.575811""","=""0.000016""","=""280""","=""2.5e+06""",D,"=""70457.538""","=""114385.369""","=""3d7.(2D2).4p""","=""x 3F*""","=""3""","=""3d7.(2D2).4d""","=""1F""","=""3""",7,7,,"=""T6999""","=""L9429c118""",
Co,2,"=""227.61699""","=""0.00002""","=""227.616988""","=""0.000021""","=""11000""","=""6.6e+08""",C+,"=""61388.250""","=""105308.135""","=""3d7.(4P).4p""","=""y 5D*""","=""4""","=""3d7.(4P).4d""","=""5F""","=""5""",9,11,,"=""T6999""","=""L9429c118""",
Co,2,"=""227.64008""","=""0.00010""","=""227.64005""","=""0.00003""","=""570""","=""1.3e+07""",D,"=""64914.630""","=""108830.066""","=""3d7.(4P).4p""","=""y 3P*""","=""2""","=""3d7.(2G).4d""","=""3F""","=""3""",5,7,,"=""T6999""","=""L9429c118""",
Co,2,"=""227.67834""","=""0.00002""","=""227.67842""","=""0.00004""","=""3200p""","=""1.0e+08""",D,"=""64360.050""","=""108268.086""","=""3d7.(2G).4p""","=""y 3F*""","=""3""","=""3d7.(2G).4d""","=""3G""","=""3""",7,7,,"=""T6999""","=""L9429c118""",
Co,2,"=""227.73569""","=""0.00005""","=""227.735425""","=""0.000016""","=""530i""","=""4.6e+06""",D,"=""47078.494""","=""90975.540""","=""3d7.(4F).4p""","=""z 5G*""","=""6""","=""3d7.(4F).4d""","=""e 5H""","=""6""",13,13,,"=""T6999""","=""L9429c118""",
Co,2,"=""227.74251""","=""0.00002""","=""227.742491""","=""0.000016""","=""7800""","=""1.4e+08""",D,"=""65016.915""","=""108912.599""","=""3d7.(2G).4p""","=""y 3F*""","=""2""","=""3d7.(2G).4d""","=""1D""","=""2""",5,5,,"=""T6999""","=""L9429c118""",
Co,2,"=""227.78547""","=""0.00002""","=""227.785441""","=""0.000016""","=""600""","=""7.e+07""",D,"=""47537.365""","=""91424.773""","=""3d7.(4F).4p""","=""z 5D*""","=""2""","=""3d7.(4F).4d""","=""e 5P""","=""2""",5,5,,"=""T6999""","=""L9429c118""",
Co,2,"=""227.79172""","=""0.00002""","=""227.79174""","=""0.00003""","=""3100""","=""1.6e+08""",C+,"=""69637.023""","=""113523.218""","=""3d7.(2D2).4p""","=""w 3D*""","=""2""","=""3d7.(2D2).4d""","=""3D""","=""3""",5,7,,"=""T6999""","=""L9429c118""",
Co,2,"=""227.80958""","=""0.00005""","=""227.80935""","=""0.00003""","=""1800i""","=""4.8e+06""",D,"=""67824.389""","=""111707.192""","=""3d7.(2P).4p""","=""x 3D*""","=""1""","=""3d7.(2P).4d""","=""1P""","=""1""",3,3,,"=""T6999""","=""L9429c118""",
Co,2,"=""227.84497""","=""0.00003""","=""227.844958""","=""0.000021""","=""1400bl(Co II)""","=""4.8e+07""",D,"=""63597.396""","=""107473.341""","=""3d7.(2G).4p""","=""z 3H*""","=""6""","=""3d7.(2G).4d""","=""3I""","=""6""",13,13,,"=""T6999""","=""L9429c118""",
Co,2,"=""227.84695""","=""0.00002""","=""227.846952""","=""0.000021""","=""5700bl""","=""1.2e+08""",D,"=""29268.777""","=""73144.338""","=""3d7.(2D2).4s""","=""a 3D""","=""1""","=""3d7.(2D2).4p""","=""x 3P*""","=""1""",3,3,,"=""T6999""","=""L9429c118""",
Co,2,"=""227.85860""","=""0.00002""","=""227.858477""","=""0.000021""","=""1700p""","=""9.e+07""",D,"=""64601.778""","=""108475.120""","=""3d7.(2G).4p""","=""y 3G*""","=""5""","=""3d7.(2G).4d""","=""3F""","=""4""",11,9,,"=""T6999""","=""L9429c118""",
Co,2,"=""227.86995""","=""0.00003""","=""227.869972""","=""0.000016""","=""1100""","=""3.0e+07""",D,"=""47537.365""","=""91408.494""","=""3d7.(4F).4p""","=""z 5D*""","=""2""","=""3d7.(4F).4d""","=""e 3D""","=""3""",5,7,,"=""T6999""","=""L9429c118""",
Co,2,"=""227.89288""","=""0.00006""","=""227.89284""","=""0.00003""","=""290""","=""9.e+06""",D,"=""64401.359""","=""108268.086""","=""3d7.(2G).4p""","=""z 1G*""","=""4""","=""3d7.(2G).4d""","=""3G""","=""3""",9,7,,"=""T6999""","=""L9429c118""",
Co,2,"=""227.90210""","=""0.00003""","=""227.902074""","=""0.000016""","=""4200""","=""1.0e+07""",D,"=""24074.420""","=""67939.370""","=""3d7.(4P).4s""","=""b 3P""","=""2""","=""3d7.(2P).4p""","=""x 3D*""","=""2""",5,5,,"=""T6999""","=""L9429c118""",
Co,2,"=""227.90602""","=""0.00003""","=""227.905971""","=""0.000016""","=""1400""","=""6.e+07""",D,"=""63586.987""","=""107451.187""","=""3d7.(4P).4p""","=""y 3D*""","=""3""","=""3d7.(2G).4d""","=""3D""","=""3""",7,7,,"=""T6999""","=""L9429c118""",
Co,2,"=""227.92859""","=""0.00004""","=""227.928603""","=""0.000013""","=""460""","=""1.3e+07""",D,"=""47807.493""","=""91667.338""","=""3d7.(4F).4p""","=""z 5G*""","=""4""","=""3d7.(4F).4d""","=""e 5G""","=""3""",9,7,,"=""T6999""","=""L9429c118""",
Co,2,"=""227.93941""","=""0.00003""","=""227.93938""","=""0.00004""","=""640""","=""8.e+06""",D,"=""69059.933""","=""112917.704""","=""3d7.(2D2).4p""","=""w 3D*""","=""3""","=""3d7.(4F).5d""","=""5G""","=""2""",7,5,,"=""T6999""","=""L9429c118""",
Co,2,"=""227.96035""","=""0.00002""","=""227.960372""","=""0.000021""","=""2300""","=""9.1e+07""",C+,"=""63792.717""","=""107646.450""","=""3d7.(2G).4p""","=""z 3H*""","=""4""","=""3d7.(2G).4d""","=""3H""","=""5""",9,11,,"=""T6999""","=""L9429c118""",
Co,2,"=""227.98719""","=""0.00010""","=""227.98723""","=""0.00005""","=""170""","=""1.6e+07""",D,"=""63865.170""","=""107713.738""","=""3d7.(4P).4p""","=""y 3D*""","=""1""","=""3d7.(2G).4d""","=""3D""","=""2""",3,5,,"=""T6999""","=""L9429c118""",
Co,2,"=""228.03725""","=""0.00002""","=""228.037230""","=""0.000016""","=""17000""","=""6.4e+08""",C+,"=""47807.493""","=""91646.447""","=""3d7.(4F).4p""","=""z 5G*""","=""4""","=""3d7.(4F).4d""","=""e 5H""","=""5""",9,11,,"=""T6999""","=""L9429c118""",
Co,2,"=""228.05678""","=""0.00010""","=""228.056776""","=""0.000016""","=""420""","=""1.3e+07""",D,"=""63615.990""","=""107451.187""","=""3d7.(4P).4p""","=""y 3D*""","=""2""","=""3d7.(2G).4d""","=""3D""","=""3""",5,7,,"=""T6999""","=""L9429c118""",
Co,2,"=""228.08709""","=""0.00002""","=""228.08708""","=""0.00003""","=""4200""","=""3.9e+08""",C+,"=""50914.325""","=""94743.698""","=""3d7.(4F).4p""","=""z 3F*""","=""2""","=""3d7.(4F).4d""","=""f 3F""","=""2""",5,5,,"=""T6999""","=""L9429c118""",
Co,2,"=""228.09609""","=""0.00003""","=""228.096035""","=""0.000016""","=""740""","=""3.1e+06""",D,"=""4560.789""","=""48388.442""","=""3d7.(4F).4s""","=""a 5F""","=""3""","=""3d7.(4F).4p""","=""z 5G*""","=""2""",7,5,,"=""T6999""","=""L9429c118""",
Co,2,"=""228.1268""","=""0.0015""","=""228.127403""","=""0.000021""","=""290""","=""1.6e+07""",D,"=""47537.365""","=""91358.992""","=""3d7.(4F).4p""","=""z 5D*""","=""2""","=""3d7.(4F).4d""","=""f 5F""","=""1""",5,3,,"=""T6999""","=""L4687c119""",
Co,2,"=""228.15792""","=""0.00002""","=""228.157916""","=""0.000013""","=""4900""","=""9.3e+07""",C+,"=""64401.359""","=""108217.126""","=""3d7.(2G).4p""","=""z 1G*""","=""4""","=""3d7.(2G).4d""","=""3I""","=""5""",9,11,,"=""T6999""","=""L9429c118""",
Co,2,"=""228.17153""","=""0.00002""","=""228.171540""","=""0.000016""","=""3500""","=""3.6e+07""",D,"=""65016.915""","=""108830.066""","=""3d7.(2G).4p""","=""y 3F*""","=""2""","=""3d7.(2G).4d""","=""3F""","=""3""",5,7,,"=""T6999""","=""L9429c118""",
Co,2,"=""228.18994""","=""0.00002""","=""228.189938""","=""0.000013""","=""29000""","=""3.7e+08""",C+,"=""30567.173""","=""74376.792""","=""3d7.(2H).4s""","=""a 1H""","=""5""","=""3d7.(2H).4p""","=""y 1H*""","=""5""",11,11,,"=""T6999""","=""L9429c118""",
Co,2,"=""228.20137""","=""0.00006""","=""228.20135""","=""0.00003""","=""1700""","=""7.e+07""",D,"=""48150.940""","=""91958.369""","=""3d7.(4F).4p""","=""z 5G*""","=""3""","=""3d7.(4F).4d""","=""e 5D""","=""3""",7,7,,"=""T6999""","=""L9429c118""",
Co,2,"=""228.23586""","=""0.00004""","=""228.23589""","=""0.00003""","=""4600""","=""2.0e+07""",D,"=""27902.161""","=""71702.960""","=""3d7.(2H).4s""","=""a 3H""","=""4""","=""3d7.(2H).4p""","=""y 3H*""","=""5""",9,11,,"=""T6999""","=""L9429c118""",
Co,2,"=""228.25951""","=""0.00002""","=""228.25955""","=""0.00004""","=""2900""","=""2.7e+08""",C+,"=""67910.933""","=""111707.192""","=""3d7.(2P).4p""","=""1S*""","=""0""","=""3d7.(2P).4d""","=""1P""","=""1""",1,3,,"=""T6999""","=""L9429c118""",
Co,2,"=""228.27079""","=""0.00004""","=""228.27079""","=""0.00003""","=""780""","=""3.5e+07""",D,"=""69637.023""","=""113431.126""","=""3d7.(2D2).4p""","=""w 3D*""","=""2""","=""3d7.(4F).5d""","=""3P""","=""1""",5,3,,"=""T6999""","=""L9429c118""",
Co,2,"=""228.27389""","=""0.00010""","=""228.274008""","=""0.000021""","=""170""","=""1.1e+07""",D,"=""63615.990""","=""107409.476""","=""3d7.(4P).4p""","=""y 3D*""","=""2""","=""3d7.(4P).4d""","=""3D""","=""2""",5,5,,"=""T6999""","=""L9429c118""",
Co,2,"=""228.30760""","=""0.00002""","=""228.30759""","=""0.00003""","=""20000""","=""8.e+07""",D,"=""64601.778""","=""108388.822""","=""3d7.(2G).4p""","=""y 3G*""","=""5""","=""3d7.(2G).4d""","=""3H""","=""4""",11,9,,"=""T6999""","=""L9429c118""",
Co,2,"=""228.35215""","=""0.00002""","=""228.352130""","=""0.000016""","=""8800""","=""2.00e+07""",B,"=""4028.988""","=""47807.493""","=""3d7.(4F).4s""","=""a 5F""","=""4""","=""3d7.(4F).4p""","=""z 5G*""","=""4""",9,9,,"=""T4776""","=""L9429c118""",
Co,2,"=""228.38523""","=""0.00003""","=""228.385229""","=""0.000021""","=""3500""","=""3.3e+07""",D,"=""68843.428""","=""112615.589""","=""3d7.(2H).4p""","=""x 3G*""","=""4""","=""3d7.(4F).5d""","=""5G""","=""3""",9,7,,"=""T6999""","=""L9429c118""",
Co,2,"=""228.41077""","=""0.00002""","=""228.410805""","=""0.000016""","=""1200""","=""4.0e+07""",D,"=""48150.940""","=""91918.200""","=""3d7.(4F).4p""","=""z 5G*""","=""3""","=""3d7.(4F).4d""","=""e 3G""","=""4""",7,9,,"=""T6999""","=""L9429c118""",
Co,2,"=""228.49647""","=""0.00018""","=""228.496501""","=""0.000016""","=""140""","=""9.e+06""",D,"=""63792.717""","=""107543.564""","=""3d7.(2G).4p""","=""z 3H*""","=""4""","=""3d7.(2G).4d""","=""3G""","=""5""",9,11,,"=""T6999""","=""L9429c118""",
Co,2,"=""228.52331""","=""0.00016""","=""228.5233""","=""0.0003""","=""210""","=""3.3e+06""",D,"=""64601.778""","=""108347.492""","=""3d7.(2G).4p""","=""y 3G*""","=""5""","=""3d7.(2G).4d""","=""1I""","=""6""",11,13,,"=""T6999""","=""L9429c118""",
Co,2,"=""228.53078""","=""0.00005""","=""228.530785""","=""0.000016""","=""340""","=""1.2e+07""",D,"=""63665.192""","=""107409.476""","=""3d7.(4P).4p""","=""z 5P*""","=""1""","=""3d7.(4P).4d""","=""3D""","=""2""",3,5,,"=""T6999""","=""L9429c118""",
Co,2,"=""228.56394""","=""0.00002""","=""228.563946""","=""0.000016""","=""2900""","=""5.e+07""",D,"=""65174.661""","=""108912.599""","=""3d7.(2G).4p""","=""y 3G*""","=""3""","=""3d7.(2G).4d""","=""1D""","=""2""",7,5,,"=""T6999""","=""L9429c118""",
Co,2,"=""228.58151""","=""0.00002""","=""228.58155""","=""0.00003""","=""3300""","=""3.4e+07""",D,"=""28111.872""","=""71846.441""","=""3d7.(2D2).4s""","=""a 3D""","=""2""","=""3d7.(2D2).4p""","=""x 3P*""","=""2""",5,5,,"=""T6999""","=""L9429c118""",
Co,2,"=""""","=""""","=""228.6072""","=""0.0007""","=""m""","=""1.9e+06""",D,"=""41314.150""","=""85043.81""","=""3d6.4s2""","=""a 5D""","=""3""","=""3d6.(5D).4s.4p""","=""y 5P*""","=""3""",7,7,,"=""T6999""","=""L4687""",
Co,2,"=""228.61590""","=""0.00002""","=""228.61590""","=""0.00006""","=""220000""","=""3.30e+08""",B+,"=""3350.494""","=""47078.494""","=""3d7.(4F).4s""","=""a 5F""","=""5""","=""3d7.(4F).4p""","=""z 5G*""","=""6""",11,13,,"=""T4776""","=""L9429c118""",
Co,2,"=""228.66499""","=""0.00003""","=""228.66500""","=""0.00003""","=""880""","=""7.e+07""",D,"=""69637.023""","=""113355.633""","=""3d7.(2D2).4p""","=""w 3D*""","=""2""","=""3d7.(2D2).4d""","=""3F""","=""3""",5,7,,"=""T6999""","=""L9429c118""",
Co,2,"=""228.68830""","=""0.00003""","=""228.688278""","=""0.000011""","=""1100""","=""4.0e+07""",D,"=""47039.105""","=""90753.266""","=""3d7.(4F).4p""","=""z 5D*""","=""3""","=""3d7.(4F).4d""","=""f 5F""","=""3""",7,7,,"=""T6999""","=""L9429c118""",
Co,2,"=""""","=""""","=""228.7432""","=""0.0010""","=""m(Co II)""","=""1.2e+06""",E,"=""42008.63""","=""85712.30""","=""3d6.4s2""","=""a 5D""","=""1""","=""3d6.(5D).4s.4p""","=""y 5P*""","=""2""",3,5,,"=""T6999""","=""L4687""",
Co,2,"=""228.74361""","=""0.00002""","=""228.743619""","=""0.000010""","=""980""","=""4.4e+07""",D,"=""47345.845""","=""91049.431""","=""3d7.(4F).4p""","=""z 5G*""","=""5""","=""3d7.(4F).4d""","=""e 5D""","=""4""",11,9,,"=""T6999""","=""L9429c118""",
Co,1,"=""""","=""""","=""228.7808""","=""""","=""""","=""8.6e+07""",D,"=""4142.66""","=""47839.15""","=""3p6.3d8.(3F).4s""","=""b 4F""","=""7/2""","=""""","=""6*""","=""7/2""",8,8,,"=""T4223""","=""""",
Co,2,"=""228.85552""","=""0.00003""","=""228.855523""","=""0.000016""","=""1100""","=""3.1e+06""",D,"=""25147.233""","=""68829.451""","=""3d7.(2G).4s""","=""b 1G""","=""4""","=""3d7.(2H).4p""","=""z 3I*""","=""5""",9,11,,"=""T6999""","=""L9429c118""",
Co,2,"=""228.88797""","=""0.00002""","=""228.887977""","=""0.000016""","=""12000""","=""1.6e+08""",C+,"=""65154.041""","=""108830.066""","=""3d7.(2G).4p""","=""y 3G*""","=""4""","=""3d7.(2G).4d""","=""3F""","=""3""",9,7,,"=""T6999""","=""L9429c118""",
Co,2,"=""228.89208""","=""0.00002""","=""228.892091""","=""0.000021""","=""12000""","=""5.1e+08""",C+,"=""67209.258""","=""110884.498""","=""3d7.(2P).4p""","=""z 1D*""","=""2""","=""3d7.(2P).4d""","=""1F""","=""3""",5,7,,"=""T6999""","=""L9429c118""",
Co,2,"=""228.90912""","=""0.00003""","=""228.909137""","=""0.000016""","=""2100""","=""4.6e+06""",D,"=""24267.382""","=""67939.370""","=""3d7.(4P).4s""","=""b 3P""","=""1""","=""3d7.(2P).4p""","=""x 3D*""","=""2""",3,5,,"=""T6999""","=""L9429c118""",
Co,2,"=""228.92349""","=""0.00002""","=""228.923496""","=""0.000016""","=""8100""","=""3.2e+08""",C+,"=""67824.389""","=""111493.638""","=""3d7.(2P).4p""","=""x 3D*""","=""1""","=""3d7.(2P).4d""","=""3F""","=""2""",3,5,,"=""T6999""","=""L9429c118""",
Co,2,"=""228.98014""","=""0.00013""","=""228.980020""","=""0.000016""","=""490""","=""1.9e+07""",D,"=""63792.717""","=""107451.187""","=""3d7.(2G).4p""","=""z 3H*""","=""4""","=""3d7.(2G).4d""","=""3D""","=""3""",9,7,,"=""T6999""","=""L9429c118""",
Co,2,"=""228.99053""","=""0.00004""","=""228.990506""","=""0.000016""","=""1700""","=""7.e+07""",D,"=""48388.442""","=""92044.913""","=""3d7.(4F).4p""","=""z 5G*""","=""2""","=""3d7.(4F).4d""","=""e 3D""","=""2""",5,5,,"=""T6999""","=""L9429c118""",
Co,2,"=""228.99610""","=""0.00002""","=""228.996098""","=""0.000016""","=""10000""","=""1.18e+08""",C+,"=""65174.661""","=""108830.066""","=""3d7.(2G).4p""","=""y 3G*""","=""3""","=""3d7.(2G).4d""","=""3F""","=""3""",7,7,,"=""T6999""","=""L9429c118""",
Co,2,"=""229.03248""","=""0.00004""","=""229.03247""","=""0.00004""","=""2300""","=""3.5e+08""",C+,"=""40771.078""","=""84419.550""","=""3d7.(2F).4s""","=""c 3F""","=""2""","=""3d7.(2F).4p""","=""v 3D*""","=""1""",5,3,,"=""T6999""","=""L9429c118""",
Co,2,"=""229.05229""","=""0.00002""","=""229.05229""","=""0.00005""","=""5300bl(Co I)""","=""9.e+07""",D,"=""63510.180""","=""107154.877""","=""3d7.(2G).4p""","=""y 3F*""","=""4""","=""3d7.(2D2).5s""","=""3D""","=""3""",9,7,,"=""T6999""","=""L9429c118""",
Co,2,"=""229.05833""","=""0.00002""","=""229.058301""","=""0.000016""","=""2400""","=""1.3e+07""",D,"=""24267.382""","=""67910.933""","=""3d7.(4P).4s""","=""b 3P""","=""1""","=""3d7.(2P).4p""","=""1S*""","=""0""",3,1,,"=""T6999""","=""L9429c118""",
Co,2,"=""229.06282""","=""0.00002""","=""229.06282""","=""0.00003""","=""17000""","=""2.4e+08""",C+,"=""64957.482""","=""108600.173""","=""3d7.(2G).4p""","=""z 1H*""","=""5""","=""3d7.(2G).4d""","=""1H""","=""5""",11,11,,"=""T6999""","=""L9429c118""",
Co,2,"=""229.13106""","=""0.00002""","=""229.131053""","=""0.000013""","=""21000""","=""6.2e+08""",C+,"=""47345.845""","=""90975.540""","=""3d7.(4F).4p""","=""z 5G*""","=""5""","=""3d7.(4F).4d""","=""e 5H""","=""6""",11,13,,"=""T6999""","=""L9429c118""",
Co,2,"=""229.16341""","=""0.00017""","=""229.16362""","=""0.00006""","=""490""","=""3.2e+07""",D,"=""40771.078""","=""84394.573""","=""3d7.(2F).4s""","=""c 3F""","=""2""","=""3d7.(2F).4p""","=""v 3D*""","=""2""",5,5,,"=""T6999""","=""L9429c118""",
Co,2,"=""229.18280""","=""0.00004""","=""229.182819""","=""0.000021""","=""1200""","=""2.7e+07""",D,"=""64401.359""","=""108021.200""","=""3d7.(2G).4p""","=""z 1G*""","=""4""","=""3d7.(2H).5s""","=""1H""","=""5""",9,11,,"=""T6999""","=""L9429c118""",
Co,2,"=""229.19910""","=""0.00002""","=""229.19910""","=""0.00003""","=""150000""","=""3.5e+08""",C+,"=""17771.507""","=""61388.250""","=""3d7.(4P).4s""","=""a 5P""","=""3""","=""3d7.(4P).4p""","=""y 5D*""","=""4""",7,9,,"=""T6999""","=""L9429c118""",
Co,2,"=""229.23147""","=""0.00002""","=""229.231208""","=""0.000010""","=""5600*""","=""9.0e+07""",C+,"=""46320.832""","=""89931.466""","=""3d7.(4F).4p""","=""z 5D*""","=""4""","=""3d7.(4F).4d""","=""f 5F""","=""5""",9,11,,"=""T6999""","=""L9429c118""",
Co,2,"=""229.23147""","=""0.00002""","=""229.231913""","=""0.000021""","=""5600*""","=""2.4e+08""",C+,"=""70774.869""","=""114385.369""","=""3d7.(2D2).4p""","=""x 3F*""","=""2""","=""3d7.(2D2).4d""","=""1F""","=""3""",5,7,,"=""T6999""","=""L9429c118""",
Co,2,"=""229.27016""","=""0.00005""","=""229.270210""","=""0.000011""","=""2700""","=""4.1e+06""",D,"=""22414.431""","=""66017.647""","=""3d7.(2G).4s""","=""a 3G""","=""3""","=""3d7.(2G).4p""","=""z 1F*""","=""3""",7,7,,"=""T6999""","=""L9429c118""",
Co,2,"=""229.27663""","=""0.00002""","=""229.276636""","=""0.000016""","=""12000""","=""3.9e+08""",C+,"=""67939.370""","=""111541.364""","=""3d7.(2P).4p""","=""x 3D*""","=""2""","=""3d7.(2P).4d""","=""3F""","=""3""",5,7,,"=""T6999""","=""L9429c118""",
Co,2,"=""229.2819""","=""""","=""229.281858""","=""0.000016""","=""910bl:""","=""2.9e+07""",D,"=""47807.493""","=""91408.494""","=""3d7.(4F).4p""","=""z 5G*""","=""4""","=""3d7.(4F).4d""","=""e 3D""","=""3""",9,7,,"=""T6999""","=""L9429c119""",
Co,2,"=""229.2838""","=""""","=""229.28383""","=""0.00003""","=""180bl:""","=""3.e+05""",E,"=""69317.077""","=""112917.704""","=""3d7.(2D2).4p""","=""w 3D*""","=""1""","=""3d7.(4F).5d""","=""5G""","=""2""",3,5,,"=""T6999""","=""L9429c119""",
Co,2,"=""229.33893""","=""0.00002""","=""229.33893""","=""0.00003""","=""11000""","=""3.3e+07""",B,"=""4560.789""","=""48150.940""","=""3d7.(4F).4s""","=""a 5F""","=""3""","=""3d7.(4F).4p""","=""z 5G*""","=""3""",7,7,,"=""T4776""","=""L9429c118""",
Co,2,"=""229.34288""","=""0.00002""","=""229.342885""","=""0.000016""","=""30000""","=""6.7e+08""",C+,"=""47078.494""","=""90667.894""","=""3d7.(4F).4p""","=""z 5G*""","=""6""","=""3d7.(4F).4d""","=""e 5H""","=""7""",13,15,,"=""T6999""","=""L9429c118""",
Co,2,"=""229.41343""","=""0.00007""","=""229.413459""","=""0.000012""","=""170""","=""8.e+06""",D,"=""47848.781""","=""91424.773""","=""3d7.(4F).4p""","=""z 5D*""","=""1""","=""3d7.(4F).4d""","=""e 5P""","=""2""",3,5,,"=""T6999""","=""L9429c118""",
Co,2,"=""229.44548""","=""0.00009""","=""229.445396""","=""0.000016""","=""250""","=""7.e+05""",E,"=""48388.442""","=""91958.369""","=""3d7.(4F).4p""","=""z 5G*""","=""2""","=""3d7.(4F).4d""","=""e 5D""","=""3""",5,7,,"=""T6999""","=""L9429c118""",
Co,2,"=""229.4715""","=""0.0015""","=""229.473518""","=""0.000016""","=""260""","=""2.6e+06""",D,"=""48556.052""","=""92120.640""","=""3d7.(4F).4p""","=""z 3G*""","=""5""","=""3d7.(4F).4d""","=""e 5H""","=""4""",11,9,,"=""T6999""","=""L4687c119""",
Co,2,"=""229.48997""","=""0.00004""","=""229.48998""","=""0.00003""","=""2700""","=""8.e+06""",D,"=""69356.240""","=""112917.704""","=""3d7.(2H).4p""","=""x 3G*""","=""3""","=""3d7.(4F).5d""","=""5G""","=""2""",7,5,,"=""T6999""","=""L9429c118""",
Co,2,"=""229.50059""","=""0.00005""","=""229.500620""","=""0.000016""","=""210""","=""1.7e+07""",D,"=""63665.192""","=""107224.636""","=""3d7.(4P).4p""","=""z 5P*""","=""1""","=""3d7.(4P).4d""","=""3D""","=""1""",3,3,,"=""T6999""","=""L9429c118""",
Co,2,"=""229.51351""","=""0.00004""","=""229.513461""","=""0.000013""","=""1700""","=""7.e+06""",D,"=""24267.382""","=""67824.389""","=""3d7.(4P).4s""","=""b 3P""","=""1""","=""3d7.(2P).4p""","=""x 3D*""","=""1""",3,3,,"=""T6999""","=""L9429c118""",
Co,1,"=""""","=""""","=""229.5229""","=""""","=""""","=""2.2e+07""",C,"=""0.00""","=""43555.22""","=""3p6.3d7.4s2""","=""a 4F""","=""9/2""","=""3p6.3d8.(1D).4p""","=""x 2F*""","=""7/2""",10,8,,"=""T4223""","=""""",
Co,2,"=""229.57472""","=""0.00002""","=""229.574712""","=""0.000016""","=""3800""","=""1.9e+08""",C+,"=""47807.493""","=""91352.880""","=""3d7.(4F).4p""","=""z 5G*""","=""4""","=""3d7.(4F).4d""","=""e 5G""","=""4""",9,9,,"=""T6999""","=""L9429c118""",
Co,2,"=""229.58013""","=""0.00014""","=""229.580412""","=""0.000021""","=""420""","=""4.0e+07""",D,"=""63865.170""","=""107409.476""","=""3d7.(4P).4p""","=""y 3D*""","=""1""","=""3d7.(4P).4d""","=""3D""","=""2""",3,5,,"=""T6999""","=""L9429c118""",
Co,2,"=""229.59175""","=""0.00002""","=""229.5917""","=""0.0005""","=""3800bl*""","=""3.6e+08""",C+,"=""44090.77""","=""87632.93?""","=""3d7.(2F).4s""","=""a 1F""","=""3""","=""3d7.(2F).4p""","=""x 1F*""","=""3""",7,7,,"=""T6999""","=""L9429c118,L4687""",
Co,2,"=""229.59175""","=""0.00002""","=""229.59212""","=""0.00003""","=""3800bl*""","=""6.e+07""",D,"=""56010.475""","=""99552.560""","=""3d7.(4P).4p""","=""z 5S*""","=""2""","=""3d7.(4P).5s""","=""5P""","=""1""",5,3,,"=""T6999""","=""L9429c118""",
Co,2,"=""229.60024""","=""0.00004""","=""229.600234""","=""0.000016""","=""1100""","=""1.1e+08""",D,"=""48388.442""","=""91928.989""","=""3d7.(4F).4p""","=""z 5G*""","=""2""","=""3d7.(4F).4d""","=""e 5G""","=""2""",5,5,,"=""T6999""","=""L9429c118""",
Co,2,"=""229.65840""","=""0.00010""","=""229.658439""","=""0.000016""","=""2100""","=""1.9e+06""",D,"=""21624.528""","=""65154.041""","=""3d7.(2G).4s""","=""a 3G""","=""5""","=""3d7.(2G).4p""","=""y 3G*""","=""4""",11,9,,"=""T6999""","=""L9429c118""",
Co,2,"=""229.71165""","=""0.00003""","=""229.711606""","=""0.000021""","=""980""","=""2.1e+07""",D,"=""47807.493""","=""91326.932""","=""3d7.(4F).4p""","=""z 5G*""","=""4""","=""3d7.(4F).4d""","=""e 3G""","=""5""",9,11,,"=""T6999""","=""L9429c118""",
Co,2,"=""229.72765""","=""0.00002""","=""229.72766""","=""0.00003""","=""2200""","=""1.33e+08""",C+,"=""48150.940""","=""91667.338""","=""3d7.(4F).4p""","=""z 5G*""","=""3""","=""3d7.(4F).4d""","=""e 5G""","=""3""",7,7,,"=""T6999""","=""L9429c118""",
Co,2,"=""229.73501""","=""0.00003""","=""229.73501""","=""0.00003""","=""3100""","=""2.8e+08""",C+,"=""40879.567""","=""84394.573""","=""3d7.(2F).4s""","=""c 3F""","=""3""","=""3d7.(2F).4p""","=""v 3D*""","=""2""",7,5,,"=""T6999""","=""L9429c118""",
Co,2,"=""229.76017""","=""0.00012""","=""229.760329""","=""0.000021""","=""560""","=""3.4e+07""",D,"=""47848.781""","=""91358.992""","=""3d7.(4F).4p""","=""z 5D*""","=""1""","=""3d7.(4F).4d""","=""f 5F""","=""1""",3,3,,"=""T6999""","=""L9429c118""",
Co,2,"=""229.77156""","=""0.00003""","=""229.77156""","=""0.00003""","=""1000""","=""1.7e+08""",C+,"=""67824.389""","=""111332.473""","=""3d7.(2P).4p""","=""x 3D*""","=""1""","=""3d7.(2P).4d""","=""3P""","=""2""",3,5,,"=""T6999""","=""L9429c118""",
Co,2,"=""229.83029""","=""0.00002""","=""229.83029""","=""0.00004""","=""5200""","=""1.24e+08""",C+,"=""67939.370""","=""111436.337""","=""3d7.(2P).4p""","=""x 3D*""","=""2""","=""""","=""111436""","=""3""",5,7,,"=""T6999""","=""L9429c118""",
Co,2,"=""229.87338""","=""0.00004""","=""229.873394""","=""0.000016""","=""6600""","=""4.0e+07""",D,"=""17771.507""","=""61260.319""","=""3d7.(4P).4s""","=""a 5P""","=""3""","=""3d7.(4P).4p""","=""y 5D*""","=""2""",7,5,,"=""T6999""","=""L9429c118""",
Co,2,"=""229.88869""","=""0.00003""","=""229.88865""","=""0.00003""","=""2200""","=""7.e+07""",D,"=""70774.869""","=""114260.795""","=""3d7.(2D2).4p""","=""x 3F*""","=""2""","=""3d7.(2D2).4d""","=""3D""","=""2""",5,5,,"=""T6999""","=""L9429c118""",
Co,2,"=""229.97690""","=""0.00002""","=""229.976909""","=""0.000016""","=""32000""","=""1.5e+08""",C+,"=""17771.507""","=""61240.746""","=""3d7.(4P).4s""","=""a 5P""","=""3""","=""3d7.(4P).4p""","=""y 5D*""","=""3""",7,7,,"=""T6999""","=""L9429c118""",
Co,2,"=""230.04829""","=""0.00002""","=""230.048276""","=""0.000021""","=""2900""","=""2.9e+07""",D,"=""25861.322""","=""69317.077""","=""3d7.(2P).4s""","=""c 3P""","=""0""","=""3d7.(2D2).4p""","=""w 3D*""","=""1""",1,3,,"=""T6999""","=""L9429c118""",
Co,2,"=""230.05615""","=""0.00004""","=""230.05619""","=""0.00004""","=""1100""","=""4.6e+07""",D,"=""50914.325""","=""94368.585""","=""3d7.(4F).4p""","=""z 3F*""","=""2""","=""3d7.(4F).4d""","=""f 3F""","=""3""",5,7,,"=""T6999""","=""L9429c118""",
Co,2,"=""230.08086""","=""0.00002""","=""230.080862""","=""0.000016""","=""56000""","=""1.17e+08""",C+,"=""24074.420""","=""67524.021""","=""3d7.(4P).4s""","=""b 3P""","=""2""","=""3d7.(2P).4p""","=""x 3D*""","=""3""",5,7,,"=""T6999""","=""L9429c118""",
Co,2,"=""230.09929""","=""0.00002""","=""230.099234""","=""0.000013""","=""22000p""","=""3.1e+08""",C+,"=""65154.041""","=""108600.173""","=""3d7.(2G).4p""","=""y 3G*""","=""4""","=""3d7.(2G).4d""","=""1H""","=""5""",9,11,,"=""T6999""","=""L9429c118""",
Co,2,"=""230.14030""","=""0.00002""","=""230.140301""","=""0.000012""","=""10000""","=""3.8e+07""",B,"=""4950.062""","=""48388.442""","=""3d7.(4F).4s""","=""a 5F""","=""2""","=""3d7.(4F).4p""","=""z 5G*""","=""2""",5,5,,"=""T4776""","=""L9429c118""",
Co,2,"=""230.17757""","=""0.00003""","=""230.17761""","=""0.00003""","=""2300""","=""8.e+06""",D,"=""64957.482""","=""108388.822""","=""3d7.(2G).4p""","=""z 1H*""","=""5""","=""3d7.(2G).4d""","=""3H""","=""4""",11,9,,"=""T6999""","=""L9429c118""",
Co,2,"=""230.18381""","=""0.00002""","=""230.183519""","=""0.000016""","=""5200*""","=""1.0e+07""",D,"=""47537.365""","=""90967.590""","=""3d7.(4F).4p""","=""z 5D*""","=""2""","=""3d7.(4F).4d""","=""f 5F""","=""2""",5,5,,"=""T6999""","=""L9429c118""",
Co,2,"=""230.18381""","=""0.00002""","=""230.183805""","=""0.000016""","=""5200*""","=""1.14e+08""",C+,"=""64360.050""","=""107790.221""","=""3d7.(2G).4p""","=""y 3F*""","=""3""","=""3d7.(2G).4d""","=""3G""","=""4""",7,9,,"=""T6999""","=""L9429c118""",
Co,2,"=""230.19078""","=""0.00006""","=""230.190929""","=""0.000016""","=""1300""","=""2.1e+08""",C+,"=""63510.180""","=""106939.007""","=""3d7.(2G).4p""","=""y 3F*""","=""4""","=""3d7.(4P).4d""","=""3D""","=""3""",9,7,,"=""T6999""","=""L9429c118""",
Co,2,"=""230.21427""","=""0.00004""","=""230.214266""","=""0.000016""","=""730""","=""2.5e+05""",E,"=""66017.647""","=""109442.072""","=""3d7.(2G).4p""","=""z 1F*""","=""3""","=""3d7.(4F).6s""","=""5F""","=""4""",7,9,,"=""T6999""","=""L9429c118""",
Co,2,"=""230.27534""","=""0.00003""","=""230.275335""","=""0.000016""","=""1900""","=""8.e+06""",D,"=""24411.479""","=""67824.389""","=""3d7.(4P).4s""","=""b 3P""","=""0""","=""3d7.(2P).4p""","=""x 3D*""","=""1""",1,3,,"=""T6999""","=""L9429c118""",
Co,2,"=""230.32399""","=""0.00002""","=""230.323979""","=""0.000016""","=""2600""","=""8.e+07""",D,"=""70857.053""","=""114260.795""","=""3d7.(2P).4p""","=""z 1P*""","=""1""","=""3d7.(2D2).4d""","=""3D""","=""2""",3,5,,"=""T6999""","=""L9429c118""",
Co,2,"=""230.37100""","=""0.00005""","=""230.37100""","=""0.00004""","=""520""","=""3.6e+07""",D,"=""70857.053""","=""114251.937""","=""3d7.(2P).4p""","=""z 1P*""","=""1""","=""3d7.(2D2).4d""","=""3S""","=""1""",3,3,,"=""T6999""","=""L9429c118""",
Co,2,"=""230.38036""","=""0.00004""","=""230.38045""","=""0.00004""","=""660""","=""3.4e+07""",D,"=""67939.370""","=""111332.473""","=""3d7.(2P).4p""","=""x 3D*""","=""2""","=""3d7.(2P).4d""","=""3P""","=""2""",5,5,,"=""T6999""","=""L9429c118""",
Co,2,"=""230.39693""","=""0.00002""","=""230.3969""","=""0.0003""","=""49000bl(Co I)""","=""6.5e+08""",C+,"=""64957.482""","=""108347.492""","=""3d7.(2G).4p""","=""z 1H*""","=""5""","=""3d7.(2G).4d""","=""1I""","=""6""",11,13,,"=""T6999""","=""L9429c118""",
Co,2,"=""230.40287""","=""0.00002""","=""230.402975""","=""0.000021""","=""2700bl(Co I)""","=""5.e+07""",D,"=""64401.359""","=""107790.221""","=""3d7.(2G).4p""","=""z 1G*""","=""4""","=""3d7.(2G).4d""","=""3G""","=""4""",9,9,,"=""T6999""","=""L9429c118""",
Co,2,"=""230.42162""","=""0.00004""","=""230.42163""","=""0.00003""","=""3500bl(Co I)""","=""6.e+07""",D,"=""29268.777""","=""72654.127""","=""3d7.(2D2).4s""","=""a 3D""","=""1""","=""3d7.(2D2).4p""","=""y 1D*""","=""2""",3,5,,"=""T6999""","=""L9429c118""",
Co,2,"=""230.49538""","=""0.00002""","=""230.495380""","=""0.000021""","=""12000""","=""4.5e+08""",C+,"=""70457.538""","=""113829.007""","=""3d7.(2D2).4p""","=""x 3F*""","=""3""","=""3d7.(2D2).4d""","=""3G""","=""4""",7,9,,"=""T6999""","=""L9429c118""",
Co,2,"=""230.52475""","=""0.00006""","=""230.52485""","=""0.00003""","=""380""","=""1.3e+07""",D,"=""69059.933""","=""112425.857""","=""3d7.(2D2).4p""","=""w 3D*""","=""3""","=""3d7.(4F).5d""","=""3D""","=""2""",7,5,,"=""T6999""","=""L9429c118""",
Co,2,"=""230.5379""","=""0.0010""","=""230.53828""","=""0.00003""","=""2000""","=""3.9e+07""",D,"=""47995.594""","=""91358.992""","=""3d7.(4F).4p""","=""z 5D*""","=""0""","=""3d7.(4F).4d""","=""f 5F""","=""1""",1,3,,"=""T6999""","=""L4687c119""",
Co,2,"=""230.54495""","=""0.00003""","=""230.544931""","=""0.000014""","=""1200""","=""2.3e+07""",D,"=""48556.052""","=""91918.200""","=""3d7.(4F).4p""","=""z 3G*""","=""5""","=""3d7.(4F).4d""","=""e 3G""","=""4""",11,9,,"=""T6999""","=""L9429c118""",
Co,2,"=""230.55398""","=""0.00011""","=""230.55382""","=""0.00003""","=""120""","=""7.e+06""",D,"=""67524.021""","=""110884.498""","=""3d7.(2P).4p""","=""x 3D*""","=""3""","=""3d7.(2P).4d""","=""1F""","=""3""",7,7,,"=""T6999""","=""L9429c118""",
Co,2,"=""230.55914""","=""0.00006""","=""230.55919""","=""0.00003""","=""690""","=""1.1e+08""",D,"=""63865.170""","=""107224.636""","=""3d7.(4P).4p""","=""y 3D*""","=""1""","=""3d7.(4P).4d""","=""3D""","=""1""",3,3,,"=""T6999""","=""L9429c118""",
Co,2,"=""230.57192""","=""0.00003""","=""230.571967""","=""0.000021""","=""1200""","=""4.4e+07""",D,"=""50381.724""","=""93738.788""","=""3d7.(4F).4p""","=""z 3F*""","=""3""","=""3d7.(4F).4d""","=""f 3F""","=""4""",7,9,,"=""T6999""","=""L9429c118""",
Co,2,"=""230.59003""","=""0.00002""","=""230.589923""","=""0.000021""","=""6600*""","=""2.5e+08""",C+,"=""64360.050""","=""107713.738""","=""3d7.(2G).4p""","=""y 3F*""","=""3""","=""3d7.(2G).4d""","=""3D""","=""2""",7,5,,"=""T6999""","=""L9429c118""",
Co,2,"=""230.59003""","=""0.00002""","=""230.59116""","=""0.00003""","=""6600*""","=""2.5e+07""",D,"=""64914.630""","=""108268.086""","=""3d7.(4P).4p""","=""y 3P*""","=""2""","=""3d7.(2G).4d""","=""3G""","=""3""",5,7,,"=""T6999""","=""L9429c118""",
Co,2,"=""230.5988""","=""""","=""230.598796""","=""0.000016""","=""590bl:""","=""4.1e+07""",D,"=""63586.987""","=""106939.007""","=""3d7.(4P).4p""","=""y 3D*""","=""3""","=""3d7.(4P).4d""","=""3D""","=""3""",7,7,,"=""T6999""","=""L9429c119""",
Co,2,"=""230.6009""","=""""","=""230.60093""","=""0.00003""","=""8000bl:""","=""2.5e+08""",C+,"=""47345.845""","=""90697.464""","=""3d7.(4F).4p""","=""z 5G*""","=""5""","=""3d7.(4F).4d""","=""e 5G""","=""5""",11,11,,"=""T6999""","=""L9429c119""",
Co,2,"=""230.67800""","=""0.00006""","=""230.67800""","=""0.00010""","=""1300""","=""7.e+07""",D,"=""40879.567""","=""84216.703""","=""3d7.(2F).4s""","=""c 3F""","=""3""","=""3d7.(2F).4p""","=""v 3D*""","=""3""",7,7,,"=""T6999""","=""L9429c118""",
Co,2,"=""230.70026""","=""0.00003""","=""230.700266""","=""0.000016""","=""17000""","=""1.7e+07""",D,"=""21624.528""","=""64957.482""","=""3d7.(2G).4s""","=""a 3G""","=""5""","=""3d7.(2G).4p""","=""z 1H*""","=""5""",11,11,,"=""T6999""","=""L9429c118""",
Co,2,"=""230.70958""","=""0.00007""","=""230.70941""","=""0.00003""","=""290""","=""2.4e+07""",D,"=""63586.987""","=""106918.224""","=""3d7.(4P).4p""","=""y 3D*""","=""3""","=""3d7.(4P).4d""","=""3P""","=""2""",7,5,,"=""T6999""","=""L9429c118""",
Co,2,"=""230.75059""","=""0.00002""","=""230.75059""","=""0.00007""","=""7300""","=""3.5e+08""",C+,"=""31199.412""","=""74522.916""","=""3d7.(2D2).4s""","=""b 1D""","=""2""","=""3d7.(2D2).4p""","=""y 1P*""","=""1""",5,3,,"=""T6999""","=""L9429c118""",
Co,2,"=""230.76349""","=""0.00002""","=""230.763510""","=""0.000013""","=""3300""","=""4.8e+07""",D,"=""65154.041""","=""108475.120""","=""3d7.(2G).4p""","=""y 3G*""","=""4""","=""3d7.(2G).4d""","=""3F""","=""4""",9,9,,"=""T6999""","=""L9429c118""",
Co,2,"=""230.77543""","=""0.00002""","=""230.775433""","=""0.000016""","=""16000""","=""1.3e+08""",D,"=""18031.427""","=""61350.268""","=""3d7.(4P).4s""","=""a 5P""","=""2""","=""3d7.(4P).4p""","=""y 5D*""","=""1""",5,3,,"=""T6999""","=""L9429c118""",
Co,2,"=""230.78601""","=""0.00002""","=""230.786004""","=""0.000016""","=""170000""","=""2.60e+08""",B,"=""4028.988""","=""47345.845""","=""3d7.(4F).4s""","=""a 5F""","=""4""","=""3d7.(4F).4p""","=""z 5G*""","=""5""",9,11,,"=""T4776""","=""L9429c118""",
Co,2,"=""230.80092""","=""0.00009""","=""230.800604""","=""0.000016""","=""320""","=""1.4e+07""",D,"=""67209.258""","=""110523.375""","=""3d7.(2P).4p""","=""z 1D*""","=""2""","=""3d7.(2P).4d""","=""3D""","=""2""",5,5,,"=""T6999""","=""L9429c118""",
Co,2,"=""230.81295""","=""0.00003""","=""230.81292""","=""0.00003""","=""1600""","=""6.e+07""",D,"=""64360.050""","=""107671.856""","=""3d7.(2G).4p""","=""y 3F*""","=""3""","=""3d7.(2G).4d""","=""1F""","=""3""",7,7,,"=""T6999""","=""L9429c118""",
Co,2,"=""230.83457""","=""0.00019""","=""230.834763""","=""0.000021""","=""340""","=""4.6e+06""",D,"=""63597.396""","=""106905.104""","=""3d7.(2G).4p""","=""z 3H*""","=""6""","=""3d7.(2H).5s""","=""3H""","=""6""",13,13,,"=""T6999""","=""L9429c118""",
Co,2,"=""230.87342""","=""0.00002""","=""230.873411""","=""0.000013""","=""26000""","=""2.1e+08""",C+,"=""65174.661""","=""108475.120""","=""3d7.(2G).4p""","=""y 3G*""","=""3""","=""3d7.(2G).4d""","=""3F""","=""4""",7,9,,"=""T6999""","=""L9429c118""",
Co,2,"=""230.8910""","=""0.0015""","=""230.893468""","=""0.000013""","=""240""","=""7.e+05""",E,"=""50381.724""","=""93678.422""","=""3d7.(4F).4p""","=""z 3F*""","=""3""","=""3d7.(4F).4d""","=""e 3P""","=""2""",7,5,,"=""T6999""","=""L4687c119""",
Co,1,"=""230.902""","=""""","=""230.9008""","=""""","=""2600""","=""5.6e+07""",C+,"=""0.00""","=""43295.32""","=""3p6.3d7.4s2""","=""a 4F""","=""9/2""","=""3p6.3d7.(2G).4s.4p.(3P*)""","=""w 4F*""","=""9/2""",10,10,,"=""T4223""","=""L3475""",
Co,2,"=""230.90553""","=""0.00002""","=""230.905532""","=""0.000016""","=""9300""","=""1.39e+08""",C+,"=""66017.647""","=""109312.083""","=""3d7.(2G).4p""","=""z 1F*""","=""3""","=""3d7.(2G).4d""","=""1G""","=""4""",7,9,,"=""T6999""","=""L9429c118""",
Co,2,"=""230.98334""","=""0.00003""","=""230.98334""","=""0.00004""","=""660""","=""4.4e+07""",D,"=""63367.333""","=""106647.186""","=""3d7.(4P).4p""","=""z 5P*""","=""2""","=""3d7.(4P).4d""","=""5D""","=""2""",5,5,,"=""T6999""","=""L9429c118""",
Co,2,"=""231.02572""","=""0.00003""","=""231.025718""","=""0.000016""","=""1900""","=""1.5e+07""",D,"=""27585.138""","=""70857.053""","=""3d7.(2P).4s""","=""a 1P""","=""1""","=""3d7.(2P).4p""","=""z 1P*""","=""1""",3,3,,"=""T6999""","=""L9429c118""",
Co,2,"=""231.03327""","=""0.00002""","=""231.033290""","=""0.000016""","=""4500""","=""1.36e+08""",C+,"=""64401.359""","=""107671.856""","=""3d7.(2G).4p""","=""z 1G*""","=""4""","=""3d7.(2G).4d""","=""1F""","=""3""",9,7,,"=""T6999""","=""L9429c118""",
Co,2,"=""231.08374""","=""0.00003""","=""231.08374""","=""0.00003""","=""2400""","=""1.14e+08""",C+,"=""40879.567""","=""84140.618""","=""3d7.(2F).4s""","=""c 3F""","=""3""","=""3d7.(2F).4p""","=""w 3F*""","=""4""",7,9,,"=""T6999""","=""L9429c118""",
Co,2,"=""231.09092""","=""0.00012""","=""231.09126""","=""0.00003""","=""410""","=""9.e+06""",D,"=""64957.482""","=""108217.126""","=""3d7.(2G).4p""","=""z 1H*""","=""5""","=""3d7.(2G).4d""","=""3I""","=""5""",11,11,,"=""T6999""","=""L9429c118""",
Co,2,"=""231.10246""","=""0.00014""","=""231.102423""","=""0.000022""","=""280""","=""1.2e+07""",D,"=""48150.940""","=""91408.494""","=""3d7.(4F).4p""","=""z 5G*""","=""3""","=""3d7.(4F).4d""","=""e 3D""","=""3""",7,7,,"=""T6999""","=""L9429c118""",
Co,2,"=""231.12665""","=""0.00004""","=""231.126586""","=""0.000016""","=""760""","=""8.e+07""",D,"=""63665.192""","=""106918.224""","=""3d7.(4P).4p""","=""z 5P*""","=""1""","=""3d7.(4P).4d""","=""3P""","=""2""",3,5,,"=""T6999""","=""L9429c118""",
Co,2,"=""231.13614""","=""0.00002""","=""231.13653""","=""0.00003""","=""13000bl(Co I)""","=""1.0e+08""",D,"=""65016.915""","=""108268.086""","=""3d7.(2G).4p""","=""y 3F*""","=""2""","=""3d7.(2G).4d""","=""3G""","=""3""",5,7,,"=""T6999""","=""L9429c118""",
Co,2,"=""231.14386""","=""0.00003""","=""231.143881""","=""0.000022""","=""1200""","=""2.6e+08""",D,"=""63665.192""","=""106914.988""","=""3d7.(4P).4p""","=""z 5P*""","=""1""","=""3d7.(4P).4d""","=""3P""","=""0""",3,1,,"=""T6999""","=""L9429c118""",
Co,2,"=""231.16042""","=""0.00002""","=""231.160408""","=""0.000012""","=""120000""","=""2.80e+08""",B,"=""4560.789""","=""47807.493""","=""3d7.(4F).4s""","=""a 5F""","=""3""","=""3d7.(4F).4p""","=""z 5G*""","=""4""",7,9,,"=""T4776""","=""L9429c118""",
Co,2,"=""231.16908""","=""0.00002""","=""231.16903""","=""0.00003""","=""5200""","=""1.44e+08""",C+,"=""64401.359""","=""107646.450""","=""3d7.(2G).4p""","=""z 1G*""","=""4""","=""3d7.(2G).4d""","=""3H""","=""5""",9,11,,"=""T6999""","=""L9429c118""",
Co,2,"=""231.18596""","=""0.00002""","=""231.185888""","=""0.000009""","=""1600*""","=""4.1e+07""",D,"=""47807.493""","=""91049.431""","=""3d7.(4F).4p""","=""z 5G*""","=""4""","=""3d7.(4F).4d""","=""e 5D""","=""4""",9,9,,"=""T6999""","=""L9429c118""",
Co,2,"=""231.18596""","=""0.00002""","=""231.18609""","=""0.00003""","=""1600*""","=""8.e+07""",D,"=""63344.333""","=""106586.233""","=""3d7.(4P).4p""","=""z 5P*""","=""3""","=""3d7.(4P).4d""","=""5D""","=""3""",7,7,,"=""T6999""","=""L9429c118""",
Co,2,"=""231.22415""","=""0.00003""","=""231.224162""","=""0.000016""","=""1400""","=""4.e+05""",E,"=""65154.041""","=""108388.822""","=""3d7.(2G).4p""","=""y 3G*""","=""4""","=""3d7.(2G).4d""","=""3H""","=""4""",9,9,,"=""T6999""","=""L9429c118""",
Co,2,"=""231.25566""","=""0.00002""","=""231.255664""","=""0.000013""","=""34000""","=""2.1e+08""",C+,"=""18031.427""","=""61260.319""","=""3d7.(4P).4s""","=""a 5P""","=""2""","=""3d7.(4P).4p""","=""y 5D*""","=""2""",5,5,,"=""T6999""","=""L9429c118""",
Co,2,"=""231.27760""","=""0.00002""","=""231.277542""","=""0.000016""","=""12000bl(Co II)""","=""1.6e+08""",C+,"=""66017.647""","=""109242.450""","=""3d7.(2G).4p""","=""z 1F*""","=""3""","=""3d7.(2G).4d""","=""3F""","=""2""",7,5,,"=""T6999""","=""L9429c118""",
Co,2,"=""231.28028""","=""0.00002""","=""231.280330""","=""0.000022""","=""17000bl(Co II)""","=""2.7e+08""",C+,"=""47078.494""","=""90302.776""","=""3d7.(4F).4p""","=""z 5G*""","=""6""","=""3d7.(4F).4d""","=""e 5G""","=""6""",13,13,,"=""T6999""","=""L9429c118""",
Co,2,"=""231.30913""","=""0.00002""","=""231.309133""","=""0.000022""","=""3100""","=""1.5e+08""",C+,"=""63367.333""","=""106586.233""","=""3d7.(4P).4p""","=""z 5P*""","=""2""","=""3d7.(4P).4d""","=""5D""","=""3""",5,7,,"=""T6999""","=""L9429c118""",
Co,2,"=""231.32517""","=""0.00004""","=""231.325187""","=""0.000016""","=""550""","=""1.7e+07""",D,"=""47537.365""","=""90753.266""","=""3d7.(4F).4p""","=""z 5D*""","=""2""","=""3d7.(4F).4d""","=""f 5F""","=""3""",5,7,,"=""T6999""","=""L9429c118""",
Co,2,"=""231.33450""","=""0.00002""","=""231.334502""","=""0.000013""","=""7900""","=""1.8e+08""",C+,"=""65174.661""","=""108388.822""","=""3d7.(2G).4p""","=""y 3G*""","=""3""","=""3d7.(2G).4d""","=""3H""","=""4""",7,9,,"=""T6999""","=""L9429c118""",
Co,2,"=""231.36044""","=""0.00002""","=""231.360427""","=""0.000012""","=""38000""","=""1.8e+08""",C+,"=""18031.427""","=""61240.746""","=""3d7.(4P).4s""","=""a 5P""","=""2""","=""3d7.(4P).4p""","=""y 5D*""","=""3""",5,7,,"=""T6999""","=""L9429c118""",
Co,2,"=""231.40290""","=""0.00002""","=""231.40292""","=""0.00007""","=""16000bl(Co II)""","=""4.8e+08""",C+,"=""67524.021""","=""110725.407""","=""3d7.(2P).4p""","=""x 3D*""","=""3""","=""3d7.(2P).4d""","=""3F""","=""4""",7,9,,"=""T6999""","=""L9429c118""",
Co,2,"=""231.40563""","=""0.00002""","=""231.405636""","=""0.000016""","=""96000bl(Co II)""","=""2.80e+08""",B,"=""4950.062""","=""48150.940""","=""3d7.(4F).4s""","=""a 5F""","=""2""","=""3d7.(4F).4p""","=""z 5G*""","=""3""",5,7,,"=""T4776""","=""L9429c118""",
Co,3,"=""231.42432""","=""0.00018""","=""231.42279""","=""0.00021""","=""250""","=""2.0e+07""",D+,"=""83791.34""","=""126989.016""","=""3d6.(3D).4s""","=""b 4D""","=""1/2""","=""3d6.(3F2).4p""","=""y 4F*""","=""3/2""",2,4,,"=""u37""","=""L19543c139,c153""",
Co,2,"=""231.45484""","=""0.00005""","=""231.454631""","=""0.000022""","=""690""","=""2.0e+07""",D,"=""49697.683""","=""92889.417""","=""3d7.(4F).4p""","=""z 3F*""","=""4""","=""3d7.(4F).4d""","=""e 3H""","=""4""",9,9,,"=""T6999""","=""L9429c118""",
Co,2,"=""231.46537""","=""0.00002""","=""231.465366""","=""0.000022""","=""23000""","=""1.2e+08""",D,"=""27585.138""","=""70774.869""","=""3d7.(2P).4s""","=""a 1P""","=""1""","=""3d7.(2D2).4p""","=""x 3F*""","=""2""",3,5,,"=""T6999""","=""L9429c118""",
Co,2,"=""231.47218""","=""0.00003""","=""231.47227""","=""0.00003""","=""860""","=""1.5e+07""",D,"=""64601.778""","=""107790.221""","=""3d7.(2G).4p""","=""y 3G*""","=""5""","=""3d7.(2G).4d""","=""3G""","=""4""",11,9,,"=""T6999""","=""L9429c118""",
Co,2,"=""231.49747""","=""0.00002""","=""231.497459""","=""0.000016""","=""72000""","=""2.70e+08""",B,"=""5204.698""","=""48388.442""","=""3d7.(4F).4s""","=""a 5F""","=""1""","=""3d7.(4F).4p""","=""z 5G*""","=""2""",3,5,,"=""T4776""","=""L9429c118""",
Co,2,"=""231.54134""","=""0.00002""","=""231.54133""","=""0.00003""","=""4500""","=""1.3e+08""",D,"=""64360.050""","=""107535.612""","=""3d7.(2G).4p""","=""y 3F*""","=""3""","=""3d7.(2D2).5s""","=""3D""","=""2""",7,5,,"=""T6999""","=""L9429c118""",
Co,2,"=""231.56226""","=""0.00005""","=""231.562182""","=""0.000022""","=""450""","=""1.7e+07""",D,"=""49348.304""","=""92519.979""","=""3d7.(4F).4p""","=""z 3G*""","=""4""","=""3d7.(4F).4d""","=""e 3G""","=""3""",9,7,,"=""T6999""","=""L9429c118""",
Co,2,"=""231.57437""","=""0.00004""","=""231.57436""","=""0.00006""","=""4500""","=""2.6e+08""",C+,"=""41047.299""","=""84216.703""","=""3d7.(2F).4s""","=""c 3F""","=""4""","=""3d7.(2F).4p""","=""v 3D*""","=""3""",9,7,,"=""T6999""","=""L9429c118""",
Co,2,"=""231.59631""","=""0.00002""","=""231.596293""","=""0.000016""","=""4500""","=""4.3e+06""",D,"=""22009.344""","=""65174.661""","=""3d7.(2G).4s""","=""a 3G""","=""4""","=""3d7.(2G).4p""","=""y 3G*""","=""3""",9,7,,"=""T6999""","=""L9429c118""",
Co,2,"=""231.62452""","=""0.00003""","=""231.624515""","=""0.000016""","=""1100""","=""3.8e+07""",D,"=""47039.105""","=""90199.163""","=""3d7.(4F).4p""","=""z 5D*""","=""3""","=""3d7.(4F).4d""","=""f 5F""","=""4""",7,9,,"=""T6999""","=""L9429c118""",
Co,2,"=""231.68214""","=""0.00003""","=""231.682225""","=""0.000022""","=""480""","=""8.e+07""",D,"=""63367.333""","=""106516.641""","=""3d7.(4P).4p""","=""z 5P*""","=""2""","=""3d7.(4P).4d""","=""5D""","=""1""",5,3,,"=""T6999""","=""L9429c118""",
Co,2,"=""231.70700""","=""0.00002""","=""231.706988""","=""0.000012""","=""240000""","=""1.9e+08""",C+,"=""22009.344""","=""65154.041""","=""3d7.(2G).4s""","=""a 3G""","=""4""","=""3d7.(2G).4p""","=""y 3G*""","=""4""",9,9,,"=""T6999""","=""L9429c118""",
Co,2,"=""231.72041""","=""0.00003""","=""231.720373""","=""0.000022""","=""720""","=""3.4e+07""",D,"=""64401.359""","=""107543.564""","=""3d7.(2G).4p""","=""z 1G*""","=""4""","=""3d7.(2G).4d""","=""3G""","=""5""",9,11,,"=""T6999""","=""L9429c118""",
Co,2,"=""231.76015""","=""0.00002""","=""231.759952""","=""0.000016""","=""1700*""","=""9.e+05""",E,"=""24074.420""","=""67209.258""","=""3d7.(4P).4s""","=""b 3P""","=""2""","=""3d7.(2P).4p""","=""z 1D*""","=""2""",5,5,,"=""T6999""","=""L9429c118""",
Co,2,"=""231.76015""","=""0.00002""","=""231.76023""","=""0.00005""","=""1700*""","=""1.8e+08""",C+,"=""63367.333""","=""106502.120""","=""3d7.(4P).4p""","=""z 5P*""","=""2""","=""3d7.(4P).4d""","=""3F""","=""2""",5,5,,"=""T6999""","=""L9429c118""",
Co,2,"=""231.84250""","=""0.00002""","=""231.84248""","=""0.00004""","=""13000""","=""3.4e+08""",D,"=""18338.640""","=""61458.124""","=""3d7.(4P).4s""","=""a 5P""","=""1""","=""3d7.(4P).4p""","=""y 5D*""","=""0""",3,1,,"=""T6999""","=""L9429c118""",
Co,2,"=""231.87171""","=""0.00003""","=""231.87173""","=""0.00003""","=""890""","=""2.3e+07""",D,"=""65154.041""","=""108268.086""","=""3d7.(2G).4p""","=""y 3G*""","=""4""","=""3d7.(2G).4d""","=""3G""","=""3""",9,7,,"=""T6999""","=""L9429c118""",
Co,2,"=""231.90005""","=""0.00002""","=""231.900056""","=""0.000016""","=""2500""","=""9.e+07""",D,"=""69317.077""","=""112425.857""","=""3d7.(2D2).4p""","=""w 3D*""","=""1""","=""3d7.(4F).5d""","=""3D""","=""2""",3,5,,"=""T6999""","=""L9429c118""",
Co,2,"=""231.93900""","=""0.00002""","=""231.938997""","=""0.000022""","=""28000""","=""4.3e+08""",C+,"=""64601.778""","=""107703.321""","=""3d7.(2G).4p""","=""y 3G*""","=""5""","=""3d7.(2G).4d""","=""3H""","=""6""",11,13,,"=""T6999""","=""L9429c118""",
Co,3,"=""231.96423""","=""0.00017""","=""231.9642""","=""0.0003""","=""270""","=""2.2e+07""",D+,"=""83775.456""","=""126872.32""","=""3d6.(3D).4s""","=""b 4D""","=""3/2""","=""3d6.(3F2).4p""","=""y 4F*""","=""5/2""",4,6,,"=""u37""","=""L19543c139""",
Co,2,"=""231.98296""","=""0.00002""","=""231.98269""","=""0.00003""","=""8900*""","=""2.7e+08""",C+,"=""65174.661""","=""108268.086""","=""3d7.(2G).4p""","=""y 3G*""","=""3""","=""3d7.(2G).4d""","=""3G""","=""3""",7,7,,"=""T6999""","=""L9429c118""",
Co,2,"=""231.98296""","=""0.00002""","=""231.98326""","=""0.00016""","=""8900*""","=""2.1e+08""",C+,"=""41047.299""","=""84140.618""","=""3d7.(2F).4s""","=""c 3F""","=""4""","=""3d7.(2F).4p""","=""w 3F*""","=""4""",9,9,,"=""T6999""","=""L9429c118""",
Co,2,"=""231.99183""","=""0.00010""","=""231.99181""","=""0.00012""","=""1400""","=""9.e+07""",D,"=""40771.078""","=""83862.81""","=""3d7.(2F).4s""","=""c 3F""","=""2""","=""3d7.(2F).4p""","=""w 3F*""","=""3""",5,7,,"=""T6999""","=""L9429c118""",
Co,2,"=""231.99896""","=""0.00004""","=""231.99901""","=""0.00003""","=""510""","=""1.1e+07""",D,"=""48556.052""","=""91646.447""","=""3d7.(4F).4p""","=""z 3G*""","=""5""","=""3d7.(4F).4d""","=""e 5H""","=""5""",11,11,,"=""T6999""","=""L9429c118""",
Co,2,"=""232.00629""","=""0.00002""","=""232.006272""","=""0.000016""","=""3100""","=""2.0e+05""",E,"=""70185.955""","=""113275.001""","=""3d7.(2D2).4p""","=""x 3F*""","=""4""","=""3d7.(2H).4d""","=""3G""","=""4""",9,9,,"=""T6999""","=""L9429c118""",
Co,2,"=""232.03059""","=""0.00002""","=""232.030587""","=""0.000022""","=""4800""","=""4.7e+08""",C+,"=""63344.333""","=""106428.864""","=""3d7.(4P).4p""","=""z 5P*""","=""3""","=""3d7.(4P).4d""","=""5D""","=""4""",7,9,,"=""T6999""","=""L9429c118""",
Co,2,"=""232.05200""","=""0.00003""","=""232.05209""","=""0.00006""","=""1100""","=""6.e+07""",D,"=""71846.441""","=""114926.979""","=""3d7.(2D2).4p""","=""x 3P*""","=""2""","=""3d7.(2D2).4d""","=""3G""","=""3""",5,7,,"=""T6999""","=""L9429c118""",
Co,2,"=""232.09137""","=""0.00004""","=""232.09097""","=""0.00003""","=""1400bl(Co I)""","=""1.1e+06""",E,"=""65657.249""","=""108730.572""","=""3d7.(4P).4p""","=""y 3P*""","=""1""","=""3d7.(2D2).5s""","=""1D""","=""2""",3,5,,"=""T6999""","=""L9429c118""",
Co,2,"=""232.11969""","=""0.00002""","=""232.119704""","=""0.000016""","=""2400""","=""1.7e+08""",C+,"=""70185.955""","=""113253.946""","=""3d7.(2D2).4p""","=""x 3F*""","=""4""","=""3d7.(2D2).4d""","=""3F""","=""4""",9,9,,"=""T6999""","=""L9429c118""",
Co,2,"=""232.12288""","=""0.00002""","=""232.122874""","=""0.000016""","=""19000""","=""6.0e+08""",C+,"=""48556.052""","=""91623.455""","=""3d7.(4F).4p""","=""z 3G*""","=""5""","=""3d7.(4F).4d""","=""e 3H""","=""6""",11,13,,"=""T6999""","=""L9429c118""",
Co,2,"=""232.13221""","=""0.00002""","=""232.132161""","=""0.000016""","=""2400""","=""1.25e+08""",C+,"=""70457.538""","=""113523.218""","=""3d7.(2D2).4p""","=""x 3F*""","=""3""","=""3d7.(2D2).4d""","=""3D""","=""3""",7,7,,"=""T6999""","=""L9429c118""",
Co,2,"=""232.14271""","=""0.00006""","=""232.142738""","=""0.000016""","=""270""","=""1.4e+06""",D,"=""64957.482""","=""108021.200""","=""3d7.(2G).4p""","=""z 1H*""","=""5""","=""3d7.(2H).5s""","=""1H""","=""5""",11,11,,"=""T6999""","=""L9429c118""",
Co,2,"=""232.14615""","=""0.00002""","=""232.146151""","=""0.000016""","=""6500""","=""9.9e+07""",C+,"=""65154.041""","=""108217.126""","=""3d7.(2G).4p""","=""y 3G*""","=""4""","=""3d7.(2G).4d""","=""3I""","=""5""",9,11,,"=""T6999""","=""L9429c118""",
Co,2,"=""232.15882""","=""0.00002""","=""232.158821""","=""0.000016""","=""2000""","=""3.4e+07""",D,"=""71702.960""","=""114763.695""","=""3d7.(2H).4p""","=""y 3H*""","=""5""","=""3d7.(2H).4d""","=""1I""","=""6""",11,13,,"=""T6999""","=""L9429c118""",
Co,3,"=""232.1675""","=""0.0005""","=""232.16655""","=""0.00016""","=""410bl""","=""1.8e+07""",D+,"=""83940.274""","=""126999.576""","=""3d6.(3D).4s""","=""b 4D""","=""7/2""","=""3d6.(3F2).4p""","=""y 4F*""","=""9/2""",8,10,,"=""u37""","=""L19543c139,c153""",
Co,2,"=""232.17524""","=""0.00011""","=""232.175214""","=""0.000016""","=""110""","=""3.4e+06""",D,"=""49348.304""","=""92405.999""","=""3d7.(4F).4p""","=""z 3G*""","=""4""","=""3d7.(4F).4d""","=""e 5H""","=""3""",9,7,,"=""T6999""","=""L9429c118""",
Co,2,"=""232.20069""","=""0.00002""","=""232.200244""","=""0.000016""","=""23000*""","=""6.e+07""",D,"=""63865.170""","=""106918.224""","=""3d7.(4P).4p""","=""y 3D*""","=""1""","=""3d7.(4P).4d""","=""3P""","=""2""",3,5,,"=""T6999""","=""L9429c118""",
Co,2,"=""232.20069""","=""0.00002""","=""232.200697""","=""0.000016""","=""23000*""","=""3.3e+07""",D,"=""24886.400""","=""67939.370""","=""3d7.(2P).4s""","=""c 3P""","=""2""","=""3d7.(2P).4p""","=""x 3D*""","=""2""",5,5,,"=""T6999""","=""L9429c118""",
Co,2,"=""232.21766""","=""0.00003""","=""232.217645""","=""0.000016""","=""1700*""","=""5.e+07""",D,"=""64401.359""","=""107451.187""","=""3d7.(2G).4p""","=""z 1G*""","=""4""","=""3d7.(2G).4d""","=""3D""","=""3""",9,7,,"=""T6999""","=""L9429c118""",
Co,2,"=""232.21766""","=""0.00003""","=""232.21770""","=""0.00003""","=""1700*""","=""2.2e+07""",D,"=""63865.170""","=""106914.988""","=""3d7.(4P).4p""","=""y 3D*""","=""1""","=""3d7.(4P).4d""","=""3P""","=""0""",3,1,,"=""T6999""","=""L9429c118""",
Co,2,"=""232.23487""","=""0.00006""","=""232.23483""","=""0.00003""","=""510""","=""3.2e+07""",D,"=""70774.869""","=""113821.511""","=""3d7.(2D2).4p""","=""x 3F*""","=""2""","=""3d7.(2D2).4d""","=""3F""","=""2""",5,5,,"=""T6999""","=""L9429c118""",
Co,2,"=""232.24548""","=""0.00002""","=""232.245463""","=""0.000016""","=""2800""","=""4.3e+07""",D,"=""64601.778""","=""107646.450""","=""3d7.(2G).4p""","=""y 3G*""","=""5""","=""3d7.(2G).4d""","=""3H""","=""5""",11,11,,"=""T6999""","=""L9429c118""",
Co,2,"=""232.29718""","=""0.00016""","=""232.29741""","=""0.00003""","=""180""","=""1.8e+07""",D,"=""67824.389""","=""110859.436""","=""3d7.(2P).4p""","=""x 3D*""","=""1""","=""3d7.(2P).4d""","=""3P""","=""1""",3,3,,"=""T6999""","=""L9429c118""",
Co,2,"=""232.30634""","=""0.00002""","=""232.306345""","=""0.000016""","=""3200""","=""9.e+07""",D,"=""69317.077""","=""112350.469""","=""3d7.(2D2).4p""","=""w 3D*""","=""1""","=""3d7.(2P).4d""","=""1D""","=""2""",3,5,,"=""T6999""","=""L9429c118""",
Co,1,"=""232.314""","=""""","=""232.3140""","=""""","=""2400""","=""5.0e+07""",C,"=""816.00""","=""43847.98""","=""3p6.3d7.4s2""","=""a 4F""","=""7/2""","=""3p6.3d7.(2G).4s.4p.(3P*)""","=""*""","=""7/2""",8,8,,"=""T4223""","=""L3475""",
Co,3,"=""232.3341""","=""0.0007""","=""232.33357""","=""0.00022""","=""81""","=""2.2e+06""",D,"=""89288.021""","=""132316.37""","=""3d6.(3D).4s""","=""c 2D""","=""3/2""","=""3d6.(3P2).4p""","=""z 2S*""","=""1/2""",4,2,,"=""u37""","=""L19543c139""",
Co,2,"=""232.42380""","=""0.00002""","=""232.421606""","=""0.000016""","=""26000*""","=""8.e+07""",D,"=""56010.475""","=""99022.528""","=""3d7.(4P).4p""","=""z 5S*""","=""2""","=""3d7.(4P).5s""","=""5P""","=""3""",5,7,,"=""T6999""","=""L9429c118""",
Co,2,"=""232.42380""","=""0.00002""","=""232.423903""","=""0.000016""","=""26000*""","=""2.0e+08""",D,"=""18338.640""","=""61350.268""","=""3d7.(4P).4s""","=""a 5P""","=""1""","=""3d7.(4P).4p""","=""y 5D*""","=""1""",3,3,,"=""T6999""","=""L9429c118""",
Co,2,"=""232.4280""","=""""","=""232.427967""","=""0.000016""","=""8500bl:""","=""3.4e+08""",C+,"=""49348.304""","=""92359.180""","=""3d7.(4F).4p""","=""z 3G*""","=""4""","=""3d7.(4F).4d""","=""e 3H""","=""5""",9,11,,"=""T6999""","=""L9429c119""",
Co,2,"=""232.4321""","=""""","=""232.432069""","=""0.000016""","=""38000bl:""","=""7.8e+07""",B+,"=""4028.988""","=""47039.105""","=""3d7.(4F).4s""","=""a 5F""","=""4""","=""3d7.(4F).4p""","=""z 5D*""","=""3""",9,7,,"=""T4776""","=""L9429c119""",
Co,2,"=""232.44403""","=""0.00003""","=""232.444084""","=""0.000022""","=""620""","=""6.e+07""",D,"=""71846.441""","=""114854.335""","=""3d7.(2D2).4p""","=""x 3P*""","=""2""","=""3d7.(2D2).4d""","=""3D""","=""1""",5,3,,"=""T6999""","=""L9429c118""",
Co,2,"=""232.48249""","=""0.00003""","=""232.482505""","=""0.000022""","=""1600""","=""1.9e+08""",D,"=""70857.053""","=""113857.840""","=""3d7.(2P).4p""","=""z 1P*""","=""1""","=""3d7.(2D2).4d""","=""1P""","=""1""",3,3,,"=""T6999""","=""L9429c118""",
Co,2,"=""232.49032""","=""0.00004""","=""232.490253""","=""0.000022""","=""650""","=""3.0e+07""",D,"=""67524.021""","=""110523.375""","=""3d7.(2P).4p""","=""x 3D*""","=""3""","=""3d7.(2P).4d""","=""3D""","=""2""",7,5,,"=""T6999""","=""L9429c118""",
Co,2,"=""232.51892""","=""0.00002""","=""232.517969""","=""0.000022""","=""5500*""","=""1.2e+06""",E,"=""69356.240""","=""112350.469""","=""3d7.(2H).4p""","=""x 3G*""","=""3""","=""3d7.(2P).4d""","=""1D""","=""2""",7,5,,"=""T6999""","=""L9429c118""",
Co,2,"=""232.51892""","=""0.00002""","=""232.519565""","=""0.000013""","=""5500*""","=""7.e+05""",E,"=""22414.431""","=""65408.365""","=""3d7.(2G).4s""","=""a 3G""","=""3""","=""3d7.(2P).4p""","=""z 3P*""","=""2""",7,5,,"=""T6999""","=""L9429c118""",
Co,1,"=""""","=""""","=""232.5537""","=""""","=""""","=""1.1e+07""",D,"=""1406.84""","=""44394.47""","=""3p6.3d7.4s2""","=""a 4F""","=""5/2""","=""3p6.3d7.(2G).4s.4p.(3P*)""","=""w 4G*""","=""7/2""",6,8,,"=""T4223""","=""""",
Co,2,"=""232.57728""","=""0.00003""","=""232.57740""","=""0.00012""","=""2500""","=""1.8e+08""",C+,"=""40879.567""","=""83862.81""","=""3d7.(2F).4s""","=""c 3F""","=""3""","=""3d7.(2F).4p""","=""w 3F*""","=""3""",7,7,,"=""T6999""","=""L9429c118""",
Co,2,"=""232.58403""","=""0.00003""","=""232.58416""","=""0.00003""","=""960""","=""6.e+07""",D,"=""63665.192""","=""106647.186""","=""3d7.(4P).4p""","=""z 5P*""","=""1""","=""3d7.(4P).4d""","=""5D""","=""2""",3,5,,"=""T6999""","=""L9429c118""",
Co,2,"=""232.60995""","=""0.00002""","=""232.609838""","=""0.000014""","=""610000*""","=""2.6e+08""",C+,"=""21624.528""","=""64601.778""","=""3d7.(2G).4s""","=""a 3G""","=""5""","=""3d7.(2G).4p""","=""y 3G*""","=""5""",11,11,,"=""T6999""","=""L9429c118""",
Co,2,"=""232.60995""","=""0.00002""","=""232.613486""","=""0.000022""","=""610000*""","=""1.20e+08""",C+,"=""4560.789""","=""47537.365""","=""3d7.(4F).4s""","=""a 5F""","=""3""","=""3d7.(4F).4p""","=""z 5D*""","=""2""",7,5,,"=""T6135""","=""L9429c118""",
Co,2,"=""232.64728""","=""0.00002""","=""232.64611""","=""0.00003""","=""48000*""","=""2.9e+07""",D,"=""48388.442""","=""91358.992""","=""3d7.(4F).4p""","=""z 5G*""","=""2""","=""3d7.(4F).4d""","=""f 5F""","=""1""",5,3,,"=""T6999""","=""L9429c118""",
Co,2,"=""232.64728""","=""0.00002""","=""232.64726""","=""0.00005""","=""48000*""","=""7.9e+07""",B+,"=""3350.494""","=""46320.832""","=""3d7.(4F).4s""","=""a 5F""","=""5""","=""3d7.(4F).4p""","=""z 5D*""","=""4""",11,9,,"=""T4776""","=""L9429c118""",
Co,2,"=""232.67905""","=""0.00003""","=""232.679100""","=""0.000016""","=""1000""","=""6.e+07""",D,"=""70857.053""","=""113821.511""","=""3d7.(2P).4p""","=""z 1P*""","=""1""","=""3d7.(2D2).4d""","=""3F""","=""2""",3,5,,"=""T6999""","=""L9429c118""",
Co,2,"=""232.71990""","=""0.00007""","=""232.719873""","=""0.000016""","=""240""","=""3.4e+06""",D,"=""47345.845""","=""90302.776""","=""3d7.(4F).4p""","=""z 5G*""","=""5""","=""3d7.(4F).4d""","=""e 5G""","=""6""",11,13,,"=""T6999""","=""L9429c118""",
Co,2,"=""232.76277""","=""0.00003""","=""232.762792""","=""0.000016""","=""1800""","=""2.5e+08""",C+,"=""63367.333""","=""106316.344""","=""3d7.(4P).4p""","=""z 5P*""","=""2""","=""3d7.(4P).4d""","=""3F""","=""3""",5,7,,"=""T6999""","=""L9429c118""",
Co,2,"=""232.76752""","=""0.00002""","=""232.767524""","=""0.000016""","=""85000""","=""7.7e+07""",C+,"=""22009.344""","=""64957.482""","=""3d7.(2G).4s""","=""a 3G""","=""4""","=""3d7.(2G).4p""","=""z 1H*""","=""5""",9,11,,"=""T6999""","=""L9429c118""",
Co,2,"=""232.78007""","=""0.00008""","=""232.780343""","=""0.000016""","=""340""","=""1.3e+07""",D,"=""47807.493""","=""90753.266""","=""3d7.(4F).4p""","=""z 5G*""","=""4""","=""3d7.(4F).4d""","=""f 5F""","=""3""",9,7,,"=""T6999""","=""L9429c118""",
Co,2,"=""232.78385""","=""0.00003""","=""232.783839""","=""0.000016""","=""750""","=""2.8e+07""",D,"=""67939.370""","=""110884.498""","=""3d7.(2P).4p""","=""x 3D*""","=""2""","=""3d7.(2P).4d""","=""1F""","=""3""",5,7,,"=""T6999""","=""L9429c118""",
Co,2,"=""232.80200""","=""0.00002""","=""232.801958""","=""0.000016""","=""9500*""","=""3.2e+08""",C+,"=""64601.778""","=""107543.564""","=""3d7.(2G).4p""","=""y 3G*""","=""5""","=""3d7.(2G).4d""","=""3G""","=""5""",11,11,,"=""T6999""","=""L9429c118""",
Co,2,"=""232.88094""","=""0.00008""","=""232.880937""","=""0.000016""","=""580p""","=""1.0e+07""",D,"=""47537.365""","=""90464.589""","=""3d7.(4F).4p""","=""z 5D*""","=""2""","=""3d7.(4F).4d""","=""e 5P""","=""3""",5,7,,"=""T6999""","=""L9429c118""",
Co,2,"=""232.91056""","=""0.00002""","=""232.911025""","=""0.000016""","=""17000bl(Co I)""","=""8.e+07""",D,"=""18338.640""","=""61260.319""","=""3d7.(4P).4s""","=""a 5P""","=""1""","=""3d7.(4P).4p""","=""y 5D*""","=""2""",3,5,,"=""T6999""","=""L9429c118""",
Co,2,"=""232.94613""","=""0.00009""","=""232.946234""","=""0.000022""","=""130""","=""1.1e+06""",D,"=""63306.686""","=""106221.878""","=""3d7.(2G).4p""","=""z 3H*""","=""5""","=""3d7.(4P).4d""","=""3F""","=""4""",11,9,,"=""T6999""","=""L9429c118""",
Co,2,"=""233.03570""","=""0.00002""","=""233.035693""","=""0.000012""","=""22000""","=""1.32e+08""",B+,"=""4950.062""","=""47848.781""","=""3d7.(4F).4s""","=""a 5F""","=""2""","=""3d7.(4F).4p""","=""z 5D*""","=""1""",5,3,,"=""T4776""","=""L9429c118""",
Co,2,"=""233.05616""","=""0.00002""","=""233.056160""","=""0.000017""","=""7800""","=""2.9e+08""",C+,"=""66017.647""","=""108912.599""","=""3d7.(2G).4p""","=""z 1F*""","=""3""","=""3d7.(2G).4d""","=""1D""","=""2""",7,5,,"=""T6999""","=""L9429c118""",
Co,2,"=""233.0822""","=""0.0015""","=""233.08323""","=""0.00003""","=""210""","=""9.e+05""",D,"=""47807.493""","=""90697.464""","=""3d7.(4F).4p""","=""z 5G*""","=""4""","=""3d7.(4F).4d""","=""e 5G""","=""5""",9,11,,"=""T6999""","=""L4687c119""",
Co,2,"=""233.10412""","=""0.00006""","=""233.10411""","=""0.00003""","=""180""","=""1.1e+07""",D,"=""63615.990""","=""106502.120""","=""3d7.(4P).4p""","=""y 3D*""","=""2""","=""3d7.(4P).4d""","=""3F""","=""2""",5,5,,"=""T6999""","=""L9429c118""",
Co,2,"=""233.15078""","=""0.00005""","=""233.150781""","=""0.000022""","=""240""","=""5.0e+07""",D,"=""63344.333""","=""106221.878""","=""3d7.(4P).4p""","=""z 5P*""","=""3""","=""3d7.(4P).4d""","=""3F""","=""4""",7,9,,"=""T6999""","=""L9429c118""",
Co,2,"=""233.16912""","=""0.00006""","=""233.169093""","=""0.000022""","=""1100""","=""5.e+05""",E,"=""67824.389""","=""110698.567""","=""3d7.(2P).4p""","=""x 3D*""","=""1""","=""3d7.(4F).6s""","=""3F""","=""2""",3,5,,"=""T6999""","=""L9429c118""",
Co,2,"=""233.18330""","=""0.00004""","=""233.183316""","=""0.000022""","=""440""","=""1.5e+07""",D,"=""64601.778""","=""107473.341""","=""3d7.(2G).4p""","=""y 3G*""","=""5""","=""3d7.(2G).4d""","=""3I""","=""6""",11,13,,"=""T6999""","=""L9429c118""",
Co,2,"=""""","=""""","=""233.26628""","=""0.00003""","=""m(Co II)""","=""1.0e+07""",D,"=""51512.268""","=""94368.585""","=""3d7.(4F).4p""","=""z 3D*""","=""3""","=""3d7.(4F).4d""","=""f 3F""","=""3""",7,7,,"=""T6999""","=""L4687""",
Co,2,"=""233.26719""","=""0.00002""","=""233.267198""","=""0.000013""","=""6100""","=""1.8e+08""",C+,"=""71702.960""","=""114559.108""","=""3d7.(2H).4p""","=""y 3H*""","=""5""","=""3d7.(2H).4d""","=""3H""","=""5""",11,11,,"=""T6999""","=""L9429c118""",
Co,2,"=""233.28401""","=""0.00002""","=""233.282604""","=""0.000022""","=""12000*""","=""2.1e+07""",D,"=""47345.845""","=""90199.163""","=""3d7.(4F).4p""","=""z 5G*""","=""5""","=""3d7.(4F).4d""","=""f 5F""","=""4""",11,9,,"=""T6999""","=""L9429c118""",
Co,2,"=""233.28401""","=""0.00002""","=""233.28396""","=""0.00004""","=""12000*""","=""4.6e+08""",C+,"=""50036.348""","=""92889.417""","=""3d7.(4F).4p""","=""z 3G*""","=""3""","=""3d7.(4F).4d""","=""e 3H""","=""4""",7,9,,"=""T6999""","=""L9429c118""",
Co,2,"=""233.28401""","=""0.00002""","=""233.284487""","=""0.000022""","=""12000*""","=""7.0e+07""",C+,"=""47078.494""","=""89931.466""","=""3d7.(4F).4p""","=""z 5G*""","=""6""","=""3d7.(4F).4d""","=""f 5F""","=""5""",13,11,,"=""T6999""","=""L9429c118""",
Co,2,"=""233.29281""","=""0.00003""","=""233.292779""","=""0.000017""","=""1200""","=""1.5e+08""",D,"=""63665.192""","=""106516.641""","=""3d7.(4P).4p""","=""z 5P*""","=""1""","=""3d7.(4P).4d""","=""5D""","=""1""",3,3,,"=""T6999""","=""L9429c118""",
Co,2,"=""233.34480""","=""0.00004""","=""233.34491""","=""0.00003""","=""480""","=""7.e+07""",D,"=""63586.987""","=""106428.864""","=""3d7.(4P).4p""","=""y 3D*""","=""3""","=""3d7.(4P).4d""","=""5D""","=""4""",7,9,,"=""T6999""","=""L9429c118""",
Co,2,"=""233.37182""","=""0.00006""","=""233.37187""","=""0.00004""","=""610""","=""8.e+07""",D,"=""63665.192""","=""106502.120""","=""3d7.(4P).4p""","=""z 5P*""","=""1""","=""3d7.(4P).4d""","=""3F""","=""2""",3,5,,"=""T6999""","=""L9429c118""",
Co,2,"=""233.40674""","=""0.00003""","=""233.40674""","=""0.00003""","=""7800""","=""3.4e+08""",C+,"=""41047.299""","=""83877.828""","=""3d7.(2F).4s""","=""c 3F""","=""4""","=""3d7.(2F).4p""","=""w 3G*""","=""5""",9,11,,"=""T6999""","=""L9429c118""",
Co,2,"=""233.45158""","=""0.00011""","=""233.451616""","=""0.000017""","=""120""","=""5.0e+06""",D,"=""49697.683""","=""92519.979""","=""3d7.(4F).4p""","=""z 3F*""","=""4""","=""3d7.(4F).4d""","=""e 3G""","=""3""",9,7,,"=""T6999""","=""L9429c118""",
Co,2,"=""233.4817""","=""0.0015""","=""233.482403""","=""0.000022""","=""410bl""","=""1.9e+07""",D,"=""48150.940""","=""90967.590""","=""3d7.(4F).4p""","=""z 5G*""","=""3""","=""3d7.(4F).4d""","=""f 5F""","=""2""",7,5,,"=""T6999""","=""L4687c119""",
Co,2,"=""233.48863""","=""0.00015""","=""233.48861""","=""0.00006""","=""1200""","=""7.e+07""",D,"=""41047.299""","=""83862.81""","=""3d7.(2F).4s""","=""c 3F""","=""4""","=""3d7.(2F).4p""","=""w 3F*""","=""3""",9,7,,"=""T6999""","=""L9429c118""",
Co,2,"=""233.50548""","=""0.00002""","=""233.505479""","=""0.000022""","=""3100""","=""4.2e+07""",D,"=""66017.647""","=""108830.066""","=""3d7.(2G).4p""","=""z 1F*""","=""3""","=""3d7.(2G).4d""","=""3F""","=""3""",7,7,,"=""T6999""","=""L9429c118""",
Co,2,"=""233.53005""","=""0.00007""","=""233.52999""","=""0.00003""","=""310""","=""6.e+06""",D,"=""70185.955""","=""112993.881""","=""3d7.(2D2).4p""","=""x 3F*""","=""4""","=""3d7.(2H).4d""","=""3G""","=""5""",9,11,,"=""T6999""","=""L9429c118""",
Co,2,"=""233.5906""","=""0.0015""","=""233.590553""","=""0.000010""","=""210bl""","=""1.6e+06""",D,"=""48556.052""","=""91352.880""","=""3d7.(4F).4p""","=""z 3G*""","=""5""","=""3d7.(4F).4d""","=""e 5G""","=""4""",11,9,,"=""T6999""","=""L4687c119""",
Co,2,"=""233.59262""","=""0.00011""","=""233.592846""","=""0.000017""","=""220""","=""9.e+06""",D,"=""70457.538""","=""113253.946""","=""3d7.(2D2).4p""","=""x 3F*""","=""3""","=""3d7.(2D2).4d""","=""3F""","=""4""",7,9,,"=""T6999""","=""L9429c118""",
Co,1,"=""233.599""","=""""","=""233.6001""","=""""","=""1400""","=""5.1e+07""",C,"=""1406.84""","=""44201.92""","=""3p6.3d7.4s2""","=""a 4F""","=""5/2""","=""3p6.3d7.(2G).4s.4p.(3P*)""","=""*""","=""5/2""",6,6,,"=""T4223""","=""L3475""",
Co,2,"=""233.62294""","=""0.00002""","=""233.62294""","=""0.00003""","=""16000""","=""2.40e+08""",B,"=""5204.698""","=""47995.594""","=""3d7.(4F).4s""","=""a 5F""","=""1""","=""3d7.(4F).4p""","=""z 5D*""","=""0""",3,1,,"=""T6135""","=""L9429c118""",
Co,2,"=""233.63344""","=""0.00005""","=""233.63327""","=""0.00003""","=""470""","=""1.8e+08""",D,"=""63665.192""","=""106454.196""","=""3d7.(4P).4p""","=""z 5P*""","=""1""","=""3d7.(4P).4d""","=""5D""","=""0""",3,1,,"=""T6999""","=""L9429c118""",
Co,2,"=""233.67144""","=""0.00003""","=""233.67143""","=""0.00004""","=""2300""","=""2.4e+08""",C+,"=""63865.170""","=""106647.186""","=""3d7.(4P).4p""","=""y 3D*""","=""1""","=""3d7.(4P).4d""","=""5D""","=""2""",3,5,,"=""T6999""","=""L9429c118""",
Co,2,"=""233.69976""","=""0.00002""","=""233.699759""","=""0.000017""","=""74000""","=""6.e+07""",D,"=""21624.528""","=""64401.359""","=""3d7.(2G).4s""","=""a 3G""","=""5""","=""3d7.(2G).4p""","=""z 1G*""","=""4""",11,9,,"=""T6999""","=""L9429c118""",
Co,2,"=""233.72431""","=""0.00004""","=""233.724321""","=""0.000012""","=""850""","=""2.6e+07""",D,"=""49348.304""","=""92120.640""","=""3d7.(4F).4p""","=""z 3G*""","=""4""","=""3d7.(4F).4d""","=""e 5H""","=""4""",9,9,,"=""T6999""","=""L9429c118""",
Co,2,"=""233.73229""","=""0.00002""","=""233.732278""","=""0.000013""","=""6800""","=""2.4e+08""",C+,"=""48556.052""","=""91326.932""","=""3d7.(4F).4p""","=""z 3G*""","=""5""","=""3d7.(4F).4d""","=""e 3G""","=""5""",11,11,,"=""T6999""","=""L9429c118""",
Co,2,"=""233.79050""","=""0.00002""","=""233.790497""","=""0.000017""","=""290000""","=""3.3e+08""",C+,"=""22414.431""","=""65174.661""","=""3d7.(2G).4s""","=""a 3G""","=""3""","=""3d7.(2G).4p""","=""y 3G*""","=""3""",7,7,,"=""T6999""","=""L9429c118""",
Co,2,"=""233.82722""","=""0.00003""","=""233.82720""","=""0.00004""","=""850""","=""3.4e+07""",D,"=""64401.359""","=""107154.877""","=""3d7.(2G).4p""","=""z 1G*""","=""4""","=""3d7.(2D2).5s""","=""3D""","=""3""",9,7,,"=""T6999""","=""L9429c118""",
Co,2,"=""233.85515""","=""0.00014""","=""233.855480""","=""0.000017""","=""210""","=""6.e+06""",D,"=""70774.869""","=""113523.218""","=""3d7.(2D2).4p""","=""x 3F*""","=""2""","=""3d7.(2D2).4d""","=""3D""","=""3""",5,7,,"=""T6999""","=""L9429c118""",
Co,1,"=""233.867""","=""""","=""233.8663""","=""""","=""1600""","=""7.7e+07""",D,"=""1809.33""","=""44555.71""","=""3p6.3d7.4s2""","=""a 4F""","=""3/2""","=""3p6.3d7.(2G).4s.4p.(3P*)""","=""w 4F*""","=""3/2""",4,4,,"=""T4223""","=""L3475""",
Co,2,"=""233.87280""","=""0.00002""","=""233.872813""","=""0.000012""","=""10000""","=""1.0e+08""",D,"=""28111.872""","=""70857.053""","=""3d7.(2D2).4s""","=""a 3D""","=""2""","=""3d7.(2P).4p""","=""z 1P*""","=""1""",5,3,,"=""T6999""","=""L9429c118""",
Co,2,"=""233.9033""","=""""","=""233.903301""","=""0.000013""","=""170000bl(Co I):""","=""7.e+07""",D,"=""22414.431""","=""65154.041""","=""3d7.(2G).4s""","=""a 3G""","=""3""","=""3d7.(2G).4p""","=""y 3G*""","=""4""",7,9,,"=""T6999""","=""L9429c119""",
Co,2,"=""233.95946""","=""0.00003""","=""233.959431""","=""0.000022""","=""780""","=""9.e+07""",D,"=""63586.987""","=""106316.344""","=""3d7.(4P).4p""","=""y 3D*""","=""3""","=""3d7.(4P).4d""","=""3F""","=""3""",7,7,,"=""T6999""","=""L9429c118""",
Co,2,"=""234.0249""","=""0.0015""","=""234.027296""","=""0.000017""","=""140""","=""4.e+05""",E,"=""27468.988""","=""70185.955""","=""3d7.(2H).4s""","=""a 3H""","=""5""","=""3d7.(2D2).4p""","=""x 3F*""","=""4""",11,9,,"=""T6999""","=""L4687c119""",
Co,2,"=""234.05598""","=""0.00009""","=""234.056169""","=""0.000022""","=""170""","=""1.1e+07""",D,"=""63510.180""","=""106221.878""","=""3d7.(2G).4p""","=""y 3F*""","=""4""","=""3d7.(4P).4d""","=""3F""","=""4""",9,9,,"=""T6999""","=""L9429c118""",
Co,2,"=""234.0746""","=""0.0015""","=""234.074705""","=""0.000022""","=""140""","=""9.e+05""",E,"=""49697.683""","=""92405.999""","=""3d7.(4F).4p""","=""z 3F*""","=""4""","=""3d7.(4F).4d""","=""e 5H""","=""3""",9,7,,"=""T6999""","=""L4687c119""",
Co,2,"=""234.11163""","=""0.00002""","=""234.111621""","=""0.000017""","=""91000""","=""3.5e+08""",C+,"=""27484.373""","=""70185.955""","=""3d7.(2D2).4s""","=""a 3D""","=""3""","=""3d7.(2D2).4p""","=""x 3F*""","=""4""",7,9,,"=""T6999""","=""L9429c118""",
Co,2,"=""234.11836""","=""0.00002""","=""234.118355""","=""0.000017""","=""1900""","=""1.9e+08""",C+,"=""63615.990""","=""106316.344""","=""3d7.(4P).4p""","=""y 3D*""","=""2""","=""3d7.(4P).4d""","=""3F""","=""3""",5,7,,"=""T6999""","=""L9429c118""",
Co,2,"=""234.13166""","=""0.00023""","=""234.131614""","=""0.000022""","=""340""","=""1.9e+07""",D,"=""68843.428""","=""111541.364""","=""3d7.(2H).4p""","=""x 3G*""","=""4""","=""3d7.(2P).4d""","=""3F""","=""3""",9,7,,"=""T6999""","=""L9429c118""",
Co,2,"=""234.13763""","=""0.00018""","=""234.13772""","=""0.00003""","=""260""","=""7.e+06""",D,"=""65016.915""","=""107713.738""","=""3d7.(2G).4p""","=""y 3F*""","=""2""","=""3d7.(2G).4d""","=""3D""","=""2""",5,5,,"=""T6999""","=""L9429c118""",
Co,2,"=""234.20135""","=""0.00009""","=""234.20133""","=""0.00003""","=""270""","=""1.5e+07""",D,"=""65028.512""","=""107713.738""","=""3d7.(2P).4p""","=""z 3P*""","=""1""","=""3d7.(2G).4d""","=""3D""","=""2""",3,5,,"=""T6999""","=""L9429c118""",
Co,2,"=""234.22576""","=""0.00004""","=""234.225750""","=""0.000022""","=""1100""","=""2.0e+07""",D,"=""27585.138""","=""70265.915""","=""3d7.(2P).4s""","=""a 1P""","=""1""","=""3d7.(2P).4p""","=""y 3S*""","=""1""",3,3,,"=""T6999""","=""L9429c118""",
Co,2,"=""234.32340""","=""0.00003""","=""234.32337""","=""0.00003""","=""1400""","=""7.e+06""",D,"=""28111.872""","=""70774.869""","=""3d7.(2D2).4s""","=""a 3D""","=""2""","=""3d7.(2D2).4p""","=""x 3F*""","=""2""",5,5,,"=""T6999""","=""L9429c118""",
Co,2,"=""234.33162""","=""0.00002""","=""234.331612""","=""0.000011""","=""6700""","=""2.9e+08""",C+,"=""49697.683""","=""92359.180""","=""3d7.(4F).4p""","=""z 3F*""","=""4""","=""3d7.(4F).4d""","=""e 3H""","=""5""",9,11,,"=""T6999""","=""L9429c118""",
Co,2,"=""234.35576""","=""0.00005""","=""234.355791""","=""0.000022""","=""340""","=""8.e+06""",D,"=""47807.493""","=""90464.589""","=""3d7.(4F).4p""","=""z 5G*""","=""4""","=""3d7.(4F).4d""","=""e 5P""","=""3""",9,7,,"=""T6999""","=""L9429c118""",
Co,2,"=""234.36794""","=""0.00013""","=""234.367632""","=""0.000017""","=""210""","=""8.e+06""",D,"=""65016.915""","=""107671.856""","=""3d7.(2G).4p""","=""y 3F*""","=""2""","=""3d7.(2G).4d""","=""1F""","=""3""",5,7,,"=""T6999""","=""L9429c118""",
Co,2,"=""234.38469""","=""0.00017""","=""234.38495""","=""0.00005""","=""180""","=""3.1e+06""",D,"=""70265.915""","=""112917.704""","=""3d7.(2P).4p""","=""y 3S*""","=""1""","=""3d7.(4F).5d""","=""5G""","=""2""",3,5,,"=""T6999""","=""L9429c118""",
Co,2,"=""234.42730""","=""0.00002""","=""234.427311""","=""0.000012""","=""26000""","=""1.50e+08""",B+,"=""5204.698""","=""47848.781""","=""3d7.(4F).4s""","=""a 5F""","=""1""","=""3d7.(4F).4p""","=""z 5D*""","=""1""",3,3,,"=""T4776""","=""L9429c118""",
Co,2,"=""234.46285""","=""0.00002""","=""234.462843""","=""0.000022""","=""100000bl(Co II)""","=""2.3e+08""",C+,"=""24886.400""","=""67524.021""","=""3d7.(2P).4s""","=""c 3P""","=""2""","=""3d7.(2P).4p""","=""x 3D*""","=""3""",5,7,,"=""T6999""","=""L9429c118""",
Co,2,"=""234.4665""","=""""","=""234.46653""","=""0.00006""","=""6700bl:""","=""1.5e+08""",C+,"=""63865.170""","=""106502.120""","=""3d7.(4P).4p""","=""y 3D*""","=""1""","=""3d7.(4P).4d""","=""3F""","=""2""",3,5,,"=""T6999""","=""L9429c119""",
Co,2,"=""234.47060""","=""0.00002""","=""234.470768""","=""0.000022""","=""10000*""","=""1.6e+08""",C+,"=""65154.041""","=""107790.221""","=""3d7.(2G).4p""","=""y 3G*""","=""4""","=""3d7.(2G).4d""","=""3G""","=""4""",9,9,,"=""T6999""","=""L9429c118""",
Co,2,"=""234.47060""","=""0.00002""","=""234.47095""","=""0.00003""","=""10000*""","=""1.0e+06""",D,"=""63792.717""","=""106428.864""","=""3d7.(2G).4p""","=""z 3H*""","=""4""","=""3d7.(4P).4d""","=""5D""","=""4""",9,9,,"=""T6999""","=""L9429c118""",
Co,2,"=""234.47786""","=""0.00002""","=""234.477858""","=""0.000017""","=""7100""","=""4.9e+08""",C+,"=""63586.987""","=""106221.878""","=""3d7.(4P).4p""","=""y 3D*""","=""3""","=""3d7.(4P).4d""","=""3F""","=""4""",7,9,,"=""T6999""","=""L9429c118""",
Co,2,"=""234.54958""","=""0.00002""","=""234.549590""","=""0.000013""","=""71000""","=""1.8e+08""",C+,"=""25317.517""","=""67939.370""","=""3d7.(2P).4s""","=""c 3P""","=""1""","=""3d7.(2P).4p""","=""x 3D*""","=""2""",3,5,,"=""T6999""","=""L9429c118""",
Co,2,"=""234.5647""","=""""","=""234.564693""","=""0.000022""","=""610bl:""","=""8.e+07""",D,"=""64605.527""","=""107224.636""","=""3d7.(2P).4p""","=""z 3P*""","=""0""","=""3d7.(4P).4d""","=""3D""","=""1""",1,3,,"=""T6999""","=""L9429c119""",
Co,2,"=""234.5661""","=""""","=""234.56613""","=""0.00003""","=""610bl:""","=""7.e+07""",D,"=""67824.389""","=""110443.236""","=""3d7.(2P).4p""","=""x 3D*""","=""1""","=""3d7.(2P).4d""","=""3D""","=""1""",3,3,,"=""T6999""","=""L9429c119""",
Co,2,"=""234.58421""","=""0.00004""","=""234.584229""","=""0.000017""","=""500""","=""1.1e+07""",D,"=""65174.661""","=""107790.221""","=""3d7.(2G).4p""","=""y 3G*""","=""3""","=""3d7.(2G).4d""","=""3G""","=""4""",7,9,,"=""T6999""","=""L9429c118""",
Co,2,"=""234.65623""","=""0.00002""","=""234.656236""","=""0.000017""","=""110000""","=""2.7e+08""",C+,"=""22414.431""","=""65016.915""","=""3d7.(2G).4s""","=""a 3G""","=""3""","=""3d7.(2G).4p""","=""y 3F*""","=""2""",7,5,,"=""T6999""","=""L9429c118""",
Co,2,"=""234.70609""","=""0.00007""","=""234.706198""","=""0.000017""","=""1600""","=""7.e+06""",E,"=""25317.517""","=""67910.933""","=""3d7.(2P).4s""","=""c 3P""","=""1""","=""3d7.(2P).4p""","=""1S*""","=""0""",3,1,,"=""T6999""","=""L9429c118""",
Co,2,"=""234.71159""","=""0.00002""","=""234.711609""","=""0.000014""","=""44000""","=""3.3e+07""",D,"=""22009.344""","=""64601.778""","=""3d7.(2G).4s""","=""a 3G""","=""4""","=""3d7.(2G).4p""","=""y 3G*""","=""5""",9,11,,"=""T6999""","=""L9429c118""",
Co,2,"=""234.73989""","=""0.00002""","=""234.739890""","=""0.000013""","=""50000""","=""1.50e+08""",C+,"=""4950.062""","=""47537.365""","=""3d7.(4F).4s""","=""a 5F""","=""2""","=""3d7.(4F).4p""","=""z 5D*""","=""2""",5,5,,"=""T6135""","=""L9429c118""",
Co,2,"=""234.74644""","=""0.00004""","=""234.746621""","=""0.000017""","=""870""","=""2.5e+07""",D,"=""64957.482""","=""107543.564""","=""3d7.(2G).4p""","=""z 1H*""","=""5""","=""3d7.(2G).4d""","=""3G""","=""5""",11,11,,"=""T6999""","=""L9429c118""",
Co,2,"=""234.75801""","=""0.00002""","=""234.758072""","=""0.000017""","=""640""","=""7.e+07""",D,"=""67939.370""","=""110523.375""","=""3d7.(2P).4p""","=""x 3D*""","=""2""","=""3d7.(2P).4d""","=""3D""","=""2""",5,5,,"=""T6999""","=""L9429c118""",
Co,2,"=""234.78087""","=""0.00002""","=""234.780882""","=""0.000013""","=""17000""","=""2.7e+08""",C+,"=""30567.173""","=""73147.041""","=""3d7.(2H).4s""","=""a 1H""","=""5""","=""3d7.(2H).4p""","=""y 1G*""","=""4""",11,9,,"=""T6999""","=""L9429c118""",
Co,2,"=""234.79304""","=""0.00004""","=""234.79304""","=""0.00005""","=""870""","=""1.0e+07""",D,"=""29268.777""","=""71846.441""","=""3d7.(2D2).4s""","=""a 3D""","=""1""","=""3d7.(2D2).4p""","=""x 3P*""","=""2""",3,5,,"=""T6999""","=""L9429c118""",
Co,2,"=""234.83594""","=""0.00002""","=""234.835884""","=""0.000010""","=""5400p""","=""2.6e+08""",C+,"=""49348.304""","=""91918.200""","=""3d7.(4F).4p""","=""z 3G*""","=""4""","=""3d7.(4F).4d""","=""e 3G""","=""4""",9,9,,"=""T6999""","=""L9429c118""",
Co,3,"=""234.884""","=""0.002""","=""234.88339""","=""0.00006""","=""52""","=""9.e+05""",D+,"=""55729.463""","=""98290.749""","=""3d6.(5D).4s""","=""a 4D""","=""7/2""","=""3d6.(5D).4p""","=""z 6D*""","=""9/2""",8,10,,"=""u37""","=""L3537c164""",
Co,2,"=""234.9005""","=""0.0003""","=""234.90057""","=""0.00004""","=""280""","=""2.0e+07""",D,"=""64360.050""","=""106918.224""","=""3d7.(2G).4p""","=""y 3F*""","=""3""","=""3d7.(4P).4d""","=""3P""","=""2""",7,5,,"=""T6999""","=""L9429c118""",
Co,2,"=""234.91595""","=""0.00003""","=""234.91601""","=""0.00004""","=""1500""","=""4.6e+06""",D,"=""27902.161""","=""70457.538""","=""3d7.(2H).4s""","=""a 3H""","=""4""","=""3d7.(2D2).4p""","=""x 3F*""","=""3""",9,7,,"=""T6999""","=""L9429c118""",
Co,2,"=""234.94464""","=""0.00003""","=""234.944618""","=""0.000013""","=""1300""","=""3.6e+07""",D,"=""72008.912""","=""114559.108""","=""3d7.(2H).4p""","=""y 3H*""","=""4""","=""3d7.(2H).4d""","=""3H""","=""5""",9,11,,"=""T6999""","=""L9429c118""",
Co,2,"=""234.99186""","=""0.00002""","=""234.991869""","=""0.000017""","=""10000""","=""1.9e+08""",C+,"=""71403.644""","=""113945.285""","=""3d7.(2H).4p""","=""y 3H*""","=""6""","=""3d7.(2H).4d""","=""3H""","=""6""",13,13,,"=""T6999""","=""L9429c118""",
Co,2,"=""235.00665""","=""0.00003""","=""235.006034""","=""0.000022""","=""1800*""","=""1.6e+07""",D,"=""65174.661""","=""107713.738""","=""3d7.(2G).4p""","=""y 3G*""","=""3""","=""3d7.(2G).4d""","=""3D""","=""2""",7,5,,"=""T6999""","=""L9429c118""",
Co,2,"=""235.00665""","=""0.00003""","=""235.00686""","=""0.00005""","=""1800*""","=""5.2e+07""",D,"=""71846.441""","=""114385.369""","=""3d7.(2D2).4p""","=""x 3P*""","=""2""","=""3d7.(2D2).4d""","=""1F""","=""3""",5,7,,"=""T6999""","=""L9429c118""",
Co,2,"=""235.01418""","=""0.00021""","=""235.013929""","=""0.000022""","=""190""","=""4.2e+07""",D,"=""64401.359""","=""106939.007""","=""3d7.(2G).4p""","=""z 1G*""","=""4""","=""3d7.(4P).4d""","=""3D""","=""3""",9,7,,"=""T6999""","=""L9429c118""",
Co,2,"=""235.02012""","=""0.00005""","=""235.019958""","=""0.000017""","=""1000""","=""4.9e+07""",D,"=""64914.630""","=""107451.187""","=""3d7.(4P).4p""","=""y 3P*""","=""2""","=""3d7.(2G).4d""","=""3D""","=""3""",5,7,,"=""T6999""","=""L9429c118""",
Co,2,"=""235.04357""","=""0.00011""","=""235.04347""","=""0.00003""","=""150""","=""1.4e+07""",D,"=""67910.933""","=""110443.236""","=""3d7.(2P).4p""","=""1S*""","=""0""","=""3d7.(2P).4d""","=""3D""","=""1""",1,3,,"=""T6999""","=""L9429c118""",
Co,2,"=""235.11127""","=""0.00002""","=""235.111265""","=""0.000017""","=""14000""","=""4.0e+08""",C+,"=""72008.912""","=""114528.951""","=""3d7.(2H).4p""","=""y 3H*""","=""4""","=""3d7.(2H).4d""","=""3H""","=""4""",9,9,,"=""T6999""","=""L9429c118""",
Co,2,"=""235.11647""","=""0.00002""","=""235.116474""","=""0.000022""","=""4000""","=""2.2e+08""",C+,"=""40879.567""","=""83398.664""","=""3d7.(2F).4s""","=""c 3F""","=""3""","=""3d7.(2F).4p""","=""w 3G*""","=""4""",7,9,,"=""T6999""","=""L9429c118""",
Co,2,"=""235.12343""","=""0.00008""","=""235.123564""","=""0.000017""","=""200""","=""5.2e+06""",D,"=""65154.041""","=""107671.856""","=""3d7.(2G).4p""","=""y 3G*""","=""4""","=""3d7.(2G).4d""","=""1F""","=""3""",9,7,,"=""T6999""","=""L9429c118""",
Co,2,"=""235.13433""","=""0.00007""","=""235.134382""","=""0.000022""","=""120""","=""4.5e+06""",D,"=""64957.482""","=""107473.341""","=""3d7.(2G).4p""","=""z 1H*""","=""5""","=""3d7.(2G).4d""","=""3I""","=""6""",11,13,,"=""T6999""","=""L9429c118""",
Co,2,"=""235.1435""","=""0.0015""","=""235.14481""","=""0.00003""","=""130bl""","=""1.4e+06""",E,"=""52229.725""","=""94743.698""","=""3d7.(4F).4p""","=""z 3D*""","=""2""","=""3d7.(4F).4d""","=""f 3F""","=""2""",5,5,,"=""T6999""","=""L4687c119""",
Co,2,"=""235.15713""","=""0.00018""","=""235.157105""","=""0.000022""","=""840""","=""1.8e+06""",D,"=""27105.744""","=""69617.495""","=""3d7.(2H).4s""","=""a 3H""","=""6""","=""3d7.(2H).4p""","=""z 1I*""","=""6""",13,13,,"=""T6999""","=""L9429c118""",
Co,2,"=""235.17956""","=""0.00002""","=""235.17956""","=""0.00004""","=""3300""","=""1.6e+08""",C+,"=""50381.724""","=""92889.417""","=""3d7.(4F).4p""","=""z 3F*""","=""3""","=""3d7.(4F).4d""","=""e 3H""","=""4""",7,9,,"=""T6999""","=""L9429c118""",
Co,2,"=""235.18411""","=""0.00002""","=""235.184099""","=""0.000012""","=""22000""","=""1.1e+08""",D,"=""25317.517""","=""67824.389""","=""3d7.(2P).4s""","=""c 3P""","=""1""","=""3d7.(2P).4p""","=""x 3D*""","=""1""",3,3,,"=""T6999""","=""L9429c118""",
Co,2,"=""235.20074""","=""0.00007""","=""235.200733""","=""0.000022""","=""290""","=""2.3e+07""",D,"=""67939.370""","=""110443.236""","=""3d7.(2P).4p""","=""x 3D*""","=""2""","=""3d7.(2P).4d""","=""3D""","=""1""",5,3,,"=""T6999""","=""L9429c118""",
Co,2,"=""235.22101""","=""0.00002""","=""235.221029""","=""0.000012""","=""7000""","=""6.e+07""",D,"=""22414.431""","=""64914.630""","=""3d7.(2G).4s""","=""a 3G""","=""3""","=""3d7.(4P).4p""","=""y 3P*""","=""2""",7,5,,"=""T6999""","=""L9429c118""",
Co,3,"=""""","=""""","=""235.2418""","=""0.0017""","=""""","=""8.9e-01""",C,"=""15202.56""","=""57699.0""","=""3d7""","=""a 4P""","=""5/2""","=""3d7""","=""b 2D1""","=""5/2""",6,6,M1,"=""u37""","=""""",
Co,2,"=""235.26416""","=""0.00003""","=""235.26415""","=""0.00003""","=""840""","=""2.1e+07""",D,"=""65154.041""","=""107646.450""","=""3d7.(2G).4p""","=""y 3G*""","=""4""","=""3d7.(2G).4d""","=""3H""","=""5""",9,11,,"=""T6999""","=""L9429c118""",
Co,2,"=""235.31277""","=""0.00002""","=""235.31277""","=""0.00003""","=""3200""","=""2.3e+08""",C+,"=""50036.348""","=""92519.979""","=""3d7.(4F).4p""","=""z 3G*""","=""3""","=""3d7.(4F).4d""","=""e 3G""","=""3""",7,7,,"=""T6999""","=""L9429c118""",
Co,1,"=""235.342""","=""""","=""235.3367""","=""""","=""2000""","=""1.5e+07""",D,"=""816.00""","=""43295.32""","=""3p6.3d7.4s2""","=""a 4F""","=""7/2""","=""3p6.3d7.(2G).4s.4p.(3P*)""","=""w 4F*""","=""9/2""",8,10,,"=""T4223""","=""L3475""",
Co,2,"=""235.34222""","=""0.00002""","=""235.342214""","=""0.000011""","=""84000""","=""1.90e+08""",B+,"=""4560.789""","=""47039.105""","=""3d7.(4F).4s""","=""a 5F""","=""3""","=""3d7.(4F).4p""","=""z 5D*""","=""3""",7,7,,"=""T4776""","=""L9429c118""",
Co,2,"=""235.45762""","=""0.00006""","=""235.457757""","=""0.000017""","=""240""","=""3.1e+05""",E,"=""66017.647""","=""108475.120""","=""3d7.(2G).4p""","=""z 1F*""","=""3""","=""3d7.(2G).4d""","=""3F""","=""4""",7,9,,"=""T6999""","=""L9429c118""",
Co,1,"=""""","=""""","=""235.5484""","=""""","=""""","=""1.3e+07""",D,"=""1406.84""","=""43847.98""","=""3p6.3d7.4s2""","=""a 4F""","=""5/2""","=""3p6.3d7.(2G).4s.4p.(3P*)""","=""*""","=""7/2""",6,8,,"=""T4223""","=""""",
Co,2,"=""235.55906""","=""0.00002""","=""235.559079""","=""0.000017""","=""14000""","=""4.0e+08""",C+,"=""72535.108""","=""114974.320""","=""3d7.(2D2).4p""","=""y 1F*""","=""3""","=""3d7.(2D2).4d""","=""1G""","=""4""",7,9,,"=""T6999""","=""L9429c118""",
Co,2,"=""235.58690""","=""0.00003""","=""235.586504""","=""0.000017""","=""900i""","=""1.8e+07""",D,"=""65016.915""","=""107451.187""","=""3d7.(2G).4p""","=""y 3F*""","=""2""","=""3d7.(2G).4d""","=""3D""","=""3""",5,7,,"=""T6999""","=""L9429c118""",
Co,2,"=""235.66861""","=""0.00002""","=""235.668617""","=""0.000017""","=""2400""","=""5.e+07""",D,"=""48556.052""","=""90975.540""","=""3d7.(4F).4p""","=""z 3G*""","=""5""","=""3d7.(4F).4d""","=""e 5H""","=""6""",11,13,,"=""T6999""","=""L9429c118""",
Co,2,"=""235.68352""","=""0.00010""","=""235.68346""","=""0.00005""","=""200""","=""2.1e+06""",D,"=""70774.869""","=""113191.686""","=""3d7.(2D2).4p""","=""x 3F*""","=""2""","=""""","=""113191""","=""3""",5,7,,"=""T6999""","=""L9429c118""",
Co,2,"=""235.69712""","=""0.00002""","=""235.69715""","=""0.00004""","=""1800""","=""1.0e+08""",D,"=""71846.441""","=""114260.795""","=""3d7.(2D2).4p""","=""x 3P*""","=""2""","=""3d7.(2D2).4d""","=""3D""","=""2""",5,5,,"=""T6999""","=""L9429c118""",
Co,2,"=""235.74640""","=""0.00002""","=""235.746384""","=""0.000022""","=""2300""","=""2.2e+08""",D,"=""71846.441""","=""114251.937""","=""3d7.(2D2).4p""","=""x 3P*""","=""2""","=""3d7.(2D2).4d""","=""3S""","=""1""",5,3,,"=""T6999""","=""L9429c118""",
Co,3,"=""""","=""""","=""235.7539""","=""0.0007""","=""""","=""3.4e+00""",C,"=""37022.42""","=""79426.563""","=""3d7""","=""a 2F""","=""5/2""","=""3d6.(3F2).4s""","=""b 2F""","=""5/2""",6,6,E2,"=""u37""","=""""",
Co,2,"=""235.77749""","=""0.00002""","=""235.777479""","=""0.000017""","=""10000""","=""2.2e+08""",C+,"=""71403.644""","=""113803.548""","=""3d7.(2H).4p""","=""y 3H*""","=""6""","=""3d7.(2H).4d""","=""3I""","=""6""",13,13,,"=""T6999""","=""L9429c118""",
Co,1,"=""""","=""""","=""235.8182""","=""""","=""""","=""1.4e+07""",D,"=""1809.33""","=""44201.92""","=""3p6.3d7.4s2""","=""a 4F""","=""3/2""","=""3p6.3d7.(2G).4s.4p.(3P*)""","=""*""","=""5/2""",4,6,,"=""T4223""","=""""",
Co,2,"=""235.81845""","=""0.00002""","=""235.81832""","=""0.00003""","=""9300bl(Co I)""","=""5.e+05""",E,"=""65016.915""","=""107409.476""","=""3d7.(2G).4p""","=""y 3F*""","=""2""","=""3d7.(4P).4d""","=""3D""","=""2""",5,5,,"=""T6999""","=""L9429c118""",
Co,2,"=""235.82137""","=""0.00002""","=""235.821360""","=""0.000012""","=""160000""","=""8.e+07""",D,"=""22009.344""","=""64401.359""","=""3d7.(2G).4s""","=""a 3G""","=""4""","=""3d7.(2G).4p""","=""z 1G*""","=""4""",9,9,,"=""T6999""","=""L9429c118""",
Co,2,"=""235.83194""","=""0.00004""","=""235.83193""","=""0.00004""","=""770""","=""8.e+07""",D,"=""69317.077""","=""111707.192""","=""3d7.(2D2).4p""","=""w 3D*""","=""1""","=""3d7.(2P).4d""","=""1P""","=""1""",3,3,,"=""T6999""","=""L9429c118""",
Co,2,"=""235.90625""","=""0.00008""","=""235.906103""","=""0.000022""","=""2200""","=""4.9e+06""",D,"=""25147.233""","=""67524.021""","=""3d7.(2G).4s""","=""b 1G""","=""4""","=""3d7.(2P).4p""","=""x 3D*""","=""3""",9,7,,"=""T6999""","=""L9429c118""",
Co,2,"=""235.93729""","=""0.00004""","=""235.937357""","=""0.000022""","=""430""","=""6.e+06""",D,"=""66017.647""","=""108388.822""","=""3d7.(2G).4p""","=""z 1F*""","=""3""","=""3d7.(2G).4d""","=""3H""","=""4""",7,9,,"=""T6999""","=""L9429c118""",
Co,2,"=""235.94583""","=""0.00003""","=""235.945844""","=""0.000017""","=""970""","=""4.2e+07""",D,"=""50036.348""","=""92405.999""","=""3d7.(4F).4p""","=""z 3G*""","=""3""","=""3d7.(4F).4d""","=""e 5H""","=""3""",7,7,,"=""T6999""","=""L9429c118""",
Co,2,"=""235.95610""","=""0.00002""","=""235.956097""","=""0.000017""","=""10000""","=""3.1e+08""",C+,"=""72008.912""","=""114376.722""","=""3d7.(2H).4p""","=""y 3H*""","=""4""","=""3d7.(2H).4d""","=""3I""","=""5""",9,11,,"=""T6999""","=""L9429c118""",
Co,2,"=""235.99433""","=""0.00010""","=""235.99431""","=""0.00003""","=""330""","=""1.3e+07""",D,"=""65174.661""","=""107535.612""","=""3d7.(2G).4p""","=""y 3G*""","=""3""","=""3d7.(2D2).5s""","=""3D""","=""2""",7,5,,"=""T6999""","=""L9429c118""",
Co,2,"=""236.05134""","=""0.00002""","=""236.051399""","=""0.000022""","=""200000p""","=""3.2e+08""",C+,"=""22009.344""","=""64360.050""","=""3d7.(2G).4s""","=""a 3G""","=""4""","=""3d7.(2G).4p""","=""y 3F*""","=""3""",9,7,,"=""T6999""","=""L9429c118""",
Co,2,"=""236.07953""","=""0.00002""","=""236.079497""","=""0.000022""","=""86000""","=""3.2e+08""",C+,"=""28111.872""","=""70457.538""","=""3d7.(2D2).4s""","=""a 3D""","=""2""","=""3d7.(2D2).4p""","=""x 3F*""","=""3""",5,7,,"=""T6999""","=""L9429c118""",
Co,2,"=""236.11361""","=""0.00005""","=""236.11361""","=""0.00004""","=""3300""","=""2.3e+08""",C+,"=""40771.078""","=""83110.627""","=""3d7.(2F).4s""","=""c 3F""","=""2""","=""3d7.(2F).4p""","=""w 3G*""","=""3""",5,7,,"=""T6999""","=""L9429c118""",
Co,2,"=""236.15199""","=""0.00002""","=""236.151995""","=""0.000014""","=""4700""","=""2.4e+07""",C+,"=""5204.698""","=""47537.365""","=""3d7.(4F).4s""","=""a 5F""","=""1""","=""3d7.(4F).4p""","=""z 5D*""","=""2""",3,5,,"=""T6135""","=""L9429c118""",
Co,2,"=""236.22819""","=""0.00005""","=""236.228077""","=""0.000017""","=""430*""","=""2.1e+07""",D,"=""49348.304""","=""91667.338""","=""3d7.(4F).4p""","=""z 3G*""","=""4""","=""3d7.(4F).4d""","=""e 5G""","=""3""",9,7,,"=""T6999""","=""L9429c118""",
Co,2,"=""236.30427""","=""0.00005""","=""236.30436""","=""0.00003""","=""300""","=""1.4e+07""",D,"=""65408.365""","=""107713.738""","=""3d7.(2P).4p""","=""z 3P*""","=""2""","=""3d7.(2G).4d""","=""3D""","=""2""",5,5,,"=""T6999""","=""L9429c118""",
Co,2,"=""236.31209""","=""0.00002""","=""236.312080""","=""0.000017""","=""13000""","=""2.9e+08""",C+,"=""71403.644""","=""113707.636""","=""3d7.(2H).4p""","=""y 3H*""","=""6""","=""3d7.(2H).4d""","=""3I""","=""7""",13,15,,"=""T6999""","=""L9429c118""",
Co,2,"=""236.34463""","=""0.00007""","=""236.34476""","=""0.00003""","=""210""","=""1.3e+06""",D,"=""49348.304""","=""91646.447""","=""3d7.(4F).4p""","=""z 3G*""","=""4""","=""3d7.(4F).4d""","=""e 5H""","=""5""",9,11,,"=""T6999""","=""L9429c118""",
Co,2,"=""236.37995""","=""0.00002""","=""236.379964""","=""0.000013""","=""120000""","=""2.10e+08""",B+,"=""4028.988""","=""46320.832""","=""3d7.(4F).4s""","=""a 5F""","=""4""","=""3d7.(4F).4p""","=""z 5D*""","=""4""",9,9,,"=""T4776""","=""L9429c118""",
Co,2,"=""236.4407""","=""0.0003""","=""236.440482""","=""0.000017""","=""240""","=""1.5e+07""",D,"=""50036.348""","=""92317.368""","=""3d7.(4F).4p""","=""z 3G*""","=""3""","=""3d7.(4F).4d""","=""e 5D""","=""2""",7,5,,"=""T6999""","=""L9429c118""",
Co,2,"=""236.48632""","=""0.00002""","=""236.48617""","=""0.00003""","=""2600*""","=""1.44e+08""",C+,"=""72654.127""","=""114926.979""","=""3d7.(2D2).4p""","=""y 1D*""","=""2""","=""3d7.(2D2).4d""","=""3G""","=""3""",5,7,,"=""T6999""","=""L9429c118""",
Co,2,"=""236.48632""","=""0.00002""","=""236.48792""","=""0.00003""","=""2600*""","=""4.3e+06""",D,"=""69059.933""","=""111332.473""","=""3d7.(2D2).4p""","=""w 3D*""","=""3""","=""3d7.(2P).4d""","=""3P""","=""2""",7,5,,"=""T6999""","=""L9429c118""",
Co,3,"=""""","=""""","=""236.4997""","=""0.0017""","=""""","=""2.8e-01""",D+,"=""15428.57""","=""57699.0""","=""3d7""","=""a 4P""","=""3/2""","=""3d7""","=""b 2D1""","=""5/2""",4,6,M1+E2,"=""u37""","=""""",
Co,1,"=""""","=""""","=""236.5059""","=""""","=""""","=""1.3e+07""",C,"=""0.00""","=""42269.32""","=""3p6.3d7.4s2""","=""a 4F""","=""9/2""","=""3p6.3d7.(4F).4s.4p.(1P*)""","=""x 4G*""","=""9/2""",10,10,,"=""T4223""","=""""",
Co,2,"=""236.53818""","=""0.00011""","=""236.538555""","=""0.000017""","=""210""","=""1.2e+06""",D,"=""65408.365""","=""107671.856""","=""3d7.(2P).4p""","=""z 3P*""","=""2""","=""3d7.(2G).4d""","=""1F""","=""3""",5,7,,"=""T6999""","=""L9429c118""",
Co,2,"=""236.55423""","=""0.00009""","=""236.554256""","=""0.000017""","=""560""","=""2.2e+07""",D,"=""49697.683""","=""91958.369""","=""3d7.(4F).4p""","=""z 3F*""","=""4""","=""3d7.(4F).4d""","=""e 5D""","=""3""",9,7,,"=""T6999""","=""L9429c118""",
Co,2,"=""236.61178""","=""0.00005""","=""236.61163""","=""0.00003""","=""700""","=""2.4e+07""",D,"=""66017.647""","=""108268.086""","=""3d7.(2G).4p""","=""z 1F*""","=""3""","=""3d7.(2G).4d""","=""3G""","=""3""",7,7,,"=""T6999""","=""L9429c118""",
Co,2,"=""236.65709""","=""0.00002""","=""236.657085""","=""0.000017""","=""12000""","=""2.2e+08""",C+,"=""71702.960""","=""113945.285""","=""3d7.(2H).4p""","=""y 3H*""","=""5""","=""3d7.(2H).4d""","=""3H""","=""6""",11,13,,"=""T6999""","=""L9429c118""",
Co,2,"=""236.67925""","=""0.00011""","=""236.67918""","=""0.00003""","=""240""","=""2.4e+06""",E,"=""62440.078""","=""104678.460""","=""3d7.(4P).4p""","=""z 3S*""","=""1""","=""3d7.(2P).5s""","=""3P""","=""1""",3,3,,"=""T6999""","=""L9429c118""",
Co,2,"=""236.72022""","=""0.00003""","=""236.72022""","=""0.00003""","=""1300""","=""9.e+07""",D,"=""40879.567""","=""83110.627""","=""3d7.(2F).4s""","=""c 3F""","=""3""","=""3d7.(2F).4p""","=""w 3G*""","=""3""",7,7,,"=""T6999""","=""L9429c118""",
Co,2,"=""236.74567""","=""0.00002""","=""236.745671""","=""0.000017""","=""4600p""","=""2.2e+08""",C+,"=""51512.268""","=""93738.788""","=""3d7.(4F).4p""","=""z 3D*""","=""3""","=""3d7.(4F).4d""","=""f 3F""","=""4""",7,9,,"=""T6999""","=""L9429c118""",
Co,2,"=""236.7784""","=""0.0015""","=""236.779335""","=""0.000014""","=""170""","=""5.e+05""",E,"=""49697.683""","=""91918.200""","=""3d7.(4F).4p""","=""z 3F*""","=""4""","=""3d7.(4F).4d""","=""e 3G""","=""4""",9,9,,"=""T6999""","=""L4687c119""",
Co,2,"=""236.89344""","=""0.00006""","=""236.89329""","=""0.00008""","=""400""","=""3.7e+07""",D,"=""72654.127""","=""114854.335""","=""3d7.(2D2).4p""","=""y 1D*""","=""2""","=""3d7.(2D2).4d""","=""3D""","=""1""",5,3,,"=""T6999""","=""L9429c118""",
Co,3,"=""236.9343""","=""0.0003""","=""236.93536""","=""0.00011""","=""73""","=""6.e+05""",D,"=""83801.320""","=""125994.037""","=""3d6.(3D).4s""","=""b 4D""","=""5/2""","=""3d6.(3P2).4p""","=""z 2D*""","=""5/2""",6,6,,"=""u37""","=""L19543c139""",
Co,2,"=""236.93884""","=""0.00014""","=""236.938749""","=""0.000023""","=""190""","=""6.e+06""",D,"=""70774.869""","=""112966.982""","=""3d7.(2D2).4p""","=""x 3F*""","=""2""","=""3d7.(2H).4d""","=""1F""","=""3""",5,7,,"=""T6999""","=""L9429c118""",
Co,2,"=""237.02614""","=""0.00004""","=""237.026124""","=""0.000017""","=""330""","=""1.6e+07""",D,"=""69317.077""","=""111493.638""","=""3d7.(2D2).4p""","=""w 3D*""","=""1""","=""3d7.(2P).4d""","=""3F""","=""2""",3,5,,"=""T6999""","=""L9429c118""",
Co,2,"=""237.03036""","=""0.00002""","=""237.030356""","=""0.000023""","=""2400""","=""3.7e+08""",C+,"=""52229.725""","=""94405.533""","=""3d7.(4F).4p""","=""z 3D*""","=""2""","=""3d7.(4F).4d""","=""e 3P""","=""1""",5,3,,"=""T6999""","=""L9429c118""",
Co,2,"=""237.07318""","=""0.00002""","=""237.073186""","=""0.000013""","=""17000""","=""2.4e+07""",D,"=""21624.528""","=""63792.717""","=""3d7.(2G).4s""","=""a 3G""","=""5""","=""3d7.(2G).4p""","=""z 3H*""","=""4""",11,9,,"=""T6999""","=""L9429c118""",
Co,2,"=""237.08463""","=""0.00002""","=""237.084629""","=""0.000013""","=""4300""","=""3.8e+08""",C+,"=""51512.268""","=""93678.422""","=""3d7.(4F).4p""","=""z 3D*""","=""3""","=""3d7.(4F).4d""","=""e 3P""","=""2""",7,5,,"=""T6999""","=""L9429c118""",
Co,2,"=""237.11007""","=""0.00002""","=""237.110059""","=""0.000014""","=""7900""","=""2.1e+08""",C+,"=""71702.960""","=""113864.592""","=""3d7.(2H).4p""","=""y 3H*""","=""5""","=""3d7.(2H).4d""","=""1H""","=""5""",11,11,,"=""T6999""","=""L9429c118""",
Co,2,"=""237.16057""","=""0.00003""","=""237.160587""","=""0.000017""","=""8600""","=""5.0e+07""",D,"=""27484.373""","=""69637.023""","=""3d7.(2D2).4s""","=""a 3D""","=""3""","=""3d7.(2D2).4p""","=""w 3D*""","=""2""",7,5,,"=""T6999""","=""L9429c118""",
Co,2,"=""237.18417""","=""0.00002""","=""237.183901""","=""0.000017""","=""49000bl(Co I)""","=""8.0e+07""",C+,"=""27468.988""","=""69617.495""","=""3d7.(2H).4s""","=""a 3H""","=""5""","=""3d7.(2H).4p""","=""z 1I*""","=""6""",11,13,,"=""T6999""","=""L9429c118""",
Co,1,"=""""","=""""","=""237.1846""","=""""","=""""","=""7.3e+06""",D,"=""1406.84""","=""43555.22""","=""3p6.3d7.4s2""","=""a 4F""","=""5/2""","=""3p6.3d8.(1D).4p""","=""x 2F*""","=""7/2""",6,8,,"=""T4223""","=""""",
Co,2,"=""237.22395""","=""0.00005""","=""237.223837""","=""0.000017""","=""560""","=""8.e+06""",D,"=""48556.052""","=""90697.464""","=""3d7.(4F).4p""","=""z 3G*""","=""5""","=""3d7.(4F).4d""","=""e 5G""","=""5""",11,11,,"=""T6999""","=""L9429c118""",
Co,2,"=""237.23821""","=""0.00002""","=""237.23820""","=""0.00003""","=""3100""","=""2.1e+08""",C+,"=""52229.725""","=""94368.585""","=""3d7.(4F).4p""","=""z 3D*""","=""2""","=""3d7.(4F).4d""","=""f 3F""","=""3""",5,7,,"=""T6999""","=""L9429c118""",
Co,2,"=""237.45389""","=""0.00002""","=""237.453886""","=""0.000014""","=""5900""","=""1.19e+08""",C+,"=""71702.960""","=""113803.548""","=""3d7.(2H).4p""","=""y 3H*""","=""5""","=""3d7.(2H).4d""","=""3I""","=""6""",11,13,,"=""T6999""","=""L9429c118""",
Co,2,"=""237.51903""","=""0.00002""","=""237.519025""","=""0.000017""","=""5600""","=""1.30e+07""",B,"=""4950.062""","=""47039.105""","=""3d7.(4F).4s""","=""a 5F""","=""2""","=""3d7.(4F).4p""","=""z 5D*""","=""3""",5,7,,"=""T4776""","=""L9429c118""",
Co,2,"=""237.54445""","=""0.00006""","=""237.54436""","=""0.00004""","=""560""","=""2.3e+07""",D,"=""70265.915""","=""112350.469""","=""3d7.(2P).4p""","=""y 3S*""","=""1""","=""3d7.(2P).4d""","=""1D""","=""2""",3,5,,"=""T6999""","=""L9429c118""",
Co,2,"=""237.56475""","=""0.00004""","=""237.564821""","=""0.000017""","=""1400""","=""1.1e+06""",D,"=""63510.180""","=""105591.110""","=""3d7.(2G).4p""","=""y 3F*""","=""4""","=""3d6.4s2""","=""1G1""","=""4""",9,9,,"=""T6999""","=""L9429c118""",
Co,2,"=""237.68242""","=""0.00010""","=""237.681974""","=""0.000013""","=""220""","=""4.8e+07""",D,"=""49348.304""","=""91408.494""","=""3d7.(4F).4p""","=""z 3G*""","=""4""","=""3d7.(4F).4d""","=""e 3D""","=""3""",9,7,,"=""T6999""","=""L9429c118""",
Co,2,"=""237.68833""","=""0.00002""","=""237.68834""","=""0.00003""","=""1800""","=""1.8e+08""",C+,"=""52684.634""","=""94743.698""","=""3d7.(4F).4p""","=""z 3D*""","=""1""","=""3d7.(4F).4d""","=""f 3F""","=""2""",3,5,,"=""T6999""","=""L9429c118""",
Co,2,"=""237.70292""","=""0.00003""","=""237.70289""","=""0.00003""","=""1900""","=""1.5e+08""",C+,"=""65657.249""","=""107713.738""","=""3d7.(4P).4p""","=""y 3P*""","=""1""","=""3d7.(2G).4d""","=""3D""","=""2""",3,5,,"=""T6999""","=""L9429c118""",
Co,2,"=""237.72897""","=""0.00012""","=""237.728919""","=""0.000017""","=""270""","=""1.3e+06""",E,"=""27585.138""","=""69637.023""","=""3d7.(2P).4s""","=""a 1P""","=""1""","=""3d7.(2D2).4p""","=""w 3D*""","=""2""",3,5,,"=""T6999""","=""L9429c118""",
Co,2,"=""237.7455""","=""0.0010""","=""237.749624""","=""0.000017""","=""320""","=""1.3e+05""",E,"=""48150.940""","=""90199.163""","=""3d7.(4F).4p""","=""z 5G*""","=""3""","=""3d7.(4F).4d""","=""f 5F""","=""4""",7,9,,"=""T6999""","=""L4687c119""",
Co,2,"=""237.78016""","=""0.00003""","=""237.780169""","=""0.000017""","=""3300""","=""1.30e+08""",C+,"=""65408.365""","=""107451.187""","=""3d7.(2P).4p""","=""z 3P*""","=""2""","=""3d7.(2G).4d""","=""3D""","=""3""",5,7,,"=""T6999""","=""L9429c118""",
Co,2,"=""237.81716""","=""0.00003""","=""237.81717""","=""0.00003""","=""2300""","=""6.e+08""",D,"=""52684.634""","=""94720.916""","=""3d7.(4F).4p""","=""z 3D*""","=""1""","=""3d7.(4F).4d""","=""e 3P""","=""0""",3,1,,"=""T6999""","=""L9429c118""",
Co,2,"=""237.83476""","=""0.00013""","=""237.834650""","=""0.000023""","=""330""","=""4.1e+06""",D,"=""67209.258""","=""109242.450""","=""3d7.(2P).4p""","=""z 1D*""","=""2""","=""3d7.(2G).4d""","=""3F""","=""2""",5,5,,"=""T6999""","=""L9429c118""",
Co,2,"=""237.86256""","=""0.00002""","=""237.86256""","=""0.00005""","=""140000""","=""1.90e+08""",B+,"=""3350.494""","=""45378.754""","=""3d7.(4F).4s""","=""a 5F""","=""5""","=""3d7.(4F).4p""","=""z 5F*""","=""4""",11,9,,"=""T4776""","=""L9429c118""",
Co,2,"=""237.88458""","=""0.00002""","=""237.884542""","=""0.000017""","=""2800""","=""1.20e+08""",C+,"=""64914.630""","=""106939.007""","=""3d7.(4P).4p""","=""y 3P*""","=""2""","=""3d7.(4P).4d""","=""3D""","=""3""",5,7,,"=""T6999""","=""L9429c118""",
Co,2,"=""237.93574""","=""0.00003""","=""237.93539""","=""0.00004""","=""620bl(Co I)""","=""7.e+06""",D,"=""69317.077""","=""111332.473""","=""3d7.(2D2).4p""","=""w 3D*""","=""1""","=""3d7.(2P).4d""","=""3P""","=""2""",3,5,,"=""T6999""","=""L9429c118""",
Co,2,"=""237.95818""","=""0.00008""","=""237.95803""","=""0.00003""","=""180""","=""1.3e+07""",D,"=""71846.441""","=""113857.840""","=""3d7.(2D2).4p""","=""x 3P*""","=""2""","=""3d7.(2D2).4d""","=""1P""","=""1""",5,3,,"=""T6999""","=""L9429c118""",
Co,2,"=""237.97408""","=""0.00010""","=""237.974089""","=""0.000014""","=""430""","=""2.8e+07""",D,"=""50036.348""","=""92044.913""","=""3d7.(4F).4p""","=""z 3G*""","=""3""","=""3d7.(4F).4d""","=""e 3D""","=""2""",7,5,,"=""T6999""","=""L9429c118""",
Co,2,"=""237.99676""","=""0.00005""","=""237.996690""","=""0.000010""","=""620bl(Co II)""","=""1.1e+07""",D,"=""49348.304""","=""91352.880""","=""3d7.(4F).4p""","=""z 3G*""","=""4""","=""3d7.(4F).4d""","=""e 5G""","=""4""",9,9,,"=""T6999""","=""L9429c118""",
Co,2,"=""238.00223""","=""0.00003""","=""238.002254""","=""0.000023""","=""2600bl(Co II)""","=""1.4e+08""",D,"=""64914.630""","=""106918.224""","=""3d7.(4P).4p""","=""y 3P*""","=""2""","=""3d7.(4P).4d""","=""3P""","=""2""",5,5,,"=""T6999""","=""L9429c118""",
Co,2,"=""238.09675""","=""0.00003""","=""238.096733""","=""0.000014""","=""9200""","=""8.e+06""",D,"=""22414.431""","=""64401.359""","=""3d7.(2G).4s""","=""a 3G""","=""3""","=""3d7.(2G).4p""","=""z 1G*""","=""4""",7,9,,"=""T6999""","=""L9429c118""",
Co,2,"=""238.14379""","=""0.00002""","=""238.143813""","=""0.000009""","=""3300""","=""1.27e+08""",C+,"=""49348.304""","=""91326.932""","=""3d7.(4F).4p""","=""z 3G*""","=""4""","=""3d7.(4F).4d""","=""e 3G""","=""5""",9,11,,"=""T6999""","=""L9429c118""",
Co,2,"=""238.16420""","=""0.00011""","=""238.16400""","=""0.00004""","=""180""","=""8.e+06""",D,"=""71846.441""","=""113821.511""","=""3d7.(2D2).4p""","=""x 3P*""","=""2""","=""3d7.(2D2).4d""","=""3F""","=""2""",5,5,,"=""T6999""","=""L9429c118""",
Co,2,"=""238.17650""","=""0.00002""","=""238.176496""","=""0.000017""","=""320000""","=""3.4e+08""",C+,"=""21624.528""","=""63597.396""","=""3d7.(2G).4s""","=""a 3G""","=""5""","=""3d7.(2G).4p""","=""z 3H*""","=""6""",11,13,,"=""T6999""","=""L9429c118""",
Co,2,"=""238.19465""","=""0.00003""","=""238.194732""","=""0.000011""","=""490""","=""3.3e+07""",D,"=""49697.683""","=""91667.338""","=""3d7.(4F).4p""","=""z 3F*""","=""4""","=""3d7.(4F).4d""","=""e 5G""","=""3""",9,7,,"=""T6999""","=""L9429c118""",
Co,2,"=""238.23214""","=""0.00002""","=""238.232130""","=""0.000017""","=""39000""","=""1.9e+08""",D,"=""25861.322""","=""67824.389""","=""3d7.(2P).4s""","=""c 3P""","=""0""","=""3d7.(2P).4p""","=""x 3D*""","=""1""",1,3,,"=""T6999""","=""L9429c118""",
Co,2,"=""238.27058""","=""0.00016""","=""238.27059""","=""0.00003""","=""200""","=""1.5e+07""",D,"=""64360.050""","=""106316.344""","=""3d7.(2G).4p""","=""y 3F*""","=""3""","=""3d7.(4P).4d""","=""3F""","=""3""",7,7,,"=""T6999""","=""L9429c118""",
Co,2,"=""238.31338""","=""0.00003""","=""238.31336""","=""0.00003""","=""1000""","=""2.0e+07""",D,"=""49697.683""","=""91646.447""","=""3d7.(4F).4p""","=""z 3F*""","=""4""","=""3d7.(4F).4d""","=""e 5H""","=""5""",9,11,,"=""T6999""","=""L9429c118""",
Co,2,"=""238.33126""","=""0.00005""","=""238.331235""","=""0.000023""","=""2300""","=""3.7e+06""",D,"=""22414.431""","=""64360.050""","=""3d7.(2G).4s""","=""a 3G""","=""3""","=""3d7.(2G).4p""","=""y 3F*""","=""3""",7,7,,"=""T6999""","=""L9429c118""",
Co,2,"=""""","=""""","=""238.344828""","=""0.000012""","=""m""","=""3.8e+06""",D,"=""24074.420""","=""66017.647""","=""3d7.(4P).4s""","=""b 3P""","=""2""","=""3d7.(2G).4p""","=""z 1F*""","=""3""",5,7,,"=""T6999""","=""L4687""",
Co,2,"=""238.3458""","=""""","=""238.345845""","=""0.000017""","=""100000bl(Co I):""","=""1.80e+08""",B+,"=""4028.988""","=""45972.036""","=""3d7.(4F).4s""","=""a 5F""","=""4""","=""3d7.(4F).4p""","=""z 5F*""","=""3""",9,7,,"=""T4776""","=""L9429c119""",
Co,2,"=""238.38792""","=""0.00006""","=""238.387930""","=""0.000017""","=""1100""","=""6.e+07""",D,"=""50381.724""","=""92317.368""","=""3d7.(4F).4p""","=""z 3F*""","=""3""","=""3d7.(4F).4d""","=""e 5D""","=""2""",7,5,,"=""T6999""","=""L9429c118""",
Co,2,"=""238.4652""","=""0.0003""","=""238.464998""","=""0.000023""","=""240*""","=""2.8e+07""",D,"=""65016.915""","=""106939.007""","=""3d7.(2G).4p""","=""y 3F*""","=""2""","=""3d7.(4P).4d""","=""3D""","=""3""",5,7,,"=""T6999""","=""L9429c118""",
Co,1,"=""238.486""","=""""","=""238.4859""","=""""","=""1400""","=""2.4e+07""",C,"=""0.00""","=""41918.41""","=""3p6.3d7.4s2""","=""a 4F""","=""9/2""","=""3p6.3d7.(4F).4s.4p.(1P*)""","=""x 4F*""","=""7/2""",10,8,,"=""T4223""","=""L3475""",
Co,2,"=""238.56602""","=""0.00004""","=""238.566022""","=""0.000023""","=""520""","=""1.2e+07""",D,"=""69637.023""","=""111541.364""","=""3d7.(2D2).4p""","=""w 3D*""","=""2""","=""3d7.(2P).4d""","=""3F""","=""3""",5,7,,"=""T6999""","=""L9429c118""",
Co,2,"=""238.63693""","=""0.00002""","=""238.636814""","=""0.000017""","=""75000*""","=""2.1e+08""",C+,"=""4560.789""","=""46452.700""","=""3d7.(4F).4s""","=""a 5F""","=""3""","=""3d7.(4F).4p""","=""z 5F*""","=""2""",7,5,,"=""T6999""","=""L9429c118""",
Co,2,"=""238.63693""","=""0.00002""","=""238.637782""","=""0.000017""","=""75000*""","=""1.1e+08""",D,"=""25317.517""","=""67209.258""","=""3d7.(2P).4s""","=""c 3P""","=""1""","=""3d7.(2P).4p""","=""z 1D*""","=""2""",3,5,,"=""T6999""","=""L9429c118""",
Co,2,"=""238.67248""","=""0.00002""","=""238.672476""","=""0.000013""","=""130000""","=""2.4e+08""",C+,"=""21624.528""","=""63510.180""","=""3d7.(2G).4s""","=""a 3G""","=""5""","=""3d7.(2G).4p""","=""y 3F*""","=""4""",11,9,,"=""T6999""","=""L9429c118""",
Co,2,"=""238.69415""","=""0.00002""","=""238.694133""","=""0.000012""","=""2300""","=""7.e+07""",D,"=""50036.348""","=""91918.200""","=""3d7.(4F).4p""","=""z 3G*""","=""3""","=""3d7.(4F).4d""","=""e 3G""","=""4""",7,9,,"=""T6999""","=""L9429c118""",
Co,2,"=""238.71398""","=""0.00007""","=""238.71402""","=""0.00004""","=""620""","=""1.3e+06""",E,"=""65657.249""","=""107535.612""","=""3d7.(4P).4p""","=""y 3P*""","=""1""","=""3d7.(2D2).5s""","=""3D""","=""2""",3,5,,"=""T6999""","=""L9429c118""",
Co,2,"=""238.84344""","=""0.00004""","=""238.843398""","=""0.000017""","=""550""","=""1.5e+07""",D,"=""72008.912""","=""113864.592""","=""3d7.(2H).4p""","=""y 3H*""","=""4""","=""3d7.(2H).4d""","=""1H""","=""5""",9,11,,"=""T6999""","=""L9429c118""",
Co,2,"=""238.87433""","=""0.00003""","=""238.874328""","=""0.000023""","=""2600""","=""1.04e+08""",C+,"=""72535.108""","=""114385.369""","=""3d7.(2D2).4p""","=""y 1F*""","=""3""","=""3d7.(2D2).4d""","=""1F""","=""3""",7,7,,"=""T6999""","=""L9429c118""",
Co,2,"=""238.89171""","=""0.00002""","=""238.89170""","=""0.00006""","=""220000""","=""2.80e+08""",B,"=""3350.494""","=""45197.711""","=""3d7.(4F).4s""","=""a 5F""","=""5""","=""3d7.(4F).4p""","=""z 5F*""","=""5""",11,11,,"=""T4776""","=""L9429c118""",
Co,2,"=""238.95399""","=""0.00002""","=""238.953779""","=""0.000017""","=""33000bl(Co I)""","=""1.50e+08""",C+,"=""4950.062""","=""46786.409""","=""3d7.(4F).4s""","=""a 5F""","=""2""","=""3d7.(4F).4p""","=""z 5F*""","=""1""",5,3,,"=""T4776""","=""L9429c118""",
Co,3,"=""""","=""""","=""238.9641""","=""0.0008""","=""""","=""2.1e+00""",C,"=""15202.56""","=""57037.093""","=""3d7""","=""a 4P""","=""5/2""","=""3d6.(5D).4s""","=""a 4D""","=""1/2""",6,2,E2,"=""u37""","=""""",
Co,2,"=""239.00562""","=""0.00012""","=""239.00559""","=""0.00003""","=""390bl(Co I)""","=""1.2e+07""",D,"=""73147.041""","=""114974.320""","=""3d7.(2H).4p""","=""y 1G*""","=""4""","=""3d7.(2D2).4d""","=""1G""","=""4""",9,9,,"=""T6999""","=""L9429c118""",
Co,2,"=""239.16547""","=""0.00005""","=""239.16550""","=""0.00004""","=""390""","=""9.e+06""",D,"=""69637.023""","=""111436.337""","=""3d7.(2D2).4p""","=""w 3D*""","=""2""","=""""","=""111436""","=""3""",5,7,,"=""T6999""","=""L9429c118""",
Co,2,"=""239.17086""","=""0.00011""","=""239.170772""","=""0.000017""","=""130""","=""1.4e+05""",E,"=""63792.717""","=""105591.110""","=""3d7.(2G).4p""","=""z 3H*""","=""4""","=""3d6.4s2""","=""1G1""","=""4""",9,9,,"=""T6999""","=""L9429c118""",
Co,3,"=""""","=""""","=""239.1786""","=""0.0023""","=""""","=""4.0e-01""",C,"=""15428.57""","=""57225.6""","=""3d7""","=""a 4P""","=""3/2""","=""3d7""","=""b 2D1""","=""3/2""",4,4,M1+E2,"=""u37""","=""""",
Co,1,"=""""","=""""","=""239.2027""","=""""","=""""","=""4.0e+07""",D,"=""1406.84""","=""43199.65""","=""3p6.3d7.4s2""","=""a 4F""","=""5/2""","=""3p6.3d7.(4F).4s.4p.(1P*)""","=""x 4G*""","=""5/2""",6,6,,"=""T4223""","=""""",
Co,2,"=""239.25676""","=""0.00002""","=""239.256754""","=""0.000011""","=""36000""","=""4.9e+07""",D,"=""22009.344""","=""63792.717""","=""3d7.(2G).4s""","=""a 3G""","=""4""","=""3d7.(2G).4p""","=""z 3H*""","=""4""",9,9,,"=""T6999""","=""L9429c118""",
Co,2,"=""239.31873""","=""0.00015""","=""239.31861""","=""0.00003""","=""140""","=""3.4e+06""",D,"=""66017.647""","=""107790.221""","=""3d7.(2G).4p""","=""z 1F*""","=""3""","=""3d7.(2G).4d""","=""3G""","=""4""",7,9,,"=""T6999""","=""L9429c118""",
Co,2,"=""239.39044""","=""0.00002""","=""239.390430""","=""0.000013""","=""5200""","=""1.00e+07""",B,"=""4560.789""","=""46320.832""","=""3d7.(4F).4s""","=""a 5F""","=""3""","=""3d7.(4F).4p""","=""z 5D*""","=""4""",7,9,,"=""T4776""","=""L9429c118""",
Co,2,"=""239.43523""","=""0.00002""","=""239.435247""","=""0.000023""","=""3900""","=""2.4e+08""",C+,"=""65657.249""","=""107409.476""","=""3d7.(4P).4p""","=""y 3P*""","=""1""","=""3d7.(4P).4d""","=""3D""","=""2""",3,5,,"=""T6999""","=""L9429c118""",
Co,2,"=""239.46684""","=""0.00010""","=""239.466812""","=""0.000011""","=""130""","=""2.1e+06""",D,"=""48556.052""","=""90302.776""","=""3d7.(4F).4p""","=""z 3G*""","=""5""","=""3d7.(4F).4d""","=""e 5G""","=""6""",11,13,,"=""T6999""","=""L9429c118""",
Co,2,"=""239.51157""","=""0.00004""","=""239.511612""","=""0.000015""","=""420""","=""1.2e+07""",D,"=""50381.724""","=""92120.640""","=""3d7.(4F).4p""","=""z 3F*""","=""3""","=""3d7.(4F).4d""","=""e 5H""","=""4""",7,9,,"=""T6999""","=""L9429c118""",
Co,2,"=""239.55168""","=""0.00002""","=""239.551658""","=""0.000023""","=""22000*""","=""2.5e+08""",C+,"=""27585.138""","=""69317.077""","=""3d7.(2P).4s""","=""a 1P""","=""1""","=""3d7.(2D2).4p""","=""w 3D*""","=""1""",3,3,,"=""T6999""","=""L9429c118""",
Co,2,"=""239.55168""","=""0.00002""","=""239.551807""","=""0.000023""","=""22000*""","=""2.0e+06""",D,"=""71702.960""","=""113434.873""","=""3d7.(2H).4p""","=""y 3H*""","=""5""","=""3d7.(2H).4d""","=""3K""","=""6""",11,13,,"=""T6999""","=""L9429c118""",
Co,2,"=""239.55569""","=""0.00002""","=""239.55566""","=""0.00003""","=""2000""","=""8.e+07""",D,"=""72654.127""","=""114385.369""","=""3d7.(2D2).4p""","=""y 1D*""","=""2""","=""3d7.(2D2).4d""","=""1F""","=""3""",5,7,,"=""T6999""","=""L9429c118""",
Co,2,"=""239.58851""","=""0.00002""","=""239.588507""","=""0.000023""","=""1700""","=""2.3e+08""",C+,"=""50914.325""","=""92639.846""","=""3d7.(4F).4p""","=""z 3F*""","=""2""","=""3d7.(4F).4d""","=""e 3D""","=""1""",5,3,,"=""T6999""","=""L9429c118""",
Co,2,"=""239.61505""","=""0.00003""","=""239.615052""","=""0.000023""","=""1500""","=""2.2e+08""",D,"=""52684.634""","=""94405.533""","=""3d7.(4F).4p""","=""z 3D*""","=""1""","=""3d7.(4F).4d""","=""e 3P""","=""1""",3,3,,"=""T6999""","=""L9429c118""",
Co,2,"=""239.62905""","=""0.00016""","=""239.629240""","=""0.000023""","=""140""","=""1.7e+06""",D,"=""67524.021""","=""109242.450""","=""3d7.(2P).4p""","=""x 3D*""","=""3""","=""3d7.(2G).4d""","=""3F""","=""2""",7,5,,"=""T6999""","=""L9429c118""",
Co,2,"=""239.64514""","=""0.00002""","=""239.645147""","=""0.000017""","=""3200""","=""1.9e+08""",C+,"=""72008.912""","=""113724.572""","=""3d7.(2H).4p""","=""y 3H*""","=""4""","=""3d7.(2H).4d""","=""3G""","=""3""",9,7,,"=""T6999""","=""L9429c118""",
Co,2,"=""239.66247""","=""0.00002""","=""239.662470""","=""0.000017""","=""1600""","=""2.2e+08""",D,"=""65511.991""","=""107224.636""","=""3d7.(4P).4p""","=""y 3P*""","=""0""","=""3d7.(4P).4d""","=""3D""","=""1""",1,3,,"=""T6999""","=""L9429c118""",
Co,2,"=""239.67288""","=""0.00002""","=""239.673009""","=""0.000010""","=""1300p*""","=""6.e+07""",D,"=""49697.683""","=""91408.494""","=""3d7.(4F).4p""","=""z 3F*""","=""4""","=""3d7.(4F).4d""","=""e 3D""","=""3""",9,7,,"=""T6999""","=""L9429c118""",
Co,2,"=""239.67824""","=""0.00002""","=""239.67769""","=""0.00005""","=""2600p""","=""8.e+06""",D,"=""73144.338""","=""114854.335""","=""3d7.(2D2).4p""","=""x 3P*""","=""1""","=""3d7.(2D2).4d""","=""3D""","=""1""",3,3,,"=""T6999""","=""L9429c118""",
Co,2,"=""239.71600""","=""0.00009""","=""239.715943""","=""0.000017""","=""320""","=""1.4e+07""",D,"=""67209.258""","=""108912.599""","=""3d7.(2P).4p""","=""z 1D*""","=""2""","=""3d7.(2G).4d""","=""1D""","=""2""",5,5,,"=""T6999""","=""L9429c118""",
Co,2,"=""239.73855""","=""0.00002""","=""239.738554""","=""0.000013""","=""130000""","=""2.4e+08""",C+,"=""9812.860""","=""51512.268""","=""3d7.(4F).4s""","=""b 3F""","=""4""","=""3d7.(4F).4p""","=""z 3D*""","=""3""",9,7,,"=""T6999""","=""L9429c118""",
Co,2,"=""239.83777""","=""0.00002""","=""239.837777""","=""0.000013""","=""48000""","=""6.5e+07""",C+,"=""21624.528""","=""63306.686""","=""3d7.(2G).4s""","=""a 3G""","=""5""","=""3d7.(2G).4p""","=""z 3H*""","=""5""",11,11,,"=""T6999""","=""L9429c118""",
Co,2,"=""239.86859""","=""0.00004""","=""239.86875""","=""0.00006""","=""390""","=""3.5e+07""",D,"=""71846.441""","=""113523.218""","=""3d7.(2D2).4p""","=""x 3P*""","=""2""","=""3d7.(2D2).4d""","=""3D""","=""3""",5,7,,"=""T6999""","=""L9429c118""",
Co,2,"=""239.89841""","=""0.00014""","=""239.898530""","=""0.000023""","=""190""","=""7.e+06""",D,"=""64914.630""","=""106586.233""","=""3d7.(4P).4p""","=""y 3P*""","=""2""","=""3d7.(4P).4d""","=""5D""","=""3""",5,7,,"=""T6999""","=""L9429c118""",
Co,2,"=""239.93402""","=""0.00007""","=""239.93382""","=""0.00007""","=""100""","=""2.9e+06""",D,"=""69059.933""","=""110725.407""","=""3d7.(2D2).4p""","=""w 3D*""","=""3""","=""3d7.(2P).4d""","=""3F""","=""4""",7,9,,"=""T6999""","=""L9429c118""",
Co,2,"=""239.94698""","=""0.00002""","=""239.946982""","=""0.000013""","=""1300""","=""1.3e+08""",D,"=""50381.724""","=""92044.913""","=""3d7.(4F).4p""","=""z 3F*""","=""3""","=""3d7.(4F).4d""","=""e 3D""","=""2""",7,5,,"=""T6999""","=""L9429c118""",
Co,2,"=""239.99871""","=""0.00002""","=""239.998715""","=""0.000013""","=""7100""","=""2.4e+08""",C+,"=""66017.647""","=""107671.856""","=""3d7.(2G).4p""","=""z 1F*""","=""3""","=""3d7.(2G).4d""","=""1F""","=""3""",7,7,,"=""T6999""","=""L9429c118""",
Co,2,"=""240.0351""","=""0.0010""","=""240.0336""","=""0.0006""","=""710""","=""1.0e+06""",D,"=""40695.028""","=""82343.19""","=""3d6.4s2""","=""a 5D""","=""4""","=""3d6.(5D).4s.4p""","=""y 5F*""","=""4""",9,9,,"=""T6999""","=""L4687c119""",
Co,2,"=""240.06259""","=""0.00004""","=""240.062680""","=""0.000014""","=""270""","=""7.e+06""",D,"=""48556.052""","=""90199.163""","=""3d7.(4F).4p""","=""z 3G*""","=""5""","=""3d7.(4F).4d""","=""f 5F""","=""4""",11,9,,"=""T6999""","=""L9429c118""",
Co,2,"=""240.1329""","=""0.0010""","=""240.132581""","=""0.000023""","=""710""","=""7.e+06""",D,"=""50036.348""","=""91667.338""","=""3d7.(4F).4p""","=""z 3G*""","=""3""","=""3d7.(4F).4d""","=""e 5G""","=""3""",7,7,,"=""T6999""","=""L4687c119""",
Co,2,"=""240.1426""","=""""","=""240.142624""","=""0.000014""","=""3500bl:""","=""1.25e+08""",C+,"=""49697.683""","=""91326.932""","=""3d7.(4F).4p""","=""z 3F*""","=""4""","=""3d7.(4F).4d""","=""e 3G""","=""5""",9,11,,"=""T6999""","=""L9429c119""",
Co,2,"=""240.19125""","=""0.00008""","=""240.191331""","=""0.000023""","=""350""","=""7.e+06""",D,"=""67209.258""","=""108830.066""","=""3d7.(2P).4p""","=""z 1D*""","=""2""","=""3d7.(2G).4d""","=""3F""","=""3""",5,7,,"=""T6999""","=""L9429c118""",
Co,1,"=""240.206""","=""""","=""240.2062""","=""""","=""1100bl""","=""5.1e+07""",C,"=""816.00""","=""42434.23""","=""3p6.3d7.4s2""","=""a 4F""","=""7/2""","=""3p6.3d7.(4F).4s.4p.(1P*)""","=""x 4F*""","=""5/2""",8,6,,"=""T4223""","=""L3475""",
Co,3,"=""""","=""""","=""240.2623""","=""0.0008""","=""""","=""1.9e+01""",C,"=""15428.57""","=""57037.093""","=""3d7""","=""a 4P""","=""3/2""","=""3d6.(5D).4s""","=""a 4D""","=""1/2""",4,2,E2,"=""u37""","=""""",
Co,2,"=""240.27306""","=""0.00006""","=""240.27297""","=""0.00005""","=""480""","=""2.5e+07""",D,"=""72654.127""","=""114260.795""","=""3d7.(2D2).4p""","=""y 1D*""","=""2""","=""3d7.(2D2).4d""","=""3D""","=""2""",5,5,,"=""T6999""","=""L9429c118""",
Co,2,"=""240.27881""","=""0.00002""","=""240.27882""","=""0.00003""","=""2600""","=""2.1e+08""",C+,"=""50914.325""","=""92519.979""","=""3d7.(4F).4p""","=""z 3F*""","=""2""","=""3d7.(4F).4d""","=""e 3G""","=""3""",5,7,,"=""T6999""","=""L9429c118""",
Co,2,"=""240.32427""","=""0.00007""","=""240.32413""","=""0.00009""","=""450""","=""4.8e+07""",D,"=""72654.127""","=""114251.937""","=""3d7.(2D2).4p""","=""y 1D*""","=""2""","=""3d7.(2D2).4d""","=""3S""","=""1""",5,3,,"=""T6999""","=""L9429c118""",
Co,3,"=""""","=""""","=""240.3555""","=""0.0008""","=""""","=""7.3e+00""",C,"=""15202.56""","=""56794.941""","=""3d7""","=""a 4P""","=""5/2""","=""3d6.(5D).4s""","=""a 4D""","=""3/2""",6,4,E2,"=""u37""","=""""",
Co,2,"=""240.36790""","=""0.00002""","=""240.36790""","=""0.00003""","=""7400""","=""2.3e+08""",C+,"=""71403.644""","=""112993.881""","=""3d7.(2H).4p""","=""y 3H*""","=""6""","=""3d7.(2H).4d""","=""3G""","=""5""",13,11,,"=""T6999""","=""L9429c118""",
Co,2,"=""240.37925""","=""0.00002""","=""240.379232""","=""0.000023""","=""21000""","=""1.9e+08""",D,"=""29268.777""","=""70857.053""","=""3d7.(2D2).4s""","=""a 3D""","=""1""","=""3d7.(2P).4p""","=""z 1P*""","=""1""",3,3,,"=""T6999""","=""L9429c118""",
Co,2,"=""240.39996""","=""0.00003""","=""240.399992""","=""0.000023""","=""1100""","=""4.4e+07""",D,"=""71846.441""","=""113431.126""","=""3d7.(2D2).4p""","=""x 3P*""","=""2""","=""3d7.(4F).5d""","=""3P""","=""1""",5,3,,"=""T6999""","=""L9429c118""",
Co,2,"=""240.41072""","=""0.00002""","=""240.410722""","=""0.000010""","=""32000""","=""9.e+07""",D,"=""24074.420""","=""65657.249""","=""3d7.(4P).4s""","=""b 3P""","=""2""","=""3d7.(4P).4p""","=""y 3P*""","=""1""",5,3,,"=""T6999""","=""L9429c118""",
Co,2,"=""240.41719""","=""0.00002""","=""240.417187""","=""0.000018""","=""26000""","=""1.50e+08""",C+,"=""5204.698""","=""46786.409""","=""3d7.(4F).4s""","=""a 5F""","=""1""","=""3d7.(4F).4p""","=""z 5F*""","=""1""",3,3,,"=""T4776""","=""L9429c118""",
Co,2,"=""240.45278""","=""0.00002""","=""240.452759""","=""0.000018""","=""48000""","=""3.1e+08""",C+,"=""27484.373""","=""69059.933""","=""3d7.(2D2).4s""","=""a 3D""","=""3""","=""3d7.(2D2).4p""","=""w 3D*""","=""3""",7,7,,"=""T6999""","=""L9429c118""",
Co,2,"=""240.47313""","=""0.00005""","=""240.473114""","=""0.000018""","=""1000""","=""2.0e+08""",C+,"=""71702.960""","=""113275.001""","=""3d7.(2H).4p""","=""y 3H*""","=""5""","=""3d7.(2H).4d""","=""3G""","=""4""",11,9,,"=""T6999""","=""L9429c118""",
Co,2,"=""240.49186""","=""0.00004""","=""240.491841""","=""0.000018""","=""510""","=""2.0e+07""",D,"=""70857.053""","=""112425.857""","=""3d7.(2P).4p""","=""z 1P*""","=""1""","=""3d7.(4F).5d""","=""3D""","=""2""",3,5,,"=""T6999""","=""L9429c118""",
Co,2,"=""240.50008""","=""0.00004""","=""240.500040""","=""0.000023""","=""350""","=""9.e+07""",D,"=""65657.249""","=""107224.636""","=""3d7.(4P).4p""","=""y 3P*""","=""1""","=""3d7.(4P).4d""","=""3D""","=""1""",3,3,,"=""T6999""","=""L9429c118""",
Co,2,"=""240.61645""","=""0.00003""","=""240.61653""","=""0.00003""","=""710""","=""2.2e+07""",D,"=""50381.724""","=""91928.989""","=""3d7.(4F).4p""","=""z 3F*""","=""3""","=""3d7.(4F).4d""","=""e 5G""","=""2""",7,5,,"=""T6999""","=""L9429c118""",
Co,2,"=""240.64488""","=""0.00005""","=""240.64495""","=""0.00004""","=""510""","=""6.e+07""",D,"=""69317.077""","=""110859.436""","=""3d7.(2D2).4p""","=""w 3D*""","=""1""","=""3d7.(2P).4d""","=""3P""","=""1""",3,3,,"=""T6999""","=""L9429c118""",
Co,2,"=""240.67904""","=""0.00002""","=""240.679032""","=""0.000012""","=""3500""","=""1.7e+08""",C+,"=""50381.724""","=""91918.200""","=""3d7.(4F).4p""","=""z 3F*""","=""3""","=""3d7.(4F).4d""","=""e 3G""","=""4""",7,9,,"=""T6999""","=""L9429c118""",
Co,2,"=""240.71282""","=""0.00002""","=""240.712844""","=""0.000018""","=""1700""","=""7.e+07""",D,"=""65408.365""","=""106939.007""","=""3d7.(2P).4p""","=""z 3P*""","=""2""","=""3d7.(4P).4d""","=""3D""","=""3""",5,7,,"=""T6999""","=""L9429c118""",
Co,1,"=""240.725""","=""""","=""240.7251""","=""""","=""5300""","=""3.6e+08""",C,"=""0.00""","=""41528.53""","=""3p6.3d7.4s2""","=""a 4F""","=""9/2""","=""3p6.3d7.(4F).4s.4p.(1P*)""","=""x 4G*""","=""11/2""",10,12,,"=""T4223""","=""L3475""",
Co,2,"=""240.74468""","=""0.00002""","=""240.744676""","=""0.000011""","=""45000""","=""2.4e+08""",C+,"=""28111.872""","=""69637.023""","=""3d7.(2D2).4s""","=""a 3D""","=""2""","=""3d7.(2D2).4p""","=""w 3D*""","=""2""",5,5,,"=""T6999""","=""L9429c118""",
Co,2,"=""240.76646""","=""0.00002""","=""240.766461""","=""0.000011""","=""110000""","=""2.4e+08""",C+,"=""10708.331""","=""52229.725""","=""3d7.(4F).4s""","=""b 3F""","=""3""","=""3d7.(4F).4p""","=""z 3D*""","=""2""",7,5,,"=""T6999""","=""L9429c118""",
Co,2,"=""240.79421""","=""0.00017""","=""240.7946""","=""0.0003""","=""230""","=""7.e+06""",D,"=""69059.933""","=""110576.48""","=""3d7.(2D2).4p""","=""w 3D*""","=""3""","=""3d7.(2P).4d""","=""3D""","=""3""",7,7,,"=""T6999""","=""L9429c118""",
Co,2,"=""240.83337""","=""0.00003""","=""240.833372""","=""0.000023""","=""1100""","=""9.e+07""",D,"=""65408.365""","=""106918.224""","=""3d7.(2P).4p""","=""z 3P*""","=""2""","=""3d7.(4P).4d""","=""3P""","=""2""",5,5,,"=""T6999""","=""L9429c118""",
Co,2,"=""240.84137""","=""0.00002""","=""240.841385""","=""0.000018""","=""160000""","=""3.3e+08""",C+,"=""27105.744""","=""68614.222""","=""3d7.(2H).4s""","=""a 3H""","=""6""","=""3d7.(2H).4p""","=""z 3I*""","=""7""",13,15,,"=""T6999""","=""L9429c118""",
Co,2,"=""240.85523""","=""0.00002""","=""240.855231""","=""0.000018""","=""39000""","=""1.9e+08""",C+,"=""29268.777""","=""70774.869""","=""3d7.(2D2).4s""","=""a 3D""","=""1""","=""3d7.(2D2).4p""","=""x 3F*""","=""2""",3,5,,"=""T6999""","=""L9429c118""",
Co,2,"=""240.87528""","=""0.00002""","=""240.875278""","=""0.000012""","=""28000""","=""7.4e+07""",B,"=""4950.062""","=""46452.700""","=""3d7.(4F).4s""","=""a 5F""","=""2""","=""3d7.(4F).4p""","=""z 5F*""","=""2""",5,5,,"=""T6135""","=""L9429c118""",
Co,2,"=""240.88574""","=""0.00002""","=""240.885737""","=""0.000011""","=""14000""","=""2.5e+07""",D,"=""22009.344""","=""63510.180""","=""3d7.(2G).4s""","=""a 3G""","=""4""","=""3d7.(2G).4p""","=""y 3F*""","=""4""",9,9,,"=""T6999""","=""L9429c118""",
Co,2,"=""240.92882""","=""0.00003""","=""240.928817""","=""0.000018""","=""1500""","=""4.0e+07""",D,"=""70857.053""","=""112350.469""","=""3d7.(2P).4p""","=""z 1P*""","=""1""","=""3d7.(2P).4d""","=""1D""","=""2""",3,5,,"=""T6999""","=""L9429c118""",
Co,2,"=""240.93928""","=""0.00002""","=""240.938933""","=""0.000018""","=""4200*""","=""8.e+07""",D,"=""50914.325""","=""92405.999""","=""3d7.(4F).4p""","=""z 3F*""","=""2""","=""3d7.(4F).4d""","=""e 5H""","=""3""",5,7,,"=""T6999""","=""L9429c118""",
Co,2,"=""240.93928""","=""0.00002""","=""240.94029""","=""0.00003""","=""4200*""","=""2.0e+08""",C+,"=""63344.333""","=""104835.774""","=""3d7.(4P).4p""","=""z 5P*""","=""3""","=""3d7.(4P).4d""","=""5P""","=""3""",7,7,,"=""T6999""","=""L9429c118""",
Co,2,"=""240.9762""","=""0.0003""","=""240.97651""","=""0.00003""","=""160""","=""1.4e+07""",D,"=""65016.915""","=""106502.120""","=""3d7.(2G).4p""","=""y 3F*""","=""2""","=""3d7.(4P).4d""","=""3F""","=""2""",5,5,,"=""T6999""","=""L9429c118""",
Co,2,"=""241.07382""","=""0.00005""","=""241.07393""","=""0.00003""","=""320""","=""5.e+07""",D,"=""63367.333""","=""104835.774""","=""3d7.(4P).4p""","=""z 5P*""","=""2""","=""3d7.(4P).4d""","=""5P""","=""3""",5,7,,"=""T6999""","=""L9429c118""",
Co,2,"=""241.1538""","=""""","=""241.15376""","=""0.00003""","=""420bl(Co I):""","=""1.9e+08""",C+,"=""31199.412""","=""72654.127""","=""3d7.(2D2).4s""","=""b 1D""","=""2""","=""3d7.(2D2).4p""","=""y 1D*""","=""2""",5,5,,"=""T6999""","=""L9429c119""",
Co,2,"=""241.1575""","=""""","=""241.157459""","=""0.000023""","=""1000bl(Co I):""","=""2.9e+08""",C+,"=""27902.161""","=""69356.240""","=""3d7.(2H).4s""","=""a 3H""","=""4""","=""3d7.(2H).4p""","=""x 3G*""","=""3""",9,7,,"=""T6999""","=""L9429c119""",
Co,2,"=""241.18877""","=""0.00002""","=""241.188775""","=""0.000014""","=""2100""","=""1.9e+08""",C+,"=""52229.725""","=""93678.422""","=""3d7.(4F).4p""","=""z 3D*""","=""2""","=""3d7.(4F).4d""","=""e 3P""","=""2""",5,5,,"=""T6999""","=""L9429c118""",
Co,2,"=""241.22930""","=""0.00004""","=""241.229273""","=""0.000018""","=""1700""","=""6.e+06""",D,"=""30567.173""","=""72008.912""","=""3d7.(2H).4s""","=""a 1H""","=""5""","=""3d7.(2H).4p""","=""y 3H*""","=""4""",11,9,,"=""T6999""","=""L9429c118""",
Co,2,"=""241.23195""","=""0.00003""","=""241.231963""","=""0.000018""","=""2600""","=""6.e+07""",D,"=""70265.915""","=""111707.192""","=""3d7.(2P).4p""","=""y 3S*""","=""1""","=""3d7.(2P).4d""","=""1P""","=""1""",3,3,,"=""T6999""","=""L9429c118""",
Co,1,"=""241.276""","=""""","=""241.2765""","=""""","=""1600""","=""6.5e+07""",C,"=""1809.33""","=""43242.95""","=""3p6.3d7.4s2""","=""a 4F""","=""3/2""","=""3p6.3d7.(4P).4s.4p.(3P*)""","=""w 4D*""","=""5/2""",4,6,,"=""T4223""","=""L3475""",
Co,2,"=""241.37676""","=""0.00011""","=""241.37655""","=""0.00003""","=""140""","=""3.2e+06""",D,"=""71403.644""","=""112820.099""","=""3d7.(2H).4p""","=""y 3H*""","=""6""","=""3d7.(2H).4d""","=""3K""","=""7""",13,15,,"=""T6999""","=""L9429c118""",
Co,3,"=""""","=""""","=""241.3955""","=""0.0008""","=""""","=""2.4e+00""",C,"=""37022.42""","=""78435.621""","=""3d7""","=""a 2F""","=""5/2""","=""3d6.(3P2).4s""","=""b 2P""","=""1/2""",6,2,E2,"=""u37""","=""""",
Co,2,"=""241.40209""","=""0.00003""","=""241.402129""","=""0.000014""","=""1500""","=""3.5e+07""",D,"=""73147.041""","=""114559.108""","=""3d7.(2H).4p""","=""y 1G*""","=""4""","=""3d7.(2H).4d""","=""3H""","=""5""",9,11,,"=""T6999""","=""L9429c118""",
Co,2,"=""241.40692""","=""0.00002""","=""241.406909""","=""0.000011""","=""38000""","=""7.2e+07""",B+,"=""4560.789""","=""45972.036""","=""3d7.(4F).4s""","=""a 5F""","=""3""","=""3d7.(4F).4p""","=""z 5F*""","=""3""",7,7,,"=""T4776""","=""L9429c118""",
Co,1,"=""241.446""","=""""","=""241.4457""","=""""","=""4800""","=""3.4e+08""",C,"=""1406.84""","=""42811.44""","=""3p6.3d7.4s2""","=""a 4F""","=""5/2""","=""3p6.3d7.(4F).4s.4p.(1P*)""","=""x 4G*""","=""7/2""",6,8,,"=""T4223""","=""L3475""",
Co,2,"=""241.47673""","=""0.00010""","=""241.476772""","=""0.000023""","=""510""","=""2.6e+06""",D,"=""71403.644""","=""112802.911""","=""3d7.(2H).4p""","=""y 3H*""","=""6""","=""3d7.(4F).5d""","=""3H""","=""5""",13,11,,"=""T6999""","=""L9429c118""",
Co,2,"=""241.52033""","=""0.00010""","=""241.520168""","=""0.000023""","=""260""","=""1.7e+06""",D,"=""66017.647""","=""107409.476""","=""3d7.(2G).4p""","=""z 1F*""","=""3""","=""3d7.(4P).4d""","=""3D""","=""2""",7,5,,"=""T6999""","=""L9429c118""",
Co,1,"=""241.530""","=""""","=""241.5290""","=""""","=""4800""","=""3.6e+08""",C+,"=""1809.33""","=""43199.65""","=""3p6.3d7.4s2""","=""a 4F""","=""3/2""","=""3p6.3d7.(4F).4s.4p.(1P*)""","=""x 4G*""","=""5/2""",4,6,,"=""T4223""","=""L3475""",
Co,2,"=""241.5316""","=""""","=""241.531618""","=""0.000013""","=""89000bl(Co I):""","=""5.2e+07""",D,"=""24267.382""","=""65657.249""","=""3d7.(4P).4s""","=""b 3P""","=""1""","=""3d7.(4P).4p""","=""y 3P*""","=""1""",3,3,,"=""T6999""","=""L9429c119""",
Co,2,"=""241.57898""","=""0.00003""","=""241.578063""","=""0.000023""","=""1100bl(Co II)*""","=""2.5e+06""",D,"=""73147.041""","=""114528.951""","=""3d7.(2H).4p""","=""y 1G*""","=""4""","=""3d7.(2H).4d""","=""3H""","=""4""",9,9,,"=""T6999""","=""L9429c118""",
Co,2,"=""241.57898""","=""0.00003""","=""241.57868""","=""0.00005""","=""1100bl(Co II)*""","=""8.e+07""",D,"=""73472.531""","=""114854.335""","=""3d7.(2D2).4p""","=""x 3P*""","=""0""","=""3d7.(2D2).4d""","=""3D""","=""1""",1,3,,"=""T6999""","=""L9429c118""",
Co,2,"=""241.59922""","=""0.00002""","=""241.599223""","=""0.000012""","=""180000""","=""2.4e+08""",C+,"=""22414.431""","=""63792.717""","=""3d7.(2G).4s""","=""a 3G""","=""3""","=""3d7.(2G).4p""","=""z 3H*""","=""4""",7,9,,"=""T6999""","=""L9429c118""",
Co,2,"=""241.62168""","=""0.00002""","=""241.621683""","=""0.000014""","=""83000""","=""3.0e+08""",C+,"=""27468.988""","=""68843.428""","=""3d7.(2H).4s""","=""a 3H""","=""5""","=""3d7.(2H).4p""","=""x 3G*""","=""4""",11,9,,"=""T6999""","=""L9429c118""",
Co,3,"=""""","=""""","=""241.6688""","=""0.0008""","=""""","=""8.1e+00""",C,"=""15428.57""","=""56794.941""","=""3d7""","=""a 4P""","=""3/2""","=""3d6.(5D).4s""","=""a 4D""","=""3/2""",4,4,E2,"=""u37""","=""""",
Co,2,"=""241.68984""","=""0.00002""","=""241.689835""","=""0.000018""","=""96000""","=""3.1e+08""",C+,"=""11321.860""","=""52684.634""","=""3d7.(4F).4s""","=""b 3F""","=""2""","=""3d7.(4F).4p""","=""z 3D*""","=""1""",5,3,,"=""T6999""","=""L9429c118""",
Co,2,"=""241.7033""","=""""","=""241.703340""","=""0.000024""","=""13000bl:""","=""1.8e+07""",D,"=""27468.988""","=""68829.451""","=""3d7.(2H).4s""","=""a 3H""","=""5""","=""3d7.(2H).4p""","=""z 3I*""","=""5""",11,11,,"=""T6999""","=""L9429c119""",
Co,2,"=""241.7659""","=""""","=""241.765873""","=""0.000018""","=""61000bl:""","=""8.5e+07""",B+,"=""4028.988""","=""45378.754""","=""3d7.(4F).4s""","=""a 5F""","=""4""","=""3d7.(4F).4p""","=""z 5F*""","=""4""",9,9,,"=""T4776""","=""L9429c119""",
Co,2,"=""241.7694""","=""""","=""241.769416""","=""0.000014""","=""6400bl:""","=""3.6e+07""",D,"=""49348.304""","=""90697.464""","=""3d7.(4F).4p""","=""z 3G*""","=""4""","=""3d7.(4F).4d""","=""e 5G""","=""5""",9,11,,"=""T6999""","=""L9429c119""",
Co,2,"=""241.84817""","=""0.00002""","=""241.848172""","=""0.000015""","=""24000""","=""2.7e+08""",C+,"=""31199.412""","=""72535.108""","=""3d7.(2D2).4s""","=""b 1D""","=""2""","=""3d7.(2D2).4p""","=""y 1F*""","=""3""",5,7,,"=""T6999""","=""L9429c118""",
Co,2,"=""241.85841""","=""0.00002""","=""241.858418""","=""0.000012""","=""35000""","=""4.3e+07""",D,"=""24074.420""","=""65408.365""","=""3d7.(4P).4s""","=""b 3P""","=""2""","=""3d7.(2P).4p""","=""z 3P*""","=""2""",5,5,,"=""T6999""","=""L9429c118""",
Co,2,"=""241.86805""","=""0.00006""","=""241.86810""","=""0.00003""","=""350""","=""1.1e+08""",D,"=""63344.333""","=""104676.623""","=""3d7.(4P).4p""","=""z 5P*""","=""3""","=""3d7.(4P).4d""","=""5P""","=""2""",7,5,,"=""T6999""","=""L9429c118""",
Co,2,"=""241.96044""","=""0.00012""","=""241.960358""","=""0.000018""","=""320""","=""9.e+06""",D,"=""50036.348""","=""91352.880""","=""3d7.(4F).4p""","=""z 3G*""","=""3""","=""3d7.(4F).4d""","=""e 5G""","=""4""",7,9,,"=""T6999""","=""L9429c118""",
Co,2,"=""241.9798""","=""0.0010""","=""241.9801""","=""0.0005""","=""1900""","=""2.1e+06""",D,"=""41314.150""","=""82627.31""","=""3d6.4s2""","=""a 5D""","=""3""","=""3d6.(5D).4s.4p""","=""y 5F*""","=""3""",7,7,,"=""T6999""","=""L4687c119""",
Co,2,"=""242.07280""","=""0.00002""","=""242.072800""","=""0.000012""","=""160000""","=""2.2e+08""",C+,"=""22009.344""","=""63306.686""","=""3d7.(2G).4s""","=""a 3G""","=""4""","=""3d7.(2G).4p""","=""z 3H*""","=""5""",9,11,,"=""T6999""","=""L9429c118""",
Co,2,"=""242.11021""","=""0.00006""","=""242.11045""","=""0.00004""","=""110""","=""7.e+06""",D,"=""71702.960""","=""112993.881""","=""3d7.(2H).4p""","=""y 3H*""","=""5""","=""3d7.(2H).4d""","=""3G""","=""5""",11,11,,"=""T6999""","=""L9429c118""",
Co,2,"=""242.14153""","=""0.00006""","=""242.141571""","=""0.000024""","=""290""","=""1.4e+07""",D,"=""50381.724""","=""91667.338""","=""3d7.(4F).4p""","=""z 3F*""","=""3""","=""3d7.(4F).4d""","=""e 5G""","=""3""",7,7,,"=""T6999""","=""L9429c118""",
Co,2,"=""242.2031""","=""0.0010""","=""242.2025""","=""0.0007""","=""7600""","=""1.2e+07""",D,"=""40695.028""","=""81970.25""","=""3d6.4s2""","=""a 5D""","=""4""","=""3d6.(5D).4s.4p""","=""y 5F*""","=""5""",9,11,,"=""T6999""","=""L4687c119""",
Co,2,"=""242.28620""","=""0.00007""","=""242.28618""","=""0.00003""","=""280""","=""5.e+06""",D,"=""65657.249""","=""106918.224""","=""3d7.(4P).4p""","=""y 3P*""","=""1""","=""3d7.(4P).4d""","=""3P""","=""2""",3,5,,"=""T6999""","=""L9429c118""",
Co,2,"=""242.30520""","=""0.00003""","=""242.305182""","=""0.000024""","=""950""","=""1.4e+08""",D,"=""65657.249""","=""106914.988""","=""3d7.(4P).4p""","=""y 3P*""","=""1""","=""3d7.(4P).4d""","=""3P""","=""0""",3,1,,"=""T6999""","=""L9429c118""",
Co,2,"=""242.36239""","=""0.00002""","=""242.362385""","=""0.000014""","=""7300""","=""2.1e+07""",C,"=""5204.698""","=""46452.700""","=""3d7.(4F).4s""","=""a 5F""","=""1""","=""3d7.(4F).4p""","=""z 5F*""","=""2""",3,5,,"=""T6135""","=""L9429c118""",
Co,2,"=""242.37550""","=""0.00002""","=""242.375501""","=""0.000014""","=""28000""","=""8.e+07""",D,"=""24411.479""","=""65657.249""","=""3d7.(4P).4s""","=""b 3P""","=""0""","=""3d7.(4P).4p""","=""y 3P*""","=""1""",1,3,,"=""T6999""","=""L9429c118""",
Co,2,"=""242.38241""","=""0.00002""","=""242.382324""","=""0.000018""","=""12000*""","=""1.1e+08""",D,"=""24267.382""","=""65511.991""","=""3d7.(4P).4s""","=""b 3P""","=""1""","=""3d7.(4P).4p""","=""y 3P*""","=""0""",3,1,,"=""T6999""","=""L9429c118""",
Co,2,"=""242.38241""","=""0.00002""","=""242.383741""","=""0.000018""","=""12000*""","=""2.3e+06""",D,"=""28111.872""","=""69356.240""","=""3d7.(2D2).4s""","=""a 3D""","=""2""","=""3d7.(2H).4p""","=""x 3G*""","=""3""",5,7,,"=""T6999""","=""L9429c118""",
Co,2,"=""242.41922""","=""0.00012""","=""242.419244""","=""0.000024""","=""570""","=""3.0e+07""",D,"=""73147.041""","=""114385.369""","=""3d7.(2H).4p""","=""y 1G*""","=""4""","=""3d7.(2D2).4d""","=""1F""","=""3""",9,7,,"=""T6999""","=""L9429c118""",
Co,2,"=""242.47010""","=""0.00003""","=""242.470090""","=""0.000018""","=""1100""","=""3.6e+07""",D,"=""73147.041""","=""114376.722""","=""3d7.(2H).4p""","=""y 1G*""","=""4""","=""3d7.(2H).4d""","=""3I""","=""5""",9,11,,"=""T6999""","=""L9429c118""",
Co,2,"=""242.48150""","=""0.00008""","=""242.48161""","=""0.00004""","=""350""","=""5.e+07""",D,"=""70265.915""","=""111493.638""","=""3d7.(2P).4p""","=""y 3S*""","=""1""","=""3d7.(2P).4d""","=""3F""","=""2""",3,5,,"=""T6999""","=""L9429c118""",
Co,1,"=""242.493""","=""""","=""242.4932""","=""""","=""4100""","=""3.2e+08""",C,"=""0.00""","=""41225.76""","=""3p6.3d7.4s2""","=""a 4F""","=""9/2""","=""3p6.3d7.(4F).4s.4p.(1P*)""","=""x 4F*""","=""9/2""",10,10,,"=""T4223""","=""L3475""",
Co,2,"=""242.52785""","=""0.00005""","=""242.52788""","=""0.00004""","=""310""","=""1.2e+08""",D,"=""63367.333""","=""104587.191""","=""3d7.(4P).4p""","=""z 5P*""","=""2""","=""3d7.(4P).4d""","=""5P""","=""1""",5,3,,"=""T6999""","=""L9429c118""",
Co,2,"=""242.61334""","=""0.00003""","=""242.613163""","=""0.000024""","=""8900*""","=""1.6e+07""",D,"=""27105.744""","=""68311.113""","=""3d7.(2H).4s""","=""a 3H""","=""6""","=""3d7.(2H).4p""","=""z 3I*""","=""6""",13,13,,"=""T6999""","=""L9429c118""",
Co,2,"=""242.61334""","=""0.00003""","=""242.614129""","=""0.000018""","=""8900*""","=""1.7e+07""",D,"=""28111.872""","=""69317.077""","=""3d7.(2D2).4s""","=""a 3D""","=""2""","=""3d7.(2D2).4p""","=""w 3D*""","=""1""",5,3,,"=""T6999""","=""L9429c118""",
Co,2,"=""242.62302""","=""0.00005""","=""242.62291""","=""0.00006""","=""700""","=""7.e+07""",D,"=""72654.127""","=""113857.840""","=""3d7.(2D2).4p""","=""y 1D*""","=""2""","=""3d7.(2D2).4d""","=""1P""","=""1""",5,3,,"=""T6999""","=""L9429c118""",
Co,2,"=""242.70518""","=""0.00002""","=""242.705162""","=""0.000018""","=""5700""","=""3.4e+06""",D,"=""64401.359""","=""105591.110""","=""3d7.(2G).4p""","=""z 1G*""","=""4""","=""3d6.4s2""","=""1G1""","=""4""",9,9,,"=""T6999""","=""L9429c118""",
Co,3,"=""""","=""""","=""242.8134""","=""0.0008""","=""""","=""1.20e+01""",C,"=""15202.56""","=""56373.944""","=""3d7""","=""a 4P""","=""5/2""","=""3d6.(5D).4s""","=""a 4D""","=""5/2""",6,6,E2,"=""u37""","=""""",
Co,2,"=""242.82912""","=""0.00003""","=""242.829139""","=""0.000018""","=""5700""","=""7.4e+06""",B+,"=""4028.988""","=""45197.711""","=""3d7.(4F).4s""","=""a 5F""","=""4""","=""3d7.(4F).4p""","=""z 5F*""","=""5""",9,11,,"=""T4776""","=""L9429c118""",
Co,2,"=""242.83695""","=""0.00007""","=""242.83704""","=""0.00005""","=""170""","=""1.0e+07""",D,"=""72654.127""","=""113821.511""","=""3d7.(2D2).4p""","=""y 1D*""","=""2""","=""3d7.(2D2).4d""","=""3F""","=""2""",5,5,,"=""T6999""","=""L9429c118""",
Co,1,"=""""","=""""","=""242.9226""","=""""","=""""","=""4.7e+06""",D,"=""816.00""","=""41968.89""","=""3p6.3d7.4s2""","=""a 4F""","=""7/2""","=""3p6.3d8.(3P).4p""","=""z 4P*""","=""5/2""",8,6,,"=""T4223""","=""""",
Co,2,"=""242.99287""","=""0.00002""","=""242.992883""","=""0.000011""","=""14000""","=""3.4e+07""",D,"=""24267.382""","=""65408.365""","=""3d7.(4P).4s""","=""b 3P""","=""1""","=""3d7.(2P).4p""","=""z 3P*""","=""2""",3,5,,"=""T6999""","=""L9429c118""",
Co,2,"=""243.05035""","=""0.00005""","=""243.050406""","=""0.000015""","=""1300""","=""2.3e+06""",D,"=""24886.400""","=""66017.647""","=""3d7.(2P).4s""","=""c 3P""","=""2""","=""3d7.(2G).4p""","=""z 1F*""","=""3""",5,7,,"=""T6999""","=""L9429c118""",
Co,2,"=""243.13785""","=""0.00002""","=""243.137840""","=""0.000018""","=""1700""","=""6.e+07""",D,"=""73144.338""","=""114260.795""","=""3d7.(2D2).4p""","=""x 3P*""","=""1""","=""3d7.(2D2).4d""","=""3D""","=""2""",3,5,,"=""T6999""","=""L9429c118""",
Co,2,"=""""","=""""","=""243.138857""","=""0.000013""","=""m(Co II)""","=""1.7e+06""",D,"=""49348.304""","=""90464.589""","=""3d7.(4F).4p""","=""z 3G*""","=""4""","=""3d7.(4F).4d""","=""e 5P""","=""3""",9,7,,"=""T6999""","=""L4687""",
Co,2,"=""243.19041""","=""0.00006""","=""243.19024""","=""0.00005""","=""260""","=""1.4e+07""",D,"=""73144.338""","=""114251.937""","=""3d7.(2D2).4p""","=""x 3P*""","=""1""","=""3d7.(2D2).4d""","=""3S""","=""1""",3,3,,"=""T6999""","=""L9429c118""",
Co,1,"=""243.221""","=""""","=""243.2209""","=""""","=""3300""","=""2.6e+08""",D,"=""816.00""","=""41918.41""","=""3p6.3d7.4s2""","=""a 4F""","=""7/2""","=""3p6.3d7.(4F).4s.4p.(1P*)""","=""x 4F*""","=""7/2""",8,8,,"=""T4223""","=""L3475""",
Co,2,"=""243.25137""","=""0.00002""","=""243.251373""","=""0.000024""","=""130000""","=""3.0e+08""",C+,"=""27105.744""","=""68203.012""","=""3d7.(2H).4s""","=""a 3H""","=""6""","=""3d7.(2H).4p""","=""x 3G*""","=""5""",13,11,,"=""T6999""","=""L9429c118""",
Co,2,"=""243.26035""","=""0.00003""","=""243.260365""","=""0.000013""","=""9500""","=""1.8e+07""",D,"=""22414.431""","=""63510.180""","=""3d7.(2G).4s""","=""a 3G""","=""3""","=""3d7.(2G).4p""","=""y 3F*""","=""4""",7,9,,"=""T6999""","=""L9429c118""",
Co,2,"=""243.27190""","=""0.00009""","=""243.27217""","=""0.00004""","=""110""","=""1.0e+07""",D,"=""65408.365""","=""106502.120""","=""3d7.(2P).4p""","=""z 3P*""","=""2""","=""3d7.(4P).4d""","=""3F""","=""2""",5,5,,"=""T6999""","=""L9429c118""",
Co,2,"=""243.2838""","=""0.0010""","=""243.2839""","=""0.0012""","=""1200""","=""2.9e+06""",D,"=""41738.15""","=""82829.93""","=""3d6.4s2""","=""a 5D""","=""2""","=""3d6.(5D).4s.4p""","=""y 5F*""","=""2""",5,5,,"=""T6999""","=""L4687c119""",
Co,2,"=""243.30493""","=""0.00015""","=""243.305003""","=""0.000018""","=""230""","=""4.0e+06""",D,"=""67824.389""","=""108912.599""","=""3d7.(2P).4p""","=""x 3D*""","=""1""","=""3d7.(2G).4d""","=""1D""","=""2""",3,5,,"=""T6999""","=""L9429c118""",
Co,2,"=""243.40533""","=""0.00005""","=""243.405404""","=""0.000024""","=""470""","=""5.0e+06""",D,"=""71846.441""","=""112917.704""","=""3d7.(2D2).4p""","=""x 3P*""","=""2""","=""3d7.(4F).5d""","=""5G""","=""2""",5,5,,"=""T6999""","=""L9429c118""",
Co,2,"=""243.43329""","=""0.00002""","=""243.433293""","=""0.000018""","=""3100""","=""1.2e+08""",D,"=""70265.915""","=""111332.473""","=""3d7.(2P).4p""","=""y 3S*""","=""1""","=""3d7.(2P).4d""","=""3P""","=""2""",3,5,,"=""T6999""","=""L9429c118""",
Co,2,"=""243.49840""","=""0.00004""","=""243.498372""","=""0.000010""","=""630""","=""2.0e+07""",D,"=""49697.683""","=""90753.266""","=""3d7.(4F).4p""","=""z 3F*""","=""4""","=""3d7.(4F).4d""","=""f 5F""","=""3""",9,7,,"=""T6999""","=""L9429c118""",
Co,1,"=""""","=""""","=""243.5823""","=""""","=""""","=""1.9e+06""",D,"=""0.00""","=""41041.43""","=""3p6.3d7.4s2""","=""a 4F""","=""9/2""","=""3p6.3d7.(4P).4s.4p.(3P*)""","=""6P*""","=""7/2""",10,8,,"=""T4223""","=""""",
Co,2,"=""243.63029""","=""0.00003""","=""243.630275""","=""0.000024""","=""2300""","=""6.e+06""",D,"=""11651.277""","=""52684.634""","=""3d8""","=""a 1D""","=""2""","=""3d7.(4F).4p""","=""z 3D*""","=""1""",5,3,,"=""T6999""","=""L9429c118""",
Co,2,"=""243.6544""","=""0.0010""","=""243.6559""","=""0.0006""","=""3500""","=""9.e+06""",D,"=""41314.150""","=""82343.19""","=""3d6.4s2""","=""a 5D""","=""3""","=""3d6.(5D).4s.4p""","=""y 5F*""","=""4""",7,9,,"=""T6999""","=""L4687c119""",
Co,1,"=""243.666""","=""""","=""243.6657""","=""""","=""2900""","=""2.6e+08""",D,"=""1406.84""","=""42434.23""","=""3p6.3d7.4s2""","=""a 4F""","=""5/2""","=""3p6.3d7.(4F).4s.4p.(1P*)""","=""x 4F*""","=""5/2""",6,6,,"=""T4223""","=""L3475""",
Co,2,"=""243.69789""","=""0.00002""","=""243.697884""","=""0.000018""","=""7200""","=""1.40e+07""",B,"=""4950.062""","=""45972.036""","=""3d7.(4F).4s""","=""a 5F""","=""2""","=""3d7.(4F).4p""","=""z 5F*""","=""3""",5,7,,"=""T4776""","=""L9429c118""",
Co,2,"=""243.75038""","=""0.00010""","=""243.75072""","=""0.00003""","=""88""","=""1.9e+06""",D,"=""50036.348""","=""91049.431""","=""3d7.(4F).4p""","=""z 3G*""","=""3""","=""3d7.(4F).4d""","=""e 5D""","=""4""",7,9,,"=""T6999""","=""L9429c118""",
Co,2,"=""243.76061""","=""0.00005""","=""243.76054""","=""0.00003""","=""220""","=""6.e+07""",D,"=""63665.192""","=""104676.623""","=""3d7.(4P).4p""","=""z 5P*""","=""1""","=""3d7.(4P).4d""","=""5P""","=""2""",3,5,,"=""T6999""","=""L9429c118""",
Co,2,"=""243.78282""","=""0.00010""","=""243.782651""","=""0.000024""","=""120""","=""5.0e+06""",D,"=""51512.268""","=""92519.979""","=""3d7.(4F).4p""","=""z 3D*""","=""3""","=""3d7.(4F).4d""","=""e 3G""","=""3""",7,7,,"=""T6999""","=""L9429c118""",
Co,2,"=""243.82980""","=""0.00002""","=""243.829806""","=""0.000018""","=""2200""","=""6.4e+07""",C+,"=""49697.683""","=""90697.464""","=""3d7.(4F).4p""","=""z 3F*""","=""4""","=""3d7.(4F).4d""","=""e 5G""","=""5""",9,11,,"=""T6999""","=""L9429c118""",
Co,2,"=""243.84535""","=""0.00005""","=""243.845526""","=""0.000018""","=""270""","=""3.4e+06""",D,"=""29268.777""","=""70265.915""","=""3d7.(2D2).4s""","=""a 3D""","=""1""","=""3d7.(2P).4p""","=""y 3S*""","=""1""",3,3,,"=""T6999""","=""L9429c118""",
Co,2,"=""243.86524""","=""0.00011""","=""243.865455""","=""0.000018""","=""280""","=""1.0e+07""",D,"=""52684.634""","=""93678.422""","=""3d7.(4F).4p""","=""z 3D*""","=""1""","=""3d7.(4F).4d""","=""e 3P""","=""2""",3,5,,"=""T6999""","=""L9429c118""",
Co,3,"=""243.880""","=""0.002""","=""243.88203""","=""0.00012""","=""180""","=""5.5e+06""",D+,"=""86328.378""","=""127319.380""","=""3d6.(1G2).4s""","=""c 2G""","=""7/2""","=""3d6.(3H).4p""","=""z 2G*""","=""7/2""",8,8,,"=""u37""","=""L3537c164""",
Co,1,"=""243.905""","=""""","=""243.9038""","=""""","=""2400""","=""2.7e+08""",C,"=""1809.33""","=""42796.67""","=""3p6.3d7.4s2""","=""a 4F""","=""3/2""","=""3p6.3d7.(4F).4s.4p.(1P*)""","=""x 4F*""","=""3/2""",4,4,,"=""T4223""","=""L3475""",
Co,3,"=""""","=""""","=""243.9322""","=""0.0013""","=""""","=""4.7e+00""",C,"=""15812.37""","=""56794.941""","=""3d7""","=""a 4P""","=""1/2""","=""3d6.(5D).4s""","=""a 4D""","=""3/2""",2,4,E2,"=""u37""","=""""",
Co,2,"=""244.00017""","=""0.00003""","=""244.000173""","=""0.000018""","=""780""","=""3.1e+07""",D,"=""50381.724""","=""91352.880""","=""3d7.(4F).4p""","=""z 3F*""","=""3""","=""3d7.(4F).4d""","=""e 5G""","=""4""",7,9,,"=""T6999""","=""L9429c118""",
Co,2,"=""244.0148""","=""0.0015""","=""244.01829""","=""0.00006""","=""3500D*""","=""3.e+05""",E,"=""45972.036""","=""86940.150""","=""3d7.(4F).4p""","=""z 5F*""","=""3""","=""3d7.(4F).5s""","=""e 3F""","=""2""",7,5,,"=""T6999""","=""L4687c119""",
Co,2,"=""244.0148""","=""0.0015""","=""244.019263""","=""0.000013""","=""3500D*""","=""7.e+05""",E,"=""45378.754""","=""86346.705""","=""3d7.(4F).4p""","=""z 5F*""","=""4""","=""3d7.(4F).5s""","=""e 3F""","=""3""",9,7,,"=""T6999""","=""L4687c119""",
Co,2,"=""244.07809""","=""0.00003""","=""244.078136""","=""0.000024""","=""940""","=""3.2e+07""",D,"=""72008.912""","=""112966.982""","=""3d7.(2H).4p""","=""y 3H*""","=""4""","=""3d7.(2H).4d""","=""1F""","=""3""",9,7,,"=""T6999""","=""L9429c118""",
Co,2,"=""244.1201""","=""0.0015""","=""244.1181""","=""0.0015""","=""4600d*""","=""3.4e+06""",D,"=""42008.63""","=""82960.0""","=""3d6.4s2""","=""a 5D""","=""1""","=""3d6.(5D).4s.4p""","=""y 5F*""","=""1""",3,3,,"=""T6999""","=""L4687c119""",
Co,2,"=""244.1201""","=""0.0015""","=""244.119688""","=""0.000018""","=""4700d*""","=""2.8e+06""",D,"=""67524.021""","=""108475.120""","=""3d7.(2P).4p""","=""x 3D*""","=""3""","=""3d7.(2G).4d""","=""3F""","=""4""",7,9,,"=""T6999""","=""L4687c119""",
Co,2,"=""244.13780""","=""0.00007""","=""244.137801""","=""0.000018""","=""270""","=""9.e+05""",E,"=""28111.872""","=""69059.933""","=""3d7.(2D2).4s""","=""a 3D""","=""2""","=""3d7.(2D2).4p""","=""w 3D*""","=""3""",5,7,,"=""T6999""","=""L9429c118""",
Co,2,"=""244.17100""","=""0.00003""","=""244.170993""","=""0.000015""","=""9400""","=""4.1e+07""",D,"=""24074.420""","=""65016.915""","=""3d7.(4P).4s""","=""b 3P""","=""2""","=""3d7.(2G).4p""","=""y 3F*""","=""2""",5,5,,"=""T6999""","=""L9429c118""",
Co,2,"=""244.17834""","=""0.00008""","=""244.17832""","=""0.00003""","=""1600""","=""5.1e+06""",D,"=""27902.161""","=""68843.428""","=""3d7.(2H).4s""","=""a 3H""","=""4""","=""3d7.(2H).4p""","=""x 3G*""","=""4""",9,9,,"=""T6999""","=""L9429c118""",
Co,3,"=""244.2462""","=""0.0006""","=""244.2498""","=""0.0015""","=""110""","=""8.e+06""",D+,"=""112111.42""","=""153040.7""","=""3d6.(3F1).4s""","=""d 2F""","=""7/2""","=""3d6.(1F).4p""","=""v 2D*""","=""5/2""",8,6,,"=""u37""","=""L19543c139""",
Co,2,"=""244.26172""","=""0.00002""","=""244.261713""","=""0.000024""","=""100000""","=""3.0e+08""",C+,"=""27902.161""","=""68829.451""","=""3d7.(2H).4s""","=""a 3H""","=""4""","=""3d7.(2H).4p""","=""z 3I*""","=""5""",9,11,,"=""T6999""","=""L9429c118""",
Co,2,"=""244.37765""","=""0.00002""","=""244.377027""","=""0.000018""","=""34000*""","=""9.e+06""",D,"=""65408.365""","=""106316.344""","=""3d7.(2P).4p""","=""z 3P*""","=""2""","=""3d7.(4P).4d""","=""3F""","=""3""",5,7,,"=""T6999""","=""L9429c118""",
Co,2,"=""244.37765""","=""0.00002""","=""244.377708""","=""0.000018""","=""34000*""","=""3.2e+07""",C,"=""11321.860""","=""52229.725""","=""3d7.(4F).4s""","=""b 3F""","=""2""","=""3d7.(4F).4p""","=""z 3D*""","=""2""",5,5,,"=""T6135""","=""L9429c118""",
Co,2,"=""244.4884""","=""0.0010""","=""244.4895""","=""0.0006""","=""3400""","=""7.e+06""",D,"=""41738.15""","=""82627.31""","=""3d6.4s2""","=""a 5D""","=""2""","=""3d6.(5D).4s.4p""","=""y 5F*""","=""3""",5,7,,"=""T6999""","=""L4687c119""",
Co,2,"=""244.60165""","=""0.00002""","=""244.601657""","=""0.000012""","=""150000""","=""2.4e+08""",C+,"=""25147.233""","=""66017.647""","=""3d7.(2G).4s""","=""b 1G""","=""4""","=""3d7.(2G).4p""","=""z 1F*""","=""3""",9,7,,"=""T6999""","=""L9429c118""",
Co,2,"=""244.60954""","=""0.00002""","=""244.60958""","=""0.00003""","=""2400""","=""1.32e+08""",C+,"=""72654.127""","=""113523.218""","=""3d7.(2D2).4p""","=""y 1D*""","=""2""","=""3d7.(2D2).4d""","=""3D""","=""3""",5,7,,"=""T6999""","=""L9429c118""",
Co,2,"=""244.63531""","=""0.00011""","=""244.635257""","=""0.000018""","=""220""","=""1.6e+06""",D,"=""67524.021""","=""108388.822""","=""3d7.(2P).4p""","=""x 3D*""","=""3""","=""3d7.(2G).4d""","=""3H""","=""4""",7,9,,"=""T6999""","=""L9429c118""",
Co,2,"=""244.66765""","=""0.00007""","=""244.667644""","=""0.000018""","=""100""","=""1.4e+07""",D,"=""65657.249""","=""106516.641""","=""3d7.(4P).4p""","=""y 3P*""","=""1""","=""3d7.(4P).4d""","=""5D""","=""1""",3,3,,"=""T6999""","=""L9429c118""",
Co,2,"=""244.72309""","=""0.00005""","=""244.72307""","=""0.00004""","=""620""","=""6.e+07""",D,"=""70857.053""","=""111707.192""","=""3d7.(2P).4p""","=""z 1P*""","=""1""","=""3d7.(2P).4d""","=""1P""","=""1""",3,3,,"=""T6999""","=""L9429c118""",
Co,2,"=""244.77110""","=""0.00002""","=""244.771091""","=""0.000018""","=""110000""","=""2.3e+08""",C+,"=""27468.988""","=""68311.113""","=""3d7.(2H).4s""","=""a 3H""","=""5""","=""3d7.(2H).4p""","=""z 3I*""","=""6""",11,13,,"=""T6999""","=""L9429c118""",
Co,2,"=""244.78257""","=""0.00002""","=""244.782569""","=""0.000012""","=""50000""","=""1.5e+08""",C+,"=""24074.420""","=""64914.630""","=""3d7.(4P).4s""","=""b 3P""","=""2""","=""3d7.(4P).4p""","=""y 3P*""","=""2""",5,5,,"=""T6999""","=""L9429c118""",
Co,2,"=""244.80481""","=""0.00009""","=""244.804983""","=""0.000018""","=""160""","=""7.e+05""",D,"=""30567.173""","=""71403.644""","=""3d7.(2H).4s""","=""a 1H""","=""5""","=""3d7.(2H).4p""","=""y 3H*""","=""6""",11,13,,"=""T6999""","=""L9429c118""",
Co,2,"=""244.86965""","=""0.00019""","=""244.869910""","=""0.000024""","=""140""","=""1.4e+07""",D,"=""63586.987""","=""104412.631""","=""3d7.(4P).4p""","=""y 3D*""","=""3""","=""3d7.(2P).5s""","=""3P""","=""2""",7,5,,"=""T6999""","=""L9429c118""",
Co,2,"=""244.91599""","=""0.00002""","=""244.915980""","=""0.000024""","=""5300""","=""7.1e+06""",B,"=""4560.789""","=""45378.754""","=""3d7.(4F).4s""","=""a 5F""","=""3""","=""3d7.(4F).4p""","=""z 5F*""","=""4""",7,9,,"=""T4776""","=""L9429c118""",
Co,2,"=""244.99295""","=""0.00007""","=""244.993203""","=""0.000013""","=""530""","=""3.2e+07""",D,"=""51512.268""","=""92317.368""","=""3d7.(4F).4p""","=""z 3D*""","=""3""","=""3d7.(4F).4d""","=""e 5D""","=""2""",7,5,,"=""T6999""","=""L9429c118""",
Co,2,"=""245.00018""","=""0.00002""","=""245.000186""","=""0.000011""","=""40000""","=""3.9e+07""",C,"=""10708.331""","=""51512.268""","=""3d7.(4F).4s""","=""b 3F""","=""3""","=""3d7.(4F).4p""","=""z 3D*""","=""3""",7,7,,"=""T6135""","=""L9429c118""",
Co,2,"=""245.14756""","=""0.00003""","=""245.14758""","=""0.00004""","=""930""","=""4.8e+07""",D,"=""73472.531""","=""114251.937""","=""3d7.(2D2).4p""","=""x 3P*""","=""0""","=""3d7.(2D2).4d""","=""3S""","=""1""",1,3,,"=""T6999""","=""L9429c118""",
Co,2,"=""245.16238""","=""0.00011""","=""245.16205""","=""0.00007""","=""220""","=""8.e+06""",D,"=""72654.127""","=""113431.126""","=""3d7.(2D2).4p""","=""y 1D*""","=""2""","=""3d7.(4F).5d""","=""3P""","=""1""",5,3,,"=""T6999""","=""L9429c118""",
Co,2,"=""245.19879""","=""0.00016""","=""245.199033""","=""0.000018""","=""1200""","=""8.e+05""",E,"=""24886.400""","=""65657.249""","=""3d7.(2P).4s""","=""c 3P""","=""2""","=""3d7.(4P).4p""","=""y 3P*""","=""1""",5,3,,"=""T6999""","=""L9429c118""",
Co,3,"=""245.2203""","=""0.0006""","=""245.22116""","=""0.00014""","=""92""","=""1.0e+07""",D+,"=""86285.104""","=""127052.274""","=""3d6.(1G2).4s""","=""c 2G""","=""9/2""","=""3d6.(3H).4p""","=""z 2G*""","=""9/2""",10,10,,"=""u37""","=""L19543c139""",
Co,2,"=""245.25752""","=""0.00003""","=""245.257502""","=""0.000011""","=""2400""","=""1.6e+07""",D,"=""24267.382""","=""65028.512""","=""3d7.(4P).4s""","=""b 3P""","=""1""","=""3d7.(2P).4p""","=""z 3P*""","=""1""",3,3,,"=""T6999""","=""L9429c118""",
Co,2,"=""245.30622""","=""0.00008""","=""245.306355""","=""0.000024""","=""310""","=""1.1e+07""",D,"=""50914.325""","=""91667.338""","=""3d7.(4F).4p""","=""z 3F*""","=""2""","=""3d7.(4F).4d""","=""e 5G""","=""3""",5,7,,"=""T6999""","=""L9429c118""",
Co,2,"=""245.32719""","=""0.00014""","=""245.327306""","=""0.000018""","=""1100""","=""5.e+06""",D,"=""24267.382""","=""65016.915""","=""3d7.(4P).4s""","=""b 3P""","=""1""","=""3d7.(2G).4p""","=""y 3F*""","=""2""",3,5,,"=""T6999""","=""L9429c118""",
Co,2,"=""245.42073""","=""0.00003""","=""245.420718""","=""0.000018""","=""1300""","=""3.0e+06""",D,"=""27468.988""","=""68203.012""","=""3d7.(2H).4s""","=""a 3H""","=""5""","=""3d7.(2H).4p""","=""x 3G*""","=""5""",11,11,,"=""T6999""","=""L9429c118""",
Co,3,"=""""","=""""","=""245.5086""","=""0.0015""","=""""","=""9.2e+00""",C,"=""16979.56""","=""57699.0""","=""3d7""","=""a 2G""","=""9/2""","=""3d7""","=""b 2D1""","=""5/2""",10,6,E2,"=""u37""","=""""",
Co,2,"=""245.51218""","=""0.00008""","=""245.512254""","=""0.000024""","=""90""","=""6.e+06""",D,"=""72535.108""","=""113253.946""","=""3d7.(2D2).4p""","=""y 1F*""","=""3""","=""3d7.(2D2).4d""","=""3F""","=""4""",7,9,,"=""T6999""","=""L9429c118""",
Co,2,"=""245.52001""","=""0.00003""","=""245.520014""","=""0.000018""","=""1700""","=""5.2e+07""",D,"=""73147.041""","=""113864.592""","=""3d7.(2H).4p""","=""y 1G*""","=""4""","=""3d7.(2H).4d""","=""1H""","=""5""",9,11,,"=""T6999""","=""L9429c118""",
Co,2,"=""245.54444""","=""0.00003""","=""245.544433""","=""0.000024""","=""1100""","=""1.2e+08""",D,"=""73144.338""","=""113857.840""","=""3d7.(2D2).4p""","=""x 3P*""","=""1""","=""3d7.(2D2).4d""","=""1P""","=""1""",3,3,,"=""T6999""","=""L9429c118""",
Co,2,"=""245.76378""","=""0.00006""","=""245.763746""","=""0.000024""","=""460""","=""1.5e+07""",D,"=""73144.338""","=""113821.511""","=""3d7.(2D2).4p""","=""x 3P*""","=""1""","=""3d7.(2D2).4d""","=""3F""","=""2""",3,5,,"=""T6999""","=""L9429c118""",
Co,2,"=""245.82084""","=""0.00007""","=""245.82096""","=""0.00003""","=""290""","=""8.e+06""",D,"=""50381.724""","=""91049.431""","=""3d7.(4F).4p""","=""z 3F*""","=""3""","=""3d7.(4F).4d""","=""e 5D""","=""4""",7,9,,"=""T6999""","=""L9429c118""",
Co,2,"=""245.88825""","=""0.00013""","=""245.88825""","=""0.00005""","=""210""","=""1.6e+06""",D,"=""72535.108""","=""113191.686""","=""3d7.(2D2).4p""","=""y 1F*""","=""3""","=""""","=""113191""","=""3""",7,7,,"=""T6999""","=""L9429c118""",
Co,2,"=""245.94528""","=""0.00002""","=""245.944694""","=""0.000014""","=""12000*""","=""2.2e+07""",D,"=""24267.382""","=""64914.630""","=""3d7.(4P).4s""","=""b 3P""","=""1""","=""3d7.(4P).4p""","=""y 3P*""","=""2""",3,5,,"=""T6999""","=""L9429c118""",
Co,2,"=""245.94528""","=""0.00002""","=""245.94602""","=""0.00006""","=""12000*""","=""5.3e+07""",D,"=""31199.412""","=""71846.441""","=""3d7.(2D2).4s""","=""b 1D""","=""2""","=""3d7.(2D2).4p""","=""x 3P*""","=""2""",5,5,,"=""T6999""","=""L9429c118""",
Co,2,"=""246.00922""","=""0.00004""","=""246.009234""","=""0.000018""","=""370""","=""1.5e+07""",D,"=""70857.053""","=""111493.638""","=""3d7.(2P).4p""","=""z 1P*""","=""1""","=""3d7.(2P).4d""","=""3F""","=""2""",3,5,,"=""T6999""","=""L9429c118""",
Co,2,"=""246.02721""","=""0.00007""","=""246.027138""","=""0.000024""","=""170""","=""2.9e+05""",E,"=""64957.482""","=""105591.110""","=""3d7.(2G).4p""","=""z 1H*""","=""5""","=""3d6.4s2""","=""1G1""","=""4""",11,9,,"=""T6999""","=""L9429c118""",
Co,1,"=""""","=""""","=""246.0800""","=""""","=""""","=""1.2e+07""",D,"=""1809.33""","=""42434.23""","=""3p6.3d7.4s2""","=""a 4F""","=""3/2""","=""3p6.3d7.(4F).4s.4p.(1P*)""","=""x 4F*""","=""5/2""",4,6,,"=""T4223""","=""""",
Co,2,"=""246.12765""","=""0.00003""","=""246.127665""","=""0.000014""","=""1600""","=""9.e+06""",D,"=""24411.479""","=""65028.512""","=""3d7.(4P).4s""","=""b 3P""","=""0""","=""3d7.(2P).4p""","=""z 3P*""","=""1""",1,3,,"=""T6999""","=""L9429c118""",
Co,2,"=""246.19052""","=""0.00022""","=""246.190440""","=""0.000024""","=""180""","=""1.6e+06""",D,"=""72008.912""","=""112615.589""","=""3d7.(2H).4p""","=""y 3H*""","=""4""","=""3d7.(4F).5d""","=""5G""","=""3""",9,7,,"=""T6999""","=""L9429c118""",
Co,3,"=""""","=""""","=""246.2197""","=""0.0008""","=""""","=""5.4e+00""",C,"=""37022.42""","=""77624.280""","=""3d7""","=""a 2F""","=""5/2""","=""3d6.(3H).4s""","=""b 2H""","=""9/2""",6,10,E2,"=""u37""","=""""",
Co,2,"=""246.24543""","=""0.00003""","=""246.245404""","=""0.000024""","=""1000""","=""2.2e+08""",D,"=""70265.915""","=""110863.529""","=""3d7.(2P).4p""","=""y 3S*""","=""1""","=""3d7.(2P).4d""","=""3P""","=""0""",3,1,,"=""T6999""","=""L9429c118""",
Co,2,"=""246.27024""","=""0.00003""","=""246.270234""","=""0.000018""","=""1400""","=""1.6e+08""",D,"=""70265.915""","=""110859.436""","=""3d7.(2P).4p""","=""y 3S*""","=""1""","=""3d7.(2P).4d""","=""3P""","=""1""",3,3,,"=""T6999""","=""L9429c118""",
Co,2,"=""246.31672""","=""0.00009""","=""246.316687""","=""0.000024""","=""150""","=""7.e+06""",D,"=""50381.724""","=""90967.590""","=""3d7.(4F).4p""","=""z 3F*""","=""3""","=""3d7.(4F).4d""","=""f 5F""","=""2""",7,5,,"=""T6999""","=""L9429c118""",
Co,2,"=""246.3319""","=""0.0010""","=""246.333100""","=""0.000014""","=""820""","=""6.e+05""",D,"=""49348.304""","=""89931.466""","=""3d7.(4F).4p""","=""z 3G*""","=""4""","=""3d7.(4F).4d""","=""f 5F""","=""5""",9,11,,"=""T6999""","=""L4687c119""",
Co,2,"=""246.35587""","=""0.00007""","=""246.35584""","=""0.00003""","=""230""","=""6.e+06""",D,"=""71846.441""","=""112425.857""","=""3d7.(2D2).4p""","=""x 3P*""","=""2""","=""3d7.(4F).5d""","=""3D""","=""2""",5,5,,"=""T6999""","=""L9429c118""",
Co,2,"=""246.36171""","=""0.00008""","=""246.361719""","=""0.000024""","=""230""","=""4.e+05""",E,"=""11651.277""","=""52229.725""","=""3d8""","=""a 1D""","=""2""","=""3d7.(4F).4p""","=""z 3D*""","=""2""",5,5,,"=""T6999""","=""L9429c118""",
Co,2,"=""246.36724""","=""0.00004""","=""246.367286""","=""0.000018""","=""580""","=""3.8e+07""",D,"=""73147.041""","=""113724.572""","=""3d7.(2H).4p""","=""y 1G*""","=""4""","=""3d7.(2H).4d""","=""3G""","=""3""",9,7,,"=""T6999""","=""L9429c118""",
Co,2,"=""246.41991""","=""0.00002""","=""246.419923""","=""0.000011""","=""25000""","=""6.0e+07""",B+,"=""9812.860""","=""50381.724""","=""3d7.(4F).4s""","=""b 3F""","=""4""","=""3d7.(4F).4p""","=""z 3F*""","=""3""",9,7,,"=""T6854""","=""L9429c118""",
Co,3,"=""""","=""""","=""246.4642""","=""0.0013""","=""""","=""7.0e+00""",C,"=""15812.37""","=""56373.944""","=""3d7""","=""a 4P""","=""1/2""","=""3d6.(5D).4s""","=""a 4D""","=""5/2""",2,6,E2,"=""u37""","=""""",
Co,2,"=""246.61042""","=""0.00012""","=""246.61023""","=""0.00007""","=""220""","=""3.7e+06""",D,"=""72654.127""","=""113191.686""","=""3d7.(2D2).4p""","=""y 1D*""","=""2""","=""""","=""113191""","=""3""",5,7,,"=""T6999""","=""L9429c118""",
Co,2,"=""246.64011""","=""0.00003""","=""246.640134""","=""0.000012""","=""890""","=""6.e+07""",D,"=""51512.268""","=""92044.913""","=""3d7.(4F).4p""","=""z 3D*""","=""3""","=""3d7.(4F).4d""","=""e 3D""","=""2""",7,5,,"=""T6999""","=""L9429c118""",
Co,3,"=""""","=""""","=""246.6751""","=""0.0009""","=""""","=""1.10e+01""",C,"=""15202.56""","=""55729.463""","=""3d7""","=""a 4P""","=""5/2""","=""3d6.(5D).4s""","=""a 4D""","=""7/2""",6,8,E2,"=""u37""","=""""",
Co,2,"=""246.70515""","=""0.00002""","=""246.705143""","=""0.000013""","=""61000""","=""1.5e+08""",C+,"=""24886.400""","=""65408.365""","=""3d7.(2P).4s""","=""c 3P""","=""2""","=""3d7.(2P).4p""","=""z 3P*""","=""2""",5,5,,"=""T6999""","=""L9429c118""",
Co,1,"=""""","=""""","=""246.7685""","=""""","=""""","=""7.0e+06""",D,"=""1406.84""","=""41918.41""","=""3p6.3d7.4s2""","=""a 4F""","=""5/2""","=""3p6.3d7.(4F).4s.4p.(1P*)""","=""x 4F*""","=""7/2""",6,8,,"=""T4223""","=""""",
Co,2,"=""246.8732""","=""0.0015""","=""246.874499""","=""0.000018""","=""100""","=""1.5e+06""",D,"=""50914.325""","=""91408.494""","=""3d7.(4F).4p""","=""z 3F*""","=""2""","=""3d7.(4F).4d""","=""e 3D""","=""3""",5,7,,"=""T6999""","=""L4687c119""",
Co,1,"=""""","=""""","=""247.0266""","=""""","=""""","=""1.5e+07""",D,"=""3482.82""","=""43952.06?""","=""3p6.3d8.(3F).4s""","=""b 4F""","=""9/2""","=""3p6.3d7.(2G).4s.4p.(3P*)""","=""w 4G*""","=""11/2""",10,12,,"=""T4223""","=""""",
Co,2,"=""247.1130""","=""0.0010""","=""247.113561""","=""0.000018""","=""480""","=""6.e+05""",E,"=""27484.373""","=""67939.370""","=""3d7.(2D2).4s""","=""a 3D""","=""3""","=""3d7.(2P).4p""","=""x 3D*""","=""2""",7,5,,"=""T6999""","=""L4687c119""",
Co,2,"=""247.16794""","=""0.00003""","=""247.167917""","=""0.000024""","=""1300""","=""4.8e+07""",D,"=""51512.268""","=""91958.369""","=""3d7.(4F).4p""","=""z 3D*""","=""3""","=""3d7.(4F).4d""","=""e 5D""","=""3""",7,7,,"=""T6999""","=""L9429c118""",
Co,2,"=""247.1766""","=""0.0015""","=""247.176681""","=""0.000024""","=""99""","=""5.2e+06""",D,"=""50914.325""","=""91358.992""","=""3d7.(4F).4p""","=""z 3F*""","=""2""","=""3d7.(4F).4d""","=""f 5F""","=""1""",5,3,,"=""T6999""","=""L4687c119""",
Co,2,"=""247.22311""","=""0.00004""","=""247.223128""","=""0.000018""","=""800""","=""5.e+05""",E,"=""65154.041""","=""105591.110""","=""3d7.(2G).4p""","=""y 3G*""","=""4""","=""3d6.4s2""","=""1G1""","=""4""",9,9,,"=""T6999""","=""L9429c118""",
Co,2,"=""247.25462""","=""0.00016""","=""247.254895""","=""0.000024""","=""92""","=""5.2e+06""",D,"=""72535.108""","=""112966.982""","=""3d7.(2D2).4p""","=""y 1F*""","=""3""","=""3d7.(2H).4d""","=""1F""","=""3""",7,7,,"=""T6999""","=""L9429c118""",
Co,2,"=""247.34809""","=""0.00006""","=""247.347602""","=""0.000024""","=""400i""","=""1.1e+07""",D,"=""51512.268""","=""91928.989""","=""3d7.(4F).4p""","=""z 3D*""","=""3""","=""3d7.(4F).4d""","=""e 5G""","=""2""",7,5,,"=""T6999""","=""L9429c118""",
Co,2,"=""247.53024""","=""0.00002""","=""247.530234""","=""0.000019""","=""13000""","=""3.0e+08""",C+,"=""74376.792""","=""114763.695""","=""3d7.(2H).4p""","=""y 1H*""","=""5""","=""3d7.(2H).4d""","=""1I""","=""6""",11,13,,"=""T6999""","=""L9429c118""",
Co,2,"=""247.60549""","=""0.00007""","=""247.605244""","=""0.000025""","=""520""","=""4.e+05""",E,"=""45972.036""","=""86346.705""","=""3d7.(4F).4p""","=""z 5F*""","=""3""","=""3d7.(4F).5s""","=""e 3F""","=""3""",7,7,,"=""T6999""","=""L9429c118""",
Co,2,"=""247.64483""","=""0.00004""","=""247.644643""","=""0.000025""","=""2900bl(Co I)""","=""8.e+06""",D,"=""29268.777""","=""69637.023""","=""3d7.(2D2).4s""","=""a 3D""","=""1""","=""3d7.(2D2).4p""","=""w 3D*""","=""2""",3,5,,"=""T6999""","=""L9429c118""",
Co,1,"=""""","=""""","=""247.6636""","=""""","=""""","=""2.2e+07""",D,"=""3482.82""","=""43847.98""","=""3p6.3d8.(3F).4s""","=""b 4F""","=""9/2""","=""3p6.3d7.(2G).4s.4p.(3P*)""","=""*""","=""7/2""",10,8,,"=""T4223""","=""""",
Co,2,"=""247.73065""","=""0.00002""","=""247.730650""","=""0.000019""","=""24000""","=""6.e+07""",D,"=""27585.138""","=""67939.370""","=""3d7.(2P).4s""","=""a 1P""","=""1""","=""3d7.(2P).4p""","=""x 3D*""","=""2""",3,5,,"=""T6999""","=""L9429c118""",
Co,2,"=""247.81971""","=""0.00002""","=""247.819703""","=""0.000014""","=""20000""","=""5.e+07""",D,"=""25317.517""","=""65657.249""","=""3d7.(2P).4s""","=""c 3P""","=""1""","=""3d7.(4P).4p""","=""y 3P*""","=""1""",3,3,,"=""T6999""","=""L9429c118""",
Co,2,"=""247.82945""","=""0.00002""","=""247.829453""","=""0.000019""","=""7300""","=""1.7e+08""",D,"=""24267.382""","=""64605.527""","=""3d7.(4P).4s""","=""b 3P""","=""1""","=""3d7.(2P).4p""","=""z 3P*""","=""0""",3,1,,"=""T6999""","=""L9429c118""",
Co,2,"=""247.87105""","=""0.00003""","=""247.87079""","=""0.00015""","=""2300*""","=""2.3e+08""",C+,"=""74522.916""","=""114854.335""","=""3d7.(2D2).4p""","=""y 1P*""","=""1""","=""3d7.(2D2).4d""","=""3D""","=""1""",3,3,,"=""T6999""","=""L9429c118""",
Co,2,"=""247.90537""","=""0.00002""","=""247.905358""","=""0.000019""","=""16000""","=""1.5e+08""",D,"=""27585.138""","=""67910.933""","=""3d7.(2P).4s""","=""a 1P""","=""1""","=""3d7.(2P).4p""","=""1S*""","=""0""",3,1,,"=""T6999""","=""L9429c118""",
Co,2,"=""247.98515""","=""0.00013""","=""247.98494""","=""0.00004""","=""240""","=""1.2e+07""",D,"=""72654.127""","=""112966.982""","=""3d7.(2D2).4p""","=""y 1D*""","=""2""","=""3d7.(2H).4d""","=""1F""","=""3""",5,7,,"=""T6999""","=""L9429c118""",
Co,3,"=""""","=""""","=""248.0585""","=""0.0009""","=""""","=""6.8e+00""",C,"=""15428.57""","=""55729.463""","=""3d7""","=""a 4P""","=""3/2""","=""3d6.(5D).4s""","=""a 4D""","=""7/2""",4,8,E2,"=""u37""","=""""",
Co,2,"=""248.14542""","=""0.00009""","=""248.14540""","=""0.00004""","=""180""","=""7.e+06""",D,"=""73144.338""","=""113431.126""","=""3d7.(2D2).4p""","=""x 3P*""","=""1""","=""3d7.(4F).5d""","=""3P""","=""1""",3,3,,"=""T6999""","=""L9429c118""",
Co,2,"=""248.16257""","=""0.00005""","=""248.162715""","=""0.000013""","=""260""","=""3.6e+06""",D,"=""45197.711""","=""85481.689""","=""3d7.(4F).4p""","=""z 5F*""","=""5""","=""3d7.(4F).5s""","=""e 3F""","=""4""",11,9,,"=""T6999""","=""L9429c118""",
Co,2,"=""248.28858""","=""0.00006""","=""248.28846""","=""0.00007""","=""330""","=""2.1e+06""",D,"=""72654.127""","=""112917.704""","=""3d7.(2D2).4p""","=""y 1D*""","=""2""","=""3d7.(4F).5d""","=""5G""","=""2""",5,5,,"=""T6999""","=""L9429c118""",
Co,2,"=""248.32658""","=""0.00016""","=""248.32619""","=""0.00003""","=""120""","=""2.2e+06""",D,"=""70265.915""","=""110523.375""","=""3d7.(2P).4p""","=""y 3S*""","=""1""","=""3d7.(2P).4d""","=""3D""","=""2""",3,5,,"=""T6999""","=""L9429c118""",
Co,2,"=""248.43855""","=""0.00003""","=""248.438574""","=""0.000019""","=""1700""","=""7.e+06""",D,"=""27585.138""","=""67824.389""","=""3d7.(2P).4s""","=""a 1P""","=""1""","=""3d7.(2P).4p""","=""x 3D*""","=""1""",3,3,,"=""T6999""","=""L9429c118""",
Co,2,"=""248.4722""","=""0.0015""","=""248.472341""","=""0.000011""","=""1900d""","=""1.3e+06""",D,"=""49697.683""","=""89931.466""","=""3d7.(4F).4p""","=""z 3F*""","=""4""","=""3d7.(4F).4d""","=""f 5F""","=""5""",9,11,,"=""T6999""","=""L4687c119""",
Co,2,"=""248.53592""","=""0.00003""","=""248.535940""","=""0.000013""","=""6400""","=""7.e+06""",D+,"=""9812.860""","=""50036.348""","=""3d7.(4F).4s""","=""b 3F""","=""4""","=""3d7.(4F).4p""","=""z 3G*""","=""3""",9,7,,"=""T6135""","=""L9429c118""",
Co,2,"=""248.64408""","=""0.00002""","=""248.644088""","=""0.000014""","=""21000""","=""6.2e+07""",B+,"=""10708.331""","=""50914.325""","=""3d7.(4F).4s""","=""b 3F""","=""3""","=""3d7.(4F).4p""","=""z 3F*""","=""2""",7,5,,"=""T6854""","=""L9429c118""",
Co,2,"=""248.6801""","=""0.0003""","=""248.67982""","=""0.00003""","=""76""","=""2.8e+06""",D,"=""67209.258""","=""107409.476""","=""3d7.(2P).4p""","=""z 1D*""","=""2""","=""3d7.(4P).4d""","=""3D""","=""2""",5,5,,"=""T6999""","=""L9429c118""",
Co,2,"=""248.71537""","=""0.00002""","=""248.715356""","=""0.000019""","=""19000""","=""1.8e+08""",D,"=""25317.517""","=""65511.991""","=""3d7.(2P).4s""","=""c 3P""","=""1""","=""3d7.(4P).4p""","=""y 3P*""","=""0""",3,1,,"=""T6999""","=""L9429c118""",
Co,2,"=""248.74058""","=""0.00007""","=""248.740520""","=""0.000019""","=""2100""","=""4.0e+06""",D,"=""11321.860""","=""51512.268""","=""3d7.(4F).4s""","=""b 3F""","=""2""","=""3d7.(4F).4p""","=""z 3D*""","=""3""",5,7,,"=""T6999""","=""L9429c118""",
Co,2,"=""248.76908""","=""0.00011""","=""248.768983""","=""0.000019""","=""120""","=""6.e+05""",E,"=""68203.012""","=""108388.822""","=""3d7.(2H).4p""","=""x 3G*""","=""5""","=""3d7.(2G).4d""","=""3H""","=""4""",11,9,,"=""T6999""","=""L9429c118""",
Co,2,"=""248.79064""","=""0.00002""","=""248.790616""","=""0.000016""","=""7900""","=""1.9e+08""",C+,"=""74376.792""","=""114559.108""","=""3d7.(2H).4p""","=""y 1H*""","=""5""","=""3d7.(2H).4d""","=""3H""","=""5""",11,11,,"=""T6999""","=""L9429c118""",
Co,2,"=""249.03978""","=""0.00003""","=""249.039807""","=""0.000013""","=""24000""","=""1.5e+08""",D,"=""24886.400""","=""65028.512""","=""3d7.(2P).4s""","=""c 3P""","=""2""","=""3d7.(2P).4p""","=""z 3P*""","=""1""",5,3,,"=""T6999""","=""L9429c118""",
Co,2,"=""249.11175""","=""0.00009""","=""249.111780""","=""0.000019""","=""600""","=""5.2e+06""",D,"=""24886.400""","=""65016.915""","=""3d7.(2P).4s""","=""c 3P""","=""2""","=""3d7.(2G).4p""","=""y 3F*""","=""2""",5,5,,"=""T6999""","=""L9429c118""",
Co,2,"=""249.18337""","=""0.00017""","=""249.1836""","=""0.0003""","=""75""","=""3.3e+06""",D,"=""70457.538""","=""110576.48""","=""3d7.(2D2).4p""","=""x 3F*""","=""3""","=""3d7.(2P).4d""","=""3D""","=""3""",7,7,,"=""T6999""","=""L9429c118""",
Co,2,"=""249.28286""","=""0.00008""","=""249.283114""","=""0.000019""","=""93""","=""1.2e+06""",D,"=""45378.754""","=""85481.689""","=""3d7.(4F).4p""","=""z 5F*""","=""4""","=""3d7.(4F).5s""","=""e 3F""","=""4""",9,9,,"=""T6999""","=""L9429c118""",
Co,3,"=""""","=""""","=""249.3318""","=""0.0008""","=""""","=""4.3e+00""",C,"=""37317.85""","=""77412.954""","=""3d7""","=""a 2F""","=""7/2""","=""3d6.(3H).4s""","=""b 2H""","=""11/2""",8,12,E2,"=""u37""","=""""",
Co,2,"=""249.35827""","=""0.00005""","=""249.358276""","=""0.000011""","=""750""","=""2.0e+06""",D,"=""25317.517""","=""65408.365""","=""3d7.(2P).4s""","=""c 3P""","=""1""","=""3d7.(2P).4p""","=""z 3P*""","=""2""",3,5,,"=""T6999""","=""L9429c118""",
Co,2,"=""249.37817""","=""0.00005""","=""249.378213""","=""0.000014""","=""750""","=""4.3e+07""",D,"=""52229.725""","=""92317.368""","=""3d7.(4F).4p""","=""z 3D*""","=""2""","=""3d7.(4F).4d""","=""e 5D""","=""2""",5,5,,"=""T6999""","=""L9429c118""",
Co,2,"=""249.46974""","=""0.00005""","=""249.46976""","=""0.00003""","=""210""","=""3.6e+07""",D,"=""64605.527""","=""104678.460""","=""3d7.(2P).4p""","=""z 3P*""","=""0""","=""3d7.(2P).5s""","=""3P""","=""1""",1,3,,"=""T6999""","=""L9429c118""",
Co,2,"=""249.62333""","=""0.00009""","=""249.62322""","=""0.00003""","=""240""","=""1.0e+06""",E,"=""29268.777""","=""69317.077""","=""3d7.(2D2).4s""","=""a 3D""","=""1""","=""3d7.(2D2).4p""","=""w 3D*""","=""1""",3,3,,"=""T6999""","=""L9429c118""",
Co,2,"=""249.64597""","=""0.00003""","=""249.64600""","=""0.00003""","=""4500""","=""5.2e+07""",D,"=""73147.041""","=""113191.686""","=""3d7.(2H).4p""","=""y 1G*""","=""4""","=""""","=""113191""","=""3""",9,7,,"=""T6999""","=""L9429c118""",
Co,2,"=""249.74838""","=""0.00003""","=""249.748385""","=""0.000015""","=""15000""","=""3.6e+07""",D,"=""24886.400""","=""64914.630""","=""3d7.(2P).4s""","=""c 3P""","=""2""","=""3d7.(4P).4p""","=""y 3P*""","=""2""",5,5,,"=""T6999""","=""L9429c118""",
Co,2,"=""249.75337""","=""0.00003""","=""249.753390""","=""0.000019""","=""2500""","=""2.5e+06""",D,"=""25147.233""","=""65174.661""","=""3d7.(2G).4s""","=""b 1G""","=""4""","=""3d7.(2G).4p""","=""y 3G*""","=""3""",9,7,,"=""T6999""","=""L9429c118""",
Co,2,"=""249.76265""","=""0.00013""","=""249.763093""","=""0.000019""","=""100""","=""1.8e+06""",D,"=""46320.832""","=""86346.705""","=""3d7.(4F).4p""","=""z 5D*""","=""4""","=""3d7.(4F).5s""","=""e 3F""","=""3""",9,7,,"=""T6999""","=""L9429c118""",
Co,2,"=""249.88212""","=""0.00002""","=""249.882124""","=""0.000019""","=""84000""","=""6.e+07""",D,"=""25147.233""","=""65154.041""","=""3d7.(2G).4s""","=""b 1G""","=""4""","=""3d7.(2G).4p""","=""y 3G*""","=""4""",9,9,,"=""T6999""","=""L9429c118""",
Co,2,"=""249.92510""","=""0.00004""","=""249.925095""","=""0.000019""","=""660""","=""2.2e+07""",D,"=""74376.792""","=""114376.722""","=""3d7.(2H).4p""","=""y 1H*""","=""5""","=""3d7.(2H).4d""","=""3I""","=""5""",11,11,,"=""T6999""","=""L9429c118""",
Co,2,"=""250.20483""","=""0.00003""","=""250.20483""","=""0.00003""","=""1500""","=""1.9e+08""",D,"=""52684.634""","=""92639.846""","=""3d7.(4F).4p""","=""z 3D*""","=""1""","=""3d7.(4F).4d""","=""e 3D""","=""1""",3,3,,"=""T6999""","=""L9429c118""",
Co,3,"=""""","=""""","=""250.3620""","=""0.0015""","=""""","=""6.7e-01""",C,"=""17768.87""","=""57699.0""","=""3d7""","=""a 2G""","=""7/2""","=""3d7""","=""b 2D1""","=""5/2""",8,6,E2,"=""u37""","=""""",
Co,2,"=""250.39181""","=""0.00006""","=""250.39184""","=""0.00003""","=""990""","=""1.9e+07""",D,"=""69317.077""","=""109242.450""","=""3d7.(2D2).4p""","=""w 3D*""","=""1""","=""3d7.(2G).4d""","=""3F""","=""2""",3,5,,"=""T6999""","=""L9429c118""",
Co,1,"=""250.452""","=""""","=""250.4519""","=""""","=""570""","=""1.8e+07""",D,"=""3482.82""","=""43398.62""","=""3p6.3d8.(3F).4s""","=""b 4F""","=""9/2""","=""3p6.3d7.(4P).4s.4p.(3P*)""","=""w 4D*""","=""7/2""",10,8,,"=""T4223""","=""L3475""",
Co,2,"=""250.4726""","=""0.0015""","=""250.472572""","=""0.000014""","=""84d""","=""2.1e+06""",D,"=""51512.268""","=""91424.773""","=""3d7.(4F).4p""","=""z 3D*""","=""3""","=""3d7.(4F).4d""","=""e 5P""","=""2""",7,5,,"=""T6999""","=""L4687c119""",
Co,2,"=""250.5409""","=""0.0015""","=""250.54452""","=""0.00006""","=""250d""","=""8.e+05""",E,"=""47039.105""","=""86940.150""","=""3d7.(4F).4p""","=""z 5D*""","=""3""","=""3d7.(4F).5s""","=""e 3F""","=""2""",7,5,,"=""T6999""","=""L4687c119""",
Co,2,"=""250.57478""","=""0.00003""","=""250.574781""","=""0.000015""","=""3300""","=""1.8e+08""",C+,"=""51512.268""","=""91408.494""","=""3d7.(4F).4p""","=""z 3D*""","=""3""","=""3d7.(4F).4d""","=""e 3D""","=""3""",7,7,,"=""T6999""","=""L9429c118""",
Co,2,"=""250.58863""","=""0.00008""","=""250.588732""","=""0.000015""","=""330""","=""6.e+06""",D,"=""46452.700""","=""86346.705""","=""3d7.(4F).4p""","=""z 5F*""","=""2""","=""3d7.(4F).5s""","=""e 3F""","=""3""",5,7,,"=""T6999""","=""L9429c118""",
Co,2,"=""250.63727""","=""0.00010""","=""250.63771""","=""0.00004""","=""230""","=""1.0e+06""",E,"=""69356.240""","=""109242.450""","=""3d7.(2H).4p""","=""x 3G*""","=""3""","=""3d7.(2G).4d""","=""3F""","=""2""",7,5,,"=""T6999""","=""L9429c118""",
Co,2,"=""250.64643""","=""0.00003""","=""250.646424""","=""0.000019""","=""78000""","=""1.32e+08""",B+,"=""9812.860""","=""49697.683""","=""3d7.(4F).4s""","=""b 3F""","=""4""","=""3d7.(4F).4p""","=""z 3F*""","=""4""",9,9,,"=""T6854""","=""L9429c118""",
Co,2,"=""250.79628""","=""0.00003""","=""250.796291""","=""0.000019""","=""8300""","=""1.1e+07""",D,"=""11651.277""","=""51512.268""","=""3d8""","=""a 1D""","=""2""","=""3d7.(4F).4p""","=""z 3D*""","=""3""",5,7,,"=""T6999""","=""L9429c118""",
Co,2,"=""251.00723""","=""0.00003""","=""251.007212""","=""0.000014""","=""5400""","=""1.3e+07""",D,"=""28111.872""","=""67939.370""","=""3d7.(2D2).4s""","=""a 3D""","=""2""","=""3d7.(2P).4p""","=""x 3D*""","=""2""",5,5,,"=""T6999""","=""L9429c118""",
Co,2,"=""251.05485""","=""0.00003""","=""251.05485""","=""0.00003""","=""5600""","=""2.7e+08""",C+,"=""73147.041""","=""112966.982""","=""3d7.(2H).4p""","=""y 1G*""","=""4""","=""3d7.(2H).4d""","=""1F""","=""3""",9,7,,"=""T6999""","=""L9429c118""",
Co,2,"=""251.08481""","=""0.00003""","=""251.084824""","=""0.000013""","=""1200""","=""1.0e+08""",D,"=""52229.725""","=""92044.913""","=""3d7.(4F).4p""","=""z 3D*""","=""2""","=""3d7.(4F).4d""","=""e 3D""","=""2""",5,5,,"=""T6999""","=""L9429c118""",
Co,1,"=""""","=""""","=""251.1018""","=""""","=""""","=""9.2e+07""",C,"=""3482.82""","=""43295.32""","=""3p6.3d8.(3F).4s""","=""b 4F""","=""9/2""","=""3p6.3d7.(2G).4s.4p.(3P*)""","=""w 4F*""","=""9/2""",10,10,,"=""T4223""","=""""",
Co,2,"=""251.11597""","=""0.00003""","=""251.115976""","=""0.000015""","=""230000""","=""2.1e+08""",C+,"=""25147.233""","=""64957.482""","=""3d7.(2G).4s""","=""b 1G""","=""4""","=""3d7.(2G).4p""","=""z 1H*""","=""5""",9,11,,"=""T6999""","=""L9429c118""",
Co,2,"=""251.20634""","=""0.00003""","=""251.206356""","=""0.000014""","=""14000""","=""3.6e+07""",D,"=""25861.322""","=""65657.249""","=""3d7.(2P).4s""","=""c 3P""","=""0""","=""3d7.(4P).4p""","=""y 3P*""","=""1""",1,3,,"=""T6999""","=""L9429c118""",
Co,2,"=""251.2390""","=""""","=""251.23904""","=""0.00003""","=""4200bl(Co I):""","=""1.0e+07""",D,"=""24074.420""","=""63865.170""","=""3d7.(4P).4s""","=""b 3P""","=""2""","=""3d7.(4P).4p""","=""y 3D*""","=""1""",5,3,,"=""T6999""","=""L9429c119""",
Co,2,"=""251.25059""","=""0.00006""","=""251.25078""","=""0.00003""","=""260""","=""4.7e+06""",D,"=""45378.754""","=""85167.645""","=""3d7.(4F).4p""","=""z 5F*""","=""4""","=""3d7.(4F).5s""","=""e 5F""","=""3""",9,7,,"=""T6999""","=""L9429c118""",
Co,2,"=""251.34236""","=""0.00011""","=""251.34253""","=""0.00004""","=""120""","=""4.2e+06""",D,"=""67939.370""","=""107713.738""","=""3d7.(2P).4p""","=""x 3D*""","=""2""","=""3d7.(2G).4d""","=""3D""","=""2""",5,5,,"=""T6999""","=""L9429c118""",
Co,2,"=""251.45392""","=""0.00005""","=""251.45395""","=""0.00003""","=""330""","=""4.2e+06""",D,"=""68843.428""","=""108600.173""","=""3d7.(2H).4p""","=""x 3G*""","=""4""","=""3d7.(2G).4d""","=""1H""","=""5""",9,11,,"=""T6999""","=""L9429c118""",
Co,2,"=""251.62485""","=""0.00012""","=""251.62482""","=""0.00003""","=""130""","=""6.e+06""",D,"=""67209.258""","=""106939.007""","=""3d7.(2P).4p""","=""z 1D*""","=""2""","=""3d7.(4P).4d""","=""3D""","=""3""",5,7,,"=""T6999""","=""L9429c118""",
Co,2,"=""251.65538""","=""0.00018""","=""251.655631""","=""0.000019""","=""860""","=""1.2e+06""",E,"=""27484.373""","=""67209.258""","=""3d7.(2D2).4s""","=""a 3D""","=""3""","=""3d7.(2P).4p""","=""z 1D*""","=""2""",7,5,,"=""T6999""","=""L9429c118""",
Co,2,"=""251.69572""","=""0.00019""","=""251.69567""","=""0.00004""","=""200""","=""1.1e+07""",D,"=""52684.634""","=""92403.200""","=""3d7.(4F).4p""","=""z 3D*""","=""1""","=""3d7.(4F).4d""","=""e 5D""","=""1""",3,3,,"=""T6999""","=""L9429c118""",
Co,2,"=""251.7348""","=""0.0010""","=""251.734012""","=""0.000015""","=""4700""","=""2.2e+06""",D,"=""28111.872""","=""67824.389""","=""3d7.(2D2).4s""","=""a 3D""","=""2""","=""3d7.(2P).4p""","=""x 3D*""","=""1""",5,3,,"=""T6999""","=""L4687c119""",
Co,2,"=""251.74364""","=""0.00003""","=""251.743660""","=""0.000012""","=""8300""","=""4.6e+07""",D,"=""25317.517""","=""65028.512""","=""3d7.(2P).4s""","=""c 3P""","=""1""","=""3d7.(2P).4p""","=""z 3P*""","=""1""",3,3,,"=""T6999""","=""L9429c118""",
Co,2,"=""251.81733""","=""0.00009""","=""251.817205""","=""0.000019""","=""1300bl(Co II)""","=""4.1e+06""",D,"=""25317.517""","=""65016.915""","=""3d7.(2P).4s""","=""c 3P""","=""1""","=""3d7.(2G).4p""","=""y 3F*""","=""2""",3,5,,"=""T6999""","=""L9429c118""",
Co,2,"=""251.81797""","=""0.00004""","=""251.81805""","=""0.00003""","=""920bl(Co II)""","=""2.3e+07""",D,"=""52229.725""","=""91928.989""","=""3d7.(4F).4p""","=""z 3D*""","=""2""","=""3d7.(4F).4d""","=""e 5G""","=""2""",5,5,,"=""T6999""","=""L9429c118""",
Co,2,"=""251.83671""","=""0.00010""","=""251.83659""","=""0.00006""","=""150""","=""3.7e+06""",D,"=""72654.127""","=""112350.469""","=""3d7.(2D2).4p""","=""y 1D*""","=""2""","=""3d7.(2P).4d""","=""1D""","=""2""",5,5,,"=""T6999""","=""L9429c118""",
Co,2,"=""251.98227""","=""0.00003""","=""251.982276""","=""0.000014""","=""47000""","=""1.09e+08""",B+,"=""10708.331""","=""50381.724""","=""3d7.(4F).4s""","=""b 3F""","=""3""","=""3d7.(4F).4p""","=""z 3F*""","=""3""",7,7,,"=""T6854""","=""L9429c118""",
Co,2,"=""252.02732""","=""0.00011""","=""252.027198""","=""0.000019""","=""120""","=""6.e+06""",D,"=""70857.053""","=""110523.375""","=""3d7.(2P).4p""","=""z 1P*""","=""1""","=""3d7.(2P).4d""","=""3D""","=""2""",3,5,,"=""T6999""","=""L9429c118""",
Co,2,"=""252.08242""","=""0.00010""","=""252.08237""","=""0.00003""","=""830""","=""8.e+06""",D,"=""31199.412""","=""70857.053""","=""3d7.(2D2).4s""","=""b 1D""","=""2""","=""3d7.(2P).4p""","=""z 1P*""","=""1""",5,3,,"=""T6999""","=""L9429c118""",
Co,1,"=""252.136""","=""""","=""252.1363""","=""""","=""4300""","=""3.0e+08""",D,"=""0.00""","=""39649.16""","=""3p6.3d7.4s2""","=""a 4F""","=""9/2""","=""3p6.3d7.(4F).4s.4p.(1P*)""","=""x 4D*""","=""7/2""",10,8,,"=""T4223""","=""L3475""",
Co,2,"=""252.2415""","=""0.0015""","=""252.240801""","=""0.000019""","=""1600d""","=""5.e+06""",D,"=""52684.634""","=""92317.368""","=""3d7.(4F).4p""","=""z 3D*""","=""1""","=""3d7.(4F).4d""","=""e 5D""","=""2""",3,5,,"=""T6999""","=""L4687c119""",
Co,2,"=""252.29565""","=""0.000025""","=""252.29555""","=""0.00004""","=""50000*""","=""1.1e+07""",D,"=""45972.036""","=""85596.170""","=""3d7.(4F).4p""","=""z 5F*""","=""3""","=""3d7.(4F).5s""","=""e 5F""","=""2""",7,5,,"=""T6999""","=""L9429c118""",
Co,2,"=""252.29565""","=""0.000025""","=""252.295640""","=""0.000019""","=""50000*""","=""1.1e+08""",D,"=""27585.138""","=""67209.258""","=""3d7.(2P).4s""","=""a 1P""","=""1""","=""3d7.(2P).4p""","=""z 1D*""","=""2""",3,5,,"=""T6999""","=""L9429c118""",
Co,2,"=""252.4261""","=""0.0015""","=""252.4252""","=""0.0011""","=""76d""","=""3.1e+05""",E,"=""40695.028""","=""80298.81""","=""3d6.4s2""","=""a 5D""","=""4""","=""3d6.(5D).4s.4p""","=""x 5D*""","=""4""",9,9,,"=""T6999""","=""L4687c119""",
Co,2,"=""252.46343""","=""0.00003""","=""252.46342""","=""0.00003""","=""26000""","=""1.0e+08""",D,"=""24267.382""","=""63865.170""","=""3d7.(4P).4s""","=""b 3P""","=""1""","=""3d7.(4P).4p""","=""y 3D*""","=""1""",3,3,,"=""T6999""","=""L9429c118""",
Co,2,"=""252.46771""","=""0.00003""","=""252.467728""","=""0.000014""","=""6500""","=""1.7e+07""",D,"=""25317.517""","=""64914.630""","=""3d7.(2P).4s""","=""c 3P""","=""1""","=""3d7.(4P).4p""","=""y 3P*""","=""2""",3,5,,"=""T6999""","=""L9429c118""",
Co,2,"=""252.47785""","=""0.00013""","=""252.47787""","=""0.00003""","=""320""","=""1.1e+07""",D,"=""69317.077""","=""108912.599""","=""3d7.(2D2).4p""","=""w 3D*""","=""1""","=""3d7.(2G).4d""","=""1D""","=""2""",3,5,,"=""T6999""","=""L9429c118""",
Co,2,"=""252.49736""","=""0.00003""","=""252.497369""","=""0.000019""","=""68000""","=""1.82e+08""",B+,"=""11321.860""","=""50914.325""","=""3d7.(4F).4s""","=""b 3F""","=""2""","=""3d7.(4F).4p""","=""z 3F*""","=""2""",5,5,,"=""T6854""","=""L9429c118""",
Co,2,"=""252.50816""","=""0.00003""","=""252.508167""","=""0.000019""","=""16000""","=""5.3e+07""",D,"=""24074.420""","=""63665.192""","=""3d7.(4P).4s""","=""b 3P""","=""2""","=""3d7.(4P).4p""","=""z 5P*""","=""1""",5,3,,"=""T6999""","=""L9429c118""",
Co,2,"=""252.60589""","=""0.00003""","=""252.605890""","=""0.000019""","=""2800""","=""1.4e+07""",D,"=""31199.412""","=""70774.869""","=""3d7.(2D2).4s""","=""b 1D""","=""2""","=""3d7.(2D2).4p""","=""x 3F*""","=""2""",5,5,,"=""T6999""","=""L9429c118""",
Co,2,"=""252.61862""","=""0.00003""","=""252.618619""","=""0.000019""","=""2700""","=""2.1e+06""",D,"=""66017.647""","=""105591.110""","=""3d7.(2G).4p""","=""z 1F*""","=""3""","=""3d6.4s2""","=""1G1""","=""4""",7,9,,"=""T6999""","=""L9429c118""",
Co,2,"=""252.65033""","=""0.00003""","=""252.650351""","=""0.000019""","=""1500""","=""2.2e+07""",D,"=""74376.792""","=""113945.285""","=""3d7.(2H).4p""","=""y 1H*""","=""5""","=""3d7.(2H).4d""","=""3H""","=""6""",11,13,,"=""T6999""","=""L9429c118""",
Co,2,"=""252.82237""","=""0.00003""","=""252.822387""","=""0.000013""","=""22000""","=""5.0e+07""",D,"=""24074.420""","=""63615.990""","=""3d7.(4P).4s""","=""b 3P""","=""2""","=""3d7.(4P).4p""","=""y 3D*""","=""2""",5,5,,"=""T6999""","=""L9429c118""",
Co,2,"=""252.86155""","=""0.00003""","=""252.861564""","=""0.000016""","=""100000""","=""1.33e+08""",B+,"=""9812.860""","=""49348.304""","=""3d7.(4F).4s""","=""b 3F""","=""4""","=""3d7.(4F).4p""","=""z 3G*""","=""4""",9,9,,"=""T6854""","=""L9429c118""",
Co,1,"=""252.897""","=""""","=""252.8967""","=""""","=""2900""","=""2.8e+08""",D,"=""816.00""","=""40345.95""","=""3p6.3d7.4s2""","=""a 4F""","=""7/2""","=""3p6.3d7.(4F).4s.4p.(1P*)""","=""x 4D*""","=""5/2""",8,6,,"=""T4223""","=""L3475""",
Co,2,"=""253.00797""","=""0.00003""","=""253.007976""","=""0.000013""","=""110000""","=""1.8e+08""",C+,"=""24074.420""","=""63586.987""","=""3d7.(4P).4s""","=""b 3P""","=""2""","=""3d7.(4P).4p""","=""y 3D*""","=""3""",5,7,,"=""T6999""","=""L9429c118""",
Co,1,"=""253.013""","=""""","=""253.0133""","=""""","=""720""","=""7.1e+06""",D,"=""4690.18""","=""44201.92""","=""3p6.3d8.(3F).4s""","=""b 4F""","=""5/2""","=""3p6.3d7.(2G).4s.4p.(3P*)""","=""*""","=""5/2""",6,6,,"=""T4223""","=""L3475""",
Co,2,"=""253.02657""","=""0.00003""","=""253.026637""","=""0.000014""","=""1000""","=""1.2e+07""",D,"=""45972.036""","=""85481.689""","=""3d7.(4F).4p""","=""z 5F*""","=""3""","=""3d7.(4F).5s""","=""e 3F""","=""4""",7,9,,"=""T6999""","=""L9429c118""",
Co,2,"=""253.10136""","=""0.00005""","=""253.10129""","=""0.00003""","=""820""","=""6.e+07""",D,"=""64914.630""","=""104412.631""","=""3d7.(4P).4p""","=""y 3P*""","=""2""","=""3d7.(2P).5s""","=""3P""","=""2""",5,5,,"=""T6999""","=""L9429c118""",
Co,2,"=""253.16668""","=""0.00003""","=""253.166675""","=""0.000016""","=""4400""","=""1.44e+08""",C+,"=""74376.792""","=""113864.592""","=""3d7.(2H).4p""","=""y 1H*""","=""5""","=""3d7.(2H).4d""","=""1H""","=""5""",11,11,,"=""T6999""","=""L9429c118""",
Co,2,"=""253.29015""","=""0.00005""","=""253.29017""","=""0.00003""","=""1600""","=""1.0e+07""",D,"=""73147.041""","=""112615.589""","=""3d7.(2H).4p""","=""y 1G*""","=""4""","=""3d7.(4F).5d""","=""5G""","=""3""",9,7,,"=""T6999""","=""L9429c118""",
Co,3,"=""""","=""""","=""253.366""","=""0.003""","=""""","=""9.3e+00""",C,"=""17768.87""","=""57225.6""","=""3d7""","=""a 2G""","=""7/2""","=""3d7""","=""b 2D1""","=""3/2""",8,4,E2,"=""u37""","=""""",
Co,2,"=""253.37505""","=""0.00010""","=""253.375085""","=""0.000019""","=""110""","=""8.e+06""",D,"=""51512.268""","=""90967.590""","=""3d7.(4F).4p""","=""z 3D*""","=""3""","=""3d7.(4F).4d""","=""f 5F""","=""2""",7,5,,"=""T6999""","=""L9429c118""",
Co,2,"=""253.38007""","=""0.00003""","=""253.380075""","=""0.000012""","=""55000""","=""4.1e+07""",D,"=""25147.233""","=""64601.778""","=""3d7.(2G).4s""","=""b 1G""","=""4""","=""3d7.(2G).4p""","=""y 3G*""","=""5""",9,11,,"=""T6999""","=""L9429c118""",
Co,2,"=""253.38555""","=""0.00003""","=""253.38556""","=""0.00003""","=""35000""","=""1.4e+08""",D,"=""24411.479""","=""63865.170""","=""3d7.(4P).4s""","=""b 3P""","=""0""","=""3d7.(4P).4p""","=""y 3D*""","=""1""",1,3,,"=""T6999""","=""L9429c118""",
Co,2,"=""253.4883""","=""0.0015""","=""253.488868""","=""0.000019""","=""590d""","=""2.2e+06""",D,"=""52229.725""","=""91667.338""","=""3d7.(4F).4p""","=""z 3D*""","=""2""","=""3d7.(4F).4d""","=""e 5G""","=""3""",5,7,,"=""T6999""","=""L4687c119""",
Co,3,"=""253.502""","=""0.002""","=""253.4971""","=""0.0003""","=""53""","=""5.e+05""",D,"=""70935.243""","=""110371.568""","=""3d6.(3P2).4s""","=""b 4P""","=""5/2""","=""3d6.(5D).4p""","=""z 4P*""","=""5/2""",6,6,,"=""u37""","=""L3537c164""",
Co,2,"=""253.55865""","=""0.00007""","=""253.558676""","=""0.000019""","=""280""","=""3.8e+06""",D,"=""74376.792""","=""113803.548""","=""3d7.(2H).4p""","=""y 1H*""","=""5""","=""3d7.(2H).4d""","=""3I""","=""6""",11,13,,"=""T6999""","=""L9429c118""",
Co,2,"=""253.57909""","=""0.00005""","=""253.57916""","=""0.00003""","=""410""","=""2.0e+07""",D,"=""46452.700""","=""85876.271""","=""3d7.(4F).4p""","=""z 5F*""","=""2""","=""3d7.(4F).5s""","=""e 5F""","=""1""",5,3,,"=""T6999""","=""L9429c118""",
Co,1,"=""253.596""","=""""","=""253.5962""","=""""","=""2900""","=""1.9e+08""",C,"=""1406.84""","=""40827.77""","=""3p6.3d7.4s2""","=""a 4F""","=""5/2""","=""3p6.3d7.(4F).4s.4p.(1P*)""","=""x 4D*""","=""3/2""",6,4,,"=""T4223""","=""L3475""",
Co,1,"=""253.649""","=""""","=""253.6500""","=""""","=""860""","=""3.0e+07""",D,"=""4142.66""","=""43555.22""","=""3p6.3d8.(3F).4s""","=""b 4F""","=""7/2""","=""3p6.3d8.(1D).4p""","=""x 2F*""","=""7/2""",8,8,,"=""T4223""","=""L3475""",
Co,2,"=""253.7125""","=""0.0010""","=""253.71294""","=""0.00005""","=""150""","=""1.9e+06""",D,"=""47537.365""","=""86940.150""","=""3d7.(4F).4p""","=""z 5D*""","=""2""","=""3d7.(4F).5s""","=""e 3F""","=""2""",5,5,,"=""T6999""","=""L4687c119""",
Co,2,"=""253.74498""","=""0.00003""","=""253.744980""","=""0.000014""","=""5000""","=""1.8e+07""",D,"=""24267.382""","=""63665.192""","=""3d7.(4P).4s""","=""b 3P""","=""1""","=""3d7.(4P).4p""","=""z 5P*""","=""1""",3,3,,"=""T6999""","=""L9429c118""",
Co,2,"=""253.80073""","=""0.00007""","=""253.800727""","=""0.000019""","=""220""","=""2.2e+06""",D,"=""45197.711""","=""84586.868""","=""3d7.(4F).4p""","=""z 5F*""","=""5""","=""3d7.(4F).5s""","=""e 5F""","=""4""",11,9,,"=""T6999""","=""L9429c118""",
Co,2,"=""253.98671""","=""0.00009""","=""253.986948""","=""0.000016""","=""180""","=""1.0e+07""",D,"=""52684.634""","=""92044.913""","=""3d7.(4F).4p""","=""z 3D*""","=""1""","=""3d7.(4F).4d""","=""e 3D""","=""2""",3,5,,"=""T6999""","=""L9429c118""",
Co,2,"=""254.06229""","=""0.00003""","=""254.062287""","=""0.000014""","=""64000""","=""1.5e+08""",C+,"=""24267.382""","=""63615.990""","=""3d7.(4P).4s""","=""b 3P""","=""1""","=""3d7.(4P).4p""","=""y 3D*""","=""2""",3,5,,"=""T6999""","=""L9429c118""",
Co,2,"=""254.11447""","=""0.00015""","=""254.11432""","=""0.00003""","=""210""","=""6.e+06""",D,"=""68203.012""","=""107543.564""","=""3d7.(2H).4p""","=""x 3G*""","=""5""","=""3d7.(2G).4d""","=""3G""","=""5""",11,11,,"=""T6999""","=""L9429c118""",
Co,2,"=""254.15097""","=""0.00004""","=""254.15068""","=""0.00012""","=""900p""","=""9.e+07""",D,"=""74522.916""","=""113857.840""","=""3d7.(2D2).4p""","=""y 1P*""","=""1""","=""3d7.(2D2).4d""","=""1P""","=""1""",3,3,,"=""T6999""","=""L9429c118""",
Co,2,"=""254.19531""","=""0.00003""","=""254.195316""","=""0.000014""","=""52000""","=""7.0e+07""",C+,"=""10708.331""","=""50036.348""","=""3d7.(4F).4s""","=""b 3F""","=""3""","=""3d7.(4F).4p""","=""z 3G*""","=""3""",7,7,,"=""T6135""","=""L9429c118""",
Co,2,"=""254.28791""","=""0.00008""","=""254.28787""","=""0.00003""","=""93""","=""1.5e+07""",D,"=""67910.933""","=""107224.636""","=""3d7.(2P).4p""","=""1S*""","=""0""","=""3d7.(4P).4d""","=""3D""","=""1""",1,3,,"=""T6999""","=""L9429c118""",
Co,2,"=""254.32720""","=""0.00012""","=""254.32736""","=""0.00003""","=""440""","=""6.e+06""",D,"=""47039.105""","=""86346.705""","=""3d7.(4F).4p""","=""z 5D*""","=""3""","=""3d7.(4F).5s""","=""e 3F""","=""3""",7,7,,"=""T6999""","=""L9429c118""",
Co,1,"=""254.425""","=""""","=""254.4253""","=""""","=""1700""","=""3.0e+08""",D,"=""1809.33""","=""41101.80""","=""3p6.3d7.4s2""","=""a 4F""","=""3/2""","=""3p6.3d7.(4F).4s.4p.(1P*)""","=""x 4D*""","=""1/2""",4,2,,"=""T4223""","=""L3475""",
Co,2,"=""254.45416""","=""0.00003""","=""254.454180""","=""0.000016""","=""5200""","=""1.0e+08""",D,"=""25317.517""","=""64605.527""","=""3d7.(2P).4s""","=""c 3P""","=""1""","=""3d7.(2P).4p""","=""z 3P*""","=""0""",3,1,,"=""T6999""","=""L9429c118""",
Co,2,"=""254.50404""","=""0.00003""","=""254.50404""","=""0.00003""","=""5800""","=""1.4e+07""",D,"=""13404.321""","=""52684.634""","=""3d8""","=""a 3P""","=""1""","=""3d7.(4F).4p""","=""z 3D*""","=""1""",3,3,,"=""T6999""","=""L9429c118""",
Co,2,"=""254.57145""","=""0.00003""","=""254.571449""","=""0.000016""","=""3500""","=""5.0e+06""",D,"=""24074.420""","=""63344.333""","=""3d7.(4P).4s""","=""b 3P""","=""2""","=""3d7.(4P).4p""","=""z 5P*""","=""3""",5,7,,"=""T6999""","=""L9429c118""",
Co,2,"=""254.61598""","=""0.00004""","=""254.61596""","=""0.00003""","=""2100""","=""5.0e+06""",B,"=""11651.277""","=""50914.325""","=""3d8""","=""a 1D""","=""2""","=""3d7.(4F).4p""","=""z 3F*""","=""2""",5,5,,"=""T6854""","=""L9429c118""",
Co,2,"=""254.64779""","=""0.00008""","=""254.647888""","=""0.000020""","=""1000""","=""2.1e+06""",D,"=""31199.412""","=""70457.538""","=""3d7.(2D2).4s""","=""b 1D""","=""2""","=""3d7.(2D2).4p""","=""x 3F*""","=""3""",5,7,,"=""T6999""","=""L9429c118""",
Co,2,"=""254.67383""","=""0.00003""","=""254.673838""","=""0.000020""","=""160000*""","=""1.22e+08""",C+,"=""25147.233""","=""64401.359""","=""3d7.(2G).4s""","=""b 1G""","=""4""","=""3d7.(2G).4p""","=""z 1G*""","=""4""",9,9,,"=""T6999""","=""L9429c118""",
Co,2,"=""254.73722""","=""0.00007""","=""254.73725""","=""0.00003""","=""210""","=""8.e+06""",D,"=""52684.634""","=""91928.989""","=""3d7.(4F).4p""","=""z 3D*""","=""1""","=""3d7.(4F).4d""","=""e 5G""","=""2""",3,5,,"=""T6999""","=""L9429c118""",
Co,2,"=""254.75901""","=""0.00003""","=""254.759044""","=""0.000016""","=""1000""","=""3.0e+07""",D,"=""51512.268""","=""90753.266""","=""3d7.(4F).4p""","=""z 3D*""","=""3""","=""3d7.(4F).4d""","=""f 5F""","=""3""",7,7,,"=""T6999""","=""L9429c118""",
Co,2,"=""""","=""""","=""254.8377""","=""0.0013""","=""m""","=""1.8e+05""",E,"=""41314.150""","=""80543.04""","=""3d6.4s2""","=""a 5D""","=""3""","=""3d6.(5D).4s.4p""","=""x 5D*""","=""3""",7,7,,"=""T6999""","=""L4687""",
Co,2,"=""254.94200""","=""0.00019""","=""254.94214""","=""0.00003""","=""380""","=""3.e+05""",E,"=""25147.233""","=""64360.050""","=""3d7.(2G).4s""","=""b 1G""","=""4""","=""3d7.(2G).4p""","=""y 3F*""","=""3""",9,7,,"=""T6999""","=""L9429c118""",
Co,2,"=""254.97270""","=""0.00003""","=""254.97273""","=""0.00004""","=""2100""","=""4.3e+07""",D,"=""45378.754""","=""84586.868""","=""3d7.(4F).4p""","=""z 5F*""","=""4""","=""3d7.(4F).5s""","=""e 5F""","=""4""",9,9,,"=""T6999""","=""L9429c118""",
Co,2,"=""255.05405""","=""0.00003""","=""255.054078""","=""0.000013""","=""1600""","=""4.4e+07""",D,"=""45972.036""","=""85167.645""","=""3d7.(4F).4p""","=""z 5F*""","=""3""","=""3d7.(4F).5s""","=""e 5F""","=""3""",7,7,,"=""T6999""","=""L9429c118""",
Co,3,"=""255.06375""","=""0.00025""","=""255.0649""","=""0.0003""","=""31""","=""1.4e+07""",D+,"=""91716.45""","=""130910.399""","=""3d6.(1D2).4s""","=""d 2D""","=""5/2""","=""3d6.(3P2).4p""","=""z 2P*""","=""3/2""",6,4,,"=""u37""","=""L19543c139,c153""",
Co,2,"=""255.13098""","=""0.00012""","=""255.13105""","=""0.00009""","=""230""","=""3.2e+07""",D,"=""69317.077""","=""108500.862""","=""3d7.(2D2).4p""","=""w 3D*""","=""1""","=""3d7.(2D2).5s""","=""3D""","=""1""",3,3,,"=""T6999""","=""L9429c118""",
Co,2,"=""255.16370""","=""0.00004""","=""255.163713""","=""0.000020""","=""490""","=""1.3e+07""",D,"=""52229.725""","=""91408.494""","=""3d7.(4F).4p""","=""z 3D*""","=""2""","=""3d7.(4F).4d""","=""e 3D""","=""3""",5,7,,"=""T6999""","=""L9429c118""",
Co,2,"=""255.17030""","=""0.00005""","=""255.170207""","=""0.000020""","=""610""","=""2.2e+07""",D,"=""68843.428""","=""108021.200""","=""3d7.(2H).4p""","=""x 3G*""","=""4""","=""3d7.(2H).5s""","=""1H""","=""5""",9,11,,"=""T6999""","=""L9429c118""",
Co,2,"=""255.23915""","=""0.00003""","=""255.239152""","=""0.000016""","=""5500""","=""3.0e+07""",D,"=""25861.322""","=""65028.512""","=""3d7.(2P).4s""","=""c 3P""","=""0""","=""3d7.(2P).4p""","=""z 3P*""","=""1""",1,3,,"=""T6999""","=""L9429c118""",
Co,2,"=""255.24378""","=""0.00011""","=""255.24385""","=""0.00003""","=""81""","=""9.e+06""",D,"=""65511.991""","=""104678.460""","=""3d7.(4P).4p""","=""y 3P*""","=""0""","=""3d7.(2P).5s""","=""3P""","=""1""",1,3,,"=""T6999""","=""L9429c118""",
Co,2,"=""255.28042""","=""0.00003""","=""255.280432""","=""0.000012""","=""1300""","=""1.5e+07""",D,"=""46320.832""","=""85481.689""","=""3d7.(4F).4p""","=""z 5D*""","=""4""","=""3d7.(4F).5s""","=""e 3F""","=""4""",9,9,,"=""T6999""","=""L9429c118""",
Co,2,"=""255.39387""","=""0.00003""","=""255.39383""","=""0.00003""","=""1300""","=""4.9e+07""",D,"=""46452.700""","=""85596.170""","=""3d7.(4F).4p""","=""z 5F*""","=""2""","=""3d7.(4F).5s""","=""e 5F""","=""2""",5,5,,"=""T6999""","=""L9429c118""",
Co,2,"=""255.4860""","=""0.0015""","=""255.48654""","=""0.00003""","=""540d""","=""5.0e+06""",D,"=""52229.725""","=""91358.992""","=""3d7.(4F).4p""","=""z 3D*""","=""2""","=""3d7.(4F).4d""","=""f 5F""","=""1""",5,3,,"=""T6999""","=""L4687c119""",
Co,2,"=""255.6781""","=""""","=""255.67811""","=""0.00003""","=""3200bl(Co I):""","=""4.8e+07""",D,"=""24267.382""","=""63367.333""","=""3d7.(4P).4s""","=""b 3P""","=""1""","=""3d7.(4P).4p""","=""z 5P*""","=""2""",3,5,,"=""T6999""","=""L9429c119""",
Co,2,"=""255.71985""","=""0.00009""","=""255.71998""","=""0.00005""","=""600""","=""3.4e+07""",D,"=""69637.023""","=""108730.572""","=""3d7.(2D2).4p""","=""w 3D*""","=""2""","=""3d7.(2D2).5s""","=""1D""","=""2""",5,5,,"=""T6999""","=""L9429c118""",
Co,2,"=""255.73449""","=""0.00003""","=""255.73424""","=""0.00005""","=""7700bl*""","=""6.e+05""",E,"=""47848.781""","=""86940.150""","=""3d7.(4F).4p""","=""z 5D*""","=""1""","=""3d7.(4F).5s""","=""e 3F""","=""2""",3,5,,"=""T6999""","=""L9429c118""",
Co,2,"=""255.73449""","=""0.00003""","=""255.73439""","=""0.00004""","=""7700bl*""","=""1.8e+07""",D,"=""13593.288""","=""52684.634""","=""3d8""","=""a 3P""","=""0""","=""3d7.(4F).4p""","=""z 3D*""","=""1""",1,3,,"=""T6999""","=""L9429c118""",
Co,2,"=""255.74408""","=""0.00004""","=""255.744102""","=""0.000020""","=""1200""","=""8.e+07""",D,"=""46786.409""","=""85876.271""","=""3d7.(4F).4p""","=""z 5F*""","=""1""","=""3d7.(4F).5s""","=""e 5F""","=""1""",3,3,,"=""T6999""","=""L9429c118""",
Co,2,"=""255.94052""","=""0.00003""","=""255.940526""","=""0.000017""","=""40000""","=""9.0e+07""",B+,"=""11321.860""","=""50381.724""","=""3d7.(4F).4s""","=""b 3F""","=""2""","=""3d7.(4F).4p""","=""z 3F*""","=""3""",5,7,,"=""T6854""","=""L9429c118""",
Co,2,"=""256.00307""","=""0.00003""","=""256.003070""","=""0.000020""","=""120000""","=""2.2e+08""",C+,"=""30567.173""","=""69617.495""","=""3d7.(2H).4s""","=""a 1H""","=""5""","=""3d7.(2H).4p""","=""z 1I*""","=""6""",11,13,,"=""T6999""","=""L9429c118""",
Co,2,"=""256.08348""","=""0.00004""","=""256.08351""","=""0.00004""","=""310bl(Co I)""","=""1.0e+07""",D,"=""71846.441""","=""110884.498""","=""3d7.(2D2).4p""","=""x 3P*""","=""2""","=""3d7.(2P).4d""","=""1F""","=""3""",5,7,,"=""T6999""","=""L9429c118""",
Co,1,"=""256.215""","=""""","=""256.2123""","=""""","=""960""","=""3.9e+07""",C,"=""1809.33""","=""40827.77""","=""3p6.3d7.4s2""","=""a 4F""","=""3/2""","=""3p6.3d7.(4F).4s.4p.(1P*)""","=""x 4D*""","=""3/2""",4,4,,"=""T4223""","=""L3475""",
Co,2,"=""256.30536""","=""0.00007""","=""256.30538""","=""0.00003""","=""570""","=""5.0e+07""",D,"=""65408.365""","=""104412.631""","=""3d7.(2P).4p""","=""z 3P*""","=""2""","=""3d7.(2P).5s""","=""3P""","=""2""",5,5,,"=""T6999""","=""L9429c118""",
Co,2,"=""256.40343""","=""0.00003""","=""256.403423""","=""0.000020""","=""74000""","=""1.32e+08""",B+,"=""10708.331""","=""49697.683""","=""3d7.(4F).4s""","=""b 3F""","=""3""","=""3d7.(4F).4p""","=""z 3F*""","=""4""",7,9,,"=""T6854""","=""L9429c118""",
Co,2,"=""256.44735""","=""0.00006""","=""256.447323""","=""0.000020""","=""540""","=""2.3e+06""",D,"=""69617.495""","=""108600.173""","=""3d7.(2H).4p""","=""z 1I*""","=""6""","=""3d7.(2G).4d""","=""1H""","=""5""",13,11,,"=""T6999""","=""L9429c118""",
Co,2,"=""256.53709""","=""0.00003""","=""256.537097""","=""0.000015""","=""3700""","=""6.e+06""",D,"=""13260.688""","=""52229.725""","=""3d8""","=""a 3P""","=""2""","=""3d7.(4F).4p""","=""z 3D*""","=""2""",5,5,,"=""T6999""","=""L9429c118""",
Co,2,"=""256.64674""","=""0.00017""","=""256.647195""","=""0.000015""","=""130""","=""1.2e+06""",D,"=""51512.268""","=""90464.589""","=""3d7.(4F).4p""","=""z 3D*""","=""3""","=""3d7.(4F).4d""","=""e 5P""","=""3""",7,7,,"=""T6999""","=""L9429c118""",
Co,2,"=""256.68361""","=""0.00011""","=""256.68362""","=""0.00004""","=""220""","=""5.2e+06""",D,"=""68843.428""","=""107790.221""","=""3d7.(2H).4p""","=""x 3G*""","=""4""","=""3d7.(2G).4d""","=""3G""","=""4""",9,9,,"=""T6999""","=""L9429c118""",
Co,1,"=""256.735""","=""""","=""256.7343""","=""""","=""1100""","=""3.0e+07""",C,"=""1406.84""","=""40345.95""","=""3p6.3d7.4s2""","=""a 4F""","=""5/2""","=""3p6.3d7.(4F).4s.4p.(1P*)""","=""x 4D*""","=""5/2""",6,6,,"=""T4223""","=""L3475""",
Co,2,"=""256.91456""","=""0.00012""","=""256.91417""","=""0.00003""","=""180""","=""5.0e+06""",D,"=""69356.240""","=""108268.086""","=""3d7.(2H).4p""","=""x 3G*""","=""3""","=""3d7.(2G).4d""","=""3G""","=""3""",7,7,,"=""T6999""","=""L9429c118""",
Co,2,"=""257.07686""","=""0.00005""","=""257.07676""","=""0.00007""","=""480bl(Co I)""","=""9.e+06""",D,"=""72654.127""","=""111541.364""","=""3d7.(2D2).4p""","=""y 1D*""","=""2""","=""3d7.(2P).4d""","=""3F""","=""3""",5,7,,"=""T6999""","=""L9429c118""",
Co,2,"=""257.34430""","=""0.00005""","=""257.344293""","=""0.000020""","=""510""","=""4.5e+06""",D,"=""46320.832""","=""85167.645""","=""3d7.(4F).4p""","=""z 5D*""","=""4""","=""3d7.(4F).5s""","=""e 5F""","=""3""",9,7,,"=""T6999""","=""L9429c118""",
Co,1,"=""257.435""","=""""","=""257.4348""","=""""","=""960""","=""1.7e+07""",C,"=""816.00""","=""39649.16""","=""3p6.3d7.4s2""","=""a 4F""","=""7/2""","=""3p6.3d7.(4F).4s.4p.(1P*)""","=""x 4D*""","=""7/2""",8,8,,"=""T4223""","=""L3475""",
Co,2,"=""257.48620""","=""0.00003""","=""257.48621""","=""0.00003""","=""14000""","=""1.6e+07""",C,"=""13404.321""","=""52229.725""","=""3d8""","=""a 3P""","=""1""","=""3d7.(4F).4p""","=""z 3D*""","=""2""",3,5,,"=""T6135""","=""L9429c118""",
Co,2,"=""257.54549""","=""0.00003""","=""257.545473""","=""0.000015""","=""13000""","=""1.6e+08""",C+,"=""45197.711""","=""84014.181""","=""3d7.(4F).4p""","=""z 5F*""","=""5""","=""3d7.(4F).5s""","=""e 5F""","=""5""",11,11,,"=""T6999""","=""L9429c118""",
Co,2,"=""257.5900""","=""""","=""257.59000""","=""0.00004""","=""1400bl:""","=""5.2e+07""",D,"=""46786.409""","=""85596.170""","=""3d7.(4F).4p""","=""z 5F*""","=""1""","=""3d7.(4F).5s""","=""e 5F""","=""2""",3,5,,"=""T6999""","=""L9429c119""",
Co,2,"=""257.5928""","=""""","=""257.592792""","=""0.000015""","=""85bl:""","=""1.3e+06""",D,"=""47537.365""","=""86346.705""","=""3d7.(4F).4p""","=""z 5D*""","=""2""","=""3d7.(4F).5s""","=""e 3F""","=""3""",5,7,,"=""T6999""","=""L9429c119""",
Co,2,"=""257.62231""","=""0.00003""","=""257.622294""","=""0.000020""","=""3100""","=""1.9e+08""",C+,"=""68311.113""","=""107116.009""","=""3d7.(2H).4p""","=""z 3I*""","=""6""","=""3d7.(2H).5s""","=""3H""","=""5""",13,11,,"=""T6999""","=""L9429c118""",
Co,2,"=""257.63474""","=""0.00004""","=""257.634737""","=""0.000020""","=""400""","=""6.e+06""",D,"=""68843.428""","=""107646.450""","=""3d7.(2H).4p""","=""x 3G*""","=""4""","=""3d7.(2G).4d""","=""3H""","=""5""",9,11,,"=""T6999""","=""L9429c118""",
Co,2,"=""257.68679""","=""0.00003""","=""257.686758""","=""0.000020""","=""2800""","=""2.0e+08""",C+,"=""68829.451""","=""107624.640""","=""3d7.(2H).4p""","=""z 3I*""","=""5""","=""3d7.(2H).5s""","=""3H""","=""4""",11,9,,"=""T6999""","=""L9429c118""",
Co,2,"=""257.7261""","=""0.0015""","=""257.72648""","=""0.00004""","=""61d""","=""9.e+05""",E,"=""48150.940""","=""86940.150""","=""3d7.(4F).4p""","=""z 5G*""","=""3""","=""3d7.(4F).5s""","=""e 3F""","=""2""",7,5,,"=""T6999""","=""L4687c119""",
Co,2,"=""257.75504""","=""0.00006""","=""257.755043""","=""0.000020""","=""400""","=""6.e+06""",D,"=""70457.538""","=""109242.450""","=""3d7.(2D2).4p""","=""x 3F*""","=""3""","=""3d7.(2G).4d""","=""3F""","=""2""",7,5,,"=""T6999""","=""L9429c118""",
Co,2,"=""257.77302""","=""0.00005""","=""257.77300""","=""0.00003""","=""310""","=""8.e+06""",D,"=""72654.127""","=""111436.337""","=""3d7.(2D2).4p""","=""y 1D*""","=""2""","=""""","=""111436""","=""3""",5,7,,"=""T6999""","=""L9429c118""",
Co,2,"=""258.03262""","=""0.00003""","=""258.032620""","=""0.000020""","=""210000""","=""2.09e+08""",B+,"=""9812.860""","=""48556.052""","=""3d7.(4F).4s""","=""b 3F""","=""4""","=""3d7.(4F).4p""","=""z 3G*""","=""5""",9,11,,"=""T6854""","=""L9429c118""",
Co,2,"=""258.06829""","=""0.00013""","=""258.068105""","=""0.000020""","=""220""","=""7.e+06""",D,"=""52229.725""","=""90967.590""","=""3d7.(4F).4p""","=""z 3D*""","=""2""","=""3d7.(4F).4d""","=""f 5F""","=""2""",5,5,,"=""T6999""","=""L9429c118""",
Co,2,"=""258.12053""","=""0.00004""","=""258.1205""","=""0.0003""","=""2000bl(Co II)""","=""2.7e+05""",E,"=""69617.495""","=""108347.492""","=""3d7.(2H).4p""","=""z 1I*""","=""6""","=""3d7.(2G).4d""","=""1I""","=""6""",13,13,,"=""T6999""","=""L9429c118""",
Co,2,"=""258.12324""","=""0.00004""","=""258.123248""","=""0.000020""","=""7900bl(Co II)""","=""1.0e+07""",D,"=""24886.400""","=""63615.990""","=""3d7.(2P).4s""","=""c 3P""","=""2""","=""3d7.(4P).4p""","=""y 3D*""","=""2""",5,5,,"=""T6999""","=""L9429c118""",
Co,2,"=""258.2209""","=""""","=""258.22090""","=""0.00003""","=""9000bl:""","=""7.e+07""",D,"=""46452.700""","=""85167.645""","=""3d7.(4F).4p""","=""z 5F*""","=""2""","=""3d7.(4F).5s""","=""e 5F""","=""3""",5,7,,"=""T6999""","=""L9429c119""",
Co,2,"=""258.2239""","=""""","=""258.223944""","=""0.000020""","=""90000bl:""","=""1.40e+08""",C+,"=""11321.860""","=""50036.348""","=""3d7.(4F).4s""","=""b 3F""","=""2""","=""3d7.(4F).4p""","=""z 3G*""","=""3""",5,7,,"=""T6135""","=""L9429c119""",
Co,2,"=""258.30667""","=""0.00003""","=""258.30666""","=""0.00003""","=""3100""","=""1.41e+08""",C+,"=""68203.012""","=""106905.104""","=""3d7.(2H).4p""","=""x 3G*""","=""5""","=""3d7.(2H).5s""","=""3H""","=""6""",11,13,,"=""T6999""","=""L9429c118""",
Co,2,"=""258.31670""","=""0.00003""","=""258.316703""","=""0.000020""","=""53000""","=""7.9e+07""",C+,"=""24886.400""","=""63586.987""","=""3d7.(2P).4s""","=""c 3P""","=""2""","=""3d7.(4P).4p""","=""y 3D*""","=""3""",5,7,,"=""T6999""","=""L9429c118""",
Co,2,"=""258.33496""","=""0.00008""","=""258.33493""","=""0.00003""","=""220""","=""1.1e+07""",D,"=""67524.021""","=""106221.878""","=""3d7.(2P).4p""","=""x 3D*""","=""3""","=""3d7.(4P).4d""","=""3F""","=""4""",7,9,,"=""T6999""","=""L9429c118""",
Co,2,"=""258.47456""","=""0.00009""","=""258.47469""","=""0.00005""","=""190""","=""1.0e+07""",D,"=""71846.441""","=""110523.375""","=""3d7.(2D2).4p""","=""x 3P*""","=""2""","=""3d7.(2P).4d""","=""3D""","=""2""",5,5,,"=""T6999""","=""L9429c118""",
Co,2,"=""258.4919""","=""0.0015""","=""258.49190""","=""0.00003""","=""890d""","=""7.e+06""",D,"=""52684.634""","=""91358.992""","=""3d7.(4F).4p""","=""z 3D*""","=""1""","=""3d7.(4F).4d""","=""f 5F""","=""1""",3,3,,"=""T6999""","=""L4687c119""",
Co,2,"=""258.51709""","=""0.00003""","=""258.51707""","=""0.00003""","=""4800""","=""1.2e+07""",D,"=""29268.777""","=""67939.370""","=""3d7.(2D2).4s""","=""a 3D""","=""1""","=""3d7.(2P).4p""","=""x 3D*""","=""2""",3,5,,"=""T6999""","=""L9429c118""",
Co,2,"=""258.68504""","=""0.00003""","=""258.685049""","=""0.000013""","=""7900""","=""9.e+06""",D,"=""25147.233""","=""63792.717""","=""3d7.(2G).4s""","=""b 1G""","=""4""","=""3d7.(2G).4p""","=""z 3H*""","=""4""",9,9,,"=""T6999""","=""L9429c118""",
Co,2,"=""258.70732""","=""0.00003""","=""258.70733""","=""0.00003""","=""13000""","=""1.2e+08""",D,"=""29268.777""","=""67910.933""","=""3d7.(2D2).4s""","=""a 3D""","=""1""","=""3d7.(2P).4p""","=""1S*""","=""0""",3,1,,"=""T6999""","=""L9429c118""",
Co,2,"=""258.72195""","=""0.00003""","=""258.721946""","=""0.000012""","=""84000""","=""1.19e+08""",B+,"=""10708.331""","=""49348.304""","=""3d7.(4F).4s""","=""b 3F""","=""3""","=""3d7.(4F).4p""","=""z 3G*""","=""4""",7,9,,"=""T6854""","=""L9429c118""",
Co,2,"=""258.75241""","=""0.00003""","=""258.75239""","=""0.00003""","=""7600""","=""9.8e+07""",C+,"=""45378.754""","=""84014.181""","=""3d7.(4F).4p""","=""z 5F*""","=""4""","=""3d7.(4F).5s""","=""e 5F""","=""5""",9,11,,"=""T6999""","=""L9429c118""",
Co,2,"=""258.89043""","=""0.00003""","=""258.890403""","=""0.000015""","=""4200""","=""7.8e+07""",C+,"=""45972.036""","=""84586.868""","=""3d7.(4F).4p""","=""z 5F*""","=""3""","=""3d7.(4F).5s""","=""e 5F""","=""4""",7,9,,"=""T6999""","=""L9429c118""",
Co,2,"=""258.99232""","=""0.00005""","=""258.992363""","=""0.000020""","=""870""","=""7.e+06""",D,"=""69617.495""","=""108217.126""","=""3d7.(2H).4p""","=""z 1I*""","=""6""","=""3d7.(2G).4d""","=""3I""","=""5""",13,11,,"=""T6999""","=""L9429c118""",
Co,2,"=""259.03028""","=""0.00010""","=""259.03021""","=""0.00003""","=""110""","=""9.e+06""",D,"=""68311.113""","=""106905.104""","=""3d7.(2H).4p""","=""z 3I*""","=""6""","=""3d7.(2H).5s""","=""3H""","=""6""",13,13,,"=""T6999""","=""L9429c118""",
Co,2,"=""259.13146""","=""0.00005""","=""259.131593""","=""0.000020""","=""530""","=""1.7e+07""",D,"=""63792.717""","=""102371.610""","=""3d7.(2G).4p""","=""z 3H*""","=""4""","=""3d7.(2G).5s""","=""e 1G""","=""4""",9,9,,"=""T6999""","=""L9429c118""",
Co,2,"=""259.27827""","=""0.00006""","=""259.27830""","=""0.00004""","=""360""","=""9.e+06""",D,"=""47039.105""","=""85596.170""","=""3d7.(4F).4p""","=""z 5D*""","=""3""","=""3d7.(4F).5s""","=""e 5F""","=""2""",7,5,,"=""T6999""","=""L9429c118""",
Co,2,"=""259.28808""","=""0.00005""","=""259.28807""","=""0.00003""","=""980""","=""4.2e+06""",D,"=""29268.777""","=""67824.389""","=""3d7.(2D2).4s""","=""a 3D""","=""1""","=""3d7.(2P).4p""","=""x 3D*""","=""1""",3,3,,"=""T6999""","=""L9429c118""",
Co,2,"=""259.3141""","=""0.0015""","=""259.31433""","=""0.00006""","=""57""","=""3.1e+06""",D,"=""48388.442""","=""86940.150""","=""3d7.(4F).4p""","=""z 5G*""","=""2""","=""3d7.(4F).5s""","=""e 3F""","=""2""",5,5,,"=""T6999""","=""L4687c119""",
Co,2,"=""259.34162""","=""0.00004""","=""259.34161""","=""0.00003""","=""2300""","=""7.e+06""",D,"=""25317.517""","=""63865.170""","=""3d7.(2P).4s""","=""c 3P""","=""1""","=""3d7.(4P).4p""","=""y 3D*""","=""1""",3,3,,"=""T6999""","=""L9429c118""",
Co,2,"=""259.3980""","=""0.0015""","=""259.39842""","=""0.00003""","=""57d""","=""1.0e+06""",D,"=""47807.493""","=""86346.705""","=""3d7.(4F).4p""","=""z 5G*""","=""4""","=""3d7.(4F).5s""","=""e 3F""","=""3""",9,7,,"=""T6999""","=""L4687c119""",
Co,2,"=""259.5035""","=""0.0015""","=""259.503945""","=""0.000020""","=""57d""","=""7.e+05""",E,"=""52229.725""","=""90753.266""","=""3d7.(4F).4p""","=""z 3D*""","=""2""","=""3d7.(4F).4d""","=""f 5F""","=""3""",5,7,,"=""T6999""","=""L4687c119""",
Co,2,"=""259.59389""","=""0.00006""","=""259.593958""","=""0.000020""","=""280""","=""1.2e+07""",D,"=""63510.180""","=""102020.364""","=""3d7.(2G).4p""","=""y 3F*""","=""4""","=""3d7.(2G).5s""","=""f 3G""","=""3""",9,7,,"=""T6999""","=""L9429c118""",
Co,2,"=""259.96610""","=""0.00006""","=""259.966094""","=""0.000020""","=""310""","=""1.2e+07""",D,"=""70457.538""","=""108912.599""","=""3d7.(2D2).4p""","=""x 3F*""","=""3""","=""3d7.(2G).4d""","=""1D""","=""2""",7,5,,"=""T6999""","=""L9429c118""",
Co,2,"=""260.02243""","=""0.00013""","=""260.02255""","=""0.00005""","=""200""","=""4.0e+07""",D,"=""62440.078""","=""100886.79""","=""3d7.(4P).4p""","=""z 3S*""","=""1""","=""3d7.(4P).5s""","=""3P""","=""0""",3,1,,"=""T6999""","=""L9429c118""",
Co,2,"=""260.05046""","=""0.00011""","=""260.050474""","=""0.000014""","=""270""","=""3.1e+06""",D,"=""47039.105""","=""85481.689""","=""3d7.(4F).4p""","=""z 5D*""","=""3""","=""3d7.(4F).5s""","=""e 3F""","=""4""",7,9,,"=""T6999""","=""L9429c118""",
Co,2,"=""260.0698""","=""0.0003""","=""260.069620""","=""0.000020""","=""610""","=""5.e+05""",E,"=""25147.233""","=""63586.987""","=""3d7.(2G).4s""","=""b 1G""","=""4""","=""3d7.(4P).4p""","=""y 3D*""","=""3""",9,7,,"=""T6999""","=""L9429c118""",
Co,2,"=""260.08420""","=""0.00024""","=""260.08412""","=""0.00003""","=""530""","=""1.7e+06""",D,"=""31199.412""","=""69637.023""","=""3d7.(2D2).4s""","=""b 1D""","=""2""","=""3d7.(2D2).4p""","=""w 3D*""","=""2""",5,5,,"=""T6999""","=""L9429c118""",
Co,2,"=""260.31376""","=""0.00003""","=""260.31376""","=""0.00003""","=""5300""","=""1.7e+08""",C+,"=""69617.495""","=""108021.200""","=""3d7.(2H).4p""","=""z 1I*""","=""6""","=""3d7.(2H).5s""","=""1H""","=""5""",13,11,,"=""T6999""","=""L9429c118""",
Co,2,"=""260.39816""","=""0.00003""","=""260.398189""","=""0.000020""","=""1400bl(Co I)""","=""3.6e+07""",D,"=""69059.933""","=""107451.187""","=""3d7.(2D2).4p""","=""w 3D*""","=""3""","=""3d7.(2G).4d""","=""3D""","=""3""",7,7,,"=""T6999""","=""L9429c118""",
Co,2,"=""260.44011""","=""0.00005""","=""260.44014""","=""0.00003""","=""2000""","=""2.6e+06""",D,"=""11651.277""","=""50036.348""","=""3d8""","=""a 1D""","=""2""","=""3d7.(4F).4p""","=""z 3G*""","=""3""",5,7,,"=""T6999""","=""L9429c118""",
Co,2,"=""260.57192""","=""0.00003""","=""260.571926""","=""0.000015""","=""39000""","=""1.3e+08""",D,"=""24074.420""","=""62440.078""","=""3d7.(4P).4s""","=""b 3P""","=""2""","=""3d7.(4P).4p""","=""z 3S*""","=""1""",5,3,,"=""T6999""","=""L9429c118""",
Co,2,"=""260.59034""","=""0.00003""","=""260.590341""","=""0.000012""","=""15000""","=""2.3e+07""",D,"=""25147.233""","=""63510.180""","=""3d7.(2G).4s""","=""b 1G""","=""4""","=""3d7.(2G).4p""","=""y 3F*""","=""4""",9,9,,"=""T6999""","=""L9429c118""",
Co,2,"=""260.68236""","=""0.00016""","=""260.68247""","=""0.00004""","=""120""","=""3.3e+06""",D,"=""72535.108""","=""110884.498""","=""3d7.(2D2).4p""","=""y 1F*""","=""3""","=""3d7.(2P).4d""","=""1F""","=""3""",7,7,,"=""T6999""","=""L9429c118""",
Co,2,"=""260.69407""","=""0.00006""","=""260.694128""","=""0.000014""","=""1400""","=""5.1e+06""",D,"=""25317.517""","=""63665.192""","=""3d7.(2P).4s""","=""c 3P""","=""1""","=""3d7.(4P).4p""","=""z 5P*""","=""1""",3,3,,"=""T6999""","=""L9429c118""",
Co,2,"=""260.75373""","=""0.00013""","=""260.75376""","=""0.00003""","=""260""","=""1.3e+07""",D,"=""47537.365""","=""85876.271""","=""3d7.(4F).4p""","=""z 5D*""","=""2""","=""3d7.(4F).5s""","=""e 5F""","=""1""",5,3,,"=""T6999""","=""L9429c118""",
Co,2,"=""261.02900""","=""0.00006""","=""261.029062""","=""0.000017""","=""1200""","=""1.4e+06""",D,"=""25317.517""","=""63615.990""","=""3d7.(2P).4s""","=""c 3P""","=""1""","=""3d7.(4P).4p""","=""y 3D*""","=""2""",3,5,,"=""T6999""","=""L9429c118""",
Co,2,"=""261.07161""","=""0.00005""","=""261.07155""","=""0.00003""","=""770""","=""6.e+07""",D,"=""61260.319""","=""99552.560""","=""3d7.(4P).4p""","=""y 5D*""","=""2""","=""3d7.(4P).5s""","=""5P""","=""1""",5,3,,"=""T6999""","=""L9429c118""",
Co,2,"=""261.08080""","=""0.00003""","=""261.080813""","=""0.000021""","=""4100""","=""1.9e+08""",C+,"=""68614.222""","=""106905.104""","=""3d7.(2H).4p""","=""z 3I*""","=""7""","=""3d7.(2H).5s""","=""3H""","=""6""",15,13,,"=""T6999""","=""L9429c118""",
Co,2,"=""261.18057""","=""0.00006""","=""261.180589""","=""0.000016""","=""1000""","=""3.1e+06""",D,"=""30567.173""","=""68843.428""","=""3d7.(2H).4s""","=""a 1H""","=""5""","=""3d7.(2H).4p""","=""x 3G*""","=""4""",11,9,,"=""T6999""","=""L9429c118""",
Co,2,"=""261.20235""","=""0.00007""","=""261.20257""","=""0.00004""","=""440""","=""2.3e+07""",D,"=""70457.538""","=""108730.572""","=""3d7.(2D2).4p""","=""x 3F*""","=""3""","=""3d7.(2D2).5s""","=""1D""","=""2""",7,5,,"=""T6999""","=""L9429c118""",
Co,2,"=""261.20564""","=""0.00003""","=""261.205663""","=""0.000021""","=""1800""","=""1.03e+08""",C+,"=""68843.428""","=""107116.009""","=""3d7.(2H).4p""","=""x 3G*""","=""4""","=""3d7.(2H).5s""","=""3H""","=""5""",9,11,,"=""T6999""","=""L9429c118""",
Co,2,"=""261.23419""","=""0.00003""","=""261.234203""","=""0.000021""","=""1900""","=""1.22e+08""",C+,"=""69356.240""","=""107624.640""","=""3d7.(2H).4p""","=""x 3G*""","=""3""","=""3d7.(2H).5s""","=""3H""","=""4""",7,9,,"=""T6999""","=""L9429c118""",
Co,2,"=""261.25034""","=""0.00003""","=""261.250342""","=""0.000021""","=""5500""","=""1.0e+08""",C+,"=""46320.832""","=""84586.868""","=""3d7.(4F).4p""","=""z 5D*""","=""4""","=""3d7.(4F).5s""","=""e 5F""","=""4""",9,9,,"=""T6999""","=""L9429c118""",
Co,2,"=""261.27620""","=""0.00010""","=""261.276003""","=""0.000021""","=""520""","=""8.e+05""",D,"=""30567.173""","=""68829.451""","=""3d7.(2H).4s""","=""a 1H""","=""5""","=""3d7.(2H).4p""","=""z 3I*""","=""5""",11,11,,"=""T6999""","=""L9429c118""",
Co,2,"=""261.34908""","=""0.00003""","=""261.349080""","=""0.000014""","=""17000""","=""1.3e+07""",C,"=""13260.688""","=""51512.268""","=""3d8""","=""a 3P""","=""2""","=""3d7.(4F).4p""","=""z 3D*""","=""3""",5,7,,"=""T6135""","=""L9429c118""",
Co,2,"=""261.43528""","=""0.00003""","=""261.43528""","=""0.00003""","=""16000""","=""1.38e+08""",C+,"=""17771.507""","=""56010.475""","=""3d7.(4P).4s""","=""a 5P""","=""3""","=""3d7.(4P).4p""","=""z 5S*""","=""2""",7,5,,"=""T6999""","=""L9429c118""",
Co,2,"=""261.46426""","=""0.00010""","=""261.46473""","=""0.00014""","=""120""","=""8.e+06""",D,"=""73472.531""","=""111707.192""","=""3d7.(2D2).4p""","=""x 3P*""","=""0""","=""3d7.(2P).4d""","=""1P""","=""1""",1,3,,"=""T6999""","=""L9429c118""",
Co,2,"=""261.49413""","=""0.00008""","=""261.49408""","=""0.00006""","=""150""","=""6.e+06""",D,"=""72654.127""","=""110884.498""","=""3d7.(2D2).4p""","=""y 1D*""","=""2""","=""3d7.(2P).4d""","=""1F""","=""3""",5,7,,"=""T6999""","=""L9429c118""",
Co,2,"=""261.51270""","=""0.00003""","=""261.512711""","=""0.000021""","=""3800""","=""1.5e+08""",C+,"=""63792.717""","=""102020.364""","=""3d7.(2G).4p""","=""z 3H*""","=""4""","=""3d7.(2G).5s""","=""f 3G""","=""3""",9,7,,"=""T6999""","=""L9429c118""",
Co,2,"=""261.55690""","=""0.00006""","=""261.55700""","=""0.00003""","=""360""","=""4.9e+07""",D,"=""67209.258""","=""105430.432""","=""3d7.(2P).4p""","=""z 1D*""","=""2""","=""3d7.(2P).5s""","=""1P""","=""1""",5,3,,"=""T6999""","=""L9429c118""",
Co,2,"=""261.68630""","=""0.00004""","=""261.68629""","=""0.00003""","=""1100""","=""9.e+07""",D,"=""61350.268""","=""99552.560""","=""3d7.(4P).4p""","=""y 5D*""","=""1""","=""3d7.(4P).5s""","=""5P""","=""1""",3,3,,"=""T6999""","=""L9429c118""",
Co,2,"=""261.7309""","=""0.0010""","=""261.731009""","=""0.000021""","=""260""","=""1.4e+06""",D,"=""48150.940""","=""86346.705""","=""3d7.(4F).4p""","=""z 5G*""","=""3""","=""3d7.(4F).5s""","=""e 3F""","=""3""",7,7,,"=""T6999""","=""L4687c119""",
Co,2,"=""261.88918""","=""0.00003""","=""261.889191""","=""0.000013""","=""9000""","=""2.9e+07""",D,"=""24267.382""","=""62440.078""","=""3d7.(4P).4s""","=""b 3P""","=""1""","=""3d7.(4P).4p""","=""z 3S*""","=""1""",3,3,,"=""T6999""","=""L9429c118""",
Co,2,"=""261.98007""","=""0.00003""","=""261.980084""","=""0.000013""","=""21000""","=""2.6e+07""",D,"=""25147.233""","=""63306.686""","=""3d7.(2G).4s""","=""b 1G""","=""4""","=""3d7.(2G).4p""","=""z 3H*""","=""5""",9,11,,"=""T6999""","=""L9429c118""",
Co,2,"=""261.99808""","=""0.00004""","=""261.99811""","=""0.00003""","=""1300""","=""5.1e+06""",D,"=""31199.412""","=""69356.240""","=""3d7.(2D2).4s""","=""b 1D""","=""2""","=""3d7.(2H).4p""","=""x 3G*""","=""3""",5,7,,"=""T6999""","=""L9429c118""",
Co,2,"=""262.00152""","=""0.00007""","=""262.001679""","=""0.000021""","=""380""","=""3.3e+07""",D,"=""62440.078""","=""100596.386""","=""3d7.(4P).4p""","=""z 3S*""","=""1""","=""3d7.(4P).5s""","=""3P""","=""1""",3,3,,"=""T6999""","=""L9429c118""",
Co,2,"=""262.08356""","=""0.00003""","=""262.083558""","=""0.000017""","=""5200""","=""1.6e+08""",C+,"=""63306.686""","=""101451.074""","=""3d7.(2G).4p""","=""z 3H*""","=""5""","=""3d7.(2G).5s""","=""f 3G""","=""4""",11,9,,"=""T6999""","=""L9429c118""",
Co,2,"=""262.14217""","=""0.00007""","=""262.142279""","=""0.000015""","=""120""","=""1.4e+06""",D,"=""47345.845""","=""85481.689""","=""3d7.(4F).4p""","=""z 5G*""","=""5""","=""3d7.(4F).5s""","=""e 3F""","=""4""",11,9,,"=""T6999""","=""L9429c118""",
Co,2,"=""262.19253""","=""0.00003""","=""262.192499""","=""0.000015""","=""4100""","=""1.0e+08""",C+,"=""47039.105""","=""85167.645""","=""3d7.(4F).4p""","=""z 5D*""","=""3""","=""3d7.(4F).5s""","=""e 5F""","=""3""",7,7,,"=""T6999""","=""L9429c118""",
Co,2,"=""262.2670""","=""0.0003""","=""262.26731""","=""0.00004""","=""710""","=""6.e+06""",D,"=""31199.412""","=""69317.077""","=""3d7.(2D2).4s""","=""b 1D""","=""2""","=""3d7.(2D2).4p""","=""w 3D*""","=""1""",5,3,,"=""T6999""","=""L9429c118""",
Co,2,"=""262.42370""","=""0.00005""","=""262.42374""","=""0.00006""","=""960bl(Co II)*""","=""1.17e+08""",C+,"=""69059.933""","=""107154.877""","=""3d7.(2D2).4p""","=""w 3D*""","=""3""","=""3d7.(2D2).5s""","=""3D""","=""3""",7,7,,"=""T6999""","=""L9429c118""",
Co,2,"=""262.42740""","=""0.00004""","=""262.42724""","=""0.00006""","=""630bl(Co II)""","=""4.9e+07""",D,"=""61458.124""","=""99552.560""","=""3d7.(4P).4p""","=""y 5D*""","=""0""","=""3d7.(4P).5s""","=""5P""","=""1""",1,3,,"=""T6999""","=""L9429c118""",
Co,2,"=""262.54937""","=""0.00007""","=""262.54938""","=""0.00005""","=""350""","=""9.e+06""",D,"=""69637.023""","=""107713.738""","=""3d7.(2D2).4p""","=""w 3D*""","=""2""","=""3d7.(2G).4d""","=""3D""","=""2""",5,5,,"=""T6999""","=""L9429c118""",
Co,2,"=""262.58132""","=""0.00018""","=""262.581134""","=""0.000016""","=""520""","=""5.e+05""",E,"=""27585.138""","=""65657.249""","=""3d7.(2P).4s""","=""a 1P""","=""1""","=""3d7.(4P).4p""","=""y 3P*""","=""1""",3,3,,"=""T6999""","=""L9429c118""",
Co,2,"=""262.67294""","=""0.00003""","=""262.672942""","=""0.000021""","=""2600""","=""9.e+07""",D,"=""47537.365""","=""85596.170""","=""3d7.(4F).4p""","=""z 5D*""","=""2""","=""3d7.(4F).5s""","=""e 5F""","=""2""",5,5,,"=""T6999""","=""L9429c118""",
Co,2,"=""262.69554""","=""0.00016""","=""262.69544""","=""0.00003""","=""270""","=""1.0e+07""",D,"=""70857.053""","=""108912.599""","=""3d7.(2P).4p""","=""z 1P*""","=""1""","=""3d7.(2G).4d""","=""1D""","=""2""",3,5,,"=""T6999""","=""L9429c118""",
Co,2,"=""262.88159""","=""0.00003""","=""262.881595""","=""0.000016""","=""9500""","=""1.6e+07""",D,"=""24411.479""","=""62440.078""","=""3d7.(4P).4s""","=""b 3P""","=""0""","=""3d7.(4P).4p""","=""z 3S*""","=""1""",1,3,,"=""T6999""","=""L9429c118""",
Co,2,"=""262.88931""","=""0.00004""","=""262.889262""","=""0.000021""","=""1300""","=""8.e+07""",D,"=""47848.781""","=""85876.271""","=""3d7.(4F).4p""","=""z 5D*""","=""1""","=""3d7.(4F).5s""","=""e 5F""","=""1""",3,3,,"=""T6999""","=""L9429c118""",
Co,2,"=""263.05298""","=""0.00008""","=""263.05281""","=""0.00003""","=""760""","=""3.0e+06""",D,"=""25861.322""","=""63865.170""","=""3d7.(2P).4s""","=""c 3P""","=""0""","=""3d7.(4P).4p""","=""y 3D*""","=""1""",1,3,,"=""T6999""","=""L9429c118""",
Co,2,"=""263.117""","=""""","=""263.11662""","=""0.00003""","=""3900:""","=""9.0e+06""",C,"=""9812.860""","=""47807.493""","=""3d7.(4F).4s""","=""b 3F""","=""4""","=""3d7.(4F).4p""","=""z 5G*""","=""4""",9,9,,"=""T6135""","=""L18302""",
Co,2,"=""263.11814""","=""0.00003""","=""263.118127""","=""0.000021""","=""3300""","=""1.15e+08""",C+,"=""61240.746""","=""99235.161""","=""3d7.(4P).4p""","=""y 5D*""","=""3""","=""3d7.(4P).5s""","=""5P""","=""2""",7,5,,"=""T6999""","=""L9429c118""",
Co,2,"=""263.22462""","=""0.00003""","=""263.224595""","=""0.000021""","=""10000""","=""8.e+07""",D,"=""18031.427""","=""56010.475""","=""3d7.(4P).4s""","=""a 5P""","=""2""","=""3d7.(4P).4p""","=""z 5S*""","=""2""",5,5,,"=""T6999""","=""L9429c118""",
Co,2,"=""263.25372""","=""0.00003""","=""263.253751""","=""0.000021""","=""1800""","=""1.0e+08""",D,"=""61260.319""","=""99235.161""","=""3d7.(4P).4p""","=""y 5D*""","=""2""","=""3d7.(4P).5s""","=""5P""","=""2""",5,5,,"=""T6999""","=""L9429c118""",
Co,2,"=""263.28583""","=""0.00008""","=""263.285583""","=""0.000021""","=""870""","=""3.0e+07""",D,"=""64401.359""","=""102371.610""","=""3d7.(2G).4p""","=""z 1G*""","=""4""","=""3d7.(2G).5s""","=""e 1G""","=""4""",9,9,,"=""T6999""","=""L9429c118""",
Co,2,"=""263.48915""","=""0.00004""","=""263.489314""","=""0.000021""","=""540bl(Co II)""","=""2.2e+07""",D,"=""63510.180""","=""101451.074""","=""3d7.(2G).4p""","=""y 3F*""","=""4""","=""3d7.(2G).5s""","=""f 3G""","=""4""",9,9,,"=""T6999""","=""L9429c118""",
Co,2,"=""263.49219""","=""0.00003""","=""263.492182""","=""0.000021""","=""18000bl(Co II)""","=""3.7e+07""",D,"=""29268.777""","=""67209.258""","=""3d7.(2D2).4s""","=""a 3D""","=""1""","=""3d7.(2P).4p""","=""z 1D*""","=""2""",3,5,,"=""T6999""","=""L9429c118""",
Co,2,"=""263.58656""","=""0.00003""","=""263.586408""","=""0.000021""","=""2100*""","=""3.3e+07""",D,"=""63306.686""","=""101233.605""","=""3d7.(2G).4p""","=""z 3H*""","=""5""","=""3d7.(2G).5s""","=""f 3G""","=""5""",11,11,,"=""T6999""","=""L9429c118""",
Co,2,"=""263.58656""","=""0.00003""","=""263.58687""","=""0.00003""","=""2100*""","=""1.0e+07""",D,"=""27585.138""","=""65511.991""","=""3d7.(2P).4s""","=""a 1P""","=""1""","=""3d7.(4P).4p""","=""y 3P*""","=""0""",3,1,,"=""T6999""","=""L9429c118""",
Co,2,"=""263.60675""","=""0.00003""","=""263.606753""","=""0.000017""","=""22000""","=""4.7e+07""",D,"=""27484.373""","=""65408.365""","=""3d7.(2D2).4s""","=""a 3D""","=""3""","=""3d7.(2P).4p""","=""z 3P*""","=""2""",7,5,,"=""T6999""","=""L9429c118""",
Co,2,"=""263.73345""","=""0.00003""","=""263.733447""","=""0.000021""","=""3800""","=""5.e+06""",D,"=""28111.872""","=""66017.647""","=""3d7.(2D2).4s""","=""a 3D""","=""2""","=""3d7.(2G).4p""","=""z 1F*""","=""3""",5,7,,"=""T6999""","=""L9429c118""",
Co,2,"=""263.78338""","=""0.00006""","=""263.78346""","=""0.00007""","=""460""","=""7.e+07""",D,"=""69637.023""","=""107535.612""","=""3d7.(2D2).4p""","=""w 3D*""","=""2""","=""3d7.(2D2).5s""","=""3D""","=""2""",5,5,,"=""T6999""","=""L9429c118""",
Co,2,"=""263.83407""","=""0.00003""","=""263.834112""","=""0.000021""","=""950""","=""4.2e+07""",D,"=""62440.078""","=""100331.391""","=""3d7.(4P).4p""","=""z 3S*""","=""1""","=""3d7.(4P).5s""","=""3P""","=""2""",3,5,,"=""T6999""","=""L9429c118""",
Co,2,"=""263.87880""","=""0.00004""","=""263.87882""","=""0.00003""","=""650""","=""3.5e+07""",D,"=""61350.268""","=""99235.161""","=""3d7.(4P).4p""","=""y 5D*""","=""1""","=""3d7.(4P).5s""","=""5P""","=""2""",3,5,,"=""T6999""","=""L9429c118""",
Co,2,"=""263.90820""","=""0.00008""","=""263.90819""","=""0.00005""","=""1000""","=""5.0e+07""",D,"=""47995.594""","=""85876.271""","=""3d7.(4F).4p""","=""z 5D*""","=""0""","=""3d7.(4F).5s""","=""e 5F""","=""1""",1,3,,"=""T6999""","=""L9429c118""",
Co,2,"=""264.04863""","=""0.00021""","=""264.048701""","=""0.000021""","=""320""","=""1.0e+06""",D,"=""31199.412""","=""69059.933""","=""3d7.(2D2).4s""","=""b 1D""","=""2""","=""3d7.(2D2).4p""","=""w 3D*""","=""3""",5,7,,"=""T6999""","=""L9429c118""",
Co,2,"=""264.30907""","=""0.00003""","=""264.309071""","=""0.000014""","=""1100""","=""2.6e+06""",D,"=""27585.138""","=""65408.365""","=""3d7.(2P).4s""","=""a 1P""","=""1""","=""3d7.(2P).4p""","=""z 3P*""","=""2""",3,5,,"=""T6999""","=""L9429c118""",
Co,2,"=""264.37210""","=""0.00007""","=""264.372422""","=""0.000021""","=""100""","=""2.4e+06""",D,"=""69637.023""","=""107451.187""","=""3d7.(2D2).4p""","=""w 3D*""","=""2""","=""3d7.(2G).4d""","=""3D""","=""3""",5,7,,"=""T6999""","=""L9429c118""",
Co,2,"=""264.44433""","=""0.00012""","=""264.444415""","=""0.000021""","=""540""","=""7.e+05""",E,"=""25861.322""","=""63665.192""","=""3d7.(2P).4s""","=""c 3P""","=""0""","=""3d7.(4P).4p""","=""z 5P*""","=""1""",1,3,,"=""T6999""","=""L9429c118""",
Co,2,"=""264.59903""","=""0.00003""","=""264.599023""","=""0.000021""","=""1800""","=""7.e+07""",D,"=""61240.746""","=""99022.528""","=""3d7.(4P).4p""","=""y 5D*""","=""3""","=""3d7.(4P).5s""","=""5P""","=""3""",7,7,,"=""T6999""","=""L9429c118""",
Co,2,"=""264.66427""","=""0.00013""","=""264.664378""","=""0.000021""","=""620""","=""1.0e+07""",D,"=""69637.023""","=""107409.476""","=""3d7.(2D2).4p""","=""w 3D*""","=""2""","=""3d7.(4P).4d""","=""3D""","=""2""",5,5,,"=""T6999""","=""L9429c118""",
Co,2,"=""264.68260""","=""0.00008""","=""264.68274""","=""0.00003""","=""350""","=""1.2e+07""",D,"=""64601.778""","=""102371.610""","=""3d7.(2G).4p""","=""y 3G*""","=""5""","=""3d7.(2G).5s""","=""e 1G""","=""4""",11,9,,"=""T6999""","=""L9429c118""",
Co,2,"=""264.73610""","=""0.00005""","=""264.736179""","=""0.000021""","=""320""","=""1.3e+07""",D,"=""61260.319""","=""99022.528""","=""3d7.(4P).4p""","=""y 5D*""","=""2""","=""3d7.(4P).5s""","=""5P""","=""3""",5,7,,"=""T6999""","=""L9429c118""",
Co,2,"=""264.84013""","=""0.00003""","=""264.84012""","=""0.00003""","=""1100""","=""4.1e+07""",D,"=""47848.781""","=""85596.170""","=""3d7.(4F).4p""","=""z 5D*""","=""1""","=""3d7.(4F).5s""","=""e 5F""","=""2""",3,5,,"=""T6999""","=""L9429c118""",
Co,2,"=""264.86417""","=""0.00003""","=""264.864325""","=""0.000021""","=""35000bl(Co I)""","=""5.9e+07""",C+,"=""30567.173""","=""68311.113""","=""3d7.(2H).4s""","=""a 1H""","=""5""","=""3d7.(2H).4p""","=""z 3I*""","=""6""",11,13,,"=""T6999""","=""L9429c118""",
Co,2,"=""264.99113""","=""0.00003""","=""264.99033""","=""0.00014""","=""4000bl(Co I)""","=""2.4e+08""",C+,"=""70774.869""","=""108500.862""","=""3d7.(2D2).4p""","=""x 3F*""","=""2""","=""3d7.(2D2).5s""","=""3D""","=""1""",5,3,,"=""T6999""","=""L9429c118""",
Co,2,"=""265.00837""","=""0.00003""","=""265.008374""","=""0.000021""","=""3500""","=""9.7e+07""",C+,"=""63510.180""","=""101233.605""","=""3d7.(2G).4p""","=""y 3F*""","=""4""","=""3d7.(2G).5s""","=""f 3G""","=""5""",9,11,,"=""T6999""","=""L9429c118""",
Co,2,"=""265.21984""","=""0.00003""","=""265.219840""","=""0.000018""","=""2500""","=""3.2e+07""",D,"=""46320.832""","=""84014.181""","=""3d7.(4F).4p""","=""z 5D*""","=""4""","=""3d7.(4F).5s""","=""e 5F""","=""5""",9,11,,"=""T6999""","=""L9429c118""",
Co,2,"=""265.27820""","=""0.00003""","=""265.278229""","=""0.000017""","=""5900""","=""3.7e+06""",D,"=""27468.988""","=""65154.041""","=""3d7.(2H).4s""","=""a 3H""","=""5""","=""3d7.(2G).4p""","=""y 3G*""","=""4""",11,9,,"=""T6999""","=""L9429c118""",
Co,2,"=""265.37131""","=""0.00003""","=""265.371313""","=""0.000021""","=""5100""","=""4.2e+07""",D,"=""18338.640""","=""56010.475""","=""3d7.(4P).4s""","=""a 5P""","=""1""","=""3d7.(4P).4p""","=""z 5S*""","=""2""",3,5,,"=""T6999""","=""L9429c118""",
Co,2,"=""265.4503""","=""0.0015""","=""265.45250""","=""0.00003""","=""32d,i""","=""1.8e+06""",D,"=""64360.050""","=""102020.364""","=""3d7.(2G).4p""","=""y 3F*""","=""3""","=""3d7.(2G).5s""","=""f 3G""","=""3""",7,7,,"=""T6999""","=""L4687c119""",
Co,2,"=""265.46665""","=""0.00015""","=""265.466296""","=""0.000021""","=""430""","=""1.3e+07""",D,"=""63792.717""","=""101451.074""","=""3d7.(2G).4p""","=""z 3H*""","=""4""","=""3d7.(2G).5s""","=""f 3G""","=""4""",9,9,,"=""T6999""","=""L9429c118""",
Co,2,"=""265.56895""","=""0.00009""","=""265.56890""","=""0.00011""","=""510""","=""6.e+07""",D,"=""70857.053""","=""108500.862""","=""3d7.(2P).4p""","=""z 1P*""","=""1""","=""3d7.(2D2).5s""","=""3D""","=""1""",3,3,,"=""T6999""","=""L9429c118""",
Co,2,"=""265.62255""","=""0.00003""","=""265.622525""","=""0.000021""","=""7200""","=""1.9e+08""",C+,"=""63597.396""","=""101233.605""","=""3d7.(2G).4p""","=""z 3H*""","=""6""","=""3d7.(2G).5s""","=""f 3G""","=""5""",13,11,,"=""T6999""","=""L9429c118""",
Co,2,"=""""","=""""","=""265.62514""","=""0.00003""","=""m(Co II)""","=""4.e+05""",E,"=""30567.173""","=""68203.012""","=""3d7.(2H).4s""","=""a 1H""","=""5""","=""3d7.(2H).4p""","=""x 3G*""","=""5""",11,11,,"=""T6999""","=""L4687""",
Co,2,"=""265.63617""","=""0.00003""","=""265.636155""","=""0.000021""","=""5100""","=""1.9e+08""",C+,"=""61388.250""","=""99022.528""","=""3d7.(4P).4p""","=""y 5D*""","=""4""","=""3d7.(4P).5s""","=""5P""","=""3""",9,7,,"=""T6999""","=""L9429c118""",
Co,2,"=""265.66434""","=""0.00003""","=""265.66438""","=""0.00004""","=""1400""","=""3.4e+07""",D,"=""47537.365""","=""85167.645""","=""3d7.(4F).4p""","=""z 5D*""","=""2""","=""3d7.(4F).5s""","=""e 5F""","=""3""",5,7,,"=""T6999""","=""L9429c118""",
Co,2,"=""265.7447""","=""0.0015""","=""265.744007""","=""0.000021""","=""370i""","=""4.9e+06""",D,"=""64401.359""","=""102020.364""","=""3d7.(2G).4p""","=""z 1G*""","=""4""","=""3d7.(2G).5s""","=""f 3G""","=""3""",9,7,,"=""T6999""","=""L4687c119""",
Co,2,"=""266.24825""","=""0.00003""","=""266.248251""","=""0.000021""","=""1600""","=""3.0e+07""",D,"=""47039.105""","=""84586.868""","=""3d7.(4F).4p""","=""z 5D*""","=""3""","=""3d7.(4F).5s""","=""e 5F""","=""4""",7,9,,"=""T6999""","=""L9429c118""",
Co,2,"=""266.26505""","=""0.00008""","=""266.265172""","=""0.000021""","=""1500""","=""2.4e+06""",D,"=""28111.872""","=""65657.249""","=""3d7.(2D2).4s""","=""a 3D""","=""2""","=""3d7.(4P).4p""","=""y 3P*""","=""1""",5,3,,"=""T6999""","=""L9429c118""",
Co,2,"=""266.35308""","=""0.00003""","=""266.35309""","=""0.00004""","=""32000""","=""5.5e+07""",C+,"=""9812.860""","=""47345.845""","=""3d7.(4F).4s""","=""b 3F""","=""4""","=""3d7.(4F).4p""","=""z 5G*""","=""5""",9,11,,"=""T6135""","=""L9429c118""",
Co,2,"=""266.44874""","=""0.00012""","=""266.44883""","=""0.00004""","=""180""","=""3.2e+07""",D,"=""67910.933""","=""105430.432""","=""3d7.(2P).4p""","=""1S*""","=""0""","=""3d7.(2P).5s""","=""1P""","=""1""",1,3,,"=""T6999""","=""L9429c118""",
Co,3,"=""""","=""""","=""266.5757""","=""0.0021""","=""""","=""2.3e+00""",C,"=""20197.35""","=""57699.0""","=""3d7""","=""a 2P""","=""3/2""","=""3d7""","=""b 2D1""","=""5/2""",4,6,M1+E2,"=""u37""","=""""",
Co,2,"=""266.61582""","=""0.00004""","=""266.61558""","=""0.00003""","=""5600bl(Co I)""","=""2.0e+06""",D,"=""27105.744""","=""64601.778""","=""3d7.(2H).4s""","=""a 3H""","=""6""","=""3d7.(2G).4p""","=""y 3G*""","=""5""",13,11,,"=""T6999""","=""L9429c118""",
Co,2,"=""266.65095""","=""0.00004""","=""266.65095""","=""0.00004""","=""1100""","=""1.5e+08""",D,"=""67939.370""","=""105430.432""","=""3d7.(2P).4p""","=""x 3D*""","=""2""","=""3d7.(2P).5s""","=""1P""","=""1""",5,3,,"=""T6999""","=""L9429c118""",
Co,2,"=""266.66929""","=""0.00007""","=""266.669212""","=""0.000021""","=""690""","=""4.e+05""",E,"=""27468.988""","=""64957.482""","=""3d7.(2H).4s""","=""a 3H""","=""5""","=""3d7.(2G).4p""","=""z 1H*""","=""5""",11,11,,"=""T6999""","=""L9429c118""",
Co,2,"=""266.67395""","=""0.00003""","=""266.673943""","=""0.000021""","=""3400""","=""2.3e+08""",C+,"=""48388.442""","=""85876.271""","=""3d7.(4F).4p""","=""z 5G*""","=""2""","=""3d7.(4F).5s""","=""e 5F""","=""1""",5,3,,"=""T6999""","=""L9429c118""",
Co,2,"=""266.80650""","=""0.00006""","=""266.80652""","=""0.00004""","=""1100""","=""1.7e+08""",C+,"=""67209.258""","=""104678.460""","=""3d7.(2P).4p""","=""z 1D*""","=""2""","=""3d7.(2P).5s""","=""3P""","=""1""",5,3,,"=""T6999""","=""L9429c118""",
Co,2,"=""266.97731""","=""0.00003""","=""266.977338""","=""0.000017""","=""5500""","=""2.0e+08""",C+,"=""48150.940""","=""85596.170""","=""3d7.(4F).4p""","=""z 5G*""","=""3""","=""3d7.(4F).5s""","=""e 5F""","=""2""",7,5,,"=""T6999""","=""L9429c118""",
Co,2,"=""266.99058""","=""0.00004""","=""266.990572""","=""0.000014""","=""1300""","=""7.e+06""",D,"=""27585.138""","=""65028.512""","=""3d7.(2P).4s""","=""a 1P""","=""1""","=""3d7.(2P).4p""","=""z 3P*""","=""1""",3,3,,"=""T6999""","=""L9429c118""",
Co,2,"=""266.99560""","=""0.00016""","=""266.996027""","=""0.000022""","=""95""","=""2.3e+05""",E,"=""10708.331""","=""48150.940""","=""3d7.(4F).4s""","=""b 3F""","=""3""","=""3d7.(4F).4p""","=""z 5G*""","=""3""",7,7,,"=""T6999""","=""L9429c118""",
Co,2,"=""267.00815""","=""0.00006""","=""267.008301""","=""0.000022""","=""260""","=""9.e+06""",D,"=""63792.717""","=""101233.605""","=""3d7.(2G).4p""","=""z 3H*""","=""4""","=""3d7.(2G).5s""","=""f 3G""","=""5""",9,11,,"=""T6999""","=""L9429c118""",
Co,2,"=""267.08417""","=""0.00010""","=""267.084141""","=""0.000022""","=""2600""","=""6.e+06""",D,"=""27484.373""","=""64914.630""","=""3d7.(2D2).4s""","=""a 3D""","=""3""","=""3d7.(4P).4p""","=""y 3P*""","=""2""",7,5,,"=""T6999""","=""L9429c118""",
Co,2,"=""267.19929""","=""0.00003""","=""267.19929""","=""0.00003""","=""5800""","=""1.8e+08""",C+,"=""64957.482""","=""102371.610""","=""3d7.(2G).4p""","=""z 1H*""","=""5""","=""3d7.(2G).5s""","=""e 1G""","=""4""",11,9,,"=""T6999""","=""L9429c118""",
Co,2,"=""267.45022""","=""0.00008""","=""267.450144""","=""0.000021""","=""210""","=""1.0e+07""",D,"=""73144.338""","=""110523.375""","=""3d7.(2D2).4p""","=""x 3P*""","=""1""","=""3d7.(2P).4d""","=""3D""","=""2""",3,5,,"=""T6999""","=""L9429c118""",
Co,2,"=""267.58536""","=""0.00003""","=""267.585344""","=""0.000013""","=""7900""","=""1.9e+08""",C+,"=""47807.493""","=""85167.645""","=""3d7.(4F).4p""","=""z 5G*""","=""4""","=""3d7.(4F).5s""","=""e 5F""","=""3""",9,7,,"=""T6999""","=""L9429c118""",
Co,2,"=""267.80515""","=""0.00003""","=""267.805133""","=""0.000015""","=""1500""","=""3.6e+06""",D,"=""27585.138""","=""64914.630""","=""3d7.(2P).4s""","=""a 1P""","=""1""","=""3d7.(4P).4p""","=""y 3P*""","=""2""",3,5,,"=""T6999""","=""L9429c118""",
Co,3,"=""""","=""""","=""267.8887""","=""0.0014""","=""""","=""1.3e-01""",C,"=""0.00""","=""37317.85""","=""3d7""","=""a 4F""","=""9/2""","=""3d7""","=""a 2F""","=""7/2""",10,8,M1+E2,"=""u37""","=""""",
Co,2,"=""268.04211""","=""0.00004""","=""268.042094""","=""0.000015""","=""3400""","=""7.e+06""",D,"=""28111.872""","=""65408.365""","=""3d7.(2D2).4s""","=""a 3D""","=""2""","=""3d7.(2P).4p""","=""z 3P*""","=""2""",5,5,,"=""T6999""","=""L9429c118""",
Co,2,"=""268.19070""","=""0.00009""","=""268.190556""","=""0.000022""","=""840""","=""3.1e+06""",D,"=""24074.420""","=""61350.268""","=""3d7.(4P).4s""","=""b 3P""","=""2""","=""3d7.(4P).4p""","=""y 5D*""","=""1""",5,3,,"=""T6999""","=""L9429c118""",
Co,2,"=""268.21462""","=""0.00006""","=""268.21465""","=""0.00005""","=""3100""","=""2.9e+06""",D,"=""27902.161""","=""65174.661""","=""3d7.(2H).4s""","=""a 3H""","=""4""","=""3d7.(2G).4p""","=""y 3G*""","=""3""",9,7,,"=""T6999""","=""L9429c118""",
Co,2,"=""268.26695""","=""0.00003""","=""268.266962""","=""0.000022""","=""2600""","=""6.e+07""",D,"=""70185.955""","=""107451.187""","=""3d7.(2D2).4p""","=""x 3F*""","=""4""","=""3d7.(2G).4d""","=""3D""","=""3""",9,7,,"=""T6999""","=""L9429c118""",
Co,2,"=""268.33198""","=""0.00004""","=""268.33200""","=""0.00003""","=""1200""","=""3.5e+07""",D,"=""70457.538""","=""107713.738""","=""3d7.(2D2).4p""","=""x 3F*""","=""3""","=""3d7.(2G).4d""","=""3D""","=""2""",7,5,,"=""T6999""","=""L9429c118""",
Co,2,"=""268.44137""","=""0.00003""","=""268.441362""","=""0.000017""","=""10000""","=""1.9e+08""",C+,"=""47345.845""","=""84586.868""","=""3d7.(4F).4p""","=""z 5G*""","=""5""","=""3d7.(4F).5s""","=""e 5F""","=""4""",11,9,,"=""T6999""","=""L9429c118""",
Co,2,"=""268.52772""","=""0.00006""","=""268.52768""","=""0.00003""","=""290""","=""2.4e+07""",D,"=""63367.333""","=""100596.386""","=""3d7.(4P).4p""","=""z 5P*""","=""2""","=""3d7.(4P).5s""","=""3P""","=""1""",5,3,,"=""T6999""","=""L9429c118""",
Co,1,"=""""","=""""","=""268.5336""","=""""","=""""","=""5.5e+06""",D,"=""4690.18""","=""41918.41""","=""3p6.3d8.(3F).4s""","=""b 4F""","=""5/2""","=""3p6.3d7.(4F).4s.4p.(1P*)""","=""x 4F*""","=""7/2""",6,8,,"=""T4223""","=""""",
Co,2,"=""268.61055""","=""0.00004""","=""268.610539""","=""0.000022""","=""2300""","=""7.3e+07""",C+,"=""65154.041""","=""102371.610""","=""3d7.(2G).4p""","=""y 3G*""","=""4""","=""3d7.(2G).5s""","=""e 1G""","=""4""",9,9,,"=""T6999""","=""L9429c118""",
Co,2,"=""268.63413""","=""0.00008""","=""268.634006""","=""0.000022""","=""290""","=""1.1e+07""",D,"=""70457.538""","=""107671.856""","=""3d7.(2D2).4p""","=""x 3F*""","=""3""","=""3d7.(2G).4d""","=""1F""","=""3""",7,7,,"=""T6999""","=""L9429c118""",
Co,2,"=""268.68153""","=""0.00017""","=""268.68159""","=""0.00004""","=""600""","=""1.6e+07""",D,"=""48388.442""","=""85596.170""","=""3d7.(4F).4p""","=""z 5G*""","=""2""","=""3d7.(4F).5s""","=""e 5F""","=""2""",5,5,,"=""T6999""","=""L9429c118""",
Co,2,"=""268.85151""","=""0.00016""","=""268.85105""","=""0.00009""","=""160""","=""1.6e+07""",D,"=""74522.916""","=""111707.192""","=""3d7.(2D2).4p""","=""y 1P*""","=""1""","=""3d7.(2P).4d""","=""1P""","=""1""",3,3,,"=""T6999""","=""L9429c118""",
Co,2,"=""268.98095""","=""0.00007""","=""268.980907""","=""0.000022""","=""1300""","=""5.3e+06""",D,"=""24074.420""","=""61240.746""","=""3d7.(4P).4s""","=""b 3P""","=""2""","=""3d7.(4P).4p""","=""y 5D*""","=""3""",5,7,,"=""T6999""","=""L9429c118""",
Co,2,"=""269.14576""","=""0.00010""","=""269.14577""","=""0.00004""","=""210""","=""7.e+06""",D,"=""70265.915""","=""107409.476""","=""3d7.(2P).4p""","=""y 3S*""","=""1""","=""3d7.(4P).4d""","=""3D""","=""2""",3,5,,"=""T6999""","=""L9429c118""",
Co,2,"=""269.22391""","=""0.00008""","=""269.223847""","=""0.000022""","=""1200""","=""4.e+05""",E,"=""27468.988""","=""64601.778""","=""3d7.(2H).4s""","=""a 3H""","=""5""","=""3d7.(2G).4p""","=""y 3G*""","=""5""",11,11,,"=""T6999""","=""L9429c118""",
Co,2,"=""269.29809""","=""0.00004""","=""269.298035""","=""0.000013""","=""3400""","=""1.2e+07""",D,"=""25317.517""","=""62440.078""","=""3d7.(2P).4s""","=""c 3P""","=""1""","=""3d7.(4P).4p""","=""z 3S*""","=""1""",3,3,,"=""T6999""","=""L9429c118""",
Co,2,"=""269.30904""","=""0.00008""","=""269.309099""","=""0.000022""","=""570""","=""8.3e+05""",C+,"=""13260.688""","=""50381.724""","=""3d8""","=""a 3P""","=""2""","=""3d7.(4F).4p""","=""z 3F*""","=""3""",5,7,,"=""T6854""","=""L9429c118""",
Co,2,"=""269.37109""","=""0.00007""","=""269.371175""","=""0.000022""","=""180""","=""1.7e+07""",D,"=""62440.078""","=""99552.560""","=""3d7.(4P).4p""","=""z 3S*""","=""1""","=""3d7.(4P).5s""","=""5P""","=""1""",3,3,,"=""T6999""","=""L9429c118""",
Co,2,"=""269.4198""","=""0.0004""","=""269.420165""","=""0.000022""","=""190""","=""2.0e+07""",D,"=""64914.630""","=""102020.364""","=""3d7.(4P).4p""","=""y 3P*""","=""2""","=""3d7.(2G).5s""","=""f 3G""","=""3""",5,7,,"=""T6999""","=""L9429c118""",
Co,2,"=""269.46788""","=""0.00003""","=""269.46789""","=""0.00003""","=""11000""","=""3.0e+07""",C+,"=""10708.331""","=""47807.493""","=""3d7.(4F).4s""","=""b 3F""","=""3""","=""3d7.(4F).4p""","=""z 5G*""","=""4""",7,9,,"=""T4776""","=""L9429c118""",
Co,2,"=""269.52702""","=""0.00003""","=""269.52702""","=""0.00003""","=""3100""","=""9.5e+07""",C+,"=""64360.050""","=""101451.074""","=""3d7.(2G).4p""","=""y 3F*""","=""3""","=""3d7.(2G).5s""","=""f 3G""","=""4""",7,9,,"=""T6999""","=""L9429c118""",
Co,1,"=""""","=""""","=""269.5846""","=""""","=""""","=""4.5e+06""",C,"=""4142.66""","=""41225.76""","=""3p6.3d8.(3F).4s""","=""b 4F""","=""7/2""","=""3p6.3d7.(4F).4s.4p.(1P*)""","=""x 4F*""","=""9/2""",8,10,,"=""T4223""","=""""",
Co,2,"=""269.62107""","=""0.00004""","=""269.62116""","=""0.00005""","=""1100""","=""1.28e+08""",C+,"=""70457.538""","=""107535.612""","=""3d7.(2D2).4p""","=""x 3F*""","=""3""","=""3d7.(2D2).5s""","=""3D""","=""2""",7,5,,"=""T6999""","=""L9429c118""",
Co,2,"=""269.70452""","=""0.00014""","=""269.70476""","=""0.00003""","=""520""","=""1.9e+06""",D,"=""11321.860""","=""48388.442""","=""3d7.(4F).4s""","=""b 3F""","=""2""","=""3d7.(4F).4p""","=""z 5G*""","=""2""",5,5,,"=""T6999""","=""L9429c118""",
Co,2,"=""269.78687""","=""0.00016""","=""269.78673""","=""0.00003""","=""1300""","=""1.1e+06""",D,"=""27902.161""","=""64957.482""","=""3d7.(2H).4s""","=""a 3H""","=""4""","=""3d7.(2G).4p""","=""z 1H*""","=""5""",9,11,,"=""T6999""","=""L9429c118""",
Co,2,"=""269.82756""","=""0.00003""","=""269.827550""","=""0.000022""","=""2300""","=""7.0e+07""",C+,"=""64401.359""","=""101451.074""","=""3d7.(2G).4p""","=""z 1G*""","=""4""","=""3d7.(2G).5s""","=""f 3G""","=""4""",9,9,,"=""T6999""","=""L9429c118""",
Co,3,"=""""","=""""","=""269.984""","=""0.003""","=""""","=""7.4e-01""",C,"=""20197.35""","=""57225.6""","=""3d7""","=""a 2P""","=""3/2""","=""3d7""","=""b 2D1""","=""3/2""",4,4,E2,"=""u37""","=""""",
Co,2,"=""270.03231""","=""0.00010""","=""270.03233""","=""0.00007""","=""1300""","=""2.2e+08""",D,"=""63865.170""","=""100886.79""","=""3d7.(4P).4p""","=""y 3D*""","=""1""","=""3d7.(4P).5s""","=""3P""","=""0""",3,1,,"=""T6999""","=""L9429c118""",
Co,2,"=""270.04131""","=""0.00009""","=""270.041308""","=""0.000022""","=""670""","=""1.2e+07""",D,"=""27585.138""","=""64605.527""","=""3d7.(2P).4s""","=""a 1P""","=""1""","=""3d7.(2P).4p""","=""z 3P*""","=""0""",3,1,,"=""T6999""","=""L9429c118""",
Co,2,"=""270.06819""","=""0.00008""","=""270.06818""","=""0.00004""","=""620""","=""1.1e+07""",D,"=""48150.940""","=""85167.645""","=""3d7.(4F).4p""","=""z 5G*""","=""3""","=""3d7.(4F).5s""","=""e 5F""","=""3""",7,7,,"=""T6999""","=""L9429c118""",
Co,2,"=""270.16493""","=""0.00003""","=""270.164938""","=""0.000022""","=""2600""","=""8.6e+07""",C+,"=""65016.915""","=""102020.364""","=""3d7.(2G).4p""","=""y 3F*""","=""2""","=""3d7.(2G).5s""","=""f 3G""","=""3""",5,7,,"=""T6999""","=""L9429c118""",
Co,2,"=""270.20182""","=""0.00003""","=""270.201801""","=""0.000016""","=""3600""","=""9.1e+07""",C+,"=""49348.304""","=""86346.705""","=""3d7.(4F).4p""","=""z 3G*""","=""4""","=""3d7.(4F).5s""","=""e 3F""","=""3""",9,7,,"=""T6999""","=""L9429c118""",
Co,2,"=""270.24177""","=""0.00005""","=""270.241713""","=""0.000022""","=""1000""","=""6.e+06""",D,"=""24267.382""","=""61260.319""","=""3d7.(4P).4s""","=""b 3P""","=""1""","=""3d7.(4P).4p""","=""y 5D*""","=""2""",3,5,,"=""T6999""","=""L9429c118""",
Co,2,"=""270.28460""","=""0.00006""","=""270.28467""","=""0.00003""","=""120""","=""6.e+06""",D,"=""63344.333""","=""100331.391""","=""3d7.(4P).4p""","=""z 5P*""","=""3""","=""3d7.(4P).5s""","=""3P""","=""2""",7,5,,"=""T6999""","=""L9429c118""",
Co,2,"=""270.33338""","=""0.00003""","=""270.33336""","=""0.00003""","=""1900""","=""1.5e+08""",D,"=""63615.990""","=""100596.386""","=""3d7.(4P).4p""","=""y 3D*""","=""2""","=""3d7.(4P).5s""","=""3P""","=""1""",5,3,,"=""T6999""","=""L9429c118""",
Co,2,"=""270.41714""","=""0.00004""","=""270.41727""","=""0.00007""","=""1300""","=""1.27e+08""",C+,"=""70185.955""","=""107154.877""","=""3d7.(2D2).4p""","=""x 3F*""","=""4""","=""3d7.(2D2).5s""","=""3D""","=""3""",9,7,,"=""T6999""","=""L9429c118""",
Co,2,"=""270.54146""","=""0.00004""","=""270.54157""","=""0.00004""","=""1500bl(Co I)""","=""1.2e+07""",D,"=""70457.538""","=""107409.476""","=""3d7.(2D2).4p""","=""x 3F*""","=""3""","=""3d7.(4P).4d""","=""3D""","=""2""",7,5,,"=""T6999""","=""L9429c118""",
Co,2,"=""270.63752""","=""0.00021""","=""270.63729""","=""0.00003""","=""440*""","=""2.5e+06""",D,"=""70774.869""","=""107713.738""","=""3d7.(2D2).4p""","=""x 3F*""","=""2""","=""3d7.(2G).4d""","=""3D""","=""2""",5,5,,"=""T6999""","=""L9429c118""",
Co,2,"=""270.63752""","=""0.00021""","=""270.637878""","=""0.000022""","=""440*""","=""7.e+05""",E,"=""24411.479""","=""61350.268""","=""3d7.(4P).4s""","=""b 3P""","=""0""","=""3d7.(4P).4p""","=""y 5D*""","=""1""",1,3,,"=""T6999""","=""L9429c118""",
Co,2,"=""270.66062""","=""0.00003""","=""270.660609""","=""0.000022""","=""15000""","=""1.8e+08""",C+,"=""47078.494""","=""84014.181""","=""3d7.(4F).4p""","=""z 5G*""","=""6""","=""3d7.(4F).5s""","=""e 5F""","=""5""",13,11,,"=""T6999""","=""L9429c118""",
Co,2,"=""270.68472""","=""0.00010""","=""270.684912""","=""0.000022""","=""590""","=""3.e+05""",E,"=""27468.988""","=""64401.359""","=""3d7.(2H).4s""","=""a 3H""","=""5""","=""3d7.(2G).4p""","=""z 1G*""","=""4""",11,9,,"=""T6999""","=""L9429c118""",
Co,2,"=""270.73430""","=""0.00003""","=""270.734278""","=""0.000013""","=""11000""","=""1.8e+08""",C+,"=""48556.052""","=""85481.689""","=""3d7.(4F).4p""","=""z 3G*""","=""5""","=""3d7.(4F).5s""","=""e 3F""","=""4""",11,9,,"=""T6999""","=""L9429c118""",
Co,2,"=""270.80025""","=""0.00004""","=""270.800263""","=""0.000017""","=""3300""","=""2.0e+07""",D,"=""28111.872""","=""65028.512""","=""3d7.(2D2).4s""","=""a 3D""","=""2""","=""3d7.(2P).4p""","=""z 3P*""","=""1""",5,3,,"=""T6999""","=""L9429c118""",
Co,2,"=""270.89450""","=""0.00003""","=""270.89447""","=""0.00004""","=""3100""","=""1.26e+08""",C+,"=""50036.348""","=""86940.150""","=""3d7.(4F).4p""","=""z 3G*""","=""3""","=""3d7.(4F).5s""","=""e 3F""","=""2""",7,5,,"=""T6999""","=""L9429c118""",
Co,2,"=""271.00604""","=""0.00003""","=""271.00604""","=""0.00003""","=""2600""","=""1.9e+08""",C+,"=""67524.021""","=""104412.631""","=""3d7.(2P).4p""","=""x 3D*""","=""3""","=""3d7.(2P).5s""","=""3P""","=""2""",7,5,,"=""T6999""","=""L9429c118""",
Co,2,"=""271.03893""","=""0.00012""","=""271.03895""","=""0.00010""","=""790""","=""4.0e+07""",D,"=""71846.441""","=""108730.572""","=""3d7.(2D2).4p""","=""x 3P*""","=""2""","=""3d7.(2D2).5s""","=""1D""","=""2""",5,5,,"=""T6999""","=""L9429c118""",
Co,2,"=""271.16993""","=""0.00004""","=""271.169885""","=""0.000022""","=""970""","=""3.6e+07""",D,"=""65154.041""","=""102020.364""","=""3d7.(2G).4p""","=""y 3G*""","=""4""","=""3d7.(2G).5s""","=""f 3G""","=""3""",9,7,,"=""T6999""","=""L9429c118""",
Co,2,"=""271.24098""","=""0.00016""","=""271.24080""","=""0.00005""","=""180""","=""3.2e+06""",D,"=""70857.053""","=""107713.738""","=""3d7.(2P).4p""","=""z 1P*""","=""1""","=""3d7.(2G).4d""","=""3D""","=""2""",3,5,,"=""T6999""","=""L9429c118""",
Co,2,"=""271.26019""","=""0.00010""","=""271.26004""","=""0.00004""","=""490""","=""4.6e+07""",D,"=""67824.389""","=""104678.460""","=""3d7.(2P).4p""","=""x 3D*""","=""1""","=""3d7.(2P).5s""","=""3P""","=""1""",3,3,,"=""T6999""","=""L9429c118""",
Co,2,"=""271.29516""","=""0.00004""","=""271.295192""","=""0.000022""","=""1100""","=""3.5e+07""",D,"=""64601.778""","=""101451.074""","=""3d7.(2G).4p""","=""y 3G*""","=""5""","=""3d7.(2G).5s""","=""f 3G""","=""4""",11,9,,"=""T6999""","=""L9429c118""",
Co,2,"=""271.32167""","=""0.00003""","=""271.321648""","=""0.000022""","=""3800""","=""1.44e+08""",C+,"=""65174.661""","=""102020.364""","=""3d7.(2G).4p""","=""y 3G*""","=""3""","=""3d7.(2G).5s""","=""f 3G""","=""3""",7,7,,"=""T6999""","=""L9429c118""",
Co,2,"=""271.42079""","=""0.00005""","=""271.420784""","=""0.000022""","=""770""","=""1.9e+07""",D,"=""64401.359""","=""101233.605""","=""3d7.(2G).4p""","=""z 1G*""","=""4""","=""3d7.(2G).5s""","=""f 3G""","=""5""",9,11,,"=""T6999""","=""L9429c118""",
Co,2,"=""271.44400""","=""0.00004""","=""271.444118""","=""0.000022""","=""2800*""","=""8.0e+06""",C,"=""11321.860""","=""48150.940""","=""3d7.(4F).4s""","=""b 3F""","=""2""","=""3d7.(4F).4p""","=""z 5G*""","=""3""",5,7,,"=""T4776""","=""L9429c118""",
Co,2,"=""271.63822""","=""0.00007""","=""271.638270""","=""0.000022""","=""1300""","=""2.2e+06""",D,"=""28111.872""","=""64914.630""","=""3d7.(2D2).4s""","=""a 3D""","=""2""","=""3d7.(4P).4p""","=""y 3P*""","=""2""",5,5,,"=""T6999""","=""L9429c118""",
Co,2,"=""271.69491""","=""0.00015""","=""271.69493""","=""0.00004""","=""180""","=""9.e+06""",D,"=""62440.078""","=""99235.161""","=""3d7.(4P).4p""","=""z 3S*""","=""1""","=""3d7.(4P).5s""","=""5P""","=""2""",3,5,,"=""T6999""","=""L9429c118""",
Co,2,"=""271.81120""","=""0.00007""","=""271.810977""","=""0.000016""","=""430""","=""5.e+06""",D,"=""47807.493""","=""84586.868""","=""3d7.(4F).4p""","=""z 5G*""","=""4""","=""3d7.(4F).5s""","=""e 5F""","=""4""",9,9,,"=""T6999""","=""L9429c118""",
Co,3,"=""""","=""""","=""271.8234""","=""0.0022""","=""""","=""6.6e-01""",C,"=""20921.30""","=""57699.0""","=""3d7""","=""a 2P""","=""1/2""","=""3d7""","=""b 2D1""","=""5/2""",2,6,E2,"=""u37""","=""""",
Co,2,"=""271.82859""","=""0.00009""","=""271.828716""","=""0.000022""","=""280""","=""4.7e+06""",D,"=""72535.108""","=""109312.083""","=""3d7.(2D2).4p""","=""y 1F*""","=""3""","=""3d7.(2G).4d""","=""1G""","=""4""",7,9,,"=""T6999""","=""L9429c118""",
Co,2,"=""272.00576""","=""0.00021""","=""272.00566""","=""0.00003""","=""250""","=""2.0e+06""",D,"=""70185.955""","=""106939.007""","=""3d7.(2D2).4p""","=""x 3F*""","=""4""","=""3d7.(4P).4d""","=""3D""","=""3""",9,7,,"=""T6999""","=""L9429c118""",
Co,2,"=""272.06971""","=""0.00003""","=""272.069684""","=""0.000022""","=""4300""","=""1.9e+08""",C+,"=""63586.987""","=""100331.391""","=""3d7.(4P).4p""","=""y 3D*""","=""3""","=""3d7.(4P).5s""","=""3P""","=""2""",7,5,,"=""T6999""","=""L9429c118""",
Co,2,"=""272.10264""","=""0.00005""","=""272.10261""","=""0.00004""","=""4300""","=""1.0e+07""",D,"=""31199.412""","=""67939.370""","=""3d7.(2D2).4s""","=""b 1D""","=""2""","=""3d7.(2P).4p""","=""x 3D*""","=""2""",5,5,,"=""T6999""","=""L9429c118""",
Co,2,"=""272.10904""","=""0.00007""","=""272.10904""","=""0.00004""","=""330bl(Co I)""","=""4.7e+07""",D,"=""67939.370""","=""104678.460""","=""3d7.(2P).4p""","=""x 3D*""","=""2""","=""3d7.(2P).5s""","=""3P""","=""1""",5,3,,"=""T6999""","=""L9429c118""",
Co,2,"=""272.16733""","=""0.00008""","=""272.16737""","=""0.00004""","=""890""","=""6.e+07""",D,"=""63865.170""","=""100596.386""","=""3d7.(4P).4p""","=""y 3D*""","=""1""","=""3d7.(4P).5s""","=""3P""","=""1""",3,3,,"=""T6999""","=""L9429c118""",
Co,2,"=""272.28463""","=""0.00005""","=""272.284615""","=""0.000022""","=""760""","=""3.2e+07""",D,"=""63615.990""","=""100331.391""","=""3d7.(4P).4p""","=""y 3D*""","=""2""","=""3d7.(4P).5s""","=""3P""","=""2""",5,5,,"=""T6999""","=""L9429c118""",
Co,2,"=""272.34442""","=""0.00006""","=""272.344397""","=""0.000022""","=""580""","=""9.e+06""",D,"=""72535.108""","=""109242.450""","=""3d7.(2D2).4p""","=""y 1F*""","=""3""","=""3d7.(2G).4d""","=""3F""","=""2""",7,5,,"=""T6999""","=""L9429c118""",
Co,2,"=""272.40209""","=""0.00016""","=""272.40173""","=""0.00004""","=""560""","=""2.7e+05""",E,"=""27902.161""","=""64601.778""","=""3d7.(2H).4s""","=""a 3H""","=""4""","=""3d7.(2G).4p""","=""y 3G*""","=""5""",9,11,,"=""T6999""","=""L9429c118""",
Co,2,"=""272.6336""","=""0.0010""","=""272.634120""","=""0.000018""","=""1100""","=""1.4e+06""",D,"=""47345.845""","=""84014.181""","=""3d7.(4F).4p""","=""z 5G*""","=""5""","=""3d7.(4F).5s""","=""e 5F""","=""5""",11,11,,"=""T6999""","=""L4687c119""",
Co,2,"=""272.64994""","=""0.00006""","=""272.650010""","=""0.000022""","=""380""","=""1.2e+07""",D,"=""63665.192""","=""100331.391""","=""3d7.(4P).4p""","=""z 5P*""","=""1""","=""3d7.(4P).5s""","=""3P""","=""2""",3,5,,"=""T6999""","=""L9429c118""",
Co,2,"=""272.77779""","=""0.00003""","=""272.77743""","=""0.00004""","=""3800*""","=""1.0e+07""",D,"=""70265.915""","=""106914.988""","=""3d7.(2P).4p""","=""y 3S*""","=""1""","=""3d7.(4P).4d""","=""3P""","=""0""",3,1,,"=""T6999""","=""L9429c118""",
Co,2,"=""272.77779""","=""0.00003""","=""272.777806""","=""0.000022""","=""3800*""","=""9.9e+07""",C+,"=""49697.683""","=""86346.705""","=""3d7.(4F).4p""","=""z 3F*""","=""4""","=""3d7.(4F).5s""","=""e 3F""","=""3""",9,7,,"=""T6999""","=""L9429c118""",
Co,2,"=""272.90583""","=""0.00003""","=""272.90585""","=""0.00003""","=""4300""","=""1.09e+08""",C+,"=""64601.778""","=""101233.605""","=""3d7.(2G).4p""","=""y 3G*""","=""5""","=""3d7.(2G).5s""","=""f 3G""","=""5""",11,11,,"=""T6999""","=""L9429c118""",
Co,2,"=""273.23033""","=""0.00023""","=""273.23036""","=""0.00004""","=""220""","=""3.4e+06""",D,"=""72654.127""","=""109242.450""","=""3d7.(2D2).4p""","=""y 1D*""","=""2""","=""3d7.(2G).4d""","=""3F""","=""2""",5,5,,"=""T6999""","=""L9429c118""",
Co,2,"=""273.30180""","=""0.00004""","=""273.301827""","=""0.000022""","=""1900""","=""3.4e+06""",D,"=""25861.322""","=""62440.078""","=""3d7.(2P).4s""","=""c 3P""","=""0""","=""3d7.(4P).4p""","=""z 3S*""","=""1""",1,3,,"=""T6999""","=""L9429c118""",
Co,2,"=""273.45378""","=""0.00004""","=""273.45382""","=""0.00004""","=""2200""","=""8.e+07""",D,"=""50381.724""","=""86940.150""","=""3d7.(4F).4p""","=""z 3F*""","=""3""","=""3d7.(4F).5s""","=""e 3F""","=""2""",7,5,,"=""T6999""","=""L9429c118""",
Co,2,"=""273.49916""","=""0.00018""","=""273.498729""","=""0.000022""","=""230""","=""6.e+06""",D,"=""70857.053""","=""107409.476""","=""3d7.(2P).4p""","=""z 1P*""","=""1""","=""3d7.(4P).4d""","=""3D""","=""2""",3,5,,"=""T6999""","=""L9429c118""",
Co,2,"=""273.8313""","=""0.0010""","=""273.83175""","=""0.00003""","=""670""","=""1.0e+05""",E,"=""9812.860""","=""46320.832""","=""3d7.(4F).4s""","=""b 3F""","=""4""","=""3d7.(4F).4p""","=""z 5D*""","=""4""",9,9,,"=""T6999""","=""L4687c119""",
Co,2,"=""273.89746""","=""0.00007""","=""273.89758""","=""0.00005""","=""3000""","=""2.2e+06""",D,"=""27902.161""","=""64401.359""","=""3d7.(2H).4s""","=""a 3H""","=""4""","=""3d7.(2G).4p""","=""z 1G*""","=""4""",9,9,,"=""T6999""","=""L9429c118""",
Co,2,"=""273.95437""","=""0.00024""","=""273.95422""","=""0.00003""","=""2800""","=""1.6e+06""",D,"=""27105.744""","=""63597.396""","=""3d7.(2H).4s""","=""a 3H""","=""6""","=""3d7.(2G).4p""","=""z 3H*""","=""6""",13,13,,"=""T6999""","=""L9429c118""",
Co,3,"=""""","=""""","=""274.0681""","=""0.0014""","=""""","=""2.5e-02""",D+,"=""841.36""","=""37317.85""","=""3d7""","=""a 4F""","=""7/2""","=""3d7""","=""a 2F""","=""7/2""",8,8,M1+E2,"=""u37""","=""""",
Co,2,"=""274.14528""","=""0.00012""","=""274.14528""","=""0.00004""","=""270*""","=""2.6e+06""",D,"=""63865.170""","=""100331.391""","=""3d7.(4P).4p""","=""y 3D*""","=""1""","=""3d7.(4P).5s""","=""3P""","=""2""",3,5,,"=""T6999""","=""L9429c118""",
Co,2,"=""274.14528""","=""0.00012""","=""274.14538""","=""0.00004""","=""270*""","=""1.1e+06""",D,"=""72008.912""","=""108475.120""","=""3d7.(2H).4p""","=""y 3H*""","=""4""","=""3d7.(2G).4d""","=""3F""","=""4""",9,9,,"=""T6999""","=""L9429c118""",
Co,2,"=""274.20771""","=""0.00017""","=""274.20794""","=""0.00008""","=""820""","=""6.e+05""",E,"=""27902.161""","=""64360.050""","=""3d7.(2H).4s""","=""a 3H""","=""4""","=""3d7.(2G).4p""","=""y 3F*""","=""3""",9,7,,"=""T6999""","=""L9429c118""",
Co,2,"=""274.3727""","=""0.0015""","=""274.37322""","=""0.00005""","=""34""","=""5.e+05""",E,"=""48150.940""","=""84586.868""","=""3d7.(4F).4p""","=""z 5G*""","=""3""","=""3d7.(4F).5s""","=""e 5F""","=""4""",7,9,,"=""T6999""","=""L4687c119""",
Co,2,"=""274.8397""","=""0.0010""","=""274.84099""","=""0.00003""","=""330""","=""8.e+05""",E,"=""24886.400""","=""61260.319""","=""3d7.(2P).4s""","=""c 3P""","=""2""","=""3d7.(4P).4p""","=""y 5D*""","=""2""",5,5,,"=""T6999""","=""L4687c119""",
Co,2,"=""274.9895""","=""0.0015""","=""274.98897""","=""0.00003""","=""980D""","=""2.5e+06""",D,"=""24886.400""","=""61240.746""","=""3d7.(2P).4s""","=""c 3P""","=""2""","=""3d7.(4P).4p""","=""y 5D*""","=""3""",5,7,,"=""T6999""","=""L4687c119""",
Co,2,"=""274.99184""","=""0.00006""","=""274.991866""","=""0.000023""","=""2700""","=""7.9e+07""",C+,"=""66017.647""","=""102371.610""","=""3d7.(2G).4p""","=""z 1F*""","=""3""","=""3d7.(2G).5s""","=""e 1G""","=""4""",7,9,,"=""T6999""","=""L9429c118""",
Co,2,"=""275.22064""","=""0.00009""","=""275.220767""","=""0.000018""","=""570""","=""5.e+05""",E,"=""27468.988""","=""63792.717""","=""3d7.(2H).4s""","=""a 3H""","=""5""","=""3d7.(2G).4p""","=""z 3H*""","=""4""",11,9,,"=""T6999""","=""L9429c118""",
Co,2,"=""275.26261""","=""0.00007""","=""275.262365""","=""0.000023""","=""520""","=""1.3e+07""",D,"=""71702.960""","=""108021.200""","=""3d7.(2H).4p""","=""y 3H*""","=""5""","=""3d7.(2H).5s""","=""1H""","=""5""",11,11,,"=""T6999""","=""L9429c118""",
Co,2,"=""275.32212""","=""0.00003""","=""275.322128""","=""0.000016""","=""2100""","=""5.1e+07""",D,"=""50036.348""","=""86346.705""","=""3d7.(4F).4p""","=""z 3G*""","=""3""","=""3d7.(4F).5s""","=""e 3F""","=""3""",7,7,,"=""T6999""","=""L9429c118""",
Co,3,"=""""","=""""","=""275.368""","=""0.003""","=""""","=""1.3e+00""",C,"=""20921.30""","=""57225.6""","=""3d7""","=""a 2P""","=""1/2""","=""3d7""","=""b 2D1""","=""3/2""",2,4,E2,"=""u37""","=""""",
Co,2,"=""275.40307""","=""0.00015""","=""275.40314""","=""0.00005""","=""350""","=""2.2e+06""",D,"=""71403.644""","=""107703.321""","=""3d7.(2H).4p""","=""y 3H*""","=""6""","=""3d7.(2G).4d""","=""3H""","=""6""",13,13,,"=""T6999""","=""L9429c118""",
Co,2,"=""275.42339""","=""0.00005""","=""275.423199""","=""0.000023""","=""1200""","=""3.9e+07""",D,"=""65154.041""","=""101451.074""","=""3d7.(2G).4p""","=""y 3G*""","=""4""","=""3d7.(2G).5s""","=""f 3G""","=""4""",9,9,,"=""T6999""","=""L9429c118""",
Co,2,"=""275.55240""","=""0.00007""","=""275.55227""","=""0.00004""","=""1600""","=""4.3e+06""",D,"=""27585.138""","=""63865.170""","=""3d7.(2P).4s""","=""a 1P""","=""1""","=""3d7.(4P).4p""","=""y 3D*""","=""1""",3,3,,"=""T6999""","=""L9429c118""",
Co,2,"=""""","=""""","=""275.579762""","=""0.000023""","=""m(Co II)""","=""2.3e+06""",D,"=""65174.661""","=""101451.074""","=""3d7.(2G).4p""","=""y 3G*""","=""3""","=""3d7.(2G).5s""","=""f 3G""","=""4""",7,9,,"=""T6999""","=""L4687""",
Co,2,"=""275.58189""","=""0.00024""","=""275.58196""","=""0.00003""","=""370""","=""7.e+06""",D,"=""64957.482""","=""101233.605""","=""3d7.(2G).4p""","=""z 1H*""","=""5""","=""3d7.(2G).5s""","=""f 3G""","=""5""",11,11,,"=""T6999""","=""L9429c118""",
Co,2,"=""275.83224""","=""0.00014""","=""275.83221""","=""0.00004""","=""770""","=""2.9e+06""",E,"=""29268.777""","=""65511.991""","=""3d7.(2D2).4s""","=""a 3D""","=""1""","=""3d7.(4P).4p""","=""y 3P*""","=""0""",3,1,,"=""T6999""","=""L9429c118""",
Co,2,"=""276.1110""","=""0.0015""","=""276.110487""","=""0.000023""","=""32""","=""2.5e+05""",E,"=""47807.493""","=""84014.181""","=""3d7.(4F).4p""","=""z 5G*""","=""4""","=""3d7.(4F).5s""","=""e 5F""","=""5""",9,11,,"=""T6999""","=""L4687c119""",
Co,2,"=""276.19612""","=""0.00003""","=""276.19611""","=""0.00004""","=""3400""","=""1.8e+08""",C+,"=""72535.108""","=""108730.572""","=""3d7.(2D2).4p""","=""y 1F*""","=""3""","=""3d7.(2D2).5s""","=""1D""","=""2""",7,5,,"=""T6999""","=""L9429c118""",
Co,2,"=""276.27426""","=""0.00004""","=""276.27425""","=""0.00003""","=""1500""","=""1.2e+08""",D,"=""63367.333""","=""99552.560""","=""3d7.(4P).4p""","=""z 5P*""","=""2""","=""3d7.(4P).5s""","=""5P""","=""1""",5,3,,"=""T6999""","=""L9429c118""",
Co,3,"=""""","=""""","=""276.3061""","=""0.0015""","=""""","=""3.3e-02""",D+,"=""841.36""","=""37022.42""","=""3d7""","=""a 4F""","=""7/2""","=""3d7""","=""a 2F""","=""5/2""",8,6,M1+E2,"=""u37""","=""""",
Co,1,"=""276.419""","=""""","=""276.4185""","=""""","=""190""","=""4.3e+06""",C,"=""3482.82""","=""39649.16""","=""3p6.3d8.(3F).4s""","=""b 4F""","=""9/2""","=""3p6.3d7.(4F).4s.4p.(1P*)""","=""x 4D*""","=""7/2""",10,8,,"=""T4223""","=""L3475""",
Co,2,"=""276.42842""","=""0.00007""","=""276.42846""","=""0.00004""","=""840""","=""1.2e+07""",D,"=""73147.041""","=""109312.083""","=""3d7.(2H).4p""","=""y 1G*""","=""4""","=""3d7.(2G).4d""","=""1G""","=""4""",9,9,,"=""T6999""","=""L9429c118""",
Co,2,"=""276.67065""","=""0.00003""","=""276.670656""","=""0.000018""","=""4200""","=""7.3e+07""",C+,"=""49348.304""","=""85481.689""","=""3d7.(4F).4p""","=""z 3G*""","=""4""","=""3d7.(4F).5s""","=""e 3F""","=""4""",9,9,,"=""T6999""","=""L9429c118""",
Co,2,"=""276.6840""","=""0.0003""","=""276.684195""","=""0.000023""","=""1600""","=""1.2e+06""",D,"=""27484.373""","=""63615.990""","=""3d7.(2D2).4s""","=""a 3D""","=""3""","=""3d7.(4P).4p""","=""y 3D*""","=""2""",7,5,,"=""T6999""","=""L9429c118""",
Co,2,"=""276.82397""","=""0.00013""","=""276.82412""","=""0.00004""","=""490""","=""7.e+07""",D,"=""69317.077""","=""105430.432""","=""3d7.(2D2).4p""","=""w 3D*""","=""1""","=""3d7.(2P).5s""","=""1P""","=""1""",3,3,,"=""T6999""","=""L9429c118""",
Co,2,"=""276.90638""","=""0.00011""","=""276.906480""","=""0.000023""","=""7100""","=""4.9e+06""",D,"=""27484.373""","=""63586.987""","=""3d7.(2D2).4s""","=""a 3D""","=""3""","=""3d7.(4P).4p""","=""y 3D*""","=""3""",7,7,,"=""T6999""","=""L9429c118""",
Co,2,"=""277.10745""","=""0.00008""","=""277.10735""","=""0.00003""","=""1300""","=""6.e+07""",D,"=""72654.127""","=""108730.572""","=""3d7.(2D2).4p""","=""y 1D*""","=""2""","=""3d7.(2D2).5s""","=""1D""","=""2""",5,5,,"=""T6999""","=""L9429c118""",
Co,2,"=""277.4586""","=""0.0005""","=""277.458019""","=""0.000019""","=""340*""","=""2.3e+05""",E,"=""27585.138""","=""63615.990""","=""3d7.(2P).4s""","=""a 1P""","=""1""","=""3d7.(4P).4p""","=""y 3D*""","=""2""",3,5,,"=""T6999""","=""L9429c118""",
Co,2,"=""277.4586""","=""0.0005""","=""277.458296""","=""0.000023""","=""340*""","=""9.e+05""",D,"=""48556.052""","=""84586.868""","=""3d7.(4F).4p""","=""z 3G*""","=""5""","=""3d7.(4F).5s""","=""e 5F""","=""4""",11,9,,"=""T6999""","=""L9429c118""",
Co,2,"=""277.49639""","=""0.00003""","=""277.49674""","=""0.00005""","=""4100bl(Co I)*""","=""1.07e+08""",C+,"=""50914.325""","=""86940.150""","=""3d7.(4F).4p""","=""z 3F*""","=""2""","=""3d7.(4F).5s""","=""e 3F""","=""2""",5,5,,"=""T6999""","=""L9429c118""",
Co,2,"=""277.61988""","=""0.00004""","=""277.619879""","=""0.000023""","=""13000""","=""2.7e+07""",D,"=""31199.412""","=""67209.258""","=""3d7.(2D2).4s""","=""b 1D""","=""2""","=""3d7.(2P).4p""","=""z 1D*""","=""2""",5,5,,"=""T6999""","=""L9429c118""",
Co,2,"=""277.96621""","=""0.00003""","=""277.966218""","=""0.000016""","=""2200""","=""5.e+07""",D,"=""50381.724""","=""86346.705""","=""3d7.(4F).4p""","=""z 3F*""","=""3""","=""3d7.(4F).5s""","=""e 3F""","=""3""",7,7,,"=""T6999""","=""L9429c118""",
Co,2,"=""278.18604""","=""0.00010""","=""278.18599""","=""0.00003""","=""320""","=""2.3e+07""",D,"=""63615.990""","=""99552.560""","=""3d7.(4P).4p""","=""y 3D*""","=""2""","=""3d7.(4P).5s""","=""5P""","=""1""",5,3,,"=""T6999""","=""L9429c118""",
Co,2,"=""278.54057""","=""0.00004""","=""278.540545""","=""0.000023""","=""1700""","=""9.0e+07""",C+,"=""63344.333""","=""99235.161""","=""3d7.(4P).4p""","=""z 5P*""","=""3""","=""3d7.(4P).5s""","=""5P""","=""2""",7,5,,"=""T6999""","=""L9429c118""",
Co,2,"=""278.54249""","=""0.00025""","=""278.54266""","=""0.00005""","=""1700""","=""1.3e+06""",D,"=""27902.161""","=""63792.717""","=""3d7.(2H).4s""","=""a 3H""","=""4""","=""3d7.(2G).4p""","=""z 3H*""","=""4""",9,9,,"=""T6999""","=""L9429c118""",
Co,2,"=""278.56732""","=""0.00007""","=""278.56740""","=""0.00003""","=""440""","=""3.6e+07""",D,"=""63665.192""","=""99552.560""","=""3d7.(4P).4p""","=""z 5P*""","=""1""","=""3d7.(4P).5s""","=""5P""","=""1""",3,3,,"=""T6999""","=""L9429c118""",
Co,2,"=""278.6014""","=""0.0003""","=""278.60162""","=""0.00003""","=""2700""","=""1.9e+06""",D,"=""27484.373""","=""63367.333""","=""3d7.(2D2).4s""","=""a 3D""","=""3""","=""3d7.(4P).4p""","=""z 5P*""","=""2""",7,5,,"=""T6999""","=""L9429c118""",
Co,2,"=""278.7188""","=""0.0003""","=""278.71917""","=""0.00005""","=""210""","=""9.e+06""",D,"=""63367.333""","=""99235.161""","=""3d7.(4P).4p""","=""z 5P*""","=""2""","=""3d7.(4P).5s""","=""5P""","=""2""",5,5,,"=""T6999""","=""L9429c118""",
Co,3,"=""""","=""""","=""278.7293""","=""0.0014""","=""""","=""5.5e-02""",D+,"=""1451.33""","=""37317.85""","=""3d7""","=""a 4F""","=""5/2""","=""3d7""","=""a 2F""","=""7/2""",6,8,M1+E2,"=""u37""","=""""",
Co,2,"=""278.7817""","=""0.0015""","=""278.78032""","=""0.00003""","=""30""","=""4.e+05""",E,"=""27484.373""","=""63344.333""","=""3d7.(2D2).4s""","=""a 3D""","=""3""","=""3d7.(4P).4p""","=""z 5P*""","=""3""",7,7,,"=""T6999""","=""L4687c119""",
Co,2,"=""278.95354""","=""0.00006""","=""278.953508""","=""0.000020""","=""1000""","=""7.e+05""",D,"=""27468.988""","=""63306.686""","=""3d7.(2H).4s""","=""a 3H""","=""5""","=""3d7.(2G).4p""","=""z 3H*""","=""5""",11,11,,"=""T6999""","=""L9429c118""",
Co,2,"=""279.37210""","=""0.00003""","=""279.372084""","=""0.000013""","=""3400""","=""5.7e+07""",C+,"=""49697.683""","=""85481.689""","=""3d7.(4F).4p""","=""z 3F*""","=""4""","=""3d7.(4F).5s""","=""e 3F""","=""4""",9,9,,"=""T6999""","=""L9429c118""",
Co,2,"=""279.56173""","=""0.00005""","=""279.561710""","=""0.000023""","=""980""","=""4.2e+06""",D,"=""29268.777""","=""65028.512""","=""3d7.(2D2).4s""","=""a 3D""","=""1""","=""3d7.(2P).4p""","=""z 3P*""","=""1""",3,3,,"=""T6999""","=""L9429c118""",
Co,2,"=""279.61204""","=""0.00008""","=""279.61204""","=""0.00003""","=""1300""","=""1.9e+06""",D,"=""28111.872""","=""63865.170""","=""3d7.(2D2).4s""","=""a 3D""","=""2""","=""3d7.(4P).4p""","=""y 3D*""","=""1""",5,3,,"=""T6999""","=""L9429c118""",
Co,2,"=""279.6819""","=""0.0010""","=""279.681896""","=""0.000019""","=""850""","=""4.e+05""",E,"=""10708.331""","=""46452.700""","=""3d7.(4F).4s""","=""b 3F""","=""3""","=""3d7.(4F).4p""","=""z 5F*""","=""2""",7,5,,"=""T6999""","=""L4687c119""",
Co,2,"=""279.8935""","=""0.0010""","=""279.89430""","=""0.00004""","=""280""","=""2.0e+05""",E,"=""11321.860""","=""47039.105""","=""3d7.(4F).4s""","=""b 3F""","=""2""","=""3d7.(4F).4p""","=""z 5D*""","=""3""",5,7,,"=""T6999""","=""L4687c119""",
Co,2,"=""279.93291""","=""0.00007""","=""279.93255""","=""0.00003""","=""200i""","=""9.e+06""",D,"=""71403.644""","=""107116.009""","=""3d7.(2H).4p""","=""y 3H*""","=""6""","=""3d7.(2H).5s""","=""3H""","=""5""",13,11,,"=""T6999""","=""L9429c118""",
Co,2,"=""280.17284""","=""0.00011""","=""280.17270""","=""0.00003""","=""330""","=""2.7e+07""",D,"=""64914.630""","=""100596.386""","=""3d7.(4P).4p""","=""y 3P*""","=""2""","=""3d7.(4P).5s""","=""3P""","=""1""",5,3,,"=""T6999""","=""L9429c118""",
Co,2,"=""280.20064""","=""0.00004""","=""280.200661""","=""0.000024""","=""2100""","=""7.3e+07""",C+,"=""63344.333""","=""99022.528""","=""3d7.(4P).4p""","=""z 5P*""","=""3""","=""3d7.(4P).5s""","=""5P""","=""3""",7,7,,"=""T6999""","=""L9429c118""",
Co,2,"=""280.38131""","=""0.00008""","=""280.38142""","=""0.00006""","=""860""","=""3.1e+07""",D,"=""63367.333""","=""99022.528""","=""3d7.(4P).4p""","=""z 5P*""","=""2""","=""3d7.(4P).5s""","=""5P""","=""3""",5,7,,"=""T6999""","=""L9429c118""",
Co,2,"=""280.4547""","=""0.0003""","=""280.454904""","=""0.000024""","=""330""","=""4.e+05""",E,"=""29268.777""","=""64914.630""","=""3d7.(2D2).4s""","=""a 3D""","=""1""","=""3d7.(4P).4p""","=""y 3P*""","=""2""",3,5,,"=""T6999""","=""L9429c118""",
Co,2,"=""280.69208""","=""0.00005""","=""280.69213""","=""0.00003""","=""2100""","=""1.28e+08""",C+,"=""72008.912""","=""107624.640""","=""3d7.(2H).4p""","=""y 3H*""","=""4""","=""3d7.(2H).5s""","=""3H""","=""4""",9,9,,"=""T6999""","=""L9429c118""",
Co,2,"=""280.71750""","=""0.00007""","=""280.717570""","=""0.000024""","=""310""","=""8.0e+05""",C,"=""10708.331""","=""46320.832""","=""3d7.(4F).4s""","=""b 3F""","=""3""","=""3d7.(4F).4p""","=""z 5D*""","=""4""",7,9,,"=""T4776""","=""L9429c118""",
Co,3,"=""""","=""""","=""281.0444""","=""0.0015""","=""""","=""2.6e-02""",D+,"=""1451.33""","=""37022.42""","=""3d7""","=""a 4F""","=""5/2""","=""3d7""","=""a 2F""","=""5/2""",6,6,M1+E2,"=""u37""","=""""",
Co,2,"=""281.05309""","=""0.00011""","=""281.05325""","=""0.00004""","=""930""","=""4.4e+07""",D,"=""63665.192""","=""99235.161""","=""3d7.(4P).4p""","=""z 5P*""","=""1""","=""3d7.(4P).5s""","=""5P""","=""2""",3,5,,"=""T6999""","=""L9429c118""",
Co,2,"=""281.08533""","=""0.00006""","=""281.085453""","=""0.000018""","=""1100""","=""1.40e+06""",C+,"=""9812.860""","=""45378.754""","=""3d7.(4F).4s""","=""b 3F""","=""4""","=""3d7.(4F).4p""","=""z 5F*""","=""4""",9,9,,"=""T4776""","=""L9429c118""",
Co,3,"=""281.1779""","=""0.0010""","=""281.1781""","=""0.0003""","=""190d""","=""2.8e+06""",D+,"=""70935.243""","=""106489.424""","=""3d6.(3P2).4s""","=""b 4P""","=""5/2""","=""3d6.(5D).4p""","=""z 4D*""","=""7/2""",6,8,,"=""u37""","=""L6156""",
Co,1,"=""281.556""","=""""","=""281.5557""","=""""","=""150""","=""3.2e+06""",C,"=""4142.66""","=""39649.16""","=""3p6.3d8.(3F).4s""","=""b 4F""","=""7/2""","=""3p6.3d7.(4F).4s.4p.(1P*)""","=""x 4D*""","=""7/2""",8,8,,"=""T4223""","=""L3475""",
Co,2,"=""281.57461""","=""0.00009""","=""281.574557""","=""0.000024""","=""1900""","=""2.5e+06""",D,"=""28111.872""","=""63615.990""","=""3d7.(2D2).4s""","=""a 3D""","=""2""","=""3d7.(4P).4p""","=""y 3D*""","=""2""",5,5,,"=""T6999""","=""L9429c118""",
Co,2,"=""281.59562""","=""0.00004""","=""281.59564""","=""0.00003""","=""2800""","=""1.26e+08""",C+,"=""71403.644""","=""106905.104""","=""3d7.(2H).4p""","=""y 3H*""","=""6""","=""3d7.(2H).5s""","=""3H""","=""6""",13,13,,"=""T6999""","=""L9429c118""",
Co,2,"=""281.80480""","=""0.00012""","=""281.804772""","=""0.000024""","=""500""","=""1.9e+05""",E,"=""28111.872""","=""63586.987""","=""3d7.(2D2).4s""","=""a 3D""","=""2""","=""3d7.(4P).4p""","=""y 3D*""","=""3""",5,7,,"=""T6999""","=""L9429c118""",
Co,2,"=""281.8890""","=""0.0010""","=""281.88873""","=""0.00004""","=""810""","=""8.0e+06""",C,"=""11321.860""","=""46786.409""","=""3d7.(4F).4s""","=""b 3F""","=""2""","=""3d7.(4F).4p""","=""z 5F*""","=""1""",5,3,,"=""T6135""","=""L4687c119""",
Co,2,"=""281.94005""","=""0.00019""","=""281.939775""","=""0.000024""","=""330""","=""2.3e+06""",D,"=""48556.052""","=""84014.181""","=""3d7.(4F).4p""","=""z 3G*""","=""5""","=""3d7.(4F).5s""","=""e 5F""","=""5""",11,11,,"=""T6999""","=""L9429c118""",
Co,2,"=""281.97943""","=""0.00005""","=""281.97952""","=""0.00004""","=""1200""","=""2.1e+07""",D,"=""73147.041""","=""108600.173""","=""3d7.(2H).4p""","=""y 1G*""","=""4""","=""3d7.(2G).4d""","=""1H""","=""5""",9,11,,"=""T6999""","=""L9429c118""",
Co,2,"=""282.04131""","=""0.00014""","=""282.04150""","=""0.00003""","=""450""","=""4.6e+06""",D,"=""50036.348""","=""85481.689""","=""3d7.(4F).4p""","=""z 3G*""","=""3""","=""3d7.(4F).5s""","=""e 3F""","=""4""",7,9,,"=""T6999""","=""L9429c118""",
Co,2,"=""282.1198""","=""0.0015""","=""282.11950""","=""0.00003""","=""280bl""","=""6.e+06""",D,"=""63586.987""","=""99022.528""","=""3d7.(4P).4p""","=""y 3D*""","=""3""","=""3d7.(4P).5s""","=""5P""","=""3""",7,7,,"=""T6999""","=""L4687c119""",
Co,2,"=""282.13629""","=""0.00009""","=""282.136336""","=""0.000024""","=""590""","=""1.3e+07""",D,"=""66017.647""","=""101451.074""","=""3d7.(2G).4p""","=""z 1F*""","=""3""","=""3d7.(2G).5s""","=""f 3G""","=""4""",7,9,,"=""T6999""","=""L9429c118""",
Co,2,"=""282.14465""","=""0.00005""","=""282.144673""","=""0.000017""","=""1300""","=""2.1e+07""",D,"=""50914.325""","=""86346.705""","=""3d7.(4F).4p""","=""z 3F*""","=""2""","=""3d7.(4F).5s""","=""e 3F""","=""3""",5,7,,"=""T6999""","=""L9429c118""",
Co,2,"=""282.1806""","=""0.0010""","=""282.18050""","=""0.00006""","=""83""","=""3.9e+06""",D,"=""51512.268""","=""86940.150""","=""3d7.(4F).4p""","=""z 3D*""","=""3""","=""3d7.(4F).5s""","=""e 3F""","=""2""",7,5,,"=""T6999""","=""L4687c119""",
Co,2,"=""282.26916""","=""0.00008""","=""282.269107""","=""0.000024""","=""1100""","=""4.0e+07""",D,"=""64914.630""","=""100331.391""","=""3d7.(4P).4p""","=""y 3P*""","=""2""","=""3d7.(4P).5s""","=""3P""","=""2""",5,5,,"=""T6999""","=""L9429c118""",
Co,2,"=""282.29872""","=""0.00004""","=""282.298696""","=""0.000024""","=""2000""","=""1.13e+08""",C+,"=""71702.960""","=""107116.009""","=""3d7.(2H).4p""","=""y 3H*""","=""5""","=""3d7.(2H).5s""","=""3H""","=""5""",11,11,,"=""T6999""","=""L9429c118""",
Co,2,"=""282.3510""","=""0.0010""","=""282.35061""","=""0.00003""","=""140""","=""4.9e+06""",D,"=""63615.990""","=""99022.528""","=""3d7.(4P).4p""","=""y 3D*""","=""2""","=""3d7.(4P).5s""","=""5P""","=""3""",5,7,,"=""T6999""","=""L4687c119""",
Co,2,"=""282.52359""","=""0.00008""","=""282.52367""","=""0.00003""","=""1500""","=""1.7e+06""",C+,"=""9812.860""","=""45197.711""","=""3d7.(4F).4s""","=""b 3F""","=""4""","=""3d7.(4F).4p""","=""z 5F*""","=""5""",9,11,,"=""T4776""","=""L9429c118""",
Co,2,"=""282.6407""","=""0.0015""","=""282.64237""","=""0.00006""","=""28""","=""4.e+05""",E,"=""63865.170""","=""99235.161""","=""3d7.(4P).4p""","=""y 3D*""","=""1""","=""3d7.(4P).5s""","=""5P""","=""2""",3,5,,"=""T6999""","=""L4687c119""",
Co,2,"=""282.74997""","=""0.00014""","=""282.75003""","=""0.00014""","=""370""","=""4.1e+07""",D,"=""73144.338""","=""108500.862""","=""3d7.(2D2).4p""","=""x 3P*""","=""1""","=""3d7.(2D2).5s""","=""3D""","=""1""",3,3,,"=""T6999""","=""L9429c118""",
Co,2,"=""282.90868""","=""0.00012""","=""282.90826""","=""0.00003""","=""400""","=""4.7e+06""",D,"=""29268.777""","=""64605.527""","=""3d7.(2D2).4s""","=""a 3D""","=""1""","=""3d7.(2P).4p""","=""z 3P*""","=""0""",3,1,,"=""T6999""","=""L9429c118""",
Co,2,"=""283.1352""","=""0.0003""","=""283.13514""","=""0.00013""","=""510""","=""4.5e+07""",D,"=""71846.441""","=""107154.877""","=""3d7.(2D2).4p""","=""x 3P*""","=""2""","=""3d7.(2D2).5s""","=""3D""","=""3""",5,7,,"=""T6999""","=""L9429c118""",
Co,2,"=""283.18019""","=""0.00014""","=""283.179712""","=""0.000024""","=""300""","=""8.e+06""",D,"=""65028.512""","=""100331.391""","=""3d7.(2P).4p""","=""z 3P*""","=""1""","=""3d7.(4P).5s""","=""3P""","=""2""",3,5,,"=""T6999""","=""L9429c118""",
Co,2,"=""283.49426""","=""0.00010""","=""283.49431""","=""0.00003""","=""350bl(Co I)""","=""1.00e+06""",C,"=""10708.331""","=""45972.036""","=""3d7.(4F).4s""","=""b 3F""","=""3""","=""3d7.(4F).4p""","=""z 5F*""","=""3""",7,7,,"=""T4776""","=""L9429c118""",
Co,2,"=""283.69686""","=""0.00018""","=""283.69658""","=""0.00004""","=""260""","=""3.0e+06""",D,"=""49348.304""","=""84586.868""","=""3d7.(4F).4p""","=""z 3G*""","=""4""","=""3d7.(4F).5s""","=""e 5F""","=""4""",9,9,,"=""T6999""","=""L9429c118""",
Co,2,"=""283.76928""","=""0.00006""","=""283.76924""","=""0.00005""","=""740""","=""1.4e+08""",D,"=""65657.249""","=""100886.79""","=""3d7.(4P).4p""","=""y 3P*""","=""1""","=""3d7.(4P).5s""","=""3P""","=""0""",3,1,,"=""T6999""","=""L9429c118""",
Co,2,"=""284.10443""","=""0.00015""","=""284.10409""","=""0.00003""","=""260""","=""1.8e+07""",D,"=""65408.365""","=""100596.386""","=""3d7.(2P).4p""","=""z 3P*""","=""2""","=""3d7.(4P).5s""","=""3P""","=""1""",5,3,,"=""T6999""","=""L9429c118""",
Co,2,"=""284.17991""","=""0.00011""","=""284.17994""","=""0.00003""","=""350""","=""9.e+06""",D,"=""72535.108""","=""107713.738""","=""3d7.(2D2).4p""","=""y 1F*""","=""3""","=""3d7.(2G).4d""","=""3D""","=""2""",7,5,,"=""T6999""","=""L9429c118""",
Co,3,"=""""","=""""","=""284.3716""","=""0.0018""","=""""","=""1.3e-01""",C,"=""1867.50""","=""37022.42""","=""3d7""","=""a 4F""","=""3/2""","=""3d7""","=""a 2F""","=""5/2""",4,6,M1+E2,"=""u37""","=""""",
Co,2,"=""284.51884""","=""0.00008""","=""284.51869""","=""0.00003""","=""740""","=""2.7e+07""",D,"=""72535.108""","=""107671.856""","=""3d7.(2D2).4p""","=""y 1F*""","=""3""","=""3d7.(2G).4d""","=""1F""","=""3""",7,7,,"=""T6999""","=""L9429c118""",
Co,2,"=""284.5659""","=""0.0015""","=""284.56283""","=""0.00005""","=""790*""","=""6.e+05""",E,"=""50036.348""","=""85167.645""","=""3d7.(4F).4p""","=""z 3G*""","=""3""","=""3d7.(4F).5s""","=""e 5F""","=""3""",7,7,,"=""T6999""","=""L4687c119""",
Co,2,"=""284.5659""","=""0.0015""","=""284.56654""","=""0.00003""","=""790*""","=""3.e+05""",E,"=""11321.860""","=""46452.700""","=""3d7.(4F).4s""","=""b 3F""","=""2""","=""3d7.(4F).4p""","=""z 5F*""","=""2""",5,5,,"=""T6999""","=""L4687c119""",
Co,2,"=""284.81690""","=""0.00004""","=""284.81686""","=""0.00003""","=""2000""","=""2.0e+07""",D,"=""50381.724""","=""85481.689""","=""3d7.(4F).4p""","=""z 3F*""","=""3""","=""3d7.(4F).5s""","=""e 3F""","=""4""",7,9,,"=""T6999""","=""L9429c118""",
Co,2,"=""284.87687""","=""0.00013""","=""284.87692""","=""0.00007""","=""300""","=""7.e+06""",D,"=""71846.441""","=""106939.007""","=""3d7.(2D2).4p""","=""x 3P*""","=""2""","=""3d7.(4P).4d""","=""3D""","=""3""",5,7,,"=""T6999""","=""L9429c118""",
Co,2,"=""284.94337""","=""0.00013""","=""284.94327""","=""0.00003""","=""320""","=""2.8e+07""",D,"=""65511.991""","=""100596.386""","=""3d7.(4P).4p""","=""y 3P*""","=""0""","=""3d7.(4P).5s""","=""3P""","=""1""",1,3,,"=""T6999""","=""L9429c118""",
Co,2,"=""285.14456""","=""0.00017""","=""285.14471""","=""0.00003""","=""390""","=""9.e+06""",D,"=""72654.127""","=""107713.738""","=""3d7.(2D2).4p""","=""y 1D*""","=""2""","=""3d7.(2G).4d""","=""3D""","=""2""",5,5,,"=""T6999""","=""L9429c118""",
Co,2,"=""285.39940""","=""0.00016""","=""285.39935""","=""0.00007""","=""320""","=""3.7e+07""",D,"=""73472.531""","=""108500.862""","=""3d7.(2D2).4p""","=""x 3P*""","=""0""","=""3d7.(2D2).5s""","=""3D""","=""1""",1,3,,"=""T6999""","=""L9429c118""",
Co,2,"=""285.9415""","=""0.0010""","=""285.94129""","=""0.00003""","=""130""","=""1.7e+06""",D,"=""50914.325""","=""85876.271""","=""3d7.(4F).4p""","=""z 3F*""","=""2""","=""3d7.(4F).5s""","=""e 5F""","=""1""",5,3,,"=""T6999""","=""L4687c119""",
Co,3,"=""286.007""","=""0.002""","=""286.0061""","=""0.0003""","=""23""","=""1.2e+06""",D+,"=""72343.066""","=""107297.091""","=""3d6.(3P2).4s""","=""b 4P""","=""3/2""","=""3d6.(5D).4p""","=""z 4D*""","=""3/2""",4,4,,"=""u37""","=""L3537c164""",
Co,2,"=""286.12794""","=""0.00016""","=""286.12796""","=""0.00003""","=""370""","=""3.5e+07""",D,"=""65657.249""","=""100596.386""","=""3d7.(4P).4p""","=""y 3P*""","=""1""","=""3d7.(4P).5s""","=""3P""","=""1""",3,3,,"=""T6999""","=""L9429c118""",
Co,2,"=""286.15962""","=""0.00009""","=""286.15946""","=""0.00003""","=""940""","=""1.2e+07""",D,"=""74376.792""","=""109312.083""","=""3d7.(2H).4p""","=""y 1H*""","=""5""","=""3d7.(2G).4d""","=""1G""","=""4""",11,9,,"=""T6999""","=""L9429c118""",
Co,1,"=""""","=""""","=""286.2600""","=""""","=""""","=""6.6e+05""",C,"=""1406.84""","=""36329.86""","=""3p6.3d7.4s2""","=""a 4F""","=""5/2""","=""3p6.3d8.(3F).4p""","=""y 2F*""","=""5/2""",6,6,,"=""T4223""","=""""",
Co,2,"=""286.26025""","=""0.00004""","=""286.259969""","=""0.000025""","=""3700bl(Co I)""","=""4.4e+07""",D,"=""65408.365""","=""100331.391""","=""3d7.(2P).4p""","=""z 3P*""","=""2""","=""3d7.(4P).5s""","=""3P""","=""2""",5,5,,"=""T6999""","=""L9429c118""",
Co,2,"=""286.53743""","=""0.00008""","=""286.537642""","=""0.000025""","=""980""","=""1.1e+07""",D,"=""49697.683""","=""84586.868""","=""3d7.(4F).4p""","=""z 3F*""","=""4""","=""3d7.(4F).5s""","=""e 5F""","=""4""",9,9,,"=""T6999""","=""L9429c118""",
Co,2,"=""286.66110""","=""0.00006""","=""286.661106""","=""0.000025""","=""1800""","=""6.3e+07""",C+,"=""73147.041""","=""108021.200""","=""3d7.(2H).4p""","=""y 1G*""","=""4""","=""3d7.(2H).5s""","=""1H""","=""5""",9,11,,"=""T6999""","=""L9429c118""",
Co,2,"=""286.98789""","=""0.00007""","=""286.988004""","=""0.000017""","=""1300""","=""3.0e+07""",D,"=""51512.268""","=""86346.705""","=""3d7.(4F).4p""","=""z 3D*""","=""3""","=""3d7.(4F).5s""","=""e 3F""","=""3""",7,7,,"=""T6999""","=""L9429c118""",
Co,2,"=""287.12155""","=""0.00003""","=""287.121554""","=""0.000025""","=""18000""","=""2.8e+07""",D,"=""31199.412""","=""66017.647""","=""3d7.(2D2).4s""","=""b 1D""","=""2""","=""3d7.(2G).4p""","=""z 1F*""","=""3""",5,7,,"=""T6999""","=""L9429c118""",
Co,2,"=""287.3885""","=""0.0010""","=""287.38829""","=""0.00005""","=""500""","=""4.7e+06""",D,"=""50381.724""","=""85167.645""","=""3d7.(4F).4p""","=""z 3F*""","=""3""","=""3d7.(4F).5s""","=""e 5F""","=""3""",7,7,,"=""T6999""","=""L4687c119""",
Co,2,"=""287.9384""","=""0.0003""","=""287.93782""","=""0.00010""","=""630""","=""9.e+06""",D,"=""74522.916""","=""109242.450""","=""3d7.(2D2).4p""","=""y 1P*""","=""1""","=""3d7.(2G).4d""","=""3F""","=""2""",3,5,,"=""T6999""","=""L9429c118""",
Co,2,"=""288.0135""","=""0.0003""","=""288.01339""","=""0.00006""","=""1100""","=""3.0e+07""",D,"=""52229.725""","=""86940.150""","=""3d7.(4F).4p""","=""z 3D*""","=""2""","=""3d7.(4F).5s""","=""e 3F""","=""2""",5,5,,"=""T6999""","=""L9429c118""",
Co,2,"=""288.2501""","=""0.0005""","=""288.250743""","=""0.000025""","=""360""","=""2.6e+06""",D,"=""50914.325""","=""85596.170""","=""3d7.(4F).4p""","=""z 3F*""","=""2""","=""3d7.(4F).5s""","=""e 5F""","=""2""",5,5,,"=""T6999""","=""L9429c118""",
Co,2,"=""288.31484""","=""0.00008""","=""288.314782""","=""0.000025""","=""490""","=""2.0e+07""",D,"=""65657.249""","=""100331.391""","=""3d7.(4P).4p""","=""y 3P*""","=""1""","=""3d7.(4P).5s""","=""3P""","=""2""",3,5,,"=""T6999""","=""L9429c118""",
Co,2,"=""288.3836""","=""0.0010""","=""288.383525""","=""0.000025""","=""190""","=""4.0e+05""",D,"=""49348.304""","=""84014.181""","=""3d7.(4F).4p""","=""z 3G*""","=""4""","=""3d7.(4F).5s""","=""e 5F""","=""5""",9,11,,"=""T6999""","=""L4687c119""",
Co,3,"=""""","=""""","=""288.6152""","=""0.0020""","=""""","=""3.9e-01""",C,"=""23060.95""","=""57699.0""","=""3d7""","=""a 2D2""","=""5/2""","=""3d7""","=""b 2D1""","=""5/2""",6,6,E2,"=""u37""","=""""",
Co,1,"=""288.644""","=""""","=""288.6443""","=""""","=""190""","=""1.6e+06""",C,"=""816.00""","=""35450.56""","=""3p6.3d7.4s2""","=""a 4F""","=""7/2""","=""3p6.3d8.(3F).4p""","=""y 2F*""","=""7/2""",8,8,,"=""T4223""","=""L3475""",
Co,3,"=""288.8341""","=""0.0010""","=""288.8346""","=""0.0003""","=""88""","=""1.8e+06""",D+,"=""72343.066""","=""106954.805""","=""3d6.(3P2).4s""","=""b 4P""","=""3/2""","=""3d6.(5D).4p""","=""z 4D*""","=""5/2""",4,6,,"=""u37""","=""L6156""",
Co,2,"=""289.032""","=""""","=""289.032092""","=""0.000020""","=""1300:""","=""7.0e+06""",D+,"=""13260.688""","=""47848.781""","=""3d8""","=""a 3P""","=""2""","=""3d7.(4F).4p""","=""z 5D*""","=""1""",5,3,,"=""T6135""","=""L18302""",
Co,2,"=""289.04229""","=""0.00004""","=""289.04233""","=""0.00003""","=""11000""","=""8.e+06""",D,"=""30567.173""","=""65154.041""","=""3d7.(2H).4s""","=""a 1H""","=""5""","=""3d7.(2G).4p""","=""y 3G*""","=""4""",11,9,,"=""T6999""","=""L9429c118""",
Co,2,"=""289.3487""","=""0.0010""","=""289.34642""","=""0.00005""","=""240""","=""1.3e+05""",E,"=""50036.348""","=""84586.868""","=""3d7.(4F).4p""","=""z 3G*""","=""3""","=""3d7.(4F).5s""","=""e 5F""","=""4""",7,9,,"=""T6999""","=""L4687c119""",
Co,2,"=""289.56212""","=""0.00018""","=""289.56186""","=""0.00003""","=""330""","=""1.2e+07""",D,"=""73147.041""","=""107671.856""","=""3d7.(2H).4p""","=""y 1G*""","=""4""","=""3d7.(2G).4d""","=""1F""","=""3""",9,7,,"=""T6999""","=""L9429c118""",
Co,2,"=""289.77524""","=""0.00005""","=""289.775111""","=""0.000020""","=""2200""","=""3.6e+07""",C+,"=""73147.041""","=""107646.450""","=""3d7.(2H).4p""","=""y 1G*""","=""4""","=""3d7.(2G).4d""","=""3H""","=""5""",9,11,,"=""T6999""","=""L9429c118""",
Co,2,"=""290.69474""","=""0.00020""","=""290.69444""","=""0.00003""","=""860""","=""4.e+05""",E,"=""30567.173""","=""64957.482""","=""3d7.(2H).4s""","=""a 1H""","=""5""","=""3d7.(2G).4p""","=""z 1H*""","=""5""",11,11,,"=""T6999""","=""L9429c118""",
Co,2,"=""290.70007""","=""0.00018""","=""290.69973""","=""0.00013""","=""490""","=""1.8e+07""",D,"=""74522.916""","=""108912.599""","=""3d7.(2D2).4p""","=""y 1P*""","=""1""","=""3d7.(2G).4d""","=""1D""","=""2""",3,5,,"=""T6999""","=""L9429c118""",
Co,2,"=""291.3204""","=""0.0010""","=""291.31972""","=""0.00003""","=""120""","=""3.1e+05""",E,"=""49697.683""","=""84014.181""","=""3d7.(4F).4p""","=""z 3F*""","=""4""","=""3d7.(4F).5s""","=""e 5F""","=""5""",9,11,,"=""T6999""","=""L4687c119""",
Co,3,"=""291.530""","=""0.002""","=""291.5305""","=""0.0003""","=""20""","=""1.9e+06""",D,"=""73216.056""","=""107507.748""","=""3d6.(3P2).4s""","=""b 4P""","=""1/2""","=""3d6.(5D).4p""","=""z 4D*""","=""1/2""",2,2,,"=""u37""","=""L3537c164""",
Co,2,"=""291.7562""","=""0.0003""","=""291.75640""","=""0.00003""","=""280""","=""5.2e+06""",D,"=""73144.338""","=""107409.476""","=""3d7.(2D2).4p""","=""x 3P*""","=""1""","=""3d7.(4P).4d""","=""3D""","=""2""",3,5,,"=""T6999""","=""L9429c118""",
Co,2,"=""291.83827""","=""0.00006""","=""291.83835""","=""0.00006""","=""1600*""","=""7.e+07""",D,"=""52684.634""","=""86940.150""","=""3d7.(4F).4p""","=""z 3D*""","=""1""","=""3d7.(4F).5s""","=""e 3F""","=""2""",3,5,,"=""T6999""","=""L9429c118""",
Co,2,"=""291.83827""","=""0.00006""","=""291.83855""","=""0.00004""","=""1600*""","=""7.0e+06""",D+,"=""13593.288""","=""47848.781""","=""3d8""","=""a 3P""","=""0""","=""3d7.(4F).4p""","=""z 5D*""","=""1""",1,3,,"=""T6135""","=""L9429c118""",
Co,2,"=""291.8568""","=""0.0010""","=""291.85706""","=""0.00004""","=""46""","=""7.e+05""",D,"=""50914.325""","=""85167.645""","=""3d7.(4F).4p""","=""z 3F*""","=""2""","=""3d7.(4F).5s""","=""e 5F""","=""3""",5,7,,"=""T6999""","=""L4687c119""",
Co,2,"=""292.2679""","=""0.0010""","=""292.26814""","=""0.00005""","=""450""","=""1.5e+06""",D,"=""50381.724""","=""84586.868""","=""3d7.(4F).4p""","=""z 3F*""","=""3""","=""3d7.(4F).5s""","=""e 5F""","=""4""",7,9,,"=""T6999""","=""L4687c119""",
Co,3,"=""""","=""""","=""292.615""","=""0.003""","=""""","=""6.2e-01""",C,"=""23060.95""","=""57225.6""","=""3d7""","=""a 2D2""","=""5/2""","=""3d7""","=""b 2D1""","=""3/2""",6,4,M1+E2,"=""u37""","=""""",
Co,1,"=""""","=""""","=""292.8809""","=""""","=""""","=""2.5e+05""",C,"=""0.00""","=""34133.59""","=""3p6.3d7.4s2""","=""a 4F""","=""9/2""","=""3p6.3d8.(3F).4p""","=""y 2G*""","=""7/2""",10,8,,"=""T4223""","=""""",
Co,2,"=""293.02347""","=""0.00004""","=""293.023449""","=""0.000017""","=""2200""","=""6.5e+07""",C+,"=""52229.725""","=""86346.705""","=""3d7.(4F).4p""","=""z 3D*""","=""2""","=""3d7.(4F).5s""","=""e 3F""","=""3""",5,7,,"=""T6999""","=""L9429c118""",
Co,3,"=""293.3320""","=""0.0010""","=""293.3325""","=""0.0003""","=""31""","=""1.0e+06""",D,"=""73216.056""","=""107297.091""","=""3d6.(3P2).4s""","=""b 4P""","=""1/2""","=""3d6.(5D).4p""","=""z 4D*""","=""3/2""",2,4,,"=""u37""","=""L6156""",
Co,2,"=""294.24578""","=""0.00022""","=""294.24588""","=""0.00003""","=""560""","=""4.e+05""",E,"=""31199.412""","=""65174.661""","=""3d7.(2D2).4s""","=""b 1D""","=""2""","=""3d7.(2G).4p""","=""y 3G*""","=""3""",5,7,,"=""T6999""","=""L9429c118""",
Co,2,"=""294.2964""","=""""","=""294.29636""","=""0.00003""","=""4100bl:""","=""6.3e+07""",C+,"=""51512.268""","=""85481.689""","=""3d7.(4F).4p""","=""z 3D*""","=""3""","=""3d7.(4F).5s""","=""e 3F""","=""4""",7,9,,"=""T6999""","=""L9429c119""",
Co,2,"=""294.3003""","=""""","=""294.30029""","=""0.00003""","=""410bl:""","=""1.6e+07""",D,"=""73147.041""","=""107116.009""","=""3d7.(2H).4p""","=""y 1G*""","=""4""","=""3d7.(2H).5s""","=""3H""","=""5""",9,11,,"=""T6999""","=""L9429c119""",
Co,2,"=""295.41890""","=""0.00014""","=""295.41903""","=""0.00003""","=""360""","=""3.1e+06""",D,"=""74376.792""","=""108217.126""","=""3d7.(2H).4p""","=""y 1H*""","=""5""","=""3d7.(2G).4d""","=""3I""","=""5""",11,11,,"=""T6999""","=""L9429c118""",
Co,2,"=""295.47271""","=""0.00004""","=""295.47272""","=""0.00003""","=""34000""","=""2.6e+07""",D,"=""30567.173""","=""64401.359""","=""3d7.(2H).4s""","=""a 1H""","=""5""","=""3d7.(2G).4p""","=""z 1G*""","=""4""",11,9,,"=""T6999""","=""L9429c118""",
Co,2,"=""297.0415""","=""0.0015""","=""297.04261""","=""0.00004""","=""64D""","=""9.e+05""",D,"=""51512.268""","=""85167.645""","=""3d7.(4F).4p""","=""z 3D*""","=""3""","=""3d7.(4F).5s""","=""e 5F""","=""3""",7,7,,"=""T6999""","=""L4687c119""",
Co,3,"=""297.134""","=""0.002""","=""297.1367""","=""0.0004""","=""18""","=""2.7e+06""",D+,"=""73863.028""","=""107507.748""","=""3d6.(3F2).4s""","=""b 4F""","=""3/2""","=""3d6.(5D).4p""","=""z 4D*""","=""1/2""",4,2,,"=""u37""","=""L3537c164""",
Co,2,"=""297.13914""","=""0.00004""","=""297.13946""","=""0.00003""","=""3600bl(Co I)""","=""1.00e+08""",C+,"=""74376.792""","=""108021.200""","=""3d7.(2H).4p""","=""y 1H*""","=""5""","=""3d7.(2H).5s""","=""1H""","=""5""",11,11,,"=""T6999""","=""L9429c118""",
Co,3,"=""297.372""","=""0.002""","=""297.3696""","=""0.0011""","=""50""","=""3.2e+06""",D+,"=""105698.48""","=""139316.85""","=""3d6.(3P1).4s""","=""c 4P""","=""3/2""","=""3d6.(3D).4p""","=""x 4P*""","=""1/2""",4,2,,"=""u37""","=""L3537c164""",
Co,3,"=""297.8052""","=""0.0010""","=""297.8058""","=""0.0004""","=""41""","=""2.1e+06""",D+,"=""73727.954""","=""107297.091""","=""3d6.(3F2).4s""","=""b 4F""","=""5/2""","=""3d6.(5D).4p""","=""z 4D*""","=""3/2""",6,4,,"=""u37""","=""L6156""",
Co,3,"=""298.6183""","=""0.0010""","=""298.6184""","=""0.0004""","=""6""","=""2.1e+05""",D,"=""73287.242""","=""106765.031""","=""3d6.(3F2).4s""","=""b 4F""","=""9/2""","=""3d6.(5D).4p""","=""z 4F*""","=""9/2""",10,10,,"=""u37""","=""L6156""",
Co,1,"=""298.716""","=""""","=""298.7158""","=""""","=""690""","=""4.9e+06""",B,"=""0.00""","=""33466.87""","=""3p6.3d7.4s2""","=""a 4F""","=""9/2""","=""3p6.3d8.(3F).4p""","=""*""","=""7/2""",10,8,,"=""T4223""","=""L3475""",
Co,3,"=""""","=""""","=""298.775""","=""0.003""","=""""","=""2.9e-01""",C,"=""24238.81""","=""57699.0""","=""3d7""","=""a 2D2""","=""3/2""","=""3d7""","=""b 2D1""","=""5/2""",4,6,M1+E2,"=""u37""","=""""",
Co,1,"=""298.959""","=""""","=""298.9584""","=""""","=""690""","=""3.8e+06""",C+,"=""0.00""","=""33439.72""","=""3p6.3d7.4s2""","=""a 4F""","=""9/2""","=""3p6.3d8.(3F).4p""","=""y 2G*""","=""9/2""",10,10,,"=""T4223""","=""L3475""",
Co,3,"=""299.008""","=""0.002""","=""299.0089""","=""0.0003""","=""12""","=""5.e+05""",D,"=""73863.028""","=""107297.091""","=""3d6.(3F2).4s""","=""b 4F""","=""3/2""","=""3d6.(5D).4p""","=""z 4D*""","=""3/2""",4,4,,"=""u37""","=""L3537c164""",
Co,3,"=""299.1956""","=""0.0010""","=""299.1954""","=""0.0003""","=""83""","=""2.0e+06""",D+,"=""73541.580""","=""106954.805""","=""3d6.(3F2).4s""","=""b 4F""","=""7/2""","=""3d6.(5D).4p""","=""z 4D*""","=""5/2""",8,6,,"=""u37""","=""L6156""",
Co,1,"=""""","=""""","=""300.0543""","=""""","=""""","=""7.0e+05""",C,"=""816.00""","=""34133.59""","=""3p6.3d7.4s2""","=""a 4F""","=""7/2""","=""3p6.3d8.(3F).4p""","=""y 2G*""","=""7/2""",8,8,,"=""T4223""","=""""",
Co,2,"=""300.48648""","=""0.00010""","=""300.48659""","=""0.00004""","=""680""","=""8.e+06""",D,"=""74376.792""","=""107646.450""","=""3d7.(2H).4p""","=""y 1H*""","=""5""","=""3d7.(2G).4d""","=""3H""","=""5""",11,11,,"=""T6999""","=""L9429c118""",
Co,2,"=""300.88560""","=""0.00010""","=""300.885567""","=""0.000021""","=""860""","=""1.1e+06""",D,"=""30567.173""","=""63792.717""","=""3d7.(2H).4s""","=""a 1H""","=""5""","=""3d7.(2G).4p""","=""z 3H*""","=""4""",11,9,,"=""T6999""","=""L9429c118""",
Co,3,"=""301.0990""","=""0.0010""","=""301.0973""","=""0.0003""","=""140""","=""2.1e+06""",D+,"=""73287.242""","=""106489.424""","=""3d6.(3F2).4s""","=""b 4F""","=""9/2""","=""3d6.(5D).4p""","=""z 4D*""","=""7/2""",10,8,,"=""u37""","=""L6156""",
Co,1,"=""""","=""""","=""301.3589""","=""""","=""""","=""1.4e+06""",C+,"=""0.00""","=""33173.36""","=""3p6.3d7.4s2""","=""a 4F""","=""9/2""","=""3p6.3d8.(3F).4p""","=""*""","=""7/2""",10,8,,"=""T4223""","=""""",
Co,1,"=""""","=""""","=""301.7542""","=""""","=""""","=""6.9e+06""",C+,"=""816.00""","=""33945.90""","=""3p6.3d7.4s2""","=""a 4F""","=""7/2""","=""3p6.3d8.(3F).4p""","=""*""","=""5/2""",8,6,,"=""T4223""","=""""",
Co,2,"=""302.25891""","=""0.00007""","=""302.25879""","=""0.00005""","=""710""","=""9.e+06""",D,"=""51512.268""","=""84586.868""","=""3d7.(4F).4p""","=""z 3D*""","=""3""","=""3d7.(4F).5s""","=""e 5F""","=""4""",7,9,,"=""T6999""","=""L9429c118""",
Co,2,"=""302.6645""","=""0.0003""","=""302.66490""","=""0.00003""","=""520""","=""1.4e+05""",E,"=""30567.173""","=""63597.396""","=""3d7.(2H).4s""","=""a 1H""","=""5""","=""3d7.(2G).4p""","=""z 3H*""","=""6""",11,13,,"=""T6999""","=""L9429c118""",
Co,3,"=""""","=""""","=""303.063""","=""0.003""","=""""","=""7.0e-01""",C,"=""24238.81""","=""57225.6""","=""3d7""","=""a 2D2""","=""3/2""","=""3d7""","=""b 2D1""","=""3/2""",4,4,E2,"=""u37""","=""""",
Co,1,"=""""","=""""","=""303.4425""","=""""","=""""","=""1.4e+06""",C,"=""1406.84""","=""34352.42""","=""3p6.3d7.4s2""","=""a 4F""","=""5/2""","=""3p6.3d7.(4F).4s.4p.(3P*)""","=""z 2D*""","=""3/2""",6,4,,"=""T4223""","=""""",
Co,2,"=""303.46620""","=""0.00012""","=""303.466232""","=""0.000020""","=""2800""","=""4.9e+06""",D,"=""30567.173""","=""63510.180""","=""3d7.(2H).4s""","=""a 1H""","=""5""","=""3d7.(2G).4p""","=""y 3F*""","=""4""",11,9,,"=""T6999""","=""L9429c118""",
Co,2,"=""303.51322""","=""0.00010""","=""303.51310""","=""0.00005""","=""190""","=""4.0e+06""",D,"=""52229.725""","=""85167.645""","=""3d7.(4F).4p""","=""z 3D*""","=""2""","=""3d7.(4F).5s""","=""e 5F""","=""3""",5,7,,"=""T6999""","=""L9429c118""",
Co,2,"=""303.7567""","=""0.0010""","=""303.75643""","=""0.00003""","=""160""","=""1.8e+06""",D,"=""52684.634""","=""85596.170""","=""3d7.(4F).4p""","=""z 3D*""","=""1""","=""3d7.(4F).5s""","=""e 5F""","=""2""",3,5,,"=""T6999""","=""L4687c119""",
Co,1,"=""""","=""""","=""304.2478""","=""""","=""""","=""1.9e+06""",C+,"=""816.00""","=""33674.38""","=""3p6.3d7.4s2""","=""a 4F""","=""7/2""","=""3p6.3d8.(3F).4p""","=""y 4G*""","=""5/2""",8,6,,"=""T4223""","=""""",
Co,1,"=""304.400""","=""""","=""304.3997""","=""""","=""3100""","=""1.9e+07""",C+,"=""0.00""","=""32841.99""","=""3p6.3d7.4s2""","=""a 4F""","=""9/2""","=""3p6.3d8.(3F).4p""","=""y 4F*""","=""9/2""",10,10,,"=""T4223""","=""L3475""",
Co,1,"=""""","=""""","=""304.8882""","=""""","=""""","=""7.5e+06""",C+,"=""1406.84""","=""34196.21""","=""3p6.3d7.4s2""","=""a 4F""","=""5/2""","=""3p6.3d8.(3F).4p""","=""y 4F*""","=""3/2""",6,4,,"=""T4223""","=""""",
Co,2,"=""305.01017""","=""0.00015""","=""305.00974""","=""0.00007""","=""120""","=""2.5e+07""",D,"=""72654.127""","=""105430.432""","=""3d7.(2D2).4p""","=""y 1D*""","=""2""","=""3d7.(2P).5s""","=""1P""","=""1""",5,3,,"=""T6999""","=""L9429c118""",
Co,2,"=""305.04958""","=""0.00004""","=""305.04984""","=""0.00003""","=""2800bl(Co I)""","=""3.e+05""",E,"=""67824.389""","=""100596.386""","=""3d7.(2P).4p""","=""x 3D*""","=""1""","=""3d7.(4P).5s""","=""3P""","=""1""",3,3,,"=""T6999""","=""L9429c118""",
Co,2,"=""305.35534""","=""0.00022""","=""305.35528""","=""0.00003""","=""220""","=""1.4e+07""",D,"=""74376.792""","=""107116.009""","=""3d7.(2H).4p""","=""y 1H*""","=""5""","=""3d7.(2H).5s""","=""3H""","=""5""",11,11,,"=""T6999""","=""L9429c118""",
Co,1,"=""""","=""""","=""305.4126""","=""""","=""""","=""2.2e+04""",E,"=""0.00""","=""32733.07""","=""3p6.3d7.4s2""","=""a 4F""","=""9/2""","=""3p6.3d7.(4F).4s.4p.(3P*)""","=""z 2G*""","=""7/2""",10,8,,"=""T4223""","=""""",
Co,1,"=""""","=""""","=""305.4716""","=""""","=""""","=""1.6e+05""",C,"=""1406.84""","=""34133.59""","=""3p6.3d7.4s2""","=""a 4F""","=""5/2""","=""3p6.3d8.(3F).4p""","=""y 2G*""","=""7/2""",6,8,,"=""T4223""","=""""",
Co,2,"=""306.0542""","=""0.0010""","=""306.05730""","=""0.00005""","=""40""","=""2.4e+06""",D,"=""69356.240""","=""102020.364""","=""3d7.(2H).4p""","=""x 3G*""","=""3""","=""3d7.(2G).5s""","=""f 3G""","=""3""",7,7,,"=""T6999""","=""L4687c119""",
Co,1,"=""306.182""","=""""","=""306.1815""","=""""","=""1700""","=""1.6e+07""",C+,"=""816.00""","=""33466.87""","=""3p6.3d7.4s2""","=""a 4F""","=""7/2""","=""3p6.3d8.(3F).4p""","=""*""","=""7/2""",8,8,,"=""T4223""","=""L3475""",
Co,1,"=""""","=""""","=""306.2194""","=""""","=""""","=""4.0e+05""",C,"=""816.00""","=""33462.83""","=""3p6.3d7.4s2""","=""a 4F""","=""7/2""","=""3p6.3d7.(4F).4s.4p.(3P*)""","=""z 2D*""","=""5/2""",8,6,,"=""T4223""","=""""",
Co,1,"=""""","=""""","=""306.4364""","=""""","=""""","=""5.5e+05""",C+,"=""816.00""","=""33439.72""","=""3p6.3d7.4s2""","=""a 4F""","=""7/2""","=""3p6.3d8.(3F).4p""","=""y 2G*""","=""9/2""",8,10,,"=""T4223""","=""""",
Co,2,"=""306.5881""","=""0.0015""","=""306.58743""","=""0.00003""","=""20""","=""1.4e+06""",D,"=""68843.428""","=""101451.074""","=""3d7.(2H).4p""","=""x 3G*""","=""4""","=""3d7.(2G).5s""","=""f 3G""","=""4""",9,9,,"=""T6999""","=""L4687c119""",
Co,2,"=""306.97755""","=""0.00017""","=""306.97772""","=""0.00008""","=""210""","=""1.9e+07""",D,"=""71846.441""","=""104412.631""","=""3d7.(2D2).4p""","=""x 3P*""","=""2""","=""3d7.(2P).5s""","=""3P""","=""2""",5,5,,"=""T6999""","=""L9429c118""",
Co,1,"=""""","=""""","=""307.1956""","=""""","=""""","=""1.1e+06""",C,"=""1809.33""","=""34352.42""","=""3p6.3d7.4s2""","=""a 4F""","=""3/2""","=""3p6.3d7.(4F).4s.4p.(3P*)""","=""z 2D*""","=""3/2""",4,4,,"=""T4223""","=""""",
Co,1,"=""""","=""""","=""307.2337""","=""""","=""""","=""1.5e+07""",C+,"=""1406.84""","=""33945.90""","=""3p6.3d7.4s2""","=""a 4F""","=""5/2""","=""3p6.3d8.(3F).4p""","=""*""","=""5/2""",6,6,,"=""T4223""","=""""",
Co,1,"=""""","=""""","=""308.2613""","=""""","=""""","=""2.7e+06""",C+,"=""0.00""","=""32430.59""","=""3p6.3d7.4s2""","=""a 4F""","=""9/2""","=""3p6.3d8.(3F).4p""","=""y 4G*""","=""11/2""",10,12,,"=""T4223""","=""""",
Co,1,"=""""","=""""","=""308.6774""","=""""","=""""","=""1.9e+07""",C+,"=""1809.33""","=""34196.21""","=""3p6.3d7.4s2""","=""a 4F""","=""3/2""","=""3p6.3d8.(3F).4p""","=""y 4F*""","=""3/2""",4,4,,"=""T4223""","=""""",
Co,1,"=""""","=""""","=""308.9590""","=""""","=""""","=""2.4e+06""",C+,"=""816.00""","=""33173.36""","=""3p6.3d7.4s2""","=""a 4F""","=""7/2""","=""3p6.3d8.(3F).4p""","=""*""","=""7/2""",8,8,,"=""T4223""","=""""",
Co,2,"=""""","=""""","=""309.64100""","=""0.00005""","=""m(Co I)""","=""6.e+06""",D,"=""73144.338""","=""105430.432""","=""3d7.(2D2).4p""","=""x 3P*""","=""1""","=""3d7.(2P).5s""","=""1P""","=""1""",3,3,,"=""T6999""","=""L9429""",
Co,3,"=""""","=""""","=""309.7888""","=""0.0013""","=""""","=""1.8e-03""",D+,"=""15428.57""","=""47699.261""","=""3d7""","=""a 4P""","=""3/2""","=""3d6.(5D).4s""","=""a 6D""","=""3/2""",4,4,E2,"=""u37""","=""""",
Co,1,"=""""","=""""","=""309.8190""","=""""","=""""","=""2.2e+06""",C+,"=""1406.84""","=""33674.38""","=""3p6.3d7.4s2""","=""a 4F""","=""5/2""","=""3p6.3d8.(3F).4p""","=""y 4G*""","=""5/2""",6,6,,"=""T4223""","=""""",
Co,3,"=""""","=""""","=""310.3392""","=""0.0014""","=""""","=""3.3e-03""",D+,"=""15202.56""","=""47416.016""","=""3d7""","=""a 4P""","=""5/2""","=""3d6.(5D).4s""","=""a 6D""","=""5/2""",6,6,E2,"=""u37""","=""""",
Co,1,"=""""","=""""","=""310.5924""","=""""","=""""","=""1.2e+05""",D,"=""4142.66""","=""36329.86""","=""3p6.3d8.(3F).4s""","=""b 4F""","=""7/2""","=""3p6.3d8.(3F).4p""","=""y 2F*""","=""5/2""",8,6,,"=""T4223""","=""""",
Co,1,"=""""","=""""","=""311.0817""","=""""","=""""","=""2.6e+05""",C+,"=""1809.33""","=""33945.90""","=""3p6.3d7.4s2""","=""a 4F""","=""3/2""","=""3p6.3d8.(3F).4p""","=""*""","=""5/2""",4,6,,"=""T4223""","=""""",
Co,1,"=""""","=""""","=""311.8244""","=""""","=""""","=""2.3e+05""",C+,"=""1406.84""","=""33466.87""","=""3p6.3d7.4s2""","=""a 4F""","=""5/2""","=""3p6.3d8.(3F).4p""","=""*""","=""7/2""",6,8,,"=""T4223""","=""""",
Co,1,"=""""","=""""","=""311.8637""","=""""","=""""","=""2.6e+04""",D,"=""1406.84""","=""33462.83""","=""3p6.3d7.4s2""","=""a 4F""","=""5/2""","=""3p6.3d7.(4F).4s.4p.(3P*)""","=""z 2D*""","=""5/2""",6,6,,"=""T4223""","=""""",
Co,1,"=""""","=""""","=""312.1412""","=""""","=""""","=""2.2e+06""",C+,"=""0.00""","=""32027.50""","=""3p6.3d7.4s2""","=""a 4F""","=""9/2""","=""3p6.3d8.(3F).4p""","=""y 4D*""","=""7/2""",10,8,,"=""T4223""","=""""",
Co,1,"=""""","=""""","=""312.1559""","=""""","=""""","=""1.0e+06""",C+,"=""816.00""","=""32841.99""","=""3p6.3d7.4s2""","=""a 4F""","=""7/2""","=""3p6.3d8.(3F).4p""","=""y 4F*""","=""9/2""",8,10,,"=""T4223""","=""""",
Co,1,"=""""","=""""","=""312.7247""","=""""","=""""","=""5.0e+05""",C,"=""3482.82""","=""35450.56""","=""3p6.3d8.(3F).4s""","=""b 4F""","=""9/2""","=""3p6.3d8.(3F).4p""","=""y 2F*""","=""7/2""",10,8,,"=""T4223""","=""""",
Co,1,"=""""","=""""","=""312.9005""","=""""","=""""","=""2.0e+05""",D,"=""4142.66""","=""36092.44""","=""3p6.3d8.(3F).4s""","=""b 4F""","=""7/2""","=""3p6.3d8.(3F).4p""","=""y 2D*""","=""5/2""",8,6,,"=""T4223""","=""""",
Co,1,"=""""","=""""","=""313.2212""","=""""","=""""","=""7.4e+04""",D,"=""816.00""","=""32733.07""","=""3p6.3d7.4s2""","=""a 4F""","=""7/2""","=""3p6.3d7.(4F).4s.4p.(3P*)""","=""z 2G*""","=""7/2""",8,8,,"=""T4223""","=""""",
Co,1,"=""""","=""""","=""313.6725""","=""""","=""""","=""2.3e+05""",C,"=""0.00""","=""31871.15""","=""3p6.3d7.4s2""","=""a 4F""","=""9/2""","=""3p6.3d7.(4F).4s.4p.(3P*)""","=""z 2F*""","=""7/2""",10,8,,"=""T4223""","=""""",
Co,1,"=""""","=""""","=""313.7325""","=""""","=""""","=""4.7e+06""",C+,"=""1809.33""","=""33674.38""","=""3p6.3d7.4s2""","=""a 4F""","=""3/2""","=""3p6.3d8.(3F).4p""","=""y 4G*""","=""5/2""",4,6,,"=""T4223""","=""""",
Co,1,"=""""","=""""","=""313.9942""","=""""","=""""","=""2.5e+06""",C,"=""816.00""","=""32654.50""","=""3p6.3d7.4s2""","=""a 4F""","=""7/2""","=""3p6.3d8.(3F).4p""","=""y 4D*""","=""5/2""",8,6,,"=""T4223""","=""""",
Co,3,"=""""","=""""","=""314.3628""","=""0.0014""","=""""","=""5.1e-03""",D+,"=""15202.56""","=""47003.724""","=""3d7""","=""a 4P""","=""5/2""","=""3d6.(5D).4s""","=""a 6D""","=""7/2""",6,8,E2,"=""u37""","=""""",
Co,1,"=""""","=""""","=""314.7057""","=""""","=""""","=""4.5e+06""",C+,"=""1406.84""","=""33173.36""","=""3p6.3d7.4s2""","=""a 4F""","=""5/2""","=""3p6.3d8.(3F).4p""","=""*""","=""7/2""",6,8,,"=""T4223""","=""""",
Co,1,"=""""","=""""","=""314.9305""","=""""","=""""","=""2.8e+06""",C,"=""1406.84""","=""33150.68""","=""3p6.3d7.4s2""","=""a 4F""","=""5/2""","=""3p6.3d8.(3F).4p""","=""y 4D*""","=""3/2""",6,4,,"=""T4223""","=""""",
Co,3,"=""315.144""","=""0.002""","=""315.1449""","=""0.0003""","=""8""","=""1.6e+05""",D,"=""73287.242""","=""105009.493""","=""3d6.(3F2).4s""","=""b 4F""","=""9/2""","=""3d6.(5D).4p""","=""z 6P*""","=""7/2""",10,8,,"=""u37""","=""L3537c164""",
Co,1,"=""""","=""""","=""315.8294""","=""""","=""""","=""3.9e+03""",E,"=""1809.33""","=""33462.83""","=""3p6.3d7.4s2""","=""a 4F""","=""3/2""","=""3p6.3d7.(4F).4s.4p.(3P*)""","=""z 2D*""","=""5/2""",4,6,,"=""T4223""","=""""",
Co,1,"=""""","=""""","=""315.8770""","=""""","=""""","=""2.2e+06""",C+,"=""816.00""","=""32464.73""","=""3p6.3d7.4s2""","=""a 4F""","=""7/2""","=""3p6.3d8.(3F).4p""","=""y 4G*""","=""9/2""",8,10,,"=""T4223""","=""""",
Co,3,"=""""","=""""","=""316.3276""","=""0.0021""","=""""","=""1.5e-03""",D+,"=""15812.37""","=""47416.016""","=""3d7""","=""a 4P""","=""1/2""","=""3d6.(5D).4s""","=""a 6D""","=""5/2""",2,6,E2,"=""u37""","=""""",
Co,3,"=""""","=""""","=""316.6131""","=""0.0014""","=""""","=""8.e-04""",D+,"=""15428.57""","=""47003.724""","=""3d7""","=""a 4P""","=""3/2""","=""3d6.(5D).4s""","=""a 6D""","=""7/2""",4,8,E2,"=""u37""","=""""",
Co,1,"=""""","=""""","=""318.6343""","=""""","=""""","=""1.9e+05""",C,"=""1406.84""","=""32781.71""","=""3p6.3d7.4s2""","=""a 4F""","=""5/2""","=""3p6.3d7.(4F).4s.4p.(3P*)""","=""z 2F*""","=""5/2""",6,6,,"=""T4223""","=""""",
Co,1,"=""""","=""""","=""318.9751""","=""""","=""""","=""3.1e+05""",C,"=""1809.33""","=""33150.68""","=""3p6.3d7.4s2""","=""a 4F""","=""3/2""","=""3p6.3d8.(3F).4p""","=""y 4D*""","=""3/2""",4,4,,"=""T4223""","=""""",
Co,1,"=""""","=""""","=""319.1290""","=""""","=""""","=""8.2e+04""",D,"=""1406.84""","=""32733.07""","=""3p6.3d7.4s2""","=""a 4F""","=""5/2""","=""3p6.3d7.(4F).4s.4p.(3P*)""","=""z 2G*""","=""7/2""",6,8,,"=""T4223""","=""""",
Co,1,"=""""","=""""","=""319.3159""","=""""","=""""","=""3.3e+05""",C,"=""4142.66""","=""35450.56""","=""3p6.3d8.(3F).4s""","=""b 4F""","=""7/2""","=""3p6.3d8.(3F).4p""","=""y 2F*""","=""7/2""",8,8,,"=""T4223""","=""""",
Co,1,"=""""","=""""","=""319.8663""","=""""","=""""","=""3.8e+05""",D,"=""5075.83""","=""36329.86""","=""3p6.3d8.(3F).4s""","=""b 4F""","=""3/2""","=""3p6.3d8.(3F).4p""","=""y 2F*""","=""5/2""",4,6,,"=""T4223""","=""""",
Co,1,"=""""","=""""","=""319.9315""","=""""","=""""","=""1.7e+05""",C,"=""1406.84""","=""32654.50""","=""3p6.3d7.4s2""","=""a 4F""","=""5/2""","=""3p6.3d8.(3F).4p""","=""y 4D*""","=""5/2""",6,6,,"=""T4223""","=""""",
Co,2,"=""320.0269""","=""0.0010""","=""320.02691""","=""0.00003""","=""40""","=""1.0e+06""",D,"=""62440.078""","=""93678.422""","=""3d7.(4P).4p""","=""z 3S*""","=""1""","=""3d7.(4F).4d""","=""e 3P""","=""2""",3,5,,"=""T6999""","=""L4687c119""",
Co,3,"=""""","=""""","=""320.0476""","=""0.0015""","=""""","=""1.1e-03""",D+,"=""15202.56""","=""46438.883""","=""3d7""","=""a 4P""","=""5/2""","=""3d6.(5D).4s""","=""a 6D""","=""9/2""",6,10,E2,"=""u37""","=""""",
Co,2,"=""320.27329""","=""0.00012""","=""320.27325""","=""0.00003""","=""460bl(Co I)""","=""8.e+05""",D,"=""74376.792""","=""105591.110""","=""3d7.(2H).4p""","=""y 1H*""","=""5""","=""3d6.4s2""","=""1G1""","=""4""",11,9,,"=""T6999""","=""L9429c118""",
Co,1,"=""""","=""""","=""320.3022""","=""""","=""""","=""1.0e+05""",C,"=""816.00""","=""32027.50""","=""3p6.3d7.4s2""","=""a 4F""","=""7/2""","=""3p6.3d8.(3F).4p""","=""y 4D*""","=""7/2""",8,8,,"=""T4223""","=""""",
Co,2,"=""321.89723""","=""0.00009""","=""321.89513""","=""0.00003""","=""1200p""","=""2.3e+06""",D,"=""61260.319""","=""92317.368""","=""3d7.(4P).4p""","=""y 5D*""","=""2""","=""3d7.(4F).4d""","=""e 5D""","=""2""",5,5,,"=""T6999""","=""L9429c118""",
Co,1,"=""""","=""""","=""321.9148""","=""""","=""""","=""4.8e+05""",C+,"=""816.00""","=""31871.15""","=""3p6.3d7.4s2""","=""a 4F""","=""7/2""","=""3p6.3d7.(4F).4s.4p.(3P*)""","=""z 2F*""","=""7/2""",8,8,,"=""T4223""","=""""",
Co,1,"=""""","=""""","=""322.3148""","=""""","=""""","=""1.7e+05""",E,"=""5075.83""","=""36092.44""","=""3p6.3d8.(3F).4s""","=""b 4F""","=""3/2""","=""3p6.3d8.(3F).4p""","=""y 2D*""","=""5/2""",4,6,,"=""T4223""","=""""",
Co,1,"=""""","=""""","=""322.7751""","=""""","=""""","=""7.7e+04""",D,"=""1809.33""","=""32781.71""","=""3p6.3d7.4s2""","=""a 4F""","=""3/2""","=""3p6.3d7.(4F).4s.4p.(3P*)""","=""z 2F*""","=""5/2""",4,6,,"=""T4223""","=""""",
Co,2,"=""322.8294""","=""0.0015""","=""322.83016""","=""0.00003""","=""66*""","=""3.5e+06""",D,"=""61350.268""","=""92317.368""","=""3d7.(4P).4p""","=""y 5D*""","=""1""","=""3d7.(4F).4d""","=""e 5D""","=""2""",3,5,,"=""T6999""","=""L4687c119""",
Co,3,"=""323.215""","=""0.002""","=""323.2167""","=""0.0003""","=""38""","=""1.5e+06""",D+,"=""77473.535""","=""108403.600""","=""3d6.(3G).4s""","=""a 4G""","=""5/2""","=""3d6.(5D).4p""","=""z 4F*""","=""3/2""",6,4,,"=""u37""","=""L3537c164""",
Co,1,"=""""","=""""","=""323.7021""","=""""","=""""","=""7.1e+05""",C,"=""816.00""","=""31699.69""","=""3p6.3d7.4s2""","=""a 4F""","=""7/2""","=""3p6.3d7.(4F).4s.4p.(3P*)""","=""z 2G*""","=""9/2""",8,10,,"=""T4223""","=""""",
Co,2,"=""323.7553""","=""0.0010""","=""323.75620""","=""0.00009""","=""26""","=""9.e+05""",D,"=""63865.170""","=""94743.698""","=""3d7.(4P).4p""","=""y 3D*""","=""1""","=""3d7.(4F).4d""","=""f 3F""","=""2""",3,5,,"=""T6999""","=""L4687c119""",
Co,1,"=""""","=""""","=""324.9998""","=""""","=""""","=""9.9e+05""",C,"=""4690.18""","=""35450.56""","=""3p6.3d8.(3F).4s""","=""b 4F""","=""5/2""","=""3p6.3d8.(3F).4p""","=""y 2F*""","=""7/2""",6,8,,"=""T4223""","=""""",
Co,2,"=""325.0818""","=""0.0015""","=""325.08204""","=""0.00006""","=""13""","=""7.e+05""",D,"=""63615.990""","=""94368.585""","=""3d7.(4P).4p""","=""y 3D*""","=""2""","=""3d7.(4F).4d""","=""f 3F""","=""3""",5,7,,"=""T6999""","=""L4687c119""",
Co,2,"=""325.4522""","=""0.0010""","=""325.45216""","=""0.00003""","=""130""","=""2.3e+06""",D,"=""61240.746""","=""91958.369""","=""3d7.(4P).4p""","=""y 5D*""","=""3""","=""3d7.(4F).4d""","=""e 5D""","=""3""",7,7,,"=""T6999""","=""L4687c119""",
Co,2,"=""325.6602""","=""0.0010""","=""325.65967""","=""0.00003""","=""130""","=""2.6e+06""",D,"=""61260.319""","=""91958.369""","=""3d7.(4P).4p""","=""y 5D*""","=""2""","=""3d7.(4F).4d""","=""e 5D""","=""3""",5,7,,"=""T6999""","=""L4687c119""",
Co,2,"=""325.9390""","=""0.0010""","=""325.93876""","=""0.00006""","=""260""","=""8.e+06""",D,"=""61260.319""","=""91932.084""","=""3d7.(4P).4p""","=""y 5D*""","=""2""","=""3d7.(4F).4d""","=""e 5P""","=""1""",5,3,,"=""T6999""","=""L4687c119""",
Co,3,"=""325.972""","=""0.002""","=""325.9723""","=""0.0003""","=""36""","=""1.2e+06""",D+,"=""77384.2947""","=""108052.907""","=""3d6.(3G).4s""","=""a 4G""","=""7/2""","=""3d6.(5D).4p""","=""z 4F*""","=""5/2""",8,6,,"=""u37""","=""L3537c164""",
Co,2,"=""326.8965""","=""0.0015""","=""326.89747""","=""0.00006""","=""65bl""","=""3.2e+06""",D,"=""61350.268""","=""91932.084""","=""3d7.(4P).4p""","=""y 5D*""","=""1""","=""3d7.(4F).4d""","=""e 5P""","=""1""",3,3,,"=""T6999""","=""L4687c119""",
Co,3,"=""326.927""","=""0.002""","=""326.9236""","=""0.0003""","=""8""","=""1.2e+05""",D,"=""77473.535""","=""108052.907""","=""3d6.(3G).4s""","=""a 4G""","=""5/2""","=""3d6.(5D).4p""","=""z 4F*""","=""5/2""",6,6,,"=""u37""","=""L3537c164""",
Co,1,"=""""","=""""","=""328.1584""","=""""","=""""","=""4.3e+04""",D,"=""1406.84""","=""31871.15""","=""3p6.3d7.4s2""","=""a 4F""","=""5/2""","=""3p6.3d7.(4F).4s.4p.(3P*)""","=""z 2F*""","=""7/2""",6,8,,"=""T4223""","=""""",
Co,3,"=""328.772""","=""0.002""","=""328.7707""","=""0.0003""","=""20""","=""1.0e+06""",D+,"=""77122.520""","=""107530.093""","=""3d6.(3G).4s""","=""a 4G""","=""9/2""","=""3d6.(5D).4p""","=""z 4F*""","=""7/2""",10,8,,"=""u37""","=""L3537c164""",
Co,3,"=""330.542""","=""0.002""","=""330.5421""","=""0.0003""","=""27""","=""1.0e+06""",D+,"=""76520.408""","=""106765.031""","=""3d6.(3G).4s""","=""a 4G""","=""11/2""","=""3d6.(5D).4p""","=""z 4F*""","=""9/2""",12,10,,"=""u37""","=""L3537c164""",
Co,2,"=""330.7150""","=""0.0015""","=""330.71725""","=""0.00003""","=""1300D""","=""2.6e+05""",E,"=""63510.180""","=""93738.788""","=""3d7.(2G).4p""","=""y 3F*""","=""4""","=""3d7.(4F).4d""","=""f 3F""","=""4""",9,9,,"=""T6999""","=""L4687c119""",
Co,2,"=""331.2047""","=""0.0010""","=""331.20573""","=""0.00003""","=""65""","=""6.e+06""",D,"=""61240.746""","=""91424.773""","=""3d7.(4P).4p""","=""y 5D*""","=""3""","=""3d7.(4F).4d""","=""e 5P""","=""2""",7,5,,"=""T6999""","=""L4687c119""",
Co,2,"=""331.5991""","=""0.0010""","=""331.59961""","=""0.00003""","=""26""","=""8.e+05""",D,"=""61260.319""","=""91408.494""","=""3d7.(4P).4p""","=""y 5D*""","=""2""","=""3d7.(4F).4d""","=""e 3D""","=""3""",5,7,,"=""T6999""","=""L4687c119""",
Co,2,"=""332.0002""","=""0.0015""","=""331.99651""","=""0.00003""","=""65bl""","=""1.1e+06""",D,"=""61240.746""","=""91352.880""","=""3d7.(4P).4p""","=""y 5D*""","=""3""","=""3d7.(4F).4d""","=""e 5G""","=""4""",7,9,,"=""T6999""","=""L4687c119""",
Co,2,"=""333.6318""","=""0.0010""","=""333.63085""","=""0.00004""","=""130""","=""9.e+05""",D,"=""61388.250""","=""91352.880""","=""3d7.(4P).4p""","=""y 5D*""","=""4""","=""3d7.(4F).4d""","=""e 5G""","=""4""",9,9,,"=""T6999""","=""L4687c119""",
Co,1,"=""""","=""""","=""333.7169""","=""""","=""""","=""3.4e+05""",C,"=""3482.82""","=""33439.72""","=""3p6.3d8.(3F).4s""","=""b 4F""","=""9/2""","=""3p6.3d8.(3F).4p""","=""y 2G*""","=""9/2""",10,10,,"=""T4223""","=""""",
Co,2,"=""335.2768""","=""0.0003""","=""335.27880""","=""0.00003""","=""300p""","=""2.9e+06""",D+,"=""18031.427""","=""47848.781""","=""3d7.(4P).4s""","=""a 5P""","=""2""","=""3d7.(4F).4p""","=""z 5D*""","=""1""",5,3,,"=""T4776""","=""L9429c118""",
Co,1,"=""""","=""""","=""335.4376""","=""""","=""""","=""1.1e+07""",C+,"=""4142.66""","=""33945.90""","=""3p6.3d8.(3F).4s""","=""b 4F""","=""7/2""","=""3p6.3d8.(3F).4p""","=""*""","=""5/2""",8,6,,"=""T4223""","=""""",
Co,2,"=""335.8596""","=""0.0010""","=""335.85886""","=""0.00003""","=""120""","=""5.e+05""",E,"=""17771.507""","=""47537.365""","=""3d7.(4P).4s""","=""a 5P""","=""3""","=""3d7.(4F).4p""","=""z 5D*""","=""2""",7,5,,"=""T6999""","=""L4687c119""",
Co,1,"=""""","=""""","=""336.7109""","=""""","=""""","=""6.0e+06""",C+,"=""3482.82""","=""33173.36""","=""3p6.3d8.(3F).4s""","=""b 4F""","=""9/2""","=""3p6.3d8.(3F).4p""","=""*""","=""7/2""",10,8,,"=""T4223""","=""""",
Co,1,"=""""","=""""","=""337.0321""","=""""","=""""","=""2.1e+06""",C,"=""4690.18""","=""34352.42""","=""3p6.3d8.(3F).4s""","=""b 4F""","=""5/2""","=""3p6.3d7.(4F).4s.4p.(3P*)""","=""z 2D*""","=""3/2""",6,4,,"=""T4223""","=""""",
Co,2,"=""337.0438""","=""0.0003""","=""337.04418""","=""0.00003""","=""150bl(Co I)""","=""2.3e+06""",D,"=""61388.250""","=""91049.431""","=""3d7.(4P).4p""","=""y 5D*""","=""4""","=""3d7.(4F).4d""","=""e 5D""","=""4""",9,9,,"=""T6999""","=""L9429c118""",
Co,2,"=""337.0920""","=""0.0003""","=""337.09222""","=""0.00007""","=""450""","=""8.e+06""",D,"=""18338.640""","=""47995.594""","=""3d7.(4P).4s""","=""a 5P""","=""1""","=""3d7.(4F).4p""","=""z 5D*""","=""0""",3,1,,"=""T6999""","=""L9429c118""",
Co,1,"=""""","=""""","=""338.5218""","=""""","=""""","=""1.1e+07""",C+,"=""4142.66""","=""33674.38""","=""3p6.3d8.(3F).4s""","=""b 4F""","=""7/2""","=""3p6.3d8.(3F).4p""","=""y 4G*""","=""5/2""",8,6,,"=""T4223""","=""""",
Co,2,"=""338.76894""","=""0.00013""","=""338.76930""","=""0.00003""","=""850""","=""6.0e+06""",D+,"=""18338.640""","=""47848.781""","=""3d7.(4P).4s""","=""a 5P""","=""1""","=""3d7.(4F).4p""","=""z 5D*""","=""1""",3,3,,"=""T4776""","=""L9429c118""",
Co,1,"=""338.817""","=""""","=""338.8165""","=""""","=""1100""","=""2.4e+07""",C+,"=""4690.18""","=""34196.21""","=""3p6.3d8.(3F).4s""","=""b 4F""","=""5/2""","=""3p6.3d8.(3F).4p""","=""y 4F*""","=""3/2""",6,4,,"=""T4223""","=""L3475""",
Co,2,"=""""","=""""","=""338.81756""","=""0.00005""","=""m(Co I)""","=""4.0e+06""",D,"=""18031.427""","=""47537.365""","=""3d7.(4P).4s""","=""a 5P""","=""2""","=""3d7.(4F).4p""","=""z 5D*""","=""2""",5,5,,"=""T6999""","=""L9429""",
Co,1,"=""339.538""","=""""","=""339.5371""","=""""","=""2200""","=""2.9e+07""",C,"=""4690.18""","=""34133.59""","=""3p6.3d8.(3F).4s""","=""b 4F""","=""5/2""","=""3p6.3d8.(3F).4p""","=""y 2G*""","=""7/2""",6,8,,"=""T4223""","=""L3475""",
Co,2,"=""340.2813""","=""0.0010""","=""340.28457""","=""0.00003""","=""65""","=""4.5e+05""",D,"=""64360.050""","=""93738.788""","=""3d7.(2G).4p""","=""y 3F*""","=""3""","=""3d7.(4F).4d""","=""f 3F""","=""4""",7,9,,"=""T6999""","=""L4687c119""",
Co,1,"=""340.512""","=""""","=""340.5114""","=""""","=""11000""","=""1.0e+08""",C+,"=""3482.82""","=""32841.99""","=""3p6.3d8.(3F).4s""","=""b 4F""","=""9/2""","=""3p6.3d8.(3F).4p""","=""y 4F*""","=""9/2""",10,10,,"=""T4223""","=""L3475""",
Co,1,"=""340.918""","=""""","=""340.9173""","=""""","=""4500""","=""4.2e+07""",B,"=""4142.66""","=""33466.87""","=""3p6.3d8.(3F).4s""","=""b 4F""","=""7/2""","=""3p6.3d8.(3F).4p""","=""*""","=""7/2""",8,8,,"=""T4223""","=""L3475""",
Co,1,"=""""","=""""","=""340.9643""","=""""","=""""","=""8.0e+04""",D,"=""4142.66""","=""33462.83""","=""3p6.3d8.(3F).4s""","=""b 4F""","=""7/2""","=""3p6.3d7.(4F).4s.4p.(3P*)""","=""z 2D*""","=""5/2""",8,6,,"=""T4223""","=""""",
Co,2,"=""340.9775""","=""0.0010""","=""340.98524""","=""0.00006""","=""130""","=""2.1e+05""",E,"=""64360.050""","=""93678.422""","=""3d7.(2G).4p""","=""y 3F*""","=""3""","=""3d7.(4F).4d""","=""e 3P""","=""2""",7,5,,"=""T6999""","=""L4687c119""",
Co,2,"=""341.0893""","=""0.0010""","=""341.09178""","=""0.00006""","=""260""","=""1.1e+05""",E,"=""61388.250""","=""90697.464""","=""3d7.(4P).4p""","=""y 5D*""","=""4""","=""3d7.(4F).4d""","=""e 5G""","=""5""",9,11,,"=""T6999""","=""L4687c119""",
Co,1,"=""341.234""","=""""","=""341.2333""","=""""","=""6700""","=""6.1e+07""",C+,"=""4142.66""","=""33439.72""","=""3p6.3d8.(3F).4s""","=""b 4F""","=""7/2""","=""3p6.3d8.(3F).4p""","=""y 2G*""","=""9/2""",8,10,,"=""T4223""","=""L3475""",
Co,1,"=""341.263""","=""""","=""341.2629""","=""""","=""2200""","=""1.2e+07""",C+,"=""0.00""","=""29294.52""","=""3p6.3d7.4s2""","=""a 4F""","=""9/2""","=""3p6.3d7.(4F).4s.4p.(3P*)""","=""z 4D*""","=""7/2""",10,8,,"=""T4223""","=""L3475""",
Co,1,"=""""","=""""","=""341.3510""","=""""","=""""","=""2.3e+04""",D,"=""816.00""","=""30102.96""","=""3p6.3d7.4s2""","=""a 4F""","=""7/2""","=""3p6.3d7.(4F).4s.4p.(3P*)""","=""z 4G*""","=""5/2""",8,6,,"=""T4223""","=""""",
Co,1,"=""""","=""""","=""341.4719""","=""""","=""""","=""8.8e+06""",C,"=""5075.83""","=""34352.42""","=""3p6.3d8.(3F).4s""","=""b 4F""","=""3/2""","=""3p6.3d7.(4F).4s.4p.(3P*)""","=""z 2D*""","=""3/2""",4,4,,"=""T4223""","=""""",
Co,1,"=""""","=""""","=""341.5519""","=""""","=""""","=""2.6e+04""",C,"=""0.00""","=""29269.73""","=""3p6.3d7.4s2""","=""a 4F""","=""9/2""","=""3p6.3d7.(4F).4s.4p.(3P*)""","=""z 4G*""","=""9/2""",10,10,,"=""T4223""","=""""",
Co,2,"=""341.57697""","=""0.00024""","=""341.57680""","=""0.00005""","=""690""","=""1.9e+06""",D,"=""17771.507""","=""47039.105""","=""3d7.(4P).4s""","=""a 5P""","=""3""","=""3d7.(4F).4p""","=""z 5D*""","=""3""",7,7,,"=""T6999""","=""L9429c118""",
Co,1,"=""341.716""","=""""","=""341.7155""","=""""","=""2700""","=""3.2e+07""",C+,"=""4690.18""","=""33945.90""","=""3p6.3d8.(3F).4s""","=""b 4F""","=""5/2""","=""3p6.3d8.(3F).4p""","=""*""","=""5/2""",6,6,,"=""T4223""","=""L3475""",
Co,1,"=""""","=""""","=""341.7794""","=""""","=""""","=""3.9e+05""",C,"=""3482.82""","=""32733.07""","=""3p6.3d8.(3F).4s""","=""b 4F""","=""9/2""","=""3p6.3d7.(4F).4s.4p.(3P*)""","=""z 2G*""","=""7/2""",10,8,,"=""T4223""","=""""",
Co,2,"=""342.07906""","=""0.00005""","=""342.07974""","=""0.00006""","=""6600bl(Co I)""","=""1.7e+07""",D,"=""73147.041""","=""102371.610""","=""3d7.(2H).4p""","=""y 1G*""","=""4""","=""3d7.(2G).5s""","=""e 1G""","=""4""",9,9,,"=""T6999""","=""L9429c118""",
Co,2,"=""342.38254""","=""0.00017""","=""342.38253""","=""0.00004""","=""570""","=""2.2e+06""",D,"=""18338.640""","=""47537.365""","=""3d7.(4P).4s""","=""a 5P""","=""1""","=""3d7.(4F).4p""","=""z 5D*""","=""2""",3,5,,"=""T6999""","=""L9429c118""",
Co,1,"=""343.158""","=""""","=""343.1578""","=""""","=""2500""","=""1.1e+07""",C,"=""816.00""","=""29948.76""","=""3p6.3d7.4s2""","=""a 4F""","=""7/2""","=""3p6.3d7.(4F).4s.4p.(3P*)""","=""z 4D*""","=""5/2""",8,6,,"=""T4223""","=""L3475""",
Co,1,"=""343.304""","=""""","=""343.3037""","=""""","=""4500""","=""1.0e+08""",C+,"=""5075.83""","=""34196.21""","=""3p6.3d8.(3F).4s""","=""b 4F""","=""3/2""","=""3p6.3d8.(3F).4p""","=""y 4F*""","=""3/2""",4,4,,"=""T4223""","=""L3475""",
Co,2,"=""343.82451""","=""0.00020""","=""343.82370""","=""0.00006""","=""140""","=""7.e+06""",D,"=""61388.250""","=""90464.589""","=""3d7.(4P).4p""","=""y 5D*""","=""4""","=""3d7.(4F).4d""","=""e 5P""","=""3""",9,7,,"=""T6999""","=""L9429c118""",
Co,2,"=""344.0612""","=""0.0010""","=""344.0612""","=""0.0009""","=""250""","=""3.8e+05""",D,"=""44090.77""","=""73147.041""","=""3d7.(2F).4s""","=""a 1F""","=""3""","=""3d7.(2H).4p""","=""y 1G*""","=""4""",7,9,,"=""T6999""","=""L4687c119""",
Co,1,"=""344.293""","=""""","=""344.2920""","=""""","=""1600""","=""1.2e+07""",C,"=""1406.84""","=""30443.63""","=""3p6.3d7.4s2""","=""a 4F""","=""5/2""","=""3p6.3d7.(4F).4s.4p.(3P*)""","=""z 4D*""","=""3/2""",6,4,,"=""T4223""","=""L3475""",
Co,1,"=""344.364""","=""""","=""344.3642""","=""""","=""8800""","=""6.9e+07""",C+,"=""4142.66""","=""33173.36""","=""3p6.3d8.(3F).4s""","=""b 4F""","=""7/2""","=""3p6.3d8.(3F).4p""","=""*""","=""7/2""",8,8,,"=""T4223""","=""L3475""",
Co,2,"=""344.63762""","=""0.00014""","=""344.63756""","=""0.00004""","=""1400""","=""4.0e+06""",C,"=""18031.427""","=""47039.105""","=""3d7.(4P).4s""","=""a 5P""","=""2""","=""3d7.(4F).4p""","=""z 5D*""","=""3""",5,7,,"=""T4776""","=""L9429c118""",
Co,1,"=""344.917""","=""""","=""344.9167""","=""""","=""4100""","=""7.6e+07""",C+,"=""4690.18""","=""33674.38""","=""3p6.3d8.(3F).4s""","=""b 4F""","=""5/2""","=""3p6.3d8.(3F).4p""","=""y 4G*""","=""5/2""",6,6,,"=""T4223""","=""L3475""",
Co,1,"=""344.944""","=""""","=""344.9440""","=""""","=""2100""","=""1.8e+07""",C+,"=""3482.82""","=""32464.73""","=""3p6.3d8.(3F).4s""","=""b 4F""","=""9/2""","=""3p6.3d8.(3F).4p""","=""y 4G*""","=""9/2""",10,10,,"=""T4223""","=""L3475""",
Co,1,"=""345.350""","=""""","=""345.3508""","=""""","=""21000""","=""1.1e+08""",C+,"=""3482.82""","=""32430.59""","=""3p6.3d8.(3F).4s""","=""b 4F""","=""9/2""","=""3p6.3d8.(3F).4p""","=""y 4G*""","=""11/2""",10,12,,"=""T4223""","=""L3475""",
Co,1,"=""345.523""","=""""","=""345.5233""","=""""","=""1000""","=""1.9e+07""",C,"=""1809.33""","=""30742.65""","=""3p6.3d7.4s2""","=""a 4F""","=""3/2""","=""3p6.3d7.(4F).4s.4p.(3P*)""","=""z 4D*""","=""1/2""",4,2,,"=""T4223""","=""L3475""",
Co,1,"=""""","=""""","=""345.6922""","=""""","=""""","=""1.8e+05""",D,"=""816.00""","=""29735.18""","=""3p6.3d7.4s2""","=""a 4F""","=""7/2""","=""3p6.3d7.(4F).4s.4p.(3P*)""","=""z 4G*""","=""7/2""",8,8,,"=""T4223""","=""""",
Co,1,"=""""","=""""","=""346.0720""","=""""","=""""","=""3.1e+05""",D,"=""7442.41""","=""36329.86""","=""3p6.3d8.(3F).4s""","=""a 2F""","=""7/2""","=""3p6.3d8.(3F).4p""","=""y 2F*""","=""5/2""",8,6,,"=""T4223""","=""""",
Co,1,"=""346.280""","=""""","=""346.2803""","=""""","=""5100""","=""7.9e+07""",C+,"=""5075.83""","=""33945.90""","=""3p6.3d8.(3F).4s""","=""b 4F""","=""3/2""","=""3p6.3d8.(3F).4p""","=""*""","=""5/2""",4,6,,"=""T4223""","=""L3475""",
Co,1,"=""346.580""","=""""","=""346.5786""","=""""","=""5100""","=""9.2e+06""",C,"=""0.00""","=""28845.22""","=""3p6.3d7.4s2""","=""a 4F""","=""9/2""","=""3p6.3d7.(4F).4s.4p.(3P*)""","=""z 4G*""","=""11/2""",10,12,,"=""T4223""","=""L3475""",
Co,1,"=""""","=""""","=""347.3970""","=""""","=""""","=""3.4e+06""",C,"=""0.00""","=""28777.27""","=""3p6.3d7.4s2""","=""a 4F""","=""9/2""","=""3p6.3d7.(4F).4s.4p.(3P*)""","=""z 4F*""","=""7/2""",10,8,,"=""T4223""","=""""",
Co,1,"=""347.402""","=""""","=""347.4040""","=""""","=""8000""","=""5.6e+07""",B,"=""4690.18""","=""33466.87""","=""3p6.3d8.(3F).4s""","=""b 4F""","=""5/2""","=""3p6.3d8.(3F).4p""","=""*""","=""7/2""",6,8,,"=""T4223""","=""L3475""",
Co,1,"=""""","=""""","=""347.4528""","=""""","=""""","=""3.8e+05""",C,"=""4690.18""","=""33462.83""","=""3p6.3d8.(3F).4s""","=""b 4F""","=""5/2""","=""3p6.3d7.(4F).4s.4p.(3P*)""","=""z 2D*""","=""5/2""",6,6,,"=""T4223""","=""""",
Co,1,"=""348.341""","=""""","=""348.3405""","=""""","=""1900""","=""5.5e+06""",C+,"=""4142.66""","=""32841.99""","=""3p6.3d8.(3F).4s""","=""b 4F""","=""7/2""","=""3p6.3d8.(3F).4p""","=""y 4F*""","=""9/2""",8,10,,"=""T4223""","=""L3475""",
Co,1,"=""""","=""""","=""348.3794""","=""""","=""""","=""2.5e+05""",D,"=""1406.84""","=""30102.96""","=""3p6.3d7.4s2""","=""a 4F""","=""5/2""","=""3p6.3d7.(4F).4s.4p.(3P*)""","=""z 4G*""","=""5/2""",6,6,,"=""T4223""","=""""",
Co,1,"=""348.940""","=""""","=""348.9399""","=""""","=""4800""","=""1.3e+08""",C,"=""7442.41""","=""36092.44""","=""3p6.3d8.(3F).4s""","=""a 2F""","=""7/2""","=""3p6.3d8.(3F).4p""","=""y 2D*""","=""5/2""",8,6,,"=""T4223""","=""L3475""",
Co,1,"=""""","=""""","=""349.0737""","=""""","=""""","=""1.6e+06""",D,"=""4142.66""","=""32781.71""","=""3p6.3d8.(3F).4s""","=""b 4F""","=""7/2""","=""3p6.3d7.(4F).4s.4p.(3P*)""","=""z 2F*""","=""5/2""",8,6,,"=""T4223""","=""""",
Co,1,"=""""","=""""","=""349.1316""","=""""","=""""","=""5.0e+06""",C,"=""1809.33""","=""30443.63""","=""3p6.3d7.4s2""","=""a 4F""","=""3/2""","=""3p6.3d7.(4F).4s.4p.(3P*)""","=""z 4D*""","=""3/2""",4,4,,"=""T4223""","=""""",
Co,1,"=""349.569""","=""""","=""349.5681""","=""""","=""2400""","=""4.9e+07""",C+,"=""5075.83""","=""33674.38""","=""3p6.3d8.(3F).4s""","=""b 4F""","=""3/2""","=""3p6.3d8.(3F).4p""","=""y 4G*""","=""5/2""",4,6,,"=""T4223""","=""L3475""",
Co,1,"=""""","=""""","=""349.6676""","=""""","=""""","=""3.4e+06""",C,"=""4142.66""","=""32733.07""","=""3p6.3d8.(3F).4s""","=""b 4F""","=""7/2""","=""3p6.3d7.(4F).4s.4p.(3P*)""","=""z 2G*""","=""7/2""",8,8,,"=""T4223""","=""""",
Co,2,"=""349.7334""","=""0.00031""","=""349.7318""","=""0.0004""","=""850p""","=""3.9e+06""",D,"=""40771.078""","=""69356.240""","=""3d7.(2F).4s""","=""c 3F""","=""2""","=""3d7.(2H).4p""","=""x 3G*""","=""3""",5,7,,"=""T6999""","=""L9429c118""",
Co,2,"=""350.17453""","=""0.00007""","=""350.17080""","=""0.00004""","=""5900p""","=""7.0e+06""",D+,"=""17771.507""","=""46320.832""","=""3d7.(4P).4s""","=""a 5P""","=""3""","=""3d7.(4F).4p""","=""z 5D*""","=""4""",7,9,,"=""T6135""","=""L9429c118""",
Co,1,"=""350.228""","=""""","=""350.2278""","=""""","=""9600""","=""8.0e+07""",C+,"=""3482.82""","=""32027.50""","=""3p6.3d8.(3F).4s""","=""b 4F""","=""9/2""","=""3p6.3d8.(3F).4p""","=""y 4D*""","=""7/2""",10,8,,"=""T4223""","=""L3475""",
Co,1,"=""""","=""""","=""350.2617""","=""""","=""""","=""5.2e+06""",C,"=""1406.84""","=""29948.76""","=""3p6.3d7.4s2""","=""a 4F""","=""5/2""","=""3p6.3d7.(4F).4s.4p.(3P*)""","=""z 4D*""","=""5/2""",6,6,,"=""T4223""","=""""",
Co,1,"=""350.632""","=""""","=""350.6312""","=""""","=""7000""","=""8.2e+07""",C+,"=""4142.66""","=""32654.50""","=""3p6.3d8.(3F).4s""","=""b 4F""","=""7/2""","=""3p6.3d8.(3F).4p""","=""y 4D*""","=""5/2""",8,6,,"=""T4223""","=""L3475""",
Co,2,"=""350.77767""","=""0.00016""","=""350.77816""","=""0.00004""","=""680bl(Co I)""","=""2.8e+06""",D,"=""22414.431""","=""50914.325""","=""3d7.(2G).4s""","=""a 3G""","=""3""","=""3d7.(4F).4p""","=""z 3F*""","=""2""",7,5,,"=""T6999""","=""L9429c118""",
Co,1,"=""350.984""","=""""","=""350.9840""","=""""","=""2900""","=""3.2e+07""",C+,"=""4690.18""","=""33173.36""","=""3p6.3d8.(3F).4s""","=""b 4F""","=""5/2""","=""3p6.3d8.(3F).4p""","=""*""","=""7/2""",6,8,,"=""T4223""","=""L3475""",
Co,1,"=""351.043""","=""""","=""351.0414""","=""""","=""1400""","=""3.8e+06""",C+,"=""816.00""","=""29294.52""","=""3p6.3d7.4s2""","=""a 4F""","=""7/2""","=""3p6.3d7.(4F).4s.4p.(3P*)""","=""z 4D*""","=""7/2""",8,8,,"=""T4223""","=""L3475""",
Co,1,"=""351.264""","=""""","=""351.2637""","=""""","=""4800""","=""1.0e+08""",C,"=""4690.18""","=""33150.68""","=""3p6.3d8.(3F).4s""","=""b 4F""","=""5/2""","=""3p6.3d8.(3F).4p""","=""y 4D*""","=""3/2""",6,4,,"=""T4223""","=""L3475""",
Co,1,"=""351.348""","=""""","=""351.3473""","=""""","=""3800""","=""7.8e+06""",C,"=""816.00""","=""29269.73""","=""3p6.3d7.4s2""","=""a 4F""","=""7/2""","=""3p6.3d7.(4F).4s.4p.(3P*)""","=""z 4G*""","=""9/2""",8,10,,"=""T4223""","=""L3475""",
Co,2,"=""351.4220""","=""0.0010""","=""351.42091""","=""0.00004""","=""61""","=""1.9e+05""",E,"=""18338.640""","=""46786.409""","=""3d7.(4P).4s""","=""a 5P""","=""1""","=""3d7.(4F).4p""","=""z 5F*""","=""1""",3,3,,"=""T6999""","=""L4687c119""",
Co,2,"=""351.7510""","=""0.0010""","=""351.74854""","=""0.00004""","=""250""","=""4.e+05""",E,"=""18031.427""","=""46452.700""","=""3d7.(4P).4s""","=""a 5P""","=""2""","=""3d7.(4F).4p""","=""z 5F*""","=""2""",5,5,,"=""T6999""","=""L4687c119""",
Co,1,"=""351.835""","=""""","=""351.8346""","=""""","=""4800""","=""1.6e+08""",C,"=""8460.81""","=""36875.13""","=""3p6.3d8.(3F).4s""","=""a 2F""","=""5/2""","=""3p6.3d8.(3F).4p""","=""y 2D*""","=""3/2""",6,4,,"=""T4223""","=""L3475""",
Co,1,"=""352.008""","=""""","=""352.0074""","=""""","=""1300""","=""4.6e+06""",C,"=""816.00""","=""29216.37""","=""3p6.3d7.4s2""","=""a 4F""","=""7/2""","=""3p6.3d7.(4F).4s.4p.(3P*)""","=""z 4F*""","=""5/2""",8,6,,"=""T4223""","=""L3475""",
Co,1,"=""352.157""","=""""","=""352.1567""","=""""","=""2700""","=""1.8e+07""",C+,"=""3482.82""","=""31871.15""","=""3p6.3d8.(3F).4s""","=""b 4F""","=""9/2""","=""3p6.3d7.(4F).4s.4p.(3P*)""","=""z 2F*""","=""7/2""",10,8,,"=""T4223""","=""L3475""",
Co,1,"=""352.343""","=""""","=""352.3427""","=""""","=""3800""","=""9.8e+07""",D,"=""5075.83""","=""33449.18""","=""3p6.3d8.(3F).4s""","=""b 4F""","=""3/2""","=""3p6.3d8.(3F).4p""","=""y 4D*""","=""1/2""",4,2,,"=""T4223""","=""L3475""",
Co,2,"=""352.3510""","=""0.0010""","=""352.35471""","=""0.00004""","=""120""","=""2.2e+06""",D,"=""22009.344""","=""50381.724""","=""3d7.(2G).4s""","=""a 3G""","=""4""","=""3d7.(4F).4p""","=""z 3F*""","=""3""",9,7,,"=""T6999""","=""L4687c119""",
Co,1,"=""352.685""","=""""","=""352.6844""","=""""","=""6400""","=""1.3e+07""",C,"=""0.00""","=""28345.86""","=""3p6.3d7.4s2""","=""a 4F""","=""9/2""","=""3p6.3d7.(4F).4s.4p.(3P*)""","=""z 4F*""","=""9/2""",10,10,,"=""T4223""","=""L3475""",
Co,1,"=""352.903""","=""""","=""352.9025""","=""""","=""2700""","=""8.8e+06""",D,"=""1406.84""","=""29735.18""","=""3p6.3d7.4s2""","=""a 4F""","=""5/2""","=""3p6.3d7.(4F).4s.4p.(3P*)""","=""z 4G*""","=""7/2""",6,8,,"=""T4223""","=""L3475""",
Co,1,"=""352.981""","=""""","=""352.9806""","=""""","=""7300""","=""4.6e+07""",C+,"=""4142.66""","=""32464.73""","=""3p6.3d8.(3F).4s""","=""b 4F""","=""7/2""","=""3p6.3d8.(3F).4p""","=""y 4G*""","=""9/2""",8,10,,"=""T4223""","=""L3475""",
Co,2,"=""353.05506""","=""0.00010""","=""353.05513""","=""0.00006""","=""660bl(Co I)""","=""2.4e+05""",E,"=""63615.990""","=""91932.084""","=""3d7.(4P).4p""","=""y 3D*""","=""2""","=""3d7.(4F).4d""","=""e 5P""","=""1""",5,3,,"=""T6999""","=""L9429c118""",
Co,2,"=""353.20505""","=""0.00021""","=""353.20558""","=""0.00004""","=""360""","=""3.8e+06""",D,"=""73147.041""","=""101451.074""","=""3d7.(2H).4p""","=""y 1G*""","=""4""","=""3d7.(2G).5s""","=""f 3G""","=""4""",9,9,,"=""T6999""","=""L9429c118""",
Co,1,"=""353.336""","=""""","=""353.3355""","=""""","=""1900""","=""9.1e+06""",D,"=""1809.33""","=""30102.96""","=""3p6.3d7.4s2""","=""a 4F""","=""3/2""","=""3p6.3d7.(4F).4s.4p.(3P*)""","=""z 4G*""","=""5/2""",4,6,,"=""T4223""","=""L3475""",
Co,2,"=""353.5913""","=""0.0004""","=""353.59134""","=""0.00004""","=""480""","=""1.1e+06""",D,"=""24411.479""","=""52684.634""","=""3d7.(4P).4s""","=""b 3P""","=""0""","=""3d7.(4F).4p""","=""z 3D*""","=""1""",1,3,,"=""T6999""","=""L9429c118""",
Co,1,"=""""","=""""","=""354.2967""","=""""","=""""","=""6.1e+03""",E,"=""3482.82""","=""31699.69""","=""3p6.3d8.(3F).4s""","=""b 4F""","=""9/2""","=""3p6.3d7.(4F).4s.4p.(3P*)""","=""z 2G*""","=""9/2""",10,10,,"=""T4223""","=""""",
Co,2,"=""354.5025""","=""0.0010""","=""354.50198""","=""0.00005""","=""610""","=""4.3e+05""",D,"=""17771.507""","=""45972.036""","=""3d7.(4P).4s""","=""a 5P""","=""3""","=""3d7.(4F).4p""","=""z 5F*""","=""3""",7,7,,"=""T6999""","=""L4687c119""",
Co,1,"=""""","=""""","=""355.0585""","=""""","=""""","=""4.0e+06""",C,"=""1406.84""","=""29563.17""","=""3p6.3d7.4s2""","=""a 4F""","=""5/2""","=""3p6.3d7.(4F).4s.4p.(3P*)""","=""z 4F*""","=""3/2""",6,4,,"=""T4223""","=""""",
Co,1,"=""""","=""""","=""355.2717""","=""""","=""""","=""2.1e+05""",C,"=""1809.33""","=""29948.76""","=""3p6.3d7.4s2""","=""a 4F""","=""3/2""","=""3p6.3d7.(4F).4s.4p.(3P*)""","=""z 4D*""","=""5/2""",4,6,,"=""T4223""","=""""",
Co,2,"=""355.5925""","=""0.0010""","=""355.59234""","=""0.00004""","=""120""","=""2.2e+05""",E,"=""18338.640""","=""46452.700""","=""3d7.(4P).4s""","=""a 5P""","=""1""","=""3d7.(4F).4p""","=""z 5F*""","=""2""",3,5,,"=""T6999""","=""L4687c119""",
Co,1,"=""356.089""","=""""","=""356.0890""","=""""","=""1100""","=""2.3e+07""",C,"=""5075.83""","=""33150.68""","=""3p6.3d8.(3F).4s""","=""b 4F""","=""3/2""","=""3p6.3d8.(3F).4p""","=""y 4D*""","=""3/2""",4,4,,"=""T4223""","=""L3475""",
Co,2,"=""356.109""","=""0.010""","=""356.11048""","=""0.00004""","=""""","=""2.1e+06""",D,"=""21624.528""","=""49697.683""","=""3d7.(2G).4s""","=""a 3G""","=""5""","=""3d7.(4F).4p""","=""z 3F*""","=""4""",11,9,,"=""T6999""","=""L13469""",
Co,1,"=""""","=""""","=""356.4948""","=""""","=""""","=""7.0e+06""",C,"=""4690.18""","=""32733.07""","=""3p6.3d8.(3F).4s""","=""b 4F""","=""5/2""","=""3p6.3d7.(4F).4s.4p.(3P*)""","=""z 2G*""","=""7/2""",6,8,,"=""T4223""","=""""",
Co,2,"=""356.69675""","=""0.00022""","=""356.69689""","=""0.00004""","=""190bl(Co I)""","=""2.8e+05""",E,"=""22009.344""","=""50036.348""","=""3d7.(2G).4s""","=""a 3G""","=""4""","=""3d7.(4F).4p""","=""z 3G*""","=""3""",9,7,,"=""T6999""","=""L9429c118""",
Co,2,"=""356.8802""","=""0.00039""","=""356.87988""","=""0.00014""","=""700""","=""2.5e+06""",D,"=""41047.299""","=""69059.933""","=""3d7.(2F).4s""","=""c 3F""","=""4""","=""3d7.(2D2).4p""","=""w 3D*""","=""3""",9,7,,"=""T6999""","=""L9429c118""",
Co,1,"=""356.938""","=""""","=""356.9370""","=""""","=""8800""","=""1.5e+08""",C,"=""7442.41""","=""35450.56""","=""3p6.3d8.(3F).4s""","=""a 2F""","=""7/2""","=""3p6.3d8.(3F).4p""","=""y 2F*""","=""7/2""",8,8,,"=""T4223""","=""L3475""",
Co,2,"=""357.4580""","=""0.0010""","=""357.45847""","=""0.00004""","=""62""","=""1.7e+05""",E,"=""22414.431""","=""50381.724""","=""3d7.(2G).4s""","=""a 3G""","=""3""","=""3d7.(4F).4p""","=""z 3F*""","=""3""",7,7,,"=""T6999""","=""L4687c119""",
Co,1,"=""357.496""","=""""","=""357.4965""","=""""","=""1600""","=""1.5e+07""",C+,"=""4690.18""","=""32654.50""","=""3p6.3d8.(3F).4s""","=""b 4F""","=""5/2""","=""3p6.3d8.(3F).4p""","=""y 4D*""","=""5/2""",6,6,,"=""T4223""","=""L3475""",
Co,1,"=""357.536""","=""""","=""357.5355""","=""""","=""2500""","=""9.6e+06""",C,"=""816.00""","=""28777.27""","=""3p6.3d7.4s2""","=""a 4F""","=""7/2""","=""3p6.3d7.(4F).4s.4p.(3P*)""","=""z 4F*""","=""7/2""",8,8,,"=""T4223""","=""L3475""",
Co,2,"=""357.7991""","=""0.0003""","=""357.79986""","=""0.00004""","=""630""","=""8.e+05""",D,"=""18031.427""","=""45972.036""","=""3d7.(4P).4s""","=""a 5P""","=""2""","=""3d7.(4F).4p""","=""z 5F*""","=""3""",5,7,,"=""T6999""","=""L9429c118""",
Co,1,"=""""","=""""","=""358.4790""","=""""","=""""","=""2.0e+05""",C+,"=""1406.84""","=""29294.52""","=""3p6.3d7.4s2""","=""a 4F""","=""5/2""","=""3p6.3d7.(4F).4s.4p.(3P*)""","=""z 4D*""","=""7/2""",6,8,,"=""T4223""","=""""",
Co,1,"=""358.516""","=""""","=""358.5155""","=""""","=""1000""","=""7.1e+06""",C+,"=""4142.66""","=""32027.50""","=""3p6.3d8.(3F).4s""","=""b 4F""","=""7/2""","=""3p6.3d8.(3F).4p""","=""y 4D*""","=""7/2""",8,8,,"=""T4223""","=""L3475""",
Co,1,"=""358.719""","=""""","=""358.7186""","=""""","=""6700""","=""1.4e+08""",C,"=""8460.81""","=""36329.86""","=""3p6.3d8.(3F).4s""","=""a 2F""","=""5/2""","=""3p6.3d8.(3F).4p""","=""y 2F*""","=""5/2""",6,6,,"=""T4223""","=""L3475""",
Co,1,"=""359.487""","=""""","=""359.4864""","=""""","=""1900""","=""9.2e+06""",C,"=""1406.84""","=""29216.37""","=""3p6.3d7.4s2""","=""a 4F""","=""5/2""","=""3p6.3d7.(4F).4s.4p.(3P*)""","=""z 4F*""","=""5/2""",6,6,,"=""T4223""","=""L3475""",
Co,1,"=""360.208""","=""""","=""360.2077""","=""""","=""1600""","=""1.0e+07""",C,"=""1809.33""","=""29563.17""","=""3p6.3d7.4s2""","=""a 4F""","=""3/2""","=""3p6.3d7.(4F).4s.4p.(3P*)""","=""z 4F*""","=""3/2""",4,4,,"=""T4223""","=""L3475""",
Co,1,"=""""","=""""","=""360.5371""","=""""","=""""","=""3.8e+06""",C+,"=""4142.66""","=""31871.15""","=""3p6.3d8.(3F).4s""","=""b 4F""","=""7/2""","=""3p6.3d7.(4F).4s.4p.(3P*)""","=""z 2F*""","=""7/2""",8,8,,"=""T4223""","=""""",
Co,2,"=""360.5954""","=""0.0015""","=""360.59836""","=""0.00004""","=""310bl""","=""6.e+05""",D,"=""21624.528""","=""49348.304""","=""3d7.(2G).4s""","=""a 3G""","=""5""","=""3d7.(4F).4p""","=""z 3G*""","=""4""",11,9,,"=""T6999""","=""L4687c119""",
Co,1,"=""""","=""""","=""360.8313""","=""""","=""""","=""7.1e+04""",D,"=""5075.83""","=""32781.71""","=""3p6.3d8.(3F).4s""","=""b 4F""","=""3/2""","=""3p6.3d7.(4F).4s.4p.(3P*)""","=""z 2F*""","=""5/2""",4,6,,"=""T4223""","=""""",
Co,1,"=""""","=""""","=""361.8009""","=""""","=""""","=""2.0e+05""",D,"=""8460.81""","=""36092.44""","=""3p6.3d8.(3F).4s""","=""a 2F""","=""5/2""","=""3p6.3d8.(3F).4p""","=""y 2D*""","=""5/2""",6,6,,"=""T4223""","=""""",
Co,2,"=""362.12003""","=""0.00024""","=""362.12047""","=""0.00004""","=""1200""","=""2.6e+06""",C,"=""17771.507""","=""45378.754""","=""3d7.(4P).4s""","=""a 5P""","=""3""","=""3d7.(4F).4p""","=""z 5F*""","=""4""",7,9,,"=""T4776""","=""L9429c118""",
Co,1,"=""""","=""""","=""362.4957""","=""""","=""""","=""5.2e+05""",C+,"=""5075.83""","=""32654.50""","=""3p6.3d8.(3F).4s""","=""b 4F""","=""3/2""","=""3p6.3d8.(3F).4p""","=""y 4D*""","=""5/2""",4,6,,"=""T4223""","=""""",
Co,1,"=""362.781""","=""""","=""362.7804""","=""""","=""1000""","=""4.7e+06""",C,"=""4142.66""","=""31699.69""","=""3p6.3d8.(3F).4s""","=""b 4F""","=""7/2""","=""3p6.3d7.(4F).4s.4p.(3P*)""","=""z 2G*""","=""9/2""",8,10,,"=""T4223""","=""L3475""",
Co,1,"=""""","=""""","=""363.1384""","=""""","=""""","=""5.2e+05""",C,"=""816.00""","=""28345.86""","=""3p6.3d7.4s2""","=""a 4F""","=""7/2""","=""3p6.3d7.(4F).4s.4p.(3P*)""","=""z 4F*""","=""9/2""",8,10,,"=""T4223""","=""""",
Co,3,"=""363.425""","=""0.002""","=""363.4273""","=""0.0004""","=""7""","=""7.e+05""",D,"=""83775.456""","=""111283.436""","=""3d6.(3D).4s""","=""b 4D""","=""3/2""","=""3d6.(5D).4p""","=""z 4P*""","=""1/2""",4,2,,"=""u37""","=""L3537c164""",
Co,3,"=""363.635""","=""0.002""","=""363.6373""","=""0.0007""","=""7""","=""7.e+05""",D,"=""83791.34""","=""111283.436""","=""3d6.(3D).4s""","=""b 4D""","=""1/2""","=""3d6.(5D).4p""","=""z 4P*""","=""1/2""",2,2,,"=""u37""","=""L3537c164""",
Co,2,"=""364.16715""","=""0.00004""","=""364.16776""","=""0.00005""","=""4300bl(Co I)""","=""4.e+05""",E,"=""73144.338""","=""100596.386""","=""3d7.(2D2).4p""","=""x 3P*""","=""1""","=""3d7.(4P).5s""","=""3P""","=""1""",3,3,,"=""T6999""","=""L9429c118""",
Co,1,"=""""","=""""","=""364.7658""","=""""","=""""","=""1.0e+06""",C,"=""1809.33""","=""29216.37""","=""3p6.3d7.4s2""","=""a 4F""","=""3/2""","=""3p6.3d7.(4F).4s.4p.(3P*)""","=""z 4F*""","=""5/2""",4,6,,"=""T4223""","=""""",
Co,1,"=""""","=""""","=""365.2537""","=""""","=""""","=""8.6e+05""",C,"=""1406.84""","=""28777.27""","=""3p6.3d7.4s2""","=""a 4F""","=""5/2""","=""3p6.3d7.(4F).4s.4p.(3P*)""","=""z 4F*""","=""7/2""",6,8,,"=""T4223""","=""""",
Co,2,"=""365.674""","=""""","=""365.67419""","=""0.00003""","=""3000:""","=""4.0e+06""",D,"=""22009.344""","=""49348.304""","=""3d7.(2G).4s""","=""a 3G""","=""4""","=""3d7.(4F).4p""","=""z 3G*""","=""4""",9,9,,"=""T6135""","=""L18302""",
Co,1,"=""""","=""""","=""365.6961""","=""""","=""""","=""2.5e+05""",C,"=""4690.18""","=""32027.50""","=""3p6.3d8.(3F).4s""","=""b 4F""","=""5/2""","=""3p6.3d8.(3F).4p""","=""y 4D*""","=""7/2""",6,8,,"=""T4223""","=""""",
Co,3,"=""367.727""","=""0.002""","=""367.7271""","=""0.0004""","=""8""","=""4.1e+05""",D,"=""83775.456""","=""110961.794""","=""3d6.(3D).4s""","=""b 4D""","=""3/2""","=""3d6.(5D).4p""","=""z 4P*""","=""3/2""",4,4,,"=""u37""","=""L3537c164""",
Co,1,"=""""","=""""","=""367.7997""","=""""","=""""","=""4.3e+04""",D,"=""4690.18""","=""31871.15""","=""3p6.3d8.(3F).4s""","=""b 4F""","=""5/2""","=""3p6.3d7.(4F).4s.4p.(3P*)""","=""z 2F*""","=""7/2""",6,8,,"=""T4223""","=""""",
Co,3,"=""368.078""","=""0.002""","=""368.0773""","=""0.0004""","=""9""","=""8.e+05""",D+,"=""83801.320""","=""110961.794""","=""3d6.(3D).4s""","=""b 4D""","=""5/2""","=""3d6.(5D).4p""","=""z 4P*""","=""3/2""",6,4,,"=""u37""","=""L3537c164""",
Co,2,"=""368.1343""","=""0.0010""","=""368.14183""","=""0.00015""","=""750""","=""3.5e+06""",D,"=""41047.299""","=""68203.012""","=""3d7.(2F).4s""","=""c 3F""","=""4""","=""3d7.(2H).4p""","=""x 3G*""","=""5""",9,11,,"=""T6999""","=""L4687c119""",
Co,2,"=""369.5323""","=""0.0010""","=""369.5353""","=""0.0004""","=""63""","=""1.2e+06""",D,"=""40771.078""","=""67824.389""","=""3d7.(2F).4s""","=""c 3F""","=""2""","=""3d7.(2P).4p""","=""x 3D*""","=""1""",5,3,,"=""T6999""","=""L4687c119""",
Co,1,"=""""","=""""","=""370.4056""","=""""","=""""","=""1.2e+07""",C,"=""8460.81""","=""35450.56""","=""3p6.3d8.(3F).4s""","=""a 2F""","=""5/2""","=""3p6.3d8.(3F).4p""","=""y 2F*""","=""7/2""",6,8,,"=""T4223""","=""""",
Co,2,"=""371.47387""","=""0.00023""","=""371.47290""","=""0.00003""","=""490*""","=""1.1e+05""",E,"=""25317.517""","=""52229.725""","=""3d7.(2P).4s""","=""c 3P""","=""1""","=""3d7.(4F).4p""","=""z 3D*""","=""2""",3,5,,"=""T6999""","=""L9429c118""",
Co,2,"=""372.0520""","=""0.0010""","=""372.05295""","=""0.00004""","=""38""","=""2.1e+05""",E,"=""65174.661""","=""92044.913""","=""3d7.(2G).4p""","=""y 3G*""","=""3""","=""3d7.(4F).4d""","=""e 3D""","=""2""",7,5,,"=""T6999""","=""L4687c119""",
Co,1,"=""374.550""","=""""","=""374.5491""","=""""","=""1100""","=""7.5e+06""",C,"=""7442.41""","=""34133.59""","=""3p6.3d8.(3F).4s""","=""a 2F""","=""7/2""","=""3p6.3d8.(3F).4p""","=""y 2G*""","=""7/2""",8,8,,"=""T4223""","=""L3475""",
Co,2,"=""375.4681""","=""0.0007""","=""375.46790""","=""0.00003""","=""800""","=""1.0e+06""",D,"=""24886.400""","=""51512.268""","=""3d7.(2P).4s""","=""c 3P""","=""2""","=""3d7.(4F).4p""","=""z 3D*""","=""3""",5,7,,"=""T6999""","=""L9429c118""",
Co,3,"=""376.254""","=""0.002""","=""376.2539""","=""0.0006""","=""7""","=""2.0e+05""",D,"=""83801.320""","=""110371.568""","=""3d6.(3D).4s""","=""b 4D""","=""5/2""","=""3d6.(5D).4p""","=""z 4P*""","=""5/2""",6,6,,"=""u37""","=""L3537c164""",
Co,3,"=""378.231""","=""0.002""","=""378.2320""","=""0.0004""","=""32""","=""9.e+05""",D+,"=""83940.274""","=""110371.568""","=""3d6.(3D).4s""","=""b 4D""","=""7/2""","=""3d6.(5D).4p""","=""z 4P*""","=""5/2""",8,6,,"=""u37""","=""L3537c164""",
Co,1,"=""""","=""""","=""380.8100""","=""""","=""""","=""1.5e+05""",D,"=""3482.82""","=""29735.18""","=""3p6.3d8.(3F).4s""","=""b 4F""","=""9/2""","=""3p6.3d7.(4F).4s.4p.(3P*)""","=""z 4G*""","=""7/2""",10,8,,"=""T4223""","=""""",
Co,1,"=""""","=""""","=""381.1060""","=""""","=""""","=""2.0e+05""",C,"=""7442.41""","=""33674.38""","=""3p6.3d8.(3F).4s""","=""a 2F""","=""7/2""","=""3p6.3d8.(3F).4p""","=""y 4G*""","=""5/2""",8,6,,"=""T4223""","=""""",
Co,1,"=""""","=""""","=""384.1449""","=""""","=""""","=""4.2e+05""",C,"=""7442.41""","=""33466.87""","=""3p6.3d8.(3F).4s""","=""a 2F""","=""7/2""","=""3p6.3d8.(3F).4p""","=""*""","=""7/2""",8,8,,"=""T4223""","=""""",
Co,1,"=""384.205""","=""""","=""384.2046""","=""""","=""1400""","=""1.3e+07""",C,"=""7442.41""","=""33462.83""","=""3p6.3d8.(3F).4s""","=""a 2F""","=""7/2""","=""3p6.3d7.(4F).4s.4p.(3P*)""","=""z 2D*""","=""5/2""",8,6,,"=""T4223""","=""L3475""",
Co,1,"=""384.547""","=""""","=""384.5461""","=""""","=""6900""","=""4.6e+07""",C+,"=""7442.41""","=""33439.72""","=""3p6.3d8.(3F).4s""","=""a 2F""","=""7/2""","=""3p6.3d8.(3F).4p""","=""y 2G*""","=""9/2""",8,10,,"=""T4223""","=""L3475""",
Co,1,"=""""","=""""","=""385.0943""","=""""","=""""","=""2.2e+05""",D,"=""4142.66""","=""30102.96""","=""3p6.3d8.(3F).4s""","=""b 4F""","=""7/2""","=""3p6.3d7.(4F).4s.4p.(3P*)""","=""z 4G*""","=""5/2""",8,6,,"=""T4223""","=""""",
Co,1,"=""""","=""""","=""386.1160""","=""""","=""""","=""1.4e+07""",C,"=""8460.81""","=""34352.42""","=""3p6.3d8.(3F).4s""","=""a 2F""","=""5/2""","=""3p6.3d7.(4F).4s.4p.(3P*)""","=""z 2D*""","=""3/2""",6,4,,"=""T4223""","=""""",
Co,1,"=""387.312""","=""""","=""387.3114""","=""""","=""5500""","=""1.2e+07""",C+,"=""3482.82""","=""29294.52""","=""3p6.3d8.(3F).4s""","=""b 4F""","=""9/2""","=""3p6.3d7.(4F).4s.4p.(3P*)""","=""z 4D*""","=""7/2""",10,8,,"=""T4223""","=""L3475""",
Co,1,"=""387.396""","=""""","=""387.3955""","=""""","=""2800""","=""1.0e+07""",C,"=""4142.66""","=""29948.76""","=""3p6.3d8.(3F).4s""","=""b 4F""","=""7/2""","=""3p6.3d7.(4F).4s.4p.(3P*)""","=""z 4D*""","=""5/2""",8,6,,"=""T4223""","=""L3475""",
Co,1,"=""""","=""""","=""388.1875""","=""""","=""""","=""8.2e+06""",C,"=""4690.18""","=""30443.63""","=""3p6.3d8.(3F).4s""","=""b 4F""","=""5/2""","=""3p6.3d7.(4F).4s.4p.(3P*)""","=""z 4D*""","=""3/2""",6,4,,"=""T4223""","=""""",
Co,1,"=""""","=""""","=""388.4597""","=""""","=""""","=""1.6e+06""",C+,"=""8460.81""","=""34196.21""","=""3p6.3d8.(3F).4s""","=""a 2F""","=""5/2""","=""3p6.3d8.(3F).4p""","=""y 4F*""","=""3/2""",6,4,,"=""T4223""","=""""",
Co,1,"=""""","=""""","=""388.5269""","=""""","=""""","=""3.0e+05""",C,"=""7442.41""","=""33173.36""","=""3p6.3d8.(3F).4s""","=""a 2F""","=""7/2""","=""3p6.3d8.(3F).4p""","=""*""","=""7/2""",8,8,,"=""T4223""","=""""",
Co,1,"=""389.408""","=""""","=""389.4073""","=""""","=""7900""","=""6.9e+07""",C,"=""8460.81""","=""34133.59""","=""3p6.3d8.(3F).4s""","=""a 2F""","=""5/2""","=""3p6.3d8.(3F).4p""","=""y 2G*""","=""7/2""",6,8,,"=""T4223""","=""L3475""",
Co,1,"=""""","=""""","=""389.4977""","=""""","=""""","=""8.8e+06""",C,"=""5075.83""","=""30742.65""","=""3p6.3d8.(3F).4s""","=""b 4F""","=""3/2""","=""3p6.3d7.(4F).4s.4p.(3P*)""","=""z 4D*""","=""1/2""",4,2,,"=""T4223""","=""""",
Co,1,"=""""","=""""","=""390.6285""","=""""","=""""","=""2.9e+05""",D,"=""4142.66""","=""29735.18""","=""3p6.3d8.(3F).4s""","=""b 4F""","=""7/2""","=""3p6.3d7.(4F).4s.4p.(3P*)""","=""z 4G*""","=""7/2""",8,8,,"=""T4223""","=""""",
Co,1,"=""""","=""""","=""390.9927""","=""""","=""""","=""1.1e+05""",C,"=""0.00""","=""25568.68""","=""3p6.3d7.4s2""","=""a 4F""","=""9/2""","=""3p6.3d7.(4F).4s.4p.(3P*)""","=""z 6G*""","=""11/2""",10,12,,"=""T4223""","=""""",
Co,1,"=""""","=""""","=""392.2752""","=""""","=""""","=""5.7e+05""",C+,"=""8460.81""","=""33945.90""","=""3p6.3d8.(3F).4s""","=""a 2F""","=""5/2""","=""3p6.3d8.(3F).4p""","=""*""","=""5/2""",6,6,,"=""T4223""","=""""",
Co,1,"=""""","=""""","=""393.3914""","=""""","=""""","=""1.2e+05""",D,"=""4690.18""","=""30102.96""","=""3p6.3d8.(3F).4s""","=""b 4F""","=""5/2""","=""3p6.3d7.(4F).4s.4p.(3P*)""","=""z 4G*""","=""5/2""",6,6,,"=""T4223""","=""""",
Co,1,"=""393.597""","=""""","=""393.5959""","=""""","=""1500""","=""6.2e+06""",C+,"=""7442.41""","=""32841.99""","=""3p6.3d8.(3F).4s""","=""a 2F""","=""7/2""","=""3p6.3d8.(3F).4p""","=""y 4F*""","=""9/2""",8,10,,"=""T4223""","=""L3475""",
Co,1,"=""""","=""""","=""394.0890""","=""""","=""""","=""8.3e+05""",C,"=""5075.83""","=""30443.63""","=""3p6.3d8.(3F).4s""","=""b 4F""","=""3/2""","=""3p6.3d7.(4F).4s.4p.(3P*)""","=""z 4D*""","=""3/2""",4,4,,"=""T4223""","=""""",
Co,1,"=""""","=""""","=""394.1729""","=""""","=""""","=""3.3e+05""",C,"=""3482.82""","=""28845.22""","=""3p6.3d8.(3F).4s""","=""b 4F""","=""9/2""","=""3p6.3d7.(4F).4s.4p.(3P*)""","=""z 4G*""","=""11/2""",10,12,,"=""T4223""","=""""",
Co,1,"=""""","=""""","=""394.5322""","=""""","=""""","=""2.2e+06""",D,"=""7442.41""","=""32781.71""","=""3p6.3d8.(3F).4s""","=""a 2F""","=""7/2""","=""3p6.3d7.(4F).4s.4p.(3P*)""","=""z 2F*""","=""5/2""",8,6,,"=""T4223""","=""""",
Co,1,"=""""","=""""","=""395.2318""","=""""","=""""","=""2.2e+05""",C,"=""3482.82""","=""28777.27""","=""3p6.3d8.(3F).4s""","=""b 4F""","=""9/2""","=""3p6.3d7.(4F).4s.4p.(3P*)""","=""z 4F*""","=""7/2""",10,8,,"=""T4223""","=""""",
Co,1,"=""""","=""""","=""395.2910""","=""""","=""""","=""1.6e+06""",C,"=""7442.41""","=""32733.07""","=""3p6.3d8.(3F).4s""","=""a 2F""","=""7/2""","=""3p6.3d7.(4F).4s.4p.(3P*)""","=""z 2G*""","=""7/2""",8,8,,"=""T4223""","=""""",
Co,1,"=""""","=""""","=""395.7931""","=""""","=""""","=""6.2e+05""",C,"=""4690.18""","=""29948.76""","=""3p6.3d8.(3F).4s""","=""b 4F""","=""5/2""","=""3p6.3d7.(4F).4s.4p.(3P*)""","=""z 4D*""","=""5/2""",6,6,,"=""T4223""","=""""",
Co,1,"=""""","=""""","=""396.4996""","=""""","=""""","=""5.2e+04""",E,"=""8460.81""","=""33674.38""","=""3p6.3d8.(3F).4s""","=""a 2F""","=""5/2""","=""3p6.3d8.(3F).4p""","=""y 4G*""","=""5/2""",6,6,,"=""T4223""","=""""",
Co,1,"=""""","=""""","=""396.5229""","=""""","=""""","=""2.6e+04""",E,"=""7442.41""","=""32654.50""","=""3p6.3d8.(3F).4s""","=""a 2F""","=""7/2""","=""3p6.3d8.(3F).4p""","=""y 4D*""","=""5/2""",8,6,,"=""T4223""","=""""",
Co,1,"=""""","=""""","=""397.4725""","=""""","=""""","=""2.5e+05""",C+,"=""4142.66""","=""29294.52""","=""3p6.3d8.(3F).4s""","=""b 4F""","=""7/2""","=""3p6.3d7.(4F).4s.4p.(3P*)""","=""z 4D*""","=""7/2""",8,8,,"=""T4223""","=""""",
Co,1,"=""""","=""""","=""397.8646""","=""""","=""""","=""2.0e+05""",C,"=""4142.66""","=""29269.73""","=""3p6.3d8.(3F).4s""","=""b 4F""","=""7/2""","=""3p6.3d7.(4F).4s.4p.(3P*)""","=""z 4G*""","=""9/2""",8,10,,"=""T4223""","=""""",
Co,1,"=""""","=""""","=""397.9514""","=""""","=""""","=""8.8e+04""",D,"=""816.00""","=""25937.59""","=""3p6.3d7.4s2""","=""a 4F""","=""7/2""","=""3p6.3d7.(4F).4s.4p.(3P*)""","=""z 6G*""","=""9/2""",8,10,,"=""T4223""","=""""",
Co,2,"=""398.3015""","=""0.0005""","=""398.30172""","=""0.00005""","=""220""","=""6.e+05""",D,"=""27585.138""","=""52684.634""","=""3d7.(2P).4s""","=""a 1P""","=""1""","=""3d7.(4F).4p""","=""z 3D*""","=""1""",3,3,,"=""T6999""","=""L9429c118""",
Co,1,"=""""","=""""","=""398.7113""","=""""","=""""","=""1.2e+05""",C,"=""4142.66""","=""29216.37""","=""3p6.3d8.(3F).4s""","=""b 4F""","=""7/2""","=""3p6.3d7.(4F).4s.4p.(3P*)""","=""z 4F*""","=""5/2""",8,6,,"=""T4223""","=""""",
Co,1,"=""""","=""""","=""399.1684""","=""""","=""""","=""1.5e+05""",D,"=""4690.18""","=""29735.18""","=""3p6.3d8.(3F).4s""","=""b 4F""","=""5/2""","=""3p6.3d7.(4F).4s.4p.(3P*)""","=""z 4G*""","=""7/2""",6,8,,"=""T4223""","=""""",
Co,1,"=""""","=""""","=""399.4534""","=""""","=""""","=""1.4e+05""",D,"=""5075.83""","=""30102.96""","=""3p6.3d8.(3F).4s""","=""b 4F""","=""3/2""","=""3p6.3d7.(4F).4s.4p.(3P*)""","=""z 4G*""","=""5/2""",4,6,,"=""T4223""","=""""",
Co,1,"=""399.531""","=""""","=""399.5302""","=""""","=""6000""","=""2.5e+07""",C+,"=""7442.41""","=""32464.73""","=""3p6.3d8.(3F).4s""","=""a 2F""","=""7/2""","=""3p6.3d8.(3F).4p""","=""y 4G*""","=""9/2""",8,10,,"=""T4223""","=""L3475""",
Co,1,"=""399.791""","=""""","=""399.7900""","=""""","=""970""","=""7.0e+06""",C+,"=""8460.81""","=""33466.87""","=""3p6.3d8.(3F).4s""","=""a 2F""","=""5/2""","=""3p6.3d8.(3F).4p""","=""*""","=""7/2""",6,8,,"=""T4223""","=""L3475""",
Co,1,"=""""","=""""","=""399.8546""","=""""","=""""","=""4.2e+04""",D,"=""8460.81""","=""33462.83""","=""3p6.3d8.(3F).4s""","=""a 2F""","=""5/2""","=""3p6.3d7.(4F).4s.4p.(3P*)""","=""z 2D*""","=""5/2""",6,6,,"=""T4223""","=""""",
Co,1,"=""402.090""","=""""","=""402.0898""","=""""","=""350""","=""3.5e+05""",C,"=""3482.82""","=""28345.86""","=""3p6.3d8.(3F).4s""","=""b 4F""","=""9/2""","=""3p6.3d7.(4F).4s.4p.(3P*)""","=""z 4F*""","=""9/2""",10,10,,"=""T4223""","=""L3475""",
Co,2,"=""404.0020""","=""0.0010""","=""404.00215""","=""0.00005""","=""50""","=""1.7e+05""",E,"=""27484.373""","=""52229.725""","=""3d7.(2D2).4s""","=""a 3D""","=""3""","=""3d7.(4F).4p""","=""z 3D*""","=""2""",7,5,,"=""T6999""","=""L4687c119""",
Co,1,"=""404.539""","=""""","=""404.5384""","=""""","=""370""","=""2.4e+06""",C+,"=""8460.81""","=""33173.36""","=""3p6.3d8.(3F).4s""","=""a 2F""","=""5/2""","=""3p6.3d8.(3F).4p""","=""*""","=""7/2""",6,8,,"=""T4223""","=""L3475""",
Co,1,"=""""","=""""","=""405.8183""","=""""","=""""","=""1.5e+05""",C,"=""4142.66""","=""28777.27""","=""3p6.3d8.(3F).4s""","=""b 4F""","=""7/2""","=""3p6.3d7.(4F).4s.4p.(3P*)""","=""z 4F*""","=""7/2""",8,8,,"=""T4223""","=""""",
Co,1,"=""406.637""","=""""","=""406.6358""","=""""","=""350""","=""1.1e+06""",C,"=""7442.41""","=""32027.50""","=""3p6.3d8.(3F).4s""","=""a 2F""","=""7/2""","=""3p6.3d8.(3F).4p""","=""y 4D*""","=""7/2""",8,8,,"=""T4223""","=""L3475""",
Co,2,"=""406.842""","=""0.004""","=""406.83977""","=""0.00005""","=""""","=""2.6e+05""",E,"=""28111.872""","=""52684.634""","=""3d7.(2D2).4s""","=""a 3D""","=""2""","=""3d7.(4F).4p""","=""z 3D*""","=""1""",5,3,,"=""T6999""","=""L13814""",
Co,1,"=""""","=""""","=""407.6123""","=""""","=""""","=""7.3e+04""",C,"=""4690.18""","=""29216.37""","=""3p6.3d8.(3F).4s""","=""b 4F""","=""5/2""","=""3p6.3d7.(4F).4s.4p.(3P*)""","=""z 4F*""","=""5/2""",6,6,,"=""T4223""","=""""",
Co,1,"=""""","=""""","=""408.2590""","=""""","=""""","=""5.9e+04""",C,"=""5075.83""","=""29563.17""","=""3p6.3d8.(3F).4s""","=""b 4F""","=""3/2""","=""3p6.3d7.(4F).4s.4p.(3P*)""","=""z 4F*""","=""3/2""",4,4,,"=""T4223""","=""""",
Co,1,"=""409.239""","=""""","=""409.2384""","=""""","=""830""","=""5.7e+06""",C+,"=""7442.41""","=""31871.15""","=""3p6.3d8.(3F).4s""","=""a 2F""","=""7/2""","=""3p6.3d7.(4F).4s.4p.(3P*)""","=""z 2F*""","=""7/2""",8,8,,"=""T4223""","=""L3475""",
Co,2,"=""409.4186""","=""0.0025""","=""409.41593""","=""0.00013""","=""65""","=""1.0e+06""",D,"=""61458.124""","=""85876.271""","=""3d7.(4P).4p""","=""y 5D*""","=""0""","=""3d7.(4F).5s""","=""e 5F""","=""1""",1,3,,"=""T6999""","=""L4687c119""",
Co,2,"=""409.6599""","=""0.00042""","=""409.6603""","=""0.0005""","=""130""","=""4.3e+05""",D,"=""40771.078""","=""65174.661""","=""3d7.(2F).4s""","=""c 3F""","=""2""","=""3d7.(2G).4p""","=""y 3G*""","=""3""",5,7,,"=""T6999""","=""L9429c118""",
Co,1,"=""411.054""","=""""","=""411.0530""","=""""","=""550""","=""5.5e+06""",D,"=""8460.81""","=""32781.71""","=""3p6.3d8.(3F).4s""","=""a 2F""","=""5/2""","=""3p6.3d7.(4F).4s.4p.(3P*)""","=""z 2F*""","=""5/2""",6,6,,"=""T4223""","=""L3475""",
Co,2,"=""411.8354""","=""0.0025""","=""411.8392""","=""0.0005""","=""13""","=""4.7e+05""",D,"=""40879.567""","=""65154.041""","=""3d7.(2F).4s""","=""c 3F""","=""3""","=""3d7.(2G).4p""","=""y 3G*""","=""4""",7,9,,"=""T6999""","=""L4687c119""",
Co,1,"=""411.877""","=""""","=""411.8767""","=""""","=""2800""","=""1.6e+07""",C,"=""8460.81""","=""32733.07""","=""3p6.3d8.(3F).4s""","=""a 2F""","=""5/2""","=""3p6.3d7.(4F).4s.4p.(3P*)""","=""z 2G*""","=""7/2""",6,8,,"=""T4223""","=""L3475""",
Co,1,"=""412.132""","=""""","=""412.1311""","=""""","=""4400""","=""1.9e+07""",C,"=""7442.41""","=""31699.69""","=""3p6.3d8.(3F).4s""","=""a 2F""","=""7/2""","=""3p6.3d7.(4F).4s.4p.(3P*)""","=""z 2G*""","=""9/2""",8,10,,"=""T4223""","=""L3475""",
Co,2,"=""412.3240""","=""0.0025""","=""412.32451""","=""0.00009""","=""13""","=""1.1e+06""",D,"=""61350.268""","=""85596.170""","=""3d7.(4P).4p""","=""y 5D*""","=""1""","=""3d7.(4F).5s""","=""e 5F""","=""2""",3,5,,"=""T6999""","=""L4687c119""",
Co,2,"=""412.4079""","=""0.0025""","=""412.40886""","=""0.00004""","=""9""","=""5.e+04""",E,"=""61240.746""","=""85481.689""","=""3d7.(4P).4p""","=""y 5D*""","=""3""","=""3d7.(4F).5s""","=""e 3F""","=""4""",7,9,,"=""T6999""","=""L4687c119""",
Co,1,"=""""","=""""","=""413.2144""","=""""","=""""","=""9.9e+04""",C,"=""8460.81""","=""32654.50""","=""3p6.3d8.(3F).4s""","=""a 2F""","=""5/2""","=""3p6.3d8.(3F).4p""","=""y 4D*""","=""5/2""",6,6,,"=""T4223""","=""""",
Co,2,"=""414.5137""","=""0.0003""","=""414.51371""","=""0.00005""","=""270""","=""6.e+05""",D,"=""28111.872""","=""52229.725""","=""3d7.(2D2).4s""","=""a 3D""","=""2""","=""3d7.(4F).4p""","=""z 3D*""","=""2""",5,5,,"=""T6999""","=""L9429c118""",
Co,1,"=""""","=""""","=""415.0431""","=""""","=""""","=""5.3e+04""",C,"=""4690.18""","=""28777.27""","=""3p6.3d8.(3F).4s""","=""b 4F""","=""5/2""","=""3p6.3d7.(4F).4s.4p.(3P*)""","=""z 4F*""","=""7/2""",6,8,,"=""T4223""","=""""",
Co,2,"=""415.271""","=""0.010""","=""415.26156""","=""0.00004""","=""7""","=""3.12e+00""",,"=""0.000""","=""24074.420""","=""3d8""","=""a 3F""","=""4""","=""3d7.(4P).4s""","=""b 3P""","=""2""",9,5,E2,"=""T6904""","=""L13469,L18001""",
Co,2,"=""415.9375""","=""0.0025""","=""415.9416""","=""0.0005""","=""13""","=""1.2e+05""",E,"=""40879.567""","=""64914.630""","=""3d7.(2F).4s""","=""c 3F""","=""3""","=""3d7.(4P).4p""","=""y 3P*""","=""2""",7,5,,"=""T6999""","=""L4687c119""",
Co,2,"=""416.0652""","=""0.0012""","=""416.06564""","=""0.00005""","=""360""","=""7.e+05""",D,"=""27484.373""","=""51512.268""","=""3d7.(2D2).4s""","=""a 3D""","=""3""","=""3d7.(4F).4p""","=""z 3D*""","=""3""",7,7,,"=""T6999""","=""L9429c118""",
Co,2,"=""417.8230""","=""0.0025""","=""417.82190""","=""0.00005""","=""9""","=""6.e+05""",D,"=""61240.746""","=""85167.645""","=""3d7.(4P).4p""","=""y 5D*""","=""3""","=""3d7.(4F).5s""","=""e 5F""","=""3""",7,7,,"=""T6999""","=""L4687c119""",
Co,1,"=""""","=""""","=""418.0702""","=""""","=""""","=""1.6e+05""",C+,"=""23611.78""","=""47524.47""","=""3p6.3d7.(4F).4s.4p.(3P*)""","=""z 6F*""","=""11/2""","=""3p6.3d7.4s.(5F).5s""","=""f 4F""","=""9/2""",12,10,,"=""T4223""","=""""",
Co,2,"=""418.1120""","=""0.0025""","=""418.11401""","=""0.00019""","=""13""","=""7.e+04""",E,"=""41047.299""","=""64957.482""","=""3d7.(2F).4s""","=""c 3F""","=""4""","=""3d7.(2G).4p""","=""z 1H*""","=""5""",9,11,,"=""T6999""","=""L4687c119""",
Co,2,"=""418.1644""","=""0.0025""","=""418.16397""","=""0.00007""","=""66""","=""1.3e+06""",D,"=""61260.319""","=""85167.645""","=""3d7.(4P).4p""","=""y 5D*""","=""2""","=""3d7.(4F).5s""","=""e 5F""","=""3""",5,7,,"=""T6999""","=""L4687c119""",
Co,1,"=""""","=""""","=""422.3773""","=""""","=""""","=""1.2e+05""",C,"=""23855.62""","=""47524.47""","=""3p6.3d7.(4F).4s.4p.(3P*)""","=""z 6F*""","=""9/2""","=""3p6.3d7.4s.(5F).5s""","=""f 4F""","=""9/2""",10,10,,"=""T4223""","=""""",
Co,1,"=""""","=""""","=""424.0802""","=""""","=""""","=""9.9e+04""",D,"=""24627.79""","=""48201.60""","=""3p6.3d7.(4F).4s.4p.(3P*)""","=""z 6D*""","=""9/2""","=""3p6.3d7.4s.(5F).5s""","=""f 4F""","=""7/2""",10,8,,"=""T4223""","=""""",
Co,2,"=""424.4252""","=""0.0025""","=""424.42821""","=""0.00020""","=""390d,s""","=""4.0e+05""",D,"=""41047.299""","=""64601.778""","=""3d7.(2F).4s""","=""c 3F""","=""4""","=""3d7.(2G).4p""","=""y 3G*""","=""5""",9,11,,"=""T6999""","=""L4687c119""",
Co,1,"=""""","=""""","=""425.9864""","=""""","=""""","=""5.3e+05""",C+,"=""24733.28""","=""48201.60""","=""3p6.3d7.(4F).4s.4p.(3P*)""","=""z 6F*""","=""5/2""","=""3p6.3d7.4s.(5F).5s""","=""f 4F""","=""7/2""",6,8,,"=""T4223""","=""""",
Co,3,"=""""","=""""","=""426.575""","=""0.003""","=""""","=""4.3e-03""",D,"=""0.00""","=""23435.93""","=""3d7""","=""a 4F""","=""9/2""","=""3d7""","=""a 2H""","=""9/2""",10,10,M1,"=""u37""","=""""",
Co,2,"=""426.9421""","=""0.0025""","=""426.94087""","=""0.00005""","=""65""","=""2.4e+05""",E,"=""29268.777""","=""52684.634""","=""3d7.(2D2).4s""","=""a 3D""","=""1""","=""3d7.(4F).4p""","=""z 3D*""","=""1""",3,3,,"=""T6999""","=""L4687c119""",
Co,1,"=""""","=""""","=""427.0415""","=""""","=""""","=""1.0e+04""",D,"=""8460.81""","=""31871.15""","=""3p6.3d8.(3F).4s""","=""a 2F""","=""5/2""","=""3p6.3d7.(4F).4s.4p.(3P*)""","=""z 2F*""","=""7/2""",6,8,,"=""T4223""","=""""",
Co,2,"=""427.2223""","=""0.0025""","=""427.22296""","=""0.00005""","=""100""","=""6.e+04""",E,"=""28111.872""","=""51512.268""","=""3d7.(2D2).4s""","=""a 3D""","=""2""","=""3d7.(4F).4p""","=""z 3D*""","=""3""",5,7,,"=""T6999""","=""L4687c119""",
Co,2,"=""428.0714""","=""0.00025""","=""428.07062""","=""0.00020""","=""57""","=""9.e+04""",E,"=""41047.299""","=""64401.359""","=""3d7.(2F).4s""","=""c 3F""","=""4""","=""3d7.(2G).4p""","=""z 1G*""","=""4""",9,9,,"=""T6999""","=""L9429c118""",
Co,2,"=""428.2158""","=""0.0004""","=""428.21617""","=""0.00007""","=""79bl(Co II)""","=""1.3e+06""",D,"=""61240.746""","=""84586.868""","=""3d7.(4P).4p""","=""y 5D*""","=""3""","=""3d7.(4F).5s""","=""e 5F""","=""4""",7,9,,"=""T6999""","=""L9429c118""",
Co,1,"=""""","=""""","=""430.9437""","=""""","=""""","=""7.7e+05""",B,"=""24326.11""","=""47524.47""","=""3p6.3d7.(4F).4s.4p.(3P*)""","=""z 6F*""","=""7/2""","=""3p6.3d7.4s.(5F).5s""","=""f 4F""","=""9/2""",8,10,,"=""T4223""","=""""",
Co,2,"=""432.320""","=""0.010""","=""432.32776""","=""0.00007""","=""""","=""5.12e-01""",,"=""950.324""","=""24074.420""","=""3d8""","=""a 3F""","=""3""","=""3d7.(4P).4s""","=""b 3P""","=""2""",7,5,E2,"=""T6904""","=""L13469""",
Co,1,"=""""","=""""","=""435.9427""","=""""","=""""","=""5.9e+05""",B,"=""25269.25""","=""48201.60""","=""3p6.3d7.(4F).4s.4p.(3P*)""","=""z 6D*""","=""7/2""","=""3p6.3d7.4s.(5F).5s""","=""f 4F""","=""7/2""",8,8,,"=""T4223""","=""""",
Co,3,"=""""","=""""","=""438.714""","=""0.004""","=""""","=""7.4e-01""",C,"=""1451.33""","=""24238.81""","=""3d7""","=""a 4F""","=""5/2""","=""3d7""","=""a 2D2""","=""3/2""",6,4,M1,"=""u37""","=""""",
Co,2,"=""439.6950""","=""0.0025""","=""439.6994""","=""0.0006""","=""27d""","=""1.1e+05""",E,"=""40879.567""","=""63615.990""","=""3d7.(2F).4s""","=""c 3F""","=""3""","=""3d7.(4P).4p""","=""y 3D*""","=""2""",7,5,,"=""T6999""","=""L4687c119""",
Co,3,"=""""","=""""","=""439.990""","=""0.004""","=""""","=""7.e-04""",D+,"=""0.00""","=""22721.42""","=""3d7""","=""a 4F""","=""9/2""","=""3d7""","=""a 2H""","=""11/2""",10,12,M1+E2,"=""u37""","=""""",
Co,2,"=""440.979""","=""0.010""","=""440.98415""","=""0.00006""","=""""","=""5.47e-01""",,"=""1597.197""","=""24267.382""","=""3d8""","=""a 3F""","=""2""","=""3d7.(4P).4s""","=""b 3P""","=""1""",5,3,E2,"=""T6904""","=""L13469""",
Co,2,"=""441.39045""","=""0.00016""","=""441.39069""","=""0.00008""","=""470""","=""7.e+05""",D,"=""40695.028""","=""63344.333""","=""3d6.4s2""","=""a 5D""","=""4""","=""3d7.(4P).4p""","=""z 5P*""","=""3""",9,7,,"=""T6999""","=""L9429c118""",
Co,2,"=""441.8467""","=""0.0008""","=""441.84668""","=""0.00006""","=""92""","=""1.4e+06""",D,"=""61388.250""","=""84014.181""","=""3d7.(4P).4p""","=""y 5D*""","=""4""","=""3d7.(4F).5s""","=""e 5F""","=""5""",9,11,,"=""T6999""","=""L9429c118""",
Co,3,"=""""","=""""","=""442.460""","=""0.004""","=""""","=""2.2e-03""",D,"=""841.36""","=""23435.93""","=""3d7""","=""a 4F""","=""7/2""","=""3d7""","=""a 2H""","=""9/2""",8,10,M1+E2,"=""u37""","=""""",
Co,2,"=""442.7450""","=""0.0025""","=""442.74352""","=""0.00022""","=""69d""","=""2.7e+05""",D,"=""64360.050""","=""86940.150""","=""3d7.(2G).4p""","=""y 3F*""","=""3""","=""3d7.(4F).5s""","=""e 3F""","=""2""",7,5,,"=""T6999""","=""L4687c119""",
Co,1,"=""""","=""""","=""443.6426""","=""""","=""""","=""9.8e+04""",D,"=""13795.52""","=""36329.86""","=""3p6.3d7.4s2""","=""a 4P""","=""5/2""","=""3p6.3d8.(3F).4p""","=""y 2F*""","=""5/2""",6,6,,"=""T4223""","=""""",
Co,2,"=""445.042""","=""0.005""","=""445.05394""","=""0.00022""","=""14d""","=""4.e+04""",E,"=""41047.299""","=""63510.180""","=""3d7.(2F).4s""","=""c 3F""","=""4""","=""3d7.(2G).4p""","=""y 3F*""","=""4""",9,9,,"=""T6999""","=""L4687c119""",
Co,1,"=""""","=""""","=""445.0779""","=""""","=""""","=""1.9e+05""",C+,"=""25739.93""","=""48201.60""","=""3p6.3d7.(4F).4s.4p.(3P*)""","=""z 6D*""","=""5/2""","=""3p6.3d7.4s.(5F).5s""","=""f 4F""","=""7/2""",6,8,,"=""T4223""","=""""",
Co,3,"=""""","=""""","=""446.876""","=""0.006""","=""""","=""3.9e-01""",C,"=""1867.50""","=""24238.81""","=""3d7""","=""a 4F""","=""3/2""","=""3d7""","=""a 2D2""","=""3/2""",4,4,M1,"=""u37""","=""""",
Co,2,"=""448.26731""","=""0.00018""","=""448.26772""","=""0.00010""","=""140""","=""1.5e+05""",E,"=""41314.150""","=""63615.990""","=""3d6.4s2""","=""a 5D""","=""3""","=""3d7.(4P).4p""","=""y 3D*""","=""2""",7,5,,"=""T6999""","=""L9429c118""",
Co,1,"=""""","=""""","=""448.4501""","=""""","=""""","=""1.4e+04""",D,"=""7442.41""","=""29735.18""","=""3p6.3d8.(3F).4s""","=""a 2F""","=""7/2""","=""3p6.3d7.(4F).4s.4p.(3P*)""","=""z 4G*""","=""7/2""",8,8,,"=""T4223""","=""""",
Co,1,"=""""","=""""","=""449.0294""","=""""","=""""","=""2.1e+05""",C+,"=""25937.59""","=""48201.60""","=""3p6.3d7.(4F).4s.4p.(3P*)""","=""z 6G*""","=""9/2""","=""3p6.3d7.4s.(5F).5s""","=""f 4F""","=""7/2""",10,8,,"=""T4223""","=""""",
Co,2,"=""449.1201""","=""0.0025""","=""449.12267""","=""0.00022""","=""27d""","=""4.e+04""",E,"=""41047.299""","=""63306.686""","=""3d7.(2F).4s""","=""c 3F""","=""4""","=""3d7.(2G).4p""","=""z 3H*""","=""5""",9,11,,"=""T6999""","=""L4687c119""",
Co,3,"=""""","=""""","=""449.927""","=""0.004""","=""""","=""8.2e-01""",C,"=""841.36""","=""23060.95""","=""3d7""","=""a 4F""","=""7/2""","=""3d7""","=""a 2D2""","=""5/2""",8,6,M1,"=""u37""","=""""",
Co,2,"=""450.05571""","=""0.00021""","=""450.05430""","=""0.00008""","=""87bl(Co I)""","=""5.e+04""",E,"=""27484.373""","=""49697.683""","=""3d7.(2D2).4s""","=""a 3D""","=""3""","=""3d7.(4F).4p""","=""z 3F*""","=""4""",7,9,,"=""T6999""","=""L9429c118""",
Co,2,"=""451.6649""","=""0.0025""","=""451.66313""","=""0.00010""","=""10""","=""1.6e+05""",D,"=""27902.161""","=""50036.348""","=""3d7.(2H).4s""","=""a 3H""","=""4""","=""3d7.(4F).4p""","=""z 3G*""","=""3""",9,7,,"=""T6999""","=""L4687c119""",
Co,1,"=""""","=""""","=""452.6515""","=""""","=""""","=""8.8e+02""",D,"=""3482.82""","=""25568.68""","=""3p6.3d8.(3F).4s""","=""b 4F""","=""9/2""","=""3p6.3d7.(4F).4s.4p.(3P*)""","=""z 6G*""","=""11/2""",10,12,,"=""T4223""","=""""",
Co,2,"=""453.3219""","=""0.0003""","=""453.32217""","=""0.00016""","=""290""","=""3.4e+05""",D,"=""41314.150""","=""63367.333""","=""3d6.4s2""","=""a 5D""","=""3""","=""3d7.(4P).4p""","=""z 5P*""","=""2""",7,5,,"=""T6999""","=""L9429c118""",
Co,2,"=""453.7954""","=""0.0004""","=""453.79546""","=""0.00008""","=""110""","=""1.0e+05""",E,"=""41314.150""","=""63344.333""","=""3d6.4s2""","=""a 5D""","=""3""","=""3d7.(4P).4p""","=""z 5P*""","=""3""",7,7,,"=""T6999""","=""L9429c118""",
Co,2,"=""455.00804""","=""0.00021""","=""455.00732""","=""0.00006""","=""56""","=""1.0e+06""",D,"=""63510.180""","=""85481.689""","=""3d7.(2G).4p""","=""y 3F*""","=""4""","=""3d7.(4F).5s""","=""e 3F""","=""4""",9,9,,"=""T6999""","=""L9429c118""",
Co,1,"=""""","=""""","=""455.0479""","=""""","=""""","=""2.0e+05""",C,"=""26232.05""","=""48201.60""","=""3p6.3d7.(4F).4s.4p.(3P*)""","=""z 6G*""","=""7/2""","=""3p6.3d7.4s.(5F).5s""","=""f 4F""","=""7/2""",8,8,,"=""T4223""","=""""",
Co,1,"=""""","=""""","=""455.3331""","=""""","=""""","=""5.2e+05""",B,"=""25568.68""","=""47524.47""","=""3p6.3d7.(4F).4s.4p.(3P*)""","=""z 6G*""","=""11/2""","=""3p6.3d7.4s.(5F).5s""","=""f 4F""","=""9/2""",12,10,,"=""T4223""","=""""",
Co,2,"=""455.9301""","=""0.0004""","=""455.93007""","=""0.00012""","=""200""","=""2.0e+05""",E,"=""41738.15""","=""63665.192""","=""3d6.4s2""","=""a 5D""","=""2""","=""3d7.(4P).4p""","=""z 5P*""","=""1""",5,3,,"=""T6999""","=""L9429c118""",
Co,2,"=""456.0093""","=""0.0025""","=""456.00924""","=""0.00019""","=""14d""","=""1.3e+06""",D,"=""65016.915""","=""86940.150""","=""3d7.(2G).4p""","=""y 3F*""","=""2""","=""3d7.(4F).5s""","=""e 3F""","=""2""",5,5,,"=""T6999""","=""L4687c119""",
Co,2,"=""456.6021""","=""0.0025""","=""456.60352""","=""0.00006""","=""10""","=""2.6e+05""",D,"=""63586.987""","=""85481.689""","=""3d7.(4P).4p""","=""y 3D*""","=""3""","=""3d7.(4F).5s""","=""e 3F""","=""4""",7,9,,"=""T6999""","=""L4687c119""",
Co,2,"=""456.9258""","=""0.0025""","=""456.92462""","=""0.00005""","=""14d""","=""1.4e+05""",D,"=""27468.988""","=""49348.304""","=""3d7.(2H).4s""","=""a 3H""","=""5""","=""3d7.(4F).4p""","=""z 3G*""","=""4""",11,9,,"=""T6999""","=""L4687c119""",
Co,1,"=""""","=""""","=""457.4935""","=""""","=""""","=""3.2e+03""",D,"=""7442.41""","=""29294.52""","=""3p6.3d8.(3F).4s""","=""a 2F""","=""7/2""","=""3p6.3d7.(4F).4s.4p.(3P*)""","=""z 4D*""","=""7/2""",8,8,,"=""T4223""","=""""",
Co,1,"=""""","=""""","=""458.0131""","=""""","=""""","=""2.7e+04""",C,"=""7442.41""","=""29269.73""","=""3p6.3d8.(3F).4s""","=""a 2F""","=""7/2""","=""3p6.3d7.(4F).4s.4p.(3P*)""","=""z 4G*""","=""9/2""",8,10,,"=""T4223""","=""""",
Co,2,"=""461.6282""","=""0.0025""","=""461.6245""","=""0.0015""","=""70""","=""2.2e+05""",E,"=""42008.63""","=""63665.192""","=""3d6.4s2""","=""a 5D""","=""1""","=""3d7.(4P).4p""","=""z 5P*""","=""1""",3,3,,"=""T6999""","=""L4687c119""",
Co,1,"=""""","=""""","=""461.9319""","=""""","=""""","=""2.9e+03""",E,"=""8460.81""","=""30102.96""","=""3p6.3d8.(3F).4s""","=""a 2F""","=""5/2""","=""3p6.3d7.(4F).4s.4p.(3P*)""","=""z 4G*""","=""5/2""",6,6,,"=""T4223""","=""""",
Co,2,"=""462.2100""","=""0.0003""","=""462.20886""","=""0.00015""","=""120""","=""1.8e+05""",E,"=""41738.15""","=""63367.333""","=""3d6.4s2""","=""a 5D""","=""2""","=""3d7.(4P).4p""","=""z 5P*""","=""2""",5,5,,"=""T6999""","=""L9429c118""",
Co,2,"=""462.316""","=""0.020""","=""462.30836""","=""0.00006""","=""3""","=""7.73e-01""",,"=""0.000""","=""21624.528""","=""3d8""","=""a 3F""","=""4""","=""3d7.(2G).4s""","=""a 3G""","=""5""",9,11,E2,"=""T6904""","=""L16109""",
Co,3,"=""""","=""""","=""462.627""","=""0.004""","=""""","=""8.9e-02""",C,"=""1451.33""","=""23060.95""","=""3d7""","=""a 4F""","=""5/2""","=""3d7""","=""a 2D2""","=""5/2""",6,6,M1,"=""u37""","=""""",
Co,2,"=""466.0650""","=""0.0025""","=""466.06330""","=""0.00011""","=""350""","=""1.3e+05""",D,"=""27105.744""","=""48556.052""","=""3d7.(2H).4s""","=""a 3H""","=""6""","=""3d7.(4F).4p""","=""z 3G*""","=""5""",13,11,,"=""T6999""","=""L4687c119""",
Co,2,"=""468.1097""","=""0.0004""","=""468.10967""","=""0.00007""","=""34""","=""8.e+05""",D,"=""90199.163""","=""111555.701""","=""3d7.(4F).4d""","=""f 5F""","=""4""","=""3d7.(4F<5/2>).4f""","=""2[7/2]*""","=""4""",9,9,,"=""T6999""","=""L9429c118""",
Co,2,"=""468.48091""","=""0.00018""","=""468.48088""","=""0.00005""","=""76""","=""2.9e+06""",D,"=""90199.163""","=""111538.779""","=""3d7.(4F).4d""","=""f 5F""","=""4""","=""3d7.(4F<5/2>).4f""","=""2[9/2]*""","=""5""",9,11,,"=""T6999""","=""L9429c118""",
Co,1,"=""""","=""""","=""468.5853""","=""""","=""""","=""5.6e+03""",C,"=""7442.41""","=""28777.27""","=""3p6.3d8.(3F).4s""","=""a 2F""","=""7/2""","=""3p6.3d7.(4F).4s.4p.(3P*)""","=""z 4F*""","=""7/2""",8,8,,"=""T4223""","=""""",
Co,1,"=""""","=""""","=""469.9177""","=""""","=""""","=""7.4e+03""",D,"=""8460.81""","=""29735.18""","=""3p6.3d8.(3F).4s""","=""a 2F""","=""5/2""","=""3p6.3d7.(4F).4s.4p.(3P*)""","=""z 4G*""","=""7/2""",6,8,,"=""T4223""","=""""",
Co,3,"=""""","=""""","=""471.712""","=""0.005""","=""""","=""3.9e-02""",C,"=""1867.50""","=""23060.95""","=""3d7""","=""a 4F""","=""3/2""","=""3d7""","=""a 2D2""","=""5/2""",4,6,M1,"=""u37""","=""""",
Co,2,"=""473.6207""","=""0.0007""","=""473.61917""","=""0.00007""","=""95bl(Co I)""","=""1.7e+05""",D,"=""90464.589""","=""111572.695""","=""3d7.(4F).4d""","=""e 5P""","=""3""","=""3d7.(4F<5/2>).4f""","=""2[5/2]*""","=""3""",7,7,,"=""T6999""","=""L9429c118""",
Co,2,"=""474.28172""","=""0.00024""","=""474.28189""","=""0.00005""","=""40""","=""2.7e+06""",D,"=""90464.589""","=""111543.201""","=""3d7.(4F).4d""","=""e 5P""","=""3""","=""3d7.(4F<5/2>).4f""","=""2[9/2]*""","=""4""",7,9,,"=""T6999""","=""L9429c118""",
Co,2,"=""474.721""","=""0.021""","=""474.72314""","=""0.00009""","=""1""","=""5.61e-01""",,"=""950.324""","=""22009.344""","=""3d8""","=""a 3F""","=""3""","=""3d7.(2G).4s""","=""a 3G""","=""4""",7,9,E2,"=""T6904""","=""L16109""",
Co,2,"=""474.94167""","=""0.00018""","=""474.94007""","=""0.00007""","=""21bl(Co I)""","=""6.e+05""",D,"=""89931.466""","=""110980.867""","=""3d7.(4F).4d""","=""f 5F""","=""5""","=""3d7.(4F<7/2>).4f""","=""2[13/2]*""","=""6""",11,13,,"=""T6999""","=""L9429c118""",
Co,2,"=""475.67225""","=""0.00006""","=""475.67262""","=""0.00009""","=""660bl(Co I)""","=""2.7e+06""",D,"=""90967.590""","=""111984.575""","=""3d7.(4F).4d""","=""f 5F""","=""2""","=""3d7.(4F<3/2>).4f""","=""2[5/2]*""","=""3""",5,7,,"=""T6999""","=""L9429c118""",
Co,2,"=""475.8455""","=""0.0004""","=""475.84641""","=""0.00003""","=""51""","=""1.1e+06""",D,"=""89931.466""","=""110940.775""","=""3d7.(4F).4d""","=""f 5F""","=""5""","=""3d7.(4F<7/2>).4f""","=""2[11/2]*""","=""5""",11,11,,"=""T6999""","=""L9429c118""",
Co,2,"=""476.03749""","=""0.00009""","=""476.03747""","=""0.00004""","=""93""","=""1.6e+06""",D,"=""89931.466""","=""110932.343""","=""3d7.(4F).4d""","=""f 5F""","=""5""","=""3d7.(4F<7/2>).4f""","=""2[11/2]*""","=""6""",11,13,,"=""T6999""","=""L9429c118""",
Co,2,"=""476.1743""","=""0.0004""","=""476.17365""","=""0.00005""","=""44""","=""1.4e+06""",D,"=""89931.466""","=""110926.337""","=""3d7.(4F).4d""","=""f 5F""","=""5""","=""3d7.(4F<7/2>).4f""","=""2[9/2]*""","=""5""",11,11,,"=""T6999""","=""L9429c118""",
Co,2,"=""476.4642""","=""0.0007""","=""476.46324""","=""0.00014""","=""48""","=""6.e+06""",D,"=""90967.590""","=""111949.701""","=""3d7.(4F).4d""","=""f 5F""","=""2""","=""3d7.(4F<3/2>).4f""","=""2[7/2]*""","=""3""",5,7,,"=""T6999""","=""L9429c118""",
Co,1,"=""""","=""""","=""478.1430""","=""""","=""""","=""3.4e+05""",C,"=""15184.04""","=""36092.44""","=""3p6.3d8.(3P).4s""","=""b 4P""","=""5/2""","=""3p6.3d8.(3F).4p""","=""y 2D*""","=""5/2""",6,6,,"=""T4223""","=""""",
Co,1,"=""""","=""""","=""478.2562""","=""""","=""""","=""2.5e+03""",C,"=""7442.41""","=""28345.86""","=""3p6.3d8.(3F).4s""","=""a 2F""","=""7/2""","=""3p6.3d7.(4F).4s.4p.(3P*)""","=""z 4F*""","=""9/2""",8,10,,"=""T4223""","=""""",
Co,2,"=""478.5885""","=""0.0003""","=""478.58860""","=""0.00014""","=""30""","=""1.5e+06""",D,"=""90697.464""","=""111586.397""","=""3d7.(4F).4d""","=""e 5G""","=""5""","=""3d7.(4F<5/2>).4f""","=""2[11/2]*""","=""6""",11,13,,"=""T6999""","=""L9429c118""",
Co,2,"=""480.5786""","=""0.0003""","=""480.57863""","=""0.00004""","=""36""","=""1.1e+06""",D,"=""90753.266""","=""111555.701""","=""3d7.(4F).4d""","=""f 5F""","=""3""","=""3d7.(4F<5/2>).4f""","=""2[7/2]*""","=""4""",7,9,,"=""T6999""","=""L9429c118""",
Co,2,"=""480.7738""","=""0.0003""","=""480.77298""","=""0.00004""","=""69""","=""9.e+05""",D,"=""90199.163""","=""110993.189""","=""3d7.(4F).4d""","=""f 5F""","=""4""","=""3d7.(4P).5p""","=""5D*""","=""4""",9,9,,"=""T6999""","=""L9429c118""",
Co,2,"=""480.8682""","=""0.0004""","=""480.86759""","=""0.00004""","=""47""","=""3.4e+06""",D,"=""90753.266""","=""111543.201""","=""3d7.(4F).4d""","=""f 5F""","=""3""","=""3d7.(4F<5/2>).4f""","=""2[9/2]*""","=""4""",7,9,,"=""T6999""","=""L9429c118""",
Co,2,"=""481.1537""","=""0.0005""","=""481.15402""","=""0.00005""","=""43""","=""1.9e+06""",D,"=""90199.163""","=""110976.722""","=""3d7.(4F).4d""","=""f 5F""","=""4""","=""3d7.(4F<7/2>).4f""","=""2[5/2]*""","=""3""",9,7,,"=""T6999""","=""L9429c118""",
Co,2,"=""481.9886""","=""0.0003""","=""481.98791""","=""0.00007""","=""53""","=""6.e+06""",D,"=""90199.163""","=""110940.775""","=""3d7.(4F).4d""","=""f 5F""","=""4""","=""3d7.(4F<7/2>).4f""","=""2[11/2]*""","=""5""",9,11,,"=""T6999""","=""L9429c118""",
Co,2,"=""482.28865""","=""0.00017""","=""482.28856""","=""0.00009""","=""170""","=""8.e+06""",D,"=""90199.163""","=""110927.845""","=""3d7.(4F).4d""","=""f 5F""","=""4""","=""3d7.(4F<7/2>).4f""","=""2[9/2]*""","=""4""",9,9,,"=""T6999""","=""L9429c118""",
Co,2,"=""482.32344""","=""0.00008""","=""482.32365""","=""0.00004""","=""300""","=""1.13e+07""",C+,"=""90199.163""","=""110926.337""","=""3d7.(4F).4d""","=""f 5F""","=""4""","=""3d7.(4F<7/2>).4f""","=""2[9/2]*""","=""5""",9,11,,"=""T6999""","=""L9429c118""",
Co,2,"=""483.1150""","=""0.0004""","=""483.11503""","=""0.00009""","=""130""","=""2.8e+05""",D,"=""40695.028""","=""61388.250""","=""3d6.4s2""","=""a 5D""","=""4""","=""3d7.(4P).4p""","=""y 5D*""","=""4""",9,9,,"=""T6999""","=""L9429c118""",
Co,2,"=""483.34638""","=""0.00021""","=""483.34662""","=""0.00007""","=""57""","=""2.4e+06""",D,"=""90302.776""","=""110986.083""","=""3d7.(4F).4d""","=""e 5G""","=""6""","=""3d7.(4F<7/2>).4f""","=""2[13/2]*""","=""7""",13,15,,"=""T6999""","=""L9429c118""",
Co,3,"=""""","=""""","=""483.504""","=""0.007""","=""""","=""4.7e-01""",C,"=""37022.42""","=""57699.0""","=""3d7""","=""a 2F""","=""5/2""","=""3d7""","=""b 2D1""","=""5/2""",6,6,M1+E2,"=""u37""","=""""",
Co,2,"=""484.4859""","=""0.0006""","=""484.48730""","=""0.00009""","=""38""","=""5.e+06""",D,"=""90967.590""","=""111602.201""","=""3d7.(4F).4d""","=""f 5F""","=""2""","=""3d7.(4F<5/2>).4f""","=""2[3/2]*""","=""2""",5,5,,"=""T6999""","=""L9429c118""",
Co,2,"=""484.7482""","=""0.0005""","=""484.74689""","=""0.00004""","=""57""","=""8.e+04""",D,"=""90302.776""","=""110926.337""","=""3d7.(4F).4d""","=""e 5G""","=""6""","=""3d7.(4F<7/2>).4f""","=""2[9/2]*""","=""5""",13,11,,"=""T6999""","=""L9429c118""",
Co,2,"=""484.78273""","=""0.00012""","=""484.78262""","=""0.00014""","=""67p""","=""2.1e+07""",C+,"=""91358.992""","=""111981.033""","=""3d7.(4F).4d""","=""f 5F""","=""1""","=""3d7.(4F<3/2>).4f""","=""2[5/2]*""","=""2""",3,5,,"=""T6999""","=""L9429c118""",
Co,2,"=""485.56267""","=""0.00008""","=""485.56400""","=""0.00007""","=""160bl(Co I)""","=""3.9e+06""",D,"=""90967.590""","=""111556.446""","=""3d7.(4F).4d""","=""f 5F""","=""2""","=""3d7.(4F<5/2>).4f""","=""2[5/2]*""","=""2""",5,5,,"=""T6999""","=""L9429c118""",
Co,2,"=""485.70778""","=""0.00023""","=""485.70795""","=""0.00009""","=""140""","=""6.e+06""",D,"=""90967.590""","=""111550.344""","=""3d7.(4F).4d""","=""f 5F""","=""2""","=""3d7.(4F<5/2>).4f""","=""2[7/2]*""","=""3""",5,7,,"=""T6999""","=""L9429c118""",
Co,2,"=""487.4949""","=""0.0006""","=""487.49484""","=""0.00014""","=""44""","=""4.5e+05""",D,"=""91358.992""","=""111866.302""","=""3d7.(4F).4d""","=""f 5F""","=""1""","=""3d7.(4P).5p""","=""3D*""","=""2""",3,5,,"=""T6999""","=""L9429c118""",
Co,2,"=""487.5254""","=""0.0004""","=""487.52681""","=""0.00010""","=""43""","=""4.0e+06""",D,"=""90464.589""","=""110970.554""","=""3d7.(4F).4d""","=""e 5P""","=""3""","=""3d7.(4F<7/2>).4f""","=""2[5/2]*""","=""2""",7,5,,"=""T6999""","=""L9429c118""",
Co,2,"=""488.3833""","=""0.0003""","=""488.38287""","=""0.00005""","=""100""","=""5.0e+06""",D,"=""90464.589""","=""110934.611""","=""3d7.(4F).4d""","=""e 5P""","=""3""","=""3d7.(4F<7/2>).4f""","=""2[7/2]*""","=""3""",7,7,,"=""T6999""","=""L9429c118""",
Co,2,"=""488.5446""","=""0.0003""","=""488.54435""","=""0.00010""","=""100""","=""1.3e+06""",D,"=""90464.589""","=""110927.845""","=""3d7.(4F).4d""","=""e 5P""","=""3""","=""3d7.(4F<7/2>).4f""","=""2[9/2]*""","=""4""",7,9,,"=""T6999""","=""L9429c118""",
Co,3,"=""""","=""""","=""490.512""","=""0.007""","=""""","=""6.3e-01""",C+,"=""37317.85""","=""57699.0""","=""3d7""","=""a 2F""","=""7/2""","=""3d7""","=""b 2D1""","=""5/2""",8,6,M1+E2,"=""u37""","=""""",
Co,2,"=""491.4932""","=""0.0003""","=""491.49290""","=""0.00007""","=""34""","=""3.4e+06""",D,"=""91667.338""","=""112007.833""","=""3d7.(4F).4d""","=""e 5G""","=""3""","=""3d7.(4F<3/2>).4f""","=""2[9/2]*""","=""4""",7,9,,"=""T6999""","=""L9429c118""",
Co,3,"=""""","=""""","=""491.546""","=""0.004""","=""""","=""2.0e-01""",C+,"=""16979.56""","=""37317.85""","=""3d7""","=""a 2G""","=""9/2""","=""3d7""","=""a 2F""","=""7/2""",10,8,M1+E2,"=""u37""","=""""",
Co,1,"=""""","=""""","=""492.0274""","=""""","=""""","=""1.2e+05""",C,"=""15774.04""","=""36092.44""","=""3p6.3d8.(3P).4s""","=""b 4P""","=""3/2""","=""3p6.3d8.(3F).4p""","=""y 2D*""","=""5/2""",4,6,,"=""T4223""","=""""",
Co,2,"=""493.12538""","=""0.00009""","=""493.12473""","=""0.00010""","=""150bl(Co I)""","=""1.27e+07""",C+,"=""91667.338""","=""111940.524""","=""3d7.(4F).4d""","=""e 5G""","=""3""","=""3d7.(4F<3/2>).4f""","=""2[7/2]*""","=""4""",7,9,,"=""T6999""","=""L9429c118""",
Co,1,"=""""","=""""","=""493.2869""","=""""","=""""","=""2.4e+04""",E,"=""15184.04""","=""35450.56""","=""3p6.3d8.(3P).4s""","=""b 4P""","=""5/2""","=""3p6.3d8.(3F).4p""","=""y 2F*""","=""7/2""",6,8,,"=""T4223""","=""""",
Co,2,"=""493.45848""","=""0.00007""","=""493.45871""","=""0.00012""","=""110""","=""6.3e+06""",C+,"=""91326.932""","=""111586.397""","=""3d7.(4F).4d""","=""e 3G""","=""5""","=""3d7.(4F<5/2>).4f""","=""2[11/2]*""","=""6""",11,13,,"=""T6999""","=""L9429c118""",
Co,2,"=""493.62444""","=""0.00012""","=""493.62454""","=""0.00006""","=""150""","=""5.e+04""",E,"=""90753.266""","=""111005.925""","=""3d7.(4F).4d""","=""f 5F""","=""3""","=""3d7.(4P).5p""","=""5D*""","=""3""",7,7,,"=""T6999""","=""L9429c118""",
Co,2,"=""493.85256""","=""0.00010""","=""493.85249""","=""0.00007""","=""110""","=""8.7e+06""",C+,"=""90697.464""","=""110940.775""","=""3d7.(4F).4d""","=""e 5G""","=""5""","=""3d7.(4F<7/2>).4f""","=""2[11/2]*""","=""5""",11,11,,"=""T6999""","=""L9429c118""",
Co,2,"=""493.85968""","=""0.00010""","=""493.85986""","=""0.00005""","=""170""","=""1.1e+06""",D,"=""90753.266""","=""110996.275""","=""3d7.(4F).4d""","=""f 5F""","=""3""","=""3d7.(4F<7/2>).4f""","=""2[3/2]*""","=""2""",7,5,,"=""T6999""","=""L9429c118""",
Co,2,"=""493.93498""","=""0.00008""","=""493.93516""","=""0.00007""","=""260""","=""7.e+06""",D,"=""90753.266""","=""110993.189""","=""3d7.(4F).4d""","=""f 5F""","=""3""","=""3d7.(4P).5p""","=""5D*""","=""4""",7,9,,"=""T6999""","=""L9429c118""",
Co,2,"=""494.05825""","=""0.00005""","=""494.05829""","=""0.00007""","=""770bl(Co I)""","=""3.7e+07""",C+,"=""90697.464""","=""110932.343""","=""3d7.(4F).4d""","=""e 5G""","=""5""","=""3d7.(4F<7/2>).4f""","=""2[11/2]*""","=""6""",11,13,,"=""T6999""","=""L9429c118""",
Co,2,"=""494.1665""","=""0.0005""","=""494.16814""","=""0.00015""","=""100""","=""2.4e+06""",D,"=""90697.464""","=""110927.845""","=""3d7.(4F).4d""","=""e 5G""","=""5""","=""3d7.(4F<7/2>).4f""","=""2[9/2]*""","=""4""",11,9,,"=""T6999""","=""L9429c118""",
Co,2,"=""494.20492""","=""0.00008""","=""494.20497""","=""0.00005""","=""230""","=""1.03e+07""",C+,"=""90697.464""","=""110926.337""","=""3d7.(4F).4d""","=""e 5G""","=""5""","=""3d7.(4F<7/2>).4f""","=""2[9/2]*""","=""5""",11,11,,"=""T6999""","=""L9429c118""",
Co,2,"=""494.33732""","=""0.00007""","=""494.33735""","=""0.00005""","=""260""","=""9.e+06""",D,"=""90753.266""","=""110976.722""","=""3d7.(4F).4d""","=""f 5F""","=""3""","=""3d7.(4F<7/2>).4f""","=""2[5/2]*""","=""3""",7,7,,"=""T6999""","=""L9429c118""",
Co,2,"=""494.48821""","=""0.00008""","=""494.48817""","=""0.00007""","=""140""","=""3.6e+07""",C+,"=""90753.266""","=""110970.554""","=""3d7.(4F).4d""","=""f 5F""","=""3""","=""3d7.(4F<7/2>).4f""","=""2[5/2]*""","=""2""",7,5,,"=""T6999""","=""L9429c118""",
Co,2,"=""494.82002""","=""0.00021""","=""494.81964""","=""0.00015""","=""210""","=""2.5e+07""",D,"=""91358.992""","=""111562.737""","=""3d7.(4F).4d""","=""f 5F""","=""1""","=""3d7.(4F<5/2>).4f""","=""2[3/2]*""","=""1""",3,3,,"=""T6999""","=""L9429c118""",
Co,3,"=""""","=""""","=""494.833""","=""0.010""","=""""","=""6.2e-01""",C+,"=""37022.42""","=""57225.6""","=""3d7""","=""a 2F""","=""5/2""","=""3d7""","=""b 2D1""","=""3/2""",6,4,M1+E2,"=""u37""","=""""",
Co,2,"=""494.84214""","=""0.00008""","=""494.84227""","=""0.00005""","=""180""","=""8.6e+06""",C+,"=""91352.880""","=""111555.701""","=""3d7.(4F).4d""","=""e 5G""","=""4""","=""3d7.(4F<5/2>).4f""","=""2[7/2]*""","=""4""",9,9,,"=""T6999""","=""L9429c118""",
Co,2,"=""494.94999""","=""0.00005""","=""494.94911""","=""0.00017""","=""620*""","=""1.35e+07""",C+,"=""89931.466""","=""110129.926""","=""3d7.(4F).4d""","=""f 5F""","=""5""","=""3d7.(4F<9/2>).4f""","=""2[7/2]*""","=""4""",11,9,,"=""T6999""","=""L9429c118""",
Co,2,"=""494.94999""","=""0.00005""","=""494.95490""","=""0.00017""","=""620*""","=""3.0e+05""",D,"=""91424.773""","=""111622.997""","=""3d7.(4F).4d""","=""e 5P""","=""2""","=""3d7.(4F<5/2>).4f""","=""2[1/2]*""","=""1""",5,3,,"=""T6999""","=""L9429c118""",
Co,2,"=""494.97356""","=""0.00016""","=""494.97352""","=""0.00007""","=""410*""","=""3.0e+06""",D,"=""91352.880""","=""111550.344""","=""3d7.(4F).4d""","=""e 5G""","=""4""","=""3d7.(4F<5/2>).4f""","=""2[7/2]*""","=""3""",9,7,,"=""T6999""","=""L9429c118""",
Co,2,"=""494.97356""","=""0.00016""","=""494.97377""","=""0.00012""","=""410*""","=""5.4e+07""",C+,"=""91358.992""","=""111556.446""","=""3d7.(4F).4d""","=""f 5F""","=""1""","=""3d7.(4F<5/2>).4f""","=""2[5/2]*""","=""2""",3,5,,"=""T6999""","=""L9429c118""",
Co,2,"=""495.14873""","=""0.00013""","=""495.14864""","=""0.00004""","=""67""","=""1.09e+07""",C+,"=""91352.880""","=""111543.201""","=""3d7.(4F).4d""","=""e 5G""","=""4""","=""3d7.(4F<5/2>).4f""","=""2[9/2]*""","=""4""",9,9,,"=""T6999""","=""L9429c118""",
Co,2,"=""495.25707""","=""0.00005""","=""495.25711""","=""0.00003""","=""670""","=""4.6e+07""",C+,"=""91352.880""","=""111538.779""","=""3d7.(4F).4d""","=""e 5G""","=""4""","=""3d7.(4F<5/2>).4f""","=""2[9/2]*""","=""5""",9,11,,"=""T6999""","=""L9429c118""",
Co,2,"=""495.36883""","=""0.00007""","=""495.36887""","=""0.00004""","=""280""","=""4.5e+07""",C+,"=""90753.266""","=""110934.611""","=""3d7.(4F).4d""","=""f 5F""","=""3""","=""3d7.(4F<7/2>).4f""","=""2[7/2]*""","=""3""",7,7,,"=""T6999""","=""L9429c118""",
Co,2,"=""495.46520""","=""0.00012""","=""495.46503""","=""0.00010""","=""150""","=""2.7e+07""",C+,"=""91424.773""","=""111602.201""","=""3d7.(4F).4d""","=""e 5P""","=""2""","=""3d7.(4F<5/2>).4f""","=""2[3/2]*""","=""2""",5,5,,"=""T6999""","=""L9429c118""",
Co,2,"=""495.53504""","=""0.00006""","=""495.53500""","=""0.00007""","=""380""","=""1.45e+07""",C+,"=""90753.266""","=""110927.845""","=""3d7.(4F).4d""","=""f 5F""","=""3""","=""3d7.(4F<7/2>).4f""","=""2[9/2]*""","=""4""",7,9,,"=""T6999""","=""L9429c118""",
Co,2,"=""495.69886""","=""0.00006""","=""495.69864""","=""0.00007""","=""340""","=""3.7e+07""",C+,"=""89931.466""","=""110099.385""","=""3d7.(4F).4d""","=""f 5F""","=""5""","=""3d7.(4F<9/2>).4f""","=""2[9/2]*""","=""4""",11,9,,"=""T6999""","=""L9429c118""",
Co,2,"=""495.7901""","=""0.0003""","=""495.79004""","=""0.00007""","=""47""","=""1.0e+05""",E,"=""91408.494""","=""111572.695""","=""3d7.(4F).4d""","=""e 3D""","=""3""","=""3d7.(4F<5/2>).4f""","=""2[5/2]*""","=""3""",7,7,,"=""T6999""","=""L9429c118""",
Co,2,"=""495.82963""","=""0.00005""","=""495.82966""","=""0.00003""","=""900""","=""8.8e+06""",C+,"=""89931.466""","=""110094.056""","=""3d7.(4F).4d""","=""f 5F""","=""5""","=""3d7.(4F<9/2>).4f""","=""2[11/2]*""","=""5""",11,11,,"=""T6999""","=""L9429c118""",
Co,2,"=""496.19095""","=""0.00010""","=""496.18990""","=""0.00007""","=""80*""","=""1.6e+05""",E,"=""91408.494""","=""111556.446""","=""3d7.(4F).4d""","=""e 3D""","=""3""","=""3d7.(4F<5/2>).4f""","=""2[5/2]*""","=""2""",7,5,,"=""T6999""","=""L9429c118""",
Co,2,"=""496.19095""","=""0.00010""","=""496.19063""","=""0.00007""","=""80*""","=""3.8e+06""",D,"=""91424.773""","=""111572.695""","=""3d7.(4F).4d""","=""e 5P""","=""2""","=""3d7.(4F<5/2>).4f""","=""2[5/2]*""","=""3""",5,7,,"=""T6999""","=""L9429c118""",
Co,2,"=""496.20836""","=""0.00011""","=""496.20824""","=""0.00005""","=""90""","=""8.5e+06""",C+,"=""91408.494""","=""111555.701""","=""3d7.(4F).4d""","=""e 3D""","=""3""","=""3d7.(4F<5/2>).4f""","=""2[7/2]*""","=""4""",7,9,,"=""T6999""","=""L9429c118""",
Co,2,"=""496.23565""","=""0.00005""","=""496.23566""","=""0.00004""","=""1100""","=""8.8e+07""",C+,"=""89931.466""","=""110077.560""","=""3d7.(4F).4d""","=""f 5F""","=""5""","=""3d7.(4F<9/2>).4f""","=""2[9/2]*""","=""5""",11,11,,"=""T6999""","=""L9429c118""",
Co,2,"=""496.3408""","=""0.0007""","=""496.34022""","=""0.00010""","=""24""","=""8.e+06""",D,"=""91408.494""","=""111550.344""","=""3d7.(4F).4d""","=""e 3D""","=""3""","=""3d7.(4F<5/2>).4f""","=""2[7/2]*""","=""3""",7,7,,"=""T6999""","=""L9429c118""",
Co,2,"=""496.41681""","=""0.00005""","=""496.41682""","=""0.00003""","=""2200""","=""8.3e+07""",C+,"=""89931.466""","=""110070.208""","=""3d7.(4F).4d""","=""f 5F""","=""5""","=""3d7.(4F<9/2>).4f""","=""2[11/2]*""","=""6""",11,13,,"=""T6999""","=""L9429c118""",
Co,2,"=""496.43552""","=""0.00017""","=""496.43600""","=""0.00017""","=""76""","=""1.8e+07""",D,"=""91424.773""","=""111562.737""","=""3d7.(4F).4d""","=""e 5P""","=""2""","=""3d7.(4F<5/2>).4f""","=""2[3/2]*""","=""1""",5,3,,"=""T6999""","=""L9429c118""",
Co,2,"=""496.51642""","=""0.00014""","=""496.51630""","=""0.00005""","=""33""","=""4.6e+06""",D,"=""91408.494""","=""111543.201""","=""3d7.(4F).4d""","=""e 3D""","=""3""","=""3d7.(4F<5/2>).4f""","=""2[9/2]*""","=""4""",7,9,,"=""T6999""","=""L9429c118""",
Co,2,"=""496.59140""","=""0.00008""","=""496.59113""","=""0.00006""","=""200""","=""1.1e+07""",D,"=""91424.773""","=""111556.446""","=""3d7.(4F).4d""","=""e 5P""","=""2""","=""3d7.(4F<5/2>).4f""","=""2[5/2]*""","=""2""",5,5,,"=""T6999""","=""L9429c118""",
Co,2,"=""496.74167""","=""0.00007""","=""496.74170""","=""0.00007""","=""240""","=""2.7e+07""",C+,"=""91424.773""","=""111550.344""","=""3d7.(4F).4d""","=""e 5P""","=""2""","=""3d7.(4F<5/2>).4f""","=""2[7/2]*""","=""3""",5,7,,"=""T6999""","=""L9429c118""",
Co,2,"=""497.1382""","=""0.0003""","=""497.13842""","=""0.00015""","=""100""","=""1.5e+07""",D,"=""91932.084""","=""112041.595""","=""3d7.(4F).4d""","=""e 5P""","=""1""","=""3d7.(4F<3/2>).4f""","=""2[3/2]*""","=""1""",3,3,,"=""T6999""","=""L9429c118""",
Co,2,"=""497.2705""","=""0.0003""","=""497.27232""","=""0.00022""","=""66i""","=""1.3e+07""",D,"=""91932.084""","=""112036.18""","=""3d7.(4F).4d""","=""e 5P""","=""1""","=""3d7.(4F<3/2>).4f""","=""2[3/2]*""","=""2""",3,5,,"=""T6999""","=""L9429c118""",
Co,2,"=""497.81163""","=""0.00008""","=""497.8112""","=""0.0015""","=""150*""","=""4.2e+05""",D,"=""90967.590""","=""111049.924""","=""3d7.(4F).4d""","=""f 5F""","=""2""","=""3d7.(4P).5p""","=""5D*""","=""2""",5,5,,"=""T6999""","=""L9429c118""",
Co,2,"=""497.81163""","=""0.00008""","=""497.81156""","=""0.00010""","=""150*""","=""1.08e+07""",C+,"=""91918.200""","=""112000.519""","=""3d7.(4F).4d""","=""e 3G""","=""4""","=""3d7.(4F<3/2>).4f""","=""2[9/2]*""","=""5""",9,11,,"=""T6999""","=""L9429c118""",
Co,2,"=""497.9433""","=""0.0006""","=""497.9431""","=""0.0003""","=""310""","=""3.0e+07""",C+,"=""89931.466""","=""110008.482""","=""3d7.(4F).4d""","=""f 5F""","=""5""","=""3d7.(4F<9/2>).4f""","=""2[13/2]*""","=""6""",11,13,,"=""T6999""","=""L9429c118""",
Co,2,"=""498.5636""","=""0.0011""","=""498.56318""","=""0.00022""","=""70""","=""9.e+06""",D,"=""91928.989""","=""111981.033""","=""3d7.(4F).4d""","=""e 5G""","=""2""","=""3d7.(4F<3/2>).4f""","=""2[5/2]*""","=""2""",5,5,,"=""T6999""","=""L9429c118""",
Co,2,"=""498.640""","=""""","=""498.64015""","=""0.00012""","=""160bl(Co I):""","=""3.6e+06""",D,"=""91932.084""","=""111981.033""","=""3d7.(4F).4d""","=""e 5P""","=""1""","=""3d7.(4F<3/2>).4f""","=""2[5/2]*""","=""2""",3,5,,"=""T6999""","=""L9429c119""",
Co,2,"=""498.6956""","=""0.0003""","=""498.69537""","=""0.00007""","=""110""","=""1.3e+07""",D,"=""90967.590""","=""111014.319""","=""3d7.(4F).4d""","=""f 5F""","=""2""","=""3d7.(4F<7/2>).4f""","=""2[1/2]*""","=""1""",5,3,,"=""T6999""","=""L9429c118""",
Co,3,"=""""","=""""","=""498.792""","=""0.004""","=""""","=""3.6e-02""",C,"=""16979.56""","=""37022.42""","=""3d7""","=""a 2G""","=""9/2""","=""3d7""","=""a 2F""","=""5/2""",10,6,E2,"=""u37""","=""""",
Co,2,"=""498.9044""","=""0.0005""","=""498.90427""","=""0.00007""","=""97""","=""2.7e+06""",D,"=""90967.590""","=""111005.925""","=""3d7.(4F).4d""","=""f 5F""","=""2""","=""3d7.(4P).5p""","=""5D*""","=""3""",5,7,,"=""T6999""","=""L9429c118""",
Co,2,"=""499.04625""","=""0.00009""","=""499.04623""","=""0.00010""","=""340""","=""8.3e+07""",C+,"=""90967.590""","=""111000.225""","=""3d7.(4F).4d""","=""f 5F""","=""2""","=""3d7.(4F<7/2>).4f""","=""2[3/2]*""","=""1""",5,3,,"=""T6999""","=""L9429c118""",
Co,2,"=""499.20661""","=""0.00007""","=""499.20644""","=""0.00010""","=""160""","=""1.0e+07""",D,"=""91958.369""","=""111984.575""","=""3d7.(4F).4d""","=""e 5D""","=""3""","=""3d7.(4F<3/2>).4f""","=""2[5/2]*""","=""3""",7,7,,"=""T6999""","=""L9429c118""",
Co,2,"=""499.34375""","=""0.00008""","=""499.34343""","=""0.00017""","=""360""","=""4.0e+07""",C+,"=""91928.989""","=""111949.701""","=""3d7.(4F).4d""","=""e 5G""","=""2""","=""3d7.(4F<3/2>).4f""","=""2[7/2]*""","=""3""",5,7,,"=""T6999""","=""L9429c118""",
Co,2,"=""499.59716""","=""0.00005""","=""499.59719""","=""0.00004""","=""600""","=""3.4e+07""",C+,"=""90975.540""","=""110986.083""","=""3d7.(4F).4d""","=""e 5H""","=""6""","=""3d7.(4F<7/2>).4f""","=""2[13/2]*""","=""7""",13,15,,"=""T6999""","=""L9429c118""",
Co,2,"=""499.78648""","=""0.00008""","=""499.78649""","=""0.00007""","=""550""","=""6.0e+07""",C+,"=""90967.590""","=""110970.554""","=""3d7.(4F).4d""","=""f 5F""","=""2""","=""3d7.(4F<7/2>).4f""","=""2[5/2]*""","=""2""",5,5,,"=""T6999""","=""L9429c118""",
Co,2,"=""500.0801""","=""0.0003""","=""500.07892""","=""0.00015""","=""23""","=""3.3e+05""",D,"=""92044.913""","=""112036.18""","=""3d7.(4F).4d""","=""e 3D""","=""2""","=""3d7.(4F<3/2>).4f""","=""2[3/2]*""","=""2""",5,5,,"=""T6999""","=""L9429c118""",
Co,2,"=""500.30701""","=""0.00010""","=""500.30696""","=""0.00008""","=""420""","=""3.7e+07""",C+,"=""91958.369""","=""111940.524""","=""3d7.(4F).4d""","=""e 5D""","=""3""","=""3d7.(4F<3/2>).4f""","=""2[7/2]*""","=""4""",7,9,,"=""T6999""","=""L9429c118""",
Co,2,"=""500.68662""","=""0.00011""","=""500.68618""","=""0.00008""","=""360p""","=""2.6e+07""",C+,"=""90967.590""","=""110934.611""","=""3d7.(4F).4d""","=""f 5F""","=""2""","=""3d7.(4F<7/2>).4f""","=""2[7/2]*""","=""3""",5,7,,"=""T6999""","=""L9429c118""",
Co,2,"=""500.77152""","=""0.00005""","=""500.77152""","=""0.00006""","=""640""","=""1.6e+06""",D,"=""90199.163""","=""110162.781""","=""3d7.(4F).4d""","=""f 5F""","=""4""","=""3d7.(4F<9/2>).4f""","=""2[5/2]*""","=""3""",9,7,,"=""T6999""","=""L9429c118""",
Co,2,"=""500.94253""","=""0.00012""","=""500.94253""","=""0.00008""","=""87""","=""4.5e+06""",D,"=""90975.540""","=""110932.343""","=""3d7.(4F).4d""","=""e 5H""","=""6""","=""3d7.(4F<7/2>).4f""","=""2[11/2]*""","=""6""",13,13,,"=""T6999""","=""L9429c118""",
Co,2,"=""501.27032""","=""0.00009""","=""501.27020""","=""0.00010""","=""270""","=""9.6e+06""",C+,"=""91049.431""","=""110993.189""","=""3d7.(4F).4d""","=""e 5D""","=""4""","=""3d7.(4P).5p""","=""5D*""","=""4""",9,9,,"=""T6999""","=""L9429c118""",
Co,2,"=""501.35503""","=""0.00024""","=""501.35504""","=""0.00013""","=""30""","=""2.1e+06""",D,"=""91646.447""","=""111586.830""","=""3d7.(4F).4d""","=""e 5H""","=""5""","=""3d7.(4F<5/2>).4f""","=""2[11/2]*""","=""5""",11,11,,"=""T6999""","=""L9429c118""",
Co,2,"=""501.36595""","=""0.00005""","=""501.36593""","=""0.00006""","=""590""","=""4.4e+07""",C+,"=""91646.447""","=""111586.397""","=""3d7.(4F).4d""","=""e 5H""","=""5""","=""3d7.(4F<5/2>).4f""","=""2[11/2]*""","=""6""",11,13,,"=""T6999""","=""L9429c118""",
Co,2,"=""501.4324""","=""0.0004""","=""501.43224""","=""0.00010""","=""42""","=""4.9e+05""",D,"=""91928.989""","=""111866.302""","=""3d7.(4F).4d""","=""e 5G""","=""2""","=""3d7.(4P).5p""","=""3D*""","=""2""",5,5,,"=""T6999""","=""L9429c118""",
Co,2,"=""501.4624""","=""0.0004""","=""501.46225""","=""0.00015""","=""170""","=""1.8e+07""",C+,"=""92044.913""","=""111981.033""","=""3d7.(4F).4d""","=""e 3D""","=""2""","=""3d7.(4F<3/2>).4f""","=""2[5/2]*""","=""2""",5,5,,"=""T6999""","=""L9429c118""",
Co,2,"=""501.5099""","=""0.0005""","=""501.51010""","=""0.00015""","=""55""","=""7.e+05""",D,"=""91932.084""","=""111866.302""","=""3d7.(4F).4d""","=""e 5P""","=""1""","=""3d7.(4P).5p""","=""3D*""","=""2""",3,5,,"=""T6999""","=""L9429c118""",
Co,2,"=""501.59111""","=""0.00008""","=""501.59105""","=""0.00008""","=""360bl(Co II)""","=""8.4e+07""",C+,"=""90199.163""","=""110130.164""","=""3d7.(4F).4d""","=""f 5F""","=""4""","=""3d7.(4F<9/2>).4f""","=""2[7/2]*""","=""3""",9,7,,"=""T6999""","=""L9429c118""",
Co,2,"=""501.59673""","=""0.00006""","=""501.59704""","=""0.00013""","=""730bl(Co II)""","=""5.e+06""",D,"=""90199.163""","=""110129.926""","=""3d7.(4F).4d""","=""f 5F""","=""4""","=""3d7.(4F<9/2>).4f""","=""2[7/2]*""","=""4""",9,9,,"=""T6999""","=""L9429c118""",
Co,2,"=""501.68457""","=""0.00012""","=""501.68443""","=""0.00010""","=""82""","=""2.1e+06""",D,"=""91049.431""","=""110976.722""","=""3d7.(4F).4d""","=""e 5D""","=""4""","=""3d7.(4F<7/2>).4f""","=""2[5/2]*""","=""3""",9,7,,"=""T6999""","=""L9429c118""",
Co,2,"=""502.25163""","=""0.00005""","=""502.25161""","=""0.00010""","=""900""","=""7.5e+07""",C+,"=""92044.913""","=""111949.701""","=""3d7.(4F).4d""","=""e 3D""","=""2""","=""3d7.(4F<3/2>).4f""","=""2[7/2]*""","=""3""",5,7,,"=""T6999""","=""L9429c118""",
Co,2,"=""502.36689""","=""0.00005""","=""502.36685""","=""0.00004""","=""860""","=""1.02e+08""",C+,"=""90199.163""","=""110099.385""","=""3d7.(4F).4d""","=""f 5F""","=""4""","=""3d7.(4F<9/2>).4f""","=""2[9/2]*""","=""4""",9,9,,"=""T6999""","=""L9429c118""",
Co,2,"=""502.50146""","=""0.00011""","=""502.50141""","=""0.00008""","=""99""","=""6.e+05""",D,"=""90199.163""","=""110094.056""","=""3d7.(4F).4d""","=""f 5F""","=""4""","=""3d7.(4F<9/2>).4f""","=""2[11/2]*""","=""5""",9,11,,"=""T6999""","=""L9429c118""",
Co,2,"=""502.54228""","=""0.00010""","=""502.54206""","=""0.00008""","=""90""","=""2.5e+07""",C+,"=""91049.431""","=""110942.715""","=""3d7.(4F).4d""","=""e 5D""","=""4""","=""3d7.(4F<7/2>).4f""","=""2[7/2]*""","=""4""",9,9,,"=""T6999""","=""L9429c118""",
Co,2,"=""502.56638""","=""0.00012""","=""502.56611""","=""0.00013""","=""77""","=""6.e+06""",D,"=""91646.447""","=""111538.779""","=""3d7.(4F).4d""","=""e 5H""","=""5""","=""3d7.(4F<5/2>).4f""","=""2[9/2]*""","=""5""",11,11,,"=""T6999""","=""L9429c118""",
Co,2,"=""502.59109""","=""0.00005""","=""502.59107""","=""0.00005""","=""990""","=""6.3e+07""",C+,"=""91049.431""","=""110940.775""","=""3d7.(4F).4d""","=""e 5D""","=""4""","=""3d7.(4F<7/2>).4f""","=""2[11/2]*""","=""5""",9,11,,"=""T6999""","=""L9429c118""",
Co,2,"=""502.6476""","=""0.0003""","=""502.64758""","=""0.00006""","=""77""","=""7.e+06""",D,"=""91667.338""","=""111556.446""","=""3d7.(4F).4d""","=""e 5G""","=""3""","=""3d7.(4F<5/2>).4f""","=""2[5/2]*""","=""2""",7,5,,"=""T6999""","=""L9429c118""",
Co,2,"=""502.66642""","=""0.00005""","=""502.66640""","=""0.00004""","=""680""","=""7.0e+07""",C+,"=""91667.338""","=""111555.701""","=""3d7.(4F).4d""","=""e 5G""","=""3""","=""3d7.(4F<5/2>).4f""","=""2[7/2]*""","=""4""",7,9,,"=""T6999""","=""L9429c118""",
Co,2,"=""502.6968""","=""0.0004""","=""502.69598""","=""0.00010""","=""44""","=""1.2e+06""",D,"=""92120.640""","=""112007.833""","=""3d7.(4F).4d""","=""e 5H""","=""4""","=""3d7.(4F<3/2>).4f""","=""2[9/2]*""","=""4""",9,9,,"=""T6999""","=""L9429c118""",
Co,2,"=""502.74698""","=""0.00007""","=""502.74687""","=""0.00008""","=""140""","=""2.0e+07""",C+,"=""91049.431""","=""110934.611""","=""3d7.(4F).4d""","=""e 5D""","=""4""","=""3d7.(4F<7/2>).4f""","=""2[7/2]*""","=""3""",9,7,,"=""T6999""","=""L9429c118""",
Co,2,"=""502.80193""","=""0.00007""","=""502.80184""","=""0.00010""","=""490""","=""1.08e+07""",C+,"=""91667.338""","=""111550.344""","=""3d7.(4F).4d""","=""e 5G""","=""3""","=""3d7.(4F<5/2>).4f""","=""2[7/2]*""","=""3""",7,7,,"=""T6999""","=""L9429c118""",
Co,2,"=""502.88072""","=""0.00005""","=""502.88093""","=""0.00008""","=""490""","=""3.5e+07""",C+,"=""92120.640""","=""112000.519""","=""3d7.(4F).4d""","=""e 5H""","=""4""","=""3d7.(4F<3/2>).4f""","=""2[9/2]*""","=""5""",9,11,,"=""T6999""","=""L9429c118""",
Co,2,"=""502.91813""","=""0.00005""","=""502.91799""","=""0.00004""","=""1700*""","=""2.5e+07""",C+,"=""91049.431""","=""110927.845""","=""3d7.(4F).4d""","=""e 5D""","=""4""","=""3d7.(4F<7/2>).4f""","=""2[9/2]*""","=""4""",9,9,,"=""T6999""","=""L9429c118""",
Co,2,"=""502.91813""","=""0.00005""","=""502.91842""","=""0.00005""","=""1700*""","=""4.1e+07""",C+,"=""90199.163""","=""110077.560""","=""3d7.(4F).4d""","=""f 5F""","=""4""","=""3d7.(4F<9/2>).4f""","=""2[9/2]*""","=""5""",9,11,,"=""T6999""","=""L9429c118""",
Co,2,"=""502.95591""","=""0.00006""","=""502.95614""","=""0.00010""","=""200*""","=""4.3e+06""",D,"=""91049.431""","=""110926.337""","=""3d7.(4F).4d""","=""e 5D""","=""4""","=""3d7.(4F<7/2>).4f""","=""2[9/2]*""","=""5""",9,11,,"=""T6999""","=""L9429c118""",
Co,2,"=""502.98250""","=""0.00006""","=""502.98254""","=""0.00005""","=""490""","=""1.6e+07""",C+,"=""91667.338""","=""111543.201""","=""3d7.(4F).4d""","=""e 5G""","=""3""","=""3d7.(4F<5/2>).4f""","=""2[9/2]*""","=""4""",7,9,,"=""T6999""","=""L9429c118""",
Co,1,"=""""","=""""","=""503.4031""","=""""","=""""","=""2.4e+04""",E,"=""16470.60""","=""36329.86""","=""3p6.3d8.(1D).4s""","=""a 2D""","=""3/2""","=""3p6.3d8.(3F).4p""","=""y 2F*""","=""5/2""",4,6,,"=""T4223""","=""""",
Co,1,"=""""","=""""","=""503.4923""","=""""","=""""","=""5.0e+05""",B,"=""28345.86""","=""48201.60""","=""3p6.3d7.(4F).4s.4p.(3P*)""","=""z 4F*""","=""9/2""","=""3p6.3d7.4s.(5F).5s""","=""f 4F""","=""7/2""",10,8,,"=""T4223""","=""""",
Co,2,"=""503.75777""","=""0.00010""","=""503.75755""","=""0.00008""","=""140""","=""1.36e+08""",C+,"=""90302.776""","=""110148.061""","=""3d7.(4F).4d""","=""e 5G""","=""6""","=""3d7.(4F<9/2>).4f""","=""2[15/2]*""","=""7""",13,15,,"=""T6999""","=""L9429c118""",
Co,2,"=""504.4024""","=""0.0003""","=""504.40317""","=""0.00015""","=""80""","=""3.6e+06""",D,"=""92120.640""","=""111940.524""","=""3d7.(4F).4d""","=""e 5H""","=""4""","=""3d7.(4F<3/2>).4f""","=""2[7/2]*""","=""4""",9,9,,"=""T6999""","=""L9429c118""",
Co,2,"=""505.07088""","=""0.00005""","=""505.07089""","=""0.00006""","=""3800""","=""1.8e+07""",C+,"=""90302.776""","=""110096.458""","=""3d7.(4F).4d""","=""e 5G""","=""6""","=""3d7.(4F<9/2>).4f""","=""2[13/2]*""","=""7""",13,15,,"=""T6999""","=""L9429c118""",
Co,2,"=""505.13213""","=""0.00007""","=""505.13219""","=""0.00004""","=""140""","=""1.2e+06""",D,"=""90302.776""","=""110094.056""","=""3d7.(4F).4d""","=""e 5G""","=""6""","=""3d7.(4F<9/2>).4f""","=""2[11/2]*""","=""5""",13,11,,"=""T6999""","=""L9429c118""",
Co,2,"=""505.55349""","=""0.00006""","=""505.55357""","=""0.00004""","=""220""","=""1.7e+07""",C+,"=""90302.776""","=""110077.560""","=""3d7.(4F).4d""","=""e 5G""","=""6""","=""3d7.(4F<9/2>).4f""","=""2[9/2]*""","=""5""",13,11,,"=""T6999""","=""L9429c118""",
Co,2,"=""505.74154""","=""0.00005""","=""505.74160""","=""0.00004""","=""1700""","=""6.7e+07""",C+,"=""90302.776""","=""110070.208""","=""3d7.(4F).4d""","=""e 5G""","=""6""","=""3d7.(4F<9/2>).4f""","=""2[11/2]*""","=""6""",13,13,,"=""T6999""","=""L9429c118""",
Co,2,"=""506.0317""","=""0.0003""","=""506.03208""","=""0.00015""","=""110""","=""2.1e+07""",D,"=""92285.510""","=""112041.595""","=""3d7.(4F).4d""","=""e 5D""","=""0""","=""3d7.(4F<3/2>).4f""","=""2[3/2]*""","=""1""",1,3,,"=""T6999""","=""L9429c118""",
Co,2,"=""506.70994""","=""0.00005""","=""506.70997""","=""0.00004""","=""1200""","=""6.e+06""",D,"=""90464.589""","=""110194.244""","=""3d7.(4F).4d""","=""e 5P""","=""3""","=""3d7.(4F<9/2>).4f""","=""2[3/2]*""","=""2""",7,5,,"=""T6999""","=""L9429c118""",
Co,2,"=""506.98852""","=""0.00020""","=""506.98861""","=""0.00015""","=""240""","=""2.2e+07""",C+,"=""92317.368""","=""112036.18""","=""3d7.(4F).4d""","=""e 5D""","=""2""","=""3d7.(4F<3/2>).4f""","=""2[3/2]*""","=""2""",5,5,,"=""T6999""","=""L9429c118""",
Co,2,"=""507.3254""","=""0.0008""","=""507.3258""","=""0.0003""","=""150""","=""1.8e+07""",C+,"=""90302.776""","=""110008.482""","=""3d7.(4F).4d""","=""e 5G""","=""6""","=""3d7.(4F<9/2>).4f""","=""2[13/2]*""","=""6""",13,13,,"=""T6999""","=""L9429c118""",
Co,2,"=""507.51136""","=""0.00008""","=""507.51137""","=""0.00013""","=""380bl(Co II)""","=""1.8e+08""",C+,"=""90464.589""","=""110163.09""","=""3d7.(4F).4d""","=""e 5P""","=""3""","=""3d7.(4F<9/2>).4f""","=""2[5/2]*""","=""2""",7,5,,"=""T6999""","=""L9429c118""",
Co,2,"=""507.51965""","=""0.00007""","=""507.51933""","=""0.00008""","=""520bl(Co II)""","=""1.3e+06""",D,"=""90464.589""","=""110162.781""","=""3d7.(4F).4d""","=""e 5P""","=""3""","=""3d7.(4F<9/2>).4f""","=""2[5/2]*""","=""3""",7,7,,"=""T6999""","=""L9429c118""",
Co,2,"=""507.70644""","=""0.00009""","=""507.70694""","=""0.00015""","=""340*""","=""4.6e+07""",C+,"=""91932.084""","=""111622.997""","=""3d7.(4F).4d""","=""e 5P""","=""1""","=""3d7.(4F<5/2>).4f""","=""2[1/2]*""","=""1""",3,3,,"=""T6999""","=""L9429c118""",
Co,2,"=""508.1638""","=""0.0007""","=""508.16376""","=""0.00016""","=""86""","=""2.8e+06""",D,"=""91928.989""","=""111602.201""","=""3d7.(4F).4d""","=""e 5G""","=""2""","=""3d7.(4F<5/2>).4f""","=""2[3/2]*""","=""2""",5,5,,"=""T6999""","=""L9429c118""",
Co,2,"=""508.24368""","=""0.00006""","=""508.24371""","=""0.00006""","=""310""","=""3.3e+07""",C+,"=""91932.084""","=""111602.201""","=""3d7.(4F).4d""","=""e 5P""","=""1""","=""3d7.(4F<5/2>).4f""","=""2[3/2]*""","=""2""",3,5,,"=""T6999""","=""L9429c118""",
Co,2,"=""508.31893""","=""0.00005""","=""508.31892""","=""0.00004""","=""780""","=""3.1e+07""",C+,"=""92317.368""","=""111984.575""","=""3d7.(4F).4d""","=""e 5D""","=""2""","=""3d7.(4F<3/2>).4f""","=""2[5/2]*""","=""3""",5,7,,"=""T6999""","=""L9429c118""",
Co,2,"=""508.3431""","=""0.0003""","=""508.34347""","=""0.00005""","=""65""","=""1.6e+06""",D,"=""91326.932""","=""110993.189""","=""3d7.(4F).4d""","=""e 3G""","=""5""","=""3d7.(4P).5p""","=""5D*""","=""4""",11,9,,"=""T6999""","=""L9429c118""",
Co,2,"=""508.36200""","=""0.00007""","=""508.36110""","=""0.00008""","=""650bl(Co II)""","=""9.3e+07""",C+,"=""90464.589""","=""110130.164""","=""3d7.(4F).4d""","=""e 5P""","=""3""","=""3d7.(4F<9/2>).4f""","=""2[7/2]*""","=""3""",7,7,,"=""T6999""","=""L9429c118""",
Co,2,"=""508.36727""","=""0.00025""","=""508.36725""","=""0.00016""","=""91bl(Co II)""","=""1.1e+06""",D,"=""90464.589""","=""110129.926""","=""3d7.(4F).4d""","=""e 5P""","=""3""","=""3d7.(4F<9/2>).4f""","=""2[7/2]*""","=""4""",7,9,,"=""T6999""","=""L9429c118""",
Co,2,"=""508.92658""","=""0.00012""","=""508.92379""","=""0.00013""","=""430*""","=""8.e+06""",D,"=""91958.369""","=""111602.201""","=""3d7.(4F).4d""","=""e 5D""","=""3""","=""3d7.(4F<5/2>).4f""","=""2[3/2]*""","=""2""",7,5,,"=""T6999""","=""L9429c118""",
Co,2,"=""508.92658""","=""0.00012""","=""508.92706""","=""0.00008""","=""430*""","=""7.5e+07""",C+,"=""91928.989""","=""111572.695""","=""3d7.(4F).4d""","=""e 5G""","=""2""","=""3d7.(4F<5/2>).4f""","=""2[5/2]*""","=""3""",5,7,,"=""T6999""","=""L9429c118""",
Co,2,"=""508.9866""","=""0.0003""","=""508.98839""","=""0.00008""","=""43*""","=""1.5e+05""",D,"=""92359.180""","=""112000.519""","=""3d7.(4F).4d""","=""e 3H""","=""5""","=""3d7.(4F<3/2>).4f""","=""2[9/2]*""","=""5""",11,11,,"=""T6999""","=""L9429c118""",
Co,2,"=""509.01515""","=""0.00008""","=""509.01508""","=""0.00005""","=""150""","=""1.0e+06""",D,"=""91352.880""","=""110993.189""","=""3d7.(4F).4d""","=""e 5G""","=""4""","=""3d7.(4P).5p""","=""5D*""","=""4""",9,9,,"=""T6999""","=""L9429c118""",
Co,2,"=""509.08724""","=""0.00011""","=""509.08787""","=""0.00008""","=""520*""","=""1.6e+07""",C+,"=""91918.200""","=""111555.701""","=""3d7.(4F).4d""","=""e 3G""","=""4""","=""3d7.(4F<5/2>).4f""","=""2[7/2]*""","=""4""",9,9,,"=""T6999""","=""L9429c118""",
Co,2,"=""509.15795""","=""0.00007""","=""509.15801""","=""0.00008""","=""280""","=""2.7e+07""",C+,"=""90464.589""","=""110099.385""","=""3d7.(4F).4d""","=""e 5P""","=""3""","=""3d7.(4F<9/2>).4f""","=""2[9/2]*""","=""4""",7,9,,"=""T6999""","=""L9429c118""",
Co,2,"=""509.1854""","=""0.0006""","=""509.18518""","=""0.00023""","=""36""","=""2.0e+06""",D,"=""91928.989""","=""111562.737""","=""3d7.(4F).4d""","=""e 5G""","=""2""","=""3d7.(4F<5/2>).4f""","=""2[3/2]*""","=""1""",5,3,,"=""T6999""","=""L9429c118""",
Co,2,"=""509.20486""","=""0.00006""","=""509.2051""","=""0.0003""","=""600""","=""1.9e+07""",C+,"=""92403.200""","=""112036.18""","=""3d7.(4F).4d""","=""e 5D""","=""1""","=""3d7.(4F<3/2>).4f""","=""2[3/2]*""","=""2""",3,5,,"=""T6999""","=""L9429c118""",
Co,2,"=""509.22289""","=""0.00015""","=""509.22188""","=""0.00010""","=""270bl(Co II)*""","=""5.9e+07""",C+,"=""92317.368""","=""111949.701""","=""3d7.(4F).4d""","=""e 5D""","=""2""","=""3d7.(4F<3/2>).4f""","=""2[7/2]*""","=""3""",5,7,,"=""T6999""","=""L9429c118""",
Co,2,"=""509.22289""","=""0.00015""","=""509.22679""","=""0.00006""","=""270bl(Co II)*""","=""6.e+06""",D,"=""91918.200""","=""111550.344""","=""3d7.(4F).4d""","=""e 3G""","=""4""","=""3d7.(4F<5/2>).4f""","=""2[7/2]*""","=""3""",9,7,,"=""T6999""","=""L9429c118""",
Co,2,"=""509.34802""","=""0.00013""","=""509.34839""","=""0.00008""","=""300""","=""5.1e+07""",C+,"=""91928.989""","=""111556.446""","=""3d7.(4F).4d""","=""e 5G""","=""2""","=""3d7.(4F<5/2>).4f""","=""2[5/2]*""","=""2""",5,5,,"=""T6999""","=""L9429c118""",
Co,2,"=""509.4122""","=""0.0005""","=""509.41213""","=""0.00008""","=""81""","=""1.42e+07""",C+,"=""91918.200""","=""111543.201""","=""3d7.(4F).4d""","=""e 3G""","=""4""","=""3d7.(4F<5/2>).4f""","=""2[9/2]*""","=""4""",9,9,,"=""T6999""","=""L9429c118""",
Co,2,"=""509.4274""","=""0.0004""","=""509.42872""","=""0.00018""","=""36""","=""2.0e+07""",C+,"=""91932.084""","=""111556.446""","=""3d7.(4F).4d""","=""e 5P""","=""1""","=""3d7.(4F<5/2>).4f""","=""2[5/2]*""","=""2""",3,5,,"=""T6999""","=""L9429c118""",
Co,2,"=""509.44302""","=""0.00009""","=""509.44222""","=""0.00006""","=""110p""","=""8.e+06""",D,"=""91352.880""","=""110976.722""","=""3d7.(4F).4d""","=""e 5G""","=""4""","=""3d7.(4F<7/2>).4f""","=""2[5/2]*""","=""3""",9,7,,"=""T6999""","=""L9429c118""",
Co,1,"=""""","=""""","=""509.4942""","=""""","=""""","=""4.4e+05""",C,"=""16470.60""","=""36092.44""","=""3p6.3d8.(1D).4s""","=""a 2D""","=""3/2""","=""3p6.3d8.(3F).4p""","=""y 2D*""","=""5/2""",4,6,,"=""T4223""","=""""",
Co,2,"=""509.50686""","=""0.00007""","=""509.50679""","=""0.00013""","=""430bl(Co I)""","=""1.1e+06""",D,"=""91928.989""","=""111550.344""","=""3d7.(4F).4d""","=""e 5G""","=""2""","=""3d7.(4F<5/2>).4f""","=""2[7/2]*""","=""3""",5,7,,"=""T6999""","=""L9429c118""",
Co,2,"=""509.52688""","=""0.00005""","=""509.52694""","=""0.00005""","=""1400""","=""8.2e+07""",C+,"=""91918.200""","=""111538.779""","=""3d7.(4F).4d""","=""e 3G""","=""4""","=""3d7.(4F<5/2>).4f""","=""2[9/2]*""","=""5""",9,11,,"=""T6999""","=""L9429c118""",
Co,2,"=""509.68937""","=""0.00006""","=""509.68938""","=""0.00006""","=""350""","=""1.18e+07""",C+,"=""91958.369""","=""111572.695""","=""3d7.(4F).4d""","=""e 5D""","=""3""","=""3d7.(4F<5/2>).4f""","=""2[5/2]*""","=""3""",7,7,,"=""T6999""","=""L9429c118""",
Co,2,"=""509.70187""","=""0.00006""","=""509.70193""","=""0.00006""","=""380""","=""3.0e+07""",C+,"=""91326.932""","=""110940.775""","=""3d7.(4F).4d""","=""e 3G""","=""5""","=""3d7.(4F<7/2>).4f""","=""2[11/2]*""","=""5""",11,11,,"=""T6999""","=""L9429c118""",
Co,2,"=""509.7609""","=""0.0006""","=""509.76122""","=""0.00013""","=""56""","=""1.2e+06""",D,"=""91358.992""","=""110970.554""","=""3d7.(4F).4d""","=""f 5F""","=""1""","=""3d7.(4F<7/2>).4f""","=""2[5/2]*""","=""2""",3,5,,"=""T6999""","=""L9429c118""",
Co,2,"=""509.92120""","=""0.00005""","=""509.92115""","=""0.00006""","=""2500""","=""9.3e+07""",C+,"=""91326.932""","=""110932.343""","=""3d7.(4F).4d""","=""e 3G""","=""5""","=""3d7.(4F<7/2>).4f""","=""2[11/2]*""","=""6""",11,13,,"=""T6999""","=""L9429c118""",
Co,2,"=""510.01373""","=""0.00005""","=""510.01420""","=""0.00013""","=""1400bl(Co I)""","=""1.35e+08""",C+,"=""92405.999""","=""112007.833""","=""3d7.(4F).4d""","=""e 5H""","=""3""","=""3d7.(4F<3/2>).4f""","=""2[9/2]*""","=""4""",7,9,,"=""T6999""","=""L9429c118""",
Co,2,"=""510.03761""","=""0.00014""","=""510.03817""","=""0.00013""","=""170""","=""7.8e+06""",C+,"=""91326.932""","=""110927.845""","=""3d7.(4F).4d""","=""e 3G""","=""5""","=""3d7.(4F<7/2>).4f""","=""2[9/2]*""","=""4""",11,9,,"=""T6999""","=""L9429c118""",
Co,2,"=""510.07740""","=""0.00006""","=""510.07741""","=""0.00003""","=""600""","=""2.5e+07""",C+,"=""91326.932""","=""110926.337""","=""3d7.(4F).4d""","=""e 3G""","=""5""","=""3d7.(4F<7/2>).4f""","=""2[9/2]*""","=""5""",11,11,,"=""T6999""","=""L9429c118""",
Co,2,"=""510.13011""","=""0.00009""","=""510.12879""","=""0.00008""","=""290*""","=""1.02e+07""",C+,"=""91408.494""","=""111005.925""","=""3d7.(4F).4d""","=""e 3D""","=""3""","=""3d7.(4P).5p""","=""5D*""","=""3""",7,7,,"=""T6999""","=""L9429c118""",
Co,2,"=""510.32656""","=""0.00005""","=""510.32660""","=""0.00004""","=""510""","=""6.e+06""",D,"=""91352.880""","=""110942.715""","=""3d7.(4F).4d""","=""e 5G""","=""4""","=""3d7.(4F<7/2>).4f""","=""2[7/2]*""","=""4""",9,9,,"=""T6999""","=""L9429c118""",
Co,2,"=""510.33412""","=""0.00006""","=""510.33413""","=""0.00006""","=""330""","=""2.4e+07""",C+,"=""91424.773""","=""111014.319""","=""3d7.(4F).4d""","=""e 5P""","=""2""","=""3d7.(4F<7/2>).4f""","=""2[1/2]*""","=""1""",5,3,,"=""T6999""","=""L9429c118""",
Co,2,"=""510.37711""","=""0.00006""","=""510.37714""","=""0.00004""","=""430""","=""1.23e+07""",C+,"=""91352.880""","=""110940.775""","=""3d7.(4F).4d""","=""e 5G""","=""4""","=""3d7.(4F<7/2>).4f""","=""2[11/2]*""","=""5""",9,11,,"=""T6999""","=""L9429c118""",
Co,2,"=""510.45701""","=""0.00006""","=""510.45696""","=""0.00008""","=""890""","=""8.0e+07""",C+,"=""91958.369""","=""111543.201""","=""3d7.(4F).4d""","=""e 5D""","=""3""","=""3d7.(4F<5/2>).4f""","=""2[9/2]*""","=""4""",7,9,,"=""T6999""","=""L9429c118""",
Co,2,"=""510.63947""","=""0.00008""","=""510.63945""","=""0.00008""","=""640""","=""1.15e+08""",C+,"=""92403.200""","=""111981.033""","=""3d7.(4F).4d""","=""e 5D""","=""1""","=""3d7.(4F<3/2>).4f""","=""2[5/2]*""","=""2""",3,5,,"=""T6999""","=""L9429c118""",
Co,2,"=""510.71384""","=""0.00015""","=""510.71247""","=""0.00016""","=""76*""","=""2.6e+05""",D,"=""92405.999""","=""111981.033""","=""3d7.(4F).4d""","=""e 5H""","=""3""","=""3d7.(4F<3/2>).4f""","=""2[5/2]*""","=""2""",7,5,,"=""T6999""","=""L9429c118""",
Co,2,"=""510.71384""","=""0.00015""","=""510.71427""","=""0.00010""","=""76*""","=""1.9e+07""",C+,"=""91352.880""","=""110927.845""","=""3d7.(4F).4d""","=""e 5G""","=""4""","=""3d7.(4F<7/2>).4f""","=""2[9/2]*""","=""4""",9,9,,"=""T6999""","=""L9429c118""",
Co,2,"=""510.75364""","=""0.00005""","=""510.75362""","=""0.00003""","=""1400""","=""9.1e+07""",C+,"=""91352.880""","=""110926.337""","=""3d7.(4F).4d""","=""e 5G""","=""4""","=""3d7.(4F<7/2>).4f""","=""2[9/2]*""","=""5""",9,11,,"=""T6999""","=""L9429c118""",
Co,2,"=""510.80463""","=""0.00006""","=""510.80464""","=""0.00005""","=""470""","=""5.5e+07""",C+,"=""91424.773""","=""110996.275""","=""3d7.(4F).4d""","=""e 5P""","=""2""","=""3d7.(4F<7/2>).4f""","=""2[3/2]*""","=""2""",5,5,,"=""T6999""","=""L9429c118""",
Co,2,"=""510.89012""","=""0.00007""","=""510.89010""","=""0.00006""","=""1000bl(Co I)""","=""8.e+06""",D,"=""91408.494""","=""110976.722""","=""3d7.(4F).4d""","=""e 3D""","=""3""","=""3d7.(4F<7/2>).4f""","=""2[5/2]*""","=""3""",7,7,,"=""T6999""","=""L9429c118""",
Co,2,"=""511.05121""","=""0.00007""","=""511.05119""","=""0.00008""","=""210*""","=""2.1e+07""",C+,"=""91408.494""","=""110970.554""","=""3d7.(4F).4d""","=""e 3D""","=""3""","=""3d7.(4F<7/2>).4f""","=""2[5/2]*""","=""2""",7,5,,"=""T6999""","=""L9429c118""",
Co,2,"=""511.31555""","=""0.00006""","=""511.31548""","=""0.00006""","=""420bl(Co I)""","=""2.3e+07""",C+,"=""91424.773""","=""110976.722""","=""3d7.(4F).4d""","=""e 5P""","=""2""","=""3d7.(4F<7/2>).4f""","=""2[5/2]*""","=""3""",5,7,,"=""T6999""","=""L9429c118""",
Co,1,"=""""","=""""","=""511.3220""","=""""","=""""","=""2.4e+05""",C,"=""16778.16""","=""36329.86""","=""3p6.3d8.(1D).4s""","=""a 2D""","=""5/2""","=""3p6.3d8.(3F).4p""","=""y 2F*""","=""5/2""",6,6,,"=""T4223""","=""""",
Co,3,"=""""","=""""","=""511.393""","=""0.005""","=""""","=""1.6e-01""",C,"=""17768.87""","=""37317.85""","=""3d7""","=""a 2G""","=""7/2""","=""3d7""","=""a 2F""","=""7/2""",8,8,M1+E2,"=""u37""","=""""",
Co,2,"=""511.77155""","=""0.00011""","=""511.77155""","=""0.00018""","=""380bl(Co II)""","=""2.7e+07""",C+,"=""92405.999""","=""111940.524""","=""3d7.(4F).4d""","=""e 5H""","=""3""","=""3d7.(4F<3/2>).4f""","=""2[7/2]*""","=""4""",7,9,,"=""T6999""","=""L9429c118""",
Co,2,"=""511.77977""","=""0.00005""","=""511.77952""","=""0.00005""","=""760bl(Co II)""","=""3.2e+07""",C+,"=""91408.494""","=""110942.715""","=""3d7.(4F).4d""","=""e 3D""","=""3""","=""3d7.(4F<7/2>).4f""","=""2[7/2]*""","=""4""",7,9,,"=""T6999""","=""L9429c118""",
Co,2,"=""511.99189""","=""0.00006""","=""511.99193""","=""0.00004""","=""550""","=""4.6e+07""",C+,"=""91408.494""","=""110934.611""","=""3d7.(4F).4d""","=""e 3D""","=""3""","=""3d7.(4F<7/2>).4f""","=""2[7/2]*""","=""3""",7,7,,"=""T6999""","=""L9429c118""",
Co,2,"=""512.16937""","=""0.00007""","=""512.16940""","=""0.00008""","=""180""","=""3.e+04""",E,"=""91408.494""","=""110927.845""","=""3d7.(4F).4d""","=""e 3D""","=""3""","=""3d7.(4F<7/2>).4f""","=""2[9/2]*""","=""4""",7,9,,"=""T6999""","=""L9429c118""",
Co,2,"=""512.3745""","=""0.0004""","=""512.37462""","=""0.00011""","=""33""","=""6.e+06""",D,"=""92044.913""","=""111556.446""","=""3d7.(4F).4d""","=""e 3D""","=""2""","=""3d7.(4F<5/2>).4f""","=""2[5/2]*""","=""2""",5,5,,"=""T6999""","=""L9429c118""",
Co,2,"=""512.53509""","=""0.00017""","=""512.53491""","=""0.00008""","=""54""","=""5.2e+06""",D,"=""92044.913""","=""111550.344""","=""3d7.(4F).4d""","=""e 3D""","=""2""","=""3d7.(4F<5/2>).4f""","=""2[7/2]*""","=""3""",5,7,,"=""T6999""","=""L9429c118""",
Co,2,"=""512.92020""","=""0.00005""","=""512.92021""","=""0.00006""","=""5800""","=""1.9e+08""",C+,"=""90667.894""","=""110158.673""","=""3d7.(4F).4d""","=""e 5H""","=""7""","=""3d7.(4F<9/2>).4f""","=""2[15/2]*""","=""8""",15,17,,"=""T6999""","=""L9429c118""",
Co,2,"=""512.99722""","=""0.00005""","=""512.99720""","=""0.00006""","=""960""","=""5.2e+07""",C+,"=""92519.979""","=""112007.833""","=""3d7.(4F).4d""","=""e 3G""","=""3""","=""3d7.(4F<3/2>).4f""","=""2[9/2]*""","=""4""",7,9,,"=""T6999""","=""L9429c118""",
Co,2,"=""513.19939""","=""0.00014""","=""513.19963""","=""0.00008""","=""79""","=""4.3e+07""",C+,"=""90667.894""","=""110148.061""","=""3d7.(4F).4d""","=""e 5H""","=""7""","=""3d7.(4F<9/2>).4f""","=""2[15/2]*""","=""7""",15,15,,"=""T6999""","=""L9429c118""",
Co,3,"=""""","=""""","=""513.468""","=""0.006""","=""""","=""2.8e-03""",D+,"=""1451.33""","=""20921.30""","=""3d7""","=""a 4F""","=""5/2""","=""3d7""","=""a 2P""","=""1/2""",6,2,E2,"=""u37""","=""""",
Co,2,"=""513.56811""","=""0.00005""","=""513.56812""","=""0.00008""","=""2700""","=""1.46e+08""",C+,"=""92120.640""","=""111586.830""","=""3d7.(4F).4d""","=""e 5H""","=""4""","=""3d7.(4F<5/2>).4f""","=""2[11/2]*""","=""5""",9,11,,"=""T6999""","=""L9429c118""",
Co,2,"=""513.6105""","=""0.0003""","=""513.61018""","=""0.00013""","=""210""","=""2.6e+07""",C+,"=""92519.979""","=""111984.575""","=""3d7.(4F).4d""","=""e 3G""","=""3""","=""3d7.(4F<3/2>).4f""","=""2[5/2]*""","=""3""",7,7,,"=""T6999""","=""L9429c118""",
Co,2,"=""514.23417""","=""0.00006""","=""514.23415""","=""0.00005""","=""540""","=""3.7e+07""",C+,"=""90753.266""","=""110194.244""","=""3d7.(4F).4d""","=""f 5F""","=""3""","=""3d7.(4F<9/2>).4f""","=""2[3/2]*""","=""2""",7,5,,"=""T6999""","=""L9429c118""",
Co,2,"=""514.39076""","=""0.00014""","=""514.39071""","=""0.00008""","=""200""","=""2.5e+07""",C+,"=""92120.640""","=""111555.701""","=""3d7.(4F).4d""","=""e 5H""","=""4""","=""3d7.(4F<5/2>).4f""","=""2[7/2]*""","=""4""",9,9,,"=""T6999""","=""L9429c118""",
Co,2,"=""514.45924""","=""0.00023""","=""514.45951""","=""0.00013""","=""28""","=""8.e+06""",D,"=""90697.464""","=""110129.926""","=""3d7.(4F).4d""","=""e 5G""","=""5""","=""3d7.(4F<9/2>).4f""","=""2[7/2]*""","=""4""",11,9,,"=""T6999""","=""L9429c118""",
Co,2,"=""514.5320""","=""0.0003""","=""514.53206""","=""0.00019""","=""230*""","=""4.0e+06""",D,"=""92519.979""","=""111949.701""","=""3d7.(4F).4d""","=""e 3G""","=""3""","=""3d7.(4F<3/2>).4f""","=""2[7/2]*""","=""3""",7,7,,"=""T6999""","=""L9429c118""",
Co,2,"=""514.5320""","=""0.0003""","=""514.53254""","=""0.00008""","=""230*""","=""8.e+05""",D,"=""92120.640""","=""111550.344""","=""3d7.(4F).4d""","=""e 5H""","=""4""","=""3d7.(4F<5/2>).4f""","=""2[7/2]*""","=""3""",9,7,,"=""T6999""","=""L9429c118""",
Co,2,"=""514.56275""","=""0.00005""","=""514.56273""","=""0.00013""","=""1400bl(Co I)""","=""3.0e+06""",D,"=""90667.894""","=""110096.458""","=""3d7.(4F).4d""","=""e 5H""","=""7""","=""3d7.(4F<9/2>).4f""","=""2[13/2]*""","=""7""",15,15,,"=""T6999""","=""L9429c118""",
Co,1,"=""""","=""""","=""514.6161""","=""""","=""""","=""9.2e+03""",D,"=""14036.28""","=""33462.83""","=""3p6.3d7.4s2""","=""a 4P""","=""3/2""","=""3p6.3d7.(4F).4s.4p.(3P*)""","=""z 2D*""","=""5/2""",4,6,,"=""T4223""","=""""",
Co,1,"=""514.674""","=""""","=""514.6749""","=""""","=""35""","=""1.5e+07""",B,"=""28777.27""","=""48201.60""","=""3p6.3d7.(4F).4s.4p.(3P*)""","=""z 4F*""","=""7/2""","=""3p6.3d7.4s.(5F).5s""","=""f 4F""","=""7/2""",8,8,,"=""T4223""","=""L3475""",
Co,2,"=""514.72181""","=""0.00019""","=""514.72177""","=""0.00008""","=""190""","=""7.e+06""",D,"=""92120.640""","=""111543.201""","=""3d7.(4F).4d""","=""e 5H""","=""4""","=""3d7.(4F<5/2>).4f""","=""2[9/2]*""","=""4""",9,9,,"=""T6999""","=""L9429c118""",
Co,2,"=""514.77519""","=""0.00017""","=""514.77520""","=""0.00008""","=""380""","=""4.6e+07""",C+,"=""92519.979""","=""111940.524""","=""3d7.(4F).4d""","=""e 3G""","=""3""","=""3d7.(4F<3/2>).4f""","=""2[7/2]*""","=""4""",7,9,,"=""T6999""","=""L9429c118""",
Co,1,"=""""","=""""","=""514.9779""","=""""","=""""","=""2.2e+05""",D,"=""14036.28""","=""33449.18""","=""3p6.3d7.4s2""","=""a 4P""","=""3/2""","=""3p6.3d8.(3F).4p""","=""y 4D*""","=""1/2""",4,2,,"=""T4223""","=""""",
Co,2,"=""515.06022""","=""0.00008""","=""515.05954""","=""0.00016""","=""250bl(Co II)""","=""2.0e+07""",C+,"=""90753.266""","=""110163.09""","=""3d7.(4F).4d""","=""f 5F""","=""3""","=""3d7.(4F<9/2>).4f""","=""2[5/2]*""","=""2""",7,5,,"=""T6999""","=""L9429c118""",
Co,2,"=""515.06755""","=""0.00006""","=""515.06774""","=""0.00005""","=""490bl(Co II)""","=""6.1e+07""",C+,"=""90753.266""","=""110162.781""","=""3d7.(4F).4d""","=""f 5F""","=""3""","=""3d7.(4F<9/2>).4f""","=""2[5/2]*""","=""3""",7,7,,"=""T6999""","=""L9429c118""",
Co,2,"=""515.25895""","=""0.00008""","=""515.25890""","=""0.00008""","=""110""","=""5.3e+06""",C+,"=""90667.894""","=""110070.208""","=""3d7.(4F).4d""","=""e 5H""","=""7""","=""3d7.(4F<9/2>).4f""","=""2[11/2]*""","=""6""",15,13,,"=""T6999""","=""L9429c118""",
Co,2,"=""515.26928""","=""0.00007""","=""515.26934""","=""0.00004""","=""230""","=""7.6e+06""",C+,"=""90697.464""","=""110099.385""","=""3d7.(4F).4d""","=""e 5G""","=""5""","=""3d7.(4F<9/2>).4f""","=""2[9/2]*""","=""4""",11,9,,"=""T6999""","=""L9429c118""",
Co,2,"=""515.27592""","=""0.00012""","=""515.27391""","=""0.00019""","=""98i""","=""3.1e+07""",C+,"=""92639.846""","=""112041.595""","=""3d7.(4F).4d""","=""e 3D""","=""1""","=""3d7.(4F<3/2>).4f""","=""2[3/2]*""","=""1""",3,3,,"=""T6999""","=""L9429c118""",
Co,2,"=""515.41053""","=""0.00006""","=""515.41091""","=""0.00008""","=""940bl(Co I)*""","=""4.0e+07""",C+,"=""90697.464""","=""110094.056""","=""3d7.(4F).4d""","=""e 5G""","=""5""","=""3d7.(4F<9/2>).4f""","=""2[11/2]*""","=""5""",11,11,,"=""T6999""","=""L9429c118""",
Co,2,"=""515.41053""","=""0.00006""","=""515.41776""","=""0.00024""","=""940bl(Co I)*""","=""4.5e+07""",C+,"=""92639.846""","=""112036.18""","=""3d7.(4F).4d""","=""e 3D""","=""1""","=""3d7.(4F<3/2>).4f""","=""2[3/2]*""","=""2""",3,5,,"=""T6999""","=""L9429c118""",
Co,2,"=""515.84985""","=""0.00006""","=""515.84962""","=""0.00008""","=""940bl(Co I)""","=""1.7e+06""",D,"=""90697.464""","=""110077.560""","=""3d7.(4F).4d""","=""e 5G""","=""5""","=""3d7.(4F<9/2>).4f""","=""2[9/2]*""","=""5""",11,11,,"=""T6999""","=""L9429c118""",
Co,2,"=""515.93515""","=""0.00009""","=""515.93476""","=""0.00011""","=""160bl(Co II)""","=""8.e+04""",E,"=""90753.266""","=""110130.164""","=""3d7.(4F).4d""","=""f 5F""","=""3""","=""3d7.(4F<9/2>).4f""","=""2[7/2]*""","=""3""",7,7,,"=""T6999""","=""L9429c118""",
Co,2,"=""515.94109""","=""0.00007""","=""515.94110""","=""0.00019""","=""320bl(Co II)""","=""3.1e+07""",C+,"=""90753.266""","=""110129.926""","=""3d7.(4F).4d""","=""f 5F""","=""3""","=""3d7.(4F<9/2>).4f""","=""2[7/2]*""","=""4""",7,9,,"=""T6999""","=""L9429c118""",
Co,2,"=""516.04538""","=""0.00006""","=""516.04539""","=""0.00008""","=""260""","=""2.6e+07""",C+,"=""90697.464""","=""110070.208""","=""3d7.(4F).4d""","=""e 5G""","=""5""","=""3d7.(4F<9/2>).4f""","=""2[11/2]*""","=""6""",11,13,,"=""T6999""","=""L9429c118""",
Co,2,"=""516.31505""","=""0.00005""","=""516.31500""","=""0.00004""","=""4100""","=""1.6e+08""",C+,"=""91623.455""","=""110986.083""","=""3d7.(4F).4d""","=""e 3H""","=""6""","=""3d7.(4F<7/2>).4f""","=""2[13/2]*""","=""7""",13,15,,"=""T6999""","=""L9429c118""",
Co,2,"=""516.45407""","=""0.00017""","=""516.45413""","=""0.00006""","=""69""","=""1.18e+07""",C+,"=""91623.455""","=""110980.867""","=""3d7.(4F).4d""","=""e 3H""","=""6""","=""3d7.(4F<7/2>).4f""","=""2[13/2]*""","=""6""",13,13,,"=""T6999""","=""L9429c118""",
Co,3,"=""""","=""""","=""516.492""","=""0.005""","=""""","=""6.e-03""",D+,"=""841.36""","=""20197.35""","=""3d7""","=""a 4F""","=""7/2""","=""3d7""","=""a 2P""","=""3/2""",8,4,E2,"=""u37""","=""""",
Co,1,"=""""","=""""","=""516.5142""","=""""","=""""","=""8.2e+04""",C,"=""13795.52""","=""33150.68""","=""3p6.3d7.4s2""","=""a 4P""","=""5/2""","=""3p6.3d8.(3F).4p""","=""y 4D*""","=""3/2""",6,4,,"=""T4223""","=""""",
Co,2,"=""516.75565""","=""0.00009""","=""516.75560""","=""0.00008""","=""120""","=""1.8e+06""",D,"=""90753.266""","=""110099.385""","=""3d7.(4F).4d""","=""f 5F""","=""3""","=""3d7.(4F<9/2>).4f""","=""2[9/2]*""","=""4""",7,9,,"=""T6999""","=""L9429c118""",
Co,2,"=""516.8870""","=""0.0005""","=""516.88738""","=""0.00013""","=""57""","=""3.5e+05""",D,"=""92639.846""","=""111981.033""","=""3d7.(4F).4d""","=""e 3D""","=""1""","=""3d7.(4F<3/2>).4f""","=""2[5/2]*""","=""2""",3,5,,"=""T6999""","=""L9429c118""",
Co,2,"=""516.98649""","=""0.00014""","=""516.98628""","=""0.00016""","=""140""","=""6.0e+07""",C+,"=""92285.510""","=""111622.997""","=""3d7.(4F).4d""","=""e 5D""","=""0""","=""3d7.(4F<5/2>).4f""","=""2[1/2]*""","=""1""",1,3,,"=""T6999""","=""L9429c118""",
Co,2,"=""517.06831""","=""0.00005""","=""517.06829""","=""0.00008""","=""3200""","=""1.29e+08""",C+,"=""91646.447""","=""110980.867""","=""3d7.(4F).4d""","=""e 5H""","=""5""","=""3d7.(4F<7/2>).4f""","=""2[13/2]*""","=""6""",11,13,,"=""T6999""","=""L9429c118""",
Co,2,"=""517.2150""","=""0.0003""","=""517.21497""","=""0.00008""","=""85""","=""7.e+06""",D,"=""91667.338""","=""110996.275""","=""3d7.(4F).4d""","=""e 5G""","=""3""","=""3d7.(4F<7/2>).4f""","=""2[3/2]*""","=""2""",7,5,,"=""T6999""","=""L9429c118""",
Co,2,"=""517.29755""","=""0.00018""","=""517.29756""","=""0.00008""","=""130""","=""2.2e+05""",D,"=""91667.338""","=""110993.189""","=""3d7.(4F).4d""","=""e 5G""","=""3""","=""3d7.(4P).5p""","=""5D*""","=""4""",7,9,,"=""T6999""","=""L9429c118""",
Co,2,"=""517.5268""","=""0.0003""","=""517.52601""","=""0.00008""","=""31""","=""3.1e+06""",D,"=""91623.455""","=""110940.775""","=""3d7.(4F).4d""","=""e 3H""","=""6""","=""3d7.(4F<7/2>).4f""","=""2[11/2]*""","=""5""",13,11,,"=""T6999""","=""L9429c118""",
Co,1,"=""""","=""""","=""517.6075""","=""""","=""""","=""7.9e+05""",C,"=""16778.16""","=""36092.44""","=""3p6.3d8.(1D).4s""","=""a 2D""","=""5/2""","=""3p6.3d8.(3F).4p""","=""y 2D*""","=""5/2""",6,6,,"=""T4223""","=""""",
Co,2,"=""517.69484""","=""0.00016""","=""517.6949""","=""0.0003""","=""1100""","=""6.3e+07""",C+,"=""90697.464""","=""110008.482""","=""3d7.(4F).4d""","=""e 5G""","=""5""","=""3d7.(4F<9/2>).4f""","=""2[13/2]*""","=""6""",11,13,,"=""T6999""","=""L9429c118""",
Co,2,"=""517.73801""","=""0.00008""","=""517.73871""","=""0.00008""","=""260bl(Co I)""","=""1.7e+07""",C+,"=""91667.338""","=""110976.722""","=""3d7.(4F).4d""","=""e 5G""","=""3""","=""3d7.(4F<7/2>).4f""","=""2[5/2]*""","=""3""",7,7,,"=""T6999""","=""L9429c118""",
Co,2,"=""517.75198""","=""0.00006""","=""517.75201""","=""0.00008""","=""680""","=""2.4e+07""",C+,"=""91623.455""","=""110932.343""","=""3d7.(4F).4d""","=""e 3H""","=""6""","=""3d7.(4F<7/2>).4f""","=""2[11/2]*""","=""6""",13,13,,"=""T6999""","=""L9429c118""",
Co,2,"=""517.8394""","=""0.0004""","=""517.83942""","=""0.00019""","=""40""","=""3.6e+06""",D,"=""92317.368""","=""111622.997""","=""3d7.(4F).4d""","=""e 5D""","=""2""","=""3d7.(4F<5/2>).4f""","=""2[1/2]*""","=""1""",5,3,,"=""T6999""","=""L9429c118""",
Co,2,"=""518.14283""","=""0.00006""","=""518.14273""","=""0.00011""","=""440""","=""2.5e+07""",C+,"=""91646.447""","=""110940.775""","=""3d7.(4F).4d""","=""e 5H""","=""5""","=""3d7.(4F<7/2>).4f""","=""2[11/2]*""","=""5""",11,11,,"=""T6999""","=""L9429c118""",
Co,2,"=""518.39786""","=""0.00007""","=""518.39784""","=""0.00008""","=""170""","=""2.7e+07""",C+,"=""92317.368""","=""111602.201""","=""3d7.(4F).4d""","=""e 5D""","=""2""","=""3d7.(4F<5/2>).4f""","=""2[3/2]*""","=""2""",5,5,,"=""T6999""","=""L9429c118""",
Co,2,"=""518.53115""","=""0.00018""","=""518.53075""","=""0.00016""","=""100""","=""8.5e+06""",C+,"=""91646.447""","=""110926.337""","=""3d7.(4F).4d""","=""e 5H""","=""5""","=""3d7.(4F<7/2>).4f""","=""2[9/2]*""","=""5""",11,11,,"=""T6999""","=""L9429c118""",
Co,2,"=""518.60251""","=""0.00018""","=""518.60238""","=""0.00019""","=""44""","=""4.0e+05""",D,"=""92285.510""","=""111562.737""","=""3d7.(4F).4d""","=""e 5D""","=""0""","=""3d7.(4F<5/2>).4f""","=""2[3/2]*""","=""1""",1,3,,"=""T6999""","=""L9429c118""",
Co,2,"=""519.05225""","=""0.00019""","=""519.05259""","=""0.00008""","=""76""","=""1.42e+07""",C+,"=""91667.338""","=""110927.845""","=""3d7.(4F).4d""","=""e 5G""","=""3""","=""3d7.(4F<7/2>).4f""","=""2[9/2]*""","=""4""",7,9,,"=""T6999""","=""L9429c118""",
Co,2,"=""519.19219""","=""0.00008""","=""519.19222""","=""0.00008""","=""190""","=""9.8e+06""",C+,"=""92317.368""","=""111572.695""","=""3d7.(4F).4d""","=""e 5D""","=""2""","=""3d7.(4F<5/2>).4f""","=""2[5/2]*""","=""3""",5,7,,"=""T6999""","=""L9429c118""",
Co,3,"=""""","=""""","=""519.240""","=""0.005""","=""""","=""1.7e-01""",C+,"=""17768.87""","=""37022.42""","=""3d7""","=""a 2G""","=""7/2""","=""3d7""","=""a 2F""","=""5/2""",8,6,M1+E2,"=""u37""","=""""",
Co,2,"=""519.81650""","=""0.00012""","=""519.81656""","=""0.00011""","=""190""","=""5.2e+07""",C+,"=""90967.590""","=""110199.790""","=""3d7.(4F).4d""","=""f 5F""","=""2""","=""3d7.(4F<9/2>).4f""","=""2[3/2]*""","=""1""",5,3,,"=""T6999""","=""L9429c118""",
Co,2,"=""519.9388""","=""0.0003""","=""519.93957""","=""0.00008""","=""51""","=""5.2e+06""",D,"=""92359.180""","=""111586.830""","=""3d7.(4F).4d""","=""e 3H""","=""5""","=""3d7.(4F<5/2>).4f""","=""2[11/2]*""","=""5""",11,11,,"=""T6999""","=""L9429c118""",
Co,2,"=""519.95128""","=""0.00005""","=""519.95128""","=""0.00008""","=""2800""","=""1.42e+08""",C+,"=""92359.180""","=""111586.397""","=""3d7.(4F).4d""","=""e 3H""","=""5""","=""3d7.(4F<5/2>).4f""","=""2[11/2]*""","=""6""",11,13,,"=""T6999""","=""L9429c118""",
Co,2,"=""519.9690""","=""0.0009""","=""519.96651""","=""0.00008""","=""83*""","=""3.0e+07""",C+,"=""90967.590""","=""110194.244""","=""3d7.(4F).4d""","=""f 5F""","=""2""","=""3d7.(4F<9/2>).4f""","=""2[3/2]*""","=""2""",5,5,,"=""T6999""","=""L9429c118""",
Co,2,"=""520.1520""","=""0.0004""","=""520.15202""","=""0.00016""","=""59""","=""6.e+06""",D,"=""92403.200""","=""111622.997""","=""3d7.(4F).4d""","=""e 5D""","=""1""","=""3d7.(4F<5/2>).4f""","=""2[1/2]*""","=""1""",3,3,,"=""T6999""","=""L9429c118""",
Co,2,"=""520.7823""","=""0.0006""","=""520.78272""","=""0.00006""","=""59""","=""2.5e+06""",D,"=""92359.180""","=""111555.701""","=""3d7.(4F).4d""","=""e 3H""","=""5""","=""3d7.(4F<5/2>).4f""","=""2[7/2]*""","=""4""",11,9,,"=""T6999""","=""L9429c118""",
Co,2,"=""520.81106""","=""0.00022""","=""520.81042""","=""0.00016""","=""190*""","=""1.2e+05""",E,"=""90967.590""","=""110163.09""","=""3d7.(4F).4d""","=""f 5F""","=""2""","=""3d7.(4F<9/2>).4f""","=""2[5/2]*""","=""2""",5,5,,"=""T6999""","=""L9429c118""",
Co,2,"=""520.81106""","=""0.00022""","=""520.81880""","=""0.00008""","=""190*""","=""9.e+06""",D,"=""90967.590""","=""110162.781""","=""3d7.(4F).4d""","=""f 5F""","=""2""","=""3d7.(4F<9/2>).4f""","=""2[5/2]*""","=""3""",5,7,,"=""T6999""","=""L9429c118""",
Co,2,"=""521.24217""","=""0.00009""","=""521.24220""","=""0.00006""","=""390""","=""2.4e+07""",C+,"=""92359.180""","=""111538.779""","=""3d7.(4F).4d""","=""e 3H""","=""5""","=""3d7.(4F<5/2>).4f""","=""2[9/2]*""","=""5""",11,11,,"=""T6999""","=""L9429c118""",
Co,1,"=""521.271""","=""""","=""521.2691""","=""""","=""50""","=""1.9e+07""",B,"=""28345.86""","=""47524.47""","=""3p6.3d7.(4F).4s.4p.(3P*)""","=""z 4F*""","=""9/2""","=""3p6.3d7.4s.(5F).5s""","=""f 4F""","=""9/2""",10,10,,"=""T4223""","=""L3475""",
Co,2,"=""521.43460""","=""0.00005""","=""521.43464""","=""0.00006""","=""3900""","=""2.0e+07""",C+,"=""90975.540""","=""110148.061""","=""3d7.(4F).4d""","=""e 5H""","=""6""","=""3d7.(4F<9/2>).4f""","=""2[15/2]*""","=""7""",13,15,,"=""T6999""","=""L9429c118""",
Co,2,"=""521.5932""","=""0.0006""","=""521.59311""","=""0.00014""","=""130""","=""4.3e+06""",D,"=""92405.999""","=""111572.695""","=""3d7.(4F).4d""","=""e 5H""","=""3""","=""3d7.(4F<5/2>).4f""","=""2[5/2]*""","=""3""",7,7,,"=""T6999""","=""L9429c118""",
Co,2,"=""521.70557""","=""0.00018""","=""521.70531""","=""0.00011""","=""62""","=""1.1e+06""",D,"=""90967.590""","=""110130.164""","=""3d7.(4F).4d""","=""f 5F""","=""2""","=""3d7.(4F<9/2>).4f""","=""2[7/2]*""","=""3""",5,7,,"=""T6999""","=""L9429c118""",
Co,2,"=""522.0545""","=""0.0005""","=""522.05599""","=""0.00011""","=""38""","=""5.e+04""",E,"=""92405.999""","=""111555.701""","=""3d7.(4F).4d""","=""e 5H""","=""3""","=""3d7.(4F<5/2>).4f""","=""2[7/2]*""","=""4""",7,9,,"=""T6999""","=""L9429c118""",
Co,2,"=""522.39720""","=""0.00025""","=""522.39699""","=""0.00011""","=""260""","=""1.8e+07""",C+,"=""92405.999""","=""111543.201""","=""3d7.(4F).4d""","=""e 5H""","=""3""","=""3d7.(4F<5/2>).4f""","=""2[9/2]*""","=""4""",7,9,,"=""T6999""","=""L9429c118""",
Co,2,"=""522.84207""","=""0.00012""","=""522.8414""","=""0.0016""","=""85*""","=""3.2e+05""",D,"=""91928.989""","=""111049.924""","=""3d7.(4F).4d""","=""e 5G""","=""2""","=""3d7.(4P).5p""","=""5D*""","=""2""",5,5,,"=""T6999""","=""L9429c118""",
Co,2,"=""522.84207""","=""0.00012""","=""522.84189""","=""0.00014""","=""85*""","=""1.35e+08""",C+,"=""90975.540""","=""110096.458""","=""3d7.(4F).4d""","=""e 5H""","=""6""","=""3d7.(4F<9/2>).4f""","=""2[13/2]*""","=""7""",13,15,,"=""T6999""","=""L9429c118""",
Co,2,"=""522.9088""","=""0.0004""","=""522.90758""","=""0.00008""","=""66*""","=""3.0e+06""",D,"=""90975.540""","=""110094.056""","=""3d7.(4F).4d""","=""e 5H""","=""6""","=""3d7.(4F<9/2>).4f""","=""2[11/2]*""","=""5""",13,11,,"=""T6999""","=""L9429c118""",
Co,2,"=""522.9088""","=""0.0004""","=""522.91031""","=""0.00011""","=""66*""","=""2.0e+06""",D,"=""92889.417""","=""112007.833""","=""3d7.(4F).4d""","=""e 3H""","=""4""","=""3d7.(4F<3/2>).4f""","=""2[9/2]*""","=""4""",9,9,,"=""T6999""","=""L9429c118""",
Co,1,"=""523.022""","=""""","=""523.0202""","=""""","=""50""","=""8.8e+05""",C,"=""14036.28""","=""33150.68""","=""3p6.3d7.4s2""","=""a 4P""","=""3/2""","=""3p6.3d8.(3F).4p""","=""y 4D*""","=""3/2""",4,4,,"=""T4223""","=""L3475""",
Co,2,"=""523.04890""","=""0.00006""","=""523.04891""","=""0.00008""","=""260""","=""2.0e+07""",C+,"=""91049.431""","=""110162.781""","=""3d7.(4F).4d""","=""e 5D""","=""4""","=""3d7.(4F<9/2>).4f""","=""2[5/2]*""","=""3""",9,7,,"=""T6999""","=""L9429c118""",
Co,2,"=""523.11065""","=""0.00005""","=""523.11044""","=""0.00008""","=""2300""","=""1.36e+08""",C+,"=""92889.417""","=""112000.519""","=""3d7.(4F).4d""","=""e 3H""","=""4""","=""3d7.(4F<3/2>).4f""","=""2[9/2]*""","=""5""",9,11,,"=""T6999""","=""L9429c118""",
Co,2,"=""523.35947""","=""0.00013""","=""523.35915""","=""0.00011""","=""42""","=""1.9e+05""",D,"=""90975.540""","=""110077.560""","=""3d7.(4F).4d""","=""e 5H""","=""6""","=""3d7.(4F<9/2>).4f""","=""2[9/2]*""","=""5""",13,11,,"=""T6999""","=""L9429c118""",
Co,1,"=""523.521""","=""""","=""523.5192""","=""""","=""45""","=""1.4e+06""",C,"=""17233.68""","=""36329.86""","=""3p6.3d7.4s2""","=""a 2G""","=""7/2""","=""3p6.3d8.(3F).4p""","=""y 2F*""","=""5/2""",8,6,,"=""T4223""","=""L3475""",
Co,2,"=""523.56068""","=""0.00009""","=""523.56066""","=""0.00008""","=""85""","=""9.5e+06""",C+,"=""90975.540""","=""110070.208""","=""3d7.(4F).4d""","=""e 5H""","=""6""","=""3d7.(4F<9/2>).4f""","=""2[11/2]*""","=""6""",13,13,,"=""T6999""","=""L9429c118""",
Co,2,"=""523.9015""","=""0.0003""","=""523.90179""","=""0.00014""","=""84*""","=""3.2e+07""",C+,"=""91932.084""","=""111014.319""","=""3d7.(4F).4d""","=""e 5P""","=""1""","=""3d7.(4F<7/2>).4f""","=""2[1/2]*""","=""1""",3,3,,"=""T6999""","=""L9429c118""",
Co,2,"=""523.9015""","=""0.0003""","=""523.90215""","=""0.00016""","=""84*""","=""7.e+06""",D,"=""92519.979""","=""111602.201""","=""3d7.(4F).4d""","=""e 3G""","=""3""","=""3d7.(4F<5/2>).4f""","=""2[3/2]*""","=""2""",7,5,,"=""T6999""","=""L9429c118""",
Co,2,"=""523.9430""","=""0.0003""","=""523.94303""","=""0.00014""","=""26bl(Co II)""","=""5.1e+06""",D,"=""91049.431""","=""110130.164""","=""3d7.(4F).4d""","=""e 5D""","=""4""","=""3d7.(4F<9/2>).4f""","=""2[7/2]*""","=""3""",9,7,,"=""T6999""","=""L9429c118""",
Co,2,"=""523.94953""","=""0.00006""","=""523.94957""","=""0.00022""","=""540bl(Co II)""","=""4.5e+07""",C+,"=""91049.431""","=""110129.926""","=""3d7.(4F).4d""","=""e 5D""","=""4""","=""3d7.(4F<9/2>).4f""","=""2[7/2]*""","=""4""",9,9,,"=""T6999""","=""L9429c118""",
Co,2,"=""524.1011""","=""0.0004""","=""524.10081""","=""0.00005""","=""210""","=""1.1e+06""",D,"=""91918.200""","=""110993.189""","=""3d7.(4F).4d""","=""e 3G""","=""4""","=""3d7.(4P).5p""","=""5D*""","=""4""",9,9,,"=""T6999""","=""L9429c118""",
Co,2,"=""524.3970""","=""0.0006""","=""524.39766""","=""0.00014""","=""42""","=""1.0e+07""",D,"=""91932.084""","=""110996.275""","=""3d7.(4F).4d""","=""e 5P""","=""1""","=""3d7.(4F<7/2>).4f""","=""2[3/2]*""","=""2""",3,5,,"=""T6999""","=""L9429c118""",
Co,2,"=""524.5537""","=""0.0005""","=""524.55365""","=""0.00008""","=""65""","=""3.8e+06""",D,"=""91918.200""","=""110976.722""","=""3d7.(4F).4d""","=""e 3G""","=""4""","=""3d7.(4F<7/2>).4f""","=""2[5/2]*""","=""3""",9,7,,"=""T6999""","=""L9429c118""",
Co,3,"=""""","=""""","=""524.684""","=""0.008""","=""""","=""2.6e-03""",D+,"=""1867.50""","=""20921.30""","=""3d7""","=""a 4F""","=""3/2""","=""3d7""","=""a 2P""","=""1/2""",4,2,M1+E2,"=""u37""","=""""",
Co,2,"=""524.7576""","=""0.0003""","=""524.75781""","=""0.00008""","=""200""","=""2.0e+07""",C+,"=""92889.417""","=""111940.524""","=""3d7.(4F).4d""","=""e 3H""","=""4""","=""3d7.(4F<3/2>).4f""","=""2[7/2]*""","=""4""",9,9,,"=""T6999""","=""L9429c118""",
Co,1,"=""524.793""","=""""","=""524.7911""","=""""","=""50""","=""1.0e+06""",D,"=""14399.28""","=""33449.18""","=""3p6.3d7.4s2""","=""a 4P""","=""1/2""","=""3p6.3d8.(3F).4p""","=""y 4D*""","=""1/2""",2,2,,"=""T4223""","=""L3475""",
Co,2,"=""524.8539""","=""0.0004""","=""524.85564""","=""0.00008""","=""92""","=""5.2e+05""",D,"=""91958.369""","=""111005.925""","=""3d7.(4F).4d""","=""e 5D""","=""3""","=""3d7.(4P).5p""","=""5D*""","=""3""",7,7,,"=""T6999""","=""L9429c118""",
Co,2,"=""524.93636""","=""0.00006""","=""524.93642""","=""0.00005""","=""500""","=""2.9e+07""",C+,"=""91049.431""","=""110094.056""","=""3d7.(4F).4d""","=""e 5D""","=""4""","=""3d7.(4F<9/2>).4f""","=""2[11/2]*""","=""5""",9,11,,"=""T6999""","=""L9429c118""",
Co,2,"=""525.12182""","=""0.00011""","=""525.12169""","=""0.00008""","=""99""","=""4.1e+06""",D,"=""91958.369""","=""110996.275""","=""3d7.(4F).4d""","=""e 5D""","=""3""","=""3d7.(4F<7/2>).4f""","=""2[3/2]*""","=""2""",7,5,,"=""T6999""","=""L9429c118""",
Co,2,"=""525.1818""","=""0.0003""","=""525.18194""","=""0.00008""","=""190""","=""8.5e+06""",C+,"=""92519.979""","=""111555.701""","=""3d7.(4F).4d""","=""e 3G""","=""3""","=""3d7.(4F<5/2>).4f""","=""2[7/2]*""","=""4""",7,9,,"=""T6999""","=""L9429c118""",
Co,2,"=""525.20704""","=""0.00011""","=""525.20682""","=""0.00011""","=""80""","=""5.e+05""",D,"=""91958.369""","=""110993.189""","=""3d7.(4F).4d""","=""e 5D""","=""3""","=""3d7.(4P).5p""","=""5D*""","=""4""",7,9,,"=""T6999""","=""L9429c118""",
Co,2,"=""525.2584""","=""0.0004""","=""525.2586""","=""0.0004""","=""340""","=""1.9e+07""",C+,"=""90975.540""","=""110008.482""","=""3d7.(4F).4d""","=""e 5H""","=""6""","=""3d7.(4F<9/2>).4f""","=""2[13/2]*""","=""6""",13,13,,"=""T6999""","=""L9429c118""",
Co,2,"=""525.3302""","=""0.0005""","=""525.32978""","=""0.00017""","=""87""","=""2.4e+07""",C+,"=""92519.979""","=""111550.344""","=""3d7.(4F).4d""","=""e 3G""","=""3""","=""3d7.(4F<5/2>).4f""","=""2[7/2]*""","=""3""",7,7,,"=""T6999""","=""L9429c118""",
Co,2,"=""525.4919""","=""0.0005""","=""525.49132""","=""0.00006""","=""65""","=""3.1e+05""",D,"=""91918.200""","=""110942.715""","=""3d7.(4F).4d""","=""e 3G""","=""4""","=""3d7.(4F<7/2>).4f""","=""2[7/2]*""","=""4""",9,9,,"=""T6999""","=""L9429c118""",
Co,2,"=""525.5268""","=""0.0005""","=""525.52703""","=""0.00008""","=""130""","=""2.5e+07""",C+,"=""92519.979""","=""111543.201""","=""3d7.(4F).4d""","=""e 3G""","=""3""","=""3d7.(4F<5/2>).4f""","=""2[9/2]*""","=""4""",7,9,,"=""T6999""","=""L9429c118""",
Co,2,"=""525.66160""","=""0.00012""","=""525.66158""","=""0.00008""","=""180""","=""1.36e+07""",C+,"=""91958.369""","=""110976.722""","=""3d7.(4F).4d""","=""e 5D""","=""3""","=""3d7.(4F<7/2>).4f""","=""2[5/2]*""","=""3""",7,7,,"=""T6999""","=""L9429c118""",
Co,2,"=""525.71741""","=""0.00008""","=""525.71526""","=""0.00007""","=""2000p""","=""3.6e+06""",D,"=""91918.200""","=""110934.611""","=""3d7.(4F).4d""","=""e 3G""","=""4""","=""3d7.(4F<7/2>).4f""","=""2[7/2]*""","=""3""",9,7,,"=""T6999""","=""L9429c118""",
Co,2,"=""525.9022""","=""0.0003""","=""525.90238""","=""0.00014""","=""160""","=""1.7e+07""",C+,"=""91918.200""","=""110927.845""","=""3d7.(4F).4d""","=""e 3G""","=""4""","=""3d7.(4F<7/2>).4f""","=""2[9/2]*""","=""4""",9,9,,"=""T6999""","=""L9429c118""",
Co,2,"=""525.94418""","=""0.00008""","=""525.94410""","=""0.00004""","=""490""","=""3.0e+07""",C+,"=""91918.200""","=""110926.337""","=""3d7.(4F).4d""","=""e 3G""","=""4""","=""3d7.(4F<7/2>).4f""","=""2[9/2]*""","=""5""",9,11,,"=""T6999""","=""L9429c118""",
Co,1,"=""""","=""""","=""526.5787""","=""""","=""""","=""5.0e+06""",B,"=""29216.37""","=""48201.60""","=""3p6.3d7.(4F).4s.4p.(3P*)""","=""z 4F*""","=""5/2""","=""3p6.3d7.4s.(5F).5s""","=""f 4F""","=""7/2""",6,8,,"=""T4223""","=""""",
Co,2,"=""""","=""""","=""526.63637""","=""0.00017""","=""m(Co I)""","=""8.e+06""",D,"=""92639.846""","=""111622.997""","=""3d7.(4F).4d""","=""e 3D""","=""1""","=""3d7.(4F<5/2>).4f""","=""2[1/2]*""","=""1""",3,3,,"=""T6999""","=""L9429""",
Co,1,"=""526.649""","=""""","=""526.6500""","=""""","=""45""","=""1.7e+06""",C,"=""16467.90""","=""35450.56""","=""3p6.3d7.4s2""","=""a 2G""","=""9/2""","=""3p6.3d8.(3F).4p""","=""y 2F*""","=""7/2""",10,8,,"=""T4223""","=""L3475""",
Co,2,"=""527.01688""","=""0.00014""","=""527.01602""","=""0.00006""","=""230*""","=""1.09e+07""",C+,"=""91958.369""","=""110927.845""","=""3d7.(4F).4d""","=""e 5D""","=""3""","=""3d7.(4F<7/2>).4f""","=""2[9/2]*""","=""4""",7,9,,"=""T6999""","=""L9429c118""",
Co,2,"=""527.01688""","=""0.00014""","=""527.01797""","=""0.00008""","=""230*""","=""7.e+06""",D,"=""92044.913""","=""111014.319""","=""3d7.(4F).4d""","=""e 3D""","=""2""","=""3d7.(4F<7/2>).4f""","=""2[1/2]*""","=""1""",5,3,,"=""T6999""","=""L9429c118""",
Co,2,"=""527.21382""","=""0.00020""","=""527.21394""","=""0.00011""","=""190""","=""2.4e+07""",C+,"=""92639.846""","=""111602.201""","=""3d7.(4F).4d""","=""e 3D""","=""1""","=""3d7.(4F<5/2>).4f""","=""2[3/2]*""","=""2""",3,5,,"=""T6999""","=""L9429c118""",
Co,2,"=""527.51983""","=""0.00016""","=""527.51976""","=""0.00008""","=""150""","=""1.8e+07""",C+,"=""92044.913""","=""110996.275""","=""3d7.(4F).4d""","=""e 3D""","=""2""","=""3d7.(4F<7/2>).4f""","=""2[3/2]*""","=""2""",5,5,,"=""T6999""","=""L9429c118""",
Co,2,"=""528.06263""","=""0.00006""","=""528.06459""","=""0.00008""","=""5600bl(Co I)""","=""9.1e+06""",C+,"=""92044.913""","=""110976.722""","=""3d7.(4F).4d""","=""e 3D""","=""2""","=""3d7.(4F<7/2>).4f""","=""2[5/2]*""","=""3""",5,7,,"=""T6999""","=""L9429c118""",
Co,1,"=""528.065""","=""""","=""528.0629""","=""""","=""45w""","=""2.8e+07""",D,"=""29269.73""","=""48201.60""","=""3p6.3d7.(4F).4s.4p.(3P*)""","=""z 4G*""","=""9/2""","=""3p6.3d7.4s.(5F).5s""","=""f 4F""","=""7/2""",10,8,,"=""T4223""","=""L3475""",
Co,1,"=""""","=""""","=""528.7553""","=""""","=""""","=""3.0e+06""",B,"=""29294.52""","=""48201.60""","=""3p6.3d7.(4F).4s.4p.(3P*)""","=""z 4D*""","=""7/2""","=""3p6.3d7.4s.(5F).5s""","=""f 4F""","=""7/2""",8,8,,"=""T4223""","=""""",
Co,2,"=""529.3657""","=""0.0006""","=""529.36550""","=""0.00011""","=""41""","=""6.e+04""",E,"=""92120.640""","=""111005.925""","=""3d7.(4F).4d""","=""e 5H""","=""4""","=""3d7.(4P).5p""","=""5D*""","=""3""",9,7,,"=""T6999""","=""L9429c118""",
Co,2,"=""529.7237""","=""0.0005""","=""529.72274""","=""0.00008""","=""36""","=""6.e+05""",D,"=""92120.640""","=""110993.189""","=""3d7.(4F).4d""","=""e 5H""","=""4""","=""3d7.(4P).5p""","=""5D*""","=""4""",9,9,,"=""T6999""","=""L9429c118""",
Co,1,"=""530.106""","=""""","=""530.1039""","=""""","=""26""","=""4.0e+05""",C,"=""13795.52""","=""32654.50""","=""3p6.3d7.4s2""","=""a 4P""","=""5/2""","=""3p6.3d8.(3F).4p""","=""y 4D*""","=""5/2""",6,6,,"=""T4223""","=""L3475""",
Co,2,"=""531.19803""","=""0.00020""","=""531.19803""","=""0.00008""","=""80""","=""2.7e+06""",D,"=""92120.640""","=""110940.775""","=""3d7.(4F).4d""","=""e 5H""","=""4""","=""3d7.(4F<7/2>).4f""","=""2[11/2]*""","=""5""",9,11,,"=""T6999""","=""L9429c118""",
Co,2,"=""531.4865""","=""0.0004""","=""531.48705""","=""0.00007""","=""30""","=""7.e+04""",E,"=""91352.880""","=""110162.781""","=""3d7.(4F).4d""","=""e 5G""","=""4""","=""3d7.(4F<9/2>).4f""","=""2[5/2]*""","=""3""",9,7,,"=""T6999""","=""L9429c118""",
Co,2,"=""""","=""""","=""532.17034""","=""0.00006""","=""m(Co I)""","=""2.4e+07""",C+,"=""91408.494""","=""110194.244""","=""3d7.(4F).4d""","=""e 3D""","=""3""","=""3d7.(4F<9/2>).4f""","=""2[3/2]*""","=""2""",7,5,,"=""T6999""","=""L9429""",
Co,2,"=""532.4103""","=""0.0003""","=""532.41028""","=""0.00009""","=""61""","=""6.e+06""",D,"=""91352.880""","=""110130.164""","=""3d7.(4F).4d""","=""e 5G""","=""4""","=""3d7.(4F<9/2>).4f""","=""2[7/2]*""","=""3""",9,7,,"=""T6999""","=""L9429c118""",
Co,2,"=""532.4170""","=""0.0003""","=""532.41702""","=""0.00017""","=""54""","=""1.3e+05""",D,"=""91352.880""","=""110129.926""","=""3d7.(4F).4d""","=""e 5G""","=""4""","=""3d7.(4F<9/2>).4f""","=""2[7/2]*""","=""4""",9,9,,"=""T6999""","=""L9429c118""",
Co,2,"=""532.4744""","=""0.0003""","=""532.47456""","=""0.00011""","=""72""","=""1.6e+07""",D,"=""91424.773""","=""110199.790""","=""3d7.(4F).4d""","=""e 5P""","=""2""","=""3d7.(4F<9/2>).4f""","=""2[3/2]*""","=""1""",5,3,,"=""T6999""","=""L9429c118""",
Co,2,"=""532.69862""","=""0.00008""","=""532.69851""","=""0.00009""","=""200""","=""1.5e+07""",C+,"=""91326.932""","=""110094.056""","=""3d7.(4F).4d""","=""e 3G""","=""5""","=""3d7.(4F<9/2>).4f""","=""2[11/2]*""","=""5""",11,11,,"=""T6999""","=""L9429c118""",
Co,2,"=""533.05432""","=""0.00008""","=""533.05436""","=""0.00017""","=""190bl(Co II)""","=""4.9e+05""",D,"=""91408.494""","=""110163.09""","=""3d7.(4F).4d""","=""e 3D""","=""3""","=""3d7.(4F<9/2>).4f""","=""2[5/2]*""","=""2""",7,5,,"=""T6999""","=""L9429c118""",
Co,2,"=""533.06350""","=""0.00022""","=""533.06314""","=""0.00006""","=""54bl(Co II)""","=""2.7e+07""",C+,"=""91408.494""","=""110162.781""","=""3d7.(4F).4d""","=""e 3D""","=""3""","=""3d7.(4F<9/2>).4f""","=""2[5/2]*""","=""3""",7,7,,"=""T6999""","=""L9429c118""",
Co,1,"=""""","=""""","=""533.1452""","=""""","=""""","=""6.4e+05""",C,"=""14399.28""","=""33150.68""","=""3p6.3d7.4s2""","=""a 4P""","=""1/2""","=""3p6.3d8.(3F).4p""","=""y 4D*""","=""3/2""",2,4,,"=""T4223""","=""""",
Co,2,"=""533.16741""","=""0.00024""","=""533.16716""","=""0.00006""","=""30""","=""9.e+05""",D,"=""91326.932""","=""110077.560""","=""3d7.(4F).4d""","=""e 3G""","=""5""","=""3d7.(4F<9/2>).4f""","=""2[9/2]*""","=""5""",11,11,,"=""T6999""","=""L9429c118""",
Co,1,"=""""","=""""","=""533.2647""","=""""","=""""","=""3.8e+06""",B,"=""28777.27""","=""47524.47""","=""3p6.3d7.(4F).4s.4p.(3P*)""","=""z 4F*""","=""7/2""","=""3p6.3d7.4s.(5F).5s""","=""f 4F""","=""9/2""",8,10,,"=""T4223""","=""""",
Co,2,"=""533.2845""","=""0.0003""","=""533.28443""","=""0.00007""","=""75""","=""7.e+06""",D,"=""91352.880""","=""110099.385""","=""3d7.(4F).4d""","=""e 5G""","=""4""","=""3d7.(4F<9/2>).4f""","=""2[9/2]*""","=""4""",9,9,,"=""T6999""","=""L9429c118""",
Co,3,"=""""","=""""","=""533.298""","=""0.005""","=""""","=""1.0e-01""",C,"=""1451.33""","=""20197.35""","=""3d7""","=""a 4F""","=""5/2""","=""3d7""","=""a 2P""","=""3/2""",6,4,M1+E2,"=""u37""","=""""",
Co,1,"=""""","=""""","=""533.3150""","=""""","=""""","=""1.1e+04""",D,"=""14036.28""","=""32781.71""","=""3p6.3d7.4s2""","=""a 4P""","=""3/2""","=""3p6.3d7.(4F).4s.4p.(3P*)""","=""z 2F*""","=""5/2""",4,6,,"=""T4223""","=""""",
Co,2,"=""533.3752""","=""0.0013""","=""533.37630""","=""0.00009""","=""39""","=""4.5e+06""",D,"=""91326.932""","=""110070.208""","=""3d7.(4F).4d""","=""e 3G""","=""5""","=""3d7.(4F<9/2>).4f""","=""2[11/2]*""","=""6""",11,13,,"=""T6999""","=""L9429c118""",
Co,2,"=""533.5172""","=""0.0005""","=""533.51746""","=""0.00014""","=""75""","=""1.3e+05""",E,"=""91424.773""","=""110163.09""","=""3d7.(4F).4d""","=""e 5P""","=""2""","=""3d7.(4F<9/2>).4f""","=""2[5/2]*""","=""2""",5,5,,"=""T6999""","=""L9429c118""",
Co,2,"=""533.9058""","=""0.0004""","=""533.90601""","=""0.00005""","=""61""","=""1.6e+06""",D,"=""91352.880""","=""110077.560""","=""3d7.(4F).4d""","=""e 5G""","=""4""","=""3d7.(4F<9/2>).4f""","=""2[9/2]*""","=""5""",9,11,,"=""T6999""","=""L9429c118""",
Co,2,"=""533.99185""","=""0.00007""","=""533.99186""","=""0.00011""","=""310""","=""5.e+06""",D,"=""91408.494""","=""110130.164""","=""3d7.(4F).4d""","=""e 3D""","=""3""","=""3d7.(4F<9/2>).4f""","=""2[7/2]*""","=""3""",7,7,,"=""T6999""","=""L9429c118""",
Co,2,"=""533.99881""","=""0.00010""","=""533.99864""","=""0.00020""","=""93""","=""1.41e+07""",C+,"=""91408.494""","=""110129.926""","=""3d7.(4F).4d""","=""e 3D""","=""3""","=""3d7.(4F<9/2>).4f""","=""2[7/2]*""","=""4""",7,9,,"=""T6999""","=""L9429c118""",
Co,2,"=""534.45655""","=""0.00006""","=""534.45659""","=""0.00011""","=""350bl(Co I)""","=""2.2e+05""",D,"=""91424.773""","=""110130.164""","=""3d7.(4F).4d""","=""e 5P""","=""2""","=""3d7.(4F<9/2>).4f""","=""2[7/2]*""","=""3""",5,7,,"=""T6999""","=""L9429c118""",
Co,2,"=""534.68466""","=""0.00013""","=""534.68464""","=""0.00011""","=""250""","=""2.2e+07""",C+,"=""92889.417""","=""111586.830""","=""3d7.(4F).4d""","=""e 3H""","=""4""","=""3d7.(4F<5/2>).4f""","=""2[11/2]*""","=""5""",9,11,,"=""T6999""","=""L9429c118""",
Co,2,"=""534.87115""","=""0.00009""","=""534.87121""","=""0.00009""","=""190""","=""5.e+06""",D,"=""91408.494""","=""110099.385""","=""3d7.(4F).4d""","=""e 3D""","=""3""","=""3d7.(4F<9/2>).4f""","=""2[9/2]*""","=""4""",7,9,,"=""T6999""","=""L9429c118""",
Co,2,"=""535.13902""","=""0.00023""","=""535.1387""","=""0.0003""","=""250""","=""2.7e+07""",C+,"=""91326.932""","=""110008.482""","=""3d7.(4F).4d""","=""e 3G""","=""5""","=""3d7.(4F<9/2>).4f""","=""2[13/2]*""","=""6""",11,13,,"=""T6999""","=""L9429c118""",
Co,1,"=""535.205""","=""""","=""535.2045""","=""""","=""50""","=""2.7e+07""",B,"=""28845.22""","=""47524.47""","=""3p6.3d7.(4F).4s.4p.(3P*)""","=""z 4G*""","=""11/2""","=""3p6.3d7.4s.(5F).5s""","=""f 4F""","=""9/2""",12,10,,"=""T4223""","=""L3475""",
Co,2,"=""536.0623""","=""0.0004""","=""536.06229""","=""0.00014""","=""130""","=""1.8e+07""",C+,"=""92889.417""","=""111538.779""","=""3d7.(4F).4d""","=""e 3H""","=""4""","=""3d7.(4F<5/2>).4f""","=""2[9/2]*""","=""5""",9,11,,"=""T6999""","=""L9429c118""",
Co,2,"=""536.85895""","=""0.00006""","=""536.85898""","=""0.00007""","=""450""","=""2.4e+07""",C+,"=""92359.180""","=""110980.867""","=""3d7.(4F).4d""","=""e 3H""","=""5""","=""3d7.(4F<7/2>).4f""","=""2[13/2]*""","=""6""",11,13,,"=""T6999""","=""L9429c118""",
Co,1,"=""536.958""","=""""","=""536.9590""","=""""","=""35""","=""8.6e+05""",C+,"=""14036.28""","=""32654.50""","=""3p6.3d7.4s2""","=""a 4P""","=""3/2""","=""3p6.3d8.(3F).4p""","=""y 4D*""","=""5/2""",4,6,,"=""T4223""","=""L3475""",
Co,2,"=""536.98704""","=""0.00007""","=""536.98713""","=""0.00009""","=""800p""","=""3.0e+06""",D,"=""92317.368""","=""110934.611""","=""3d7.(4F).4d""","=""e 5D""","=""2""","=""3d7.(4F<7/2>).4f""","=""2[7/2]*""","=""3""",5,7,,"=""T6999""","=""L9429c118""",
Co,1,"=""""","=""""","=""538.1104""","=""""","=""""","=""2.5e+05""",C,"=""15774.04""","=""34352.42""","=""3p6.3d8.(3P).4s""","=""b 4P""","=""3/2""","=""3p6.3d7.(4F).4s.4p.(3P*)""","=""z 2D*""","=""3/2""",4,4,,"=""T4223""","=""""",
Co,2,"=""538.26155""","=""0.00018""","=""538.26159""","=""0.00007""","=""97""","=""1.9e+07""",C+,"=""92359.180""","=""110932.343""","=""3d7.(4F).4d""","=""e 3H""","=""5""","=""3d7.(4F<7/2>).4f""","=""2[11/2]*""","=""6""",11,13,,"=""T6999""","=""L9429c118""",
Co,2,"=""538.4353""","=""0.0005""","=""538.43570""","=""0.00009""","=""110""","=""7.0e+06""",C+,"=""92359.180""","=""110926.337""","=""3d7.(4F).4d""","=""e 3H""","=""5""","=""3d7.(4F<7/2>).4f""","=""2[9/2]*""","=""5""",11,11,,"=""T6999""","=""L9429c118""",
Co,2,"=""539.3203""","=""0.0006""","=""539.31993""","=""0.00012""","=""44""","=""1.1e+06""",D,"=""92405.999""","=""110942.715""","=""3d7.(4F).4d""","=""e 5H""","=""3""","=""3d7.(4F<7/2>).4f""","=""2[7/2]*""","=""4""",7,9,,"=""T6999""","=""L9429c118""",
Co,2,"=""539.67255""","=""0.00006""","=""539.67250""","=""0.00006""","=""380""","=""6.e+05""",D,"=""91623.455""","=""110148.061""","=""3d7.(4F).4d""","=""e 3H""","=""6""","=""3d7.(4F<9/2>).4f""","=""2[15/2]*""","=""7""",13,15,,"=""T6999""","=""L9429c118""",
Co,2,"=""540.5232""","=""0.0003""","=""540.52345""","=""0.00006""","=""31bl(Co II)""","=""1.17e+07""",C+,"=""91667.338""","=""110162.781""","=""3d7.(4F).4d""","=""e 5G""","=""3""","=""3d7.(4F<9/2>).4f""","=""2[5/2]*""","=""3""",7,7,,"=""T6999""","=""L9429c118""",
Co,2,"=""541.17861""","=""0.00019""","=""541.17399""","=""0.00015""","=""74*""","=""3.1e+05""",D,"=""92519.979""","=""110993.189""","=""3d7.(4F).4d""","=""e 3G""","=""3""","=""3d7.(4P).5p""","=""5D*""","=""4""",7,9,,"=""T6999""","=""L9429c118""",
Co,2,"=""541.17861""","=""0.00019""","=""541.18006""","=""0.00015""","=""74*""","=""2.9e+07""",C+,"=""91623.455""","=""110096.458""","=""3d7.(4F).4d""","=""e 3H""","=""6""","=""3d7.(4F<9/2>).4f""","=""2[13/2]*""","=""7""",13,15,,"=""T6999""","=""L9429c118""",
Co,2,"=""541.47883""","=""0.00020""","=""541.47837""","=""0.00012""","=""67bl(Co II)""","=""1.3e+06""",D,"=""91667.338""","=""110130.164""","=""3d7.(4F).4d""","=""e 5G""","=""3""","=""3d7.(4F<9/2>).4f""","=""2[7/2]*""","=""3""",7,7,,"=""T6999""","=""L9429c118""",
Co,2,"=""541.4854""","=""0.0004""","=""541.48535""","=""0.00021""","=""33bl(Co II)""","=""6.e+06""",D,"=""91667.338""","=""110129.926""","=""3d7.(4F).4d""","=""e 5G""","=""3""","=""3d7.(4F<9/2>).4f""","=""2[7/2]*""","=""4""",7,9,,"=""T6999""","=""L9429c118""",
Co,2,"=""541.6570""","=""0.0008""","=""541.65683""","=""0.00012""","=""64""","=""6.e+06""",D,"=""92519.979""","=""110976.722""","=""3d7.(4F).4d""","=""e 3G""","=""3""","=""3d7.(4F<7/2>).4f""","=""2[5/2]*""","=""3""",7,7,,"=""T6999""","=""L9429c118""",
Co,2,"=""542.38274""","=""0.00020""","=""542.38257""","=""0.00012""","=""43""","=""1.2e+06""",D,"=""91667.338""","=""110099.385""","=""3d7.(4F).4d""","=""e 5G""","=""3""","=""3d7.(4F<9/2>).4f""","=""2[9/2]*""","=""4""",7,9,,"=""T6999""","=""L9429c118""",
Co,2,"=""542.6572""","=""0.0005""","=""542.65670""","=""0.00009""","=""110""","=""3.2e+06""",D,"=""92519.979""","=""110942.715""","=""3d7.(4F).4d""","=""e 3G""","=""3""","=""3d7.(4F<7/2>).4f""","=""2[7/2]*""","=""4""",7,9,,"=""T6999""","=""L9429c118""",
Co,2,"=""543.7696""","=""0.0006""","=""543.7697""","=""0.0004""","=""66""","=""5.3e+06""",C+,"=""91623.455""","=""110008.482""","=""3d7.(4F).4d""","=""e 3H""","=""6""","=""3d7.(4F<9/2>).4f""","=""2[13/2]*""","=""6""",13,13,,"=""T6999""","=""L9429c118""",
Co,3,"=""""","=""""","=""545.407""","=""0.007""","=""""","=""6.8e-02""",C,"=""1867.50""","=""20197.35""","=""3d7""","=""a 4F""","=""3/2""","=""3d7""","=""a 2P""","=""3/2""",4,4,M1,"=""u37""","=""""",
Co,2,"=""546.1124""","=""0.0004""","=""546.11265""","=""0.00009""","=""46""","=""6.e+06""",D,"=""93678.422""","=""111984.575""","=""3d7.(4F).4d""","=""e 3P""","=""2""","=""3d7.(4F<3/2>).4f""","=""2[5/2]*""","=""3""",5,7,,"=""T6999""","=""L9429c118""",
Co,1,"=""""","=""""","=""546.9302""","=""""","=""""","=""1.1e+05""",C,"=""15184.04""","=""33462.83""","=""3p6.3d8.(3P).4s""","=""b 4P""","=""5/2""","=""3p6.3d7.(4F).4s.4p.(3P*)""","=""z 2D*""","=""5/2""",6,6,,"=""T4223""","=""""",
Co,2,"=""547.1691""","=""0.0004""","=""547.16933""","=""0.00015""","=""39""","=""6.e+06""",D,"=""91928.989""","=""110199.790""","=""3d7.(4F).4d""","=""e 5G""","=""2""","=""3d7.(4F<9/2>).4f""","=""2[3/2]*""","=""1""",5,3,,"=""T6999""","=""L9429c118""",
Co,2,"=""547.4414""","=""0.0005""","=""547.44110""","=""0.00007""","=""61""","=""5.2e+06""",C+,"=""93738.788""","=""112000.519""","=""3d7.(4F).4d""","=""f 3F""","=""4""","=""3d7.(4F<3/2>).4f""","=""2[9/2]*""","=""5""",9,11,,"=""T6999""","=""L9429c118""",
Co,1,"=""""","=""""","=""547.6508""","=""""","=""""","=""5.6e+05""",B,"=""29269.73""","=""47524.47""","=""3p6.3d7.(4F).4s.4p.(3P*)""","=""z 4G*""","=""9/2""","=""3p6.3d7.4s.(5F).5s""","=""f 4F""","=""9/2""",10,10,,"=""T4223""","=""""",
Co,1,"=""""","=""""","=""547.7078""","=""""","=""""","=""6.8e+06""",B,"=""29948.76""","=""48201.60""","=""3p6.3d7.(4F).4s.4p.(3P*)""","=""z 4D*""","=""5/2""","=""3p6.3d7.4s.(5F).5s""","=""f 4F""","=""7/2""",6,8,,"=""T4223""","=""""",
Co,1,"=""548.334""","=""""","=""548.3344""","=""""","=""45""","=""9.0e+05""",C,"=""13795.52""","=""32027.50""","=""3p6.3d7.4s2""","=""a 4P""","=""5/2""","=""3p6.3d8.(3F).4p""","=""y 4D*""","=""7/2""",6,8,,"=""T4223""","=""L3475""",
Co,1,"=""""","=""""","=""548.3955""","=""""","=""""","=""7.3e+06""",B,"=""29294.52""","=""47524.47""","=""3p6.3d7.(4F).4s.4p.(3P*)""","=""z 4D*""","=""7/2""","=""3p6.3d7.4s.(5F).5s""","=""f 4F""","=""9/2""",8,10,,"=""T4223""","=""""",
Co,2,"=""548.9420""","=""0.0005""","=""548.93708""","=""0.00009""","=""99*""","=""1.5e+05""",D,"=""91918.200""","=""110130.164""","=""3d7.(4F).4d""","=""e 3G""","=""4""","=""3d7.(4F<9/2>).4f""","=""2[7/2]*""","=""3""",9,7,,"=""T6999""","=""L9429c118""",
Co,2,"=""548.9420""","=""0.0005""","=""548.94426""","=""0.00015""","=""99*""","=""1.45e+07""",C+,"=""91918.200""","=""110129.926""","=""3d7.(4F).4d""","=""e 3G""","=""4""","=""3d7.(4F<9/2>).4f""","=""2[7/2]*""","=""4""",9,9,,"=""T6999""","=""L9429c118""",
Co,2,"=""549.8667""","=""0.0003""","=""549.86639""","=""0.00005""","=""95""","=""1.9e+06""",D,"=""91918.200""","=""110099.385""","=""3d7.(4F).4d""","=""e 3G""","=""4""","=""3d7.(4F<9/2>).4f""","=""2[9/2]*""","=""4""",9,9,,"=""T6999""","=""L9429c118""",
Co,2,"=""550.02745""","=""0.00014""","=""550.02761""","=""0.00009""","=""150""","=""1.38e+07""",C+,"=""91918.200""","=""110094.056""","=""3d7.(4F).4d""","=""e 3G""","=""4""","=""3d7.(4F<9/2>).4f""","=""2[11/2]*""","=""5""",9,11,,"=""T6999""","=""L9429c118""",
Co,2,"=""550.52771""","=""0.00023""","=""550.52726""","=""0.00007""","=""57""","=""2.7e+05""",D,"=""91918.200""","=""110077.560""","=""3d7.(4F).4d""","=""e 3G""","=""4""","=""3d7.(4F<9/2>).4f""","=""2[9/2]*""","=""5""",9,11,,"=""T6999""","=""L9429c118""",
Co,2,"=""550.66350""","=""0.00018""","=""550.66320""","=""0.00012""","=""110""","=""3.2e+07""",C+,"=""92044.913""","=""110199.790""","=""3d7.(4F).4d""","=""e 3D""","=""2""","=""3d7.(4F<9/2>).4f""","=""2[3/2]*""","=""1""",5,3,,"=""T6999""","=""L9429c118""",
Co,2,"=""551.7786""","=""0.0003""","=""551.77863""","=""0.00015""","=""87""","=""5.e+04""",E,"=""92044.913""","=""110163.09""","=""3d7.(4F).4d""","=""e 3D""","=""2""","=""3d7.(4F<9/2>).4f""","=""2[5/2]*""","=""2""",5,5,,"=""T6999""","=""L9429c118""",
Co,2,"=""551.7880""","=""0.0007""","=""551.78804""","=""0.00009""","=""28""","=""5.e+06""",D,"=""92044.913""","=""110162.781""","=""3d7.(4F).4d""","=""e 3D""","=""2""","=""3d7.(4F<9/2>).4f""","=""2[5/2]*""","=""3""",5,7,,"=""T6999""","=""L9429c118""",
Co,2,"=""552.7195""","=""0.0006""","=""552.72044""","=""0.00015""","=""65bl(Co I)""","=""3.e+04""",E,"=""92889.417""","=""110976.722""","=""3d7.(4F).4d""","=""e 3H""","=""4""","=""3d7.(4F<7/2>).4f""","=""2[5/2]*""","=""3""",9,7,,"=""T6999""","=""L9429c118""",
Co,1,"=""553.077""","=""""","=""553.0774""","=""""","=""17""","=""2.4e+05""",C+,"=""13795.52""","=""31871.15""","=""3p6.3d7.4s2""","=""a 4P""","=""5/2""","=""3p6.3d7.(4F).4s.4p.(3P*)""","=""z 2F*""","=""7/2""",6,8,,"=""T4223""","=""L3475""",
Co,2,"=""557.76461""","=""0.00019""","=""557.76318""","=""0.00009""","=""21i""","=""1.7e+07""",C+,"=""93678.422""","=""111602.201""","=""3d7.(4F).4d""","=""e 3P""","=""2""","=""3d7.(4F<5/2>).4f""","=""2[3/2]*""","=""2""",5,5,,"=""T6999""","=""L9429c118""",
Co,1,"=""""","=""""","=""559.0720""","=""""","=""""","=""7.2e+05""",C,"=""16470.60""","=""34352.42""","=""3p6.3d8.(1D).4s""","=""a 2D""","=""3/2""","=""3p6.3d7.(4F).4s.4p.(3P*)""","=""z 2D*""","=""3/2""",4,4,,"=""T4223""","=""""",
Co,2,"=""559.19036""","=""0.00014""","=""559.19068""","=""0.00013""","=""83""","=""1.0e+07""",D,"=""93678.422""","=""111556.446""","=""3d7.(4F).4d""","=""e 3P""","=""2""","=""3d7.(4F<5/2>).4f""","=""2[5/2]*""","=""2""",5,5,,"=""T6999""","=""L9429c118""",
Co,2,"=""559.38169""","=""0.00013""","=""559.38160""","=""0.00008""","=""110""","=""1.36e+07""",C+,"=""93678.422""","=""111550.344""","=""3d7.(4F).4d""","=""e 3P""","=""2""","=""3d7.(4F<5/2>).4f""","=""2[7/2]*""","=""3""",5,7,,"=""T6999""","=""L9429c118""",
Co,2,"=""560.13000""","=""0.00019""","=""560.13004""","=""0.00009""","=""70""","=""1.19e+07""",C+,"=""93738.788""","=""111586.830""","=""3d7.(4F).4d""","=""f 3F""","=""4""","=""3d7.(4F<5/2>).4f""","=""2[11/2]*""","=""5""",9,11,,"=""T6999""","=""L9429c118""",
Co,2,"=""561.10881""","=""0.00014""","=""561.10869""","=""0.00006""","=""100""","=""9.6e+06""",C+,"=""93738.788""","=""111555.701""","=""3d7.(4F).4d""","=""f 3F""","=""4""","=""3d7.(4F<5/2>).4f""","=""2[7/2]*""","=""4""",9,9,,"=""T6999""","=""L9429c118""",
Co,2,"=""561.64218""","=""0.00008""","=""561.64213""","=""0.00006""","=""170""","=""1.22e+07""",C+,"=""93738.788""","=""111538.779""","=""3d7.(4F).4d""","=""f 3F""","=""4""","=""3d7.(4F<5/2>).4f""","=""2[9/2]*""","=""5""",9,11,,"=""T6999""","=""L9429c118""",
Co,3,"=""""","=""""","=""562.626""","=""0.006""","=""""","=""1.5e-02""",C,"=""0.00""","=""17768.87""","=""3d7""","=""a 4F""","=""9/2""","=""3d7""","=""a 2G""","=""7/2""",10,8,M1,"=""u37""","=""""",
Co,1,"=""564.722""","=""""","=""564.723""","=""""","=""17""","=""9.6e+05""",C,"=""18389.57""","=""36092.44""","=""3p6.3d8.(3P).4s""","=""a 2P""","=""3/2""","=""3p6.3d8.(3F).4p""","=""y 2D*""","=""5/2""",4,6,,"=""T4223""","=""L3475""",
Co,2,"=""566.8633""","=""0.0004""","=""566.86270""","=""0.00023""","=""120""","=""3.1e+07""",C+,"=""94405.533""","=""112041.595""","=""3d7.(4F).4d""","=""e 3P""","=""1""","=""3d7.(4F<3/2>).4f""","=""2[3/2]*""","=""1""",3,3,,"=""T6999""","=""L9429c118""",
Co,2,"=""567.0381""","=""0.0008""","=""567.03680""","=""0.00016""","=""69""","=""2.7e+07""",C+,"=""94405.533""","=""112036.18""","=""3d7.(4F).4d""","=""e 3P""","=""1""","=""3d7.(4F<3/2>).4f""","=""2[3/2]*""","=""2""",3,5,,"=""T6999""","=""L9429c118""",
Co,2,"=""567.5085""","=""0.0005""","=""567.50860""","=""0.00023""","=""86""","=""1.5e+07""",C+,"=""94368.585""","=""111984.575""","=""3d7.(4F).4d""","=""f 3F""","=""3""","=""3d7.(4F<3/2>).4f""","=""2[5/2]*""","=""3""",7,7,,"=""T6999""","=""L9429c118""",
Co,2,"=""568.8179""","=""0.0003""","=""568.8160""","=""0.0003""","=""140p""","=""8.e+06""",D,"=""94405.533""","=""111981.033""","=""3d7.(4F).4d""","=""e 3P""","=""1""","=""3d7.(4F<3/2>).4f""","=""2[5/2]*""","=""2""",3,5,,"=""T6999""","=""L9429c118""",
Co,1,"=""""","=""""","=""568.856""","=""""","=""""","=""8.4e+04""",C,"=""16778.16""","=""34352.42""","=""3p6.3d8.(1D).4s""","=""a 2D""","=""5/2""","=""3p6.3d7.(4F).4s.4p.(3P*)""","=""z 2D*""","=""3/2""",6,4,,"=""T4223""","=""""",
Co,2,"=""568.93129""","=""0.00008""","=""568.93130""","=""0.00007""","=""230""","=""3.3e+07""",C+,"=""94368.585""","=""111940.524""","=""3d7.(4F).4d""","=""f 3F""","=""3""","=""3d7.(4F<3/2>).4f""","=""2[7/2]*""","=""4""",7,9,,"=""T6999""","=""L9429c118""",
Co,2,"=""576.9579""","=""0.0004""","=""576.95719""","=""0.00013""","=""36""","=""3.6e+06""",D,"=""93678.422""","=""111005.925""","=""3d7.(4F).4d""","=""e 3P""","=""2""","=""3d7.(4P).5p""","=""5D*""","=""3""",5,7,,"=""T6999""","=""L9429c118""",
Co,2,"=""577.14674""","=""0.00020""","=""577.14705""","=""0.00017""","=""77""","=""2.0e+07""",C+,"=""93678.422""","=""111000.225""","=""3d7.(4F).4d""","=""e 3P""","=""2""","=""3d7.(4F<7/2>).4f""","=""2[3/2]*""","=""1""",5,3,,"=""T6999""","=""L9429c118""",
Co,2,"=""577.1848""","=""0.0003""","=""577.18450""","=""0.00020""","=""140""","=""5.1e+07""",C+,"=""94720.916""","=""112041.595""","=""3d7.(4F).4d""","=""e 3P""","=""0""","=""3d7.(4F<3/2>).4f""","=""2[3/2]*""","=""1""",1,3,,"=""T6999""","=""L9429c118""",
Co,2,"=""578.13519""","=""0.00017""","=""578.12566""","=""0.00017""","=""180*""","=""2.8e+07""",C+,"=""94743.698""","=""112036.18""","=""3d7.(4F).4d""","=""f 3F""","=""2""","=""3d7.(4F<3/2>).4f""","=""2[3/2]*""","=""2""",5,5,,"=""T6999""","=""L9429c118""",
Co,2,"=""578.13519""","=""0.00017""","=""578.13737""","=""0.00013""","=""180*""","=""1.8e+07""",C+,"=""93678.422""","=""110970.554""","=""3d7.(4F).4d""","=""e 3P""","=""2""","=""3d7.(4F<7/2>).4f""","=""2[5/2]*""","=""2""",5,5,,"=""T6999""","=""L9429c118""",
Co,2,"=""579.34158""","=""0.00016""","=""579.34158""","=""0.00010""","=""89""","=""9.4e+06""",C+,"=""93678.422""","=""110934.611""","=""3d7.(4F).4d""","=""e 3P""","=""2""","=""3d7.(4F<7/2>).4f""","=""2[7/2]*""","=""3""",5,7,,"=""T6999""","=""L9429c118""",
Co,2,"=""579.8561""","=""0.0003""","=""579.85611""","=""0.00017""","=""250""","=""5.3e+07""",C+,"=""94743.698""","=""111984.575""","=""3d7.(4F).4d""","=""f 3F""","=""2""","=""3d7.(4F<3/2>).4f""","=""2[5/2]*""","=""3""",5,7,,"=""T6999""","=""L9429c118""",
Co,2,"=""581.10158""","=""0.00015""","=""581.10152""","=""0.00007""","=""98""","=""1.29e+07""",C+,"=""93738.788""","=""110942.715""","=""3d7.(4F).4d""","=""f 3F""","=""4""","=""3d7.(4F<7/2>).4f""","=""2[7/2]*""","=""4""",9,9,,"=""T6999""","=""L9429c118""",
Co,2,"=""581.16688""","=""0.00008""","=""581.16706""","=""0.00005""","=""370""","=""3.3e+07""",C+,"=""93738.788""","=""110940.775""","=""3d7.(4F).4d""","=""f 3F""","=""4""","=""3d7.(4F<7/2>).4f""","=""2[11/2]*""","=""5""",9,11,,"=""T6999""","=""L9429c118""",
Co,2,"=""581.452""","=""0.010""","=""581.44277""","=""0.00020""","=""bl(Ti II)""","=""3.87e-03""",,"=""10708.331""","=""27902.161""","=""3d7.(4F).4s""","=""b 3F""","=""3""","=""3d7.(2H).4s""","=""a 3H""","=""4""",7,9,M1,"=""T6904""","=""L13469""",
Co,2,"=""581.60426""","=""0.00018""","=""581.60423""","=""0.00008""","=""110""","=""2.2e+06""",D,"=""93738.788""","=""110927.845""","=""3d7.(4F).4d""","=""f 3F""","=""4""","=""3d7.(4F<7/2>).4f""","=""2[9/2]*""","=""4""",9,9,,"=""T6999""","=""L9429c118""",
Co,2,"=""581.670""","=""""","=""581.66991""","=""0.00014""","=""270bl:""","=""3.4e+07""",C+,"=""94368.585""","=""111555.701""","=""3d7.(4F).4d""","=""f 3F""","=""3""","=""3d7.(4F<5/2>).4f""","=""2[7/2]*""","=""4""",7,9,,"=""T6999""","=""L9429c119""",
Co,2,"=""581.85194""","=""0.00016""","=""581.85127""","=""0.00024""","=""140""","=""1.08e+07""",C+,"=""94368.585""","=""111550.344""","=""3d7.(4F).4d""","=""f 3F""","=""3""","=""3d7.(4F<5/2>).4f""","=""2[7/2]*""","=""3""",7,7,,"=""T6999""","=""L9429c118""",
Co,2,"=""582.0924""","=""0.0003""","=""582.09327""","=""0.00017""","=""74*""","=""1.9e+06""",D,"=""94368.585""","=""111543.201""","=""3d7.(4F).4d""","=""f 3F""","=""3""","=""3d7.(4F<5/2>).4f""","=""2[9/2]*""","=""4""",7,9,,"=""T6999""","=""L9429c118""",
Co,2,"=""582.68475""","=""0.00020""","=""582.6840""","=""0.0003""","=""57""","=""2.4e+07""",C+,"=""94405.533""","=""111562.737""","=""3d7.(4F).4d""","=""e 3P""","=""1""","=""3d7.(4F<5/2>).4f""","=""2[3/2]*""","=""1""",3,3,,"=""T6999""","=""L9429c118""",
Co,2,"=""582.89750""","=""0.00020""","=""582.89774""","=""0.00010""","=""81""","=""1.6e+07""",C+,"=""94405.533""","=""111556.446""","=""3d7.(4F).4d""","=""e 3P""","=""1""","=""3d7.(4F<5/2>).4f""","=""2[5/2]*""","=""2""",3,5,,"=""T6999""","=""L9429c118""",
Co,3,"=""""","=""""","=""583.933""","=""0.006""","=""""","=""1.06e-02""",C,"=""20197.35""","=""37317.85""","=""3d7""","=""a 2P""","=""3/2""","=""3d7""","=""a 2F""","=""7/2""",4,8,E2,"=""u37""","=""""",
Co,1,"=""""","=""""","=""587.807""","=""""","=""""","=""2.2e+04""",D,"=""15774.04""","=""32781.71""","=""3p6.3d8.(3P).4s""","=""b 4P""","=""3/2""","=""3p6.3d7.(4F).4s.4p.(3P*)""","=""z 2F*""","=""5/2""",4,6,,"=""T4223""","=""""",
Co,1,"=""""","=""""","=""588.341""","=""""","=""""","=""1.0e+04""",D,"=""16470.60""","=""33462.83""","=""3p6.3d8.(1D).4s""","=""a 2D""","=""3/2""","=""3p6.3d7.(4F).4s.4p.(3P*)""","=""z 2D*""","=""5/2""",4,6,,"=""T4223""","=""""",
Co,3,"=""""","=""""","=""588.780""","=""0.006""","=""""","=""4.2e-01""",C,"=""0.00""","=""16979.56""","=""3d7""","=""a 4F""","=""9/2""","=""3d7""","=""a 2G""","=""9/2""",10,10,M1,"=""u37""","=""""",
Co,1,"=""""","=""""","=""589.049""","=""""","=""""","=""1.3e+05""",C,"=""16467.90""","=""33439.72""","=""3p6.3d7.4s2""","=""a 2G""","=""9/2""","=""3p6.3d8.(3F).4p""","=""y 2G*""","=""9/2""",10,10,,"=""T4223""","=""""",
Co,3,"=""""","=""""","=""590.591""","=""0.006""","=""""","=""1.6e-01""",C,"=""841.36""","=""17768.87""","=""3d7""","=""a 4F""","=""7/2""","=""3d7""","=""a 2G""","=""7/2""",8,8,M1,"=""u37""","=""""",
Co,2,"=""591.4775""","=""0.0006""","=""591.47923""","=""0.00025""","=""60""","=""1.5e+07""",D,"=""94720.916""","=""111622.997""","=""3d7.(4F).4d""","=""e 3P""","=""0""","=""3d7.(4F<5/2>).4f""","=""2[1/2]*""","=""1""",1,3,,"=""T6999""","=""L9429c118""",
Co,1,"=""""","=""""","=""591.555""","=""""","=""""","=""2.4e+05""",C,"=""17233.68""","=""34133.59""","=""3p6.3d7.4s2""","=""a 2G""","=""7/2""","=""3p6.3d8.(3F).4p""","=""y 2G*""","=""7/2""",8,8,,"=""T4223""","=""""",
Co,2,"=""593.0079""","=""0.0007""","=""593.00817""","=""0.00021""","=""110""","=""1.7e+07""",C+,"=""94743.698""","=""111602.201""","=""3d7.(4F).4d""","=""f 3F""","=""2""","=""3d7.(4F<5/2>).4f""","=""2[3/2]*""","=""2""",5,5,,"=""T6999""","=""L9429c118""",
Co,1,"=""""","=""""","=""593.538""","=""""","=""""","=""4.9e+04""",D,"=""15184.04""","=""32027.50""","=""3p6.3d8.(3P).4s""","=""b 4P""","=""5/2""","=""3p6.3d8.(3F).4p""","=""y 4D*""","=""7/2""",6,8,,"=""T4223""","=""""",
Co,2,"=""594.0485""","=""0.0003""","=""594.04789""","=""0.00014""","=""170bl(Co I)""","=""1.8e+07""",C+,"=""94743.698""","=""111572.695""","=""3d7.(4F).4d""","=""f 3F""","=""2""","=""3d7.(4F<5/2>).4f""","=""2[5/2]*""","=""3""",5,7,,"=""T6999""","=""L9429c118""",
Co,3,"=""""","=""""","=""594.187""","=""0.007""","=""""","=""2.6e-02""",C,"=""20197.35""","=""37022.42""","=""3d7""","=""a 2P""","=""3/2""","=""3d7""","=""a 2F""","=""5/2""",4,6,M1+E2,"=""u37""","=""""",
Co,1,"=""""","=""""","=""598.408""","=""""","=""""","=""4.7e+04""",D,"=""14036.28""","=""30742.65""","=""3p6.3d7.4s2""","=""a 4P""","=""3/2""","=""3p6.3d7.(4F).4s.4p.(3P*)""","=""z 4D*""","=""1/2""",4,2,,"=""T4223""","=""""",
Co,1,"=""599.188""","=""""","=""599.187""","=""""","=""17""","=""4.4e+05""",C,"=""16778.16""","=""33462.83""","=""3p6.3d8.(1D).4s""","=""a 2D""","=""5/2""","=""3p6.3d7.(4F).4s.4p.(3P*)""","=""z 2D*""","=""5/2""",6,6,,"=""T4223""","=""L3475""",
Co,1,"=""""","=""""","=""600.502""","=""""","=""""","=""2.2e+04""",D,"=""13795.52""","=""30443.63""","=""3p6.3d7.4s2""","=""a 4P""","=""5/2""","=""3p6.3d7.(4F).4s.4p.(3P*)""","=""z 4D*""","=""3/2""",6,4,,"=""T4223""","=""""",
Co,2,"=""600.63466""","=""0.00010""","=""600.6366""","=""0.0022""","=""430bl(Co I)""","=""1.4e+05""",D,"=""94405.533""","=""111049.924""","=""3d7.(4F).4d""","=""e 3P""","=""1""","=""3d7.(4P).5p""","=""5D*""","=""2""",3,5,,"=""T6999""","=""L9429c118""",
Co,2,"=""601.3505""","=""0.0010""","=""601.35155""","=""0.00022""","=""100""","=""3.9e+05""",D,"=""94368.585""","=""110993.189""","=""3d7.(4F).4d""","=""f 3F""","=""3""","=""3d7.(4P).5p""","=""5D*""","=""4""",7,9,,"=""T6999""","=""L9429c118""",
Co,2,"=""601.9490""","=""0.0005""","=""601.94779""","=""0.00018""","=""110""","=""1.35e+07""",C+,"=""94368.585""","=""110976.722""","=""3d7.(4F).4d""","=""f 3F""","=""3""","=""3d7.(4F<7/2>).4f""","=""2[5/2]*""","=""3""",7,7,,"=""T6999""","=""L9429c118""",
Co,2,"=""603.18296""","=""0.00014""","=""603.18289""","=""0.00018""","=""190""","=""4.2e+06""",D,"=""94368.585""","=""110942.715""","=""3d7.(4F).4d""","=""f 3F""","=""3""","=""3d7.(4F<7/2>).4f""","=""2[7/2]*""","=""4""",7,9,,"=""T6999""","=""L9429c118""",
Co,2,"=""605.1085""","=""0.0008""","=""605.10921""","=""0.00015""","=""150""","=""4.3e+07""",C+,"=""93678.422""","=""110199.790""","=""3d7.(4F).4d""","=""e 3P""","=""2""","=""3d7.(4F<9/2>).4f""","=""2[3/2]*""","=""1""",5,3,,"=""T6999""","=""L9429c118""",
Co,1,"=""""","=""""","=""605.823""","=""""","=""""","=""6.9e+05""",C+,"=""31699.69""","=""48201.60""","=""3p6.3d7.(4F).4s.4p.(3P*)""","=""z 2G*""","=""9/2""","=""3p6.3d7.4s.(5F).5s""","=""f 4F""","=""7/2""",10,8,,"=""T4223""","=""""",
Co,2,"=""606.45439""","=""0.00015""","=""606.45638""","=""0.00018""","=""310bl(Ne)""","=""9.e+04""",E,"=""93678.422""","=""110163.09""","=""3d7.(4F).4d""","=""e 3P""","=""2""","=""3d7.(4F<9/2>).4f""","=""2[5/2]*""","=""2""",5,5,,"=""T6999""","=""L9429c118""",
Co,1,"=""608.244""","=""""","=""608.242""","=""""","=""17""","=""5.4e+06""",B,"=""28345.86""","=""44782.13""","=""3p6.3d7.(4F).4s.4p.(3P*)""","=""z 4F*""","=""9/2""","=""3p6.3d8.(3F).5s""","=""e 4F""","=""9/2""",10,10,,"=""T4223""","=""L3475""",
Co,1,"=""""","=""""","=""609.314""","=""""","=""""","=""1.6e+05""",C,"=""14036.28""","=""30443.63""","=""3p6.3d7.4s2""","=""a 4P""","=""3/2""","=""3p6.3d7.(4F).4s.4p.(3P*)""","=""z 4D*""","=""3/2""",4,4,,"=""T4223""","=""""",
Co,2,"=""609.9081""","=""0.0004""","=""609.90807""","=""0.00015""","=""46""","=""9.e+05""",D,"=""93738.788""","=""110130.164""","=""3d7.(4F).4d""","=""f 3F""","=""4""","=""3d7.(4F<9/2>).4f""","=""2[7/2]*""","=""3""",9,7,,"=""T6999""","=""L9429c118""",
Co,2,"=""609.91733""","=""0.00021""","=""609.9169""","=""0.0003""","=""85""","=""2.5e+07""",C+,"=""93738.788""","=""110129.926""","=""3d7.(4F).4d""","=""f 3F""","=""4""","=""3d7.(4F<9/2>).4f""","=""2[7/2]*""","=""4""",9,9,,"=""T6999""","=""L9429c118""",
Co,2,"=""611.0553""","=""0.0003""","=""611.05550""","=""0.00015""","=""140""","=""5.3e+06""",C+,"=""93738.788""","=""110099.385""","=""3d7.(4F).4d""","=""f 3F""","=""4""","=""3d7.(4F<9/2>).4f""","=""2[9/2]*""","=""4""",9,9,,"=""T6999""","=""L9429c118""",
Co,2,"=""611.25456""","=""0.00021""","=""611.25460""","=""0.00006""","=""190""","=""2.6e+07""",C+,"=""93738.788""","=""110094.056""","=""3d7.(4F).4d""","=""f 3F""","=""4""","=""3d7.(4F<9/2>).4f""","=""2[11/2]*""","=""5""",9,11,,"=""T6999""","=""L9429c118""",
Co,1,"=""""","=""""","=""611.700""","=""""","=""""","=""2.9e+05""",D,"=""14399.28""","=""30742.65""","=""3p6.3d7.4s2""","=""a 4P""","=""1/2""","=""3p6.3d7.(4F).4s.4p.(3P*)""","=""z 4D*""","=""1/2""",2,2,,"=""T4223""","=""""",
Co,2,"=""611.8718""","=""0.0003""","=""611.87174""","=""0.00009""","=""120""","=""4.e+04""",E,"=""93738.788""","=""110077.560""","=""3d7.(4F).4d""","=""f 3F""","=""4""","=""3d7.(4F<9/2>).4f""","=""2[9/2]*""","=""5""",9,11,,"=""T6999""","=""L9429c118""",
Co,3,"=""""","=""""","=""612.668""","=""0.007""","=""""","=""1.2e-01""",C,"=""1451.33""","=""17768.87""","=""3d7""","=""a 4F""","=""5/2""","=""3d7""","=""a 2G""","=""7/2""",6,8,M1,"=""u37""","=""""",
Co,1,"=""""","=""""","=""612.909""","=""""","=""""","=""3.6e+04""",D,"=""16470.60""","=""32781.71""","=""3p6.3d8.(1D).4s""","=""a 2D""","=""3/2""","=""3p6.3d7.(4F).4s.4p.(3P*)""","=""z 2F*""","=""5/2""",4,6,,"=""T4223""","=""""",
Co,2,"=""615.81949""","=""0.00008""","=""615.81953""","=""0.00015""","=""220""","=""1.9e+05""",D,"=""95976.579""","=""112210.61""","=""3d7.(4F).5p""","=""5F*""","=""4""","=""3d7.(4F).5d""","=""5H""","=""5""",9,11,,"=""T6999""","=""L9429c118""",
Co,1,"=""""","=""""","=""618.101""","=""""","=""""","=""1.3e+06""",B,"=""32027.50""","=""48201.60""","=""3p6.3d8.(3F).4p""","=""y 4D*""","=""7/2""","=""3p6.3d7.4s.(5F).5s""","=""f 4F""","=""7/2""",8,8,,"=""T4223""","=""""",
Co,1,"=""""","=""""","=""618.900""","=""""","=""""","=""1.0e+05""",C,"=""13795.52""","=""29948.76""","=""3p6.3d7.4s2""","=""a 4P""","=""5/2""","=""3p6.3d7.(4F).4s.4p.(3P*)""","=""z 4D*""","=""5/2""",6,6,,"=""T4223""","=""""",
Co,3,"=""""","=""""","=""619.476""","=""0.007""","=""""","=""1.3e-01""",C,"=""841.36""","=""16979.56""","=""3d7""","=""a 4F""","=""7/2""","=""3d7""","=""a 2G""","=""9/2""",8,10,M1,"=""u37""","=""""",
Co,2,"=""620.57240""","=""0.00020""","=""620.5716""","=""0.0003""","=""860""","=""2.5e+07""",C+,"=""95036.155""","=""111145.875""","=""3d7.(4F).5p""","=""5D*""","=""4""","=""3d7.(4F).5d""","=""5F""","=""4""",9,9,,"=""T6999""","=""L9429c118""",
Co,3,"=""""","=""""","=""620.903""","=""0.009""","=""""","=""1.19e-02""",C,"=""20921.30""","=""37022.42""","=""3d7""","=""a 2P""","=""1/2""","=""3d7""","=""a 2F""","=""5/2""",2,6,E2,"=""u37""","=""""",
Co,2,"=""622.94274""","=""0.00011""","=""622.9421""","=""0.0007""","=""530i""","=""2.2e+07""",C+,"=""95976.579""","=""112024.995""","=""3d7.(4F).5p""","=""5F*""","=""4""","=""3d7.(4F).5d""","=""5G""","=""5""",9,11,,"=""T6999""","=""L9429c118""",
Co,1,"=""""","=""""","=""623.100""","=""""","=""""","=""1.4e+05""",C,"=""14399.28""","=""30443.63""","=""3p6.3d7.4s2""","=""a 4P""","=""1/2""","=""3p6.3d7.(4F).4s.4p.(3P*)""","=""z 4D*""","=""3/2""",2,4,,"=""T4223""","=""""",
Co,1,"=""""","=""""","=""624.637""","=""""","=""""","=""1.1e+05""",C,"=""28777.27""","=""44782.13""","=""3p6.3d7.(4F).4s.4p.(3P*)""","=""z 4F*""","=""7/2""","=""3p6.3d8.(3F).5s""","=""e 4F""","=""9/2""",8,10,,"=""T4223""","=""""",
Co,1,"=""""","=""""","=""624.951""","=""""","=""""","=""6.6e+04""",C,"=""16467.90""","=""32464.73""","=""3p6.3d7.4s2""","=""a 2G""","=""9/2""","=""3p6.3d8.(3F).4p""","=""y 4G*""","=""9/2""",10,10,,"=""T4223""","=""""",
Co,2,"=""625.7002""","=""0.0004""","=""625.6999""","=""0.0003""","=""94""","=""1.6e+07""",C+,"=""95036.155""","=""111013.838""","=""3d7.(4F).5p""","=""5D*""","=""4""","=""3d7.(4F).5d""","=""5F""","=""5""",9,11,,"=""T6999""","=""L9429c118""",
Co,2,"=""628.004""","=""0.004""","=""628.0059""","=""0.0003""","=""22""","=""5.6e+06""",C+,"=""96236.594""","=""112155.608""","=""3d7.(4F).5p""","=""3G*""","=""5""","=""3d7.(4F).5d""","=""5H""","=""6""",11,13,,"=""T6999""","=""L4687c119""",
Co,1,"=""628.263""","=""""","=""628.264""","=""""","=""17""","=""1.9e+05""",C,"=""14036.28""","=""29948.76""","=""3p6.3d7.4s2""","=""a 4P""","=""3/2""","=""3p6.3d7.(4F).4s.4p.(3P*)""","=""z 4D*""","=""5/2""",4,6,,"=""T4223""","=""L3475""",
Co,1,"=""""","=""""","=""635.275""","=""""","=""""","=""4.8e+05""",D,"=""32464.73""","=""48201.60""","=""3p6.3d8.(3F).4p""","=""y 4G*""","=""9/2""","=""3p6.3d7.4s.(5F).5s""","=""f 4F""","=""7/2""",10,8,,"=""T4223""","=""""",
Co,2,"=""635.7711""","=""0.0003""","=""635.7695""","=""0.0012""","=""270""","=""4.0e+07""",C+,"=""96890.966""","=""112615.589""","=""3d7.(4F).5p""","=""5F*""","=""2""","=""3d7.(4F).5d""","=""5G""","=""3""",5,7,,"=""T6999""","=""L9429c118""",
Co,2,"=""637.17913""","=""0.00011""","=""637.17946""","=""0.00010""","=""55""","=""3.1e+07""",C+,"=""95456.047""","=""111145.875""","=""3d7.(4F).5p""","=""5F*""","=""5""","=""3d7.(4F).5d""","=""5F""","=""4""",11,9,,"=""T6999""","=""L9429c118""",
Co,2,"=""637.37856""","=""0.00009""","=""637.37856""","=""0.00012""","=""920""","=""6.4e+07""",C+,"=""95456.047""","=""111140.974""","=""3d7.(4F).5p""","=""5F*""","=""5""","=""3d7.(4F).5d""","=""5G""","=""6""",11,13,,"=""T6999""","=""L9429c118""",
Co,1,"=""""","=""""","=""638.666""","=""""","=""""","=""4.3e+05""",C+,"=""31871.15""","=""47524.47""","=""3p6.3d7.(4F).4s.4p.(3P*)""","=""z 2F*""","=""7/2""","=""3p6.3d7.4s.(5F).5s""","=""f 4F""","=""9/2""",8,10,,"=""T4223""","=""""",
Co,1,"=""""","=""""","=""641.778""","=""""","=""""","=""6.3e+04""",C,"=""18775.01""","=""34352.42""","=""3p6.3d8.(3P).4s""","=""a 2P""","=""1/2""","=""3p6.3d7.(4F).4s.4p.(3P*)""","=""z 2D*""","=""3/2""",2,4,,"=""T4223""","=""""",
Co,2,"=""642.58716""","=""0.00009""","=""642.58717""","=""0.00009""","=""900""","=""7.0e+07""",C+,"=""95456.047""","=""111013.838""","=""3d7.(4F).5p""","=""5F*""","=""5""","=""3d7.(4F).5d""","=""5F""","=""5""",11,11,,"=""T6999""","=""L9429c118""",
Co,1,"=""""","=""""","=""642.991""","=""""","=""""","=""1.0e+05""",D,"=""17233.68""","=""32781.71""","=""3p6.3d7.4s2""","=""a 2G""","=""7/2""","=""3p6.3d7.(4F).4s.4p.(3P*)""","=""z 2F*""","=""5/2""",8,6,,"=""T4223""","=""""",
Co,1,"=""""","=""""","=""643.029""","=""""","=""""","=""2.7e+06""",B,"=""32654.50""","=""48201.60""","=""3p6.3d8.(3F).4p""","=""y 4D*""","=""5/2""","=""3p6.3d7.4s.(5F).5s""","=""f 4F""","=""7/2""",6,8,,"=""T4223""","=""""",
Co,1,"=""""","=""""","=""644.467""","=""""","=""""","=""6.2e+05""",C+,"=""29269.73""","=""44782.13""","=""3p6.3d7.(4F).4s.4p.(3P*)""","=""z 4G*""","=""9/2""","=""3p6.3d8.(3F).5s""","=""e 4F""","=""9/2""",10,10,,"=""T4223""","=""""",
Co,1,"=""""","=""""","=""645.109""","=""""","=""""","=""2.7e+06""",B,"=""32027.50""","=""47524.47""","=""3p6.3d8.(3F).4p""","=""y 4D*""","=""7/2""","=""3p6.3d7.4s.(5F).5s""","=""f 4F""","=""9/2""",8,10,,"=""T4223""","=""""",
Co,1,"=""645.500""","=""""","=""645.499""","=""""","=""21""","=""9.0e+06""",B,"=""29294.52""","=""44782.13""","=""3p6.3d7.(4F).4s.4p.(3P*)""","=""z 4D*""","=""7/2""","=""3p6.3d8.(3F).5s""","=""e 4F""","=""9/2""",8,10,,"=""T4223""","=""L3475""",
Co,2,"=""646.5455""","=""0.0025""","=""646.5468""","=""0.0003""","=""46""","=""2.8e+06""",D,"=""95683.364""","=""111145.875""","=""3d7.(4F).5p""","=""5D*""","=""3""","=""3d7.(4F).5d""","=""5F""","=""4""",7,9,,"=""T6999""","=""L4687c119""",
Co,2,"=""646.6610""","=""0.0003""","=""646.66195""","=""0.00013""","=""160""","=""9.2e+06""",C+,"=""95976.579""","=""111436.337""","=""3d7.(4F).5p""","=""5F*""","=""4""","=""""","=""111436""","=""3""",9,7,,"=""T6999""","=""L9429c118""",
Co,1,"=""""","=""""","=""649.034""","=""""","=""""","=""6.0e+04""",C,"=""16467.90""","=""31871.15""","=""3p6.3d7.4s2""","=""a 2G""","=""9/2""","=""3p6.3d7.(4F).4s.4p.(3P*)""","=""z 2F*""","=""7/2""",10,8,,"=""T4223""","=""""",
Co,2,"=""650.29024""","=""0.00010""","=""650.29024""","=""0.00010""","=""450""","=""3.5e+07""",C+,"=""95976.579""","=""111350.080""","=""3d7.(4F).5p""","=""5F*""","=""4""","=""3d7.(4F).5d""","=""3G""","=""5""",9,11,,"=""T6999""","=""L9429c118""",
Co,1,"=""""","=""""","=""650.878""","=""""","=""""","=""5.4e+05""",C+,"=""32841.99""","=""48201.60""","=""3p6.3d8.(3F).4p""","=""y 4F*""","=""9/2""","=""3p6.3d7.4s.(5F).5s""","=""f 4F""","=""7/2""",10,8,,"=""T4223""","=""""",
Co,2,"=""651.935""","=""0.010""","=""651.94957""","=""0.00010""","=""6""","=""1.84e-01""",,"=""9812.860""","=""25147.233""","=""3d7.(4F).4s""","=""b 3F""","=""4""","=""3d7.(2G).4s""","=""b 1G""","=""4""",9,9,M1,"=""T6904""","=""L13469,L18001""",
Co,2,"=""652.21064""","=""0.00009""","=""652.20787""","=""0.00013""","=""830i""","=""7.5e+07""",C+,"=""96882.310""","=""112210.61""","=""3d7.(4F).5p""","=""5G*""","=""4""","=""3d7.(4F).5d""","=""5H""","=""5""",9,11,,"=""T6999""","=""L9429c118""",
Co,2,"=""653.87094""","=""0.00009""","=""653.8709""","=""0.0017""","=""1500bl(Co II)""","=""1.03e+08""",C+,"=""95998.735""","=""111288.049""","=""3d7.(4F).5p""","=""5G*""","=""6""","=""3d7.(4F).5d""","=""5H""","=""7""",13,15,,"=""T6999""","=""L9429c118""",
Co,2,"=""653.87205""","=""0.00011""","=""653.8728""","=""0.0003""","=""290bl(Co II)""","=""1.27e+07""",C+,"=""97628.434""","=""112917.704""","=""3d7.(4F).5p""","=""5G*""","=""2""","=""3d7.(4F).5d""","=""5G""","=""2""",5,5,,"=""T6999""","=""L9429c118""",
Co,2,"=""654.2737""","=""0.0004""","=""654.27363""","=""0.00021""","=""150""","=""2.4e+07""",C+,"=""97335.685""","=""112615.589""","=""3d7.(4F).5p""","=""5G*""","=""3""","=""3d7.(4F).5d""","=""5G""","=""3""",7,7,,"=""T6999""","=""L9429c118""",
Co,2,"=""654.76029""","=""0.00022""","=""654.7632""","=""0.0004""","=""96i""","=""2.1e+06""",D,"=""96942.130""","=""112210.61""","=""3d7.(4F).5p""","=""5G*""","=""5""","=""3d7.(4F).5d""","=""5H""","=""5""",11,11,,"=""T6999""","=""L9429c118""",
Co,1,"=""656.342""","=""""","=""656.340""","=""""","=""15""","=""2.1e+05""",C,"=""16467.90""","=""31699.69""","=""3p6.3d7.4s2""","=""a 2G""","=""9/2""","=""3p6.3d7.(4F).4s.4p.(3P*)""","=""z 2G*""","=""9/2""",10,10,,"=""T4223""","=""L3475""",
Co,2,"=""657.13050""","=""0.00010""","=""657.13038""","=""0.00010""","=""1100""","=""9.5e+07""",C+,"=""96942.130""","=""112155.608""","=""3d7.(4F).5p""","=""5G*""","=""5""","=""3d7.(4F).5d""","=""5H""","=""6""",11,13,,"=""T6999""","=""L9429c118""",
Co,3,"=""""","=""""","=""657.602""","=""0.009""","=""""","=""7.6e-02""",C,"=""0.00""","=""15202.56""","=""3d7""","=""a 4F""","=""9/2""","=""3d7""","=""a 4P""","=""5/2""",10,6,E2,"=""u37""","=""""",
Co,2,"=""657.62238""","=""0.00009""","=""657.62238""","=""0.00010""","=""1100""","=""9.6e+07""",C+,"=""96236.594""","=""111438.690""","=""3d7.(4F).5p""","=""3G*""","=""5""","=""3d7.(4F).5d""","=""3H""","=""6""",11,13,,"=""T6999""","=""L9429c118""",
Co,2,"=""659.0422""","=""0.0025""","=""659.04434""","=""0.00022""","=""120""","=""2.9e+07""",C+,"=""95976.579""","=""111145.875""","=""3d7.(4F).5p""","=""5F*""","=""4""","=""3d7.(4F).5d""","=""5F""","=""4""",9,9,,"=""T6999""","=""L4687c119""",
Co,2,"=""659.9838""","=""0.0025""","=""659.9811""","=""0.0004""","=""47""","=""1.7e+07""",C+,"=""97062.844""","=""112210.61""","=""3d7.(4F).5p""","=""3F*""","=""4""","=""3d7.(4F).5d""","=""5H""","=""5""",9,11,,"=""T6999""","=""L4687c119""",
Co,2,"=""660.22245""","=""0.00020""","=""660.22197""","=""0.00017""","=""440""","=""4.2e+07""",C+,"=""95998.735""","=""111140.974""","=""3d7.(4F).5p""","=""5G*""","=""6""","=""3d7.(4F).5d""","=""5G""","=""6""",13,13,,"=""T6999""","=""L9429c118""",
Co,2,"=""661.47808""","=""0.00012""","=""661.47803""","=""0.00009""","=""460""","=""3.9e+07""",C+,"=""96236.594""","=""111350.080""","=""3d7.(4F).5p""","=""3G*""","=""5""","=""3d7.(4F).5d""","=""3G""","=""5""",11,11,,"=""T6999""","=""L9429c118""",
Co,2,"=""662.16287""","=""0.00010""","=""662.16287""","=""0.00010""","=""680""","=""9.0e+07""",C+,"=""97705.056""","=""112802.911""","=""3d7.(4F).5p""","=""3G*""","=""4""","=""3d7.(4F).5d""","=""3H""","=""5""",9,11,,"=""T6999""","=""L9429c118""",
Co,1,"=""""","=""""","=""662.337""","=""""","=""""","=""3.9e+05""",C+,"=""32430.59""","=""47524.47""","=""3p6.3d8.(3F).4p""","=""y 4G*""","=""11/2""","=""3p6.3d7.4s.(5F).5s""","=""f 4F""","=""9/2""",12,10,,"=""T4223""","=""""",
Co,2,"=""662.8216""","=""0.0003""","=""662.8210""","=""0.0006""","=""360""","=""3.6e+07""",C+,"=""96942.130""","=""112024.995""","=""3d7.(4F).5p""","=""5G*""","=""5""","=""3d7.(4F).5d""","=""5G""","=""5""",11,11,,"=""T6999""","=""L9429c118""",
Co,1,"=""663.244""","=""""","=""663.243""","=""""","=""15""","=""2.5e+05""",C,"=""18389.57""","=""33462.83""","=""3p6.3d8.(3P).4s""","=""a 2P""","=""3/2""","=""3p6.3d7.(4F).4s.4p.(3P*)""","=""z 2D*""","=""5/2""",4,6,,"=""T4223""","=""L3475""",
Co,1,"=""""","=""""","=""663.839""","=""""","=""""","=""8.3e+04""",E,"=""32464.73""","=""47524.47""","=""3p6.3d8.(3F).4p""","=""y 4G*""","=""9/2""","=""3p6.3d7.4s.(5F).5s""","=""f 4F""","=""9/2""",10,10,,"=""T4223""","=""""",
Co,1,"=""""","=""""","=""664.403""","=""""","=""""","=""1.1e+05""",C,"=""29735.18""","=""44782.13""","=""3p6.3d7.(4F).4s.4p.(3P*)""","=""z 4G*""","=""7/2""","=""3p6.3d8.(3F).5s""","=""e 4F""","=""9/2""",8,10,,"=""T4223""","=""""",
Co,1,"=""""","=""""","=""665.230""","=""""","=""""","=""2.4e+05""",C,"=""33173.36""","=""48201.60""","=""3p6.3d8.(3F).4p""","=""*""","=""7/2""","=""3p6.3d7.4s.(5F).5s""","=""f 4F""","=""7/2""",8,8,,"=""T4223""","=""""",
Co,2,"=""665.8118""","=""0.0008""","=""665.81225""","=""0.00013""","=""180""","=""1.08e+07""",C+,"=""95998.735""","=""111013.838""","=""3d7.(4F).5p""","=""5G*""","=""6""","=""3d7.(4F).5d""","=""5F""","=""5""",13,11,,"=""T6999""","=""L9429c118""",
Co,2,"=""666.6406""","=""0.0004""","=""666.64103""","=""0.00022""","=""170""","=""7.7e+06""",C+,"=""98278.565""","=""113275.001""","=""3d7.(4F).5p""","=""3G*""","=""3""","=""3d7.(2H).4d""","=""3G""","=""4""",7,9,,"=""T6999""","=""L9429c118""",
Co,2,"=""667.57832""","=""0.00019""","=""667.57832""","=""0.00022""","=""190""","=""2.5e+05""",D,"=""98278.565""","=""113253.946""","=""3d7.(4F).5p""","=""3G*""","=""3""","=""3d7.(2D2).4d""","=""3F""","=""4""",7,9,,"=""T6999""","=""L9429c118""",
Co,1,"=""""","=""""","=""667.880""","=""""","=""""","=""1.6e+05""",D,"=""15774.04""","=""30742.65""","=""3p6.3d8.(3P).4s""","=""b 4P""","=""3/2""","=""3p6.3d7.(4F).4s.4p.(3P*)""","=""z 4D*""","=""1/2""",4,2,,"=""T4223""","=""""",
Co,2,"=""668.16928""","=""0.00016""","=""668.1686""","=""0.0006""","=""290""","=""1.7e+07""",C+,"=""97062.844""","=""112024.995""","=""3d7.(4F).5p""","=""3F*""","=""4""","=""3d7.(4F).5d""","=""5G""","=""5""",9,11,,"=""T6999""","=""L9429c118""",
Co,2,"=""669.6308""","=""0.0008""","=""669.6331""","=""0.0003""","=""180""","=""2.3e+07""",C+,"=""97496.428""","=""112425.857""","=""3d7.(4F).5p""","=""3D*""","=""3""","=""3d7.(4F).5d""","=""3D""","=""2""",7,5,,"=""T6999""","=""L9429c118""",
Co,1,"=""""","=""""","=""677.103""","=""""","=""""","=""2.6e+05""",C,"=""15184.04""","=""29948.76""","=""3p6.3d8.(3P).4s""","=""b 4P""","=""5/2""","=""3p6.3d7.(4F).4s.4p.(3P*)""","=""z 4D*""","=""5/2""",6,6,,"=""T4223""","=""""",
Co,1,"=""""","=""""","=""678.481""","=""""","=""""","=""6.4e+05""",C+,"=""33466.87""","=""48201.60""","=""3p6.3d8.(3F).4p""","=""*""","=""7/2""","=""3p6.3d7.4s.(5F).5s""","=""f 4F""","=""7/2""",8,8,,"=""T4223""","=""""",
Co,1,"=""""","=""""","=""680.896""","=""""","=""""","=""5.9e+05""",C+,"=""32841.99""","=""47524.47""","=""3p6.3d8.(3F).4p""","=""y 4F*""","=""9/2""","=""3p6.3d7.4s.(5F).5s""","=""f 4F""","=""9/2""",10,10,,"=""T4223""","=""""",
Co,1,"=""681.494""","=""""","=""681.494""","=""""","=""14""","=""4.5e+05""",C,"=""15774.04""","=""30443.63""","=""3p6.3d8.(3P).4s""","=""b 4P""","=""3/2""","=""3p6.3d7.(4F).4s.4p.(3P*)""","=""z 4D*""","=""3/2""",4,4,,"=""T4223""","=""L3475""",
Co,2,"=""683.3377""","=""0.0008""","=""683.3354""","=""0.0003""","=""160""","=""1.7e+06""",D,"=""98287.640""","=""112917.704""","=""3d7.(4F).5p""","=""3F*""","=""2""","=""3d7.(4F).5d""","=""5G""","=""2""",5,5,,"=""T6999""","=""L9429c118""",
Co,3,"=""""","=""""","=""684.910""","=""0.009""","=""""","=""6.9e-02""",C,"=""22721.42""","=""37317.85""","=""3d7""","=""a 2H""","=""11/2""","=""3d7""","=""a 2F""","=""7/2""",12,8,E2,"=""u37""","=""""",
Co,3,"=""""","=""""","=""685.343""","=""0.009""","=""""","=""4.3e-02""",C,"=""841.36""","=""15428.57""","=""3d7""","=""a 4F""","=""7/2""","=""3d7""","=""a 4P""","=""3/2""",8,4,E2,"=""u37""","=""""",
Co,1,"=""687.240""","=""""","=""687.239""","=""""","=""14""","=""1.0e+06""",D,"=""16195.68""","=""30742.65""","=""3p6.3d8.(3P).4s""","=""b 4P""","=""1/2""","=""3p6.3d7.(4F).4s.4p.(3P*)""","=""z 4D*""","=""1/2""",2,2,,"=""T4223""","=""L3475""",
Co,2,"=""689.206""","=""0.004""","=""689.2010""","=""0.0004""","=""17d""","=""5.8e+06""",C+,"=""97705.056""","=""112210.61""","=""3d7.(4F).5p""","=""3G*""","=""4""","=""3d7.(4F).5d""","=""5H""","=""5""",9,11,,"=""T6999""","=""L4687c119""",
Co,2,"=""689.630""","=""0.004""","=""689.6286""","=""0.0003""","=""17d""","=""4.5e+06""",C+,"=""96942.130""","=""111438.690""","=""3d7.(4F).5p""","=""5G*""","=""5""","=""3d7.(4F).5d""","=""3H""","=""6""",11,13,,"=""T6999""","=""L4687c119""",
Co,2,"=""692.392""","=""0.010""","=""692.38244""","=""0.00011""","=""2""","=""1.06e-01""",,"=""10708.331""","=""25147.233""","=""3d7.(4F).4s""","=""b 3F""","=""3""","=""3d7.(2G).4s""","=""b 1G""","=""4""",7,9,M1,"=""T6904""","=""L13469,L18001""",
Co,2,"=""693.229""","=""0.010""","=""693.2413""","=""0.0004""","=""8""","=""3.74e-02""",,"=""3350.494""","=""17771.507""","=""3d7.(4F).4s""","=""a 5F""","=""5""","=""3d7.(4P).4s""","=""a 5P""","=""3""",11,7,E2,"=""T6904""","=""L13469,L18001""",
Co,3,"=""""","=""""","=""696.129""","=""0.009""","=""""","=""2.0e-02""",C,"=""841.36""","=""15202.56""","=""3d7""","=""a 4F""","=""7/2""","=""3d7""","=""a 4P""","=""5/2""",8,6,M1+E2,"=""u37""","=""""",
Co,3,"=""""","=""""","=""696.136""","=""0.012""","=""""","=""3.1e-02""",C,"=""1451.33""","=""15812.37""","=""3d7""","=""a 4F""","=""5/2""","=""3d7""","=""a 4P""","=""1/2""",6,2,E2,"=""u37""","=""""",
Co,2,"=""699.7316""","=""0.0003""","=""699.7325""","=""0.0004""","=""140""","=""1.9e+07""",C+,"=""97062.844""","=""111350.080""","=""3d7.(4F).5p""","=""3F*""","=""4""","=""3d7.(4F).5d""","=""3G""","=""5""",9,11,,"=""T6999""","=""L9429c118""",
Co,3,"=""""","=""""","=""701.221""","=""0.008""","=""""","=""3.7e-02""",C+,"=""23060.95""","=""37317.85""","=""3d7""","=""a 2D2""","=""5/2""","=""3d7""","=""a 2F""","=""7/2""",6,8,M1+E2,"=""u37""","=""""",
Co,1,"=""""","=""""","=""701.662""","=""""","=""""","=""4.6e+05""",C,"=""16195.68""","=""30443.63""","=""3p6.3d8.(3P).4s""","=""b 4P""","=""1/2""","=""3p6.3d7.(4F).4s.4p.(3P*)""","=""z 4D*""","=""3/2""",2,4,,"=""T4223""","=""""",
Co,1,"=""705.289""","=""""","=""705.287""","=""""","=""21""","=""5.4e+05""",C,"=""15774.04""","=""29948.76""","=""3p6.3d8.(3P).4s""","=""b 4P""","=""3/2""","=""3p6.3d7.(4F).4s.4p.(3P*)""","=""z 4D*""","=""5/2""",4,6,,"=""T4223""","=""L3475""",
Co,1,"=""""","=""""","=""705.405""","=""""","=""""","=""6.6e+05""",C,"=""21920.09""","=""36092.44""","=""3p6.3d7.4s2""","=""b 2D""","=""5/2""","=""3p6.3d8.(3F).4p""","=""y 2D*""","=""5/2""",6,6,,"=""T4223""","=""""",
Co,2,"=""710.02""","=""0.03""","=""710.0289""","=""0.0003""","=""5i""","=""1.11e-02""",,"=""13404.321""","=""27484.373""","=""3d8""","=""a 3P""","=""1""","=""3d7.(2D2).4s""","=""a 3D""","=""3""",3,7,E2,"=""T6904""","=""L18001""",
Co,1,"=""""","=""""","=""710.637""","=""""","=""""","=""1.1e+05""",E,"=""34133.59""","=""48201.60""","=""3p6.3d8.(3F).4p""","=""y 2G*""","=""7/2""","=""3p6.3d7.4s.(5F).5s""","=""f 4F""","=""7/2""",8,8,,"=""T4223""","=""""",
Co,3,"=""""","=""""","=""715.252""","=""0.010""","=""""","=""2.5e-02""",C,"=""1451.33""","=""15428.57""","=""3d7""","=""a 4F""","=""5/2""","=""3d7""","=""a 4P""","=""3/2""",6,4,E2,"=""u37""","=""""",
Co,1,"=""""","=""""","=""715.467""","=""""","=""""","=""1.2e+05""",C,"=""16470.60""","=""30443.63""","=""3p6.3d8.(1D).4s""","=""a 2D""","=""3/2""","=""3p6.3d7.(4F).4s.4p.(3P*)""","=""z 4D*""","=""3/2""",4,4,,"=""T4223""","=""""",
Co,2,"=""715.7860""","=""0.0024""","=""715.7883""","=""0.0003""","=""220""","=""2.1e+06""",D,"=""96205.841""","=""110172.603""","=""3d7.(4F).5p""","=""5D*""","=""2""","=""3d7.(4F).6s""","=""3F""","=""3""",5,7,,"=""T6999""","=""L9429c118""",
Co,3,"=""""","=""""","=""716.060""","=""0.009""","=""""","=""2.6e-02""",C,"=""23060.95""","=""37022.42""","=""3d7""","=""a 2D2""","=""5/2""","=""3d7""","=""a 2F""","=""5/2""",6,6,M1+E2,"=""u37""","=""""",
Co,3,"=""""","=""""","=""716.912""","=""0.015""","=""""","=""4.1e-02""",C,"=""1867.50""","=""15812.37""","=""3d7""","=""a 4F""","=""3/2""","=""3d7""","=""a 4P""","=""1/2""",4,2,E2,"=""u37""","=""""",
Co,2,"=""726.6112""","=""0.0006""","=""726.6122""","=""0.0005""","=""360""","=""6.3e+06""",C+,"=""95683.364""","=""109442.072""","=""3d7.(4F).5p""","=""5D*""","=""3""","=""3d7.(4F).6s""","=""5F""","=""4""",7,9,,"=""T6999""","=""L9429c118""",
Co,3,"=""""","=""""","=""727.007""","=""0.010""","=""""","=""4.0e-03""",C,"=""1451.33""","=""15202.56""","=""3d7""","=""a 4F""","=""5/2""","=""3d7""","=""a 4P""","=""5/2""",6,6,M1+E2,"=""u37""","=""""",
Co,2,"=""727.47""","=""0.03""","=""727.46818""","=""0.00016""","=""2bl""","=""1.14e-02""",,"=""4028.988""","=""17771.507""","=""3d7.(4F).4s""","=""a 5F""","=""4""","=""3d7.(4P).4s""","=""a 5P""","=""3""",9,7,M1+E2,"=""T6904""","=""L18001""",
Co,1,"=""""","=""""","=""735.458""","=""""","=""""","=""3.3e+04""",C,"=""15184.04""","=""28777.27""","=""3p6.3d8.(3P).4s""","=""b 4P""","=""5/2""","=""3p6.3d7.(4F).4s.4p.(3P*)""","=""z 4F*""","=""7/2""",6,8,,"=""T4223""","=""""",
Co,3,"=""""","=""""","=""735.823""","=""0.010""","=""""","=""4.7e-02""",C,"=""23435.93""","=""37022.42""","=""3d7""","=""a 2H""","=""9/2""","=""3d7""","=""a 2F""","=""5/2""",10,6,E2,"=""u37""","=""""",
Co,3,"=""""","=""""","=""737.202""","=""0.012""","=""""","=""7.1e-03""",C,"=""1867.50""","=""15428.57""","=""3d7""","=""a 4F""","=""3/2""","=""3d7""","=""a 4P""","=""3/2""",4,4,E2,"=""u37""","=""""",
Co,1,"=""""","=""""","=""738.869""","=""""","=""""","=""3.4e+05""",D,"=""21920.09""","=""35450.56""","=""3p6.3d7.4s2""","=""b 2D""","=""5/2""","=""3p6.3d8.(3F).4p""","=""y 2F*""","=""7/2""",6,8,,"=""T4223""","=""""",
Co,1,"=""741.738""","=""""","=""741.737""","=""""","=""8""","=""1.7e+05""",C,"=""16470.60""","=""29948.76""","=""3p6.3d8.(1D).4s""","=""a 2D""","=""3/2""","=""3p6.3d7.(4F).4s.4p.(3P*)""","=""z 4D*""","=""5/2""",4,6,,"=""T4223""","=""L3475""",
Co,2,"=""742.4356""","=""0.0005""","=""742.4345""","=""0.0004""","=""200""","=""6.7e+06""",C+,"=""95976.579""","=""109442.072""","=""3d7.(4F).5p""","=""5F*""","=""4""","=""3d7.(4F).6s""","=""5F""","=""4""",9,9,,"=""T6999""","=""L9429c118""",
Co,2,"=""743.94101""","=""0.00016""","=""743.9418""","=""0.0004""","=""960""","=""1.7e+07""",C+,"=""95036.155""","=""108474.366""","=""3d7.(4F).5p""","=""5D*""","=""4""","=""3d7.(4F).6s""","=""5F""","=""5""",9,11,,"=""T6999""","=""L9429c118""",
Co,2,"=""747.135""","=""0.004""","=""747.13210""","=""0.00022""","=""24""","=""5.e+04""",D,"=""84586.868""","=""97967.697""","=""3d7.(4F).5s""","=""e 5F""","=""4""","=""3d7.(4F).5p""","=""3F*""","=""3""",9,7,,"=""T6999""","=""L4687c119""",
Co,2,"=""750.4087""","=""0.0003""","=""750.40954""","=""0.00023""","=""430""","=""8.6e+06""",C+,"=""96205.841""","=""109528.229""","=""3d7.(4F).5p""","=""5D*""","=""2""","=""3d7.(4F).6s""","=""5F""","=""3""",5,7,,"=""T6999""","=""L9429c118""",
Co,2,"=""758.2514""","=""0.0005""","=""758.2515""","=""0.0006""","=""200""","=""2.3e+07""",C+,"=""97153.739""","=""110338.346""","=""3d7.(4F).5p""","=""5F*""","=""1""","=""3d7.(4F).6s""","=""5F""","=""1""",3,3,,"=""T6999""","=""L9429c118""",
Co,1,"=""""","=""""","=""759.058""","=""""","=""""","=""3.4e+04""",E,"=""16778.16""","=""29948.76""","=""3p6.3d8.(1D).4s""","=""a 2D""","=""5/2""","=""3p6.3d7.(4F).4s.4p.(3P*)""","=""z 4D*""","=""5/2""",6,6,,"=""T4223""","=""""",
Co,1,"=""""","=""""","=""761.027""","=""""","=""""","=""4.4e+05""",D,"=""21215.90""","=""34352.42""","=""3p6.3d7.4s2""","=""b 2P""","=""1/2""","=""3p6.3d7.(4F).4s.4p.(3P*)""","=""z 2D*""","=""3/2""",2,4,,"=""T4223""","=""""",
Co,2,"=""761.02885""","=""0.00024""","=""761.02850""","=""0.00023""","=""300""","=""7.9e+06""",C+,"=""95683.364""","=""108819.860""","=""3d7.(4F).5p""","=""5D*""","=""3""","=""3d7.(4F).6s""","=""3F""","=""4""",7,9,,"=""T6999""","=""L9429c118""",
Co,2,"=""761.29306""","=""0.00022""","=""761.2913""","=""0.0017""","=""360i""","=""2.0e+07""",C+,"=""96890.966""","=""110022.927""","=""3d7.(4F).5p""","=""5F*""","=""2""","=""3d7.(4F).6s""","=""5F""","=""2""",5,5,,"=""T6999""","=""L9429c118""",
Co,2,"=""761.989""","=""0.004""","=""761.9856""","=""0.0003""","=""17""","=""2.3e+06""",D,"=""85167.645""","=""98287.640""","=""3d7.(4F).5s""","=""e 5F""","=""3""","=""3d7.(4F).5p""","=""3F*""","=""2""",7,5,,"=""T6999""","=""L4687c119""",
Co,2,"=""762.093""","=""0.004""","=""762.09061""","=""0.00023""","=""17""","=""3.5e+05""",D,"=""84586.868""","=""97705.056""","=""3d7.(4F).5s""","=""e 5F""","=""4""","=""3d7.(4F).5p""","=""3G*""","=""4""",9,9,,"=""T6999""","=""L4687c119""",
Co,2,"=""762.521""","=""0.004""","=""762.5131""","=""0.0005""","=""17""","=""1.2e+05""",D,"=""85167.645""","=""98278.565""","=""3d7.(4F).5s""","=""e 5F""","=""3""","=""3d7.(4F).5p""","=""3G*""","=""3""",7,7,,"=""T6999""","=""L4687c119""",
Co,2,"=""767.12343""","=""0.00014""","=""767.12336""","=""0.00012""","=""440""","=""2.2e+07""",C+,"=""96496.103""","=""109528.229""","=""3d7.(4F).5p""","=""5F*""","=""3""","=""3d7.(4F).6s""","=""5F""","=""3""",7,7,,"=""T6999""","=""L9429c118""",
Co,2,"=""767.93685""","=""0.00013""","=""767.93696""","=""0.00010""","=""960""","=""3.5e+07""",C+,"=""95456.047""","=""108474.366""","=""3d7.(4F).5p""","=""5F*""","=""5""","=""3d7.(4F).6s""","=""5F""","=""5""",11,11,,"=""T6999""","=""L9429c118""",
Co,1,"=""771.268""","=""""","=""771.266""","=""""","=""8""","=""5.0e+05""",C,"=""20500.71""","=""33462.83""","=""3p6.3d7.4s2""","=""b 2P""","=""3/2""","=""3p6.3d7.(4F).4s.4p.(3P*)""","=""z 2D*""","=""5/2""",4,6,,"=""T4223""","=""L3475""",
Co,2,"=""773.303""","=""0.004""","=""773.3051""","=""0.0004""","=""23d""","=""5.0e+05""",D,"=""84014.181""","=""96942.130""","=""3d7.(4F).5s""","=""e 5F""","=""5""","=""3d7.(4F).5p""","=""5G*""","=""5""",11,11,,"=""T6999""","=""L4687c119""",
Co,1,"=""""","=""""","=""774.321""","=""""","=""""","=""9.9e+05""",C,"=""31871.15""","=""44782.13""","=""3p6.3d7.(4F).4s.4p.(3P*)""","=""z 2F*""","=""7/2""","=""3p6.3d8.(3F).5s""","=""e 4F""","=""9/2""",8,10,,"=""T4223""","=""""",
Co,2,"=""774.4044""","=""0.0025""","=""774.40662""","=""0.00018""","=""230""","=""8.2e+06""",C+,"=""84586.868""","=""97496.428""","=""3d7.(4F).5s""","=""e 5F""","=""4""","=""3d7.(4F).5p""","=""3D*""","=""3""",9,7,,"=""T6999""","=""L4687c119""",
Co,2,"=""776.8325""","=""0.0015""","=""776.8360""","=""0.0005""","=""86""","=""6.2e+06""",C+,"=""97153.739""","=""110022.927""","=""3d7.(4F).5p""","=""5F*""","=""1""","=""3d7.(4F).6s""","=""5F""","=""2""",3,5,,"=""T6999""","=""L9429c118""",
Co,2,"=""778.40324""","=""0.00014""","=""778.40305""","=""0.00014""","=""370""","=""2.2e+07""",C+,"=""95976.579""","=""108819.860""","=""3d7.(4F).5p""","=""5F*""","=""4""","=""3d7.(4F).6s""","=""3F""","=""4""",9,9,,"=""T6999""","=""L9429c118""",
Co,3,"=""""","=""""","=""782.036""","=""0.012""","=""""","=""1.6e-02""",C,"=""24238.81""","=""37022.42""","=""3d7""","=""a 2D2""","=""3/2""","=""3d7""","=""a 2F""","=""5/2""",4,6,M1+E2,"=""u37""","=""""",
Co,1,"=""""","=""""","=""783.813""","=""""","=""""","=""5.4e+06""",B,"=""32027.50""","=""44782.13""","=""3p6.3d8.(3F).4p""","=""y 4D*""","=""7/2""","=""3p6.3d8.(3F).5s""","=""e 4F""","=""9/2""",8,10,,"=""T4223""","=""""",
Co,2,"=""786.5711""","=""0.0004""","=""786.5711""","=""0.0003""","=""280""","=""4.7e+07""",C+,"=""97628.434""","=""110338.346""","=""3d7.(4F).5p""","=""5G*""","=""2""","=""3d7.(4F).6s""","=""5F""","=""1""",5,3,,"=""T6999""","=""L9429c118""",
Co,2,"=""787.97654""","=""0.00015""","=""787.97659""","=""0.00014""","=""370""","=""3.7e+07""",C+,"=""97335.685""","=""110022.927""","=""3d7.(4F).5p""","=""5G*""","=""3""","=""3d7.(4F).6s""","=""5F""","=""2""",7,5,,"=""T6999""","=""L9429c118""",
Co,2,"=""790.55260""","=""0.00014""","=""790.5515""","=""0.0004""","=""470bl(Co I)""","=""3.3e+07""",C+,"=""96882.310""","=""109528.229""","=""3d7.(4F).5p""","=""5G*""","=""4""","=""3d7.(4F).6s""","=""5F""","=""3""",9,7,,"=""T6999""","=""L9429c118""",
Co,2,"=""791.0951""","=""0.0005""","=""791.0930""","=""0.0019""","=""66""","=""5.8e+06""",C+,"=""96890.966""","=""109528.229""","=""3d7.(4F).5p""","=""5F*""","=""2""","=""3d7.(4F).6s""","=""5F""","=""3""",5,7,,"=""T6999""","=""L9429c118""",
Co,2,"=""794.48803""","=""0.00014""","=""794.48770""","=""0.00019""","=""500""","=""3.7e+07""",C+,"=""96236.594""","=""108819.860""","=""3d7.(4F).5p""","=""3G*""","=""5""","=""3d7.(4F).6s""","=""3F""","=""4""",11,9,,"=""T6999""","=""L9429c118""",
Co,2,"=""797.3943""","=""0.0025""","=""797.3935""","=""0.0003""","=""330""","=""2.9e+06""",C+,"=""85167.645""","=""97705.056""","=""3d7.(4F).5s""","=""e 5F""","=""3""","=""3d7.(4F).5p""","=""3G*""","=""4""",7,9,,"=""T6999""","=""L4687c119""",
Co,2,"=""799.78382""","=""0.00013""","=""799.78374""","=""0.00013""","=""510""","=""3.6e+07""",C+,"=""96942.130""","=""109442.072""","=""3d7.(4F).5p""","=""5G*""","=""5""","=""3d7.(4F).6s""","=""5F""","=""4""",11,9,,"=""T6999""","=""L9429c118""",
Co,2,"=""800.6776""","=""0.0025""","=""800.67628""","=""0.00015""","=""110""","=""7.6e+06""",C+,"=""85481.689""","=""97967.697""","=""3d7.(4F).5s""","=""e 3F""","=""4""","=""3d7.(4F).5p""","=""3F*""","=""3""",9,7,,"=""T6999""","=""L4687c119""",
Co,2,"=""801.34235""","=""0.00013""","=""801.34227""","=""0.00011""","=""760""","=""3.7e+07""",C+,"=""95998.735""","=""108474.366""","=""3d7.(4F).5p""","=""5G*""","=""6""","=""3d7.(4F).6s""","=""5F""","=""5""",13,11,,"=""T6999""","=""L9429c118""",
Co,2,"=""801.8630""","=""0.0003""","=""801.86187""","=""0.00019""","=""88""","=""3.8e+07""",C+,"=""97705.056""","=""110172.603""","=""3d7.(4F).5p""","=""3G*""","=""4""","=""3d7.(4F).6s""","=""3F""","=""3""",9,7,,"=""T6999""","=""L9429c118""",
Co,2,"=""804.9312""","=""0.0003""","=""804.9315""","=""0.0003""","=""240""","=""3.8e+07""",C+,"=""98278.565""","=""110698.567""","=""3d7.(4F).5p""","=""3G*""","=""3""","=""3d7.(4F).6s""","=""3F""","=""2""",7,5,,"=""T6999""","=""L9429c118""",
Co,2,"=""807.58249""","=""0.00016""","=""807.58274""","=""0.00014""","=""340""","=""1.7e+07""",C+,"=""97062.844""","=""109442.072""","=""3d7.(4F).5p""","=""3F*""","=""4""","=""3d7.(4F).6s""","=""5F""","=""4""",9,9,,"=""T6999""","=""L9429c118""",
Co,2,"=""809.1506""","=""0.0005""","=""809.1493""","=""0.0005""","=""370""","=""8.8e+06""",C+,"=""84586.868""","=""96942.130""","=""3d7.(4F).5s""","=""e 5F""","=""4""","=""3d7.(4F).5p""","=""5G*""","=""5""",9,11,,"=""T6999""","=""L9429c118""",
Co,1,"=""809.396""","=""""","=""809.393""","=""""","=""9""","=""2.0e+07""",B,"=""32430.59""","=""44782.13""","=""3p6.3d8.(3F).4p""","=""y 4G*""","=""11/2""","=""3p6.3d8.(3F).5s""","=""e 4F""","=""9/2""",12,10,,"=""T4223""","=""L3475""",
Co,2,"=""811.7815""","=""0.0005""","=""811.7826""","=""0.0004""","=""43""","=""7.e+04""",D,"=""99235.161""","=""111550.344""","=""3d7.(4P).5s""","=""5P""","=""2""","=""3d7.(4F<5/2>).4f""","=""2[7/2]*""","=""3""",5,7,,"=""T6999""","=""L9429c118""",
Co,2,"=""812.6614""","=""0.0020""","=""812.66500""","=""0.00020""","=""150""","=""1.6e+07""",C+,"=""86346.705""","=""98648.516""","=""3d7.(4F).5s""","=""e 3F""","=""3""","=""3d7.(4F).5p""","=""3D*""","=""2""",7,5,,"=""T6999""","=""L9429c118""",
Co,2,"=""813.0858""","=""0.0025""","=""813.08596""","=""0.00020""","=""63""","=""3.2e+06""",C+,"=""84586.868""","=""96882.310""","=""3d7.(4F).5s""","=""e 5F""","=""4""","=""3d7.(4F).5p""","=""5G*""","=""4""",9,9,,"=""T6999""","=""L4687c119""",
Co,2,"=""819.11720""","=""0.00023""","=""819.1175""","=""0.0003""","=""220""","=""2.1e+07""",C+,"=""97967.697""","=""110172.603""","=""3d7.(4F).5p""","=""3F*""","=""3""","=""3d7.(4F).6s""","=""3F""","=""3""",7,7,,"=""T6999""","=""L9429c118""",
Co,2,"=""821.5998""","=""0.0025""","=""821.59918""","=""0.00020""","=""100""","=""5.7e+06""",C+,"=""85167.645""","=""97335.685""","=""3d7.(4F).5s""","=""e 5F""","=""3""","=""3d7.(4F).5p""","=""5G*""","=""3""",7,7,,"=""T6999""","=""L4687c119""",
Co,2,"=""829.6453""","=""0.0010""","=""829.6440""","=""0.0003""","=""110""","=""1.8e+07""",C+,"=""98648.516""","=""110698.567""","=""3d7.(4F).5p""","=""3D*""","=""2""","=""3d7.(4F).6s""","=""3F""","=""2""",5,5,,"=""T6999""","=""L9429c118""",
Co,2,"=""830.868""","=""0.004""","=""830.8704""","=""0.0003""","=""20""","=""5.3e+06""",C+,"=""85596.170""","=""97628.434""","=""3d7.(4F).5s""","=""e 5F""","=""2""","=""3d7.(4F).5p""","=""5G*""","=""2""",5,5,,"=""T6999""","=""L4687c119""",
Co,2,"=""832.08244""","=""0.00015""","=""832.08235""","=""0.00011""","=""930""","=""3.0e+07""",C+,"=""85481.689""","=""97496.428""","=""3d7.(4F).5s""","=""e 3F""","=""4""","=""3d7.(4F).5p""","=""3D*""","=""3""",9,7,,"=""T6999""","=""L9429c118""",
Co,2,"=""834.17832""","=""0.00014""","=""834.17809""","=""0.00016""","=""2400""","=""4.7e+07""",C+,"=""84014.181""","=""95998.735""","=""3d7.(4F).5s""","=""e 5F""","=""5""","=""3d7.(4F).5p""","=""5G*""","=""6""",11,13,,"=""T6999""","=""L9429c118""",
Co,2,"=""834.2587""","=""0.0007""","=""834.25863""","=""0.00021""","=""52""","=""1.6e+07""",C+,"=""99022.528""","=""111005.925""","=""3d7.(4P).5s""","=""5P""","=""3""","=""3d7.(4P).5p""","=""5D*""","=""3""",7,7,,"=""T6999""","=""L9429c118""",
Co,2,"=""835.1465""","=""0.0004""","=""835.1462""","=""0.0003""","=""190""","=""1.7e+07""",C+,"=""99022.528""","=""110993.189""","=""3d7.(4P).5s""","=""5P""","=""3""","=""3d7.(4P).5p""","=""5D*""","=""4""",7,9,,"=""T6999""","=""L9429c118""",
Co,2,"=""835.7245""","=""0.0025""","=""835.72311""","=""0.00021""","=""57""","=""4.6e+06""",C+,"=""84014.181""","=""95976.579""","=""3d7.(4F).5s""","=""e 5F""","=""5""","=""3d7.(4F).5p""","=""5F*""","=""4""",11,9,,"=""T6999""","=""L4687c119""",
Co,2,"=""836.89574""","=""0.00022""","=""836.8952""","=""0.0004""","=""120""","=""5.7e+06""",C+,"=""97496.428""","=""109442.072""","=""3d7.(4F).5p""","=""3D*""","=""3""","=""3d7.(4F).6s""","=""5F""","=""4""",7,9,,"=""T6999""","=""L9429c118""",
Co,2,"=""837.22473""","=""0.00025""","=""837.22527""","=""0.00017""","=""340""","=""2.1e+07""",C+,"=""86346.705""","=""98287.640""","=""3d7.(4F).5s""","=""e 3F""","=""3""","=""3d7.(4F).5p""","=""3F*""","=""2""",7,5,,"=""T6999""","=""L9429c118""",
Co,1,"=""837.284""","=""""","=""837.281""","=""""","=""9""","=""8.7e+06""",B,"=""32841.99""","=""44782.13""","=""3p6.3d8.(3F).4p""","=""y 4F*""","=""9/2""","=""3p6.3d8.(3F).5s""","=""e 4F""","=""9/2""",10,10,,"=""T4223""","=""L3475""",
Co,2,"=""839.4575""","=""0.0025""","=""839.4538""","=""0.0004""","=""94""","=""9.3e+06""",C+,"=""84586.868""","=""96496.103""","=""3d7.(4F).5s""","=""e 5F""","=""4""","=""3d7.(4F).5p""","=""5F*""","=""3""",9,7,,"=""T6999""","=""L4687c119""",
Co,2,"=""839.7290""","=""0.0005""","=""839.73007""","=""0.00021""","=""62""","=""1.22e+07""",C+,"=""99022.528""","=""110927.845""","=""3d7.(4P).5s""","=""5P""","=""3""","=""3d7.(4F<7/2>).4f""","=""2[9/2]*""","=""4""",7,9,,"=""T6999""","=""L9429c118""",
Co,2,"=""840.4460""","=""0.0025""","=""840.4443""","=""0.0004""","=""94""","=""5.2e+06""",C+,"=""85167.645""","=""97062.844""","=""3d7.(4F).5s""","=""e 5F""","=""3""","=""3d7.(4F).5p""","=""3F*""","=""4""",7,9,,"=""T6999""","=""L4687c119""",
Co,2,"=""841.1680""","=""0.0004""","=""841.16819""","=""0.00021""","=""93""","=""9.0e+06""",C+,"=""98287.640""","=""110172.603""","=""3d7.(4F).5p""","=""3F*""","=""2""","=""3d7.(4F).6s""","=""3F""","=""3""",5,7,,"=""T6999""","=""L9429c118""",
Co,2,"=""843.355""","=""0.005""","=""843.36564""","=""0.00017""","=""13d""","=""5.0e+05""",D,"=""85481.689""","=""97335.685""","=""3d7.(4F).5s""","=""e 3F""","=""4""","=""3d7.(4F).5p""","=""5G*""","=""3""",9,7,,"=""T6999""","=""L4687c119""",
Co,2,"=""849.3300""","=""0.0006""","=""849.3292""","=""0.0003""","=""72""","=""1.5e+07""",C+,"=""99235.161""","=""111005.925""","=""3d7.(4P).5s""","=""5P""","=""2""","=""3d7.(4P).5p""","=""5D*""","=""3""",5,7,,"=""T6999""","=""L9429c118""",
Co,2,"=""850.3212""","=""0.0005""","=""850.3223""","=""0.0004""","=""92""","=""7.4e+06""",C+,"=""97062.844""","=""108819.860""","=""3d7.(4F).5p""","=""3F*""","=""4""","=""3d7.(4F).6s""","=""3F""","=""4""",9,9,,"=""T6999""","=""L9429c118""",
Co,2,"=""850.6750""","=""0.0005""","=""850.6735""","=""0.0004""","=""170""","=""3.7e+07""",C+,"=""85876.271""","=""97628.434""","=""3d7.(4F).5s""","=""e 5F""","=""1""","=""3d7.(4F).5p""","=""5G*""","=""2""",3,5,,"=""T6999""","=""L9429c118""",
Co,2,"=""851.5901""","=""0.0004""","=""851.5900""","=""0.0004""","=""91""","=""3.5e+07""",C+,"=""85596.170""","=""97335.685""","=""3d7.(4F).5s""","=""e 5F""","=""2""","=""3d7.(4F).5p""","=""5G*""","=""3""",5,7,,"=""T6999""","=""L9429c118""",
Co,2,"=""852.7669""","=""0.0009""","=""852.7663""","=""0.0018""","=""130""","=""1.28e+07""",C+,"=""85167.645""","=""96890.966""","=""3d7.(4F).5s""","=""e 5F""","=""3""","=""3d7.(4F).5p""","=""5F*""","=""2""",7,5,,"=""T6999""","=""L9429c118""",
Co,2,"=""853.39638""","=""0.00016""","=""853.39644""","=""0.00022""","=""1100""","=""3.3e+07""",C+,"=""85167.645""","=""96882.310""","=""3d7.(4F).5s""","=""e 5F""","=""3""","=""3d7.(4F).5p""","=""5G*""","=""4""",7,9,,"=""T6999""","=""L9429c118""",
Co,2,"=""853.853""","=""0.003""","=""853.8556""","=""0.0006""","=""61bl""","=""2.9e+07""",C+,"=""86940.150""","=""98648.516""","=""3d7.(4F).5s""","=""e 3F""","=""2""","=""3d7.(4F).5p""","=""3D*""","=""2""",5,5,,"=""T6999""","=""L9429c118""",
Co,2,"=""858.15349""","=""0.00015""","=""858.15354""","=""0.00012""","=""1600""","=""3.5e+07""",C+,"=""84586.868""","=""96236.594""","=""3d7.(4F).5s""","=""e 5F""","=""4""","=""3d7.(4F).5p""","=""3G*""","=""5""",9,11,,"=""T6999""","=""L9429c118""",
Co,2,"=""860.27447""","=""0.00024""","=""860.27542""","=""0.00022""","=""820""","=""3.2e+07""",C+,"=""86346.705""","=""97967.697""","=""3d7.(4F).5s""","=""e 3F""","=""3""","=""3d7.(4F).5p""","=""3F*""","=""3""",7,7,,"=""T6999""","=""L9429c118""",
Co,2,"=""863.23471""","=""0.00016""","=""863.2346""","=""0.0003""","=""1300""","=""3.4e+07""",C+,"=""85481.689""","=""97062.844""","=""3d7.(4F).5s""","=""e 3F""","=""4""","=""3d7.(4F).5p""","=""3F*""","=""4""",9,9,,"=""T6999""","=""L9429c118""",
Co,2,"=""864.7738""","=""0.0020""","=""864.77456""","=""0.00022""","=""42""","=""4.5e+05""",D,"=""97967.697""","=""109528.229""","=""3d7.(4F).5p""","=""3F*""","=""3""","=""3d7.(4F).6s""","=""5F""","=""3""",7,7,,"=""T6999""","=""L9429c118""",
Co,2,"=""864.995""","=""0.004""","=""864.9963""","=""0.0009""","=""16""","=""1.36e+07""",C+,"=""85596.170""","=""97153.739""","=""3d7.(4F).5s""","=""e 5F""","=""2""","=""3d7.(4F).5p""","=""5F*""","=""1""",5,3,,"=""T6999""","=""L4687c119""",
Co,2,"=""871.2611""","=""0.0025""","=""871.2679""","=""0.0004""","=""32""","=""2.1e+06""",C+,"=""97967.697""","=""109442.072""","=""3d7.(4F).5p""","=""3F*""","=""3""","=""3d7.(4F).6s""","=""5F""","=""4""",7,9,,"=""T6999""","=""L4687c119""",
Co,2,"=""872.32820""","=""0.00019""","=""872.3272""","=""0.0003""","=""140bl""","=""3.4e+07""",C+,"=""85481.689""","=""96942.130""","=""3d7.(4F).5s""","=""e 3F""","=""4""","=""3d7.(4F).5p""","=""5G*""","=""5""",9,11,,"=""T6999""","=""L9429c118""",
Co,2,"=""873.7440""","=""0.0003""","=""873.74336""","=""0.00023""","=""1900""","=""4.0e+07""",C+,"=""84014.181""","=""95456.047""","=""3d7.(4F).5s""","=""e 5F""","=""5""","=""3d7.(4F).5p""","=""5F*""","=""5""",11,11,,"=""T6999""","=""L9429c118""",
Co,2,"=""876.9059""","=""0.0024""","=""876.9044""","=""0.0004""","=""160""","=""2.0e+06""",C+,"=""85481.689""","=""96882.310""","=""3d7.(4F).5s""","=""e 3F""","=""4""","=""3d7.(4F).5p""","=""5G*""","=""4""",9,9,,"=""T6999""","=""L9429c118""",
Co,2,"=""877.74445""","=""0.00017""","=""877.74436""","=""0.00011""","=""1200""","=""3.2e+07""",C+,"=""84586.868""","=""95976.579""","=""3d7.(4F).5s""","=""e 5F""","=""4""","=""3d7.(4F).5p""","=""5F*""","=""4""",9,9,,"=""T6999""","=""L9429c118""",
Co,2,"=""880.16851""","=""0.00021""","=""880.16779""","=""0.00023""","=""120""","=""3.8e+07""",C+,"=""86346.705""","=""97705.056""","=""3d7.(4F).5s""","=""e 3F""","=""3""","=""3d7.(4F).5p""","=""3G*""","=""4""",7,9,,"=""T6999""","=""L9429c118""",
Co,2,"=""881.0090""","=""0.0024""","=""881.0102""","=""0.0005""","=""160""","=""1.23e+07""",C+,"=""86940.150""","=""98287.640""","=""3d7.(4F).5s""","=""e 3F""","=""2""","=""3d7.(4F).5p""","=""3F*""","=""2""",5,5,,"=""T6999""","=""L9429c118""",
Co,2,"=""881.7134""","=""0.0006""","=""881.7154""","=""0.0004""","=""890""","=""3.7e+07""",C+,"=""86940.150""","=""98278.565""","=""3d7.(4F).5s""","=""e 3F""","=""2""","=""3d7.(4F).5p""","=""3G*""","=""3""",5,7,,"=""T6999""","=""L9429c118""",
Co,2,"=""882.4912""","=""0.0003""","=""882.4903""","=""0.0004""","=""580""","=""2.6e+07""",C+,"=""85167.645""","=""96496.103""","=""3d7.(4F).5s""","=""e 5F""","=""3""","=""3d7.(4F).5p""","=""5F*""","=""3""",7,7,,"=""T6999""","=""L9429c118""",
Co,2,"=""882.8811""","=""0.0005""","=""882.88205""","=""0.00017""","=""78""","=""7.4e+06""",C+,"=""97496.428""","=""108819.860""","=""3d7.(4F).5p""","=""3D*""","=""3""","=""3d7.(4F).6s""","=""3F""","=""4""",7,9,,"=""T6999""","=""L9429c118""",
Co,1,"=""""","=""""","=""883.520""","=""""","=""""","=""4.3e+05""",C,"=""33466.87""","=""44782.13""","=""3p6.3d8.(3F).4p""","=""*""","=""7/2""","=""3p6.3d8.(3F).5s""","=""e 4F""","=""9/2""",8,10,,"=""T4223""","=""""",
Co,2,"=""885.1186""","=""0.0005""","=""885.1205""","=""0.0024""","=""400""","=""2.3e+07""",C+,"=""85596.170""","=""96890.966""","=""3d7.(4F).5s""","=""e 5F""","=""2""","=""3d7.(4F).5p""","=""5F*""","=""2""",5,5,,"=""T6999""","=""L9429c118""",
Co,2,"=""886.4781""","=""0.0024""","=""886.4805""","=""0.0007""","=""250""","=""2.5e+07""",C+,"=""85876.271""","=""97153.739""","=""3d7.(4F).5s""","=""e 5F""","=""1""","=""3d7.(4F).5p""","=""5F*""","=""1""",3,3,,"=""T6999""","=""L9429c118""",
Co,2,"=""887.0758""","=""0.0020""","=""887.0745""","=""0.0005""","=""22""","=""1.20e+07""",C+,"=""100596.386""","=""111866.302""","=""3d7.(4P).5s""","=""3P""","=""1""","=""3d7.(4P).5p""","=""3D*""","=""2""",3,5,,"=""T6999""","=""L9429c118""",
Co,1,"=""""","=""""","=""892.624""","=""""","=""""","=""2.0e+05""",D,"=""23152.57""","=""34352.42""","=""3p6.3d7.4s2""","=""b 2D""","=""3/2""","=""3p6.3d7.(4F).4s.4p.(3P*)""","=""z 2D*""","=""3/2""",4,4,,"=""T4223""","=""""",
Co,2,"=""896.6365""","=""0.0010""","=""896.63711""","=""0.00024""","=""5""","=""2.3e+06""",C+,"=""86346.705""","=""97496.428""","=""3d7.(4F).5s""","=""e 3F""","=""3""","=""3d7.(4F).5p""","=""3D*""","=""3""",7,7,,"=""T6999""","=""L9429c118""",
Co,2,"=""899.4563""","=""0.0018""","=""899.45406""","=""0.00024""","=""5""","=""2.0e+05""",D,"=""97705.056""","=""108819.860""","=""3d7.(4F).5p""","=""3G*""","=""4""","=""3d7.(4F).6s""","=""3F""","=""4""",9,9,,"=""T6999""","=""L9429c118""",
Co,2,"=""900.9382""","=""0.0003""","=""900.93806""","=""0.00024""","=""29""","=""1.8e+07""",C+,"=""84586.868""","=""95683.364""","=""3d7.(4F).5s""","=""e 5F""","=""4""","=""3d7.(4F).5p""","=""5D*""","=""3""",9,7,,"=""T6999""","=""L9429c118""",
Co,2,"=""905.6962""","=""0.0003""","=""905.6965""","=""0.0003""","=""28""","=""1.45e+07""",C+,"=""85167.645""","=""96205.841""","=""3d7.(4F).5s""","=""e 5F""","=""3""","=""3d7.(4F).5p""","=""5D*""","=""2""",7,5,,"=""T6999""","=""L9429c118""",
Co,2,"=""906.5684""","=""0.0010""","=""906.5711""","=""0.0007""","=""7""","=""2.3e+06""",C+,"=""86940.150""","=""97967.697""","=""3d7.(4F).5s""","=""e 3F""","=""2""","=""3d7.(4F).5p""","=""3F*""","=""3""",5,7,,"=""T6999""","=""L9429c118""",
Co,2,"=""907.0296""","=""0.0003""","=""907.0295""","=""0.0007""","=""81""","=""2.1e+07""",C+,"=""84014.181""","=""95036.155""","=""3d7.(4F).5s""","=""e 5F""","=""5""","=""3d7.(4F).5p""","=""5D*""","=""4""",11,9,,"=""T6999""","=""L9429c118""",
Co,2,"=""907.6264""","=""0.0005""","=""907.6289""","=""0.0025""","=""6""","=""2.2e+06""",D,"=""85876.271""","=""96890.966""","=""3d7.(4F).5s""","=""e 5F""","=""1""","=""3d7.(4F).5p""","=""5F*""","=""2""",3,5,,"=""T6999""","=""L9429c118""",
Co,2,"=""917.1841""","=""0.0003""","=""917.1851""","=""0.0003""","=""7""","=""1.4e+06""",D,"=""85596.170""","=""96496.103""","=""3d7.(4F).5s""","=""e 5F""","=""2""","=""3d7.(4F).5p""","=""5F*""","=""3""",5,7,,"=""T6999""","=""L9429c118""",
Co,2,"=""917.6013""","=""0.0005""","=""917.6001""","=""0.0005""","=""3""","=""1.3e+04""",E,"=""99235.161""","=""110130.164""","=""3d7.(4P).5s""","=""5P""","=""2""","=""3d7.(4F<9/2>).4f""","=""2[7/2]*""","=""3""",5,7,,"=""T6999""","=""L9429c118""",
Co,2,"=""917.8178""","=""0.0003""","=""917.8199""","=""0.0003""","=""13i""","=""6.e+05""",D,"=""97496.428""","=""108388.822""","=""3d7.(4F).5p""","=""3D*""","=""3""","=""3d7.(2G).4d""","=""3H""","=""4""",7,9,,"=""T6999""","=""L9429c118""",
Co,2,"=""918.88948""","=""0.00020""","=""918.88971""","=""0.00018""","=""26""","=""2.4e+05""",D,"=""98648.516""","=""109528.229""","=""3d7.(4F).5p""","=""3D*""","=""2""","=""3d7.(4F).6s""","=""5F""","=""3""",5,7,,"=""T6999""","=""L9429c118""",
Co,2,"=""919.780""","=""0.004""","=""919.7803""","=""0.0004""","=""8""","=""8.e+04""",D,"=""84586.868""","=""95456.047""","=""3d7.(4F).5s""","=""e 5F""","=""4""","=""3d7.(4F).5p""","=""5F*""","=""5""",9,11,,"=""T6999""","=""L4687c119""",
Co,2,"=""921.2213""","=""0.0003""","=""921.2225""","=""0.0003""","=""17""","=""1.7e+05""",D,"=""97967.697""","=""108819.860""","=""3d7.(4F).5p""","=""3F*""","=""3""","=""3d7.(4F).6s""","=""3F""","=""4""",7,9,,"=""T6999""","=""L9429c118""",
Co,2,"=""924.9053""","=""0.0003""","=""924.90680""","=""0.00016""","=""4""","=""6.e+05""",D,"=""85167.645""","=""95976.579""","=""3d7.(4F).5s""","=""e 5F""","=""3""","=""3d7.(4F).5p""","=""5F*""","=""4""",7,9,,"=""T6999""","=""L9429c118""",
Co,2,"=""929.5527""","=""0.0006""","=""929.5532""","=""0.0003""","=""32bl""","=""6.5e+06""",C+,"=""85481.689""","=""96236.594""","=""3d7.(4F).5s""","=""e 3F""","=""4""","=""3d7.(4F).5p""","=""3G*""","=""5""",9,11,,"=""T6999""","=""L9429c118""",
Co,2,"=""932.9161""","=""0.0004""","=""932.91594""","=""0.00017""","=""55""","=""1.3e+05""",D,"=""86346.705""","=""97062.844""","=""3d7.(4F).5s""","=""e 3F""","=""3""","=""3d7.(4F).5p""","=""3F*""","=""4""",7,9,,"=""T6999""","=""L9429c118""",
Co,2,"=""933.57""","=""0.03""","=""933.59618""","=""0.00019""","=""6""","=""2.30e-02""",,"=""0.000""","=""10708.331""","=""3d8""","=""a 3F""","=""4""","=""3d7.(4F).4s""","=""b 3F""","=""3""",9,7,E2,"=""T6904""","=""L18001""",
Co,1,"=""""","=""""","=""935.700""","=""""","=""""","=""1.2e+05""",D,"=""21780.47""","=""32464.73""","=""3p6.3d7.4s2""","=""a 2H""","=""11/2""","=""3p6.3d8.(3F).4p""","=""y 4G*""","=""9/2""",12,10,,"=""T4223""","=""""",
Co,2,"=""936.5497""","=""0.0012""","=""936.5521""","=""0.0004""","=""3""","=""8.e+05""",D,"=""100331.391""","=""111005.925""","=""3d7.(4P).5s""","=""3P""","=""2""","=""3d7.(4P).5p""","=""5D*""","=""3""",5,7,,"=""T6999""","=""L9429c118""",
Co,2,"=""942.2765""","=""0.0013""","=""942.2778""","=""0.0005""","=""5*""","=""1.6e+06""",D,"=""85596.170""","=""96205.841""","=""3d7.(4F).5s""","=""e 5F""","=""2""","=""3d7.(4F).5p""","=""5D*""","=""2""",5,5,,"=""T6999""","=""L9429c118""",
Co,2,"=""942.2765""","=""0.0013""","=""942.2793""","=""0.0006""","=""5*""","=""1.3e+04""",E,"=""95976.579""","=""106586.233""","=""3d7.(4F).5p""","=""5F*""","=""4""","=""3d7.(4P).4d""","=""5D""","=""3""",9,7,,"=""T6999""","=""L9429c118""",
Co,2,"=""948.2855""","=""0.0006""","=""948.2881""","=""0.0005""","=""3""","=""6.e+04""",D,"=""98287.640""","=""108830.066""","=""3d7.(4F).5p""","=""3F*""","=""2""","=""3d7.(2G).4d""","=""3F""","=""3""",5,7,,"=""T6999""","=""L9429c118""",
Co,2,"=""948.9001""","=""0.0003""","=""948.9021""","=""0.0006""","=""23bl""","=""2.0e+06""",C+,"=""86346.705""","=""96882.310""","=""3d7.(4F).5s""","=""e 3F""","=""3""","=""3d7.(4F).5p""","=""5G*""","=""4""",7,9,,"=""T6999""","=""L9429c118""",
Co,2,"=""950.6965""","=""0.0010""","=""950.6965""","=""0.0004""","=""3""","=""6.e+05""",D,"=""85167.645""","=""95683.364""","=""3d7.(4F).5s""","=""e 5F""","=""3""","=""3d7.(4F).5p""","=""5D*""","=""3""",7,7,,"=""T6999""","=""L9429c118""",
Co,2,"=""959.3256""","=""0.0004""","=""959.3262""","=""0.0003""","=""9""","=""2.9e+05""",D,"=""97967.697""","=""108388.822""","=""3d7.(4F).5p""","=""3F*""","=""3""","=""3d7.(2G).4d""","=""3H""","=""4""",7,9,,"=""T6999""","=""L9429c118""",
Co,2,"=""961.6848""","=""0.0007""","=""961.6877""","=""0.0008""","=""6""","=""7.e+05""",D,"=""86940.150""","=""97335.685""","=""3d7.(4F).5s""","=""e 3F""","=""2""","=""3d7.(4F).5p""","=""5G*""","=""3""",5,7,,"=""T6999""","=""L9429c118""",
Co,2,"=""963.96""","=""0.04""","=""963.9130""","=""0.0003""","=""4""","=""3.16e-02""",,"=""950.324""","=""11321.860""","=""3d8""","=""a 3F""","=""3""","=""3d7.(4F).4s""","=""b 3F""","=""2""",7,5,M1+E2,"=""T6904""","=""L18001""",
Co,2,"=""979.9247""","=""0.0012""","=""979.9232""","=""0.0013""","=""400hfs""","=""6.0e+07""",,"=""110008.482""","=""120210.566""","=""3d7.(4F<9/2>).4f""","=""2[13/2]*""","=""6""","=""3d7.(4F<9/2>).5g""","=""2[15/2]""","=""7""",13,15,,"=""T7021""","=""L11793c118""",
Co,2,"=""980.5746""","=""0.0010""","=""980.5599""","=""0.0013""","=""350hfs*""","=""1.89e+07""",,"=""110008.482""","=""120203.941""","=""3d7.(4F<9/2>).4f""","=""2[13/2]*""","=""6""","=""3d7.(4F<9/2>).5g""","=""2[13/2]""","=""6""",13,13,,"=""T7021""","=""L11793c118""",
Co,2,"=""980.5746""","=""0.0010""","=""980.5650""","=""0.0010""","=""350hfs*""","=""6.1e+05""",,"=""110008.482""","=""120203.888""","=""3d7.(4F<9/2>).4f""","=""2[13/2]*""","=""6""","=""3d7.(4F<9/2>).5g""","=""2[13/2]""","=""7""",13,15,,"=""T7021""","=""L11793c118""",
Co,2,"=""981.8991""","=""0.0007""","=""981.8995""","=""0.0005""","=""6""","=""7.e+05""",D,"=""98648.516""","=""108830.066""","=""3d7.(4F).5p""","=""3D*""","=""2""","=""3d7.(2G).4d""","=""3F""","=""3""",5,7,,"=""T6999""","=""L9429c118""",
Co,2,"=""985.8882""","=""0.0003""","=""985.8881""","=""0.0003""","=""120""","=""1.38e+05""",,"=""110070.208""","=""120210.566""","=""3d7.(4F<9/2>).4f""","=""2[11/2]*""","=""6""","=""3d7.(4F<9/2>).5g""","=""2[15/2]""","=""7""",13,15,,"=""T7021""","=""L11793c118""",
Co,2,"=""986.2338""","=""0.0013""","=""986.2337""","=""0.0007""","=""29*""","=""9.4e+06""",,"=""111940.524""","=""122077.329""","=""3d7.(4F<3/2>).4f""","=""2[7/2]*""","=""4""","=""3d7.(4F<3/2>).5g""","=""2[7/2]""","=""4""",9,9,,"=""T7021""","=""L11793c118""",
Co,2,"=""986.2338""","=""0.0013""","=""986.2354""","=""0.0012""","=""29*""","=""2.96e+05""",,"=""111940.524""","=""122077.312""","=""3d7.(4F<3/2>).4f""","=""2[7/2]*""","=""4""","=""3d7.(4F<3/2>).5g""","=""2[7/2]""","=""3""",9,7,,"=""T7021""","=""L11793c118""",
Co,2,"=""986.4909""","=""0.0004""","=""986.4901""","=""0.0009""","=""180""","=""2.58e+07""",,"=""110070.208""","=""120204.378""","=""3d7.(4F<9/2>).4f""","=""2[11/2]*""","=""6""","=""3d7.(4F<9/2>).5g""","=""2[11/2]""","=""6""",13,13,,"=""T7021""","=""L11793c118""",
Co,2,"=""986.5385""","=""0.0003""","=""986.5378""","=""0.0007""","=""490""","=""5.0e+07""",,"=""110070.208""","=""120203.888""","=""3d7.(4F<9/2>).4f""","=""2[11/2]*""","=""6""","=""3d7.(4F<9/2>).5g""","=""2[13/2]""","=""7""",13,15,,"=""T7021""","=""L11793c118""",
Co,2,"=""986.6763""","=""0.0003""","=""986.6764""","=""0.0003""","=""430""","=""6.5e+07""",,"=""111940.524""","=""122072.781""","=""3d7.(4F<3/2>).4f""","=""2[7/2]*""","=""4""","=""3d7.(4F<3/2>).5g""","=""2[9/2]""","=""5""",9,11,,"=""T7021""","=""L11793c118""",
Co,2,"=""986.7070""","=""0.0010""","=""986.7075""","=""0.0010""","=""79""","=""2.06e+07""",,"=""110077.560""","=""120209.498""","=""3d7.(4F<9/2>).4f""","=""2[9/2]*""","=""5""","=""3d7.(4F<9/2>).5g""","=""2[9/2]""","=""5""",11,11,,"=""T7021""","=""L11793c118""",
Co,2,"=""987.1990""","=""0.0004""","=""987.200""","=""0.004""","=""230bl(Co II)""","=""1.42e+07""",,"=""110077.560""","=""120204.438""","=""3d7.(4F<9/2>).4f""","=""2[9/2]*""","=""5""","=""3d7.(4F<9/2>).5g""","=""2[11/2]""","=""5""",11,11,,"=""T7021""","=""L11793c118""",
Co,2,"=""987.2057""","=""0.0006""","=""987.2063""","=""0.0007""","=""78bl(Co II)""","=""1.95e+07""",,"=""110077.560""","=""120204.378""","=""3d7.(4F<9/2>).4f""","=""2[9/2]*""","=""5""","=""3d7.(4F<9/2>).5g""","=""2[11/2]""","=""6""",11,13,,"=""T7021""","=""L11793c118""",
Co,2,"=""987.2390""","=""0.0004""","=""987.2382""","=""0.0005""","=""63bl(Co II)*""","=""5.1e+06""",,"=""110927.845""","=""121054.336""","=""3d7.(4F<7/2>).4f""","=""2[9/2]*""","=""4""","=""3d7.(4F<7/2>).5g""","=""2[7/2]""","=""3""",9,7,,"=""T7021""","=""L11793c118""",
Co,2,"=""987.2390""","=""0.0004""","=""987.2392""","=""0.0017""","=""63bl(Co II)*""","=""9.6e+06""",,"=""110927.845""","=""121054.326""","=""3d7.(4F<7/2>).4f""","=""2[9/2]*""","=""4""","=""3d7.(4F<7/2>).5g""","=""2[7/2]""","=""4""",9,9,,"=""T7021""","=""L11793c118""",
Co,2,"=""987.2485""","=""0.0003""","=""987.2489""","=""0.0004""","=""200bl(Co II)""","=""1.95e+07""",,"=""110077.560""","=""120203.941""","=""3d7.(4F<9/2>).4f""","=""2[9/2]*""","=""5""","=""3d7.(4F<9/2>).5g""","=""2[13/2]""","=""6""",11,13,,"=""T7021""","=""L11793c118""",
Co,2,"=""987.3819""","=""0.0004""","=""987.3822""","=""0.0005""","=""120""","=""2.14e+06""",,"=""110926.337""","=""121051.351""","=""3d7.(4F<7/2>).4f""","=""2[9/2]*""","=""5""","=""3d7.(4F<7/2>).5g""","=""2[13/2]""","=""6""",11,13,,"=""T7021""","=""L11793c118""",
Co,2,"=""987.5359""","=""0.0003""","=""987.5356""","=""0.0004""","=""130""","=""2.36e+07""",,"=""110926.337""","=""121049.778""","=""3d7.(4F<7/2>).4f""","=""2[9/2]*""","=""5""","=""3d7.(4F<7/2>).5g""","=""2[9/2]""","=""5""",11,11,,"=""T7021""","=""L11793c118""",
Co,2,"=""987.5710""","=""0.0003""","=""987.5711""","=""0.0003""","=""270""","=""5.8e+07""",,"=""111949.701""","=""122072.779""","=""3d7.(4F<3/2>).4f""","=""2[7/2]*""","=""3""","=""3d7.(4F<3/2>).5g""","=""2[9/2]""","=""4""",7,9,,"=""T7021""","=""L11793c118""",
Co,2,"=""987.6826""","=""0.0003""","=""987.6799""","=""0.0004""","=""720*""","=""1.53e+06""",,"=""111538.779""","=""121660.741""","=""3d7.(4F<5/2>).4f""","=""2[9/2]*""","=""5""","=""3d7.(4F<5/2>).5g""","=""2[11/2]""","=""5""",11,11,,"=""T7021""","=""L11793c118""",
Co,2,"=""987.6826""","=""0.0003""","=""987.6828""","=""0.0007""","=""720*""","=""1.16e+07""",,"=""110927.845""","=""121049.778""","=""3d7.(4F<7/2>).4f""","=""2[9/2]*""","=""4""","=""3d7.(4F<7/2>).5g""","=""2[9/2]""","=""5""",9,11,,"=""T7021""","=""L11793c118""",
Co,2,"=""987.6826""","=""0.0003""","=""987.6832""","=""0.0017""","=""720*""","=""6.2e+07""",,"=""111538.779""","=""121660.708""","=""3d7.(4F<5/2>).4f""","=""2[9/2]*""","=""5""","=""3d7.(4F<5/2>).5g""","=""2[11/2]""","=""6""",11,13,,"=""T7021""","=""L11793c118""",
Co,2,"=""987.7029""","=""0.0003""","=""987.7035""","=""0.0004""","=""340*""","=""5.1e+07""",,"=""110926.337""","=""121048.058""","=""3d7.(4F<7/2>).4f""","=""2[9/2]*""","=""5""","=""3d7.(4F<7/2>).5g""","=""2[11/2]""","=""6""",11,13,,"=""T7021""","=""L11793c118""",
Co,2,"=""987.7539""","=""0.0007""","=""987.7548""","=""0.0003""","=""90""","=""1.36e+07""",,"=""111538.779""","=""121659.974""","=""3d7.(4F<5/2>).4f""","=""2[9/2]*""","=""5""","=""3d7.(4F<5/2>).5g""","=""2[9/2]""","=""5""",11,11,,"=""T7021""","=""L11793c118""",
Co,2,"=""987.8453""","=""0.0004""","=""987.8458""","=""0.0007""","=""38""","=""3.19e+07""",,"=""110927.845""","=""121048.108""","=""3d7.(4F<7/2>).4f""","=""2[9/2]*""","=""4""","=""3d7.(4F<7/2>).5g""","=""2[11/2]""","=""5""",9,11,,"=""T7021""","=""L11793c118""",
Co,2,"=""987.8791""","=""0.0015""","=""987.8817""","=""0.0013""","=""49bl(Co II)""","=""8.5e+06""",,"=""111543.201""","=""121663.096""","=""3d7.(4F<5/2>).4f""","=""2[9/2]*""","=""4""","=""3d7.(4F<5/2>).5g""","=""2[7/2]""","=""4""",9,9,,"=""T7021""","=""L11793c118""",
Co,2,"=""987.8979""","=""0.0008""","=""987.8983""","=""0.0006""","=""170bl(Co II)*""","=""3.02e+07""",,"=""110934.611""","=""121054.336""","=""3d7.(4F<7/2>).4f""","=""2[7/2]*""","=""3""","=""3d7.(4F<7/2>).5g""","=""2[7/2]""","=""3""",7,7,,"=""T7021""","=""L11793c118""",
Co,2,"=""987.8979""","=""0.0008""","=""987.8992""","=""0.0016""","=""170bl(Co II)*""","=""2.57e+06""",,"=""110934.611""","=""121054.326""","=""3d7.(4F<7/2>).4f""","=""2[7/2]*""","=""3""","=""3d7.(4F<7/2>).5g""","=""2[7/2]""","=""4""",7,9,,"=""T7021""","=""L11793c118""",
Co,2,"=""987.9688""","=""0.0003""","=""987.9689""","=""0.0003""","=""570""","=""6.1e+07""",,"=""110932.343""","=""121051.345""","=""3d7.(4F<7/2>).4f""","=""2[11/2]*""","=""6""","=""3d7.(4F<7/2>).5g""","=""2[13/2]""","=""7""",13,15,,"=""T7021""","=""L11793c118""",
Co,2,"=""988.1117""","=""0.0003""","=""988.1116""","=""0.0003""","=""220""","=""3.18e+07""",,"=""111543.201""","=""121660.741""","=""3d7.(4F<5/2>).4f""","=""2[9/2]*""","=""4""","=""3d7.(4F<5/2>).5g""","=""2[11/2]""","=""5""",9,11,,"=""T7021""","=""L11793c118""",
Co,2,"=""988.1474""","=""0.0014""","=""988.147""","=""0.003""","=""90*""","=""1.15e+07""",,"=""110099.385""","=""120216.558""","=""3d7.(4F<9/2>).4f""","=""2[9/2]*""","=""4""","=""3d7.(4F<9/2>).5g""","=""2[7/2]""","=""3""",9,7,,"=""T7021""","=""L11793c118""",
Co,2,"=""988.1474""","=""0.0014""","=""988.1477""","=""0.0004""","=""90*""","=""4.3e+06""",,"=""110942.715""","=""121059.886""","=""3d7.(4F<7/2>).4f""","=""2[7/2]*""","=""4""","=""3d7.(4F<7/2>).5g""","=""2[5/2]""","=""3""",9,7,,"=""T7021""","=""L11793c118""",
Co,2,"=""988.1866""","=""0.0003""","=""988.1865""","=""0.0003""","=""180""","=""3.11e+07""",,"=""111543.201""","=""121659.974""","=""3d7.(4F<5/2>).4f""","=""2[9/2]*""","=""4""","=""3d7.(4F<5/2>).5g""","=""2[9/2]""","=""5""",9,11,,"=""T7021""","=""L11793c118""",
Co,2,"=""988.2900""","=""0.0003""","=""988.2899""","=""0.0003""","=""150""","=""1.74e+07""",,"=""110932.343""","=""121048.058""","=""3d7.(4F<7/2>).4f""","=""2[11/2]*""","=""6""","=""3d7.(4F<7/2>).5g""","=""2[11/2]""","=""6""",13,13,,"=""T7021""","=""L11793c118""",
Co,2,"=""988.3174""","=""0.0004""","=""988.3166""","=""0.0010""","=""180bl""","=""1.30e+07""",,"=""110094.056""","=""120209.498""","=""3d7.(4F<9/2>).4f""","=""2[11/2]*""","=""5""","=""3d7.(4F<9/2>).5g""","=""2[9/2]""","=""5""",11,11,,"=""T7021""","=""L11793c118""",
Co,2,"=""988.3371""","=""0.0003""","=""988.3371""","=""0.0003""","=""200""","=""3.55e+07""",,"=""110934.611""","=""121049.843""","=""3d7.(4F<7/2>).4f""","=""2[7/2]*""","=""3""","=""3d7.(4F<7/2>).5g""","=""2[9/2]""","=""4""",7,9,,"=""T7021""","=""L11793c118""",
Co,2,"=""988.4404""","=""0.0003""","=""988.4404""","=""0.0004""","=""740""","=""5.9e+07""",,"=""110096.458""","=""120210.633""","=""3d7.(4F<9/2>).4f""","=""2[13/2]*""","=""7""","=""3d7.(4F<9/2>).5g""","=""2[15/2]""","=""8""",15,17,,"=""T7021""","=""L11793c118""",
Co,2,"=""988.5784""","=""0.0013""","=""988.5795""","=""0.0014""","=""110bl(Co II)""","=""1.15e+06""",,"=""111550.344""","=""121663.096""","=""3d7.(4F<5/2>).4f""","=""2[7/2]*""","=""3""","=""3d7.(4F<5/2>).5g""","=""2[7/2]""","=""4""",7,9,,"=""T7021""","=""L11793c118""",
Co,2,"=""988.5821""","=""0.0010""","=""988.582""","=""0.003""","=""98bl(Co II)""","=""2.04e+07""",,"=""111550.344""","=""121663.070""","=""3d7.(4F<5/2>).4f""","=""2[7/2]*""","=""3""","=""3d7.(4F<5/2>).5g""","=""2[7/2]""","=""3""",7,7,,"=""T7021""","=""L11793c118""",
Co,2,"=""988.6423""","=""0.0025""","=""988.6382""","=""0.0005""","=""53*""","=""1.65e+06""",,"=""111556.446""","=""121668.597""","=""3d7.(4F<5/2>).4f""","=""2[5/2]*""","=""2""","=""3d7.(4F<5/2>).5g""","=""2[5/2]""","=""3""",5,7,,"=""T7021""","=""L11793c118""",
Co,2,"=""988.6423""","=""0.0025""","=""988.642""","=""0.005""","=""53*""","=""2.02e+07""",,"=""111556.446""","=""121668.563""","=""3d7.(4F<5/2>).4f""","=""2[5/2]*""","=""2""","=""3d7.(4F<5/2>).5g""","=""2[5/2]""","=""2""",5,5,,"=""T7021""","=""L11793c118""",
Co,2,"=""988.6903""","=""0.0011""","=""988.6900""","=""0.0005""","=""33*""","=""1.86e+05""",,"=""110942.715""","=""121054.336""","=""3d7.(4F<7/2>).4f""","=""2[7/2]*""","=""4""","=""3d7.(4F<7/2>).5g""","=""2[7/2]""","=""3""",9,7,,"=""T7021""","=""L11793c118""",
Co,2,"=""988.6903""","=""0.0011""","=""988.6910""","=""0.0016""","=""33*""","=""1.99e+07""",,"=""110942.715""","=""121054.326""","=""3d7.(4F<7/2>).4f""","=""2[7/2]*""","=""4""","=""3d7.(4F<7/2>).5g""","=""2[7/2]""","=""4""",9,9,,"=""T7021""","=""L11793c118""",
Co,2,"=""988.7919""","=""0.0003""","=""988.7922""","=""0.0004""","=""320""","=""5.8e+07""",,"=""110940.775""","=""121051.351""","=""3d7.(4F<7/2>).4f""","=""2[11/2]*""","=""5""","=""3d7.(4F<7/2>).5g""","=""2[13/2]""","=""6""",11,13,,"=""T7021""","=""L11793c118""",
Co,2,"=""988.8111""","=""0.0004""","=""988.811""","=""0.004""","=""350bl(Co II)*""","=""2.95e+07""",,"=""110099.385""","=""120209.768""","=""3d7.(4F<9/2>).4f""","=""2[9/2]*""","=""4""","=""3d7.(4F<9/2>).5g""","=""2[9/2]""","=""4""",9,9,,"=""T7021""","=""L11793c118""",
Co,2,"=""988.8111""","=""0.0004""","=""988.811""","=""0.004""","=""350bl(Co II)*""","=""1.39e+07""",,"=""110094.056""","=""120204.438""","=""3d7.(4F<9/2>).4f""","=""2[11/2]*""","=""5""","=""3d7.(4F<9/2>).5g""","=""2[11/2]""","=""5""",11,11,,"=""T7021""","=""L11793c118""",
Co,2,"=""988.8156""","=""0.0003""","=""988.8171""","=""0.0008""","=""280bl(Co II)""","=""2.19e+07""",,"=""110094.056""","=""120204.378""","=""3d7.(4F<9/2>).4f""","=""2[11/2]*""","=""5""","=""3d7.(4F<9/2>).5g""","=""2[11/2]""","=""6""",11,13,,"=""T7021""","=""L11793c118""",
Co,2,"=""988.8598""","=""0.0003""","=""988.8598""","=""0.0003""","=""94""","=""2.82e+07""",,"=""110094.056""","=""120203.941""","=""3d7.(4F<9/2>).4f""","=""2[11/2]*""","=""5""","=""3d7.(4F<9/2>).5g""","=""2[13/2]""","=""6""",11,13,,"=""T7021""","=""L11793c118""",
Co,2,"=""988.8792""","=""0.0003""","=""988.8792""","=""0.0003""","=""200""","=""5.0e+07""",,"=""111550.344""","=""121660.031""","=""3d7.(4F<5/2>).4f""","=""2[7/2]*""","=""3""","=""3d7.(4F<5/2>).5g""","=""2[9/2]""","=""4""",7,9,,"=""T7021""","=""L11793c118""",
Co,2,"=""988.9452""","=""0.0019""","=""988.9461""","=""0.0006""","=""36""","=""4.7e+05""",,"=""110940.775""","=""121049.778""","=""3d7.(4F<7/2>).4f""","=""2[11/2]*""","=""5""","=""3d7.(4F<7/2>).5g""","=""2[9/2]""","=""5""",11,11,,"=""T7021""","=""L11793c118""",
Co,2,"=""989.0990""","=""0.0003""","=""989.1000""","=""0.0006""","=""210bl(Co II)""","=""1.94e+07""",,"=""110096.458""","=""120203.888""","=""3d7.(4F<9/2>).4f""","=""2[13/2]*""","=""7""","=""3d7.(4F<9/2>).5g""","=""2[13/2]""","=""7""",15,15,,"=""T7021""","=""L11793c118""",
Co,2,"=""989.1042""","=""0.0003""","=""989.1034""","=""0.0013""","=""270bl(Co II)*""","=""1.07e+07""",,"=""111555.701""","=""121663.096""","=""3d7.(4F<5/2>).4f""","=""2[7/2]*""","=""4""","=""3d7.(4F<5/2>).5g""","=""2[7/2]""","=""4""",9,9,,"=""T7021""","=""L11793c118""",
Co,2,"=""989.1042""","=""0.0003""","=""989.106""","=""0.003""","=""270bl(Co II)*""","=""1.85e+06""",,"=""111555.701""","=""121663.070""","=""3d7.(4F<5/2>).4f""","=""2[7/2]*""","=""4""","=""3d7.(4F<5/2>).5g""","=""2[7/2]""","=""3""",9,7,,"=""T7021""","=""L11793c118""",
Co,2,"=""989.1095""","=""0.0004""","=""989.1095""","=""0.0009""","=""450bl(Co II)""","=""1.83e+07""",,"=""110940.775""","=""121048.108""","=""3d7.(4F<7/2>).4f""","=""2[11/2]*""","=""5""","=""3d7.(4F<7/2>).5g""","=""2[11/2]""","=""5""",11,11,,"=""T7021""","=""L11793c118""",
Co,2,"=""989.1128""","=""0.0003""","=""989.1144""","=""0.0003""","=""140bl(Co II)""","=""7.9e+05""",,"=""110940.775""","=""121048.058""","=""3d7.(4F<7/2>).4f""","=""2[11/2]*""","=""5""","=""3d7.(4F<7/2>).5g""","=""2[11/2]""","=""6""",11,13,,"=""T7021""","=""L11793c118""",
Co,2,"=""989.1319""","=""0.0005""","=""989.1295""","=""0.0004""","=""360bl(Co II)""","=""4.6e+06""",,"=""110942.715""","=""121049.843""","=""3d7.(4F<7/2>).4f""","=""2[7/2]*""","=""4""","=""3d7.(4F<7/2>).5g""","=""2[9/2]""","=""4""",9,9,,"=""T7021""","=""L11793c118""",
Co,2,"=""989.1376""","=""0.0004""","=""989.1359""","=""0.0005""","=""420bl(Co II)""","=""3.18e+07""",,"=""110942.715""","=""121049.778""","=""3d7.(4F<7/2>).4f""","=""2[7/2]*""","=""4""","=""3d7.(4F<7/2>).5g""","=""2[9/2]""","=""5""",9,11,,"=""T7021""","=""L11793c118""",
Co,2,"=""989.1789""","=""0.0003""","=""989.179""","=""0.003""","=""200bl(Co II)*""","=""4.7e+07""",,"=""111556.446""","=""121663.070""","=""3d7.(4F<5/2>).4f""","=""2[5/2]*""","=""2""","=""3d7.(4F<5/2>).5g""","=""2[7/2]""","=""3""",5,7,,"=""T7021""","=""L11793c118""",
Co,2,"=""989.1789""","=""0.0003""","=""989.1797""","=""0.0010""","=""190*""","=""9.0e+05""",,"=""111984.575""","=""122091.19""","=""3d7.(4F<3/2>).4f""","=""2[5/2]*""","=""3""","=""3d7.(4F<3/2>).5g""","=""2[5/2]""","=""2""",7,5,,"=""T7021""","=""L11793c118""",
Co,2,"=""989.1789""","=""0.0003""","=""989.186""","=""0.005""","=""190*""","=""8.1e+06""",,"=""111984.575""","=""122091.13""","=""3d7.(4F<3/2>).4f""","=""2[5/2]*""","=""3""","=""3d7.(4F<3/2>).5g""","=""2[5/2]""","=""3""",7,7,,"=""T7021""","=""L11793c118""",
Co,2,"=""989.2551""","=""0.0009""","=""989.257""","=""0.005""","=""69bl""","=""4.0e+07""",,"=""111562.737""","=""121668.563""","=""3d7.(4F<5/2>).4f""","=""2[3/2]*""","=""1""","=""3d7.(4F<5/2>).5g""","=""2[5/2]""","=""2""",3,5,,"=""T7021""","=""L11793c118""",
Co,2,"=""989.2984""","=""0.0003""","=""989.2994""","=""0.0009""","=""300""","=""1.87e+07""",,"=""110942.715""","=""121048.108""","=""3d7.(4F<7/2>).4f""","=""2[7/2]*""","=""4""","=""3d7.(4F<7/2>).5g""","=""2[11/2]""","=""5""",9,11,,"=""T7021""","=""L11793c118""",
Co,2,"=""989.3316""","=""0.0003""","=""989.333""","=""0.004""","=""710*""","=""2.90e+07""",,"=""110099.385""","=""120204.438""","=""3d7.(4F<9/2>).4f""","=""2[9/2]*""","=""4""","=""3d7.(4F<9/2>).5g""","=""2[11/2]""","=""5""",9,11,,"=""T7021""","=""L11793c118""",
Co,2,"=""989.3316""","=""0.0003""","=""989.3339""","=""0.0004""","=""710*""","=""2.83e+07""",,"=""111555.701""","=""121660.741""","=""3d7.(4F<5/2>).4f""","=""2[7/2]*""","=""4""","=""3d7.(4F<5/2>).5g""","=""2[11/2]""","=""5""",9,11,,"=""T7021""","=""L11793c118""",
Co,2,"=""989.4057""","=""0.0005""","=""989.4034""","=""0.0005""","=""52bl(Co II)""","=""1.15e+07""",,"=""111555.701""","=""121660.031""","=""3d7.(4F<5/2>).4f""","=""2[7/2]*""","=""4""","=""3d7.(4F<5/2>).5g""","=""2[9/2]""","=""4""",9,9,,"=""T7021""","=""L11793c118""",
Co,2,"=""989.4097""","=""0.0003""","=""989.4090""","=""0.0003""","=""56bl(Co II)""","=""2.52e+07""",,"=""111555.701""","=""121659.974""","=""3d7.(4F<5/2>).4f""","=""2[7/2]*""","=""4""","=""3d7.(4F<5/2>).5g""","=""2[9/2]""","=""5""",9,11,,"=""T7021""","=""L11793c118""",
Co,2,"=""990.1924""","=""0.0003""","=""990.1924""","=""0.0003""","=""200""","=""5.5e+07""",,"=""111981.033""","=""122077.312""","=""3d7.(4F<3/2>).4f""","=""2[5/2]*""","=""2""","=""3d7.(4F<3/2>).5g""","=""2[7/2]""","=""3""",5,7,,"=""T7021""","=""L11793c118""",
Co,2,"=""990.2301""","=""0.0015""","=""990.2294""","=""0.0006""","=""86*""","=""2.08e+07""",,"=""111572.695""","=""121668.597""","=""3d7.(4F<5/2>).4f""","=""2[5/2]*""","=""3""","=""3d7.(4F<5/2>).5g""","=""2[5/2]""","=""3""",7,7,,"=""T7021""","=""L11793c118""",
Co,2,"=""990.2301""","=""0.0015""","=""990.233""","=""0.005""","=""86*""","=""6.7e+05""",,"=""111572.695""","=""121668.563""","=""3d7.(4F<5/2>).4f""","=""2[5/2]*""","=""3""","=""3d7.(4F<5/2>).5g""","=""2[5/2]""","=""2""",7,5,,"=""T7021""","=""L11793c118""",
Co,2,"=""990.4758""","=""0.0004""","=""990.4774""","=""0.0020""","=""100bl(Co II)""","=""1.25e+07""",,"=""110129.926""","=""120223.300""","=""3d7.(4F<9/2>).4f""","=""2[7/2]*""","=""4""","=""3d7.(4F<9/2>).5g""","=""2[5/2]""","=""3""",9,7,,"=""T7021""","=""L11793c118""",
Co,2,"=""990.4912""","=""0.0006""","=""990.4906""","=""0.0007""","=""67bl(Co II)""","=""2.06e+07""",,"=""110130.164""","=""120223.404""","=""3d7.(4F<9/2>).4f""","=""2[7/2]*""","=""3""","=""3d7.(4F<9/2>).5g""","=""2[5/2]""","=""2""",7,5,,"=""T7021""","=""L11793c118""",
Co,2,"=""990.5382""","=""0.0003""","=""990.5383""","=""0.0003""","=""250""","=""5.2e+07""",,"=""111984.575""","=""122077.329""","=""3d7.(4F<3/2>).4f""","=""2[5/2]*""","=""3""","=""3d7.(4F<3/2>).5g""","=""2[7/2]""","=""4""",7,9,,"=""T7021""","=""L11793c118""",
Co,2,"=""990.7693""","=""0.0003""","=""990.7692""","=""0.0013""","=""230*""","=""4.9e+07""",,"=""111572.695""","=""121663.096""","=""3d7.(4F<5/2>).4f""","=""2[5/2]*""","=""3""","=""3d7.(4F<5/2>).5g""","=""2[7/2]""","=""4""",7,9,,"=""T7021""","=""L11793c118""",
Co,2,"=""990.8892""","=""0.0007""","=""990.8888""","=""0.0007""","=""75""","=""3.49e+07""",,"=""110970.554""","=""121059.738""","=""3d7.(4F<7/2>).4f""","=""2[5/2]*""","=""2""","=""3d7.(4F<7/2>).5g""","=""2[5/2]""","=""2""",5,5,,"=""T7021""","=""L11793c118""",
Co,2,"=""991.0713""","=""0.0008""","=""991.0703""","=""0.0006""","=""38""","=""3.53e+06""",,"=""111572.695""","=""121660.031""","=""3d7.(4F<5/2>).4f""","=""2[5/2]*""","=""3""","=""3d7.(4F<5/2>).5g""","=""2[9/2]""","=""4""",7,9,,"=""T7021""","=""L11793c118""",
Co,2,"=""991.1366""","=""0.0003""","=""991.1367""","=""0.0024""","=""740*""","=""7.0e+07""",,"=""112000.519""","=""122087.179""","=""3d7.(4F<3/2>).4f""","=""2[9/2]*""","=""5""","=""3d7.(4F<3/2>).5g""","=""2[11/2]""","=""6""",11,13,,"=""T7021""","=""L11793c118""",
Co,2,"=""991.1366""","=""0.0003""","=""991.139""","=""0.003""","=""740*""","=""4.4e+05""",,"=""110129.926""","=""120216.558""","=""3d7.(4F<9/2>).4f""","=""2[7/2]*""","=""4""","=""3d7.(4F<9/2>).5g""","=""2[7/2]""","=""3""",9,7,,"=""T7021""","=""L11793c118""",
Co,2,"=""991.1630""","=""0.0005""","=""991.163""","=""0.003""","=""190bl(Co II)""","=""3.52e+07""",,"=""110130.164""","=""120216.558""","=""3d7.(4F<9/2>).4f""","=""2[7/2]*""","=""3""","=""3d7.(4F<9/2>).5g""","=""2[7/2]""","=""3""",7,7,,"=""T7021""","=""L11793c118""",
Co,2,"=""991.1658""","=""0.0004""","=""991.166""","=""0.004""","=""210bl(Co II)""","=""3.00e+07""",,"=""110129.926""","=""120216.288""","=""3d7.(4F<9/2>).4f""","=""2[7/2]*""","=""4""","=""3d7.(4F<9/2>).5g""","=""2[7/2]""","=""4""",9,9,,"=""T7021""","=""L11793c118""",
Co,2,"=""991.3327""","=""0.0003""","=""991.3327""","=""0.0003""","=""600""","=""7.0e+07""",,"=""111586.397""","=""121671.063""","=""3d7.(4F<5/2>).4f""","=""2[11/2]*""","=""6""","=""3d7.(4F<5/2>).5g""","=""2[13/2]""","=""7""",13,15,,"=""T7021""","=""L11793c118""",
Co,2,"=""991.3786""","=""0.0003""","=""991.3786""","=""0.0003""","=""500""","=""6.9e+07""",,"=""111586.830""","=""121671.029""","=""3d7.(4F<5/2>).4f""","=""2[11/2]*""","=""5""","=""3d7.(4F<5/2>).5g""","=""2[13/2]""","=""6""",11,13,,"=""T7021""","=""L11793c118""",
Co,2,"=""991.4196""","=""0.0004""","=""991.4196""","=""0.0004""","=""130""","=""2.93e+07""",,"=""110970.554""","=""121054.336""","=""3d7.(4F<7/2>).4f""","=""2[5/2]*""","=""2""","=""3d7.(4F<7/2>).5g""","=""2[7/2]""","=""3""",5,7,,"=""T7021""","=""L11793c118""",
Co,2,"=""991.4806""","=""0.0006""","=""991.4803""","=""0.0004""","=""140""","=""2.99e+07""",,"=""110976.722""","=""121059.886""","=""3d7.(4F<7/2>).4f""","=""2[5/2]*""","=""3""","=""3d7.(4F<7/2>).5g""","=""2[5/2]""","=""3""",7,7,,"=""T7021""","=""L11793c118""",
Co,2,"=""991.5993""","=""0.0003""","=""991.5992""","=""0.0003""","=""690""","=""6.8e+07""",,"=""110980.867""","=""121062.822""","=""3d7.(4F<7/2>).4f""","=""2[13/2]*""","=""6""","=""3d7.(4F<7/2>).5g""","=""2[15/2]""","=""7""",13,15,,"=""T7021""","=""L11793c118""",
Co,2,"=""991.8324""","=""0.0003""","=""991.831""","=""0.003""","=""420*""","=""2.38e+07""",,"=""110130.164""","=""120209.768""","=""3d7.(4F<9/2>).4f""","=""2[7/2]*""","=""3""","=""3d7.(4F<9/2>).5g""","=""2[9/2]""","=""4""",7,9,,"=""T7021""","=""L11793c118""",
Co,2,"=""991.8324""","=""0.0003""","=""991.8337""","=""0.0014""","=""420*""","=""2.63e+07""",,"=""110129.926""","=""120209.498""","=""3d7.(4F<9/2>).4f""","=""2[7/2]*""","=""4""","=""3d7.(4F<9/2>).5g""","=""2[9/2]""","=""5""",9,11,,"=""T7021""","=""L11793c118""",
Co,2,"=""991.8565""","=""0.0003""","=""991.8566""","=""0.0003""","=""150""","=""6.8e+07""",,"=""112007.833""","=""122087.172""","=""3d7.(4F<3/2>).4f""","=""2[9/2]*""","=""4""","=""3d7.(4F<3/2>).5g""","=""2[11/2]""","=""5""",9,11,,"=""T7021""","=""L11793c118""",
Co,2,"=""992.0281""","=""0.0003""","=""992.0264""","=""0.0006""","=""200*""","=""1.11e+06""",,"=""110976.722""","=""121054.336""","=""3d7.(4F<7/2>).4f""","=""2[5/2]*""","=""3""","=""3d7.(4F<7/2>).5g""","=""2[7/2]""","=""3""",7,7,,"=""T7021""","=""L11793c118""",
Co,2,"=""992.0281""","=""0.0003""","=""992.0274""","=""0.0017""","=""200*""","=""3.36e+07""",,"=""110976.722""","=""121054.326""","=""3d7.(4F<7/2>).4f""","=""2[5/2]*""","=""3""","=""3d7.(4F<7/2>).5g""","=""2[7/2]""","=""4""",7,9,,"=""T7021""","=""L11793c118""",
Co,2,"=""992.1055""","=""0.0003""","=""992.1054""","=""0.0004""","=""410bl(Co II)""","=""6.9e+07""",,"=""110148.061""","=""120224.872""","=""3d7.(4F<9/2>).4f""","=""2[15/2]*""","=""7""","=""3d7.(4F<9/2>).5g""","=""2[17/2]""","=""8""",15,17,,"=""T7021""","=""L11793c118""",
Co,2,"=""992.1120""","=""0.0003""","=""992.1119""","=""0.0010""","=""710*""","=""6.9e+07""",,"=""110986.083""","=""121062.828""","=""3d7.(4F<7/2>).4f""","=""2[13/2]*""","=""7""","=""3d7.(4F<7/2>).5g""","=""2[15/2]""","=""8""",15,17,,"=""T7021""","=""L11793c118""",
Co,2,"=""992.1120""","=""0.0003""","=""992.1125""","=""0.0004""","=""710*""","=""6.7e+05""",,"=""110986.083""","=""121062.822""","=""3d7.(4F<7/2>).4f""","=""2[13/2]*""","=""7""","=""3d7.(4F<7/2>).5g""","=""2[15/2]""","=""7""",15,15,,"=""T7021""","=""L11793c118""",
Co,2,"=""992.3520""","=""0.0011""","=""992.3484""","=""0.0006""","=""84*""","=""1.55e+05""",,"=""111586.397""","=""121660.741""","=""3d7.(4F<5/2>).4f""","=""2[11/2]*""","=""6""","=""3d7.(4F<5/2>).5g""","=""2[11/2]""","=""5""",13,11,,"=""T7021""","=""L11793c118""",
Co,2,"=""992.3520""","=""0.0011""","=""992.3516""","=""0.0015""","=""84*""","=""7.7e+06""",,"=""111586.397""","=""121660.708""","=""3d7.(4F<5/2>).4f""","=""2[11/2]*""","=""6""","=""3d7.(4F<5/2>).5g""","=""2[11/2]""","=""6""",13,13,,"=""T7021""","=""L11793c118""",
Co,2,"=""992.3939""","=""0.0015""","=""992.3910""","=""0.0004""","=""45*""","=""7.9e+06""",,"=""111586.830""","=""121660.741""","=""3d7.(4F<5/2>).4f""","=""2[11/2]*""","=""5""","=""3d7.(4F<5/2>).5g""","=""2[11/2]""","=""5""",11,11,,"=""T7021""","=""L11793c118""",
Co,2,"=""992.4688""","=""0.0009""","=""992.4666""","=""0.0004""","=""41*""","=""4.1e+05""",,"=""111586.830""","=""121659.974""","=""3d7.(4F<5/2>).4f""","=""2[11/2]*""","=""5""","=""3d7.(4F<5/2>).5g""","=""2[9/2]""","=""5""",11,11,,"=""T7021""","=""L11793c118""",
Co,2,"=""992.4688""","=""0.0009""","=""992.4689""","=""0.0004""","=""41*""","=""7.0e+06""",,"=""110976.722""","=""121049.843""","=""3d7.(4F<7/2>).4f""","=""2[5/2]*""","=""3""","=""3d7.(4F<7/2>).5g""","=""2[9/2]""","=""4""",7,9,,"=""T7021""","=""L11793c118""",
Co,2,"=""992.490""","=""0.004""","=""992.4902""","=""0.0008""","=""51""","=""1.27e+07""",,"=""110996.275""","=""121069.179""","=""3d7.(4F<7/2>).4f""","=""2[3/2]*""","=""2""","=""3d7.(4F<7/2>).5g""","=""2[1/2]""","=""1""",5,3,,"=""T7021""","=""L11793c118""",
Co,2,"=""992.7294""","=""0.0005""","=""992.7288""","=""0.0003""","=""88*""","=""9.0e+06""",,"=""110980.867""","=""121051.351""","=""3d7.(4F<7/2>).4f""","=""2[13/2]*""","=""6""","=""3d7.(4F<7/2>).5g""","=""2[13/2]""","=""6""",13,13,,"=""T7021""","=""L11793c118""",
Co,2,"=""992.7294""","=""0.0005""","=""992.7293""","=""0.0004""","=""88*""","=""2.01e+05""",,"=""110980.867""","=""121051.345""","=""3d7.(4F<7/2>).4f""","=""2[13/2]*""","=""6""","=""3d7.(4F<7/2>).5g""","=""2[13/2]""","=""7""",13,15,,"=""T7021""","=""L11793c118""",
Co,2,"=""992.8744""","=""0.0010""","=""992.8744""","=""0.0015""","=""140bl(Co II)""","=""1.75e+06""",,"=""110996.275""","=""121065.282""","=""3d7.(4F<7/2>).4f""","=""2[3/2]*""","=""2""","=""3d7.(4F<7/2>).5g""","=""2[3/2]""","=""1""",5,3,,"=""T7021""","=""L11793c118""",
Co,2,"=""992.8797""","=""0.0010""","=""992.8796""","=""0.0011""","=""150bl(Co II)""","=""7.3e+05""",,"=""111000.225""","=""121069.179""","=""3d7.(4F<7/2>).4f""","=""2[3/2]*""","=""1""","=""3d7.(4F<7/2>).5g""","=""2[1/2]""","=""1""",3,3,,"=""T7021""","=""L11793c118""",
Co,2,"=""992.8842""","=""0.0011""","=""992.8832""","=""0.0019""","=""140bl(Co II)*""","=""3.41e+07""",,"=""110163.09""","=""120232.007""","=""3d7.(4F<9/2>).4f""","=""2[5/2]*""","=""2""","=""3d7.(4F<9/2>).5g""","=""2[1/2]""","=""1""",5,3,,"=""T7021""","=""L11793c118""",
Co,2,"=""992.8899""","=""0.0009""","=""992.8905""","=""0.0008""","=""170bl(Co II)""","=""3.48e+07""",,"=""110996.275""","=""121065.118""","=""3d7.(4F<7/2>).4f""","=""2[3/2]*""","=""2""","=""3d7.(4F<7/2>).5g""","=""2[3/2]""","=""2""",5,5,,"=""T7021""","=""L11793c118""",
Co,2,"=""993.1319""","=""0.0003""","=""993.1319""","=""0.0003""","=""170""","=""4.4e+07""",,"=""111602.201""","=""121668.597""","=""3d7.(4F<5/2>).4f""","=""2[3/2]*""","=""2""","=""3d7.(4F<5/2>).5g""","=""2[5/2]""","=""3""",5,7,,"=""T7021""","=""L11793c118""",
Co,2,"=""993.1501""","=""0.0003""","=""993.1501""","=""0.0008""","=""1100*""","=""6.9e+07""",,"=""110158.673""","=""120224.885""","=""3d7.(4F<9/2>).4f""","=""2[15/2]*""","=""8""","=""3d7.(4F<9/2>).5g""","=""2[17/2]""","=""9""",17,19,,"=""T7021""","=""L11793c118""",
Co,2,"=""993.1501""","=""0.0003""","=""993.1513""","=""0.0006""","=""1100*""","=""5.1e+05""",,"=""110158.673""","=""120224.872""","=""3d7.(4F<9/2>).4f""","=""2[15/2]*""","=""8""","=""3d7.(4F<9/2>).5g""","=""2[17/2]""","=""8""",17,17,,"=""T7021""","=""L11793c118""",
Co,2,"=""993.1841""","=""0.0024""","=""993.1821""","=""0.0024""","=""120""","=""2.35e+07""",,"=""110162.781""","=""120228.668""","=""3d7.(4F<9/2>).4f""","=""2[5/2]*""","=""3""","=""3d7.(4F<9/2>).5g""","=""2[3/2]""","=""2""",7,5,,"=""T7021""","=""L11793c118""",
Co,2,"=""993.2010""","=""0.0004""","=""993.2008""","=""0.0004""","=""19""","=""3.11e+07""",,"=""110163.09""","=""120228.788""","=""3d7.(4F<9/2>).4f""","=""2[5/2]*""","=""2""","=""3d7.(4F<9/2>).5g""","=""2[3/2]""","=""1""",5,3,,"=""T7021""","=""L11793c118""",
Co,2,"=""993.2441""","=""0.0004""","=""993.2432""","=""0.0003""","=""80*""","=""1.04e+05""",,"=""110986.083""","=""121051.351""","=""3d7.(4F<7/2>).4f""","=""2[13/2]*""","=""7""","=""3d7.(4F<7/2>).5g""","=""2[13/2]""","=""6""",15,13,,"=""T7021""","=""L11793c118""",
Co,2,"=""993.2441""","=""0.0004""","=""993.2438""","=""0.0004""","=""80*""","=""9.2e+06""",,"=""110986.083""","=""121051.345""","=""3d7.(4F<7/2>).4f""","=""2[13/2]*""","=""7""","=""3d7.(4F<7/2>).5g""","=""2[13/2]""","=""7""",15,15,,"=""T7021""","=""L11793c118""",
Co,2,"=""993.2640""","=""0.0007""","=""993.2640""","=""0.0016""","=""29bl(Co II)""","=""3.9e+07""",,"=""111000.225""","=""121065.282""","=""3d7.(4F<7/2>).4f""","=""2[3/2]*""","=""1""","=""3d7.(4F<7/2>).5g""","=""2[3/2]""","=""1""",3,3,,"=""T7021""","=""L11793c118""",
Co,2,"=""993.2713""","=""0.0004""","=""993.2748""","=""0.0005""","=""17*""","=""1.69e+05""",,"=""112007.833""","=""122072.781""","=""3d7.(4F<3/2>).4f""","=""2[9/2]*""","=""4""","=""3d7.(4F<3/2>).5g""","=""2[9/2]""","=""5""",9,11,,"=""T7021""","=""L11793c118""",
Co,2,"=""993.2713""","=""0.0004""","=""993.2750""","=""0.0008""","=""17*""","=""6.2e+06""",,"=""112007.833""","=""122072.779""","=""3d7.(4F<3/2>).4f""","=""2[9/2]*""","=""4""","=""3d7.(4F<3/2>).5g""","=""2[9/2]""","=""4""",9,9,,"=""T7021""","=""L11793c118""",
Co,2,"=""993.4066""","=""0.0004""","=""993.4067""","=""0.0003""","=""130""","=""2.85e+07""",,"=""110996.275""","=""121059.886""","=""3d7.(4F<7/2>).4f""","=""2[3/2]*""","=""2""","=""3d7.(4F<7/2>).5g""","=""2[5/2]""","=""3""",5,7,,"=""T7021""","=""L11793c118""",
Co,2,"=""993.5159""","=""0.0003""","=""993.5159""","=""0.0003""","=""150""","=""1.03e+07""",,"=""110148.061""","=""120210.566""","=""3d7.(4F<9/2>).4f""","=""2[15/2]*""","=""7""","=""3d7.(4F<9/2>).5g""","=""2[15/2]""","=""7""",15,15,,"=""T7021""","=""L11793c118""",
Co,2,"=""993.7121""","=""0.0003""","=""993.7121""","=""0.0016""","=""100bl(Co II)""","=""3.50e+07""",,"=""110162.781""","=""120223.300""","=""3d7.(4F<9/2>).4f""","=""2[5/2]*""","=""3""","=""3d7.(4F<9/2>).5g""","=""2[5/2]""","=""3""",7,7,,"=""T7021""","=""L11793c118""",
Co,2,"=""993.7327""","=""0.0003""","=""993.7323""","=""0.0007""","=""82bl(Co II)""","=""2.14e+07""",,"=""110163.09""","=""120223.404""","=""3d7.(4F<9/2>).4f""","=""2[5/2]*""","=""2""","=""3d7.(4F<9/2>).5g""","=""2[5/2]""","=""2""",5,5,,"=""T7021""","=""L11793c118""",
Co,2,"=""993.8105""","=""0.0006""","=""993.8114""","=""0.0006""","=""61""","=""2.00e+07""",,"=""111000.225""","=""121059.738""","=""3d7.(4F<7/2>).4f""","=""2[3/2]*""","=""1""","=""3d7.(4F<7/2>).5g""","=""2[5/2]""","=""2""",3,5,,"=""T7021""","=""L11793c118""",
Co,2,"=""994.2581""","=""0.0006""","=""994.2565""","=""0.0012""","=""210bl(Co II)""","=""9.1e+06""",,"=""112036.18""","=""122091.19""","=""3d7.(4F<3/2>).4f""","=""2[3/2]*""","=""2""","=""3d7.(4F<3/2>).5g""","=""2[5/2]""","=""2""",5,5,,"=""T7021""","=""L11793c118""",
Co,2,"=""994.2625""","=""0.0006""","=""994.262""","=""0.005""","=""220bl(Co II)""","=""5.4e+07""",,"=""112036.18""","=""122091.13""","=""3d7.(4F<3/2>).4f""","=""2[3/2]*""","=""2""","=""3d7.(4F<3/2>).5g""","=""2[5/2]""","=""3""",5,7,,"=""T7021""","=""L11793c118""",
Co,2,"=""994.2717""","=""0.0003""","=""994.2713""","=""0.0008""","=""86bl(Co II)""","=""3.6e+07""",,"=""111014.319""","=""121069.179""","=""3d7.(4F<7/2>).4f""","=""2[1/2]*""","=""1""","=""3d7.(4F<7/2>).5g""","=""2[1/2]""","=""1""",3,3,,"=""T7021""","=""L11793c118""",
Co,2,"=""994.3781""","=""0.0004""","=""994.378""","=""0.003""","=""260bl""","=""2.71e+06""",,"=""110162.781""","=""120216.558""","=""3d7.(4F<9/2>).4f""","=""2[5/2]*""","=""3""","=""3d7.(4F<9/2>).5g""","=""2[7/2]""","=""3""",7,7,,"=""T7021""","=""L11793c118""",
Co,2,"=""994.4040""","=""0.0005""","=""994.405""","=""0.004""","=""190bl(Co II)""","=""2.06e+07""",,"=""110162.781""","=""120216.288""","=""3d7.(4F<9/2>).4f""","=""2[5/2]*""","=""3""","=""3d7.(4F<9/2>).5g""","=""2[7/2]""","=""4""",7,9,,"=""T7021""","=""L11793c118""",
Co,2,"=""994.4084""","=""0.0005""","=""994.409""","=""0.003""","=""250bl(Co II)""","=""7.5e+06""",,"=""110163.09""","=""120216.558""","=""3d7.(4F<9/2>).4f""","=""2[5/2]*""","=""2""","=""3d7.(4F<9/2>).5g""","=""2[7/2]""","=""3""",5,7,,"=""T7021""","=""L11793c118""",
Co,2,"=""994.5593""","=""0.0003""","=""994.5582""","=""0.0008""","=""120""","=""1.04e+07""",,"=""110158.673""","=""120210.633""","=""3d7.(4F<9/2>).4f""","=""2[15/2]*""","=""8""","=""3d7.(4F<9/2>).5g""","=""2[15/2]""","=""8""",17,17,,"=""T7021""","=""L11793c118""",
Co,2,"=""994.6733""","=""0.0004""","=""994.6731""","=""0.0007""","=""30""","=""2.24e+07""",,"=""111014.319""","=""121065.118""","=""3d7.(4F<7/2>).4f""","=""2[1/2]*""","=""1""","=""3d7.(4F<7/2>).5g""","=""2[3/2]""","=""2""",3,5,,"=""T7021""","=""L11793c118""",
Co,2,"=""994.7924""","=""0.0004""","=""994.7922""","=""0.0008""","=""77bl(Co II)""","=""5.4e+07""",,"=""112041.595""","=""122091.19""","=""3d7.(4F<3/2>).4f""","=""2[3/2]*""","=""1""","=""3d7.(4F<3/2>).5g""","=""2[5/2]""","=""2""",3,5,,"=""T7021""","=""L11793c118""",
Co,2,"=""995.9640""","=""0.0005""","=""995.9648""","=""0.0017""","=""43bl(Co II)""","=""2.19e+07""",,"=""110194.244""","=""120232.007""","=""3d7.(4F<9/2>).4f""","=""2[3/2]*""","=""2""","=""3d7.(4F<9/2>).5g""","=""2[1/2]""","=""1""",5,3,,"=""T7021""","=""L11793c118""",
Co,2,"=""996.2866""","=""0.0006""","=""996.2843""","=""0.0006""","=""83bl(Co II)""","=""7.4e+06""",,"=""110194.244""","=""120228.788""","=""3d7.(4F<9/2>).4f""","=""2[3/2]*""","=""2""","=""3d7.(4F<9/2>).5g""","=""2[3/2]""","=""1""",5,3,,"=""T7021""","=""L11793c118""",
Co,2,"=""996.2991""","=""0.0005""","=""996.2963""","=""0.0024""","=""89bl(Co II)""","=""2.28e+07""",,"=""110194.244""","=""120228.668""","=""3d7.(4F<9/2>).4f""","=""2[3/2]*""","=""2""","=""3d7.(4F<9/2>).5g""","=""2[3/2]""","=""2""",5,5,,"=""T7021""","=""L11793c118""",
Co,2,"=""996.4986""","=""0.0006""","=""996.4986""","=""0.0006""","=""47""","=""6.9e+07""",,"=""110199.790""","=""120232.177""","=""3d7.(4F<9/2>).4f""","=""2[3/2]*""","=""1""","=""3d7.(4F<9/2>).5g""","=""2[1/2]""","=""0""",3,1,,"=""T7021""","=""L11793c118""",
Co,2,"=""996.8199""","=""0.0004""","=""996.8192""","=""0.0007""","=""43bl(Co II)""","=""1.73e+07""",,"=""110194.244""","=""120223.404""","=""3d7.(4F<9/2>).4f""","=""2[3/2]*""","=""2""","=""3d7.(4F<9/2>).5g""","=""2[5/2]""","=""2""",5,5,,"=""T7021""","=""L11793c118""",
Co,2,"=""996.8295""","=""0.0016""","=""996.8295""","=""0.0016""","=""64bl(Co II)""","=""9.8e+06""",,"=""110194.244""","=""120223.300""","=""3d7.(4F<9/2>).4f""","=""2[3/2]*""","=""2""","=""3d7.(4F<9/2>).5g""","=""2[5/2]""","=""3""",5,7,,"=""T7021""","=""L11793c118""",
Co,2,"=""996.8355""","=""0.0004""","=""996.8353""","=""0.0005""","=""46bl(Co II)""","=""3.02e+07""",,"=""110199.790""","=""120228.788""","=""3d7.(4F<9/2>).4f""","=""2[3/2]*""","=""1""","=""3d7.(4F<9/2>).5g""","=""2[3/2]""","=""1""",3,3,,"=""T7021""","=""L11793c118""",
Co,2,"=""996.8464""","=""0.0014""","=""996.8472""","=""0.0022""","=""15bl(Co II)""","=""4.0e+06""",,"=""110199.790""","=""120228.668""","=""3d7.(4F<9/2>).4f""","=""2[3/2]*""","=""1""","=""3d7.(4F<9/2>).5g""","=""2[3/2]""","=""2""",3,5,,"=""T7021""","=""L11793c118""",
Co,2,"=""1002.2951""","=""0.0006""","=""1002.29602""","=""0.00024""","=""4""","=""1.7e+05""",D,"=""85481.689""","=""95456.047""","=""3d7.(4F).5s""","=""e 3F""","=""4""","=""3d7.(4F).5p""","=""5F*""","=""5""",9,11,,"=""T6999""","=""L9429c118""",
