element,sp_num,obs_wl_air(nm),unc_obs_wl,ritz_wl_air(nm),unc_ritz_wl,intens,Aki(s^-1),Acc,Ei(cm-1),Ek(cm-1),conf_i,term_i,J_i,conf_k,term_k,J_k,g_i,g_k,Type,tp_ref,line_ref,
Cr,1,"=""199.995""","=""0.005""","=""199.99536""","=""0.00020""","=""35""","=""1.4e+08""",D,"=""8307.5753""","=""58292.54""","=""3d4.4s2""","=""a 5D""","=""4""","=""3d4.4s.5p""","=""r 5D*""","=""4""",9,9,,"=""T3196""","=""L808""",
Cr,2,"=""201.11691""","=""0.00004""","=""201.116902""","=""0.000006""","=""16""","=""8.33e+05""",,"=""0.0000""","=""49706.2607""","=""3d5""","=""a 6S""","=""5/2""","=""3d4.(5D).4p""","=""z 4P*""","=""5/2""",6,6,,"=""T7574""","=""L18847""",
Cr,2,"=""201.36182""","=""0.00010""","=""201.361843""","=""0.000006""","=""6""","=""1.57e+05""",,"=""0.0000""","=""49645.8058""","=""3d5""","=""a 6S""","=""5/2""","=""3d4.(5D).4p""","=""z 6D*""","=""7/2""",6,8,,"=""T7574""","=""L18847""",
Cr,2,"=""201.6921""","=""0.0002""","=""201.692190""","=""0.000006""","=""3""","=""2.82e+05""",,"=""0.0000""","=""49564.5038""","=""3d5""","=""a 6S""","=""5/2""","=""3d4.(5D).4p""","=""z 6D*""","=""3/2""",6,4,,"=""T7574""","=""L18847""",
Cr,2,"=""202.561863""","=""0.000012""","=""202.561870""","=""0.000006""","=""57""","=""2.11e+06""",,"=""0.0000""","=""49351.7336""","=""3d5""","=""a 6S""","=""5/2""","=""3d4.(5D).4p""","=""z 6D*""","=""5/2""",6,6,,"=""T7574""","=""L18847""",
Cr,2,"=""203.991769""","=""0.000009""","=""203.991765""","=""0.000006""","=""81""","=""3.52e+06""",,"=""0.0000""","=""49005.8471""","=""3d5""","=""a 6S""","=""5/2""","=""3d4.(5D).4p""","=""z 4P*""","=""3/2""",6,4,,"=""T7574""","=""L18847""",
Cr,2,"=""205.559869""","=""0.000006""","=""205.559868""","=""0.000006""","=""3200""","=""1.22e+08""",B+,"=""0.0000""","=""48632.0590""","=""3d5""","=""a 6S""","=""5/2""","=""3d4.(5D).4p""","=""z 6P*""","=""7/2""",6,8,,"=""T7574""","=""L18847""",
Cr,2,"=""206.157673""","=""0.000007""","=""206.157673""","=""0.000006""","=""2500""","=""1.19e+08""",B+,"=""0.0000""","=""48491.0569""","=""3d5""","=""a 6S""","=""5/2""","=""3d4.(5D).4p""","=""z 6P*""","=""5/2""",6,6,,"=""T7574""","=""L18847""",
Cr,2,"=""206.550389""","=""0.000007""","=""206.550391""","=""0.000006""","=""1700""","=""1.20e+08""",B+,"=""0.0000""","=""48398.8721""","=""3d5""","=""a 6S""","=""5/2""","=""3d4.(5D).4p""","=""z 6P*""","=""3/2""",6,4,,"=""T7574""","=""L18847""",
Cr,1,"=""209.500""","=""0.009""","=""209.4928""","=""0.0007""","=""12h""","=""1.2e+06""",C,"=""0.0000""","=""47719.18""","=""3d5.(6S).4s""","=""a 7S""","=""3""","=""3d5.(6S).6p""","=""w 7P*""","=""4""",7,9,,"=""T3196""","=""L808""",
Cr,1,"=""209.540""","=""0.009""","=""209.5403""","=""0.0006""","=""10h""","=""1.1e+06""",C,"=""0.0000""","=""47708.35""","=""3d5.(6S).4s""","=""a 7S""","=""3""","=""3d5.(6S).6p""","=""w 7P*""","=""3""",7,7,,"=""T3196""","=""L808""",
Cr,1,"=""209.583""","=""0.009""","=""209.583""","=""0.009""","=""8h""","=""1.1e+06""",C,"=""0.0000""","=""47698.6""","=""3d5.(6S).4s""","=""a 7S""","=""3""","=""3d5.(6S).6p""","=""w 7P*""","=""2""",7,5,,"=""T3196""","=""L808""",
Cr,1,"=""235.430""","=""0.005""","=""235.430952""","=""0.000008""","=""15""","=""8.1e+06""",D,"=""8095.1842""","=""50557.4907""","=""3d4.4s2""","=""a 5D""","=""3""","=""3d5.(4D).4p""","=""u 5D*""","=""4""",7,9,,"=""T3196""","=""L808""",
Cr,1,"=""236.473""","=""0.009""","=""236.4731""","=""0.0013""","=""150r""","=""5.3e+06""",C,"=""0.0000""","=""42275.19""","=""3d5.(6S).4s""","=""a 7S""","=""3""","=""3d5.(6S).5p""","=""x 7P*""","=""4""",7,9,,"=""T3196""","=""L808""",
Cr,1,"=""236.59188""","=""0.00004""","=""236.59188""","=""0.00004""","=""8""","=""5.5e+06""",C,"=""0.0000""","=""42253.966""","=""3d5.(6S).4s""","=""a 7S""","=""3""","=""3d5.(6S).5p""","=""x 7P*""","=""3""",7,7,,"=""T3196""","=""L14866""",
Cr,1,"=""236.68156""","=""0.00004""","=""236.68156""","=""0.00004""","=""8""","=""6.9e+06""",C,"=""0.0000""","=""42237.957""","=""3d5.(6S).4s""","=""a 7S""","=""3""","=""3d5.(6S).5p""","=""x 7P*""","=""2""",7,5,,"=""T3196""","=""L14866""",
Cr,1,"=""237.506""","=""0.005""","=""237.505779""","=""0.000017""","=""5""","=""1.7e+07""",E,"=""7927.4410""","=""50018.831""","=""3d4.4s2""","=""a 5D""","=""2""","=""3d5.(4D).4p""","=""s 5F*""","=""1""",5,3,,"=""T3196""","=""L808""",
Cr,1,"=""238.33057""","=""0.00005""","=""238.330662""","=""0.000014""","=""4""","=""4.1e+07""",D,"=""8307.5753""","=""50253.295""","=""3d4.4s2""","=""a 5D""","=""4""","=""3d5.(4D).4p""","=""s 5F*""","=""5""",9,11,,"=""T3196""","=""L14866""",
Cr,1,"=""238.572""","=""0.009""","=""238.5729""","=""0.0009""","=""7wh""","=""1.7e+07""",D,"=""8307.5753""","=""50210.70""","=""3d4.4s2""","=""a 5D""","=""4""","=""3d5.(4D).4p""","=""s 5F*""","=""4""",9,9,,"=""T3196""","=""L808""",
Cr,1,"=""238.921""","=""0.009""","=""238.921819""","=""0.000009""","=""3w""","=""2.3e+07""",D,"=""7810.7795""","=""49652.7224""","=""3d4.4s2""","=""a 5D""","=""1""","=""3d5.(4D).4p""","=""x 3F*""","=""2""",3,5,,"=""T3196""","=""L808""",
Cr,1,"=""240.86228""","=""0.00013""","=""240.862412""","=""0.000015""","=""8""","=""6.7e+07""",D,"=""8307.5753""","=""49812.430""","=""3d4.4s2""","=""a 5D""","=""4""","=""3d5.(4D).4p""","=""t 5P*""","=""3""",9,7,,"=""T3196""","=""L14866""",
Cr,1,"=""240.872""","=""0.004""","=""240.875087""","=""0.000018""","=""35r""","=""2.9e+07""",D,"=""8095.1842""","=""49597.855""","=""3d4.4s2""","=""a 5D""","=""3""","=""3d4.(3F1).4s.4p.(3P*)""","=""1D*""","=""2""",7,5,,"=""T3196""","=""L808""",
Cr,1,"=""247.91334""","=""0.00004""","=""247.913369""","=""0.000019""","=""8""","=""9.8e+06""",D,"=""7927.4410""","=""48251.933""","=""3d4.4s2""","=""a 5D""","=""2""","=""3d4.(3F1).4s.4p.(3P*)""","=""3D*""","=""3""",5,7,,"=""T3196""","=""L14866""",
Cr,1,"=""249.25696""","=""0.00002""","=""249.256975""","=""0.000008""","=""36""","=""4.5e+07""",C,"=""7810.7795""","=""47917.9197""","=""3d4.4s2""","=""a 5D""","=""1""","=""3d5.(4G).4p""","=""u 5F*""","=""2""",3,5,,"=""T3196""","=""L14866""",
Cr,1,"=""249.50784""","=""0.00003""","=""249.507847""","=""0.000014""","=""12""","=""2.7e+07""",C,"=""7810.7795""","=""47877.596""","=""3d4.4s2""","=""a 5D""","=""1""","=""3d5.(4G).4p""","=""u 5F*""","=""1""",3,3,,"=""T3196""","=""L14866""",
Cr,1,"=""249.63058""","=""0.00002""","=""249.630633""","=""0.000007""","=""55""","=""5.6e+07""",C,"=""7927.4410""","=""47974.5512""","=""3d4.4s2""","=""a 5D""","=""2""","=""3d5.(4G).4p""","=""u 5F*""","=""3""",5,7,,"=""T3196""","=""L14866""",
Cr,1,"=""249.98414""","=""0.00003""","=""249.984166""","=""0.000008""","=""12""","=""1.6e+07""",E,"=""7927.4410""","=""47917.9197""","=""3d4.4s2""","=""a 5D""","=""2""","=""3d5.(4G).4p""","=""u 5F*""","=""2""",5,5,,"=""T3196""","=""L14866""",
Cr,1,"=""250.25291""","=""0.00002""","=""250.252921""","=""0.000012""","=""56""","=""2.2e+07""",D,"=""8095.1842""","=""48042.7187""","=""3d4.4s2""","=""a 5D""","=""3""","=""""","=""*""","=""4""",7,9,,"=""T3196""","=""L14866""",
Cr,1,"=""250.43063""","=""0.00002""","=""250.430631""","=""0.000008""","=""68""","=""4.5e+07""",C,"=""8095.1842""","=""48014.3731""","=""3d4.4s2""","=""a 5D""","=""3""","=""3d5.(4G).4p""","=""u 5F*""","=""4""",7,9,,"=""T3196""","=""L14866""",
Cr,1,"=""250.81100""","=""0.00002""","=""250.810991""","=""0.000008""","=""25""","=""2.1e+07""",D,"=""7927.4410""","=""47786.0959""","=""3d4.4s2""","=""a 5D""","=""2""","=""3d5.(4P).4p""","=""v 5D*""","=""2""",5,5,,"=""T3196""","=""L14866""",
Cr,1,"=""250.89803""","=""0.00002""","=""250.898025""","=""0.000010""","=""23""","=""3.8e+07""",C,"=""7927.4410""","=""47772.2702""","=""3d4.4s2""","=""a 5D""","=""2""","=""3d5.(4P).4p""","=""v 5D*""","=""1""",5,3,,"=""T3196""","=""L14866""",
Cr,1,"=""251.36209""","=""0.00003""","=""251.362067""","=""0.000009""","=""12""","=""1.1e+07""",C,"=""8095.1842""","=""47866.4604""","=""3d4.4s2""","=""a 5D""","=""3""","=""3d5.(4P).4p""","=""v 5D*""","=""4""",7,9,,"=""T3196""","=""L14866""",
Cr,1,"=""252.71170""","=""0.00002""","=""252.711718""","=""0.000009""","=""73""","=""5.3e+07""",E,"=""8307.5753""","=""47866.4604""","=""3d4.4s2""","=""a 5D""","=""4""","=""3d5.(4P).4p""","=""v 5D*""","=""4""",9,9,,"=""T3196""","=""L14866""",
Cr,1,"=""253.89498""","=""0.00002""","=""253.894988""","=""0.000007""","=""16""","=""1.1e+07""",E,"=""7593.1484""","=""46967.6827""","=""3d5.(6S).4s""","=""a 5S""","=""2""","=""3d5.(4P).4p""","=""u 5P*""","=""2""",5,5,,"=""T3196""","=""L14866""",
Cr,1,"=""254.47094""","=""0.00009""","=""254.471024""","=""0.000014""","=""30""","=""1.1e+07""",D,"=""7593.1484""","=""46878.558""","=""3d5.(6S).4s""","=""a 5S""","=""2""","=""3d5.(4P).4p""","=""u 5P*""","=""3""",5,7,,"=""T3196""","=""L14866""",
Cr,1,"=""254.95441""","=""0.00002""","=""254.954402""","=""0.000008""","=""54""","=""4.8e+07""",D,"=""7810.7795""","=""47021.7112""","=""3d4.4s2""","=""a 5D""","=""1""","=""3d5.(4P).4p""","=""u 5P*""","=""1""",3,3,,"=""T3196""","=""L14866""",
Cr,1,"=""256.06918""","=""0.00002""","=""256.069175""","=""0.000006""","=""81""","=""4.3e+07""",D,"=""7927.4410""","=""46967.6827""","=""3d4.4s2""","=""a 5D""","=""2""","=""3d5.(4P).4p""","=""u 5P*""","=""2""",5,5,,"=""T3196""","=""L14866""",
Cr,1,"=""257.17424""","=""0.000010""","=""257.174239""","=""0.000006""","=""100""","=""6.4e+07""",E,"=""8095.1842""","=""46967.6827""","=""3d4.4s2""","=""a 5D""","=""3""","=""3d5.(4P).4p""","=""u 5P*""","=""2""",7,5,,"=""T3196""","=""L14866""",
Cr,1,"=""257.76526""","=""0.000010""","=""257.765266""","=""0.000010""","=""92""","=""2.6e+07""",D,"=""8095.1842""","=""46878.558""","=""3d4.4s2""","=""a 5D""","=""3""","=""3d5.(4P).4p""","=""u 5P*""","=""3""",7,7,,"=""T3196""","=""L14866""",
Cr,1,"=""257.91549""","=""0.000010""","=""257.915492""","=""0.000008""","=""90""","=""1.1e+07""",D,"=""7927.4410""","=""46688.2265""","=""3d4.4s2""","=""a 5D""","=""2""","=""3d4.(3G).4s.4p.(3P*)""","=""w 5F*""","=""3""",5,7,,"=""T3196""","=""L14866""",
Cr,1,"=""258.46574""","=""0.00002""","=""258.465750""","=""0.000008""","=""79""","=""6.1e+06""",E,"=""8307.5753""","=""46985.8465""","=""3d4.4s2""","=""a 5D""","=""4""","=""3d4.(3H).4s.4p.(3P*)""","=""z 3G*""","=""5""",9,11,,"=""T3196""","=""L14866""",
Cr,1,"=""258.82032""","=""0.000010""","=""258.820323""","=""0.000006""","=""110""","=""8.8e+06""",E,"=""8095.1842""","=""46720.4711""","=""3d4.4s2""","=""a 5D""","=""3""","=""3d4.(3G).4s.4p.(3P*)""","=""w 5F*""","=""4""",7,9,,"=""T3196""","=""L14866""",
Cr,1,"=""259.18473""","=""0.000010""","=""259.184740""","=""0.000011""","=""180""","=""6.5e+07""",C,"=""8307.5753""","=""46878.558""","=""3d4.4s2""","=""a 5D""","=""4""","=""3d5.(4P).4p""","=""u 5P*""","=""3""",9,7,,"=""T3196""","=""L14866""",
Cr,1,"=""260.35698""","=""0.000010""","=""260.356971""","=""0.000006""","=""99""","=""6.2e+06""",E,"=""8307.5753""","=""46704.9067""","=""3d4.4s2""","=""a 5D""","=""4""","=""3d4.(3G).4s.4p.(3P*)""","=""w 5F*""","=""5""",9,11,,"=""T3196""","=""L14866""",
Cr,1,"=""261.82689""","=""0.00002""","=""261.826874""","=""0.000007""","=""65""","=""9.5e+06""",E,"=""7927.4410""","=""46109.2219""","=""3d4.4s2""","=""a 5D""","=""2""","=""3d5.(4P).4p""","=""y 3D*""","=""2""",5,5,,"=""T3196""","=""L14866""",
Cr,1,"=""262.04777""","=""0.00002""","=""262.047760""","=""0.000009""","=""80""","=""1.9e+07""",E,"=""7927.4410""","=""46077.0395""","=""3d4.4s2""","=""a 5D""","=""2""","=""3d5.(4P).4p""","=""y 3D*""","=""1""",5,3,,"=""T3196""","=""L14866""",
Cr,1,"=""262.28671""","=""0.00002""","=""262.286699""","=""0.000011""","=""250""","=""1.3e+07""",D,"=""8307.5753""","=""46422.4223""","=""3d4.4s2""","=""a 5D""","=""4""","=""3d4.(3F1).4s.4p.(3P*)""","=""w 5D*""","=""4""",9,9,,"=""T3196""","=""L14866""",
Cr,1,"=""262.53224""","=""0.00002""","=""262.532219""","=""0.000007""","=""87""","=""9.1e+06""",E,"=""8095.1842""","=""46174.3884""","=""3d4.4s2""","=""a 5D""","=""3""","=""3d5.(4P).4p""","=""y 3D*""","=""3""",7,7,,"=""T3196""","=""L14866""",
Cr,1,"=""262.65992""","=""0.00002""","=""262.659903""","=""0.000007""","=""110""","=""9.3e+06""",E,"=""8307.5753""","=""46368.2695""","=""3d4.4s2""","=""a 5D""","=""4""","=""3d4.(3F1).4s.4p.(3P*)""","=""w 5D*""","=""3""",9,7,,"=""T3196""","=""L14866""",
Cr,1,"=""262.98232""","=""0.00002""","=""262.982298""","=""0.000007""","=""74""","=""1.0e+07""",E,"=""8095.1842""","=""46109.2219""","=""3d4.4s2""","=""a 5D""","=""3""","=""3d5.(4P).4p""","=""y 3D*""","=""2""",7,5,,"=""T3196""","=""L14866""",
Cr,2,"=""265.358060""","=""0.000006""","=""265.358063""","=""0.000007""","=""840""","=""3.5e+07""",D,"=""12032.5447""","=""49706.2607""","=""3d4.(5D).4s""","=""a 6D""","=""3/2""","=""3d4.(5D).4p""","=""z 4P*""","=""5/2""",4,6,,"=""T3683""","=""L18847""",
Cr,2,"=""265.858839""","=""0.000006""","=""265.858838""","=""0.000007""","=""950""","=""5.8e+07""",D,"=""11961.7464""","=""49564.5038""","=""3d4.(5D).4s""","=""a 6D""","=""1/2""","=""3d4.(5D).4p""","=""z 6D*""","=""3/2""",2,4,,"=""T3683""","=""L18847""",
Cr,2,"=""266.601367""","=""0.000006""","=""266.601360""","=""0.000007""","=""2500""","=""5.9e+07""",D,"=""12147.7713""","=""49645.8058""","=""3d4.(5D).4s""","=""a 6D""","=""5/2""","=""3d4.(5D).4p""","=""z 6D*""","=""7/2""",6,8,,"=""T3683""","=""L18847""",
Cr,2,"=""266.870881""","=""0.000006""","=""266.870880""","=""0.000007""","=""1100""","=""1.4e+08""",D,"=""12032.5447""","=""49492.7111""","=""3d4.(5D).4s""","=""a 6D""","=""3/2""","=""3d4.(5D).4p""","=""z 6D*""","=""1/2""",4,2,,"=""T3683""","=""L18847""",
Cr,1,"=""266.93677""","=""0.00002""","=""266.936765""","=""0.000012""","=""99""","=""1.2e+07""",E,"=""7750.7465""","=""45201.6676""","=""3d4.4s2""","=""a 5D""","=""0""","=""3d4.(3F1).4s.4p.(3P*)""","=""x 5F*""","=""1""",1,3,,"=""T3196""","=""L14866""",
Cr,2,"=""267.180684""","=""0.000006""","=""267.180686""","=""0.000007""","=""1700""","=""1.0e+08""",D,"=""12147.7713""","=""49564.5038""","=""3d4.(5D).4s""","=""a 6D""","=""5/2""","=""3d4.(5D).4p""","=""z 6D*""","=""3/2""",6,4,,"=""T3683""","=""L18847""",
Cr,1,"=""267.19815""","=""0.00002""","=""267.198136""","=""0.000010""","=""190""","=""1.2e+07""",D,"=""7810.7795""","=""45225.0686""","=""3d4.4s2""","=""a 5D""","=""1""","=""3d4.(3F1).4s.4p.(3P*)""","=""x 5F*""","=""2""",3,5,,"=""T3196""","=""L14866""",
Cr,2,"=""267.282781""","=""0.000006""","=""267.282784""","=""0.000007""","=""1200""","=""5.5e+07""",D,"=""12303.8200""","=""49706.2607""","=""3d4.(5D).4s""","=""a 6D""","=""7/2""","=""3d4.(5D).4p""","=""z 4P*""","=""5/2""",8,6,,"=""T3683""","=""L18847""",
Cr,1,"=""267.36538""","=""0.00002""","=""267.365370""","=""0.000011""","=""110""","=""1.8e+07""",E,"=""7810.7795""","=""45201.6676""","=""3d4.4s2""","=""a 5D""","=""1""","=""3d4.(3F1).4s.4p.(3P*)""","=""x 5F*""","=""1""",3,3,,"=""T3196""","=""L14866""",
Cr,1,"=""267.81627""","=""0.00002""","=""267.816246""","=""0.000010""","=""330""","=""1.2e+07""",C,"=""7927.4410""","=""45255.3842""","=""3d4.4s2""","=""a 5D""","=""2""","=""3d4.(3F1).4s.4p.(3P*)""","=""x 5F*""","=""3""",5,7,,"=""T3196""","=""L14866""",
Cr,1,"=""268.03395""","=""0.00002""","=""268.033940""","=""0.000010""","=""170""","=""1.0e+07""",D,"=""7927.4410""","=""45225.0686""","=""3d4.4s2""","=""a 5D""","=""2""","=""3d4.(3F1).4s.4p.(3P*)""","=""x 5F*""","=""2""",5,5,,"=""T3196""","=""L14866""",
Cr,1,"=""269.02527""","=""0.00002""","=""269.025252""","=""0.000009""","=""210""","=""8.5e+06""",D,"=""8095.1842""","=""45255.3842""","=""3d4.4s2""","=""a 5D""","=""3""","=""3d4.(3F1).4s.4p.(3P*)""","=""x 5F*""","=""3""",7,7,,"=""T3196""","=""L14866""",
Cr,1,"=""269.65415""","=""0.00002""","=""269.654121""","=""0.000013""","=""61""","=""1.2e+07""",D,"=""7593.1484""","=""44666.6907""","=""3d5.(6S).4s""","=""a 5S""","=""2""","=""3d4.(3P1).4s.4p.(3P*)""","=""v 5P*""","=""1""",5,3,,"=""T3196""","=""L14866""",
Cr,1,"=""270.05946""","=""0.00002""","=""270.059442""","=""0.000010""","=""100""","=""7.5e+06""",D,"=""8095.1842""","=""45113.0874""","=""3d4.4s2""","=""a 5D""","=""3""","=""3d4.(3P1).4s.4p.(3P*)""","=""v 5P*""","=""3""",7,7,,"=""T3196""","=""L14866""",
Cr,1,"=""270.19916""","=""0.00002""","=""270.199133""","=""0.000009""","=""830""","=""2.1e+07""",C,"=""8307.5753""","=""45306.3417""","=""3d4.4s2""","=""a 5D""","=""4""","=""3d4.(3F1).4s.4p.(3P*)""","=""x 5F*""","=""5""",9,11,,"=""T3196""","=""L14866""",
Cr,1,"=""270.34804""","=""0.00002""","=""270.348033""","=""0.000008""","=""200""","=""6.3e+06""",D,"=""8307.5753""","=""45285.9649""","=""3d4.4s2""","=""a 5D""","=""4""","=""3d4.(3F1).4s.4p.(3P*)""","=""x 5F*""","=""4""",9,9,,"=""T3196""","=""L14866""",
Cr,1,"=""271.61796""","=""0.00002""","=""271.617943""","=""0.000010""","=""180""","=""1.1e+07""",C,"=""8307.5753""","=""45113.0874""","=""3d4.4s2""","=""a 5D""","=""4""","=""3d4.(3P1).4s.4p.(3P*)""","=""v 5P*""","=""3""",9,7,,"=""T3196""","=""L14866""",
Cr,1,"=""272.65140""","=""0.00016""","=""272.651240""","=""0.000018""","=""370""","=""7.5e+07""",C,"=""7593.1484""","=""44259.182""","=""3d5.(6S).4s""","=""a 5S""","=""2""","=""3d5.(6S).5p""","=""w 5P*""","=""3""",5,7,,"=""T3196""","=""L14866""",
Cr,1,"=""273.19087""","=""0.00002""","=""273.190853""","=""0.000008""","=""370""","=""7.8e+07""",C,"=""7593.1484""","=""44186.7624""","=""3d5.(6S).4s""","=""a 5S""","=""2""","=""3d5.(6S).5p""","=""w 5P*""","=""2""",5,5,,"=""T3196""","=""L14866""",
Cr,1,"=""273.64740""","=""0.00002""","=""273.647395""","=""0.000009""","=""300""","=""7.5e+07""",D,"=""7593.1484""","=""44125.7144""","=""3d5.(6S).4s""","=""a 5S""","=""2""","=""3d5.(6S).5p""","=""w 5P*""","=""1""",5,3,,"=""T3196""","=""L14866""",
Cr,2,"=""274.009532""","=""0.000007""","=""274.009522""","=""0.000007""","=""120""","=""1.1e+07""",D,"=""12147.7713""","=""48632.0590""","=""3d4.(5D).4s""","=""a 6D""","=""5/2""","=""3d4.(5D).4p""","=""z 6P*""","=""7/2""",6,8,,"=""T3683""","=""L18847""",
Cr,2,"=""274.497628""","=""0.000008""","=""274.497631""","=""0.000010""","=""190""","=""8.5e+07""",D,"=""30307.3672""","=""66726.7823""","=""3d4.(a 3P).4s""","=""b 4P""","=""3/2""","=""3d4.(a 3P).4p""","=""y 4P*""","=""5/2""",4,6,,"=""T3683""","=""L18847""",
Cr,1,"=""275.16008""","=""0.00002""","=""275.160071""","=""0.000014""","=""71""","=""6.9e+06""",D,"=""7927.4410""","=""44259.182""","=""3d4.4s2""","=""a 5D""","=""2""","=""3d5.(6S).5p""","=""w 5P*""","=""3""",5,7,,"=""T3196""","=""L14866""",
Cr,1,"=""275.28743""","=""0.00002""","=""275.287419""","=""0.000007""","=""330""","=""8.7e+07""",D,"=""7810.7795""","=""44125.7144""","=""3d4.4s2""","=""a 5D""","=""1""","=""3d5.(6S).5p""","=""w 5P*""","=""1""",3,3,,"=""T3196""","=""L14866""",
Cr,1,"=""275.70969""","=""0.00002""","=""275.709669""","=""0.000007""","=""380""","=""6.8e+07""",C,"=""7927.4410""","=""44186.7624""","=""3d4.4s2""","=""a 5D""","=""2""","=""3d5.(6S).5p""","=""w 5P*""","=""2""",5,5,,"=""T3196""","=""L14866""",
Cr,1,"=""276.17469""","=""0.00002""","=""276.174675""","=""0.000007""","=""300""","=""6.8e+07""",D,"=""7927.4410""","=""44125.7144""","=""3d4.4s2""","=""a 5D""","=""2""","=""3d5.(6S).5p""","=""w 5P*""","=""1""",5,3,,"=""T3196""","=""L14866""",
Cr,1,"=""276.43645""","=""0.00002""","=""276.436442""","=""0.000014""","=""340""","=""3.7e+07""",D,"=""8095.1842""","=""44259.182""","=""3d4.4s2""","=""a 5D""","=""3""","=""3d5.(6S).5p""","=""w 5P*""","=""3""",7,7,,"=""T3196""","=""L14866""",
Cr,1,"=""276.99118""","=""0.00002""","=""276.991155""","=""0.000007""","=""460""","=""1.1e+08""",C,"=""8095.1842""","=""44186.7624""","=""3d4.4s2""","=""a 5D""","=""3""","=""3d5.(6S).5p""","=""w 5P*""","=""2""",7,5,,"=""T3196""","=""L14866""",
Cr,1,"=""278.0699""","=""0.0004""","=""278.069629""","=""0.000015""","=""5.2""","=""1.4e+08""",C,"=""8307.5753""","=""44259.182""","=""3d4.4s2""","=""a 5D""","=""4""","=""3d5.(6S).5p""","=""w 5P*""","=""3""",9,7,,"=""T3196""","=""L13897""",
Cr,2,"=""278.761739""","=""0.000007""","=""278.761747""","=""0.000010""","=""370""","=""1.5e+08""",D,"=""30864.4328""","=""66726.7823""","=""3d4.(a 3P).4s""","=""b 4P""","=""5/2""","=""3d4.(a 3P).4p""","=""y 4P*""","=""5/2""",6,6,,"=""T3683""","=""L18847""",
Cr,2,"=""282.236777""","=""0.000007""","=""282.236775""","=""0.000011""","=""1600""","=""2.3e+08""",C,"=""30391.8311""","=""65812.6491""","=""3d4.(3H).4s""","=""a 4H""","=""13/2""","=""3d4.(3H).4p""","=""z 4I*""","=""15/2""",14,16,,"=""T2695""","=""L18847""",
Cr,2,"=""283.563159""","=""0.000007""","=""283.563154""","=""0.000007""","=""10000""","=""2.0e+08""",C,"=""12496.4565""","=""47751.6003""","=""3d4.(5D).4s""","=""a 6D""","=""9/2""","=""3d4.(5D).4p""","=""z 6F*""","=""11/2""",10,12,,"=""T2695""","=""L18847""",
Cr,2,"=""284.001452""","=""0.000007""","=""284.001456""","=""0.000010""","=""1000""","=""2.7e+08""",D,"=""30218.7787""","=""65419.5155""","=""3d4.(3H).4s""","=""a 4H""","=""9/2""","=""3d4.(3H).4p""","=""z 4I*""","=""11/2""",10,12,,"=""T3683""","=""L18847""",
Cr,2,"=""284.324559""","=""0.000007""","=""284.324560""","=""0.000007""","=""7400""","=""6.4e+07""",D,"=""12303.8200""","=""47464.5570""","=""3d4.(5D).4s""","=""a 6D""","=""7/2""","=""3d4.(5D).4p""","=""z 6F*""","=""9/2""",8,10,,"=""T3683""","=""L18847""",
Cr,2,"=""284.983456""","=""0.000007""","=""284.983458""","=""0.000007""","=""5800""","=""9.2e+07""",D,"=""12147.7713""","=""47227.2186""","=""3d4.(5D).4s""","=""a 6D""","=""5/2""","=""3d4.(5D).4p""","=""z 6F*""","=""7/2""",6,8,,"=""T3683""","=""L18847""",
Cr,2,"=""285.135253""","=""0.000007""","=""285.135255""","=""0.000011""","=""1000""","=""2.2e+08""",D,"=""30156.7340""","=""65217.5070""","=""3d4.(3H).4s""","=""a 4H""","=""7/2""","=""3d4.(3H).4p""","=""z 4I*""","=""9/2""",8,10,,"=""T3683""","=""L18847""",
Cr,2,"=""285.676180""","=""0.000007""","=""285.676181""","=""0.000008""","=""810""","=""4.3e+07""",D,"=""19631.2058""","=""54625.5946""","=""3d4.(5D).4s""","=""a 4D""","=""3/2""","=""3d4.(5D).4p""","=""z 4D*""","=""5/2""",4,6,,"=""T3683""","=""L18847""",
Cr,2,"=""285.739861""","=""0.000007""","=""285.739861""","=""0.000008""","=""470""","=""2.8e+07""",D,"=""19797.8594""","=""54784.4497""","=""3d4.(5D).4s""","=""a 4D""","=""5/2""","=""3d4.(5D).4p""","=""z 4D*""","=""7/2""",6,8,,"=""T3683""","=""L18847""",
Cr,2,"=""286.093125""","=""0.000007""","=""286.093129""","=""0.000007""","=""1200""","=""6.9e+07""",D,"=""11961.7464""","=""46905.1373""","=""3d4.(5D).4s""","=""a 6D""","=""1/2""","=""3d4.(5D).4p""","=""z 6F*""","=""3/2""",2,4,,"=""T3683""","=""L18847""",
Cr,2,"=""286.256918""","=""0.000006""","=""286.256914""","=""0.000007""","=""2400""","=""6.3e+07""",D,"=""12303.8200""","=""47227.2186""","=""3d4.(5D).4s""","=""a 6D""","=""7/2""","=""3d4.(5D).4p""","=""z 6F*""","=""7/2""",8,8,,"=""T3683""","=""L18847""",
Cr,2,"=""286.673985""","=""0.000006""","=""286.673983""","=""0.000007""","=""2100""","=""1.2e+08""",D,"=""12032.5447""","=""46905.1373""","=""3d4.(5D).4s""","=""a 6D""","=""3/2""","=""3d4.(5D).4p""","=""z 6F*""","=""3/2""",4,4,,"=""T3683""","=""L18847""",
Cr,2,"=""286.709397""","=""0.000007""","=""286.709401""","=""0.000008""","=""1100""","=""1.1e+08""",D,"=""19631.2058""","=""54499.4907""","=""3d4.(5D).4s""","=""a 4D""","=""3/2""","=""3d4.(5D).4p""","=""z 4D*""","=""3/2""",4,4,,"=""T3683""","=""L18847""",
Cr,2,"=""286.764708""","=""0.000006""","=""286.764712""","=""0.000008""","=""1500""","=""1.1e+08""",D,"=""11961.7464""","=""46823.3062""","=""3d4.(5D).4s""","=""a 6D""","=""1/2""","=""3d4.(5D).4p""","=""z 6F*""","=""1/2""",2,2,,"=""T3683""","=""L18847""",
Cr,2,"=""287.043231""","=""0.000007""","=""287.043231""","=""0.000008""","=""1800""","=""1.3e+08""",D,"=""19797.8594""","=""54625.5946""","=""3d4.(5D).4s""","=""a 4D""","=""5/2""","=""3d4.(5D).4p""","=""z 4D*""","=""5/2""",6,6,,"=""T3683""","=""L18847""",
Cr,1,"=""287.16322""","=""0.00002""","=""287.163215""","=""0.000013""","=""320""","=""1.2e+07""",D,"=""8095.1842""","=""42908.3681""","=""3d4.4s2""","=""a 5D""","=""3""","=""3d4.(3P1).4s.4p.(3P*)""","=""x 5D*""","=""4""",7,9,,"=""T3196""","=""L14866""",
Cr,2,"=""287.381444""","=""0.000007""","=""287.381444""","=""0.000008""","=""770""","=""8.8e+07""",D,"=""19631.2058""","=""54417.9549""","=""3d4.(5D).4s""","=""a 4D""","=""3/2""","=""3d4.(5D).4p""","=""z 4D*""","=""1/2""",4,2,,"=""T3683""","=""L18847""",
Cr,2,"=""287.844732""","=""0.000008""","=""287.844733""","=""0.000007""","=""180""","=""7.4e+06""",D,"=""12496.4565""","=""47227.2186""","=""3d4.(5D).4s""","=""a 6D""","=""9/2""","=""3d4.(5D).4p""","=""z 6F*""","=""7/2""",10,8,,"=""T3683""","=""L18847""",
Cr,1,"=""287.92720""","=""0.00002""","=""287.927187""","=""0.000011""","=""390""","=""2.1e+07""",D,"=""7927.4410""","=""42648.2577""","=""3d4.4s2""","=""a 5D""","=""2""","=""3d4.(3P1).4s.4p.(3P*)""","=""x 5D*""","=""3""",5,7,,"=""T3196""","=""L14866""",
Cr,2,"=""288.086378""","=""0.000007""","=""288.086380""","=""0.000008""","=""950""","=""7.9e+07""",D,"=""19797.8594""","=""54499.4907""","=""3d4.(5D).4s""","=""a 4D""","=""5/2""","=""3d4.(5D).4p""","=""z 4D*""","=""3/2""",6,4,,"=""T3683""","=""L18847""",
Cr,1,"=""288.69926""","=""0.00002""","=""288.69922""","=""0.00003""","=""370""","=""2.7e+07""",D,"=""7810.7795""","=""42438.751""","=""3d4.4s2""","=""a 5D""","=""1""","=""3d4.(3P1).4s.4p.(3P*)""","=""x 5D*""","=""2""",3,5,,"=""T3196""","=""L14866""",
Cr,1,"=""288.92602""","=""0.00002""","=""288.926001""","=""0.000012""","=""850""","=""6.6e+07""",C,"=""8307.5753""","=""42908.3681""","=""3d4.4s2""","=""a 5D""","=""4""","=""3d4.(3P1).4s.4p.(3P*)""","=""x 5D*""","=""4""",9,9,,"=""T3196""","=""L14866""",
Cr,1,"=""289.32505""","=""0.00002""","=""289.325039""","=""0.000011""","=""630""","=""5.2e+07""",C,"=""8095.1842""","=""42648.2577""","=""3d4.4s2""","=""a 5D""","=""3""","=""3d4.(3P1).4s.4p.(3P*)""","=""x 5D*""","=""3""",7,7,,"=""T3196""","=""L14866""",
Cr,1,"=""289.41701""","=""0.00002""","=""289.416998""","=""0.000012""","=""260""","=""3.3e+07""",D,"=""7750.7465""","=""42292.8417""","=""3d4.4s2""","=""a 5D""","=""0""","=""3d4.(3P1).4s.4p.(3P*)""","=""x 5D*""","=""1""",1,3,,"=""T3196""","=""L14866""",
Cr,1,"=""289.67512""","=""0.00006""","=""289.67518""","=""0.00003""","=""380""","=""3.0e+07""",C,"=""7927.4410""","=""42438.751""","=""3d4.4s2""","=""a 5D""","=""2""","=""3d4.(3P1).4s.4p.(3P*)""","=""x 5D*""","=""2""",5,5,,"=""T3196""","=""L14866""",
Cr,2,"=""289.853232""","=""0.000007""","=""289.853245""","=""0.000010""","=""570""","=""1.2e+08""",D,"=""31219.3322""","=""65709.4418""","=""3d4.(a 3F).4s""","=""a 4F""","=""9/2""","=""3d4.(a 3F).4p""","=""z 4G*""","=""11/2""",10,12,,"=""T3683""","=""L18847""",
Cr,1,"=""289.92087""","=""0.00002""","=""289.920894""","=""0.000012""","=""110""","=""1.5e+07""",D,"=""7810.7795""","=""42292.8417""","=""3d4.4s2""","=""a 5D""","=""1""","=""3d4.(3P1).4s.4p.(3P*)""","=""x 5D*""","=""1""",3,3,,"=""T3196""","=""L14866""",
Cr,1,"=""290.54884""","=""0.00002""","=""290.548841""","=""0.000020""","=""280""","=""1.3e+08""",D,"=""7810.7795""","=""42218.321""","=""3d4.4s2""","=""a 5D""","=""1""","=""3d4.(3P1).4s.4p.(3P*)""","=""x 5D*""","=""0""",3,1,,"=""T3196""","=""L14866""",
Cr,1,"=""290.90516""","=""0.00002""","=""290.905144""","=""0.000012""","=""400""","=""6.8e+07""",C,"=""7927.4410""","=""42292.8417""","=""3d4.4s2""","=""a 5D""","=""2""","=""3d4.(3P1).4s.4p.(3P*)""","=""x 5D*""","=""1""",5,3,,"=""T3196""","=""L14866""",
Cr,1,"=""291.09013""","=""0.00002""","=""291.09010""","=""0.00003""","=""440""","=""3.4e+07""",D,"=""8095.1842""","=""42438.751""","=""3d4.4s2""","=""a 5D""","=""3""","=""3d4.(3P1).4s.4p.(3P*)""","=""x 5D*""","=""2""",7,5,,"=""T3196""","=""L14866""",
Cr,1,"=""291.11455""","=""0.00002""","=""291.114546""","=""0.000011""","=""370""","=""2.6e+07""",D,"=""8307.5753""","=""42648.2577""","=""3d4.4s2""","=""a 5D""","=""4""","=""3d4.(3P1).4s.4p.(3P*)""","=""x 5D*""","=""3""",9,7,,"=""T3196""","=""L14866""",
Cr,2,"=""292.181162""","=""0.000007""","=""292.181149""","=""0.000010""","=""290""","=""9.0e+07""",D,"=""31168.5755""","=""65383.9035""","=""3d4.(a 3F).4s""","=""a 4F""","=""7/2""","=""3d4.(a 3F).4p""","=""z 4G*""","=""9/2""",8,10,,"=""T3683""","=""L18847""",
Cr,2,"=""293.084548""","=""0.000009""","=""293.08452""","=""0.00003""","=""160""","=""1.1e+08""",D,"=""29951.8162""","=""64061.688""","=""3d4.(a 3P).4s""","=""b 4P""","=""1/2""","=""3d4.(a 3P).4p""","=""y 4D*""","=""3/2""",2,4,,"=""T3683""","=""L18847""",
Cr,2,"=""293.513439""","=""0.000006""","=""293.513436""","=""0.000011""","=""520""","=""1.8e+08""",D,"=""30864.4328""","=""64924.4609""","=""3d4.(a 3P).4s""","=""b 4P""","=""5/2""","=""3d4.(a 3P).4p""","=""y 4D*""","=""7/2""",6,8,,"=""T3683""","=""L18847""",
Cr,2,"=""295.335255""","=""0.000009""","=""295.335249""","=""0.000014""","=""160""","=""1.8e+08""",D,"=""29951.8162""","=""63801.7500""","=""3d4.(a 3P).4s""","=""b 4P""","=""1/2""","=""3d4.(a 3P).4p""","=""y 4D*""","=""1/2""",2,2,,"=""T3683""","=""L18847""",
Cr,2,"=""296.604129""","=""0.000010""","=""296.604134""","=""0.000011""","=""140""","=""5.4e+07""",D,"=""31219.3322""","=""64924.4609""","=""3d4.(a 3F).4s""","=""a 4F""","=""9/2""","=""3d4.(a 3P).4p""","=""y 4D*""","=""7/2""",10,8,,"=""T3683""","=""L18847""",
Cr,1,"=""296.76427""","=""0.00002""","=""296.764225""","=""0.000012""","=""460""","=""3.9e+07""",D,"=""8095.1842""","=""41782.1313""","=""3d4.4s2""","=""a 5D""","=""3""","=""3d4.(5D).4s.4p.(1P*)""","=""y 5D*""","=""4""",7,9,,"=""T3196""","=""L14866""",
Cr,1,"=""297.11080""","=""0.00002""","=""297.110761""","=""0.000013""","=""350""","=""7.1e+07""",C,"=""7927.4410""","=""41575.099""","=""3d4.4s2""","=""a 5D""","=""2""","=""3d4.(5D).4s.4p.(1P*)""","=""y 5D*""","=""3""",5,7,,"=""T3196""","=""L14866""",
Cr,2,"=""297.190112""","=""0.000005""","=""297.190113""","=""0.000012""","=""980""","=""2.0e+08""",D,"=""30391.8311""","=""64030.5053""","=""3d4.(3H).4s""","=""a 4H""","=""13/2""","=""3d4.(3H).4p""","=""z 4H*""","=""13/2""",14,14,,"=""T3683""","=""L18847""",
Cr,1,"=""297.54813""","=""0.00002""","=""297.548100""","=""0.000012""","=""300""","=""8.9e+07""",C,"=""7810.7795""","=""41408.9840""","=""3d4.4s2""","=""a 5D""","=""1""","=""3d4.(5D).4s.4p.(1P*)""","=""y 5D*""","=""2""",3,5,,"=""T3196""","=""L14866""",
Cr,2,"=""297.973600""","=""0.000005""","=""297.973606""","=""0.000012""","=""860""","=""1.8e+08""",D,"=""30298.4679""","=""63848.6962""","=""3d4.(3H).4s""","=""a 4H""","=""11/2""","=""3d4.(3H).4p""","=""z 4H*""","=""11/2""",12,12,,"=""T3683""","=""L18847""",
Cr,1,"=""298.07900""","=""0.00002""","=""298.078995""","=""0.000013""","=""240""","=""5.10e+07""",B,"=""7750.7465""","=""41289.1133""","=""3d4.4s2""","=""a 5D""","=""0""","=""3d4.(5D).4s.4p.(1P*)""","=""y 5D*""","=""1""",1,3,,"=""T4624""","=""L14866""",
Cr,2,"=""298.532043""","=""0.000006""","=""298.532036""","=""0.000011""","=""730""","=""2.2e+08""",D,"=""30218.7787""","=""63706.2511""","=""3d4.(3H).4s""","=""a 4H""","=""9/2""","=""3d4.(3H).4p""","=""z 4H*""","=""9/2""",10,10,,"=""T3683""","=""L18847""",
Cr,1,"=""298.86474""","=""0.00002""","=""298.864712""","=""0.000008""","=""310""","=""5.2e+07""",C,"=""7593.1484""","=""41043.3464""","=""3d5.(6S).4s""","=""a 5S""","=""2""","=""3d4.(5D).4s.4p.(1P*)""","=""x 5P*""","=""3""",5,7,,"=""T3196""","=""L14866""",
Cr,2,"=""298.918973""","=""0.000006""","=""298.918970""","=""0.000012""","=""650""","=""2.2e+08""",D,"=""30156.7340""","=""63600.8606""","=""3d4.(3H).4s""","=""a 4H""","=""7/2""","=""3d4.(3H).4p""","=""z 4H*""","=""7/2""",8,8,,"=""T3683""","=""L18847""",
Cr,1,"=""299.18875""","=""0.00002""","=""299.188747""","=""0.000019""","=""220""","=""3.0e+08""",D,"=""7810.7795""","=""41224.751""","=""3d4.4s2""","=""a 5D""","=""1""","=""3d4.(5D).4s.4p.(1P*)""","=""y 5D*""","=""0""",3,1,,"=""T3196""","=""L14866""",
Cr,1,"=""299.40678""","=""0.00002""","=""299.406767""","=""0.000010""","=""170""","=""2.5e+07""",E,"=""7593.1484""","=""40982.7898""","=""3d5.(6S).4s""","=""a 5S""","=""2""","=""3d4.(5D).4s.4p.(1P*)""","=""x 5P*""","=""2""",5,5,,"=""T3196""","=""L14866""",
Cr,1,"=""299.51018""","=""0.00002""","=""299.510196""","=""0.000008""","=""230""","=""4.3e+07""",D,"=""7593.1484""","=""40971.2599""","=""3d5.(6S).4s""","=""a 5S""","=""2""","=""3d4.(5D).4s.4p.(1P*)""","=""y 5F*""","=""2""",5,5,,"=""T3196""","=""L14866""",
Cr,1,"=""299.65808""","=""0.0003""","=""299.657788""","=""0.000013""","=""250q""","=""2.0e+08""",C,"=""7927.4410""","=""41289.1133""","=""3d4.4s2""","=""a 5D""","=""2""","=""3d4.(5D).4s.4p.(1P*)""","=""y 5D*""","=""1""",5,3,,"=""T3196""","=""L14866""",
Cr,1,"=""299.87845""","=""0.00002""","=""299.878437""","=""0.000009""","=""220""","=""4.07e+07""",B,"=""7593.1484""","=""40930.2744""","=""3d5.(6S).4s""","=""a 5S""","=""2""","=""3d4.(5D).4s.4p.(1P*)""","=""x 5P*""","=""1""",5,3,,"=""T4624""","=""L14866""",
Cr,1,"=""300.0887""","=""0.0004""","=""300.088420""","=""0.000011""","=""5.7""","=""1.6e+08""",C,"=""8095.1842""","=""41408.9840""","=""3d4.4s2""","=""a 5D""","=""3""","=""3d4.(5D).4s.4p.(1P*)""","=""y 5D*""","=""2""",7,5,,"=""T3196""","=""L13897c151""",
Cr,1,"=""300.50613""","=""0.0003""","=""300.505869""","=""0.000014""","=""260q""","=""9.2e+07""",C,"=""8307.5753""","=""41575.099""","=""3d4.4s2""","=""a 5D""","=""4""","=""3d4.(5D).4s.4p.(1P*)""","=""y 5D*""","=""3""",9,7,,"=""T3196""","=""L14866""",
Cr,1,"=""301.37120""","=""0.00002""","=""301.371163""","=""0.000008""","=""260""","=""8.3e+07""",C,"=""7810.7795""","=""40982.7898""","=""3d4.4s2""","=""a 5D""","=""1""","=""3d4.(5D).4s.4p.(1P*)""","=""x 5P*""","=""2""",3,5,,"=""T3196""","=""L14866""",
Cr,1,"=""301.5197""","=""0.002""","=""301.51968""","=""0.00009""","=""50r""","=""1.63e+08""",B,"=""7750.7465""","=""40906.418""","=""3d4.4s2""","=""a 5D""","=""0""","=""3d4.(5D).4s.4p.(1P*)""","=""y 5F*""","=""1""",1,3,,"=""T4624""","=""L808""",
Cr,1,"=""302.06675""","=""0.0002""","=""302.06664""","=""0.00008""","=""180""","=""1.5e+08""",D,"=""7810.7795""","=""40906.418""","=""3d4.4s2""","=""a 5D""","=""1""","=""3d4.(5D).4s.4p.(1P*)""","=""y 5F*""","=""1""",3,3,,"=""T3196""","=""L14866""",
Cr,1,"=""302.1559""","=""0.00010""","=""302.15582""","=""0.00005""","=""23.6""","=""2.91e+08""",B,"=""8307.5753""","=""41393.446""","=""3d4.4s2""","=""a 5D""","=""4""","=""3d4.(5D).4s.4p.(1P*)""","=""y 5F*""","=""5""",9,11,,"=""T4624""","=""L13897c151""",
Cr,1,"=""302.4350""","=""0.0005""","=""302.434830""","=""0.000008""","=""8.9""","=""1.27e+08""",B,"=""7927.4410""","=""40982.7898""","=""3d4.4s2""","=""a 5D""","=""2""","=""3d4.(5D).4s.4p.(1P*)""","=""x 5P*""","=""2""",5,5,,"=""T4624""","=""L13897c151""",
Cr,1,"=""302.91610""","=""0.00002""","=""302.916096""","=""0.000007""","=""130""","=""3.8e+07""",E,"=""7927.4410""","=""40930.2744""","=""3d4.4s2""","=""a 5D""","=""2""","=""3d4.(5D).4s.4p.(1P*)""","=""x 5P*""","=""1""",5,3,,"=""T3196""","=""L14866""",
Cr,1,"=""303.0245""","=""0.0007""","=""303.02444""","=""0.00005""","=""5.9""","=""1.1e+08""",C,"=""8095.1842""","=""41086.218""","=""3d4.4s2""","=""a 5D""","=""3""","=""3d4.(5D).4s.4p.(1P*)""","=""y 5F*""","=""3""",7,7,,"=""T3196""","=""L13897c151""",
Cr,1,"=""303.13515""","=""0.00002""","=""303.13523""","=""0.00009""","=""90""","=""3.1e+07""",E,"=""7927.4410""","=""40906.418""","=""3d4.4s2""","=""a 5D""","=""2""","=""3d4.(5D).4s.4p.(1P*)""","=""y 5F*""","=""1""",5,3,,"=""T3196""","=""L14866""",
Cr,1,"=""303.41875""","=""0.00002""","=""303.418749""","=""0.000005""","=""200""","=""3.5e+07""",D,"=""8095.1842""","=""41043.3464""","=""3d4.4s2""","=""a 5D""","=""3""","=""3d4.(5D).4s.4p.(1P*)""","=""x 5P*""","=""3""",7,7,,"=""T3196""","=""L14866""",
Cr,1,"=""303.70447""","=""0.00002""","=""303.704458""","=""0.000012""","=""300""","=""5.4e+07""",C,"=""8307.5753""","=""41224.7429""","=""3d4.4s2""","=""a 5D""","=""4""","=""3d4.(5D).4s.4p.(1P*)""","=""y 5F*""","=""4""",9,9,,"=""T3196""","=""L14866""",
Cr,1,"=""304.08404""","=""0.00002""","=""304.084074""","=""0.000008""","=""210""","=""7.4e+07""",D,"=""8095.1842""","=""40971.2599""","=""3d4.4s2""","=""a 5D""","=""3""","=""3d4.(5D).4s.4p.(1P*)""","=""y 5F*""","=""2""",7,5,,"=""T3196""","=""L14866""",
Cr,1,"=""305.38779""","=""0.0003""","=""305.387423""","=""0.000006""","=""200q""","=""7.97e+07""",B,"=""8307.5753""","=""41043.3464""","=""3d4.4s2""","=""a 5D""","=""4""","=""3d4.(5D).4s.4p.(1P*)""","=""x 5P*""","=""3""",9,7,,"=""T4624""","=""L14866""",
Cr,2,"=""311.864905""","=""0.000006""","=""311.864901""","=""0.000009""","=""2600""","=""1.7e+08""",D,"=""19528.2293""","=""51584.1004""","=""3d4.(5D).4s""","=""a 4D""","=""1/2""","=""3d4.(5D).4p""","=""z 4F*""","=""3/2""",2,4,,"=""T3683""","=""L18847""",
Cr,2,"=""312.036921""","=""0.000006""","=""312.036919""","=""0.000009""","=""3900""","=""1.5e+08""",D,"=""19631.2058""","=""51669.4060""","=""3d4.(5D).4s""","=""a 4D""","=""3/2""","=""3d4.(5D).4p""","=""z 4F*""","=""5/2""",4,6,,"=""T3683""","=""L18847""",
Cr,2,"=""312.260154""","=""0.000007""","=""312.260128""","=""0.000013""","=""230""","=""4.4e+07""",D,"=""33694.1421""","=""65709.4418""","=""3d4.(3G).4s""","=""b 4G""","=""11/2""","=""3d4.(a 3F).4p""","=""z 4G*""","=""11/2""",12,12,,"=""T3683""","=""L18847""",
Cr,2,"=""312.870011""","=""0.000006""","=""312.870006""","=""0.000009""","=""1100""","=""8.1e+07""",D,"=""19631.2058""","=""51584.1004""","=""3d4.(5D).4s""","=""a 4D""","=""3/2""","=""3d4.(5D).4p""","=""z 4F*""","=""3/2""",4,4,,"=""T3683""","=""L18847""",
Cr,2,"=""313.668598""","=""0.000006""","=""313.668596""","=""0.000009""","=""1300""","=""6.4e+07""",D,"=""19797.8594""","=""51669.4060""","=""3d4.(5D).4s""","=""a 4D""","=""5/2""","=""3d4.(5D).4p""","=""z 4F*""","=""5/2""",6,6,,"=""T3683""","=""L18847""",
Cr,1,"=""314.84483""","=""0.00004""","=""314.84487""","=""0.00003""","=""20""","=""5.6e+07""",B,"=""23933.8561""","=""55686.334""","=""3d4.4s2""","=""a 3H""","=""4""","=""3d5.(2I).4p""","=""x 3I*""","=""5""",9,11,,"=""T4913""","=""L14866""",
Cr,1,"=""315.51534""","=""0.00004""","=""315.515386""","=""0.000021""","=""22""","=""5.7e+07""",B,"=""24056.0404""","=""55741.042""","=""3d4.4s2""","=""a 3H""","=""5""","=""3d5.(2I).4p""","=""x 3I*""","=""6""",11,13,,"=""T4913""","=""L14866""",
Cr,1,"=""316.0617""","=""0.0010""","=""316.06112""","=""0.00003""","=""8""","=""2.7e+06""",D,"=""24056.0404""","=""55686.334""","=""3d4.4s2""","=""a 3H""","=""5""","=""3d5.(2I).4p""","=""x 3I*""","=""5""",11,11,,"=""T4913""","=""L808""",
Cr,1,"=""316.37590""","=""0.00003""","=""316.375954""","=""0.000020""","=""25""","=""6.0e+07""",B,"=""24200.1980""","=""55799.017""","=""3d4.4s2""","=""a 3H""","=""6""","=""3d5.(2I).4p""","=""x 3I*""","=""7""",13,15,,"=""T4913""","=""L14866""",
Cr,1,"=""316.9578""","=""0.0010""","=""316.957504""","=""0.000020""","=""8""","=""2.2e+06""",E,"=""24200.1980""","=""55741.042""","=""3d4.4s2""","=""a 3H""","=""6""","=""3d5.(2I).4p""","=""x 3I*""","=""6""",13,13,,"=""T4913""","=""L808""",
Cr,1,"=""323.77223""","=""0.00009""","=""323.77226""","=""0.00005""","=""5""","=""1.3e+08""",D,"=""23933.8561""","=""54810.852""","=""3d4.4s2""","=""a 3H""","=""4""","=""3d5.(4G).5p""","=""v 3H*""","=""4""",9,9,,"=""T1336""","=""L14866""",
Cr,1,"=""323.8088""","=""0.0010""","=""323.8077""","=""0.0003""","=""20""","=""2.0e+07""",D,"=""24056.0404""","=""54929.66""","=""3d4.4s2""","=""a 3H""","=""5""","=""3d5.(4G).5p""","=""v 3H*""","=""5""",11,11,,"=""T1336""","=""L808""",
Cr,1,"=""335.19632""","=""0.00003""","=""335.196317""","=""0.000014""","=""24""","=""1.2e+05""",B,"=""0.0000""","=""29824.6909""","=""3d5.(6S).4s""","=""a 7S""","=""3""","=""3d4.(5D).4s.4p.(3P*)""","=""y 5P*""","=""3""",7,7,,"=""T4913""","=""L14866""",
Cr,1,"=""337.91698""","=""0.00004""","=""337.916991""","=""0.000014""","=""17""","=""9.9e+04""",C+,"=""0.0000""","=""29584.5708""","=""3d5.(6S).4s""","=""a 7S""","=""3""","=""3d4.(5D).4s.4p.(3P*)""","=""y 5P*""","=""2""",7,5,,"=""T4913""","=""L14866""",
Cr,1,"=""357.87038""","=""0.0018""","=""357.868618""","=""0.000021""","=""1380q""","=""1.48e+08""",B,"=""0.0000""","=""27935.2412""","=""3d5.(6S).4s""","=""a 7S""","=""3""","=""3d4.(5D).4s.4p.(3P*)""","=""y 7P*""","=""4""",7,9,,"=""T2887,T3125,T2360""","=""L14866""",
Cr,1,"=""359.35021""","=""0.0017""","=""359.348538""","=""0.000016""","=""1450q""","=""1.50e+08""",B,"=""0.0000""","=""27820.1975""","=""3d5.(6S).4s""","=""a 7S""","=""3""","=""3d4.(5D).4s.4p.(3P*)""","=""y 7P*""","=""3""",7,7,,"=""T2887,T3125,T2360""","=""L14866""",
Cr,1,"=""360.53446""","=""0.0016""","=""360.532884""","=""0.000017""","=""1240q""","=""1.62e+08""",B,"=""0.0000""","=""27728.8110""","=""3d5.(6S).4s""","=""a 7S""","=""3""","=""3d4.(5D).4s.4p.(3P*)""","=""y 7P*""","=""2""",7,5,,"=""T2887,T3125,T2360""","=""L14866""",
Cr,1,"=""361.56452""","=""0.00003""","=""361.564517""","=""0.000017""","=""91""","=""5.1e+04""",C,"=""0.0000""","=""27649.6960""","=""3d5.(6S).4s""","=""a 7S""","=""3""","=""3d4.(5D).4s.4p.(3P*)""","=""z 7D*""","=""4""",7,9,,"=""T3196""","=""L14866""",
Cr,1,"=""363.52785""","=""0.00005""","=""363.527853""","=""0.000019""","=""21""","=""1.5e+04""",C,"=""0.0000""","=""27500.3699""","=""3d5.(6S).4s""","=""a 7S""","=""3""","=""3d4.(5D).4s.4p.(3P*)""","=""z 7D*""","=""3""",7,7,,"=""T3196""","=""L14866""",
Cr,1,"=""363.97956""","=""0.00009""","=""363.97965""","=""0.00008""","=""180""","=""1.8e+08""",D,"=""20519.5515""","=""47985.787""","=""3d5.(4G).4s""","=""a 5G""","=""6""","=""3d5.(4G).4p""","=""u 5F*""","=""5""",13,11,,"=""T1336""","=""L14866""",
Cr,1,"=""373.08019""","=""0.00003""","=""373.080190""","=""0.000015""","=""91""","=""1.6e+05""",C+,"=""0.0000""","=""26796.2691""","=""3d5.(6S).4s""","=""a 7S""","=""3""","=""3d5.(6S).4p""","=""z 5P*""","=""2""",7,5,,"=""T4913""","=""L14866""",
Cr,1,"=""373.20282""","=""0.00003""","=""373.202825""","=""0.000015""","=""140""","=""1.6e+05""",C+,"=""0.0000""","=""26787.4640""","=""3d5.(6S).4s""","=""a 7S""","=""3""","=""3d5.(6S).4p""","=""z 5P*""","=""3""",7,7,,"=""T4913""","=""L14866""",
Cr,1,"=""374.38815""","=""0.00003""","=""374.388144""","=""0.000020""","=""400""","=""7.61e+07""",B,"=""20519.5515""","=""47222.2081""","=""3d5.(4G).4s""","=""a 5G""","=""6""","=""3d4.(3H).4s.4p.(3P*)""","=""x 5G*""","=""6""",13,13,,"=""u10""","=""L14866""",
Cr,1,"=""374.44911""","=""0.00004""","=""374.44912""","=""0.00003""","=""50""","=""5.01e+06""",B,"=""20523.8999""","=""47222.2081""","=""3d5.(4G).4s""","=""a 5G""","=""5""","=""3d4.(3H).4s.4p.(3P*)""","=""x 5G*""","=""6""",11,13,,"=""u10""","=""L14866""",
Cr,1,"=""375.71695""","=""0.00004""","=""375.716951""","=""0.000023""","=""37""","=""6.16e+06""",B,"=""20517.4222""","=""47125.6412""","=""3d5.(4G).4s""","=""a 5G""","=""2""","=""3d4.(3H).4s.4p.(3P*)""","=""x 5G*""","=""3""",5,7,,"=""u10""","=""L14866""",
Cr,1,"=""375.76611""","=""0.00003""","=""375.766107""","=""0.000020""","=""200""","=""4.13e+07""",B,"=""20520.9029""","=""47125.6412""","=""3d5.(4G).4s""","=""a 5G""","=""3""","=""3d4.(3H).4s.4p.(3P*)""","=""x 5G*""","=""3""",7,7,,"=""u10""","=""L14866""",
Cr,1,"=""375.80462""","=""0.00004""","=""375.804616""","=""0.000021""","=""65""","=""1.16e+07""",B,"=""20523.6290""","=""47125.6412""","=""3d5.(4G).4s""","=""a 5G""","=""4""","=""3d4.(3H).4s.4p.(3P*)""","=""x 5G*""","=""3""",9,7,,"=""u10""","=""L14866""",
Cr,1,"=""376.82383""","=""0.00003""","=""376.823828""","=""0.000020""","=""180""","=""5.10e+07""",B,"=""20517.4222""","=""47047.4845""","=""3d5.(4G).4s""","=""a 5G""","=""2""","=""3d4.(3H).4s.4p.(3P*)""","=""x 5G*""","=""2""",5,5,,"=""u10""","=""L14866""",
Cr,1,"=""376.87327""","=""0.00004""","=""376.873275""","=""0.000020""","=""46""","=""1.19e+07""",B,"=""20520.9029""","=""47047.4845""","=""3d5.(4G).4s""","=""a 5G""","=""3""","=""3d4.(3H).4s.4p.(3P*)""","=""x 5G*""","=""2""",7,5,,"=""u10""","=""L14866""",
Cr,1,"=""380.47983""","=""0.00003""","=""380.479845""","=""0.000020""","=""170""","=""6.9e+07""",D,"=""24282.3486""","=""50557.4907""","=""3d5.(4D).4s""","=""b 5D""","=""4""","=""3d5.(4D).4p""","=""u 5D*""","=""4""",9,9,,"=""T1426n""","=""L14866""",
Cr,1,"=""384.95334""","=""0.00003""","=""384.953333""","=""0.000011""","=""230""","=""2.3e+06""",E,"=""7927.4410""","=""33897.2506""","=""3d4.4s2""","=""a 5D""","=""2""","=""3d4.(5D).4s.4p.(3P*)""","=""z 3P*""","=""1""",5,3,,"=""T3196""","=""L14866""",
Cr,1,"=""385.22118""","=""0.00003""","=""385.221179""","=""0.000012""","=""220""","=""7.0e+06""",E,"=""7810.7795""","=""33762.5326""","=""3d4.4s2""","=""a 5D""","=""1""","=""3d4.(5D).4s.4p.(3P*)""","=""z 3P*""","=""0""",3,1,,"=""T3196""","=""L14866""",
Cr,1,"=""388.32869""","=""0.00003""","=""388.328670""","=""0.000008""","=""910""","=""3.9e+06""",C,"=""7927.4410""","=""33671.5273""","=""3d4.4s2""","=""a 5D""","=""2""","=""3d4.(5D).4s.4p.(3P*)""","=""z 5D*""","=""3""",5,7,,"=""T3196""","=""L14866""",
Cr,1,"=""388.52137""","=""0.00003""","=""388.521354""","=""0.000009""","=""810""","=""3.9e+06""",C,"=""7810.7795""","=""33542.0985""","=""3d4.4s2""","=""a 5D""","=""1""","=""3d4.(5D).4s.4p.(3P*)""","=""z 5D*""","=""2""",3,5,,"=""T3196""","=""L14866""",
Cr,1,"=""388.67953""","=""0.00003""","=""388.679508""","=""0.000009""","=""740""","=""2.2e+06""",C,"=""8095.1842""","=""33816.0334""","=""3d4.4s2""","=""a 5D""","=""3""","=""3d4.(5D).4s.4p.(3P*)""","=""z 5D*""","=""4""",7,9,,"=""T3196""","=""L14866""",
Cr,1,"=""389.40338""","=""0.00003""","=""389.403367""","=""0.000011""","=""480""","=""3.9e+06""",C,"=""7750.7465""","=""33423.7845""","=""3d4.4s2""","=""a 5D""","=""0""","=""3d4.(5D).4s.4p.(3P*)""","=""z 5D*""","=""1""",1,3,,"=""T3196""","=""L14866""",
Cr,1,"=""390.29092""","=""0.00003""","=""390.290908""","=""0.000008""","=""590""","=""3.5e+06""",D,"=""7927.4410""","=""33542.0985""","=""3d4.4s2""","=""a 5D""","=""2""","=""3d4.(5D).4s.4p.(3P*)""","=""z 5D*""","=""2""",5,5,,"=""T3196""","=""L14866""",
Cr,1,"=""390.31611""","=""0.00003""","=""390.316090""","=""0.000009""","=""130""","=""1.8e+06""",D,"=""7810.7795""","=""33423.7845""","=""3d4.4s2""","=""a 5D""","=""1""","=""3d4.(5D).4s.4p.(3P*)""","=""z 5D*""","=""1""",3,3,,"=""T3196""","=""L14866""",
Cr,1,"=""390.87561""","=""0.00003""","=""390.875593""","=""0.000008""","=""1310""","=""6.2e+06""",C,"=""8095.1842""","=""33671.5273""","=""3d4.4s2""","=""a 5D""","=""3""","=""3d4.(5D).4s.4p.(3P*)""","=""z 5D*""","=""3""",7,7,,"=""T3196""","=""L14866""",
Cr,1,"=""391.62386""","=""0.00003""","=""391.623849""","=""0.000012""","=""420""","=""9.7e+06""",C,"=""7810.7795""","=""33338.2563""","=""3d4.4s2""","=""a 5D""","=""1""","=""3d4.(5D).4s.4p.(3P*)""","=""z 5D*""","=""0""",3,1,,"=""T3196""","=""L14866""",
Cr,1,"=""391.91586""","=""0.00003""","=""391.915844""","=""0.000011""","=""2030""","=""9.2e+06""",C,"=""8307.5753""","=""33816.0334""","=""3d4.4s2""","=""a 5D""","=""4""","=""3d4.(5D).4s.4p.(3P*)""","=""z 5D*""","=""4""",9,9,,"=""T3196""","=""L14866""",
Cr,1,"=""392.10207""","=""0.00003""","=""392.102067""","=""0.000009""","=""740""","=""5.8e+06""",C,"=""7927.4410""","=""33423.7845""","=""3d4.4s2""","=""a 5D""","=""2""","=""3d4.(5D).4s.4p.(3P*)""","=""z 5D*""","=""1""",5,3,,"=""T3196""","=""L14866""",
Cr,1,"=""392.86374""","=""0.00003""","=""392.863720""","=""0.000010""","=""880""","=""5.2e+06""",C,"=""8095.1842""","=""33542.0985""","=""3d4.4s2""","=""a 5D""","=""3""","=""3d4.(5D).4s.4p.(3P*)""","=""z 5D*""","=""2""",7,5,,"=""T3196""","=""L14866""",
Cr,1,"=""394.14876""","=""0.00003""","=""394.148757""","=""0.000010""","=""720""","=""2.8e+06""",C,"=""8307.5753""","=""33671.5273""","=""3d4.4s2""","=""a 5D""","=""4""","=""3d4.(5D).4s.4p.(3P*)""","=""z 5D*""","=""3""",9,7,,"=""T3196""","=""L14866""",
Cr,1,"=""396.36839""","=""0.00003""","=""396.36840""","=""0.00003""","=""620""","=""1.3e+08""",D,"=""20519.5515""","=""45741.4701""","=""3d5.(4G).4s""","=""a 5G""","=""6""","=""3d5.(4G).4p""","=""y 5H*""","=""7""",13,15,,"=""T3196""","=""L14866""",
Cr,1,"=""396.97427""","=""0.00003""","=""396.974253""","=""0.000021""","=""570""","=""1.2e+08""",D,"=""20523.8999""","=""45707.3259""","=""3d5.(4G).4s""","=""a 5G""","=""5""","=""3d5.(4G).4p""","=""y 5H*""","=""6""",11,13,,"=""T3196""","=""L14866""",
Cr,1,"=""397.60141""","=""0.00018""","=""397.601369""","=""0.000021""","=""3""","=""2.3e+05""",D,"=""20519.5515""","=""45663.2579""","=""3d5.(4G).4s""","=""a 5G""","=""6""","=""3d5.(4G).4p""","=""y 5H*""","=""5""",13,11,,"=""T2268""","=""L14866""",
Cr,1,"=""398.12313""","=""0.00004""","=""398.123145""","=""0.000014""","=""31""","=""1.1e+07""",D,"=""21856.9287""","=""46967.6827""","=""3d5.(4P).4s""","=""a 5P""","=""1""","=""3d5.(4P).4p""","=""u 5P*""","=""2""",3,5,,"=""T1621n""","=""L14866""",
Cr,1,"=""398.38989""","=""0.00003""","=""398.389886""","=""0.000021""","=""470""","=""1.05e+08""",C,"=""20520.9029""","=""45614.8444""","=""3d5.(4G).4s""","=""a 5G""","=""3""","=""3d5.(4G).4p""","=""y 5H*""","=""4""",7,9,,"=""T2268""","=""L14866""",
Cr,1,"=""399.11135""","=""0.00004""","=""399.11134""","=""0.00003""","=""420""","=""1.07e+08""",B,"=""20517.4222""","=""45566.0035""","=""3d5.(4G).4s""","=""a 5G""","=""2""","=""3d5.(4G).4p""","=""y 5H*""","=""3""",5,7,,"=""u10""","=""L14866""",
Cr,1,"=""400.14372""","=""0.00006""","=""400.14374""","=""0.00006""","=""17""","=""6.8e+07""",D,"=""31377.8624""","=""56361.818""","=""3d5.(4F).4s""","=""a 5F""","=""4""","=""3d5.(4F).4p""","=""v 5G*""","=""5""",9,11,,"=""T1621n""","=""L14866""",
Cr,1,"=""403.90906""","=""0.00004""","=""403.90899""","=""0.00003""","=""110""","=""6.7e+07""",B,"=""31047.9572""","=""55799.017""","=""3d5.(2I).4s""","=""a 3I""","=""7""","=""3d5.(2I).4p""","=""x 3I*""","=""7""",15,15,,"=""T4913""","=""L14866""",
Cr,1,"=""403.92953""","=""0.00012""","=""403.92952""","=""0.00004""","=""8""","=""6.0e+06""",D,"=""31049.2155""","=""55799.017""","=""3d5.(2I).4s""","=""a 3I""","=""6""","=""3d5.(2I).4p""","=""x 3I*""","=""7""",13,15,,"=""T4913""","=""L14866""",
Cr,1,"=""404.22425""","=""0.00006""","=""404.224267""","=""0.000021""","=""17""","=""8.8e+05""",D,"=""20523.6290""","=""45255.3842""","=""3d5.(4G).4s""","=""a 5G""","=""4""","=""3d4.(3F1).4s.4p.(3P*)""","=""x 5F*""","=""3""",9,7,,"=""T4288""","=""L14866""",
Cr,1,"=""404.87797""","=""0.00004""","=""404.87794""","=""0.00003""","=""93""","=""6.4e+07""",B,"=""31049.2155""","=""55741.042""","=""3d5.(2I).4s""","=""a 3I""","=""6""","=""3d5.(2I).4p""","=""x 3I*""","=""6""",13,13,,"=""T4913""","=""L14866""",
Cr,1,"=""404.97738""","=""0.00012""","=""404.97737""","=""0.00004""","=""8""","=""5.6e+06""",D,"=""31055.2777""","=""55741.042""","=""3d5.(2I).4s""","=""a 3I""","=""5""","=""3d5.(2I).4p""","=""x 3I*""","=""6""",11,13,,"=""T4913""","=""L14866""",
Cr,1,"=""405.00220""","=""0.00012""","=""405.00229""","=""0.00003""","=""8""","=""1.2e+06""",D,"=""20517.4222""","=""45201.6676""","=""3d5.(4G).4s""","=""a 5G""","=""2""","=""3d4.(3F1).4s.4p.(3P*)""","=""x 5F*""","=""1""",5,3,,"=""T4288""","=""L14866""",
Cr,2,"=""405.40788""","=""0.00006""","=""405.407954""","=""0.000015""","=""9""","=""1.7e+05""",D,"=""25046.7144""","=""49706.2607""","=""3d5""","=""b 4D""","=""5/2""","=""3d4.(5D).4p""","=""z 4P*""","=""5/2""",6,6,,"=""T4502""","=""L18847""",
Cr,1,"=""405.783""","=""0.003""","=""405.77702""","=""0.00005""","=""18""","=""7.2e+05""",D,"=""31049.2155""","=""55686.334""","=""3d5.(2I).4s""","=""a 3I""","=""6""","=""3d5.(2I).4p""","=""x 3I*""","=""5""",13,11,,"=""T2268""","=""L808""",
Cr,1,"=""405.87693""","=""0.00005""","=""405.87689""","=""0.00005""","=""81""","=""6.7e+07""",B,"=""31055.2777""","=""55686.334""","=""3d5.(2I).4s""","=""a 3I""","=""5""","=""3d5.(2I).4p""","=""x 3I*""","=""5""",11,11,,"=""T4913""","=""L14866""",
Cr,1,"=""406.57036""","=""0.00014""","=""406.57036""","=""0.00008""","=""5""","=""3.5e+07""",D,"=""33113.212""","=""57702.257""","=""3d5.(2F1).4s""","=""b 3F""","=""4""","=""3d5.(2F1).4p""","=""t 3G*""","=""5""",9,11,,"=""T4288""","=""L14866""",
Cr,1,"=""408.17318""","=""0.00009""","=""408.173201""","=""0.000017""","=""12""","=""1.2e+06""",D,"=""21856.9287""","=""46349.4177""","=""3d5.(4P).4s""","=""a 5P""","=""1""","=""3d4.(3F1).4s.4p.(3P*)""","=""w 5D*""","=""2""",3,5,,"=""T4288""","=""L14866""",
Cr,2,"=""""","=""""","=""408.759363""","=""0.000019""","=""""","=""1.2e+05""",D,"=""25035.3437""","=""49492.7111""","=""3d5""","=""b 4D""","=""1/2""","=""3d4.(5D).4p""","=""z 6D*""","=""1/2""",2,2,,"=""T4502""","=""""",
Cr,1,"=""409.76426""","=""0.00014""","=""409.76430""","=""0.00007""","=""5""","=""5.3e+06""",D,"=""23305.0026""","=""47702.390""","=""3d5.(6S).4p""","=""z 7P*""","=""2""","=""3d5.(6S).5d""","=""g 7D""","=""3""",5,7,,"=""T4288""","=""L14866""",
Cr,1,"=""410.95748""","=""0.00005""","=""410.957475""","=""0.000015""","=""43""","=""3.1e+06""",D,"=""21847.8349""","=""46174.3884""","=""3d5.(4P).4s""","=""a 5P""","=""2""","=""3d5.(4P).4p""","=""y 3D*""","=""3""",5,7,,"=""T4288""","=""L14866""",
Cr,1,"=""411.13505""","=""0.00009""","=""411.13503""","=""0.00007""","=""11""","=""1.2e+07""",D,"=""23386.3419""","=""47702.390""","=""3d5.(6S).4p""","=""z 7P*""","=""3""","=""3d5.(6S).5d""","=""g 7D""","=""3""",7,7,,"=""T4288""","=""L14866""",
Cr,2,"=""411.32155""","=""0.00014""","=""411.321592""","=""0.000015""","=""5""","=""1.2e+05""",D,"=""25046.7144""","=""49351.7336""","=""3d5""","=""b 4D""","=""5/2""","=""3d4.(5D).4p""","=""z 6D*""","=""5/2""",6,6,,"=""T4502""","=""L18847""",
Cr,1,"=""412.65121""","=""0.00004""","=""412.65120""","=""0.00004""","=""390""","=""6.71e+06""",B,"=""20519.5515""","=""44746.259""","=""3d5.(4G).4s""","=""a 5G""","=""6""","=""3d4.(3F1).4s.4p.(3P*)""","=""y 5G*""","=""6""",13,13,,"=""u10""","=""L14866""",
Cr,1,"=""416.55149""","=""0.00013""","=""416.55153""","=""0.00010""","=""6""","=""7.5e+07""",D,"=""35884.255""","=""59884.123""","=""3d5.(2H).4s""","=""b 3H""","=""5""","=""3d4.(3H).4s.4p.(1P*)""","=""w 3I*""","=""6""",11,13,,"=""T1621n""","=""L14866""",
Cr,1,"=""420.35890""","=""0.00004""","=""420.35890""","=""0.00003""","=""130""","=""5.7e+06""",D,"=""20517.4222""","=""44299.9171""","=""3d5.(4G).4s""","=""a 5G""","=""2""","=""3d4.(3F1).4s.4p.(3P*)""","=""y 5G*""","=""2""",5,5,,"=""T1621n""","=""L14866""",
Cr,1,"=""420.44650""","=""0.00005""","=""420.44650""","=""0.00004""","=""49""","=""3.1e+07""",D,"=""32097.2978""","=""55874.838""","=""3d4.4s2""","=""a 1I""","=""6""","=""3d4.(1I).4s.4p.(3P*)""","=""u 3H*""","=""5""",13,11,,"=""T4288""","=""L14866""",
Cr,1,"=""421.15272""","=""0.00016""","=""421.15262""","=""0.00004""","=""4""","=""7.1e+05""",D,"=""24056.0404""","=""47793.715""","=""3d4.4s2""","=""a 3H""","=""5""","=""3d4.(3G).4s.4p.(3P*)""","=""x 5H*""","=""5""",11,11,,"=""T4288""","=""L14866""",
Cr,1,"=""421.31754""","=""0.00005""","=""421.31753""","=""0.00004""","=""27""","=""7.9e+06""",D,"=""24833.7957""","=""48562.1792""","=""3d5.(4G).4s""","=""a 3G""","=""3""","=""""","=""x 3G*""","=""4""",7,9,,"=""T1621n""","=""L14866""",
Cr,1,"=""422.27280""","=""0.00006""","=""422.272739""","=""0.000020""","=""17""","=""5.6e+06""",D,"=""24299.8419""","=""47974.5512""","=""3d5.(4D).4s""","=""b 5D""","=""2""","=""3d5.(4G).4p""","=""u 5F*""","=""3""",5,7,,"=""T4288""","=""L14866""",
Cr,1,"=""423.04708""","=""0.00010""","=""423.04705""","=""0.00003""","=""10""","=""5.1e+06""",D,"=""24286.5418""","=""47917.9197""","=""3d5.(4D).4s""","=""b 5D""","=""1""","=""3d5.(4G).4p""","=""u 5F*""","=""2""",3,5,,"=""T3963""","=""L14866""",
Cr,1,"=""423.2233""","=""0.002""","=""423.2263""","=""0.0005""","=""15""","=""1.7e+07""",D,"=""33935.613""","=""57556.98""","=""3d4.4s2""","=""c 3D""","=""2""","=""3d5.(2F1).4p""","=""t 3G*""","=""3""",5,7,,"=""T3963""","=""L808""",
Cr,1,"=""423.45156""","=""0.00006""","=""423.45150""","=""0.00003""","=""18""","=""2.2e+06""",D,"=""25177.3539""","=""48786.161""","=""3d4.4s2""","=""a 3F""","=""4""","=""""","=""x 3G*""","=""5""",9,11,,"=""T3963""","=""L14866""",
Cr,1,"=""423.59978""","=""0.00015""","=""423.59981""","=""0.00004""","=""5""","=""6.6e+06""",D,"=""24277.0546""","=""47877.596""","=""3d5.(4D).4s""","=""b 5D""","=""0""","=""3d5.(4G).4p""","=""u 5F*""","=""1""",1,3,,"=""T3963""","=""L14866""",
Cr,1,"=""423.77019""","=""0.0002""","=""423.77017""","=""0.00004""","=""3""","=""4.0e+06""",D,"=""24286.5418""","=""47877.596""","=""3d5.(4D).4s""","=""b 5D""","=""1""","=""3d5.(4G).4p""","=""u 5F*""","=""1""",3,3,,"=""T3963""","=""L14866""",
Cr,1,"=""423.89491""","=""0.00006""","=""423.894915""","=""0.000020""","=""20""","=""7.4e+06""",D,"=""24282.3486""","=""47866.4604""","=""3d5.(4D).4s""","=""b 5D""","=""4""","=""3d5.(4P).4p""","=""v 5D*""","=""4""",9,9,,"=""T1621n""","=""L14866""",
Cr,1,"=""424.28306""","=""0.0002""","=""424.282681""","=""0.000020""","=""3""","=""1.8e+06""",D,"=""24303.9025""","=""47866.4604""","=""3d5.(4D).4s""","=""b 5D""","=""3""","=""3d5.(4P).4p""","=""v 5D*""","=""4""",7,9,,"=""T3963""","=""L14866""",
Cr,1,"=""424.83302""","=""0.00013""","=""424.833043""","=""0.000020""","=""6""","=""2.8e+06""",D,"=""24282.3486""","=""47814.3823""","=""3d5.(4D).4s""","=""b 5D""","=""4""","=""3d5.(4P).4p""","=""v 5D*""","=""3""",9,7,,"=""T3963""","=""L14866""",
Cr,1,"=""425.22249""","=""0.00011""","=""425.222528""","=""0.000020""","=""9""","=""5.1e+06""",D,"=""24303.9025""","=""47814.3823""","=""3d5.(4D).4s""","=""b 5D""","=""3""","=""3d5.(4P).4p""","=""v 5D*""","=""3""",7,7,,"=""T3963""","=""L14866""",
Cr,1,"=""425.43517""","=""0.0006""","=""425.433602""","=""0.000022""","=""2480q""","=""3.15e+07""",B,"=""0.0000""","=""23498.8156""","=""3d5.(6S).4s""","=""a 7S""","=""3""","=""3d5.(6S).4p""","=""z 7P*""","=""4""",7,9,,"=""T2887,T3125,T2360,T2778""","=""L14866""",
Cr,1,"=""425.54995""","=""0.00004""","=""425.54994""","=""0.00003""","=""170""","=""6.1e+06""",D,"=""24200.1980""","=""47692.5894""","=""3d4.4s2""","=""a 3H""","=""6""","=""3d4.(3H).4s.4p.(3P*)""","=""z 3I*""","=""7""",13,15,,"=""T3963""","=""L14866""",
Cr,1,"=""425.73476""","=""0.00013""","=""425.734756""","=""0.000020""","=""6""","=""2.9e+06""",D,"=""24303.9025""","=""47786.0959""","=""3d5.(4D).4s""","=""b 5D""","=""3""","=""3d5.(4P).4p""","=""v 5D*""","=""2""",7,5,,"=""T4288""","=""L14866""",
Cr,1,"=""426.13370""","=""0.00005""","=""426.13370""","=""0.00003""","=""32""","=""6.6e+06""",D,"=""23498.8156""","=""46959.0255""","=""3d5.(6S).4p""","=""z 7P*""","=""4""","=""3d4.4s.5s""","=""f 7D""","=""5""",9,11,,"=""T3963""","=""L14866""",
Cr,1,"=""426.16138""","=""0.00005""","=""426.16137""","=""0.00003""","=""43""","=""6.4e+06""",D,"=""25177.3539""","=""48636.0405""","=""3d4.4s2""","=""a 3F""","=""4""","=""3d4.(3F1).4s.4p.(3P*)""","=""3F*""","=""3""",9,7,,"=""T3963""","=""L14866""",
Cr,1,"=""426.23637""","=""0.00005""","=""426.23635""","=""0.00003""","=""25""","=""2.4e+06""",D,"=""24833.7957""","=""48288.3556""","=""3d5.(4G).4s""","=""a 3G""","=""3""","=""3d4.(3H).4s.4p.(3P*)""","=""y 3H*""","=""4""",7,9,,"=""T3963""","=""L14866""",
Cr,1,"=""426.31382""","=""0.00004""","=""426.31382""","=""0.00004""","=""200""","=""6.4e+07""",D,"=""31047.9572""","=""54498.255""","=""3d5.(2I).4s""","=""a 3I""","=""7""","=""3d5.(2I).4p""","=""z 3K*""","=""8""",15,17,,"=""T3963""","=""L14866""",
Cr,1,"=""426.87874""","=""0.00007""","=""426.87876""","=""0.00004""","=""16""","=""1.7e+07""",D,"=""32097.2978""","=""55516.562""","=""3d4.4s2""","=""a 1I""","=""6""","=""3d5.(2I).4p""","=""y 1I*""","=""6""",13,13,,"=""T3963""","=""L14866""",
Cr,1,"=""426.99505""","=""0.00005""","=""426.99504""","=""0.00003""","=""40""","=""3.2e+06""",D,"=""24897.4635""","=""48310.3500""","=""3d5.(4G).4s""","=""a 3G""","=""4""","=""3d4.(3H).4s.4p.(3P*)""","=""y 3H*""","=""5""",9,11,,"=""T3963""","=""L14866""",
Cr,1,"=""427.10617""","=""0.00005""","=""427.10614""","=""0.00003""","=""77""","=""5.3e+06""",D,"=""25038.4981""","=""48445.2943""","=""3d5.(4G).4s""","=""a 3G""","=""5""","=""3d4.(3H).4s.4p.(3P*)""","=""y 3H*""","=""6""",11,13,,"=""T1621n""","=""L14866""",
Cr,1,"=""427.29031""","=""0.00007""","=""427.29025""","=""0.00003""","=""21""","=""4.7e+06""",D,"=""23386.3419""","=""46783.0528""","=""3d5.(6S).4p""","=""z 7P*""","=""3""","=""3d4.4s.5s""","=""f 7D""","=""4""",7,9,,"=""T3963""","=""L14866""",
Cr,1,"=""427.48117""","=""0.0006""","=""427.479710""","=""0.000022""","=""2500q""","=""3.07e+07""",B,"=""0.0000""","=""23386.3419""","=""3d5.(6S).4s""","=""a 7S""","=""3""","=""3d5.(6S).4p""","=""z 7P*""","=""3""",7,7,,"=""T2887,T3125,T2360,T3239""","=""L14866""",
Cr,1,"=""427.598""","=""0.006""","=""427.59701""","=""0.00020""","=""7w""","=""2.2e+07""",D,"=""31280.3147""","=""54660.241""","=""3d4.(5D).4s.4p.(3P*)""","=""z 5F*""","=""5""","=""""","=""e 5F""","=""5""",11,11,,"=""T3963""","=""L808""",
Cr,1,"=""428.04034""","=""0.00004""","=""428.04033""","=""0.00004""","=""180""","=""4.7e+07""",D,"=""31049.2155""","=""54404.928""","=""3d5.(2I).4s""","=""a 3I""","=""6""","=""3d5.(2I).4p""","=""z 3K*""","=""7""",13,15,,"=""T1621n""","=""L14866""",
Cr,1,"=""428.089""","=""0.006""","=""428.08837""","=""0.00004""","=""4w""","=""1.9e+06""",D,"=""27597.2409""","=""50950.3326""","=""3d4.4s2""","=""b 3G""","=""3""","=""3d4.(3G).4s.4p.(3P*)""","=""w 3F*""","=""3""",7,7,,"=""T3963""","=""L808""",
Cr,1,"=""428.3004""","=""0.002""","=""428.29902""","=""0.00015""","=""4""","=""8.8e+06""",D,"=""33934.757""","=""57276.363""","=""3d4.4s2""","=""c 3D""","=""3""","=""3d4.(3D).4s.4p.(3P*)""","=""t 3F*""","=""3""",7,7,,"=""T3963""","=""L808""",
Cr,1,"=""428.856""","=""""","=""428.85513""","=""0.00007""","=""3:""","=""2.8e+06""",D,"=""24940.594""","=""48251.933""","=""3d4.4s2""","=""a 3F""","=""2""","=""3d4.(3F1).4s.4p.(3P*)""","=""3D*""","=""3""",5,7,,"=""T3963""","=""L9365""",
Cr,1,"=""428.97307""","=""0.0006""","=""428.97173""","=""0.00003""","=""2380q""","=""3.16e+07""",B,"=""0.0000""","=""23305.0026""","=""3d5.(6S).4s""","=""a 7S""","=""3""","=""3d5.(6S).4p""","=""z 7P*""","=""2""",7,5,,"=""T2887,T3125,T2360,T3239""","=""L14866""",
Cr,1,"=""429.19582""","=""0.00005""","=""429.19580""","=""0.00004""","=""50""","=""2.4e+07""",D,"=""27597.2409""","=""50890.077""","=""3d4.4s2""","=""b 3G""","=""3""","=""3d4.(3G).4s.4p.(3P*)""","=""w 3F*""","=""2""",7,5,,"=""T3963""","=""L14866""",
Cr,1,"=""429.35427""","=""0.00010""","=""429.354304""","=""0.000024""","=""12""","=""2.5e+06""",D,"=""23498.8156""","=""46783.0528""","=""3d5.(6S).4p""","=""z 7P*""","=""4""","=""3d4.4s.5s""","=""f 7D""","=""4""",9,9,,"=""T4288""","=""L14866""",
Cr,1,"=""429.611""","=""0.003""","=""429.60799""","=""0.00017""","=""2""","=""8.9e+06""",D,"=""37233.423""","=""60503.911""","=""3d5.(2G2).4s""","=""c 3G""","=""5""","=""3d5.(2G1).4p""","=""s 3G*""","=""4""",11,9,,"=""T3963""","=""L808""",
Cr,1,"=""429.62760""","=""0.00017""","=""429.62763""","=""0.00007""","=""4""","=""3.2e+06""",D,"=""24940.594""","=""48210.018""","=""3d4.4s2""","=""a 3F""","=""2""","=""3d4.(3F1).4s.4p.(3P*)""","=""3D*""","=""1""",5,3,,"=""T3963""","=""L14866""",
Cr,1,"=""429.66130""","=""0.00012""","=""429.66127""","=""0.00006""","=""9""","=""2.8e+06""",D,"=""31049.2155""","=""54316.818""","=""3d5.(2I).4s""","=""a 3I""","=""6""","=""3d5.(2I).4p""","=""z 3K*""","=""6""",13,13,,"=""T3963""","=""L14866""",
Cr,1,"=""429.70466""","=""0.00005""","=""429.704668""","=""0.000024""","=""37""","=""4.8e+06""",D,"=""21847.8349""","=""45113.0874""","=""3d5.(4P).4s""","=""a 5P""","=""2""","=""3d4.(3P1).4s.4p.(3P*)""","=""v 5P*""","=""3""",5,7,,"=""T3963""","=""L14866""",
Cr,1,"=""429.77325""","=""0.00004""","=""429.77324""","=""0.00004""","=""150""","=""4.9e+07""",D,"=""31055.2777""","=""54316.818""","=""3d5.(2I).4s""","=""a 3I""","=""5""","=""3d5.(2I).4p""","=""z 3K*""","=""6""",11,13,,"=""T1621n""","=""L14866""",
Cr,1,"=""429.8048""","=""0.002""","=""429.80355""","=""0.00018""","=""10""","=""2.6e+07""",D,"=""37244.011""","=""60503.911""","=""3d5.(2G2).4s""","=""c 3G""","=""4""","=""3d5.(2G1).4p""","=""s 3G*""","=""4""",9,9,,"=""T3963""","=""L808""",
Cr,1,"=""429.97015""","=""0.00007""","=""429.970132""","=""0.000022""","=""17""","=""6.1e+06""",D,"=""23386.3419""","=""46637.2307""","=""3d5.(6S).4p""","=""z 7P*""","=""3""","=""3d4.4s.5s""","=""f 7D""","=""3""",7,7,,"=""T3963""","=""L14866""",
Cr,1,"=""430.05025""","=""0.00005""","=""430.05023""","=""0.00003""","=""62""","=""1.9e+07""",D,"=""27703.7743""","=""50950.3326""","=""3d4.4s2""","=""b 3G""","=""4""","=""3d4.(3G).4s.4p.(3P*)""","=""w 3F*""","=""3""",9,7,,"=""T3963""","=""L14866""",
Cr,1,"=""430.11744""","=""0.00005""","=""430.11743""","=""0.00003""","=""80""","=""2.6e+07""",D,"=""27816.7783""","=""51059.7045""","=""3d4.4s2""","=""b 3G""","=""5""","=""3d4.(3G).4s.4p.(3P*)""","=""w 3F*""","=""4""",11,9,,"=""T3963""","=""L14866""",
Cr,1,"=""430.2784""","=""0.002""","=""430.27352""","=""0.00022""","=""15""","=""2.5e+07""",D,"=""37233.423""","=""60467.918""","=""3d5.(2G2).4s""","=""c 3G""","=""5""","=""3d5.(2G1).4p""","=""s 3G*""","=""5""",11,11,,"=""T3963""","=""L808""",
Cr,1,"=""430.54379""","=""0.00007""","=""430.543673""","=""0.000024""","=""17""","=""7.6e+06""",D,"=""23305.0026""","=""46524.9187""","=""3d5.(6S).4p""","=""z 7P*""","=""2""","=""3d4.4s.5s""","=""f 7D""","=""2""",5,5,,"=""T1621n""","=""L14866""",
Cr,1,"=""430.76663""","=""0.00015""","=""430.76684""","=""0.00009""","=""5""","=""8.2e+06""",D,"=""37233.423""","=""60441.310""","=""3d5.(2G2).4s""","=""c 3G""","=""5""","=""3d5.(2H).4p""","=""x 1I*""","=""6""",11,13,,"=""T3963""","=""L14866""",
Cr,1,"=""430.973""","=""0.003""","=""430.9717""","=""0.0007""","=""8""","=""1.7e+07""",D,"=""33935.613""","=""57132.47""","=""3d4.4s2""","=""c 3D""","=""2""","=""3d4.(1S1).4s.4p.(3P*)""","=""u 3P*""","=""1""",5,3,,"=""T3963""","=""L808""",
Cr,1,"=""431.24674""","=""0.00007""","=""431.24675""","=""0.00003""","=""20""","=""1.7e+06""",D,"=""25106.2953""","=""48288.3556""","=""3d4.4s2""","=""a 3F""","=""3""","=""3d4.(3H).4s.4p.(3P*)""","=""y 3H*""","=""4""",7,9,,"=""T3963""","=""L14866""",
Cr,1,"=""431.7901""","=""0.0004""","=""431.7901""","=""0.0004""","=""15""","=""1.1e+07""",D,"=""33934.757""","=""57087.645""","=""3d4.4s2""","=""c 3D""","=""3""","=""3d4.(1S1).4s.4p.(3P*)""","=""u 3P*""","=""2""",7,5,,"=""T3963""","=""L9190""",
Cr,1,"=""431.96295""","=""0.00008""","=""431.96293""","=""0.00003""","=""15""","=""1.8e+07""",D,"=""23305.0026""","=""46448.6289""","=""3d5.(6S).4p""","=""z 7P*""","=""2""","=""3d4.4s.5s""","=""f 7D""","=""1""",5,3,,"=""T1621n""","=""L14866""",
Cr,1,"=""432.12362""","=""0.00007""","=""432.12355""","=""0.00003""","=""16""","=""3.4e+06""",D,"=""23163.2205""","=""46298.2442""","=""3d4.4s2""","=""a 3P""","=""0""","=""3d4.(3F1).4s.4p.(3P*)""","=""w 5D*""","=""1""",1,3,,"=""T3963""","=""L14866""",
Cr,1,"=""432.16145""","=""0.00005""","=""432.16143""","=""0.00003""","=""34""","=""1.7e+06""",D,"=""25177.3539""","=""48310.3500""","=""3d4.4s2""","=""a 3F""","=""4""","=""3d4.(3H).4s.4p.(3P*)""","=""y 3H*""","=""5""",9,11,,"=""T3963""","=""L14866""",
Cr,1,"=""432.50613""","=""0.00004""","=""432.506125""","=""0.000024""","=""100""","=""1.4e+07""",D,"=""23933.8561""","=""47048.4161""","=""3d4.4s2""","=""a 3H""","=""4""","=""3d5.(4G).4p""","=""y 3G*""","=""3""",9,7,,"=""T3963""","=""L14866""",
Cr,1,"=""432.56262""","=""0.00015""","=""432.56252""","=""0.00006""","=""5""","=""2.8e+06""",D,"=""25106.2953""","=""48217.842""","=""3d4.4s2""","=""a 3F""","=""3""","=""3d4.(3F1).4s.4p.(3P*)""","=""3D*""","=""2""",7,5,,"=""T3963""","=""L14866""",
Cr,1,"=""433.076""","=""0.003""","=""433.07639""","=""0.00003""","=""3""","=""1.4e+06""",D,"=""24833.7957""","=""47917.9197""","=""3d5.(4G).4s""","=""a 3G""","=""3""","=""3d5.(4G).4p""","=""u 5F*""","=""2""",7,5,,"=""T3963""","=""L808""",
Cr,1,"=""433.25557""","=""0.00014""","=""433.25553""","=""0.00008""","=""7""","=""2.1e+06""",D,"=""25177.3539""","=""48251.933""","=""3d4.4s2""","=""a 3F""","=""4""","=""3d4.(3F1).4s.4p.(3P*)""","=""3D*""","=""3""",9,7,,"=""T3963""","=""L14866""",
Cr,1,"=""433.725""","=""0.006""","=""433.7168""","=""0.0008""","=""10w""","=""2.0e+07""",D,"=""33935.613""","=""56985.65""","=""3d4.4s2""","=""c 3D""","=""2""","=""3d4.(3F1).4s.4p.(1P*)""","=""3G*""","=""3""",5,7,,"=""T3963""","=""L808""",
Cr,1,"=""433.75570""","=""0.00004""","=""433.755701""","=""0.000013""","=""1900""","=""5.48e+06""",B,"=""7810.7795""","=""30858.7516""","=""3d4.4s2""","=""a 5D""","=""1""","=""3d4.(5D).4s.4p.(3P*)""","=""z 5F*""","=""2""",3,5,,"=""T4624""","=""L14866""",
Cr,1,"=""433.87720""","=""0.00007""","=""433.87722""","=""0.00004""","=""16""","=""7.0e+06""",D,"=""27222.9417""","=""50264.4589""","=""3d5.(4P).4s""","=""b 3P""","=""2""","=""3d5.(4D).4p""","=""w 3D*""","=""3""",5,7,,"=""T3963""","=""L14866""",
Cr,1,"=""433.94463""","=""0.00004""","=""433.944609""","=""0.000013""","=""2600""","=""6.92e+06""",B,"=""7927.4410""","=""30965.3799""","=""3d4.4s2""","=""a 5D""","=""2""","=""3d4.(5D).4s.4p.(3P*)""","=""z 5F*""","=""3""",5,7,,"=""T4624""","=""L14866""",
Cr,1,"=""433.97105""","=""0.00004""","=""433.971051""","=""0.000019""","=""1120""","=""4.40e+06""",B,"=""7750.7465""","=""30787.2817""","=""3d4.4s2""","=""a 5D""","=""0""","=""3d4.(5D).4s.4p.(3P*)""","=""z 5F*""","=""1""",1,3,,"=""T4624""","=""L14866""",
Cr,1,"=""434.01277""","=""0.00005""","=""434.01278""","=""0.00003""","=""78""","=""1.2e+07""",D,"=""21840.8096""","=""44875.1301""","=""3d5.(4P).4s""","=""a 5P""","=""3""","=""3d4.(3P1).4s.4p.(3P*)""","=""v 5P*""","=""2""",7,5,,"=""T3963""","=""L14866""",
Cr,1,"=""434.14519""","=""0.00015""","=""434.14519""","=""0.00003""","=""5""","=""6.4e+05""",E,"=""21847.8349""","=""44875.1301""","=""3d5.(4P).4s""","=""a 5P""","=""2""","=""3d4.(3P1).4s.4p.(3P*)""","=""v 5P*""","=""2""",5,5,,"=""T3963""","=""L14866""",
Cr,1,"=""434.31670""","=""0.00005""","=""434.31671""","=""0.00003""","=""26""","=""3.6e+06""",D,"=""21856.9287""","=""44875.1301""","=""3d5.(4P).4s""","=""a 5P""","=""1""","=""3d4.(3P1).4s.4p.(3P*)""","=""v 5P*""","=""2""",3,5,,"=""T3963""","=""L14866""",
Cr,1,"=""434.45016""","=""0.00004""","=""434.450128""","=""0.000021""","=""3100""","=""1.1e+07""",C,"=""8095.1842""","=""31106.3170""","=""3d4.4s2""","=""a 5D""","=""3""","=""3d4.(5D).4s.4p.(3P*)""","=""z 5F*""","=""4""",7,9,,"=""T3196""","=""L14866""",
Cr,1,"=""434.50747""","=""0.00017""","=""434.50770""","=""0.00008""","=""4""","=""9.8e+06""",D,"=""27176.1072""","=""50184.191""","=""3d5.(4P).4s""","=""b 3P""","=""1""","=""3d5.(4D).4p""","=""w 3D*""","=""2""",3,5,,"=""T4288""","=""L14866""",
Cr,1,"=""434.68185""","=""0.00004""","=""434.681838""","=""0.000021""","=""135""","=""9.0e+06""",D,"=""24056.0404""","=""47054.9072""","=""3d4.4s2""","=""a 3H""","=""5""","=""3d5.(4G).4p""","=""y 3G*""","=""4""",11,9,,"=""T4288""","=""L14866""",
Cr,1,"=""434.7491""","=""0.002""","=""434.74981""","=""0.00004""","=""8""","=""1.9e+06""",D,"=""24093.1182""","=""47088.389""","=""3d4.4s2""","=""a 3P""","=""2""","=""3d4.(3P1).4s.4p.(3P*)""","=""z 3S*""","=""1""",5,3,,"=""T3963""","=""L808""",
Cr,1,"=""435.10495""","=""0.00004""","=""435.104951""","=""0.000017""","=""1080""","=""4.18e+06""",B,"=""7810.7795""","=""30787.2817""","=""3d4.4s2""","=""a 5D""","=""1""","=""3d4.(5D).4s.4p.(3P*)""","=""z 5F*""","=""1""",3,3,,"=""T4624""","=""L14866""",
Cr,1,"=""435.17625""","=""0.00004""","=""435.176220""","=""0.000013""","=""3500""","=""1.2e+07""",C,"=""8307.5753""","=""31280.3147""","=""3d4.4s2""","=""a 5D""","=""4""","=""3d4.(5D).4s.4p.(3P*)""","=""z 5F*""","=""5""",9,11,,"=""T3196""","=""L14866""",
Cr,1,"=""435.39390""","=""0.00017""","=""435.39399""","=""0.00008""","=""4""","=""1.3e+07""",D,"=""27222.9417""","=""50184.191""","=""3d5.(4P).4s""","=""b 3P""","=""2""","=""3d5.(4D).4p""","=""w 3D*""","=""2""",5,5,,"=""T4288""","=""L14866""",
Cr,1,"=""435.67554""","=""0.00007""","=""435.67554""","=""0.00003""","=""18""","=""2.2e+06""",D,"=""24282.3486""","=""47228.7599""","=""3d5.(4D).4s""","=""b 5D""","=""4""","=""3d4.(3H).4s.4p.(3P*)""","=""x 5G*""","=""5""",9,11,,"=""T3963""","=""L14866""",
Cr,1,"=""435.75200""","=""0.00010""","=""435.75200""","=""0.00003""","=""14""","=""6.8e+06""",D,"=""27163.1052""","=""50105.4904""","=""3d5.(4P).4s""","=""b 3P""","=""0""","=""3d5.(4D).4p""","=""w 3D*""","=""1""",1,3,,"=""T3963""","=""L14866""",
Cr,1,"=""435.96246""","=""0.00004""","=""435.962444""","=""0.000013""","=""1420""","=""5.4e+06""",C,"=""7927.4410""","=""30858.7516""","=""3d4.4s2""","=""a 5D""","=""2""","=""3d4.(5D).4s.4p.(3P*)""","=""z 5F*""","=""2""",5,5,,"=""T3196""","=""L14866""",
Cr,1,"=""436.29521""","=""0.00014""","=""436.29525""","=""0.00004""","=""6""","=""3.2e+06""",D,"=""23163.2205""","=""46077.0395""","=""3d4.4s2""","=""a 3P""","=""0""","=""3d5.(4P).4p""","=""y 3D*""","=""1""",1,3,,"=""T3963""","=""L14866""",
Cr,1,"=""436.31290""","=""0.00004""","=""436.312902""","=""0.000021""","=""120""","=""1.6e+07""",D,"=""23933.8561""","=""46846.7480""","=""3d4.4s2""","=""a 3H""","=""4""","=""3d4.(3H).4s.4p.(3P*)""","=""z 3G*""","=""3""",9,7,,"=""T3963""","=""L14866""",
Cr,1,"=""436.82542""","=""0.00007""","=""436.82543""","=""0.00003""","=""16""","=""2.1e+06""",D,"=""24303.9025""","=""47189.9110""","=""3d5.(4D).4s""","=""b 5D""","=""3""","=""3d4.(3H).4s.4p.(3P*)""","=""x 5G*""","=""4""",7,9,,"=""T3963""","=""L14866""",
Cr,1,"=""436.89148""","=""0.0002""","=""436.89148""","=""0.00003""","=""3""","=""5.8e+06""",D,"=""27222.9417""","=""50105.4904""","=""3d5.(4P).4s""","=""b 3P""","=""2""","=""3d5.(4D).4p""","=""w 3D*""","=""1""",5,3,,"=""T3963""","=""L14866""",
Cr,1,"=""437.07628""","=""0.00018""","=""437.07616""","=""0.00006""","=""4""","=""2.5e+06""",D,"=""32097.2978""","=""54970.178""","=""3d4.4s2""","=""a 1I""","=""6""","=""3d5.(2I).4p""","=""z 1K*""","=""7""",13,15,,"=""T3963""","=""L14866""",
Cr,1,"=""437.087""","=""0.003""","=""437.0885""","=""0.0006""","=""5""","=""5.0e+06""",D,"=""31055.2777""","=""53927.51""","=""3d5.(2I).4s""","=""a 3I""","=""5""","=""3d3.(4F).4s2.4p""","=""v 3G*""","=""4""",11,9,,"=""T3963""","=""L808""",
Cr,1,"=""437.12748""","=""0.00004""","=""437.127465""","=""0.000014""","=""1400""","=""4.1e+06""",C,"=""8095.1842""","=""30965.3799""","=""3d4.4s2""","=""a 5D""","=""3""","=""3d4.(5D).4s.4p.(3P*)""","=""z 5F*""","=""3""",7,7,,"=""T3196""","=""L14866""",
Cr,1,"=""437.32549""","=""0.00004""","=""437.325478""","=""0.000017""","=""170""","=""5.24e+05""",B,"=""7927.4410""","=""30787.2817""","=""3d4.4s2""","=""a 5D""","=""2""","=""3d4.(5D).4s.4p.(3P*)""","=""z 5F*""","=""1""",5,3,,"=""T4624""","=""L14866""",
Cr,1,"=""437.36462""","=""0.00009""","=""437.36473""","=""0.00008""","=""15""","=""2.8e+07""",D,"=""35870.458""","=""58728.247""","=""3d5.(2H).4s""","=""b 3H""","=""4""","=""3d5.(2H).4p""","=""t 3H*""","=""4""",9,9,,"=""T3963""","=""L14866""",
Cr,1,"=""437.41537""","=""0.00004""","=""437.415357""","=""0.000021""","=""200""","=""1.03e+07""",C,"=""24200.1980""","=""47055.3416""","=""3d4.4s2""","=""a 3H""","=""6""","=""3d5.(4G).4p""","=""y 3G*""","=""5""",13,11,,"=""T2268""","=""L14866""",
Cr,1,"=""437.53303""","=""0.00004""","=""437.533013""","=""0.000021""","=""130""","=""7.2e+06""",D,"=""24056.0404""","=""46905.0382""","=""3d4.4s2""","=""a 3H""","=""5""","=""3d4.(3H).4s.4p.(3P*)""","=""z 3G*""","=""4""",11,9,,"=""T1621n""","=""L14866""",
Cr,1,"=""437.67953""","=""0.00007""","=""437.67945""","=""0.00006""","=""22""","=""3.2e+07""",D,"=""35933.906""","=""58775.259""","=""3d5.(2H).4s""","=""b 3H""","=""6""","=""3d5.(2H).4p""","=""t 3H*""","=""6""",13,13,,"=""T3963""","=""L14866""",
Cr,1,"=""437.75441""","=""0.00005""","=""437.754375""","=""0.000021""","=""40""","=""3.3e+06""",D,"=""23511.9739""","=""46349.4177""","=""3d4.4s2""","=""a 3P""","=""1""","=""3d4.(3F1).4s.4p.(3P*)""","=""w 5D*""","=""2""",3,5,,"=""T4288""","=""L14866""",
Cr,1,"=""437.97763""","=""0.00012""","=""437.97770""","=""0.00003""","=""9""","=""1.9e+06""",D,"=""24299.8419""","=""47125.6412""","=""3d5.(4D).4s""","=""b 5D""","=""2""","=""3d4.(3H).4s.4p.(3P*)""","=""x 5G*""","=""3""",5,7,,"=""T3963""","=""L14866""",
Cr,1,"=""438.11097""","=""0.00005""","=""438.11097""","=""0.00004""","=""43""","=""1.0e+07""",D,"=""21847.8349""","=""44666.6907""","=""3d5.(4P).4s""","=""a 5P""","=""2""","=""3d4.(3P1).4s.4p.(3P*)""","=""v 5P*""","=""1""",5,3,,"=""T1621n""","=""L14866""",
Cr,1,"=""438.28549""","=""0.00010""","=""438.28564""","=""0.00004""","=""12""","=""3.0e+06""",D,"=""21856.9287""","=""44666.6907""","=""3d5.(4P).4s""","=""a 5P""","=""1""","=""3d4.(3P1).4s.4p.(3P*)""","=""v 5P*""","=""1""",3,3,,"=""T3963""","=""L14866""",
Cr,1,"=""438.49751""","=""0.00004""","=""438.497500""","=""0.000019""","=""1060""","=""2.7e+06""",D,"=""8307.5753""","=""31106.3170""","=""3d4.4s2""","=""a 5D""","=""4""","=""3d4.(5D).4s.4p.(3P*)""","=""z 5F*""","=""4""",9,9,,"=""T3196""","=""L14866""",
Cr,1,"=""438.73749""","=""0.00005""","=""438.737503""","=""0.000019""","=""26""","=""5.4e+06""",D,"=""23511.9739""","=""46298.2442""","=""3d4.4s2""","=""a 3P""","=""1""","=""3d4.(3F1).4s.4p.(3P*)""","=""w 5D*""","=""1""",3,3,,"=""T3963""","=""L14866""",
Cr,1,"=""439.17509""","=""0.00004""","=""439.175079""","=""0.000014""","=""160""","=""2.88e+05""",B,"=""8095.1842""","=""30858.7516""","=""3d4.4s2""","=""a 5D""","=""3""","=""3d4.(5D).4s.4p.(3P*)""","=""z 5F*""","=""2""",7,5,,"=""T4624""","=""L14866""",
Cr,1,"=""439.35269""","=""0.00014""","=""439.35259""","=""0.00003""","=""8""","=""7.e+05""",E,"=""23933.8561""","=""46688.2265""","=""3d4.4s2""","=""a 3H""","=""4""","=""3d4.(3G).4s.4p.(3P*)""","=""w 5F*""","=""3""",9,7,,"=""T3963""","=""L14866""",
Cr,1,"=""439.72366""","=""0.00010""","=""439.72365""","=""0.00003""","=""12""","=""1.0e+07""",D,"=""24286.5418""","=""47021.7112""","=""3d5.(4D).4s""","=""b 5D""","=""1""","=""3d5.(4P).4p""","=""u 5P*""","=""1""",3,3,,"=""T1621n""","=""L14866""",
Cr,1,"=""439.98111""","=""0.00010""","=""439.98105""","=""0.00003""","=""10""","=""9.8e+06""",D,"=""24299.8419""","=""47021.7112""","=""3d5.(4D).4s""","=""b 5D""","=""2""","=""3d5.(4P).4p""","=""u 5P*""","=""1""",5,3,,"=""T1621n""","=""L14866""",
Cr,1,"=""441.02977""","=""0.00007""","=""441.029753""","=""0.000018""","=""18""","=""6.7e+06""",D,"=""24299.8419""","=""46967.6827""","=""3d5.(4D).4s""","=""b 5D""","=""2""","=""3d5.(4P).4p""","=""u 5P*""","=""2""",5,5,,"=""T3963""","=""L14866""",
Cr,1,"=""441.09614""","=""0.00007""","=""441.096112""","=""0.000022""","=""19""","=""2.3e+06""",D,"=""24056.0404""","=""46720.4711""","=""3d4.4s2""","=""a 3H""","=""5""","=""3d4.(3G).4s.4p.(3P*)""","=""w 5F*""","=""4""",11,9,,"=""T3963""","=""L14866""",
Cr,1,"=""441.10878""","=""0.00005""","=""441.108773""","=""0.000018""","=""28""","=""1.3e+07""",D,"=""24303.9025""","=""46967.6827""","=""3d5.(4D).4s""","=""b 5D""","=""3""","=""3d5.(4P).4p""","=""u 5P*""","=""2""",7,5,,"=""T3963""","=""L14866""",
Cr,1,"=""441.22510""","=""0.00005""","=""441.225109""","=""0.000014""","=""71""","=""9.86e+04""",B,"=""8307.5753""","=""30965.3799""","=""3d4.4s2""","=""a 5D""","=""4""","=""3d4.(5D).4s.4p.(3P*)""","=""z 5F*""","=""3""",9,7,,"=""T4624""","=""L14866""",
Cr,1,"=""441.2996""","=""0.0002""","=""441.29946""","=""0.00008""","=""3""","=""9.7e+06""",D,"=""38537.591""","=""61191.578""","=""3d5.(2H).4s""","=""a 1H""","=""5""","=""3d5.(2G1).4p""","=""s 3H*""","=""6""",11,13,,"=""T3963""","=""L14866""",
Cr,1,"=""441.38551""","=""0.00005""","=""441.38548""","=""0.00003""","=""51""","=""2.7e+07""",D,"=""28636.9634""","=""51286.5356""","=""3d5.(4D).4s""","=""a 3D""","=""3""","=""3d5.(4D).4p""","=""w 3P*""","=""2""",7,5,,"=""T4288""","=""L14866""",
Cr,1,"=""442.26890""","=""0.00011""","=""442.26891""","=""0.00004""","=""14""","=""2.7e+07""",D,"=""28682.2050""","=""51286.5356""","=""3d5.(4D).4s""","=""a 3D""","=""2""","=""3d5.(4D).4p""","=""w 3P*""","=""2""",5,5,,"=""T3963""","=""L14866""",
Cr,1,"=""442.40757""","=""0.00007""","=""442.407534""","=""0.000020""","=""16""","=""5.7e+06""",D,"=""23511.9739""","=""46109.2219""","=""3d4.4s2""","=""a 3P""","=""1""","=""3d5.(4P).4p""","=""y 3D*""","=""2""",3,5,,"=""T3963""","=""L14866""",
Cr,1,"=""442.42784""","=""0.00005""","=""442.42787""","=""0.00003""","=""56""","=""2.1e+07""",D,"=""24282.3486""","=""46878.558""","=""3d5.(4D).4s""","=""b 5D""","=""4""","=""3d5.(4P).4p""","=""u 5P*""","=""3""",9,7,,"=""T3963""","=""L14866""",
Cr,1,"=""442.85033""","=""0.00007""","=""442.85030""","=""0.00003""","=""17""","=""5.5e+06""",D,"=""24303.9025""","=""46878.558""","=""3d5.(4D).4s""","=""b 5D""","=""3""","=""3d5.(4P).4p""","=""u 5P*""","=""3""",7,7,,"=""T3963""","=""L14866""",
Cr,1,"=""442.99239""","=""0.00011""","=""442.99232""","=""0.00004""","=""12""","=""2.4e+07""",D,"=""28679.4239""","=""51246.842""","=""3d5.(4D).4s""","=""a 3D""","=""1""","=""3d5.(4D).4p""","=""w 3P*""","=""1""",3,3,,"=""T3963""","=""L14866""",
Cr,1,"=""443.21663""","=""0.00006""","=""443.21665""","=""0.00004""","=""66""","=""1.8e+07""",D,"=""23163.2205""","=""45719.2168""","=""3d4.4s2""","=""a 3P""","=""0""","=""3d5.(4P).4p""","=""y 3P*""","=""1""",1,3,,"=""T4288""","=""L14866""",
Cr,1,"=""443.27589""","=""0.00014""","=""443.27591""","=""0.00014""","=""6""","=""4.9e+07""",D,"=""42387.260""","=""64940.241""","=""3d4.(3H).4s.4p.(3P*)""","=""z 5H*""","=""7""","=""3d4.4s.5s""","=""e 5H""","=""7""",15,15,,"=""T3963""","=""L14866""",
Cr,1,"=""444.22678""","=""0.00006""","=""444.226744""","=""0.000022""","=""28""","=""1.9e+06""",D,"=""24200.1980""","=""46704.9067""","=""3d4.4s2""","=""a 3H""","=""6""","=""3d4.(3G).4s.4p.(3P*)""","=""w 5F*""","=""5""",13,11,,"=""T3963""","=""L14866""",
Cr,1,"=""444.37077""","=""0.00011""","=""444.37074""","=""0.00008""","=""13""","=""4.5e+07""",D,"=""28679.4239""","=""51176.840""","=""3d5.(4D).4s""","=""a 3D""","=""1""","=""3d5.(4D).4p""","=""w 3P*""","=""0""",3,1,,"=""T3963""","=""L14866""",
Cr,1,"=""445.97343""","=""0.00004""","=""445.973437""","=""0.000018""","=""93""","=""8.4e+06""",D,"=""24303.9025""","=""46720.4711""","=""3d5.(4D).4s""","=""b 5D""","=""3""","=""3d4.(3G).4s.4p.(3P*)""","=""w 5F*""","=""4""",7,9,,"=""T3963""","=""L14866""",
Cr,1,"=""446.07731""","=""0.00013""","=""446.07734""","=""0.00004""","=""9""","=""1.5e+06""",D,"=""21847.8349""","=""44259.182""","=""3d5.(4P).4s""","=""a 5P""","=""2""","=""3d5.(6S).5p""","=""w 5P*""","=""3""",5,7,,"=""T4288""","=""L14866""",
Cr,1,"=""446.27690""","=""0.00006""","=""446.27701""","=""0.00006""","=""27""","=""5.6e+06""",D,"=""24277.0546""","=""46678.375""","=""3d5.(4D).4s""","=""b 5D""","=""0""","=""3d4.(3G).4s.4p.(3P*)""","=""w 5F*""","=""1""",1,3,,"=""T3963""","=""L14866""",
Cr,1,"=""446.46620""","=""0.00006""","=""446.46609""","=""0.00006""","=""29""","=""4.9e+06""",D,"=""24286.5418""","=""46678.375""","=""3d5.(4D).4s""","=""b 5D""","=""1""","=""3d4.(3G).4s.4p.(3P*)""","=""w 5F*""","=""1""",3,3,,"=""T3963""","=""L14866""",
Cr,1,"=""446.53486""","=""0.00006""","=""446.534868""","=""0.000022""","=""79""","=""5.9e+06""",D,"=""24299.8419""","=""46688.2265""","=""3d5.(4D).4s""","=""b 5D""","=""2""","=""3d4.(3G).4s.4p.(3P*)""","=""w 5F*""","=""3""",5,7,,"=""T4288""","=""L14866""",
Cr,1,"=""446.75560""","=""0.00006""","=""446.75563""","=""0.00003""","=""30""","=""3.7e+06""",D,"=""24299.8419""","=""46677.1634""","=""3d5.(4D).4s""","=""b 5D""","=""2""","=""3d4.(3G).4s.4p.(3P*)""","=""w 5F*""","=""2""",5,5,,"=""T4288""","=""L14866""",
Cr,1,"=""447.536""","=""0.008""","=""447.53749""","=""0.00022""","=""50w*""","=""3.0e+06""",D,"=""23305.0026""","=""45643.231""","=""3d5.(6S).4p""","=""z 7P*""","=""2""","=""3d5.(6S).6s""","=""f 7S""","=""3""",5,7,,"=""T4288""","=""L808""",
Cr,1,"=""447.70572""","=""0.00015""","=""447.705743""","=""0.000020""","=""7""","=""1.3e+06""",D,"=""21856.9287""","=""44186.7624""","=""3d5.(4P).4s""","=""a 5P""","=""1""","=""3d5.(6S).5p""","=""w 5P*""","=""2""",3,5,,"=""T4288""","=""L14866""",
Cr,1,"=""448.02586""","=""0.00007""","=""448.02585""","=""0.00003""","=""17""","=""1.0e+07""",D,"=""27163.1052""","=""49476.9847""","=""3d5.(4P).4s""","=""b 3P""","=""0""","=""3d5.(4P).4p""","=""y 3S*""","=""1""",1,3,,"=""T3963""","=""L14866""",
Cr,1,"=""448.03604""","=""0.00011""","=""448.03610""","=""0.00004""","=""11""","=""3.5e+06""",D,"=""28636.9634""","=""50950.3326""","=""3d5.(4D).4s""","=""a 3D""","=""3""","=""3d4.(3G).4s.4p.(3P*)""","=""w 3F*""","=""3""",7,7,,"=""T3963""","=""L14866""",
Cr,1,"=""448.28708""","=""0.00006""","=""448.28707""","=""0.00003""","=""53""","=""3.0e+07""",D,"=""27176.1072""","=""49476.9847""","=""3d5.(4P).4s""","=""b 3P""","=""1""","=""3d5.(4P).4p""","=""y 3S*""","=""1""",3,3,,"=""T1621n""","=""L14866""",
Cr,1,"=""449.055""","=""0.006""","=""449.050""","=""0.004""","=""8wl""","=""3.9e+07""",D,"=""31377.8624""","=""53640.86""","=""3d5.(4F).4s""","=""a 5F""","=""4""","=""3d4.4s.5p""","=""s 5D*""","=""3""",9,7,,"=""T3963""","=""L808""",
Cr,1,"=""449.1687""","=""0.002""","=""449.17308""","=""0.00024""","=""30""","=""4.4e+06""",D,"=""23386.3419""","=""45643.231""","=""3d5.(6S).4p""","=""z 7P*""","=""3""","=""3d5.(6S).6s""","=""f 7S""","=""3""",7,7,,"=""T4288""","=""L808""",
Cr,1,"=""449.18497""","=""0.00006""","=""449.184975""","=""0.000020""","=""37""","=""3.4e+06""",D,"=""24093.1182""","=""46349.4177""","=""3d4.4s2""","=""a 3P""","=""2""","=""3d4.(3F1).4s.4p.(3P*)""","=""w 5D*""","=""2""",5,5,,"=""T4288""","=""L14866""",
Cr,1,"=""449.23052""","=""0.00004""","=""449.23052""","=""0.00003""","=""89""","=""4.47e+07""",B,"=""27222.9417""","=""49476.9847""","=""3d5.(4P).4s""","=""b 3P""","=""2""","=""3d5.(4P).4p""","=""y 3S*""","=""1""",5,3,,"=""u10""","=""L14866""",
Cr,1,"=""449.5282""","=""0.002""","=""449.5266""","=""0.0010""","=""12""","=""2.0e+07""",D,"=""33113.212""","=""55352.60""","=""3d5.(2F1).4s""","=""b 3F""","=""4""","=""3d5.(4G).5p""","=""u 3F*""","=""3""",9,7,,"=""T3963""","=""L808""",
Cr,1,"=""449.68518""","=""0.00004""","=""449.685195""","=""0.000016""","=""1300""","=""3.3e+06""",B,"=""7593.1484""","=""29824.6909""","=""3d5.(6S).4s""","=""a 5S""","=""2""","=""3d4.(5D).4s.4p.(3P*)""","=""y 5P*""","=""3""",5,7,,"=""T4624,T4913""","=""L14866""",
Cr,1,"=""449.87239""","=""0.00004""","=""449.872367""","=""0.000020""","=""95""","=""7.9e+06""",D,"=""23511.9739""","=""45734.2670""","=""3d4.4s2""","=""a 3P""","=""1""","=""3d5.(4P).4p""","=""y 3P*""","=""2""",3,5,,"=""T4288""","=""L14866""",
Cr,1,"=""450.02778""","=""0.00004""","=""450.02775""","=""0.00003""","=""160""","=""2.1e+07""",D,"=""24833.7957""","=""47048.4161""","=""3d5.(4G).4s""","=""a 3G""","=""3""","=""3d5.(4G).4p""","=""y 3G*""","=""3""",7,7,,"=""T3963""","=""L14866""",
Cr,1,"=""450.17724""","=""0.00006""","=""450.17726""","=""0.00003""","=""37""","=""1.0e+07""",D,"=""23511.9739""","=""45719.2168""","=""3d4.4s2""","=""a 3P""","=""1""","=""3d5.(4P).4p""","=""y 3P*""","=""1""",3,3,,"=""T3963""","=""L14866""",
Cr,1,"=""450.304""","=""0.003""","=""450.3091""","=""0.0020""","=""12""","=""8.3e+06""",D,"=""37883.4010""","=""60084.14""","=""3d5.(6S).5s""","=""e 5S""","=""2""","=""3d4.(3P1).4s.4p.(1P*)""","=""x 3S*""","=""1""",5,3,,"=""T3963""","=""L808""",
Cr,1,"=""450.68389""","=""0.00006""","=""450.68388""","=""0.00005""","=""48""","=""2.7e+07""",D,"=""33762.6622""","=""55944.942""","=""3d5.(2I).4s""","=""b 1I""","=""6""","=""3d5.(2I).4p""","=""y 1H*""","=""5""",13,11,,"=""T1621n""","=""L14866""",
Cr,1,"=""451.0005""","=""0.0004""","=""451.00073""","=""0.00012""","=""15""","=""4.1e+05""",E,"=""36558.446""","=""58725.142""","=""3d5.(2F2).4s""","=""d 3F""","=""2""","=""3d5.(4F).4p""","=""u 3D*""","=""1""",5,3,,"=""T3963""","=""L9190""",
Cr,1,"=""451.18909""","=""0.00004""","=""451.189055""","=""0.000020""","=""210""","=""1.65e+07""",B,"=""24897.4635""","=""47054.9072""","=""3d5.(4G).4s""","=""a 3G""","=""4""","=""3d5.(4G).4p""","=""y 3G*""","=""4""",9,9,,"=""u10""","=""L14866""",
Cr,1,"=""451.43580""","=""0.00006""","=""451.43575""","=""0.00006""","=""31""","=""1.1e+07""",D,"=""33762.6622""","=""55907.998""","=""3d5.(2I).4s""","=""b 1I""","=""6""","=""3d4.(1I).4s.4p.(3P*)""","=""u 3H*""","=""6""",13,13,,"=""T3963""","=""L14866""",
Cr,1,"=""451.54301""","=""0.00006""","=""451.54304""","=""0.00003""","=""50""","=""2.2e+06""",D,"=""24282.3486""","=""46422.4223""","=""3d5.(4D).4s""","=""b 5D""","=""4""","=""3d4.(3F1).4s.4p.(3P*)""","=""w 5D*""","=""4""",9,9,,"=""T3963""","=""L14866""",
Cr,1,"=""452.48341""","=""0.00015""","=""452.48347""","=""0.00008""","=""7""","=""1.1e+07""",D,"=""33113.212""","=""55207.271""","=""3d5.(2F1).4s""","=""b 3F""","=""4""","=""3d5.(2D1).4p""","=""v 3F*""","=""4""",9,9,,"=""T3963""","=""L14866""",
Cr,1,"=""452.64537""","=""0.00005""","=""452.64538""","=""0.00003""","=""960""","=""1.75e+07""",B,"=""20519.5515""","=""42605.7080""","=""3d5.(4G).4s""","=""a 5G""","=""6""","=""3d5.(4G).4p""","=""z 5G*""","=""6""",13,13,,"=""T4913""","=""L14866""",
Cr,1,"=""452.7335""","=""0.002""","=""452.73451""","=""0.00004""","=""40""","=""2.1e+06""",B,"=""20523.8999""","=""42605.7080""","=""3d5.(4G).4s""","=""a 5G""","=""5""","=""3d5.(4G).4p""","=""z 5G*""","=""6""",11,13,,"=""T4913""","=""L808""",
Cr,1,"=""452.74555""","=""0.00006""","=""452.745542""","=""0.000023""","=""85""","=""6.2e+06""",D,"=""24093.1182""","=""46174.3884""","=""3d4.4s2""","=""a 3P""","=""2""","=""3d5.(4P).4p""","=""y 3D*""","=""3""",5,7,,"=""T3963""","=""L14866""",
Cr,1,"=""452.98450""","=""0.00006""","=""452.98453""","=""0.00003""","=""75""","=""1.1e+06""",C+,"=""20519.5515""","=""42589.1721""","=""3d5.(4G).4s""","=""a 5G""","=""6""","=""3d5.(4G).4p""","=""z 5G*""","=""5""",13,11,,"=""T4913""","=""L14866""",
Cr,1,"=""453.04715""","=""0.00015""","=""453.04725""","=""0.00004""","=""8""","=""6.7e+05""",D,"=""23933.8561""","=""46000.4213""","=""3d4.4s2""","=""a 3H""","=""4""","=""3d5.(4G).4p""","=""y 3F*""","=""3""",9,7,,"=""T3963""","=""L14866""",
Cr,1,"=""453.06824""","=""0.00005""","=""453.068239""","=""0.000021""","=""190""","=""3.6e+06""",B,"=""20523.6290""","=""42589.1721""","=""3d5.(4G).4s""","=""a 5G""","=""4""","=""3d5.(4G).4p""","=""z 5G*""","=""5""",9,11,,"=""T4913""","=""L14866""",
Cr,1,"=""453.07379""","=""0.00005""","=""453.073802""","=""0.000021""","=""770""","=""1.58e+07""",B,"=""20523.8999""","=""42589.1721""","=""3d5.(4G).4s""","=""a 5G""","=""5""","=""3d5.(4G).4p""","=""z 5G*""","=""5""",11,11,,"=""T4913""","=""L14866""",
Cr,1,"=""453.09243""","=""0.00011""","=""453.092389""","=""0.000021""","=""10""","=""6.5e+05""",D,"=""24303.9025""","=""46368.2695""","=""3d5.(4D).4s""","=""b 5D""","=""3""","=""3d4.(3F1).4s.4p.(3P*)""","=""w 5D*""","=""3""",7,7,,"=""T3963""","=""L14866""",
Cr,1,"=""453.12305""","=""0.00011""","=""453.123012""","=""0.000023""","=""10""","=""1.0e+06""",D,"=""24286.5418""","=""46349.4177""","=""3d5.(4D).4s""","=""b 5D""","=""1""","=""3d4.(3F1).4s.4p.(3P*)""","=""w 5D*""","=""2""",3,5,,"=""T3963""","=""L14866""",
Cr,1,"=""453.51357""","=""0.00005""","=""453.513583""","=""0.000021""","=""170""","=""3.8e+06""",B,"=""20520.9029""","=""42564.7783""","=""3d5.(4G).4s""","=""a 5G""","=""3""","=""3d5.(4G).4p""","=""z 5G*""","=""4""",7,9,,"=""u10,T4913""","=""L14866""",
Cr,1,"=""453.56966""","=""0.00005""","=""453.569676""","=""0.000021""","=""600""","=""1.49e+07""",B,"=""20523.6290""","=""42564.7783""","=""3d5.(4G).4s""","=""a 5G""","=""4""","=""3d5.(4G).4p""","=""z 5G*""","=""4""",9,9,,"=""T4913""","=""L14866""",
Cr,1,"=""453.57524""","=""0.00005""","=""453.575250""","=""0.000023""","=""120""","=""2.5e+06""",C+,"=""20523.8999""","=""42564.7783""","=""3d5.(4G).4s""","=""a 5G""","=""5""","=""3d5.(4G).4p""","=""z 5G*""","=""4""",11,9,,"=""T4913""","=""L14866""",
Cr,2,"=""453.95901""","=""0.00006""","=""453.95902""","=""0.00003""","=""11""","=""1.6e+05""",D,"=""32603.3491""","=""54625.5946""","=""3d5""","=""a 2F""","=""5/2""","=""3d4.(5D).4p""","=""z 4D*""","=""5/2""",6,6,,"=""T3963n""","=""L18847""",
Cr,1,"=""453.97810""","=""0.00005""","=""453.97810""","=""0.00003""","=""110""","=""3.2e+06""",B,"=""20517.4222""","=""42538.7424""","=""3d5.(4G).4s""","=""a 5G""","=""2""","=""3d5.(4G).4p""","=""z 5G*""","=""3""",5,7,,"=""u10,T4913""","=""L14866""",
Cr,1,"=""454.04984""","=""0.00005""","=""454.04987""","=""0.00004""","=""500""","=""1.50e+07""",B,"=""20520.9029""","=""42538.7424""","=""3d5.(4G).4s""","=""a 5G""","=""3""","=""3d5.(4G).4p""","=""z 5G*""","=""3""",7,7,,"=""u10,T4913""","=""L14866""",
Cr,1,"=""454.07044""","=""0.00005""","=""454.070408""","=""0.000021""","=""460""","=""3.14e+07""",B,"=""25038.4981""","=""47055.3416""","=""3d5.(4G).4s""","=""a 3G""","=""5""","=""3d5.(4G).4p""","=""y 3G*""","=""5""",11,11,,"=""u10""","=""L14866""",
Cr,1,"=""454.10606""","=""0.00005""","=""454.10609""","=""0.00004""","=""120""","=""3.4e+06""",B,"=""20523.6290""","=""42538.7424""","=""3d5.(4G).4s""","=""a 5G""","=""4""","=""3d5.(4G).4p""","=""z 5G*""","=""3""",9,7,,"=""u10,T4913""","=""L14866""",
Cr,1,"=""454.15066""","=""0.00006""","=""454.150675""","=""0.000021""","=""57""","=""3.8e+06""",D,"=""24833.7957""","=""46846.7480""","=""3d5.(4G).4s""","=""a 3G""","=""3""","=""3d4.(3H).4s.4p.(3P*)""","=""z 3G*""","=""3""",7,7,,"=""T3963""","=""L14866""",
Cr,1,"=""454.37349""","=""0.00007""","=""454.37349""","=""0.00003""","=""18""","=""1.0e+06""",D,"=""24056.0404""","=""46058.1980""","=""3d4.4s2""","=""a 3H""","=""5""","=""3d5.(4G).4p""","=""y 3F*""","=""4""",11,9,,"=""T3963""","=""L14866""",
Cr,1,"=""454.46119""","=""0.00005""","=""454.46119""","=""0.00003""","=""440""","=""1.69e+07""",B,"=""20517.4222""","=""42515.3342""","=""3d5.(4G).4s""","=""a 5G""","=""2""","=""3d5.(4G).4p""","=""z 5G*""","=""2""",5,5,,"=""T4913""","=""L14866""",
Cr,1,"=""454.53310""","=""0.00005""","=""454.53311""","=""0.00003""","=""90""","=""3.4e+06""",B,"=""20520.9029""","=""42515.3342""","=""3d5.(4G).4s""","=""a 5G""","=""3""","=""3d5.(4G).4p""","=""z 5G*""","=""2""",7,5,,"=""T4913""","=""L14866""",
Cr,1,"=""454.59527""","=""0.00005""","=""454.595302""","=""0.000019""","=""930""","=""2.7e+06""",B,"=""7593.1484""","=""29584.5708""","=""3d5.(6S).4s""","=""a 5S""","=""2""","=""3d4.(5D).4s.4p.(3P*)""","=""y 5P*""","=""2""",5,5,,"=""T4624,T4913""","=""L14866""",
Cr,1,"=""454.8652""","=""0.002""","=""454.86508""","=""0.00006""","=""3""","=""2.8e+06""",E,"=""33762.6622""","=""55741.042""","=""3d5.(2I).4s""","=""b 1I""","=""6""","=""3d5.(2I).4p""","=""x 3I*""","=""6""",13,13,,"=""T4913""","=""L808""",
Cr,1,"=""455.395""","=""0.003""","=""455.3947""","=""0.0006""","=""18""","=""1.2e+07""",D,"=""33039.969""","=""54992.79""","=""3d5.(2F1).4s""","=""b 3F""","=""2""","=""3d5.(2D1).4p""","=""v 3F*""","=""2""",5,5,,"=""T3963""","=""L808""",
Cr,1,"=""455.48204""","=""0.00006""","=""455.481999""","=""0.000023""","=""33""","=""2.0e+06""",D,"=""25106.2953""","=""47054.9072""","=""3d4.4s2""","=""a 3F""","=""3""","=""3d5.(4G).4p""","=""y 3G*""","=""4""",7,9,,"=""T4288""","=""L14866""",
Cr,2,"=""455.498902""","=""0.000015""","=""455.498911""","=""0.000019""","=""86""","=""1.7e+06""",D,"=""32836.6527""","=""54784.4497""","=""3d5""","=""b 4F""","=""7/2""","=""3d4.(5D).4p""","=""z 4D*""","=""7/2""",8,8,,"=""T4502""","=""L18847""",
Cr,1,"=""455.52886""","=""0.00007""","=""455.52878""","=""0.00003""","=""16""","=""2.9e+06""",D,"=""27703.7743""","=""49650.1320""","=""3d4.4s2""","=""b 3G""","=""4""","=""3d5.(4D).4p""","=""x 3F*""","=""3""",9,7,,"=""T4288""","=""L14866""",
Cr,1,"=""455.61676""","=""0.00005""","=""455.616745""","=""0.000025""","=""99""","=""7.7e+06""",D,"=""25106.2953""","=""47048.4161""","=""3d4.4s2""","=""a 3F""","=""3""","=""3d5.(4G).4p""","=""y 3G*""","=""3""",7,7,,"=""T3963""","=""L14866""",
Cr,2,"=""455.864422""","=""0.000015""","=""455.864413""","=""0.000021""","=""590""","=""8.8e+06""",D,"=""32854.2497""","=""54784.4497""","=""3d5""","=""b 4F""","=""9/2""","=""3d4.(5D).4p""","=""z 4D*""","=""7/2""",10,8,,"=""T3963n""","=""L18847""",
Cr,1,"=""456.32440""","=""0.00007""","=""456.32442""","=""0.00004""","=""20""","=""1.0e+07""",D,"=""31055.2777""","=""52963.371""","=""3d5.(2I).4s""","=""a 3I""","=""5""","=""3d4.(1G1).4s.4p.(3P*)""","=""x 3H*""","=""4""",11,9,,"=""T4288""","=""L14866""",
Cr,1,"=""456.34094""","=""0.00015""","=""456.34088""","=""0.00004""","=""7""","=""5.5e+05""",D,"=""24093.1182""","=""46000.4213""","=""3d4.4s2""","=""a 3P""","=""2""","=""3d5.(4G).4p""","=""y 3F*""","=""3""",5,7,,"=""T3963""","=""L14866""",
Cr,1,"=""456.36484""","=""0.00006""","=""456.36482""","=""0.00006""","=""30""","=""2.3e+06""",D,"=""24940.594""","=""46846.7480""","=""3d4.4s2""","=""a 3F""","=""2""","=""3d4.(3H).4s.4p.(3P*)""","=""z 3G*""","=""3""",5,7,,"=""T3963""","=""L14866""",
Cr,1,"=""456.41551""","=""0.00006""","=""456.41555""","=""0.00006""","=""41""","=""5.1e+07""",D,"=""38537.591""","=""60441.310""","=""3d5.(2H).4s""","=""a 1H""","=""5""","=""3d5.(2H).4p""","=""x 1I*""","=""6""",11,13,,"=""T4288""","=""L14866""",
Cr,1,"=""456.55041""","=""0.00005""","=""456.550391""","=""0.000013""","=""250""","=""4.1e+05""",B,"=""7927.4410""","=""29824.6909""","=""3d4.4s2""","=""a 5D""","=""2""","=""3d4.(5D).4s.4p.(3P*)""","=""y 5P*""","=""3""",5,7,,"=""T4624,T4913""","=""L14866""",
Cr,2,"=""456.57348""","=""0.00003""","=""456.57350""","=""0.00003""","=""28""","=""6.2e+05""",D,"=""32603.3491""","=""54499.4907""","=""3d5""","=""a 2F""","=""5/2""","=""3d4.(5D).4p""","=""z 4D*""","=""3/2""",6,4,,"=""T3963n""","=""L18847""",
Cr,1,"=""456.96146""","=""0.00005""","=""456.96143""","=""0.00003""","=""130""","=""8.2e+06""",D,"=""25177.3539""","=""47054.9072""","=""3d4.4s2""","=""a 3F""","=""4""","=""3d5.(4G).4p""","=""y 3G*""","=""4""",9,9,,"=""T3963""","=""L14866""",
Cr,1,"=""457.09719""","=""0.00015""","=""457.09706""","=""0.00005""","=""8""","=""4.3e+05""",E,"=""25177.3539""","=""47048.4161""","=""3d4.4s2""","=""a 3F""","=""4""","=""3d5.(4G).4p""","=""y 3G*""","=""3""",9,7,,"=""T3963""","=""L14866""",
Cr,1,"=""457.10908""","=""0.00008""","=""457.109103""","=""0.000019""","=""16""","=""9.5e+05""",D,"=""24303.9025""","=""46174.3884""","=""3d5.(4D).4s""","=""b 5D""","=""3""","=""3d5.(4P).4p""","=""y 3D*""","=""3""",7,7,,"=""T3963""","=""L14866""",
Cr,1,"=""457.16715""","=""0.00005""","=""457.16716""","=""0.00005""","=""480""","=""3.6e+06""",D,"=""20519.5515""","=""42387.260""","=""3d5.(4G).4s""","=""a 5G""","=""6""","=""3d4.(3H).4s.4p.(3P*)""","=""z 5H*""","=""7""",13,15,,"=""T3963""","=""L14866""",
Cr,1,"=""457.51071""","=""0.00006""","=""457.51071""","=""0.00004""","=""56""","=""6.8e+06""",D,"=""27176.1072""","=""49027.3953""","=""3d5.(4P).4s""","=""b 3P""","=""1""","=""3d4.(3P1).4s.4p.(3P*)""","=""x 3D*""","=""2""",3,5,,"=""T4288""","=""L14866""",
Cr,1,"=""457.83166""","=""0.00008""","=""457.83167""","=""0.00006""","=""21""","=""4.0e+06""",D,"=""31049.2155""","=""52885.185""","=""3d5.(2I).4s""","=""a 3I""","=""6""","=""3d4.(1G1).4s.4p.(3P*)""","=""x 3H*""","=""5""",13,11,,"=""T3963""","=""L14866""",
Cr,1,"=""458.00477""","=""0.00005""","=""458.004789""","=""0.000019""","=""560""","=""2.4e+06""",B,"=""7593.1484""","=""29420.8645""","=""3d5.(6S).4s""","=""a 5S""","=""2""","=""3d4.(5D).4s.4p.(3P*)""","=""y 5P*""","=""1""",5,3,,"=""T4913""","=""L14866""",
Cr,1,"=""458.240""","=""0.003""","=""458.2414""","=""0.0006""","=""6""","=""3.2e+06""",D,"=""33113.212""","=""54929.66""","=""3d5.(2F1).4s""","=""b 3F""","=""4""","=""3d5.(4G).5p""","=""v 3H*""","=""5""",9,11,,"=""T3963""","=""L808""",
Cr,1,"=""458.38980""","=""0.00011""","=""458.389860""","=""0.000021""","=""13""","=""1.6e+06""",D,"=""24299.8419""","=""46109.2219""","=""3d5.(4D).4s""","=""b 5D""","=""2""","=""3d5.(4P).4p""","=""y 3D*""","=""2""",5,5,,"=""T3963""","=""L14866""",
Cr,1,"=""458.40855""","=""0.00006""","=""458.40851""","=""0.00004""","=""46""","=""2.1e+06""",D,"=""25177.3539""","=""46985.8465""","=""3d4.4s2""","=""a 3F""","=""4""","=""3d4.(3H).4s.4p.(3P*)""","=""z 3G*""","=""5""",9,11,,"=""T3963""","=""L14866""",
Cr,1,"=""458.47519""","=""0.00015""","=""458.475223""","=""0.000021""","=""8""","=""7.5e+05""",D,"=""24303.9025""","=""46109.2219""","=""3d5.(4D).4s""","=""b 5D""","=""3""","=""3d5.(4P).4p""","=""y 3D*""","=""2""",7,5,,"=""T3963""","=""L14866""",
Cr,1,"=""458.49342""","=""0.00006""","=""458.49343""","=""0.00004""","=""25""","=""3.9e+06""",D,"=""27222.9417""","=""49027.3953""","=""3d5.(4P).4s""","=""b 3P""","=""2""","=""3d4.(3P1).4s.4p.(3P*)""","=""x 3D*""","=""2""",5,5,,"=""T3963""","=""L14866""",
Cr,1,"=""458.50747""","=""0.00006""","=""458.50747""","=""0.00003""","=""25""","=""3.3e+06""",D,"=""27816.7783""","=""49620.5640""","=""3d4.4s2""","=""b 3G""","=""5""","=""3d5.(4D).4p""","=""x 3F*""","=""4""",11,9,,"=""T4288""","=""L14866""",
Cr,1,"=""458.61354""","=""0.00006""","=""458.61354""","=""0.00003""","=""47""","=""2.7e+06""",D,"=""25106.2953""","=""46905.0382""","=""3d4.4s2""","=""a 3F""","=""3""","=""3d4.(3H).4s.4p.(3P*)""","=""z 3G*""","=""4""",7,9,,"=""T3963""","=""L14866""",
Cr,2,"=""""","=""""","=""458.72641""","=""0.00006""","=""""","=""8.9e+05""",D,"=""52320.978""","=""74114.3577""","=""3d5""","=""d 2G""","=""9/2""","=""3d4.(a 1G).4p""","=""x 2F*""","=""7/2""",10,8,,"=""T3963n""","=""""",
Cr,2,"=""458.819836""","=""0.000013""","=""458.819838""","=""0.000019""","=""400""","=""1.2e+07""",D,"=""32836.6527""","=""54625.5946""","=""3d5""","=""b 4F""","=""7/2""","=""3d4.(5D).4p""","=""z 4D*""","=""5/2""",8,6,,"=""T4502""","=""L18847""",
Cr,2,"=""458.98966""","=""0.00009""","=""458.989502""","=""0.000021""","=""6""","=""1.2e+05""",D,"=""32844.7068""","=""54625.5946""","=""3d5""","=""b 4F""","=""3/2""","=""3d4.(5D).4p""","=""z 4D*""","=""5/2""",4,6,,"=""T3963n""","=""L18847""",
Cr,1,"=""459.13908""","=""0.00005""","=""459.139098""","=""0.000013""","=""490""","=""1.1e+06""",B,"=""7810.7795""","=""29584.5708""","=""3d4.4s2""","=""a 5D""","=""1""","=""3d4.(5D).4s.4p.(3P*)""","=""y 5P*""","=""2""",3,5,,"=""T4624,T4913""","=""L14866""",
Cr,2,"=""459.205241""","=""0.000015""","=""459.205249""","=""0.000019""","=""92""","=""3.2e+06""",D,"=""32854.9399""","=""54625.5946""","=""3d5""","=""b 4F""","=""5/2""","=""3d4.(5D).4p""","=""z 4D*""","=""5/2""",6,6,,"=""T4502""","=""L18847""",
Cr,1,"=""459.2538""","=""0.0002""","=""459.25385""","=""0.00011""","=""3""","=""1.3e+07""",D,"=""35933.906""","=""57702.257""","=""3d5.(2H).4s""","=""b 3H""","=""6""","=""3d5.(2F1).4p""","=""t 3G*""","=""5""",13,11,,"=""T3963""","=""L14866""",
Cr,1,"=""459.55895""","=""0.00005""","=""459.55894""","=""0.00004""","=""170""","=""4.7e+07""",D,"=""33762.6622""","=""55516.562""","=""3d5.(2I).4s""","=""b 1I""","=""6""","=""3d5.(2I).4p""","=""y 1I*""","=""6""",13,13,,"=""T1621n""","=""L14866""",
Cr,1,"=""460.0099""","=""0.0004""","=""460.00957""","=""0.00005""","=""40""","=""1.6e+06""",D,"=""20519.5515""","=""42252.141""","=""3d5.(4G).4s""","=""a 5G""","=""6""","=""3d4.(3H).4s.4p.(3P*)""","=""z 5H*""","=""6""",13,13,,"=""T4288""","=""L9190""",
Cr,1,"=""460.07485""","=""0.00005""","=""460.074835""","=""0.000013""","=""1190""","=""2.5e+06""",B,"=""8095.1842""","=""29824.6909""","=""3d4.4s2""","=""a 5D""","=""3""","=""3d4.(5D).4s.4p.(3P*)""","=""y 5P*""","=""3""",7,7,,"=""T4624,T4913""","=""L14866""",
Cr,1,"=""460.10164""","=""0.00005""","=""460.10163""","=""0.00005""","=""270""","=""1.5e+06""",D,"=""20523.8999""","=""42252.141""","=""3d5.(4G).4s""","=""a 5G""","=""5""","=""3d4.(3H).4s.4p.(3P*)""","=""z 5H*""","=""6""",11,13,,"=""T3963""","=""L14866""",
Cr,1,"=""460.6364""","=""0.002""","=""460.63582""","=""0.00011""","=""15""","=""1.2e+07""",D,"=""35884.255""","=""57587.299""","=""3d5.(2H).4s""","=""b 3H""","=""5""","=""3d5.(2F1).4p""","=""t 3G*""","=""4""",11,9,,"=""T3963""","=""L808""",
Cr,1,"=""461.1056""","=""0.002""","=""461.10442""","=""0.00003""","=""4""","=""2.0e+05""",D,"=""23933.8561""","=""45614.8444""","=""3d4.4s2""","=""a 3H""","=""4""","=""3d5.(4G).4p""","=""y 5H*""","=""4""",9,9,,"=""T2268""","=""L808""",
Cr,1,"=""461.19620""","=""0.00006""","=""461.19622""","=""0.00005""","=""32""","=""8.0e+06""",D,"=""27163.1052""","=""48839.778""","=""3d5.(4P).4s""","=""b 3P""","=""0""","=""3d4.(3P1).4s.4p.(3P*)""","=""x 3D*""","=""1""",1,3,,"=""T3963""","=""L14866""",
Cr,1,"=""461.33573""","=""0.00005""","=""461.335727""","=""0.000017""","=""590""","=""2.2e+06""",B,"=""7750.7465""","=""29420.8645""","=""3d4.4s2""","=""a 5D""","=""0""","=""3d4.(5D).4s.4p.(3P*)""","=""y 5P*""","=""1""",1,3,,"=""T4624,T4913""","=""L14866""",
Cr,1,"=""461.45106""","=""0.00006""","=""461.45110""","=""0.00004""","=""45""","=""5.7e+06""",D,"=""31055.2777""","=""52719.978""","=""3d5.(2I).4s""","=""a 3I""","=""5""","=""3d4.(3G).4s.4p.(3P*)""","=""3G*""","=""4""",11,9,,"=""T3963""","=""L14866""",
Cr,1,"=""461.61240""","=""0.00005""","=""461.612404""","=""0.000011""","=""1360""","=""4.1e+06""",B,"=""7927.4410""","=""29584.5708""","=""3d4.4s2""","=""a 5D""","=""2""","=""3d4.(5D).4s.4p.(3P*)""","=""y 5P*""","=""2""",5,5,,"=""T4624,T4913""","=""L14866""",
Cr,2,"=""461.662424""","=""0.000015""","=""461.662412""","=""0.000021""","=""80""","=""4.0e+06""",D,"=""32844.7068""","=""54499.4907""","=""3d5""","=""b 4F""","=""3/2""","=""3d4.(5D).4p""","=""z 4D*""","=""3/2""",4,4,,"=""T4502""","=""L18847""",
Cr,1,"=""461.737""","=""0.003""","=""461.73701""","=""0.00003""","=""2""","=""5.1e+04""",D,"=""24056.0404""","=""45707.3259""","=""3d4.4s2""","=""a 3H""","=""5""","=""3d5.(4G).4p""","=""y 5H*""","=""6""",11,13,,"=""T2268""","=""L808""",
Cr,2,"=""461.880671""","=""0.000013""","=""461.880680""","=""0.000019""","=""240""","=""6.1e+06""",D,"=""32854.9399""","=""54499.4907""","=""3d5""","=""b 4F""","=""5/2""","=""3d4.(5D).4p""","=""z 4D*""","=""3/2""",6,4,,"=""T3963n""","=""L18847""",
Cr,1,"=""461.95328""","=""0.00005""","=""461.953289""","=""0.000021""","=""190""","=""1.6e+07""",D,"=""24093.1182""","=""45734.2670""","=""3d4.4s2""","=""a 3P""","=""2""","=""3d5.(4P).4p""","=""y 3P*""","=""2""",5,5,,"=""T3963""","=""L14866""",
Cr,1,"=""462.24491""","=""0.00006""","=""462.24492""","=""0.00004""","=""83""","=""4.1e+07""",D,"=""28636.9634""","=""50264.4589""","=""3d5.(4D).4s""","=""a 3D""","=""3""","=""3d5.(4D).4p""","=""w 3D*""","=""3""",7,7,,"=""T4288""","=""L14866""",
Cr,1,"=""462.27475""","=""0.00006""","=""462.27478""","=""0.00004""","=""71""","=""1.1e+07""",D,"=""24093.1182""","=""45719.2168""","=""3d4.4s2""","=""a 3P""","=""2""","=""3d5.(4P).4p""","=""y 3P*""","=""1""",5,3,,"=""T4288""","=""L14866""",
Cr,1,"=""462.59217""","=""0.00005""","=""462.59220""","=""0.00004""","=""89""","=""1.2e+07""",D,"=""31049.2155""","=""52660.475""","=""3d5.(2I).4s""","=""a 3I""","=""6""","=""3d4.(1I).4s.4p.(3P*)""","=""y 3I*""","=""6""",13,13,,"=""T4288""","=""L14866""",
Cr,1,"=""462.61734""","=""0.00005""","=""462.617342""","=""0.000015""","=""1100""","=""5.0e+06""",B,"=""7810.7795""","=""29420.8645""","=""3d4.4s2""","=""a 5D""","=""1""","=""3d4.(5D).4s.4p.(3P*)""","=""y 5P*""","=""1""",3,3,,"=""T4624,T4913""","=""L14866""",
Cr,1,"=""462.84607""","=""0.00018""","=""462.84595""","=""0.00004""","=""5""","=""1.2e+06""",D,"=""25359.6141""","=""46959.0255""","=""3d4.(5D).4s.4p.(3P*)""","=""z 7F*""","=""4""","=""3d4.4s.5s""","=""f 7D""","=""5""",9,11,,"=""T4288""","=""L14866""",
Cr,1,"=""463.32548""","=""0.00012""","=""463.32553""","=""0.00004""","=""13""","=""2.0e+06""",D,"=""25205.9980""","=""46783.0528""","=""3d4.(5D).4s.4p.(3P*)""","=""z 7F*""","=""3""","=""3d4.4s.5s""","=""f 7D""","=""4""",7,9,,"=""T4288""","=""L14866""",
Cr,2,"=""463.407286""","=""0.000013""","=""463.407286""","=""0.000022""","=""170""","=""8.9e+06""",D,"=""32844.7068""","=""54417.9549""","=""3d5""","=""b 4F""","=""3/2""","=""3d4.(5D).4p""","=""z 4D*""","=""1/2""",4,2,,"=""T3963n""","=""L18847""",
Cr,1,"=""463.95071""","=""0.00008""","=""463.95068""","=""0.00004""","=""22""","=""9.5e+06""",D,"=""25089.2497""","=""46637.2307""","=""3d4.(5D).4s.4p.(3P*)""","=""z 7F*""","=""2""","=""3d4.4s.5s""","=""f 7D""","=""3""",5,7,,"=""T1621n""","=""L14866""",
Cr,1,"=""463.96675""","=""0.00016""","=""463.96691""","=""0.00006""","=""7""","=""7.7e+06""",D,"=""28636.9634""","=""50184.191""","=""3d5.(4D).4s""","=""a 3D""","=""3""","=""3d5.(4D).4p""","=""w 3D*""","=""2""",7,5,,"=""T3963""","=""L14866""",
Cr,1,"=""464.149""","=""0.003""","=""464.1475""","=""0.0006""","=""3""","=""3.8e+06""",D,"=""33934.757""","=""55473.60""","=""3d4.4s2""","=""c 3D""","=""3""","=""3d5.(4G).5p""","=""u 3F*""","=""2""",7,5,,"=""T3963""","=""L808""",
Cr,1,"=""464.19946""","=""0.00006""","=""464.19949""","=""0.00004""","=""51""","=""6.0e+06""",D,"=""31055.2777""","=""52591.7094""","=""3d5.(2I).4s""","=""a 3I""","=""5""","=""3d4.(1I).4s.4p.(3P*)""","=""y 3I*""","=""5""",11,11,,"=""T4288""","=""L14866""",
Cr,1,"=""464.61620""","=""0.00005""","=""464.616212""","=""0.000013""","=""2400""","=""8.7e+06""",B,"=""8307.5753""","=""29824.6909""","=""3d4.4s2""","=""a 5D""","=""4""","=""3d4.(5D).4s.4p.(3P*)""","=""y 5P*""","=""3""",9,7,,"=""T4624,T4913""","=""L14866""",
Cr,1,"=""464.64849""","=""0.00006""","=""464.648466""","=""0.000020""","=""37""","=""5.8e+06""",D,"=""24833.7957""","=""46349.4177""","=""3d5.(4G).4s""","=""a 3G""","=""3""","=""3d4.(3F1).4s.4p.(3P*)""","=""w 5D*""","=""2""",7,5,,"=""T3963""","=""L14866""",
Cr,1,"=""464.67747""","=""0.00006""","=""464.67747""","=""0.00004""","=""29""","=""7.8e+06""",D,"=""25010.6397""","=""46524.9187""","=""3d4.(5D).4s.4p.(3P*)""","=""z 7F*""","=""1""","=""3d4.4s.5s""","=""f 7D""","=""2""",3,5,,"=""T3963""","=""L14866""",
Cr,1,"=""464.81155""","=""0.00005""","=""464.81154""","=""0.00004""","=""157""","=""1.8e+06""",D,"=""20517.4222""","=""42025.4956""","=""3d5.(4G).4s""","=""a 5G""","=""2""","=""3d4.(3H).4s.4p.(3P*)""","=""z 5H*""","=""3""",5,7,,"=""T3963""","=""L14866""",
Cr,1,"=""464.833""","=""0.003""","=""464.83198""","=""0.00003""","=""2""","=""1.5e+05""",D,"=""24200.1980""","=""45707.3259""","=""3d4.4s2""","=""a 3H""","=""6""","=""3d5.(4G).4p""","=""y 5H*""","=""6""",13,13,,"=""T2268""","=""L808""",
Cr,1,"=""465.1291""","=""0.0004""","=""465.128365""","=""0.000013""","=""75""","=""3.6e+06""",B,"=""7927.4410""","=""29420.8645""","=""3d4.4s2""","=""a 5D""","=""2""","=""3d4.(5D).4s.4p.(3P*)""","=""y 5P*""","=""1""",5,3,,"=""T4624,T4913""","=""L9190""",
Cr,1,"=""465.21573""","=""0.00005""","=""465.215743""","=""0.000011""","=""1750""","=""5.8e+06""",B,"=""8095.1842""","=""29584.5708""","=""3d4.4s2""","=""a 5D""","=""3""","=""3d4.(5D).4s.4p.(3P*)""","=""y 5P*""","=""2""",7,5,,"=""T4913""","=""L14866""",
Cr,1,"=""465.47242""","=""0.00006""","=""465.47242""","=""0.00007""","=""29""","=""9.1e+06""",D,"=""24971.092""","=""46448.6289""","=""3d4.(5D).4s.4p.(3P*)""","=""z 7F*""","=""0""","=""3d4.4s.5s""","=""f 7D""","=""1""",1,3,,"=""T3963""","=""L14866""",
Cr,1,"=""465.61834""","=""0.00006""","=""465.618342""","=""0.000020""","=""49""","=""3.27e+06""",B,"=""24897.4635""","=""46368.2695""","=""3d5.(4G).4s""","=""a 3G""","=""4""","=""3d4.(3F1).4s.4p.(3P*)""","=""w 5D*""","=""3""",9,7,,"=""u10""","=""L14866""",
Cr,1,"=""465.68141""","=""0.00016""","=""465.68137""","=""0.00007""","=""8""","=""1.1e+07""",D,"=""38537.591""","=""60005.491""","=""3d5.(2H).4s""","=""a 1H""","=""5""","=""3d5.(2G1).4p""","=""x 1H*""","=""5""",11,11,,"=""T3963""","=""L14866""",
Cr,1,"=""466.33112""","=""0.00006""","=""466.33111""","=""0.00004""","=""58""","=""2.0e+07""",D,"=""25010.6397""","=""46448.6289""","=""3d4.(5D).4s.4p.(3P*)""","=""z 7F*""","=""1""","=""3d4.4s.5s""","=""f 7D""","=""1""",3,3,,"=""T3963""","=""L14866""",
Cr,1,"=""466.59060""","=""0.00005""","=""466.59061""","=""0.00003""","=""86""","=""3.0e+07""",D,"=""28679.4239""","=""50105.4904""","=""3d5.(4D).4s""","=""a 3D""","=""1""","=""3d5.(4D).4p""","=""w 3D*""","=""1""",3,3,,"=""T3963""","=""L14866""",
Cr,1,"=""466.61974""","=""0.00006""","=""466.61977""","=""0.00003""","=""74""","=""3.6e+06""",D,"=""23933.8561""","=""45358.5837""","=""3d4.4s2""","=""a 3H""","=""4""","=""3d5.(4G).4p""","=""z 3H*""","=""4""",9,9,,"=""T3963""","=""L14866""",
Cr,1,"=""466.93166""","=""0.00006""","=""466.93168""","=""0.00004""","=""52""","=""9.08e+06""",B,"=""25548.6093""","=""46959.0255""","=""3d4.(5D).4s.4p.(3P*)""","=""z 7F*""","=""5""","=""3d4.4s.5s""","=""f 7D""","=""5""",11,11,,"=""u10""","=""L14866""",
Cr,1,"=""468.0864""","=""0.002""","=""468.08529""","=""0.00005""","=""35""","=""1.6e+07""",D,"=""24940.594""","=""46298.2442""","=""3d4.4s2""","=""a 3F""","=""2""","=""3d4.(3F1).4s.4p.(3P*)""","=""w 5D*""","=""1""",5,3,,"=""T4288""","=""L808""",
Cr,1,"=""468.93565""","=""0.00006""","=""468.93566""","=""0.00004""","=""82""","=""2.3e+07""",D,"=""25205.9980""","=""46524.9187""","=""3d4.(5D).4s.4p.(3P*)""","=""z 7F*""","=""3""","=""3d4.4s.5s""","=""f 7D""","=""2""",7,5,,"=""T1621n""","=""L14866""",
Cr,1,"=""469.39387""","=""0.00006""","=""469.39388""","=""0.00003""","=""85""","=""3.4e+06""",D,"=""24056.0404""","=""45354.1500""","=""3d4.4s2""","=""a 3H""","=""5""","=""3d5.(4G).4p""","=""z 3H*""","=""5""",11,11,,"=""T4288""","=""L14866""",
Cr,1,"=""469.51446""","=""0.00006""","=""469.51449""","=""0.00003""","=""44""","=""1.5e+06""",D,"=""24056.0404""","=""45348.6792""","=""3d4.4s2""","=""a 3H""","=""5""","=""3d5.(4G).4p""","=""z 3H*""","=""6""",11,13,,"=""T4288""","=""L14866""",
Cr,1,"=""469.70499""","=""0.00005""","=""469.70514""","=""0.00013""","=""170""","=""5.3e+06""",D,"=""21840.8096""","=""43124.806""","=""3d5.(4P).4s""","=""a 5P""","=""3""","=""3d5.(4P).4p""","=""z 5S*""","=""2""",7,5,,"=""T4288""","=""L14866""",
Cr,1,"=""469.73880""","=""0.00006""","=""469.73881""","=""0.00004""","=""27""","=""3.1e+06""",D,"=""27176.1072""","=""48458.5780""","=""3d5.(4P).4s""","=""b 3P""","=""1""","=""3d4.(3P1).4s.4p.(3P*)""","=""x 3P*""","=""2""",3,5,,"=""T3963""","=""L14866""",
Cr,2,"=""469.76018""","=""0.00017""","=""469.76057""","=""0.00003""","=""4""","=""6.6e+05""",D,"=""45730.5908""","=""67012.0754""","=""3d4.(a 1D).4s""","=""c 2D""","=""5/2""","=""3d4.(a 3F).4p""","=""y 4F*""","=""5/2""",6,6,,"=""T3963n""","=""L18847""",
Cr,1,"=""469.84599""","=""0.00005""","=""469.84597""","=""0.00004""","=""140""","=""2.2e+07""",D,"=""25359.6141""","=""46637.2307""","=""3d4.(5D).4s.4p.(3P*)""","=""z 7F*""","=""4""","=""3d4.4s.5s""","=""f 7D""","=""3""",9,7,,"=""T3963""","=""L14866""",
Cr,1,"=""469.89433""","=""0.00006""","=""469.894346""","=""0.000020""","=""23""","=""2.2e+06""",D,"=""24833.7957""","=""46109.2219""","=""3d5.(4G).4s""","=""a 3G""","=""3""","=""3d5.(4P).4p""","=""y 3D*""","=""2""",7,5,,"=""T3963""","=""L14866""",
Cr,1,"=""469.9585""","=""0.0004""","=""469.95867""","=""0.00015""","=""25""","=""1.3e+07""",D,"=""33934.757""","=""55207.271""","=""3d4.4s2""","=""c 3D""","=""3""","=""3d5.(2D1).4p""","=""v 3F*""","=""4""",7,9,,"=""T3963""","=""L9190""",
Cr,1,"=""470.06101""","=""0.00005""","=""470.06113""","=""0.00013""","=""86""","=""3.36e+06""",B,"=""21856.9287""","=""43124.806""","=""3d5.(4P).4s""","=""a 5P""","=""1""","=""3d5.(4P).4p""","=""z 5S*""","=""2""",3,5,,"=""u10""","=""L14866""",
Cr,1,"=""470.60892""","=""0.00006""","=""470.608911""","=""0.000020""","=""38""","=""3.5e+06""",D,"=""25106.2953""","=""46349.4177""","=""3d4.4s2""","=""a 3F""","=""3""","=""3d4.(3F1).4s.4p.(3P*)""","=""w 5D*""","=""2""",7,5,,"=""T4288""","=""L14866""",
Cr,1,"=""470.77482""","=""0.00006""","=""470.77482""","=""0.00004""","=""30""","=""3.1e+06""",D,"=""27222.9417""","=""48458.5780""","=""3d5.(4P).4s""","=""b 3P""","=""2""","=""3d4.(3P1).4s.4p.(3P*)""","=""x 3P*""","=""2""",5,5,,"=""T3963""","=""L14866""",
Cr,1,"=""470.80125""","=""0.00005""","=""470.80126""","=""0.00003""","=""190""","=""4.31e+07""",B,"=""25548.6093""","=""46783.0528""","=""3d4.(5D).4s.4p.(3P*)""","=""z 7F*""","=""5""","=""3d4.4s.5s""","=""f 7D""","=""4""",11,9,,"=""u10""","=""L14866""",
Cr,2,"=""""","=""""","=""471.51210""","=""0.00004""","=""""","=""7.3e+05""",D,"=""45669.3981""","=""66871.8296""","=""3d4.(a 1D).4s""","=""c 2D""","=""3/2""","=""3d4.(a 3P).4p""","=""z 2P*""","=""1/2""",4,2,,"=""T3963n""","=""""",
Cr,1,"=""471.76835""","=""0.00006""","=""471.76834""","=""0.00003""","=""25""","=""7.7e+05""",D,"=""25177.3539""","=""46368.2695""","=""3d4.4s2""","=""a 3F""","=""4""","=""3d4.(3F1).4s.4p.(3P*)""","=""w 5D*""","=""3""",9,7,,"=""T3963""","=""L14866""",
Cr,1,"=""471.84197""","=""0.00005""","=""471.84198""","=""0.00005""","=""230""","=""3.4e+07""",D,"=""25771.417""","=""46959.0255""","=""3d4.(5D).4s.4p.(3P*)""","=""z 7F*""","=""6""","=""3d4.4s.5s""","=""f 7D""","=""5""",13,11,,"=""T4288""","=""L14866""",
Cr,1,"=""472.26503""","=""0.00016""","=""472.26506""","=""0.00005""","=""6""","=""6.9e+05""",D,"=""24940.594""","=""46109.2219""","=""3d4.4s2""","=""a 3F""","=""2""","=""3d5.(4P).4p""","=""y 3D*""","=""2""",5,5,,"=""T3963""","=""L14866""",
Cr,1,"=""472.30972""","=""0.00006""","=""472.30973""","=""0.00004""","=""75""","=""9.3e+06""",D,"=""24833.7957""","=""46000.4213""","=""3d5.(4G).4s""","=""a 3G""","=""3""","=""3d5.(4G).4p""","=""y 3F*""","=""3""",7,7,,"=""T1621n""","=""L14866""",
Cr,1,"=""472.44123""","=""0.00005""","=""472.44122""","=""0.00003""","=""95""","=""6.14e+06""",B,"=""24897.4635""","=""46058.1980""","=""3d5.(4G).4s""","=""a 3G""","=""4""","=""3d5.(4G).4p""","=""y 3F*""","=""4""",9,9,,"=""u10""","=""L14866""",
Cr,1,"=""472.71496""","=""0.00005""","=""472.71496""","=""0.00003""","=""130""","=""5.1e+06""",D,"=""24200.1980""","=""45348.6792""","=""3d4.4s2""","=""a 3H""","=""6""","=""3d5.(4G).4p""","=""z 3H*""","=""6""",13,13,,"=""T1621n""","=""L14866""",
Cr,1,"=""472.98413""","=""0.00012""","=""472.98414""","=""0.00007""","=""11""","=""1.7e+07""",D,"=""24940.594""","=""46077.0395""","=""3d4.4s2""","=""a 3F""","=""2""","=""3d5.(4P).4p""","=""y 3D*""","=""1""",5,3,,"=""T1621n""","=""L14866""",
Cr,1,"=""473.07101""","=""0.00005""","=""473.07101""","=""0.00004""","=""290""","=""3.83e+07""",B,"=""24833.7957""","=""45966.3597""","=""3d5.(4G).4s""","=""a 3G""","=""3""","=""3d5.(4G).4p""","=""y 3F*""","=""2""",7,5,,"=""u10""","=""L14866""",
Cr,1,"=""473.73471""","=""0.00005""","=""473.73471""","=""0.00004""","=""360""","=""3.38e+07""",B,"=""24897.4635""","=""46000.4213""","=""3d5.(4G).4s""","=""a 3G""","=""4""","=""3d5.(4G).4p""","=""y 3F*""","=""3""",9,7,,"=""u10""","=""L14866""",
Cr,1,"=""474.1092""","=""0.002""","=""474.1101""","=""0.0009""","=""12""","=""2.2e+07""",D,"=""33906.539""","=""54992.79""","=""3d4.4s2""","=""c 3D""","=""1""","=""3d5.(2D1).4p""","=""v 3F*""","=""2""",3,5,,"=""T3963""","=""L808""",
Cr,1,"=""474.3118""","=""0.004""","=""474.31106""","=""0.00011""","=""12w""","=""8.0e+06""",D,"=""33897.2506""","=""54974.566""","=""3d4.(5D).4s.4p.(3P*)""","=""z 3P*""","=""1""","=""3d4.4s.5s""","=""e 3D""","=""2""",3,5,,"=""T3963""","=""L808""",
Cr,1,"=""474.53065""","=""0.00006""","=""474.53073""","=""0.00003""","=""33""","=""2.0e+06""",D,"=""21840.8096""","=""42908.3681""","=""3d5.(4P).4s""","=""a 5P""","=""3""","=""3d4.(3P1).4s.4p.(3P*)""","=""x 5D*""","=""4""",7,9,,"=""T1621n""","=""L14866""",
Cr,1,"=""475.20875""","=""0.00005""","=""475.20875""","=""0.00004""","=""210""","=""6.2e+07""",D,"=""33762.6622""","=""54800.1623""","=""3d5.(2I).4s""","=""b 1I""","=""6""","=""3d4.(1I).4s.4p.(3P*)""","=""3K*""","=""6""",13,13,,"=""T3963""","=""L14866""",
Cr,1,"=""475.473""","=""0.003""","=""475.47397""","=""0.00007""","=""20""","=""2.6e+06""",D,"=""24940.594""","=""45966.3597""","=""3d4.4s2""","=""a 3F""","=""2""","=""3d5.(4G).4p""","=""y 3F*""","=""2""",5,5,,"=""T3963""","=""L808""",
Cr,1,"=""475.51401""","=""0.00006""","=""475.51406""","=""0.00003""","=""37""","=""9.6e+05""",D,"=""24282.3486""","=""45306.3417""","=""3d5.(4D).4s""","=""b 5D""","=""4""","=""3d4.(3F1).4s.4p.(3P*)""","=""x 5F*""","=""5""",9,11,,"=""T3963""","=""L14866""",
Cr,1,"=""475.6118""","=""0.0006""","=""475.61118""","=""0.00003""","=""100*""","=""4.0e+07""",D,"=""25038.4981""","=""46058.1980""","=""3d5.(4G).4s""","=""a 3G""","=""5""","=""3d5.(4G).4p""","=""y 3F*""","=""4""",11,9,,"=""T4288""","=""L9190""",
Cr,1,"=""475.7316""","=""0.0004""","=""475.7321""","=""0.0005""","=""15""","=""1.2e+07""",D,"=""34190.4320""","=""55204.79""","=""3d4.(5D).4s.4p.(3P*)""","=""z 3P*""","=""2""","=""3d4.4s.5s""","=""e 3D""","=""3""",5,7,,"=""T3963""","=""L9190""",
Cr,1,"=""475.75902""","=""0.00006""","=""475.75901""","=""0.00003""","=""35""","=""5.1e+06""",D,"=""28636.9634""","=""49650.1320""","=""3d5.(4D).4s""","=""a 3D""","=""3""","=""3d5.(4D).4p""","=""x 3F*""","=""3""",7,7,,"=""T3963""","=""L14866""",
Cr,1,"=""476.42940""","=""0.00005""","=""476.42941""","=""0.00003""","=""190""","=""1.7e+07""",D,"=""28636.9634""","=""49620.5640""","=""3d5.(4D).4s""","=""a 3D""","=""3""","=""3d5.(4D).4p""","=""x 3F*""","=""4""",7,9,,"=""T4288""","=""L14866""",
Cr,1,"=""476.46428""","=""0.00006""","=""476.46434""","=""0.00003""","=""25""","=""7.3e+05""",D,"=""24303.9025""","=""45285.9649""","=""3d5.(4D).4s""","=""b 5D""","=""3""","=""3d4.(3F1).4s.4p.(3P*)""","=""x 5F*""","=""4""",7,9,,"=""T3963""","=""L14866""",
Cr,1,"=""476.72662""","=""0.00006""","=""476.72665""","=""0.00003""","=""28""","=""5.6e+06""",D,"=""28682.2050""","=""49652.7224""","=""3d5.(4D).4s""","=""a 3D""","=""2""","=""3d5.(4D).4p""","=""x 3F*""","=""2""",5,5,,"=""T3963""","=""L14866""",
Cr,1,"=""476.78553""","=""0.00005""","=""476.78555""","=""0.00003""","=""98""","=""1.2e+07""",D,"=""28682.2050""","=""49650.1320""","=""3d5.(4D).4s""","=""a 3D""","=""2""","=""3d5.(4D).4p""","=""x 3F*""","=""3""",5,7,,"=""T4288""","=""L14866""",
Cr,1,"=""477.06725""","=""0.00008""","=""477.06733""","=""0.00003""","=""16""","=""9.8e+05""",D,"=""24299.8419""","=""45255.3842""","=""3d5.(4D).4s""","=""b 5D""","=""2""","=""3d4.(3F1).4s.4p.(3P*)""","=""x 5F*""","=""3""",5,7,,"=""T4288""","=""L14866""",
Cr,1,"=""477.51297""","=""0.00010""","=""477.51303""","=""0.00004""","=""15""","=""2.9e+06""",D,"=""28636.9634""","=""49572.9466""","=""3d5.(4D).4s""","=""a 3D""","=""3""","=""3d4.(3G).4s.4p.(3P*)""","=""w 5G*""","=""4""",7,9,,"=""T4288""","=""L14866""",
Cr,1,"=""478.9340""","=""0.0004""","=""478.93340""","=""0.00011""","=""75""","=""1.14e+07""",B,"=""20519.5515""","=""41393.446""","=""3d5.(4G).4s""","=""a 5G""","=""6""","=""3d4.(5D).4s.4p.(1P*)""","=""y 5F*""","=""5""",13,11,,"=""u10""","=""L9190""",
Cr,1,"=""479.2512""","=""0.0004""","=""479.25094""","=""0.00004""","=""75""","=""2.6e+07""",D,"=""25106.2953""","=""45966.3597""","=""3d4.4s2""","=""a 3F""","=""3""","=""3d5.(4G).4p""","=""y 3F*""","=""2""",7,5,,"=""T1621n""","=""L9190""",
Cr,1,"=""479.6145""","=""0.004""","=""479.6155""","=""0.0003""","=""40w""","=""1.3e+07""",D,"=""33816.0334""","=""54660.241""","=""3d4.(5D).4s.4p.(3P*)""","=""z 5D*""","=""4""","=""""","=""e 5F""","=""5""",9,11,,"=""T3963""","=""L808""",
Cr,1,"=""479.76957""","=""0.00017""","=""479.76968""","=""0.00005""","=""7""","=""1.3e+06""",D,"=""28682.2050""","=""49519.7149""","=""3d5.(4D).4s""","=""a 3D""","=""2""","=""3d4.(3G).4s.4p.(3P*)""","=""w 5G*""","=""3""",5,7,,"=""T3963""","=""L14866""",
Cr,1,"=""480.1028""","=""0.0004""","=""480.10245""","=""0.00005""","=""75""","=""3.06e+07""",B,"=""25177.3539""","=""46000.4213""","=""3d4.4s2""","=""a 3F""","=""4""","=""3d5.(4G).4p""","=""y 3F*""","=""3""",9,7,,"=""u10""","=""L9190""",
Cr,1,"=""480.62500""","=""0.00012""","=""480.62512""","=""0.00003""","=""13""","=""5.6e+05""",D,"=""21847.8349""","=""42648.2577""","=""3d5.(4P).4s""","=""a 5P""","=""2""","=""3d4.(3P1).4s.4p.(3P*)""","=""x 5D*""","=""3""",5,7,,"=""T3963""","=""L14866""",
Cr,1,"=""481.07307""","=""0.00013""","=""481.07322""","=""0.00003""","=""13""","=""1.6e+06""",D,"=""24833.7957""","=""45614.8444""","=""3d5.(4G).4s""","=""a 3G""","=""3""","=""3d5.(4G).4p""","=""y 5H*""","=""4""",7,9,,"=""T2268""","=""L14866""",
Cr,2,"=""481.23439""","=""0.00003""","=""481.234398""","=""0.000021""","=""26""","=""4.6e+05""",D,"=""31168.5755""","=""51942.6640""","=""3d4.(a 3F).4s""","=""a 4F""","=""7/2""","=""3d4.(5D).4p""","=""z 4F*""","=""9/2""",8,10,,"=""T4502""","=""L18847""",
Cr,1,"=""481.42657""","=""0.00008""","=""481.42661""","=""0.00003""","=""21""","=""1.61e+06""",C,"=""24897.4635""","=""45663.2579""","=""3d5.(4G).4s""","=""a 3G""","=""4""","=""3d5.(4G).4p""","=""y 5H*""","=""5""",9,11,,"=""T2268""","=""L14866""",
Cr,1,"=""481.61390""","=""0.00015""","=""481.61392""","=""0.00009""","=""9""","=""1.8e+07""",D,"=""36577.6545""","=""57335.373""","=""3d5.(2F2).4s""","=""d 3F""","=""4""","=""3d4.(3D).4s.4p.(3P*)""","=""t 3F*""","=""4""",9,9,,"=""T4288""","=""L14866""",
Cr,1,"=""481.930""","=""0.003""","=""481.93126""","=""0.00021""","=""4""","=""1.3e+07""",D,"=""33060.661""","=""53804.711""","=""3d5.(2F1).4s""","=""b 3F""","=""3""","=""3d3.(4F).4s2.4p""","=""v 3G*""","=""3""",7,7,,"=""T3963""","=""L808""",
Cr,1,"=""482.39219""","=""0.00019""","=""482.39222""","=""0.00014""","=""5""","=""1.2e+07""",D,"=""36552.1351""","=""57276.363""","=""3d5.(2F2).4s""","=""d 3F""","=""3""","=""3d4.(3D).4s.4p.(3P*)""","=""t 3F*""","=""3""",7,7,,"=""T3963""","=""L14866""",
Cr,2,"=""482.413069""","=""0.000014""","=""482.413080""","=""0.000021""","=""290""","=""1.7e+06""",D,"=""31219.3322""","=""51942.6640""","=""3d4.(a 3F).4s""","=""a 4F""","=""9/2""","=""3d4.(5D).4p""","=""z 4F*""","=""9/2""",10,10,,"=""T3963n""","=""L18847""",
Cr,1,"=""482.5517""","=""0.0002""","=""482.55165""","=""0.00003""","=""4""","=""3.6e+05""",D,"=""24897.4635""","=""45614.8444""","=""3d5.(4G).4s""","=""a 3G""","=""4""","=""3d5.(4G).4p""","=""y 5H*""","=""4""",9,9,,"=""T2268""","=""L14866""",
Cr,1,"=""483.1648""","=""0.0004""","=""483.16423""","=""0.00004""","=""15""","=""1.2e+06""",D,"=""27597.2409""","=""48288.3556""","=""3d4.4s2""","=""b 3G""","=""3""","=""3d4.(3H).4s.4p.(3P*)""","=""y 3H*""","=""4""",7,9,,"=""T3963""","=""L9190""",
Cr,2,"=""483.62295""","=""0.00002""","=""483.622947""","=""0.000021""","=""32""","=""2.0e+05""",D,"=""31117.3254""","=""51788.8149""","=""3d4.(a 3F).4s""","=""a 4F""","=""5/2""","=""3d4.(5D).4p""","=""z 4F*""","=""7/2""",6,8,,"=""T3963n""","=""L18847""",
Cr,1,"=""483.68515""","=""0.00007""","=""483.68523""","=""0.00003""","=""29""","=""1.60e+06""",B,"=""25038.4981""","=""45707.3259""","=""3d5.(4G).4s""","=""a 3G""","=""5""","=""3d5.(4G).4p""","=""y 5H*""","=""6""",11,13,,"=""u10""","=""L14866""",
Cr,1,"=""483.8418""","=""0.002""","=""483.8422""","=""0.0003""","=""15""","=""1.1e+07""",D,"=""36558.446""","=""57220.570""","=""3d5.(2F2).4s""","=""d 3F""","=""2""","=""3d4.(3D).4s.4p.(3P*)""","=""t 3F*""","=""2""",5,5,,"=""T3963""","=""L808""",
Cr,2,"=""484.824960""","=""0.000014""","=""484.824974""","=""0.000021""","=""180""","=""2.6e+06""",D,"=""31168.5755""","=""51788.8149""","=""3d4.(a 3F).4s""","=""a 4F""","=""7/2""","=""3d4.(5D).4p""","=""z 4F*""","=""7/2""",8,8,,"=""T4502""","=""L18847""",
Cr,2,"=""485.61905""","=""0.00003""","=""485.61905""","=""0.00003""","=""24""","=""2.6e+05""",D,"=""31082.8842""","=""51669.4060""","=""3d4.(a 3F).4s""","=""a 4F""","=""3/2""","=""3d4.(5D).4p""","=""z 4F*""","=""5/2""",4,6,,"=""T4502""","=""L18847""",
Cr,1,"=""487.07975""","=""0.00007""","=""487.07970""","=""0.00003""","=""47""","=""3.5e+07""",D,"=""24833.7957""","=""45358.5837""","=""3d5.(4G).4s""","=""a 3G""","=""3""","=""3d5.(4G).4p""","=""z 3H*""","=""4""",7,9,,"=""T1426n""","=""L14866""",
Cr,1,"=""487.46522""","=""0.00017""","=""487.46539""","=""0.00004""","=""6""","=""6.9e+05""",D,"=""25106.2953""","=""45614.8444""","=""3d4.4s2""","=""a 3F""","=""3""","=""3d5.(4G).4p""","=""y 5H*""","=""4""",7,9,,"=""T2268""","=""L14866""",
Cr,2,"=""487.64891""","=""0.00003""","=""487.648919""","=""0.000022""","=""30""","=""1.6e+06""",D,"=""31168.5755""","=""51669.4060""","=""3d4.(a 3F).4s""","=""a 4F""","=""7/2""","=""3d4.(5D).4p""","=""z 4F*""","=""5/2""",8,6,,"=""T4502""","=""L18847""",
Cr,1,"=""488.004""","=""0.003""","=""488.00424""","=""0.00004""","=""22""","=""8.1e+05""",D,"=""25177.3539""","=""45663.2579""","=""3d4.4s2""","=""a 3F""","=""4""","=""3d5.(4G).4p""","=""y 5H*""","=""5""",9,11,,"=""T4288""","=""L808""",
Cr,2,"=""488.46035""","=""0.00006""","=""488.460349""","=""0.000022""","=""20""","=""5.8e+05""",D,"=""31117.3254""","=""51584.1004""","=""3d4.(a 3F).4s""","=""a 4F""","=""5/2""","=""3d4.(5D).4p""","=""z 4F*""","=""3/2""",6,4,,"=""T4502""","=""L18847""",
Cr,1,"=""488.57694""","=""0.00007""","=""488.577038""","=""0.000019""","=""64""","=""4.92e+06""",B,"=""20520.9029""","=""40982.7898""","=""3d5.(4G).4s""","=""a 5G""","=""3""","=""3d4.(5D).4s.4p.(1P*)""","=""x 5P*""","=""2""",7,5,,"=""u10""","=""L14866""",
Cr,1,"=""488.5952""","=""0.0002""","=""488.59535""","=""0.00003""","=""5""","=""2.44e+06""",B,"=""24897.4635""","=""45358.5837""","=""3d5.(4G).4s""","=""a 3G""","=""4""","=""3d5.(4G).4p""","=""z 3H*""","=""4""",9,9,,"=""u10""","=""L14866""",
Cr,1,"=""488.70123""","=""0.00007""","=""488.70124""","=""0.00003""","=""75""","=""3.2e+07""",D,"=""24897.4635""","=""45354.1500""","=""3d5.(4G).4s""","=""a 3G""","=""4""","=""3d5.(4G).4p""","=""z 3H*""","=""5""",9,11,,"=""T1426n""","=""L14866""",
Cr,1,"=""490.32344""","=""0.00015""","=""490.32374""","=""0.00022""","=""9""","=""7.4e+06""",D,"=""20517.4222""","=""40906.418""","=""3d5.(4G).4s""","=""a 5G""","=""2""","=""3d4.(5D).4s.4p.(1P*)""","=""y 5F*""","=""1""",5,3,,"=""T1621n""","=""L14866""",
Cr,1,"=""492.22647""","=""0.00005""","=""492.22649""","=""0.00003""","=""230""","=""4.0e+07""",D,"=""25038.4981""","=""45348.6792""","=""3d5.(4G).4s""","=""a 3G""","=""5""","=""3d5.(4G).4p""","=""z 3H*""","=""6""",11,13,,"=""T1426n""","=""L14866""",
Cr,1,"=""493.63354""","=""0.00007""","=""493.63357""","=""0.00003""","=""58""","=""1.4e+07""",D,"=""25106.2953""","=""45358.5837""","=""3d4.4s2""","=""a 3F""","=""3""","=""3d5.(4G).4p""","=""z 3H*""","=""4""",7,9,,"=""T1621n""","=""L14866""",
Cr,1,"=""494.24952""","=""0.00005""","=""494.249538""","=""0.000020""","=""220""","=""1.98e+05""",B,"=""7593.1484""","=""27820.1975""","=""3d5.(6S).4s""","=""a 5S""","=""2""","=""3d4.(5D).4s.4p.(3P*)""","=""y 7P*""","=""3""",5,7,,"=""T4624""","=""L14866""",
Cr,1,"=""494.4562""","=""0.0004""","=""494.45650""","=""0.00005""","=""2""","=""1.3e+07""",D,"=""31028.2590""","=""51246.842""","=""3d5.(2D3).4s""","=""b 3D""","=""2""","=""3d5.(4D).4p""","=""w 3P*""","=""1""",5,3,,"=""T4288""","=""L14866""",
Cr,1,"=""495.3717""","=""0.0002""","=""495.37169""","=""0.00004""","=""4""","=""8.5e+05""",D,"=""25177.3539""","=""45358.5837""","=""3d4.4s2""","=""a 3F""","=""4""","=""3d5.(4G).4p""","=""z 3H*""","=""4""",9,9,,"=""T4288""","=""L14866""",
Cr,1,"=""495.48055""","=""0.00007""","=""495.48055""","=""0.00004""","=""78""","=""1.2e+07""",D,"=""25177.3539""","=""45354.1500""","=""3d4.4s2""","=""a 3F""","=""4""","=""3d5.(4G).4p""","=""z 3H*""","=""5""",9,11,,"=""T1621n""","=""L14866""",
Cr,1,"=""496.49271""","=""0.00005""","=""496.49274""","=""0.00003""","=""130""","=""1.61e+05""",B,"=""7593.1484""","=""27728.8110""","=""3d5.(6S).4s""","=""a 5S""","=""2""","=""3d4.(5D).4s.4p.(3P*)""","=""y 7P*""","=""2""",5,5,,"=""T4624""","=""L14866""",
Cr,1,"=""496.680""","=""0.003""","=""496.67950""","=""0.00010""","=""25""","=""3.0e+07""",D,"=""31048.7488""","=""51176.840""","=""3d5.(2D3).4s""","=""b 3D""","=""1""","=""3d5.(4D).4p""","=""w 3P*""","=""0""",3,1,,"=""T4288""","=""L808""",
Cr,1,"=""501.33136""","=""0.00007""","=""501.33144""","=""0.00003""","=""44""","=""3.5e+06""",D,"=""21840.8096""","=""41782.1313""","=""3d5.(4P).4s""","=""a 5P""","=""3""","=""3d4.(5D).4s.4p.(1P*)""","=""y 5D*""","=""4""",7,9,,"=""T1621n""","=""L14866""",
Cr,1,"=""503.254""","=""0.003""","=""503.25478""","=""0.00008""","=""12""","=""2.0e+06""",E,"=""35933.906""","=""55799.017""","=""3d5.(2H).4s""","=""b 3H""","=""6""","=""3d5.(2I).4p""","=""x 3I*""","=""7""",13,15,,"=""T4913""","=""L808""",
Cr,1,"=""503.465""","=""0.003""","=""503.46575""","=""0.00010""","=""7""","=""1.7e+06""",E,"=""35884.255""","=""55741.042""","=""3d5.(2H).4s""","=""b 3H""","=""5""","=""3d5.(2I).4p""","=""x 3I*""","=""6""",11,13,,"=""T4913""","=""L808""",
Cr,1,"=""504.504""","=""0.003""","=""504.50520""","=""0.00010""","=""6""","=""1.8e+06""",D,"=""35870.458""","=""55686.334""","=""3d5.(2H).4s""","=""b 3H""","=""4""","=""3d5.(2I).4p""","=""x 3I*""","=""5""",9,11,,"=""T2268""","=""L808""",
Cr,1,"=""505.18970""","=""0.00003""","=""505.18974""","=""0.00003""","=""115""","=""5.41e+04""",B,"=""7593.1484""","=""27382.1739""","=""3d5.(6S).4s""","=""a 5S""","=""2""","=""3d4.(5D).4s.4p.(3P*)""","=""z 7D*""","=""2""",5,5,,"=""T4624""","=""L14866""",
Cr,1,"=""507.29259""","=""0.00003""","=""507.292621""","=""0.000023""","=""200""","=""1.59e+05""",B,"=""7593.1484""","=""27300.1433""","=""3d5.(6S).4s""","=""a 5S""","=""2""","=""3d4.(5D).4s.4p.(3P*)""","=""z 7D*""","=""1""",5,3,,"=""T4624""","=""L14866""",
Cr,2,"=""509.73194""","=""0.00011""","=""509.73196""","=""0.00003""","=""5""","=""1.5e+05""",D,"=""29951.8162""","=""49564.5038""","=""3d4.(a 3P).4s""","=""b 4P""","=""1/2""","=""3d4.(5D).4p""","=""z 6D*""","=""3/2""",2,4,,"=""T4502""","=""L18847""",
Cr,1,"=""511.24846""","=""0.00005""","=""511.24846""","=""0.00003""","=""25""","=""5.7e+03""",D,"=""8095.1842""","=""27649.6960""","=""3d4.4s2""","=""a 5D""","=""3""","=""3d4.(5D).4s.4p.(3P*)""","=""z 7D*""","=""4""",7,9,,"=""T4288""","=""L14866""",
Cr,1,"=""512.34603""","=""0.00003""","=""512.346021""","=""0.000016""","=""88""","=""4.0e+04""",D,"=""8307.5753""","=""27820.1975""","=""3d4.4s2""","=""a 5D""","=""4""","=""3d4.(5D).4s.4p.(3P*)""","=""y 7P*""","=""3""",9,7,,"=""T4288""","=""L14866""",
Cr,1,"=""513.96457""","=""0.00005""","=""513.96456""","=""0.00004""","=""75""","=""1.3e+07""",D,"=""27597.2409""","=""47048.4161""","=""3d4.4s2""","=""b 3G""","=""3""","=""3d5.(4G).4p""","=""y 3G*""","=""3""",7,7,,"=""T1621n""","=""L14866""",
Cr,1,"=""517.74019""","=""0.00008""","=""517.74018""","=""0.00004""","=""20""","=""6.1e+06""",D,"=""27649.6960""","=""46959.0255""","=""3d4.(5D).4s.4p.(3P*)""","=""z 7D*""","=""4""","=""3d4.4s.5s""","=""f 7D""","=""5""",9,11,,"=""T1621n""","=""L14866""",
Cr,1,"=""519.19947""","=""0.00005""","=""519.19951""","=""0.00003""","=""34""","=""1.4e+07""",D,"=""27382.1739""","=""46637.2307""","=""3d4.(5D).4s.4p.(3P*)""","=""z 7D*""","=""2""","=""3d4.4s.5s""","=""f 7D""","=""3""",5,7,,"=""T1621n""","=""L14866""",
Cr,1,"=""519.34917""","=""0.00005""","=""519.34920""","=""0.00003""","=""27""","=""6.7e+06""",D,"=""27597.2409""","=""46846.7480""","=""3d4.4s2""","=""b 3G""","=""3""","=""3d4.(3H).4s.4p.(3P*)""","=""z 3G*""","=""3""",7,7,,"=""T1621n""","=""L14866""",
Cr,1,"=""519.64461""","=""0.00003""","=""519.644629""","=""0.000022""","=""210""","=""1.2e+07""",D,"=""27816.7783""","=""47055.3416""","=""3d4.4s2""","=""b 3G""","=""5""","=""3d5.(4G).4p""","=""y 3G*""","=""5""",11,11,,"=""T2268""","=""L14866""",
Cr,1,"=""520.01728""","=""0.00005""","=""520.01732""","=""0.00003""","=""24""","=""1.1e+07""",D,"=""27300.1433""","=""46524.9187""","=""3d4.(5D).4s.4p.(3P*)""","=""z 7D*""","=""1""","=""3d4.4s.5s""","=""f 7D""","=""2""",3,5,,"=""T4288""","=""L14866""",
Cr,1,"=""520.44981""","=""0.0009""","=""520.45110""","=""0.00003""","=""5900q""","=""5.09e+07""",B,"=""7593.1484""","=""26801.9009""","=""3d5.(6S).4s""","=""a 5S""","=""2""","=""3d5.(6S).4p""","=""z 5P*""","=""1""",5,3,,"=""T4624,T4913""","=""L14866""",
Cr,1,"=""520.60229""","=""0.0009""","=""520.603733""","=""0.000025""","=""7100q""","=""5.14e+07""",B,"=""7593.1484""","=""26796.2691""","=""3d5.(6S).4s""","=""a 5S""","=""2""","=""3d5.(6S).4p""","=""z 5P*""","=""2""",5,5,,"=""T4624,T4913""","=""L14866""",
Cr,1,"=""520.84094""","=""0.0009""","=""520.842555""","=""0.000022""","=""7800q""","=""5.06e+07""",B,"=""7593.1484""","=""26787.4640""","=""3d5.(6S).4s""","=""a 5S""","=""2""","=""3d5.(6S).4p""","=""z 5P*""","=""3""",5,7,,"=""T4624,T4913""","=""L14866""",
Cr,1,"=""521.41312""","=""0.00005""","=""521.413165""","=""0.000022""","=""57""","=""8.9e+06""",D,"=""27176.1072""","=""46349.4177""","=""3d5.(4P).4s""","=""b 3P""","=""1""","=""3d4.(3F1).4s.4p.(3P*)""","=""w 5D*""","=""2""",3,5,,"=""T4288""","=""L14866""",
Cr,2,"=""523.732185""","=""0.000016""","=""523.73219""","=""0.00003""","=""140""","=""1.7e+06""",D,"=""32854.2497""","=""51942.6640""","=""3d5""","=""b 4F""","=""9/2""","=""3d4.(5D).4p""","=""z 4F*""","=""9/2""",10,10,,"=""T4502""","=""L18847""",
Cr,1,"=""523.89608""","=""0.00008""","=""523.896175""","=""0.000019""","=""22""","=""4.01e+06""",B,"=""21847.8349""","=""40930.2744""","=""3d5.(4P).4s""","=""a 5P""","=""2""","=""3d4.(5D).4s.4p.(1P*)""","=""x 5P*""","=""1""",5,3,,"=""u10""","=""L14866""",
Cr,1,"=""524.1458""","=""0.0002""","=""524.145962""","=""0.000019""","=""5""","=""6.7e+05""",D,"=""21856.9287""","=""40930.2744""","=""3d5.(4P).4s""","=""a 5P""","=""1""","=""3d4.(5D).4s.4p.(1P*)""","=""x 5P*""","=""1""",3,3,,"=""T4288""","=""L14866""",
Cr,1,"=""524.33539""","=""0.00006""","=""524.33539""","=""0.00004""","=""26""","=""2.19e+07""",B,"=""27382.1739""","=""46448.6289""","=""3d4.(5D).4s.4p.(3P*)""","=""z 7D*""","=""2""","=""3d4.4s.5s""","=""f 7D""","=""1""",5,3,,"=""u10""","=""L14866""",
Cr,2,"=""524.67731""","=""0.00005""","=""524.67729""","=""0.00003""","=""11""","=""2.1e+05""",D,"=""29951.8162""","=""49005.8471""","=""3d4.(a 3P).4s""","=""b 4P""","=""1/2""","=""3d4.(5D).4p""","=""z 4P*""","=""3/2""",2,4,,"=""T4502""","=""L18847""",
Cr,1,"=""524.75646""","=""0.00003""","=""524.756509""","=""0.000022""","=""1250""","=""1.9e+06""",B,"=""7750.7465""","=""26801.9009""","=""3d4.4s2""","=""a 5D""","=""0""","=""3d5.(6S).4p""","=""z 5P*""","=""1""",1,3,,"=""T4624,T4913""","=""L14866""",
Cr,2,"=""524.94346""","=""0.00008""","=""524.943550""","=""0.000025""","=""7""","=""9.7e+04""",D,"=""30307.3672""","=""49351.7336""","=""3d4.(a 3P).4s""","=""b 4P""","=""3/2""","=""3d4.(5D).4p""","=""z 6D*""","=""5/2""",4,6,,"=""T4502""","=""L18847""",
Cr,1,"=""526.17505""","=""0.00006""","=""526.17509""","=""0.00003""","=""24""","=""1.3e+07""",D,"=""29824.6909""","=""48824.4834""","=""3d4.(5D).4s.4p.(3P*)""","=""y 5P*""","=""3""","=""3d4.4s.5s""","=""f 5D""","=""4""",7,9,,"=""T1621n""","=""L14866""",
Cr,1,"=""526.41530""","=""0.00003""","=""526.415341""","=""0.000017""","=""2600""","=""4.1e+06""",B,"=""7810.7795""","=""26801.9009""","=""3d4.4s2""","=""a 5D""","=""1""","=""3d5.(6S).4p""","=""z 5P*""","=""1""",3,3,,"=""T4624,T4913""","=""L14866""",
Cr,1,"=""526.57143""","=""0.00003""","=""526.571497""","=""0.000014""","=""1050""","=""8.5e+05""",B,"=""7810.7795""","=""26796.2691""","=""3d4.4s2""","=""a 5D""","=""1""","=""3d5.(6S).4p""","=""z 5P*""","=""2""",3,5,,"=""T4624,T4913""","=""L14866""",
Cr,1,"=""527.19995""","=""0.00006""","=""527.20003""","=""0.00003""","=""33""","=""1.01e+07""",B,"=""27820.1975""","=""46783.0528""","=""3d4.(5D).4s.4p.(3P*)""","=""y 7P*""","=""3""","=""3d4.4s.5s""","=""f 7D""","=""4""",7,9,,"=""u10""","=""L14866""",
Cr,2,"=""527.98777""","=""0.00003""","=""527.98772""","=""0.00003""","=""21""","=""2.4e+05""",D,"=""32854.2497""","=""51788.8149""","=""3d5""","=""b 4F""","=""9/2""","=""3d4.(5D).4p""","=""z 4F*""","=""7/2""",10,8,,"=""T4502""","=""L18847""",
Cr,1,"=""528.71780""","=""0.00014""","=""528.71780""","=""0.00003""","=""12""","=""4.22e+06""",B,"=""27728.8110""","=""46637.2307""","=""3d4.(5D).4s.4p.(3P*)""","=""y 7P*""","=""2""","=""3d4.4s.5s""","=""f 7D""","=""3""",5,7,,"=""u10""","=""L14866""",
Cr,1,"=""529.33761""","=""0.00014""","=""529.33760""","=""0.00003""","=""11""","=""2.1e+06""",D,"=""27222.9417""","=""46109.2219""","=""3d5.(4P).4s""","=""b 3P""","=""2""","=""3d5.(4P).4p""","=""y 3D*""","=""2""",5,5,,"=""T4288""","=""L14866""",
Cr,1,"=""529.66905""","=""0.00003""","=""529.669109""","=""0.000017""","=""2100""","=""3.1e+06""",B,"=""7927.4410""","=""26801.9009""","=""3d4.4s2""","=""a 5D""","=""2""","=""3d5.(6S).4p""","=""z 5P*""","=""1""",5,3,,"=""T4624,T4913""","=""L14866""",
Cr,1,"=""529.73762""","=""0.00003""","=""529.737623""","=""0.000020""","=""460""","=""3.88e+07""",B,"=""23386.3419""","=""42258.3607""","=""3d5.(6S).4p""","=""z 7P*""","=""3""","=""3d5.(6S).4d""","=""e 7D""","=""4""",7,9,,"=""u10""","=""L14866""",
Cr,1,"=""529.80143""","=""0.00003""","=""529.801460""","=""0.000020""","=""340""","=""3.0e+07""",D,"=""23386.3419""","=""42256.0868""","=""3d5.(6S).4p""","=""z 7P*""","=""3""","=""3d5.(6S).4d""","=""e 7D""","=""3""",7,7,,"=""T4288""","=""L14866""",
Cr,1,"=""529.82715""","=""0.00003""","=""529.827202""","=""0.000014""","=""3540""","=""3.3e+06""",B,"=""7927.4410""","=""26796.2691""","=""3d4.4s2""","=""a 5D""","=""2""","=""3d5.(6S).4p""","=""z 5P*""","=""2""",5,5,,"=""T4624,T4913""","=""L14866""",
Cr,1,"=""530.07451""","=""0.00003""","=""530.074563""","=""0.000014""","=""530""","=""2.5e+05""",B,"=""7927.4410""","=""26787.4640""","=""3d4.4s2""","=""a 5D""","=""2""","=""3d5.(6S).4p""","=""z 5P*""","=""3""",5,7,,"=""T4624,T4913""","=""L14866""",
Cr,1,"=""530.41796""","=""0.00008""","=""530.41800""","=""0.00004""","=""19""","=""5.35e+06""",B,"=""27935.2412""","=""46783.0528""","=""3d4.(5D).4s.4p.(3P*)""","=""y 7P*""","=""4""","=""3d4.4s.5s""","=""f 7D""","=""4""",9,9,,"=""u10""","=""L14866""",
Cr,2,"=""530.84214""","=""0.00003""","=""530.84212""","=""0.00003""","=""29""","=""6.1e+05""",D,"=""32836.6527""","=""51669.4060""","=""3d5""","=""b 4F""","=""7/2""","=""3d4.(5D).4p""","=""z 4F*""","=""5/2""",8,6,,"=""T4502""","=""L18847""",
Cr,2,"=""531.06924""","=""0.00005""","=""531.06924""","=""0.00003""","=""15""","=""2.1e+05""",D,"=""32844.7068""","=""51669.4060""","=""3d5""","=""b 4F""","=""3/2""","=""3d4.(5D).4p""","=""z 4F*""","=""5/2""",4,6,,"=""T4502""","=""L18847""",
Cr,1,"=""531.28557""","=""0.00006""","=""531.28560""","=""0.00003""","=""27""","=""9.26e+06""",B,"=""27820.1975""","=""46637.2307""","=""3d4.(5D).4s.4p.(3P*)""","=""y 7P*""","=""3""","=""3d4.4s.5s""","=""f 7D""","=""3""",7,7,,"=""u10""","=""L14866""",
Cr,2,"=""531.35808""","=""0.00002""","=""531.35809""","=""0.00003""","=""52""","=""8.8e+05""",D,"=""32854.9399""","=""51669.4060""","=""3d5""","=""b 4F""","=""5/2""","=""3d4.(5D).4p""","=""z 4F*""","=""5/2""",6,6,,"=""T4502""","=""L18847""",
Cr,1,"=""531.87707""","=""0.00008""","=""531.87708""","=""0.00004""","=""21""","=""9.67e+06""",B,"=""27728.8110""","=""46524.9187""","=""3d4.(5D).4s.4p.(3P*)""","=""y 7P*""","=""2""","=""3d4.4s.5s""","=""f 7D""","=""2""",5,5,,"=""u10""","=""L14866""",
Cr,1,"=""532.83238""","=""0.00003""","=""532.832346""","=""0.000020""","=""930""","=""6.2e+07""",D,"=""23498.8156""","=""42261.2258""","=""3d5.(6S).4p""","=""z 7P*""","=""4""","=""3d5.(6S).4d""","=""e 7D""","=""5""",9,11,,"=""T1426n""","=""L14866""",
Cr,1,"=""532.91370""","=""0.00003""","=""532.913725""","=""0.000020""","=""290""","=""2.25e+07""",B,"=""23498.8156""","=""42258.3607""","=""3d5.(6S).4p""","=""z 7P*""","=""4""","=""3d5.(6S).4d""","=""e 7D""","=""4""",9,9,,"=""u10""","=""L14866""",
Cr,1,"=""532.97831""","=""0.00006""","=""532.97833""","=""0.00003""","=""51""","=""5.38e+06""",B,"=""23498.8156""","=""42256.0868""","=""3d5.(6S).4p""","=""z 7P*""","=""4""","=""3d5.(6S).4d""","=""e 7D""","=""3""",9,7,,"=""u10""","=""L14866""",
Cr,1,"=""534.04469""","=""0.00009""","=""534.04469""","=""0.00004""","=""19""","=""1.45e+07""",B,"=""27728.8110""","=""46448.6289""","=""3d4.(5D).4s.4p.(3P*)""","=""y 7P*""","=""2""","=""3d4.4s.5s""","=""f 7D""","=""1""",5,3,,"=""u10""","=""L14866""",
Cr,1,"=""534.47564""","=""0.00014""","=""534.47572""","=""0.00003""","=""10""","=""4.1e+06""",D,"=""27820.1975""","=""46524.9187""","=""3d4.(5D).4s.4p.(3P*)""","=""y 7P*""","=""3""","=""3d4.4s.5s""","=""f 7D""","=""2""",7,5,,"=""T4288""","=""L14866""",
Cr,1,"=""534.57959""","=""0.00003""","=""534.579650""","=""0.000015""","=""5100""","=""4.9e+06""",B,"=""8095.1842""","=""26796.2691""","=""3d4.4s2""","=""a 5D""","=""3""","=""3d5.(6S).4p""","=""z 5P*""","=""2""",7,5,,"=""T4624,T4913""","=""L14866""",
Cr,2,"=""""","=""""","=""534.60863""","=""0.00003""","=""""","=""1.3e+05""",D,"=""30864.4328""","=""49564.5038""","=""3d4.(a 3P).4s""","=""b 4P""","=""5/2""","=""3d4.(5D).4p""","=""z 6D*""","=""3/2""",6,4,,"=""T4502""","=""""",
Cr,1,"=""534.83141""","=""0.00003""","=""534.831470""","=""0.000015""","=""3200""","=""1.7e+06""",B,"=""8095.1842""","=""26787.4640""","=""3d4.4s2""","=""a 5D""","=""3""","=""3d5.(6S).4p""","=""z 5P*""","=""3""",7,7,,"=""T4624,T4913""","=""L14866""",
Cr,2,"=""""","=""""","=""536.93508""","=""0.00003""","=""""","=""3.2e+04""",D,"=""31219.3322""","=""49838.3799""","=""3d4.(a 3F).4s""","=""a 4F""","=""9/2""","=""3d4.(5D).4p""","=""z 6D*""","=""9/2""",10,10,,"=""T4502""","=""""",
Cr,1,"=""540.05967""","=""0.00003""","=""540.059689""","=""0.000021""","=""110""","=""1.6e+07""",D,"=""27222.9417""","=""45734.2670""","=""3d5.(4P).4s""","=""b 3P""","=""2""","=""3d5.(4P).4p""","=""y 3P*""","=""2""",5,5,,"=""T1621n""","=""L14866""",
Cr,1,"=""540.97834""","=""0.00003""","=""540.978408""","=""0.000015""","=""8500""","=""6.2e+06""",B,"=""8307.5753""","=""26787.4640""","=""3d4.4s2""","=""a 5D""","=""4""","=""3d5.(6S).4p""","=""z 5P*""","=""3""",9,7,,"=""T4624,T4913""","=""L14866""",
Cr,2,"=""542.09247""","=""0.00005""","=""542.09247""","=""0.00003""","=""13""","=""5.0e+05""",D,"=""30307.3672""","=""48749.2779""","=""3d4.(a 3P).4s""","=""b 4P""","=""3/2""","=""3d4.(5D).4p""","=""z 4P*""","=""1/2""",4,2,,"=""T4502""","=""L18847""",
Cr,1,"=""544.24069""","=""0.00009""","=""544.24066""","=""0.00005""","=""21""","=""3.9e+06""",D,"=""27597.2409""","=""45966.3597""","=""3d4.4s2""","=""b 3G""","=""3""","=""3d5.(4G).4p""","=""y 3F*""","=""2""",7,5,,"=""T4288""","=""L14866""",
Cr,2,"=""550.20852""","=""0.00003""","=""550.20855""","=""0.00003""","=""21""","=""2.8e+05""",D,"=""33618.9363""","=""51788.8149""","=""3d4.(3G).4s""","=""b 4G""","=""9/2""","=""3d4.(5D).4p""","=""z 4F*""","=""7/2""",10,8,,"=""T4502""","=""L18847""",
Cr,2,"=""550.86225""","=""0.00005""","=""550.86229""","=""0.00003""","=""17""","=""2.8e+05""",D,"=""33521.0904""","=""51669.4060""","=""3d4.(3G).4s""","=""b 4G""","=""7/2""","=""3d4.(5D).4p""","=""z 4F*""","=""5/2""",8,6,,"=""T4502""","=""L18847""",
Cr,1,"=""554.861""","=""0.003""","=""554.85867""","=""0.00005""","=""15""","=""1.9e+05""",D,"=""27597.2409""","=""45614.8444""","=""3d4.4s2""","=""b 3G""","=""3""","=""3d5.(4G).4p""","=""y 5H*""","=""4""",7,9,,"=""T2268""","=""L808""",
Cr,1,"=""556.655""","=""0.003""","=""556.65430""","=""0.00005""","=""20""","=""1.5e+05""",D,"=""27703.7743""","=""45663.2579""","=""3d4.4s2""","=""b 3G""","=""4""","=""3d5.(4G).4p""","=""y 5H*""","=""5""",9,11,,"=""T2268""","=""L808""",
Cr,1,"=""558.160""","=""0.003""","=""558.15895""","=""0.00005""","=""15""","=""1.9e+05""",E,"=""27703.7743""","=""45614.8444""","=""3d4.4s2""","=""b 3G""","=""4""","=""3d5.(4G).4p""","=""y 5H*""","=""4""",9,9,,"=""T2268""","=""L808""",
Cr,1,"=""558.805""","=""0.003""","=""558.79923""","=""0.00005""","=""30""","=""1.1e+05""",E,"=""27816.7783""","=""45707.3259""","=""3d4.4s2""","=""b 3G""","=""5""","=""3d5.(4G).4p""","=""y 5H*""","=""6""",11,13,,"=""T2268""","=""L808""",
Cr,1,"=""562.86425""","=""0.00006""","=""562.86426""","=""0.00004""","=""44""","=""3.95e+06""",B,"=""27597.2409""","=""45358.5837""","=""3d4.4s2""","=""b 3G""","=""3""","=""3d5.(4G).4p""","=""z 3H*""","=""4""",7,9,,"=""u10""","=""L14866""",
Cr,1,"=""564.2359""","=""0.0002""","=""564.23588""","=""0.00004""","=""7""","=""3.4e+06""",D,"=""31106.3170""","=""48824.4834""","=""3d4.(5D).4s.4p.(3P*)""","=""z 5F*""","=""4""","=""3d4.4s.5s""","=""f 5D""","=""4""",9,9,,"=""T4288""","=""L14866""",
Cr,1,"=""564.8261""","=""0.0002""","=""564.82612""","=""0.00006""","=""6""","=""4.2e+06""",D,"=""30858.7516""","=""48558.403""","=""3d4.(5D).4s.4p.(3P*)""","=""z 5F*""","=""2""","=""3d4.4s.5s""","=""f 5D""","=""2""",5,5,,"=""T4288""","=""L14866""",
Cr,1,"=""564.9386""","=""0.0002""","=""564.93856""","=""0.00004""","=""8""","=""5.1e+06""",D,"=""30965.3799""","=""48661.5083""","=""3d4.(5D).4s.4p.(3P*)""","=""z 5F*""","=""3""","=""3d4.4s.5s""","=""f 5D""","=""3""",7,7,,"=""T4288""","=""L14866""",
Cr,1,"=""569.47404""","=""0.00006""","=""569.47407""","=""0.00004""","=""32""","=""1.4e+07""",D,"=""31106.3170""","=""48661.5083""","=""3d4.(5D).4s.4p.(3P*)""","=""z 5F*""","=""4""","=""3d4.4s.5s""","=""f 5D""","=""3""",9,7,,"=""T4288""","=""L14866""",
Cr,1,"=""570.23063""","=""0.00007""","=""570.23060""","=""0.00004""","=""55""","=""3.40e+06""",B,"=""27816.7783""","=""45348.6792""","=""3d4.4s2""","=""b 3G""","=""5""","=""3d5.(4G).4p""","=""z 3H*""","=""6""",11,13,,"=""u10""","=""L14866""",
Cr,1,"=""571.98157""","=""0.00016""","=""571.98168""","=""0.00004""","=""10""","=""4.96e+05""",B,"=""24303.9025""","=""41782.1313""","=""3d5.(4D).4s""","=""b 5D""","=""3""","=""3d4.(5D).4s.4p.(1P*)""","=""y 5D*""","=""4""",7,9,,"=""u10""","=""L14866""",
Cr,1,"=""578.30642""","=""0.00007""","=""578.30643""","=""0.00004""","=""77""","=""2.1e+07""",D,"=""26801.9009""","=""44088.9776""","=""3d5.(6S).4p""","=""z 5P*""","=""1""","=""3d5.(6S).4d""","=""e 5D""","=""1""",3,3,,"=""T4288""","=""L14866""",
Cr,1,"=""578.38498""","=""0.00003""","=""578.385010""","=""0.000024""","=""100""","=""2.02e+07""",B,"=""26796.2691""","=""44080.9973""","=""3d5.(6S).4p""","=""z 5P*""","=""2""","=""3d5.(6S).4d""","=""e 5D""","=""2""",5,5,,"=""u10""","=""L14866""",
Cr,1,"=""578.49694""","=""0.00007""","=""578.496971""","=""0.000024""","=""85""","=""1.19e+07""",B,"=""26787.4640""","=""44068.8470""","=""3d5.(6S).4p""","=""z 5P*""","=""3""","=""3d5.(6S).4d""","=""e 5D""","=""3""",7,7,,"=""u10""","=""L14866""",
Cr,1,"=""578.79184""","=""0.00003""","=""578.791876""","=""0.000020""","=""170""","=""2.35e+07""",B,"=""26796.2691""","=""44068.8470""","=""3d5.(6S).4p""","=""z 5P*""","=""2""","=""3d5.(6S).4d""","=""e 5D""","=""3""",5,7,,"=""u10""","=""L14866""",
Cr,1,"=""583.8669""","=""0.0002""","=""583.86698""","=""0.00004""","=""6""","=""6.5e+05""",D,"=""24286.5418""","=""41408.9840""","=""3d5.(4D).4s""","=""b 5D""","=""1""","=""3d4.(5D).4s.4p.(1P*)""","=""y 5D*""","=""2""",3,5,,"=""T4288""","=""L14866""",
Cr,1,"=""584.4595""","=""0.0002""","=""584.45958""","=""0.00004""","=""6""","=""6.8e+05""",D,"=""24303.9025""","=""41408.9840""","=""3d5.(4D).4s""","=""b 5D""","=""3""","=""3d4.(5D).4s.4p.(1P*)""","=""y 5D*""","=""2""",7,5,,"=""T4288""","=""L14866""",
Cr,2,"=""605.34683""","=""0.00013""","=""605.34692""","=""0.00004""","=""7""","=""1.6e+05""",D,"=""38269.5694""","=""54784.4497""","=""3d4.(3D).4s""","=""c 4D""","=""7/2""","=""3d4.(5D).4p""","=""z 4D*""","=""7/2""",8,8,,"=""T4502""","=""L18847""",
Cr,2,"=""""","=""""","=""612.92258""","=""0.00005""","=""""","=""1.1e+05""",D,"=""38314.8348""","=""54625.5946""","=""3d4.(3D).4s""","=""c 4D""","=""5/2""","=""3d4.(5D).4p""","=""z 4D*""","=""5/2""",6,6,,"=""T4502""","=""""",
Cr,1,"=""633.00911""","=""0.00004""","=""633.00913""","=""0.00003""","=""360""","=""2.9e+04""",D,"=""7593.1484""","=""23386.3419""","=""3d5.(6S).4s""","=""a 5S""","=""2""","=""3d5.(6S).4p""","=""z 7P*""","=""3""",5,7,,"=""T4288""","=""L14866""",
Cr,1,"=""663.00106""","=""0.00009""","=""663.00112""","=""0.00004""","=""75""","=""6.0e+03""",D,"=""8307.5753""","=""23386.3419""","=""3d4.4s2""","=""a 5D""","=""4""","=""3d5.(6S).4p""","=""z 7P*""","=""3""",9,7,,"=""T4288""","=""L14866""",
Cr,1,"=""666.10744""","=""0.00009""","=""666.10739""","=""0.00005""","=""38""","=""1.1e+07""",D,"=""33816.0334""","=""48824.4834""","=""3d4.(5D).4s.4p.(3P*)""","=""z 5D*""","=""4""","=""3d4.4s.5s""","=""f 5D""","=""4""",9,9,,"=""T4288""","=""L14866""",
Cr,1,"=""666.92806""","=""0.00018""","=""666.92810""","=""0.00006""","=""15""","=""5.9e+06""",D,"=""33671.5273""","=""48661.5083""","=""3d4.(5D).4s.4p.(3P*)""","=""z 5D*""","=""3""","=""3d4.4s.5s""","=""f 5D""","=""3""",7,7,,"=""T4288""","=""L14866""",
Cr,1,"=""688.240""","=""0.005""","=""688.25069""","=""0.00006""","=""75""","=""1.19e+07""",B,"=""27728.8110""","=""42254.3929""","=""3d4.(5D).4s.4p.(3P*)""","=""y 7P*""","=""2""","=""3d5.(6S).4d""","=""e 7D""","=""2""",5,5,,"=""u10""","=""L808""",
Cr,1,"=""688.305""","=""0.005""","=""688.30525""","=""0.00008""","=""150""","=""1.78e+07""",B,"=""27728.8110""","=""42253.2416""","=""3d4.(5D).4s.4p.(3P*)""","=""y 7P*""","=""2""","=""3d5.(6S).4d""","=""e 7D""","=""1""",5,3,,"=""u10""","=""L808""",
Cr,1,"=""692.52700""","=""0.00005""","=""692.52694""","=""0.00003""","=""250""","=""9.3e+06""",D,"=""27820.1975""","=""42256.0868""","=""3d4.(5D).4s.4p.(3P*)""","=""y 7P*""","=""3""","=""3d5.(6S).4d""","=""e 7D""","=""3""",7,7,,"=""T4288""","=""L14866""",
Cr,1,"=""697.83976""","=""0.00005""","=""697.83983""","=""0.00004""","=""640""","=""1.73e+07""",B,"=""27935.2412""","=""42261.2258""","=""3d4.(5D).4s.4p.(3P*)""","=""y 7P*""","=""4""","=""3d5.(6S).4d""","=""e 7D""","=""5""",9,11,,"=""u10""","=""L14866""",
Cr,1,"=""697.97945""","=""0.00005""","=""697.97942""","=""0.00004""","=""190""","=""5.9e+06""",D,"=""27935.2412""","=""42258.3607""","=""3d4.(5D).4s.4p.(3P*)""","=""y 7P*""","=""4""","=""3d5.(6S).4d""","=""e 7D""","=""4""",9,9,,"=""T4288""","=""L14866""",
Cr,1,"=""698.09033""","=""0.00010""","=""698.09025""","=""0.00005""","=""34""","=""1.5e+06""",D,"=""27935.2412""","=""42256.0868""","=""3d4.(5D).4s.4p.(3P*)""","=""y 7P*""","=""4""","=""3d5.(6S).4d""","=""e 7D""","=""3""",9,7,,"=""T4288""","=""L14866""",
Cr,1,"=""717.056""","=""0.005""","=""717.05290""","=""0.00015""","=""15""","=""2.5e+05""",E,"=""33113.212""","=""47055.3416""","=""3d5.(2F1).4s""","=""b 3F""","=""4""","=""3d5.(4G).4p""","=""y 3G*""","=""5""",9,11,,"=""T2268""","=""L808""",
Cr,1,"=""735.58905""","=""0.00005""","=""735.58903""","=""0.00004""","=""1400""","=""9.14e+06""",B,"=""23305.0026""","=""36895.8060""","=""3d5.(6S).4p""","=""z 7P*""","=""2""","=""3d5.(6S).5s""","=""e 7S""","=""3""",5,7,,"=""u10""","=""L14866""",
Cr,1,"=""740.01798""","=""0.00005""","=""740.01798""","=""0.00004""","=""1900""","=""1.35e+07""",B,"=""23386.3419""","=""36895.8060""","=""3d5.(6S).4p""","=""z 7P*""","=""3""","=""3d5.(6S).5s""","=""e 7S""","=""3""",7,7,,"=""u10""","=""L14866""",
Cr,2,"=""""","=""""","=""800.00682""","=""0.00006""","=""""","=""1.0e-01""",E,"=""0.0000""","=""12496.4565""","=""3d5""","=""a 6S""","=""5/2""","=""3d4.(5D).4s""","=""a 6D""","=""9/2""",6,10,E2,"=""T1775""","=""""",
Cr,2,"=""""","=""""","=""812.53230""","=""0.00006""","=""""","=""9.4e-02""",E,"=""0.0000""","=""12303.8200""","=""3d5""","=""a 6S""","=""5/2""","=""3d4.(5D).4s""","=""a 6D""","=""7/2""",6,8,E2,"=""T1775""","=""""",
Cr,2,"=""""","=""""","=""822.97004""","=""0.00006""","=""""","=""8.8e-02""",E,"=""0.0000""","=""12147.7713""","=""3d5""","=""a 6S""","=""5/2""","=""3d4.(5D).4s""","=""a 6D""","=""5/2""",6,6,E2,"=""T1775""","=""""",
Cr,2,"=""""","=""""","=""830.85104""","=""0.00006""","=""""","=""8.4e-02""",E,"=""0.0000""","=""12032.5447""","=""3d5""","=""a 6S""","=""5/2""","=""3d4.(5D).4s""","=""a 6D""","=""3/2""",6,4,E2,"=""T1775""","=""""",
Cr,2,"=""""","=""""","=""835.76864""","=""0.00006""","=""""","=""8.2e-02""",E,"=""0.0000""","=""11961.7464""","=""3d5""","=""a 6S""","=""5/2""","=""3d4.(5D).4s""","=""a 6D""","=""1/2""",6,2,E2,"=""T1775""","=""""",
Cr,1,"=""891.62404""","=""0.00016""","=""891.62403""","=""0.00013""","=""75""","=""2.5e+05""",D,"=""31393.2968""","=""42605.7080""","=""3d5.(4F).4s""","=""a 5F""","=""5""","=""3d5.(4G).4p""","=""z 5G*""","=""6""",11,13,,"=""T4913""","=""L14866""",
Cr,1,"=""893.91912""","=""0.00016""","=""893.91918""","=""0.00014""","=""32""","=""9.9e+04""",D,"=""31355.1192""","=""42538.7424""","=""3d5.(4F).4s""","=""a 5F""","=""2""","=""3d5.(4G).4p""","=""z 5G*""","=""3""",5,7,,"=""T4913""","=""L14866""",
Cr,1,"=""895.57452""","=""0.00016""","=""895.57457""","=""0.00014""","=""23""","=""2.0e+05""",D,"=""31352.3828""","=""42515.3342""","=""3d5.(4F).4s""","=""a 5F""","=""1""","=""3d5.(4G).4p""","=""z 5G*""","=""2""",3,5,,"=""T4913""","=""L14866""",
