element,sp_num,obs_wl_vac(nm),unc_obs_wl,ritz_wl_vac(nm),unc_ritz_wl,intens,Aki(s^-1),Acc,Ei(cm-1),Ek(cm-1),conf_i,term_i,J_i,conf_k,term_k,J_k,g_i,g_k,Type,tp_ref,line_ref,
Cs,3,"=""180.18297""","=""0.00016""","=""180.18302""","=""0.00003""","=""6000""","=""2.38e+07""",,"=""120782.636""","=""176281.761""","=""5s2.5p4.(3P<2>).5d""","=""2[3]""","=""7/2""","=""5s2.5p4.(3P<1>).6p""","=""2[2]*""","=""5/2""",8,6,,"=""T8611""","=""L14869""",
Cs,3,"=""180.3389""","=""0.0003""","=""180.33885""","=""0.00006""","=""65""","=""1.44e+07""",,"=""162863.218""","=""218314.386""","=""5s2.5p4.(1D<2>).5d""","=""2[2]""","=""5/2""","=""5s2.5p4.(1S<0>).4f""","=""2[3]*""","=""5/2""",6,6,,"=""T8611""","=""L14869""",
Cs,3,"=""180.7876""","=""0.0003""","=""180.787790""","=""0.000021""","=""43p""","=""2.41e+06""",,"=""120425.101""","=""175738.571""","=""5s2.5p4.(3P<2>).5d""","=""2[2]""","=""5/2""","=""5s2.5p4.(3P<1>).6p""","=""2[2]*""","=""3/2""",6,4,,"=""T8611""","=""L14869""",
Cs,3,"=""181.1066""","=""0.0003""","=""181.10659""","=""0.00003""","=""17""","=""1.65e+06""",,"=""121065.660""","=""176281.761""","=""5s2.5p4.(3P<2>).5d""","=""2[2]""","=""3/2""","=""5s2.5p4.(3P<1>).6p""","=""2[2]*""","=""5/2""",4,6,,"=""T8611""","=""L14869""",
Cs,3,"=""181.19555""","=""0.00017""","=""181.19554""","=""0.00003""","=""3600""","=""8.00e+06""",,"=""128532.528""","=""183721.523""","=""5s2.5p4.(3P<2>).5d""","=""2[4]""","=""7/2""","=""5s2.5p4.(1D<2>).6p""","=""2[3]*""","=""7/2""",8,8,,"=""T8611""","=""L14869""",
Cs,3,"=""182.23955""","=""0.00015""","=""182.23953""","=""0.00010""","=""15000D""","=""3.65e+07""",,"=""108652.967""","=""163525.805""","=""5s.5p6""","=""2S""","=""1/2""","=""5s2.5p4.(3P<2>).6p""","=""2[1]*""","=""1/2""",2,2,,"=""T8611""","=""L14869""",
Cs,3,"=""182.39259""","=""0.00018""","=""182.39248""","=""0.00005""","=""6600""","=""1.20e+08""",,"=""144868.730""","=""199695.552""","=""5s2.5p4.(1D<2>).5d""","=""2[4]""","=""9/2""","=""5s2.5p4.(1D<2>).4f""","=""2[4]*""","=""9/2""",10,10,,"=""T8611""","=""L14869""",
Cs,3,"=""182.44349""","=""0.00019""","=""182.44340""","=""0.00003""","=""680*""","=""2.03e+03""",,"=""131782.478""","=""186593.999""","=""5s2.5p4.(3P<2>).5d""","=""2[1]""","=""3/2""","=""5s2.5p4.(1D<2>).6p""","=""2[2]*""","=""5/2""",4,6,,"=""T8611""","=""L14869""",
Cs,3,"=""182.44349""","=""0.00019""","=""182.44365""","=""0.00003""","=""680*""","=""2.49e+05""",,"=""125926.848""","=""180738.292""","=""5s2.5p4.(3P<2>).5d""","=""2[4]""","=""9/2""","=""5s2.5p4.(3P<2>).4f""","=""2[4]*""","=""7/2""",10,8,,"=""T8611""","=""L14869""",
Cs,3,"=""182.46947""","=""0.00017""","=""182.46948""","=""0.00006""","=""7800""","=""1.66e+08""",,"=""144535.128""","=""199338.813""","=""5s2.5p4.(1D<2>).5d""","=""2[4]""","=""7/2""","=""5s2.5p4.(1D<2>).4f""","=""2[4]*""","=""7/2""",8,8,,"=""T8611""","=""L14869""",
Cs,3,"=""182.6193""","=""0.0003""","=""182.61924""","=""0.00013""","=""39""","=""8.05e+06""",,"=""138543.477""","=""193302.220""","=""5s2.5p4.(3P<2>).6s""","=""2[2]""","=""3/2""","=""5s2.5p4.(1D<2>).4f""","=""2[1]*""","=""1/2""",4,2,,"=""T8611""","=""L14869""",
Cs,3,"=""182.65828""","=""0.00017""","=""182.65823""","=""0.00003""","=""1800""","=""1.66e+07""",,"=""144591.760""","=""199338.813""","=""5s2.5p4.(3P<0>).5d""","=""2[2]""","=""5/2""","=""5s2.5p4.(1D<2>).4f""","=""2[4]*""","=""7/2""",6,8,,"=""T8611""","=""L14869""",
Cs,3,"=""182.90594""","=""0.00016""","=""182.905937""","=""0.000024""","=""2400""","=""9.95e+06""",,"=""121065.660""","=""175738.571""","=""5s2.5p4.(3P<2>).5d""","=""2[2]""","=""3/2""","=""5s2.5p4.(3P<1>).6p""","=""2[2]*""","=""3/2""",4,4,,"=""T8611""","=""L14869""",
Cs,3,"=""182.9274""","=""0.0003""","=""182.92758""","=""0.00008""","=""17""","=""9.21e+07""",,"=""186160.020""","=""240826.462""","=""5s2.5p4.(3P<1>).4f""","=""2[2]*""","=""5/2""","=""5s2.5p4.(3P<1>).5g""","=""2[4]""","=""7/2""",6,8,,"=""T8611""","=""L14869""",
Cs,3,"=""183.3820""","=""0.0003""","=""183.38218""","=""0.00006""","=""11""","=""1.02e+07""",,"=""162863.218""","=""217394.145""","=""5s2.5p4.(1D<2>).5d""","=""2[2]""","=""5/2""","=""5s2.5p4.(1S<0>).4f""","=""2[3]*""","=""7/2""",6,8,,"=""T8611""","=""L14869""",
Cs,3,"=""183.5871""","=""0.0003""","=""183.58702""","=""0.00005""","=""9""","=""1.46e+06""",,"=""144868.730""","=""199338.813""","=""5s2.5p4.(1D<2>).5d""","=""2[4]""","=""9/2""","=""5s2.5p4.(1D<2>).4f""","=""2[4]*""","=""7/2""",10,8,,"=""T8611""","=""L14869""",
Cs,3,"=""183.7652""","=""0.0003""","=""183.76516""","=""0.00010""","=""2""","=""3.33e+06""",,"=""138464.327""","=""192881.607""","=""5s2.5p4.(3P<2>).5d""","=""2[3]""","=""5/2""","=""5s2.5p4.(1D<2>).4f""","=""2[1]*""","=""3/2""",6,4,,"=""T8611""","=""L14869""",
Cs,3,"=""183.8744""","=""0.0003""","=""183.87437""","=""0.00009""","=""110""","=""2.68e+08""",,"=""186160.020""","=""240544.980""","=""5s2.5p4.(3P<1>).4f""","=""2[2]*""","=""5/2""","=""5s2.5p4.(3P<1>).5g""","=""2[3]""","=""7/2""",6,8,,"=""T8611""","=""L14869""",
Cs,3,"=""183.8926""","=""0.0003""","=""183.89268""","=""0.00012""","=""11""","=""6.18e+07""",,"=""186160.020""","=""240539.563""","=""5s2.5p4.(3P<1>).4f""","=""2[2]*""","=""5/2""","=""5s2.5p4.(3P<1>).5g""","=""2[3]""","=""5/2""",6,6,,"=""T8611""","=""L14869""",
Cs,3,"=""183.8996""","=""0.0002""","=""183.89945""","=""0.00006""","=""600""","=""1.32e+07""",,"=""131782.478""","=""186160.020""","=""5s2.5p4.(3P<2>).5d""","=""2[1]""","=""3/2""","=""5s2.5p4.(3P<1>).4f""","=""2[2]*""","=""5/2""",4,6,,"=""T8611""","=""L14869""",
Cs,3,"=""183.96499""","=""0.00015""","=""183.96481""","=""0.00003""","=""1200""","=""8.13e+06""",,"=""135081.058""","=""189439.279""","=""5s2.5p4.(3P<1>).5d""","=""2[3]""","=""5/2""","=""5s2.5p4.(3P<1>).4f""","=""2[3]*""","=""7/2""",6,8,,"=""T8611""","=""L14869""",
Cs,3,"=""184.01512""","=""0.00020""","=""184.01493""","=""0.00004""","=""1800""","=""1.25e+07""",,"=""131782.478""","=""186125.895""","=""5s2.5p4.(3P<2>).5d""","=""2[1]""","=""3/2""","=""5s2.5p4.(1D<2>).6p""","=""2[2]*""","=""3/2""",4,4,,"=""T8611""","=""L14869""",
Cs,3,"=""184.03293""","=""0.00019""","=""184.03283""","=""0.00010""","=""3000""","=""3.03e+07""",,"=""138543.477""","=""192881.607""","=""5s2.5p4.(3P<2>).6s""","=""2[2]""","=""3/2""","=""5s2.5p4.(1D<2>).4f""","=""2[1]*""","=""3/2""",4,4,,"=""T8611""","=""L14869""",
Cs,3,"=""184.18028""","=""0.00019""","=""184.18027""","=""0.00003""","=""7200""","=""2.00e+08""",,"=""122346.271""","=""176640.903""","=""5s2.5p4.(3P<2>).5d""","=""2[1]""","=""1/2""","=""5s2.5p4.(3P<2>).4f""","=""2[1]*""","=""1/2""",2,2,,"=""T8611""","=""L14869""",
Cs,3,"=""184.2475""","=""0.0003""","=""184.24816""","=""0.00005""","=""9""","=""3.47e+05""",,"=""135081.058""","=""189355.684""","=""5s2.5p4.(3P<1>).5d""","=""2[3]""","=""5/2""","=""5s2.5p4.(1D<2>).4f""","=""2[2]*""","=""5/2""",6,6,,"=""T8611""","=""L14869""",
Cs,3,"=""185.78876""","=""0.00019""","=""185.78869""","=""0.00007""","=""2400""","=""1.49e+08""",,"=""164489.795""","=""218314.386""","=""5s2.5p4.(1D<2>).5d""","=""2[2]""","=""3/2""","=""5s2.5p4.(1S<0>).4f""","=""2[3]*""","=""5/2""",4,6,,"=""T8611""","=""L14869""",
Cs,3,"=""186.19658""","=""0.00018""","=""186.19651""","=""0.00004""","=""2400""","=""1.14e+05""",,"=""132419.196""","=""186125.895""","=""5s2.5p4.(3P<2>).5d""","=""2[0]""","=""1/2""","=""5s2.5p4.(1D<2>).6p""","=""2[2]*""","=""3/2""",2,4,,"=""T8611""","=""L14869""",
Cs,3,"=""186.4290""","=""0.0003""","=""186.42899""","=""0.00007""","=""26""","=""2.05e+04""",,"=""137785.195""","=""191424.921""","=""5s2.5p4.(3P<1>).5d""","=""2[3]""","=""7/2""","=""5s2.5p4.(1D<2>).4f""","=""2[5]*""","=""9/2""",8,10,,"=""T8611""","=""L14869""",
Cs,3,"=""186.8642""","=""0.0003""","=""186.86408""","=""0.00006""","=""110""","=""4.53e+06""",,"=""148575.860""","=""202090.692""","=""5s2.5p4.(3P<1>).6s""","=""2[1]""","=""3/2""","=""5s2.5p4.(1D<2>).4f""","=""2[2]*""","=""3/2""",4,4,,"=""T8611""","=""L14869""",
Cs,3,"=""187.01030""","=""0.00018""","=""187.01069""","=""0.00006""","=""1200""","=""1.04e+07""",,"=""144535.128""","=""198008.006""","=""5s2.5p4.(1D<2>).5d""","=""2[4]""","=""7/2""","=""5s2.5p4.(3P<1>).4f""","=""2[3]*""","=""5/2""",8,6,,"=""T8611""","=""L14869""",
Cs,3,"=""187.08283""","=""0.00017""","=""187.08277""","=""0.00003""","=""5400""","=""4.88e+07""",,"=""142067.732""","=""195520.010""","=""5s2.5p4.(3P<1>).5d""","=""2[2]""","=""5/2""","=""5s2.5p4.(1D<2>).4f""","=""2[3]*""","=""7/2""",6,8,,"=""T8611""","=""L14869""",
Cs,3,"=""187.20902""","=""0.00017""","=""187.20896""","=""0.00003""","=""2400""","=""2.67e+07""",,"=""144591.760""","=""198008.006""","=""5s2.5p4.(3P<0>).5d""","=""2[2]""","=""5/2""","=""5s2.5p4.(3P<1>).4f""","=""2[3]*""","=""5/2""",6,6,,"=""T8611""","=""L14869""",
Cs,3,"=""187.36619""","=""0.00019""","=""187.36617""","=""0.00005""","=""2400""","=""3.29e+06""",,"=""137785.195""","=""191156.624""","=""5s2.5p4.(3P<1>).5d""","=""2[3]""","=""7/2""","=""5s2.5p4.(3P<1>).4f""","=""2[4]*""","=""7/2""",8,8,,"=""T8611""","=""L14869""",
Cs,3,"=""187.4746""","=""0.0003""","=""187.47460""","=""0.00011""","=""9""","=""2.99e+06""",,"=""156820.269""","=""210160.827""","=""5s2.5p4.(1D<2>).6s""","=""2[2]""","=""3/2""","=""5s2.5p4.(3P<2>).7p""","=""2[1]*""","=""1/2""",4,2,,"=""T8611""","=""L14869""",
Cs,3,"=""187.7901""","=""0.0003""","=""187.79002""","=""0.00004""","=""43""","=""6.23e+05""",,"=""133343.034""","=""186593.999""","=""5s2.5p4.(3P<2>).6s""","=""2[2]""","=""5/2""","=""5s2.5p4.(1D<2>).6p""","=""2[2]*""","=""5/2""",6,6,,"=""T8611""","=""L14869""",
Cs,3,"=""188.1999""","=""0.0003""","=""188.19982""","=""0.00011""","=""6""","=""9.94e+06""",,"=""184328.767""","=""237463.780""","=""5s2.5p4.(3P<0>).4f""","=""2[3]*""","=""7/2""","=""5s2.5p4.(3P<0>).5g""","=""2[4]""","=""7/2""",8,8,,"=""T8611""","=""L14869""",
Cs,3,"=""188.21836""","=""0.00017""","=""188.21840""","=""0.00009""","=""300""","=""2.76e+08""",,"=""184328.767""","=""237458.534""","=""5s2.5p4.(3P<0>).4f""","=""2[3]*""","=""7/2""","=""5s2.5p4.(3P<0>).5g""","=""2[4]""","=""9/2""",8,10,,"=""T8611""","=""L14869""",
Cs,3,"=""188.31894""","=""0.00017""","=""188.318938""","=""0.000023""","=""3000""","=""2.65e+07""",,"=""120425.101""","=""173526.505""","=""5s2.5p4.(3P<2>).5d""","=""2[2]""","=""5/2""","=""5s2.5p4.(3P<0>).6p""","=""2[1]*""","=""3/2""",6,4,,"=""T8611""","=""L14869""",
Cs,3,"=""188.63550""","=""0.00017""","=""188.63562""","=""0.00004""","=""2400""","=""3.27e+06""",,"=""128532.528""","=""181544.785""","=""5s2.5p4.(3P<2>).5d""","=""2[4]""","=""7/2""","=""5s2.5p4.(1D<2>).6p""","=""2[3]*""","=""5/2""",8,6,,"=""T8611""","=""L14869""",
Cs,3,"=""189.0545""","=""0.0003""","=""189.05479""","=""0.00003""","=""6""","=""2.98e+05""",,"=""156820.269""","=""209714.989""","=""5s2.5p4.(1D<2>).6s""","=""2[2]""","=""3/2""","=""5s2.5p4.(3P<2>).7p""","=""2[3]*""","=""5/2""",4,6,,"=""T8611""","=""L14869""",
Cs,3,"=""189.17846""","=""0.00015""","=""189.17873""","=""0.00004""","=""170h""","=""7.75e+06""",,"=""133265.831""","=""186125.895""","=""5s2.5p4.(3P<1>).5d""","=""2[1]""","=""1/2""","=""5s2.5p4.(1D<2>).6p""","=""2[2]*""","=""3/2""",2,4,,"=""T8611""","=""L14869""",
Cs,3,"=""189.3330""","=""0.0003""","=""189.33303""","=""0.00006""","=""150""","=""4.87e+06""",,"=""133343.034""","=""186160.020""","=""5s2.5p4.(3P<2>).6s""","=""2[2]""","=""5/2""","=""5s2.5p4.(3P<1>).4f""","=""2[2]*""","=""5/2""",6,6,,"=""T8611""","=""L14869""",
Cs,3,"=""189.5545""","=""0.0003""","=""189.55445""","=""0.00004""","=""9""","=""7.14e+06""",,"=""175048.447""","=""227803.736""","=""5s2.5p4.(3P<2>).4f""","=""2[5]*""","=""11/2""","=""5s2.5p4.(3P<2>).5g""","=""2[6]""","=""11/2""",12,12,,"=""T8611""","=""L14869""",
Cs,3,"=""189.5683""","=""0.0002""","=""189.56848""","=""0.00004""","=""6600""","=""4.94e+08""",,"=""175048.447""","=""227799.834""","=""5s2.5p4.(3P<2>).4f""","=""2[5]*""","=""11/2""","=""5s2.5p4.(3P<2>).5g""","=""2[6]""","=""13/2""",12,14,,"=""T8611""","=""L14869""",
Cs,3,"=""189.78098""","=""0.00019""","=""189.78106""","=""0.00004""","=""2400""","=""2.64e+07""",,"=""138464.327""","=""191156.624""","=""5s2.5p4.(3P<2>).5d""","=""2[3]""","=""5/2""","=""5s2.5p4.(3P<1>).4f""","=""2[4]*""","=""7/2""",6,8,,"=""T8611""","=""L14869""",
Cs,3,"=""189.8895""","=""0.0002""","=""189.88958""","=""0.00006""","=""1800h""","=""1.23e+07""",,"=""136693.500""","=""189355.684""","=""5s2.5p4.(3P<1>).5d""","=""2[1]""","=""3/2""","=""5s2.5p4.(1D<2>).4f""","=""2[2]*""","=""5/2""",4,6,,"=""T8611""","=""L14869""",
Cs,3,"=""190.2517""","=""0.0002""","=""190.25190""","=""0.00004""","=""180p""","=""4.89e+07""",,"=""175048.447""","=""227610.341""","=""5s2.5p4.(3P<2>).4f""","=""2[5]*""","=""11/2""","=""5s2.5p4.(3P<2>).5g""","=""2[5]""","=""11/2""",12,12,,"=""T8611""","=""L14869""",
Cs,3,"=""190.30552""","=""0.00019""","=""190.30566""","=""0.00005""","=""3000""","=""3.27e+07""",,"=""131782.478""","=""184329.523""","=""5s2.5p4.(3P<2>).5d""","=""2[1]""","=""3/2""","=""5s2.5p4.(3P<0>).4f""","=""2[3]*""","=""5/2""",4,6,,"=""T8611""","=""L14869""",
Cs,3,"=""190.44836""","=""0.00018""","=""190.44860""","=""0.00015""","=""450""","=""2.81e+07""",,"=""140794.613""","=""193302.220""","=""5s2.5p4.(3P<1>).5d""","=""2[2]""","=""3/2""","=""5s2.5p4.(1D<2>).4f""","=""2[1]*""","=""1/2""",4,2,,"=""T8611""","=""L14869""",
Cs,3,"=""190.6183""","=""0.0003""","=""190.61836""","=""0.00003""","=""1800""","=""8.30e+06""",,"=""121065.660""","=""173526.505""","=""5s2.5p4.(3P<2>).5d""","=""2[2]""","=""3/2""","=""5s2.5p4.(3P<0>).6p""","=""2[1]*""","=""3/2""",4,4,,"=""T8611""","=""L14869""",
Cs,3,"=""191.0344""","=""0.0002""","=""191.03448""","=""0.00004""","=""3000""","=""9.03e+07""",,"=""150093.899""","=""202440.470""","=""5s2.5p4.(1D<2>).5d""","=""2[3]""","=""5/2""","=""5s2.5p4.(1D<2>).4f""","=""2[3]*""","=""5/2""",6,6,,"=""T8611""","=""L14869""",
Cs,3,"=""191.54952""","=""0.00020""","=""191.54973""","=""0.00003""","=""15000""","=""8.88e+07""",,"=""128532.528""","=""180738.292""","=""5s2.5p4.(3P<2>).5d""","=""2[4]""","=""7/2""","=""5s2.5p4.(3P<2>).4f""","=""2[4]*""","=""7/2""",8,8,,"=""T8611""","=""L14869""",
Cs,3,"=""191.98637""","=""0.00018""","=""191.98651""","=""0.00011""","=""3000""","=""1.40e+08""",,"=""140794.613""","=""192881.607""","=""5s2.5p4.(3P<1>).5d""","=""2[2]""","=""3/2""","=""5s2.5p4.(1D<2>).4f""","=""2[1]*""","=""3/2""",4,4,,"=""T8611""","=""L14869""",
Cs,3,"=""192.29227""","=""0.00020""","=""192.29239""","=""0.00003""","=""1800""","=""1.21e+07""",,"=""121065.660""","=""173069.797""","=""5s2.5p4.(3P<2>).5d""","=""2[2]""","=""3/2""","=""5s2.5p4.(3P<1>).6p""","=""2[0]*""","=""1/2""",4,2,,"=""T8611""","=""L14869""",
Cs,3,"=""192.3289""","=""0.0002""","=""192.32905""","=""0.00011""","=""16000D""","=""1.75e+07""",,"=""108652.967""","=""160647.193""","=""5s.5p6""","=""2S""","=""1/2""","=""5s2.5p4.(3P<2>).6p""","=""2[2]*""","=""3/2""",2,4,,"=""T8611""","=""L14869""",
Cs,3,"=""192.4097""","=""0.0003""","=""192.40978""","=""0.00003""","=""11""","=""7.63e+06""",,"=""160647.193""","=""212619.602""","=""5s2.5p4.(3P<2>).6p""","=""2[2]*""","=""3/2""","=""5s2.5p4.(3P<1>).6d""","=""2[2]""","=""5/2""",4,6,,"=""T8611""","=""L14869""",
Cs,3,"=""192.5367""","=""0.0003""","=""192.53665""","=""0.00004""","=""6""","=""4.08e+05""",,"=""156820.269""","=""208758.432""","=""5s2.5p4.(1D<2>).6s""","=""2[2]""","=""3/2""","=""5s2.5p4.(3P<2>).7p""","=""2[2]*""","=""5/2""",4,6,,"=""T8611""","=""L14869""",
Cs,3,"=""192.6085""","=""0.0003""","=""192.60846""","=""0.00012""","=""13h""","=""2.15e+05""",,"=""186125.895""","=""238044.694""","=""5s2.5p4.(1D<2>).6p""","=""2[2]*""","=""3/2""","=""5s2.5p4.(3P<2>).9s""","=""2[2]""","=""3/2""",4,4,,"=""T8611""","=""L14869""",
Cs,3,"=""192.70970""","=""0.00017""","=""192.70987""","=""0.00007""","=""180""","=""7.50e+06""",,"=""160991.868""","=""212883.345""","=""5s2.5p4.(1D<2>).5d""","=""2[1]""","=""3/2""","=""5s2.5p4.(3P<2>).5f""","=""2[1]*""","=""3/2""",4,4,,"=""T8611""","=""L14869""",
Cs,3,"=""193.47217""","=""0.00019""","=""193.47000""","=""0.00005""","=""600bl,h*""","=""5.32e+06""",,"=""160991.868""","=""212679.469""","=""5s2.5p4.(1D<2>).5d""","=""2[1]""","=""3/2""","=""5s2.5p4.(3P<2>).5f""","=""2[2]*""","=""5/2""",4,6,,"=""T8611""","=""L14869""",
Cs,3,"=""193.47217""","=""0.00019""","=""193.473051""","=""0.000024""","=""600bl,h*""","=""1.12e+07""",,"=""131782.478""","=""183469.263""","=""5s2.5p4.(3P<2>).5d""","=""2[1]""","=""3/2""","=""5s2.5p4.(1D<2>).6p""","=""2[1]*""","=""3/2""",4,4,,"=""T8611""","=""L14869""",
Cs,3,"=""193.59559""","=""0.00019""","=""193.59553""","=""0.00004""","=""4800""","=""6.66e+07""",,"=""137785.195""","=""189439.279""","=""5s2.5p4.(3P<1>).5d""","=""2[3]""","=""7/2""","=""5s2.5p4.(3P<1>).4f""","=""2[3]*""","=""7/2""",8,8,,"=""T8611""","=""L14869""",
Cs,3,"=""193.6582""","=""0.0003""","=""193.65774""","=""0.00005""","=""9""","=""1.37e+05""",,"=""136693.500""","=""188330.992""","=""5s2.5p4.(3P<1>).5d""","=""2[1]""","=""3/2""","=""5s2.5p4.(1D<2>).6p""","=""2[1]*""","=""1/2""",4,2,,"=""T8611""","=""L14869""",
Cs,3,"=""193.71068""","=""0.00019""","=""193.71051""","=""0.00006""","=""2400""","=""2.26e+07""",,"=""150467.268""","=""202090.692""","=""5s2.5p4.(3P<1>).6s""","=""2[1]""","=""1/2""","=""5s2.5p4.(1D<2>).4f""","=""2[2]*""","=""3/2""",2,4,,"=""T8611""","=""L14869""",
Cs,3,"=""193.9096""","=""0.0003""","=""193.90935""","=""0.00006""","=""22""","=""2.90e+04""",,"=""137785.195""","=""189355.684""","=""5s2.5p4.(3P<1>).5d""","=""2[3]""","=""7/2""","=""5s2.5p4.(1D<2>).4f""","=""2[2]*""","=""5/2""",8,6,,"=""T8611""","=""L14869""",
Cs,3,"=""194.1260""","=""0.0003""","=""194.12598""","=""0.00003""","=""26""","=""2.72e+05""",,"=""135081.058""","=""186593.999""","=""5s2.5p4.(3P<1>).5d""","=""2[3]""","=""5/2""","=""5s2.5p4.(1D<2>).6p""","=""2[2]*""","=""5/2""",6,6,,"=""T8611""","=""L14869""",
Cs,3,"=""194.2233""","=""0.0004""","=""194.22360""","=""0.00003""","=""2""","=""2.73e+06""",,"=""161132.553""","=""212619.602""","=""5s2.5p4.(3P<2>).6p""","=""2[2]*""","=""5/2""","=""5s2.5p4.(3P<1>).6d""","=""2[2]""","=""5/2""",6,6,,"=""T8611""","=""L14869""",
Cs,3,"=""194.2849""","=""0.0003""","=""194.28500""","=""0.00008""","=""17""","=""9.46e+07""",,"=""189355.684""","=""240826.462""","=""5s2.5p4.(1D<2>).4f""","=""2[2]*""","=""5/2""","=""5s2.5p4.(3P<1>).5g""","=""2[4]""","=""7/2""",6,8,,"=""T8611""","=""L14869""",
Cs,3,"=""194.51766""","=""0.00017""","=""194.51749""","=""0.00004""","=""3000""","=""4.51e+08""",,"=""176394.478""","=""227803.736""","=""5s2.5p4.(3P<2>).4f""","=""2[5]*""","=""9/2""","=""5s2.5p4.(3P<2>).5g""","=""2[6]""","=""11/2""",10,12,,"=""T8611""","=""L14869""",
Cs,3,"=""194.6017""","=""0.0003""","=""194.60105""","=""0.00007""","=""6""","=""2.30e+07""",,"=""189439.279""","=""240826.462""","=""5s2.5p4.(3P<1>).4f""","=""2[3]*""","=""7/2""","=""5s2.5p4.(3P<1>).5g""","=""2[4]""","=""7/2""",8,8,,"=""T8611""","=""L14869""",
Cs,3,"=""195.04731""","=""0.00018""","=""195.04706""","=""0.00012""","=""880""","=""8.45e+05""",,"=""176640.903""","=""227910.582""","=""5s2.5p4.(3P<2>).4f""","=""2[1]*""","=""1/2""","=""5s2.5p4.(3P<2>).7d""","=""2[1]""","=""3/2""",2,4,,"=""T8611""","=""L14869""",
Cs,3,"=""195.1378""","=""0.0003""","=""195.13728""","=""0.00006""","=""22""","=""2.09e+07""",,"=""176394.478""","=""227640.453""","=""5s2.5p4.(3P<2>).4f""","=""2[5]*""","=""9/2""","=""5s2.5p4.(3P<2>).5g""","=""2[4]""","=""9/2""",10,10,,"=""T8611""","=""L14869""",
Cs,3,"=""195.2320""","=""0.0003""","=""195.23172""","=""0.00004""","=""43""","=""2.37e+07""",,"=""176394.478""","=""227615.662""","=""5s2.5p4.(3P<2>).4f""","=""2[5]*""","=""9/2""","=""5s2.5p4.(3P<2>).5g""","=""2[5]""","=""9/2""",10,10,,"=""T8611""","=""L14869""",
Cs,3,"=""195.3537""","=""0.0003""","=""195.35334""","=""0.00009""","=""86""","=""1.04e+08""",,"=""189355.684""","=""240544.980""","=""5s2.5p4.(1D<2>).4f""","=""2[2]*""","=""5/2""","=""5s2.5p4.(3P<1>).5g""","=""2[3]""","=""7/2""",6,8,,"=""T8611""","=""L14869""",
Cs,3,"=""195.38825""","=""0.00017""","=""195.38793""","=""0.00003""","=""56p""","=""5.63e+06""",,"=""122346.271""","=""173526.505""","=""5s2.5p4.(3P<2>).5d""","=""2[1]""","=""1/2""","=""5s2.5p4.(3P<0>).6p""","=""2[1]*""","=""3/2""",2,4,,"=""T8611""","=""L14869""",
Cs,3,"=""195.6732""","=""0.0003""","=""195.67289""","=""0.00008""","=""6""","=""3.35e+07""",,"=""189439.279""","=""240544.980""","=""5s2.5p4.(3P<1>).4f""","=""2[3]*""","=""7/2""","=""5s2.5p4.(3P<1>).5g""","=""2[3]""","=""7/2""",8,8,,"=""T8611""","=""L14869""",
Cs,3,"=""195.77559""","=""0.00020""","=""195.77532""","=""0.00007""","=""2400""","=""1.17e+07""",,"=""135081.058""","=""186160.020""","=""5s2.5p4.(3P<1>).5d""","=""2[3]""","=""5/2""","=""5s2.5p4.(3P<1>).4f""","=""2[2]*""","=""5/2""",6,6,,"=""T8611""","=""L14869""",
Cs,3,"=""195.88635""","=""0.00019""","=""195.88613""","=""0.00003""","=""600""","=""1.54e+07""",,"=""132419.196""","=""183469.263""","=""5s2.5p4.(3P<2>).5d""","=""2[0]""","=""1/2""","=""5s2.5p4.(1D<2>).6p""","=""2[1]*""","=""3/2""",2,4,,"=""T8611""","=""L14869""",
Cs,3,"=""196.1335""","=""0.0002""","=""196.13330""","=""0.00004""","=""7200""","=""9.18e+07""",,"=""133343.034""","=""184328.767""","=""5s2.5p4.(3P<2>).6s""","=""2[2]""","=""5/2""","=""5s2.5p4.(3P<0>).4f""","=""2[3]*""","=""7/2""",6,8,,"=""T8611""","=""L14869""",
Cs,3,"=""196.1753""","=""0.0003""","=""196.17478""","=""0.00004""","=""30""","=""2.09e+06""",,"=""138464.327""","=""189439.279""","=""5s2.5p4.(3P<2>).5d""","=""2[3]""","=""5/2""","=""5s2.5p4.(3P<1>).4f""","=""2[3]*""","=""7/2""",6,8,,"=""T8611""","=""L14869""",
Cs,3,"=""196.35483""","=""0.00018""","=""196.35468""","=""0.00004""","=""2400""","=""5.54e+07""",,"=""144591.760""","=""195520.010""","=""5s2.5p4.(3P<0>).5d""","=""2[2]""","=""5/2""","=""5s2.5p4.(1D<2>).4f""","=""2[3]*""","=""7/2""",6,8,,"=""T8611""","=""L14869""",
Cs,3,"=""196.4974""","=""0.0002""","=""196.49702""","=""0.00006""","=""1100""","=""1.92e+07""",,"=""138464.327""","=""189355.684""","=""5s2.5p4.(3P<2>).5d""","=""2[3]""","=""5/2""","=""5s2.5p4.(1D<2>).4f""","=""2[2]*""","=""5/2""",6,6,,"=""T8611""","=""L14869""",
Cs,3,"=""196.6716""","=""0.0003""","=""196.67173""","=""0.00003""","=""1800h""","=""4.87e+06""",,"=""135747.850""","=""186593.999""","=""5s2.5p4.(3P<0>).5d""","=""2[2]""","=""3/2""","=""5s2.5p4.(1D<2>).6p""","=""2[2]*""","=""5/2""",4,6,,"=""T8611""","=""L14869""",
Cs,3,"=""196.8032""","=""0.0003""","=""196.80310""","=""0.00006""","=""5400""","=""3.95e+07""",,"=""138543.477""","=""189355.684""","=""5s2.5p4.(3P<2>).6s""","=""2[2]""","=""3/2""","=""5s2.5p4.(1D<2>).4f""","=""2[2]*""","=""5/2""",4,6,,"=""T8611""","=""L14869""",
Cs,3,"=""197.14727""","=""0.00019""","=""197.14718""","=""0.00004""","=""3000""","=""3.53e+07""",,"=""122346.271""","=""173069.797""","=""5s2.5p4.(3P<2>).5d""","=""2[1]""","=""1/2""","=""5s2.5p4.(3P<1>).6p""","=""2[0]*""","=""1/2""",2,2,,"=""T8611""","=""L14869""",
Cs,3,"=""197.3795""","=""0.0003""","=""197.37958""","=""0.00005""","=""490""","=""6.35e+06""",,"=""160991.868""","=""211655.671""","=""5s2.5p4.(1D<2>).5d""","=""2[1]""","=""3/2""","=""5s2.5p4.(3P<2>).7p""","=""2[2]*""","=""3/2""",4,4,,"=""T8611""","=""L14869""",
Cs,3,"=""197.4283""","=""0.0003""","=""197.42838""","=""0.00005""","=""240h""","=""1.89e+06""",,"=""144868.730""","=""195520.010""","=""5s2.5p4.(1D<2>).5d""","=""2[4]""","=""9/2""","=""5s2.5p4.(1D<2>).4f""","=""2[3]*""","=""7/2""",10,8,,"=""T8611""","=""L14869""",
Cs,3,"=""197.88250""","=""0.00020""","=""197.88246""","=""0.00003""","=""760""","=""2.48e+06""",,"=""128532.528""","=""179067.577""","=""5s2.5p4.(3P<2>).5d""","=""2[4]""","=""7/2""","=""5s2.5p4.(3P<2>).4f""","=""2[2]*""","=""5/2""",8,6,,"=""T8611""","=""L14869""",
Cs,3,"=""198.0498""","=""0.0003""","=""198.04998""","=""0.00009""","=""44""","=""1.60e+07""",,"=""163525.805""","=""214018.110""","=""5s2.5p4.(3P<2>).6p""","=""2[1]*""","=""1/2""","=""5s2.5p4.(3P<1>).6d""","=""2[2]""","=""3/2""",2,4,,"=""T8611""","=""L14869""",
Cs,3,"=""198.1468""","=""0.0002""","=""198.14681""","=""0.00004""","=""6600""","=""1.47e+07""",,"=""125926.848""","=""176394.478""","=""5s2.5p4.(3P<2>).5d""","=""2[4]""","=""9/2""","=""5s2.5p4.(3P<2>).4f""","=""2[5]*""","=""9/2""",10,10,,"=""T8611""","=""L14869""",
Cs,3,"=""198.36476""","=""0.00014""","=""198.36480""","=""0.00007""","=""5400""","=""3.13e+07""",,"=""135747.850""","=""186160.020""","=""5s2.5p4.(3P<0>).5d""","=""2[2]""","=""3/2""","=""5s2.5p4.(3P<1>).4f""","=""2[2]*""","=""5/2""",4,6,,"=""T8611""","=""L14869""",
Cs,3,"=""198.4203""","=""0.0003""","=""198.42015""","=""0.00007""","=""84""","=""5.23e+06""",,"=""156698.493""","=""207096.599""","=""5s2.5p4.(1D<2>).6s""","=""2[2]""","=""5/2""","=""5s2.5p4.(1S<0>).6p""","=""2[1]*""","=""3/2""",6,4,,"=""T8611""","=""L14869""",
Cs,3,"=""198.9000""","=""0.0004""","=""198.90076""","=""0.00006""","=""140h""","=""9.83e+05""",,"=""156820.269""","=""207096.599""","=""5s2.5p4.(1D<2>).6s""","=""2[2]""","=""3/2""","=""5s2.5p4.(1S<0>).6p""","=""2[1]*""","=""3/2""",4,4,,"=""T8611""","=""L14869""",
Cs,3,"=""198.92588""","=""0.00018""","=""198.92577""","=""0.00007""","=""620""","=""6.21e+06""",,"=""175048.447""","=""225318.454""","=""5s2.5p4.(3P<2>).4f""","=""2[5]*""","=""11/2""","=""5s2.5p4.(3P<2>).7d""","=""2[4]""","=""9/2""",12,10,,"=""T8611""","=""L14869""",
Cs,3,"=""199.0134""","=""0.0002""","=""199.01343""","=""0.00003""","=""2400""","=""2.76e+07""",,"=""121065.660""","=""171313.524""","=""5s2.5p4.(3P<2>).5d""","=""2[2]""","=""3/2""","=""5s2.5p4.(3P<0>).6p""","=""2[1]*""","=""1/2""",4,2,,"=""T8611""","=""L14869""",
Cs,3,"=""199.1895""","=""0.0002""","=""199.18957""","=""0.00003""","=""4800""","=""4.53e+04""",,"=""133265.831""","=""183469.263""","=""5s2.5p4.(3P<1>).5d""","=""2[1]""","=""1/2""","=""5s2.5p4.(1D<2>).6p""","=""2[1]*""","=""3/2""",2,4,,"=""T8611""","=""L14869""",
Cs,3,"=""199.4962""","=""0.0002""","=""199.49636""","=""0.00003""","=""1200""","=""4.20e+06""",,"=""133343.034""","=""183469.263""","=""5s2.5p4.(3P<2>).6s""","=""2[2]""","=""5/2""","=""5s2.5p4.(1D<2>).6p""","=""2[1]*""","=""3/2""",6,4,,"=""T8611""","=""L14869""",
Cs,3,"=""199.6564""","=""0.0002""","=""199.65634""","=""0.00005""","=""11000""","=""3.68e+05""",,"=""132419.196""","=""182505.260""","=""5s2.5p4.(3P<2>).5d""","=""2[0]""","=""1/2""","=""5s2.5p4.(3P<1>).4f""","=""2[2]*""","=""3/2""",2,4,,"=""T8611""","=""L14869""",
Cs,3,"=""199.9196""","=""0.0003""","=""199.91952""","=""0.00008""","=""50""","=""2.01e+06""",,"=""162863.218""","=""212883.345""","=""5s2.5p4.(1D<2>).5d""","=""2[2]""","=""5/2""","=""5s2.5p4.(3P<2>).5f""","=""2[1]*""","=""3/2""",6,4,,"=""T8611""","=""L14869""",
element,sp_num,obs_wl_air(nm),unc_obs_wl,ritz_wl_air(nm),unc_ritz_wl,intens,Aki(s^-1),Acc,Ei(cm-1),Ek(cm-1),conf_i,term_i,J_i,conf_k,term_k,J_k,g_i,g_k,Type,tp_ref,line_ref,
Cs,3,"=""199.9418""","=""0.0004""","=""199.94144""","=""0.00007""","=""84""","=""3.20e+06""",,"=""177921.836""","=""227920.278""","=""5s2.5p4.(3P<1>).6p""","=""2[1]*""","=""3/2""","=""5s2.5p4.(3P<2>).5g""","=""2[2]""","=""3/2""",4,4,,"=""T8611""","=""L14869""",
Cs,3,"=""200.29495""","=""0.00006""","=""200.29495""","=""0.00003""","=""7800""","=""4.03e+07""",,"=""120425.101""","=""170335.312""","=""5s2.5p4.(3P<2>).5d""","=""2[2]""","=""5/2""","=""5s2.5p4.(3P<2>).4f""","=""2[2]*""","=""3/2""",6,4,,"=""T8611""","=""L14869""",
Cs,3,"=""200.3339""","=""0.0002""","=""200.33394""","=""0.00004""","=""1200""","=""1.48e+05""",,"=""136693.500""","=""186593.999""","=""5s2.5p4.(3P<1>).5d""","=""2[1]""","=""3/2""","=""5s2.5p4.(1D<2>).6p""","=""2[2]*""","=""5/2""",4,6,,"=""T8611""","=""L14869""",
Cs,3,"=""200.6729""","=""0.0002""","=""200.67279""","=""0.00004""","=""1100""","=""6.73e+06""",,"=""162863.218""","=""212679.469""","=""5s2.5p4.(1D<2>).5d""","=""2[2]""","=""5/2""","=""5s2.5p4.(3P<2>).5f""","=""2[2]*""","=""5/2""",6,6,,"=""T8611""","=""L14869""",
Cs,3,"=""200.7890""","=""0.0004""","=""200.78863""","=""0.00005""","=""50""","=""5.75e+03""",,"=""138543.477""","=""188330.992""","=""5s2.5p4.(3P<2>).6s""","=""2[2]""","=""3/2""","=""5s2.5p4.(1D<2>).6p""","=""2[1]*""","=""1/2""",4,2,,"=""T8611""","=""L14869""",
Cs,3,"=""200.8905""","=""0.0002""","=""200.89035""","=""0.00004""","=""7800h""","=""3.12e+07""",,"=""131782.478""","=""181544.785""","=""5s2.5p4.(3P<2>).5d""","=""2[1]""","=""3/2""","=""5s2.5p4.(1D<2>).6p""","=""2[3]*""","=""5/2""",4,6,,"=""T8611""","=""L14869""",
Cs,3,"=""201.0873""","=""0.0003""","=""201.08679""","=""0.00013""","=""6""","=""6.03e+04""",,"=""188330.992""","=""238044.694""","=""5s2.5p4.(1D<2>).6p""","=""2[1]*""","=""1/2""","=""5s2.5p4.(3P<2>).9s""","=""2[2]""","=""3/2""",2,4,,"=""T8611""","=""L14869""",
Cs,3,"=""201.2637""","=""0.0006""","=""201.26440""","=""0.00008""","=""170h""","=""9.74e+06""",,"=""191156.624""","=""240826.462""","=""5s2.5p4.(3P<1>).4f""","=""2[4]*""","=""7/2""","=""5s2.5p4.(3P<1>).5g""","=""2[4]""","=""7/2""",8,8,,"=""T8611""","=""L14869""",
Cs,3,"=""202.09176""","=""0.00008""","=""202.09176""","=""0.00007""","=""18000""","=""3.55e+08""",,"=""136693.500""","=""186160.020""","=""5s2.5p4.(3P<1>).5d""","=""2[1]""","=""3/2""","=""5s2.5p4.(3P<1>).4f""","=""2[2]*""","=""5/2""",4,6,,"=""T8611""","=""L14869""",
Cs,3,"=""202.2323""","=""0.0002""","=""202.23231""","=""0.00004""","=""2400""","=""1.11e+07""",,"=""148575.860""","=""198008.006""","=""5s2.5p4.(3P<1>).6s""","=""2[1]""","=""3/2""","=""5s2.5p4.(3P<1>).4f""","=""2[3]*""","=""5/2""",4,6,,"=""T8611""","=""L14869""",
Cs,3,"=""202.2444""","=""0.0003""","=""202.24467""","=""0.00005""","=""470""","=""2.18e+06""",,"=""153011.345""","=""202440.470""","=""5s2.5p4.(1D<2>).5d""","=""2[3]""","=""7/2""","=""5s2.5p4.(1D<2>).4f""","=""2[3]*""","=""5/2""",8,6,,"=""T8611""","=""L14869""",
Cs,3,"=""202.3077""","=""0.0002""","=""202.30781""","=""0.00017""","=""1200""","=""2.62e+08""",,"=""191156.624""","=""240570.325""","=""5s2.5p4.(3P<1>).4f""","=""2[4]*""","=""7/2""","=""5s2.5p4.(3P<1>).5g""","=""2[5]""","=""9/2""",8,10,,"=""T8611""","=""L14869""",
Cs,3,"=""202.3160""","=""0.0002""","=""202.31620""","=""0.00007""","=""3000""","=""2.60e+07""",,"=""178508.625""","=""227920.278""","=""5s2.5p4.(3P<1>).6p""","=""2[1]*""","=""1/2""","=""5s2.5p4.(3P<2>).5g""","=""2[2]""","=""3/2""",2,4,,"=""T8611""","=""L14869""",
Cs,3,"=""202.3559""","=""0.0003""","=""202.35591""","=""0.00013""","=""420""","=""4.33e+06""",,"=""178508.625""","=""227910.582""","=""5s2.5p4.(3P<1>).6p""","=""2[1]*""","=""1/2""","=""5s2.5p4.(3P<2>).7d""","=""2[1]""","=""3/2""",2,4,,"=""T8611""","=""L14869""",
Cs,3,"=""202.89939""","=""0.00007""","=""202.89938""","=""0.00004""","=""19000""","=""2.50e+08""",,"=""121065.660""","=""170335.312""","=""5s2.5p4.(3P<2>).5d""","=""2[2]""","=""3/2""","=""5s2.5p4.(3P<2>).4f""","=""2[2]*""","=""3/2""",4,4,,"=""T8611""","=""L14869""",
Cs,3,"=""202.9867""","=""0.0016""","=""202.98668""","=""0.00006""","=""11000bl""","=""6.80e+07""",,"=""135081.058""","=""184329.523""","=""5s2.5p4.(3P<1>).5d""","=""2[3]""","=""5/2""","=""5s2.5p4.(3P<0>).4f""","=""2[3]*""","=""5/2""",6,6,,"=""T8611""","=""L14869""",
Cs,3,"=""202.98974""","=""0.00010""","=""202.98980""","=""0.00004""","=""25000p""","=""1.86e+08""",,"=""135081.058""","=""184328.767""","=""5s2.5p4.(3P<1>).5d""","=""2[3]""","=""5/2""","=""5s2.5p4.(3P<0>).4f""","=""2[3]*""","=""7/2""",6,8,,"=""T8611""","=""L14869""",
Cs,3,"=""203.00129""","=""0.00006""","=""203.00132""","=""0.00004""","=""9000""","=""3.00e+08""",,"=""150093.899""","=""199338.813""","=""5s2.5p4.(1D<2>).5d""","=""2[3]""","=""5/2""","=""5s2.5p4.(1D<2>).4f""","=""2[4]*""","=""7/2""",6,8,,"=""T8611""","=""L14869""",
Cs,3,"=""203.02393""","=""0.00008""","=""203.02394""","=""0.00004""","=""7200""","=""4.20e+08""",,"=""133265.831""","=""182505.260""","=""5s2.5p4.(3P<1>).5d""","=""2[1]""","=""1/2""","=""5s2.5p4.(3P<1>).4f""","=""2[2]*""","=""3/2""",2,4,,"=""T8611""","=""L14869""",
Cs,3,"=""203.3701""","=""0.0002""","=""203.37003""","=""0.00007""","=""3200""","=""5.95e+07""",,"=""178764.633""","=""227920.278""","=""5s2.5p4.(3P<2>).4f""","=""2[1]*""","=""3/2""","=""5s2.5p4.(3P<2>).5g""","=""2[2]""","=""3/2""",4,4,,"=""T8611""","=""L14869""",
Cs,3,"=""203.4099""","=""0.0002""","=""203.41016""","=""0.00013""","=""370""","=""4.10e+05""",,"=""178764.633""","=""227910.582""","=""5s2.5p4.(3P<2>).4f""","=""2[1]*""","=""3/2""","=""5s2.5p4.(3P<2>).7d""","=""2[1]""","=""3/2""",4,4,,"=""T8611""","=""L14869""",
Cs,3,"=""203.5110""","=""0.0003""","=""203.51101""","=""0.00005""","=""420000""","=""6.25e+08""",,"=""125926.848""","=""175048.447""","=""5s2.5p4.(3P<2>).5d""","=""2[4]""","=""9/2""","=""5s2.5p4.(3P<2>).4f""","=""2[5]*""","=""11/2""",10,12,,"=""T8611""","=""L14869""",
Cs,3,"=""203.6036""","=""0.0003""","=""203.60354""","=""0.00004""","=""480""","=""4.91e+06""",,"=""176394.478""","=""225493.754""","=""5s2.5p4.(3P<2>).4f""","=""2[5]*""","=""9/2""","=""5s2.5p4.(3P<2>).7d""","=""2[4]""","=""7/2""",10,8,,"=""T8611""","=""L14869""",
Cs,3,"=""203.6468""","=""0.0004""","=""203.64662""","=""0.00005""","=""2400""","=""1.15e+06""",,"=""142067.732""","=""191156.624""","=""5s2.5p4.(3P<1>).5d""","=""2[2]""","=""5/2""","=""5s2.5p4.(3P<1>).4f""","=""2[4]*""","=""7/2""",6,8,,"=""T8611""","=""L14869""",
Cs,3,"=""204.15262""","=""0.00014""","=""204.15257""","=""0.00004""","=""2400""","=""3.78e+07""",,"=""122346.271""","=""171313.524""","=""5s2.5p4.(3P<2>).5d""","=""2[1]""","=""1/2""","=""5s2.5p4.(3P<0>).6p""","=""2[1]*""","=""1/2""",2,2,,"=""T8611""","=""L14869""",
Cs,3,"=""204.3335""","=""0.0003""","=""204.33318""","=""0.00007""","=""100""","=""1.16e+05""",,"=""176394.478""","=""225318.454""","=""5s2.5p4.(3P<2>).4f""","=""2[5]*""","=""9/2""","=""5s2.5p4.(3P<2>).7d""","=""2[4]""","=""9/2""",10,10,,"=""T8611""","=""L14869""",
Cs,3,"=""204.6313""","=""0.0003""","=""204.63134""","=""0.00007""","=""350""","=""3.33e+06""",,"=""179067.577""","=""227920.278""","=""5s2.5p4.(3P<2>).4f""","=""2[2]*""","=""5/2""","=""5s2.5p4.(3P<2>).5g""","=""2[2]""","=""3/2""",6,4,,"=""T8611""","=""L14869""",
Cs,3,"=""204.8152""","=""0.0003""","=""204.81540""","=""0.00004""","=""3000h""","=""9.68e+06""",,"=""137785.195""","=""186593.999""","=""5s2.5p4.(3P<1>).5d""","=""2[3]""","=""7/2""","=""5s2.5p4.(1D<2>).6p""","=""2[2]*""","=""5/2""",8,6,,"=""T8611""","=""L14869""",
Cs,3,"=""205.1759""","=""0.0003""","=""205.17563""","=""0.00004""","=""1800""","=""2.18e+06""",,"=""160991.868""","=""209714.989""","=""5s2.5p4.(1D<2>).5d""","=""2[1]""","=""3/2""","=""5s2.5p4.(3P<2>).7p""","=""2[3]*""","=""5/2""",4,6,,"=""T8611""","=""L14869""",
Cs,3,"=""205.2296""","=""0.0003""","=""205.22984""","=""0.00003""","=""25""","=""1.43e+06""",,"=""176281.761""","=""224992.013""","=""5s2.5p4.(3P<1>).6p""","=""2[2]*""","=""5/2""","=""5s2.5p4.(3P<2>).7d""","=""2[3]""","=""7/2""",6,8,,"=""T8611""","=""L14869""",
Cs,3,"=""205.2592""","=""0.0003""","=""205.25893""","=""0.00005""","=""10000""","=""2.61e+08""",,"=""179067.577""","=""227770.928""","=""5s2.5p4.(3P<2>).4f""","=""2[2]*""","=""5/2""","=""5s2.5p4.(3P<2>).5g""","=""2[3]""","=""7/2""",6,8,,"=""T8611""","=""L14869""",
Cs,3,"=""205.2725""","=""0.0003""","=""205.27251""","=""0.00013""","=""25""","=""3.78e+06""",,"=""176640.903""","=""225341.032""","=""5s2.5p4.(3P<2>).4f""","=""2[1]*""","=""1/2""","=""5s2.5p4.(3P<2>).7d""","=""2[1]""","=""1/2""",2,2,,"=""T8611""","=""L14869""",
Cs,3,"=""205.52427""","=""0.00009""","=""205.52434""","=""0.00003""","=""19000""","=""8.11e+07""",,"=""135081.058""","=""183721.523""","=""5s2.5p4.(3P<1>).5d""","=""2[3]""","=""5/2""","=""5s2.5p4.(1D<2>).6p""","=""2[3]*""","=""7/2""",6,8,,"=""T8611""","=""L14869""",
Cs,3,"=""205.64267""","=""0.00006""","=""205.64269""","=""0.00004""","=""72000""","=""2.20e+08""",,"=""120425.101""","=""169037.575""","=""5s2.5p4.(3P<2>).5d""","=""2[2]""","=""5/2""","=""5s2.5p4.(3P<2>).4f""","=""2[3]*""","=""5/2""",6,6,,"=""T8611""","=""L14869""",
Cs,3,"=""205.77301""","=""0.00006""","=""205.77309""","=""0.00006""","=""41000""","=""4.80e+08""",,"=""135747.850""","=""184329.523""","=""5s2.5p4.(3P<0>).5d""","=""2[2]""","=""3/2""","=""5s2.5p4.(3P<0>).4f""","=""2[3]*""","=""5/2""",4,6,,"=""T8611""","=""L14869""",
Cs,3,"=""205.86045""","=""0.00005""","=""205.86040""","=""0.00007""","=""33000""","=""4.03e+08""",,"=""140794.613""","=""189355.684""","=""5s2.5p4.(3P<1>).5d""","=""2[2]""","=""3/2""","=""5s2.5p4.(1D<2>).4f""","=""2[2]*""","=""5/2""",4,6,,"=""T8611""","=""L14869""",
Cs,3,"=""206.3030""","=""0.0003""","=""206.30295""","=""0.00003""","=""290""","=""9.32e+06""",,"=""160647.193""","=""209104.107""","=""5s2.5p4.(3P<2>).6p""","=""2[2]*""","=""3/2""","=""5s2.5p4.(3P<0>).6d""","=""2[2]""","=""5/2""",4,6,,"=""T8611""","=""L14869""",
Cs,3,"=""206.5959""","=""0.0003""","=""206.59593""","=""0.00003""","=""1800""","=""5.43e+06""",,"=""135081.058""","=""183469.263""","=""5s2.5p4.(3P<1>).5d""","=""2[3]""","=""5/2""","=""5s2.5p4.(1D<2>).6p""","=""2[1]*""","=""3/2""",6,4,,"=""T8611""","=""L14869""",
Cs,3,"=""206.6530""","=""0.0003""","=""206.65308""","=""0.00008""","=""1200""","=""1.43e+06""",,"=""137785.195""","=""186160.020""","=""5s2.5p4.(3P<1>).5d""","=""2[3]""","=""7/2""","=""5s2.5p4.(3P<1>).4f""","=""2[2]*""","=""5/2""",8,6,,"=""T8611""","=""L14869""",
Cs,3,"=""207.0167""","=""0.0003""","=""207.01678""","=""0.00013""","=""1200h""","=""1.92e+07""",,"=""144591.760""","=""192881.607""","=""5s2.5p4.(3P<0>).5d""","=""2[2]""","=""5/2""","=""5s2.5p4.(1D<2>).4f""","=""2[1]*""","=""3/2""",6,4,,"=""T8611""","=""L14869""",
Cs,3,"=""207.16655""","=""0.00006""","=""207.16656""","=""0.00004""","=""9000""","=""1.97e+07""",,"=""120782.636""","=""169037.575""","=""5s2.5p4.(3P<2>).5d""","=""2[3]""","=""7/2""","=""5s2.5p4.(3P<2>).4f""","=""2[3]*""","=""5/2""",8,6,,"=""T8611""","=""L14869""",
Cs,3,"=""207.3950""","=""0.0004""","=""207.39519""","=""0.00005""","=""2400""","=""6.93e+05""",,"=""133343.034""","=""181544.785""","=""5s2.5p4.(3P<2>).6s""","=""2[2]""","=""5/2""","=""5s2.5p4.(1D<2>).6p""","=""2[3]*""","=""5/2""",6,6,,"=""T8611""","=""L14869""",
Cs,3,"=""207.4473""","=""0.0003""","=""207.44717""","=""0.00005""","=""3100""","=""1.61e+07""",,"=""164489.795""","=""212679.469""","=""5s2.5p4.(1D<2>).5d""","=""2[2]""","=""3/2""","=""5s2.5p4.(3P<2>).5f""","=""2[2]*""","=""5/2""",4,6,,"=""T8611""","=""L14869""",
Cs,3,"=""207.64340""","=""0.00006""","=""207.64334""","=""0.00003""","=""200000""","=""3.94e+08""",,"=""120425.101""","=""168569.255""","=""5s2.5p4.(3P<2>).5d""","=""2[2]""","=""5/2""","=""5s2.5p4.(3P<2>).4f""","=""2[3]*""","=""7/2""",6,8,,"=""T8611""","=""L14869""",
Cs,3,"=""207.7059""","=""0.0004""","=""207.70582""","=""0.00004""","=""8300""","=""7.58e+06""",,"=""138464.327""","=""186593.999""","=""5s2.5p4.(3P<2>).5d""","=""2[3]""","=""5/2""","=""5s2.5p4.(1D<2>).6p""","=""2[2]*""","=""5/2""",6,6,,"=""T8611""","=""L14869""",
Cs,3,"=""207.72979""","=""0.00007""","=""207.72978""","=""0.00004""","=""320000""","=""4.87e+08""",,"=""120782.636""","=""168906.759""","=""5s2.5p4.(3P<2>).5d""","=""2[3]""","=""7/2""","=""5s2.5p4.(3P<2>).4f""","=""2[4]*""","=""9/2""",8,10,,"=""T8611""","=""L14869""",
Cs,3,"=""208.0480""","=""0.0003""","=""208.04800""","=""0.00004""","=""500h""","=""5.98e+06""",,"=""138543.477""","=""186593.999""","=""5s2.5p4.(3P<2>).6s""","=""2[2]""","=""3/2""","=""5s2.5p4.(1D<2>).6p""","=""2[2]*""","=""5/2""",4,6,,"=""T8611""","=""L14869""",
Cs,3,"=""208.31457""","=""0.00010""","=""208.31458""","=""0.00005""","=""72000""","=""2.85e+08""",,"=""122346.271""","=""170335.312""","=""5s2.5p4.(3P<2>).5d""","=""2[1]""","=""1/2""","=""5s2.5p4.(3P<2>).4f""","=""2[2]*""","=""3/2""",2,4,,"=""T8611""","=""L14869""",
Cs,3,"=""208.38896""","=""0.00005""","=""208.38896""","=""0.00004""","=""130000""","=""3.25e+08""",,"=""121065.660""","=""169037.575""","=""5s2.5p4.(3P<2>).5d""","=""2[2]""","=""3/2""","=""5s2.5p4.(3P<2>).4f""","=""2[3]*""","=""5/2""",4,6,,"=""T8611""","=""L14869""",
Cs,3,"=""208.41759""","=""0.00006""","=""208.41762""","=""0.00003""","=""4200""","=""7.55e+06""",,"=""120425.101""","=""168390.420""","=""5s2.5p4.(3P<2>).5d""","=""2[2]""","=""5/2""","=""5s2.5p4.(3P<2>).6p""","=""2[1]*""","=""3/2""",6,4,,"=""T8611""","=""L14869""",
Cs,3,"=""208.64033""","=""0.00019""","=""208.64041""","=""0.00004""","=""8300""","=""1.13e+07""",,"=""150093.899""","=""198008.006""","=""5s2.5p4.(1D<2>).5d""","=""2[3]""","=""5/2""","=""5s2.5p4.(3P<1>).4f""","=""2[3]*""","=""5/2""",6,6,,"=""T8611""","=""L14869""",
Cs,3,"=""208.86780""","=""0.00006""","=""208.86780""","=""0.00004""","=""250000""","=""6.09e+08""",,"=""128532.528""","=""176394.478""","=""5s2.5p4.(3P<2>).5d""","=""2[4]""","=""7/2""","=""5s2.5p4.(3P<2>).4f""","=""2[5]*""","=""9/2""",8,10,,"=""T8611""","=""L14869""",
Cs,3,"=""209.1188""","=""0.0003""","=""209.11869""","=""0.00008""","=""75""","=""4.44e+06""",,"=""160647.193""","=""208451.728""","=""5s2.5p4.(3P<2>).6p""","=""2[2]*""","=""3/2""","=""5s2.5p4.(3P<0>).7s""","=""2[0]""","=""1/2""",4,2,,"=""T8611""","=""L14869""",
Cs,3,"=""209.19705""","=""0.00008""","=""209.19710""","=""0.00003""","=""96000""","=""1.50e+08""",,"=""120782.636""","=""168569.255""","=""5s2.5p4.(3P<2>).5d""","=""2[3]""","=""7/2""","=""5s2.5p4.(3P<2>).4f""","=""2[3]*""","=""7/2""",8,8,,"=""T8611""","=""L14869""",
Cs,3,"=""209.2333""","=""0.0003""","=""209.23341""","=""0.00005""","=""25""","=""3.05e+06""",,"=""163525.805""","=""211304.133""","=""5s2.5p4.(3P<2>).6p""","=""2[1]*""","=""1/2""","=""5s2.5p4.(3P<1>).7s""","=""2[1]""","=""3/2""",2,4,,"=""T8611""","=""L14869""",
Cs,3,"=""209.36084""","=""0.00015""","=""209.36091""","=""0.00003""","=""7800""","=""2.70e+07""",,"=""128532.528""","=""176281.761""","=""5s2.5p4.(3P<2>).5d""","=""2[4]""","=""7/2""","=""5s2.5p4.(3P<1>).6p""","=""2[2]*""","=""5/2""",8,6,,"=""T8611""","=""L14869""",
Cs,3,"=""209.4505""","=""0.0003""","=""209.45026""","=""0.00006""","=""75""","=""4.30e+05""",,"=""160991.868""","=""208720.735""","=""5s2.5p4.(1D<2>).5d""","=""2[1]""","=""3/2""","=""5s2.5p4.(3P<2>).7p""","=""2[1]*""","=""3/2""",4,4,,"=""T8611""","=""L14869""",
Cs,3,"=""209.4829""","=""0.0003""","=""209.48298""","=""0.00003""","=""2400""","=""7.08e+06""",,"=""135747.850""","=""183469.263""","=""5s2.5p4.(3P<0>).5d""","=""2[2]""","=""3/2""","=""5s2.5p4.(1D<2>).6p""","=""2[1]*""","=""3/2""",4,4,,"=""T8611""","=""L14869""",
Cs,3,"=""209.5960""","=""0.0003""","=""209.59596""","=""0.00008""","=""25""","=""1.45e+05""",,"=""138464.327""","=""186160.020""","=""5s2.5p4.(3P<2>).5d""","=""2[3]""","=""5/2""","=""5s2.5p4.(3P<1>).4f""","=""2[2]*""","=""5/2""",6,6,,"=""T8611""","=""L14869""",
Cs,3,"=""209.7460""","=""0.0003""","=""209.74604""","=""0.00005""","=""1000""","=""3.10e+06""",,"=""138464.327""","=""186125.895""","=""5s2.5p4.(3P<2>).5d""","=""2[3]""","=""5/2""","=""5s2.5p4.(1D<2>).6p""","=""2[2]*""","=""3/2""",6,4,,"=""T8611""","=""L14869""",
Cs,3,"=""209.8584""","=""0.0002""","=""209.85853""","=""0.00006""","=""3000""","=""3.42e+07""",,"=""136693.500""","=""184329.523""","=""5s2.5p4.(3P<1>).5d""","=""2[1]""","=""3/2""","=""5s2.5p4.(3P<0>).4f""","=""2[3]*""","=""5/2""",4,6,,"=""T8611""","=""L14869""",
Cs,3,"=""209.94445""","=""0.00020""","=""209.94440""","=""0.00008""","=""3600""","=""5.03e+07""",,"=""138543.477""","=""186160.020""","=""5s2.5p4.(3P<2>).6s""","=""2[2]""","=""3/2""","=""5s2.5p4.(3P<1>).4f""","=""2[2]*""","=""5/2""",4,6,,"=""T8611""","=""L14869""",
Cs,3,"=""210.0953""","=""0.0003""","=""210.09498""","=""0.00005""","=""75""","=""1.07e+05""",,"=""138543.477""","=""186125.895""","=""5s2.5p4.(3P<2>).6s""","=""2[2]""","=""3/2""","=""5s2.5p4.(1D<2>).6p""","=""2[2]*""","=""3/2""",4,4,,"=""T8611""","=""L14869""",
Cs,3,"=""210.1255""","=""0.0004""","=""210.12512""","=""0.00004""","=""100p""","=""4.75e+05""",,"=""163930.957""","=""211506.551""","=""5s2.5p4.(3P<2>).6p""","=""2[3]*""","=""7/2""","=""5s2.5p4.(3P<1>).6d""","=""2[3]""","=""7/2""",8,8,,"=""T8611""","=""L14869""",
Cs,3,"=""210.16308""","=""0.00008""","=""210.16304""","=""0.00006""","=""130000""","=""5.86e+08""",,"=""137785.195""","=""185352.206""","=""5s2.5p4.(3P<1>).5d""","=""2[3]""","=""7/2""","=""5s2.5p4.(3P<1>).4f""","=""2[4]*""","=""9/2""",8,10,,"=""T8611""","=""L14869""",
Cs,3,"=""210.2986""","=""0.0003""","=""210.29849""","=""0.00006""","=""7600D""","=""3.36e+07""",,"=""140794.613""","=""188330.992""","=""5s2.5p4.(3P<1>).5d""","=""2[2]""","=""3/2""","=""5s2.5p4.(1D<2>).6p""","=""2[1]*""","=""1/2""",4,2,,"=""T8611""","=""L14869""",
Cs,3,"=""210.7332""","=""0.0004""","=""210.73278""","=""0.00014""","=""75h""","=""8.25e+05""",,"=""145443.182""","=""192881.607""","=""5s2.5p4.(3P<0>).6s""","=""2[0]""","=""1/2""","=""5s2.5p4.(1D<2>).4f""","=""2[1]*""","=""3/2""",2,4,,"=""T8611""","=""L14869""",
Cs,3,"=""210.8794""","=""0.0003""","=""210.8790""","=""0.0003""","=""750""","=""3.62e+06""",,"=""173069.797""","=""220475.332""","=""5s2.5p4.(3P<1>).6p""","=""2[0]*""","=""1/2""","=""5s2.5p4.(1D<2>).6d""","=""2[0]""","=""1/2""",2,2,,"=""T8611""","=""L14869""",
Cs,3,"=""210.92476""","=""0.00006""","=""210.92473""","=""0.00003""","=""22000""","=""7.41e+07""",,"=""133343.034""","=""180738.292""","=""5s2.5p4.(3P<2>).6s""","=""2[2]""","=""5/2""","=""5s2.5p4.(3P<2>).4f""","=""2[4]*""","=""7/2""",6,8,,"=""T8611""","=""L14869""",
Cs,3,"=""211.0136""","=""0.0009""","=""211.01365""","=""0.00014""","=""150p""","=""2.47e+06""",,"=""164489.795""","=""211865.083""","=""5s2.5p4.(1D<2>).5d""","=""2[2]""","=""3/2""","=""5s2.5p4.(3P<2>).5f""","=""2[1]*""","=""1/2""",4,2,,"=""T8611""","=""L14869""",
Cs,3,"=""211.03034""","=""0.00004""","=""211.03032""","=""0.00004""","=""33000""","=""4.58e+08""",,"=""142067.732""","=""189439.279""","=""5s2.5p4.(3P<1>).5d""","=""2[2]""","=""5/2""","=""5s2.5p4.(3P<1>).4f""","=""2[3]*""","=""7/2""",6,8,,"=""T8611""","=""L14869""",
Cs,3,"=""211.2389""","=""0.0003""","=""211.23898""","=""0.00003""","=""700""","=""8.28e+04""",,"=""121065.660""","=""168390.420""","=""5s2.5p4.(3P<2>).5d""","=""2[2]""","=""3/2""","=""5s2.5p4.(3P<2>).6p""","=""2[1]*""","=""3/2""",4,4,,"=""T8611""","=""L14869""",
Cs,3,"=""211.4044""","=""0.0016""","=""211.40342""","=""0.00007""","=""3000bl""","=""1.67e+07""",,"=""142067.732""","=""189355.684""","=""5s2.5p4.(3P<1>).5d""","=""2[2]""","=""5/2""","=""5s2.5p4.(1D<2>).4f""","=""2[2]*""","=""5/2""",6,6,,"=""T8611""","=""L14869""",
Cs,3,"=""211.41617""","=""0.00006""","=""211.41618""","=""0.00004""","=""56000""","=""3.37e+08""",,"=""131782.478""","=""179067.577""","=""5s2.5p4.(3P<2>).5d""","=""2[1]""","=""3/2""","=""5s2.5p4.(3P<2>).4f""","=""2[2]*""","=""5/2""",4,6,,"=""T8611""","=""L14869""",
Cs,3,"=""211.9507""","=""0.0003""","=""211.95065""","=""0.00005""","=""1000""","=""3.15e+06""",,"=""164489.795""","=""211655.671""","=""5s2.5p4.(1D<2>).5d""","=""2[2]""","=""3/2""","=""5s2.5p4.(3P<2>).7p""","=""2[2]*""","=""3/2""",4,4,,"=""T8611""","=""L14869""",
Cs,3,"=""212.13627""","=""0.00020""","=""212.13631""","=""0.00010""","=""4000""","=""4.07e+07""",,"=""171189.785""","=""218314.386""","=""5s2.5p4.(1S<0>).5d""","=""2[2]""","=""5/2""","=""5s2.5p4.(1S<0>).4f""","=""2[3]*""","=""5/2""",6,6,,"=""T8611""","=""L14869""",
Cs,3,"=""212.4378""","=""0.0003""","=""212.43746""","=""0.00004""","=""75""","=""2.00e+06""",,"=""177921.836""","=""224979.641""","=""5s2.5p4.(3P<1>).6p""","=""2[1]*""","=""3/2""","=""5s2.5p4.(3P<2>).7d""","=""2[2]""","=""5/2""",4,6,,"=""T8611""","=""L14869""",
Cs,3,"=""212.4823""","=""0.0003""","=""212.48214""","=""0.00012""","=""2200D""","=""7.23e+06""",,"=""165835.434""","=""212883.345""","=""5s2.5p4.(1D<2>).5d""","=""2[1]""","=""1/2""","=""5s2.5p4.(3P<2>).5f""","=""2[1]*""","=""3/2""",2,4,,"=""T8611""","=""L14869""",
Cs,3,"=""212.77954""","=""0.00004""","=""212.77956""","=""0.00003""","=""13000""","=""1.08e+08""",,"=""131782.478""","=""178764.633""","=""5s2.5p4.(3P<2>).5d""","=""2[1]""","=""3/2""","=""5s2.5p4.(3P<2>).4f""","=""2[1]*""","=""3/2""",4,4,,"=""T8611""","=""L14869""",
Cs,3,"=""213.1425""","=""0.0002""","=""213.14251""","=""0.00006""","=""9300""","=""3.09e+08""",,"=""180738.292""","=""227640.453""","=""5s2.5p4.(3P<2>).4f""","=""2[4]*""","=""7/2""","=""5s2.5p4.(3P<2>).5g""","=""2[4]""","=""9/2""",8,10,,"=""T8611""","=""L14869""",
Cs,3,"=""213.19880""","=""0.00008""","=""213.19874""","=""0.00011""","=""78000""","=""5.35e+08""",,"=""144535.128""","=""191424.921""","=""5s2.5p4.(1D<2>).5d""","=""2[4]""","=""7/2""","=""5s2.5p4.(1D<2>).4f""","=""2[5]*""","=""9/2""",8,10,,"=""T8611""","=""L14869""",
Cs,3,"=""213.2552""","=""0.0003""","=""213.25525""","=""0.00003""","=""780""","=""2.89e+07""",,"=""180738.292""","=""227615.662""","=""5s2.5p4.(3P<2>).4f""","=""2[4]*""","=""7/2""","=""5s2.5p4.(3P<2>).5g""","=""2[5]""","=""9/2""",8,10,,"=""T8611""","=""L14869""",
Cs,3,"=""213.3719""","=""0.0003""","=""213.37178""","=""0.00003""","=""1600""","=""5.67e+06""",,"=""162863.218""","=""209714.989""","=""5s2.5p4.(1D<2>).5d""","=""2[2]""","=""5/2""","=""5s2.5p4.(3P<2>).7p""","=""2[3]*""","=""5/2""",6,6,,"=""T8611""","=""L14869""",
Cs,3,"=""213.7184""","=""0.0003""","=""213.71853""","=""0.00003""","=""3600""","=""1.59e+07""",,"=""136693.500""","=""183469.263""","=""5s2.5p4.(3P<1>).5d""","=""2[1]""","=""3/2""","=""5s2.5p4.(1D<2>).6p""","=""2[1]*""","=""3/2""",4,4,,"=""T8611""","=""L14869""",
Cs,3,"=""213.8024""","=""0.0002""","=""213.80243""","=""0.00005""","=""2400""","=""2.08e+07""",,"=""135747.850""","=""182505.260""","=""5s2.5p4.(3P<0>).5d""","=""2[2]""","=""3/2""","=""5s2.5p4.(3P<1>).4f""","=""2[2]*""","=""3/2""",4,4,,"=""T8611""","=""L14869""",
Cs,3,"=""213.9454""","=""0.0002""","=""213.94550""","=""0.00003""","=""2400""","=""1.97e+07""",,"=""131782.478""","=""178508.625""","=""5s2.5p4.(3P<2>).5d""","=""2[1]""","=""3/2""","=""5s2.5p4.(3P<1>).6p""","=""2[1]*""","=""1/2""",4,2,,"=""T8611""","=""L14869""",
Cs,3,"=""214.13775""","=""0.00005""","=""214.13772""","=""0.00007""","=""49000""","=""5.33e+08""",,"=""153011.345""","=""199695.552""","=""5s2.5p4.(1D<2>).5d""","=""2[3]""","=""7/2""","=""5s2.5p4.(1D<2>).4f""","=""2[4]*""","=""9/2""",8,10,,"=""T8611""","=""L14869""",
Cs,3,"=""214.14665""","=""0.00006""","=""214.14663""","=""0.00007""","=""120000""","=""5.35e+08""",,"=""144868.730""","=""191550.995""","=""5s2.5p4.(1D<2>).5d""","=""2[4]""","=""9/2""","=""5s2.5p4.(1D<2>).4f""","=""2[5]*""","=""11/2""",10,12,,"=""T8611""","=""L14869""",
Cs,3,"=""214.4258""","=""0.0003""","=""214.42579""","=""0.00009""","=""250""","=""5.66e+06""",,"=""144535.128""","=""191156.624""","=""5s2.5p4.(1D<2>).5d""","=""2[4]""","=""7/2""","=""5s2.5p4.(3P<1>).4f""","=""2[4]*""","=""7/2""",8,8,,"=""T8611""","=""L14869""",
Cs,3,"=""214.68657""","=""0.00006""","=""214.68661""","=""0.00006""","=""49000""","=""4.55e+08""",,"=""144591.760""","=""191156.624""","=""5s2.5p4.(3P<0>).5d""","=""2[2]""","=""5/2""","=""5s2.5p4.(3P<1>).4f""","=""2[4]*""","=""7/2""",6,8,,"=""T8611""","=""L14869""",
Cs,3,"=""214.7267""","=""0.0005""","=""214.72661""","=""0.00010""","=""25000p""","=""2.62e+07""",,"=""144868.730""","=""191424.921""","=""5s2.5p4.(1D<2>).5d""","=""2[4]""","=""9/2""","=""5s2.5p4.(1D<2>).4f""","=""2[5]*""","=""9/2""",10,10,,"=""T8611""","=""L14869""",
Cs,3,"=""214.7846""","=""0.0003""","=""214.78483""","=""0.00005""","=""2400""","=""8.90e+06""",,"=""137785.195""","=""184328.767""","=""5s2.5p4.(3P<1>).5d""","=""2[3]""","=""7/2""","=""5s2.5p4.(3P<0>).4f""","=""2[3]*""","=""7/2""",8,8,,"=""T8611""","=""L14869""",
Cs,3,"=""215.1541""","=""0.0003""","=""215.15396""","=""0.00005""","=""410bl,h*""","=""8.07e+00""",,"=""135081.058""","=""181544.785""","=""5s2.5p4.(3P<1>).5d""","=""2[3]""","=""5/2""","=""5s2.5p4.(1D<2>).6p""","=""2[3]*""","=""5/2""",6,6,,"=""T8611""","=""L14869""",
Cs,3,"=""215.1541""","=""0.0003""","=""215.1541""","=""0.0003""","=""410bl,h*""","=""4.47e+06""",,"=""175738.571""","=""222202.260""","=""5s2.5p4.(3P<1>).6p""","=""2[2]*""","=""3/2""","=""5s2.5p4.(1D<2>).6d""","=""2[1]""","=""1/2""",4,2,,"=""T8611""","=""L14869""",
Cs,3,"=""215.70321""","=""0.00003""","=""215.70317""","=""0.00004""","=""17000D""","=""1.93e+08""",,"=""132419.196""","=""178764.633""","=""5s2.5p4.(3P<2>).5d""","=""2[0]""","=""1/2""","=""5s2.5p4.(3P<2>).4f""","=""2[1]*""","=""3/2""",2,4,,"=""T8611""","=""L14869""",
Cs,3,"=""215.7451""","=""0.0003""","=""215.74523""","=""0.00019""","=""50""","=""7.83e+06""",,"=""175738.571""","=""222074.975""","=""5s2.5p4.(3P<1>).6p""","=""2[2]*""","=""3/2""","=""5s2.5p4.(1D<2>).6d""","=""2[2]""","=""3/2""",4,4,,"=""T8611""","=""L14869""",
Cs,3,"=""215.7868""","=""0.0004""","=""215.78685""","=""0.00006""","=""1800""","=""1.08e+07""",,"=""153011.345""","=""199338.813""","=""5s2.5p4.(1D<2>).5d""","=""2[3]""","=""7/2""","=""5s2.5p4.(1D<2>).4f""","=""2[4]*""","=""7/2""",8,8,,"=""T8611""","=""L14869""",
Cs,3,"=""215.9060""","=""0.0003""","=""215.90597""","=""0.00012""","=""800""","=""1.04e+08""",,"=""191156.624""","=""237458.534""","=""5s2.5p4.(3P<1>).4f""","=""2[4]*""","=""7/2""","=""5s2.5p4.(3P<0>).5g""","=""2[4]""","=""9/2""",8,10,,"=""T8611""","=""L14869""",
Cs,3,"=""215.9713""","=""0.0003""","=""215.97136""","=""0.00007""","=""3000h""","=""6.71e+06""",,"=""144868.730""","=""191156.624""","=""5s2.5p4.(1D<2>).5d""","=""2[4]""","=""9/2""","=""5s2.5p4.(3P<1>).4f""","=""2[4]*""","=""7/2""",10,8,,"=""T8611""","=""L14869""",
Cs,3,"=""216.2602""","=""0.0005""","=""216.25989""","=""0.00006""","=""150h""","=""2.85e+06""",,"=""181544.785""","=""227770.928""","=""5s2.5p4.(1D<2>).6p""","=""2[3]*""","=""5/2""","=""5s2.5p4.(3P<2>).5g""","=""2[3]""","=""7/2""",6,8,,"=""T8611""","=""L14869""",
Cs,3,"=""216.3619""","=""0.0004""","=""216.36186""","=""0.00010""","=""6600""","=""5.44e+08""",,"=""171189.785""","=""217394.145""","=""5s2.5p4.(1S<0>).5d""","=""2[2]""","=""5/2""","=""5s2.5p4.(1S<0>).4f""","=""2[3]*""","=""7/2""",6,8,,"=""T8611""","=""L14869""",
Cs,3,"=""216.6667""","=""0.0004""","=""216.66671""","=""0.00003""","=""1800""","=""8.15e+06""",,"=""131782.478""","=""177921.836""","=""5s2.5p4.(3P<2>).5d""","=""2[1]""","=""3/2""","=""5s2.5p4.(3P<1>).6p""","=""2[1]*""","=""3/2""",4,4,,"=""T8611""","=""L14869""",
Cs,3,"=""216.9016""","=""0.0003""","=""216.90145""","=""0.00004""","=""1200h""","=""4.45e+07""",,"=""132419.196""","=""178508.625""","=""5s2.5p4.(3P<2>).5d""","=""2[0]""","=""1/2""","=""5s2.5p4.(3P<1>).6p""","=""2[1]*""","=""1/2""",2,2,,"=""T8611""","=""L14869""",
Cs,3,"=""217.0270""","=""0.0003""","=""217.02689""","=""0.00007""","=""130""","=""4.95e+06""",,"=""180738.292""","=""226801.085""","=""5s2.5p4.(3P<2>).4f""","=""2[4]*""","=""7/2""","=""5s2.5p4.(3P<2>).7d""","=""2[3]""","=""5/2""",8,6,,"=""T8611""","=""L14869""",
Cs,3,"=""217.1150""","=""0.0003""","=""217.11477""","=""0.00004""","=""25""","=""5.18e+05""",,"=""122346.271""","=""168390.420""","=""5s2.5p4.(3P<2>).5d""","=""2[1]""","=""1/2""","=""5s2.5p4.(3P<2>).6p""","=""2[1]*""","=""3/2""",2,4,,"=""T8611""","=""L14869""",
Cs,3,"=""217.6240""","=""0.0005""","=""217.62444""","=""0.00004""","=""750h""","=""6.58e+05""",,"=""137785.195""","=""183721.523""","=""5s2.5p4.(3P<1>).5d""","=""2[3]""","=""7/2""","=""5s2.5p4.(1D<2>).6p""","=""2[3]*""","=""7/2""",8,8,,"=""T8611""","=""L14869""",
Cs,3,"=""217.7395""","=""0.0003""","=""217.73946""","=""0.00005""","=""3000""","=""1.34e+04""",,"=""179067.577""","=""224979.641""","=""5s2.5p4.(3P<2>).4f""","=""2[2]*""","=""5/2""","=""5s2.5p4.(3P<2>).7d""","=""2[2]""","=""5/2""",6,6,,"=""T8611""","=""L14869""",
Cs,3,"=""217.8195""","=""0.0003""","=""217.81941""","=""0.00004""","=""500""","=""2.07e+05""",,"=""162863.218""","=""208758.432""","=""5s2.5p4.(1D<2>).5d""","=""2[2]""","=""5/2""","=""5s2.5p4.(3P<2>).7p""","=""2[2]*""","=""5/2""",6,6,,"=""T8611""","=""L14869""",
Cs,3,"=""217.96557""","=""0.00006""","=""217.96558""","=""0.00005""","=""37000""","=""2.73e+08""",,"=""138464.327""","=""184328.767""","=""5s2.5p4.(3P<2>).5d""","=""2[3]""","=""5/2""","=""5s2.5p4.(3P<0>).4f""","=""2[3]*""","=""7/2""",6,8,,"=""T8611""","=""L14869""",
Cs,3,"=""218.1760""","=""0.0004""","=""218.17587""","=""0.00009""","=""450h""","=""1.77e+05""",,"=""165835.434""","=""211655.671""","=""5s2.5p4.(1D<2>).5d""","=""2[1]""","=""1/2""","=""5s2.5p4.(3P<2>).7p""","=""2[2]*""","=""3/2""",2,4,,"=""T8611""","=""L14869""",
Cs,3,"=""218.21628""","=""0.00005""","=""218.21625""","=""0.00005""","=""9000""","=""1.22e+08""",,"=""136693.500""","=""182505.260""","=""5s2.5p4.(3P<1>).5d""","=""2[1]""","=""3/2""","=""5s2.5p4.(3P<1>).4f""","=""2[2]*""","=""3/2""",4,4,,"=""T8611""","=""L14869""",
Cs,3,"=""218.2751""","=""0.0003""","=""218.27521""","=""0.00004""","=""350h""","=""1.19e+07""",,"=""140794.613""","=""186593.999""","=""5s2.5p4.(3P<1>).5d""","=""2[2]""","=""3/2""","=""5s2.5p4.(1D<2>).6p""","=""2[2]*""","=""5/2""",4,6,,"=""T8611""","=""L14869""",
Cs,3,"=""218.6324""","=""0.0003""","=""218.63253""","=""0.00004""","=""15000h""","=""2.48e+07""",,"=""133343.034""","=""179067.577""","=""5s2.5p4.(3P<2>).6s""","=""2[2]""","=""5/2""","=""5s2.5p4.(3P<2>).4f""","=""2[2]*""","=""5/2""",6,6,,"=""T8611""","=""L14869""",
Cs,3,"=""218.95489""","=""0.00006""","=""218.95487""","=""0.00003""","=""46000""","=""2.49e+08""",,"=""135081.058""","=""180738.292""","=""5s2.5p4.(3P<1>).5d""","=""2[3]""","=""5/2""","=""5s2.5p4.(3P<2>).4f""","=""2[4]*""","=""7/2""",6,8,,"=""T8611""","=""L14869""",
Cs,3,"=""219.1327""","=""0.0003""","=""219.13263""","=""0.00006""","=""11000""","=""1.53e+07""",,"=""156820.269""","=""202440.470""","=""5s2.5p4.(1D<2>).6s""","=""2[2]""","=""3/2""","=""5s2.5p4.(1D<2>).4f""","=""2[3]*""","=""5/2""",4,6,,"=""T8611""","=""L14869""",
Cs,3,"=""219.6992""","=""0.0003""","=""219.69885""","=""0.00004""","=""500h""","=""1.53e+07""",,"=""132419.196""","=""177921.836""","=""5s2.5p4.(3P<2>).5d""","=""2[0]""","=""1/2""","=""5s2.5p4.(3P<1>).6p""","=""2[1]*""","=""3/2""",2,4,,"=""T8611""","=""L14869""",
Cs,3,"=""219.71739""","=""0.00004""","=""219.71738""","=""0.00004""","=""22000""","=""3.83e+06""",,"=""133265.831""","=""178764.633""","=""5s2.5p4.(3P<1>).5d""","=""2[1]""","=""1/2""","=""5s2.5p4.(3P<2>).4f""","=""2[1]*""","=""3/2""",2,4,,"=""T8611""","=""L14869""",
Cs,3,"=""220.06900""","=""0.00006""","=""220.06901""","=""0.00005""","=""18000""","=""2.06e+08""",,"=""150093.899""","=""195520.010""","=""5s2.5p4.(1D<2>).5d""","=""2[3]""","=""5/2""","=""5s2.5p4.(1D<2>).4f""","=""2[3]*""","=""7/2""",6,8,,"=""T8611""","=""L14869""",
Cs,3,"=""220.0905""","=""0.0004""","=""220.09087""","=""0.00004""","=""1000h""","=""3.25e+06""",,"=""133343.034""","=""178764.633""","=""5s2.5p4.(3P<2>).6s""","=""2[2]""","=""5/2""","=""5s2.5p4.(3P<2>).4f""","=""2[1]*""","=""3/2""",6,4,,"=""T8611""","=""L14869""",
Cs,3,"=""220.1692""","=""0.0003""","=""220.16978""","=""0.00015""","=""75""","=""1.40e+04""",,"=""182505.260""","=""227910.582""","=""5s2.5p4.(3P<1>).4f""","=""2[2]*""","=""3/2""","=""5s2.5p4.(3P<2>).7d""","=""2[1]""","=""3/2""",4,4,,"=""T8611""","=""L14869""",
Cs,3,"=""220.3635""","=""0.0003""","=""220.36352""","=""0.00008""","=""6900""","=""3.18e+06""",,"=""140794.613""","=""186160.020""","=""5s2.5p4.(3P<1>).5d""","=""2[2]""","=""3/2""","=""5s2.5p4.(3P<1>).4f""","=""2[2]*""","=""5/2""",4,6,,"=""T8611""","=""L14869""",
Cs,3,"=""220.5293""","=""0.0004""","=""220.52942""","=""0.00005""","=""7800h""","=""1.13e+07""",,"=""140794.613""","=""186125.895""","=""5s2.5p4.(3P<1>).5d""","=""2[2]""","=""3/2""","=""5s2.5p4.(1D<2>).6p""","=""2[2]*""","=""3/2""",4,4,,"=""T8611""","=""L14869""",
Cs,3,"=""220.8905""","=""0.0003""","=""220.89046""","=""0.00004""","=""2400""","=""1.04e+06""",,"=""138464.327""","=""183721.523""","=""5s2.5p4.(3P<2>).5d""","=""2[3]""","=""5/2""","=""5s2.5p4.(1D<2>).6p""","=""2[3]*""","=""7/2""",6,8,,"=""T8611""","=""L14869""",
Cs,3,"=""220.9357""","=""0.0003""","=""220.93584""","=""0.00009""","=""1000""","=""4.55e+07""",,"=""182505.260""","=""227753.161""","=""5s2.5p4.(3P<1>).4f""","=""2[2]*""","=""3/2""","=""5s2.5p4.(3P<2>).5g""","=""2[3]""","=""5/2""",4,6,,"=""T8611""","=""L14869""",
Cs,3,"=""220.96081""","=""0.00006""","=""220.96079""","=""0.00004""","=""7200""","=""7.20e+06""",,"=""133265.831""","=""178508.625""","=""5s2.5p4.(3P<1>).5d""","=""2[1]""","=""1/2""","=""5s2.5p4.(3P<1>).6p""","=""2[1]*""","=""1/2""",2,2,,"=""T8611""","=""L14869""",
Cs,3,"=""221.0470""","=""0.0003""","=""221.04678""","=""0.00004""","=""450""","=""2.40e+05""",,"=""164489.795""","=""209714.989""","=""5s2.5p4.(1D<2>).5d""","=""2[2]""","=""3/2""","=""5s2.5p4.(3P<2>).7p""","=""2[3]*""","=""5/2""",4,6,,"=""T8611""","=""L14869""",
Cs,3,"=""221.7938""","=""0.0003""","=""221.79376""","=""0.00009""","=""2500""","=""3.10e+07""",,"=""163525.805""","=""208598.702""","=""5s2.5p4.(3P<2>).6p""","=""2[1]*""","=""1/2""","=""5s2.5p4.(3P<0>).6d""","=""2[2]""","=""3/2""",2,4,,"=""T8611""","=""L14869""",
Cs,3,"=""221.9047""","=""0.0004""","=""221.90494""","=""0.00020""","=""50""","=""5.49e+06""",,"=""195520.010""","=""240570.325""","=""5s2.5p4.(1D<2>).4f""","=""2[3]*""","=""7/2""","=""5s2.5p4.(3P<1>).5g""","=""2[5]""","=""9/2""",8,10,,"=""T8611""","=""L14869""",
Cs,3,"=""222.1286""","=""0.0003""","=""222.12872""","=""0.00003""","=""20000""","=""1.56e+07""",,"=""138464.327""","=""183469.263""","=""5s2.5p4.(3P<2>).5d""","=""2[3]""","=""5/2""","=""5s2.5p4.(1D<2>).6p""","=""2[1]*""","=""3/2""",6,4,,"=""T8611""","=""L14869""",
Cs,3,"=""222.5200""","=""0.0003""","=""222.52010""","=""0.00003""","=""8000""","=""2.88e+06""",,"=""138543.477""","=""183469.263""","=""5s2.5p4.(3P<2>).6s""","=""2[2]""","=""3/2""","=""5s2.5p4.(1D<2>).6p""","=""2[1]*""","=""3/2""",4,4,,"=""T8611""","=""L14869""",
Cs,3,"=""222.6274""","=""0.0003""","=""222.62732""","=""0.00009""","=""740h""","=""7.75e+05""",,"=""144535.128""","=""189439.279""","=""5s2.5p4.(1D<2>).5d""","=""2[4]""","=""7/2""","=""5s2.5p4.(3P<1>).4f""","=""2[3]*""","=""7/2""",8,8,,"=""T8611""","=""L14869""",
Cs,3,"=""222.8544""","=""0.0002""","=""222.85428""","=""0.00004""","=""8600""","=""2.63e+07""",,"=""131782.478""","=""176640.903""","=""5s2.5p4.(3P<2>).5d""","=""2[1]""","=""3/2""","=""5s2.5p4.(3P<2>).4f""","=""2[1]*""","=""1/2""",4,2,,"=""T8611""","=""L14869""",
Cs,3,"=""222.88958""","=""0.00018""","=""222.88976""","=""0.00005""","=""30000""","=""2.58e+07""",,"=""136693.500""","=""181544.785""","=""5s2.5p4.(3P<1>).5d""","=""2[1]""","=""3/2""","=""5s2.5p4.(1D<2>).6p""","=""2[3]*""","=""5/2""",4,6,,"=""T8611""","=""L14869""",
Cs,3,"=""222.90852""","=""0.00007""","=""222.90848""","=""0.00005""","=""15000""","=""7.61e+06""",,"=""144591.760""","=""189439.279""","=""5s2.5p4.(3P<0>).5d""","=""2[2]""","=""5/2""","=""5s2.5p4.(3P<1>).4f""","=""2[3]*""","=""7/2""",6,8,,"=""T8611""","=""L14869""",
Cs,3,"=""223.1796""","=""0.0004""","=""223.17933""","=""0.00005""","=""180""","=""8.40e+06""",,"=""168390.420""","=""213183.517""","=""5s2.5p4.(3P<2>).6p""","=""2[1]*""","=""3/2""","=""5s2.5p4.(3P<1>).6d""","=""2[3]""","=""5/2""",4,6,,"=""T8611""","=""L14869""",
Cs,3,"=""223.3248""","=""0.0003""","=""223.32479""","=""0.00008""","=""12000""","=""3.83e+07""",,"=""144591.760""","=""189355.684""","=""5s2.5p4.(3P<0>).5d""","=""2[2]""","=""5/2""","=""5s2.5p4.(1D<2>).4f""","=""2[2]*""","=""5/2""",6,6,,"=""T8611""","=""L14869""",
Cs,3,"=""223.3676""","=""0.0004""","=""223.36702""","=""0.00004""","=""100""","=""1.28e+06""",,"=""180738.292""","=""225493.754""","=""5s2.5p4.(3P<2>).4f""","=""2[4]*""","=""7/2""","=""5s2.5p4.(3P<2>).7d""","=""2[4]""","=""7/2""",8,8,,"=""T8611""","=""L14869""",
Cs,3,"=""223.4589""","=""0.0003""","=""223.4604""","=""0.0004""","=""580""","=""8.95e+07""",,"=""175738.571""","=""220475.332""","=""5s2.5p4.(3P<1>).6p""","=""2[2]*""","=""3/2""","=""5s2.5p4.(1D<2>).6d""","=""2[0]""","=""1/2""",4,2,,"=""T8611""","=""L14869""",
Cs,3,"=""223.8646""","=""0.0002""","=""223.86455""","=""0.00003""","=""9900""","=""3.63e+02""",,"=""133265.831""","=""177921.836""","=""5s2.5p4.(3P<1>).5d""","=""2[1]""","=""1/2""","=""5s2.5p4.(3P<1>).6p""","=""2[1]*""","=""3/2""",2,4,,"=""T8611""","=""L14869""",
Cs,3,"=""224.0797""","=""0.0005""","=""224.07980""","=""0.00009""","=""25h""","=""4.45e+05""",,"=""176281.761""","=""220894.873""","=""5s2.5p4.(3P<1>).6p""","=""2[2]*""","=""5/2""","=""5s2.5p4.(1D<2>).6d""","=""2[3]""","=""5/2""",6,6,,"=""T8611""","=""L14869""",
Cs,3,"=""224.1623""","=""0.0004""","=""224.16185""","=""0.00006""","=""75""","=""1.77e+06""",,"=""175738.571""","=""220335.354""","=""5s2.5p4.(3P<1>).6p""","=""2[2]*""","=""3/2""","=""5s2.5p4.(1D<2>).6d""","=""2[2]""","=""5/2""",4,6,,"=""T8611""","=""L14869""",
Cs,3,"=""224.2937""","=""0.0003""","=""224.29381""","=""0.00007""","=""9000h""","=""3.41e+06""",,"=""144868.730""","=""189439.279""","=""5s2.5p4.(1D<2>).5d""","=""2[4]""","=""9/2""","=""5s2.5p4.(3P<1>).4f""","=""2[3]*""","=""7/2""",10,8,,"=""T8611""","=""L14869""",
Cs,3,"=""224.51708""","=""0.00019""","=""224.51689""","=""0.00005""","=""8400""","=""1.97e+07""",,"=""142067.732""","=""186593.999""","=""5s2.5p4.(3P<1>).5d""","=""2[2]""","=""5/2""","=""5s2.5p4.(1D<2>).6p""","=""2[2]*""","=""5/2""",6,6,,"=""T8611""","=""L14869""",
Cs,3,"=""224.65310""","=""0.00005""","=""224.65305""","=""0.00003""","=""7800""","=""1.87e+07""",,"=""131782.478""","=""176281.761""","=""5s2.5p4.(3P<2>).5d""","=""2[1]""","=""3/2""","=""5s2.5p4.(3P<1>).6p""","=""2[2]*""","=""5/2""",4,6,,"=""T8611""","=""L14869""",
Cs,3,"=""225.1330""","=""0.0005""","=""225.13250""","=""0.00012""","=""25h""","=""3.63e+05""",,"=""195520.010""","=""239924.534""","=""5s2.5p4.(1D<2>).4f""","=""2[3]*""","=""7/2""","=""5s2.5p4.(3P<2>).6g""","=""2[3]""","=""5/2""",8,6,,"=""T8611""","=""L14869""",
Cs,3,"=""225.5345""","=""0.0011""","=""225.53446""","=""0.00018""","=""530c""","=""7.35e+06""",,"=""165835.434""","=""210160.827""","=""5s2.5p4.(1D<2>).5d""","=""2[1]""","=""1/2""","=""5s2.5p4.(3P<2>).7p""","=""2[1]*""","=""1/2""",2,2,,"=""T8611""","=""L14869""",
Cs,3,"=""225.6056""","=""0.0003""","=""225.60563""","=""0.00008""","=""11000""","=""7.10e+07""",,"=""160991.868""","=""205303.279""","=""5s2.5p4.(1D<2>).5d""","=""2[1]""","=""3/2""","=""5s2.5p4.(1S<0>).6p""","=""2[1]*""","=""1/2""",4,2,,"=""T8611""","=""L14869""",
Cs,3,"=""225.8239""","=""0.0015""","=""225.82364""","=""0.00005""","=""2000bl""","=""2.38e+05""",,"=""164489.795""","=""208758.432""","=""5s2.5p4.(1D<2>).5d""","=""2[2]""","=""3/2""","=""5s2.5p4.(3P<2>).7p""","=""2[2]*""","=""5/2""",4,6,,"=""T8611""","=""L14869""",
Cs,3,"=""226.0035""","=""0.0003""","=""226.00364""","=""0.00007""","=""230""","=""1.46e+06""",,"=""162863.218""","=""207096.599""","=""5s2.5p4.(1D<2>).5d""","=""2[2]""","=""5/2""","=""5s2.5p4.(1S<0>).6p""","=""2[1]*""","=""3/2""",6,4,,"=""T8611""","=""L14869""",
Cs,3,"=""226.0162""","=""0.0004""","=""226.01612""","=""0.00006""","=""100""","=""2.58e+05""",,"=""164489.795""","=""208720.735""","=""5s2.5p4.(1D<2>).5d""","=""2[2]""","=""3/2""","=""5s2.5p4.(3P<2>).7p""","=""2[1]*""","=""3/2""",4,4,,"=""T8611""","=""L14869""",
Cs,3,"=""226.0253""","=""0.0004""","=""226.02510""","=""0.00005""","=""880""","=""6.35e+06""",,"=""168390.420""","=""212619.602""","=""5s2.5p4.(3P<2>).6p""","=""2[1]*""","=""3/2""","=""5s2.5p4.(3P<1>).6d""","=""2[2]""","=""5/2""",4,6,,"=""T8611""","=""L14869""",
Cs,3,"=""226.0634""","=""0.0003""","=""226.06331""","=""0.00005""","=""2900h""","=""1.23e+08""",,"=""132419.196""","=""176640.903""","=""5s2.5p4.(3P<2>).5d""","=""2[0]""","=""1/2""","=""5s2.5p4.(3P<2>).4f""","=""2[1]*""","=""1/2""",2,2,,"=""T8611""","=""L14869""",
Cs,3,"=""226.4143""","=""0.0004""","=""226.41441""","=""0.00021""","=""130""","=""8.08e+06""",,"=""177921.836""","=""222074.975""","=""5s2.5p4.(3P<1>).6p""","=""2[1]*""","=""3/2""","=""5s2.5p4.(1D<2>).6d""","=""2[2]""","=""3/2""",4,4,,"=""T8611""","=""L14869""",
Cs,3,"=""226.72700""","=""0.00015""","=""226.72691""","=""0.00009""","=""84000""","=""9.28e+07""",,"=""142067.732""","=""186160.020""","=""5s2.5p4.(3P<1>).5d""","=""2[2]""","=""5/2""","=""5s2.5p4.(3P<1>).4f""","=""2[2]*""","=""5/2""",6,6,,"=""T8611""","=""L14869""",
Cs,3,"=""226.9025""","=""0.0015""","=""226.90254""","=""0.00006""","=""2300bl""","=""1.93e+06""",,"=""142067.732""","=""186125.895""","=""5s2.5p4.(3P<1>).5d""","=""2[2]""","=""5/2""","=""5s2.5p4.(1D<2>).6p""","=""2[2]*""","=""3/2""",6,4,,"=""T8611""","=""L14869""",
Cs,3,"=""226.9260""","=""0.0004""","=""226.92608""","=""0.00007""","=""500h""","=""2.08e+06""",,"=""176281.761""","=""220335.354""","=""5s2.5p4.(3P<1>).6p""","=""2[2]*""","=""5/2""","=""5s2.5p4.(1D<2>).6d""","=""2[2]""","=""5/2""",6,6,,"=""T8611""","=""L14869""",
Cs,3,"=""227.2721""","=""0.0003""","=""227.27215""","=""0.00004""","=""6600""","=""9.45e+06""",,"=""135081.058""","=""179067.577""","=""5s2.5p4.(3P<1>).5d""","=""2[3]""","=""5/2""","=""5s2.5p4.(3P<2>).4f""","=""2[2]*""","=""5/2""",6,6,,"=""T8611""","=""L14869""",
Cs,3,"=""227.3997""","=""0.0003""","=""227.40004""","=""0.00005""","=""9400""","=""1.26e+07""",,"=""138543.477""","=""182505.260""","=""5s2.5p4.(3P<2>).6s""","=""2[2]""","=""3/2""","=""5s2.5p4.(3P<1>).4f""","=""2[2]*""","=""3/2""",4,4,,"=""T8611""","=""L14869""",
Cs,3,"=""227.4293""","=""0.0002""","=""227.42948""","=""0.00003""","=""8300""","=""3.63e+06""",,"=""131782.478""","=""175738.571""","=""5s2.5p4.(3P<2>).5d""","=""2[1]""","=""3/2""","=""5s2.5p4.(3P<1>).6p""","=""2[2]*""","=""3/2""",4,4,,"=""T8611""","=""L14869""",
Cs,3,"=""227.4669""","=""0.0005""","=""227.46634""","=""0.00006""","=""50h""","=""2.08e+06""",,"=""181544.785""","=""225493.754""","=""5s2.5p4.(1D<2>).6p""","=""2[3]*""","=""5/2""","=""5s2.5p4.(3P<2>).7d""","=""2[4]""","=""7/2""",6,8,,"=""T8611""","=""L14869""",
Cs,3,"=""227.6219""","=""0.0004""","=""227.62194""","=""0.00007""","=""500""","=""6.55e+06""",,"=""183721.523""","=""227640.453""","=""5s2.5p4.(1D<2>).6p""","=""2[3]*""","=""7/2""","=""5s2.5p4.(3P<2>).5g""","=""2[4]""","=""9/2""",8,10,,"=""T8611""","=""L14869""",
Cs,3,"=""227.6917""","=""0.0004""","=""227.69202""","=""0.00008""","=""100""","=""2.19e+06""",,"=""183721.523""","=""227626.936""","=""5s2.5p4.(1D<2>).6p""","=""2[3]*""","=""7/2""","=""5s2.5p4.(3P<2>).5g""","=""2[4]""","=""7/2""",8,8,,"=""T8611""","=""L14869""",
Cs,3,"=""227.7503""","=""0.0004""","=""227.75051""","=""0.00004""","=""560""","=""5.04e+06""",,"=""183721.523""","=""227615.662""","=""5s2.5p4.(1D<2>).6p""","=""2[3]*""","=""7/2""","=""5s2.5p4.(3P<2>).5g""","=""2[5]""","=""9/2""",8,10,,"=""T8611""","=""L14869""",
Cs,3,"=""228.4507""","=""0.0004""","=""228.45084""","=""0.00006""","=""12000c""","=""8.20e+06""",,"=""137785.195""","=""181544.785""","=""5s2.5p4.(3P<1>).5d""","=""2[3]""","=""7/2""","=""5s2.5p4.(1D<2>).6p""","=""2[3]*""","=""5/2""",8,6,,"=""T8611""","=""L14869""",
Cs,3,"=""228.6878""","=""0.0004""","=""228.6880""","=""0.0003""","=""250""","=""1.73e+07""",,"=""168390.420""","=""212104.640""","=""5s2.5p4.(3P<2>).6p""","=""2[1]*""","=""3/2""","=""5s2.5p4.(3P<1>).7s""","=""2[1]""","=""1/2""",4,2,,"=""T8611""","=""L14869""",
Cs,3,"=""228.8484""","=""0.0004""","=""228.84841""","=""0.00004""","=""2200""","=""1.74e+03""",,"=""135081.058""","=""178764.633""","=""5s2.5p4.(3P<1>).5d""","=""2[3]""","=""5/2""","=""5s2.5p4.(3P<2>).4f""","=""2[1]*""","=""3/2""",6,4,,"=""T8611""","=""L14869""",
Cs,3,"=""229.3356""","=""0.0004""","=""229.33576""","=""0.00011""","=""25""","=""9.15e+05""",,"=""184329.523""","=""227920.278""","=""5s2.5p4.(3P<0>).4f""","=""2[3]*""","=""5/2""","=""5s2.5p4.(3P<2>).5g""","=""2[2]""","=""3/2""",6,4,,"=""T8611""","=""L14869""",
Cs,3,"=""229.6006""","=""0.0004""","=""229.60079""","=""0.00016""","=""50""","=""2.91e+01""",,"=""198065.497""","=""241605.939""","=""5s2.5p4.(3P<2>).6d""","=""2[2]""","=""5/2""","=""5s2.5p4.(3P<1>).6f""","=""2[4]*""","=""7/2""",6,8,,"=""T8611""","=""L14869""",
Cs,3,"=""229.6299""","=""0.0003""","=""229.62997""","=""0.00007""","=""3600""","=""2.32e+06""",,"=""140794.613""","=""184329.523""","=""5s2.5p4.(3P<1>).5d""","=""2[2]""","=""3/2""","=""5s2.5p4.(3P<0>).4f""","=""2[3]*""","=""5/2""",4,6,,"=""T8611""","=""L14869""",
Cs,3,"=""229.7040""","=""0.0003""","=""229.70410""","=""0.00012""","=""1100""","=""3.07e+04""",,"=""198065.497""","=""241586.357""","=""5s2.5p4.(3P<2>).6d""","=""2[2]""","=""5/2""","=""5s2.5p4.(3P<1>).6f""","=""2[2]*""","=""5/2""",6,6,,"=""T8611""","=""L14869""",
Cs,3,"=""229.78336""","=""0.00007""","=""229.78333""","=""0.00003""","=""250000""","=""1.26e+07""",,"=""120425.101""","=""163930.957""","=""5s2.5p4.(3P<2>).5d""","=""2[2]""","=""5/2""","=""5s2.5p4.(3P<2>).6p""","=""2[3]*""","=""7/2""",6,8,,"=""T8611""","=""L14869""",
Cs,3,"=""230.0702""","=""0.0004""","=""230.06999""","=""0.00016""","=""630""","=""1.02e+03""",,"=""198154.285""","=""241605.939""","=""5s2.5p4.(3P<2>).6d""","=""2[3]""","=""7/2""","=""5s2.5p4.(3P<1>).6f""","=""2[4]*""","=""7/2""",8,8,,"=""T8611""","=""L14869""",
Cs,3,"=""230.1205""","=""0.0003""","=""230.12027""","=""0.00007""","=""1300p*""","=""1.43e+07""",,"=""184328.767""","=""227770.928""","=""5s2.5p4.(3P<0>).4f""","=""2[3]*""","=""7/2""","=""5s2.5p4.(3P<2>).5g""","=""2[3]""","=""7/2""",8,8,,"=""T8611""","=""L14869""",
Cs,3,"=""230.1205""","=""0.0003""","=""230.12130""","=""0.00016""","=""1300p*""","=""2.68e+07""",,"=""175738.571""","=""219180.537""","=""5s2.5p4.(3P<1>).6p""","=""2[2]*""","=""3/2""","=""5s2.5p4.(1D<2>).7s""","=""2[2]""","=""5/2""",4,6,,"=""T8611""","=""L14869""",
Cs,3,"=""230.1242""","=""0.0003""","=""230.12427""","=""0.00008""","=""1800p""","=""2.35e+07""",,"=""184329.523""","=""227770.928""","=""5s2.5p4.(3P<0>).4f""","=""2[3]*""","=""5/2""","=""5s2.5p4.(3P<2>).5g""","=""2[3]""","=""7/2""",6,8,,"=""T8611""","=""L14869""",
Cs,3,"=""230.1735""","=""0.0004""","=""230.17373""","=""0.00012""","=""160""","=""1.72e+04""",,"=""198154.285""","=""241586.357""","=""5s2.5p4.(3P<2>).6d""","=""2[3]""","=""7/2""","=""5s2.5p4.(3P<1>).6f""","=""2[2]*""","=""5/2""",8,6,,"=""T8611""","=""L14869""",
Cs,3,"=""230.2185""","=""0.0003""","=""230.21844""","=""0.00011""","=""160""","=""5.95e+06""",,"=""184329.523""","=""227753.161""","=""5s2.5p4.(3P<0>).4f""","=""2[3]*""","=""5/2""","=""5s2.5p4.(3P<2>).5g""","=""2[3]""","=""5/2""",6,6,,"=""T8611""","=""L14869""",
Cs,3,"=""230.47624""","=""0.00011""","=""230.47623""","=""0.00004""","=""60000""","=""2.84e+07""",,"=""133265.831""","=""176640.903""","=""5s2.5p4.(3P<1>).5d""","=""2[1]""","=""1/2""","=""5s2.5p4.(3P<2>).4f""","=""2[1]*""","=""1/2""",2,2,,"=""T8611""","=""L14869""",
Cs,3,"=""230.6453""","=""0.0004""","=""230.64507""","=""0.00011""","=""75h""","=""1.61e+07""",,"=""183469.263""","=""226812.586""","=""5s2.5p4.(1D<2>).6p""","=""2[1]*""","=""3/2""","=""5s2.5p4.(3P<2>).7d""","=""2[0]""","=""1/2""",4,2,,"=""T8611""","=""L14869""",
Cs,3,"=""230.7065""","=""0.0004""","=""230.70629""","=""0.00008""","=""100h""","=""1.78e+07""",,"=""183469.263""","=""226801.085""","=""5s2.5p4.(1D<2>).6p""","=""2[1]*""","=""3/2""","=""5s2.5p4.(3P<2>).7d""","=""2[3]""","=""5/2""",4,6,,"=""T8611""","=""L14869""",
Cs,3,"=""230.7707""","=""0.0016""","=""230.77071""","=""0.00004""","=""37000bl""","=""2.57e+06""",,"=""135747.850""","=""179067.577""","=""5s2.5p4.(3P<0>).5d""","=""2[2]""","=""3/2""","=""5s2.5p4.(3P<2>).4f""","=""2[2]*""","=""5/2""",4,6,,"=""T8611""","=""L14869""",
Cs,3,"=""230.8136""","=""0.0003""","=""230.81356""","=""0.00008""","=""2500""","=""4.88e+07""",,"=""184328.767""","=""227640.453""","=""5s2.5p4.(3P<0>).4f""","=""2[3]*""","=""7/2""","=""5s2.5p4.(3P<2>).5g""","=""2[4]""","=""9/2""",8,10,,"=""T8611""","=""L14869""",
Cs,3,"=""230.8899""","=""0.0003""","=""230.88965""","=""0.00011""","=""2400""","=""3.34e+07""",,"=""184329.523""","=""227626.936""","=""5s2.5p4.(3P<0>).4f""","=""2[3]*""","=""5/2""","=""5s2.5p4.(3P<2>).5g""","=""2[4]""","=""7/2""",6,8,,"=""T8611""","=""L14869""",
Cs,3,"=""230.9457""","=""0.0004""","=""230.94576""","=""0.00005""","=""500""","=""1.06e+07""",,"=""184328.767""","=""227615.662""","=""5s2.5p4.(3P<0>).4f""","=""2[3]*""","=""7/2""","=""5s2.5p4.(3P<2>).5g""","=""2[5]""","=""9/2""",8,10,,"=""T8611""","=""L14869""",
Cs,3,"=""231.68753""","=""0.00006""","=""231.68753""","=""0.00004""","=""600000""","=""9.80e+07""",,"=""120782.636""","=""163930.957""","=""5s2.5p4.(3P<2>).5d""","=""2[3]""","=""7/2""","=""5s2.5p4.(3P<2>).6p""","=""2[3]*""","=""7/2""",8,8,,"=""T8611""","=""L14869""",
Cs,3,"=""231.8965""","=""0.0005""","=""231.89651""","=""0.00013""","=""50""","=""3.70e+03""",,"=""198476.917""","=""241586.357""","=""5s2.5p4.(3P<2>).7s""","=""2[2]""","=""5/2""","=""5s2.5p4.(3P<1>).6f""","=""2[2]*""","=""5/2""",6,6,,"=""T8611""","=""L14869""",
Cs,3,"=""232.0525""","=""0.0004""","=""232.05253""","=""0.00005""","=""10000D""","=""2.05e+06""",,"=""138464.327""","=""181544.785""","=""5s2.5p4.(3P<2>).5d""","=""2[3]""","=""5/2""","=""5s2.5p4.(1D<2>).6p""","=""2[3]*""","=""5/2""",6,6,,"=""T8611""","=""L14869""",
Cs,3,"=""232.10629""","=""0.00009""","=""232.10627""","=""0.00003""","=""100000""","=""1.05e+07""",,"=""120425.101""","=""163495.585""","=""5s2.5p4.(3P<2>).5d""","=""2[2]""","=""5/2""","=""5s2.5p4.(3P<2>).6p""","=""2[3]*""","=""5/2""",6,6,,"=""T8611""","=""L14869""",
Cs,3,"=""232.3964""","=""0.0002""","=""232.39605""","=""0.00004""","=""41000""","=""2.75e+07""",,"=""135747.850""","=""178764.633""","=""5s2.5p4.(3P<0>).5d""","=""2[2]""","=""3/2""","=""5s2.5p4.(3P<2>).4f""","=""2[1]*""","=""3/2""",4,4,,"=""T8611""","=""L14869""",
Cs,3,"=""232.4798""","=""0.0003""","=""232.47969""","=""0.00005""","=""5400""","=""4.30e+05""",,"=""138543.477""","=""181544.785""","=""5s2.5p4.(3P<2>).6s""","=""2[2]""","=""3/2""","=""5s2.5p4.(1D<2>).6p""","=""2[3]*""","=""5/2""",4,6,,"=""T8611""","=""L14869""",
Cs,3,"=""232.59544""","=""0.00008""","=""232.59543""","=""0.00006""","=""140000""","=""6.59e+07""",,"=""125926.848""","=""168906.759""","=""5s2.5p4.(3P<2>).5d""","=""2[4]""","=""9/2""","=""5s2.5p4.(3P<2>).4f""","=""2[4]*""","=""9/2""",10,10,,"=""T8611""","=""L14869""",
Cs,3,"=""232.8187""","=""0.0011""","=""232.81854""","=""0.00004""","=""50h""","=""1.44e+05""",,"=""133343.034""","=""176281.761""","=""5s2.5p4.(3P<2>).6s""","=""2[2]""","=""5/2""","=""5s2.5p4.(3P<1>).6p""","=""2[2]*""","=""5/2""",6,6,,"=""T8611""","=""L14869""",
Cs,3,"=""233.0951""","=""0.0003""","=""233.09497""","=""0.00008""","=""2500c""","=""1.39e+06""",,"=""145443.182""","=""188330.992""","=""5s2.5p4.(3P<0>).6s""","=""2[0]""","=""1/2""","=""5s2.5p4.(1D<2>).6p""","=""2[1]*""","=""1/2""",2,2,,"=""T8611""","=""L14869""",
Cs,3,"=""233.1090""","=""0.0004""","=""233.10861""","=""0.00011""","=""1300h""","=""8.13e+05""",,"=""165835.434""","=""208720.735""","=""5s2.5p4.(1D<2>).5d""","=""2[1]""","=""1/2""","=""5s2.5p4.(3P<2>).7p""","=""2[1]*""","=""3/2""",2,4,,"=""T8611""","=""L14869""",
Cs,3,"=""233.3509""","=""0.0016""","=""233.35089""","=""0.00003""","=""1200bl""","=""6.20e+05""",,"=""135081.058""","=""177921.836""","=""5s2.5p4.(3P<1>).5d""","=""2[3]""","=""5/2""","=""5s2.5p4.(3P<1>).6p""","=""2[1]*""","=""3/2""",6,4,,"=""T8611""","=""L14869""",
Cs,3,"=""233.3830""","=""0.0003""","=""233.38263""","=""0.00022""","=""4400h""","=""1.72e+07""",,"=""150467.268""","=""193302.220""","=""5s2.5p4.(3P<1>).6s""","=""2[1]""","=""1/2""","=""5s2.5p4.(1D<2>).4f""","=""2[1]*""","=""1/2""",2,2,,"=""T8611""","=""L14869""",
Cs,3,"=""233.4725""","=""0.0002""","=""233.47255""","=""0.00009""","=""4000""","=""1.45e+08""",,"=""198008.006""","=""240826.462""","=""5s2.5p4.(3P<1>).4f""","=""2[3]*""","=""5/2""","=""5s2.5p4.(3P<1>).5g""","=""2[4]""","=""7/2""",6,8,,"=""T8611""","=""L14869""",
Cs,3,"=""233.7877""","=""0.0003""","=""233.78752""","=""0.00004""","=""11000""","=""2.52e+07""",,"=""135747.850""","=""178508.625""","=""5s2.5p4.(3P<0>).5d""","=""2[2]""","=""3/2""","=""5s2.5p4.(3P<1>).6p""","=""2[1]*""","=""1/2""",4,2,,"=""T8611""","=""L14869""",
Cs,3,"=""234.04929""","=""0.00007""","=""234.04931""","=""0.00004""","=""230000""","=""9.00e+07""",,"=""120782.636""","=""163495.585""","=""5s2.5p4.(3P<2>).5d""","=""2[3]""","=""7/2""","=""5s2.5p4.(3P<2>).6p""","=""2[3]*""","=""5/2""",8,6,,"=""T8611""","=""L14869""",
Cs,3,"=""234.0951""","=""0.0004""","=""234.09515""","=""0.00013""","=""150h""","=""1.45e+06""",,"=""171313.524""","=""214018.110""","=""5s2.5p4.(3P<0>).6p""","=""2[1]*""","=""1/2""","=""5s2.5p4.(3P<1>).6d""","=""2[2]""","=""3/2""",2,4,,"=""T8611""","=""L14869""",
Cs,3,"=""234.2594""","=""0.0002""","=""234.25938""","=""0.00004""","=""16000h""","=""3.25e+07""",,"=""140794.613""","=""183469.263""","=""5s2.5p4.(3P<1>).5d""","=""2[2]""","=""3/2""","=""5s2.5p4.(1D<2>).6p""","=""2[1]*""","=""3/2""",4,4,,"=""T8611""","=""L14869""",
Cs,3,"=""234.43655""","=""0.00009""","=""234.43653""","=""0.00005""","=""8400""","=""6.35e+06""",,"=""125926.848""","=""168569.255""","=""5s2.5p4.(3P<2>).5d""","=""2[4]""","=""9/2""","=""5s2.5p4.(3P<2>).4f""","=""2[3]*""","=""7/2""",10,8,,"=""T8611""","=""L14869""",
Cs,3,"=""234.4479""","=""0.0005""","=""234.44800""","=""0.00009""","=""75p""","=""6.64e+05""",,"=""156698.493""","=""199338.813""","=""5s2.5p4.(1D<2>).6s""","=""2[2]""","=""5/2""","=""5s2.5p4.(1D<2>).4f""","=""2[4]*""","=""7/2""",6,8,,"=""T8611""","=""L14869""",
Cs,3,"=""234.6326""","=""0.0003""","=""234.63244""","=""0.00008""","=""4300""","=""1.74e+07""",,"=""164489.795""","=""207096.599""","=""5s2.5p4.(1D<2>).5d""","=""2[2]""","=""3/2""","=""5s2.5p4.(1S<0>).6p""","=""2[1]*""","=""3/2""",4,4,,"=""T8611""","=""L14869""",
Cs,3,"=""234.6711""","=""0.0003""","=""234.67107""","=""0.00006""","=""2400""","=""7.74e+06""",,"=""168906.759""","=""211506.551""","=""5s2.5p4.(3P<2>).4f""","=""2[4]*""","=""9/2""","=""5s2.5p4.(3P<1>).6d""","=""2[3]""","=""7/2""",10,8,,"=""T8611""","=""L14869""",
Cs,3,"=""234.9756""","=""0.0004""","=""234.97567""","=""0.00017""","=""25""","=""3.60e+02""",,"=""199061.365""","=""241605.939""","=""5s2.5p4.(3P<2>).6d""","=""2[4]""","=""9/2""","=""5s2.5p4.(3P<1>).6f""","=""2[4]*""","=""7/2""",10,8,,"=""T8611""","=""L14869""",
Cs,3,"=""235.0176""","=""0.0004""","=""235.01765""","=""0.00011""","=""100""","=""1.04e+07""",,"=""198008.006""","=""240544.980""","=""5s2.5p4.(3P<1>).4f""","=""2[3]*""","=""5/2""","=""5s2.5p4.(3P<1>).5g""","=""2[3]""","=""7/2""",6,8,,"=""T8611""","=""L14869""",
Cs,3,"=""235.0476""","=""0.0004""","=""235.04759""","=""0.00017""","=""25""","=""9.68e+06""",,"=""198008.006""","=""240539.563""","=""5s2.5p4.(3P<1>).4f""","=""2[3]*""","=""5/2""","=""5s2.5p4.(3P<1>).5g""","=""2[3]""","=""5/2""",6,6,,"=""T8611""","=""L14869""",
Cs,3,"=""235.17415""","=""0.00012""","=""235.17418""","=""0.00007""","=""40000h""","=""8.75e+07""",,"=""153011.345""","=""195520.010""","=""5s2.5p4.(1D<2>).5d""","=""2[3]""","=""7/2""","=""5s2.5p4.(1D<2>).4f""","=""2[3]*""","=""7/2""",8,8,,"=""T8611""","=""L14869""",
Cs,3,"=""235.3731""","=""0.0003""","=""235.37311""","=""0.00004""","=""1600""","=""2.17e+07""",,"=""133265.831""","=""175738.571""","=""5s2.5p4.(3P<1>).5d""","=""2[1]""","=""1/2""","=""5s2.5p4.(3P<1>).6p""","=""2[2]*""","=""3/2""",2,4,,"=""T8611""","=""L14869""",
Cs,3,"=""235.3939""","=""0.0004""","=""235.39398""","=""0.00006""","=""100""","=""1.88e+03""",,"=""169037.575""","=""211506.551""","=""5s2.5p4.(3P<2>).4f""","=""2[3]*""","=""5/2""","=""5s2.5p4.(3P<1>).6d""","=""2[3]""","=""7/2""",6,8,,"=""T8611""","=""L14869""",
Cs,3,"=""235.4074""","=""0.0006""","=""235.40671""","=""0.00009""","=""100h""","=""1.96e+06""",,"=""176394.478""","=""218861.157""","=""5s2.5p4.(3P<2>).4f""","=""2[5]*""","=""9/2""","=""5s2.5p4.(1D<2>).6d""","=""2[4]""","=""7/2""",10,8,,"=""T8611""","=""L14869""",
Cs,3,"=""235.44297""","=""0.00008""","=""235.44294""","=""0.00004""","=""66000""","=""6.25e+07""",,"=""121065.660""","=""163525.805""","=""5s2.5p4.(3P<2>).5d""","=""2[2]""","=""3/2""","=""5s2.5p4.(3P<2>).6p""","=""2[1]*""","=""1/2""",4,2,,"=""T8611""","=""L14869""",
Cs,3,"=""235.4910""","=""0.0004""","=""235.49072""","=""0.00007""","=""190""","=""9.58e+06""",,"=""185352.206""","=""227803.736""","=""5s2.5p4.(3P<1>).4f""","=""2[4]*""","=""9/2""","=""5s2.5p4.(3P<2>).5g""","=""2[6]""","=""11/2""",10,12,,"=""T8611""","=""L14869""",
Cs,3,"=""235.61061""","=""0.00006""","=""235.61064""","=""0.00004""","=""7800""","=""2.25e+06""",,"=""121065.660""","=""163495.585""","=""5s2.5p4.(3P<2>).5d""","=""2[2]""","=""3/2""","=""5s2.5p4.(3P<2>).6p""","=""2[3]*""","=""5/2""",4,6,,"=""T8611""","=""L14869""",
Cs,3,"=""235.7018""","=""0.0006""","=""235.70179""","=""0.00007""","=""300""","=""1.62e+06""",,"=""177921.836""","=""220335.354""","=""5s2.5p4.(3P<1>).6p""","=""2[1]*""","=""3/2""","=""5s2.5p4.(1D<2>).6d""","=""2[2]""","=""5/2""",4,6,,"=""T8611""","=""L14869""",
Cs,3,"=""235.8016""","=""0.0003""","=""235.80177""","=""0.00004""","=""11000h""","=""9.20e+06""",,"=""133343.034""","=""175738.571""","=""5s2.5p4.(3P<2>).6s""","=""2[2]""","=""5/2""","=""5s2.5p4.(3P<1>).6p""","=""2[2]*""","=""3/2""",6,4,,"=""T8611""","=""L14869""",
Cs,3,"=""235.9212""","=""0.0003""","=""235.92120""","=""0.00005""","=""21000""","=""2.10e+07""",,"=""136693.500""","=""179067.577""","=""5s2.5p4.(3P<1>).5d""","=""2[1]""","=""3/2""","=""5s2.5p4.(3P<2>).4f""","=""2[2]*""","=""5/2""",4,6,,"=""T8611""","=""L14869""",
Cs,3,"=""236.4001""","=""0.0004""","=""236.40007""","=""0.00010""","=""330""","=""4.38e+06""",,"=""185352.206""","=""227640.453""","=""5s2.5p4.(3P<1>).4f""","=""2[4]*""","=""9/2""","=""5s2.5p4.(3P<2>).5g""","=""2[4]""","=""9/2""",10,10,,"=""T8611""","=""L14869""",
Cs,3,"=""236.47992""","=""0.00007""","=""236.47994""","=""0.00004""","=""140000""","=""6.05e+07""",,"=""138464.327""","=""180738.292""","=""5s2.5p4.(3P<2>).5d""","=""2[3]""","=""5/2""","=""5s2.5p4.(3P<2>).4f""","=""2[4]*""","=""7/2""",6,8,,"=""T8611""","=""L14869""",
Cs,3,"=""236.5215""","=""0.0004""","=""236.52139""","=""0.00007""","=""50""","=""8.33e+05""",,"=""169037.575""","=""211304.133""","=""5s2.5p4.(3P<2>).4f""","=""2[3]*""","=""5/2""","=""5s2.5p4.(3P<1>).7s""","=""2[1]""","=""3/2""",6,4,,"=""T8611""","=""L14869""",
Cs,3,"=""236.5390""","=""0.0004""","=""236.53875""","=""0.00007""","=""900""","=""2.99e+06""",,"=""185352.206""","=""227615.662""","=""5s2.5p4.(3P<1>).4f""","=""2[4]*""","=""9/2""","=""5s2.5p4.(3P<2>).5g""","=""2[5]""","=""9/2""",10,10,,"=""T8611""","=""L14869""",
Cs,3,"=""236.5486""","=""0.0004""","=""236.54807""","=""0.00008""","=""6900p""","=""1.24e+06""",,"=""142067.732""","=""184329.523""","=""5s2.5p4.(3P<1>).5d""","=""2[2]""","=""5/2""","=""5s2.5p4.(3P<0>).4f""","=""2[3]*""","=""5/2""",6,6,,"=""T8611""","=""L14869""",
Cs,3,"=""236.5521""","=""0.0004""","=""236.55230""","=""0.00006""","=""9600p""","=""2.43e+06""",,"=""142067.732""","=""184328.767""","=""5s2.5p4.(3P<1>).5d""","=""2[2]""","=""5/2""","=""5s2.5p4.(3P<0>).4f""","=""2[3]*""","=""7/2""",6,8,,"=""T8611""","=""L14869""",
Cs,3,"=""236.5687""","=""0.0002""","=""236.56854""","=""0.00007""","=""7200""","=""3.46e+07""",,"=""185352.206""","=""227610.341""","=""5s2.5p4.(3P<1>).4f""","=""2[4]*""","=""9/2""","=""5s2.5p4.(3P<2>).5g""","=""2[5]""","=""11/2""",10,12,,"=""T8611""","=""L14869""",
Cs,3,"=""237.0407""","=""0.0004""","=""237.04060""","=""0.00003""","=""340""","=""3.60e+04""",,"=""135747.850""","=""177921.836""","=""5s2.5p4.(3P<0>).5d""","=""2[2]""","=""3/2""","=""5s2.5p4.(3P<1>).6p""","=""2[1]*""","=""3/2""",4,4,,"=""T8611""","=""L14869""",
Cs,3,"=""237.5469""","=""0.0004""","=""237.54697""","=""0.00013""","=""400""","=""1.38e+02""",,"=""199502.265""","=""241586.357""","=""5s2.5p4.(3P<2>).6d""","=""2[4]""","=""7/2""","=""5s2.5p4.(3P<1>).6f""","=""2[2]*""","=""5/2""",8,6,,"=""T8611""","=""L14869""",
Cs,3,"=""237.6191""","=""0.0005""","=""237.62015""","=""0.00004""","=""1600s""","=""7.75e+05""",,"=""136693.500""","=""178764.633""","=""5s2.5p4.(3P<1>).5d""","=""2[1]""","=""3/2""","=""5s2.5p4.(3P<2>).4f""","=""2[1]*""","=""3/2""",4,4,,"=""T8611""","=""L14869""",
Cs,3,"=""238.00985""","=""0.00014""","=""238.00993""","=""0.00005""","=""9000h""","=""1.64e+07""",,"=""144591.760""","=""186593.999""","=""5s2.5p4.(3P<0>).5d""","=""2[2]""","=""5/2""","=""5s2.5p4.(1D<2>).6p""","=""2[2]*""","=""5/2""",6,6,,"=""T8611""","=""L14869""",
Cs,3,"=""238.4964""","=""0.0004""","=""238.49665""","=""0.00013""","=""500""","=""1.46e+04""",,"=""198008.006""","=""239924.534""","=""5s2.5p4.(3P<1>).4f""","=""2[3]*""","=""5/2""","=""5s2.5p4.(3P<2>).6g""","=""2[3]""","=""5/2""",6,6,,"=""T8611""","=""L14869""",
Cs,3,"=""239.0054""","=""0.0002""","=""239.00549""","=""0.00011""","=""3300h""","=""1.36e+07""",,"=""179067.577""","=""220894.873""","=""5s2.5p4.(3P<2>).4f""","=""2[2]*""","=""5/2""","=""5s2.5p4.(1D<2>).6d""","=""2[3]""","=""5/2""",6,6,,"=""T8611""","=""L14869""",
Cs,3,"=""239.0751""","=""0.0003""","=""239.07506""","=""0.00004""","=""2000h""","=""1.35e+07""",,"=""136693.500""","=""178508.625""","=""5s2.5p4.(3P<1>).5d""","=""2[1]""","=""3/2""","=""5s2.5p4.(3P<1>).6p""","=""2[1]*""","=""1/2""",4,2,,"=""T8611""","=""L14869""",
Cs,3,"=""239.3521""","=""0.0003""","=""239.35196""","=""0.00004""","=""7000""","=""3.95e+07""",,"=""160647.193""","=""202413.948""","=""5s2.5p4.(3P<2>).6p""","=""2[2]*""","=""3/2""","=""5s2.5p4.(3P<2>).6d""","=""2[3]""","=""5/2""",4,6,,"=""T8611""","=""L14869""",
Cs,3,"=""239.48231""","=""0.00009""","=""239.48228""","=""0.00003""","=""5400""","=""2.65e+07""",,"=""131782.478""","=""173526.505""","=""5s2.5p4.(3P<2>).5d""","=""2[1]""","=""3/2""","=""5s2.5p4.(3P<0>).6p""","=""2[1]*""","=""3/2""",4,4,,"=""T8611""","=""L14869""",
Cs,3,"=""239.6740""","=""0.0002""","=""239.6737""","=""0.0004""","=""4000""","=""1.71e+07""",,"=""178764.633""","=""220475.332""","=""5s2.5p4.(3P<2>).4f""","=""2[1]*""","=""3/2""","=""5s2.5p4.(1D<2>).6d""","=""2[0]""","=""1/2""",4,2,,"=""T8611""","=""L14869""",
Cs,3,"=""239.7722""","=""0.0002""","=""239.77218""","=""0.00013""","=""250""","=""2.95e+05""",,"=""171189.785""","=""212883.345""","=""5s2.5p4.(1S<0>).5d""","=""2[2]""","=""5/2""","=""5s2.5p4.(3P<2>).5f""","=""2[1]*""","=""3/2""",6,4,,"=""T8611""","=""L14869""",
Cs,3,"=""239.7946""","=""0.0004""","=""239.79562""","=""0.00012""","=""1000""","=""2.53e+05""",,"=""183469.263""","=""225158.748""","=""5s2.5p4.(1D<2>).6p""","=""2[1]*""","=""3/2""","=""5s2.5p4.(3P<2>).8s""","=""2[2]""","=""3/2""",4,4,,"=""T8611""","=""L14869""",
Cs,3,"=""240.00112""","=""0.00012""","=""240.00112""","=""0.00004""","=""16000""","=""3.46e+07""",,"=""142067.732""","=""183721.523""","=""5s2.5p4.(3P<1>).5d""","=""2[2]""","=""5/2""","=""5s2.5p4.(1D<2>).6p""","=""2[3]*""","=""7/2""",6,8,,"=""T8611""","=""L14869""",
Cs,3,"=""240.1678""","=""0.0003""","=""240.16776""","=""0.00013""","=""7200h""","=""2.77e+06""",,"=""144535.128""","=""186160.020""","=""5s2.5p4.(1D<2>).5d""","=""2[4]""","=""7/2""","=""5s2.5p4.(3P<1>).4f""","=""2[2]*""","=""5/2""",8,6,,"=""T8611""","=""L14869""",
Cs,3,"=""240.2479""","=""0.0004""","=""240.24848""","=""0.00011""","=""50""","=""4.93e+05""",,"=""186160.020""","=""227770.928""","=""5s2.5p4.(3P<1>).4f""","=""2[2]*""","=""5/2""","=""5s2.5p4.(3P<2>).5g""","=""2[3]""","=""7/2""",6,8,,"=""T8611""","=""L14869""",
Cs,3,"=""240.3510""","=""0.0004""","=""240.35111""","=""0.00013""","=""250""","=""1.08e+07""",,"=""186160.020""","=""227753.161""","=""5s2.5p4.(3P<1>).4f""","=""2[2]*""","=""5/2""","=""5s2.5p4.(3P<2>).5g""","=""2[3]""","=""5/2""",6,6,,"=""T8611""","=""L14869""",
Cs,3,"=""240.4196""","=""0.0004""","=""240.41958""","=""0.00008""","=""25h""","=""2.14e+06""",,"=""183469.263""","=""225050.560""","=""5s2.5p4.(1D<2>).6p""","=""2[1]*""","=""3/2""","=""5s2.5p4.(3P<2>).7d""","=""2[2]""","=""3/2""",4,4,,"=""T8611""","=""L14869""",
Cs,3,"=""240.6166""","=""0.0006""","=""240.6173""","=""0.0003""","=""12""","=""1.13e+06""",,"=""177921.836""","=""219468.972""","=""5s2.5p4.(3P<1>).6p""","=""2[1]*""","=""3/2""","=""5s2.5p4.(1D<2>).7s""","=""2[2]""","=""3/2""",4,4,,"=""T8611""","=""L14869""",
Cs,3,"=""240.6927""","=""0.0002""","=""240.69260""","=""0.00006""","=""6600""","=""1.59e+07""",,"=""144591.760""","=""186125.895""","=""5s2.5p4.(3P<0>).5d""","=""2[2]""","=""5/2""","=""5s2.5p4.(1D<2>).6p""","=""2[2]*""","=""3/2""",6,4,,"=""T8611""","=""L14869""",
Cs,3,"=""241.0829""","=""0.0002""","=""241.08280""","=""0.00013""","=""1800""","=""2.80e+07""",,"=""186160.020""","=""227626.936""","=""5s2.5p4.(3P<1>).4f""","=""2[2]*""","=""5/2""","=""5s2.5p4.(3P<2>).5g""","=""2[4]""","=""7/2""",6,8,,"=""T8611""","=""L14869""",
Cs,3,"=""241.18928""","=""0.00013""","=""241.18933""","=""0.00007""","=""4200""","=""6.48e+07""",,"=""160991.868""","=""202440.470""","=""5s2.5p4.(1D<2>).5d""","=""2[1]""","=""3/2""","=""5s2.5p4.(1D<2>).4f""","=""2[3]*""","=""5/2""",4,6,,"=""T8611""","=""L14869""",
Cs,3,"=""241.46351""","=""0.00014""","=""241.46357""","=""0.00004""","=""6600""","=""2.09e+07""",,"=""142067.732""","=""183469.263""","=""5s2.5p4.(3P<1>).5d""","=""2[2]""","=""5/2""","=""5s2.5p4.(1D<2>).6p""","=""2[1]*""","=""3/2""",6,4,,"=""T8611""","=""L14869""",
Cs,3,"=""242.0013""","=""0.0004""","=""242.00147""","=""0.00009""","=""3500c""","=""6.60e+06""",,"=""156698.493""","=""198008.006""","=""5s2.5p4.(1D<2>).6s""","=""2[2]""","=""5/2""","=""5s2.5p4.(3P<1>).4f""","=""2[3]*""","=""5/2""",6,6,,"=""T8611""","=""L14869""",
Cs,3,"=""242.1314""","=""0.0002""","=""242.13157""","=""0.00004""","=""3000""","=""9.40e+06""",,"=""131782.478""","=""173069.797""","=""5s2.5p4.(3P<2>).5d""","=""2[1]""","=""3/2""","=""5s2.5p4.(3P<1>).6p""","=""2[0]*""","=""1/2""",4,2,,"=""T8611""","=""L14869""",
Cs,3,"=""242.1607""","=""0.0002""","=""242.16053""","=""0.00006""","=""2300""","=""6.03e+06""",,"=""137785.195""","=""179067.577""","=""5s2.5p4.(3P<1>).5d""","=""2[3]""","=""7/2""","=""5s2.5p4.(3P<2>).4f""","=""2[2]*""","=""5/2""",8,6,,"=""T8611""","=""L14869""",
Cs,3,"=""242.1661""","=""0.0002""","=""242.16632""","=""0.00003""","=""1100p""","=""2.02e+06""",,"=""161132.553""","=""202413.948""","=""5s2.5p4.(3P<2>).6p""","=""2[2]*""","=""5/2""","=""5s2.5p4.(3P<2>).6d""","=""2[3]""","=""5/2""",6,6,,"=""T8611""","=""L14869""",
Cs,3,"=""242.2303""","=""0.0004""","=""242.23031""","=""0.00005""","=""130""","=""1.48e+06""",,"=""183721.523""","=""224992.013""","=""5s2.5p4.(1D<2>).6p""","=""2[3]*""","=""7/2""","=""5s2.5p4.(3P<2>).7d""","=""2[3]""","=""7/2""",8,8,,"=""T8611""","=""L14869""",
Cs,3,"=""242.2465""","=""0.0004""","=""242.24624""","=""0.00008""","=""50*""","=""8.05e+05""",,"=""179067.577""","=""220335.354""","=""5s2.5p4.(3P<2>).4f""","=""2[2]*""","=""5/2""","=""5s2.5p4.(1D<2>).6d""","=""2[2]""","=""5/2""",6,6,,"=""T8611""","=""L14869""",
Cs,3,"=""242.2465""","=""0.0004""","=""242.24661""","=""0.00007""","=""50*""","=""6.58e+05""",,"=""183469.263""","=""224736.976""","=""5s2.5p4.(1D<2>).6p""","=""2[1]*""","=""3/2""","=""5s2.5p4.(3P<2>).8s""","=""2[2]""","=""5/2""",4,6,,"=""T8611""","=""L14869""",
Cs,3,"=""242.2850""","=""0.0002""","=""242.28506""","=""0.00013""","=""2500D""","=""2.43e+07""",,"=""165835.434""","=""207096.599""","=""5s2.5p4.(1D<2>).5d""","=""2[1]""","=""1/2""","=""5s2.5p4.(1S<0>).6p""","=""2[1]*""","=""3/2""",2,4,,"=""T8611""","=""L14869""",
Cs,3,"=""242.3021""","=""0.0006""","=""242.30296""","=""0.00006""","=""100""","=""4.38e+05""",,"=""183721.523""","=""224979.641""","=""5s2.5p4.(1D<2>).6p""","=""2[3]*""","=""7/2""","=""5s2.5p4.(3P<2>).7d""","=""2[2]""","=""5/2""",8,6,,"=""T8611""","=""L14869""",
Cs,3,"=""242.4596""","=""0.0004""","=""242.45932""","=""0.00024""","=""380h""","=""2.80e+07""",,"=""199338.813""","=""240570.325""","=""5s2.5p4.(1D<2>).4f""","=""2[4]*""","=""7/2""","=""5s2.5p4.(3P<1>).5g""","=""2[5]""","=""9/2""",8,10,,"=""T8611""","=""L14869""",
Cs,3,"=""242.47809""","=""0.00018""","=""242.47800""","=""0.00004""","=""6600""","=""2.24e+07""",,"=""136693.500""","=""177921.836""","=""5s2.5p4.(3P<1>).5d""","=""2[1]""","=""3/2""","=""5s2.5p4.(3P<1>).6p""","=""2[1]*""","=""3/2""",4,4,,"=""T8611""","=""L14869""",
Cs,3,"=""242.64054""","=""0.00008""","=""242.64064""","=""0.00004""","=""36000""","=""2.32e+07""",,"=""135081.058""","=""176281.761""","=""5s2.5p4.(3P<1>).5d""","=""2[3]""","=""5/2""","=""5s2.5p4.(3P<1>).6p""","=""2[2]*""","=""5/2""",6,6,,"=""T8611""","=""L14869""",
Cs,3,"=""242.71725""","=""0.00015""","=""242.71703""","=""0.00007""","=""16000h""","=""3.27e+07""",,"=""156820.269""","=""198008.006""","=""5s2.5p4.(1D<2>).6s""","=""2[2]""","=""3/2""","=""5s2.5p4.(3P<1>).4f""","=""2[3]*""","=""5/2""",4,6,,"=""T8611""","=""L14869""",
Cs,3,"=""242.76535""","=""0.00008""","=""242.76538""","=""0.00005""","=""100000""","=""1.10e+08""",,"=""122346.271""","=""163525.805""","=""5s2.5p4.(3P<2>).5d""","=""2[1]""","=""1/2""","=""5s2.5p4.(3P<2>).6p""","=""2[1]*""","=""1/2""",2,2,,"=""T8611""","=""L14869""",
Cs,3,"=""243.1920""","=""0.0003""","=""243.19195""","=""0.00005""","=""2500c""","=""1.12e+07""",,"=""132419.196""","=""173526.505""","=""5s2.5p4.(3P<2>).5d""","=""2[0]""","=""1/2""","=""5s2.5p4.(3P<0>).6p""","=""2[1]*""","=""3/2""",2,4,,"=""T8611""","=""L14869""",
Cs,3,"=""243.2421""","=""0.0002""","=""243.24216""","=""0.00010""","=""5000h""","=""5.55e+06""",,"=""160991.868""","=""202090.692""","=""5s2.5p4.(1D<2>).5d""","=""2[1]""","=""3/2""","=""5s2.5p4.(1D<2>).4f""","=""2[2]*""","=""3/2""",4,4,,"=""T8611""","=""L14869""",
Cs,3,"=""243.4558""","=""0.0004""","=""243.45602""","=""0.00007""","=""25""","=""2.71e+06""",,"=""150093.899""","=""191156.624""","=""5s2.5p4.(1D<2>).5d""","=""2[3]""","=""5/2""","=""5s2.5p4.(3P<1>).4f""","=""2[4]*""","=""7/2""",6,8,,"=""T8611""","=""L14869""",
Cs,3,"=""243.9799""","=""0.0002""","=""243.98019""","=""0.00008""","=""2600""","=""1.73e+07""",,"=""161132.553""","=""202107.065""","=""5s2.5p4.(3P<2>).6p""","=""2[2]*""","=""5/2""","=""5s2.5p4.(3P<2>).6d""","=""2[1]""","=""3/2""",6,4,,"=""T8611""","=""L14869""",
Cs,3,"=""244.1362""","=""0.0004""","=""244.13630""","=""0.00014""","=""75""","=""3.00e+06""",,"=""173069.797""","=""214018.110""","=""5s2.5p4.(3P<1>).6p""","=""2[0]*""","=""1/2""","=""5s2.5p4.(3P<1>).6d""","=""2[2]""","=""3/2""",2,4,,"=""T8611""","=""L14869""",
Cs,3,"=""244.4660""","=""0.0002""","=""244.46623""","=""0.00004""","=""3800""","=""5.00e+06""",,"=""135747.850""","=""176640.903""","=""5s2.5p4.(3P<0>).5d""","=""2[2]""","=""3/2""","=""5s2.5p4.(3P<2>).4f""","=""2[1]*""","=""1/2""",4,2,,"=""T8611""","=""L14869""",
Cs,3,"=""244.9209""","=""0.0003""","=""244.92130""","=""0.00011""","=""2000c""","=""8.62e+03""",,"=""144535.128""","=""185352.206""","=""5s2.5p4.(1D<2>).5d""","=""2[4]""","=""7/2""","=""5s2.5p4.(3P<1>).4f""","=""2[4]*""","=""9/2""",8,10,,"=""T8611""","=""L14869""",
Cs,3,"=""244.9428""","=""0.0002""","=""244.94287""","=""0.00010""","=""2300""","=""3.15e+07""",,"=""164489.795""","=""205303.279""","=""5s2.5p4.(1D<2>).5d""","=""2[2]""","=""3/2""","=""5s2.5p4.(1S<0>).6p""","=""2[1]*""","=""1/2""",4,2,,"=""T8611""","=""L14869""",
Cs,3,"=""245.0780""","=""0.0002""","=""245.0772""","=""0.0003""","=""2000""","=""1.23e+06""",,"=""171313.524""","=""212104.640""","=""5s2.5p4.(3P<0>).6p""","=""2[1]*""","=""1/2""","=""5s2.5p4.(3P<1>).7s""","=""2[1]""","=""1/2""",2,2,,"=""T8611""","=""L14869""",
Cs,3,"=""245.1449""","=""0.0002""","=""245.14506""","=""0.00010""","=""6300c""","=""2.25e+07""",,"=""148575.860""","=""189355.684""","=""5s2.5p4.(3P<1>).6s""","=""2[1]""","=""3/2""","=""5s2.5p4.(1D<2>).4f""","=""2[2]*""","=""5/2""",4,6,,"=""T8611""","=""L14869""",
Cs,3,"=""245.3235""","=""0.0003""","=""245.32346""","=""0.00006""","=""2300c""","=""8.37e+05""",,"=""140794.613""","=""181544.785""","=""5s2.5p4.(3P<1>).5d""","=""2[2]""","=""3/2""","=""5s2.5p4.(1D<2>).6p""","=""2[3]*""","=""5/2""",4,6,,"=""T8611""","=""L14869""",
Cs,3,"=""245.5433""","=""0.0004""","=""245.54332""","=""0.00005""","=""2000""","=""7.73e+06""",,"=""168390.420""","=""209104.107""","=""5s2.5p4.(3P<2>).6p""","=""2[1]*""","=""3/2""","=""5s2.5p4.(3P<0>).6d""","=""2[2]""","=""5/2""",4,6,,"=""T8611""","=""L14869""",
Cs,3,"=""245.58092""","=""0.00007""","=""245.58093""","=""0.00004""","=""960000""","=""1.46e+08""",,"=""120425.101""","=""161132.553""","=""5s2.5p4.(3P<2>).5d""","=""2[2]""","=""5/2""","=""5s2.5p4.(3P<2>).6p""","=""2[2]*""","=""5/2""",6,6,,"=""T8611""","=""L14869""",
Cs,3,"=""245.7056""","=""0.0006""","=""245.70625""","=""0.00014""","=""180h""","=""2.38e+07""",,"=""186125.895""","=""226812.586""","=""5s2.5p4.(1D<2>).6p""","=""2[2]*""","=""3/2""","=""5s2.5p4.(3P<2>).7d""","=""2[0]""","=""1/2""",4,2,,"=""T8611""","=""L14869""",
Cs,3,"=""245.7299""","=""0.0002""","=""245.73028""","=""0.00009""","=""1800""","=""9.93e+05""",,"=""145443.182""","=""186125.895""","=""5s2.5p4.(3P<0>).6s""","=""2[0]""","=""1/2""","=""5s2.5p4.(1D<2>).6p""","=""2[2]*""","=""3/2""",2,4,,"=""T8611""","=""L14869""",
Cs,3,"=""245.8480""","=""0.0004""","=""245.84793""","=""0.00007""","=""100""","=""2.70e+05""",,"=""184328.767""","=""224992.013""","=""5s2.5p4.(3P<0>).4f""","=""2[3]*""","=""7/2""","=""5s2.5p4.(3P<2>).7d""","=""2[3]""","=""7/2""",8,8,,"=""T8611""","=""L14869""",
Cs,3,"=""245.88249""","=""0.00020""","=""245.88259""","=""0.00003""","=""13000""","=""4.08e+06""",,"=""135081.058""","=""175738.571""","=""5s2.5p4.(3P<1>).5d""","=""2[3]""","=""5/2""","=""5s2.5p4.(3P<1>).6p""","=""2[2]*""","=""3/2""",6,4,,"=""T8611""","=""L14869""",
Cs,3,"=""245.92435""","=""0.00016""","=""245.92441""","=""0.00005""","=""110000D""","=""1.63e+05""",,"=""132419.196""","=""173069.797""","=""5s2.5p4.(3P<2>).5d""","=""2[0]""","=""1/2""","=""5s2.5p4.(3P<1>).6p""","=""2[0]*""","=""1/2""",2,2,,"=""T8611""","=""L14869""",
Cs,3,"=""246.2111""","=""0.0002""","=""246.21122""","=""0.00005""","=""17000""","=""4.38e+07""",,"=""138464.327""","=""179067.577""","=""5s2.5p4.(3P<2>).5d""","=""2[3]""","=""5/2""","=""5s2.5p4.(3P<2>).4f""","=""2[2]*""","=""5/2""",6,6,,"=""T8611""","=""L14869""",
Cs,3,"=""246.3145""","=""0.0004""","=""246.31460""","=""0.00006""","=""150""","=""2.40e+06""",,"=""171313.524""","=""211899.734""","=""5s2.5p4.(3P<0>).6p""","=""2[1]*""","=""1/2""","=""5s2.5p4.(3P<1>).6d""","=""2[1]""","=""3/2""",2,4,,"=""T8611""","=""L14869""",
Cs,3,"=""246.63238""","=""0.00008""","=""246.63243""","=""0.00004""","=""11000""","=""1.37e+07""",,"=""135747.850""","=""176281.761""","=""5s2.5p4.(3P<0>).5d""","=""2[2]""","=""3/2""","=""5s2.5p4.(3P<1>).6p""","=""2[2]*""","=""5/2""",4,6,,"=""T8611""","=""L14869""",
Cs,3,"=""246.6551""","=""0.0004""","=""246.65507""","=""0.00025""","=""1900h""","=""2.88e+07""",,"=""181544.785""","=""222074.975""","=""5s2.5p4.(1D<2>).6p""","=""2[3]*""","=""5/2""","=""5s2.5p4.(1D<2>).6d""","=""2[2]""","=""3/2""",6,4,,"=""T8611""","=""L14869""",
Cs,3,"=""246.69208""","=""0.00010""","=""246.69214""","=""0.00005""","=""9000""","=""9.97e+06""",,"=""138543.477""","=""179067.577""","=""5s2.5p4.(3P<2>).6s""","=""2[2]""","=""3/2""","=""5s2.5p4.(3P<2>).4f""","=""2[2]*""","=""5/2""",4,6,,"=""T8611""","=""L14869""",
Cs,3,"=""246.80818""","=""0.00010""","=""246.80819""","=""0.00005""","=""9000""","=""2.83e+06""",,"=""128532.528""","=""169037.575""","=""5s2.5p4.(3P<2>).5d""","=""2[4]""","=""7/2""","=""5s2.5p4.(3P<2>).4f""","=""2[3]*""","=""5/2""",8,6,,"=""T8611""","=""L14869""",
Cs,3,"=""246.8902""","=""0.0002""","=""246.89013""","=""0.00014""","=""750""","=""1.17e+07""",,"=""173526.505""","=""214018.110""","=""5s2.5p4.(3P<0>).6p""","=""2[1]*""","=""3/2""","=""5s2.5p4.(3P<1>).6d""","=""2[2]""","=""3/2""",4,4,,"=""T8611""","=""L14869""",
Cs,3,"=""246.9397""","=""0.0004""","=""246.93971""","=""0.00009""","=""150c""","=""2.53e+05""",,"=""144868.730""","=""185352.206""","=""5s2.5p4.(1D<2>).5d""","=""2[4]""","=""9/2""","=""5s2.5p4.(3P<1>).4f""","=""2[4]*""","=""9/2""",10,10,,"=""T8611""","=""L14869""",
Cs,3,"=""247.2202""","=""0.0004""","=""247.22032""","=""0.00006""","=""3800""","=""9.58e+06""",,"=""142067.732""","=""182505.260""","=""5s2.5p4.(3P<1>).5d""","=""2[2]""","=""5/2""","=""5s2.5p4.(3P<1>).4f""","=""2[2]*""","=""3/2""",6,4,,"=""T8611""","=""L14869""",
Cs,3,"=""247.4411""","=""0.0015""","=""247.4414""","=""0.0003""","=""750bl""","=""1.97e+06""",,"=""179067.577""","=""219468.972""","=""5s2.5p4.(3P<2>).4f""","=""2[2]*""","=""5/2""","=""5s2.5p4.(1D<2>).7s""","=""2[2]""","=""3/2""",6,4,,"=""T8611""","=""L14869""",
Cs,3,"=""247.60786""","=""0.00007""","=""247.60793""","=""0.00005""","=""17000""","=""3.85e+06""",,"=""128532.528""","=""168906.759""","=""5s2.5p4.(3P<2>).5d""","=""2[4]""","=""7/2""","=""5s2.5p4.(3P<2>).4f""","=""2[4]*""","=""9/2""",8,10,,"=""T8611""","=""L14869""",
Cs,3,"=""247.6872""","=""0.0004""","=""247.68713""","=""0.00008""","=""880""","=""1.59e+07""",,"=""170335.312""","=""210696.634""","=""5s2.5p4.(3P<2>).4f""","=""2[2]*""","=""3/2""","=""5s2.5p4.(3P<1>).6d""","=""2[1]""","=""1/2""",4,2,,"=""T8611""","=""L14869""",
Cs,3,"=""247.75712""","=""0.00009""","=""247.75714""","=""0.00004""","=""960000""","=""1.44e+08""",,"=""120782.636""","=""161132.553""","=""5s2.5p4.(3P<2>).5d""","=""2[3]""","=""7/2""","=""5s2.5p4.(3P<2>).6p""","=""2[2]*""","=""5/2""",8,6,,"=""T8611""","=""L14869""",
Cs,3,"=""247.8335""","=""0.0003""","=""247.83351""","=""0.00019""","=""4000""","=""1.12e+08""",,"=""160647.193""","=""200984.677""","=""5s2.5p4.(3P<2>).6p""","=""2[2]*""","=""3/2""","=""5s2.5p4.(3P<2>).6d""","=""2[0]""","=""1/2""",4,2,,"=""T8611""","=""L14869""",
Cs,3,"=""248.30633""","=""0.00008""","=""248.30637""","=""0.00004""","=""9000""","=""8.73e+06""",,"=""133265.831""","=""173526.505""","=""5s2.5p4.(3P<1>).5d""","=""2[1]""","=""1/2""","=""5s2.5p4.(3P<0>).6p""","=""2[1]*""","=""3/2""",2,4,,"=""T8611""","=""L14869""",
Cs,3,"=""248.54456""","=""0.00007""","=""248.54457""","=""0.00004""","=""530000""","=""1.17e+08""",,"=""120425.101""","=""160647.193""","=""5s2.5p4.(3P<2>).5d""","=""2[2]""","=""5/2""","=""5s2.5p4.(3P<2>).6p""","=""2[2]*""","=""3/2""",6,4,,"=""T8611""","=""L14869""",
Cs,3,"=""248.6301""","=""0.0004""","=""248.62994""","=""0.00011""","=""1000""","=""5.58e+06""",,"=""168390.420""","=""208598.702""","=""5s2.5p4.(3P<2>).6p""","=""2[1]*""","=""3/2""","=""5s2.5p4.(3P<0>).6d""","=""2[2]""","=""3/2""",4,4,,"=""T8611""","=""L14869""",
Cs,3,"=""248.6384""","=""0.0004""","=""248.63733""","=""0.00011""","=""250""","=""1.10e+07""",,"=""186593.999""","=""226801.085""","=""5s2.5p4.(1D<2>).6p""","=""2[2]*""","=""5/2""","=""5s2.5p4.(3P<2>).7d""","=""2[3]""","=""5/2""",6,6,,"=""T8611""","=""L14869""",
Cs,3,"=""248.7109""","=""0.0004""","=""248.71119""","=""0.00017""","=""130""","=""1.10e+06""",,"=""171114.803""","=""211309.951""","=""5s2.5p4.(1D<2>).5d""","=""2[0]""","=""1/2""","=""5s2.5p4.(3P<2>).5f""","=""2[2]*""","=""3/2""",2,4,,"=""T8611""","=""L14869""",
Cs,3,"=""248.7834""","=""0.0004""","=""248.78346""","=""0.00004""","=""630h""","=""3.95e+05""",,"=""133343.034""","=""173526.505""","=""5s2.5p4.(3P<2>).6s""","=""2[2]""","=""5/2""","=""5s2.5p4.(3P<0>).6p""","=""2[1]*""","=""3/2""",6,4,,"=""T8611""","=""L14869""",
Cs,3,"=""248.9588""","=""0.0004""","=""248.95851""","=""0.00007""","=""3800""","=""1.76e+07""",,"=""180738.292""","=""220893.511""","=""5s2.5p4.(3P<2>).4f""","=""2[4]*""","=""7/2""","=""5s2.5p4.(1D<2>).6d""","=""2[3]""","=""7/2""",8,8,,"=""T8611""","=""L14869""",
Cs,3,"=""249.50736""","=""0.00010""","=""249.50737""","=""0.00004""","=""250000""","=""3.27e+07""",,"=""121065.660""","=""161132.553""","=""5s2.5p4.(3P<2>).5d""","=""2[2]""","=""3/2""","=""5s2.5p4.(3P<2>).6p""","=""2[2]*""","=""5/2""",4,6,,"=""T8611""","=""L14869""",
Cs,3,"=""249.69542""","=""0.00012""","=""249.69538""","=""0.00004""","=""19000""","=""1.09e+07""",,"=""128532.528""","=""168569.255""","=""5s2.5p4.(3P<2>).5d""","=""2[4]""","=""7/2""","=""5s2.5p4.(3P<2>).4f""","=""2[3]*""","=""7/2""",8,8,,"=""T8611""","=""L14869""",
Cs,3,"=""249.9835""","=""0.0004""","=""249.98335""","=""0.00008""","=""1000""","=""1.22e+07""",,"=""171313.524""","=""211304.133""","=""5s2.5p4.(3P<0>).6p""","=""2[1]*""","=""1/2""","=""5s2.5p4.(3P<1>).7s""","=""2[1]""","=""3/2""",2,4,,"=""T8611""","=""L14869""",
Cs,3,"=""250.1427""","=""0.0004""","=""250.14262""","=""0.00005""","=""2300""","=""1.91e+05""",,"=""138543.477""","=""178508.625""","=""5s2.5p4.(3P<2>).6s""","=""2[2]""","=""3/2""","=""5s2.5p4.(3P<1>).6p""","=""2[1]*""","=""1/2""",4,2,,"=""T8611""","=""L14869""",
Cs,3,"=""250.22539""","=""0.00012""","=""250.22549""","=""0.00013""","=""17000""","=""2.85e+08""",,"=""178362.472""","=""218314.386""","=""5s2.5p4.(1S<0>).5d""","=""2[2]""","=""3/2""","=""5s2.5p4.(1S<0>).4f""","=""2[3]*""","=""5/2""",4,6,,"=""T8611""","=""L14869""",
Cs,3,"=""250.2538""","=""0.0004""","=""250.25374""","=""0.00005""","=""880h""","=""2.35e+06""",,"=""136693.500""","=""176640.903""","=""5s2.5p4.(3P<1>).5d""","=""2[1]""","=""3/2""","=""5s2.5p4.(3P<2>).4f""","=""2[1]*""","=""1/2""",4,2,,"=""T8611""","=""L14869""",
Cs,3,"=""251.15566""","=""0.00011""","=""251.15562""","=""0.00004""","=""15000""","=""1.73e+08""",,"=""133265.831""","=""173069.797""","=""5s2.5p4.(3P<1>).5d""","=""2[1]""","=""1/2""","=""5s2.5p4.(3P<1>).6p""","=""2[0]*""","=""1/2""",2,2,,"=""T8611""","=""L14869""",
Cs,3,"=""251.2204""","=""0.0016""","=""251.22080""","=""0.00011""","=""10000bl""","=""3.13e+06""",,"=""144535.128""","=""184328.767""","=""5s2.5p4.(1D<2>).5d""","=""2[4]""","=""7/2""","=""5s2.5p4.(3P<0>).4f""","=""2[3]*""","=""7/2""",8,8,,"=""T8611""","=""L14869""",
Cs,3,"=""251.4642""","=""0.0004""","=""251.46415""","=""0.00008""","=""3500h""","=""1.07e+07""",,"=""148575.860""","=""188330.992""","=""5s2.5p4.(3P<1>).6s""","=""2[1]""","=""3/2""","=""5s2.5p4.(1D<2>).6p""","=""2[1]*""","=""1/2""",4,2,,"=""T8611""","=""L14869""",
Cs,3,"=""251.5745""","=""0.0004""","=""251.57407""","=""0.00009""","=""1500p""","=""3.97e+05""",,"=""144591.760""","=""184329.523""","=""5s2.5p4.(3P<0>).5d""","=""2[2]""","=""5/2""","=""5s2.5p4.(3P<0>).4f""","=""2[3]*""","=""5/2""",6,6,,"=""T8611""","=""L14869""",
Cs,3,"=""251.5790""","=""0.0002""","=""251.57886""","=""0.00007""","=""2200p""","=""1.03e+06""",,"=""144591.760""","=""184328.767""","=""5s2.5p4.(3P<0>).5d""","=""2[2]""","=""5/2""","=""5s2.5p4.(3P<0>).4f""","=""2[3]*""","=""7/2""",6,8,,"=""T8611""","=""L14869""",
Cs,3,"=""252.0864""","=""0.0003""","=""252.08637""","=""0.00006""","=""3300""","=""6.88e+07""",,"=""173526.505""","=""213183.517""","=""5s2.5p4.(3P<0>).6p""","=""2[1]*""","=""3/2""","=""5s2.5p4.(3P<1>).6d""","=""2[3]""","=""5/2""",4,6,,"=""T8611""","=""L14869""",
Cs,3,"=""252.4672""","=""0.0006""","=""252.46805""","=""0.00008""","=""2000p""","=""3.27e+06""",,"=""180738.292""","=""220335.354""","=""5s2.5p4.(3P<2>).4f""","=""2[4]*""","=""7/2""","=""5s2.5p4.(1D<2>).6d""","=""2[2]""","=""5/2""",8,6,,"=""T8611""","=""L14869""",
Cs,3,"=""252.52432""","=""0.00011""","=""252.52418""","=""0.00005""","=""96000h""","=""5.07e+06""",,"=""136693.500""","=""176281.761""","=""5s2.5p4.(3P<1>).5d""","=""2[1]""","=""3/2""","=""5s2.5p4.(3P<1>).6p""","=""2[2]*""","=""5/2""",4,6,,"=""T8611""","=""L14869""",
Cs,3,"=""252.56707""","=""0.00008""","=""252.56711""","=""0.00005""","=""840000""","=""1.53e+08""",,"=""121065.660""","=""160647.193""","=""5s2.5p4.(3P<2>).5d""","=""2[2]""","=""3/2""","=""5s2.5p4.(3P<2>).6p""","=""2[2]*""","=""3/2""",4,4,,"=""T8611""","=""L14869""",
Cs,3,"=""252.5944""","=""0.0003""","=""252.59443""","=""0.00007""","=""14000""","=""1.31e+07""",,"=""162863.218""","=""202440.470""","=""5s2.5p4.(1D<2>).5d""","=""2[2]""","=""5/2""","=""5s2.5p4.(1D<2>).4f""","=""2[3]*""","=""5/2""",6,6,,"=""T8611""","=""L14869""",
Cs,3,"=""252.6428""","=""0.0004""","=""252.6425""","=""0.0003""","=""500""","=""1.22e+06""",,"=""182505.260""","=""222074.975""","=""5s2.5p4.(3P<1>).4f""","=""2[2]*""","=""3/2""","=""5s2.5p4.(1D<2>).6d""","=""2[2]""","=""3/2""",4,4,,"=""T8611""","=""L14869""",
Cs,3,"=""252.6971""","=""0.0004""","=""252.69740""","=""0.00012""","=""880""","=""7.23e+06""",,"=""169037.575""","=""208598.702""","=""5s2.5p4.(3P<2>).4f""","=""2[3]*""","=""5/2""","=""5s2.5p4.(3P<0>).6d""","=""2[2]""","=""3/2""",6,4,,"=""T8611""","=""L14869""",
Cs,3,"=""252.88961""","=""0.00010""","=""252.88970""","=""0.00005""","=""16000""","=""3.29e+07""",,"=""131782.478""","=""171313.524""","=""5s2.5p4.(3P<2>).5d""","=""2[1]""","=""3/2""","=""5s2.5p4.(3P<0>).6p""","=""2[1]*""","=""1/2""",4,2,,"=""T8611""","=""L14869""",
Cs,3,"=""253.2361""","=""0.0006""","=""253.23560""","=""0.00006""","=""1800p""","=""4.35e+05""",,"=""142067.732""","=""181544.785""","=""5s2.5p4.(3P<1>).5d""","=""2[2]""","=""5/2""","=""5s2.5p4.(1D<2>).6p""","=""2[3]*""","=""5/2""",6,6,,"=""T8611""","=""L14869""",
Cs,3,"=""253.2945""","=""0.0004""","=""253.29468""","=""0.00015""","=""4400D""","=""1.49e+07""",,"=""165835.434""","=""205303.279""","=""5s2.5p4.(1D<2>).5d""","=""2[1]""","=""1/2""","=""5s2.5p4.(1S<0>).6p""","=""2[1]*""","=""1/2""",2,2,,"=""T8611""","=""L14869""",
Cs,3,"=""253.34472""","=""0.00018""","=""253.34481""","=""0.00009""","=""51000h""","=""2.95e+07""",,"=""144868.730""","=""184328.767""","=""5s2.5p4.(1D<2>).5d""","=""2[4]""","=""9/2""","=""5s2.5p4.(3P<0>).4f""","=""2[3]*""","=""7/2""",10,8,,"=""T8611""","=""L14869""",
Cs,3,"=""253.3610""","=""0.0002""","=""253.36104""","=""0.00004""","=""3200""","=""1.26e+07""",,"=""138464.327""","=""177921.836""","=""5s2.5p4.(3P<2>).5d""","=""2[3]""","=""5/2""","=""5s2.5p4.(3P<1>).6p""","=""2[1]*""","=""3/2""",6,4,,"=""T8611""","=""L14869""",
Cs,3,"=""253.8397""","=""0.0005""","=""253.83970""","=""0.00008""","=""630""","=""2.05e+07""",,"=""171313.524""","=""210696.634""","=""5s2.5p4.(3P<0>).6p""","=""2[1]*""","=""1/2""","=""5s2.5p4.(3P<1>).6d""","=""2[1]""","=""1/2""",2,2,,"=""T8611""","=""L14869""",
Cs,3,"=""253.8703""","=""0.0003""","=""253.87033""","=""0.00004""","=""19000""","=""2.43e+07""",,"=""138543.477""","=""177921.836""","=""5s2.5p4.(3P<2>).6s""","=""2[2]""","=""3/2""","=""5s2.5p4.(3P<1>).6p""","=""2[1]*""","=""3/2""",4,4,,"=""T8611""","=""L14869""",
Cs,3,"=""254.0528""","=""0.0003""","=""254.05273""","=""0.00012""","=""9000h""","=""2.78e+08""",,"=""181544.785""","=""220894.873""","=""5s2.5p4.(1D<2>).6p""","=""2[3]*""","=""5/2""","=""5s2.5p4.(1D<2>).6d""","=""2[3]""","=""5/2""",6,6,,"=""T8611""","=""L14869""",
Cs,3,"=""254.0833""","=""0.0003""","=""254.08313""","=""0.00006""","=""4000""","=""8.56e+06""",,"=""150093.899""","=""189439.279""","=""5s2.5p4.(1D<2>).5d""","=""2[3]""","=""5/2""","=""5s2.5p4.(3P<1>).4f""","=""2[3]*""","=""7/2""",6,8,,"=""T8611""","=""L14869""",
Cs,3,"=""254.6241""","=""0.0004""","=""254.62415""","=""0.00010""","=""8000h""","=""1.87e+07""",,"=""150093.899""","=""189355.684""","=""5s2.5p4.(1D<2>).5d""","=""2[3]""","=""5/2""","=""5s2.5p4.(1D<2>).4f""","=""2[2]*""","=""5/2""",6,6,,"=""T8611""","=""L14869""",
Cs,3,"=""254.8469""","=""0.0003""","=""254.84688""","=""0.00010""","=""2300""","=""7.78e+06""",,"=""162863.218""","=""202090.692""","=""5s2.5p4.(1D<2>).5d""","=""2[2]""","=""5/2""","=""5s2.5p4.(1D<2>).4f""","=""2[2]*""","=""3/2""",6,4,,"=""T8611""","=""L14869""",
Cs,3,"=""255.0777""","=""0.0003""","=""255.07762""","=""0.00020""","=""1500""","=""2.99e+06""",,"=""202413.948""","=""241605.939""","=""5s2.5p4.(3P<2>).6d""","=""2[3]""","=""5/2""","=""5s2.5p4.(3P<1>).6f""","=""2[4]*""","=""7/2""",6,8,,"=""T8611""","=""L14869""",
Cs,3,"=""255.11396""","=""0.00013""","=""255.11405""","=""0.00011""","=""16000""","=""2.23e+07""",,"=""144535.128""","=""183721.523""","=""5s2.5p4.(1D<2>).5d""","=""2[4]""","=""7/2""","=""5s2.5p4.(1D<2>).6p""","=""2[3]*""","=""7/2""",8,8,,"=""T8611""","=""L14869""",
Cs,3,"=""255.2049""","=""0.0004""","=""255.20514""","=""0.00015""","=""1600""","=""2.72e+05""",,"=""202413.948""","=""241586.357""","=""5s2.5p4.(3P<2>).6d""","=""2[3]""","=""5/2""","=""5s2.5p4.(3P<1>).6f""","=""2[2]*""","=""5/2""",6,6,,"=""T8611""","=""L14869""",
Cs,3,"=""255.48325""","=""0.00012""","=""255.48330""","=""0.00005""","=""16000""","=""1.40e+07""",,"=""144591.760""","=""183721.523""","=""5s2.5p4.(3P<0>).5d""","=""2[2]""","=""5/2""","=""5s2.5p4.(1D<2>).6p""","=""2[3]*""","=""7/2""",6,8,,"=""T8611""","=""L14869""",
Cs,3,"=""255.7230""","=""0.0003""","=""255.72294""","=""0.00006""","=""2800""","=""1.70e+07""",,"=""173526.505""","=""212619.602""","=""5s2.5p4.(3P<0>).6p""","=""2[1]*""","=""3/2""","=""5s2.5p4.(3P<1>).6d""","=""2[2]""","=""5/2""",4,6,,"=""T8611""","=""L14869""",
Cs,3,"=""256.03748""","=""0.00012""","=""256.03750""","=""0.00004""","=""72000""","=""4.28e+07""",,"=""136693.500""","=""175738.571""","=""5s2.5p4.(3P<1>).5d""","=""2[1]""","=""3/2""","=""5s2.5p4.(3P<1>).6p""","=""2[2]*""","=""3/2""",4,4,,"=""T8611""","=""L14869""",
Cs,3,"=""256.87116""","=""0.00009""","=""256.87115""","=""0.00004""","=""14000""","=""1.98e+08""",,"=""163495.585""","=""202413.948""","=""5s2.5p4.(3P<2>).6p""","=""2[3]*""","=""5/2""","=""5s2.5p4.(3P<2>).6d""","=""2[3]""","=""5/2""",6,6,,"=""T8611""","=""L14869""",
Cs,3,"=""256.9944""","=""0.0005""","=""256.99403""","=""0.00007""","=""350""","=""2.81e+06""",,"=""186593.999""","=""225493.754""","=""5s2.5p4.(1D<2>).6p""","=""2[2]*""","=""5/2""","=""5s2.5p4.(3P<2>).7d""","=""2[4]""","=""7/2""",6,8,,"=""T8611""","=""L14869""",
Cs,3,"=""257.0301""","=""0.0004""","=""257.02989""","=""0.00006""","=""3300D""","=""6.90e+06""",,"=""132419.196""","=""171313.524""","=""5s2.5p4.(3P<2>).5d""","=""2[0]""","=""1/2""","=""5s2.5p4.(3P<0>).6p""","=""2[1]*""","=""1/2""",2,2,,"=""T8611""","=""L14869""",
Cs,3,"=""257.14113""","=""0.00007""","=""257.14113""","=""0.00005""","=""10000""","=""2.60e+07""",,"=""144591.760""","=""183469.263""","=""5s2.5p4.(3P<0>).5d""","=""2[2]""","=""5/2""","=""5s2.5p4.(1D<2>).6p""","=""2[1]*""","=""3/2""",6,4,,"=""T8611""","=""L14869""",
Cs,3,"=""257.30470""","=""0.00014""","=""257.30468""","=""0.00008""","=""260000""","=""2.64e+08""",,"=""144868.730""","=""183721.523""","=""5s2.5p4.(1D<2>).5d""","=""2[4]""","=""9/2""","=""5s2.5p4.(1D<2>).6p""","=""2[3]*""","=""7/2""",10,8,,"=""T8611""","=""L14869""",
Cs,3,"=""257.4563""","=""0.0003""","=""257.45615""","=""0.00006""","=""4800""","=""1.26e+08""",,"=""173069.797""","=""211899.734""","=""5s2.5p4.(3P<1>).6p""","=""2[0]*""","=""1/2""","=""5s2.5p4.(3P<1>).6d""","=""2[1]""","=""3/2""",2,4,,"=""T8611""","=""L14869""",
Cs,3,"=""257.5122""","=""0.0003""","=""257.51199""","=""0.00010""","=""3800c""","=""1.45e+07""",,"=""156698.493""","=""195520.010""","=""5s2.5p4.(1D<2>).6s""","=""2[2]""","=""5/2""","=""5s2.5p4.(1D<2>).4f""","=""2[3]*""","=""7/2""",6,8,,"=""T8611""","=""L14869""",
Cs,3,"=""257.8623""","=""0.0005""","=""257.86220""","=""0.00007""","=""100""","=""1.36e+00""",,"=""170335.312""","=""209104.107""","=""5s2.5p4.(3P<2>).4f""","=""2[2]*""","=""3/2""","=""5s2.5p4.(3P<0>).6d""","=""2[2]""","=""5/2""",4,6,,"=""T8611""","=""L14869""",
Cs,3,"=""258.5171""","=""0.0003""","=""258.51729""","=""0.00004""","=""4500""","=""1.59e+06""",,"=""142067.732""","=""180738.292""","=""5s2.5p4.(3P<1>).5d""","=""2[2]""","=""5/2""","=""5s2.5p4.(3P<2>).4f""","=""2[4]*""","=""7/2""",6,8,,"=""T8611""","=""L14869""",
Cs,3,"=""258.6343""","=""0.0003""","=""258.63422""","=""0.00003""","=""2800""","=""9.05e+06""",,"=""160647.193""","=""199300.271""","=""5s2.5p4.(3P<2>).6p""","=""2[2]*""","=""3/2""","=""5s2.5p4.(3P<2>).7s""","=""2[2]""","=""3/2""",4,4,,"=""T8611""","=""L14869""",
Cs,3,"=""258.9130""","=""0.0003""","=""258.91288""","=""0.00009""","=""2000""","=""2.65e+07""",,"=""163495.585""","=""202107.065""","=""5s2.5p4.(3P<2>).6p""","=""2[3]*""","=""5/2""","=""5s2.5p4.(3P<2>).6d""","=""2[1]""","=""3/2""",6,4,,"=""T8611""","=""L14869""",
Cs,3,"=""258.92783""","=""0.00009""","=""258.92761""","=""0.00007""","=""11000""","=""1.82e+06""",,"=""137785.195""","=""176394.478""","=""5s2.5p4.(3P<1>).5d""","=""2[3]""","=""7/2""","=""5s2.5p4.(3P<2>).4f""","=""2[5]*""","=""9/2""",8,10,,"=""T8611""","=""L14869""",
Cs,3,"=""259.11569""","=""0.00013""","=""259.11569""","=""0.00009""","=""9600""","=""2.11e+08""",,"=""163525.805""","=""202107.065""","=""5s2.5p4.(3P<2>).6p""","=""2[1]*""","=""1/2""","=""5s2.5p4.(3P<2>).6d""","=""2[1]""","=""3/2""",2,4,,"=""T8611""","=""L14869""",
Cs,3,"=""259.1365""","=""0.0004""","=""259.1367""","=""0.0003""","=""2300""","=""3.39e+07""",,"=""173526.505""","=""212104.640""","=""5s2.5p4.(3P<0>).6p""","=""2[1]*""","=""3/2""","=""5s2.5p4.(3P<1>).7s""","=""2[1]""","=""1/2""",4,2,,"=""T8611""","=""L14869""",
Cs,3,"=""259.2276""","=""0.0005""","=""259.22768""","=""0.00015""","=""130""","=""2.38e+05""",,"=""189355.684""","=""227920.278""","=""5s2.5p4.(1D<2>).4f""","=""2[2]*""","=""5/2""","=""5s2.5p4.(3P<2>).5g""","=""2[2]""","=""3/2""",6,4,,"=""T8611""","=""L14869""",
Cs,3,"=""259.3068""","=""0.0003""","=""259.30676""","=""0.00005""","=""2300""","=""1.11e+06""",,"=""131782.478""","=""170335.312""","=""5s2.5p4.(3P<2>).5d""","=""2[1]""","=""3/2""","=""5s2.5p4.(3P<2>).4f""","=""2[2]*""","=""3/2""",4,4,,"=""T8611""","=""L14869""",
Cs,3,"=""259.68574""","=""0.00005""","=""259.68579""","=""0.00006""","=""600000""","=""2.83e+08""",,"=""137785.195""","=""176281.761""","=""5s2.5p4.(3P<1>).5d""","=""2[3]""","=""7/2""","=""5s2.5p4.(3P<1>).6p""","=""2[2]*""","=""5/2""",8,6,,"=""T8611""","=""L14869""",
Cs,3,"=""259.7773""","=""0.0004""","=""259.77740""","=""0.00004""","=""2100""","=""5.58e+06""",,"=""163930.957""","=""202413.948""","=""5s2.5p4.(3P<2>).6p""","=""2[3]*""","=""7/2""","=""5s2.5p4.(3P<2>).6d""","=""2[3]""","=""5/2""",8,6,,"=""T8611""","=""L14869""",
Cs,3,"=""260.03109""","=""0.00006""","=""260.03111""","=""0.00004""","=""140000""","=""2.09e+08""",,"=""135081.058""","=""173526.505""","=""5s2.5p4.(3P<1>).5d""","=""2[3]""","=""5/2""","=""5s2.5p4.(3P<0>).6p""","=""2[1]*""","=""3/2""",6,4,,"=""T8611""","=""L14869""",
Cs,3,"=""260.0527""","=""0.0005""","=""260.05277""","=""0.00021""","=""3300h""","=""1.32e+07""",,"=""180738.292""","=""219180.537""","=""5s2.5p4.(3P<2>).4f""","=""2[4]*""","=""7/2""","=""5s2.5p4.(1D<2>).7s""","=""2[2]""","=""5/2""",8,6,,"=""T8611""","=""L14869""",
Cs,3,"=""260.2353""","=""0.0005""","=""260.23556""","=""0.00012""","=""2400p""","=""1.63e+07""",,"=""189355.684""","=""227770.928""","=""5s2.5p4.(1D<2>).4f""","=""2[2]*""","=""5/2""","=""5s2.5p4.(3P<2>).5g""","=""2[3]""","=""7/2""",6,8,,"=""T8611""","=""L14869""",
Cs,3,"=""260.24690""","=""0.00015""","=""260.24686""","=""0.00013""","=""10000""","=""2.92e+06""",,"=""153011.345""","=""191424.921""","=""5s2.5p4.(1D<2>).5d""","=""2[3]""","=""7/2""","=""5s2.5p4.(1D<2>).4f""","=""2[5]*""","=""9/2""",8,10,,"=""T8611""","=""L14869""",
Cs,3,"=""260.37067""","=""0.00016""","=""260.37069""","=""0.00008""","=""16000h""","=""5.10e+07""",,"=""180738.292""","=""219133.601""","=""5s2.5p4.(3P<2>).4f""","=""2[4]*""","=""7/2""","=""5s2.5p4.(1D<2>).6d""","=""2[4]""","=""9/2""",8,10,,"=""T8611""","=""L14869""",
Cs,3,"=""260.4351""","=""0.0005""","=""260.43389""","=""0.00012""","=""380bl,h*""","=""1.73e+07""",,"=""202440.470""","=""240826.462""","=""5s2.5p4.(1D<2>).4f""","=""2[3]*""","=""5/2""","=""5s2.5p4.(3P<1>).5g""","=""2[4]""","=""7/2""",6,8,,"=""T8611""","=""L14869""",
Cs,3,"=""260.4351""","=""0.0005""","=""260.43626""","=""0.00008""","=""380bl,h*""","=""8.60e+04""",,"=""186593.999""","=""224979.641""","=""5s2.5p4.(1D<2>).6p""","=""2[2]*""","=""5/2""","=""5s2.5p4.(3P<2>).7d""","=""2[2]""","=""5/2""",6,6,,"=""T8611""","=""L14869""",
Cs,3,"=""260.5206""","=""0.0003""","=""260.52051""","=""0.00006""","=""9000""","=""1.46e+08""",,"=""173526.505""","=""211899.734""","=""5s2.5p4.(3P<0>).6p""","=""2[1]*""","=""3/2""","=""5s2.5p4.(3P<1>).6d""","=""2[1]""","=""3/2""",4,4,,"=""T8611""","=""L14869""",
Cs,3,"=""260.54438""","=""0.00005""","=""260.54439""","=""0.00003""","=""150000""","=""1.79e+08""",,"=""161132.553""","=""199502.265""","=""5s2.5p4.(3P<2>).6p""","=""2[2]*""","=""5/2""","=""5s2.5p4.(3P<2>).6d""","=""2[4]""","=""7/2""",6,8,,"=""T8611""","=""L14869""",
Cs,3,"=""261.01232""","=""0.00005""","=""261.01237""","=""0.00006""","=""230000""","=""4.80e+07""",,"=""122346.271""","=""160647.193""","=""5s2.5p4.(3P<2>).5d""","=""2[1]""","=""1/2""","=""5s2.5p4.(3P<2>).6p""","=""2[2]*""","=""3/2""",2,4,,"=""T8611""","=""L14869""",
Cs,3,"=""261.1584""","=""0.0003""","=""261.15818""","=""0.00016""","=""2900""","=""3.15e+07""",,"=""175738.571""","=""214018.110""","=""5s2.5p4.(3P<1>).6p""","=""2[2]*""","=""3/2""","=""5s2.5p4.(3P<1>).6d""","=""2[2]""","=""3/2""",4,4,,"=""T8611""","=""L14869""",
Cs,3,"=""261.2037""","=""0.0005""","=""261.20305""","=""0.00006""","=""2300p""","=""5.65e+06""",,"=""140794.613""","=""179067.577""","=""5s2.5p4.(3P<1>).5d""","=""2[2]""","=""3/2""","=""5s2.5p4.(3P<2>).4f""","=""2[2]*""","=""5/2""",4,6,,"=""T8611""","=""L14869""",
Cs,3,"=""261.46691""","=""0.00008""","=""261.46696""","=""0.00008""","=""17000""","=""3.05e+08""",,"=""173069.797""","=""211304.133""","=""5s2.5p4.(3P<1>).6p""","=""2[0]*""","=""1/2""","=""5s2.5p4.(3P<1>).7s""","=""2[1]""","=""3/2""",2,4,,"=""T8611""","=""L14869""",
Cs,3,"=""261.62842""","=""0.00008""","=""261.62831""","=""0.00010""","=""34000""","=""5.50e+08""",,"=""160647.193""","=""198857.951""","=""5s2.5p4.(3P<2>).6p""","=""2[2]*""","=""3/2""","=""5s2.5p4.(3P<2>).6d""","=""2[1]""","=""1/2""",4,2,,"=""T8611""","=""L14869""",
Cs,3,"=""261.6940""","=""0.0005""","=""261.69395""","=""0.00011""","=""380""","=""1.14e+07""",,"=""189439.279""","=""227640.453""","=""5s2.5p4.(3P<1>).4f""","=""2[3]*""","=""7/2""","=""5s2.5p4.(3P<2>).5g""","=""2[4]""","=""9/2""",8,10,,"=""T8611""","=""L14869""",
Cs,3,"=""261.7865""","=""0.0005""","=""261.78658""","=""0.00012""","=""200""","=""4.35e+06""",,"=""189439.279""","=""227626.936""","=""5s2.5p4.(3P<1>).4f""","=""2[3]*""","=""7/2""","=""5s2.5p4.(3P<2>).5g""","=""2[4]""","=""7/2""",8,8,,"=""T8611""","=""L14869""",
Cs,3,"=""261.8638""","=""0.0003""","=""261.86390""","=""0.00007""","=""1300""","=""1.20e+07""",,"=""189439.279""","=""227615.662""","=""5s2.5p4.(3P<1>).4f""","=""2[3]*""","=""7/2""","=""5s2.5p4.(3P<2>).5g""","=""2[5]""","=""9/2""",8,10,,"=""T8611""","=""L14869""",
Cs,3,"=""261.9231""","=""0.0003""","=""261.92335""","=""0.00003""","=""10000""","=""7.13e+07""",,"=""161132.553""","=""199300.271""","=""5s2.5p4.(3P<2>).6p""","=""2[2]*""","=""5/2""","=""5s2.5p4.(3P<2>).7s""","=""2[2]""","=""3/2""",6,4,,"=""T8611""","=""L14869""",
Cs,3,"=""262.0773""","=""0.0005""","=""262.07744""","=""0.00009""","=""1800h""","=""4.34e+05""",,"=""153011.345""","=""191156.624""","=""5s2.5p4.(1D<2>).5d""","=""2[3]""","=""7/2""","=""5s2.5p4.(3P<1>).4f""","=""2[4]*""","=""7/2""",8,8,,"=""T8611""","=""L14869""",
Cs,3,"=""262.0940""","=""0.0005""","=""262.09325""","=""0.00009""","=""300p""","=""2.08e+06""",,"=""186593.999""","=""224736.976""","=""5s2.5p4.(1D<2>).6p""","=""2[2]*""","=""5/2""","=""5s2.5p4.(3P<2>).8s""","=""2[2]""","=""5/2""",6,6,,"=""T8611""","=""L14869""",
Cs,3,"=""262.2316""","=""0.0003""","=""262.23153""","=""0.00011""","=""1800h""","=""2.25e+06""",,"=""180738.292""","=""218861.157""","=""5s2.5p4.(3P<2>).4f""","=""2[4]*""","=""7/2""","=""5s2.5p4.(1D<2>).6d""","=""2[4]""","=""7/2""",8,8,,"=""T8611""","=""L14869""",
Cs,3,"=""262.2532""","=""0.0005""","=""262.25316""","=""0.00017""","=""1000h""","=""1.64e+07""",,"=""199338.813""","=""237458.534""","=""5s2.5p4.(1D<2>).4f""","=""2[4]*""","=""7/2""","=""5s2.5p4.(3P<0>).5g""","=""2[4]""","=""9/2""",8,10,,"=""T8611""","=""L14869""",
Cs,3,"=""262.3576""","=""0.0005""","=""262.35786""","=""0.00014""","=""2000""","=""5.81e+07""",,"=""202440.470""","=""240544.980""","=""5s2.5p4.(1D<2>).4f""","=""2[3]*""","=""5/2""","=""5s2.5p4.(3P<1>).5g""","=""2[3]""","=""7/2""",6,8,,"=""T8611""","=""L14869""",
Cs,3,"=""262.4067""","=""0.0005""","=""262.40664""","=""0.00005""","=""1100""","=""2.18e+06""",,"=""138543.477""","=""176640.903""","=""5s2.5p4.(3P<2>).6s""","=""2[2]""","=""3/2""","=""5s2.5p4.(3P<2>).4f""","=""2[1]*""","=""1/2""",4,2,,"=""T8611""","=""L14869""",
Cs,3,"=""262.7496""","=""0.0003""","=""262.74966""","=""0.00005""","=""2500""","=""5.15e+04""",,"=""133265.831""","=""171313.524""","=""5s2.5p4.(3P<1>).5d""","=""2[1]""","=""1/2""","=""5s2.5p4.(3P<0>).6p""","=""2[1]*""","=""1/2""",2,2,,"=""T8611""","=""L14869""",
Cs,3,"=""262.8988""","=""0.0005""","=""262.89900""","=""0.00008""","=""6000""","=""2.55e+06""",,"=""145443.182""","=""183469.263""","=""5s2.5p4.(3P<0>).6s""","=""2[0]""","=""1/2""","=""5s2.5p4.(1D<2>).6p""","=""2[1]*""","=""3/2""",2,4,,"=""T8611""","=""L14869""",
Cs,3,"=""262.9536""","=""0.0004""","=""262.95393""","=""0.00007""","=""2000""","=""1.44e+06""",,"=""148575.860""","=""186593.999""","=""5s2.5p4.(3P<1>).6s""","=""2[1]""","=""3/2""","=""5s2.5p4.(1D<2>).6p""","=""2[2]*""","=""5/2""",4,6,,"=""T8611""","=""L14869""",
Cs,3,"=""263.05098""","=""0.00006""","=""263.05101""","=""0.00006""","=""1500000""","=""2.91e+08""",,"=""125926.848""","=""163930.957""","=""5s2.5p4.(3P<2>).5d""","=""2[4]""","=""9/2""","=""5s2.5p4.(3P<2>).6p""","=""2[3]*""","=""7/2""",10,8,,"=""T8611""","=""L14869""",
Cs,3,"=""263.2871""","=""0.0005""","=""263.2868""","=""0.0005""","=""1500""","=""3.80e+06""",,"=""182505.260""","=""220475.332""","=""5s2.5p4.(3P<1>).4f""","=""2[2]*""","=""3/2""","=""5s2.5p4.(1D<2>).6d""","=""2[0]""","=""1/2""",4,2,,"=""T8611""","=""L14869""",
Cs,3,"=""263.42143""","=""0.00007""","=""263.42140""","=""0.00008""","=""40000""","=""1.42e+08""",,"=""164489.795""","=""202440.470""","=""5s2.5p4.(1D<2>).5d""","=""2[2]""","=""3/2""","=""5s2.5p4.(1D<2>).4f""","=""2[3]*""","=""5/2""",4,6,,"=""T8611""","=""L14869""",
Cs,3,"=""263.6052""","=""0.0004""","=""263.6054""","=""0.0004""","=""7000""","=""3.10e+08""",,"=""181544.785""","=""219468.972""","=""5s2.5p4.(1D<2>).6p""","=""2[3]*""","=""5/2""","=""5s2.5p4.(1D<2>).7s""","=""2[2]""","=""3/2""",6,4,,"=""T8611""","=""L14869""",
Cs,3,"=""263.6616""","=""0.0003""","=""263.66151""","=""0.00007""","=""4500D""","=""7.98e+02""",,"=""132419.196""","=""170335.312""","=""5s2.5p4.(3P<2>).5d""","=""2[0]""","=""1/2""","=""5s2.5p4.(3P<2>).4f""","=""2[2]*""","=""3/2""",2,4,,"=""T8611""","=""L14869""",
Cs,3,"=""263.6797""","=""0.0003""","=""263.67971""","=""0.00007""","=""2800""","=""7.35e+05""",,"=""144591.760""","=""182505.260""","=""5s2.5p4.(3P<0>).5d""","=""2[2]""","=""5/2""","=""5s2.5p4.(3P<1>).4f""","=""2[2]*""","=""3/2""",6,4,,"=""T8611""","=""L14869""",
Cs,3,"=""264.0263""","=""0.0002""","=""264.02636""","=""0.00009""","=""29000D""","=""4.80e+07""",,"=""150467.268""","=""188330.992""","=""5s2.5p4.(3P<1>).6s""","=""2[1]""","=""1/2""","=""5s2.5p4.(1D<2>).6p""","=""2[1]*""","=""1/2""",2,2,,"=""T8611""","=""L14869""",
Cs,3,"=""264.26363""","=""0.00009""","=""264.26367""","=""0.00006""","=""75000""","=""2.93e+08""",,"=""160647.193""","=""198476.917""","=""5s2.5p4.(3P<2>).6p""","=""2[2]*""","=""3/2""","=""5s2.5p4.(3P<2>).7s""","=""2[2]""","=""5/2""",4,6,,"=""T8611""","=""L14869""",
Cs,3,"=""264.3494""","=""0.0003""","=""264.34956""","=""0.00004""","=""4500""","=""5.72e+04""",,"=""138464.327""","=""176281.761""","=""5s2.5p4.(3P<2>).5d""","=""2[3]""","=""5/2""","=""5s2.5p4.(3P<1>).6p""","=""2[2]*""","=""5/2""",6,6,,"=""T8611""","=""L14869""",
Cs,3,"=""264.62096""","=""0.00008""","=""264.62093""","=""0.00004""","=""20000""","=""2.80e+07""",,"=""135747.850""","=""173526.505""","=""5s2.5p4.(3P<0>).5d""","=""2[2]""","=""3/2""","=""5s2.5p4.(3P<0>).6p""","=""2[1]*""","=""3/2""",4,4,,"=""T8611""","=""L14869""",
Cs,3,"=""264.6277""","=""0.0014""","=""264.62812""","=""0.00008""","=""1500bl""","=""5.78e+06""",,"=""173526.505""","=""211304.133""","=""5s2.5p4.(3P<0>).6p""","=""2[1]*""","=""3/2""","=""5s2.5p4.(3P<1>).7s""","=""2[1]""","=""3/2""",4,4,,"=""T8611""","=""L14869""",
Cs,3,"=""264.6940""","=""0.0005""","=""264.69399""","=""0.00023""","=""75c""","=""3.38e+02""",,"=""199695.552""","=""237463.780""","=""5s2.5p4.(1D<2>).4f""","=""2[4]*""","=""9/2""","=""5s2.5p4.(3P<0>).5g""","=""2[4]""","=""7/2""",10,8,,"=""T8611""","=""L14869""",
Cs,3,"=""264.90405""","=""0.00009""","=""264.90402""","=""0.00004""","=""14000""","=""5.10e+06""",,"=""138543.477""","=""176281.761""","=""5s2.5p4.(3P<2>).6s""","=""2[2]""","=""3/2""","=""5s2.5p4.(3P<1>).6p""","=""2[2]*""","=""5/2""",4,6,,"=""T8611""","=""L14869""",
Cs,3,"=""265.07446""","=""0.00005""","=""265.07452""","=""0.00005""","=""44000""","=""1.77e+08""",,"=""140794.613""","=""178508.625""","=""5s2.5p4.(3P<1>).5d""","=""2[2]""","=""3/2""","=""5s2.5p4.(3P<1>).6p""","=""2[1]*""","=""1/2""",4,2,,"=""T8611""","=""L14869""",
Cs,3,"=""265.20196""","=""0.00008""","=""265.20190""","=""0.00007""","=""66000""","=""5.60e+08""",,"=""160647.193""","=""198343.092""","=""5s2.5p4.(3P<2>).6p""","=""2[2]*""","=""3/2""","=""5s2.5p4.(3P<2>).6d""","=""2[2]""","=""3/2""",4,4,,"=""T8611""","=""L14869""",
Cs,3,"=""265.6260""","=""0.0004""","=""265.62575""","=""0.00022""","=""5300h""","=""4.75e+07""",,"=""181544.785""","=""219180.537""","=""5s2.5p4.(1D<2>).6p""","=""2[3]*""","=""5/2""","=""5s2.5p4.(1D<2>).7s""","=""2[2]""","=""5/2""",6,6,,"=""T8611""","=""L14869""",
Cs,3,"=""265.68867""","=""0.00007""","=""265.68869""","=""0.00009""","=""13000""","=""6.10e+08""",,"=""173069.797""","=""210696.634""","=""5s2.5p4.(3P<1>).6p""","=""2[0]*""","=""1/2""","=""5s2.5p4.(3P<1>).6d""","=""2[1]""","=""1/2""",2,2,,"=""T8611""","=""L14869""",
Cs,3,"=""265.8366""","=""0.0005""","=""265.83639""","=""0.00018""","=""1100""","=""6.20e+05""",,"=""171114.803""","=""208720.735""","=""5s2.5p4.(1D<2>).5d""","=""2[0]""","=""1/2""","=""5s2.5p4.(3P<2>).7p""","=""2[1]*""","=""3/2""",2,4,,"=""T8611""","=""L14869""",
Cs,3,"=""265.8720""","=""0.0002""","=""265.87199""","=""0.00012""","=""16000c""","=""1.11e+08""",,"=""164489.795""","=""202090.692""","=""5s2.5p4.(1D<2>).5d""","=""2[2]""","=""3/2""","=""5s2.5p4.(1D<2>).4f""","=""2[2]*""","=""3/2""",4,4,,"=""T8611""","=""L14869""",
Cs,3,"=""265.9907""","=""0.0005""","=""265.99040""","=""0.00013""","=""1000s""","=""2.58e+06""",,"=""148575.860""","=""186160.020""","=""5s2.5p4.(3P<1>).6s""","=""2[1]""","=""3/2""","=""5s2.5p4.(3P<1>).4f""","=""2[2]*""","=""5/2""",4,6,,"=""T8611""","=""L14869""",
Cs,3,"=""266.0996""","=""0.0005""","=""266.10024""","=""0.00011""","=""25h""","=""4.28e+04""",,"=""171189.785""","=""208758.432""","=""5s2.5p4.(1S<0>).5d""","=""2[2]""","=""5/2""","=""5s2.5p4.(3P<2>).7p""","=""2[2]*""","=""5/2""",6,6,,"=""T8611""","=""L14869""",
Cs,3,"=""266.2324""","=""0.0005""","=""266.23214""","=""0.00008""","=""750c""","=""4.53e+05""",,"=""148575.860""","=""186125.895""","=""5s2.5p4.(3P<1>).6s""","=""2[1]""","=""3/2""","=""5s2.5p4.(1D<2>).6p""","=""2[2]*""","=""3/2""",4,4,,"=""T8611""","=""L14869""",
Cs,3,"=""266.3677""","=""0.0005""","=""266.36753""","=""0.00012""","=""250""","=""4.20e+04""",,"=""171189.785""","=""208720.735""","=""5s2.5p4.(1S<0>).5d""","=""2[2]""","=""5/2""","=""5s2.5p4.(3P<2>).7p""","=""2[1]*""","=""3/2""",6,4,,"=""T8611""","=""L14869""",
Cs,3,"=""266.7004""","=""0.0005""","=""266.70073""","=""0.00017""","=""1500h""","=""3.12e+05""",,"=""202440.470""","=""239924.534""","=""5s2.5p4.(1D<2>).4f""","=""2[3]*""","=""5/2""","=""5s2.5p4.(3P<2>).6g""","=""2[3]""","=""5/2""",6,6,,"=""T8611""","=""L14869""",
Cs,3,"=""266.8801""","=""0.0002""","=""266.88010""","=""0.00022""","=""7200""","=""3.59e+08""",,"=""163525.805""","=""200984.677""","=""5s2.5p4.(3P<2>).6p""","=""2[1]*""","=""1/2""","=""5s2.5p4.(3P<2>).6d""","=""2[0]""","=""1/2""",2,2,,"=""T8611""","=""L14869""",
Cs,3,"=""266.97933""","=""0.00009""","=""266.97936""","=""0.00007""","=""11000""","=""3.92e+08""",,"=""175738.571""","=""213183.517""","=""5s2.5p4.(3P<1>).6p""","=""2[2]*""","=""3/2""","=""5s2.5p4.(3P<1>).6d""","=""2[3]""","=""5/2""",4,6,,"=""T8611""","=""L14869""",
Cs,3,"=""267.1172""","=""0.0004""","=""267.11731""","=""0.00013""","=""3100""","=""1.57e+07""",,"=""183469.263""","=""220894.873""","=""5s2.5p4.(1D<2>).6p""","=""2[1]*""","=""3/2""","=""5s2.5p4.(1D<2>).6d""","=""2[3]""","=""5/2""",4,6,,"=""T8611""","=""L14869""",
Cs,3,"=""267.16942""","=""0.00006""","=""267.16946""","=""0.00006""","=""26000""","=""1.10e+08""",,"=""160647.193""","=""198065.497""","=""5s2.5p4.(3P<2>).6p""","=""2[2]*""","=""3/2""","=""5s2.5p4.(3P<2>).6d""","=""2[2]""","=""5/2""",4,6,,"=""T8611""","=""L14869""",
Cs,3,"=""267.4631""","=""0.0002""","=""267.46324""","=""0.00017""","=""9000""","=""3.10e+07""",,"=""176640.903""","=""214018.110""","=""5s2.5p4.(3P<2>).4f""","=""2[1]*""","=""1/2""","=""5s2.5p4.(3P<1>).6d""","=""2[2]""","=""3/2""",2,4,,"=""T8611""","=""L14869""",
Cs,3,"=""267.6984""","=""0.0002""","=""267.69848""","=""0.00006""","=""12000""","=""2.87e+07""",,"=""161132.553""","=""198476.917""","=""5s2.5p4.(3P<2>).6p""","=""2[2]*""","=""5/2""","=""5s2.5p4.(3P<2>).7s""","=""2[2]""","=""5/2""",6,6,,"=""T8611""","=""L14869""",
Cs,3,"=""267.8593""","=""0.0002""","=""267.85928""","=""0.00005""","=""6600""","=""2.33e+07""",,"=""135747.850""","=""173069.797""","=""5s2.5p4.(3P<0>).5d""","=""2[2]""","=""3/2""","=""5s2.5p4.(3P<1>).6p""","=""2[0]*""","=""1/2""",4,2,,"=""T8611""","=""L14869""",
Cs,3,"=""267.89917""","=""0.00006""","=""267.89930""","=""0.00013""","=""35000""","=""7.09e+08""",,"=""181544.785""","=""218861.157""","=""5s2.5p4.(1D<2>).6p""","=""2[3]*""","=""5/2""","=""5s2.5p4.(1D<2>).6d""","=""2[4]""","=""7/2""",6,8,,"=""T8611""","=""L14869""",
Cs,3,"=""268.12328""","=""0.00018""","=""268.12344""","=""0.00013""","=""17000""","=""5.88e+08""",,"=""171313.524""","=""208598.702""","=""5s2.5p4.(3P<0>).6p""","=""2[1]*""","=""1/2""","=""5s2.5p4.(3P<0>).6d""","=""2[2]""","=""3/2""",2,4,,"=""T8611""","=""L14869""",
Cs,3,"=""268.20205""","=""0.00005""","=""268.20210""","=""0.00004""","=""34000""","=""3.95e+07""",,"=""138464.327""","=""175738.571""","=""5s2.5p4.(3P<2>).5d""","=""2[3]""","=""5/2""","=""5s2.5p4.(3P<1>).6p""","=""2[2]*""","=""3/2""",6,4,,"=""T8611""","=""L14869""",
Cs,3,"=""268.66128""","=""0.00008""","=""268.66129""","=""0.00007""","=""27000""","=""1.59e+08""",,"=""161132.553""","=""198343.092""","=""5s2.5p4.(3P<2>).6p""","=""2[2]*""","=""5/2""","=""5s2.5p4.(3P<2>).6d""","=""2[2]""","=""3/2""",6,4,,"=""T8611""","=""L14869""",
Cs,3,"=""268.94084""","=""0.00020""","=""268.93993""","=""0.00008""","=""11000p""","=""1.63e+08""",,"=""183721.523""","=""220893.511""","=""5s2.5p4.(1D<2>).6p""","=""2[3]*""","=""7/2""","=""5s2.5p4.(1D<2>).6d""","=""2[3]""","=""7/2""",8,8,,"=""T8611""","=""L14869""",
Cs,3,"=""269.1840""","=""0.0003""","=""269.18460""","=""0.00014""","=""3600""","=""2.13e+08""",,"=""171313.524""","=""208451.728""","=""5s2.5p4.(3P<0>).6p""","=""2[1]*""","=""1/2""","=""5s2.5p4.(3P<0>).7s""","=""2[0]""","=""1/2""",2,2,,"=""T8611""","=""L14869""",
Cs,3,"=""270.03153""","=""0.00005""","=""270.03151""","=""0.00004""","=""220000""","=""3.56e+08""",,"=""161132.553""","=""198154.285""","=""5s2.5p4.(3P<2>).6p""","=""2[2]*""","=""5/2""","=""5s2.5p4.(3P<2>).6d""","=""2[3]""","=""7/2""",6,8,,"=""T8611""","=""L14869""",
Cs,3,"=""270.07231""","=""0.00013""","=""270.07232""","=""0.00009""","=""96000""","=""1.82e+08""",,"=""160991.868""","=""198008.006""","=""5s2.5p4.(1D<2>).5d""","=""2[1]""","=""3/2""","=""5s2.5p4.(3P<1>).4f""","=""2[3]*""","=""5/2""",4,6,,"=""T8611""","=""L14869""",
Cs,3,"=""270.11982""","=""0.00013""","=""270.11962""","=""0.00013""","=""430000""","=""2.52e+08""",,"=""144535.128""","=""181544.785""","=""5s2.5p4.(1D<2>).5d""","=""2[4]""","=""7/2""","=""5s2.5p4.(1D<2>).6p""","=""2[3]*""","=""5/2""",8,6,,"=""T8611""","=""L14869""",
Cs,3,"=""270.53363""","=""0.00014""","=""270.53361""","=""0.00008""","=""15000""","=""8.43e+06""",,"=""144591.760""","=""181544.785""","=""5s2.5p4.(3P<0>).5d""","=""2[2]""","=""5/2""","=""5s2.5p4.(1D<2>).6p""","=""2[3]*""","=""5/2""",6,6,,"=""T8611""","=""L14869""",
Cs,3,"=""270.68067""","=""0.00009""","=""270.68071""","=""0.00006""","=""140000""","=""6.10e+08""",,"=""161132.553""","=""198065.497""","=""5s2.5p4.(3P<2>).6p""","=""2[2]*""","=""5/2""","=""5s2.5p4.(3P<2>).6d""","=""2[2]""","=""5/2""",6,6,,"=""T8611""","=""L14869""",
Cs,3,"=""271.0614""","=""0.0002""","=""271.06174""","=""0.00007""","=""3600""","=""5.27e+07""",,"=""175738.571""","=""212619.602""","=""5s2.5p4.(3P<1>).6p""","=""2[2]*""","=""3/2""","=""5s2.5p4.(3P<1>).6d""","=""2[2]""","=""5/2""",4,6,,"=""T8611""","=""L14869""",
Cs,3,"=""271.1712""","=""0.0002""","=""271.17159""","=""0.00010""","=""3000""","=""6.03e+07""",,"=""183469.263""","=""220335.354""","=""5s2.5p4.(1D<2>).6p""","=""2[1]*""","=""3/2""","=""5s2.5p4.(1D<2>).6d""","=""2[2]""","=""5/2""",4,6,,"=""T8611""","=""L14869""",
Cs,3,"=""271.4153""","=""0.0003""","=""271.41519""","=""0.00005""","=""6000""","=""5.50e+06""",,"=""136693.500""","=""173526.505""","=""5s2.5p4.(3P<1>).5d""","=""2[1]""","=""3/2""","=""5s2.5p4.(3P<0>).6p""","=""2[1]*""","=""3/2""",4,4,,"=""T8611""","=""L14869""",
Cs,3,"=""274.07484""","=""0.00009""","=""274.07483""","=""0.00008""","=""21000""","=""1.11e+08""",,"=""162863.218""","=""199338.813""","=""5s2.5p4.(1D<2>).5d""","=""2[2]""","=""5/2""","=""5s2.5p4.(1D<2>).4f""","=""2[4]*""","=""7/2""",6,8,,"=""T8611""","=""L14869""",
Cs,3,"=""274.82297""","=""0.00013""","=""274.82302""","=""0.00005""","=""52000""","=""1.13e+08""",,"=""136693.500""","=""173069.797""","=""5s2.5p4.(3P<1>).5d""","=""2[1]""","=""3/2""","=""5s2.5p4.(3P<1>).6p""","=""2[0]*""","=""1/2""",4,2,,"=""T8611""","=""L14869""",
Cs,3,"=""275.0640""","=""0.0003""","=""275.06469""","=""0.00013""","=""10000""","=""8.13e+06""",,"=""153011.345""","=""189355.684""","=""5s2.5p4.(1D<2>).5d""","=""2[3]""","=""7/2""","=""5s2.5p4.(1D<2>).4f""","=""2[2]*""","=""5/2""",8,6,,"=""T8611""","=""L14869""",
Cs,3,"=""275.11380""","=""0.00008""","=""275.11388""","=""0.00007""","=""12000""","=""1.43e+08""",,"=""176281.761""","=""212619.602""","=""5s2.5p4.(3P<1>).6p""","=""2[2]*""","=""5/2""","=""5s2.5p4.(3P<1>).6d""","=""2[2]""","=""5/2""",6,6,,"=""T8611""","=""L14869""",
Cs,3,"=""275.7409""","=""0.0003""","=""275.74057""","=""0.00018""","=""19000""","=""1.43e+08""",,"=""165835.434""","=""202090.692""","=""5s2.5p4.(1D<2>).5d""","=""2[1]""","=""1/2""","=""5s2.5p4.(1D<2>).4f""","=""2[2]*""","=""3/2""",2,4,,"=""T8611""","=""L14869""",
Cs,3,"=""276.45806""","=""0.00012""","=""276.45811""","=""0.00007""","=""6000""","=""2.24e+08""",,"=""175738.571""","=""211899.734""","=""5s2.5p4.(3P<1>).6p""","=""2[2]*""","=""3/2""","=""5s2.5p4.(3P<1>).6d""","=""2[1]""","=""3/2""",4,4,,"=""T8611""","=""L14869""",
Cs,3,"=""277.44918""","=""0.00011""","=""277.44921""","=""0.00008""","=""84000""","=""1.39e+08""",,"=""150093.899""","=""186125.895""","=""5s2.5p4.(1D<2>).5d""","=""2[3]""","=""5/2""","=""5s2.5p4.(1D<2>).6p""","=""2[2]*""","=""3/2""",6,4,,"=""T8611""","=""L14869""",
Cs,3,"=""277.64427""","=""0.00005""","=""277.64429""","=""0.00004""","=""230000""","=""5.26e+08""",,"=""163495.585""","=""199502.265""","=""5s2.5p4.(3P<2>).6p""","=""2[3]*""","=""5/2""","=""5s2.5p4.(3P<2>).6d""","=""2[4]""","=""7/2""",6,8,,"=""T8611""","=""L14869""",
Cs,3,"=""277.91785""","=""0.00010""","=""277.91797""","=""0.00006""","=""19000""","=""2.58e+07""",,"=""132419.196""","=""168390.420""","=""5s2.5p4.(3P<2>).5d""","=""2[0]""","=""1/2""","=""5s2.5p4.(3P<2>).6p""","=""2[1]*""","=""3/2""",2,4,,"=""T8611""","=""L14869""",
Cs,3,"=""278.41655""","=""0.00006""","=""278.41653""","=""0.00015""","=""32000""","=""3.05e+08""",,"=""171189.785""","=""207096.599""","=""5s2.5p4.(1S<0>).5d""","=""2[2]""","=""5/2""","=""5s2.5p4.(1S<0>).6p""","=""2[1]*""","=""3/2""",6,4,,"=""T8611""","=""L14869""",
Cs,3,"=""278.70563""","=""0.00013""","=""278.70569""","=""0.00009""","=""78000""","=""1.31e+07""",,"=""144868.730""","=""180738.292""","=""5s2.5p4.(1D<2>).5d""","=""2[4]""","=""9/2""","=""5s2.5p4.(3P<2>).4f""","=""2[4]*""","=""7/2""",10,8,,"=""T8611""","=""L14869""",
Cs,3,"=""278.82581""","=""0.00011""","=""278.82586""","=""0.00004""","=""90000""","=""1.23e+08""",,"=""142067.732""","=""177921.836""","=""5s2.5p4.(3P<1>).5d""","=""2[2]""","=""5/2""","=""5s2.5p4.(3P<1>).6p""","=""2[1]*""","=""3/2""",6,4,,"=""T8611""","=""L14869""",
Cs,3,"=""278.88664""","=""0.00005""","=""278.88664""","=""0.00006""","=""22000""","=""9.95e+06""",,"=""140794.613""","=""176640.903""","=""5s2.5p4.(3P<1>).5d""","=""2[2]""","=""3/2""","=""5s2.5p4.(3P<2>).4f""","=""2[1]*""","=""1/2""",4,2,,"=""T8611""","=""L14869""",
Cs,3,"=""279.21069""","=""0.00007""","=""279.21072""","=""0.00003""","=""25000""","=""2.73e+08""",,"=""163495.585""","=""199300.271""","=""5s2.5p4.(3P<2>).6p""","=""2[3]*""","=""5/2""","=""5s2.5p4.(3P<2>).7s""","=""2[2]""","=""3/2""",6,4,,"=""T8611""","=""L14869""",
Cs,3,"=""279.44654""","=""0.00009""","=""279.44659""","=""0.00004""","=""19000""","=""1.42e+08""",,"=""163525.805""","=""199300.271""","=""5s2.5p4.(3P<2>).6p""","=""2[1]*""","=""1/2""","=""5s2.5p4.(3P<2>).7s""","=""2[2]""","=""3/2""",2,4,,"=""T8611""","=""L14869""",
Cs,3,"=""279.9410""","=""0.0003""","=""279.94110""","=""0.00024""","=""4800""","=""2.57e+08""",,"=""183469.263""","=""219180.537""","=""5s2.5p4.(1D<2>).6p""","=""2[1]*""","=""3/2""","=""5s2.5p4.(1D<2>).7s""","=""2[2]""","=""5/2""",4,6,,"=""T8611""","=""L14869""",
Cs,3,"=""280.99296""","=""0.00005""","=""280.99295""","=""0.00006""","=""29000""","=""5.45e+08""",,"=""173526.505""","=""209104.107""","=""5s2.5p4.(3P<0>).6p""","=""2[1]*""","=""3/2""","=""5s2.5p4.(3P<0>).6d""","=""2[2]""","=""5/2""",4,6,,"=""T8611""","=""L14869""",
Cs,3,"=""281.0427""","=""0.0002""","=""281.04267""","=""0.00004""","=""3000""","=""5.95e+06""",,"=""163930.957""","=""199502.265""","=""5s2.5p4.(3P<2>).6p""","=""2[3]*""","=""7/2""","=""5s2.5p4.(3P<2>).6d""","=""2[4]""","=""7/2""",8,8,,"=""T8611""","=""L14869""",
Cs,3,"=""281.08722""","=""0.00005""","=""281.08719""","=""0.00006""","=""160000""","=""2.47e+08""",,"=""135747.850""","=""171313.524""","=""5s2.5p4.(3P<0>).5d""","=""2[2]""","=""3/2""","=""5s2.5p4.(3P<0>).6p""","=""2[1]*""","=""1/2""",4,2,,"=""T8611""","=""L14869""",
Cs,3,"=""281.70912""","=""0.00018""","=""281.70921""","=""0.00005""","=""110000""","=""3.47e+07""",,"=""140794.613""","=""176281.761""","=""5s2.5p4.(3P<1>).5d""","=""2[2]""","=""3/2""","=""5s2.5p4.(3P<1>).6p""","=""2[2]*""","=""5/2""",4,6,,"=""T8611""","=""L14869""",
Cs,3,"=""281.9330""","=""0.0003""","=""281.93274""","=""0.00024""","=""4800""","=""2.55e+08""",,"=""183721.523""","=""219180.537""","=""5s2.5p4.(1D<2>).6p""","=""2[3]*""","=""7/2""","=""5s2.5p4.(1D<2>).7s""","=""2[2]""","=""5/2""",8,6,,"=""T8611""","=""L14869""",
Cs,3,"=""282.30632""","=""0.00019""","=""282.30644""","=""0.00010""","=""38000""","=""5.67e+08""",,"=""183721.523""","=""219133.601""","=""5s2.5p4.(1D<2>).6p""","=""2[3]*""","=""7/2""","=""5s2.5p4.(1D<2>).6d""","=""2[4]""","=""9/2""",8,10,,"=""T8611""","=""L14869""",
Cs,3,"=""282.41529""","=""0.00006""","=""282.41529""","=""0.00005""","=""72000""","=""5.48e+06""",,"=""128532.528""","=""163930.957""","=""5s2.5p4.(3P<2>).5d""","=""2[4]""","=""7/2""","=""5s2.5p4.(3P<2>).6p""","=""2[3]*""","=""7/2""",8,8,,"=""T8611""","=""L14869""",
Cs,3,"=""282.94502""","=""0.00010""","=""282.94513""","=""0.00012""","=""14000""","=""1.60e+08""",,"=""163525.805""","=""198857.951""","=""5s2.5p4.(3P<2>).6p""","=""2[1]*""","=""1/2""","=""5s2.5p4.(3P<2>).6d""","=""2[1]""","=""1/2""",2,2,,"=""T8611""","=""L14869""",
Cs,3,"=""283.51059""","=""0.00008""","=""283.51058""","=""0.00008""","=""3600""","=""1.45e+08""",,"=""177921.836""","=""213183.517""","=""5s2.5p4.(3P<1>).6p""","=""2[1]*""","=""3/2""","=""5s2.5p4.(3P<1>).6d""","=""2[3]""","=""5/2""",4,6,,"=""T8611""","=""L14869""",
Cs,3,"=""283.5702""","=""0.0002""","=""283.57031""","=""0.00006""","=""6000""","=""1.95e+06""",,"=""135081.058""","=""170335.312""","=""5s2.5p4.(3P<1>).5d""","=""2[3]""","=""5/2""","=""5s2.5p4.(3P<2>).4f""","=""2[2]*""","=""3/2""",6,4,,"=""T8611""","=""L14869""",
Cs,3,"=""283.80752""","=""0.00006""","=""283.80752""","=""0.00008""","=""66000""","=""6.48e+08""",,"=""176281.761""","=""211506.551""","=""5s2.5p4.(3P<1>).6p""","=""2[2]*""","=""5/2""","=""5s2.5p4.(3P<1>).6d""","=""2[3]""","=""7/2""",6,8,,"=""T8611""","=""L14869""",
Cs,3,"=""284.45356""","=""0.00008""","=""284.45359""","=""0.00008""","=""14000""","=""7.82e+07""",,"=""162863.218""","=""198008.006""","=""5s2.5p4.(1D<2>).5d""","=""2[2]""","=""5/2""","=""5s2.5p4.(3P<1>).4f""","=""2[3]*""","=""5/2""",6,6,,"=""T8611""","=""L14869""",
Cs,3,"=""284.4955""","=""0.0002""","=""284.49532""","=""0.00013""","=""1800""","=""3.88e+07""",,"=""183721.523""","=""218861.157""","=""5s2.5p4.(1D<2>).6p""","=""2[3]*""","=""7/2""","=""5s2.5p4.(1D<2>).6d""","=""2[4]""","=""7/2""",8,8,,"=""T8611""","=""L14869""",
Cs,3,"=""284.57002""","=""0.00006""","=""284.57004""","=""0.00004""","=""380000""","=""6.48e+08""",,"=""163930.957""","=""199061.365""","=""5s2.5p4.(3P<2>).6p""","=""2[3]*""","=""7/2""","=""5s2.5p4.(3P<2>).6d""","=""2[4]""","=""9/2""",8,10,,"=""T8611""","=""L14869""",
Cs,3,"=""284.6159""","=""0.0016""","=""284.61718""","=""0.00005""","=""15000bl""","=""1.78e+05""",,"=""133265.831""","=""168390.420""","=""5s2.5p4.(3P<1>).5d""","=""2[1]""","=""1/2""","=""5s2.5p4.(3P<2>).6p""","=""2[1]*""","=""3/2""",2,4,,"=""T8611""","=""L14869""",
Cs,3,"=""285.0426""","=""0.0002""","=""285.04237""","=""0.00014""","=""3000""","=""7.68e+07""",,"=""173526.505""","=""208598.702""","=""5s2.5p4.(3P<0>).6p""","=""2[1]*""","=""3/2""","=""5s2.5p4.(3P<0>).6d""","=""2[2]""","=""3/2""",4,4,,"=""T8611""","=""L14869""",
Cs,3,"=""285.12379""","=""0.00006""","=""285.12383""","=""0.00005""","=""90000""","=""9.28e+07""",,"=""138464.327""","=""173526.505""","=""5s2.5p4.(3P<2>).5d""","=""2[3]""","=""5/2""","=""5s2.5p4.(3P<0>).6p""","=""2[1]*""","=""3/2""",6,4,,"=""T8611""","=""L14869""",
Cs,3,"=""285.2458""","=""0.0016""","=""285.24417""","=""0.00006""","=""7200bl""","=""5.90e+06""",,"=""133343.034""","=""168390.420""","=""5s2.5p4.(3P<2>).6s""","=""2[2]""","=""5/2""","=""5s2.5p4.(3P<2>).6p""","=""2[1]*""","=""3/2""",6,4,,"=""T8611""","=""L14869""",
Cs,3,"=""285.44801""","=""0.00011""","=""285.44791""","=""0.00010""","=""24000""","=""3.15e+08""",,"=""176281.761""","=""211304.133""","=""5s2.5p4.(3P<1>).6p""","=""2[2]*""","=""5/2""","=""5s2.5p4.(3P<1>).7s""","=""2[1]""","=""3/2""",6,4,,"=""T8611""","=""L14869""",
Cs,3,"=""285.78304""","=""0.00011""","=""285.78281""","=""0.00007""","=""8400""","=""1.41e+07""",,"=""163495.585""","=""198476.917""","=""5s2.5p4.(3P<2>).6p""","=""2[3]*""","=""5/2""","=""5s2.5p4.(3P<2>).7s""","=""2[2]""","=""5/2""",6,6,,"=""T8611""","=""L14869""",
Cs,3,"=""285.93217""","=""0.00007""","=""285.93220""","=""0.00005""","=""860000""","=""1.67e+08""",,"=""128532.528""","=""163495.585""","=""5s2.5p4.(3P<2>).5d""","=""2[4]""","=""7/2""","=""5s2.5p4.(3P<2>).6p""","=""2[3]*""","=""5/2""",8,6,,"=""T8611""","=""L14869""",
Cs,3,"=""286.08855""","=""0.00012""","=""286.08849""","=""0.00005""","=""33000""","=""3.40e+07""",,"=""140794.613""","=""175738.571""","=""5s2.5p4.(3P<1>).5d""","=""2[2]""","=""3/2""","=""5s2.5p4.(3P<1>).6p""","=""2[2]*""","=""3/2""",4,4,,"=""T8611""","=""L14869""",
Cs,3,"=""286.24207""","=""0.00012""","=""286.24196""","=""0.00015""","=""7200""","=""2.61e+08""",,"=""173526.505""","=""208451.728""","=""5s2.5p4.(3P<0>).6p""","=""2[1]*""","=""3/2""","=""5s2.5p4.(3P<0>).7s""","=""2[0]""","=""1/2""",4,2,,"=""T8611""","=""L14869""",
Cs,3,"=""286.50319""","=""0.00014""","=""286.50300""","=""0.00006""","=""34000""","=""8.18e+07""",,"=""148575.860""","=""183469.263""","=""5s2.5p4.(3P<1>).6s""","=""2[1]""","=""3/2""","=""5s2.5p4.(1D<2>).6p""","=""2[1]*""","=""3/2""",4,4,,"=""T8611""","=""L14869""",
Cs,3,"=""286.88055""","=""0.00013""","=""286.88036""","=""0.00008""","=""4800""","=""2.29e+07""",,"=""163495.585""","=""198343.092""","=""5s2.5p4.(3P<2>).6p""","=""2[3]*""","=""5/2""","=""5s2.5p4.(3P<2>).6d""","=""2[2]""","=""3/2""",6,4,,"=""T8611""","=""L14869""",
Cs,3,"=""287.12927""","=""0.00011""","=""287.12937""","=""0.00008""","=""6000""","=""2.17e+07""",,"=""163525.805""","=""198343.092""","=""5s2.5p4.(3P<2>).6p""","=""2[1]*""","=""1/2""","=""5s2.5p4.(3P<2>).6d""","=""2[2]""","=""3/2""",2,4,,"=""T8611""","=""L14869""",
Cs,3,"=""287.23213""","=""0.00018""","=""287.23211""","=""0.00012""","=""31000""","=""5.11e+07""",,"=""184328.767""","=""219133.601""","=""5s2.5p4.(3P<0>).4f""","=""2[3]*""","=""7/2""","=""5s2.5p4.(1D<2>).6d""","=""2[4]""","=""9/2""",8,10,,"=""T8611""","=""L14869""",
Cs,3,"=""287.52839""","=""0.00017""","=""287.52834""","=""0.00016""","=""7800""","=""2.68e+08""",,"=""186125.895""","=""220894.873""","=""5s2.5p4.(1D<2>).6p""","=""2[2]*""","=""3/2""","=""5s2.5p4.(1D<2>).6d""","=""2[3]""","=""5/2""",4,6,,"=""T8611""","=""L14869""",
Cs,3,"=""288.11844""","=""0.00006""","=""288.11847""","=""0.00007""","=""72000""","=""3.67e+08""",,"=""177921.836""","=""212619.602""","=""5s2.5p4.(3P<1>).6p""","=""2[1]*""","=""3/2""","=""5s2.5p4.(3P<1>).6d""","=""2[2]""","=""5/2""",4,6,,"=""T8611""","=""L14869""",
Cs,3,"=""288.44322""","=""0.00007""","=""288.44325""","=""0.00004""","=""50000""","=""1.17e+08""",,"=""163495.585""","=""198154.285""","=""5s2.5p4.(3P<2>).6p""","=""2[3]*""","=""5/2""","=""5s2.5p4.(3P<2>).6d""","=""2[3]""","=""7/2""",6,8,,"=""T8611""","=""L14869""",
Cs,3,"=""289.03735""","=""0.00009""","=""289.03736""","=""0.00007""","=""8400""","=""7.33e+06""",,"=""135747.850""","=""170335.312""","=""5s2.5p4.(3P<0>).5d""","=""2[2]""","=""3/2""","=""5s2.5p4.(3P<2>).4f""","=""2[2]*""","=""3/2""",4,4,,"=""T8611""","=""L14869""",
Cs,3,"=""289.18393""","=""0.00012""","=""289.18411""","=""0.00007""","=""13000""","=""2.82e+07""",,"=""163495.585""","=""198065.497""","=""5s2.5p4.(3P<2>).6p""","=""2[3]*""","=""5/2""","=""5s2.5p4.(3P<2>).6d""","=""2[2]""","=""5/2""",6,6,,"=""T8611""","=""L14869""",
Cs,3,"=""289.38462""","=""0.00007""","=""289.38462""","=""0.00007""","=""120000""","=""2.98e+08""",,"=""163930.957""","=""198476.917""","=""5s2.5p4.(3P<2>).6p""","=""2[3]*""","=""7/2""","=""5s2.5p4.(3P<2>).7s""","=""2[2]""","=""5/2""",8,6,,"=""T8611""","=""L14869""",
Cs,3,"=""289.4978""","=""0.0002""","=""289.49785""","=""0.00014""","=""35000""","=""1.98e+06""",,"=""144535.128""","=""179067.577""","=""5s2.5p4.(1D<2>).5d""","=""2[4]""","=""7/2""","=""5s2.5p4.(3P<2>).4f""","=""2[2]*""","=""5/2""",8,6,,"=""T8611""","=""L14869""",
Cs,3,"=""289.54921""","=""0.00007""","=""289.54924""","=""0.00005""","=""22000""","=""5.65e+07""",,"=""138543.477""","=""173069.797""","=""5s2.5p4.(3P<2>).6s""","=""2[2]""","=""3/2""","=""5s2.5p4.(3P<1>).6p""","=""2[0]*""","=""1/2""",4,2,,"=""T8611""","=""L14869""",
Cs,3,"=""289.9730""","=""0.0002""","=""289.97341""","=""0.00007""","=""3600""","=""9.93e+05""",,"=""144591.760""","=""179067.577""","=""5s2.5p4.(3P<0>).5d""","=""2[2]""","=""5/2""","=""5s2.5p4.(3P<2>).4f""","=""2[2]*""","=""5/2""",6,6,,"=""T8611""","=""L14869""",
Cs,3,"=""291.46393""","=""0.00006""","=""291.46399""","=""0.00011""","=""27000""","=""4.08e+08""",,"=""186593.999""","=""220893.511""","=""5s2.5p4.(1D<2>).6p""","=""2[2]*""","=""5/2""","=""5s2.5p4.(1D<2>).6d""","=""2[3]""","=""7/2""",6,8,,"=""T8611""","=""L14869""",
Cs,3,"=""292.11283""","=""0.00007""","=""292.11285""","=""0.00004""","=""110000""","=""2.20e+08""",,"=""163930.957""","=""198154.285""","=""5s2.5p4.(3P<2>).6p""","=""2[3]*""","=""7/2""","=""5s2.5p4.(3P<2>).6d""","=""2[3]""","=""7/2""",8,8,,"=""T8611""","=""L14869""",
Cs,3,"=""292.1920""","=""0.0003""","=""292.19224""","=""0.00005""","=""60000""","=""2.57e+07""",,"=""142067.732""","=""176281.761""","=""5s2.5p4.(3P<1>).5d""","=""2[2]""","=""5/2""","=""5s2.5p4.(3P<1>).6p""","=""2[2]*""","=""5/2""",6,6,,"=""T8611""","=""L14869""",
Cs,3,"=""292.23143""","=""0.00011""","=""292.23128""","=""0.00013""","=""4800""","=""1.56e+08""",,"=""186125.895""","=""220335.354""","=""5s2.5p4.(1D<2>).6p""","=""2[2]*""","=""3/2""","=""5s2.5p4.(1D<2>).6d""","=""2[2]""","=""5/2""",4,6,,"=""T8611""","=""L14869""",
Cs,3,"=""292.4097""","=""0.0004""","=""292.41064""","=""0.00024""","=""600""","=""3.09e+07""",,"=""171114.803""","=""205303.279""","=""5s2.5p4.(1D<2>).5d""","=""2[0]""","=""1/2""","=""5s2.5p4.(1S<0>).6p""","=""2[1]*""","=""1/2""",2,2,,"=""T8611""","=""L14869""",
Cs,3,"=""292.4588""","=""0.0002""","=""292.4592""","=""0.0004""","=""600""","=""2.56e+08""",,"=""177921.836""","=""212104.640""","=""5s2.5p4.(3P<1>).6p""","=""2[1]*""","=""3/2""","=""5s2.5p4.(3P<1>).7s""","=""2[1]""","=""1/2""",4,2,,"=""T8611""","=""L14869""",
Cs,3,"=""293.82831""","=""0.00007""","=""293.82833""","=""0.00006""","=""22000""","=""3.35e+08""",,"=""168390.420""","=""202413.948""","=""5s2.5p4.(3P<2>).6p""","=""2[1]*""","=""3/2""","=""5s2.5p4.(3P<2>).6d""","=""2[3]""","=""5/2""",4,6,,"=""T8611""","=""L14869""",
Cs,3,"=""294.22292""","=""0.00008""","=""294.22294""","=""0.00008""","=""1800""","=""1.30e+08""",,"=""177921.836""","=""211899.734""","=""5s2.5p4.(3P<1>).6p""","=""2[1]*""","=""3/2""","=""5s2.5p4.(3P<1>).6d""","=""2[1]""","=""3/2""",4,4,,"=""T8611""","=""L14869""",
Cs,3,"=""294.40826""","=""0.00007""","=""294.40821""","=""0.00007""","=""21000""","=""5.75e+06""",,"=""135081.058""","=""169037.575""","=""5s2.5p4.(3P<1>).5d""","=""2[3]""","=""5/2""","=""5s2.5p4.(3P<2>).4f""","=""2[3]*""","=""5/2""",6,6,,"=""T8611""","=""L14869""",
Cs,3,"=""296.28560""","=""0.00008""","=""296.28567""","=""0.00013""","=""12000""","=""3.40e+08""",,"=""186593.999""","=""220335.354""","=""5s2.5p4.(1D<2>).6p""","=""2[2]*""","=""5/2""","=""5s2.5p4.(1D<2>).6d""","=""2[2]""","=""5/2""",6,6,,"=""T8611""","=""L14869""",
Cs,3,"=""296.50269""","=""0.00007""","=""296.50282""","=""0.00012""","=""7800""","=""3.23e+08""",,"=""168390.420""","=""202107.065""","=""5s2.5p4.(3P<2>).6p""","=""2[1]*""","=""3/2""","=""5s2.5p4.(3P<2>).6d""","=""2[1]""","=""3/2""",4,4,,"=""T8611""","=""L14869""",
Cs,3,"=""296.90619""","=""0.00010""","=""296.90620""","=""0.00005""","=""45000""","=""6.88e+07""",,"=""142067.732""","=""175738.571""","=""5s2.5p4.(3P<1>).5d""","=""2[2]""","=""5/2""","=""5s2.5p4.(3P<1>).6p""","=""2[2]*""","=""3/2""",6,4,,"=""T8611""","=""L14869""",
Cs,3,"=""297.28790""","=""0.00011""","=""297.28778""","=""0.00006""","=""4200""","=""8.84e+06""",,"=""150093.899""","=""183721.523""","=""5s2.5p4.(1D<2>).5d""","=""2[3]""","=""5/2""","=""5s2.5p4.(1D<2>).6p""","=""2[3]*""","=""7/2""",6,8,,"=""T8611""","=""L14869""",
Cs,3,"=""297.68601""","=""0.00010""","=""297.68589""","=""0.00010""","=""920000""","=""1.67e+08""",,"=""153011.345""","=""186593.999""","=""5s2.5p4.(1D<2>).5d""","=""2[3]""","=""7/2""","=""5s2.5p4.(1D<2>).6p""","=""2[2]*""","=""5/2""",8,6,,"=""T8611""","=""L14869""",
Cs,3,"=""298.25815""","=""0.00014""","=""298.25825""","=""0.00010""","=""6000""","=""3.55e+07""",,"=""164489.795""","=""198008.006""","=""5s2.5p4.(1D<2>).5d""","=""2[2]""","=""3/2""","=""5s2.5p4.(3P<1>).4f""","=""2[3]*""","=""5/2""",4,6,,"=""T8611""","=""L14869""",
Cs,3,"=""298.52546""","=""0.00016""","=""298.52558""","=""0.00006""","=""3000""","=""2.19e+06""",,"=""135081.058""","=""168569.255""","=""5s2.5p4.(3P<1>).5d""","=""2[3]""","=""5/2""","=""5s2.5p4.(3P<2>).4f""","=""2[3]*""","=""7/2""",6,8,,"=""T8611""","=""L14869""",
Cs,3,"=""299.53486""","=""0.00006""","=""299.53485""","=""0.00006""","=""27000""","=""7.15e+07""",,"=""150093.899""","=""183469.263""","=""5s2.5p4.(1D<2>).5d""","=""2[3]""","=""5/2""","=""5s2.5p4.(1D<2>).6p""","=""2[1]*""","=""3/2""",6,4,,"=""T8611""","=""L14869""",
Cs,3,"=""299.62305""","=""0.00011""","=""299.62309""","=""0.00007""","=""3000""","=""8.38e+07""",,"=""175738.571""","=""209104.107""","=""5s2.5p4.(3P<1>).6p""","=""2[2]*""","=""3/2""","=""5s2.5p4.(3P<0>).6d""","=""2[2]""","=""5/2""",4,6,,"=""T8611""","=""L14869""",
Cs,3,"=""299.8260""","=""0.0007""","=""299.8249""","=""0.0005""","=""600""","=""8.70e+07""",,"=""186125.895""","=""219468.972""","=""5s2.5p4.(1D<2>).6p""","=""2[2]*""","=""3/2""","=""5s2.5p4.(1D<2>).7s""","=""2[2]""","=""3/2""",4,4,,"=""T8611""","=""L14869""",
Cs,3,"=""299.94182""","=""0.00010""","=""299.94187""","=""0.00006""","=""66000""","=""1.04e+08""",,"=""144591.760""","=""177921.836""","=""5s2.5p4.(3P<0>).5d""","=""2[2]""","=""5/2""","=""5s2.5p4.(3P<1>).6p""","=""2[1]*""","=""3/2""",6,4,,"=""T8611""","=""L14869""",
Cs,3,"=""300.12842""","=""0.00007""","=""300.12840""","=""0.00005""","=""130000""","=""6.18e+07""",,"=""135081.058""","=""168390.420""","=""5s2.5p4.(3P<1>).5d""","=""2[3]""","=""5/2""","=""5s2.5p4.(3P<2>).6p""","=""2[1]*""","=""3/2""",6,4,,"=""T8611""","=""L14869""",
Cs,3,"=""300.30568""","=""0.00020""","=""300.30545""","=""0.00007""","=""600""","=""1.06e+06""",,"=""135747.850""","=""169037.575""","=""5s2.5p4.(3P<0>).5d""","=""2[2]""","=""3/2""","=""5s2.5p4.(3P<2>).4f""","=""2[3]*""","=""5/2""",4,6,,"=""T8611""","=""L14869""",
Cs,3,"=""301.5825""","=""0.0003""","=""301.58333""","=""0.00017""","=""600""","=""8.68e+06""",,"=""153011.345""","=""186160.020""","=""5s2.5p4.(1D<2>).5d""","=""2[3]""","=""7/2""","=""5s2.5p4.(3P<1>).4f""","=""2[2]*""","=""5/2""",8,6,,"=""T8611""","=""L14869""",
Cs,3,"=""305.06787""","=""0.00011""","=""305.06799""","=""0.00007""","=""14000""","=""2.67e+07""",,"=""138543.477""","=""171313.524""","=""5s2.5p4.(3P<2>).6s""","=""2[2]""","=""3/2""","=""5s2.5p4.(3P<0>).6p""","=""2[1]*""","=""1/2""",4,2,,"=""T8611""","=""L14869""",
Cs,3,"=""305.42354""","=""0.00015""","=""305.42362""","=""0.00005""","=""6600""","=""1.52e+07""",,"=""140794.613""","=""173526.505""","=""5s2.5p4.(3P<1>).5d""","=""2[2]""","=""3/2""","=""5s2.5p4.(3P<0>).6p""","=""2[1]*""","=""3/2""",4,4,,"=""T8611""","=""L14869""",
Cs,3,"=""305.59833""","=""0.00020""","=""305.59854""","=""0.00017""","=""1200""","=""1.07e+08""",,"=""175738.571""","=""208451.728""","=""5s2.5p4.(3P<1>).6p""","=""2[2]*""","=""3/2""","=""5s2.5p4.(3P<0>).7s""","=""2[0]""","=""1/2""",4,2,,"=""T8611""","=""L14869""",
Cs,3,"=""306.12604""","=""0.00013""","=""306.12602""","=""0.00010""","=""23000""","=""5.23e+07""",,"=""162863.218""","=""195520.010""","=""5s2.5p4.(1D<2>).5d""","=""2[2]""","=""5/2""","=""5s2.5p4.(1D<2>).4f""","=""2[3]*""","=""7/2""",6,8,,"=""T8611""","=""L14869""",
Cs,3,"=""306.2596""","=""0.0003""","=""306.25940""","=""0.00005""","=""600""","=""3.05e+06""",,"=""135747.850""","=""168390.420""","=""5s2.5p4.(3P<0>).5d""","=""2[2]""","=""3/2""","=""5s2.5p4.(3P<2>).6p""","=""2[1]*""","=""3/2""",4,4,,"=""T8611""","=""L14869""",
Cs,3,"=""306.65912""","=""0.00007""","=""306.65910""","=""0.00005""","=""20000""","=""5.43e+07""",,"=""128532.528""","=""161132.553""","=""5s2.5p4.(3P<2>).5d""","=""2[4]""","=""7/2""","=""5s2.5p4.(3P<2>).6p""","=""2[2]*""","=""5/2""",8,6,,"=""T8611""","=""L14869""",
Cs,3,"=""307.8052""","=""0.0014""","=""307.80512""","=""0.00010""","=""1200bl""","=""1.99e+07""",,"=""145443.182""","=""177921.836""","=""5s2.5p4.(3P<0>).6s""","=""2[0]""","=""1/2""","=""5s2.5p4.(3P<1>).6p""","=""2[1]*""","=""3/2""",2,4,,"=""T8611""","=""L14869""",
Cs,3,"=""308.4442""","=""0.0002""","=""308.44421""","=""0.00009""","=""1200""","=""1.34e+06""",,"=""150093.899""","=""182505.260""","=""5s2.5p4.(1D<2>).5d""","=""2[3]""","=""5/2""","=""5s2.5p4.(3P<1>).4f""","=""2[2]*""","=""3/2""",6,4,,"=""T8611""","=""L14869""",
Cs,3,"=""309.74561""","=""0.00008""","=""309.74567""","=""0.00006""","=""23000""","=""3.69e+07""",,"=""140794.613""","=""173069.797""","=""5s2.5p4.(3P<1>).5d""","=""2[2]""","=""3/2""","=""5s2.5p4.(3P<1>).6p""","=""2[0]*""","=""1/2""",4,2,,"=""T8611""","=""L14869""",
Cs,3,"=""314.93560""","=""0.00006""","=""314.93563""","=""0.00006""","=""660000""","=""2.18e+08""",,"=""131782.478""","=""163525.805""","=""5s2.5p4.(3P<2>).5d""","=""2[1]""","=""3/2""","=""5s2.5p4.(3P<2>).6p""","=""2[1]*""","=""1/2""",4,2,,"=""T8611""","=""L14869""",
Cs,3,"=""315.23572""","=""0.00011""","=""315.23575""","=""0.00005""","=""840000""","=""6.27e+07""",,"=""131782.478""","=""163495.585""","=""5s2.5p4.(3P<2>).5d""","=""2[1]""","=""3/2""","=""5s2.5p4.(3P<2>).6p""","=""2[3]*""","=""5/2""",4,6,,"=""T8611""","=""L14869""",
Cs,3,"=""315.39674""","=""0.00015""","=""315.39674""","=""0.00006""","=""90000""","=""4.90e+07""",,"=""136693.500""","=""168390.420""","=""5s2.5p4.(3P<1>).5d""","=""2[1]""","=""3/2""","=""5s2.5p4.(3P<2>).6p""","=""2[1]*""","=""3/2""",4,4,,"=""T8611""","=""L14869""",
Cs,3,"=""317.26060""","=""0.00020""","=""317.26049""","=""0.00015""","=""72000""","=""2.25e+08""",,"=""156820.269""","=""188330.992""","=""5s2.5p4.(1D<2>).6s""","=""2[2]""","=""3/2""","=""5s2.5p4.(1D<2>).6p""","=""2[1]*""","=""1/2""",4,2,,"=""T8611""","=""L14869""",
Cs,3,"=""317.8643""","=""0.0003""","=""317.86412""","=""0.00010""","=""48000""","=""3.40e+07""",,"=""150093.899""","=""181544.785""","=""5s2.5p4.(1D<2>).5d""","=""2[3]""","=""5/2""","=""5s2.5p4.(1D<2>).6p""","=""2[3]*""","=""5/2""",6,6,,"=""T8611""","=""L14869""",
Cs,3,"=""319.8834""","=""0.0002""","=""319.88318""","=""0.00010""","=""1800""","=""3.50e+05""",,"=""137785.195""","=""169037.575""","=""5s2.5p4.(3P<1>).5d""","=""2[3]""","=""7/2""","=""5s2.5p4.(3P<2>).4f""","=""2[3]*""","=""5/2""",8,6,,"=""T8611""","=""L14869""",
Cs,1,"=""320.7507""","=""0.0005""","=""320.751864""","=""0.000003""","=""""","=""8.5e+02""",C,"=""0.0000""","=""31167.74257""","=""5p6.6s""","=""2S""","=""1/2""","=""5p6.25p""","=""2P*""","=""3/2""",2,4,,"=""T4515""","=""L3287c91""",
Cs,3,"=""320.96742""","=""0.00014""","=""320.96743""","=""0.00007""","=""84000""","=""7.23e+07""",,"=""144591.760""","=""175738.571""","=""5s2.5p4.(3P<0>).5d""","=""2[2]""","=""5/2""","=""5s2.5p4.(3P<1>).6p""","=""2[2]*""","=""3/2""",6,4,,"=""T8611""","=""L14869""",
Cs,1,"=""320.9967""","=""0.0005""","=""320.9980""","=""0.0003""","=""""","=""9.4e+02""",C,"=""0.0000""","=""31143.84""","=""5p6.6s""","=""2S""","=""1/2""","=""5p6.24p""","=""2P*""","=""3/2""",2,4,,"=""T4515""","=""L3287c91""",
Cs,1,"=""321.2831""","=""0.0005""","=""321.284326""","=""0.000003""","=""""","=""1.19e+03""",C,"=""0.0000""","=""31116.0904""","=""5p6.6s""","=""2S""","=""1/2""","=""5p6.23p""","=""2P*""","=""3/2""",2,4,,"=""T4515""","=""L3287c91""",
Cs,3,"=""321.3822""","=""0.0002""","=""321.38226""","=""0.00008""","=""78000""","=""3.81e+07""",,"=""132419.196""","=""163525.805""","=""5s2.5p4.(3P<2>).5d""","=""2[0]""","=""1/2""","=""5s2.5p4.(3P<2>).6p""","=""2[1]*""","=""1/2""",2,2,,"=""T8611""","=""L14869""",
Cs,1,"=""321.6171""","=""0.0005""","=""321.6184""","=""0.0003""","=""""","=""1.49e+03""",C,"=""0.0000""","=""31083.77""","=""5p6.6s""","=""2S""","=""1/2""","=""5p6.22p""","=""2P*""","=""3/2""",2,4,,"=""T4515""","=""L3287c91""",
Cs,1,"=""322.0116""","=""0.0005""","=""322.01318""","=""0.00003""","=""""","=""1.7e+03""",C,"=""0.0000""","=""31045.664""","=""5p6.6s""","=""2S""","=""1/2""","=""5p6.21p""","=""2P*""","=""3/2""",2,4,,"=""T4515""","=""L3287c91""",
Cs,1,"=""322.0258""","=""0.0005""","=""322.027191""","=""0.000003""","=""""","=""1.07e+01""",C,"=""0.0000""","=""31044.31315""","=""5p6.6s""","=""2S""","=""1/2""","=""5p6.21p""","=""2P*""","=""1/2""",2,2,,"=""T4515""","=""L3287c91""",
Cs,1,"=""322.4817""","=""0.0005""","=""322.4834""","=""0.0003""","=""""","=""2.0e+03""",C,"=""0.0000""","=""31000.40""","=""5p6.6s""","=""2S""","=""1/2""","=""5p6.20p""","=""2P*""","=""3/2""",2,4,,"=""T4515""","=""L3287c91""",
Cs,1,"=""322.4982""","=""0.0005""","=""322.5001""","=""0.0003""","=""""","=""1.43e+01""",C,"=""0.0000""","=""30998.79""","=""5p6.6s""","=""2S""","=""1/2""","=""5p6.20p""","=""2P*""","=""1/2""",2,2,,"=""T4515""","=""L3287c91""",
Cs,3,"=""322.73865""","=""0.00019""","=""322.7386""","=""0.0003""","=""7200""","=""6.25e+07""",,"=""171114.803""","=""202090.692""","=""5s2.5p4.(1D<2>).5d""","=""2[0]""","=""1/2""","=""5s2.5p4.(1D<2>).4f""","=""2[2]*""","=""3/2""",2,4,,"=""T8611""","=""L14869""",
Cs,1,"=""323.0477""","=""0.0005""","=""323.04910""","=""0.00003""","=""""","=""2.5e+03""",C,"=""0.0000""","=""30946.113""","=""5p6.6s""","=""2S""","=""1/2""","=""5p6.19p""","=""2P*""","=""3/2""",2,4,,"=""T4515""","=""L3287c91""",
Cs,1,"=""323.0680""","=""0.0005""","=""323.069404""","=""0.000003""","=""""","=""1.97e+01""",C,"=""0.0000""","=""30944.16859""","=""5p6.6s""","=""2S""","=""1/2""","=""5p6.19p""","=""2P*""","=""1/2""",2,2,,"=""T4515""","=""L3287c91""",
Cs,3,"=""323.42811""","=""0.00013""","=""323.42810""","=""0.00005""","=""3600""","=""9.13e+07""",,"=""168390.420""","=""199300.271""","=""5s2.5p4.(3P<2>).6p""","=""2[1]*""","=""3/2""","=""5s2.5p4.(3P<2>).7s""","=""2[2]""","=""3/2""",4,4,,"=""T8611""","=""L14869""",
Cs,1,"=""323.7382""","=""0.0005""","=""323.739478""","=""0.000003""","=""""","=""2.8e+03""",C,"=""0.0000""","=""30880.1228""","=""5p6.6s""","=""2S""","=""1/2""","=""5p6.18p""","=""2P*""","=""3/2""",2,4,,"=""T4515""","=""L3287c91""",
Cs,1,"=""323.7630""","=""0.0005""","=""323.764381""","=""0.000003""","=""""","=""2.63e+01""",C,"=""0.0000""","=""30877.74761""","=""5p6.6s""","=""2S""","=""1/2""","=""5p6.18p""","=""2P*""","=""1/2""",2,2,,"=""T4515""","=""L3287c91""",
Cs,1,"=""324.5925""","=""0.0005""","=""324.59378""","=""0.00003""","=""""","=""3.45e+03""",C,"=""0.0000""","=""30798.852""","=""5p6.6s""","=""2S""","=""1/2""","=""5p6.17p""","=""2P*""","=""3/2""",2,4,,"=""T4515""","=""L3287c91""",
Cs,1,"=""324.6236""","=""0.0005""","=""324.624820""","=""0.000003""","=""""","=""3.7e+01""",C,"=""0.0000""","=""30795.90702""","=""5p6.6s""","=""2S""","=""1/2""","=""5p6.17p""","=""2P*""","=""1/2""",2,2,,"=""T4515""","=""L3287c91""",
Cs,3,"=""324.74975""","=""0.00012""","=""324.74975""","=""0.00009""","=""1200""","=""1.49e+06""",,"=""137785.195""","=""168569.255""","=""5s2.5p4.(3P<1>).5d""","=""2[3]""","=""7/2""","=""5s2.5p4.(3P<2>).4f""","=""2[3]*""","=""7/2""",8,8,,"=""T8611""","=""L14869""",
Cs,3,"=""325.53104""","=""0.00008""","=""325.53106""","=""0.00011""","=""50000""","=""2.86e+07""",,"=""153011.345""","=""183721.523""","=""5s2.5p4.(1D<2>).5d""","=""2[3]""","=""7/2""","=""5s2.5p4.(1D<2>).6p""","=""2[3]*""","=""7/2""",8,8,,"=""T8611""","=""L14869""",
Cs,1,"=""325.6672""","=""0.0005""","=""325.66879""","=""0.00003""","=""""","=""4.25e+03""",C,"=""0.0000""","=""30697.191""","=""5p6.6s""","=""2S""","=""1/2""","=""5p6.16p""","=""2P*""","=""3/2""",2,4,,"=""T4515""","=""L3287c91""",
Cs,1,"=""325.7071""","=""0.0005""","=""325.708223""","=""0.000003""","=""""","=""7.0e+01""",C,"=""0.0000""","=""30693.47416""","=""5p6.6s""","=""2S""","=""1/2""","=""5p6.16p""","=""2P*""","=""1/2""",2,2,,"=""T4515""","=""L3287c91""",
Cs,3,"=""326.22983""","=""0.00010""","=""326.22991""","=""0.00007""","=""10000""","=""5.01e+06""",,"=""150093.899""","=""180738.292""","=""5s2.5p4.(1D<2>).5d""","=""2[3]""","=""5/2""","=""5s2.5p4.(3P<2>).4f""","=""2[4]*""","=""7/2""",6,8,,"=""T8611""","=""L14869""",
Cs,3,"=""326.83212""","=""0.00012""","=""326.83220""","=""0.00007""","=""40000""","=""2.18e+08""",,"=""133343.034""","=""163930.957""","=""5s2.5p4.(3P<2>).6s""","=""2[2]""","=""5/2""","=""5s2.5p4.(3P<2>).6p""","=""2[3]*""","=""7/2""",6,8,,"=""T8611""","=""L14869""",
Cs,1,"=""327.0474""","=""0.0005""","=""327.04856""","=""0.00003""","=""""","=""6.5e+03""",C+,"=""0.0000""","=""30567.688""","=""5p6.6s""","=""2S""","=""1/2""","=""5p6.15p""","=""2P*""","=""3/2""",2,4,,"=""T7227""","=""L3287c91""",
Cs,1,"=""327.0977""","=""0.0005""","=""327.099702""","=""0.000003""","=""""","=""1.23e+02""",C,"=""0.0000""","=""30562.90893""","=""5p6.6s""","=""2S""","=""1/2""","=""5p6.15p""","=""2P*""","=""1/2""",2,2,,"=""T7227""","=""L3287c91""",
Cs,1,"=""328.8601""","=""0.0005""","=""328.86169""","=""0.00003""","=""""","=""8.9e+03""",D+,"=""0.0000""","=""30399.163""","=""5p6.6s""","=""2S""","=""1/2""","=""5p6.14p""","=""2P*""","=""3/2""",2,4,,"=""T7227""","=""L3287c91""",
Cs,1,"=""328.9286""","=""0.0005""","=""328.929769""","=""0.000003""","=""""","=""2.5e+02""",C+,"=""0.0000""","=""30392.87183""","=""5p6.6s""","=""2S""","=""1/2""","=""5p6.14p""","=""2P*""","=""1/2""",2,2,,"=""T7227""","=""L3287c91""",
Cs,3,"=""329.98816""","=""0.00016""","=""329.98822""","=""0.00012""","=""78000""","=""6.85e+07""",,"=""145443.182""","=""175738.571""","=""5s2.5p4.(3P<0>).6s""","=""2[0]""","=""1/2""","=""5s2.5p4.(3P<1>).6p""","=""2[2]*""","=""3/2""",2,4,,"=""T8611""","=""L14869""",
Cs,3,"=""330.37426""","=""0.00016""","=""330.37443""","=""0.00007""","=""37000""","=""2.88e+06""",,"=""133265.831""","=""163525.805""","=""5s2.5p4.(3P<1>).5d""","=""2[1]""","=""1/2""","=""5s2.5p4.(3P<2>).6p""","=""2[1]*""","=""1/2""",2,2,,"=""T8611""","=""L14869""",
Cs,3,"=""331.1534""","=""0.0002""","=""331.15366""","=""0.00009""","=""21000""","=""1.98e+07""",,"=""148575.860""","=""178764.633""","=""5s2.5p4.(3P<1>).6s""","=""2[1]""","=""3/2""","=""5s2.5p4.(3P<2>).4f""","=""2[1]*""","=""3/2""",4,4,,"=""T8611""","=""L14869""",
Cs,1,"=""331.3121""","=""0.0005""","=""331.31384""","=""0.00003""","=""""","=""1.45e+04""",C+,"=""0.0000""","=""30174.178""","=""5p6.6s""","=""2S""","=""1/2""","=""5p6.13p""","=""2P*""","=""3/2""",2,4,,"=""T7227""","=""L3287c91""",
Cs,1,"=""331.4055""","=""0.0005""","=""331.407305""","=""0.000003""","=""""","=""5.0e+02""",C+,"=""0.0000""","=""30165.66826""","=""5p6.6s""","=""2S""","=""1/2""","=""5p6.13p""","=""2P*""","=""1/2""",2,2,,"=""T7227""","=""L3287c91""",
Cs,3,"=""331.5287""","=""0.0003""","=""331.52889""","=""0.00009""","=""1200""","=""7.88e+06""",,"=""168906.759""","=""199061.365""","=""5s2.5p4.(3P<2>).4f""","=""2[4]*""","=""9/2""","=""5s2.5p4.(3P<2>).6d""","=""2[4]""","=""9/2""",10,10,,"=""T8611""","=""L14869""",
Cs,3,"=""331.55138""","=""0.00013""","=""331.55148""","=""0.00007""","=""780000""","=""6.27e+07""",,"=""133343.034""","=""163495.585""","=""5s2.5p4.(3P<2>).6s""","=""2[2]""","=""5/2""","=""5s2.5p4.(3P<2>).6p""","=""2[3]*""","=""5/2""",6,6,,"=""T8611""","=""L14869""",
Cs,3,"=""332.27926""","=""0.00013""","=""332.27942""","=""0.00010""","=""1800""","=""1.27e+07""",,"=""168390.420""","=""198476.917""","=""5s2.5p4.(3P<2>).6p""","=""2[1]*""","=""3/2""","=""5s2.5p4.(3P<2>).7s""","=""2[2]""","=""5/2""",4,6,,"=""T8611""","=""L14869""",
Cs,3,"=""333.9860""","=""0.0003""","=""333.98603""","=""0.00009""","=""1800""","=""2.08e+07""",,"=""148575.860""","=""178508.625""","=""5s2.5p4.(3P<1>).6s""","=""2[1]""","=""3/2""","=""5s2.5p4.(3P<1>).6p""","=""2[1]*""","=""1/2""",4,2,,"=""T8611""","=""L14869""",
Cs,3,"=""334.06042""","=""0.00008""","=""334.06050""","=""0.00006""","=""330000""","=""1.07e+08""",,"=""138464.327""","=""168390.420""","=""5s2.5p4.(3P<2>).5d""","=""2[3]""","=""5/2""","=""5s2.5p4.(3P<2>).6p""","=""2[1]*""","=""3/2""",6,4,,"=""T8611""","=""L14869""",
Cs,3,"=""334.4021""","=""0.0003""","=""334.40229""","=""0.00017""","=""260000""","=""2.70e+08""",,"=""156698.493""","=""186593.999""","=""5s2.5p4.(1D<2>).6s""","=""2[2]""","=""5/2""","=""5s2.5p4.(1D<2>).6p""","=""2[2]*""","=""5/2""",6,6,,"=""T8611""","=""L14869""",
Cs,1,"=""334.7490""","=""0.0005""","=""334.75123""","=""0.00003""","=""""","=""2.14e+04""",B,"=""0.0000""","=""29864.345""","=""5p6.6s""","=""2S""","=""1/2""","=""5p6.12p""","=""2P*""","=""3/2""",2,4,,"=""T7227""","=""L3287c91""",
Cs,1,"=""334.8820""","=""0.0005""","=""334.884823""","=""0.000003""","=""""","=""1.06e+03""",B,"=""0.0000""","=""29852.43153""","=""5p6.6s""","=""2S""","=""1/2""","=""5p6.12p""","=""2P*""","=""1/2""",2,2,,"=""T7227""","=""L3287c91""",
Cs,3,"=""334.94633""","=""0.00013""","=""334.94641""","=""0.00006""","=""720000""","=""2.49e+08""",,"=""138543.477""","=""168390.420""","=""5s2.5p4.(3P<2>).6s""","=""2[2]""","=""3/2""","=""5s2.5p4.(3P<2>).6p""","=""2[1]*""","=""3/2""",4,4,,"=""T8611""","=""L14869""",
Cs,3,"=""335.76995""","=""0.00016""","=""335.77006""","=""0.00014""","=""56000""","=""5.28e+07""",,"=""156820.269""","=""186593.999""","=""5s2.5p4.(1D<2>).6s""","=""2[2]""","=""3/2""","=""5s2.5p4.(1D<2>).6p""","=""2[2]*""","=""5/2""",4,6,,"=""T8611""","=""L14869""",
Cs,3,"=""335.89190""","=""0.00013""","=""335.89199""","=""0.00014""","=""600""","=""4.39e+07""",,"=""198008.006""","=""227770.928""","=""5s2.5p4.(3P<1>).4f""","=""2[3]*""","=""5/2""","=""5s2.5p4.(3P<2>).5g""","=""2[3]""","=""7/2""",6,8,,"=""T8611""","=""L14869""",
Cs,3,"=""337.91175""","=""0.00008""","=""337.91175""","=""0.00007""","=""2400""","=""1.49e+07""",,"=""168569.255""","=""198154.285""","=""5s2.5p4.(3P<2>).4f""","=""2[3]*""","=""7/2""","=""5s2.5p4.(3P<2>).6d""","=""2[3]""","=""7/2""",8,8,,"=""T8611""","=""L14869""",
Cs,3,"=""338.92892""","=""0.00013""","=""338.92894""","=""0.00011""","=""2400""","=""3.50e+07""",,"=""168569.255""","=""198065.497""","=""5s2.5p4.(3P<2>).4f""","=""2[3]*""","=""7/2""","=""5s2.5p4.(3P<2>).6d""","=""2[2]""","=""5/2""",8,6,,"=""T8611""","=""L14869""",
Cs,3,"=""339.7215""","=""0.0017""","=""339.72183""","=""0.00019""","=""2400bl""","=""4.75e+07""",,"=""156698.493""","=""186125.895""","=""5s2.5p4.(1D<2>).6s""","=""2[2]""","=""5/2""","=""5s2.5p4.(1D<2>).6p""","=""2[2]*""","=""3/2""",6,4,,"=""T8611""","=""L14869""",
Cs,1,"=""339.7966""","=""0.0005""","=""339.79779""","=""0.00003""","=""""","=""3.6e+04""",C+,"=""0.0000""","=""29420.824""","=""5p6.6s""","=""2S""","=""1/2""","=""5p6.11p""","=""2P*""","=""3/2""",2,4,,"=""T7227""","=""L3287c91""",
Cs,1,"=""339.9979""","=""0.0005""","=""339.998885""","=""0.000003""","=""""","=""2.36e+03""",B,"=""0.0000""","=""29403.42310""","=""5p6.6s""","=""2S""","=""1/2""","=""5p6.11p""","=""2P*""","=""1/2""",2,2,,"=""T7227""","=""L3287c91""",
Cs,3,"=""340.66443""","=""0.00013""","=""340.66448""","=""0.00008""","=""110000""","=""8.40e+07""",,"=""148575.860""","=""177921.836""","=""5s2.5p4.(3P<1>).6s""","=""2[1]""","=""3/2""","=""5s2.5p4.(3P<1>).6p""","=""2[1]*""","=""3/2""",4,4,,"=""T8611""","=""L14869""",
Cs,3,"=""341.13373""","=""0.00017""","=""341.13355""","=""0.00016""","=""140000""","=""2.55e+08""",,"=""156820.269""","=""186125.895""","=""5s2.5p4.(1D<2>).6s""","=""2[2]""","=""3/2""","=""5s2.5p4.(1D<2>).6p""","=""2[2]*""","=""3/2""",4,4,,"=""T8611""","=""L14869""",
Cs,3,"=""341.81118""","=""0.00009""","=""341.81123""","=""0.00009""","=""21000""","=""4.76e+07""",,"=""168906.759""","=""198154.285""","=""5s2.5p4.(3P<2>).4f""","=""2[4]*""","=""9/2""","=""5s2.5p4.(3P<2>).6d""","=""2[3]""","=""7/2""",10,8,,"=""T8611""","=""L14869""",
Cs,3,"=""344.39758""","=""0.00014""","=""344.39720""","=""0.00013""","=""1200""","=""1.56e+07""",,"=""169037.575""","=""198065.497""","=""5s2.5p4.(3P<2>).4f""","=""2[3]*""","=""5/2""","=""5s2.5p4.(3P<2>).6d""","=""2[2]""","=""5/2""",6,6,,"=""T8611""","=""L14869""",
Cs,3,"=""345.04205""","=""0.00014""","=""345.04199""","=""0.00010""","=""25000""","=""7.07e+06""",,"=""150093.899""","=""179067.577""","=""5s2.5p4.(1D<2>).5d""","=""2[3]""","=""5/2""","=""5s2.5p4.(3P<2>).4f""","=""2[2]*""","=""5/2""",6,6,,"=""T8611""","=""L14869""",
Cs,3,"=""346.34449""","=""0.00016""","=""346.34455""","=""0.00007""","=""240000""","=""1.52e+07""",,"=""131782.478""","=""160647.193""","=""5s2.5p4.(3P<2>).5d""","=""2[1]""","=""3/2""","=""5s2.5p4.(3P<2>).6p""","=""2[2]*""","=""3/2""",4,4,,"=""T8611""","=""L14869""",
Cs,3,"=""346.52239""","=""0.00013""","=""346.52242""","=""0.00006""","=""23000""","=""2.68e+06""",,"=""135081.058""","=""163930.957""","=""5s2.5p4.(3P<1>).5d""","=""2[3]""","=""5/2""","=""5s2.5p4.(3P<2>).6p""","=""2[3]*""","=""7/2""",6,8,,"=""T8611""","=""L14869""",
Cs,1,"=""347.6809""","=""0.0005""","=""347.682069""","=""0.000013""","=""""","=""6.3e+04""",B,"=""0.0000""","=""28753.6769""","=""5p6.6s""","=""2S""","=""1/2""","=""5p6.10p""","=""2P*""","=""3/2""",2,4,,"=""T7227""","=""L3287c91""",
Cs,1,"=""348.0060""","=""0.0005""","=""348.007222""","=""0.000006""","=""""","=""6.3e+03""",B,"=""0.0000""","=""28726.8123""","=""5p6.6s""","=""2S""","=""1/2""","=""5p6.10p""","=""2P*""","=""1/2""",2,2,,"=""T7227""","=""L3287c91""",
Cs,3,"=""350.3655""","=""0.0003""","=""350.36575""","=""0.00015""","=""1200""","=""2.87e+06""",,"=""153011.345""","=""181544.785""","=""5s2.5p4.(1D<2>).5d""","=""2[3]""","=""7/2""","=""5s2.5p4.(1D<2>).6p""","=""2[3]*""","=""5/2""",8,6,,"=""T8611""","=""L14869""",
Cs,3,"=""351.83210""","=""0.00012""","=""351.83205""","=""0.00006""","=""59000""","=""3.48e+06""",,"=""135081.058""","=""163495.585""","=""5s2.5p4.(3P<1>).5d""","=""2[3]""","=""5/2""","=""5s2.5p4.(3P<2>).6p""","=""2[3]*""","=""5/2""",6,6,,"=""T8611""","=""L14869""",
Cs,3,"=""353.2888""","=""0.0002""","=""353.28881""","=""0.00010""","=""600""","=""8.18e+06""",,"=""150467.268""","=""178764.633""","=""5s2.5p4.(3P<1>).6s""","=""2[1]""","=""1/2""","=""5s2.5p4.(3P<2>).4f""","=""2[1]*""","=""3/2""",2,4,,"=""T8611""","=""L14869""",
Cs,3,"=""353.3383""","=""0.0002""","=""353.33825""","=""0.00016""","=""17000""","=""3.15e+07""",,"=""162863.218""","=""191156.624""","=""5s2.5p4.(1D<2>).5d""","=""2[2]""","=""5/2""","=""5s2.5p4.(3P<1>).4f""","=""2[4]*""","=""7/2""",6,8,,"=""T8611""","=""L14869""",
Cs,3,"=""354.1569""","=""0.0002""","=""354.15702""","=""0.00010""","=""2400""","=""1.81e+07""",,"=""132419.196""","=""160647.193""","=""5s2.5p4.(3P<2>).5d""","=""2[0]""","=""1/2""","=""5s2.5p4.(3P<2>).6p""","=""2[2]*""","=""3/2""",2,4,,"=""T8611""","=""L14869""",
Cs,3,"=""355.9817""","=""0.0002""","=""355.98154""","=""0.00014""","=""290000""","=""1.76e+08""",,"=""145443.182""","=""173526.505""","=""5s2.5p4.(3P<0>).6s""","=""2[0]""","=""1/2""","=""5s2.5p4.(3P<0>).6p""","=""2[1]*""","=""3/2""",2,4,,"=""T8611""","=""L14869""",
Cs,3,"=""356.2137""","=""0.0003""","=""356.21342""","=""0.00011""","=""11000""","=""8.40e+06""",,"=""148575.860""","=""176640.903""","=""5s2.5p4.(3P<1>).6s""","=""2[1]""","=""3/2""","=""5s2.5p4.(3P<2>).4f""","=""2[1]*""","=""1/2""",4,2,,"=""T8611""","=""L14869""",
Cs,3,"=""356.5143""","=""0.0002""","=""356.51431""","=""0.00010""","=""90000""","=""1.99e+08""",,"=""150467.268""","=""178508.625""","=""5s2.5p4.(3P<1>).6s""","=""2[1]""","=""1/2""","=""5s2.5p4.(3P<1>).6p""","=""2[1]*""","=""1/2""",2,2,,"=""T8611""","=""L14869""",
Cs,3,"=""359.2487""","=""0.0003""","=""359.24859""","=""0.00007""","=""6600""","=""2.25e+06""",,"=""150093.899""","=""177921.836""","=""5s2.5p4.(1D<2>).5d""","=""2[3]""","=""5/2""","=""5s2.5p4.(3P<1>).6p""","=""2[1]*""","=""3/2""",6,4,,"=""T8611""","=""L14869""",
Cs,3,"=""359.74524""","=""0.00015""","=""359.74525""","=""0.00009""","=""320000""","=""1.63e+08""",,"=""133343.034""","=""161132.553""","=""5s2.5p4.(3P<2>).6s""","=""2[2]""","=""5/2""","=""5s2.5p4.(3P<2>).6p""","=""2[2]*""","=""5/2""",6,6,,"=""T8611""","=""L14869""",
Cs,3,"=""359.89507""","=""0.00012""","=""359.89502""","=""0.00007""","=""100000""","=""1.53e+07""",,"=""135747.850""","=""163525.805""","=""5s2.5p4.(3P<0>).5d""","=""2[2]""","=""3/2""","=""5s2.5p4.(3P<2>).6p""","=""2[1]*""","=""1/2""",4,2,,"=""T8611""","=""L14869""",
Cs,3,"=""360.28693""","=""0.00011""","=""360.28699""","=""0.00006""","=""220000""","=""7.55e+06""",,"=""135747.850""","=""163495.585""","=""5s2.5p4.(3P<0>).5d""","=""2[2]""","=""3/2""","=""5s2.5p4.(3P<2>).6p""","=""2[3]*""","=""5/2""",4,6,,"=""T8611""","=""L14869""",
Cs,3,"=""360.5571""","=""0.0020""","=""360.55712""","=""0.00012""","=""120000bl""","=""4.68e+06""",,"=""153011.345""","=""180738.292""","=""5s2.5p4.(1D<2>).5d""","=""2[3]""","=""7/2""","=""5s2.5p4.(3P<2>).4f""","=""2[4]*""","=""7/2""",8,8,,"=""T8611""","=""L14869""",
Cs,3,"=""360.8312""","=""0.0003""","=""360.83102""","=""0.00010""","=""780000""","=""2.23e+08""",,"=""148575.860""","=""176281.761""","=""5s2.5p4.(3P<1>).6s""","=""2[1]""","=""3/2""","=""5s2.5p4.(3P<1>).6p""","=""2[2]*""","=""5/2""",4,6,,"=""T8611""","=""L14869""",
Cs,1,"=""361.14714""","=""0.00019""","=""361.146769""","=""0.000015""","=""160""","=""1.43e+05""",C+,"=""0.0000""","=""27681.6782""","=""5p6.6s""","=""2S""","=""1/2""","=""5p6.9p""","=""2P*""","=""3/2""",2,4,,"=""T7227""","=""L5791""",
Cs,1,"=""361.73084""","=""0.00017""","=""361.730663""","=""0.000007""","=""32""","=""2.2e+04""",C,"=""0.0000""","=""27636.9966""","=""5p6.6s""","=""2S""","=""1/2""","=""5p6.9p""","=""2P*""","=""1/2""",2,2,,"=""T7227""","=""L5791""",
Cs,3,"=""361.8190""","=""0.0006""","=""361.81868""","=""0.00021""","=""380000""","=""1.41e+07""",,"=""156698.493""","=""184328.767""","=""5s2.5p4.(1D<2>).6s""","=""2[2]""","=""5/2""","=""5s2.5p4.(3P<0>).4f""","=""2[3]*""","=""7/2""",6,8,,"=""T8611""","=""L14869""",
Cs,3,"=""362.2704""","=""0.0002""","=""362.27060""","=""0.00007""","=""31000""","=""1.23e+07""",,"=""140794.613""","=""168390.420""","=""5s2.5p4.(3P<1>).5d""","=""2[2]""","=""3/2""","=""5s2.5p4.(3P<2>).6p""","=""2[1]*""","=""3/2""",4,4,,"=""T8611""","=""L14869""",
Cs,3,"=""362.44406""","=""0.00014""","=""362.44398""","=""0.00021""","=""17000""","=""5.79e+07""",,"=""191550.995""","=""219133.601""","=""5s2.5p4.(1D<2>).4f""","=""2[5]*""","=""11/2""","=""5s2.5p4.(1D<2>).6d""","=""2[4]""","=""9/2""",12,10,,"=""T8611""","=""L14869""",
Cs,3,"=""363.0688""","=""0.0003""","=""363.0689""","=""0.0003""","=""20000""","=""2.25e+08""",,"=""179561.464""","=""207096.599""","=""5s2.5p4.(1S<0>).6s""","=""2[0]""","=""1/2""","=""5s2.5p4.(1S<0>).6p""","=""2[1]*""","=""3/2""",2,4,,"=""T8611""","=""L14869""",
Cs,3,"=""364.13431""","=""0.00008""","=""364.13434""","=""0.00008""","=""180000c""","=""1.43e+08""",,"=""150467.268""","=""177921.836""","=""5s2.5p4.(3P<1>).6s""","=""2[1]""","=""1/2""","=""5s2.5p4.(3P<1>).6p""","=""2[1]*""","=""3/2""",2,4,,"=""T8611""","=""L14869""",
Cs,3,"=""364.3781""","=""0.0003""","=""364.3776""","=""0.0003""","=""22000""","=""5.41e+07""",,"=""191424.921""","=""218861.157""","=""5s2.5p4.(1D<2>).4f""","=""2[5]*""","=""9/2""","=""5s2.5p4.(1D<2>).6d""","=""2[4]""","=""7/2""",10,8,,"=""T8611""","=""L14869""",
Cs,3,"=""365.10793""","=""0.00014""","=""365.10790""","=""0.00009""","=""310000""","=""2.58e+06""",,"=""133265.831""","=""160647.193""","=""5s2.5p4.(3P<1>).5d""","=""2[1]""","=""1/2""","=""5s2.5p4.(3P<2>).6p""","=""2[2]*""","=""3/2""",2,4,,"=""T8611""","=""L14869""",
Cs,3,"=""365.6719""","=""0.0004""","=""365.67199""","=""0.00020""","=""42000""","=""1.01e+08""",,"=""160991.868""","=""188330.992""","=""5s2.5p4.(1D<2>).5d""","=""2[1]""","=""3/2""","=""5s2.5p4.(1D<2>).6p""","=""2[1]*""","=""1/2""",4,2,,"=""T8611""","=""L14869""",
Cs,3,"=""366.14040""","=""0.00020""","=""366.14028""","=""0.00010""","=""880000""","=""1.65e+08""",,"=""133343.034""","=""160647.193""","=""5s2.5p4.(3P<2>).6s""","=""2[2]""","=""5/2""","=""5s2.5p4.(3P<2>).6p""","=""2[2]*""","=""3/2""",6,4,,"=""T8611""","=""L14869""",
Cs,3,"=""368.04699""","=""0.00013""","=""368.04698""","=""0.00010""","=""190000""","=""7.03e+07""",,"=""148575.860""","=""175738.571""","=""5s2.5p4.(3P<1>).6s""","=""2[1]""","=""3/2""","=""5s2.5p4.(3P<1>).6p""","=""2[2]*""","=""3/2""",4,4,,"=""T8611""","=""L14869""",
Cs,3,"=""369.9494""","=""0.0003""","=""369.94945""","=""0.00020""","=""380000""","=""1.81e+08""",,"=""156698.493""","=""183721.523""","=""5s2.5p4.(1D<2>).6s""","=""2[2]""","=""5/2""","=""5s2.5p4.(1D<2>).6p""","=""2[3]*""","=""7/2""",6,8,,"=""T8611""","=""L14869""",
Cs,3,"=""371.07865""","=""0.00011""","=""371.07856""","=""0.00025""","=""9000""","=""1.44e+08""",,"=""178362.472""","=""205303.279""","=""5s2.5p4.(1S<0>).5d""","=""2[2]""","=""3/2""","=""5s2.5p4.(1S<0>).6p""","=""2[1]*""","=""1/2""",4,2,,"=""T8611""","=""L14869""",
Cs,3,"=""372.99916""","=""0.00009""","=""372.99923""","=""0.00008""","=""58000""","=""5.67e+06""",,"=""136693.500""","=""163495.585""","=""5s2.5p4.(3P<1>).5d""","=""2[1]""","=""3/2""","=""5s2.5p4.(3P<2>).6p""","=""2[3]*""","=""5/2""",4,6,,"=""T8611""","=""L14869""",
Cs,3,"=""373.4357""","=""0.0004""","=""373.43556""","=""0.00019""","=""140000""","=""1.34e+08""",,"=""156698.493""","=""183469.263""","=""5s2.5p4.(1D<2>).6s""","=""2[2]""","=""5/2""","=""5s2.5p4.(1D<2>).6p""","=""2[1]*""","=""3/2""",6,4,,"=""T8611""","=""L14869""",
Cs,3,"=""375.14182""","=""0.00019""","=""375.14206""","=""0.00014""","=""32000""","=""3.53e+07""",,"=""156820.269""","=""183469.263""","=""5s2.5p4.(1D<2>).6s""","=""2[2]""","=""3/2""","=""5s2.5p4.(1D<2>).6p""","=""2[1]*""","=""3/2""",4,4,,"=""T8611""","=""L14869""",
Cs,3,"=""379.79265""","=""0.00015""","=""379.79258""","=""0.00008""","=""19000""","=""4.93e+06""",,"=""142067.732""","=""168390.420""","=""5s2.5p4.(3P<1>).5d""","=""2[2]""","=""5/2""","=""5s2.5p4.(3P<2>).6p""","=""2[1]*""","=""3/2""",6,4,,"=""T8611""","=""L14869""",
Cs,3,"=""381.74784""","=""0.00016""","=""381.74796""","=""0.00009""","=""19000""","=""2.58e+06""",,"=""150093.899""","=""176281.761""","=""5s2.5p4.(1D<2>).5d""","=""2[3]""","=""5/2""","=""5s2.5p4.(3P<1>).6p""","=""2[2]*""","=""5/2""",6,6,,"=""T8611""","=""L14869""",
Cs,3,"=""381.95548""","=""0.00015""","=""381.95546""","=""0.00011""","=""55000""","=""1.62e+07""",,"=""150467.268""","=""176640.903""","=""5s2.5p4.(3P<1>).6s""","=""2[1]""","=""1/2""","=""5s2.5p4.(3P<2>).4f""","=""2[1]*""","=""1/2""",2,2,,"=""T8611""","=""L14869""",
Cs,3,"=""382.23706""","=""0.00015""","=""382.23718""","=""0.00020""","=""19000""","=""4.80e+07""",,"=""185352.206""","=""211506.551""","=""5s2.5p4.(3P<1>).4f""","=""2[4]*""","=""9/2""","=""5s2.5p4.(3P<1>).6d""","=""2[3]""","=""7/2""",10,8,,"=""T8611""","=""L14869""",
Cs,3,"=""382.3626""","=""0.0002""","=""382.36266""","=""0.00011""","=""29000""","=""1.04e+06""",,"=""137785.195""","=""163930.957""","=""5s2.5p4.(3P<1>).5d""","=""2[3]""","=""7/2""","=""5s2.5p4.(3P<2>).6p""","=""2[3]*""","=""7/2""",8,8,,"=""T8611""","=""L14869""",
Cs,3,"=""383.74620""","=""0.00017""","=""383.74627""","=""0.00007""","=""260000""","=""9.22e+06""",,"=""135081.058""","=""161132.553""","=""5s2.5p4.(3P<1>).5d""","=""2[3]""","=""5/2""","=""5s2.5p4.(3P<2>).6p""","=""2[2]*""","=""5/2""",6,6,,"=""T8611""","=""L14869""",
Cs,3,"=""386.4335""","=""0.0002""","=""386.43346""","=""0.00017""","=""200000""","=""1.72e+08""",,"=""145443.182""","=""171313.524""","=""5s2.5p4.(3P<0>).6s""","=""2[0]""","=""1/2""","=""5s2.5p4.(3P<0>).6p""","=""2[1]*""","=""1/2""",2,2,,"=""T8611""","=""L14869""",
Cs,3,"=""387.0436""","=""0.0004""","=""387.0432""","=""0.0003""","=""4800""","=""4.70e+05""",,"=""202090.692""","=""227920.278""","=""5s2.5p4.(1D<2>).4f""","=""2[2]*""","=""3/2""","=""5s2.5p4.(3P<2>).5g""","=""2[2]""","=""3/2""",4,4,,"=""T8611""","=""L14869""",
Cs,1,"=""387.61486""","=""0.00008""","=""387.6147""","=""0.0005""","=""2100""","=""3.9e+05""",B+,"=""0.0000""","=""25791.508""","=""5p6.6s""","=""2S""","=""1/2""","=""5p6.8p""","=""2P*""","=""3/2""",2,4,,"=""T7227""","=""L5791""",
Cs,3,"=""388.3630""","=""0.0004""","=""388.3629""","=""0.0003""","=""13000""","=""1.83e+08""",,"=""179561.464""","=""205303.279""","=""5s2.5p4.(1S<0>).6s""","=""2[0]""","=""1/2""","=""5s2.5p4.(1S<0>).6p""","=""2[1]*""","=""1/2""",2,2,,"=""T8611""","=""L14869""",
Cs,3,"=""388.83745""","=""0.00020""","=""388.83763""","=""0.00012""","=""740000""","=""7.77e+06""",,"=""137785.195""","=""163495.585""","=""5s2.5p4.(3P<1>).5d""","=""2[3]""","=""7/2""","=""5s2.5p4.(3P<2>).6p""","=""2[3]*""","=""5/2""",8,6,,"=""T8611""","=""L14869""",
Cs,1,"=""388.8611413""","=""0.0000022""","=""388.8611413""","=""0.0000022""","=""600""","=""9.0e+04""",C+,"=""0.0000""","=""25708.83548""","=""5p6.6s""","=""2S""","=""1/2""","=""5p6.8p""","=""2P*""","=""1/2""",2,2,,"=""T7227""","=""L9729c91""",
Cs,3,"=""389.2217""","=""0.0005""","=""389.22215""","=""0.00019""","=""29000""","=""6.33e+05""",,"=""156820.269""","=""182505.260""","=""5s2.5p4.(1D<2>).6s""","=""2[2]""","=""3/2""","=""5s2.5p4.(3P<1>).4f""","=""2[2]*""","=""3/2""",4,4,,"=""T8611""","=""L14869""",
Cs,3,"=""390.4816""","=""0.0003""","=""390.48187""","=""0.00018""","=""66000""","=""1.95e+07""",,"=""160991.868""","=""186593.999""","=""5s2.5p4.(1D<2>).5d""","=""2[1]""","=""3/2""","=""5s2.5p4.(1D<2>).6p""","=""2[2]*""","=""5/2""",4,6,,"=""T8611""","=""L14869""",
Cs,3,"=""391.03156""","=""0.00015""","=""391.03167""","=""0.00009""","=""26000""","=""1.30e+05""",,"=""135081.058""","=""160647.193""","=""5s2.5p4.(3P<1>).5d""","=""2[3]""","=""5/2""","=""5s2.5p4.(3P<2>).6p""","=""2[2]*""","=""3/2""",6,4,,"=""T8611""","=""L14869""",
Cs,3,"=""392.55957""","=""0.00014""","=""392.55957""","=""0.00008""","=""620000""","=""6.18e+07""",,"=""138464.327""","=""163930.957""","=""5s2.5p4.(3P<2>).5d""","=""2[3]""","=""5/2""","=""5s2.5p4.(3P<2>).6p""","=""2[3]*""","=""7/2""",6,8,,"=""T8611""","=""L14869""",
Cs,3,"=""393.8264""","=""0.0002""","=""393.82655""","=""0.00008""","=""18000""","=""9.75e+04""",,"=""135747.850""","=""161132.553""","=""5s2.5p4.(3P<0>).5d""","=""2[2]""","=""3/2""","=""5s2.5p4.(3P<2>).6p""","=""2[2]*""","=""5/2""",4,6,,"=""T8611""","=""L14869""",
Cs,3,"=""395.5935""","=""0.0002""","=""395.59381""","=""0.00010""","=""130000""","=""6.10e+07""",,"=""150467.268""","=""175738.571""","=""5s2.5p4.(3P<1>).6s""","=""2[1]""","=""1/2""","=""5s2.5p4.(3P<1>).6p""","=""2[2]*""","=""3/2""",2,4,,"=""T8611""","=""L14869""",
Cs,3,"=""397.7555""","=""0.0004""","=""397.75449""","=""0.00021""","=""13000""","=""5.18e+06""",,"=""160991.868""","=""186125.895""","=""5s2.5p4.(1D<2>).5d""","=""2[1]""","=""3/2""","=""5s2.5p4.(1D<2>).6p""","=""2[2]*""","=""3/2""",4,4,,"=""T8611""","=""L14869""",
Cs,3,"=""399.3870""","=""0.0008""","=""399.38756""","=""0.00008""","=""40000""","=""5.72e+05""",,"=""138464.327""","=""163495.585""","=""5s2.5p4.(3P<2>).5d""","=""2[3]""","=""5/2""","=""5s2.5p4.(3P<2>).6p""","=""2[3]*""","=""5/2""",6,6,,"=""T8611""","=""L14869""",
Cs,3,"=""400.16978""","=""0.00009""","=""400.16981""","=""0.00009""","=""410000c""","=""9.05e+07""",,"=""138543.477""","=""163525.805""","=""5s2.5p4.(3P<2>).6s""","=""2[2]""","=""3/2""","=""5s2.5p4.(3P<2>).6p""","=""2[1]*""","=""1/2""",4,2,,"=""T8611""","=""L14869""",
Cs,3,"=""400.65444""","=""0.00016""","=""400.65447""","=""0.00008""","=""860000""","=""1.08e+08""",,"=""138543.477""","=""163495.585""","=""5s2.5p4.(3P<2>).6s""","=""2[2]""","=""3/2""","=""5s2.5p4.(3P<2>).6p""","=""2[3]*""","=""5/2""",4,6,,"=""T8611""","=""L14869""",
Cs,3,"=""400.67773""","=""0.00017""","=""400.67797""","=""0.00012""","=""250000""","=""3.60e+07""",,"=""148575.860""","=""173526.505""","=""5s2.5p4.(3P<1>).6s""","=""2[1]""","=""3/2""","=""5s2.5p4.(3P<0>).6p""","=""2[1]*""","=""3/2""",4,4,,"=""T8611""","=""L14869""",
Cs,3,"=""401.5032""","=""0.0003""","=""401.50353""","=""0.00009""","=""13000""","=""3.95e+05""",,"=""135747.850""","=""160647.193""","=""5s2.5p4.(3P<0>).5d""","=""2[2]""","=""3/2""","=""5s2.5p4.(3P<2>).6p""","=""2[2]*""","=""3/2""",4,4,,"=""T8611""","=""L14869""",
Cs,3,"=""402.3604""","=""0.0004""","=""402.3608""","=""0.0003""","=""110000""","=""3.50e+07""",,"=""156698.493""","=""181544.785""","=""5s2.5p4.(1D<2>).6s""","=""2[2]""","=""5/2""","=""5s2.5p4.(1D<2>).6p""","=""2[3]*""","=""5/2""",6,6,,"=""T8611""","=""L14869""",
Cs,3,"=""402.8414""","=""0.0004""","=""402.84246""","=""0.00016""","=""3600""","=""5.25e+06""",,"=""173526.505""","=""198343.092""","=""5s2.5p4.(3P<0>).6p""","=""2[1]*""","=""3/2""","=""5s2.5p4.(3P<2>).6d""","=""2[2]""","=""3/2""",4,4,,"=""T8611""","=""L14869""",
Cs,3,"=""402.8637""","=""0.0007""","=""402.86264""","=""0.00024""","=""2400""","=""2.55e+07""",,"=""195520.010""","=""220335.354""","=""5s2.5p4.(1D<2>).4f""","=""2[3]*""","=""7/2""","=""5s2.5p4.(1D<2>).6d""","=""2[2]""","=""5/2""",8,6,,"=""T8611""","=""L14869""",
Cs,3,"=""403.5127""","=""0.0004""","=""403.51314""","=""0.00019""","=""6600""","=""3.65e+07""",,"=""184328.767""","=""209104.107""","=""5s2.5p4.(3P<0>).4f""","=""2[3]*""","=""7/2""","=""5s2.5p4.(3P<0>).6d""","=""2[2]""","=""5/2""",8,6,,"=""T8611""","=""L14869""",
Cs,3,"=""404.3424""","=""0.0003""","=""404.34262""","=""0.00021""","=""310000""","=""1.23e+08""",,"=""156820.269""","=""181544.785""","=""5s2.5p4.(1D<2>).6s""","=""2[2]""","=""3/2""","=""5s2.5p4.(1D<2>).6p""","=""2[3]*""","=""5/2""",4,6,,"=""T8611""","=""L14869""",
Cs,3,"=""408.1492""","=""0.0003""","=""408.14907""","=""0.00013""","=""140000""","=""1.41e+08""",,"=""148575.860""","=""173069.797""","=""5s2.5p4.(3P<1>).6s""","=""2[1]""","=""3/2""","=""5s2.5p4.(3P<1>).6p""","=""2[0]*""","=""1/2""",4,2,,"=""T8611""","=""L14869""",
Cs,3,"=""411.9290""","=""0.0003""","=""411.9290""","=""0.0004""","=""5400""","=""4.10e+07""",,"=""184329.523""","=""208598.702""","=""5s2.5p4.(3P<0>).4f""","=""2[3]*""","=""5/2""","=""5s2.5p4.(3P<0>).6d""","=""2[2]""","=""3/2""",6,4,,"=""T8611""","=""L14869""",
Cs,3,"=""415.1998""","=""0.0002""","=""415.19985""","=""0.00025""","=""51000""","=""3.17e+07""",,"=""178362.472""","=""202440.470""","=""5s2.5p4.(1S<0>).5d""","=""2[2]""","=""3/2""","=""5s2.5p4.(1D<2>).4f""","=""2[3]*""","=""5/2""",4,6,,"=""T8611""","=""L14869""",
Cs,3,"=""415.8601""","=""0.0005""","=""415.85961""","=""0.00024""","=""96000""","=""1.09e+07""",,"=""156698.493""","=""180738.292""","=""5s2.5p4.(1D<2>).6s""","=""2[2]""","=""5/2""","=""5s2.5p4.(3P<2>).4f""","=""2[4]*""","=""7/2""",6,8,,"=""T8611""","=""L14869""",
Cs,3,"=""416.32511""","=""0.00014""","=""416.32515""","=""0.00017""","=""38000""","=""4.40e+07""",,"=""175048.447""","=""199061.365""","=""5s2.5p4.(3P<2>).4f""","=""2[5]*""","=""11/2""","=""5s2.5p4.(3P<2>).6d""","=""2[4]""","=""9/2""",12,10,,"=""T8611""","=""L14869""",
Cs,3,"=""417.3543""","=""0.0003""","=""417.35452""","=""0.00011""","=""90000""","=""6.33e+06""",,"=""136693.500""","=""160647.193""","=""5s2.5p4.(3P<1>).5d""","=""2[1]""","=""3/2""","=""5s2.5p4.(3P<2>).6p""","=""2[2]*""","=""3/2""",4,4,,"=""T8611""","=""L14869""",
Cs,3,"=""419.3238""","=""0.0003""","=""419.3239""","=""0.0003""","=""24000""","=""2.21e+07""",,"=""164489.795""","=""188330.992""","=""5s2.5p4.(1D<2>).5d""","=""2[2]""","=""3/2""","=""5s2.5p4.(1D<2>).6p""","=""2[1]*""","=""1/2""",4,2,,"=""T8611""","=""L14869""",
Cs,3,"=""421.2753""","=""0.0018""","=""421.27496""","=""0.00018""","=""60000bl""","=""9.23e+06""",,"=""162863.218""","=""186593.999""","=""5s2.5p4.(1D<2>).5d""","=""2[2]""","=""5/2""","=""5s2.5p4.(1D<2>).6p""","=""2[2]*""","=""5/2""",6,6,,"=""T8611""","=""L14869""",
Cs,3,"=""428.3720""","=""0.0003""","=""428.3715""","=""0.0003""","=""4200""","=""9.43e+05""",,"=""160991.868""","=""184329.523""","=""5s2.5p4.(1D<2>).5d""","=""2[1]""","=""3/2""","=""5s2.5p4.(3P<0>).4f""","=""2[3]*""","=""5/2""",4,6,,"=""T8611""","=""L14869""",
Cs,3,"=""429.6097""","=""0.0004""","=""429.60932""","=""0.00017""","=""20000""","=""2.08e+06""",,"=""153011.345""","=""176281.761""","=""5s2.5p4.(1D<2>).5d""","=""2[3]""","=""7/2""","=""5s2.5p4.(3P<1>).6p""","=""2[2]*""","=""5/2""",8,6,,"=""T8611""","=""L14869""",
Cs,3,"=""429.7518""","=""0.0003""","=""429.75224""","=""0.00022""","=""16000""","=""1.09e+07""",,"=""162863.218""","=""186125.895""","=""5s2.5p4.(1D<2>).5d""","=""2[2]""","=""5/2""","=""5s2.5p4.(1D<2>).6p""","=""2[2]*""","=""3/2""",6,4,,"=""T8611""","=""L14869""",
Cs,3,"=""431.2797""","=""0.0003""","=""431.27908""","=""0.00022""","=""6600""","=""3.53e+07""",,"=""189439.279""","=""212619.602""","=""5s2.5p4.(3P<1>).4f""","=""2[3]*""","=""7/2""","=""5s2.5p4.(3P<1>).6d""","=""2[2]""","=""5/2""",8,6,,"=""T8611""","=""L14869""",
Cs,3,"=""432.63284""","=""0.00012""","=""432.63290""","=""0.00017""","=""22000""","=""3.58e+07""",,"=""176394.478""","=""199502.265""","=""5s2.5p4.(3P<2>).4f""","=""2[5]*""","=""9/2""","=""5s2.5p4.(3P<2>).6d""","=""2[4]""","=""7/2""",10,8,,"=""T8611""","=""L14869""",
Cs,3,"=""433.5439""","=""0.0003""","=""433.54380""","=""0.00012""","=""7800""","=""1.71e+06""",,"=""150467.268""","=""173526.505""","=""5s2.5p4.(3P<1>).6s""","=""2[1]""","=""1/2""","=""5s2.5p4.(3P<0>).6p""","=""2[1]*""","=""3/2""",2,4,,"=""T8611""","=""L14869""",
Cs,3,"=""439.8004""","=""0.0002""","=""439.80059""","=""0.00011""","=""43000""","=""9.50e+06""",,"=""140794.613""","=""163525.805""","=""5s2.5p4.(3P<1>).5d""","=""2[2]""","=""3/2""","=""5s2.5p4.(3P<2>).6p""","=""2[1]*""","=""1/2""",4,2,,"=""T8611""","=""L14869""",
Cs,3,"=""440.3863""","=""0.0003""","=""440.38608""","=""0.00010""","=""220000""","=""1.32e+07""",,"=""140794.613""","=""163495.585""","=""5s2.5p4.(3P<1>).5d""","=""2[2]""","=""3/2""","=""5s2.5p4.(3P<2>).6p""","=""2[3]*""","=""5/2""",4,6,,"=""T8611""","=""L14869""",
Cs,3,"=""441.02214""","=""0.00019""","=""441.02226""","=""0.00010""","=""720000""","=""2.68e+07""",,"=""138464.327""","=""161132.553""","=""5s2.5p4.(3P<2>).5d""","=""2[3]""","=""5/2""","=""5s2.5p4.(3P<2>).6p""","=""2[2]*""","=""5/2""",6,6,,"=""T8611""","=""L14869""",
Cs,3,"=""442.5675""","=""0.0003""","=""442.56759""","=""0.00010""","=""560000""","=""1.87e+07""",,"=""138543.477""","=""161132.553""","=""5s2.5p4.(3P<2>).6s""","=""2[2]""","=""3/2""","=""5s2.5p4.(3P<2>).6p""","=""2[2]*""","=""5/2""",4,6,,"=""T8611""","=""L14869""",
Cs,3,"=""444.7664""","=""0.0002""","=""444.76656""","=""0.00020""","=""66000""","=""1.41e+07""",,"=""160991.868""","=""183469.263""","=""5s2.5p4.(1D<2>).5d""","=""2[1]""","=""3/2""","=""5s2.5p4.(1D<2>).6p""","=""2[1]*""","=""3/2""",4,4,,"=""T8611""","=""L14869""",
Cs,3,"=""449.3667""","=""0.0003""","=""449.36652""","=""0.00023""","=""60000""","=""2.93e+06""",,"=""156820.269""","=""179067.577""","=""5s2.5p4.(1D<2>).6s""","=""2[2]""","=""3/2""","=""5s2.5p4.(3P<2>).4f""","=""2[2]*""","=""5/2""",4,6,,"=""T8611""","=""L14869""",
Cs,3,"=""450.67209""","=""0.00013""","=""450.67197""","=""0.00011""","=""720000""","=""1.44e+07""",,"=""138464.327""","=""160647.193""","=""5s2.5p4.(3P<2>).5d""","=""2[3]""","=""5/2""","=""5s2.5p4.(3P<2>).6p""","=""2[2]*""","=""3/2""",6,4,,"=""T8611""","=""L14869""",
Cs,3,"=""452.2859""","=""0.0002""","=""452.28578""","=""0.00012""","=""350000""","=""1.08e+07""",,"=""138543.477""","=""160647.193""","=""5s2.5p4.(3P<2>).6s""","=""2[2]""","=""3/2""","=""5s2.5p4.(3P<2>).6p""","=""2[2]*""","=""3/2""",4,4,,"=""T8611""","=""L14869""",
Cs,1,"=""455.52799""","=""0.00005""","=""455.5280""","=""0.0005""","=""""","=""1.836e+06""",AA,"=""0.0000""","=""21946.397""","=""5p6.6s""","=""2S""","=""1/2""","=""5p6.7p""","=""2P*""","=""3/2""",2,4,,"=""T7550""","=""L3506c91""",
Cs,3,"=""457.26081""","=""0.00013""","=""457.26091""","=""0.00010""","=""66000""","=""2.51e+06""",,"=""142067.732""","=""163930.957""","=""5s2.5p4.(3P<1>).5d""","=""2[2]""","=""5/2""","=""5s2.5p4.(3P<2>).6p""","=""2[3]*""","=""7/2""",6,8,,"=""T8611""","=""L14869""",
Cs,1,"=""459.31721""","=""0.00005""","=""459.3172""","=""0.0004""","=""""","=""7.94e+05""",A+,"=""0.0000""","=""21765.348""","=""5p6.6s""","=""2S""","=""1/2""","=""5p6.7p""","=""2P*""","=""1/2""",2,2,,"=""T7550""","=""L3506c91""",
Cs,3,"=""461.2179""","=""0.0003""","=""461.21786""","=""0.00015""","=""5400""","=""2.18e+07""",,"=""180738.292""","=""202413.948""","=""5s2.5p4.(3P<2>).4f""","=""2[4]*""","=""7/2""","=""5s2.5p4.(3P<2>).6d""","=""2[3]""","=""5/2""",8,6,,"=""T8611""","=""L14869""",
Cs,3,"=""462.0609""","=""0.0005""","=""462.0611""","=""0.0003""","=""250000""","=""2.36e+07""",,"=""164489.795""","=""186125.895""","=""5s2.5p4.(1D<2>).5d""","=""2[2]""","=""3/2""","=""5s2.5p4.(1D<2>).6p""","=""2[2]*""","=""3/2""",4,4,,"=""T8611""","=""L14869""",
Cs,3,"=""466.5518""","=""0.0004""","=""466.55171""","=""0.00011""","=""130000""","=""6.20e+05""",,"=""142067.732""","=""163495.585""","=""5s2.5p4.(3P<1>).5d""","=""2[2]""","=""5/2""","=""5s2.5p4.(3P<2>).6p""","=""2[3]*""","=""5/2""",6,6,,"=""T8611""","=""L14869""",
Cs,3,"=""471.6118""","=""0.0002""","=""471.6116""","=""0.0003""","=""26000""","=""3.06e+07""",,"=""199695.552""","=""220893.511""","=""5s2.5p4.(1D<2>).4f""","=""2[4]*""","=""9/2""","=""5s2.5p4.(1D<2>).6d""","=""2[3]""","=""7/2""",10,8,,"=""T8611""","=""L14869""",
Cs,3,"=""479.2908""","=""0.0005""","=""479.29136""","=""0.00020""","=""4800h""","=""1.28e+06""",,"=""162863.218""","=""183721.523""","=""5s2.5p4.(1D<2>).5d""","=""2[2]""","=""5/2""","=""5s2.5p4.(1D<2>).6p""","=""2[3]*""","=""7/2""",6,8,,"=""T8611""","=""L14869""",
Cs,3,"=""479.5687""","=""0.0005""","=""479.56839""","=""0.00018""","=""3800""","=""3.68e+06""",,"=""150467.268""","=""171313.524""","=""5s2.5p4.(3P<1>).6s""","=""2[1]""","=""1/2""","=""5s2.5p4.(3P<0>).6p""","=""2[1]*""","=""1/2""",2,2,,"=""T8611""","=""L14869""",
Cs,3,"=""485.1586""","=""0.0005""","=""485.15895""","=""0.00018""","=""85000h""","=""1.95e+07""",,"=""162863.218""","=""183469.263""","=""5s2.5p4.(1D<2>).5d""","=""2[2]""","=""5/2""","=""5s2.5p4.(1D<2>).6p""","=""2[1]*""","=""3/2""",6,4,,"=""T8611""","=""L14869""",
Cs,3,"=""486.4125""","=""0.0016""","=""486.4131""","=""0.0003""","=""45000c""","=""5.55e+06""",,"=""160991.868""","=""181544.785""","=""5s2.5p4.(1D<2>).5d""","=""2[1]""","=""3/2""","=""5s2.5p4.(1D<2>).6p""","=""2[3]*""","=""5/2""",4,6,,"=""T8611""","=""L14869""",
Cs,3,"=""503.573""","=""0.005""","=""503.57244""","=""0.00014""","=""80000p""","=""2.26e+06""",,"=""140794.613""","=""160647.193""","=""5s2.5p4.(3P<1>).5d""","=""2[2]""","=""3/2""","=""5s2.5p4.(3P<2>).6p""","=""2[2]*""","=""3/2""",4,4,,"=""T8611""","=""L14869""",
Cs,3,"=""506.6928""","=""0.0005""","=""506.6932""","=""0.0009""","=""3800""","=""6.25e+04""",,"=""218314.386""","=""238044.694""","=""5s2.5p4.(1S<0>).4f""","=""2[3]*""","=""5/2""","=""5s2.5p4.(3P<2>).9s""","=""2[2]""","=""3/2""",6,4,,"=""T8611""","=""L14869""",
Cs,3,"=""516.9407""","=""0.0004""","=""516.94057""","=""0.00016""","=""50000""","=""9.26e+05""",,"=""144591.760""","=""163930.957""","=""5s2.5p4.(3P<0>).5d""","=""2[2]""","=""5/2""","=""5s2.5p4.(3P<2>).6p""","=""2[3]*""","=""7/2""",6,8,,"=""T8611""","=""L14869""",
Cs,3,"=""526.7388""","=""0.0008""","=""526.7386""","=""0.0003""","=""25000""","=""7.65e+06""",,"=""164489.795""","=""183469.263""","=""5s2.5p4.(1D<2>).5d""","=""2[2]""","=""3/2""","=""5s2.5p4.(1D<2>).6p""","=""2[1]*""","=""3/2""",4,4,,"=""T8611""","=""L14869""",
Cs,3,"=""538.0792""","=""0.0004""","=""538.07913""","=""0.00016""","=""60000""","=""2.70e+06""",,"=""142067.732""","=""160647.193""","=""5s2.5p4.(3P<1>).5d""","=""2[2]""","=""5/2""","=""5s2.5p4.(3P<2>).6p""","=""2[2]*""","=""3/2""",6,4,,"=""T8611""","=""L14869""",
Cs,3,"=""546.3999""","=""0.0003""","=""546.40015""","=""0.00017""","=""27000""","=""1.48e+06""",,"=""150093.899""","=""168390.420""","=""5s2.5p4.(1D<2>).5d""","=""2[3]""","=""5/2""","=""5s2.5p4.(3P<2>).6p""","=""2[1]*""","=""3/2""",6,4,,"=""T8611""","=""L14869""",
Cs,3,"=""552.8635""","=""0.0009""","=""552.8635""","=""0.0003""","=""40000""","=""2.59e+06""",,"=""145443.182""","=""163525.805""","=""5s2.5p4.(3P<0>).6s""","=""2[0]""","=""1/2""","=""5s2.5p4.(3P<2>).6p""","=""2[1]*""","=""1/2""",2,2,,"=""T8611""","=""L14869""",
Cs,3,"=""557.7826""","=""0.0006""","=""557.78270""","=""0.00020""","=""29000c""","=""2.17e+06""",,"=""150467.268""","=""168390.420""","=""5s2.5p4.(3P<1>).6s""","=""2[1]""","=""1/2""","=""5s2.5p4.(3P<2>).6p""","=""2[1]*""","=""3/2""",2,4,,"=""T8611""","=""L14869""",
Cs,3,"=""559.2831""","=""0.0005""","=""559.28296""","=""0.00024""","=""46000""","=""6.28e+06""",,"=""162863.218""","=""180738.292""","=""5s2.5p4.(1D<2>).5d""","=""2[2]""","=""5/2""","=""5s2.5p4.(3P<2>).4f""","=""2[4]*""","=""7/2""",6,8,,"=""T8611""","=""L14869""",
Cs,3,"=""566.9340""","=""0.0006""","=""566.9345""","=""0.0006""","=""22000h""","=""8.80e+06""",,"=""165835.434""","=""183469.263""","=""5s2.5p4.(1D<2>).5d""","=""2[1]""","=""1/2""","=""5s2.5p4.(1D<2>).6p""","=""2[1]*""","=""3/2""",2,4,,"=""T8611""","=""L14869""",
Cs,3,"=""570.7232""","=""0.0008""","=""570.7236""","=""0.0004""","=""7600""","=""8.25e+06""",,"=""160991.868""","=""178508.625""","=""5s2.5p4.(1D<2>).5d""","=""2[1]""","=""3/2""","=""5s2.5p4.(3P<1>).6p""","=""2[1]*""","=""1/2""",4,2,,"=""T8611""","=""L14869""",
Cs,3,"=""574.0253""","=""0.0007""","=""574.02566""","=""0.00021""","=""3800""","=""2.50e+05""",,"=""180738.292""","=""198154.285""","=""5s2.5p4.(3P<2>).4f""","=""2[4]*""","=""7/2""","=""5s2.5p4.(3P<2>).6d""","=""2[3]""","=""7/2""",8,8,,"=""T8611""","=""L14869""",
Cs,3,"=""580.6886""","=""0.0010""","=""580.6876""","=""0.0009""","=""50000D""","=""1.75e+07""",,"=""171114.803""","=""188330.992""","=""5s2.5p4.(1D<2>).5d""","=""2[0]""","=""1/2""","=""5s2.5p4.(1D<2>).6p""","=""2[1]*""","=""1/2""",2,2,,"=""T8611""","=""L14869""",
Cs,3,"=""585.1096""","=""0.0007""","=""585.1090""","=""0.0005""","=""14000""","=""4.58e+07""",,"=""209714.989""","=""226801.085""","=""5s2.5p4.(3P<2>).7p""","=""2[3]*""","=""5/2""","=""5s2.5p4.(3P<2>).7d""","=""2[3]""","=""5/2""",6,6,,"=""T8611""","=""L14869""",
Cs,3,"=""586.1755""","=""0.0010""","=""586.1762""","=""0.0004""","=""24000c""","=""1.21e+06""",,"=""164489.795""","=""181544.785""","=""5s2.5p4.(1D<2>).5d""","=""2[2]""","=""3/2""","=""5s2.5p4.(1D<2>).6p""","=""2[3]*""","=""5/2""",4,6,,"=""T8611""","=""L14869""",
Cs,3,"=""588.2431""","=""0.0007""","=""588.2428""","=""0.0003""","=""6700""","=""2.07e+06""",,"=""210808.663""","=""227803.736""","=""5s2.5p4.(3P<2>).5f""","=""2[4]*""","=""9/2""","=""5s2.5p4.(3P<2>).5g""","=""2[6]""","=""11/2""",10,12,,"=""T8611""","=""L14869""",
Cs,3,"=""593.9492""","=""0.0007""","=""593.9493""","=""0.0005""","=""11000""","=""8.66e+06""",,"=""210808.663""","=""227640.453""","=""5s2.5p4.(3P<2>).5f""","=""2[4]*""","=""9/2""","=""5s2.5p4.(3P<2>).5g""","=""2[4]""","=""9/2""",10,10,,"=""T8611""","=""L14869""",
Cs,3,"=""594.0143""","=""0.0002""","=""594.0138""","=""0.0009""","=""50000""","=""2.10e+07""",,"=""223996.499""","=""240826.462""","=""5s2.5p4.(3P<1>).5f""","=""2[4]*""","=""7/2""","=""5s2.5p4.(3P<1>).5g""","=""2[4]""","=""7/2""",8,8,,"=""T8611""","=""L14869""",
Cs,3,"=""594.2981""","=""0.0011""","=""594.2978""","=""0.0006""","=""17000""","=""4.40e+07""",,"=""210805.017""","=""227626.936""","=""5s2.5p4.(3P<2>).5f""","=""2[3]*""","=""7/2""","=""5s2.5p4.(3P<2>).5g""","=""2[4]""","=""7/2""",8,8,,"=""T8611""","=""L14869""",
Cs,3,"=""594.6965""","=""0.0002""","=""594.6964""","=""0.0004""","=""58000""","=""1.80e+08""",,"=""210805.017""","=""227615.662""","=""5s2.5p4.(3P<2>).5f""","=""2[3]*""","=""7/2""","=""5s2.5p4.(3P<2>).5g""","=""2[5]""","=""9/2""",8,10,,"=""T8611""","=""L14869""",
Cs,3,"=""594.8254""","=""0.0004""","=""594.8254""","=""0.0003""","=""15000""","=""3.69e+07""",,"=""210808.663""","=""227615.662""","=""5s2.5p4.(3P<2>).5f""","=""2[4]*""","=""9/2""","=""5s2.5p4.(3P<2>).5g""","=""2[5]""","=""9/2""",10,10,,"=""T8611""","=""L14869""",
Cs,3,"=""595.0137""","=""0.0002""","=""595.0138""","=""0.0004""","=""84000""","=""2.03e+08""",,"=""210808.663""","=""227610.341""","=""5s2.5p4.(3P<2>).5f""","=""2[4]*""","=""9/2""","=""5s2.5p4.(3P<2>).5g""","=""2[5]""","=""11/2""",10,12,,"=""T8611""","=""L14869""",
Cs,3,"=""596.2772""","=""0.0007""","=""596.2779""","=""0.0008""","=""7600""","=""2.51e+04""",,"=""224060.404""","=""240826.462""","=""5s2.5p4.(3P<1>).5f""","=""2[3]*""","=""7/2""","=""5s2.5p4.(3P<1>).5g""","=""2[4]""","=""7/2""",8,8,,"=""T8611""","=""L14869""",
Cs,3,"=""597.3731""","=""0.0003""","=""597.3731""","=""0.0003""","=""26000""","=""3.13e+07""",,"=""208758.432""","=""225493.754""","=""5s2.5p4.(3P<2>).7p""","=""2[2]*""","=""5/2""","=""5s2.5p4.(3P<2>).7d""","=""2[4]""","=""7/2""",6,8,,"=""T8611""","=""L14869""",
Cs,3,"=""600.3719""","=""0.0011""","=""600.3709""","=""0.0013""","=""9500""","=""9.90e+07""",,"=""210160.827""","=""226812.586""","=""5s2.5p4.(3P<2>).7p""","=""2[1]*""","=""1/2""","=""5s2.5p4.(3P<2>).7d""","=""2[0]""","=""1/2""",2,2,,"=""T8611""","=""L14869""",
Cs,3,"=""601.5073""","=""0.0009""","=""601.5074""","=""0.0011""","=""38000""","=""1.39e+08""",,"=""208720.735""","=""225341.032""","=""5s2.5p4.(3P<2>).7p""","=""2[1]*""","=""3/2""","=""5s2.5p4.(3P<2>).7d""","=""2[1]""","=""1/2""",4,2,,"=""T8611""","=""L14869""",
Cs,3,"=""602.2211""","=""0.0007""","=""602.2200""","=""0.0012""","=""14000h""","=""1.75e+06""",,"=""211309.951""","=""227910.582""","=""5s2.5p4.(3P<2>).5f""","=""2[2]*""","=""3/2""","=""5s2.5p4.(3P<2>).7d""","=""2[1]""","=""3/2""",4,4,,"=""T8611""","=""L14869""",
Cs,3,"=""604.1164""","=""0.0007""","=""604.1178""","=""0.0010""","=""3800""","=""5.88e+06""",,"=""223996.499""","=""240544.980""","=""5s2.5p4.(3P<1>).5f""","=""2[4]*""","=""7/2""","=""5s2.5p4.(3P<1>).5g""","=""2[3]""","=""7/2""",8,8,,"=""T8611""","=""L14869""",
Cs,3,"=""604.3987""","=""0.0004""","=""604.39858""","=""0.00021""","=""60000""","=""4.55e+05""",,"=""144591.760""","=""161132.553""","=""5s2.5p4.(3P<0>).5d""","=""2[2]""","=""5/2""","=""5s2.5p4.(3P<2>).6p""","=""2[2]*""","=""5/2""",6,6,,"=""T8611""","=""L14869""",
Cs,3,"=""606.4596""","=""0.0007""","=""606.4598""","=""0.0009""","=""40000""","=""1.03e+07""",,"=""224060.404""","=""240544.980""","=""5s2.5p4.(3P<1>).5f""","=""2[3]*""","=""7/2""","=""5s2.5p4.(3P<1>).5g""","=""2[3]""","=""7/2""",8,8,,"=""T8611""","=""L14869""",
Cs,3,"=""606.6597""","=""0.0011""","=""606.6591""","=""0.0013""","=""3800p""","=""4.45e+04""",,"=""224060.404""","=""240539.563""","=""5s2.5p4.(3P<1>).5f""","=""2[3]*""","=""7/2""","=""5s2.5p4.(3P<1>).5g""","=""2[3]""","=""5/2""",8,6,,"=""T8611""","=""L14869""",
Cs,3,"=""607.9854""","=""0.0003""","=""607.9854""","=""0.0008""","=""300000""","=""1.41e+08""",,"=""211309.951""","=""227753.161""","=""5s2.5p4.(3P<2>).5f""","=""2[2]*""","=""3/2""","=""5s2.5p4.(3P<2>).5g""","=""2[3]""","=""5/2""",4,6,,"=""T8611""","=""L14869""",
Cs,3,"=""609.5764""","=""0.0007""","=""609.5756""","=""0.0008""","=""14000""","=""3.55e+07""",,"=""208758.432""","=""225158.748""","=""5s2.5p4.(3P<2>).7p""","=""2[2]*""","=""5/2""","=""5s2.5p4.(3P<2>).8s""","=""2[2]""","=""3/2""",6,4,,"=""T8611""","=""L14869""",
Cs,3,"=""610.9068""","=""0.0007""","=""610.9076""","=""0.0008""","=""4800""","=""1.01e+07""",,"=""211655.671""","=""228020.228""","=""5s2.5p4.(3P<2>).7p""","=""2[2]*""","=""3/2""","=""5s2.5p4.(3P<2>).5g""","=""2[2]""","=""5/2""",4,6,,"=""T8611""","=""L14869""",
Cs,3,"=""612.2072""","=""0.0008""","=""612.2070""","=""0.0006""","=""48000""","=""1.13e+08""",,"=""208720.735""","=""225050.560""","=""5s2.5p4.(3P<2>).7p""","=""2[1]*""","=""3/2""","=""5s2.5p4.(3P<2>).7d""","=""2[2]""","=""3/2""",4,4,,"=""T8611""","=""L14869""",
Cs,3,"=""613.6237""","=""0.0008""","=""613.6235""","=""0.0005""","=""14000""","=""1.68e+07""",,"=""208758.432""","=""225050.560""","=""5s2.5p4.(3P<2>).7p""","=""2[2]*""","=""5/2""","=""5s2.5p4.(3P<2>).7d""","=""2[2]""","=""3/2""",6,4,,"=""T8611""","=""L14869""",
Cs,3,"=""614.6616""","=""0.0019""","=""614.6618""","=""0.0007""","=""1900h""","=""8.30e+04""",,"=""211655.671""","=""227920.278""","=""5s2.5p4.(3P<2>).7p""","=""2[2]*""","=""3/2""","=""5s2.5p4.(3P<2>).5g""","=""2[2]""","=""3/2""",4,4,,"=""T8611""","=""L14869""",
Cs,3,"=""614.8772""","=""0.0002""","=""614.8774""","=""0.0005""","=""40000""","=""7.58e+07""",,"=""208720.735""","=""224979.641""","=""5s2.5p4.(3P<2>).7p""","=""2[1]*""","=""3/2""","=""5s2.5p4.(3P<2>).7d""","=""2[2]""","=""5/2""",4,6,,"=""T8611""","=""L14869""",
Cs,3,"=""614.9150""","=""0.0008""","=""614.9161""","=""0.0003""","=""3800""","=""3.18e+06""",,"=""211545.853""","=""227803.736""","=""5s2.5p4.(3P<2>).5f""","=""2[5]*""","=""11/2""","=""5s2.5p4.(3P<2>).5g""","=""2[6]""","=""11/2""",12,12,,"=""T8611""","=""L14869""",
Cs,3,"=""615.0637""","=""0.0002""","=""615.0637""","=""0.0004""","=""250000""","=""2.19e+08""",,"=""211545.853""","=""227799.834""","=""5s2.5p4.(3P<2>).5f""","=""2[5]*""","=""11/2""","=""5s2.5p4.(3P<2>).5g""","=""2[6]""","=""13/2""",12,14,,"=""T8611""","=""L14869""",
Cs,3,"=""615.8366""","=""0.0003""","=""615.8366""","=""0.0003""","=""83000""","=""7.90e+07""",,"=""208758.432""","=""224992.013""","=""5s2.5p4.(3P<2>).7p""","=""2[2]*""","=""5/2""","=""5s2.5p4.(3P<2>).7d""","=""2[3]""","=""7/2""",6,8,,"=""T8611""","=""L14869""",
Cs,3,"=""616.3051""","=""0.0007""","=""616.3063""","=""0.0004""","=""47000""","=""5.55e+07""",,"=""208758.432""","=""224979.641""","=""5s2.5p4.(3P<2>).7p""","=""2[2]*""","=""5/2""","=""5s2.5p4.(3P<2>).7d""","=""2[2]""","=""5/2""",6,6,,"=""T8611""","=""L14869""",
Cs,3,"=""619.9831""","=""0.0008""","=""619.9832""","=""0.0014""","=""9500""","=""7.15e+06""",,"=""221338.771""","=""237463.780""","=""5s2.5p4.(3P<0>).5f""","=""2[3]*""","=""7/2""","=""5s2.5p4.(3P<0>).5g""","=""2[4]""","=""7/2""",8,8,,"=""T8611""","=""L14869""",
Cs,3,"=""620.1849""","=""0.0008""","=""620.1849""","=""0.0012""","=""38000h""","=""1.95e+08""",,"=""221338.771""","=""237458.534""","=""5s2.5p4.(3P<0>).5f""","=""2[3]*""","=""7/2""","=""5s2.5p4.(3P<0>).5g""","=""2[4]""","=""9/2""",8,10,,"=""T8611""","=""L14869""",
Cs,3,"=""622.3188""","=""0.0008""","=""622.3189""","=""0.0003""","=""24000""","=""2.11e+07""",,"=""211545.853""","=""227610.341""","=""5s2.5p4.(3P<2>).5f""","=""2[5]*""","=""11/2""","=""5s2.5p4.(3P<2>).5g""","=""2[5]""","=""11/2""",12,12,,"=""T8611""","=""L14869""",
Cs,3,"=""622.6692""","=""0.0012""","=""622.66986""","=""0.00025""","=""1900""","=""1.23e+05""",,"=""144591.760""","=""160647.193""","=""5s2.5p4.(3P<0>).5d""","=""2[2]""","=""5/2""","=""5s2.5p4.(3P<2>).6p""","=""2[2]*""","=""3/2""",6,4,,"=""T8611""","=""L14869""",
Cs,3,"=""623.0538""","=""0.0008""","=""623.0554""","=""0.0016""","=""2900""","=""1.45e+06""",,"=""211865.083""","=""227910.582""","=""5s2.5p4.(3P<2>).5f""","=""2[1]*""","=""1/2""","=""5s2.5p4.(3P<2>).7d""","=""2[1]""","=""3/2""",2,4,,"=""T8611""","=""L14869""",
Cs,3,"=""624.1947""","=""0.0008""","=""624.1936""","=""0.0005""","=""14000""","=""1.59e+07""",,"=""208720.735""","=""224736.976""","=""5s2.5p4.(3P<2>).7p""","=""2[1]*""","=""3/2""","=""5s2.5p4.(3P<2>).8s""","=""2[2]""","=""5/2""",4,6,,"=""T8611""","=""L14869""",
Cs,3,"=""624.2957""","=""0.0002""","=""624.2959""","=""0.0003""","=""270000""","=""2.03e+08""",,"=""211790.121""","=""227803.736""","=""5s2.5p4.(3P<2>).5f""","=""2[5]*""","=""9/2""","=""5s2.5p4.(3P<2>).5g""","=""2[6]""","=""11/2""",10,12,,"=""T8611""","=""L14869""",
Cs,3,"=""625.6656""","=""0.0003""","=""625.6662""","=""0.0004""","=""50000""","=""9.30e+07""",,"=""208758.432""","=""224736.976""","=""5s2.5p4.(3P<2>).7p""","=""2[2]*""","=""5/2""","=""5s2.5p4.(3P<2>).8s""","=""2[2]""","=""5/2""",6,6,,"=""T8611""","=""L14869""",
Cs,3,"=""630.1796""","=""0.0008""","=""630.1786""","=""0.0011""","=""2900""","=""1.13e+05""",,"=""224060.404""","=""239924.534""","=""5s2.5p4.(3P<1>).5f""","=""2[3]*""","=""7/2""","=""5s2.5p4.(3P<2>).6g""","=""2[3]""","=""5/2""",8,6,,"=""T8611""","=""L14869""",
Cs,3,"=""630.7271""","=""0.0008""","=""630.7272""","=""0.0006""","=""6700""","=""1.11e+07""",,"=""211790.121""","=""227640.453""","=""5s2.5p4.(3P<2>).5f""","=""2[5]*""","=""9/2""","=""5s2.5p4.(3P<2>).5g""","=""2[4]""","=""9/2""",10,10,,"=""T8611""","=""L14869""",
Cs,3,"=""631.2657""","=""0.0020""","=""631.2655""","=""0.0006""","=""2900h""","=""5.63e+05""",,"=""211790.121""","=""227626.936""","=""5s2.5p4.(3P<2>).5f""","=""2[5]*""","=""9/2""","=""5s2.5p4.(3P<2>).5g""","=""2[4]""","=""7/2""",10,8,,"=""T8611""","=""L14869""",
Cs,3,"=""631.7152""","=""0.0008""","=""631.7152""","=""0.0003""","=""9500""","=""7.15e+06""",,"=""211790.121""","=""227615.662""","=""5s2.5p4.(3P<2>).5f""","=""2[5]*""","=""9/2""","=""5s2.5p4.(3P<2>).5g""","=""2[5]""","=""9/2""",10,10,,"=""T8611""","=""L14869""",
Cs,3,"=""633.5878""","=""0.0002""","=""633.5880""","=""0.0003""","=""120000""","=""1.15e+08""",,"=""209714.989""","=""225493.754""","=""5s2.5p4.(3P<2>).7p""","=""2[3]*""","=""5/2""","=""5s2.5p4.(3P<2>).7d""","=""2[4]""","=""7/2""",6,8,,"=""T8611""","=""L14869""",
Cs,3,"=""637.2618""","=""0.0008""","=""637.2623""","=""0.0010""","=""38000""","=""9.94e+07""",,"=""225138.674""","=""240826.462""","=""5s2.5p4.(3P<1>).5f""","=""2[3]*""","=""5/2""","=""5s2.5p4.(3P<1>).5g""","=""2[4]""","=""7/2""",6,8,,"=""T8611""","=""L14869""",
Cs,3,"=""638.4045""","=""0.0010""","=""638.4043""","=""0.0005""","=""4800""","=""1.65e+06""",,"=""209834.028""","=""225493.754""","=""5s2.5p4.(3P<2>).7p""","=""2[3]*""","=""7/2""","=""5s2.5p4.(3P<2>).7d""","=""2[4]""","=""7/2""",8,8,,"=""T8611""","=""L14869""",
Cs,3,"=""638.8397""","=""0.0008""","=""638.8404""","=""0.0004""","=""14000h""","=""2.06e+06""",,"=""160991.868""","=""176640.903""","=""5s2.5p4.(1D<2>).5d""","=""2[1]""","=""3/2""","=""5s2.5p4.(3P<2>).4f""","=""2[1]*""","=""1/2""",4,2,,"=""T8611""","=""L14869""",
Cs,3,"=""645.3514""","=""0.0003""","=""645.3522""","=""0.0009""","=""54000""","=""2.27e+06""",,"=""211309.951""","=""226801.085""","=""5s2.5p4.(3P<2>).5f""","=""2[2]*""","=""3/2""","=""5s2.5p4.(3P<2>).7d""","=""2[3]""","=""5/2""",4,6,,"=""T8611""","=""L14869""",
Cs,3,"=""645.6328""","=""0.0002""","=""645.6318""","=""0.0007""","=""310000""","=""1.45e+08""",,"=""209834.028""","=""225318.454""","=""5s2.5p4.(3P<2>).7p""","=""2[3]*""","=""7/2""","=""5s2.5p4.(3P<2>).7d""","=""2[4]""","=""9/2""",8,10,,"=""T8611""","=""L14869""",
Cs,3,"=""647.3314""","=""0.0017""","=""647.3319""","=""0.0009""","=""19000p""","=""4.95e+07""",,"=""209714.989""","=""225158.748""","=""5s2.5p4.(3P<2>).7p""","=""2[3]*""","=""5/2""","=""5s2.5p4.(3P<2>).8s""","=""2[2]""","=""3/2""",6,4,,"=""T8611""","=""L14869""",
Cs,3,"=""648.9065""","=""0.0008""","=""648.9056""","=""0.0011""","=""14000""","=""5.25e+07""",,"=""225138.674""","=""240544.980""","=""5s2.5p4.(3P<1>).5f""","=""2[3]*""","=""5/2""","=""5s2.5p4.(3P<1>).5g""","=""2[3]""","=""7/2""",6,8,,"=""T8611""","=""L14869""",
Cs,3,"=""651.6790""","=""0.0008""","=""651.6782""","=""0.0010""","=""3800""","=""2.65e+07""",,"=""212679.469""","=""228020.228""","=""5s2.5p4.(3P<2>).5f""","=""2[2]*""","=""5/2""","=""5s2.5p4.(3P<2>).5g""","=""2[2]""","=""5/2""",6,6,,"=""T8611""","=""L14869""",
Cs,3,"=""651.8981""","=""0.0009""","=""651.8986""","=""0.0006""","=""14000""","=""2.83e+07""",,"=""209714.989""","=""225050.560""","=""5s2.5p4.(3P<2>).7p""","=""2[3]*""","=""5/2""","=""5s2.5p4.(3P<2>).7d""","=""2[2]""","=""3/2""",6,4,,"=""T8611""","=""L14869""",
Cs,3,"=""654.3970""","=""0.0003""","=""654.3970""","=""0.0003""","=""67000""","=""2.33e+07""",,"=""209714.989""","=""224992.013""","=""5s2.5p4.(3P<2>).7p""","=""2[3]*""","=""5/2""","=""5s2.5p4.(3P<2>).7d""","=""2[3]""","=""7/2""",6,8,,"=""T8611""","=""L14869""",
Cs,3,"=""655.9510""","=""0.0013""","=""655.9519""","=""0.0008""","=""8600p""","=""5.70e+05""",,"=""212679.469""","=""227920.278""","=""5s2.5p4.(3P<2>).5f""","=""2[2]*""","=""5/2""","=""5s2.5p4.(3P<2>).5g""","=""2[2]""","=""3/2""",6,4,,"=""T8611""","=""L14869""",
Cs,3,"=""659.5363""","=""0.0010""","=""659.5361""","=""0.0005""","=""70000""","=""4.56e+07""",,"=""209834.028""","=""224992.013""","=""5s2.5p4.(3P<2>).7p""","=""2[3]*""","=""7/2""","=""5s2.5p4.(3P<2>).7d""","=""2[3]""","=""7/2""",8,8,,"=""T8611""","=""L14869""",
Cs,3,"=""659.5819""","=""0.0009""","=""659.5827""","=""0.0009""","=""14000""","=""1.26e+07""",,"=""211655.671""","=""226812.586""","=""5s2.5p4.(3P<2>).7p""","=""2[2]*""","=""3/2""","=""5s2.5p4.(3P<2>).7d""","=""2[0]""","=""1/2""",4,2,,"=""T8611""","=""L14869""",
Cs,3,"=""660.0776""","=""0.0009""","=""660.0749""","=""0.0006""","=""44000bl,h*""","=""2.87e+07""",,"=""209834.028""","=""224979.641""","=""5s2.5p4.(3P<2>).7p""","=""2[3]*""","=""7/2""","=""5s2.5p4.(3P<2>).7d""","=""2[2]""","=""5/2""",8,6,,"=""T8611""","=""L14869""",
Cs,3,"=""660.0776""","=""0.0009""","=""660.0836""","=""0.0007""","=""44000bl,h*""","=""6.57e+07""",,"=""211655.671""","=""226801.085""","=""5s2.5p4.(3P<2>).7p""","=""2[2]*""","=""3/2""","=""5s2.5p4.(3P<2>).7d""","=""2[3]""","=""5/2""",4,6,,"=""T8611""","=""L14869""",
Cs,3,"=""662.4435""","=""0.0003""","=""662.4435""","=""0.0006""","=""66000""","=""1.10e+08""",,"=""212679.469""","=""227770.928""","=""5s2.5p4.(3P<2>).5f""","=""2[2]*""","=""5/2""","=""5s2.5p4.(3P<2>).5g""","=""2[3]""","=""7/2""",6,8,,"=""T8611""","=""L14869""",
Cs,3,"=""663.8888""","=""0.0008""","=""663.8882""","=""0.0003""","=""17000""","=""2.90e+06""",,"=""162863.218""","=""177921.836""","=""5s2.5p4.(1D<2>).5d""","=""2[2]""","=""5/2""","=""5s2.5p4.(3P<1>).6p""","=""2[1]*""","=""3/2""",6,4,,"=""T8611""","=""L14869""",
Cs,3,"=""664.8458""","=""0.0007""","=""664.8456""","=""0.0011""","=""36000""","=""8.25e+06""",,"=""212883.345""","=""227920.278""","=""5s2.5p4.(3P<2>).5f""","=""2[1]*""","=""3/2""","=""5s2.5p4.(3P<2>).5g""","=""2[2]""","=""3/2""",4,4,,"=""T8611""","=""L14869""",
Cs,3,"=""665.274""","=""0.002""","=""665.2746""","=""0.0015""","=""5700""","=""1.67e+06""",,"=""212883.345""","=""227910.582""","=""5s2.5p4.(3P<2>).5f""","=""2[1]*""","=""3/2""","=""5s2.5p4.(3P<2>).7d""","=""2[1]""","=""3/2""",4,4,,"=""T8611""","=""L14869""",
Cs,3,"=""665.5079""","=""0.0013""","=""665.5071""","=""0.0005""","=""19000h""","=""5.72e+06""",,"=""209714.989""","=""224736.976""","=""5s2.5p4.(3P<2>).7p""","=""2[3]*""","=""5/2""","=""5s2.5p4.(3P<2>).8s""","=""2[2]""","=""5/2""",6,6,,"=""T8611""","=""L14869""",
Cs,3,"=""666.5742""","=""0.0009""","=""666.5750""","=""0.0016""","=""16000""","=""3.40e+07""",,"=""210160.827""","=""225158.748""","=""5s2.5p4.(3P<2>).7p""","=""2[1]*""","=""1/2""","=""5s2.5p4.(3P<2>).8s""","=""2[2]""","=""3/2""",2,4,,"=""T8611""","=""L14869""",
Cs,3,"=""668.8247""","=""0.0009""","=""668.8234""","=""0.0016""","=""17000bl*""","=""8.20e+05""",,"=""211865.083""","=""226812.586""","=""5s2.5p4.(3P<2>).5f""","=""2[1]*""","=""1/2""","=""5s2.5p4.(3P<2>).7d""","=""2[0]""","=""1/2""",2,2,,"=""T8611""","=""L14869""",
Cs,3,"=""668.8247""","=""0.0009""","=""668.8250""","=""0.0008""","=""17000bl*""","=""1.93e+07""",,"=""212679.469""","=""227626.936""","=""5s2.5p4.(3P<2>).5f""","=""2[2]*""","=""5/2""","=""5s2.5p4.(3P<2>).5g""","=""2[4]""","=""7/2""",6,8,,"=""T8611""","=""L14869""",
Cs,3,"=""670.0688""","=""0.0012""","=""670.0686""","=""0.0003""","=""17000""","=""3.07e+05""",,"=""148575.860""","=""163495.585""","=""5s2.5p4.(3P<1>).6s""","=""2[1]""","=""3/2""","=""5s2.5p4.(3P<2>).6p""","=""2[3]*""","=""5/2""",4,6,,"=""T8611""","=""L14869""",
Cs,3,"=""670.8245""","=""0.0009""","=""670.8230""","=""0.0006""","=""57000""","=""5.38e+07""",,"=""209834.028""","=""224736.976""","=""5s2.5p4.(3P<2>).7p""","=""2[3]*""","=""7/2""","=""5s2.5p4.(3P<2>).8s""","=""2[2]""","=""5/2""",8,6,,"=""T8611""","=""L14869""",
Cs,3,"=""676.1343""","=""0.0009""","=""676.1352""","=""0.0013""","=""3800""","=""3.22e+04""",,"=""225138.674""","=""239924.534""","=""5s2.5p4.(3P<1>).5f""","=""2[3]*""","=""5/2""","=""5s2.5p4.(3P<2>).6g""","=""2[3]""","=""5/2""",6,6,,"=""T8611""","=""L14869""",
Cs,3,"=""676.1626""","=""0.0009""","=""676.1621""","=""0.0012""","=""2900""","=""7.27e+04""",,"=""226801.085""","=""241586.357""","=""5s2.5p4.(3P<2>).7d""","=""2[3]""","=""5/2""","=""5s2.5p4.(3P<1>).6f""","=""2[2]*""","=""5/2""",6,6,,"=""T8611""","=""L14869""",
Cs,3,"=""680.602""","=""0.002""","=""680.6059""","=""0.0005""","=""950h""","=""9.59e+05""",,"=""210805.017""","=""225493.754""","=""5s2.5p4.(3P<2>).5f""","=""2[3]*""","=""7/2""","=""5s2.5p4.(3P<2>).7d""","=""2[4]""","=""7/2""",8,8,,"=""T8611""","=""L14869""",
Cs,3,"=""684.0880""","=""0.0014""","=""684.0879""","=""0.0006""","=""1900h""","=""2.12e+06""",,"=""198065.497""","=""212679.469""","=""5s2.5p4.(3P<2>).6d""","=""2[2]""","=""5/2""","=""5s2.5p4.(3P<2>).5f""","=""2[2]*""","=""5/2""",6,6,,"=""T8611""","=""L14869""",
Cs,1,"=""684.89056""","=""0.00005""","=""684.890692""","=""0.000010""","=""""","=""2.223e+01""",A+,"=""0.0000""","=""14596.84232""","=""5p6.6s""","=""2S""","=""1/2""","=""5p6.5d""","=""2D""","=""5/2""",2,6,E2,"=""T7826""","=""L793c91""",
Cs,3,"=""685.7867""","=""0.0009""","=""685.7862""","=""0.0005""","=""14000""","=""1.30e+06""",,"=""164489.795""","=""179067.577""","=""5s2.5p4.(1D<2>).5d""","=""2[2]""","=""3/2""","=""5s2.5p4.(3P<2>).4f""","=""2[2]*""","=""5/2""",4,6,,"=""T8611""","=""L14869""",
Cs,3,"=""689.000""","=""0.002""","=""688.9997""","=""0.0007""","=""2900""","=""5.68e+06""",,"=""210808.663""","=""225318.454""","=""5s2.5p4.(3P<2>).5f""","=""2[4]*""","=""9/2""","=""5s2.5p4.(3P<2>).7d""","=""2[4]""","=""9/2""",10,10,,"=""T8611""","=""L14869""",
Cs,3,"=""721.96030""","=""0.00005""","=""721.96030""","=""0.00005""","=""1400000""","=""4.80e+01""",,"=""0.0000""","=""13847.3609""","=""5s2.5p5""","=""2P*""","=""3/2""","=""5s2.5p5""","=""2P*""","=""1/2""",4,2,M1,"=""T6406""","=""L14869""",
Cs,3,"=""800.77364""","=""0.00019""","=""800.7738""","=""0.0004""","=""370000""","=""6.79e+07""",,"=""199061.365""","=""211545.853""","=""5s2.5p4.(3P<2>).6d""","=""2[4]""","=""9/2""","=""5s2.5p4.(3P<2>).5f""","=""2[5]*""","=""11/2""",10,12,,"=""T8611""","=""L14869""",
Cs,3,"=""813.5877""","=""0.0003""","=""813.5879""","=""0.0004""","=""350000""","=""6.68e+07""",,"=""199502.265""","=""211790.121""","=""5s2.5p4.(3P<2>).6d""","=""2[4]""","=""7/2""","=""5s2.5p4.(3P<2>).5f""","=""2[5]*""","=""9/2""",8,10,,"=""T8611""","=""L14869""",
Cs,1,"=""852.113165""","=""0.000004""","=""852.113165""","=""0.000004""","=""""","=""3.279e+07""",AAA,"=""0.0000""","=""11732.3071041""","=""5p6.6s""","=""2S""","=""1/2""","=""5p6.6p""","=""2P*""","=""3/2""",2,4,,"=""T6469""","=""L15527c91""",
Cs,3,"=""880.2632""","=""0.0016""","=""880.2639""","=""0.0010""","=""660000""","=""5.28e+07""",,"=""198476.917""","=""209834.028""","=""5s2.5p4.(3P<2>).7s""","=""2[2]""","=""5/2""","=""5s2.5p4.(3P<2>).7p""","=""2[3]*""","=""7/2""",6,8,,"=""T8611""","=""L14869""",
Cs,1,"=""894.347424""","=""0.000004""","=""894.347424""","=""0.000004""","=""""","=""2.863e+07""",AAA,"=""0.0000""","=""11178.26815870""","=""5p6.6s""","=""2S""","=""1/2""","=""5p6.6p""","=""2P*""","=""1/2""",2,2,,"=""T6469""","=""L12151c91""",
Cs,3,"=""928.0219""","=""0.0005""","=""928.0209""","=""0.0009""","=""380000""","=""3.76e+07""",,"=""199061.365""","=""209834.028""","=""5s2.5p4.(3P<2>).6d""","=""2[4]""","=""9/2""","=""5s2.5p4.(3P<2>).7p""","=""2[3]*""","=""7/2""",10,8,,"=""T8611""","=""L14869""",
Cs,3,"=""959.91615""","=""0.00018""","=""959.9163""","=""0.0004""","=""210000D""","=""3.75e+07""",,"=""199300.271""","=""209714.989""","=""5s2.5p4.(3P<2>).7s""","=""2[2]""","=""3/2""","=""5s2.5p4.(3P<2>).7p""","=""2[3]*""","=""5/2""",4,6,,"=""T8611""","=""L14869""",
Cs,3,"=""975.933""","=""0.003""","=""975.9309""","=""0.0011""","=""360000D""","=""4.70e+07""",,"=""198476.917""","=""208720.735""","=""5s2.5p4.(3P<2>).7s""","=""2[2]""","=""5/2""","=""5s2.5p4.(3P<2>).7p""","=""2[1]*""","=""3/2""",6,4,,"=""T8611""","=""L14869""",
