element,sp_num,obs_wl_vac(nm),ritz_wl_vac(nm),intens,Aki(s^-1),Acc,Ei(cm-1),Ek(cm-1),conf_i,term_i,J_i,conf_k,term_k,J_k,g_i,g_k,Type,tp_ref,line_ref,
N,3,"=""""","=""180.080""","=""""","=""7.06e+07""",C+,"=""332826.0""","=""388356.8""","=""2s.2p.(3P*).3d""","=""4D*""","=""5/2""","=""2s.2p.(3P*).4f""","=""4D""","=""3/2""",6,4,,"=""T7192LS""","=""""",
N,3,"=""""","=""180.164""","=""""","=""4.70e+07""",C+,"=""332804.4""","=""388309.3""","=""2s.2p.(3P*).3d""","=""4D*""","=""3/2""","=""2s.2p.(3P*).4f""","=""4D""","=""5/2""",4,6,,"=""T7192LS""","=""""",
N,3,"=""""","=""180.234""","=""""","=""1.15e+08""",C+,"=""332826.0""","=""388309.3""","=""2s.2p.(3P*).3d""","=""4D*""","=""5/2""","=""2s.2p.(3P*).4f""","=""4D""","=""5/2""",6,6,,"=""T7192LS""","=""""",
N,3,"=""""","=""180.325""","=""""","=""3.82e+07""",C+,"=""332854.0""","=""388309.3""","=""2s.2p.(3P*).3d""","=""4D*""","=""7/2""","=""2s.2p.(3P*).4f""","=""4D""","=""5/2""",8,6,,"=""T7192LS""","=""""",
N,3,"=""""","=""180.353""","=""""","=""2.86e+07""",C+,"=""332826.0""","=""388272.8""","=""2s.2p.(3P*).3d""","=""4D*""","=""5/2""","=""2s.2p.(3P*).4f""","=""4D""","=""7/2""",6,8,,"=""T7192LS""","=""""",
N,3,"=""""","=""180.444""","=""""","=""1.72e+08""",C+,"=""332854.0""","=""388272.8""","=""2s.2p.(3P*).3d""","=""4D*""","=""7/2""","=""2s.2p.(3P*).4f""","=""4D""","=""7/2""",8,8,,"=""T7192LS""","=""""",
N,3,"=""180.4486""","=""180.449""","=""150""","=""2.49e+08""",B,"=""245665.4""","=""301082.6""","=""2s2.3p""","=""2P*""","=""1/2""","=""2s2.4s""","=""2S""","=""1/2""",2,2,,"=""T7192LS""","=""L3513""",
N,2,"=""""","=""180.524""","=""""","=""2.48e+04""",C,"=""109216.6""","=""164610.76""","=""2s.2p3""","=""3P*""","=""1""","=""2s2.2p.3p""","=""1P""","=""1""",3,3,,"=""T7333""","=""""",
N,2,"=""""","=""180.528""","=""""","=""3.05e+03""",C,"=""109217.6""","=""164610.76""","=""2s.2p3""","=""3P*""","=""2""","=""2s2.2p.3p""","=""1P""","=""1""",5,3,,"=""T7333""","=""""",
N,2,"=""""","=""180.547""","=""""","=""4.06e+03""",C,"=""109223.5""","=""164610.76""","=""2s.2p3""","=""3P*""","=""0""","=""2s2.2p.3p""","=""1P""","=""1""",1,3,,"=""T7333""","=""""",
N,3,"=""180.5669""","=""180.566""","=""200""","=""4.96e+08""",B,"=""245701.3""","=""301082.6""","=""2s2.3p""","=""2P*""","=""3/2""","=""2s2.4s""","=""2S""","=""1/2""",4,2,,"=""T7192LS""","=""L3513""",
N,3,"=""""","=""180.996""","=""""","=""2.13e+07""",B,"=""311690.3""","=""366940""","=""2s2.4p""","=""2P*""","=""1/2""","=""2s2.8d""","=""2D""","=""3/2""",2,4,,"=""T7192LS""","=""""",
N,3,"=""""","=""181.078""","=""""","=""2.55e+07""",B,"=""311715.2""","=""366940""","=""2s2.4p""","=""2P*""","=""3/2""","=""2s2.8d""","=""2D""","=""5/2""",4,6,,"=""T7192LS""","=""""",
N,3,"=""""","=""181.078""","=""""","=""4.25e+06""",B,"=""311715.2""","=""366940""","=""2s2.4p""","=""2P*""","=""3/2""","=""2s2.8d""","=""2D""","=""3/2""",4,4,,"=""T7192LS""","=""""",
N,3,"=""""","=""181.632""","=""""","=""1.73e+06""",B,"=""379300.1""","=""434356.6""","=""2s.2p.(3P*).4p""","=""4P""","=""1/2""","=""2s.2p.(3P*).8d""","=""4P*""","=""1/2""",2,2,,"=""T7192LS""","=""""",
N,3,"=""""","=""181.632""","=""""","=""4.32e+06""",B,"=""379300.1""","=""434356.6""","=""2s.2p.(3P*).4p""","=""4P""","=""1/2""","=""2s.2p.(3P*).8d""","=""4P*""","=""3/2""",2,4,,"=""T7192LS""","=""""",
N,3,"=""""","=""181.779""","=""""","=""1.38e+06""",B,"=""379344.8""","=""434356.6""","=""2s.2p.(3P*).4p""","=""4P""","=""3/2""","=""2s.2p.(3P*).8d""","=""4P*""","=""3/2""",4,4,,"=""T7192LS""","=""""",
N,3,"=""""","=""181.779""","=""""","=""8.62e+06""",B,"=""379344.8""","=""434356.6""","=""2s.2p.(3P*).4p""","=""4P""","=""3/2""","=""2s.2p.(3P*).8d""","=""4P*""","=""1/2""",4,2,,"=""T7192LS""","=""""",
N,3,"=""""","=""181.779""","=""""","=""3.10e+06""",B,"=""379344.8""","=""434356.6""","=""2s.2p.(3P*).4p""","=""4P""","=""3/2""","=""2s.2p.(3P*).8d""","=""4P*""","=""5/2""",4,6,,"=""T7192LS""","=""""",
N,3,"=""""","=""181.815""","=""""","=""8.76e+06""",B,"=""379300.1""","=""434301.2""","=""2s.2p.(3P*).4p""","=""4P""","=""1/2""","=""2s.2p.(3P*).8d""","=""4D*""","=""3/2""",2,4,,"=""T7192LS""","=""""",
N,3,"=""""","=""181.815""","=""""","=""1.75e+07""",B,"=""379300.1""","=""434301.2""","=""2s.2p.(3P*).4p""","=""4P""","=""1/2""","=""2s.2p.(3P*).8d""","=""4D*""","=""1/2""",2,2,,"=""T7192LS""","=""""",
N,3,"=""""","=""181.954""","=""""","=""7.22e+06""",B,"=""379397.6""","=""434356.6""","=""2s.2p.(3P*).4p""","=""4P""","=""5/2""","=""2s.2p.(3P*).8d""","=""4P*""","=""5/2""",6,6,,"=""T7192LS""","=""""",
N,3,"=""""","=""181.954""","=""""","=""4.64e+06""",B,"=""379397.6""","=""434356.6""","=""2s.2p.(3P*).4p""","=""4P""","=""5/2""","=""2s.2p.(3P*).8d""","=""4P*""","=""3/2""",6,4,,"=""T7192LS""","=""""",
N,3,"=""""","=""181.962""","=""""","=""1.47e+07""",B,"=""379344.8""","=""434301.2""","=""2s.2p.(3P*).4p""","=""4P""","=""3/2""","=""2s.2p.(3P*).8d""","=""4D*""","=""5/2""",4,6,,"=""T7192LS""","=""""",
N,3,"=""""","=""181.962""","=""""","=""1.12e+07""",B,"=""379344.8""","=""434301.2""","=""2s.2p.(3P*).4p""","=""4P""","=""3/2""","=""2s.2p.(3P*).8d""","=""4D*""","=""3/2""",4,4,,"=""T7192LS""","=""""",
N,3,"=""""","=""181.962""","=""""","=""3.49e+06""",B,"=""379344.8""","=""434301.2""","=""2s.2p.(3P*).4p""","=""4P""","=""3/2""","=""2s.2p.(3P*).8d""","=""4D*""","=""1/2""",4,2,,"=""T7192LS""","=""""",
N,3,"=""""","=""182.137""","=""""","=""2.09e+07""",B,"=""379397.6""","=""434301.2""","=""2s.2p.(3P*).4p""","=""4P""","=""5/2""","=""2s.2p.(3P*).8d""","=""4D*""","=""7/2""",6,8,,"=""T7192LS""","=""""",
N,3,"=""""","=""182.137""","=""""","=""6.27e+06""",B,"=""379397.6""","=""434301.2""","=""2s.2p.(3P*).4p""","=""4P""","=""5/2""","=""2s.2p.(3P*).8d""","=""4D*""","=""5/2""",6,6,,"=""T7192LS""","=""""",
N,3,"=""""","=""182.137""","=""""","=""1.05e+06""",B,"=""379397.6""","=""434301.2""","=""2s.2p.(3P*).4p""","=""4P""","=""5/2""","=""2s.2p.(3P*).8d""","=""4D*""","=""3/2""",6,4,,"=""T7192LS""","=""""",
N,2,"=""""","=""183.0527""","=""""","=""1.31e+06""",C,"=""148908.59""","=""203537.66""","=""2s2.2p.3s""","=""3P*""","=""0""","=""2s2.2p.4p""","=""3S""","=""1""",1,3,,"=""T6385n""","=""""",
N,2,"=""""","=""183.1586""","=""""","=""4.24e+06""",C,"=""148940.17""","=""203537.66""","=""2s2.2p.3s""","=""3P*""","=""1""","=""2s2.2p.4p""","=""3S""","=""1""",3,3,,"=""T6385n""","=""""",
N,3,"=""""","=""183.557""","=""""","=""3.55e+07""",B,"=""314217.3""","=""368696.3""","=""2s.2p.(3P*).3p""","=""4S""","=""3/2""","=""2s.2p.(3P*).4s""","=""4P*""","=""5/2""",4,6,,"=""T7192LS""","=""""",
N,2,"=""""","=""183.6172""","=""""","=""1.08e+07""",C,"=""149076.52""","=""203537.66""","=""2s2.2p.3s""","=""3P*""","=""2""","=""2s2.2p.4p""","=""3S""","=""1""",5,3,,"=""T6385n""","=""""",
N,3,"=""""","=""183.955""","=""""","=""3.52e+07""",B,"=""314217.3""","=""368578.3""","=""2s.2p.(3P*).3p""","=""4S""","=""3/2""","=""2s.2p.(3P*).4s""","=""4P*""","=""3/2""",4,4,,"=""T7192LS""","=""""",
N,2,"=""""","=""183.9931""","=""""","=""3.97e+05""",D,"=""149187.80""","=""203537.66""","=""2s2.2p.3s""","=""1P*""","=""1""","=""2s2.2p.4p""","=""3S""","=""1""",3,3,,"=""T6385""","=""""",
N,2,"=""""","=""184.0983""","=""""","=""1.09e+06""",D,"=""148940.17""","=""203258.98""","=""2s2.2p.3s""","=""3P*""","=""1""","=""2s2.2p.4p""","=""3P""","=""2""",3,5,,"=""T6385n""","=""""",
N,3,"=""""","=""184.172""","=""""","=""3.51e+07""",B,"=""314217.3""","=""368514.4""","=""2s.2p.(3P*).3p""","=""4S""","=""3/2""","=""2s.2p.(3P*).4s""","=""4P*""","=""1/2""",4,2,,"=""T7192LS""","=""""",
N,2,"=""""","=""184.2284""","=""""","=""2.90e+06""",D,"=""148908.59""","=""203189.03""","=""2s2.2p.3s""","=""3P*""","=""0""","=""2s2.2p.4p""","=""3P""","=""1""",1,3,,"=""T6385n""","=""""",
N,2,"=""""","=""184.3357""","=""""","=""4.28e+06""",D,"=""148940.17""","=""203189.03""","=""2s2.2p.3s""","=""3P*""","=""1""","=""2s2.2p.4p""","=""3P""","=""1""",3,3,,"=""T6385n""","=""""",
N,2,"=""""","=""184.4259""","=""""","=""7.98e+06""",D,"=""148940.17""","=""203162.48""","=""2s2.2p.3s""","=""3P*""","=""1""","=""2s2.2p.4p""","=""3P""","=""0""",3,1,,"=""T6385n""","=""""",
N,2,"=""""","=""184.5616""","=""""","=""7.56e+06""",D,"=""149076.52""","=""203258.98""","=""2s2.2p.3s""","=""3P*""","=""2""","=""2s2.2p.4p""","=""3P""","=""2""",5,5,,"=""T6385n""","=""""",
N,3,"=""""","=""184.569""","=""""","=""7.73e+08""",C+,"=""332791.3""","=""386971.6""","=""2s.2p.(3P*).3d""","=""4D*""","=""1/2""","=""2s.2p.(3P*).4f""","=""4F""","=""3/2""",2,4,,"=""T7192LS""","=""""",
N,3,"=""""","=""184.575""","=""""","=""8.28e+08""",C+,"=""332804.4""","=""386982.8""","=""2s.2p.(3P*).3d""","=""4D*""","=""3/2""","=""2s.2p.(3P*).4f""","=""4F""","=""5/2""",4,6,,"=""T7192LS""","=""""",
N,3,"=""""","=""184.587""","=""""","=""9.47e+08""",C+,"=""332826.0""","=""387000.9""","=""2s.2p.(3P*).3d""","=""4D*""","=""5/2""","=""2s.2p.(3P*).4f""","=""4F""","=""7/2""",6,8,,"=""T7192LS""","=""""",
N,3,"=""""","=""184.614""","=""""","=""3.09e+08""",C+,"=""332804.4""","=""386971.6""","=""2s.2p.(3P*).3d""","=""4D*""","=""3/2""","=""2s.2p.(3P*).4f""","=""4F""","=""3/2""",4,4,,"=""T7192LS""","=""""",
N,3,"=""184.642""","=""184.641""","=""150""","=""1.10e+09""",C+,"=""332854.0""","=""387013.1""","=""2s.2p.(3P*).3d""","=""4D*""","=""7/2""","=""2s.2p.(3P*).4f""","=""4F""","=""9/2""",8,10,,"=""T7192LS""","=""L3513""",
N,3,"=""""","=""184.649""","=""""","=""2.68e+08""",C+,"=""332826.0""","=""386982.8""","=""2s.2p.(3P*).3d""","=""4D*""","=""5/2""","=""2s.2p.(3P*).4f""","=""4F""","=""5/2""",6,6,,"=""T7192LS""","=""""",
N,3,"=""""","=""184.683""","=""""","=""1.57e+08""",C+,"=""332854.0""","=""387000.9""","=""2s.2p.(3P*).3d""","=""4D*""","=""7/2""","=""2s.2p.(3P*).4f""","=""4F""","=""7/2""",8,8,,"=""T7192LS""","=""""",
N,3,"=""""","=""184.687""","=""""","=""2.20e+07""",C+,"=""332826.0""","=""386971.6""","=""2s.2p.(3P*).3d""","=""4D*""","=""5/2""","=""2s.2p.(3P*).4f""","=""4F""","=""3/2""",6,4,,"=""T7192LS""","=""""",
N,3,"=""""","=""184.745""","=""""","=""1.06e+07""",C+,"=""332854.0""","=""386982.8""","=""2s.2p.(3P*).3d""","=""4D*""","=""7/2""","=""2s.2p.(3P*).4f""","=""4F""","=""5/2""",8,6,,"=""T7192LS""","=""""",
N,2,"=""""","=""184.8002""","=""""","=""1.55e+06""",D,"=""149076.52""","=""203189.03""","=""2s2.2p.3s""","=""3P*""","=""2""","=""2s2.2p.4p""","=""3P""","=""1""",5,3,,"=""T6385n""","=""""",
N,2,"=""""","=""185.1810""","=""""","=""3.81e+05""",D,"=""149187.80""","=""203189.03""","=""2s2.2p.3s""","=""1P*""","=""1""","=""2s2.2p.4p""","=""3P""","=""1""",3,3,,"=""T6385""","=""""",
N,2,"=""""","=""185.2721""","=""""","=""4.34e+05""",D,"=""149187.80""","=""203162.48""","=""2s2.2p.3s""","=""1P*""","=""1""","=""2s2.2p.4p""","=""3P""","=""0""",3,1,,"=""T6385""","=""""",
N,2,"=""""","=""185.7870""","=""""","=""1.76e+07""",C+,"=""148940.17""","=""202765.26""","=""2s2.2p.3s""","=""3P*""","=""1""","=""2s2.2p.4p""","=""3D""","=""2""",3,5,,"=""T6385n""","=""""",
N,2,"=""""","=""185.8545""","=""""","=""1.39e+07""",C+,"=""148908.59""","=""202714.12""","=""2s2.2p.3s""","=""3P*""","=""0""","=""2s2.2p.4p""","=""3D""","=""1""",1,3,,"=""T6385n""","=""""",
N,2,"=""""","=""185.9260""","=""""","=""2.38e+07""",C+,"=""149076.52""","=""202861.36""","=""2s2.2p.3s""","=""3P*""","=""2""","=""2s2.2p.4p""","=""3D""","=""3""",5,7,,"=""T6385n""","=""""",
N,2,"=""""","=""185.9636""","=""""","=""8.11e+06""",C+,"=""148940.17""","=""202714.12""","=""2s2.2p.3s""","=""3P*""","=""1""","=""2s2.2p.4p""","=""3D""","=""1""",3,3,,"=""T6385n""","=""""",
N,2,"=""""","=""186.2588""","=""""","=""5.13e+06""",C+,"=""149076.52""","=""202765.26""","=""2s2.2p.3s""","=""3P*""","=""2""","=""2s2.2p.4p""","=""3D""","=""2""",5,5,,"=""T6385n""","=""""",
N,2,"=""""","=""186.4364""","=""""","=""5.45e+05""",C+,"=""149076.52""","=""202714.12""","=""2s2.2p.3s""","=""3P*""","=""2""","=""2s2.2p.4p""","=""3D""","=""1""",5,3,,"=""T6385n""","=""""",
N,2,"=""""","=""186.6457""","=""""","=""8.64e+05""",D,"=""149187.80""","=""202765.26""","=""2s2.2p.3s""","=""1P*""","=""1""","=""2s2.2p.4p""","=""3D""","=""2""",3,5,,"=""T6385""","=""""",
N,2,"=""""","=""186.8240""","=""""","=""1.14e+06""",D,"=""149187.80""","=""202714.12""","=""2s2.2p.3s""","=""1P*""","=""1""","=""2s2.2p.4p""","=""3D""","=""1""",3,3,,"=""T6385""","=""""",
N,3,"=""""","=""187.604""","=""""","=""1.10e+07""",B,"=""311690.3""","=""364994.2""","=""2s2.4p""","=""2P*""","=""1/2""","=""2s2.8s""","=""2S""","=""1/2""",2,2,,"=""T7192LS""","=""""",
N,3,"=""""","=""187.691""","=""""","=""2.20e+07""",B,"=""311715.2""","=""364994.2""","=""2s2.4p""","=""2P*""","=""3/2""","=""2s2.8s""","=""2S""","=""1/2""",4,2,,"=""T7192LS""","=""""",
N,2,"=""""","=""187.7510""","=""""","=""4.77e+04""",D,"=""148908.59""","=""202170.63""","=""2s2.2p.3s""","=""3P*""","=""0""","=""2s2.2p.4p""","=""1P""","=""1""",1,3,,"=""T6385""","=""""",
N,2,"=""""","=""187.8624""","=""""","=""2.37e+06""",D,"=""148940.17""","=""202170.63""","=""2s2.2p.3s""","=""3P*""","=""1""","=""2s2.2p.4p""","=""1P""","=""1""",3,3,,"=""T6385""","=""""",
N,3,"=""188.506""","=""188.506""","=""350""","=""1.10e+09""",C+,"=""267238.4""","=""320287.2""","=""2s2.3d""","=""2D""","=""3/2""","=""2s2.4f""","=""2F*""","=""5/2""",4,6,,"=""T7192LS""","=""L3513""",
N,3,"=""188.522""","=""188.522""","=""400""","=""1.17e+09""",C+,"=""267244.0""","=""320288.3""","=""2s2.3d""","=""2D""","=""5/2""","=""2s2.4f""","=""2F*""","=""7/2""",6,8,,"=""T7192LS""","=""L3513""",
N,3,"=""""","=""188.526""","=""""","=""7.83e+07""",C+,"=""267244.0""","=""320287.2""","=""2s2.3d""","=""2D""","=""5/2""","=""2s2.4f""","=""2F*""","=""5/2""",6,6,,"=""T7192LS""","=""""",
N,2,"=""""","=""188.7404""","=""""","=""3.63e+07""",D,"=""149187.80""","=""202170.63""","=""2s2.2p.3s""","=""1P*""","=""1""","=""2s2.2p.4p""","=""1P""","=""1""",3,3,,"=""T5520,T6385""","=""""",
N,3,"=""""","=""189.624""","=""""","=""1.96e+05""",C,"=""376750.4""","=""429486.3""","=""2s.2p.(3P*).4p""","=""4D""","=""1/2""","=""2s.2p.(3P*).7d""","=""4P*""","=""1/2""",2,2,,"=""T7192LS""","=""""",
N,3,"=""""","=""189.624""","=""""","=""1.96e+04""",D,"=""376750.4""","=""429486.3""","=""2s.2p.(3P*).4p""","=""4D""","=""1/2""","=""2s.2p.(3P*).7d""","=""4P*""","=""3/2""",2,4,,"=""T7192LS""","=""""",
N,3,"=""""","=""189.787""","=""""","=""1.95e+05""",C,"=""376795.7""","=""429486.3""","=""2s.2p.(3P*).4p""","=""4D""","=""3/2""","=""2s.2p.(3P*).7d""","=""4P*""","=""1/2""",4,2,,"=""T7192LS""","=""""",
N,3,"=""""","=""189.787""","=""""","=""1.25e+05""",C,"=""376795.7""","=""429486.3""","=""2s.2p.(3P*).4p""","=""4D""","=""3/2""","=""2s.2p.(3P*).7d""","=""4P*""","=""3/2""",4,4,,"=""T7192LS""","=""""",
N,3,"=""""","=""189.787""","=""""","=""7.80e+03""",D,"=""376795.7""","=""429486.3""","=""2s.2p.(3P*).4p""","=""4D""","=""3/2""","=""2s.2p.(3P*).7d""","=""4P*""","=""5/2""",4,6,,"=""T7192LS""","=""""",
N,3,"=""""","=""189.848""","=""""","=""2.35e+06""",B,"=""297151.2""","=""349824.8""","=""2s.2p.(3P*).3s""","=""2P*""","=""1/2""","=""2s2.6s""","=""2S""","=""1/2""",2,2,,"=""T7192LS""","=""""",
N,3,"=""""","=""189.888""","=""""","=""4.23e+06""",B,"=""376750.4""","=""429412.9""","=""2s.2p.(3P*).4p""","=""4D""","=""1/2""","=""2s.2p.(3P*).7d""","=""4D*""","=""1/2""",2,2,,"=""T7192LS""","=""""",
N,3,"=""""","=""189.888""","=""""","=""2.12e+06""",B,"=""376750.4""","=""429412.9""","=""2s.2p.(3P*).4p""","=""4D""","=""1/2""","=""2s.2p.(3P*).7d""","=""4D*""","=""3/2""",2,4,,"=""T7192LS""","=""""",
N,3,"=""""","=""190.008""","=""""","=""2.45e+05""",C+,"=""376856.8""","=""429486.3""","=""2s.2p.(3P*).4p""","=""4D""","=""5/2""","=""2s.2p.(3P*).7d""","=""4P*""","=""3/2""",6,4,,"=""T7192LS""","=""""",
N,3,"=""""","=""190.008""","=""""","=""7.00e+04""",C,"=""376856.8""","=""429486.3""","=""2s.2p.(3P*).4p""","=""4D""","=""5/2""","=""2s.2p.(3P*).7d""","=""4P*""","=""5/2""",6,6,,"=""T7192LS""","=""""",
N,3,"=""""","=""190.052""","=""""","=""3.38e+06""",B,"=""376795.7""","=""429412.9""","=""2s.2p.(3P*).4p""","=""4D""","=""3/2""","=""2s.2p.(3P*).7d""","=""4D*""","=""3/2""",4,4,,"=""T7192LS""","=""""",
N,3,"=""""","=""190.052""","=""""","=""4.22e+06""",B,"=""376795.7""","=""429412.9""","=""2s.2p.(3P*).4p""","=""4D""","=""3/2""","=""2s.2p.(3P*).7d""","=""4D*""","=""1/2""",4,2,,"=""T7192LS""","=""""",
N,3,"=""""","=""190.052""","=""""","=""1.97e+06""",B,"=""376795.7""","=""429412.9""","=""2s.2p.(3P*).4p""","=""4D""","=""3/2""","=""2s.2p.(3P*).7d""","=""4D*""","=""5/2""",4,6,,"=""T7192LS""","=""""",
N,3,"=""""","=""190.257""","=""""","=""4.68e+06""",B,"=""297264.4""","=""349824.8""","=""2s.2p.(3P*).3s""","=""2P*""","=""3/2""","=""2s2.6s""","=""2S""","=""1/2""",4,2,,"=""T7192LS""","=""""",
N,3,"=""""","=""190.273""","=""""","=""4.83e+06""",B,"=""376856.8""","=""429412.9""","=""2s.2p.(3P*).4p""","=""4D""","=""5/2""","=""2s.2p.(3P*).7d""","=""4D*""","=""5/2""",6,6,,"=""T7192LS""","=""""",
N,3,"=""""","=""190.273""","=""""","=""2.95e+06""",B,"=""376856.8""","=""429412.9""","=""2s.2p.(3P*).4p""","=""4D""","=""5/2""","=""2s.2p.(3P*).7d""","=""4D*""","=""3/2""",6,4,,"=""T7192LS""","=""""",
N,3,"=""""","=""190.273""","=""""","=""1.20e+06""",B,"=""376856.8""","=""429412.9""","=""2s.2p.(3P*).4p""","=""4D""","=""5/2""","=""2s.2p.(3P*).7d""","=""4D*""","=""7/2""",6,8,,"=""T7192LS""","=""""",
N,3,"=""""","=""190.327""","=""""","=""3.10e+05""",C+,"=""376945.2""","=""429486.3""","=""2s.2p.(3P*).4p""","=""4D""","=""7/2""","=""2s.2p.(3P*).7d""","=""4P*""","=""5/2""",8,6,,"=""T7192LS""","=""""",
N,2,"=""""","=""190.4892""","=""""","=""2.91e+06""",C,"=""170572.61""","=""223069.02""","=""2s2.2p.3p""","=""3P""","=""0""","=""2s.2p2.(4P).3p""","=""3S*""","=""1""",1,3,,"=""T5520LS""","=""""",
N,3,"=""""","=""190.593""","=""""","=""7.18e+06""",B,"=""376945.2""","=""429412.9""","=""2s.2p.(3P*).4p""","=""4D""","=""7/2""","=""2s.2p.(3P*).7d""","=""4D*""","=""7/2""",8,8,,"=""T7192LS""","=""""",
N,3,"=""""","=""190.593""","=""""","=""1.59e+06""",B,"=""376945.2""","=""429412.9""","=""2s.2p.(3P*).4p""","=""4D""","=""7/2""","=""2s.2p.(3P*).7d""","=""4D*""","=""5/2""",8,6,,"=""T7192LS""","=""""",
N,2,"=""""","=""190.6173""","=""""","=""8.72e+06""",C+,"=""170607.89""","=""223069.02""","=""2s2.2p.3p""","=""3P""","=""1""","=""2s.2p2.(4P).3p""","=""3S*""","=""1""",3,3,,"=""T5520LS""","=""""",
N,3,"=""190.799""","=""190.792""","=""200""","=""9.68e+08""",C+,"=""334540.2""","=""386953.4""","=""2s.2p.(3P*).3d""","=""2D*""","=""3/2""","=""2s.2p.(3P*).4f""","=""2F""","=""5/2""",4,6,,"=""T7192LS""","=""L3513""",
N,3,"=""""","=""190.808""","=""""","=""1.04e+09""",C+,"=""334568.3""","=""386977.0""","=""2s.2p.(3P*).3d""","=""2D*""","=""5/2""","=""2s.2p.(3P*).4f""","=""2F""","=""7/2""",6,8,,"=""T7192LS""","=""""",
N,2,"=""""","=""190.8295""","=""""","=""1.45e+07""",C+,"=""170666.23""","=""223069.02""","=""2s2.2p.3p""","=""3P""","=""2""","=""2s.2p2.(4P).3p""","=""3S*""","=""1""",5,3,,"=""T5520LS""","=""""",
N,3,"=""""","=""190.894""","=""""","=""6.90e+07""",C+,"=""334568.3""","=""386953.4""","=""2s.2p.(3P*).3d""","=""2D*""","=""5/2""","=""2s.2p.(3P*).4f""","=""2F""","=""5/2""",6,6,,"=""T7192LS""","=""""",
N,3,"=""""","=""191.755""","=""""","=""4.82e+07""",C+,"=""336206.9""","=""388356.8""","=""2s.2p.(3P*).3d""","=""4P*""","=""5/2""","=""2s.2p.(3P*).4f""","=""4D""","=""3/2""",6,4,,"=""T7192LS""","=""""",
N,3,"=""""","=""191.849""","=""""","=""1.60e+08""",C+,"=""336261.6""","=""388385.8""","=""2s.2p.(3P*).3d""","=""4P*""","=""3/2""","=""2s.2p.(3P*).4f""","=""4D""","=""1/2""",4,2,,"=""T7192LS""","=""""",
N,3,"=""""","=""191.930""","=""""","=""2.89e+08""",C+,"=""336206.9""","=""388309.3""","=""2s.2p.(3P*).3d""","=""4P*""","=""5/2""","=""2s.2p.(3P*).4f""","=""4D""","=""5/2""",6,6,,"=""T7192LS""","=""""",
N,3,"=""191.955""","=""191.956""","=""150""","=""5.13e+08""",C+,"=""336261.6""","=""388356.8""","=""2s.2p.(3P*).3d""","=""4P*""","=""3/2""","=""2s.2p.(3P*).4f""","=""4D""","=""3/2""",4,4,,"=""T7192LS""","=""L3513""",
N,3,"=""191.977""","=""191.978""","=""150""","=""8.01e+08""",C+,"=""336296.6""","=""388385.8""","=""2s.2p.(3P*).3d""","=""4P*""","=""1/2""","=""2s.2p.(3P*).4f""","=""4D""","=""1/2""",2,2,,"=""T7192LS""","=""L3513""",
N,3,"=""192.065""","=""192.064""","=""300""","=""9.60e+08""",C+,"=""336206.9""","=""388272.8""","=""2s.2p.(3P*).3d""","=""4P*""","=""5/2""","=""2s.2p.(3P*).4f""","=""4D""","=""7/2""",6,8,,"=""T7192LS""","=""L3513""",
N,3,"=""192.084""","=""192.085""","=""150""","=""4.00e+08""",C+,"=""336296.6""","=""388356.8""","=""2s.2p.(3P*).3d""","=""4P*""","=""1/2""","=""2s.2p.(3P*).4f""","=""4D""","=""3/2""",2,4,,"=""T7192LS""","=""L3513""",
N,3,"=""192.130""","=""192.131""","=""200""","=""6.71e+08""",C+,"=""336261.6""","=""388309.3""","=""2s.2p.(3P*).3d""","=""4P*""","=""3/2""","=""2s.2p.(3P*).4f""","=""4D""","=""5/2""",4,6,,"=""T7192LS""","=""L3513""",
N,3,"=""""","=""194.704""","=""""","=""1.01e+08""",B,"=""317336.2""","=""368696.3""","=""2s.2p.(3P*).3p""","=""4P""","=""3/2""","=""2s.2p.(3P*).4s""","=""4P*""","=""5/2""",4,6,,"=""T7192LS""","=""""",
N,3,"=""""","=""194.928""","=""""","=""2.35e+08""",B,"=""317395.2""","=""368696.3""","=""2s.2p.(3P*).3p""","=""4P""","=""5/2""","=""2s.2p.(3P*).4s""","=""4P*""","=""5/2""",6,6,,"=""T7192LS""","=""""",
N,3,"=""""","=""194.990""","=""""","=""1.40e+08""",B,"=""317293.6""","=""368578.3""","=""2s.2p.(3P*).3p""","=""4P""","=""1/2""","=""2s.2p.(3P*).4s""","=""4P*""","=""3/2""",2,4,,"=""T7192LS""","=""""",
N,3,"=""""","=""195.152""","=""""","=""4.46e+07""",B,"=""317336.2""","=""368578.3""","=""2s.2p.(3P*).3p""","=""4P""","=""3/2""","=""2s.2p.(3P*).4s""","=""4P*""","=""3/2""",4,4,,"=""T7192LS""","=""""",
N,3,"=""""","=""195.233""","=""""","=""5.56e+07""",B,"=""317293.6""","=""368514.4""","=""2s.2p.(3P*).3p""","=""4P""","=""1/2""","=""2s.2p.(3P*).4s""","=""4P*""","=""1/2""",2,2,,"=""T7192LS""","=""""",
N,3,"=""""","=""195.377""","=""""","=""1.50e+08""",B,"=""317395.2""","=""368578.3""","=""2s.2p.(3P*).3p""","=""4P""","=""5/2""","=""2s.2p.(3P*).4s""","=""4P*""","=""3/2""",6,4,,"=""T7192LS""","=""""",
N,3,"=""""","=""195.396""","=""""","=""2.77e+08""",B,"=""317336.2""","=""368514.4""","=""2s.2p.(3P*).3p""","=""4P""","=""3/2""","=""2s.2p.(3P*).4s""","=""4P*""","=""1/2""",4,2,,"=""T7192LS""","=""""",
N,3,"=""""","=""198.508""","=""""","=""3.00e+07""",B,"=""311690.3""","=""362066""","=""2s2.4p""","=""2P*""","=""1/2""","=""2s2.7d""","=""2D""","=""3/2""",2,4,,"=""T7192LS""","=""""",
N,3,"=""""","=""198.607""","=""""","=""3.60e+07""",B,"=""311715.2""","=""362066""","=""2s2.4p""","=""2P*""","=""3/2""","=""2s2.7d""","=""2D""","=""5/2""",4,6,,"=""T7192LS""","=""""",
N,3,"=""""","=""198.607""","=""""","=""5.99e+06""",B,"=""311715.2""","=""362066""","=""2s2.4p""","=""2P*""","=""3/2""","=""2s2.7d""","=""2D""","=""3/2""",4,4,,"=""T7192LS""","=""""",
N,2,"=""""","=""199.1301""","=""""","=""3.69e+07""",B,"=""164610.76""","=""214829.18""","=""2s2.2p.3p""","=""1P""","=""1""","=""2s2.2p.5s""","=""1P*""","=""1""",3,3,,"=""T5520""","=""""",
N,3,"=""""","=""199.258""","=""""","=""2.48e+06""",B,"=""379300.1""","=""429486.3""","=""2s.2p.(3P*).4p""","=""4P""","=""1/2""","=""2s.2p.(3P*).7d""","=""4P*""","=""1/2""",2,2,,"=""T7192LS""","=""""",
N,3,"=""""","=""199.258""","=""""","=""6.20e+06""",B,"=""379300.1""","=""429486.3""","=""2s.2p.(3P*).4p""","=""4P""","=""1/2""","=""2s.2p.(3P*).7d""","=""4P*""","=""3/2""",2,4,,"=""T7192LS""","=""""",
N,3,"=""""","=""199.436""","=""""","=""1.98e+06""",B,"=""379344.8""","=""429486.3""","=""2s.2p.(3P*).4p""","=""4P""","=""3/2""","=""2s.2p.(3P*).7d""","=""4P*""","=""3/2""",4,4,,"=""T7192LS""","=""""",
N,3,"=""""","=""199.436""","=""""","=""1.24e+07""",B,"=""379344.8""","=""429486.3""","=""2s.2p.(3P*).4p""","=""4P""","=""3/2""","=""2s.2p.(3P*).7d""","=""4P*""","=""1/2""",4,2,,"=""T7192LS""","=""""",
N,3,"=""""","=""199.436""","=""""","=""4.45e+06""",B,"=""379344.8""","=""429486.3""","=""2s.2p.(3P*).4p""","=""4P""","=""3/2""","=""2s.2p.(3P*).7d""","=""4P*""","=""5/2""",4,6,,"=""T7192LS""","=""""",
N,3,"=""""","=""199.550""","=""""","=""1.25e+07""",B,"=""379300.1""","=""429412.9""","=""2s.2p.(3P*).4p""","=""4P""","=""1/2""","=""2s.2p.(3P*).7d""","=""4D*""","=""3/2""",2,4,,"=""T7192LS""","=""""",
N,3,"=""""","=""199.550""","=""""","=""2.51e+07""",B,"=""379300.1""","=""429412.9""","=""2s.2p.(3P*).4p""","=""4P""","=""1/2""","=""2s.2p.(3P*).7d""","=""4D*""","=""1/2""",2,2,,"=""T7192LS""","=""""",
N,3,"=""""","=""199.646""","=""""","=""1.04e+07""",B,"=""379397.6""","=""429486.3""","=""2s.2p.(3P*).4p""","=""4P""","=""5/2""","=""2s.2p.(3P*).7d""","=""4P*""","=""5/2""",6,6,,"=""T7192LS""","=""""",
N,3,"=""""","=""199.646""","=""""","=""6.66e+06""",B,"=""379397.6""","=""429486.3""","=""2s.2p.(3P*).4p""","=""4P""","=""5/2""","=""2s.2p.(3P*).7d""","=""4P*""","=""3/2""",6,4,,"=""T7192LS""","=""""",
N,3,"=""""","=""199.728""","=""""","=""2.10e+07""",B,"=""379344.8""","=""429412.9""","=""2s.2p.(3P*).4p""","=""4P""","=""3/2""","=""2s.2p.(3P*).7d""","=""4D*""","=""5/2""",4,6,,"=""T7192LS""","=""""",
N,3,"=""""","=""199.728""","=""""","=""1.60e+07""",B,"=""379344.8""","=""429412.9""","=""2s.2p.(3P*).4p""","=""4P""","=""3/2""","=""2s.2p.(3P*).7d""","=""4D*""","=""3/2""",4,4,,"=""T7192LS""","=""""",
N,3,"=""""","=""199.728""","=""""","=""5.00e+06""",B,"=""379344.8""","=""429412.9""","=""2s.2p.(3P*).4p""","=""4P""","=""3/2""","=""2s.2p.(3P*).7d""","=""4D*""","=""1/2""",4,2,,"=""T7192LS""","=""""",
N,3,"=""""","=""199.939""","=""""","=""2.99e+07""",B,"=""379397.6""","=""429412.9""","=""2s.2p.(3P*).4p""","=""4P""","=""5/2""","=""2s.2p.(3P*).7d""","=""4D*""","=""7/2""",6,8,,"=""T7192LS""","=""""",
N,3,"=""""","=""199.939""","=""""","=""8.98e+06""",B,"=""379397.6""","=""429412.9""","=""2s.2p.(3P*).4p""","=""4P""","=""5/2""","=""2s.2p.(3P*).7d""","=""4D*""","=""5/2""",6,6,,"=""T7192LS""","=""""",
N,3,"=""""","=""199.939""","=""""","=""1.50e+06""",B,"=""379397.6""","=""429412.9""","=""2s.2p.(3P*).4p""","=""4P""","=""5/2""","=""2s.2p.(3P*).7d""","=""4D*""","=""3/2""",6,4,,"=""T7192LS""","=""""",
element,sp_num,obs_wl_air(nm),ritz_wl_air(nm),intens,Aki(s^-1),Acc,Ei(cm-1),Ek(cm-1),conf_i,term_i,J_i,conf_k,term_k,J_k,g_i,g_k,Type,tp_ref,line_ref,
N,3,"=""""","=""202.919""","=""""","=""3.96e+05""",C+,"=""353440.6""","=""402705.6""","=""2s.2p.(1P*).3s""","=""2P*""","=""1/2""","=""2s.2p.(3P*).5p""","=""2P""","=""3/2""",2,4,,"=""T7192LS""","=""""",
N,3,"=""""","=""202.926""","=""""","=""1.98e+06""",B,"=""353442.5""","=""402705.6""","=""2s.2p.(1P*).3s""","=""2P*""","=""3/2""","=""2s.2p.(3P*).5p""","=""2P""","=""3/2""",4,4,,"=""T7192LS""","=""""",
N,3,"=""""","=""203.253""","=""""","=""1.58e+06""",B,"=""353440.6""","=""402624.6""","=""2s.2p.(1P*).3s""","=""2P*""","=""1/2""","=""2s.2p.(3P*).5p""","=""2P""","=""1/2""",2,2,,"=""T7192LS""","=""""",
N,3,"=""""","=""203.261""","=""""","=""7.88e+05""",C+,"=""353442.5""","=""402624.6""","=""2s.2p.(1P*).3s""","=""2P*""","=""3/2""","=""2s.2p.(3P*).5p""","=""2P""","=""1/2""",4,2,,"=""T7192LS""","=""""",
N,2,"=""""","=""204.4761""","=""""","=""2.11e+07""",B,"=""174212.03""","=""223101.82""","=""2s2.2p.3p""","=""1D""","=""2""","=""2s2.2p.6s""","=""1P*""","=""1""",5,3,,"=""T5520""","=""""",
N,2,"=""""","=""206.4989""","=""""","=""1.79e+05""",D,"=""155126.73""","=""203537.66""","=""2s.2p3""","=""3S*""","=""1""","=""2s2.2p.4p""","=""3S""","=""1""",3,3,,"=""T6385""","=""""",
N,2,"=""""","=""207.6947""","=""""","=""5.31e+06""",C+,"=""155126.73""","=""203258.98""","=""2s.2p3""","=""3S*""","=""1""","=""2s2.2p.4p""","=""3P""","=""2""",3,5,,"=""T6385n""","=""""",
N,2,"=""""","=""207.9970""","=""""","=""5.09e+06""",C+,"=""155126.73""","=""203189.03""","=""2s.2p3""","=""3S*""","=""1""","=""2s2.2p.4p""","=""3P""","=""1""",3,3,,"=""T6385n""","=""""",
N,2,"=""""","=""208.1120""","=""""","=""5.27e+06""",C+,"=""155126.73""","=""203162.48""","=""2s.2p3""","=""3S*""","=""1""","=""2s2.2p.4p""","=""3P""","=""0""",3,1,,"=""T6385n""","=""""",
N,2,"=""""","=""208.8657""","=""""","=""5.05e+05""",C,"=""166521.69""","=""214384.13""","=""2s2.2p.3p""","=""3D""","=""1""","=""2s2.2p.5s""","=""3P*""","=""2""",3,5,,"=""T5520LS""","=""""",
N,2,"=""""","=""209.1312""","=""""","=""7.54e+06""",C+,"=""166582.45""","=""214384.13""","=""2s2.2p.3p""","=""3D""","=""2""","=""2s2.2p.5s""","=""3P*""","=""2""",5,5,,"=""T5520LS""","=""""",
N,2,"=""""","=""209.4190""","=""""","=""1.25e+07""",C+,"=""166521.69""","=""214257.69""","=""2s2.2p.3p""","=""3D""","=""1""","=""2s2.2p.5s""","=""3P*""","=""1""",3,3,,"=""T5520LS""","=""""",
N,2,"=""209.553""","=""209.5529""","=""160""","=""4.20e+07""",C+,"=""166678.64""","=""214384.13""","=""2s2.2p.3p""","=""3D""","=""3""","=""2s2.2p.5s""","=""3P*""","=""2""",7,5,,"=""T5520LS""","=""L3513""",
N,2,"=""209.620""","=""209.6198""","=""70""","=""4.99e+07""",C+,"=""166521.69""","=""214211.96""","=""2s2.2p.3p""","=""3D""","=""1""","=""2s2.2p.5s""","=""3P*""","=""0""",3,1,,"=""T5520LS""","=""L3513""",
N,2,"=""209.686""","=""209.6859""","=""110""","=""3.74e+07""",C+,"=""166582.45""","=""214257.69""","=""2s2.2p.3p""","=""3D""","=""2""","=""2s2.2p.5s""","=""3P*""","=""1""",5,3,,"=""T5520LS""","=""L3513""",
N,3,"=""""","=""210.647""","=""""","=""1.73e+07""",B,"=""311690.3""","=""359148.1""","=""2s2.4p""","=""2P*""","=""1/2""","=""2s2.7s""","=""2S""","=""1/2""",2,2,,"=""T7192LS""","=""""",
N,3,"=""""","=""210.757""","=""""","=""3.45e+07""",B,"=""311715.2""","=""359148.1""","=""2s2.4p""","=""2P*""","=""3/2""","=""2s2.7s""","=""2S""","=""1/2""",4,2,,"=""T7192LS""","=""""",
N,3,"=""""","=""211.652""","=""""","=""3.73e+06""",C+,"=""339744.6""","=""386977.0""","=""2s.2p.(3P*).3d""","=""2F*""","=""5/2""","=""2s.2p.(3P*).4f""","=""2F""","=""7/2""",6,8,,"=""T7192LS""","=""""",
N,3,"=""211.759""","=""211.758""","=""90""","=""9.94e+07""",C+,"=""339744.6""","=""386953.4""","=""2s.2p.(3P*).3d""","=""2F*""","=""5/2""","=""2s.2p.(3P*).4f""","=""2F""","=""5/2""",6,6,,"=""T7192LS""","=""L3513""",
N,3,"=""212.150""","=""212.150""","=""90""","=""1.00e+08""",C+,"=""339855.5""","=""386977.0""","=""2s.2p.(3P*).3d""","=""2F*""","=""7/2""","=""2s.2p.(3P*).4f""","=""2F""","=""7/2""",8,8,,"=""T7192LS""","=""L3513""",
N,3,"=""""","=""212.257""","=""""","=""4.94e+06""",C+,"=""339855.5""","=""386953.4""","=""2s.2p.(3P*).3d""","=""2F*""","=""7/2""","=""2s.2p.(3P*).4f""","=""2F""","=""5/2""",8,6,,"=""T7192LS""","=""""",
N,2,"=""213.018""","=""213.0180""","=""110""","=""2.42e+07""",B,"=""174212.03""","=""221141.61""","=""2s2.2p.3p""","=""1D""","=""2""","=""2s2.2p.5d""","=""1F*""","=""3""",5,7,,"=""T5520""","=""L3513""",
N,2,"=""""","=""213.901""","=""""","=""5.15e+01""",B,"=""48.7""","=""46784.6""","=""2s2.2p2""","=""3P""","=""1""","=""2s.2p3""","=""5S*""","=""2""",3,5,,"=""T7333""","=""""",
N,3,"=""""","=""214.163""","=""""","=""5.75e+05""",B,"=""330266.5""","=""376945.2""","=""2s.2p.(3P*).3d""","=""4F*""","=""5/2""","=""2s.2p.(3P*).4p""","=""4D""","=""7/2""",6,8,,"=""T7192LS""","=""""",
N,2,"=""214.278""","=""214.277""","=""160""","=""1.27e+02""",B,"=""130.8""","=""46784.6""","=""2s2.2p2""","=""3P""","=""2""","=""2s.2p3""","=""5S*""","=""2""",5,5,,"=""T7333""","=""L3513""",
N,3,"=""""","=""214.282""","=""""","=""9.90e+05""",C,"=""320287.2""","=""366940""","=""2s2.4f""","=""2F*""","=""5/2""","=""2s2.8d""","=""2D""","=""3/2""",6,4,,"=""T7192LS""","=""""",
N,3,"=""""","=""214.282""","=""""","=""4.72e+04""",D,"=""320287.2""","=""366940""","=""2s2.4f""","=""2F*""","=""5/2""","=""2s2.8d""","=""2D""","=""5/2""",6,6,,"=""T7192LS""","=""""",
N,3,"=""""","=""214.287""","=""""","=""9.43e+05""",C,"=""320288.3""","=""366940""","=""2s2.4f""","=""2F*""","=""7/2""","=""2s2.8d""","=""2D""","=""5/2""",8,6,,"=""T7192LS""","=""""",
N,3,"=""""","=""214.402""","=""""","=""1.13e+07""",B,"=""330318.5""","=""376945.2""","=""2s.2p.(3P*).3d""","=""4F*""","=""7/2""","=""2s.2p.(3P*).4p""","=""4D""","=""7/2""",8,8,,"=""T7192LS""","=""""",
N,3,"=""""","=""214.411""","=""""","=""1.05e+06""",B,"=""330232.1""","=""376856.8""","=""2s.2p.(3P*).3d""","=""4F*""","=""3/2""","=""2s.2p.(3P*).4p""","=""4D""","=""5/2""",4,6,,"=""T7192LS""","=""""",
N,3,"=""""","=""214.556""","=""""","=""1.75e+06""",B,"=""332804.4""","=""379397.6""","=""2s.2p.(3P*).3d""","=""4D*""","=""3/2""","=""2s.2p.(3P*).4p""","=""4P""","=""5/2""",4,6,,"=""T7192LS""","=""""",
N,3,"=""""","=""214.569""","=""""","=""1.92e+07""",B,"=""330266.5""","=""376856.8""","=""2s.2p.(3P*).3d""","=""4F*""","=""5/2""","=""2s.2p.(3P*).4p""","=""4D""","=""5/2""",6,6,,"=""T7192LS""","=""""",
N,3,"=""""","=""214.656""","=""""","=""1.57e+07""",B,"=""332826.0""","=""379397.6""","=""2s.2p.(3P*).3d""","=""4D*""","=""5/2""","=""2s.2p.(3P*).4p""","=""4P""","=""5/2""",6,6,,"=""T7192LS""","=""""",
N,3,"=""""","=""214.692""","=""""","=""2.21e+07""",B,"=""330232.1""","=""376795.7""","=""2s.2p.(3P*).3d""","=""4F*""","=""3/2""","=""2s.2p.(3P*).4p""","=""4D""","=""3/2""",4,4,,"=""T7192LS""","=""""",
N,3,"=""214.731""","=""214.731""","=""90""","=""9.84e+07""",B,"=""330389.9""","=""376945.2""","=""2s.2p.(3P*).3d""","=""4F*""","=""9/2""","=""2s.2p.(3P*).4p""","=""4D""","=""7/2""",10,8,,"=""T7192LS""","=""L3513""",
N,3,"=""""","=""214.739""","=""""","=""4.36e+06""",B,"=""332791.3""","=""379344.8""","=""2s.2p.(3P*).3d""","=""4D*""","=""1/2""","=""2s.2p.(3P*).4p""","=""4P""","=""3/2""",2,4,,"=""T7192LS""","=""""",
N,3,"=""""","=""214.785""","=""""","=""6.97e+07""",B,"=""332854.0""","=""379397.6""","=""2s.2p.(3P*).3d""","=""4D*""","=""7/2""","=""2s.2p.(3P*).4p""","=""4P""","=""5/2""",8,6,,"=""T7192LS""","=""""",
N,3,"=""""","=""214.799""","=""""","=""2.79e+07""",B,"=""332804.4""","=""379344.8""","=""2s.2p.(3P*).3d""","=""4D*""","=""3/2""","=""2s.2p.(3P*).4p""","=""4P""","=""3/2""",4,4,,"=""T7192LS""","=""""",
N,3,"=""""","=""214.809""","=""""","=""8.99e+07""",B,"=""330318.5""","=""376856.8""","=""2s.2p.(3P*).3d""","=""4F*""","=""7/2""","=""2s.2p.(3P*).4p""","=""4D""","=""5/2""",8,6,,"=""T7192LS""","=""""",
N,3,"=""""","=""214.851""","=""""","=""8.84e+07""",B,"=""330266.5""","=""376795.7""","=""2s.2p.(3P*).3d""","=""4F*""","=""5/2""","=""2s.2p.(3P*).4p""","=""4D""","=""3/2""",6,4,,"=""T7192LS""","=""""",
N,3,"=""""","=""214.899""","=""""","=""5.48e+07""",B,"=""332826.0""","=""379344.8""","=""2s.2p.(3P*).3d""","=""4D*""","=""5/2""","=""2s.2p.(3P*).4p""","=""4P""","=""3/2""",6,4,,"=""T7192LS""","=""""",
N,3,"=""""","=""214.902""","=""""","=""1.10e+08""",B,"=""330232.1""","=""376750.4""","=""2s.2p.(3P*).3d""","=""4F*""","=""3/2""","=""2s.2p.(3P*).4p""","=""4D""","=""1/2""",4,2,,"=""T7192LS""","=""""",
N,3,"=""""","=""214.945""","=""""","=""4.35e+07""",B,"=""332791.3""","=""379300.1""","=""2s.2p.(3P*).3d""","=""4D*""","=""1/2""","=""2s.2p.(3P*).4p""","=""4P""","=""1/2""",2,2,,"=""T7192LS""","=""""",
N,3,"=""""","=""215.006""","=""""","=""4.34e+07""",B,"=""332804.4""","=""379300.1""","=""2s.2p.(3P*).3d""","=""4D*""","=""3/2""","=""2s.2p.(3P*).4p""","=""4P""","=""1/2""",4,2,,"=""T7192LS""","=""""",
N,2,"=""""","=""215.9927""","=""""","=""1.23e+07""",B,"=""174212.03""","=""220495.36""","=""2s2.2p.3p""","=""1D""","=""2""","=""2s2.2p.5d""","=""1D*""","=""2""",5,5,,"=""T5520""","=""""",
N,2,"=""""","=""217.749""","=""""","=""1.72e-03""",C,"=""109216.6""","=""155126.73""","=""2s.2p3""","=""3P*""","=""1""","=""2s.2p3""","=""3S*""","=""1""",3,3,M1,"=""T7333""","=""""",
N,2,"=""""","=""217.753""","=""""","=""2.89e-03""",C,"=""109217.6""","=""155126.73""","=""2s.2p3""","=""3P*""","=""2""","=""2s.2p3""","=""3S*""","=""1""",5,3,M1,"=""T7333""","=""""",
N,2,"=""""","=""217.781""","=""""","=""2.31e-03""",C,"=""109223.5""","=""155126.73""","=""2s.2p3""","=""3P*""","=""0""","=""2s.2p3""","=""3S*""","=""1""",1,3,M1,"=""T7333""","=""""",
N,2,"=""""","=""219.7506""","=""""","=""7.00e+06""",C+,"=""168892.21""","=""214384.13""","=""2s2.2p.3p""","=""3S""","=""1""","=""2s2.2p.5s""","=""3P*""","=""2""",3,5,,"=""T5520LS""","=""""",
N,2,"=""""","=""220.3632""","=""""","=""6.94e+06""",C+,"=""168892.21""","=""214257.69""","=""2s2.2p.3p""","=""3S""","=""1""","=""2s2.2p.5s""","=""3P*""","=""1""",3,3,,"=""T5520LS""","=""""",
N,2,"=""""","=""220.5855""","=""""","=""6.92e+06""",C+,"=""168892.21""","=""214211.96""","=""2s2.2p.3p""","=""3S""","=""1""","=""2s2.2p.5s""","=""3P*""","=""0""",3,1,,"=""T5520LS""","=""""",
N,2,"=""220.609""","=""220.6087""","=""160""","=""7.04e+06""",B,"=""164610.76""","=""209925.76""","=""2s2.2p.3p""","=""1P""","=""1""","=""2s2.2p.4d""","=""1D*""","=""2""",3,5,,"=""T5520""","=""L3513""",
N,3,"=""""","=""221.578""","=""""","=""4.06e+05""",C+,"=""376750.4""","=""421867.2""","=""2s.2p.(3P*).4p""","=""4D""","=""1/2""","=""2s.2p.(3P*).6d""","=""4P*""","=""1/2""",2,2,,"=""T7192LS""","=""""",
N,3,"=""""","=""221.696""","=""""","=""4.05e+04""",D,"=""376750.4""","=""421843.2""","=""2s.2p.(3P*).4p""","=""4D""","=""1/2""","=""2s.2p.(3P*).6d""","=""4P*""","=""3/2""",2,4,,"=""T7192LS""","=""""",
N,3,"=""""","=""221.801""","=""""","=""4.05e+05""",C+,"=""376795.7""","=""421867.2""","=""2s.2p.(3P*).4p""","=""4D""","=""3/2""","=""2s.2p.(3P*).6d""","=""4P*""","=""1/2""",4,2,,"=""T7192LS""","=""""",
N,3,"=""""","=""221.919""","=""""","=""2.59e+05""",C+,"=""376795.7""","=""421843.2""","=""2s.2p.(3P*).4p""","=""4D""","=""3/2""","=""2s.2p.(3P*).6d""","=""4P*""","=""3/2""",4,4,,"=""T7192LS""","=""""",
N,3,"=""""","=""221.937""","=""""","=""3.88e+06""",B,"=""376750.4""","=""421794.2""","=""2s.2p.(3P*).4p""","=""4D""","=""1/2""","=""2s.2p.(3P*).6d""","=""4D*""","=""1/2""",2,2,,"=""T7192LS""","=""""",
N,3,"=""""","=""221.937""","=""""","=""1.94e+06""",B,"=""376750.4""","=""421794.2""","=""2s.2p.(3P*).4p""","=""4D""","=""1/2""","=""2s.2p.(3P*).6d""","=""4D*""","=""3/2""",2,4,,"=""T7192LS""","=""""",
N,3,"=""""","=""222.160""","=""""","=""3.10e+06""",B,"=""376795.7""","=""421794.2""","=""2s.2p.(3P*).4p""","=""4D""","=""3/2""","=""2s.2p.(3P*).6d""","=""4D*""","=""3/2""",4,4,,"=""T7192LS""","=""""",
N,3,"=""""","=""222.160""","=""""","=""3.87e+06""",B,"=""376795.7""","=""421794.2""","=""2s.2p.(3P*).4p""","=""4D""","=""3/2""","=""2s.2p.(3P*).6d""","=""4D*""","=""1/2""",4,2,,"=""T7192LS""","=""""",
N,3,"=""""","=""222.160""","=""""","=""1.81e+06""",B,"=""376795.7""","=""421794.2""","=""2s.2p.(3P*).4p""","=""4D""","=""3/2""","=""2s.2p.(3P*).6d""","=""4D*""","=""5/2""",4,6,,"=""T7192LS""","=""""",
N,3,"=""""","=""222.160""","=""""","=""1.61e+04""",D,"=""376795.7""","=""421794.2""","=""2s.2p.(3P*).4p""","=""4D""","=""3/2""","=""2s.2p.(3P*).6d""","=""4P*""","=""5/2""",4,6,,"=""T7192LS""","=""""",
N,3,"=""""","=""222.220""","=""""","=""5.07e+05""",B,"=""376856.8""","=""421843.2""","=""2s.2p.(3P*).4p""","=""4D""","=""5/2""","=""2s.2p.(3P*).6d""","=""4P*""","=""3/2""",6,4,,"=""T7192LS""","=""""",
N,3,"=""""","=""222.463""","=""""","=""4.42e+06""",B,"=""376856.8""","=""421794.2""","=""2s.2p.(3P*).4p""","=""4D""","=""5/2""","=""2s.2p.(3P*).6d""","=""4D*""","=""5/2""",6,6,,"=""T7192LS""","=""""",
N,3,"=""""","=""222.463""","=""""","=""2.70e+06""",B,"=""376856.8""","=""421794.2""","=""2s.2p.(3P*).4p""","=""4D""","=""5/2""","=""2s.2p.(3P*).6d""","=""4D*""","=""3/2""",6,4,,"=""T7192LS""","=""""",
N,3,"=""""","=""222.463""","=""""","=""1.10e+06""",B,"=""376856.8""","=""421794.2""","=""2s.2p.(3P*).4p""","=""4D""","=""5/2""","=""2s.2p.(3P*).6d""","=""4D*""","=""7/2""",6,8,,"=""T7192LS""","=""""",
N,3,"=""""","=""222.463""","=""""","=""1.44e+05""",C+,"=""376856.8""","=""421794.2""","=""2s.2p.(3P*).4p""","=""4D""","=""5/2""","=""2s.2p.(3P*).6d""","=""4P*""","=""5/2""",6,6,,"=""T7192LS""","=""""",
N,3,"=""""","=""222.901""","=""""","=""6.57e+06""",B,"=""376945.2""","=""421794.2""","=""2s.2p.(3P*).4p""","=""4D""","=""7/2""","=""2s.2p.(3P*).6d""","=""4D*""","=""7/2""",8,8,,"=""T7192LS""","=""""",
N,3,"=""""","=""222.901""","=""""","=""1.46e+06""",B,"=""376945.2""","=""421794.2""","=""2s.2p.(3P*).4p""","=""4D""","=""7/2""","=""2s.2p.(3P*).6d""","=""4D*""","=""5/2""",8,6,,"=""T7192LS""","=""""",
N,3,"=""""","=""222.901""","=""""","=""6.38e+05""",B,"=""376945.2""","=""421794.2""","=""2s.2p.(3P*).4p""","=""4D""","=""7/2""","=""2s.2p.(3P*).6d""","=""4P*""","=""5/2""",8,6,,"=""T7192LS""","=""""",
N,3,"=""""","=""223.162""","=""""","=""3.28e+06""",B,"=""297151.2""","=""341947.7""","=""2s.2p.(3P*).3s""","=""2P*""","=""1/2""","=""2s2.5d""","=""2D""","=""3/2""",2,4,,"=""T7192LS""","=""""",
N,3,"=""""","=""223.722""","=""""","=""3.91e+06""",B,"=""297264.4""","=""341948.8""","=""2s.2p.(3P*).3s""","=""2P*""","=""3/2""","=""2s2.5d""","=""2D""","=""5/2""",4,6,,"=""T7192LS""","=""""",
N,3,"=""""","=""223.728""","=""""","=""6.51e+05""",B,"=""297264.4""","=""341947.7""","=""2s.2p.(3P*).3s""","=""2P*""","=""3/2""","=""2s2.5d""","=""2D""","=""3/2""",4,4,,"=""T7192LS""","=""""",
N,3,"=""""","=""224.280""","=""""","=""5.43e+07""",C+,"=""317747.7""","=""362320.9""","=""2s2.4d""","=""2D""","=""3/2""","=""2s2.7f""","=""2F*""","=""5/2""",4,6,,"=""T7192LS""","=""""",
N,3,"=""""","=""224.441""","=""""","=""5.80e+07""",C+,"=""317779.5""","=""362320.9""","=""2s2.4d""","=""2D""","=""5/2""","=""2s2.7f""","=""2F*""","=""7/2""",6,8,,"=""T7192LS""","=""""",
N,3,"=""""","=""224.441""","=""""","=""3.87e+06""",C+,"=""317779.5""","=""362320.9""","=""2s2.4d""","=""2D""","=""5/2""","=""2s2.7f""","=""2F*""","=""5/2""",6,6,,"=""T7192LS""","=""""",
N,3,"=""""","=""224.767""","=""""","=""1.09e+07""",B,"=""267238.4""","=""311715.2""","=""2s2.3d""","=""2D""","=""3/2""","=""2s2.4p""","=""2P*""","=""3/2""",4,4,,"=""T7192LS""","=""""",
N,3,"=""""","=""224.795""","=""""","=""9.84e+07""",B,"=""267244.0""","=""311715.2""","=""2s2.3d""","=""2D""","=""5/2""","=""2s2.4p""","=""2P*""","=""3/2""",6,4,,"=""T7192LS""","=""""",
N,3,"=""""","=""224.893""","=""""","=""1.09e+08""",B,"=""267238.4""","=""311690.3""","=""2s2.3d""","=""2D""","=""3/2""","=""2s2.4p""","=""2P*""","=""1/2""",4,2,,"=""T7192LS""","=""""",
N,3,"=""""","=""225.606""","=""""","=""6.26e+05""",B,"=""309131.2""","=""353442.5""","=""2s.2p.(3P*).3p""","=""2P""","=""1/2""","=""2s.2p.(1P*).3s""","=""2P*""","=""3/2""",2,4,,"=""T7192LS""","=""""",
N,3,"=""""","=""225.616""","=""""","=""2.51e+06""",B,"=""309131.2""","=""353440.6""","=""2s.2p.(3P*).3p""","=""2P""","=""1/2""","=""2s.2p.(1P*).3s""","=""2P*""","=""1/2""",2,2,,"=""T7192LS""","=""""",
N,3,"=""""","=""225.881""","=""""","=""3.12e+06""",B,"=""309185.2""","=""353442.5""","=""2s.2p.(3P*).3p""","=""2P""","=""3/2""","=""2s.2p.(1P*).3s""","=""2P*""","=""3/2""",4,4,,"=""T7192LS""","=""""",
N,3,"=""""","=""225.891""","=""""","=""1.25e+06""",B,"=""309185.2""","=""353440.6""","=""2s.2p.(3P*).3p""","=""2P""","=""3/2""","=""2s.2p.(1P*).3s""","=""2P*""","=""1/2""",4,2,,"=""T7192LS""","=""""",
N,3,"=""""","=""226.589""","=""""","=""3.19e+06""",B,"=""332826.0""","=""376945.2""","=""2s.2p.(3P*).3d""","=""4D*""","=""5/2""","=""2s.2p.(3P*).4p""","=""4D""","=""7/2""",6,8,,"=""T7192LS""","=""""",
N,3,"=""""","=""226.733""","=""""","=""1.91e+07""",B,"=""332854.0""","=""376945.2""","=""2s.2p.(3P*).3d""","=""4D*""","=""7/2""","=""2s.2p.(3P*).4p""","=""4D""","=""7/2""",8,8,,"=""T7192LS""","=""""",
N,3,"=""""","=""226.932""","=""""","=""5.20e+06""",B,"=""332804.4""","=""376856.8""","=""2s.2p.(3P*).3d""","=""4D*""","=""3/2""","=""2s.2p.(3P*).4p""","=""4D""","=""5/2""",4,6,,"=""T7192LS""","=""""",
N,3,"=""""","=""227.044""","=""""","=""1.28e+07""",B,"=""332826.0""","=""376856.8""","=""2s.2p.(3P*).3d""","=""4D*""","=""5/2""","=""2s.2p.(3P*).4p""","=""4D""","=""5/2""",6,6,,"=""T7192LS""","=""""",
N,3,"=""""","=""227.180""","=""""","=""5.55e+06""",B,"=""332791.3""","=""376795.7""","=""2s.2p.(3P*).3d""","=""4D*""","=""1/2""","=""2s.2p.(3P*).4p""","=""4D""","=""3/2""",2,4,,"=""T7192LS""","=""""",
N,3,"=""""","=""227.188""","=""""","=""4.22e+06""",B,"=""332854.0""","=""376856.8""","=""2s.2p.(3P*).3d""","=""4D*""","=""7/2""","=""2s.2p.(3P*).4p""","=""4D""","=""5/2""",8,6,,"=""T7192LS""","=""""",
N,3,"=""""","=""227.247""","=""""","=""8.87e+06""",B,"=""332804.4""","=""376795.7""","=""2s.2p.(3P*).3d""","=""4D*""","=""3/2""","=""2s.2p.(3P*).4p""","=""4D""","=""3/2""",4,4,,"=""T7192LS""","=""""",
N,3,"=""""","=""227.359""","=""""","=""7.75e+06""",B,"=""332826.0""","=""376795.7""","=""2s.2p.(3P*).3d""","=""4D*""","=""5/2""","=""2s.2p.(3P*).4p""","=""4D""","=""3/2""",6,4,,"=""T7192LS""","=""""",
N,3,"=""""","=""227.414""","=""""","=""1.11e+07""",B,"=""332791.3""","=""376750.4""","=""2s.2p.(3P*).3d""","=""4D*""","=""1/2""","=""2s.2p.(3P*).4p""","=""4D""","=""1/2""",2,2,,"=""T7192LS""","=""""",
N,3,"=""""","=""227.482""","=""""","=""1.11e+07""",B,"=""332804.4""","=""376750.4""","=""2s.2p.(3P*).3d""","=""4D*""","=""3/2""","=""2s.2p.(3P*).4p""","=""4D""","=""1/2""",4,2,,"=""T7192LS""","=""""",
N,2,"=""""","=""228.3639""","=""""","=""7.66e+06""",C+,"=""170607.89""","=""214384.13""","=""2s2.2p.3p""","=""3P""","=""1""","=""2s2.2p.5s""","=""3P*""","=""2""",3,5,,"=""T5520LS""","=""""",
N,2,"=""""","=""228.5304""","=""""","=""3.55e+05""",C,"=""166521.69""","=""210266.04""","=""2s2.2p.3p""","=""3D""","=""1""","=""2s2.2p.4d""","=""3D*""","=""2""",3,5,,"=""T5520LS""","=""""",
N,2,"=""""","=""228.6618""","=""""","=""2.64e+05""",C,"=""166582.45""","=""210301.68""","=""2s2.2p.3p""","=""3D""","=""2""","=""2s2.2p.4d""","=""3D*""","=""3""",5,7,,"=""T5520LS""","=""""",
N,2,"=""""","=""228.6675""","=""""","=""1.77e+06""",C+,"=""166521.69""","=""210239.83""","=""2s2.2p.3p""","=""3D""","=""1""","=""2s2.2p.4d""","=""3D*""","=""1""",3,3,,"=""T5520LS""","=""""",
N,2,"=""228.669""","=""228.6687""","=""160""","=""2.29e+07""",C+,"=""170666.23""","=""214384.13""","=""2s2.2p.3p""","=""3P""","=""2""","=""2s2.2p.5s""","=""3P*""","=""2""",5,5,,"=""T5520LS""","=""L3513""",
N,2,"=""228.844""","=""228.8405""","=""110""","=""1.01e+07""",C+,"=""170572.61""","=""214257.69""","=""2s2.2p.3p""","=""3P""","=""0""","=""2s2.2p.5s""","=""3P*""","=""1""",1,3,,"=""T5520LS""","=""L3513""",
N,2,"=""""","=""228.8483""","=""""","=""1.64e+06""",C+,"=""166582.45""","=""210266.04""","=""2s2.2p.3p""","=""3D""","=""2""","=""2s2.2p.4d""","=""3D*""","=""2""",5,5,,"=""T5520LS""","=""""",
N,2,"=""""","=""228.9857""","=""""","=""5.89e+05""",C,"=""166582.45""","=""210239.83""","=""2s2.2p.3p""","=""3D""","=""2""","=""2s2.2p.4d""","=""3D*""","=""1""",5,3,,"=""T5520LS""","=""""",
N,2,"=""""","=""229.0255""","=""""","=""7.59e+06""",C+,"=""170607.89""","=""214257.69""","=""2s2.2p.3p""","=""3P""","=""1""","=""2s2.2p.5s""","=""3P*""","=""1""",3,3,,"=""T5520LS""","=""""",
N,2,"=""""","=""229.1660""","=""""","=""2.09e+06""",C+,"=""166678.64""","=""210301.68""","=""2s2.2p.3p""","=""3D""","=""3""","=""2s2.2p.4d""","=""3D*""","=""3""",7,7,,"=""T5520LS""","=""""",
N,2,"=""""","=""229.2657""","=""""","=""3.03e+07""",C+,"=""170607.89""","=""214211.96""","=""2s2.2p.3p""","=""3P""","=""1""","=""2s2.2p.5s""","=""3P*""","=""0""",3,1,,"=""T5520LS""","=""""",
N,2,"=""""","=""229.3320""","=""""","=""1.26e+07""",C+,"=""170666.23""","=""214257.69""","=""2s2.2p.3p""","=""3P""","=""2""","=""2s2.2p.5s""","=""3P*""","=""1""",5,3,,"=""T5520LS""","=""""",
N,2,"=""""","=""229.3534""","=""""","=""3.66e+05""",C,"=""166678.64""","=""210266.04""","=""2s2.2p.3p""","=""3D""","=""3""","=""2s2.2p.4d""","=""3D*""","=""2""",7,5,,"=""T5520LS""","=""""",
N,3,"=""""","=""230.161""","=""""","=""2.55e+07""",B,"=""378432.8""","=""421867.2""","=""2s.2p.(3P*).4p""","=""4S""","=""3/2""","=""2s.2p.(3P*).6d""","=""4P*""","=""1/2""",4,2,,"=""T7192LS""","=""""",
N,3,"=""""","=""230.289""","=""""","=""2.55e+07""",B,"=""378432.8""","=""421843.2""","=""2s.2p.(3P*).4p""","=""4S""","=""3/2""","=""2s.2p.(3P*).6d""","=""4P*""","=""3/2""",4,4,,"=""T7192LS""","=""""",
N,3,"=""""","=""230.549""","=""""","=""2.54e+07""",B,"=""378432.8""","=""421794.2""","=""2s.2p.(3P*).4p""","=""4S""","=""3/2""","=""2s.2p.(3P*).6d""","=""4P*""","=""5/2""",4,6,,"=""T7192LS""","=""""",
N,3,"=""""","=""231.460""","=""""","=""7.03e+06""",B,"=""336206.9""","=""379397.6""","=""2s.2p.(3P*).3d""","=""4P*""","=""5/2""","=""2s.2p.(3P*).4p""","=""4P""","=""5/2""",6,6,,"=""T7192LS""","=""""",
N,2,"=""231.649""","=""231.6489""","=""220""","=""1.75e+07""",C+,"=""166582.45""","=""209737.97""","=""2s2.2p.3p""","=""3D""","=""2""","=""2s2.2p.4d""","=""3F*""","=""3""",5,7,,"=""T5520LS""","=""L3513""",
N,2,"=""231.669""","=""231.6680""","=""160""","=""1.65e+07""",C+,"=""166521.69""","=""209673.65""","=""2s2.2p.3p""","=""3D""","=""1""","=""2s2.2p.4d""","=""3F*""","=""2""",3,5,,"=""T5520LS""","=""L3513""",
N,2,"=""231.705""","=""231.7039""","=""285""","=""1.97e+07""",C+,"=""166678.64""","=""209823.91""","=""2s2.2p.3p""","=""3D""","=""3""","=""2s2.2p.4d""","=""3F*""","=""4""",7,9,,"=""T5520LS""","=""L3513""",
N,3,"=""""","=""231.744""","=""""","=""4.50e+06""",B,"=""336206.9""","=""379344.8""","=""2s.2p.(3P*).3d""","=""4P*""","=""5/2""","=""2s.2p.(3P*).4p""","=""4P""","=""3/2""",6,4,,"=""T7192LS""","=""""",
N,3,"=""""","=""231.754""","=""""","=""3.00e+06""",B,"=""336261.6""","=""379397.6""","=""2s.2p.(3P*).3d""","=""4P*""","=""3/2""","=""2s.2p.(3P*).4p""","=""4P""","=""5/2""",4,6,,"=""T7192LS""","=""""",
N,2,"=""""","=""231.9947""","=""""","=""3.06e+06""",C+,"=""166582.45""","=""209673.65""","=""2s2.2p.3p""","=""3D""","=""2""","=""2s2.2p.4d""","=""3F*""","=""2""",5,5,,"=""T5520LS""","=""""",
N,3,"=""""","=""232.038""","=""""","=""1.33e+06""",B,"=""336261.6""","=""379344.8""","=""2s.2p.(3P*).3d""","=""4P*""","=""3/2""","=""2s.2p.(3P*).4p""","=""4P""","=""3/2""",4,4,,"=""T7192LS""","=""""",
N,2,"=""""","=""232.1664""","=""""","=""2.18e+06""",C+,"=""166678.64""","=""209737.97""","=""2s2.2p.3p""","=""3D""","=""3""","=""2s2.2p.4d""","=""3F*""","=""3""",7,7,,"=""T5520LS""","=""""",
N,3,"=""""","=""232.226""","=""""","=""4.14e+06""",B,"=""336296.6""","=""379344.8""","=""2s.2p.(3P*).3d""","=""4P*""","=""1/2""","=""2s.2p.(3P*).4p""","=""4P""","=""3/2""",2,4,,"=""T7192LS""","=""""",
N,3,"=""""","=""232.279""","=""""","=""8.28e+06""",B,"=""336261.6""","=""379300.1""","=""2s.2p.(3P*).3d""","=""4P*""","=""3/2""","=""2s.2p.(3P*).4p""","=""4P""","=""1/2""",4,2,,"=""T7192LS""","=""""",
N,3,"=""""","=""232.406""","=""""","=""4.74e+05""",B,"=""376856.8""","=""419871.7""","=""2s.2p.(3P*).4p""","=""4D""","=""5/2""","=""2p2.(3P).3p""","=""4D*""","=""7/2""",6,8,,"=""T7192LS""","=""""",
N,3,"=""""","=""232.460""","=""""","=""7.76e+05""",B,"=""376795.7""","=""419800.7""","=""2s.2p.(3P*).4p""","=""4D""","=""3/2""","=""2p2.(3P).3p""","=""4D*""","=""5/2""",4,6,,"=""T7192LS""","=""""",
N,3,"=""""","=""232.468""","=""""","=""1.65e+06""",B,"=""336296.6""","=""379300.1""","=""2s.2p.(3P*).3d""","=""4P*""","=""1/2""","=""2s.2p.(3P*).4p""","=""4P""","=""1/2""",2,2,,"=""T7192LS""","=""""",
N,2,"=""""","=""232.5137""","=""""","=""8.57e+04""",D,"=""166678.64""","=""209673.65""","=""2s2.2p.3p""","=""3D""","=""3""","=""2s2.2p.4d""","=""3F*""","=""2""",7,5,,"=""T5520LS""","=""""",
N,3,"=""""","=""232.556""","=""""","=""8.30e+05""",B,"=""376750.4""","=""419737.6""","=""2s.2p.(3P*).4p""","=""4D""","=""1/2""","=""2p2.(3P).3p""","=""4D*""","=""3/2""",2,4,,"=""T7192LS""","=""""",
N,2,"=""""","=""232.6340""","=""""","=""1.83e+07""",B,"=""178273.38""","=""221246.17""","=""2s2.2p.3p""","=""1S""","=""0""","=""2s2.2p.5d""","=""1P*""","=""1""",1,3,,"=""T5520""","=""""",
N,3,"=""""","=""232.758""","=""""","=""1.66e+06""",B,"=""376750.4""","=""419700.3""","=""2s.2p.(3P*).4p""","=""4D""","=""1/2""","=""2p2.(3P).3p""","=""4D*""","=""1/2""",2,2,,"=""T7192LS""","=""""",
N,3,"=""""","=""232.790""","=""""","=""1.90e+06""",B,"=""376856.8""","=""419800.7""","=""2s.2p.(3P*).4p""","=""4D""","=""5/2""","=""2p2.(3P).3p""","=""4D*""","=""5/2""",6,6,,"=""T7192LS""","=""""",
N,3,"=""""","=""232.801""","=""""","=""1.32e+06""",B,"=""376795.7""","=""419737.6""","=""2s.2p.(3P*).4p""","=""4D""","=""3/2""","=""2p2.(3P).3p""","=""4D*""","=""3/2""",4,4,,"=""T7192LS""","=""""",
N,3,"=""""","=""232.885""","=""""","=""2.84e+06""",B,"=""376945.2""","=""419871.7""","=""2s.2p.(3P*).4p""","=""4D""","=""7/2""","=""2p2.(3P).3p""","=""4D*""","=""7/2""",8,8,,"=""T7192LS""","=""""",
N,3,"=""""","=""233.004""","=""""","=""1.65e+06""",B,"=""376795.7""","=""419700.3""","=""2s.2p.(3P*).4p""","=""4D""","=""3/2""","=""2p2.(3P).3p""","=""4D*""","=""1/2""",4,2,,"=""T7192LS""","=""""",
N,3,"=""""","=""233.133""","=""""","=""1.15e+06""",B,"=""376856.8""","=""419737.6""","=""2s.2p.(3P*).4p""","=""4D""","=""5/2""","=""2p2.(3P).3p""","=""4D*""","=""3/2""",6,4,,"=""T7192LS""","=""""",
N,3,"=""""","=""233.271""","=""""","=""6.25e+05""",B,"=""376945.2""","=""419800.7""","=""2s.2p.(3P*).4p""","=""4D""","=""7/2""","=""2p2.(3P).3p""","=""4D*""","=""5/2""",8,6,,"=""T7192LS""","=""""",
N,3,"=""""","=""233.354""","=""""","=""4.30e+07""",B,"=""311690.3""","=""354530.5""","=""2s2.4p""","=""2P*""","=""1/2""","=""2s2.6d""","=""2D""","=""3/2""",2,4,,"=""T7192LS""","=""""",
N,3,"=""""","=""233.490""","=""""","=""5.15e+07""",B,"=""311715.2""","=""354530.5""","=""2s2.4p""","=""2P*""","=""3/2""","=""2s2.6d""","=""2D""","=""5/2""",4,6,,"=""T7192LS""","=""""",
N,3,"=""""","=""233.490""","=""""","=""8.59e+06""",B,"=""311715.2""","=""354530.5""","=""2s2.4p""","=""2P*""","=""3/2""","=""2s2.6d""","=""2D""","=""3/2""",4,4,,"=""T7192LS""","=""""",
N,3,"=""""","=""234.851""","=""""","=""3.31e+06""",B,"=""379300.1""","=""421867.2""","=""2s.2p.(3P*).4p""","=""4P""","=""1/2""","=""2s.2p.(3P*).6d""","=""4P*""","=""1/2""",2,2,,"=""T7192LS""","=""""",
N,3,"=""""","=""234.984""","=""""","=""8.27e+06""",B,"=""379300.1""","=""421843.2""","=""2s.2p.(3P*).4p""","=""4P""","=""1/2""","=""2s.2p.(3P*).6d""","=""4P*""","=""3/2""",2,4,,"=""T7192LS""","=""""",
N,3,"=""""","=""235.098""","=""""","=""1.65e+07""",B,"=""379344.8""","=""421867.2""","=""2s.2p.(3P*).4p""","=""4P""","=""3/2""","=""2s.2p.(3P*).6d""","=""4P*""","=""1/2""",4,2,,"=""T7192LS""","=""""",
N,3,"=""""","=""235.231""","=""""","=""2.64e+06""",B,"=""379344.8""","=""421843.2""","=""2s.2p.(3P*).4p""","=""4P""","=""3/2""","=""2s.2p.(3P*).6d""","=""4P*""","=""3/2""",4,4,,"=""T7192LS""","=""""",
N,3,"=""""","=""235.255""","=""""","=""1.18e+07""",B,"=""379300.1""","=""421794.2""","=""2s.2p.(3P*).4p""","=""4P""","=""1/2""","=""2s.2p.(3P*).6d""","=""4D*""","=""3/2""",2,4,,"=""T7192LS""","=""""",
N,3,"=""""","=""235.255""","=""""","=""2.36e+07""",B,"=""379300.1""","=""421794.2""","=""2s.2p.(3P*).4p""","=""4P""","=""1/2""","=""2s.2p.(3P*).6d""","=""4D*""","=""1/2""",2,2,,"=""T7192LS""","=""""",
N,3,"=""""","=""235.503""","=""""","=""1.97e+07""",B,"=""379344.8""","=""421794.2""","=""2s.2p.(3P*).4p""","=""4P""","=""3/2""","=""2s.2p.(3P*).6d""","=""4D*""","=""5/2""",4,6,,"=""T7192LS""","=""""",
N,3,"=""""","=""235.503""","=""""","=""1.50e+07""",B,"=""379344.8""","=""421794.2""","=""2s.2p.(3P*).4p""","=""4P""","=""3/2""","=""2s.2p.(3P*).6d""","=""4D*""","=""3/2""",4,4,,"=""T7192LS""","=""""",
N,3,"=""""","=""235.503""","=""""","=""4.70e+06""",B,"=""379344.8""","=""421794.2""","=""2s.2p.(3P*).4p""","=""4P""","=""3/2""","=""2s.2p.(3P*).6d""","=""4D*""","=""1/2""",4,2,,"=""T7192LS""","=""""",
N,3,"=""""","=""235.503""","=""""","=""5.91e+06""",B,"=""379344.8""","=""421794.2""","=""2s.2p.(3P*).4p""","=""4P""","=""3/2""","=""2s.2p.(3P*).6d""","=""4P*""","=""5/2""",4,6,,"=""T7192LS""","=""""",
N,3,"=""""","=""235.524""","=""""","=""8.87e+06""",B,"=""379397.6""","=""421843.2""","=""2s.2p.(3P*).4p""","=""4P""","=""5/2""","=""2s.2p.(3P*).6d""","=""4P*""","=""3/2""",6,4,,"=""T7192LS""","=""""",
N,3,"=""""","=""235.796""","=""""","=""2.81e+07""",B,"=""379397.6""","=""421794.2""","=""2s.2p.(3P*).4p""","=""4P""","=""5/2""","=""2s.2p.(3P*).6d""","=""4D*""","=""7/2""",6,8,,"=""T7192LS""","=""""",
N,3,"=""""","=""235.796""","=""""","=""8.43e+06""",B,"=""379397.6""","=""421794.2""","=""2s.2p.(3P*).4p""","=""4P""","=""5/2""","=""2s.2p.(3P*).6d""","=""4D*""","=""5/2""",6,6,,"=""T7192LS""","=""""",
N,3,"=""""","=""235.796""","=""""","=""1.40e+06""",B,"=""379397.6""","=""421794.2""","=""2s.2p.(3P*).4p""","=""4P""","=""5/2""","=""2s.2p.(3P*).6d""","=""4D*""","=""3/2""",6,4,,"=""T7192LS""","=""""",
N,3,"=""""","=""235.796""","=""""","=""1.37e+07""",B,"=""379397.6""","=""421794.2""","=""2s.2p.(3P*).4p""","=""4P""","=""5/2""","=""2s.2p.(3P*).6d""","=""4P*""","=""5/2""",6,6,,"=""T7192LS""","=""""",
N,3,"=""""","=""236.749""","=""""","=""9.12e+07""",B,"=""336206.9""","=""378432.8""","=""2s.2p.(3P*).3d""","=""4P*""","=""5/2""","=""2s.2p.(3P*).4p""","=""4S""","=""3/2""",6,4,,"=""T7192LS""","=""""",
N,3,"=""""","=""237.056""","=""""","=""6.06e+07""",B,"=""336261.6""","=""378432.8""","=""2s.2p.(3P*).3d""","=""4P*""","=""3/2""","=""2s.2p.(3P*).4p""","=""4S""","=""3/2""",4,4,,"=""T7192LS""","=""""",
N,3,"=""""","=""237.253""","=""""","=""3.02e+07""",B,"=""336296.6""","=""378432.8""","=""2s.2p.(3P*).3d""","=""4P*""","=""1/2""","=""2s.2p.(3P*).4p""","=""4S""","=""3/2""",2,4,,"=""T7192LS""","=""""",
N,2,"=""""","=""238.6805""","=""""","=""3.30e+06""",C,"=""168892.21""","=""210776.45""","=""2s2.2p.3p""","=""3S""","=""1""","=""2s2.2p.4d""","=""3P*""","=""0""",3,1,,"=""T5520LS""","=""""",
N,2,"=""""","=""238.8232""","=""""","=""3.29e+06""",C+,"=""168892.21""","=""210751.43""","=""2s2.2p.3p""","=""3S""","=""1""","=""2s2.2p.4d""","=""3P*""","=""1""",3,3,,"=""T5520LS""","=""""",
N,2,"=""""","=""239.0869""","=""""","=""3.28e+06""",C+,"=""168892.21""","=""210705.26""","=""2s2.2p.3p""","=""3S""","=""1""","=""2s2.2p.4d""","=""3P*""","=""2""",3,5,,"=""T5520LS""","=""""",
N,3,"=""""","=""239.283""","=""""","=""1.64e+06""",C+,"=""320287.2""","=""362066""","=""2s2.4f""","=""2F*""","=""5/2""","=""2s2.7d""","=""2D""","=""3/2""",6,4,,"=""T7192LS""","=""""",
N,3,"=""""","=""239.283""","=""""","=""7.79e+04""",C,"=""320287.2""","=""362066""","=""2s2.4f""","=""2F*""","=""5/2""","=""2s2.7d""","=""2D""","=""5/2""",6,6,,"=""T7192LS""","=""""",
N,3,"=""""","=""239.289""","=""""","=""1.56e+06""",C+,"=""320288.3""","=""362066""","=""2s2.4f""","=""2F*""","=""7/2""","=""2s2.7d""","=""2D""","=""5/2""",8,6,,"=""T7192LS""","=""""",
N,3,"=""""","=""239.851""","=""""","=""2.12e+06""",B,"=""301082.6""","=""342762.5""","=""2s2.4s""","=""2S""","=""1/2""","=""2s.2p.(3P*).3d""","=""2P*""","=""1/2""",2,2,,"=""T7192LS""","=""""",
N,3,"=""""","=""240.260""","=""""","=""2.11e+06""",B,"=""301082.6""","=""342691.5""","=""2s2.4s""","=""2S""","=""1/2""","=""2s.2p.(3P*).3d""","=""2P*""","=""3/2""",2,4,,"=""T7192LS""","=""""",
N,3,"=""""","=""241.807""","=""""","=""6.86e+06""",C+,"=""320978.2""","=""362320.9""","=""2s.2p.(3P*).3p""","=""2D""","=""3/2""","=""2s2.7f""","=""2F*""","=""5/2""",4,6,,"=""T7192LS""","=""""",
N,3,"=""""","=""242.327""","=""""","=""7.30e+06""",C+,"=""321066.8""","=""362320.9""","=""2s.2p.(3P*).3p""","=""2D""","=""5/2""","=""2s2.7f""","=""2F*""","=""7/2""",6,8,,"=""T7192LS""","=""""",
N,3,"=""""","=""242.327""","=""""","=""4.87e+05""",C,"=""321066.8""","=""362320.9""","=""2s.2p.(3P*).3p""","=""2D""","=""5/2""","=""2s2.7f""","=""2F*""","=""5/2""",6,6,,"=""T7192LS""","=""""",
N,3,"=""""","=""244.297""","=""""","=""1.03e+02""",D,"=""145875.7""","=""186797.1""","=""2s.2p2""","=""2P""","=""1/2""","=""2p3""","=""4S*""","=""3/2""",2,4,,"=""T6335""","=""""",
N,3,"=""""","=""244.956""","=""""","=""3.69e+02""",D,"=""145985.8""","=""186797.1""","=""2s.2p2""","=""2P""","=""3/2""","=""2p3""","=""4S*""","=""3/2""",4,4,,"=""T6335""","=""""",
N,3,"=""""","=""245.395""","=""""","=""1.21e+07""",B,"=""336206.9""","=""376945.2""","=""2s.2p.(3P*).3d""","=""4P*""","=""5/2""","=""2s.2p.(3P*).4p""","=""4D""","=""7/2""",6,8,,"=""T7192LS""","=""""",
N,3,"=""""","=""245.929""","=""""","=""3.60e+06""",B,"=""336206.9""","=""376856.8""","=""2s.2p.(3P*).3d""","=""4P*""","=""5/2""","=""2s.2p.(3P*).4p""","=""4D""","=""5/2""",6,6,,"=""T7192LS""","=""""",
N,2,"=""246.127""","=""246.1270""","=""160""","=""4.11e+07""",B,"=""174212.03""","=""214829.18""","=""2s2.2p.3p""","=""1D""","=""2""","=""2s2.2p.5s""","=""1P*""","=""1""",5,3,,"=""T5520""","=""L3513""",
N,3,"=""""","=""246.260""","=""""","=""8.37e+06""",B,"=""336261.6""","=""376856.8""","=""2s.2p.(3P*).3d""","=""4P*""","=""3/2""","=""2s.2p.(3P*).4p""","=""4D""","=""5/2""",4,6,,"=""T7192LS""","=""""",
N,3,"=""""","=""246.299""","=""""","=""5.98e+05""",B,"=""336206.9""","=""376795.7""","=""2s.2p.(3P*).3d""","=""4P*""","=""5/2""","=""2s.2p.(3P*).4p""","=""4D""","=""3/2""",6,4,,"=""T7192LS""","=""""",
N,3,"=""""","=""246.631""","=""""","=""6.35e+06""",B,"=""336261.6""","=""376795.7""","=""2s.2p.(3P*).3d""","=""4P*""","=""3/2""","=""2s.2p.(3P*).4p""","=""4D""","=""3/2""",4,4,,"=""T7192LS""","=""""",
N,3,"=""""","=""246.844""","=""""","=""4.95e+06""",B,"=""336296.6""","=""376795.7""","=""2s.2p.(3P*).3d""","=""4P*""","=""1/2""","=""2s.2p.(3P*).4p""","=""4D""","=""3/2""",2,4,,"=""T7192LS""","=""""",
N,3,"=""""","=""246.907""","=""""","=""1.98e+06""",B,"=""336261.6""","=""376750.4""","=""2s.2p.(3P*).3d""","=""4P*""","=""3/2""","=""2s.2p.(3P*).4p""","=""4D""","=""1/2""",4,2,,"=""T7192LS""","=""""",
N,3,"=""""","=""246.997""","=""""","=""1.38e+07""",B,"=""379397.6""","=""419871.7""","=""2s.2p.(3P*).4p""","=""4P""","=""5/2""","=""2p2.(3P).3p""","=""4D*""","=""7/2""",6,8,,"=""T7192LS""","=""""",
N,3,"=""""","=""247.108""","=""""","=""9.65e+06""",B,"=""379344.8""","=""419800.7""","=""2s.2p.(3P*).4p""","=""4P""","=""3/2""","=""2p2.(3P).3p""","=""4D*""","=""5/2""",4,6,,"=""T7192LS""","=""""",
N,3,"=""""","=""247.121""","=""""","=""9.87e+06""",B,"=""336296.6""","=""376750.4""","=""2s.2p.(3P*).3d""","=""4P*""","=""1/2""","=""2s.2p.(3P*).4p""","=""4D""","=""1/2""",2,2,,"=""T7192LS""","=""""",
N,3,"=""""","=""247.220""","=""""","=""5.74e+06""",B,"=""379300.1""","=""419737.6""","=""2s.2p.(3P*).4p""","=""4P""","=""1/2""","=""2p2.(3P).3p""","=""4D*""","=""3/2""",2,4,,"=""T7192LS""","=""""",
N,3,"=""""","=""247.431""","=""""","=""4.12e+06""",B,"=""379397.6""","=""419800.7""","=""2s.2p.(3P*).4p""","=""4P""","=""5/2""","=""2p2.(3P).3p""","=""4D*""","=""5/2""",6,6,,"=""T7192LS""","=""""",
N,3,"=""""","=""247.449""","=""""","=""1.14e+07""",B,"=""379300.1""","=""419700.3""","=""2s.2p.(3P*).4p""","=""4P""","=""1/2""","=""2p2.(3P).3p""","=""4D*""","=""1/2""",2,2,,"=""T7192LS""","=""""",
N,3,"=""""","=""247.494""","=""""","=""7.32e+06""",B,"=""379344.8""","=""419737.6""","=""2s.2p.(3P*).4p""","=""4P""","=""3/2""","=""2p2.(3P).3p""","=""4D*""","=""3/2""",4,4,,"=""T7192LS""","=""""",
N,3,"=""""","=""247.723""","=""""","=""2.28e+06""",B,"=""379344.8""","=""419700.3""","=""2s.2p.(3P*).4p""","=""4P""","=""3/2""","=""2p2.(3P).3p""","=""4D*""","=""1/2""",4,2,,"=""T7192LS""","=""""",
N,3,"=""""","=""247.818""","=""""","=""6.83e+05""",B,"=""379397.6""","=""419737.6""","=""2s.2p.(3P*).4p""","=""4P""","=""5/2""","=""2p2.(3P).3p""","=""4D*""","=""3/2""",6,4,,"=""T7192LS""","=""""",
N,3,"=""""","=""248.282""","=""""","=""1.04e+07""",B,"=""334540.2""","=""374804.8""","=""2s.2p.(3P*).3d""","=""2D*""","=""3/2""","=""2s.2p.(3P*).4p""","=""2P""","=""3/2""",4,4,,"=""T7192LS""","=""""",
N,3,"=""""","=""248.456""","=""""","=""9.32e+07""",B,"=""334568.3""","=""374804.8""","=""2s.2p.(3P*).3d""","=""2D*""","=""5/2""","=""2s.2p.(3P*).4p""","=""2P""","=""3/2""",6,4,,"=""T7192LS""","=""""",
N,3,"=""""","=""248.643""","=""""","=""1.03e+08""",B,"=""334540.2""","=""374746.4""","=""2s.2p.(3P*).3d""","=""2D*""","=""3/2""","=""2s.2p.(3P*).4p""","=""2P""","=""1/2""",4,2,,"=""T7192LS""","=""""",
N,2,"=""""","=""248.8123""","=""""","=""3.33e+06""",C+,"=""170572.61""","=""210751.43""","=""2s2.2p.3p""","=""3P""","=""0""","=""2s2.2p.4d""","=""3P*""","=""1""",1,3,,"=""T5520LS""","=""""",
N,2,"=""""","=""248.8758""","=""""","=""9.97e+06""",C+,"=""170607.89""","=""210776.45""","=""2s2.2p.3p""","=""3P""","=""1""","=""2s2.2p.4d""","=""3P*""","=""0""",3,1,,"=""T5520LS""","=""""",
N,2,"=""""","=""249.0245""","=""""","=""2.61e+07""",C,"=""166765.66""","=""206910.24""","=""2s.2p3""","=""1P*""","=""1""","=""2s2.2p.4p""","=""1S""","=""0""",3,1,,"=""T6385""","=""""",
N,2,"=""""","=""249.0309""","=""""","=""2.49e+06""",C+,"=""170607.89""","=""210751.43""","=""2s2.2p.3p""","=""3P""","=""1""","=""2s2.2p.4d""","=""3P*""","=""1""",3,3,,"=""T5520LS""","=""""",
N,2,"=""""","=""249.3177""","=""""","=""2.48e+06""",C+,"=""170607.89""","=""210705.26""","=""2s2.2p.3p""","=""3P""","=""1""","=""2s2.2p.4d""","=""3P*""","=""2""",3,5,,"=""T5520LS""","=""""",
N,2,"=""""","=""249.3934""","=""""","=""4.13e+06""",C+,"=""170666.23""","=""210751.43""","=""2s2.2p.3p""","=""3P""","=""2""","=""2s2.2p.4d""","=""3P*""","=""1""",5,3,,"=""T5520LS""","=""""",
N,2,"=""249.683""","=""249.6810""","=""110""","=""7.41e+06""",C+,"=""170666.23""","=""210705.26""","=""2s2.2p.3p""","=""3P""","=""2""","=""2s2.2p.4d""","=""3P*""","=""2""",5,5,,"=""T5520LS""","=""L3513""",
N,2,"=""252.022""","=""252.0215""","=""110""","=""1.26e+07""",C+,"=""170572.61""","=""210239.83""","=""2s2.2p.3p""","=""3P""","=""0""","=""2s2.2p.4d""","=""3D*""","=""1""",1,3,,"=""T5520LS""","=""L3513""",
N,2,"=""252.079""","=""252.0791""","=""160""","=""1.70e+07""",C+,"=""170607.89""","=""210266.04""","=""2s2.2p.3p""","=""3P""","=""1""","=""2s2.2p.4d""","=""3D*""","=""2""",3,5,,"=""T5520LS""","=""L3513""",
N,2,"=""252.223""","=""252.2235""","=""220""","=""2.26e+07""",C+,"=""170666.23""","=""210301.68""","=""2s2.2p.3p""","=""3P""","=""2""","=""2s2.2p.4d""","=""3D*""","=""3""",5,7,,"=""T5520LS""","=""L3513""",
N,2,"=""""","=""252.2459""","=""""","=""9.42e+06""",C+,"=""170607.89""","=""210239.83""","=""2s2.2p.3p""","=""3P""","=""1""","=""2s2.2p.4d""","=""3D*""","=""1""",3,3,,"=""T5520LS""","=""""",
N,2,"=""""","=""252.4505""","=""""","=""5.64e+06""",C+,"=""170666.23""","=""210266.04""","=""2s2.2p.3p""","=""3P""","=""2""","=""2s2.2p.4d""","=""3D*""","=""2""",5,5,,"=""T5520LS""","=""""",
N,2,"=""""","=""252.6177""","=""""","=""6.25e+05""",C,"=""170666.23""","=""210239.83""","=""2s2.2p.3p""","=""3P""","=""2""","=""2s2.2p.4d""","=""3D*""","=""1""",5,3,,"=""T5520LS""","=""""",
N,2,"=""259.094""","=""259.0938""","=""110""","=""1.13e+07""",D,"=""166765.66""","=""205350.18""","=""2s.2p3""","=""1P*""","=""1""","=""2s2.2p.4p""","=""1D""","=""2""",3,5,,"=""T5520,T6385""","=""L3513""",
N,3,"=""""","=""262.152""","=""""","=""2.98e+07""",B,"=""311690.3""","=""349824.8""","=""2s2.4p""","=""2P*""","=""1/2""","=""2s2.6s""","=""2S""","=""1/2""",2,2,,"=""T7192LS""","=""""",
N,3,"=""""","=""262.323""","=""""","=""5.96e+07""",B,"=""311715.2""","=""349824.8""","=""2s2.4p""","=""2P*""","=""3/2""","=""2s2.6s""","=""2S""","=""1/2""",4,2,,"=""T7192LS""","=""""",
N,3,"=""""","=""268.691""","=""""","=""9.26e+07""",C+,"=""317747.7""","=""354954.1""","=""2s2.4d""","=""2D""","=""3/2""","=""2s2.6f""","=""2F*""","=""5/2""",4,6,,"=""T7192LS""","=""""",
N,3,"=""268.920""","=""268.921""","=""90*""","=""6.60e+06""",C+,"=""317779.5""","=""354954.1""","=""2s2.4d""","=""2D""","=""5/2""","=""2s2.6f""","=""2F*""","=""5/2""",6,6,,"=""T7192LS""","=""L3513""",
N,3,"=""268.920""","=""268.921""","=""90*""","=""9.90e+07""",C+,"=""317779.5""","=""354954.1""","=""2s2.4d""","=""2D""","=""5/2""","=""2s2.6f""","=""2F*""","=""7/2""",6,8,,"=""T7192LS""","=""L3513""",
N,3,"=""""","=""269.611""","=""""","=""1.59e+07""",B,"=""301082.6""","=""338162.1""","=""2s2.4s""","=""2S""","=""1/2""","=""2s2.5p""","=""2P*""","=""3/2""",2,4,,"=""T7192LS""","=""""",
N,3,"=""""","=""269.670""","=""""","=""1.59e+07""",B,"=""301082.6""","=""338153.9""","=""2s2.4s""","=""2S""","=""1/2""","=""2s2.5p""","=""2P*""","=""1/2""",2,2,,"=""T7192LS""","=""""",
N,2,"=""270.984""","=""270.9841""","=""160""","=""2.64e+07""",B,"=""174212.03""","=""211103.63""","=""2s2.2p.3p""","=""1D""","=""2""","=""2s2.2p.4d""","=""1F*""","=""3""",5,7,,"=""T5520""","=""L3513""",
N,3,"=""""","=""271.398""","=""""","=""1.27e+06""",B,"=""230408.6""","=""267244.0""","=""2p3""","=""2P*""","=""3/2""","=""2s2.3d""","=""2D""","=""5/2""",4,6,,"=""T6335n""","=""""",
N,3,"=""""","=""271.407""","=""""","=""1.06e+06""",B,"=""230404.3""","=""267238.4""","=""2p3""","=""2P*""","=""1/2""","=""2s2.3d""","=""2D""","=""3/2""",2,4,,"=""T6335n""","=""""",
N,3,"=""""","=""271.439""","=""""","=""2.11e+05""",B,"=""230408.6""","=""267238.4""","=""2p3""","=""2P*""","=""3/2""","=""2s2.3d""","=""2D""","=""3/2""",4,4,,"=""T6335n""","=""""",
N,3,"=""""","=""273.436""","=""""","=""1.09e+07""",B,"=""297151.2""","=""333712.0""","=""2s.2p.(3P*).3s""","=""2P*""","=""1/2""","=""2s2.5s""","=""2S""","=""1/2""",2,2,,"=""T7192LS""","=""""",
N,2,"=""""","=""273.4735""","=""""","=""5.03e+06""",B,"=""178273.38""","=""214829.18""","=""2s2.2p.3p""","=""1S""","=""0""","=""2s2.2p.5s""","=""1P*""","=""1""",1,3,,"=""T5520""","=""""",
N,3,"=""""","=""274.285""","=""""","=""2.16e+07""",B,"=""297264.4""","=""333712.0""","=""2s.2p.(3P*).3s""","=""2P*""","=""3/2""","=""2s2.5s""","=""2S""","=""1/2""",4,2,,"=""T7192LS""","=""""",
N,2,"=""""","=""274.4678""","=""""","=""4.28e+04""",D,"=""166765.66""","=""203189.03""","=""2s.2p3""","=""1P*""","=""1""","=""2s2.2p.4p""","=""3P""","=""1""",3,3,,"=""T6385""","=""""",
N,2,"=""""","=""278.0940""","=""""","=""1.76e+05""",D,"=""166765.66""","=""202714.12""","=""2s.2p3""","=""1P*""","=""1""","=""2s2.2p.4p""","=""3D""","=""1""",3,3,,"=""T6385""","=""""",
N,2,"=""279.922""","=""279.9218""","=""110""","=""1.62e+07""",B,"=""174212.03""","=""209925.76""","=""2s2.2p.3p""","=""1D""","=""2""","=""2s2.2p.4d""","=""1D*""","=""2""",5,5,,"=""T5520""","=""L3513""",
N,3,"=""""","=""280.070""","=""""","=""2.11e+05""",C+,"=""317747.7""","=""353442.5""","=""2s2.4d""","=""2D""","=""3/2""","=""2s.2p.(1P*).3s""","=""2P*""","=""3/2""",4,4,,"=""T7192LS""","=""""",
N,3,"=""""","=""280.085""","=""""","=""2.11e+06""",B,"=""317747.7""","=""353440.6""","=""2s2.4d""","=""2D""","=""3/2""","=""2s.2p.(1P*).3s""","=""2P*""","=""1/2""",4,2,,"=""T7192LS""","=""""",
N,3,"=""""","=""280.320""","=""""","=""1.89e+06""",B,"=""317779.5""","=""353442.5""","=""2s2.4d""","=""2D""","=""5/2""","=""2s.2p.(1P*).3s""","=""2P*""","=""3/2""",6,4,,"=""T7192LS""","=""""",
N,2,"=""282.364""","=""282.3631""","=""110""","=""2.39e+07""",C+,"=""166765.66""","=""202170.63""","=""2s.2p3""","=""1P*""","=""1""","=""2s2.2p.4p""","=""1P""","=""1""",3,3,,"=""T5520,T6385""","=""L3513""",
N,2,"=""""","=""285.864""","=""""","=""2.02e-03""",C,"=""109216.6""","=""144187.94""","=""2s.2p3""","=""3P*""","=""1""","=""2s.2p3""","=""1D*""","=""2""",3,5,M1,"=""T7333""","=""""",
N,2,"=""""","=""285.873""","=""""","=""6.06e-03""",C,"=""109217.6""","=""144187.94""","=""2s.2p3""","=""3P*""","=""2""","=""2s.2p3""","=""1D*""","=""2""",5,5,M1,"=""T7333""","=""""",
N,3,"=""""","=""286.286""","=""""","=""1.67e+05""",C+,"=""342691.5""","=""377611.3""","=""2s.2p.(3P*).3d""","=""2P*""","=""3/2""","=""2s.2p.(1P*).3p""","=""2P""","=""3/2""",4,4,,"=""T7192LS""","=""""",
N,3,"=""""","=""286.561""","=""""","=""6.65e+04""",C,"=""342691.5""","=""377577.9""","=""2s.2p.(3P*).3d""","=""2P*""","=""3/2""","=""2s.2p.(1P*).3p""","=""2P""","=""1/2""",4,2,,"=""T7192LS""","=""""",
N,3,"=""""","=""286.870""","=""""","=""3.31e+04""",C,"=""342762.5""","=""377611.3""","=""2s.2p.(3P*).3d""","=""2P*""","=""1/2""","=""2s.2p.(1P*).3p""","=""2P""","=""3/2""",2,4,,"=""T7192LS""","=""""",
N,3,"=""""","=""287.145""","=""""","=""1.32e+05""",C+,"=""342762.5""","=""377577.9""","=""2s.2p.(3P*).3d""","=""2P*""","=""1/2""","=""2s.2p.(1P*).3p""","=""2P""","=""1/2""",2,2,,"=""T7192LS""","=""""",
N,3,"=""""","=""289.727""","=""""","=""1.77e+00""",D+,"=""186797.1""","=""221302.2""","=""2p3""","=""4S*""","=""3/2""","=""2s2.3s""","=""2S""","=""1/2""",4,2,,"=""T6335""","=""""",
N,3,"=""""","=""291.942""","=""""","=""3.08e+06""",C+,"=""320287.2""","=""354530.5""","=""2s2.4f""","=""2F*""","=""5/2""","=""2s2.6d""","=""2D""","=""3/2""",6,4,,"=""T7192LS""","=""""",
N,3,"=""""","=""291.942""","=""""","=""1.47e+05""",C,"=""320287.2""","=""354530.5""","=""2s2.4f""","=""2F*""","=""5/2""","=""2s2.6d""","=""2D""","=""5/2""",6,6,,"=""T7192LS""","=""""",
N,3,"=""""","=""291.952""","=""""","=""2.93e+06""",C+,"=""320288.3""","=""354530.5""","=""2s2.4f""","=""2F*""","=""7/2""","=""2s2.6d""","=""2D""","=""5/2""",8,6,,"=""T7192LS""","=""""",
N,3,"=""""","=""294.240""","=""""","=""1.36e+07""",C+,"=""320978.2""","=""354954.1""","=""2s.2p.(3P*).3p""","=""2D""","=""3/2""","=""2s2.6f""","=""2F*""","=""5/2""",4,6,,"=""T7192LS""","=""""",
N,3,"=""""","=""295.010""","=""""","=""1.45e+07""",C+,"=""321066.8""","=""354954.1""","=""2s.2p.(3P*).3p""","=""2D""","=""5/2""","=""2s2.6f""","=""2F*""","=""7/2""",6,8,,"=""T7192LS""","=""""",
N,3,"=""""","=""295.010""","=""""","=""9.64e+05""",C+,"=""321066.8""","=""354954.1""","=""2s.2p.(3P*).3p""","=""2D""","=""5/2""","=""2s2.6f""","=""2F*""","=""5/2""",6,6,,"=""T7192LS""","=""""",
N,3,"=""""","=""297.255""","=""""","=""6.67e+07""",B,"=""309131.2""","=""342762.5""","=""2s.2p.(3P*).3p""","=""2P""","=""1/2""","=""2s.2p.(3P*).3d""","=""2P*""","=""1/2""",2,2,,"=""T7192LS""","=""""",
N,3,"=""""","=""297.733""","=""""","=""3.32e+07""",B,"=""309185.2""","=""342762.5""","=""2s.2p.(3P*).3p""","=""2P""","=""3/2""","=""2s.2p.(3P*).3d""","=""2P*""","=""1/2""",4,2,,"=""T7192LS""","=""""",
N,3,"=""""","=""297.884""","=""""","=""1.66e+07""",B,"=""309131.2""","=""342691.5""","=""2s.2p.(3P*).3p""","=""2P""","=""1/2""","=""2s.2p.(3P*).3d""","=""2P*""","=""3/2""",2,4,,"=""T7192LS""","=""""",
N,3,"=""""","=""298.364""","=""""","=""8.24e+07""",B,"=""309185.2""","=""342691.5""","=""2s.2p.(3P*).3p""","=""2P""","=""3/2""","=""2s.2p.(3P*).3d""","=""2P*""","=""3/2""",4,4,,"=""T7192LS""","=""""",
N,2,"=""300.683""","=""300.6830""","=""220""","=""9.19e+07""",B,"=""164610.76""","=""197858.69""","=""2s2.2p.3p""","=""1P""","=""1""","=""2s2.2p.4s""","=""1P*""","=""1""",3,3,,"=""T5520,T6385""","=""L3513""",
N,2,"=""""","=""302.3669""","=""""","=""2.27e+07""",B,"=""178273.38""","=""211336.16""","=""2s2.2p.3p""","=""1S""","=""0""","=""2s2.2p.4d""","=""1P*""","=""1""",1,3,,"=""T5520""","=""""",
N,3,"=""""","=""305.387""","=""""","=""3.22e+05""",C+,"=""376750.4""","=""409486.2""","=""2s.2p.(3P*).4p""","=""4D""","=""1/2""","=""2s.2p.(3P*).5d""","=""4P*""","=""1/2""",2,2,,"=""T7192LS""","=""""",
N,3,"=""""","=""305.765""","=""""","=""3.21e+04""",C,"=""376750.4""","=""409445.8""","=""2s.2p.(3P*).4p""","=""4D""","=""1/2""","=""2s.2p.(3P*).5d""","=""4P*""","=""3/2""",2,4,,"=""T7192LS""","=""""",
N,3,"=""""","=""305.810""","=""""","=""3.21e+05""",C+,"=""376795.7""","=""409486.2""","=""2s.2p.(3P*).4p""","=""4D""","=""3/2""","=""2s.2p.(3P*).5d""","=""4P*""","=""1/2""",4,2,,"=""T7192LS""","=""""",
N,3,"=""""","=""306.189""","=""""","=""2.05e+05""",B,"=""376795.7""","=""409445.8""","=""2s.2p.(3P*).4p""","=""4D""","=""3/2""","=""2s.2p.(3P*).5d""","=""4P*""","=""3/2""",4,4,,"=""T7192LS""","=""""",
N,2,"=""""","=""306.283""","=""""","=""3.18e-02""",C,"=""48.7""","=""32688.8""","=""2s2.2p2""","=""3P""","=""1""","=""2s2.2p2""","=""1S""","=""0""",3,1,M1,"=""T7333""","=""""",
N,3,"=""""","=""306.701""","=""""","=""1.27e+04""",C,"=""376795.7""","=""409391.3""","=""2s.2p.(3P*).4p""","=""4D""","=""3/2""","=""2s.2p.(3P*).5d""","=""4P*""","=""5/2""",4,6,,"=""T7192LS""","=""""",
N,3,"=""""","=""306.763""","=""""","=""4.01e+05""",B,"=""376856.8""","=""409445.8""","=""2s.2p.(3P*).4p""","=""4D""","=""5/2""","=""2s.2p.(3P*).5d""","=""4P*""","=""3/2""",6,4,,"=""T7192LS""","=""""",
N,2,"=""""","=""307.055""","=""""","=""1.55e-04""",D,"=""130.8""","=""32688.8""","=""2s2.2p2""","=""3P""","=""2""","=""2s2.2p2""","=""1S""","=""0""",5,1,E2,"=""T7333""","=""""",
N,3,"=""""","=""307.277""","=""""","=""1.14e+05""",C+,"=""376856.8""","=""409391.3""","=""2s.2p.(3P*).4p""","=""4D""","=""5/2""","=""2s.2p.(3P*).5d""","=""4P*""","=""5/2""",6,6,,"=""T7192LS""","=""""",
N,3,"=""""","=""307.941""","=""""","=""6.22e+04""",C+,"=""320978.2""","=""353442.5""","=""2s.2p.(3P*).3p""","=""2D""","=""3/2""","=""2s.2p.(1P*).3s""","=""2P*""","=""3/2""",4,4,,"=""T7192LS""","=""""",
N,3,"=""""","=""307.959""","=""""","=""6.22e+05""",B,"=""320978.2""","=""353440.6""","=""2s.2p.(3P*).3p""","=""2D""","=""3/2""","=""2s.2p.(1P*).3s""","=""2P*""","=""1/2""",4,2,,"=""T7192LS""","=""""",
N,3,"=""""","=""308.114""","=""""","=""5.02e+05""",B,"=""376945.2""","=""409391.3""","=""2s.2p.(3P*).4p""","=""4D""","=""7/2""","=""2s.2p.(3P*).5d""","=""4P*""","=""5/2""",8,6,,"=""T7192LS""","=""""",
N,3,"=""""","=""308.784""","=""""","=""5.55e+05""",B,"=""321066.8""","=""353442.5""","=""2s.2p.(3P*).3p""","=""2D""","=""5/2""","=""2s.2p.(1P*).3s""","=""2P*""","=""3/2""",6,4,,"=""T7192LS""","=""""",
N,3,"=""""","=""310.914""","=""""","=""5.19e+04""",C+,"=""368578.3""","=""400732.2""","=""2s.2p.(3P*).4s""","=""4P*""","=""3/2""","=""2p2.(3P).3s""","=""4P""","=""5/2""",4,6,,"=""T7192LS""","=""""",
N,3,"=""""","=""311.257""","=""""","=""7.19e+04""",C+,"=""368514.4""","=""400632.9""","=""2s.2p.(3P*).4s""","=""4P*""","=""1/2""","=""2p2.(3P).3s""","=""4P""","=""3/2""",2,4,,"=""T7192LS""","=""""",
N,3,"=""""","=""311.307""","=""""","=""1.78e+07""",B,"=""342691.5""","=""374804.8""","=""2s.2p.(3P*).3d""","=""2P*""","=""3/2""","=""2s.2p.(3P*).4p""","=""2P""","=""3/2""",4,4,,"=""T7192LS""","=""""",
N,3,"=""""","=""311.874""","=""""","=""7.08e+06""",B,"=""342691.5""","=""374746.4""","=""2s.2p.(3P*).3d""","=""2P*""","=""3/2""","=""2s.2p.(3P*).4p""","=""2P""","=""1/2""",4,2,,"=""T7192LS""","=""""",
N,3,"=""""","=""311.877""","=""""","=""2.29e+04""",C,"=""368578.3""","=""400632.9""","=""2s.2p.(3P*).4s""","=""4P*""","=""3/2""","=""2p2.(3P).3s""","=""4P""","=""3/2""",4,4,,"=""T7192LS""","=""""",
N,3,"=""""","=""311.905""","=""""","=""2.86e+04""",D,"=""368514.4""","=""400566.2""","=""2s.2p.(3P*).4s""","=""4P*""","=""1/2""","=""2p2.(3P).3s""","=""4P""","=""1/2""",2,2,,"=""T7192LS""","=""""",
N,3,"=""""","=""311.997""","=""""","=""3.54e+06""",B,"=""342762.5""","=""374804.8""","=""2s.2p.(3P*).3d""","=""2P*""","=""1/2""","=""2s.2p.(3P*).4p""","=""2P""","=""3/2""",2,4,,"=""T7192LS""","=""""",
N,3,"=""""","=""312.059""","=""""","=""1.20e+05""",B,"=""368696.3""","=""400732.2""","=""2s.2p.(3P*).4s""","=""4P*""","=""5/2""","=""2p2.(3P).3s""","=""4P""","=""5/2""",6,6,,"=""T7192LS""","=""""",
N,3,"=""""","=""312.528""","=""""","=""1.42e+05""",C+,"=""368578.3""","=""400566.2""","=""2s.2p.(3P*).4s""","=""4P*""","=""3/2""","=""2p2.(3P).3s""","=""4P""","=""1/2""",4,2,,"=""T7192LS""","=""""",
N,3,"=""""","=""312.567""","=""""","=""1.41e+07""",B,"=""342762.5""","=""374746.4""","=""2s.2p.(3P*).3d""","=""2P*""","=""1/2""","=""2s.2p.(3P*).4p""","=""2P""","=""1/2""",2,2,,"=""T7192LS""","=""""",
N,2,"=""""","=""312.5920""","=""""","=""6.11e+05""",D,"=""164610.76""","=""196592.07""","=""2s2.2p.3p""","=""1P""","=""1""","=""2s2.2p.4s""","=""3P*""","=""1""",3,3,,"=""T6385""","=""""",
N,3,"=""""","=""313.030""","=""""","=""7.63e+04""",C+,"=""368696.3""","=""400632.9""","=""2s.2p.(3P*).4s""","=""4P*""","=""5/2""","=""2p2.(3P).3s""","=""4P""","=""3/2""",6,4,,"=""T7192LS""","=""""",
N,2,"=""""","=""317.687""","=""""","=""9.33e-04""",D,"=""15316.2""","=""46784.6""","=""2s2.2p2""","=""1D""","=""2""","=""2s.2p3""","=""5S*""","=""2""",5,5,,"=""T4899""","=""""",
N,2,"=""""","=""319.0194""","=""""","=""3.30e+05""",D,"=""166521.69""","=""197858.69""","=""2s2.2p.3p""","=""3D""","=""1""","=""2s2.2p.4s""","=""1P*""","=""1""",3,3,,"=""T6385""","=""""",
N,2,"=""""","=""319.6391""","=""""","=""2.09e+05""",D,"=""166582.45""","=""197858.69""","=""2s2.2p.3p""","=""3D""","=""2""","=""2s2.2p.4s""","=""1P*""","=""1""",5,3,,"=""T6385""","=""""",
N,3,"=""""","=""321.933""","=""""","=""3.15e+07""",B,"=""378432.8""","=""409486.2""","=""2s.2p.(3P*).4p""","=""4S""","=""3/2""","=""2s.2p.(3P*).5d""","=""4P*""","=""1/2""",4,2,,"=""T7192LS""","=""""",
N,3,"=""""","=""322.352""","=""""","=""3.14e+07""",B,"=""378432.8""","=""409445.8""","=""2s.2p.(3P*).4p""","=""4S""","=""3/2""","=""2s.2p.(3P*).5d""","=""4P*""","=""3/2""",4,4,,"=""T7192LS""","=""""",
N,3,"=""""","=""322.920""","=""""","=""3.12e+07""",B,"=""378432.8""","=""409391.3""","=""2s.2p.(3P*).4p""","=""4S""","=""3/2""","=""2s.2p.(3P*).5d""","=""4P*""","=""5/2""",4,6,,"=""T7192LS""","=""""",
N,3,"=""""","=""330.403""","=""""","=""5.51e+07""",B,"=""311690.3""","=""341947.7""","=""2s2.4p""","=""2P*""","=""1/2""","=""2s2.5d""","=""2D""","=""3/2""",2,4,,"=""T7192LS""","=""""",
N,3,"=""""","=""330.663""","=""""","=""6.59e+07""",B,"=""311715.2""","=""341948.8""","=""2s2.4p""","=""2P*""","=""3/2""","=""2s2.5d""","=""2D""","=""5/2""",4,6,,"=""T7192LS""","=""""",
N,3,"=""""","=""330.675""","=""""","=""1.10e+07""",B,"=""311715.2""","=""341947.7""","=""2s2.4p""","=""2P*""","=""3/2""","=""2s2.5d""","=""2D""","=""3/2""",4,4,,"=""T7192LS""","=""""",
N,2,"=""""","=""331.1418""","=""""","=""1.09e+06""",B,"=""166521.69""","=""196711.54""","=""2s2.2p.3p""","=""3D""","=""1""","=""2s2.2p.4s""","=""3P*""","=""2""",3,5,,"=""T6385n""","=""""",
N,3,"=""""","=""331.183""","=""""","=""4.54e+06""",B,"=""379300.1""","=""409486.2""","=""2s.2p.(3P*).4p""","=""4P""","=""1/2""","=""2s.2p.(3P*).5d""","=""4P*""","=""1/2""",2,2,,"=""T7192LS""","=""""",
N,3,"=""""","=""331.627""","=""""","=""1.13e+07""",B,"=""379300.1""","=""409445.8""","=""2s.2p.(3P*).4p""","=""4P""","=""1/2""","=""2s.2p.(3P*).5d""","=""4P*""","=""3/2""",2,4,,"=""T7192LS""","=""""",
N,3,"=""""","=""331.674""","=""""","=""2.26e+07""",B,"=""379344.8""","=""409486.2""","=""2s.2p.(3P*).4p""","=""4P""","=""3/2""","=""2s.2p.(3P*).5d""","=""4P*""","=""1/2""",4,2,,"=""T7192LS""","=""""",
N,2,"=""""","=""331.8097""","=""""","=""1.68e+07""",B,"=""166582.45""","=""196711.54""","=""2s2.2p.3p""","=""3D""","=""2""","=""2s2.2p.4s""","=""3P*""","=""2""",5,5,,"=""T6385n""","=""""",
N,3,"=""""","=""332.119""","=""""","=""3.60e+06""",B,"=""379344.8""","=""409445.8""","=""2s.2p.(3P*).4p""","=""4P""","=""3/2""","=""2s.2p.(3P*).5d""","=""4P*""","=""3/2""",4,4,,"=""T7192LS""","=""""",
N,2,"=""""","=""332.4575""","=""""","=""2.84e+07""",B,"=""166521.69""","=""196592.07""","=""2s2.2p.3p""","=""3D""","=""1""","=""2s2.2p.4s""","=""3P*""","=""1""",3,3,,"=""T6385n""","=""""",
N,3,"=""""","=""332.703""","=""""","=""1.21e+07""",B,"=""379397.6""","=""409445.8""","=""2s.2p.(3P*).4p""","=""4P""","=""5/2""","=""2s.2p.(3P*).5d""","=""4P*""","=""3/2""",6,4,,"=""T7192LS""","=""""",
N,3,"=""""","=""332.722""","=""""","=""8.06e+06""",B,"=""379344.8""","=""409391.3""","=""2s.2p.(3P*).4p""","=""4P""","=""3/2""","=""2s.2p.(3P*).5d""","=""4P*""","=""5/2""",4,6,,"=""T7192LS""","=""""",
N,2,"=""""","=""332.8724""","=""""","=""9.79e+07""",B,"=""166678.64""","=""196711.54""","=""2s2.2p.3p""","=""3D""","=""3""","=""2s2.2p.4s""","=""3P*""","=""2""",7,5,,"=""T6385n""","=""""",
N,3,"=""""","=""332.949""","=""""","=""2.59e+06""",B,"=""267238.4""","=""297264.4""","=""2s2.3d""","=""2D""","=""3/2""","=""2s.2p.(3P*).3s""","=""2P*""","=""3/2""",4,4,,"=""T7192LS""","=""""",
N,2,"=""""","=""332.9701""","=""""","=""2.01e+06""",D,"=""144187.94""","=""174212.03""","=""2s.2p3""","=""1D*""","=""2""","=""2s2.2p.3p""","=""1D""","=""2""",5,5,,"=""T7333""","=""""",
N,3,"=""""","=""333.011""","=""""","=""2.33e+07""",B,"=""267244.0""","=""297264.4""","=""2s2.3d""","=""2D""","=""5/2""","=""2s.2p.(3P*).3s""","=""2P*""","=""3/2""",6,4,,"=""T7192LS""","=""""",
N,2,"=""""","=""333.0317""","=""""","=""1.18e+08""",B,"=""166521.69""","=""196540.23""","=""2s2.2p.3p""","=""3D""","=""1""","=""2s2.2p.4s""","=""3P*""","=""0""",3,1,,"=""T6385n""","=""""",
N,2,"=""""","=""333.1307""","=""""","=""8.83e+07""",B,"=""166582.45""","=""196592.07""","=""2s2.2p.3p""","=""3D""","=""2""","=""2s2.2p.4s""","=""3P*""","=""1""",5,3,,"=""T6385n""","=""""",
N,3,"=""""","=""333.307""","=""""","=""1.87e+07""",B,"=""379397.6""","=""409391.3""","=""2s.2p.(3P*).4p""","=""4P""","=""5/2""","=""2s.2p.(3P*).5d""","=""4P*""","=""5/2""",6,6,,"=""T7192LS""","=""""",
N,3,"=""""","=""334.209""","=""""","=""2.56e+07""",B,"=""267238.4""","=""297151.2""","=""2s2.3d""","=""2D""","=""3/2""","=""2s.2p.(3P*).3s""","=""2P*""","=""1/2""",4,2,,"=""T7192LS""","=""""",
N,3,"=""""","=""334.276""","=""""","=""3.80e+07""",B,"=""297151.2""","=""327058.0""","=""2s.2p.(3P*).3s""","=""2P*""","=""1/2""","=""2s.2p.(3P*).3p""","=""2S""","=""1/2""",2,2,,"=""T7192LS""","=""""",
N,3,"=""""","=""335.398""","=""""","=""7.66e+07""",B,"=""287529.4""","=""317336.2""","=""2s.2p.(3P*).3s""","=""4P*""","=""1/2""","=""2s.2p.(3P*).3p""","=""4P""","=""3/2""",2,4,,"=""T7192LS""","=""""",
N,3,"=""""","=""335.432""","=""""","=""5.51e+07""",B,"=""287591.5""","=""317395.2""","=""2s.2p.(3P*).3s""","=""4P*""","=""3/2""","=""2s.2p.(3P*).3p""","=""4P""","=""5/2""",4,6,,"=""T7192LS""","=""""",
N,3,"=""""","=""335.546""","=""""","=""7.51e+07""",B,"=""297264.4""","=""327058.0""","=""2s.2p.(3P*).3s""","=""2P*""","=""3/2""","=""2s.2p.(3P*).3p""","=""2S""","=""1/2""",4,2,,"=""T7192LS""","=""""",
N,3,"=""""","=""335.878""","=""""","=""3.05e+07""",B,"=""287529.4""","=""317293.6""","=""2s.2p.(3P*).3s""","=""4P*""","=""1/2""","=""2s.2p.(3P*).3p""","=""4P""","=""1/2""",2,2,,"=""T7192LS""","=""""",
N,3,"=""""","=""336.098""","=""""","=""2.44e+07""",B,"=""287591.5""","=""317336.2""","=""2s.2p.(3P*).3s""","=""4P*""","=""3/2""","=""2s.2p.(3P*).3p""","=""4P""","=""3/2""",4,4,,"=""T7192LS""","=""""",
N,3,"=""""","=""336.580""","=""""","=""1.52e+08""",B,"=""287591.5""","=""317293.6""","=""2s.2p.(3P*).3s""","=""4P*""","=""3/2""","=""2s.2p.(3P*).3p""","=""4P""","=""1/2""",4,2,,"=""T7192LS""","=""""",
N,3,"=""336.734""","=""336.736""","=""120""","=""1.27e+08""",B,"=""287706.9""","=""317395.2""","=""2s.2p.(3P*).3s""","=""4P*""","=""5/2""","=""2s.2p.(3P*).3p""","=""4P""","=""5/2""",6,6,,"=""T7192LS""","=""L3513""",
N,3,"=""""","=""337.407""","=""""","=""8.13e+07""",B,"=""287706.9""","=""317336.2""","=""2s.2p.(3P*).3s""","=""4P*""","=""5/2""","=""2s.2p.(3P*).3p""","=""4P""","=""3/2""",6,4,,"=""T7192LS""","=""""",
N,2,"=""""","=""340.8127""","=""""","=""1.91e+07""",B+,"=""148940.17""","=""178273.38""","=""2s2.2p.3s""","=""3P*""","=""1""","=""2s2.2p.3p""","=""1S""","=""0""",3,1,,"=""T7333""","=""""",
N,2,"=""343.715""","=""343.7145""","=""360""","=""1.91e+08""",B+,"=""149187.80""","=""178273.38""","=""2s2.2p.3s""","=""1P*""","=""1""","=""2s2.2p.3p""","=""1S""","=""0""",3,1,,"=""T7333""","=""L3513""",
N,3,"=""""","=""344.362""","=""""","=""2.28e+05""",B,"=""309131.2""","=""338162.1""","=""2s.2p.(3P*).3p""","=""2P""","=""1/2""","=""2s2.5p""","=""2P*""","=""3/2""",2,4,,"=""T7192LS""","=""""",
N,3,"=""""","=""344.459""","=""""","=""9.10e+05""",B,"=""309131.2""","=""338153.9""","=""2s.2p.(3P*).3p""","=""2P""","=""1/2""","=""2s2.5p""","=""2P*""","=""1/2""",2,2,,"=""T7192LS""","=""""",
N,3,"=""""","=""345.004""","=""""","=""1.13e+06""",B,"=""309185.2""","=""338162.1""","=""2s.2p.(3P*).3p""","=""2P""","=""3/2""","=""2s2.5p""","=""2P*""","=""3/2""",4,4,,"=""T7192LS""","=""""",
N,3,"=""""","=""345.101""","=""""","=""4.52e+05""",B,"=""309185.2""","=""338153.9""","=""2s.2p.(3P*).3p""","=""2P""","=""3/2""","=""2s2.5p""","=""2P*""","=""1/2""",4,2,,"=""T7192LS""","=""""",
N,2,"=""""","=""345.1277""","=""""","=""1.14e+05""",D,"=""168892.21""","=""197858.69""","=""2s2.2p.3p""","=""3S""","=""1""","=""2s2.2p.4s""","=""1P*""","=""1""",3,3,,"=""T6385""","=""""",
N,1,"=""""","=""346.64971""","=""""","=""6.5e-03""",D,"=""0.000""","=""28839.306""","=""2s2.2p3""","=""4S*""","=""3/2""","=""2s2.2p3""","=""2P*""","=""3/2""",4,4,M1,"=""T7370""","=""""",
N,1,"=""""","=""346.65435""","=""""","=""2.6e-03""",D,"=""0.000""","=""28838.920""","=""2s2.2p3""","=""4S*""","=""3/2""","=""2s2.2p3""","=""2P*""","=""1/2""",4,2,M1,"=""T7370""","=""""",
N,2,"=""""","=""359.3597""","=""""","=""1.21e+07""",B,"=""168892.21""","=""196711.54""","=""2s2.2p.3p""","=""3S""","=""1""","=""2s2.2p.4s""","=""3P*""","=""2""",3,5,,"=""T6385n""","=""""",
N,2,"=""""","=""360.9097""","=""""","=""1.41e+07""",B,"=""168892.21""","=""196592.07""","=""2s2.2p.3p""","=""3S""","=""1""","=""2s2.2p.4s""","=""3P*""","=""1""",3,3,,"=""T6385n""","=""""",
N,2,"=""""","=""361.5864""","=""""","=""1.53e+07""",B,"=""168892.21""","=""196540.23""","=""2s2.2p.3p""","=""3S""","=""1""","=""2s2.2p.4s""","=""3P*""","=""0""",3,1,,"=""T6385n""","=""""",
N,2,"=""""","=""366.3829""","=""""","=""7.77e+04""",D,"=""170572.61""","=""197858.69""","=""2s2.2p.3p""","=""3P""","=""0""","=""2s2.2p.4s""","=""1P*""","=""1""",1,3,,"=""T6385""","=""""",
N,2,"=""""","=""366.8572""","=""""","=""1.06e+05""",D,"=""170607.89""","=""197858.69""","=""2s2.2p.3p""","=""3P""","=""1""","=""2s2.2p.4s""","=""1P*""","=""1""",3,3,,"=""T6385""","=""""",
N,3,"=""""","=""367.605""","=""""","=""9.79e+04""",C+,"=""339744.6""","=""366940""","=""2s.2p.(3P*).3d""","=""2F*""","=""5/2""","=""2s2.8d""","=""2D""","=""3/2""",6,4,,"=""T7192LS""","=""""",
N,3,"=""""","=""367.605""","=""""","=""4.66e+03""",D,"=""339744.6""","=""366940""","=""2s.2p.(3P*).3d""","=""2F*""","=""5/2""","=""2s2.8d""","=""2D""","=""5/2""",6,6,,"=""T7192LS""","=""""",
N,2,"=""""","=""367.6443""","=""""","=""5.15e+04""",D,"=""170666.23""","=""197858.69""","=""2s2.2p.3p""","=""3P""","=""2""","=""2s2.2p.4s""","=""1P*""","=""1""",5,3,,"=""T6385""","=""""",
N,3,"=""""","=""369.110""","=""""","=""9.21e+04""",B,"=""339855.5""","=""366940""","=""2s.2p.(3P*).3d""","=""2F*""","=""7/2""","=""2s2.8d""","=""2D""","=""5/2""",8,6,,"=""T7192LS""","=""""",
N,3,"=""""","=""374.595""","=""""","=""1.90e+07""",B,"=""287529.4""","=""314217.3""","=""2s.2p.(3P*).3s""","=""4P*""","=""1/2""","=""2s.2p.(3P*).3p""","=""4S""","=""3/2""",2,4,,"=""T7192LS""","=""""",
N,3,"=""""","=""375.263""","=""""","=""6.67e+06""",B,"=""309656.2""","=""336296.6""","=""2s.2p.(3P*).3p""","=""4D""","=""1/2""","=""2s.2p.(3P*).3d""","=""4P*""","=""1/2""",2,2,,"=""T7192LS""","=""""",
N,3,"=""375.467""","=""375.469""","=""90""","=""3.78e+07""",B,"=""287591.5""","=""314217.3""","=""2s.2p.(3P*).3s""","=""4P*""","=""3/2""","=""2s.2p.(3P*).3p""","=""4S""","=""3/2""",4,4,,"=""T7192LS""","=""L3513""",
N,3,"=""""","=""375.757""","=""""","=""6.64e+05""",B,"=""309656.2""","=""336261.6""","=""2s.2p.(3P*).3p""","=""4D""","=""1/2""","=""2s.2p.(3P*).3d""","=""4P*""","=""3/2""",2,4,,"=""T7192LS""","=""""",
N,3,"=""""","=""375.765""","=""""","=""6.64e+06""",B,"=""309691.8""","=""336296.6""","=""2s.2p.(3P*).3p""","=""4D""","=""3/2""","=""2s.2p.(3P*).3d""","=""4P*""","=""1/2""",4,2,,"=""T7192LS""","=""""",
N,3,"=""""","=""376.260""","=""""","=""4.24e+06""",B,"=""309691.8""","=""336261.6""","=""2s.2p.(3P*).3p""","=""4D""","=""3/2""","=""2s.2p.(3P*).3d""","=""4P*""","=""3/2""",4,4,,"=""T7192LS""","=""""",
N,3,"=""""","=""377.036""","=""""","=""2.63e+05""",B,"=""309691.8""","=""336206.9""","=""2s.2p.(3P*).3p""","=""4D""","=""3/2""","=""2s.2p.(3P*).3d""","=""4P*""","=""5/2""",4,6,,"=""T7192LS""","=""""",
N,3,"=""377.105""","=""377.103""","=""120""","=""5.59e+07""",B,"=""287706.9""","=""314217.3""","=""2s.2p.(3P*).3s""","=""4P*""","=""5/2""","=""2s.2p.(3P*).3p""","=""4S""","=""3/2""",6,4,,"=""T7192LS""","=""L3513""",
N,3,"=""""","=""377.136""","=""""","=""8.28e+06""",B,"=""309753.5""","=""336261.6""","=""2s.2p.(3P*).3p""","=""4D""","=""5/2""","=""2s.2p.(3P*).3d""","=""4P*""","=""3/2""",6,4,,"=""T7192LS""","=""""",
N,2,"=""""","=""377.5606""","=""""","=""6.61e+02""",D,"=""144187.94""","=""170666.23""","=""2s.2p3""","=""1D*""","=""2""","=""2s2.2p.3p""","=""3P""","=""2""",5,5,,"=""T7333""","=""""",
N,3,"=""""","=""377.916""","=""""","=""2.35e+06""",B,"=""309753.5""","=""336206.9""","=""2s.2p.(3P*).3p""","=""4D""","=""5/2""","=""2s.2p.(3P*).3d""","=""4P*""","=""5/2""",6,6,,"=""T7192LS""","=""""",
N,3,"=""""","=""378.903""","=""""","=""2.40e+06""",B,"=""327058.0""","=""353442.5""","=""2s.2p.(3P*).3p""","=""2S""","=""1/2""","=""2s.2p.(1P*).3s""","=""2P*""","=""3/2""",2,4,,"=""T7192LS""","=""""",
N,3,"=""""","=""378.930""","=""""","=""2.40e+06""",B,"=""327058.0""","=""353440.6""","=""2s.2p.(3P*).3p""","=""2S""","=""1/2""","=""2s.2p.(1P*).3s""","=""2P*""","=""1/2""",2,2,,"=""T7192LS""","=""""",
N,3,"=""""","=""379.297""","=""""","=""1.03e+07""",B,"=""309849.8""","=""336206.9""","=""2s.2p.(3P*).3p""","=""4D""","=""7/2""","=""2s.2p.(3P*).3d""","=""4P*""","=""5/2""",8,6,,"=""T7192LS""","=""""",
N,1,"=""""","=""381.82679""","=""""","=""8.95e+05""",C+,"=""86137.350""","=""112319.805""","=""2s2.2p2.(3P).3s""","=""2P""","=""1/2""","=""2s2.2p2.(1D).3p""","=""2P*""","=""3/2""",2,4,,"=""T5714""","=""""",
N,1,"=""""","=""382.20339""","=""""","=""3.70e+06""",C+,"=""86137.350""","=""112294.007""","=""2s2.2p2.(3P).3s""","=""2P""","=""1/2""","=""2s2.2p2.(1D).3p""","=""2P*""","=""1/2""",2,2,,"=""T5714""","=""""",
N,2,"=""""","=""382.9795""","=""""","=""2.42e+07""",B,"=""170607.89""","=""196711.54""","=""2s2.2p.3p""","=""3P""","=""1""","=""2s2.2p.4s""","=""3P*""","=""2""",3,5,,"=""T6385n""","=""""",
N,1,"=""""","=""383.04343""","=""""","=""4.67e+06""",C+,"=""86220.510""","=""112319.805""","=""2s2.2p2.(3P).3s""","=""2P""","=""3/2""","=""2s2.2p2.(1D).3p""","=""2P*""","=""3/2""",4,4,,"=""T5714""","=""""",
N,1,"=""""","=""383.42244""","=""""","=""1.89e+06""",C+,"=""86220.510""","=""112294.007""","=""2s2.2p2.(3P).3s""","=""2P""","=""3/2""","=""2s2.2p2.(1D).3p""","=""2P*""","=""1/2""",4,2,,"=""T5714""","=""""",
N,2,"=""383.837""","=""383.8374""","=""285""","=""6.98e+07""",B,"=""170666.23""","=""196711.54""","=""2s2.2p.3p""","=""3P""","=""2""","=""2s2.2p.4s""","=""3P*""","=""2""",5,5,,"=""T6385n""","=""L3513""",
N,2,"=""""","=""384.1138""","=""""","=""5.99e+04""",C,"=""202765.26""","=""228791.83""","=""2s2.2p.4p""","=""3D""","=""2""","=""2s.2p2.(4P).3p""","=""3D*""","=""3""",5,7,,"=""T5520LS""","=""""",
N,2,"=""""","=""384.2187""","=""""","=""3.06e+07""",B,"=""170572.61""","=""196592.07""","=""2s2.2p.3p""","=""3P""","=""0""","=""2s2.2p.4s""","=""3P*""","=""1""",1,3,,"=""T6385n""","=""""",
N,2,"=""""","=""384.2449""","=""""","=""8.05e+04""",C,"=""202714.12""","=""228731.81""","=""2s2.2p.4p""","=""3D""","=""1""","=""2s.2p2.(4P).3p""","=""3D*""","=""2""",3,5,,"=""T5520LS""","=""""",
N,2,"=""""","=""384.7404""","=""""","=""2.22e+07""",B,"=""170607.89""","=""196592.07""","=""2s2.2p.3p""","=""3P""","=""1""","=""2s2.2p.4s""","=""3P*""","=""1""",3,3,,"=""T6385n""","=""""",
N,2,"=""""","=""384.7997""","=""""","=""4.01e+05""",C+,"=""202714.12""","=""228694.30""","=""2s2.2p.4p""","=""3D""","=""1""","=""2s.2p2.(4P).3p""","=""3D*""","=""1""",3,3,,"=""T5520LS""","=""""",
N,2,"=""""","=""385.0017""","=""""","=""3.71e+05""",C+,"=""202765.26""","=""228731.81""","=""2s2.2p.4p""","=""3D""","=""2""","=""2s.2p2.(4P).3p""","=""3D*""","=""2""",5,5,,"=""T5520LS""","=""""",
N,2,"=""""","=""385.5096""","=""""","=""8.82e+07""",B,"=""170607.89""","=""196540.23""","=""2s2.2p.3p""","=""3P""","=""1""","=""2s2.2p.4s""","=""3P*""","=""0""",3,1,,"=""T6385n""","=""""",
N,2,"=""""","=""385.5374""","=""""","=""4.72e+05""",C+,"=""202861.36""","=""228791.83""","=""2s2.2p.4p""","=""3D""","=""3""","=""2s.2p2.(4P).3p""","=""3D*""","=""3""",7,7,,"=""T5520LS""","=""""",
N,2,"=""""","=""385.5586""","=""""","=""1.33e+05""",C,"=""202765.26""","=""228694.30""","=""2s2.2p.4p""","=""3D""","=""2""","=""2s.2p2.(4P).3p""","=""3D*""","=""1""",5,3,,"=""T5520LS""","=""""",
N,2,"=""""","=""385.6062""","=""""","=""3.71e+07""",B,"=""170666.23""","=""196592.07""","=""2s2.2p.3p""","=""3P""","=""2""","=""2s2.2p.4s""","=""3P*""","=""1""",5,3,,"=""T6385n""","=""""",
N,2,"=""""","=""386.4318""","=""""","=""8.23e+04""",C,"=""202861.36""","=""228731.81""","=""2s2.2p.4p""","=""3D""","=""3""","=""2s.2p2.(4P).3p""","=""3D*""","=""2""",7,5,,"=""T5520LS""","=""""",
N,1,"=""""","=""388.75717""","=""""","=""2.09e+06""",C,"=""86137.350""","=""111853.061""","=""2s2.2p2.(3P).3s""","=""2P""","=""1/2""","=""2s2.2p2.(3P).5p""","=""2D*""","=""3/2""",2,4,,"=""u18,LS""","=""""",
N,1,"=""""","=""389.22051""","=""""","=""2.50e+06""",C,"=""86220.510""","=""111905.609""","=""2s2.2p2.(3P).3s""","=""2P""","=""3/2""","=""2s2.2p2.(3P).5p""","=""2D*""","=""5/2""",4,6,,"=""u18,LS""","=""""",
N,1,"=""""","=""390.01845""","=""""","=""4.14e+05""",C,"=""86220.510""","=""111853.061""","=""2s2.2p2.(3P).3s""","=""2P""","=""3/2""","=""2s2.2p2.(3P).5p""","=""2D*""","=""3/2""",4,4,,"=""u18,LS""","=""""",
N,2,"=""""","=""391.3892""","=""""","=""2.42e+07""",C+,"=""203189.03""","=""228731.81""","=""2s2.2p.4p""","=""3P""","=""1""","=""2s.2p2.(4P).3p""","=""3D*""","=""2""",3,5,,"=""T5520LS""","=""""",
N,2,"=""""","=""391.5414""","=""""","=""3.22e+07""",C+,"=""203258.98""","=""228791.83""","=""2s2.2p.4p""","=""3P""","=""2""","=""2s.2p2.(4P).3p""","=""3D*""","=""3""",5,7,,"=""T5520LS""","=""""",
N,2,"=""""","=""391.5572""","=""""","=""1.79e+07""",C+,"=""203162.48""","=""228694.30""","=""2s2.2p.4p""","=""3P""","=""0""","=""2s.2p2.(4P).3p""","=""3D*""","=""1""",1,3,,"=""T5520LS""","=""""",
N,2,"=""391.900""","=""391.9001""","=""360""","=""7.56e+07""",B+,"=""164610.76""","=""190120.24""","=""2s2.2p.3p""","=""1P""","=""1""","=""2s2.2p.3d""","=""1P*""","=""1""",3,3,,"=""T7333""","=""L3513""",
N,2,"=""""","=""391.9648""","=""""","=""1.34e+07""",C+,"=""203189.03""","=""228694.30""","=""2s2.2p.4p""","=""3P""","=""1""","=""2s.2p2.(4P).3p""","=""3D*""","=""1""",3,3,,"=""T5520LS""","=""""",
N,2,"=""""","=""392.4640""","=""""","=""7.99e+06""",C+,"=""203258.98""","=""228731.81""","=""2s2.2p.4p""","=""3P""","=""2""","=""2s.2p2.(4P).3p""","=""3D*""","=""2""",5,5,,"=""T5520LS""","=""""",
N,2,"=""""","=""393.0428""","=""""","=""8.84e+05""",C+,"=""203258.98""","=""228694.30""","=""2s2.2p.4p""","=""3P""","=""2""","=""2s.2p2.(4P).3p""","=""3D*""","=""1""",5,3,,"=""T5520LS""","=""""",
N,3,"=""""","=""393.450""","=""""","=""7.49e+07""",B,"=""309131.2""","=""334540.2""","=""2s.2p.(3P*).3p""","=""2P""","=""1/2""","=""2s.2p.(3P*).3d""","=""2D*""","=""3/2""",2,4,,"=""T7192LS""","=""""",
N,3,"=""393.852""","=""393.851""","=""90""","=""8.96e+07""",B,"=""309185.2""","=""334568.3""","=""2s.2p.(3P*).3p""","=""2P""","=""3/2""","=""2s.2p.(3P*).3d""","=""2D*""","=""5/2""",4,6,,"=""T7192LS""","=""L3513""",
N,3,"=""""","=""394.288""","=""""","=""1.49e+07""",B,"=""309185.2""","=""334540.2""","=""2s.2p.(3P*).3p""","=""2P""","=""3/2""","=""2s.2p.(3P*).3d""","=""2D*""","=""3/2""",4,4,,"=""T7192LS""","=""""",
N,2,"=""395.585""","=""395.5851""","=""450""","=""1.21e+07""",B+,"=""148940.17""","=""174212.03""","=""2s2.2p.3s""","=""3P*""","=""1""","=""2s2.2p.3p""","=""1D""","=""2""",3,5,,"=""T7333""","=""L3513""",
N,2,"=""""","=""397.7310""","=""""","=""7.79e+03""",B+,"=""149076.52""","=""174212.03""","=""2s2.2p.3s""","=""3P*""","=""2""","=""2s2.2p.3p""","=""1D""","=""2""",5,5,,"=""T7333""","=""""",
N,2,"=""399.500""","=""399.4997""","=""1000""","=""1.22e+08""",A,"=""149187.80""","=""174212.03""","=""2s2.2p.3s""","=""1P*""","=""1""","=""2s2.2p.3p""","=""1D""","=""2""",3,5,,"=""T7333""","=""L3513""",
N,3,"=""""","=""399.650""","=""""","=""1.57e+06""",B,"=""317747.7""","=""342762.5""","=""2s2.4d""","=""2D""","=""3/2""","=""2s.2p.(3P*).3d""","=""2P*""","=""1/2""",4,2,,"=""T7192LS""","=""""",
N,3,"=""399.863""","=""399.863""","=""150""","=""1.76e+08""",C+,"=""317747.7""","=""342749.2""","=""2s2.4d""","=""2D""","=""3/2""","=""2s2.5f""","=""2F*""","=""5/2""",4,6,,"=""T7192LS""","=""L3513""",
N,3,"=""400.358""","=""400.358""","=""200""","=""1.88e+08""",C+,"=""317779.5""","=""342750.1""","=""2s2.4d""","=""2D""","=""5/2""","=""2s2.5f""","=""2F*""","=""7/2""",6,8,,"=""T7192LS""","=""L3513""",
N,3,"=""""","=""400.372""","=""""","=""1.25e+07""",C+,"=""317779.5""","=""342749.2""","=""2s2.4d""","=""2D""","=""5/2""","=""2s2.5f""","=""2F*""","=""5/2""",6,6,,"=""T7192LS""","=""""",
N,3,"=""""","=""400.788""","=""""","=""1.56e+05""",B,"=""317747.7""","=""342691.5""","=""2s2.4d""","=""2D""","=""3/2""","=""2s.2p.(3P*).3d""","=""2P*""","=""3/2""",4,4,,"=""T7192LS""","=""""",
N,1,"=""""","=""401.11348""","=""""","=""5.75e+05""",C,"=""86137.350""","=""111060.905""","=""2s2.2p2.(3P).3s""","=""2P""","=""1/2""","=""2s2.2p2.(3P).5p""","=""2S*""","=""1/2""",2,2,,"=""u18,LS""","=""""",
N,3,"=""""","=""401.300""","=""""","=""1.39e+06""",B,"=""317779.5""","=""342691.5""","=""2s2.4d""","=""2D""","=""5/2""","=""2s.2p.(3P*).3d""","=""2P*""","=""3/2""",6,4,,"=""T7192LS""","=""""",
N,1,"=""""","=""402.45635""","=""""","=""1.14e+06""",C,"=""86220.510""","=""111060.905""","=""2s2.2p2.(3P).3s""","=""2P""","=""3/2""","=""2s2.2p2.(3P).5p""","=""2S*""","=""1/2""",4,2,,"=""u18,LS""","=""""",
N,2,"=""""","=""404.6740""","=""""","=""1.44e+03""",C,"=""144187.94""","=""168892.21""","=""2s.2p3""","=""1D*""","=""2""","=""2s2.2p.3p""","=""3S""","=""1""",5,3,,"=""T7333""","=""""",
N,1,"=""""","=""409.505""","=""""","=""8.05e+04""",C+,"=""96787.680""","=""121200.5""","=""2s2.2p2.(3P).3p""","=""2D*""","=""3/2""","=""2s.2p4""","=""2D""","=""5/2""",4,6,,"=""T5714""","=""""",
N,3,"=""409.733""","=""409.736""","=""250""","=""8.70e+07""",B,"=""221302.2""","=""245701.3""","=""2s2.3s""","=""2S""","=""1/2""","=""2s2.3p""","=""2P*""","=""3/2""",2,4,,"=""T6335n""","=""L3513""",
N,2,"=""""","=""409.8866""","=""""","=""1.80e+04""",C,"=""187437.56""","=""211827.67""","=""2s2.2p.3d""","=""3D*""","=""1""","=""2s.2p2.(4P).3s""","=""3P""","=""2""",3,5,,"=""T6385""","=""""",
N,1,"=""409.994""","=""409.99432""","=""140""","=""3.48e+06""",C+,"=""86137.350""","=""110521.050""","=""2s2.2p2.(3P).3s""","=""2P""","=""1/2""","=""2s2.2p2.(1D).3p""","=""2D*""","=""3/2""",2,4,,"=""T6340""","=""L3513""",
N,2,"=""""","=""410.2903""","=""""","=""2.68e+05""",C,"=""187461.56""","=""211827.67""","=""2s2.2p.3d""","=""3D*""","=""2""","=""2s.2p2.(4P).3s""","=""3P""","=""2""",5,5,,"=""T6385""","=""""",
N,3,"=""410.343""","=""410.339""","=""200""","=""8.67e+07""",B,"=""221302.2""","=""245665.4""","=""2s2.3s""","=""2S""","=""1/2""","=""2s2.3p""","=""2P*""","=""1/2""",2,2,,"=""T6335n""","=""L3513""",
N,2,"=""""","=""410.6985""","=""""","=""4.57e+05""",C,"=""187437.56""","=""211779.45""","=""2s2.2p.3d""","=""3D*""","=""1""","=""2s.2p2.(4P).3s""","=""3P""","=""1""",3,3,,"=""T6385""","=""""",
N,1,"=""""","=""410.790""","=""""","=""1.23e+06""",C+,"=""96864.050""","=""121200.5""","=""2s2.2p2.(3P).3p""","=""2D*""","=""5/2""","=""2s.2p4""","=""2D""","=""5/2""",6,6,,"=""T5714""","=""""",
N,2,"=""""","=""410.8018""","=""""","=""1.52e+06""",C,"=""187491.90""","=""211827.67""","=""2s2.2p.3d""","=""3D*""","=""3""","=""2s.2p2.(4P).3s""","=""3P""","=""2""",7,5,,"=""T6385""","=""""",
N,2,"=""""","=""410.9587""","=""""","=""1.24e+02""",D,"=""164610.76""","=""188937.24""","=""2s2.2p.3p""","=""1P""","=""1""","=""2s2.2p.3d""","=""3P*""","=""0""",3,1,,"=""T7333""","=""""",
N,1,"=""410.995""","=""410.99487""","=""185""","=""3.90e+06""",C+,"=""86220.510""","=""110544.850""","=""2s2.2p2.(3P).3s""","=""2P""","=""3/2""","=""2s2.2p2.(1D).3p""","=""2D*""","=""5/2""",4,6,,"=""T6340""","=""L3513""",
N,2,"=""""","=""411.1039""","=""""","=""1.37e+06""",C,"=""187461.56""","=""211779.45""","=""2s2.2p.3d""","=""3D*""","=""2""","=""2s.2p2.(4P).3s""","=""3P""","=""1""",5,3,,"=""T6385""","=""""",
N,2,"=""""","=""411.2070""","=""""","=""1.85e+06""",C,"=""187437.56""","=""211749.35""","=""2s2.2p.3d""","=""3D*""","=""1""","=""2s.2p2.(4P).3s""","=""3P""","=""0""",3,1,,"=""T6385""","=""""",
N,1,"=""""","=""411.39741""","=""""","=""6.62e+05""",C+,"=""86220.510""","=""110521.050""","=""2s2.2p2.(3P).3s""","=""2P""","=""3/2""","=""2s2.2p2.(1D).3p""","=""2D*""","=""3/2""",4,4,,"=""T6340""","=""""",
N,2,"=""""","=""411.4335""","=""""","=""1.65e+05""",B+,"=""164610.76""","=""188909.17""","=""2s2.2p.3p""","=""1P""","=""1""","=""2s2.2p.3d""","=""3P*""","=""1""",3,3,,"=""T7333""","=""""",
N,3,"=""""","=""412.122""","=""""","=""2.10e+06""",B,"=""376795.7""","=""401053.5""","=""2s.2p.(3P*).4p""","=""4D""","=""3/2""","=""2s.2p.(3P*).5s""","=""4P*""","=""5/2""",4,6,,"=""T7192LS""","=""""",
N,3,"=""""","=""412.280""","=""""","=""4.08e+04""",C+,"=""342691.5""","=""366940""","=""2s.2p.(3P*).3d""","=""2P*""","=""3/2""","=""2s2.8d""","=""2D""","=""5/2""",4,6,,"=""T7192LS""","=""""",
N,3,"=""""","=""412.280""","=""""","=""6.79e+03""",D,"=""342691.5""","=""366940""","=""2s.2p.(3P*).3d""","=""2P*""","=""3/2""","=""2s2.8d""","=""2D""","=""3/2""",4,4,,"=""T7192LS""","=""""",
N,2,"=""""","=""412.3125""","=""""","=""4.37e+04""",B+,"=""164610.76""","=""188857.37""","=""2s2.2p.3p""","=""1P""","=""1""","=""2s2.2p.3d""","=""3P*""","=""2""",3,5,,"=""T7333""","=""""",
N,2,"=""""","=""412.4081""","=""""","=""3.20e+07""",C+,"=""205597.97""","=""229838.96""","=""2s.2p2.(4P).3s""","=""5P""","=""1""","=""2s.2p2.(4P).3p""","=""5S*""","=""2""",3,5,,"=""T5520LS""","=""""",
N,3,"=""""","=""413.163""","=""""","=""1.88e+07""",B,"=""376856.8""","=""401053.5""","=""2s.2p.(3P*).4p""","=""4D""","=""5/2""","=""2s.2p.(3P*).5s""","=""4P*""","=""5/2""",6,6,,"=""T7192LS""","=""""",
N,2,"=""""","=""413.3673""","=""""","=""5.30e+07""",C+,"=""205654.22""","=""229838.96""","=""2s.2p2.(4P).3s""","=""5P""","=""2""","=""2s.2p2.(4P).3p""","=""5S*""","=""2""",5,5,,"=""T5520LS""","=""""",
N,3,"=""""","=""413.383""","=""""","=""5.21e+06""",B,"=""376750.4""","=""400934.2""","=""2s.2p.(3P*).4p""","=""4D""","=""1/2""","=""2s.2p.(3P*).5s""","=""4P*""","=""3/2""",2,4,,"=""T7192LS""","=""""",
N,3,"=""""","=""413.491""","=""""","=""3.37e+04""",C+,"=""342762.5""","=""366940""","=""2s.2p.(3P*).3d""","=""2P*""","=""1/2""","=""2s2.8d""","=""2D""","=""3/2""",2,4,,"=""T7192LS""","=""""",
N,3,"=""""","=""413.607""","=""""","=""1.08e+07""",B,"=""353440.6""","=""377611.3""","=""2s.2p.(1P*).3s""","=""2P*""","=""1/2""","=""2s.2p.(1P*).3p""","=""2P""","=""3/2""",2,4,,"=""T7192LS""","=""""",
N,3,"=""""","=""413.640""","=""""","=""5.38e+07""",B,"=""353442.5""","=""377611.3""","=""2s.2p.(1P*).3s""","=""2P*""","=""3/2""","=""2s.2p.(1P*).3p""","=""2P""","=""3/2""",4,4,,"=""T7192LS""","=""""",
N,1,"=""""","=""413.76400""","=""""","=""2.80e+05""",C+,"=""83284.070""","=""107445.622""","=""2s2.2p2.(3P).3s""","=""4P""","=""1/2""","=""2s2.2p2.(3P).4p""","=""4S*""","=""3/2""",2,4,,"=""T5475""","=""""",
N,3,"=""""","=""414.159""","=""""","=""3.32e+07""",B,"=""376795.7""","=""400934.2""","=""2s.2p.(3P*).4p""","=""4D""","=""3/2""","=""2s.2p.(3P*).5s""","=""4P*""","=""3/2""",4,4,,"=""T7192LS""","=""""",
N,3,"=""""","=""414.180""","=""""","=""4.29e+07""",B,"=""353440.6""","=""377577.9""","=""2s.2p.(1P*).3s""","=""2P*""","=""1/2""","=""2s.2p.(1P*).3p""","=""2P""","=""1/2""",2,2,,"=""T7192LS""","=""""",
N,3,"=""""","=""414.212""","=""""","=""2.14e+07""",B,"=""353442.5""","=""377577.9""","=""2s.2p.(1P*).3s""","=""2P*""","=""3/2""","=""2s.2p.(1P*).3p""","=""2P""","=""1/2""",4,2,,"=""T7192LS""","=""""",
N,1,"=""""","=""414.34296""","=""""","=""6.09e+05""",C+,"=""83317.830""","=""107445.622""","=""2s2.2p2.(3P).3s""","=""4P""","=""3/2""","=""2s2.2p2.(3P).4p""","=""4S*""","=""3/2""",4,4,,"=""T5475""","=""""",
N,2,"=""""","=""414.5774""","=""""","=""7.36e+07""",C+,"=""205724.81""","=""229838.96""","=""2s.2p2.(4P).3s""","=""5P""","=""3""","=""2s.2p2.(4P).3p""","=""5S*""","=""2""",7,5,,"=""T5520LS""","=""""",
N,3,"=""""","=""414.613""","=""""","=""5.17e+07""",B,"=""376750.4""","=""400862.5""","=""2s.2p.(3P*).4p""","=""4D""","=""1/2""","=""2s.2p.(3P*).5s""","=""4P*""","=""1/2""",2,2,,"=""T7192LS""","=""""",
N,3,"=""""","=""414.678""","=""""","=""8.26e+07""",B,"=""376945.2""","=""401053.5""","=""2s.2p.(3P*).4p""","=""4D""","=""7/2""","=""2s.2p.(3P*).5s""","=""4P*""","=""5/2""",8,6,,"=""T7192LS""","=""""",
N,1,"=""""","=""415.14805""","=""""","=""1.01e+06""",C+,"=""83364.620""","=""107445.622""","=""2s2.2p2.(3P).3s""","=""4P""","=""5/2""","=""2s2.2p2.(3P).4p""","=""4S*""","=""3/2""",6,4,,"=""T5475""","=""""",
N,3,"=""""","=""415.210""","=""""","=""6.48e+07""",B,"=""376856.8""","=""400934.2""","=""2s.2p.(3P*).4p""","=""4D""","=""5/2""","=""2s.2p.(3P*).5s""","=""4P*""","=""3/2""",6,4,,"=""T7192LS""","=""""",
N,3,"=""""","=""415.393""","=""""","=""5.14e+07""",B,"=""376795.7""","=""400862.5""","=""2s.2p.(3P*).4p""","=""4D""","=""3/2""","=""2s.2p.(3P*).5s""","=""4P*""","=""1/2""",4,2,,"=""T7192LS""","=""""",
N,3,"=""419.576""","=""419.574""","=""120""","=""9.37e+07""",B,"=""297151.2""","=""320978.2""","=""2s.2p.(3P*).3s""","=""2P*""","=""1/2""","=""2s.2p.(3P*).3p""","=""2D""","=""3/2""",2,4,,"=""T7192LS""","=""L3513""",
N,3,"=""420.010""","=""420.007""","=""150""","=""1.12e+08""",B,"=""297264.4""","=""321066.8""","=""2s.2p.(3P*).3s""","=""2P*""","=""3/2""","=""2s.2p.(3P*).3p""","=""2D""","=""5/2""",4,6,,"=""T7192LS""","=""L3513""",
N,3,"=""""","=""421.577""","=""""","=""1.85e+07""",B,"=""297264.4""","=""320978.2""","=""2s.2p.(3P*).3s""","=""2P*""","=""3/2""","=""2s.2p.(3P*).3p""","=""2D""","=""3/2""",4,4,,"=""T7192LS""","=""""",
N,2,"=""422.774""","=""422.7736""","=""285""","=""1.08e+08""",B,"=""174212.03""","=""197858.69""","=""2s2.2p.3p""","=""1D""","=""2""","=""2s2.2p.4s""","=""1P*""","=""1""",5,3,,"=""T5520,T6385""","=""L3513""",
N,2,"=""""","=""423.6356""","=""""","=""1.93e+05""",B,"=""166521.69""","=""190120.24""","=""2s2.2p.3p""","=""3D""","=""1""","=""2s2.2p.3d""","=""1P*""","=""1""",3,3,,"=""T7333""","=""""",
N,1,"=""""","=""424.987""","=""""","=""2.59e+06""",C,"=""96787.680""","=""120311.2""","=""2s2.2p2.(3P).3p""","=""2D*""","=""3/2""","=""2s2.2p2.(1D).3d""","=""2P""","=""1/2""",4,2,,"=""T5714""","=""""",
N,1,"=""""","=""425.016""","=""""","=""2.24e+05""",C,"=""96787.680""","=""120309.6""","=""2s2.2p2.(3P).3p""","=""2D*""","=""3/2""","=""2s2.2p2.(1D).3d""","=""2P""","=""3/2""",4,4,,"=""T5714""","=""""",
N,1,"=""""","=""426.400""","=""""","=""2.26e+06""",C,"=""96864.050""","=""120309.6""","=""2s2.2p2.(3P).3p""","=""2D*""","=""5/2""","=""2s2.2p2.(1D).3d""","=""2P""","=""3/2""",6,4,,"=""T5714""","=""""",
N,1,"=""""","=""427.328""","=""""","=""8.28e+05""",C+,"=""97805.840""","=""121200.5""","=""2s2.2p2.(3P).3p""","=""2P*""","=""3/2""","=""2s.2p4""","=""2D""","=""5/2""",4,6,,"=""T5714""","=""""",
N,1,"=""""","=""427.813""","=""""","=""5.01e+06""",C+,"=""96787.680""","=""120155.8""","=""2s2.2p2.(3P).3p""","=""2D*""","=""3/2""","=""2s2.2p2.(1D).3d""","=""2D""","=""3/2""",4,4,,"=""T5714""","=""""",
N,1,"=""""","=""427.917""","=""""","=""3.61e+05""",C+,"=""96787.680""","=""120150.1""","=""2s2.2p2.(3P).3p""","=""2D*""","=""3/2""","=""2s2.2p2.(1D).3d""","=""2D""","=""5/2""",4,6,,"=""T5714""","=""""",
N,1,"=""""","=""429.216""","=""""","=""5.57e+05""",C+,"=""96864.050""","=""120155.8""","=""2s2.2p2.(3P).3p""","=""2D*""","=""5/2""","=""2s2.2p2.(1D).3d""","=""2D""","=""3/2""",6,4,,"=""T5714""","=""""",
N,1,"=""""","=""429.321""","=""""","=""5.21e+06""",C+,"=""96864.050""","=""120150.1""","=""2s2.2p2.(3P).3p""","=""2D*""","=""5/2""","=""2s2.2p2.(1D).3d""","=""2D""","=""5/2""",6,6,,"=""T5714""","=""""",
N,3,"=""""","=""431.878""","=""""","=""5.40e+06""",B,"=""309656.2""","=""332804.4""","=""2s.2p.(3P*).3p""","=""4D""","=""1/2""","=""2s.2p.(3P*).3d""","=""4D*""","=""3/2""",2,4,,"=""T7192LS""","=""""",
N,2,"=""""","=""431.906""","=""""","=""5.59e+03""",B,"=""155126.73""","=""178273.38""","=""2s.2p3""","=""3S*""","=""1""","=""2s2.2p.3p""","=""1S""","=""0""",3,1,,"=""T7333""","=""""",
N,3,"=""""","=""432.122""","=""""","=""1.08e+07""",B,"=""309656.2""","=""332791.3""","=""2s.2p.(3P*).3p""","=""4D""","=""1/2""","=""2s.2p.(3P*).3d""","=""4D*""","=""1/2""",2,2,,"=""T7192LS""","=""""",
N,3,"=""""","=""432.139""","=""""","=""5.03e+06""",B,"=""309691.8""","=""332826.0""","=""2s.2p.(3P*).3p""","=""4D""","=""3/2""","=""2s.2p.(3P*).3d""","=""4D*""","=""5/2""",4,6,,"=""T7192LS""","=""""",
N,3,"=""""","=""432.543""","=""""","=""8.60e+06""",B,"=""309691.8""","=""332804.4""","=""2s.2p.(3P*).3p""","=""4D""","=""3/2""","=""2s.2p.(3P*).3d""","=""4D*""","=""3/2""",4,4,,"=""T7192LS""","=""""",
N,3,"=""""","=""432.769""","=""""","=""3.06e+06""",B,"=""309753.5""","=""332854.0""","=""2s.2p.(3P*).3p""","=""4D""","=""5/2""","=""2s.2p.(3P*).3d""","=""4D*""","=""7/2""",6,8,,"=""T7192LS""","=""""",
N,3,"=""""","=""432.788""","=""""","=""1.07e+07""",B,"=""309691.8""","=""332791.3""","=""2s.2p.(3P*).3p""","=""4D""","=""3/2""","=""2s.2p.(3P*).3d""","=""4D*""","=""1/2""",4,2,,"=""T7192LS""","=""""",
N,3,"=""433.291""","=""433.295""","=""90""","=""1.23e+07""",B,"=""309753.5""","=""332826.0""","=""2s.2p.(3P*).3p""","=""4D""","=""5/2""","=""2s.2p.(3P*).3d""","=""4D*""","=""5/2""",6,6,,"=""T7192LS""","=""L3513""",
N,3,"=""""","=""433.701""","=""""","=""7.47e+06""",B,"=""309753.5""","=""332804.4""","=""2s.2p.(3P*).3p""","=""4D""","=""5/2""","=""2s.2p.(3P*).3d""","=""4D*""","=""3/2""",6,4,,"=""T7192LS""","=""""",
N,3,"=""434.568""","=""434.581""","=""120""","=""1.82e+07""",B,"=""309849.8""","=""332854.0""","=""2s.2p.(3P*).3p""","=""4D""","=""7/2""","=""2s.2p.(3P*).3d""","=""4D*""","=""7/2""",8,8,,"=""T7192LS""","=""L3513""",
N,3,"=""""","=""435.111""","=""""","=""4.01e+06""",B,"=""309849.8""","=""332826.0""","=""2s.2p.(3P*).3p""","=""4D""","=""7/2""","=""2s.2p.(3P*).3d""","=""4D*""","=""5/2""",8,6,,"=""T7192LS""","=""""",
N,2,"=""""","=""435.2224""","=""""","=""2.59e+04""",D,"=""188857.37""","=""211827.67""","=""2s2.2p.3d""","=""3P*""","=""2""","=""2s.2p2.(4P).3s""","=""3P""","=""2""",5,5,,"=""T6385""","=""""",
N,1,"=""""","=""435.629""","=""""","=""5.10e+06""",C+,"=""96864.050""","=""119812.9""","=""2s2.2p2.(3P).3p""","=""2D*""","=""5/2""","=""2s2.2p2.(1D).3d""","=""2F""","=""7/2""",6,8,,"=""T5714""","=""""",
N,2,"=""""","=""437.4985""","=""""","=""6.31e+05""",B+,"=""164610.76""","=""187461.56""","=""2s2.2p.3p""","=""1P""","=""1""","=""2s2.2p.3d""","=""3D*""","=""2""",3,5,,"=""T7333""","=""""",
N,2,"=""""","=""437.6630""","=""""","=""9.27e+03""",D,"=""188937.24""","=""211779.45""","=""2s2.2p.3d""","=""3P*""","=""0""","=""2s.2p2.(4P).3s""","=""3P""","=""1""",1,3,,"=""T6385""","=""""",
N,2,"=""""","=""437.9585""","=""""","=""1.76e+05""",B+,"=""164610.76""","=""187437.56""","=""2s2.2p.3p""","=""1P""","=""1""","=""2s2.2p.3d""","=""3D*""","=""1""",3,3,,"=""T7333""","=""""",
N,1,"=""""","=""438.554""","=""""","=""8.84e+05""",C,"=""97770.180""","=""120566.0""","=""2s2.2p2.(3P).3p""","=""2P*""","=""1/2""","=""2s2.2p2.(1D).3d""","=""2S""","=""1/2""",2,2,,"=""u18,LS""","=""""",
N,1,"=""""","=""439.241""","=""""","=""1.76e+06""",C,"=""97805.840""","=""120566.0""","=""2s2.2p2.(3P).3p""","=""2P*""","=""3/2""","=""2s2.2p2.(1D).3d""","=""2S""","=""1/2""",4,2,,"=""u18,LS""","=""""",
N,2,"=""""","=""439.3847""","=""""","=""5.21e+04""",B,"=""166582.45""","=""189335.16""","=""2s2.2p.3p""","=""3D""","=""2""","=""2s2.2p.3d""","=""1F*""","=""3""",5,7,,"=""T7333""","=""""",
N,2,"=""""","=""441.250""","=""""","=""2.93e+03""",B,"=""166678.64""","=""189335.16""","=""2s2.2p.3p""","=""3D""","=""3""","=""2s2.2p.3d""","=""1F*""","=""3""",7,7,,"=""T7333""","=""""",
N,3,"=""""","=""441.949""","=""""","=""1.33e+07""",B,"=""378432.8""","=""401053.5""","=""2s.2p.(3P*).4p""","=""4S""","=""3/2""","=""2s.2p.(3P*).5s""","=""4P*""","=""5/2""",4,6,,"=""T7192LS""","=""""",
N,2,"=""""","=""442.790""","=""""","=""4.09e+00""",C,"=""144187.94""","=""166765.66""","=""2s.2p3""","=""1D*""","=""2""","=""2s.2p3""","=""1P*""","=""1""",5,3,E2,"=""T7333""","=""""",
N,1,"=""""","=""443.511""","=""""","=""2.99e+06""",C,"=""97770.180""","=""120311.2""","=""2s2.2p2.(3P).3p""","=""2P*""","=""1/2""","=""2s2.2p2.(1D).3d""","=""2P""","=""1/2""",2,2,,"=""T5714""","=""""",
N,1,"=""""","=""443.543""","=""""","=""7.51e+05""",C,"=""97770.180""","=""120309.6""","=""2s2.2p2.(3P).3p""","=""2P*""","=""1/2""","=""2s2.2p2.(1D).3d""","=""2P""","=""3/2""",2,4,,"=""T5714""","=""""",
N,1,"=""""","=""444.214""","=""""","=""1.41e+06""",C,"=""97805.840""","=""120311.2""","=""2s2.2p2.(3P).3p""","=""2P*""","=""3/2""","=""2s2.2p2.(1D).3d""","=""2P""","=""1/2""",4,2,,"=""T5714""","=""""",
N,1,"=""""","=""444.245""","=""""","=""3.81e+06""",C,"=""97805.840""","=""120309.6""","=""2s2.2p2.(3P).3p""","=""2P*""","=""3/2""","=""2s2.2p2.(1D).3d""","=""2P""","=""3/2""",4,4,,"=""T5714""","=""""",
N,3,"=""""","=""444.292""","=""""","=""1.31e+07""",B,"=""378432.8""","=""400934.2""","=""2s.2p.(3P*).4p""","=""4S""","=""3/2""","=""2s.2p.(3P*).5s""","=""4P*""","=""3/2""",4,4,,"=""T7192LS""","=""""",
N,2,"=""""","=""444.503""","=""""","=""1.20e+02""",B,"=""144187.94""","=""166678.64""","=""2s.2p3""","=""1D*""","=""2""","=""2s2.2p.3p""","=""3D""","=""3""",5,7,,"=""T7333""","=""""",
N,2,"=""444.703""","=""444.7030""","=""650""","=""1.12e+08""",B+,"=""164610.76""","=""187091.37""","=""2s2.2p.3p""","=""1P""","=""1""","=""2s2.2p.3d""","=""1D*""","=""2""",3,5,,"=""T7333""","=""L3513""",
N,3,"=""""","=""445.712""","=""""","=""1.30e+07""",B,"=""378432.8""","=""400862.5""","=""2s.2p.(3P*).4p""","=""4S""","=""3/2""","=""2s.2p.(3P*).5s""","=""4P*""","=""1/2""",4,2,,"=""T7192LS""","=""""",
N,2,"=""""","=""445.9937""","=""""","=""7.99e+06""",D,"=""166521.69""","=""188937.24""","=""2s2.2p.3p""","=""3D""","=""1""","=""2s2.2p.3d""","=""3P*""","=""0""",3,1,,"=""T7333""","=""""",
N,2,"=""""","=""446.413""","=""""","=""5.85e+00""",E,"=""144187.94""","=""166582.45""","=""2s.2p3""","=""1D*""","=""2""","=""2s2.2p.3p""","=""3D""","=""2""",5,5,,"=""T7333""","=""""",
N,2,"=""""","=""446.5529""","=""""","=""1.59e+06""",D,"=""166521.69""","=""188909.17""","=""2s2.2p.3p""","=""3D""","=""1""","=""2s2.2p.3d""","=""3P*""","=""1""",3,3,,"=""T7333""","=""""",
N,1,"=""""","=""446.590""","=""""","=""2.04e+04""",C,"=""97770.180""","=""120155.8""","=""2s2.2p2.(3P).3p""","=""2P*""","=""1/2""","=""2s2.2p2.(1D).3d""","=""2D""","=""3/2""",2,4,,"=""T5714""","=""""",
N,2,"=""""","=""446.7014""","=""""","=""2.25e+05""",D,"=""174212.03""","=""196592.07""","=""2s2.2p.3p""","=""1D""","=""2""","=""2s2.2p.4s""","=""3P*""","=""1""",5,3,,"=""T6385""","=""""",
N,1,"=""""","=""447.417""","=""""","=""2.76e+04""",C,"=""97805.840""","=""120150.1""","=""2s2.2p2.(3P).3p""","=""2P*""","=""3/2""","=""2s2.2p2.(1D).3d""","=""2D""","=""5/2""",4,6,,"=""T5714""","=""""",
N,2,"=""""","=""447.5886""","=""""","=""3.96e+04""",D,"=""166521.69""","=""188857.37""","=""2s2.2p.3p""","=""3D""","=""1""","=""2s2.2p.3d""","=""3P*""","=""2""",3,5,,"=""T7333""","=""""",
N,2,"=""""","=""447.627""","=""""","=""3.40e+03""",D,"=""144187.94""","=""166521.69""","=""2s.2p3""","=""1D*""","=""2""","=""2s2.2p.3p""","=""3D""","=""1""",5,3,,"=""T7333""","=""""",
N,2,"=""""","=""447.7682""","=""""","=""6.44e+06""",D,"=""166582.45""","=""188909.17""","=""2s2.2p.3p""","=""3D""","=""2""","=""2s2.2p.3d""","=""3P*""","=""1""",5,3,,"=""T7333""","=""""",
N,3,"=""""","=""447.875""","=""""","=""8.66e+04""",B,"=""339744.6""","=""362066""","=""2s.2p.(3P*).3d""","=""2F*""","=""5/2""","=""2s2.7d""","=""2D""","=""3/2""",6,4,,"=""T7192LS""","=""""",
N,3,"=""""","=""447.875""","=""""","=""4.12e+03""",C,"=""339744.6""","=""362066""","=""2s.2p.(3P*).3d""","=""2F*""","=""5/2""","=""2s2.7d""","=""2D""","=""5/2""",6,6,,"=""T7192LS""","=""""",
N,2,"=""""","=""448.8095""","=""""","=""8.62e+05""",D,"=""166582.45""","=""188857.37""","=""2s2.2p.3p""","=""3D""","=""2""","=""2s2.2p.3d""","=""3P*""","=""2""",5,5,,"=""T7333""","=""""",
N,3,"=""""","=""450.111""","=""""","=""8.13e+04""",B,"=""339855.5""","=""362066""","=""2s.2p.(3P*).3d""","=""2F*""","=""7/2""","=""2s2.7d""","=""2D""","=""5/2""",8,6,,"=""T7192LS""","=""""",
N,2,"=""""","=""450.7560""","=""""","=""7.39e+06""",D,"=""166678.64""","=""188857.37""","=""2s2.2p.3p""","=""3D""","=""3""","=""2s2.2p.3d""","=""3P*""","=""2""",7,5,,"=""T7333""","=""""",
N,3,"=""451.091""","=""451.088""","=""90""","=""2.84e+07""",B,"=""287529.4""","=""309691.8""","=""2s.2p.(3P*).3s""","=""4P*""","=""1/2""","=""2s.2p.(3P*).3p""","=""4D""","=""3/2""",2,4,,"=""T7192LS""","=""L3513""",
N,3,"=""""","=""451.096""","=""""","=""4.77e+07""",B,"=""287591.5""","=""309753.5""","=""2s.2p.(3P*).3s""","=""4P*""","=""3/2""","=""2s.2p.(3P*).3p""","=""4D""","=""5/2""",4,6,,"=""T7192LS""","=""""",
N,3,"=""451.486""","=""451.485""","=""120""","=""6.80e+07""",B,"=""287706.9""","=""309849.8""","=""2s.2p.(3P*).3s""","=""4P*""","=""5/2""","=""2s.2p.(3P*).3p""","=""4D""","=""7/2""",6,8,,"=""T7192LS""","=""L3513""",
N,3,"=""""","=""451.814""","=""""","=""5.65e+07""",B,"=""287529.4""","=""309656.2""","=""2s.2p.(3P*).3s""","=""4P*""","=""1/2""","=""2s.2p.(3P*).3p""","=""4D""","=""1/2""",2,2,,"=""T7192LS""","=""""",
N,3,"=""""","=""452.356""","=""""","=""3.61e+07""",B,"=""287591.5""","=""309691.8""","=""2s.2p.(3P*).3s""","=""4P*""","=""3/2""","=""2s.2p.(3P*).3p""","=""4D""","=""3/2""",4,4,,"=""T7192LS""","=""""",
N,3,"=""""","=""452.786""","=""""","=""5.50e+07""",B,"=""314217.3""","=""336296.6""","=""2s.2p.(3P*).3p""","=""4S""","=""3/2""","=""2s.2p.(3P*).3d""","=""4P*""","=""1/2""",4,2,,"=""T7192LS""","=""""",
N,3,"=""""","=""452.854""","=""""","=""7.03e+06""",B,"=""317779.5""","=""339855.5""","=""2s2.4d""","=""2D""","=""5/2""","=""2s.2p.(3P*).3d""","=""2F*""","=""7/2""",6,8,,"=""T7192LS""","=""""",
N,3,"=""""","=""453.086""","=""""","=""1.12e+07""",B,"=""287591.5""","=""309656.2""","=""2s.2p.(3P*).3s""","=""4P*""","=""3/2""","=""2s.2p.(3P*).3p""","=""4D""","=""1/2""",4,2,,"=""T7192LS""","=""""",
N,3,"=""""","=""453.458""","=""""","=""2.01e+07""",B,"=""287706.9""","=""309753.5""","=""2s.2p.(3P*).3s""","=""4P*""","=""5/2""","=""2s.2p.(3P*).3p""","=""4D""","=""5/2""",6,6,,"=""T7192LS""","=""""",
N,3,"=""""","=""453.505""","=""""","=""5.48e+07""",B,"=""314217.3""","=""336261.6""","=""2s.2p.(3P*).3p""","=""4S""","=""3/2""","=""2s.2p.(3P*).3d""","=""4P*""","=""3/2""",4,4,,"=""T7192LS""","=""""",
N,3,"=""""","=""453.970""","=""""","=""5.71e+07""",B,"=""311690.3""","=""333712.0""","=""2s2.4p""","=""2P*""","=""1/2""","=""2s2.5s""","=""2S""","=""1/2""",2,2,,"=""T7192LS""","=""""",
N,3,"=""""","=""454.482""","=""""","=""6.49e+06""",B,"=""317747.7""","=""339744.6""","=""2s2.4d""","=""2D""","=""3/2""","=""2s.2p.(3P*).3d""","=""2F*""","=""5/2""",4,6,,"=""T7192LS""","=""""",
N,3,"=""""","=""454.484""","=""""","=""1.14e+08""",B,"=""311715.2""","=""333712.0""","=""2s2.4p""","=""2P*""","=""3/2""","=""2s2.5s""","=""2S""","=""1/2""",4,2,,"=""T7192LS""","=""""",
N,3,"=""""","=""454.633""","=""""","=""5.42e+07""",B,"=""314217.3""","=""336206.9""","=""2s.2p.(3P*).3p""","=""4S""","=""3/2""","=""2s.2p.(3P*).3d""","=""4P*""","=""5/2""",4,6,,"=""T7192LS""","=""""",
N,3,"=""""","=""454.730""","=""""","=""3.33e+06""",B,"=""287706.9""","=""309691.8""","=""2s.2p.(3P*).3s""","=""4P*""","=""5/2""","=""2s.2p.(3P*).3p""","=""4D""","=""3/2""",6,4,,"=""T7192LS""","=""""",
N,3,"=""""","=""455.140""","=""""","=""4.62e+05""",B,"=""317779.5""","=""339744.6""","=""2s2.4d""","=""2D""","=""5/2""","=""2s.2p.(3P*).3d""","=""2F*""","=""5/2""",6,6,,"=""T7192LS""","=""""",
N,2,"=""""","=""456.4760""","=""""","=""1.65e+06""",B+,"=""164610.76""","=""186511.58""","=""2s2.2p.3p""","=""1P""","=""1""","=""2s2.2p.3d""","=""3F*""","=""2""",3,5,,"=""T7333""","=""""",
N,3,"=""""","=""457.988""","=""""","=""1.01e+06""",B,"=""374746.4""","=""396574.9""","=""2s.2p.(3P*).4p""","=""2P""","=""1/2""","=""2s.2p.(1P*).3d""","=""2D*""","=""3/2""",2,4,,"=""T7192LS""","=""""",
N,3,"=""""","=""458.918""","=""""","=""6.41e+06""",B,"=""320978.2""","=""342762.5""","=""2s.2p.(3P*).3p""","=""2D""","=""3/2""","=""2s.2p.(3P*).3d""","=""2P*""","=""1/2""",4,2,,"=""T7192LS""","=""""",
N,3,"=""""","=""459.008""","=""""","=""1.21e+06""",B,"=""374804.8""","=""396584.8""","=""2s.2p.(3P*).4p""","=""2P""","=""3/2""","=""2s.2p.(1P*).3d""","=""2D*""","=""5/2""",4,6,,"=""T7192LS""","=""""",
N,3,"=""""","=""459.198""","=""""","=""2.74e+07""",C+,"=""320978.2""","=""342749.2""","=""2s.2p.(3P*).3p""","=""2D""","=""3/2""","=""2s2.5f""","=""2F*""","=""5/2""",4,6,,"=""T7192LS""","=""""",
N,3,"=""""","=""459.217""","=""""","=""2.01e+05""",B,"=""374804.8""","=""396574.9""","=""2s.2p.(3P*).4p""","=""2P""","=""3/2""","=""2s.2p.(1P*).3d""","=""2D*""","=""3/2""",4,4,,"=""T7192LS""","=""""",
N,2,"=""460.148""","=""460.1478""","=""550""","=""2.22e+07""",B+,"=""148940.17""","=""170666.23""","=""2s2.2p.3s""","=""3P*""","=""1""","=""2s2.2p.3p""","=""3P""","=""2""",3,5,,"=""T7333""","=""L3513""",
N,3,"=""""","=""460.418""","=""""","=""6.35e+05""",B,"=""320978.2""","=""342691.5""","=""2s.2p.(3P*).3p""","=""2D""","=""3/2""","=""2s.2p.(3P*).3d""","=""2P*""","=""3/2""",4,4,,"=""T7192LS""","=""""",
N,3,"=""""","=""460.516""","=""""","=""2.69e+07""",B,"=""379344.8""","=""401053.5""","=""2s.2p.(3P*).4p""","=""4P""","=""3/2""","=""2s.2p.(3P*).5s""","=""4P*""","=""5/2""",4,6,,"=""T7192LS""","=""""",
N,2,"=""460.716""","=""460.7153""","=""450""","=""3.15e+07""",B+,"=""148908.59""","=""170607.89""","=""2s2.2p.3s""","=""3P*""","=""0""","=""2s2.2p.3p""","=""3P""","=""1""",1,3,,"=""T7333""","=""L3513""",
N,3,"=""""","=""461.055""","=""""","=""2.90e+07""",C+,"=""321066.8""","=""342750.1""","=""2s.2p.(3P*).3p""","=""2D""","=""5/2""","=""2s2.5f""","=""2F*""","=""7/2""",6,8,,"=""T7192LS""","=""""",
N,3,"=""""","=""461.074""","=""""","=""1.93e+06""",C+,"=""321066.8""","=""342749.2""","=""2s.2p.(3P*).3p""","=""2D""","=""5/2""","=""2s2.5f""","=""2F*""","=""5/2""",6,6,,"=""T7192LS""","=""""",
N,2,"=""461.387""","=""461.3868""","=""360""","=""2.12e+07""",B+,"=""148940.17""","=""170607.89""","=""2s2.2p.3s""","=""3P*""","=""1""","=""2s2.2p.3p""","=""3P""","=""1""",3,3,,"=""T7333""","=""L3513""",
N,3,"=""""","=""461.517""","=""""","=""3.39e+05""",C+,"=""320287.2""","=""341948.8""","=""2s2.4f""","=""2F*""","=""5/2""","=""2s2.5d""","=""2D""","=""5/2""",6,6,,"=""T7192LS""","=""""",
N,3,"=""""","=""461.541""","=""""","=""6.78e+06""",C+,"=""320288.3""","=""341948.8""","=""2s2.4f""","=""2F*""","=""7/2""","=""2s2.5d""","=""2D""","=""5/2""",8,6,,"=""T7192LS""","=""""",
N,3,"=""""","=""461.541""","=""""","=""7.12e+06""",C+,"=""320287.2""","=""341947.7""","=""2s2.4f""","=""2F*""","=""5/2""","=""2s2.5d""","=""2D""","=""3/2""",6,4,,"=""T7192LS""","=""""",
N,3,"=""""","=""461.639""","=""""","=""6.22e+07""",B,"=""379397.6""","=""401053.5""","=""2s.2p.(3P*).4p""","=""4P""","=""5/2""","=""2s.2p.(3P*).5s""","=""4P*""","=""5/2""",6,6,,"=""T7192LS""","=""""",
N,3,"=""""","=""462.104""","=""""","=""3.69e+07""",B,"=""379300.1""","=""400934.2""","=""2s.2p.(3P*).4p""","=""4P""","=""1/2""","=""2s.2p.(3P*).5s""","=""4P*""","=""3/2""",2,4,,"=""T7192LS""","=""""",
N,2,"=""462.139""","=""462.1393""","=""450""","=""9.04e+07""",B+,"=""148940.17""","=""170572.61""","=""2s2.2p.3s""","=""3P*""","=""1""","=""2s2.2p.3p""","=""3P""","=""0""",3,1,,"=""T7333""","=""L3513""",
N,3,"=""""","=""462.305""","=""""","=""5.64e+06""",B,"=""321066.8""","=""342691.5""","=""2s.2p.(3P*).3p""","=""2D""","=""5/2""","=""2s.2p.(3P*).3d""","=""2P*""","=""3/2""",6,4,,"=""T7192LS""","=""""",
N,2,"=""463.054""","=""463.0539""","=""870""","=""7.48e+07""",B+,"=""149076.52""","=""170666.23""","=""2s2.2p.3s""","=""3P*""","=""2""","=""2s2.2p.3p""","=""3P""","=""2""",5,5,,"=""T7333""","=""L3513""",
N,3,"=""""","=""463.061""","=""""","=""1.17e+07""",B,"=""379344.8""","=""400934.2""","=""2s.2p.(3P*).4p""","=""4P""","=""3/2""","=""2s.2p.(3P*).5s""","=""4P*""","=""3/2""",4,4,,"=""T7192LS""","=""""",
N,3,"=""463.414""","=""463.413""","=""90""","=""6.36e+07""",B,"=""245665.4""","=""267238.4""","=""2s2.3p""","=""2P*""","=""1/2""","=""2s2.3d""","=""2D""","=""3/2""",2,4,,"=""T6335n""","=""L3513""",
N,3,"=""""","=""463.640""","=""""","=""1.46e+07""",B,"=""379300.1""","=""400862.5""","=""2s.2p.(3P*).4p""","=""4P""","=""1/2""","=""2s.2p.(3P*).5s""","=""4P*""","=""1/2""",2,2,,"=""T7192LS""","=""""",
N,3,"=""464.064""","=""464.064""","=""120""","=""7.60e+07""",B,"=""245701.3""","=""267244.0""","=""2s2.3p""","=""2P*""","=""3/2""","=""2s2.3d""","=""2D""","=""5/2""",4,6,,"=""T6335n""","=""L3513""",
N,3,"=""""","=""464.185""","=""""","=""1.26e+07""",B,"=""245701.3""","=""267238.4""","=""2s2.3p""","=""2P*""","=""3/2""","=""2s2.3d""","=""2D""","=""3/2""",4,4,,"=""T6335n""","=""""",
N,3,"=""""","=""464.196""","=""""","=""3.93e+07""",B,"=""379397.6""","=""400934.2""","=""2s.2p.(3P*).4p""","=""4P""","=""5/2""","=""2s.2p.(3P*).5s""","=""4P*""","=""3/2""",6,4,,"=""T7192LS""","=""""",
N,2,"=""464.308""","=""464.3086""","=""550""","=""4.39e+07""",B+,"=""149076.52""","=""170607.89""","=""2s2.2p.3s""","=""3P*""","=""2""","=""2s2.2p.3p""","=""3P""","=""1""",5,3,,"=""T7333""","=""L3513""",
N,3,"=""""","=""464.604""","=""""","=""7.27e+07""",B,"=""379344.8""","=""400862.5""","=""2s.2p.(3P*).4p""","=""4P""","=""3/2""","=""2s.2p.(3P*).5s""","=""4P*""","=""1/2""",4,2,,"=""T7192LS""","=""""",
N,1,"=""""","=""465.1823""","=""""","=""2.40e+05""",C+,"=""86137.350""","=""107628.283""","=""2s2.2p2.(3P).3s""","=""2P""","=""1/2""","=""2s2.2p2.(3P).4p""","=""2P*""","=""3/2""",2,4,,"=""T6340""","=""""",
N,2,"=""""","=""465.4531""","=""""","=""1.92e+06""",B,"=""149187.80""","=""170666.23""","=""2s2.2p.3s""","=""1P*""","=""1""","=""2s2.2p.3p""","=""3P""","=""2""",3,5,,"=""T7333""","=""""",
N,1,"=""""","=""466.0457""","=""""","=""6.72e+05""",C+,"=""86137.350""","=""107588.469""","=""2s2.2p2.(3P).3s""","=""2P""","=""1/2""","=""2s2.2p2.(3P).4p""","=""2P*""","=""1/2""",2,2,,"=""T6340""","=""""",
N,1,"=""""","=""466.291""","=""""","=""1.51e+06""",C+,"=""97770.180""","=""119210.0""","=""2s2.2p2.(3P).3p""","=""2P*""","=""1/2""","=""2s2.2p2.(1D).4s""","=""2D""","=""3/2""",2,4,,"=""T5714""","=""""",
N,2,"=""""","=""466.7208""","=""""","=""2.31e+06""",B,"=""149187.80""","=""170607.89""","=""2s2.2p.3s""","=""1P*""","=""1""","=""2s2.2p.3p""","=""3P""","=""1""",3,3,,"=""T7333""","=""""",
N,1,"=""""","=""466.9893""","=""""","=""7.49e+05""",C+,"=""86220.510""","=""107628.283""","=""2s2.2p2.(3P).3s""","=""2P""","=""3/2""","=""2s2.2p2.(3P).4p""","=""2P*""","=""3/2""",4,4,,"=""T6340""","=""""",
N,1,"=""""","=""467.068""","=""""","=""3.02e+05""",C+,"=""97805.840""","=""119210.0""","=""2s2.2p2.(3P).3p""","=""2P*""","=""3/2""","=""2s2.2p2.(1D).4s""","=""2D""","=""3/2""",4,4,,"=""T5714""","=""""",
N,1,"=""""","=""467.068""","=""""","=""1.80e+06""",C+,"=""97805.840""","=""119210.0""","=""2s2.2p2.(3P).3p""","=""2P*""","=""3/2""","=""2s2.2p2.(1D).4s""","=""2D""","=""5/2""",4,6,,"=""T5714""","=""""",
N,2,"=""""","=""467.4908""","=""""","=""8.54e+06""",B,"=""149187.80""","=""170572.61""","=""2s2.2p.3s""","=""1P*""","=""1""","=""2s2.2p.3p""","=""3P""","=""0""",3,1,,"=""T7333""","=""""",
N,1,"=""""","=""467.8595""","=""""","=""2.69e+05""",C+,"=""86220.510""","=""107588.469""","=""2s2.2p2.(3P).3s""","=""2P""","=""3/2""","=""2s2.2p2.(3P).4p""","=""2P*""","=""1/2""",4,2,,"=""T6340""","=""""",
N,3,"=""""","=""467.942""","=""""","=""1.28e+06""",B,"=""353440.6""","=""374804.8""","=""2s.2p.(1P*).3s""","=""2P*""","=""1/2""","=""2s.2p.(3P*).4p""","=""2P""","=""3/2""",2,4,,"=""T7192LS""","=""""",
N,3,"=""""","=""467.983""","=""""","=""6.40e+06""",B,"=""353442.5""","=""374804.8""","=""2s.2p.(1P*).3s""","=""2P*""","=""3/2""","=""2s.2p.(3P*).4p""","=""2P""","=""3/2""",4,4,,"=""T7192LS""","=""""",
N,3,"=""""","=""469.224""","=""""","=""5.08e+06""",B,"=""353440.6""","=""374746.4""","=""2s.2p.(1P*).3s""","=""2P*""","=""1/2""","=""2s.2p.(3P*).4p""","=""2P""","=""1/2""",2,2,,"=""T7192LS""","=""""",
N,3,"=""""","=""469.266""","=""""","=""2.54e+06""",B,"=""353442.5""","=""374746.4""","=""2s.2p.(1P*).3s""","=""2P*""","=""3/2""","=""2s.2p.(3P*).4p""","=""2P""","=""1/2""",4,2,,"=""T7192LS""","=""""",
N,2,"=""""","=""469.4274""","=""""","=""1.23e+07""",C+,"=""223643.30""","=""244939.89""","=""2s.2p2.(4P).3p""","=""5D*""","=""0""","=""2s.2p2.(4P).3d""","=""5D""","=""1""",1,3,,"=""T5520LS""","=""""",
N,2,"=""""","=""469.5899""","=""""","=""1.29e+07""",C+,"=""223658.55""","=""244947.77""","=""2s.2p2.(4P).3p""","=""5D*""","=""1""","=""2s.2p2.(4P).3d""","=""5D""","=""2""",3,5,,"=""T5520LS""","=""""",
N,2,"=""""","=""469.7638""","=""""","=""3.06e+06""",C+,"=""223658.55""","=""244939.89""","=""2s.2p2.(4P).3p""","=""5D*""","=""1""","=""2s.2p2.(4P).3d""","=""5D""","=""1""",3,3,,"=""T5520LS""","=""""",
N,2,"=""""","=""469.8554""","=""""","=""3.67e+07""",C+,"=""223658.55""","=""244935.74""","=""2s.2p2.(4P).3p""","=""5D*""","=""1""","=""2s.2p2.(4P).3d""","=""5D""","=""0""",3,1,,"=""T5520LS""","=""""",
N,2,"=""""","=""470.0032""","=""""","=""1.05e+07""",C+,"=""223688.45""","=""244958.95""","=""2s.2p2.(4P).3p""","=""5D*""","=""2""","=""2s.2p2.(4P).3d""","=""5D""","=""3""",5,7,,"=""T5520LS""","=""""",
N,2,"=""""","=""470.2503""","=""""","=""9.15e+06""",C+,"=""223688.45""","=""244947.77""","=""2s.2p2.(4P).3p""","=""5D*""","=""2""","=""2s.2p2.(4P).3d""","=""5D""","=""2""",5,5,,"=""T5520LS""","=""""",
N,2,"=""""","=""470.4247""","=""""","=""2.13e+07""",C+,"=""223688.45""","=""244939.89""","=""2s.2p2.(4P).3p""","=""5D*""","=""2""","=""2s.2p2.(4P).3d""","=""5D""","=""1""",5,3,,"=""T5520LS""","=""""",
N,2,"=""""","=""470.6400""","=""""","=""6.09e+06""",C+,"=""223731.59""","=""244973.31""","=""2s.2p2.(4P).3p""","=""5D*""","=""3""","=""2s.2p2.(4P).3d""","=""5D""","=""4""",7,9,,"=""T5520LS""","=""""",
N,2,"=""""","=""470.9435""","=""""","=""1.49e+05""",B,"=""168892.21""","=""190120.24""","=""2s2.2p.3p""","=""3S""","=""1""","=""2s2.2p.3d""","=""1P*""","=""1""",3,3,,"=""T7333""","=""""",
N,2,"=""""","=""470.9584""","=""""","=""1.82e+07""",C+,"=""223731.59""","=""244958.95""","=""2s.2p2.(4P).3p""","=""5D*""","=""3""","=""2s.2p2.(4P).3d""","=""5D""","=""3""",7,7,,"=""T5520LS""","=""""",
N,2,"=""""","=""471.2065""","=""""","=""1.46e+07""",C+,"=""223731.59""","=""244947.77""","=""2s.2p2.(4P).3p""","=""5D*""","=""3""","=""2s.2p2.(4P).3d""","=""5D""","=""2""",7,5,,"=""T5520LS""","=""""",
N,2,"=""""","=""471.8377""","=""""","=""3.02e+07""",C+,"=""223785.51""","=""244973.31""","=""2s.2p2.(4P).3p""","=""5D*""","=""4""","=""2s.2p2.(4P).3d""","=""5D""","=""4""",9,9,,"=""T5520LS""","=""""",
N,2,"=""""","=""472.1577""","=""""","=""7.75e+06""",C+,"=""223785.51""","=""244958.95""","=""2s.2p2.(4P).3p""","=""5D*""","=""4""","=""2s.2p2.(4P).3d""","=""5D""","=""3""",9,7,,"=""T5520LS""","=""""",
N,2,"=""""","=""477.4244""","=""""","=""3.07e+06""",B,"=""166521.69""","=""187461.56""","=""2s2.2p.3p""","=""3D""","=""1""","=""2s2.2p.3d""","=""3D*""","=""2""",3,5,,"=""T7333""","=""""",
N,2,"=""""","=""477.6224""","=""""","=""1.03e+07""",B,"=""202170.63""","=""223101.82""","=""2s2.2p.4p""","=""1P""","=""1""","=""2s2.2p.6s""","=""1P*""","=""1""",3,3,,"=""T5520""","=""""",
N,2,"=""""","=""477.9722""","=""""","=""2.49e+07""",B,"=""166521.69""","=""187437.56""","=""2s2.2p.3p""","=""3D""","=""1""","=""2s2.2p.3d""","=""3D*""","=""1""",3,3,,"=""T7333""","=""""",
N,2,"=""""","=""478.1190""","=""""","=""1.92e+06""",B,"=""166582.45""","=""187491.90""","=""2s2.2p.3p""","=""3D""","=""2""","=""2s2.2p.3d""","=""3D*""","=""3""",5,7,,"=""T7333""","=""""",
N,2,"=""478.813""","=""478.8138""","=""285""","=""2.50e+07""",B,"=""166582.45""","=""187461.56""","=""2s2.2p.3p""","=""3D""","=""2""","=""2s2.2p.3d""","=""3D*""","=""2""",5,5,,"=""T7333""","=""L3513""",
N,2,"=""""","=""479.3648""","=""""","=""7.73e+06""",B,"=""166582.45""","=""187437.56""","=""2s2.2p.3p""","=""3D""","=""2""","=""2s2.2p.3d""","=""3D*""","=""1""",5,3,,"=""T7333""","=""""",
N,2,"=""480.329""","=""480.3287""","=""450""","=""3.17e+07""",B,"=""166678.64""","=""187491.90""","=""2s2.2p.3p""","=""3D""","=""3""","=""2s2.2p.3d""","=""3D*""","=""3""",7,7,,"=""T7333""","=""L3513""",
N,2,"=""""","=""481.0299""","=""""","=""4.75e+06""",B,"=""166678.64""","=""187461.56""","=""2s2.2p.3p""","=""3D""","=""3""","=""2s2.2p.3d""","=""3D*""","=""2""",7,5,,"=""T7333""","=""""",
N,2,"=""""","=""481.2082""","=""""","=""1.16e+05""",C,"=""223643.30""","=""244418.52""","=""2s.2p2.(4P).3p""","=""5D*""","=""0""","=""2s.2p2.(4P).3d""","=""5P""","=""1""",1,3,,"=""T5520LS""","=""""",
N,2,"=""""","=""481.5617""","=""""","=""2.61e+05""",C+,"=""223658.55""","=""244418.52""","=""2s.2p2.(4P).3p""","=""5D*""","=""1""","=""2s.2p2.(4P).3d""","=""5P""","=""1""",3,3,,"=""T5520LS""","=""""",
N,2,"=""""","=""482.1804""","=""""","=""5.20e+04""",C,"=""223658.55""","=""244391.88""","=""2s.2p2.(4P).3p""","=""5D*""","=""1""","=""2s.2p2.(4P).3d""","=""5P""","=""2""",3,5,,"=""T5520LS""","=""""",
N,2,"=""""","=""482.2563""","=""""","=""2.02e+05""",C+,"=""223688.45""","=""244418.52""","=""2s.2p2.(4P).3p""","=""5D*""","=""2""","=""2s.2p2.(4P).3d""","=""5P""","=""1""",5,3,,"=""T5520LS""","=""""",
N,2,"=""""","=""482.8768""","=""""","=""2.01e+05""",C+,"=""223688.45""","=""244391.88""","=""2s.2p2.(4P).3p""","=""5D*""","=""2""","=""2s.2p2.(4P).3d""","=""5P""","=""2""",5,5,,"=""T5520LS""","=""""",
N,2,"=""""","=""483.7781""","=""""","=""1.63e+04""",C,"=""223688.45""","=""244353.31""","=""2s.2p2.(4P).3p""","=""5D*""","=""2""","=""2s.2p2.(4P).3d""","=""5P""","=""3""",5,7,,"=""T5520LS""","=""""",
N,2,"=""""","=""483.8851""","=""""","=""3.20e+05""",C+,"=""223731.59""","=""244391.88""","=""2s.2p2.(4P).3p""","=""5D*""","=""3""","=""2s.2p2.(4P).3d""","=""5P""","=""2""",7,5,,"=""T5520LS""","=""""",
N,2,"=""""","=""484.7902""","=""""","=""1.14e+05""",C+,"=""223731.59""","=""244353.31""","=""2s.2p2.(4P).3p""","=""5D*""","=""3""","=""2s.2p2.(4P).3d""","=""5P""","=""3""",7,7,,"=""T5520LS""","=""""",
N,3,"=""""","=""485.384""","=""""","=""2.00e+06""",B,"=""297151.2""","=""317747.7""","=""2s.2p.(3P*).3s""","=""2P*""","=""1/2""","=""2s2.4d""","=""2D""","=""3/2""",2,4,,"=""T7192LS""","=""""",
N,3,"=""485.882""","=""485.870""","=""90""","=""4.35e+07""",B,"=""309656.2""","=""330232.1""","=""2s.2p.(3P*).3p""","=""4D""","=""1/2""","=""2s.2p.(3P*).3d""","=""4F*""","=""3/2""",2,4,,"=""T7192LS""","=""L3513""",
N,3,"=""""","=""485.898""","=""""","=""4.66e+07""",B,"=""309691.8""","=""330266.5""","=""2s.2p.(3P*).3p""","=""4D""","=""3/2""","=""2s.2p.(3P*).3d""","=""4F*""","=""5/2""",4,6,,"=""T7192LS""","=""""",
N,2,"=""""","=""486.0167""","=""""","=""1.87e+06""",B+,"=""166521.69""","=""187091.37""","=""2s2.2p.3p""","=""3D""","=""1""","=""2s2.2p.3d""","=""1D*""","=""2""",3,5,,"=""T7333""","=""""",
N,2,"=""""","=""486.0611""","=""""","=""4.35e+05""",C+,"=""223785.51""","=""244353.31""","=""2s.2p2.(4P).3p""","=""5D*""","=""4""","=""2s.2p2.(4P).3d""","=""5P""","=""3""",9,7,,"=""T5520LS""","=""""",
N,3,"=""""","=""486.127""","=""""","=""5.32e+07""",B,"=""309753.5""","=""330318.5""","=""2s.2p.(3P*).3p""","=""4D""","=""5/2""","=""2s.2p.(3P*).3d""","=""4F*""","=""7/2""",6,8,,"=""T7192LS""","=""""",
N,3,"=""""","=""486.712""","=""""","=""1.73e+07""",B,"=""309691.8""","=""330232.1""","=""2s.2p.(3P*).3p""","=""4D""","=""3/2""","=""2s.2p.(3P*).3d""","=""4F*""","=""3/2""",4,4,,"=""T7192LS""","=""""",
N,3,"=""486.715""","=""486.717""","=""150""","=""6.18e+07""",B,"=""309849.8""","=""330389.9""","=""2s.2p.(3P*).3p""","=""4D""","=""7/2""","=""2s.2p.(3P*).3d""","=""4F*""","=""9/2""",8,10,,"=""T7192LS""","=""L3513""",
N,3,"=""""","=""487.310""","=""""","=""2.38e+06""",B,"=""297264.4""","=""317779.5""","=""2s.2p.(3P*).3s""","=""2P*""","=""3/2""","=""2s2.4d""","=""2D""","=""5/2""",4,6,,"=""T7192LS""","=""""",
N,3,"=""""","=""487.360""","=""""","=""1.50e+07""",B,"=""309753.5""","=""330266.5""","=""2s.2p.(3P*).3p""","=""4D""","=""5/2""","=""2s.2p.(3P*).3d""","=""4F*""","=""5/2""",6,6,,"=""T7192LS""","=""""",
N,2,"=""""","=""487.457""","=""""","=""2.17e+03""",B+,"=""166582.45""","=""187091.37""","=""2s2.2p.3p""","=""3D""","=""2""","=""2s2.2p.3d""","=""1D*""","=""2""",5,5,,"=""T7333""","=""""",
N,3,"=""""","=""488.066""","=""""","=""3.94e+05""",B,"=""297264.4""","=""317747.7""","=""2s.2p.(3P*).3s""","=""2P*""","=""3/2""","=""2s2.4d""","=""2D""","=""3/2""",4,4,,"=""T7192LS""","=""""",
N,3,"=""""","=""488.178""","=""""","=""1.22e+06""",B,"=""309753.5""","=""330232.1""","=""2s.2p.(3P*).3p""","=""4D""","=""5/2""","=""2s.2p.(3P*).3d""","=""4F*""","=""3/2""",6,4,,"=""T7192LS""","=""""",
N,3,"=""""","=""488.414""","=""""","=""8.71e+06""",B,"=""309849.8""","=""330318.5""","=""2s.2p.(3P*).3p""","=""4D""","=""7/2""","=""2s.2p.(3P*).3d""","=""4F*""","=""7/2""",8,8,,"=""T7192LS""","=""""",
N,2,"=""489.511""","=""489.5117""","=""285""","=""3.04e+06""",D,"=""144187.94""","=""164610.76""","=""2s.2p3""","=""1D*""","=""2""","=""2s2.2p.3p""","=""1P""","=""1""",5,3,,"=""T7333""","=""L3513""",
N,3,"=""""","=""489.658""","=""""","=""5.86e+05""",B,"=""309849.8""","=""330266.5""","=""2s.2p.(3P*).3p""","=""4D""","=""7/2""","=""2s.2p.(3P*).3d""","=""4F*""","=""5/2""",8,6,,"=""T7192LS""","=""""",
N,3,"=""""","=""489.714""","=""""","=""4.29e+06""",B,"=""317747.7""","=""338162.1""","=""2s2.4d""","=""2D""","=""3/2""","=""2s2.5p""","=""2P*""","=""3/2""",4,4,,"=""T7192LS""","=""""",
N,2,"=""""","=""489.754""","=""""","=""5.61e+02""",D,"=""166678.64""","=""187091.37""","=""2s2.2p.3p""","=""3D""","=""3""","=""2s2.2p.3d""","=""1D*""","=""2""",7,5,,"=""T7333""","=""""",
N,3,"=""""","=""489.910""","=""""","=""4.29e+07""",B,"=""317747.7""","=""338153.9""","=""2s2.4d""","=""2D""","=""3/2""","=""2s2.5p""","=""2P*""","=""1/2""",4,2,,"=""T7192LS""","=""""",
N,3,"=""""","=""490.478""","=""""","=""3.85e+07""",B,"=""317779.5""","=""338162.1""","=""2s2.4d""","=""2D""","=""5/2""","=""2s2.5p""","=""2P*""","=""3/2""",6,4,,"=""T7192LS""","=""""",
N,1,"=""491.494""","=""491.4940""","=""160""","=""8.08e+05""",B,"=""86137.350""","=""106477.800""","=""2s2.2p2.(3P).3s""","=""2P""","=""1/2""","=""2s2.2p2.(3P).4p""","=""2S*""","=""1/2""",2,2,,"=""T5475n""","=""L3513""",
N,1,"=""493.512""","=""493.5117""","=""210""","=""1.76e+06""",B,"=""86220.510""","=""106477.800""","=""2s2.2p2.(3P).3s""","=""2P""","=""3/2""","=""2s2.2p2.(3P).4p""","=""2S*""","=""1/2""",4,2,,"=""T5475n""","=""L3513""",
N,2,"=""498.737""","=""498.7376""","=""285""","=""6.98e+07""",B+,"=""168892.21""","=""188937.24""","=""2s2.2p.3p""","=""3S""","=""1""","=""2s2.2p.3d""","=""3P*""","=""0""",3,1,,"=""T7333""","=""L3513""",
N,2,"=""""","=""499.1243""","=""""","=""3.54e+07""",C+,"=""205597.97""","=""225627.47""","=""2s.2p2.(4P).3s""","=""5P""","=""1""","=""2s.2p2.(4P).3p""","=""5P*""","=""2""",3,5,,"=""T5520LS""","=""""",
N,2,"=""499.436""","=""499.4360""","=""450""","=""2.62e+07""",C+,"=""205654.22""","=""225671.22""","=""2s.2p2.(4P).3s""","=""5P""","=""2""","=""2s.2p2.(4P).3p""","=""5P*""","=""3""",5,7,,"=""T5520LS""","=""L3513""",
N,2,"=""""","=""499.4370""","=""""","=""7.11e+07""",B+,"=""168892.21""","=""188909.17""","=""2s2.2p.3p""","=""3S""","=""1""","=""2s2.2p.3d""","=""3P*""","=""1""",3,3,,"=""T7333""","=""""",
N,2,"=""""","=""499.7224""","=""""","=""1.96e+07""",C+,"=""205597.97""","=""225603.50""","=""2s.2p2.(4P).3s""","=""5P""","=""1""","=""2s.2p2.(4P).3p""","=""5P*""","=""1""",3,3,,"=""T5520LS""","=""""",
N,2,"=""""","=""500.1134""","=""""","=""9.65e+07""",A,"=""166521.69""","=""186511.58""","=""2s2.2p.3p""","=""3D""","=""1""","=""2s2.2p.3d""","=""3F*""","=""2""",3,5,,"=""T7333""","=""""",
N,2,"=""500.148""","=""500.1474""","=""650""","=""1.04e+08""",A,"=""166582.45""","=""186570.98""","=""2s2.2p.3p""","=""3D""","=""2""","=""2s2.2p.3d""","=""3F*""","=""3""",5,7,,"=""T7333""","=""L3513""",
N,2,"=""500.270""","=""500.2703""","=""360""","=""8.33e+06""",B,"=""148908.59""","=""168892.21""","=""2s2.2p.3s""","=""3P*""","=""0""","=""2s2.2p.3p""","=""3S""","=""1""",1,3,,"=""T7333""","=""L3513""",
N,2,"=""500.515""","=""500.5150""","=""870""","=""1.14e+08""",A,"=""166678.64""","=""186652.49""","=""2s2.2p.3p""","=""3D""","=""3""","=""2s2.2p.3d""","=""3F*""","=""4""",7,9,,"=""T7333""","=""L3513""",
N,2,"=""""","=""500.5300""","=""""","=""6.51e+06""",C+,"=""205654.22""","=""225627.47""","=""2s.2p2.(4P).3s""","=""5P""","=""2""","=""2s.2p2.(4P).3p""","=""5P*""","=""2""",5,5,,"=""T5520LS""","=""""",
N,2,"=""500.732""","=""500.7328""","=""550""","=""7.43e+07""",B+,"=""168892.21""","=""188857.37""","=""2s2.2p.3p""","=""3S""","=""1""","=""2s2.2p.3d""","=""3P*""","=""2""",3,5,,"=""T7333""","=""L3513""",
N,2,"=""501.062""","=""501.0621""","=""450""","=""2.10e+07""",B,"=""148940.17""","=""168892.21""","=""2s2.2p.3s""","=""3P*""","=""1""","=""2s2.2p.3p""","=""3S""","=""1""",3,3,,"=""T7333""","=""L3513""",
N,2,"=""""","=""501.1314""","=""""","=""5.84e+07""",C+,"=""205654.22""","=""225603.50""","=""2s.2p2.(4P).3s""","=""5P""","=""2""","=""2s.2p2.(4P).3p""","=""5P*""","=""1""",5,3,,"=""T5520LS""","=""""",
N,2,"=""""","=""501.2036""","=""""","=""5.19e+07""",C+,"=""205724.81""","=""225671.22""","=""2s.2p2.(4P).3s""","=""5P""","=""3""","=""2s.2p2.(4P).3p""","=""5P*""","=""3""",7,7,,"=""T5520LS""","=""""",
N,2,"=""501.639""","=""501.6381""","=""360""","=""1.59e+07""",A,"=""166582.45""","=""186511.58""","=""2s2.2p.3p""","=""3D""","=""2""","=""2s2.2p.3d""","=""3F*""","=""2""",5,5,,"=""T7333""","=""L3513""",
N,2,"=""""","=""502.2074""","=""""","=""1.09e+06""",C+,"=""203162.48""","=""223069.02""","=""2s2.2p.4p""","=""3P""","=""0""","=""2s.2p2.(4P).3p""","=""3S*""","=""1""",1,3,,"=""T5520LS""","=""""",
N,2,"=""""","=""502.3053""","=""""","=""3.61e+07""",C+,"=""205724.81""","=""225627.47""","=""2s.2p2.(4P).3s""","=""5P""","=""3""","=""2s.2p2.(4P).3p""","=""5P*""","=""2""",7,5,,"=""T5520LS""","=""""",
N,2,"=""502.566""","=""502.5659""","=""360""","=""1.04e+07""",A,"=""166678.64""","=""186570.98""","=""2s2.2p.3p""","=""3D""","=""3""","=""2s2.2p.3d""","=""3F*""","=""3""",7,7,,"=""T7333""","=""L3513""",
N,2,"=""""","=""502.8781""","=""""","=""3.27e+06""",C+,"=""203189.03""","=""223069.02""","=""2s2.2p.4p""","=""3P""","=""1""","=""2s.2p2.(4P).3p""","=""3S*""","=""1""",3,3,,"=""T5520LS""","=""""",
N,3,"=""""","=""503.096""","=""""","=""1.91e+06""",C+,"=""368514.4""","=""388385.8""","=""2s.2p.(3P*).4s""","=""4P*""","=""1/2""","=""2s.2p.(3P*).4f""","=""4D""","=""1/2""",2,2,,"=""T7192LS""","=""""",
N,3,"=""""","=""503.831""","=""""","=""9.49e+05""",C+,"=""368514.4""","=""388356.8""","=""2s.2p.(3P*).4s""","=""4P*""","=""1/2""","=""2s.2p.(3P*).4f""","=""4D""","=""3/2""",2,4,,"=""T7192LS""","=""""",
N,2,"=""""","=""504.0711""","=""""","=""3.65e+05""",A,"=""166678.64""","=""186511.58""","=""2s2.2p.3p""","=""3D""","=""3""","=""2s2.2p.3d""","=""3F*""","=""2""",7,5,,"=""T7333""","=""""",
N,2,"=""504.510""","=""504.5099""","=""550""","=""3.37e+07""",B,"=""149076.52""","=""168892.21""","=""2s2.2p.3s""","=""3P*""","=""2""","=""2s2.2p.3p""","=""3S""","=""1""",5,3,,"=""T7333""","=""L3513""",
N,2,"=""""","=""504.6538""","=""""","=""5.39e+06""",C+,"=""203258.98""","=""223069.02""","=""2s2.2p.4p""","=""3P""","=""2""","=""2s.2p2.(4P).3p""","=""3S*""","=""1""",5,3,,"=""T5520LS""","=""""",
N,3,"=""""","=""504.719""","=""""","=""3.78e+05""",C+,"=""368578.3""","=""388385.8""","=""2s.2p.(3P*).4s""","=""4P*""","=""3/2""","=""2s.2p.(3P*).4f""","=""4D""","=""1/2""",4,2,,"=""T7192LS""","=""""",
N,3,"=""""","=""505.459""","=""""","=""1.20e+06""",C+,"=""368578.3""","=""388356.8""","=""2s.2p.(3P*).4s""","=""4P*""","=""3/2""","=""2s.2p.(3P*).4f""","=""4D""","=""3/2""",4,4,,"=""T7192LS""","=""""",
N,3,"=""""","=""506.675""","=""""","=""1.57e+06""",C+,"=""368578.3""","=""388309.3""","=""2s.2p.(3P*).4s""","=""4P*""","=""3/2""","=""2s.2p.(3P*).4f""","=""4D""","=""5/2""",4,6,,"=""T7192LS""","=""""",
N,2,"=""""","=""507.3592""","=""""","=""2.43e+06""",B,"=""149187.80""","=""168892.21""","=""2s2.2p.3s""","=""1P*""","=""1""","=""2s2.2p.3p""","=""3S""","=""1""",3,3,,"=""T7333""","=""""",
N,3,"=""""","=""508.492""","=""""","=""1.11e+05""",C,"=""368696.3""","=""388356.8""","=""2s.2p.(3P*).4s""","=""4P*""","=""5/2""","=""2s.2p.(3P*).4f""","=""4D""","=""3/2""",6,4,,"=""T7192LS""","=""""",
N,3,"=""""","=""509.724""","=""""","=""6.60e+05""",C+,"=""368696.3""","=""388309.3""","=""2s.2p.(3P*).4s""","=""4P*""","=""5/2""","=""2s.2p.(3P*).4f""","=""4D""","=""5/2""",6,6,,"=""T7192LS""","=""""",
N,2,"=""""","=""510.4445""","=""""","=""1.01e+07""",C,"=""178273.38""","=""197858.69""","=""2s2.2p.3p""","=""1S""","=""0""","=""2s2.2p.4s""","=""1P*""","=""1""",1,3,,"=""T5520,T6385""","=""""",
N,3,"=""""","=""510.674""","=""""","=""2.19e+06""",C+,"=""368696.3""","=""388272.8""","=""2s.2p.(3P*).4s""","=""4P*""","=""5/2""","=""2s.2p.(3P*).4f""","=""4D""","=""7/2""",6,8,,"=""T7192LS""","=""""",
N,2,"=""""","=""511.4285""","=""""","=""3.88e+04""",B,"=""170572.61""","=""190120.24""","=""2s2.2p.3p""","=""3P""","=""0""","=""2s2.2p.3d""","=""1P*""","=""1""",1,3,,"=""T7333""","=""""",
N,2,"=""""","=""512.353""","=""""","=""5.69e+03""",B,"=""170607.89""","=""190120.24""","=""2s2.2p.3p""","=""3P""","=""1""","=""2s2.2p.3d""","=""1P*""","=""1""",3,3,,"=""T7333""","=""""",
N,2,"=""""","=""513.890""","=""""","=""3.34e+03""",C,"=""170666.23""","=""190120.24""","=""2s2.2p.3p""","=""3P""","=""2""","=""2s2.2p.3d""","=""1P*""","=""1""",5,3,,"=""T7333""","=""""",
N,3,"=""""","=""515.999""","=""""","=""4.32e+04""",B,"=""342691.5""","=""362066""","=""2s.2p.(3P*).3d""","=""2P*""","=""3/2""","=""2s2.7d""","=""2D""","=""5/2""",4,6,,"=""T7192LS""","=""""",
N,3,"=""""","=""515.999""","=""""","=""7.20e+03""",C,"=""342691.5""","=""362066""","=""2s.2p.(3P*).3d""","=""2P*""","=""3/2""","=""2s2.7d""","=""2D""","=""3/2""",4,4,,"=""T7192LS""","=""""",
N,2,"=""""","=""516.8050""","=""""","=""3.06e+07""",C+,"=""225603.50""","=""244947.77""","=""2s.2p2.(4P).3p""","=""5P*""","=""1""","=""2s.2p2.(4P).3d""","=""5D""","=""2""",3,5,,"=""T5520LS""","=""""",
N,2,"=""""","=""517.0156""","=""""","=""6.54e+07""",C+,"=""225603.50""","=""244939.89""","=""2s.2p2.(4P).3p""","=""5P*""","=""1""","=""2s.2p2.(4P).3d""","=""5D""","=""1""",3,3,,"=""T5520LS""","=""""",
N,2,"=""""","=""517.1266""","=""""","=""8.71e+07""",C+,"=""225603.50""","=""244935.74""","=""2s.2p2.(4P).3p""","=""5P*""","=""1""","=""2s.2p2.(4P).3d""","=""5D""","=""0""",3,1,,"=""T5520LS""","=""""",
N,2,"=""""","=""517.1469""","=""""","=""5.81e+07""",C+,"=""225627.47""","=""244958.95""","=""2s.2p2.(4P).3p""","=""5P*""","=""2""","=""2s.2p2.(4P).3d""","=""5D""","=""3""",5,7,,"=""T5520LS""","=""""",
N,2,"=""""","=""517.2344""","=""""","=""6.01e+07""",C+,"=""223658.55""","=""242986.76""","=""2s.2p2.(4P).3p""","=""5D*""","=""1""","=""2s.2p2.(4P).3d""","=""5F""","=""2""",3,5,,"=""T5520LS""","=""""",
N,2,"=""""","=""517.2973""","=""""","=""5.01e+07""",C+,"=""223643.30""","=""242969.16""","=""2s.2p2.(4P).3p""","=""5D*""","=""0""","=""2s.2p2.(4P).3d""","=""5F""","=""1""",1,3,,"=""T5520LS""","=""""",
N,2,"=""""","=""517.3385""","=""""","=""7.36e+07""",C+,"=""223688.45""","=""243012.77""","=""2s.2p2.(4P).3p""","=""5D*""","=""2""","=""2s.2p2.(4P).3d""","=""5F""","=""3""",5,7,,"=""T5520LS""","=""""",
N,2,"=""""","=""517.4462""","=""""","=""5.07e+07""",C+,"=""225627.47""","=""244947.77""","=""2s.2p2.(4P).3p""","=""5P*""","=""2""","=""2s.2p2.(4P).3d""","=""5D""","=""2""",5,5,,"=""T5520LS""","=""""",
N,2,"=""""","=""517.5890""","=""""","=""8.93e+07""",C+,"=""223731.59""","=""243046.56""","=""2s.2p2.(4P).3p""","=""5D*""","=""3""","=""2s.2p2.(4P).3d""","=""5F""","=""4""",7,9,,"=""T5520LS""","=""""",
N,2,"=""""","=""517.6573""","=""""","=""2.17e+07""",C+,"=""225627.47""","=""244939.89""","=""2s.2p2.(4P).3p""","=""5P*""","=""2""","=""2s.2p2.(4P).3d""","=""5D""","=""1""",5,3,,"=""T5520LS""","=""""",
N,2,"=""""","=""517.7058""","=""""","=""5.00e+07""",C+,"=""223658.55""","=""242969.16""","=""2s.2p2.(4P).3p""","=""5D*""","=""1""","=""2s.2p2.(4P).3d""","=""5F""","=""1""",3,3,,"=""T5520LS""","=""""",
N,3,"=""""","=""517.897""","=""""","=""3.56e+04""",C+,"=""342762.5""","=""362066""","=""2s.2p.(3P*).3d""","=""2P*""","=""1/2""","=""2s2.7d""","=""2D""","=""3/2""",2,4,,"=""T7192LS""","=""""",
N,2,"=""""","=""517.9344""","=""""","=""8.67e+07""",C+,"=""225671.22""","=""244973.31""","=""2s.2p2.(4P).3p""","=""5P*""","=""3""","=""2s.2p2.(4P).3d""","=""5D""","=""4""",7,9,,"=""T5520LS""","=""""",
N,2,"=""""","=""517.9521""","=""""","=""1.07e+08""",C+,"=""223785.51""","=""243086.94""","=""2s.2p2.(4P).3p""","=""5D*""","=""4""","=""2s.2p2.(4P).3d""","=""5F""","=""5""",9,11,,"=""T5520LS""","=""""",
N,2,"=""""","=""518.0358""","=""""","=""4.28e+07""",C+,"=""223688.45""","=""242986.76""","=""2s.2p2.(4P).3p""","=""5D*""","=""2""","=""2s.2p2.(4P).3d""","=""5F""","=""2""",5,5,,"=""T5520LS""","=""""",
N,2,"=""""","=""518.3200""","=""""","=""2.88e+07""",C+,"=""225671.22""","=""244958.95""","=""2s.2p2.(4P).3p""","=""5P*""","=""3""","=""2s.2p2.(4P).3d""","=""5D""","=""3""",7,7,,"=""T5520LS""","=""""",
N,2,"=""""","=""518.4961""","=""""","=""3.20e+07""",C+,"=""223731.59""","=""243012.77""","=""2s.2p2.(4P).3p""","=""5D*""","=""3""","=""2s.2p2.(4P).3d""","=""5F""","=""3""",7,7,,"=""T5520LS""","=""""",
N,2,"=""""","=""518.5087""","=""""","=""7.11e+06""",C+,"=""223688.45""","=""242969.16""","=""2s.2p2.(4P).3p""","=""5D*""","=""2""","=""2s.2p2.(4P).3d""","=""5F""","=""1""",5,3,,"=""T5520LS""","=""""",
N,2,"=""""","=""518.6206""","=""""","=""5.76e+06""",C+,"=""225671.22""","=""244947.77""","=""2s.2p2.(4P).3p""","=""5P*""","=""3""","=""2s.2p2.(4P).3d""","=""5D""","=""2""",7,5,,"=""T5520LS""","=""""",
N,2,"=""""","=""519.0380""","=""""","=""1.77e+07""",C+,"=""223785.51""","=""243046.56""","=""2s.2p2.(4P).3p""","=""5D*""","=""4""","=""2s.2p2.(4P).3d""","=""5F""","=""4""",9,9,,"=""T5520LS""","=""""",
N,2,"=""""","=""519.1965""","=""""","=""4.25e+06""",C+,"=""223731.59""","=""242986.76""","=""2s.2p2.(4P).3p""","=""5D*""","=""3""","=""2s.2p2.(4P).3d""","=""5F""","=""2""",7,5,,"=""T5520LS""","=""""",
N,1,"=""""","=""519.7902""","=""""","=""1.60e-05""",B,"=""0.000""","=""19233.177""","=""2s2.2p3""","=""4S*""","=""3/2""","=""2s2.2p3""","=""2D*""","=""3/2""",4,4,M1,"=""T7370""","=""""",
N,1,"=""""","=""519.7902""","=""""","=""4.34e-06""",B,"=""0.000""","=""19233.177""","=""2s2.2p3""","=""4S*""","=""3/2""","=""2s2.2p3""","=""2D*""","=""3/2""",4,4,E2,"=""T7370""","=""""",
N,2,"=""""","=""519.9501""","=""""","=""1.51e+06""",C+,"=""223785.51""","=""243012.77""","=""2s.2p2.(4P).3p""","=""5D*""","=""4""","=""2s.2p2.(4P).3d""","=""5F""","=""3""",9,7,,"=""T5520LS""","=""""",
N,1,"=""""","=""519.9837""","=""""","=""1.87e+06""",D+,"=""93581.550""","=""112807.567""","=""2s2.2p2.(3P).3p""","=""2S*""","=""1/2""","=""2s2.2p2.(3P).5d""","=""2P""","=""1/2""",2,2,,"=""u18,LS""","=""""",
N,1,"=""""","=""520.0257""","=""""","=""9.71e-07""",B,"=""0.000""","=""19224.464""","=""2s2.2p3""","=""4S*""","=""3/2""","=""2s2.2p3""","=""2D*""","=""5/2""",4,6,M1,"=""T7370""","=""""",
N,1,"=""""","=""520.0257""","=""""","=""6.59e-06""",B,"=""0.000""","=""19224.464""","=""2s2.2p3""","=""4S*""","=""3/2""","=""2s2.2p3""","=""2D*""","=""5/2""",4,6,E2,"=""T7370""","=""""",
N,1,"=""""","=""520.1606""","=""""","=""1.87e+06""",D+,"=""93581.550""","=""112801.031""","=""2s2.2p2.(3P).3p""","=""2S*""","=""1/2""","=""2s2.2p2.(3P).5d""","=""2P""","=""3/2""",2,4,,"=""u18,LS""","=""""",
N,2,"=""""","=""523.818""","=""""","=""3.16e+03""",B,"=""155126.73""","=""174212.03""","=""2s.2p3""","=""3S*""","=""1""","=""2s2.2p.3p""","=""1D""","=""2""",3,5,,"=""T7333""","=""""",
N,2,"=""""","=""524.0857""","=""""","=""6.20e+05""",B,"=""202170.63""","=""221246.17""","=""2s2.2p.4p""","=""1P""","=""1""","=""2s2.2p.5d""","=""1P*""","=""1""",3,3,,"=""T5520""","=""""",
N,3,"=""""","=""526.086""","=""""","=""2.80e+06""",B,"=""317293.6""","=""336296.6""","=""2s.2p.(3P*).3p""","=""4P""","=""1/2""","=""2s.2p.(3P*).3d""","=""4P*""","=""1/2""",2,2,,"=""T7192LS""","=""""",
N,3,"=""""","=""526.252""","=""""","=""3.38e+07""",B,"=""377577.9""","=""396574.9""","=""2s.2p.(1P*).3p""","=""2P""","=""1/2""","=""2s.2p.(1P*).3d""","=""2D*""","=""3/2""",2,4,,"=""T7192LS""","=""""",
N,3,"=""""","=""526.904""","=""""","=""4.04e+07""",B,"=""377611.3""","=""396584.8""","=""2s.2p.(1P*).3p""","=""2P""","=""3/2""","=""2s.2p.(1P*).3d""","=""2D*""","=""5/2""",4,6,,"=""T7192LS""","=""""",
N,3,"=""""","=""527.057""","=""""","=""6.95e+06""",B,"=""317293.6""","=""336261.6""","=""2s.2p.(3P*).3p""","=""4P""","=""1/2""","=""2s.2p.(3P*).3d""","=""4P*""","=""3/2""",2,4,,"=""T7192LS""","=""""",
N,3,"=""""","=""527.179""","=""""","=""6.72e+06""",B,"=""377611.3""","=""396574.9""","=""2s.2p.(1P*).3p""","=""2P""","=""3/2""","=""2s.2p.(1P*).3d""","=""2D*""","=""3/2""",4,4,,"=""T7192LS""","=""""",
N,3,"=""""","=""527.268""","=""""","=""1.39e+07""",B,"=""317336.2""","=""336296.6""","=""2s.2p.(3P*).3p""","=""4P""","=""3/2""","=""2s.2p.(3P*).3d""","=""4P*""","=""1/2""",4,2,,"=""T7192LS""","=""""",
N,1,"=""528.120""","=""528.1204""","=""185""","=""2.45e+05""",C,"=""88107.260""","=""107037.069""","=""2s.2p4""","=""4P""","=""5/2""","=""2s2.2p2.(3P).4p""","=""4P*""","=""5/2""",6,6,,"=""T5475""","=""L3513""",
N,3,"=""""","=""528.243""","=""""","=""2.21e+06""",B,"=""317336.2""","=""336261.6""","=""2s.2p.(3P*).3p""","=""4P""","=""3/2""","=""2s.2p.(3P*).3d""","=""4P*""","=""3/2""",4,4,,"=""T7192LS""","=""""",
N,3,"=""""","=""529.775""","=""""","=""4.93e+06""",B,"=""317336.2""","=""336206.9""","=""2s.2p.(3P*).3p""","=""4P""","=""3/2""","=""2s.2p.(3P*).3d""","=""4P*""","=""5/2""",4,6,,"=""T7192LS""","=""""",
N,3,"=""""","=""529.895""","=""""","=""7.38e+06""",B,"=""317395.2""","=""336261.6""","=""2s.2p.(3P*).3p""","=""4P""","=""5/2""","=""2s.2p.(3P*).3d""","=""4P*""","=""3/2""",6,4,,"=""T7192LS""","=""""",
N,2,"=""""","=""530.6774""","=""""","=""2.20e+04""",D,"=""186511.58""","=""205350.18""","=""2s2.2p.3d""","=""3F*""","=""2""","=""2s2.2p.4p""","=""1D""","=""2""",5,5,,"=""T6385""","=""""",
N,1,"=""""","=""531.039""","=""""","=""9.40e+04""",D+,"=""96750.840""","=""115576.6""","=""2s2.2p2.(3P).3p""","=""4S*""","=""3/2""","=""2s2.2p2.(3P).9s""","=""4P""","=""5/2""",4,6,,"=""T5723LS""","=""""",
N,2,"=""""","=""531.3424""","=""""","=""1.41e+07""",C+,"=""225603.50""","=""244418.52""","=""2s.2p2.(4P).3p""","=""5P*""","=""1""","=""2s.2p2.(4P).3d""","=""5P""","=""1""",3,3,,"=""T5520LS""","=""""",
N,3,"=""531.435""","=""531.436""","=""90""","=""1.14e+07""",B,"=""317395.2""","=""336206.9""","=""2s.2p.(3P*).3p""","=""4P""","=""5/2""","=""2s.2p.(3P*).3d""","=""4P*""","=""5/2""",6,6,,"=""T7192LS""","=""L3513""",
N,2,"=""""","=""532.0202""","=""""","=""4.20e+07""",C+,"=""225627.47""","=""244418.52""","=""2s.2p2.(4P).3p""","=""5P*""","=""2""","=""2s.2p2.(4P).3d""","=""5P""","=""1""",5,3,,"=""T5520LS""","=""""",
N,3,"=""532.082""","=""532.087""","=""200""","=""5.68e+07""",B,"=""321066.8""","=""339855.5""","=""2s.2p.(3P*).3p""","=""2D""","=""5/2""","=""2s.2p.(3P*).3d""","=""2F*""","=""7/2""",6,8,,"=""T7192LS""","=""L3513""",
N,2,"=""""","=""532.0958""","=""""","=""2.52e+07""",C+,"=""225603.50""","=""244391.88""","=""2s.2p2.(4P).3p""","=""5P*""","=""1""","=""2s.2p2.(4P).3d""","=""5P""","=""2""",3,5,,"=""T5520LS""","=""""",
N,3,"=""532.718""","=""532.719""","=""150""","=""5.29e+07""",B,"=""320978.2""","=""339744.6""","=""2s.2p.(3P*).3p""","=""2D""","=""3/2""","=""2s.2p.(3P*).3d""","=""2F*""","=""5/2""",4,6,,"=""T7192LS""","=""L3513""",
N,2,"=""""","=""532.7756""","=""""","=""4.65e+06""",C+,"=""225627.47""","=""244391.88""","=""2s.2p2.(4P).3p""","=""5P*""","=""2""","=""2s.2p2.(4P).3d""","=""5P""","=""2""",5,5,,"=""T5520LS""","=""""",
N,1,"=""""","=""532.8617""","=""""","=""2.05e+05""",D+,"=""88107.260""","=""106868.635""","=""2s.2p4""","=""4P""","=""5/2""","=""2s2.2p2.(3P).4p""","=""4D*""","=""7/2""",6,8,,"=""u18,LS""","=""""",
N,1,"=""""","=""533.337""","=""""","=""9.28e+04""",D+,"=""96750.840""","=""115495.5""","=""2s2.2p2.(3P).3p""","=""4S*""","=""3/2""","=""2s2.2p2.(3P).9s""","=""4P""","=""3/2""",4,4,,"=""T5723LS""","=""""",
N,2,"=""""","=""533.8729""","=""""","=""1.85e+07""",C+,"=""225627.47""","=""244353.31""","=""2s.2p2.(4P).3p""","=""5P*""","=""2""","=""2s.2p2.(4P).3d""","=""5P""","=""3""",5,7,,"=""T5520LS""","=""""",
N,2,"=""""","=""534.0207""","=""""","=""2.59e+07""",C+,"=""225671.22""","=""244391.88""","=""2s.2p2.(4P).3p""","=""5P*""","=""3""","=""2s.2p2.(4P).3d""","=""5P""","=""2""",7,5,,"=""T5520LS""","=""""",
N,1,"=""""","=""534.4049""","=""""","=""6.10e+04""",D+,"=""88107.260""","=""106814.459""","=""2s.2p4""","=""4P""","=""5/2""","=""2s2.2p2.(3P).4p""","=""4D*""","=""5/2""",6,6,,"=""u18,LS""","=""""",
N,1,"=""""","=""534.649""","=""""","=""9.21e+04""",D+,"=""96750.840""","=""115449.5""","=""2s2.2p2.(3P).3p""","=""4S*""","=""3/2""","=""2s2.2p2.(3P).9s""","=""4P""","=""1/2""",4,2,,"=""T5723LS""","=""""",
N,2,"=""""","=""535.1232""","=""""","=""3.67e+07""",C+,"=""225671.22""","=""244353.31""","=""2s.2p2.(4P).3p""","=""5P*""","=""3""","=""2s.2p2.(4P).3d""","=""5P""","=""3""",7,7,,"=""T5520LS""","=""""",
N,3,"=""""","=""535.246""","=""""","=""3.72e+06""",B,"=""321066.8""","=""339744.6""","=""2s.2p.(3P*).3p""","=""2D""","=""5/2""","=""2s.2p.(3P*).3d""","=""2F*""","=""5/2""",6,6,,"=""T7192LS""","=""""",
N,1,"=""""","=""535.4388""","=""""","=""1.01e+04""",D,"=""88107.260""","=""106778.337""","=""2s.2p4""","=""4P""","=""5/2""","=""2s2.2p2.(3P).4p""","=""4D*""","=""3/2""",6,4,,"=""u18,LS""","=""""",
N,2,"=""""","=""535.500""","=""""","=""7.02e+03""",B+,"=""170666.23""","=""189335.16""","=""2s2.2p.3p""","=""3P""","=""2""","=""2s2.2p.3d""","=""1F*""","=""3""",5,7,,"=""T7333""","=""""",
N,1,"=""""","=""535.6623""","=""""","=""1.41e+05""",D+,"=""88151.170""","=""106814.459""","=""2s.2p4""","=""4P""","=""3/2""","=""2s2.2p2.(3P).4p""","=""4D*""","=""5/2""",4,6,,"=""u18,LS""","=""""",
N,1,"=""""","=""536.7010""","=""""","=""1.07e+05""",D+,"=""88151.170""","=""106778.337""","=""2s.2p4""","=""4P""","=""3/2""","=""2s2.2p2.(3P).4p""","=""4D*""","=""3/2""",4,4,,"=""u18,LS""","=""""",
N,1,"=""""","=""537.2606""","=""""","=""8.34e+04""",D+,"=""88170.570""","=""106778.337""","=""2s.2p4""","=""4P""","=""1/2""","=""2s2.2p2.(3P).4p""","=""4D*""","=""3/2""",2,4,,"=""u18,LS""","=""""",
N,1,"=""""","=""537.2665""","=""""","=""3.33e+04""",D,"=""88151.170""","=""106758.731""","=""2s.2p4""","=""4P""","=""3/2""","=""2s2.2p2.(3P).4p""","=""4D*""","=""1/2""",4,2,,"=""u18,LS""","=""""",
N,1,"=""""","=""537.8273""","=""""","=""1.66e+05""",D+,"=""88170.570""","=""106758.731""","=""2s.2p4""","=""4P""","=""1/2""","=""2s2.2p2.(3P).4p""","=""4D*""","=""1/2""",2,2,,"=""u18,LS""","=""""",
N,2,"=""""","=""538.3721""","=""""","=""3.69e+05""",B+,"=""168892.21""","=""187461.56""","=""2s2.2p.3p""","=""3S""","=""1""","=""2s2.2p.3d""","=""3D*""","=""2""",3,5,,"=""T7333""","=""""",
N,2,"=""""","=""539.0688""","=""""","=""2.04e+05""",B+,"=""168892.21""","=""187437.56""","=""2s2.2p.3p""","=""3S""","=""1""","=""2s2.2p.3d""","=""3D*""","=""1""",3,3,,"=""T7333""","=""""",
N,2,"=""""","=""545.2070""","=""""","=""9.82e+06""",B+,"=""170572.61""","=""188909.17""","=""2s2.2p.3p""","=""3P""","=""0""","=""2s2.2p.3d""","=""3P*""","=""1""",1,3,,"=""T7333""","=""""",
N,2,"=""""","=""545.4215""","=""""","=""3.70e+07""",B+,"=""170607.89""","=""188937.24""","=""2s2.2p.3p""","=""3P""","=""1""","=""2s2.2p.3d""","=""3P*""","=""0""",3,1,,"=""T7333""","=""""",
N,2,"=""""","=""545.7389""","=""""","=""1.83e+04""",D,"=""178273.38""","=""196592.07""","=""2s2.2p.3p""","=""1S""","=""0""","=""2s2.2p.4s""","=""3P*""","=""1""",1,3,,"=""T6385""","=""""",
N,2,"=""""","=""546.2581""","=""""","=""1.11e+07""",B+,"=""170607.89""","=""188909.17""","=""2s2.2p.3p""","=""3P""","=""1""","=""2s2.2p.3d""","=""3P*""","=""1""",3,3,,"=""T7333""","=""""",
N,1,"=""""","=""547.180""","=""""","=""1.39e+05""",D+,"=""96750.840""","=""115021.3""","=""2s2.2p2.(3P).3p""","=""4S*""","=""3/2""","=""2s2.2p2.(3P).8s""","=""4P""","=""5/2""",4,6,,"=""T5723LS""","=""""",
N,2,"=""""","=""547.5287""","=""""","=""4.66e+06""",B,"=""187091.37""","=""205350.18""","=""2s2.2p.3d""","=""1D*""","=""2""","=""2s2.2p.4p""","=""1D""","=""2""",5,5,,"=""T5520,T6385""","=""""",
N,2,"=""""","=""547.8086""","=""""","=""5.22e+06""",B+,"=""170607.89""","=""188857.37""","=""2s2.2p.3p""","=""3P""","=""1""","=""2s2.2p.3d""","=""3P*""","=""2""",3,5,,"=""T7333""","=""""",
N,2,"=""""","=""548.0050""","=""""","=""1.44e+07""",B+,"=""170666.23""","=""188909.17""","=""2s2.2p.3p""","=""3P""","=""2""","=""2s2.2p.3d""","=""3P*""","=""1""",5,3,,"=""T7333""","=""""",
N,3,"=""""","=""548.897""","=""""","=""1.03e+00""",D,"=""203088.9""","=""221302.2""","=""2p3""","=""2D*""","=""3/2""","=""2s2.3s""","=""2S""","=""1/2""",4,2,,"=""T6335""","=""""",
N,2,"=""""","=""549.3233""","=""""","=""3.11e+04""",B,"=""168892.21""","=""187091.37""","=""2s2.2p.3p""","=""3S""","=""1""","=""2s2.2p.3d""","=""1D*""","=""2""",3,5,,"=""T7333""","=""""",
N,2,"=""549.567""","=""549.5655""","=""450""","=""2.66e+07""",B+,"=""170666.23""","=""188857.37""","=""2s2.2p.3p""","=""3P""","=""2""","=""2s2.2p.3d""","=""3P*""","=""2""",5,5,,"=""T7333""","=""L3513""",
N,1,"=""""","=""549.652""","=""""","=""1.37e+05""",D+,"=""96750.840""","=""114939.1""","=""2s2.2p2.(3P).3p""","=""4S*""","=""3/2""","=""2s2.2p2.(3P).8s""","=""4P""","=""3/2""",4,4,,"=""T5723LS""","=""""",
N,1,"=""""","=""551.019""","=""""","=""1.36e+05""",D+,"=""96750.840""","=""114894.0""","=""2s2.2p2.(3P).3p""","=""4S*""","=""3/2""","=""2s2.2p2.(3P).8s""","=""4P""","=""1/2""",4,2,,"=""T5723LS""","=""""",
N,1,"=""""","=""551.1696""","=""""","=""1.29e+05""",C,"=""94770.880""","=""112909.076""","=""2s2.2p2.(3P).3p""","=""4D*""","=""1/2""","=""2s2.2p2.(3P).5d""","=""4D""","=""3/2""",2,4,,"=""u18,LS""","=""""",
N,1,"=""""","=""551.309""","=""""","=""2.57e+05""",C,"=""94770.880""","=""112904.5""","=""2s2.2p2.(3P).3p""","=""4D*""","=""1/2""","=""2s2.2p2.(3P).5d""","=""4D""","=""1/2""",2,2,,"=""u18,LS""","=""""",
N,1,"=""""","=""551.8102""","=""""","=""1.20e+05""",C,"=""94793.490""","=""112910.630""","=""2s2.2p2.(3P).3p""","=""4D*""","=""3/2""","=""2s2.2p2.(3P).5d""","=""4D""","=""5/2""",4,6,,"=""u18,LS""","=""""",
N,1,"=""""","=""551.8576""","=""""","=""2.05e+05""",C,"=""94793.490""","=""112909.076""","=""2s2.2p2.(3P).3p""","=""4D*""","=""3/2""","=""2s2.2p2.(3P).5d""","=""4D""","=""3/2""",4,4,,"=""u18,LS""","=""""",
N,1,"=""""","=""551.997""","=""""","=""2.56e+05""",C,"=""94793.490""","=""112904.5""","=""2s2.2p2.(3P).3p""","=""4D*""","=""3/2""","=""2s2.2p2.(3P).5d""","=""4D""","=""1/2""",4,2,,"=""u18,LS""","=""""",
N,2,"=""""","=""552.6234""","=""""","=""2.13e+07""",C+,"=""205597.97""","=""223688.45""","=""2s.2p2.(4P).3s""","=""5P""","=""1""","=""2s.2p2.(4P).3p""","=""5D*""","=""2""",3,5,,"=""T5520LS""","=""""",
N,1,"=""""","=""552.9380""","=""""","=""7.26e+04""",C,"=""94830.890""","=""112911.079""","=""2s2.2p2.(3P).3p""","=""4D*""","=""5/2""","=""2s2.2p2.(3P).5d""","=""4D""","=""7/2""",6,8,,"=""u18,LS""","=""""",
N,1,"=""""","=""552.9517""","=""""","=""2.92e+05""",C,"=""94830.890""","=""112910.630""","=""2s2.2p2.(3P).3p""","=""4D*""","=""5/2""","=""2s2.2p2.(3P).5d""","=""4D""","=""5/2""",6,6,,"=""u18,LS""","=""""",
N,1,"=""""","=""552.9992""","=""""","=""1.78e+05""",C,"=""94830.890""","=""112909.076""","=""2s2.2p2.(3P).3p""","=""4D*""","=""5/2""","=""2s2.2p2.(3P).5d""","=""4D""","=""3/2""",6,4,,"=""u18,LS""","=""""",
N,2,"=""""","=""553.0242""","=""""","=""4.04e+07""",C+,"=""205654.22""","=""223731.59""","=""2s.2p2.(4P).3s""","=""5P""","=""2""","=""2s.2p2.(4P).3p""","=""5D*""","=""3""",5,7,,"=""T5520LS""","=""""",
N,2,"=""553.536""","=""553.5347""","=""285""","=""6.04e+07""",C+,"=""205724.81""","=""223785.51""","=""2s.2p2.(4P).3s""","=""5P""","=""3""","=""2s.2p2.(4P).3p""","=""5D*""","=""4""",7,9,,"=""T5520LS""","=""L3513""",
N,2,"=""""","=""553.5383""","=""""","=""4.53e+07""",C+,"=""205597.97""","=""223658.55""","=""2s.2p2.(4P).3s""","=""5P""","=""1""","=""2s.2p2.(4P).3p""","=""5D*""","=""1""",3,3,,"=""T5520LS""","=""""",
N,2,"=""""","=""554.0061""","=""""","=""6.03e+07""",C+,"=""205597.97""","=""223643.30""","=""2s.2p2.(4P).3s""","=""5P""","=""1""","=""2s.2p2.(4P).3p""","=""5D*""","=""0""",3,1,,"=""T5520LS""","=""""",
N,2,"=""""","=""554.3471""","=""""","=""3.51e+07""",C+,"=""205654.22""","=""223688.45""","=""2s.2p2.(4P).3s""","=""5P""","=""2""","=""2s.2p2.(4P).3p""","=""5D*""","=""2""",5,5,,"=""T5520LS""","=""""",
N,1,"=""""","=""554.5000""","=""""","=""4.33e+05""",C,"=""94881.820""","=""112911.079""","=""2s2.2p2.(3P).3p""","=""4D*""","=""7/2""","=""2s2.2p2.(3P).5d""","=""4D""","=""7/2""",8,8,,"=""u18,LS""","=""""",
N,1,"=""""","=""554.5138""","=""""","=""9.59e+04""",C,"=""94881.820""","=""112910.630""","=""2s2.2p2.(3P).3p""","=""4D*""","=""7/2""","=""2s2.2p2.(3P).5d""","=""4D""","=""5/2""",8,6,,"=""u18,LS""","=""""",
N,2,"=""""","=""555.1922""","=""""","=""2.00e+07""",C+,"=""205724.81""","=""223731.59""","=""2s.2p2.(4P).3s""","=""5P""","=""3""","=""2s.2p2.(4P).3p""","=""5D*""","=""3""",7,7,,"=""T5520LS""","=""""",
N,2,"=""""","=""555.2677""","=""""","=""1.50e+07""",C+,"=""205654.22""","=""223658.55""","=""2s.2p2.(4P).3s""","=""5P""","=""2""","=""2s.2p2.(4P).3p""","=""5D*""","=""1""",5,3,,"=""T5520LS""","=""""",
N,1,"=""""","=""555.7383""","=""""","=""9.94e+05""",C,"=""94770.880""","=""112759.966""","=""2s2.2p2.(3P).3p""","=""4D*""","=""1/2""","=""2s2.2p2.(3P).5d""","=""4F""","=""3/2""",2,4,,"=""u18,LS""","=""""",
N,1,"=""""","=""556.0337""","=""""","=""1.42e+06""",C,"=""94881.820""","=""112861.348""","=""2s2.2p2.(3P).3p""","=""4D*""","=""7/2""","=""2s2.2p2.(3P).5d""","=""4F""","=""9/2""",8,10,,"=""u18,LS""","=""""",
N,1,"=""""","=""556.4265""","=""""","=""1.06e+06""",C,"=""94793.490""","=""112760.325""","=""2s2.2p2.(3P).3p""","=""4D*""","=""3/2""","=""2s2.2p2.(3P).5d""","=""4F""","=""5/2""",4,6,,"=""u18,LS""","=""""",
N,1,"=""""","=""556.4265""","=""""","=""1.21e+06""",C,"=""94830.890""","=""112797.725""","=""2s2.2p2.(3P).3p""","=""4D*""","=""5/2""","=""2s2.2p2.(3P).5d""","=""4F""","=""7/2""",6,8,,"=""u18,LS""","=""""",
N,1,"=""""","=""556.4377""","=""""","=""3.96e+05""",C,"=""94793.490""","=""112759.966""","=""2s2.2p2.(3P).3p""","=""4D*""","=""3/2""","=""2s2.2p2.(3P).5d""","=""4F""","=""3/2""",4,4,,"=""u18,LS""","=""""",
N,2,"=""""","=""556.5255""","=""""","=""3.97e+06""",C+,"=""205724.81""","=""223688.45""","=""2s.2p2.(4P).3s""","=""5P""","=""3""","=""2s.2p2.(4P).3p""","=""5D*""","=""2""",7,5,,"=""T5520LS""","=""""",
N,1,"=""""","=""557.5872""","=""""","=""3.42e+05""",C,"=""94830.890""","=""112760.325""","=""2s2.2p2.(3P).3p""","=""4D*""","=""5/2""","=""2s2.2p2.(3P).5d""","=""4F""","=""5/2""",6,6,,"=""u18,LS""","=""""",
N,1,"=""""","=""557.5984""","=""""","=""2.81e+04""",D+,"=""94830.890""","=""112759.966""","=""2s2.2p2.(3P).3p""","=""4D*""","=""5/2""","=""2s2.2p2.(3P).5d""","=""4F""","=""3/2""",6,4,,"=""u18,LS""","=""""",
N,1,"=""""","=""558.0083""","=""""","=""2.00e+05""",C,"=""94881.820""","=""112797.725""","=""2s2.2p2.(3P).3p""","=""4D*""","=""7/2""","=""2s2.2p2.(3P).5d""","=""4F""","=""7/2""",8,8,,"=""u18,LS""","=""""",
N,2,"=""""","=""558.8594""","=""""","=""2.90e+04""",D,"=""187461.56""","=""205350.18""","=""2s2.2p.3d""","=""3D*""","=""2""","=""2s2.2p.4p""","=""1D""","=""2""",5,5,,"=""T6385""","=""""",
N,1,"=""""","=""559.1756""","=""""","=""1.35e+04""",D+,"=""94881.820""","=""112760.325""","=""2s2.2p2.(3P).3p""","=""4D*""","=""7/2""","=""2s2.2p2.(3P).5d""","=""4F""","=""5/2""",8,6,,"=""u18,LS""","=""""",
N,2,"=""""","=""563.172""","=""""","=""1.18e+07""",B,"=""205350.18""","=""223101.82""","=""2s2.2p.4p""","=""1D""","=""2""","=""2s2.2p.6s""","=""1P*""","=""1""",5,3,,"=""T5520""","=""""",
N,2,"=""566.663""","=""566.663""","=""650""","=""3.45e+07""",A,"=""148940.17""","=""166582.45""","=""2s2.2p.3s""","=""3P*""","=""1""","=""2s2.2p.3p""","=""3D""","=""2""",3,5,,"=""T7333""","=""L3513""",
N,2,"=""""","=""567.400""","=""""","=""4.82e+01""",B,"=""168892.21""","=""186511.58""","=""2s2.2p.3p""","=""3S""","=""1""","=""2s2.2p.3d""","=""3F*""","=""2""",3,5,,"=""T7333""","=""""",
N,2,"=""567.602""","=""567.602""","=""550""","=""2.80e+07""",A,"=""148908.59""","=""166521.69""","=""2s2.2p.3s""","=""3P*""","=""0""","=""2s2.2p.3p""","=""3D""","=""1""",1,3,,"=""T7333""","=""L3513""",
N,2,"=""567.956""","=""567.956""","=""870""","=""4.96e+07""",A,"=""149076.52""","=""166678.64""","=""2s2.2p.3s""","=""3P*""","=""2""","=""2s2.2p.3p""","=""3D""","=""3""",5,7,,"=""T7333""","=""L3513""",
N,2,"=""568.621""","=""568.621""","=""450""","=""1.78e+07""",A,"=""148940.17""","=""166521.69""","=""2s2.2p.3s""","=""3P*""","=""1""","=""2s2.2p.3p""","=""3D""","=""1""",3,3,,"=""T7333""","=""L3513""",
N,2,"=""571.077""","=""571.077""","=""450""","=""1.17e+07""",A,"=""149076.52""","=""166582.45""","=""2s2.2p.3s""","=""3P*""","=""2""","=""2s2.2p.3p""","=""3D""","=""2""",5,5,,"=""T7333""","=""L3513""",
N,1,"=""""","=""571.314""","=""""","=""8.94e+04""",D+,"=""96750.840""","=""114249.5""","=""2s2.2p2.(3P).3p""","=""4S*""","=""3/2""","=""2s2.2p2.(3P).6d""","=""4P""","=""1/2""",4,2,,"=""T5723LS""","=""""",
N,1,"=""""","=""572.935""","=""""","=""8.87e+04""",D+,"=""96750.840""","=""114200.0""","=""2s2.2p2.(3P).3p""","=""4S*""","=""3/2""","=""2s2.2p2.(3P).6d""","=""4P""","=""3/2""",4,4,,"=""T5723LS""","=""""",
N,2,"=""""","=""573.066""","=""""","=""1.26e+06""",A,"=""149076.52""","=""166521.69""","=""2s2.2p.3s""","=""3P*""","=""2""","=""2s2.2p.3p""","=""3D""","=""1""",5,3,,"=""T7333""","=""""",
N,1,"=""""","=""573.211""","=""""","=""8.85e+04""",D+,"=""96750.840""","=""114191.6""","=""2s2.2p2.(3P).3p""","=""4S*""","=""3/2""","=""2s2.2p2.(3P).6d""","=""4P""","=""5/2""",4,6,,"=""T5723LS""","=""""",
N,1,"=""""","=""573.4405""","=""""","=""4.47e+05""",C,"=""95475.310""","=""112909.076""","=""2s2.2p2.(3P).3p""","=""4P*""","=""1/2""","=""2s2.2p2.(3P).5d""","=""4D""","=""3/2""",2,4,,"=""u18,LS""","=""""",
N,1,"=""""","=""573.591""","=""""","=""8.94e+05""",C,"=""95475.310""","=""112904.5""","=""2s2.2p2.(3P).3p""","=""4P*""","=""1/2""","=""2s2.2p2.(3P).5d""","=""4D""","=""1/2""",2,2,,"=""u18,LS""","=""""",
N,1,"=""""","=""573.9945""","=""""","=""7.49e+05""",C,"=""95493.690""","=""112910.630""","=""2s2.2p2.(3P).3p""","=""4P*""","=""3/2""","=""2s2.2p2.(3P).5d""","=""4D""","=""5/2""",4,6,,"=""u18,LS""","=""""",
N,1,"=""""","=""574.0457""","=""""","=""5.71e+05""",C,"=""95493.690""","=""112909.076""","=""2s2.2p2.(3P).3p""","=""4P*""","=""3/2""","=""2s2.2p2.(3P).5d""","=""4D""","=""3/2""",4,4,,"=""u18,LS""","=""""",
N,1,"=""""","=""574.197""","=""""","=""1.78e+05""",C,"=""95493.690""","=""112904.5""","=""2s2.2p2.(3P).3p""","=""4P*""","=""3/2""","=""2s2.2p2.(3P).5d""","=""4D""","=""1/2""",4,2,,"=""u18,LS""","=""""",
N,1,"=""""","=""574.6958""","=""""","=""2.21e+05""",D+,"=""96750.840""","=""114146.525""","=""2s2.2p2.(3P).3p""","=""4S*""","=""3/2""","=""2s2.2p2.(3P).7s""","=""4P""","=""5/2""",4,6,,"=""T5723LS""","=""""",
N,2,"=""574.730""","=""574.730""","=""285""","=""3.27e+06""",B+,"=""149187.80""","=""166582.45""","=""2s2.2p.3s""","=""1P*""","=""1""","=""2s2.2p.3p""","=""3D""","=""2""",3,5,,"=""T7333""","=""L3513""",
N,1,"=""575.250""","=""575.2499""","=""700""","=""1.06e+06""",C,"=""95532.150""","=""112911.079""","=""2s2.2p2.(3P).3p""","=""4P*""","=""5/2""","=""2s2.2p2.(3P).5d""","=""4D""","=""7/2""",6,8,,"=""u18,LS""","=""L3513""",
N,1,"=""""","=""575.2648""","=""""","=""3.19e+05""",C,"=""95532.150""","=""112910.630""","=""2s2.2p2.(3P).3p""","=""4P*""","=""5/2""","=""2s2.2p2.(3P).5d""","=""4D""","=""5/2""",6,6,,"=""u18,LS""","=""""",
N,1,"=""""","=""575.3162""","=""""","=""5.31e+04""",C,"=""95532.150""","=""112909.076""","=""2s2.2p2.(3P).3p""","=""4P*""","=""5/2""","=""2s2.2p2.(3P).5d""","=""4D""","=""3/2""",6,4,,"=""u18,LS""","=""""",
N,2,"=""""","=""575.459""","=""""","=""1.14e+00""",C,"=""15316.2""","=""32688.8""","=""2s2.2p2""","=""1D""","=""2""","=""2s2.2p2""","=""1S""","=""0""",5,1,E2,"=""T7333""","=""""",
N,2,"=""""","=""576.745""","=""""","=""2.39e+06""",B+,"=""149187.80""","=""166521.69""","=""2s2.2p.3s""","=""1P*""","=""1""","=""2s2.2p.3p""","=""3D""","=""1""",3,3,,"=""T7333""","=""""",
N,1,"=""""","=""577.1967""","=""""","=""2.18e+05""",D+,"=""96750.840""","=""114071.153""","=""2s2.2p2.(3P).3p""","=""4S*""","=""3/2""","=""2s2.2p2.(3P).7s""","=""4P""","=""3/2""",4,4,,"=""T5723LS""","=""""",
N,1,"=""""","=""578.6835""","=""""","=""2.16e+05""",D+,"=""96750.840""","=""114026.654""","=""2s2.2p2.(3P).3p""","=""4S*""","=""3/2""","=""2s2.2p2.(3P).7s""","=""4P""","=""1/2""",4,2,,"=""T5723LS""","=""""",
N,3,"=""""","=""581.779""","=""""","=""1.76e+06""",B,"=""320978.2""","=""338162.1""","=""2s.2p.(3P*).3p""","=""2D""","=""3/2""","=""2s2.5p""","=""2P*""","=""3/2""",4,4,,"=""T7192LS""","=""""",
N,3,"=""""","=""582.057""","=""""","=""1.76e+07""",B,"=""320978.2""","=""338153.9""","=""2s.2p.(3P*).3p""","=""2D""","=""3/2""","=""2s2.5p""","=""2P*""","=""1/2""",4,2,,"=""T7192LS""","=""""",
N,3,"=""""","=""584.794""","=""""","=""1.56e+07""",B,"=""321066.8""","=""338162.1""","=""2s.2p.(3P*).3p""","=""2D""","=""5/2""","=""2s2.5p""","=""2P*""","=""3/2""",6,4,,"=""T7192LS""","=""""",
N,2,"=""""","=""588.751""","=""""","=""2.78e-03""",C,"=""92237.2""","=""109217.6""","=""2s.2p3""","=""3D*""","=""3""","=""2s.2p3""","=""3P*""","=""2""",7,5,M1,"=""T7333""","=""""",
N,2,"=""""","=""588.751""","=""""","=""4.27e-01""",C,"=""92237.2""","=""109217.6""","=""2s.2p3""","=""3D*""","=""3""","=""2s.2p3""","=""3P*""","=""2""",7,5,E2,"=""T7333""","=""""",
N,2,"=""""","=""588.786""","=""""","=""3.55e-01""",C,"=""92237.2""","=""109216.6""","=""2s.2p3""","=""3D*""","=""3""","=""2s.2p3""","=""3P*""","=""1""",7,3,E2,"=""T7333""","=""""",
N,2,"=""""","=""589.001""","=""""","=""7.60e-01""",C,"=""92250.3""","=""109223.5""","=""2s.2p3""","=""3D*""","=""2""","=""2s.2p3""","=""3P*""","=""0""",5,1,E2,"=""T7333""","=""""",
N,2,"=""""","=""589.053""","=""""","=""3.29e-03""",C,"=""92251.8""","=""109223.5""","=""2s.2p3""","=""3D*""","=""1""","=""2s.2p3""","=""3P*""","=""0""",3,1,M1,"=""T7333""","=""""",
N,2,"=""""","=""589.206""","=""""","=""1.98e-03""",C,"=""92250.3""","=""109217.6""","=""2s.2p3""","=""3D*""","=""2""","=""2s.2p3""","=""3P*""","=""2""",5,5,M1,"=""T7333""","=""""",
N,2,"=""""","=""589.206""","=""""","=""2.66e-01""",C,"=""92250.3""","=""109217.6""","=""2s.2p3""","=""3D*""","=""2""","=""2s.2p3""","=""3P*""","=""2""",5,5,E2,"=""T7333""","=""""",
N,2,"=""""","=""589.240""","=""""","=""6.32e-02""",C,"=""92250.3""","=""109216.6""","=""2s.2p3""","=""3D*""","=""2""","=""2s.2p3""","=""3P*""","=""1""",5,3,E2,"=""T7333""","=""""",
N,2,"=""""","=""589.258""","=""""","=""5.33e-04""",C,"=""92251.8""","=""109217.6""","=""2s.2p3""","=""3D*""","=""1""","=""2s.2p3""","=""3P*""","=""2""",3,5,M1,"=""T7333""","=""""",
N,2,"=""""","=""589.258""","=""""","=""6.83e-02""",C,"=""92251.8""","=""109217.6""","=""2s.2p3""","=""3D*""","=""1""","=""2s.2p3""","=""3P*""","=""2""",3,5,E2,"=""T7333""","=""""",
N,2,"=""""","=""589.293""","=""""","=""3.29e-03""",C,"=""92251.8""","=""109216.6""","=""2s.2p3""","=""3D*""","=""1""","=""2s.2p3""","=""3P*""","=""1""",3,3,M1,"=""T7333""","=""""",
N,2,"=""""","=""589.293""","=""""","=""3.41e-01""",C,"=""92251.8""","=""109216.6""","=""2s.2p3""","=""3D*""","=""1""","=""2s.2p3""","=""3P*""","=""1""",3,3,E2,"=""T7333""","=""""",
N,2,"=""""","=""589.315""","=""""","=""2.88e+07""",C+,"=""211827.67""","=""228791.83""","=""2s.2p2.(4P).3s""","=""3P""","=""2""","=""2s.2p2.(4P).3p""","=""3D*""","=""3""",5,7,,"=""T5520LS""","=""""",
N,2,"=""""","=""589.725""","=""""","=""2.16e+07""",C+,"=""211779.45""","=""228731.81""","=""2s.2p2.(4P).3s""","=""3P""","=""1""","=""2s.2p2.(4P).3p""","=""3D*""","=""2""",3,5,,"=""T5520LS""","=""""",
N,2,"=""""","=""589.983""","=""""","=""1.60e+07""",C+,"=""211749.35""","=""228694.30""","=""2s.2p2.(4P).3s""","=""3P""","=""0""","=""2s.2p2.(4P).3p""","=""3D*""","=""1""",1,3,,"=""T5520LS""","=""""",
N,2,"=""""","=""591.033""","=""""","=""1.19e+07""",C+,"=""211779.45""","=""228694.30""","=""2s.2p2.(4P).3s""","=""3P""","=""1""","=""2s.2p2.(4P).3p""","=""3D*""","=""1""",3,3,,"=""T5520LS""","=""""",
N,2,"=""""","=""591.407""","=""""","=""7.13e+06""",C+,"=""211827.67""","=""228731.81""","=""2s.2p2.(4P).3s""","=""3P""","=""2""","=""2s.2p2.(4P).3p""","=""3D*""","=""2""",5,5,,"=""T5520LS""","=""""",
N,2,"=""""","=""592.722""","=""""","=""7.87e+05""",C+,"=""211827.67""","=""228694.30""","=""2s.2p2.(4P).3s""","=""3P""","=""2""","=""2s.2p2.(4P).3p""","=""3D*""","=""1""",5,3,,"=""T5520LS""","=""""",
N,2,"=""592.781""","=""592.781""","=""360""","=""3.19e+07""",A,"=""170572.61""","=""187437.56""","=""2s2.2p.3p""","=""3P""","=""0""","=""2s2.2p.3d""","=""3D*""","=""1""",1,3,,"=""T7333""","=""L3513""",
N,2,"=""593.178""","=""593.178""","=""550""","=""4.23e+07""",A,"=""170607.89""","=""187461.56""","=""2s2.2p.3p""","=""3P""","=""1""","=""2s2.2p.3d""","=""3D*""","=""2""",3,5,,"=""T7333""","=""L3513""",
N,2,"=""594.024""","=""594.024""","=""285""","=""2.22e+07""",A,"=""170607.89""","=""187437.56""","=""2s2.2p.3p""","=""3P""","=""1""","=""2s2.2p.3d""","=""3D*""","=""1""",3,3,,"=""T7333""","=""L3513""",
N,2,"=""594.165""","=""594.165""","=""650""","=""5.47e+07""",A,"=""170666.23""","=""187491.90""","=""2s2.2p.3p""","=""3P""","=""2""","=""2s2.2p.3d""","=""3D*""","=""3""",5,7,,"=""T7333""","=""L3513""",
N,3,"=""""","=""594.344""","=""""","=""9.53e+04""",B,"=""317747.7""","=""334568.3""","=""2s2.4d""","=""2D""","=""3/2""","=""2s.2p.(3P*).3d""","=""2D*""","=""5/2""",4,6,,"=""T7192LS""","=""""",
N,2,"=""595.239""","=""595.239""","=""285""","=""1.24e+07""",A,"=""170666.23""","=""187461.56""","=""2s2.2p.3p""","=""3P""","=""2""","=""2s2.2p.3d""","=""3D*""","=""2""",5,5,,"=""T7333""","=""L3513""",
N,3,"=""""","=""595.339""","=""""","=""1.28e+06""",B,"=""317747.7""","=""334540.2""","=""2s2.4d""","=""2D""","=""3/2""","=""2s.2p.(3P*).3d""","=""2D*""","=""3/2""",4,4,,"=""T7192LS""","=""""",
N,2,"=""""","=""595.428""","=""""","=""4.94e+07""",B,"=""190120.24""","=""206910.24""","=""2s2.2p.3d""","=""1P*""","=""1""","=""2s2.2p.4p""","=""1S""","=""0""",3,1,,"=""T5520,T6385""","=""""",
N,3,"=""""","=""595.470""","=""""","=""1.33e+06""",B,"=""317779.5""","=""334568.3""","=""2s2.4d""","=""2D""","=""5/2""","=""2s.2p.(3P*).3d""","=""2D*""","=""5/2""",6,6,,"=""T7192LS""","=""""",
N,2,"=""""","=""596.091""","=""""","=""1.29e+06""",A,"=""170666.23""","=""187437.56""","=""2s2.2p.3p""","=""3P""","=""2""","=""2s2.2p.3d""","=""3D*""","=""1""",5,3,,"=""T7333""","=""""",
N,3,"=""""","=""596.469""","=""""","=""1.41e+05""",B,"=""317779.5""","=""334540.2""","=""2s2.4d""","=""2D""","=""5/2""","=""2s.2p.(3P*).3d""","=""2D*""","=""3/2""",6,4,,"=""T7192LS""","=""""",
N,2,"=""""","=""599.067""","=""""","=""1.56e+04""",D,"=""186570.98""","=""203258.98""","=""2s2.2p.3d""","=""3F*""","=""3""","=""2s2.2p.4p""","=""3P""","=""2""",7,5,,"=""T6385""","=""""",
N,1,"=""599.943""","=""599.9431""","=""160""","=""3.64e+06""",C+,"=""93581.550""","=""110245.183""","=""2s2.2p2.(3P).3p""","=""2S*""","=""1/2""","=""2s2.2p2.(3P).4d""","=""2P""","=""1/2""",2,2,,"=""T6340""","=""L3513""",
N,1,"=""600.847""","=""600.8473""","=""210""","=""3.58e+06""",C+,"=""93581.550""","=""110220.107""","=""2s2.2p2.(3P).3p""","=""2S*""","=""1/2""","=""2s2.2p2.(3P).4d""","=""2P""","=""3/2""",2,4,,"=""T6340""","=""L3513""",
N,2,"=""""","=""606.157""","=""""","=""1.14e+04""",D,"=""188857.37""","=""205350.18""","=""2s2.2p.3d""","=""3P*""","=""2""","=""2s2.2p.4p""","=""1D""","=""2""",5,5,,"=""T6385""","=""""",
N,2,"=""""","=""606.500""","=""""","=""2.57e+05""",B,"=""170607.89""","=""187091.37""","=""2s2.2p.3p""","=""3P""","=""1""","=""2s2.2p.3d""","=""1D*""","=""2""",3,5,,"=""T7333""","=""""",
N,2,"=""""","=""608.654""","=""""","=""5.87e+03""",B,"=""170666.23""","=""187091.37""","=""2s2.2p.3p""","=""3P""","=""2""","=""2s2.2p.3d""","=""1D*""","=""2""",5,5,,"=""T7333""","=""""",
N,1,"=""""","=""610.3375""","=""""","=""2.1e-04""",D,"=""83284.070""","=""99663.912""","=""2s2.2p2.(3P).3s""","=""4P""","=""1/2""","=""2s2.2p2.(1D).3s""","=""2D""","=""3/2""",2,4,M1,"=""T7370""","=""""",
N,2,"=""""","=""611.460""","=""""","=""4.76e+04""",C+,"=""186511.58""","=""202861.36""","=""2s2.2p.3d""","=""3F*""","=""2""","=""2s2.2p.4p""","=""3D""","=""3""",5,7,,"=""T6385n""","=""""",
N,1,"=""""","=""611.5981""","=""""","=""8.1e-04""",D,"=""83317.830""","=""99663.912""","=""2s2.2p2.(3P).3s""","=""4P""","=""3/2""","=""2s2.2p2.(1D).3s""","=""2D""","=""3/2""",4,4,M1,"=""T7370""","=""""",
N,1,"=""""","=""611.6163""","=""""","=""4.4e-04""",D,"=""83317.830""","=""99663.427""","=""2s2.2p2.(3P).3s""","=""4P""","=""3/2""","=""2s2.2p2.(1D).3s""","=""2D""","=""5/2""",4,6,M1,"=""T7370""","=""""",
N,1,"=""""","=""613.3721""","=""""","=""2.2e-03""",D,"=""83364.620""","=""99663.427""","=""2s2.2p2.(3P).3s""","=""4P""","=""5/2""","=""2s2.2p2.(1D).3s""","=""2D""","=""5/2""",6,6,M1,"=""T7370""","=""""",
N,2,"=""""","=""613.689""","=""""","=""1.90e+06""",C+,"=""186570.98""","=""202861.36""","=""2s2.2p.3d""","=""3F*""","=""3""","=""2s2.2p.4p""","=""3D""","=""3""",7,7,,"=""T6385n""","=""""",
N,2,"=""""","=""615.075""","=""""","=""2.89e+06""",C+,"=""186511.58""","=""202765.26""","=""2s2.2p.3d""","=""3F*""","=""2""","=""2s2.2p.4p""","=""3D""","=""2""",5,5,,"=""T6385n""","=""""",
N,2,"=""616.776""","=""616.775""","=""285""","=""2.65e+07""",C+,"=""186652.49""","=""202861.36""","=""2s2.2p.3d""","=""3F*""","=""4""","=""2s2.2p.4p""","=""3D""","=""3""",9,7,,"=""T6385n""","=""L3513""",
N,2,"=""""","=""617.016""","=""""","=""2.85e+07""",C+,"=""186511.58""","=""202714.12""","=""2s2.2p.3d""","=""3F*""","=""2""","=""2s2.2p.4p""","=""3D""","=""1""",5,3,,"=""T6385n""","=""""",
N,2,"=""""","=""617.331""","=""""","=""2.62e+07""",C+,"=""186570.98""","=""202765.26""","=""2s2.2p.3d""","=""3F*""","=""3""","=""2s2.2p.4p""","=""3D""","=""2""",7,5,,"=""T6385n""","=""""",
N,2,"=""""","=""617.434""","=""""","=""1.40e+06""",B,"=""206910.24""","=""223101.82""","=""2s2.2p.4p""","=""1S""","=""0""","=""2s2.2p.6s""","=""1P*""","=""1""",1,3,,"=""T5520""","=""""",
N,1,"=""""","=""618.7123""","=""""","=""9.02e+03""",D+,"=""96787.680""","=""112945.809""","=""2s2.2p2.(3P).3p""","=""2D*""","=""3/2""","=""2s2.2p2.(3P).5d""","=""2D""","=""5/2""",4,6,,"=""u18,LS""","=""""",
N,1,"=""""","=""619.4313""","=""""","=""1.21e+05""",C,"=""96787.680""","=""112927.055""","=""2s2.2p2.(3P).3p""","=""2D*""","=""3/2""","=""2s2.2p2.(3P).5d""","=""2D""","=""3/2""",4,4,,"=""u18,LS""","=""""",
N,1,"=""""","=""620.198""","=""""","=""2.80e+05""",D+,"=""96750.840""","=""112870.27""","=""2s2.2p2.(3P).3p""","=""4S*""","=""3/2""","=""2s2.2p2.(3P).5d""","=""4P""","=""1/2""",4,2,,"=""T5723LS""","=""""",
N,2,"=""""","=""620.942""","=""""","=""9.84e+04""",D,"=""187437.56""","=""203537.66""","=""2s2.2p.3d""","=""3D*""","=""1""","=""2s2.2p.4p""","=""3S""","=""1""",3,3,,"=""T6385""","=""""",
N,2,"=""""","=""621.036""","=""""","=""1.66e+04""",D,"=""187091.37""","=""203189.03""","=""2s2.2p.3d""","=""1D*""","=""2""","=""2s2.2p.4p""","=""3P""","=""1""",5,3,,"=""T6385""","=""""",
N,1,"=""""","=""621.441""","=""""","=""2.78e+05""",D+,"=""96750.840""","=""112838.02""","=""2s2.2p2.(3P).3p""","=""4S*""","=""3/2""","=""2s2.2p2.(3P).5d""","=""4P""","=""3/2""",4,4,,"=""T5723LS""","=""""",
N,1,"=""""","=""621.6505""","=""""","=""1.25e+05""",C,"=""96864.050""","=""112945.809""","=""2s2.2p2.(3P).3p""","=""2D*""","=""5/2""","=""2s2.2p2.(3P).5d""","=""2D""","=""5/2""",6,6,,"=""u18,LS""","=""""",
N,2,"=""""","=""621.869""","=""""","=""2.83e+05""",D,"=""187461.56""","=""203537.66""","=""2s2.2p.3d""","=""3D*""","=""2""","=""2s2.2p.4p""","=""3S""","=""1""",5,3,,"=""T6385""","=""""",
N,1,"=""""","=""621.9654""","=""""","=""2.77e+05""",D+,"=""96750.840""","=""112824.459""","=""2s2.2p2.(3P).3p""","=""4S*""","=""3/2""","=""2s2.2p2.(3P).5d""","=""4P""","=""5/2""",4,6,,"=""T5723LS""","=""""",
N,1,"=""""","=""622.3763""","=""""","=""1.33e+04""",D+,"=""96864.050""","=""112927.055""","=""2s2.2p2.(3P).3p""","=""2D*""","=""5/2""","=""2s2.2p2.(3P).5d""","=""2D""","=""3/2""",6,4,,"=""u18,LS""","=""""",
N,1,"=""""","=""623.7672""","=""""","=""2.81e+05""",C,"=""96864.050""","=""112891.238""","=""2s2.2p2.(3P).3p""","=""2D*""","=""5/2""","=""2s2.2p2.(3P).5d""","=""2F""","=""7/2""",6,8,,"=""u18,LS""","=""""",
N,1,"=""""","=""623.8587""","=""""","=""2.62e+05""",C,"=""96787.680""","=""112812.518""","=""2s2.2p2.(3P).3p""","=""2D*""","=""3/2""","=""2s2.2p2.(3P).5d""","=""2F""","=""5/2""",4,6,,"=""u18,LS""","=""""",
N,2,"=""""","=""624.241""","=""""","=""3.03e+07""",B,"=""189335.16""","=""205350.18""","=""2s2.2p.3d""","=""1F*""","=""3""","=""2s2.2p.4p""","=""1D""","=""2""",7,5,,"=""T5520,T6385""","=""""",
N,1,"=""""","=""626.8461""","=""""","=""1.85e+04""",C,"=""96864.050""","=""112812.518""","=""2s2.2p2.(3P).3p""","=""2D*""","=""5/2""","=""2s2.2p2.(3P).5d""","=""2F""","=""5/2""",6,6,,"=""u18,LS""","=""""",
N,1,"=""""","=""627.5512""","=""""","=""3.75e+05""",D+,"=""96750.840""","=""112681.389""","=""2s2.2p2.(3P).3p""","=""4S*""","=""3/2""","=""2s2.2p2.(3P).6s""","=""4P""","=""5/2""",4,6,,"=""T5723LS""","=""""",
N,2,"=""""","=""628.432""","=""""","=""4.63e+06""",D,"=""174212.03""","=""190120.24""","=""2s2.2p.3p""","=""1D""","=""2""","=""2s2.2p.3d""","=""1P*""","=""1""",5,3,,"=""T7333""","=""""",
N,2,"=""""","=""628.569""","=""""","=""1.10e+05""",A,"=""170666.23""","=""186570.98""","=""2s2.2p.3p""","=""3P""","=""2""","=""2s2.2p.3d""","=""3F*""","=""3""",5,7,,"=""T7333""","=""""",
N,2,"=""""","=""628.611""","=""""","=""4.50e+04""",A,"=""170607.89""","=""186511.58""","=""2s2.2p.3p""","=""3P""","=""1""","=""2s2.2p.3d""","=""3F*""","=""2""",3,5,,"=""T7333""","=""""",
N,1,"=""""","=""630.3915""","=""""","=""3.70e+05""",D+,"=""96750.840""","=""112609.612""","=""2s2.2p2.(3P).3p""","=""4S*""","=""3/2""","=""2s2.2p2.(3P).6s""","=""4P""","=""3/2""",4,4,,"=""T5723LS""","=""""",
N,2,"=""""","=""630.925""","=""""","=""1.71e+04""",A,"=""170666.23""","=""186511.58""","=""2s2.2p.3p""","=""3P""","=""2""","=""2s2.2p.3d""","=""3F*""","=""2""",5,5,,"=""T7333""","=""""",
N,2,"=""""","=""631.880""","=""""","=""3.02e+05""",B,"=""187437.56""","=""203258.98""","=""2s2.2p.3d""","=""3D*""","=""1""","=""2s2.2p.4p""","=""3P""","=""2""",3,5,,"=""T6385n""","=""""",
N,1,"=""""","=""632.1511""","=""""","=""3.67e+05""",D+,"=""96750.840""","=""112565.470""","=""2s2.2p2.(3P).3p""","=""4S*""","=""3/2""","=""2s2.2p2.(3P).6s""","=""4P""","=""1/2""",4,2,,"=""T5723LS""","=""""",
N,2,"=""""","=""632.840""","=""""","=""4.28e+06""",B,"=""187461.56""","=""203258.98""","=""2s2.2p.3d""","=""3D*""","=""2""","=""2s2.2p.4p""","=""3P""","=""2""",5,5,,"=""T6385n""","=""""",
N,2,"=""""","=""633.080""","=""""","=""1.39e+06""",B,"=""205350.18""","=""221141.61""","=""2s2.2p.4p""","=""1D""","=""2""","=""2s2.2p.5d""","=""1F*""","=""3""",5,7,,"=""T5520""","=""""",
N,2,"=""""","=""634.058""","=""""","=""2.13e+07""",B,"=""187491.90""","=""203258.98""","=""2s2.2p.3d""","=""3D*""","=""3""","=""2s2.2p.4p""","=""3P""","=""2""",7,5,,"=""T6385n""","=""""",
N,2,"=""""","=""634.686""","=""""","=""6.93e+06""",B,"=""187437.56""","=""203189.03""","=""2s2.2p.3d""","=""3D*""","=""1""","=""2s2.2p.4p""","=""3P""","=""1""",3,3,,"=""T6385n""","=""""",
N,2,"=""""","=""635.654""","=""""","=""1.92e+07""",B,"=""187461.56""","=""203189.03""","=""2s2.2p.3d""","=""3D*""","=""2""","=""2s2.2p.4p""","=""3P""","=""1""",5,3,,"=""T6385n""","=""""",
N,2,"=""""","=""635.758""","=""""","=""2.68e+07""",B,"=""187437.56""","=""203162.48""","=""2s2.2p.3d""","=""3D*""","=""1""","=""2s2.2p.4p""","=""3P""","=""0""",3,1,,"=""T6385n""","=""""",
N,3,"=""""","=""636.584""","=""""","=""2.18e+07""",B,"=""327058.0""","=""342762.5""","=""2s.2p.(3P*).3p""","=""2S""","=""1/2""","=""2s.2p.(3P*).3d""","=""2P*""","=""1/2""",2,2,,"=""T7192LS""","=""""",
N,2,"=""""","=""636.679""","=""""","=""8.14e+03""",B,"=""148908.59""","=""164610.76""","=""2s2.2p.3s""","=""3P*""","=""0""","=""2s2.2p.3p""","=""1P""","=""1""",1,3,,"=""T7333""","=""""",
N,2,"=""637.962""","=""637.962""","=""360""","=""3.52e+06""",B,"=""148940.17""","=""164610.76""","=""2s2.2p.3s""","=""3P*""","=""1""","=""2s2.2p.3p""","=""1P""","=""1""",3,3,,"=""T7333""","=""L3513""",
N,2,"=""""","=""638.432""","=""""","=""7.86e+05""",D,"=""186511.58""","=""202170.63""","=""2s2.2p.3d""","=""3F*""","=""2""","=""2s2.2p.4p""","=""1P""","=""1""",5,3,,"=""T6385""","=""""",
N,3,"=""""","=""639.475""","=""""","=""2.15e+07""",B,"=""327058.0""","=""342691.5""","=""2s.2p.(3P*).3p""","=""2S""","=""1/2""","=""2s.2p.(3P*).3d""","=""2P*""","=""3/2""",2,4,,"=""T7192LS""","=""""",
N,1,"=""""","=""639.8402""","=""""","=""3.95e+05""",C,"=""94770.880""","=""110395.463""","=""2s2.2p2.(3P).3p""","=""4D*""","=""1/2""","=""2s2.2p2.(3P).4d""","=""4D""","=""3/2""",2,4,,"=""u18,LS""","=""""",
N,2,"=""""","=""639.915""","=""""","=""9.48e+05""",D,"=""187091.37""","=""202714.12""","=""2s2.2p.3d""","=""1D*""","=""2""","=""2s2.2p.4p""","=""3D""","=""1""",5,3,,"=""T6385""","=""""",
N,1,"=""""","=""640.2364""","=""""","=""7.89e+05""",C,"=""94770.880""","=""110385.795""","=""2s2.2p2.(3P).3p""","=""4D*""","=""1/2""","=""2s2.2p2.(3P).4d""","=""4D""","=""1/2""",2,2,,"=""u18,LS""","=""""",
N,1,"=""""","=""640.5255""","=""""","=""3.68e+05""",C,"=""94793.490""","=""110401.356""","=""2s2.2p2.(3P).3p""","=""4D*""","=""3/2""","=""2s2.2p2.(3P).4d""","=""4D""","=""5/2""",4,6,,"=""u18,LS""","=""""",
N,1,"=""""","=""640.7675""","=""""","=""6.30e+05""",C,"=""94793.490""","=""110395.463""","=""2s2.2p2.(3P).3p""","=""4D*""","=""3/2""","=""2s2.2p2.(3P).4d""","=""4D""","=""3/2""",4,4,,"=""u18,LS""","=""""",
N,1,"=""641.165""","=""641.1648""","=""185""","=""7.86e+05""",C,"=""94793.490""","=""110385.795""","=""2s2.2p2.(3P).3p""","=""4D*""","=""3/2""","=""2s2.2p2.(3P).4d""","=""4D""","=""1/2""",4,2,,"=""u18,LS""","=""L3513""",
N,1,"=""""","=""641.9872""","=""""","=""2.23e+05""",C,"=""94830.890""","=""110403.220""","=""2s2.2p2.(3P).3p""","=""4D*""","=""5/2""","=""2s2.2p2.(3P).4d""","=""4D""","=""7/2""",6,8,,"=""u18,LS""","=""""",
N,1,"=""642.064""","=""642.0641""","=""210""","=""8.97e+05""",C,"=""94830.890""","=""110401.356""","=""2s2.2p2.(3P).3p""","=""4D*""","=""5/2""","=""2s2.2p2.(3P).4d""","=""4D""","=""5/2""",6,6,,"=""u18,LS""","=""L3513""",
N,1,"=""642.302""","=""642.3072""","=""210""","=""5.47e+05""",C,"=""94830.890""","=""110395.463""","=""2s2.2p2.(3P).3p""","=""4D*""","=""5/2""","=""2s2.2p2.(3P).4d""","=""4D""","=""3/2""",6,4,,"=""u18,LS""","=""L3513""",
N,2,"=""""","=""643.344""","=""""","=""1.22e+04""",D,"=""155126.73""","=""170666.23""","=""2s.2p3""","=""3S*""","=""1""","=""2s2.2p.3p""","=""3P""","=""2""",3,5,,"=""T7333""","=""""",
N,2,"=""""","=""643.561""","=""""","=""9.62e+00""",E,"=""149076.52""","=""164610.76""","=""2s2.2p.3s""","=""3P*""","=""2""","=""2s2.2p.3p""","=""1P""","=""1""",5,3,,"=""u24""","=""""",
N,1,"=""644.094""","=""644.0938""","=""235""","=""1.33e+06""",C,"=""94881.820""","=""110403.220""","=""2s2.2p2.(3P).3p""","=""4D*""","=""7/2""","=""2s2.2p2.(3P).4d""","=""4D""","=""7/2""",8,8,,"=""u18,LS""","=""L3513""",
N,1,"=""""","=""644.1711""","=""""","=""2.94e+05""",C,"=""94881.820""","=""110401.356""","=""2s2.2p2.(3P).3p""","=""4D*""","=""7/2""","=""2s2.2p2.(3P).4d""","=""4D""","=""5/2""",8,6,,"=""u18,LS""","=""""",
N,3,"=""""","=""644.534""","=""""","=""8.89e+06""",B,"=""317293.6""","=""332804.4""","=""2s.2p.(3P*).3p""","=""4P""","=""1/2""","=""2s.2p.(3P*).3d""","=""4D*""","=""3/2""",2,4,,"=""T7192LS""","=""""",
N,3,"=""""","=""645.079""","=""""","=""1.77e+07""",B,"=""317293.6""","=""332791.3""","=""2s.2p.(3P*).3p""","=""4P""","=""1/2""","=""2s.2p.(3P*).3d""","=""4D*""","=""1/2""",2,2,,"=""T7192LS""","=""""",
N,3,"=""645.411""","=""645.408""","=""90""","=""1.49e+07""",B,"=""317336.2""","=""332826.0""","=""2s.2p.(3P*).3p""","=""4P""","=""3/2""","=""2s.2p.(3P*).3d""","=""4D*""","=""5/2""",4,6,,"=""T7192LS""","=""L3513""",
N,2,"=""""","=""645.768""","=""""","=""1.17e+04""",D,"=""155126.73""","=""170607.89""","=""2s.2p3""","=""3S*""","=""1""","=""2s2.2p.3p""","=""3P""","=""1""",3,3,,"=""T7333""","=""""",
N,3,"=""""","=""646.309""","=""""","=""1.13e+07""",B,"=""317336.2""","=""332804.4""","=""2s.2p.(3P*).3p""","=""4P""","=""3/2""","=""2s.2p.(3P*).3d""","=""4D*""","=""3/2""",4,4,,"=""T7192LS""","=""""",
N,3,"=""646.702""","=""646.702""","=""120""","=""2.11e+07""",B,"=""317395.2""","=""332854.0""","=""2s.2p.(3P*).3p""","=""4P""","=""5/2""","=""2s.2p.(3P*).3d""","=""4D*""","=""7/2""",6,8,,"=""T7192LS""","=""L3513""",
N,3,"=""""","=""646.857""","=""""","=""3.52e+06""",B,"=""317336.2""","=""332791.3""","=""2s.2p.(3P*).3p""","=""4P""","=""3/2""","=""2s.2p.(3P*).3d""","=""4D*""","=""1/2""",4,2,,"=""T7192LS""","=""""",
N,2,"=""""","=""647.243""","=""""","=""1.13e+04""",D,"=""155126.73""","=""170572.61""","=""2s.2p3""","=""3S*""","=""1""","=""2s2.2p.3p""","=""3P""","=""0""",3,1,,"=""T7333""","=""""",
N,3,"=""""","=""647.876""","=""""","=""6.31e+06""",B,"=""317395.2""","=""332826.0""","=""2s.2p.(3P*).3p""","=""4P""","=""5/2""","=""2s.2p.(3P*).3d""","=""4D*""","=""5/2""",6,6,,"=""T7192LS""","=""""",
N,1,"=""648.171""","=""648.1706""","=""265""","=""3.43e+06""",C,"=""94770.880""","=""110194.654""","=""2s2.2p2.(3P).3p""","=""4D*""","=""1/2""","=""2s2.2p2.(3P).4d""","=""4F""","=""3/2""",2,4,,"=""u18,LS""","=""L3513""",
N,2,"=""648.205""","=""648.205""","=""750""","=""2.58e+07""",B+,"=""149187.80""","=""164610.76""","=""2s2.2p.3s""","=""1P*""","=""1""","=""2s2.2p.3p""","=""1P""","=""1""",3,3,,"=""T7333""","=""L3513""",
N,1,"=""648.270""","=""648.2699""","=""360""","=""4.90e+06""",C,"=""94881.820""","=""110303.233""","=""2s2.2p2.(3P).3p""","=""4D*""","=""7/2""","=""2s2.2p2.(3P).4d""","=""4F""","=""9/2""",8,10,,"=""u18,LS""","=""L3513""",
N,1,"=""648.375""","=""648.3753""","=""300""","=""3.67e+06""",C,"=""94793.490""","=""110212.396""","=""2s2.2p2.(3P).3p""","=""4D*""","=""3/2""","=""2s2.2p2.(3P).4d""","=""4F""","=""5/2""",4,6,,"=""u18,LS""","=""L3513""",
N,1,"=""648.480""","=""648.4808""","=""325""","=""4.20e+06""",C,"=""94830.890""","=""110247.288""","=""2s2.2p2.(3P).3p""","=""4D*""","=""5/2""","=""2s2.2p2.(3P).4d""","=""4F""","=""7/2""",6,8,,"=""u18,LS""","=""L3513""",
N,3,"=""""","=""648.784""","=""""","=""1.05e+06""",B,"=""317395.2""","=""332804.4""","=""2s.2p.(3P*).3p""","=""4P""","=""5/2""","=""2s.2p.(3P*).3d""","=""4D*""","=""3/2""",6,4,,"=""T7192LS""","=""""",
N,1,"=""649.122""","=""649.1222""","=""160""","=""1.37e+06""",C,"=""94793.490""","=""110194.654""","=""2s2.2p2.(3P).3p""","=""4D*""","=""3/2""","=""2s2.2p2.(3P).4d""","=""4F""","=""3/2""",4,4,,"=""u18,LS""","=""L3513""",
N,2,"=""""","=""649.180""","=""""","=""5.49e+05""",B,"=""187461.56""","=""202861.36""","=""2s2.2p.3d""","=""3D*""","=""2""","=""2s2.2p.4p""","=""3D""","=""3""",5,7,,"=""T6385n""","=""""",
N,1,"=""649.954""","=""649.9518""","=""210""","=""1.18e+06""",C,"=""94830.890""","=""110212.396""","=""2s2.2p2.(3P).3p""","=""4D*""","=""5/2""","=""2s2.2p2.(3P).4d""","=""4F""","=""5/2""",6,6,,"=""u18,LS""","=""L3513""",
N,2,"=""""","=""650.461""","=""""","=""5.33e+06""",B,"=""187491.90""","=""202861.36""","=""2s2.2p.3d""","=""3D*""","=""3""","=""2s2.2p.4p""","=""3D""","=""3""",7,7,,"=""T6385n""","=""""",
N,3,"=""""","=""650.536""","=""""","=""6.55e+06""",B,"=""311690.3""","=""327058.0""","=""2s2.4p""","=""2P*""","=""1/2""","=""2s.2p.(3P*).3p""","=""2S""","=""1/2""",2,2,,"=""T7192LS""","=""""",
N,1,"=""650.631""","=""650.6302""","=""185""","=""6.91e+05""",C,"=""94881.820""","=""110247.288""","=""2s2.2p2.(3P).3p""","=""4D*""","=""7/2""","=""2s2.2p2.(3P).4d""","=""4F""","=""7/2""",8,8,,"=""u18,LS""","=""L3513""",
N,1,"=""""","=""650.7024""","=""""","=""9.70e+04""",C,"=""94830.890""","=""110194.654""","=""2s2.2p2.(3P).3p""","=""4D*""","=""5/2""","=""2s2.2p2.(3P).4d""","=""4F""","=""3/2""",6,4,,"=""u18,LS""","=""""",
N,3,"=""""","=""651.591""","=""""","=""1.30e+07""",B,"=""311715.2""","=""327058.0""","=""2s2.4p""","=""2P*""","=""3/2""","=""2s.2p.(3P*).3p""","=""2S""","=""1/2""",4,2,,"=""T7192LS""","=""""",
N,1,"=""""","=""652.1110""","=""""","=""4.66e+04""",C,"=""94881.820""","=""110212.396""","=""2s2.2p2.(3P).3p""","=""4D*""","=""7/2""","=""2s2.2p2.(3P).4d""","=""4F""","=""5/2""",8,6,,"=""u18,LS""","=""""",
N,2,"=""""","=""652.233""","=""""","=""7.03e+05""",B,"=""187437.56""","=""202765.26""","=""2s2.2p.3d""","=""3D*""","=""1""","=""2s2.2p.4p""","=""3D""","=""2""",3,5,,"=""T6385n""","=""""",
N,2,"=""""","=""652.723""","=""""","=""5.25e-07""",D,"=""0.0""","=""15316.2""","=""2s2.2p2""","=""3P""","=""0""","=""2s2.2p2""","=""1D""","=""2""",1,5,E2,"=""T7333""","=""""",
N,2,"=""""","=""653.256""","=""""","=""3.66e+06""",B,"=""187461.56""","=""202765.26""","=""2s2.2p.3d""","=""3D*""","=""2""","=""2s2.2p.4p""","=""3D""","=""2""",5,5,,"=""T6385n""","=""""",
N,2,"=""""","=""654.417""","=""""","=""3.59e+06""",B,"=""187437.56""","=""202714.12""","=""2s2.2p.3d""","=""3D*""","=""1""","=""2s2.2p.4p""","=""3D""","=""1""",3,3,,"=""T6385n""","=""""",
N,2,"=""""","=""654.554""","=""""","=""1.07e+06""",B,"=""187491.90""","=""202765.26""","=""2s2.2p.3d""","=""3D*""","=""3""","=""2s2.2p.4p""","=""3D""","=""2""",7,5,,"=""T6385n""","=""""",
N,2,"=""""","=""654.805""","=""""","=""9.84e-04""",D,"=""48.7""","=""15316.2""","=""2s2.2p2""","=""3P""","=""1""","=""2s2.2p2""","=""1D""","=""2""",3,5,M1,"=""T7333""","=""""",
N,2,"=""""","=""654.805""","=""""","=""9.22e-07""",D,"=""48.7""","=""15316.2""","=""2s2.2p2""","=""3P""","=""1""","=""2s2.2p2""","=""1D""","=""2""",3,5,E2,"=""T7333""","=""""",
N,2,"=""""","=""655.447""","=""""","=""1.43e+06""",B,"=""187461.56""","=""202714.12""","=""2s2.2p.3d""","=""3D*""","=""2""","=""2s2.2p.4p""","=""3D""","=""1""",5,3,,"=""T6385n""","=""""",
N,2,"=""""","=""656.020""","=""""","=""7.05e+06""",D,"=""196540.23""","=""211779.45""","=""2s2.2p.4s""","=""3P*""","=""0""","=""2s.2p2.(4P).3s""","=""3P""","=""1""",1,3,,"=""T6385n""","=""""",
N,2,"=""""","=""656.176""","=""""","=""5.25e+06""",D,"=""196592.07""","=""211827.67""","=""2s2.2p.4s""","=""3P*""","=""1""","=""2s.2p2.(4P).3s""","=""3P""","=""2""",3,5,,"=""T6385n""","=""""",
N,2,"=""""","=""656.420""","=""""","=""4.77e+06""",D,"=""190120.24""","=""205350.18""","=""2s2.2p.3d""","=""1P*""","=""1""","=""2s2.2p.4p""","=""1D""","=""2""",3,5,,"=""T5520,T6385""","=""""",
N,2,"=""""","=""658.260""","=""""","=""5.26e+06""",D,"=""196592.07""","=""211779.45""","=""2s2.2p.4s""","=""3P*""","=""1""","=""2s.2p2.(4P).3s""","=""3P""","=""1""",3,3,,"=""T6385n""","=""""",
N,2,"=""""","=""658.345""","=""""","=""2.91e-03""",D,"=""130.8""","=""15316.2""","=""2s2.2p2""","=""3P""","=""2""","=""2s2.2p2""","=""1D""","=""2""",5,5,M1,"=""T7333""","=""""",
N,2,"=""""","=""658.345""","=""""","=""8.65e-06""",D,"=""130.8""","=""15316.2""","=""2s2.2p2""","=""3P""","=""2""","=""2s2.2p2""","=""1D""","=""2""",5,5,E2,"=""T7333""","=""""",
N,2,"=""""","=""659.567""","=""""","=""2.11e+07""",D,"=""196592.07""","=""211749.35""","=""2s2.2p.4s""","=""3P*""","=""1""","=""2s.2p2.(4P).3s""","=""3P""","=""0""",3,1,,"=""T6385n""","=""""",
N,1,"=""""","=""659.5844""","=""""","=""9.08e+04""",C,"=""97770.180""","=""112927.055""","=""2s2.2p2.(3P).3p""","=""2P*""","=""1/2""","=""2s2.2p2.(3P).5d""","=""2D""","=""3/2""",2,4,,"=""u18,LS""","=""""",
N,2,"=""""","=""660.094""","=""""","=""1.86e+06""",B,"=""205350.18""","=""220495.36""","=""2s2.2p.4p""","=""1D""","=""2""","=""2s2.2p.5d""","=""1D*""","=""2""",5,5,,"=""T5520""","=""""",
N,1,"=""""","=""660.3210""","=""""","=""1.09e+05""",C,"=""97805.840""","=""112945.809""","=""2s2.2p2.(3P).3p""","=""2P*""","=""3/2""","=""2s2.2p2.(3P).5d""","=""2D""","=""5/2""",4,6,,"=""u18,LS""","=""""",
N,1,"=""""","=""660.6176""","=""""","=""8.87e+04""",D+,"=""94793.490""","=""109926.661""","=""2s2.2p2.(3P).3p""","=""4D*""","=""3/2""","=""2s2.2p2.(3P).5s""","=""4P""","=""5/2""",4,6,,"=""u18,LS""","=""""",
N,2,"=""661.056""","=""661.056""","=""750""","=""6.01e+07""",B,"=""174212.03""","=""189335.16""","=""2s2.2p.3p""","=""1D""","=""2""","=""2s2.2p.3d""","=""1F*""","=""3""",5,7,,"=""T7333""","=""L3513""",
N,1,"=""""","=""661.1399""","=""""","=""1.80e+04""",C,"=""97805.840""","=""112927.055""","=""2s2.2p2.(3P).3p""","=""2P*""","=""3/2""","=""2s2.2p2.(3P).5d""","=""2D""","=""3/2""",4,4,,"=""u18,LS""","=""""",
N,2,"=""""","=""661.362""","=""""","=""1.58e+07""",D,"=""196711.54""","=""211827.67""","=""2s2.2p.4s""","=""3P*""","=""2""","=""2s.2p2.(4P).3s""","=""3P""","=""2""",5,5,,"=""T6385n""","=""""",
N,1,"=""662.254""","=""662.2543""","=""185""","=""7.93e+05""",D+,"=""94830.890""","=""109926.661""","=""2s2.2p2.(3P).3p""","=""4D*""","=""5/2""","=""2s2.2p2.(3P).5s""","=""4P""","=""5/2""",6,6,,"=""u18,LS""","=""L3513""",
N,1,"=""""","=""662.6990""","=""""","=""2.20e+05""",D+,"=""94770.880""","=""109856.520""","=""2s2.2p2.(3P).3p""","=""4D*""","=""1/2""","=""2s2.2p2.(3P).5s""","=""4P""","=""3/2""",2,4,,"=""u18,LS""","=""""",
N,2,"=""""","=""662.979""","=""""","=""2.69e+07""",C+,"=""187091.37""","=""202170.63""","=""2s2.2p.3d""","=""1D*""","=""2""","=""2s2.2p.4p""","=""1P""","=""1""",5,3,,"=""T5520,T6385""","=""""",
N,2,"=""""","=""663.479""","=""""","=""8.80e+06""",D,"=""196711.54""","=""211779.45""","=""2s2.2p.4s""","=""3P*""","=""2""","=""2s.2p2.(4P).3s""","=""3P""","=""1""",5,3,,"=""T6385n""","=""""",
N,1,"=""663.694""","=""663.6938""","=""185""","=""1.40e+06""",D+,"=""94793.490""","=""109856.520""","=""2s2.2p2.(3P).3p""","=""4D*""","=""3/2""","=""2s2.2p2.(3P).5s""","=""4P""","=""3/2""",4,4,,"=""u18,LS""","=""L3513""",
N,1,"=""664.496""","=""664.4962""","=""235""","=""3.49e+06""",D+,"=""94881.820""","=""109926.661""","=""2s2.2p2.(3P).3p""","=""4D*""","=""7/2""","=""2s2.2p2.(3P).5s""","=""4P""","=""5/2""",8,6,,"=""u18,LS""","=""L3513""",
N,1,"=""664.650""","=""664.6503""","=""185""","=""2.18e+06""",D+,"=""94770.880""","=""109812.233""","=""2s2.2p2.(3P).3p""","=""4D*""","=""1/2""","=""2s2.2p2.(3P).5s""","=""4P""","=""1/2""",2,2,,"=""u18,LS""","=""L3513""",
N,1,"=""""","=""664.8256""","=""""","=""1.37e+05""",D+,"=""97770.180""","=""112807.567""","=""2s2.2p2.(3P).3p""","=""2P*""","=""1/2""","=""2s2.2p2.(3P).5d""","=""2P""","=""1/2""",2,2,,"=""u18,LS""","=""""",
N,1,"=""""","=""665.1147""","=""""","=""3.42e+04""",D+,"=""97770.180""","=""112801.031""","=""2s2.2p2.(3P).3p""","=""2P*""","=""1/2""","=""2s2.2p2.(3P).5d""","=""2P""","=""3/2""",2,4,,"=""u18,LS""","=""""",
N,1,"=""665.346""","=""665.3458""","=""235""","=""2.74e+06""",D+,"=""94830.890""","=""109856.520""","=""2s2.2p2.(3P).3p""","=""4D*""","=""5/2""","=""2s2.2p2.(3P).5s""","=""4P""","=""3/2""",6,4,,"=""u18,LS""","=""L3513""",
N,1,"=""665.651""","=""665.6509""","=""210""","=""2.17e+06""",D+,"=""94793.490""","=""109812.233""","=""2s2.2p2.(3P).3p""","=""4D*""","=""3/2""","=""2s2.2p2.(3P).5s""","=""4P""","=""1/2""",4,2,,"=""u18,LS""","=""L3513""",
N,1,"=""""","=""666.4059""","=""""","=""6.79e+04""",D+,"=""97805.840""","=""112807.567""","=""2s2.2p2.(3P).3p""","=""2P*""","=""3/2""","=""2s2.2p2.(3P).5d""","=""2P""","=""1/2""",4,2,,"=""u18,LS""","=""""",
N,1,"=""""","=""666.6964""","=""""","=""1.70e+05""",D+,"=""97805.840""","=""112801.031""","=""2s2.2p2.(3P).3p""","=""2P*""","=""3/2""","=""2s2.2p2.(3P).5d""","=""2P""","=""3/2""",4,4,,"=""u18,LS""","=""""",
N,1,"=""""","=""670.0494""","=""""","=""1.50e+06""",C,"=""95475.310""","=""110395.463""","=""2s2.2p2.(3P).3p""","=""4P*""","=""1/2""","=""2s2.2p2.(3P).4d""","=""4D""","=""3/2""",2,4,,"=""u18,LS""","=""""",
N,1,"=""""","=""670.4839""","=""""","=""2.99e+06""",C,"=""95475.310""","=""110385.795""","=""2s2.2p2.(3P).3p""","=""4P*""","=""1/2""","=""2s2.2p2.(3P).4d""","=""4D""","=""1/2""",2,2,,"=""u18,LS""","=""""",
N,1,"=""""","=""670.6107""","=""""","=""2.51e+06""",C,"=""95493.690""","=""110401.356""","=""2s2.2p2.(3P).3p""","=""4P*""","=""3/2""","=""2s2.2p2.(3P).4d""","=""4D""","=""5/2""",4,6,,"=""u18,LS""","=""""",
N,1,"=""""","=""670.8759""","=""""","=""1.91e+06""",C,"=""95493.690""","=""110395.463""","=""2s2.2p2.(3P).3p""","=""4P*""","=""3/2""","=""2s2.2p2.(3P).4d""","=""4D""","=""3/2""",4,4,,"=""u18,LS""","=""""",
N,1,"=""""","=""671.3114""","=""""","=""5.96e+05""",C,"=""95493.690""","=""110385.795""","=""2s2.2p2.(3P).3p""","=""4P*""","=""3/2""","=""2s2.2p2.(3P).4d""","=""4D""","=""1/2""",4,2,,"=""u18,LS""","=""""",
N,1,"=""""","=""672.0967""","=""""","=""1.95e+05""",D+,"=""95475.310""","=""110350.014""","=""2s2.2p2.(3P).3p""","=""4P*""","=""1/2""","=""2s2.2p2.(3P).4d""","=""4P""","=""1/2""",2,2,,"=""u18,LS""","=""""",
N,1,"=""672.262""","=""672.2610""","=""185""","=""3.56e+06""",C,"=""95532.150""","=""110403.220""","=""2s2.2p2.(3P).3p""","=""4P*""","=""5/2""","=""2s2.2p2.(3P).4d""","=""4D""","=""7/2""",6,8,,"=""u18,LS""","=""L3513""",
N,1,"=""""","=""672.3453""","=""""","=""1.07e+06""",C,"=""95532.150""","=""110401.356""","=""2s2.2p2.(3P).3p""","=""4P*""","=""5/2""","=""2s2.2p2.(3P).4d""","=""4D""","=""5/2""",6,6,,"=""u18,LS""","=""""",
N,1,"=""""","=""672.6118""","=""""","=""1.78e+05""",C,"=""95532.150""","=""110395.463""","=""2s2.2p2.(3P).3p""","=""4P*""","=""5/2""","=""2s2.2p2.(3P).4d""","=""4D""","=""3/2""",6,4,,"=""u18,LS""","=""""",
N,1,"=""""","=""672.9283""","=""""","=""9.73e+05""",D+,"=""95493.690""","=""110350.014""","=""2s2.2p2.(3P).3p""","=""4P*""","=""3/2""","=""2s2.2p2.(3P).4d""","=""4P""","=""1/2""",4,2,,"=""u18,LS""","=""""",
N,1,"=""""","=""673.3322""","=""""","=""4.85e+05""",D+,"=""95475.310""","=""110322.721""","=""2s2.2p2.(3P).3p""","=""4P*""","=""1/2""","=""2s2.2p2.(3P).4d""","=""4P""","=""3/2""",2,4,,"=""u18,LS""","=""""",
N,1,"=""""","=""674.1668""","=""""","=""1.55e+05""",D+,"=""95493.690""","=""110322.721""","=""2s2.2p2.(3P).3p""","=""4P*""","=""3/2""","=""2s2.2p2.(3P).4d""","=""4P""","=""3/2""",4,4,,"=""u18,LS""","=""""",
N,1,"=""""","=""675.2025""","=""""","=""3.47e+05""",D+,"=""95493.690""","=""110299.974""","=""2s2.2p2.(3P).3p""","=""4P*""","=""3/2""","=""2s2.2p2.(3P).4d""","=""4P""","=""5/2""",4,6,,"=""u18,LS""","=""""",
N,1,"=""""","=""675.9198""","=""""","=""5.18e+05""",D+,"=""95532.150""","=""110322.721""","=""2s2.2p2.(3P).3p""","=""4P*""","=""5/2""","=""2s2.2p2.(3P).4d""","=""4P""","=""3/2""",6,4,,"=""u18,LS""","=""""",
N,3,"=""""","=""676.133""","=""""","=""6.90e+04""",B,"=""339744.6""","=""354530.5""","=""2s.2p.(3P*).3d""","=""2F*""","=""5/2""","=""2s2.6d""","=""2D""","=""3/2""",6,4,,"=""T7192LS""","=""""",
N,3,"=""""","=""676.133""","=""""","=""3.28e+03""",C+,"=""339744.6""","=""354530.5""","=""2s.2p.(3P*).3d""","=""2F*""","=""5/2""","=""2s2.6d""","=""2D""","=""5/2""",6,6,,"=""T7192LS""","=""""",
N,1,"=""""","=""676.9610""","=""""","=""8.02e+05""",D+,"=""95532.150""","=""110299.974""","=""2s2.2p2.(3P).3p""","=""4P*""","=""5/2""","=""2s2.2p2.(3P).4d""","=""4P""","=""5/2""",6,6,,"=""u18,LS""","=""""",
N,2,"=""""","=""678.558""","=""""","=""9.41e+04""",D,"=""187437.56""","=""202170.63""","=""2s2.2p.3d""","=""3D*""","=""1""","=""2s2.2p.4p""","=""1P""","=""1""",3,3,,"=""T6385""","=""""",
N,2,"=""""","=""679.665""","=""""","=""8.37e+04""",D,"=""187461.56""","=""202170.63""","=""2s2.2p.3d""","=""3D*""","=""2""","=""2s2.2p.4p""","=""1P""","=""1""",5,3,,"=""T6385""","=""""",
N,2,"=""""","=""680.217""","=""""","=""1.43e+03""",D,"=""174212.03""","=""188909.17""","=""2s2.2p.3p""","=""1D""","=""2""","=""2s2.2p.3d""","=""3P*""","=""1""",5,3,,"=""T7333""","=""""",
N,2,"=""""","=""680.998""","=""""","=""2.31e+07""",B,"=""188857.37""","=""203537.66""","=""2s2.2p.3d""","=""3P*""","=""2""","=""2s2.2p.4p""","=""3S""","=""1""",5,3,,"=""T6385n""","=""""",
N,3,"=""""","=""681.243""","=""""","=""6.42e+04""",B,"=""339855.5""","=""354530.5""","=""2s.2p.(3P*).3d""","=""2F*""","=""7/2""","=""2s2.6d""","=""2D""","=""5/2""",8,6,,"=""T7192LS""","=""""",
N,2,"=""""","=""682.623""","=""""","=""2.49e+04""",C+,"=""174212.03""","=""188857.37""","=""2s2.2p.3p""","=""1D""","=""2""","=""2s2.2p.3d""","=""3P*""","=""2""",5,5,,"=""T7333""","=""""",
N,2,"=""""","=""683.409""","=""""","=""1.63e+07""",B,"=""188909.17""","=""203537.66""","=""2s2.2p.3d""","=""3P*""","=""1""","=""2s2.2p.4p""","=""3S""","=""1""",3,3,,"=""T6385n""","=""""",
N,2,"=""""","=""684.723""","=""""","=""5.89e+06""",B,"=""188937.24""","=""203537.66""","=""2s2.2p.3d""","=""3P*""","=""0""","=""2s2.2p.4p""","=""3S""","=""1""",1,3,,"=""T6385n""","=""""",
N,2,"=""""","=""685.703""","=""""","=""2.53e+07""",C+,"=""229838.96""","=""244418.52""","=""2s.2p2.(4P).3p""","=""5S*""","=""2""","=""2s.2p2.(4P).3d""","=""5P""","=""1""",5,3,,"=""T5520LS""","=""""",
N,2,"=""""","=""686.958""","=""""","=""2.51e+07""",C+,"=""229838.96""","=""244391.88""","=""2s.2p2.(4P).3p""","=""5S*""","=""2""","=""2s.2p2.(4P).3d""","=""5P""","=""2""",5,5,,"=""T5520LS""","=""""",
N,1,"=""""","=""688.4314""","=""""","=""2.90e+02""",C,"=""83284.070""","=""97805.840""","=""2s2.2p2.(3P).3s""","=""4P""","=""1/2""","=""2s2.2p2.(3P).3p""","=""2P*""","=""3/2""",2,4,,"=""T7370""","=""""",
N,2,"=""""","=""688.783""","=""""","=""2.49e+07""",C+,"=""229838.96""","=""244353.31""","=""2s.2p2.(4P).3p""","=""5S*""","=""2""","=""2s.2p2.(4P).3d""","=""5P""","=""3""",5,7,,"=""T5520LS""","=""""",
N,1,"=""""","=""690.0355""","=""""","=""1.27e+03""",C,"=""83317.830""","=""97805.840""","=""2s2.2p2.(3P).3s""","=""4P""","=""3/2""","=""2s2.2p2.(3P).3p""","=""2P*""","=""3/2""",4,4,,"=""T7370""","=""""",
N,1,"=""""","=""690.1261""","=""""","=""8.1e+01""",D,"=""83284.070""","=""97770.180""","=""2s2.2p2.(3P).3s""","=""4P""","=""1/2""","=""2s2.2p2.(3P).3p""","=""2P*""","=""1/2""",2,2,,"=""T7370""","=""""",
N,1,"=""""","=""691.7382""","=""""","=""8.7e+01""",C,"=""83317.830""","=""97770.180""","=""2s2.2p2.(3P).3s""","=""4P""","=""3/2""","=""2s2.2p2.(3P).3p""","=""2P*""","=""1/2""",4,2,,"=""T7370""","=""""",
N,1,"=""""","=""692.2713""","=""""","=""7.0e+02""",C,"=""83364.620""","=""97805.840""","=""2s2.2p2.(3P).3s""","=""4P""","=""5/2""","=""2s2.2p2.(3P).3p""","=""2P*""","=""3/2""",6,4,,"=""T7370""","=""""",
N,1,"=""""","=""692.6670""","=""""","=""7.75e+05""",B,"=""95493.690""","=""109926.661""","=""2s2.2p2.(3P).3p""","=""4P*""","=""3/2""","=""2s2.2p2.(3P).5s""","=""4P""","=""5/2""",4,6,,"=""T6340n""","=""""",
N,2,"=""""","=""694.175""","=""""","=""2.81e+06""",B,"=""188857.37""","=""203258.98""","=""2s2.2p.3d""","=""3P*""","=""2""","=""2s2.2p.4p""","=""3P""","=""2""",5,5,,"=""T6385n""","=""""",
N,1,"=""""","=""694.5177""","=""""","=""1.83e+06""",B,"=""95532.150""","=""109926.661""","=""2s2.2p2.(3P).3p""","=""4P*""","=""5/2""","=""2s2.2p2.(3P).5s""","=""4P""","=""5/2""",6,6,,"=""T6340n""","=""""",
N,1,"=""""","=""695.1600""","=""""","=""1.03e+06""",B,"=""95475.310""","=""109856.520""","=""2s2.2p2.(3P).3p""","=""4P*""","=""1/2""","=""2s2.2p2.(3P).5s""","=""4P""","=""3/2""",2,4,,"=""T6340n""","=""""",
N,1,"=""""","=""696.0496""","=""""","=""4.67e+05""",B,"=""95493.690""","=""109856.520""","=""2s2.2p2.(3P).3p""","=""4P*""","=""3/2""","=""2s2.2p2.(3P).5s""","=""4P""","=""3/2""",4,4,,"=""T6340n""","=""""",
N,2,"=""""","=""696.681""","=""""","=""1.12e+06""",B,"=""188909.17""","=""203258.98""","=""2s2.2p.3d""","=""3P*""","=""1""","=""2s2.2p.4p""","=""3P""","=""2""",3,5,,"=""T6385n""","=""""",
N,1,"=""""","=""697.3074""","=""""","=""3.83e+05""",B,"=""95475.310""","=""109812.233""","=""2s2.2p2.(3P).3p""","=""4P*""","=""1/2""","=""2s2.2p2.(3P).5s""","=""4P""","=""1/2""",2,2,,"=""T6340n""","=""""",
N,2,"=""""","=""697.356""","=""""","=""2.62e+06""",B,"=""206910.24""","=""221246.17""","=""2s2.2p.4p""","=""1S""","=""0""","=""2s2.2p.5d""","=""1P*""","=""1""",1,3,,"=""T5520""","=""""",
N,2,"=""""","=""697.563""","=""""","=""3.42e+06""",B,"=""188857.37""","=""203189.03""","=""2s2.2p.3d""","=""3P*""","=""2""","=""2s2.2p.4p""","=""3P""","=""1""",5,3,,"=""T6385n""","=""""",
N,1,"=""""","=""697.9185""","=""""","=""9.83e+05""",B,"=""95532.150""","=""109856.520""","=""2s2.2p2.(3P).3p""","=""4P*""","=""5/2""","=""2s2.2p2.(3P).5s""","=""4P""","=""3/2""",6,4,,"=""T6340n""","=""""",
N,1,"=""""","=""698.2025""","=""""","=""2.04e+06""",B,"=""95493.690""","=""109812.233""","=""2s2.2p2.(3P).3p""","=""4P*""","=""3/2""","=""2s2.2p2.(3P).5s""","=""4P""","=""1/2""",4,2,,"=""T6340n""","=""""",
N,2,"=""""","=""700.094""","=""""","=""9.82e+04""",B,"=""188909.17""","=""203189.03""","=""2s2.2p.3d""","=""3P*""","=""1""","=""2s2.2p.4p""","=""3P""","=""1""",3,3,,"=""T6385n""","=""""",
N,2,"=""""","=""701.398""","=""""","=""3.00e+06""",B,"=""188909.17""","=""203162.48""","=""2s2.2p.3d""","=""3P*""","=""1""","=""2s2.2p.4p""","=""3P""","=""0""",3,1,,"=""T6385n""","=""""",
N,2,"=""""","=""701.473""","=""""","=""5.83e+05""",B,"=""188937.24""","=""203189.03""","=""2s2.2p.3d""","=""3P*""","=""0""","=""2s2.2p.4p""","=""3P""","=""1""",1,3,,"=""T6385n""","=""""",
N,2,"=""""","=""713.885""","=""""","=""2.33e+06""",C,"=""188857.37""","=""202861.36""","=""2s2.2p.3d""","=""3P*""","=""2""","=""2s2.2p.4p""","=""3D""","=""3""",5,7,,"=""T6385n""","=""""",
N,2,"=""""","=""715.675""","=""""","=""2.27e+04""",D,"=""197858.69""","=""211827.67""","=""2s2.2p.4s""","=""1P*""","=""1""","=""2s.2p2.(4P).3s""","=""3P""","=""2""",3,5,,"=""T6385""","=""""",
N,2,"=""""","=""718.154""","=""""","=""2.06e+04""",D,"=""197858.69""","=""211779.45""","=""2s2.2p.4s""","=""1P*""","=""1""","=""2s.2p2.(4P).3s""","=""3P""","=""1""",3,3,,"=""T6385""","=""""",
N,2,"=""""","=""718.818""","=""""","=""6.34e+05""",C,"=""188857.37""","=""202765.26""","=""2s2.2p.3d""","=""3P*""","=""2""","=""2s2.2p.4p""","=""3D""","=""2""",5,5,,"=""T6385n""","=""""",
N,2,"=""""","=""719.710""","=""""","=""9.98e+04""",D,"=""197858.69""","=""211749.35""","=""2s2.2p.4s""","=""1P*""","=""1""","=""2s.2p2.(4P).3s""","=""3P""","=""0""",3,1,,"=""T6385""","=""""",
N,2,"=""""","=""721.471""","=""""","=""9.03e+04""",C,"=""188857.37""","=""202714.12""","=""2s2.2p.3d""","=""3P*""","=""2""","=""2s2.2p.4p""","=""3D""","=""1""",5,3,,"=""T6385n""","=""""",
N,2,"=""""","=""721.505""","=""""","=""1.52e+06""",C,"=""188909.17""","=""202765.26""","=""2s2.2p.3d""","=""3P*""","=""1""","=""2s2.2p.4p""","=""3D""","=""2""",3,5,,"=""T6385n""","=""""",
N,2,"=""""","=""724.178""","=""""","=""8.38e+05""",C,"=""188909.17""","=""202714.12""","=""2s2.2p.3d""","=""3P*""","=""1""","=""2s2.2p.4p""","=""3D""","=""1""",3,3,,"=""T6385n""","=""""",
N,2,"=""""","=""725.654""","=""""","=""1.10e+06""",C,"=""188937.24""","=""202714.12""","=""2s2.2p.3d""","=""3P*""","=""0""","=""2s2.2p.4p""","=""3D""","=""1""",1,3,,"=""T6385n""","=""""",
N,2,"=""""","=""726.255""","=""""","=""1.42e+01""",D,"=""155126.73""","=""168892.21""","=""2s.2p3""","=""3S*""","=""1""","=""2s2.2p.3p""","=""3S""","=""1""",3,3,,"=""T7333""","=""""",
N,1,"=""""","=""730.6559""","=""""","=""4.03e+04""",C,"=""96787.680""","=""110470.244""","=""2s2.2p2.(3P).3p""","=""2D*""","=""3/2""","=""2s2.2p2.(3P).4d""","=""2D""","=""5/2""",4,6,,"=""u18,LS""","=""""",
N,1,"=""""","=""731.8975""","=""""","=""5.41e+05""",C,"=""96787.680""","=""110447.032""","=""2s2.2p2.(3P).3p""","=""2D*""","=""3/2""","=""2s2.2p2.(3P).4d""","=""2D""","=""3/2""",4,4,,"=""u18,LS""","=""""",
N,1,"=""""","=""734.7570""","=""""","=""5.55e+05""",C,"=""96864.050""","=""110470.244""","=""2s2.2p2.(3P).3p""","=""2D*""","=""5/2""","=""2s2.2p2.(3P).4d""","=""2D""","=""5/2""",6,6,,"=""u18,LS""","=""""",
N,1,"=""""","=""735.1363""","=""""","=""1.32e+06""",D+,"=""96750.840""","=""110350.014""","=""2s2.2p2.(3P).3p""","=""4S*""","=""3/2""","=""2s2.2p2.(3P).4d""","=""4P""","=""1/2""",4,2,,"=""T5723LS""","=""""",
N,3,"=""""","=""735.627""","=""""","=""2.63e+05""",B,"=""320978.2""","=""334568.3""","=""2s.2p.(3P*).3p""","=""2D""","=""3/2""","=""2s.2p.(3P*).3d""","=""2D*""","=""5/2""",4,6,,"=""T7192LS""","=""""",
N,1,"=""""","=""736.0126""","=""""","=""5.91e+04""",C,"=""96864.050""","=""110447.032""","=""2s2.2p2.(3P).3p""","=""2D*""","=""5/2""","=""2s2.2p2.(3P).4d""","=""2D""","=""3/2""",6,4,,"=""u18,LS""","=""""",
N,1,"=""""","=""736.6146""","=""""","=""1.31e+06""",D+,"=""96750.840""","=""110322.721""","=""2s2.2p2.(3P).3p""","=""4S*""","=""3/2""","=""2s2.2p2.(3P).4d""","=""4P""","=""3/2""",4,4,,"=""T5723LS""","=""""",
N,3,"=""""","=""737.151""","=""""","=""3.53e+06""",B,"=""320978.2""","=""334540.2""","=""2s.2p.(3P*).3p""","=""2D""","=""3/2""","=""2s.2p.(3P*).3d""","=""2D*""","=""3/2""",4,4,,"=""T7192LS""","=""""",
N,1,"=""""","=""737.8513""","=""""","=""1.30e+06""",D+,"=""96750.840""","=""110299.974""","=""2s2.2p2.(3P).3p""","=""4S*""","=""3/2""","=""2s2.2p2.(3P).4d""","=""4P""","=""5/2""",4,6,,"=""T5723LS""","=""""",
N,1,"=""""","=""738.0100""","=""""","=""1.94e+03""",C,"=""83317.830""","=""96864.050""","=""2s2.2p2.(3P).3s""","=""4P""","=""3/2""","=""2s2.2p2.(3P).3p""","=""2D*""","=""5/2""",4,6,,"=""T7370""","=""""",
N,1,"=""""","=""739.0826""","=""""","=""4.3e-04""",D,"=""86137.350""","=""99663.912""","=""2s2.2p2.(3P).3s""","=""2P""","=""1/2""","=""2s2.2p2.(1D).3s""","=""2D""","=""3/2""",2,4,M1,"=""T7370""","=""""",
N,1,"=""""","=""740.3388""","=""""","=""1.14e+04""",B,"=""83284.070""","=""96787.680""","=""2s2.2p2.(3P).3s""","=""4P""","=""1/2""","=""2s2.2p2.(3P).3p""","=""2D*""","=""3/2""",2,4,,"=""T7370""","=""""",
N,3,"=""""","=""740.454""","=""""","=""3.61e+06""",B,"=""321066.8""","=""334568.3""","=""2s.2p.(3P*).3p""","=""2D""","=""5/2""","=""2s.2p.(3P*).3d""","=""2D*""","=""5/2""",6,6,,"=""T7192LS""","=""""",
N,1,"=""""","=""740.5680""","=""""","=""4.39e+03""",B,"=""83364.620""","=""96864.050""","=""2s2.2p2.(3P).3s""","=""4P""","=""5/2""","=""2s2.2p2.(3P).3p""","=""2D*""","=""5/2""",6,6,,"=""T7370""","=""""",
N,3,"=""""","=""740.570""","=""""","=""1.94e+06""",B,"=""353440.6""","=""366940""","=""2s.2p.(1P*).3s""","=""2P*""","=""1/2""","=""2s2.8d""","=""2D""","=""3/2""",2,4,,"=""T7192LS""","=""""",
N,1,"=""740.612""","=""740.6122""","=""160""","=""1.52e+06""",C,"=""96787.680""","=""110286.305""","=""2s2.2p2.(3P).3p""","=""2D*""","=""3/2""","=""2s2.2p2.(3P).4d""","=""2F""","=""5/2""",4,6,,"=""u18,LS""","=""L3513""",
N,1,"=""740.624""","=""740.6239""","=""265""","=""1.63e+06""",C,"=""96864.050""","=""110362.462""","=""2s2.2p2.(3P).3p""","=""2D*""","=""5/2""","=""2s2.2p2.(3P).4d""","=""2F""","=""7/2""",6,8,,"=""u18,LS""","=""L3513""",
N,3,"=""""","=""740.674""","=""""","=""2.33e+06""",B,"=""353442.5""","=""366940""","=""2s.2p.(1P*).3s""","=""2P*""","=""3/2""","=""2s2.8d""","=""2D""","=""5/2""",4,6,,"=""T7192LS""","=""""",
N,3,"=""""","=""740.674""","=""""","=""3.88e+05""",B,"=""353442.5""","=""366940""","=""2s.2p.(1P*).3s""","=""2P*""","=""3/2""","=""2s2.8d""","=""2D""","=""3/2""",4,4,,"=""T7192LS""","=""""",
N,3,"=""""","=""741.999""","=""""","=""3.85e+05""",B,"=""321066.8""","=""334540.2""","=""2s.2p.(3P*).3p""","=""2D""","=""5/2""","=""2s.2p.(3P*).3d""","=""2D*""","=""3/2""",6,4,,"=""T7192LS""","=""""",
N,1,"=""""","=""742.1943""","=""""","=""1.63e+04""",B,"=""83317.830""","=""96787.680""","=""2s2.2p2.(3P).3s""","=""4P""","=""3/2""","=""2s2.2p2.(3P).3p""","=""2D*""","=""3/2""",4,4,,"=""T7370""","=""""",
N,1,"=""742.364""","=""742.3641""","=""685""","=""5.64e+06""",B+,"=""83284.070""","=""96750.840""","=""2s2.2p2.(3P).3s""","=""4P""","=""1/2""","=""2s2.2p2.(3P).3p""","=""4S*""","=""3/2""",2,4,,"=""T7370""","=""L3513""",
N,1,"=""""","=""742.8753""","=""""","=""9.06e+05""",D+,"=""96787.680""","=""110245.183""","=""2s2.2p2.(3P).3p""","=""2D*""","=""3/2""","=""2s2.2p2.(3P).4d""","=""2P""","=""1/2""",4,2,,"=""u18,LS""","=""""",
N,1,"=""""","=""743.6545""","=""""","=""1.4e-03""",D,"=""86220.510""","=""99663.912""","=""2s2.2p2.(3P).3s""","=""2P""","=""3/2""","=""2s2.2p2.(1D).3s""","=""2D""","=""3/2""",4,4,M1,"=""T7370""","=""""",
N,1,"=""""","=""743.6813""","=""""","=""5.0e-04""",D,"=""86220.510""","=""99663.427""","=""2s2.2p2.(3P).3s""","=""2P""","=""3/2""","=""2s2.2p2.(1D).3s""","=""2D""","=""5/2""",4,6,M1,"=""T7370""","=""""",
N,1,"=""744.229""","=""744.2298""","=""785""","=""1.19e+07""",B+,"=""83317.830""","=""96750.840""","=""2s2.2p2.(3P).3s""","=""4P""","=""3/2""","=""2s2.2p2.(3P).3p""","=""4S*""","=""3/2""",4,4,,"=""T7370""","=""L3513""",
N,1,"=""""","=""744.2621""","=""""","=""9.01e+04""",D+,"=""96787.680""","=""110220.107""","=""2s2.2p2.(3P).3p""","=""2D*""","=""3/2""","=""2s2.2p2.(3P).4d""","=""2P""","=""3/2""",4,4,,"=""u18,LS""","=""""",
N,1,"=""""","=""744.7815""","=""""","=""1.49e+04""",B,"=""83364.620""","=""96787.680""","=""2s2.2p2.(3P).3s""","=""4P""","=""5/2""","=""2s2.2p2.(3P).3p""","=""2D*""","=""3/2""",6,4,,"=""T7370""","=""""",
N,1,"=""""","=""744.8262""","=""""","=""1.07e+05""",C,"=""96864.050""","=""110286.305""","=""2s2.2p2.(3P).3p""","=""2D*""","=""5/2""","=""2s2.2p2.(3P).4d""","=""2F""","=""5/2""",6,6,,"=""u18,LS""","=""""",
N,2,"=""""","=""745.095""","=""""","=""2.29e+04""",D,"=""190120.24""","=""203537.66""","=""2s2.2p.3d""","=""1P*""","=""1""","=""2s2.2p.4p""","=""3S""","=""1""",3,3,,"=""T6385""","=""""",
N,1,"=""746.831""","=""746.8312""","=""900""","=""1.96e+07""",B+,"=""83364.620""","=""96750.840""","=""2s2.2p2.(3P).3s""","=""4P""","=""5/2""","=""2s2.2p2.(3P).3p""","=""4S*""","=""3/2""",6,4,,"=""T7370""","=""L3513""",
N,1,"=""""","=""748.5178""","=""""","=""7.97e+05""",D+,"=""96864.050""","=""110220.107""","=""2s2.2p2.(3P).3p""","=""2D*""","=""5/2""","=""2s2.2p2.(3P).4d""","=""2P""","=""3/2""",6,4,,"=""u18,LS""","=""""",
N,1,"=""""","=""750.7609""","=""""","=""2.30e+05""",C+,"=""96787.680""","=""110103.834""","=""2s2.2p2.(3P).3p""","=""2D*""","=""3/2""","=""2s2.2p2.(3P).5s""","=""2P""","=""3/2""",4,4,,"=""T6340""","=""""",
N,2,"=""""","=""752.812""","=""""","=""6.61e+03""",B,"=""174212.03""","=""187491.90""","=""2s2.2p.3p""","=""1D""","=""2""","=""2s2.2p.3d""","=""3D*""","=""3""",5,7,,"=""T7333""","=""""",
N,2,"=""""","=""753.857""","=""""","=""4.66e+04""",D,"=""188909.17""","=""202170.63""","=""2s2.2p.3d""","=""3P*""","=""1""","=""2s2.2p.4p""","=""1P""","=""1""",3,3,,"=""T6385""","=""""",
N,2,"=""""","=""754.536""","=""""","=""4.53e+04""",C,"=""174212.03""","=""187461.56""","=""2s2.2p.3p""","=""1D""","=""2""","=""2s2.2p.3d""","=""3D*""","=""2""",5,5,,"=""T7333""","=""""",
N,1,"=""""","=""754.6209""","=""""","=""2.85e+06""",B,"=""96787.680""","=""110035.720""","=""2s2.2p2.(3P).3p""","=""2D*""","=""3/2""","=""2s2.2p2.(3P).5s""","=""2P""","=""1/2""",4,2,,"=""T6340""","=""""",
N,1,"=""""","=""755.0914""","=""""","=""1.79e+06""",B,"=""96864.050""","=""110103.834""","=""2s2.2p2.(3P).3p""","=""2D*""","=""5/2""","=""2s2.2p2.(3P).5s""","=""2P""","=""3/2""",6,4,,"=""T6340""","=""""",
N,2,"=""""","=""755.456""","=""""","=""2.52e+03""",D,"=""188937.24""","=""202170.63""","=""2s2.2p.3d""","=""3P*""","=""0""","=""2s2.2p.4p""","=""1P""","=""1""",1,3,,"=""T6385""","=""""",
N,2,"=""""","=""755.905""","=""""","=""1.90e+03""",D,"=""174212.03""","=""187437.56""","=""2s2.2p.3p""","=""1D""","=""2""","=""2s2.2p.3d""","=""3D*""","=""1""",5,3,,"=""T7333""","=""""",
N,1,"=""""","=""758.7571""","=""""","=""7.01e+05""",D+,"=""96750.840""","=""109926.661""","=""2s2.2p2.(3P).3p""","=""4S*""","=""3/2""","=""2s2.2p2.(3P).5s""","=""4P""","=""5/2""",4,6,,"=""T5723LS""","=""""",
N,1,"=""""","=""762.8180""","=""""","=""6.90e+05""",D+,"=""96750.840""","=""109856.520""","=""2s2.2p2.(3P).3p""","=""4S*""","=""3/2""","=""2s2.2p2.(3P).5s""","=""4P""","=""3/2""",4,4,,"=""T5723LS""","=""""",
N,2,"=""""","=""764.971""","=""""","=""1.53e+04""",D,"=""190120.24""","=""203189.03""","=""2s2.2p.3d""","=""1P*""","=""1""","=""2s2.2p.4p""","=""3P""","=""1""",3,3,,"=""T6385""","=""""",
N,1,"=""""","=""765.4044""","=""""","=""6.83e+05""",D+,"=""96750.840""","=""109812.233""","=""2s2.2p2.(3P).3p""","=""4S*""","=""3/2""","=""2s2.2p2.(3P).5s""","=""4P""","=""1/2""",4,2,,"=""T5723LS""","=""""",
N,1,"=""""","=""770.351""","=""""","=""6.93e+05""",C,"=""107588.469""","=""120566.0""","=""2s2.2p2.(3P).4p""","=""2P*""","=""1/2""","=""2s2.2p2.(1D).3d""","=""2S""","=""1/2""",2,2,,"=""u18,LS""","=""""",
N,1,"=""""","=""772.721""","=""""","=""1.37e+06""",C,"=""107628.283""","=""120566.0""","=""2s2.2p2.(3P).4p""","=""2P*""","=""3/2""","=""2s2.2p2.(1D).3d""","=""2S""","=""1/2""",4,2,,"=""u18,LS""","=""""",
N,2,"=""776.224""","=""776.224""","=""450""","=""8.49e+06""",B,"=""174212.03""","=""187091.37""","=""2s2.2p.3p""","=""1D""","=""2""","=""2s2.2p.3d""","=""1D*""","=""2""",5,5,,"=""T7333""","=""L3513""",
N,1,"=""""","=""788.6224""","=""""","=""6.86e+05""",C,"=""97770.180""","=""110447.032""","=""2s2.2p2.(3P).3p""","=""2P*""","=""1/2""","=""2s2.2p2.(3P).4d""","=""2D""","=""3/2""",2,4,,"=""u18,LS""","=""""",
N,1,"=""""","=""789.3976""","=""""","=""8.21e+05""",C,"=""97805.840""","=""110470.244""","=""2s2.2p2.(3P).3p""","=""2P*""","=""3/2""","=""2s2.2p2.(3P).4d""","=""2D""","=""5/2""",4,6,,"=""u18,LS""","=""""",
N,2,"=""""","=""789.763""","=""""","=""2.27e+07""",B,"=""202170.63""","=""214829.18""","=""2s2.2p.4p""","=""1P""","=""1""","=""2s2.2p.5s""","=""1P*""","=""1""",3,3,,"=""T5520""","=""""",
N,1,"=""""","=""789.8982""","=""""","=""2.82e+07""",C,"=""99663.427""","=""112319.805""","=""2s2.2p2.(1D).3s""","=""2D""","=""5/2""","=""2s2.2p2.(1D).3p""","=""2P*""","=""3/2""",6,4,,"=""T5714n""","=""""",
N,1,"=""""","=""789.9284""","=""""","=""3.28e+06""",C,"=""99663.912""","=""112319.805""","=""2s2.2p2.(1D).3s""","=""2D""","=""3/2""","=""2s2.2p2.(1D).3p""","=""2P*""","=""3/2""",4,4,,"=""T5714n""","=""""",
N,2,"=""""","=""790.608""","=""""","=""4.22e+03""",D,"=""190120.24""","=""202765.26""","=""2s2.2p.3d""","=""1P*""","=""1""","=""2s2.2p.4p""","=""3D""","=""2""",3,5,,"=""T6385""","=""""",
N,1,"=""""","=""790.8471""","=""""","=""1.36e+05""",C,"=""97805.840""","=""110447.032""","=""2s2.2p2.(3P).3p""","=""2P*""","=""3/2""","=""2s2.2p2.(3P).4d""","=""2D""","=""3/2""",4,4,,"=""u18,LS""","=""""",
N,1,"=""""","=""791.5419""","=""""","=""3.13e+07""",C,"=""99663.912""","=""112294.007""","=""2s2.2p2.(1D).3s""","=""2D""","=""3/2""","=""2s2.2p2.(1D).3p""","=""2P*""","=""1/2""",4,2,,"=""T5714n""","=""""",
N,2,"=""""","=""793.818""","=""""","=""4.45e+04""",D,"=""190120.24""","=""202714.12""","=""2s2.2p.3d""","=""1P*""","=""1""","=""2s2.2p.4p""","=""3D""","=""1""",3,3,,"=""T6385""","=""""",
N,2,"=""""","=""808.908""","=""""","=""1.01e+04""",C+,"=""174212.03""","=""186570.98""","=""2s2.2p.3p""","=""1D""","=""2""","=""2s2.2p.3d""","=""3F*""","=""3""",5,7,,"=""T7333""","=""""",
N,1,"=""""","=""810.5668""","=""""","=""2.36e+05""",D+,"=""97770.180""","=""110103.834""","=""2s2.2p2.(3P).3p""","=""2P*""","=""1/2""","=""2s2.2p2.(3P).5s""","=""2P""","=""3/2""",2,4,,"=""u18,LS""","=""""",
N,2,"=""""","=""812.814""","=""""","=""5.55e+04""",C+,"=""174212.03""","=""186511.58""","=""2s2.2p.3p""","=""1D""","=""2""","=""2s2.2p.3d""","=""3F*""","=""2""",5,5,,"=""T7333""","=""""",
N,1,"=""""","=""812.9172""","=""""","=""1.17e+06""",D+,"=""97805.840""","=""110103.834""","=""2s2.2p2.(3P).3p""","=""2P*""","=""3/2""","=""2s2.2p2.(3P).5s""","=""2P""","=""3/2""",4,4,,"=""u18,LS""","=""""",
N,1,"=""""","=""815.0682""","=""""","=""9.29e+05""",D+,"=""97770.180""","=""110035.720""","=""2s2.2p2.(3P).3p""","=""2P*""","=""1/2""","=""2s2.2p2.(3P).5s""","=""2P""","=""1/2""",2,2,,"=""u18,LS""","=""""",
N,1,"=""""","=""816.6233""","=""""","=""1.32e+07""",C,"=""99663.427""","=""111905.609""","=""2s2.2p2.(1D).3s""","=""2D""","=""5/2""","=""2s2.2p2.(3P).5p""","=""2D*""","=""5/2""",6,6,,"=""u18,LS""","=""""",
N,1,"=""""","=""816.6557""","=""""","=""9.39e+05""",C,"=""99663.912""","=""111905.609""","=""2s2.2p2.(1D).3s""","=""2D""","=""3/2""","=""2s2.2p2.(3P).5p""","=""2D*""","=""5/2""",4,6,,"=""u18,LS""","=""""",
N,1,"=""""","=""817.4448""","=""""","=""4.60e+05""",D+,"=""97805.840""","=""110035.720""","=""2s2.2p2.(3P).3p""","=""2P*""","=""3/2""","=""2s2.2p2.(3P).5s""","=""2P""","=""1/2""",4,2,,"=""u18,LS""","=""""",
N,1,"=""818.487""","=""818.4861""","=""400""","=""8.21e+06""",B+,"=""83317.830""","=""95532.150""","=""2s2.2p2.(3P).3s""","=""4P""","=""3/2""","=""2s2.2p2.(3P).3p""","=""4P*""","=""5/2""",4,6,,"=""T7370""","=""L3513""",
N,1,"=""818.802""","=""818.8012""","=""400""","=""1.25e+07""",B+,"=""83284.070""","=""95493.690""","=""2s2.2p2.(3P).3s""","=""4P""","=""1/2""","=""2s2.2p2.(3P).3p""","=""4P*""","=""3/2""",2,4,,"=""T7370""","=""L3513""",
N,1,"=""820.036""","=""820.0357""","=""250""","=""4.68e+06""",B+,"=""83284.070""","=""95475.310""","=""2s2.2p2.(3P).3s""","=""4P""","=""1/2""","=""2s2.2p2.(3P).3p""","=""4P*""","=""1/2""",2,2,,"=""T7370""","=""L3513""",
N,1,"=""""","=""820.1437""","=""""","=""1.39e+06""",C,"=""99663.427""","=""111853.061""","=""2s2.2p2.(1D).3s""","=""2D""","=""5/2""","=""2s2.2p2.(3P).5p""","=""2D*""","=""3/2""",6,4,,"=""u18,LS""","=""""",
N,1,"=""""","=""820.1763""","=""""","=""1.25e+07""",C,"=""99663.912""","=""111853.061""","=""2s2.2p2.(1D).3s""","=""2D""","=""3/2""","=""2s2.2p2.(3P).5p""","=""2D*""","=""3/2""",4,4,,"=""u18,LS""","=""""",
N,1,"=""821.072""","=""821.0715""","=""300""","=""5.23e+06""",B+,"=""83317.830""","=""95493.690""","=""2s2.2p2.(3P).3s""","=""4P""","=""3/2""","=""2s2.2p2.(3P).3p""","=""4P*""","=""3/2""",4,4,,"=""T7370""","=""L3513""",
N,1,"=""821.634""","=""821.6336""","=""570""","=""2.26e+07""",B+,"=""83364.620""","=""95532.150""","=""2s2.2p2.(3P).3s""","=""4P""","=""5/2""","=""2s2.2p2.(3P).3p""","=""4P*""","=""5/2""",6,6,,"=""T7370""","=""L3513""",
N,1,"=""822.314""","=""822.3128""","=""400""","=""2.62e+07""",B+,"=""83317.830""","=""95475.310""","=""2s2.2p2.(3P).3s""","=""4P""","=""3/2""","=""2s2.2p2.(3P).3p""","=""4P*""","=""1/2""",4,2,,"=""T7370""","=""L3513""",
N,1,"=""824.239""","=""824.2389""","=""400""","=""1.31e+07""",B+,"=""83364.620""","=""95493.690""","=""2s2.2p2.(3P).3s""","=""4P""","=""5/2""","=""2s2.2p2.(3P).3p""","=""4P*""","=""3/2""",6,4,,"=""T7370""","=""L3513""",
N,2,"=""""","=""829.621""","=""""","=""2.32e+06""",B,"=""190120.24""","=""202170.63""","=""2s2.2p.3d""","=""1P*""","=""1""","=""2s2.2p.4p""","=""1P""","=""1""",3,3,,"=""T5520,T6385""","=""""",
N,3,"=""""","=""830.751""","=""""","=""1.65e+06""",B,"=""297151.2""","=""309185.2""","=""2s.2p.(3P*).3s""","=""2P*""","=""1/2""","=""2s.2p.(3P*).3p""","=""2P""","=""3/2""",2,4,,"=""T7192LS""","=""""",
N,3,"=""""","=""834.495""","=""""","=""6.52e+06""",B,"=""297151.2""","=""309131.2""","=""2s.2p.(3P*).3s""","=""2P*""","=""1/2""","=""2s.2p.(3P*).3p""","=""2P""","=""1/2""",2,2,,"=""T7192LS""","=""""",
N,3,"=""""","=""838.639""","=""""","=""8.03e+06""",B,"=""297264.4""","=""309185.2""","=""2s.2p.(3P*).3s""","=""2P*""","=""3/2""","=""2s.2p.(3P*).3p""","=""2P""","=""3/2""",4,4,,"=""T7192LS""","=""""",
N,3,"=""""","=""842.456""","=""""","=""3.17e+06""",B,"=""297264.4""","=""309131.2""","=""2s.2p.(3P*).3s""","=""2P*""","=""3/2""","=""2s.2p.(3P*).3p""","=""2P""","=""1/2""",4,2,,"=""T7192LS""","=""""",
N,2,"=""843.874""","=""843.874""","=""550""","=""1.91e+07""",B,"=""178273.38""","=""190120.24""","=""2s2.2p.3p""","=""1S""","=""0""","=""2s2.2p.3d""","=""1P*""","=""1""",1,3,,"=""T7333""","=""L3513""",
N,3,"=""""","=""844.434""","=""""","=""5.43e+04""",B,"=""342691.5""","=""354530.5""","=""2s.2p.(3P*).3d""","=""2P*""","=""3/2""","=""2s2.6d""","=""2D""","=""5/2""",4,6,,"=""T7192LS""","=""""",
N,3,"=""""","=""844.434""","=""""","=""9.05e+03""",B,"=""342691.5""","=""354530.5""","=""2s.2p.(3P*).3d""","=""2P*""","=""3/2""","=""2s2.6d""","=""2D""","=""3/2""",4,4,,"=""T7192LS""","=""""",
N,3,"=""""","=""849.529""","=""""","=""4.44e+04""",B,"=""342762.5""","=""354530.5""","=""2s.2p.(3P*).3d""","=""2P*""","=""1/2""","=""2s2.6d""","=""2D""","=""3/2""",2,4,,"=""T7192LS""","=""""",
N,2,"=""""","=""856.662""","=""""","=""3.16e+05""",C+,"=""202714.12""","=""214384.13""","=""2s2.2p.4p""","=""3D""","=""1""","=""2s2.2p.5s""","=""3P*""","=""2""",3,5,,"=""T5520LS""","=""""",
N,1,"=""856.774""","=""856.7735""","=""500""","=""4.86e+06""",B+,"=""86137.350""","=""97805.840""","=""2s2.2p2.(3P).3s""","=""2P""","=""1/2""","=""2s2.2p2.(3P).3p""","=""2P*""","=""3/2""",2,4,,"=""T7370""","=""L3513""",
N,1,"=""859.400""","=""859.4000""","=""570""","=""2.09e+07""",B+,"=""86137.350""","=""97770.180""","=""2s2.2p2.(3P).3s""","=""2P""","=""1/2""","=""2s2.2p2.(3P).3p""","=""2P*""","=""1/2""",2,2,,"=""T7370""","=""L3513""",
N,2,"=""""","=""860.433""","=""""","=""4.67e+06""",C+,"=""202765.26""","=""214384.13""","=""2s2.2p.4p""","=""3D""","=""2""","=""2s2.2p.5s""","=""3P*""","=""2""",5,5,,"=""T5520LS""","=""""",
N,1,"=""862.924""","=""862.9235""","=""650""","=""2.67e+07""",B+,"=""86220.510""","=""97805.840""","=""2s2.2p2.(3P).3s""","=""2P""","=""3/2""","=""2s2.2p2.(3P).3p""","=""2P*""","=""3/2""",4,4,,"=""T7370""","=""L3513""",
N,3,"=""""","=""865.293""","=""""","=""8.45e+05""",B,"=""353440.6""","=""364994.2""","=""2s.2p.(1P*).3s""","=""2P*""","=""1/2""","=""2s2.8s""","=""2S""","=""1/2""",2,2,,"=""T7192LS""","=""""",
N,3,"=""""","=""865.436""","=""""","=""1.69e+06""",B,"=""353442.5""","=""364994.2""","=""2s.2p.(1P*).3s""","=""2P*""","=""3/2""","=""2s2.8s""","=""2S""","=""1/2""",4,2,,"=""T7192LS""","=""""",
N,1,"=""""","=""865.5748""","=""""","=""5.46e+06""",C,"=""99663.427""","=""111213.271""","=""2s2.2p2.(1D).3s""","=""2D""","=""5/2""","=""2s2.2p2.(3P).5p""","=""2P*""","=""3/2""",6,4,,"=""u18,LS""","=""""",
N,1,"=""865.589""","=""865.5878""","=""500""","=""1.07e+07""",B+,"=""86220.510""","=""97770.180""","=""2s2.2p2.(3P).3s""","=""2P""","=""3/2""","=""2s2.2p2.(3P).3p""","=""2P*""","=""1/2""",4,2,,"=""T7370""","=""L3513""",
N,1,"=""""","=""865.6112""","=""""","=""6.06e+05""",C,"=""99663.912""","=""111213.271""","=""2s2.2p2.(1D).3s""","=""2D""","=""3/2""","=""2s2.2p2.(3P).5p""","=""2P*""","=""3/2""",4,4,,"=""u18,LS""","=""""",
N,2,"=""""","=""866.045""","=""""","=""7.64e+06""",C+,"=""202714.12""","=""214257.69""","=""2s2.2p.4p""","=""3D""","=""1""","=""2s2.2p.5s""","=""3P*""","=""1""",3,3,,"=""T5520LS""","=""""",
N,1,"=""""","=""866.4386""","=""""","=""1.63e+05""",C,"=""93581.550""","=""105119.880""","=""2s2.2p2.(3P).3p""","=""2S*""","=""1/2""","=""2s2.2p2.(3P).3d""","=""2D""","=""3/2""",2,4,,"=""T7370""","=""""",
N,1,"=""""","=""866.6935""","=""""","=""6.04e+06""",C,"=""99663.912""","=""111198.848""","=""2s2.2p2.(1D).3s""","=""2D""","=""3/2""","=""2s2.2p2.(3P).5p""","=""2P*""","=""1/2""",4,2,,"=""u18,LS""","=""""",
N,2,"=""867.608""","=""867.609""","=""220""","=""2.55e+07""",C+,"=""202861.36""","=""214384.13""","=""2s2.2p.4p""","=""3D""","=""3""","=""2s2.2p.5s""","=""3P*""","=""2""",7,5,,"=""T5520LS""","=""L3513""",
N,1,"=""868.028""","=""868.0282""","=""700""","=""2.53e+07""",B+,"=""83364.620""","=""94881.820""","=""2s2.2p2.(3P).3s""","=""4P""","=""5/2""","=""2s2.2p2.(3P).3p""","=""4D*""","=""7/2""",6,8,,"=""T7370""","=""L3513""",
N,1,"=""868.340""","=""868.3403""","=""650""","=""1.88e+07""",B+,"=""83317.830""","=""94830.890""","=""2s2.2p2.(3P).3s""","=""4P""","=""3/2""","=""2s2.2p2.(3P).3p""","=""4D*""","=""5/2""",4,6,,"=""T7370""","=""L3513""",
N,1,"=""868.615""","=""868.6149""","=""500""","=""1.15e+07""",B+,"=""83284.070""","=""94793.490""","=""2s2.2p2.(3P).3s""","=""4P""","=""1/2""","=""2s2.2p2.(3P).3p""","=""4D*""","=""3/2""",2,4,,"=""T7370""","=""L3513""",
N,2,"=""868.743""","=""868.743""","=""110""","=""1.16e+06""",D,"=""166765.66""","=""178273.38""","=""2s.2p3""","=""1P*""","=""1""","=""2s2.2p.3p""","=""1S""","=""0""",3,1,,"=""T7333""","=""L3513""",
N,2,"=""""","=""869.490""","=""""","=""3.02e+07""",C+,"=""202714.12""","=""214211.96""","=""2s2.2p.4p""","=""3D""","=""1""","=""2s2.2p.5s""","=""3P*""","=""0""",3,1,,"=""T5520LS""","=""""",
N,2,"=""869.900""","=""869.899""","=""110w""","=""2.26e+07""",C+,"=""202765.26""","=""214257.69""","=""2s2.2p.4p""","=""3D""","=""2""","=""2s2.2p.5s""","=""3P*""","=""1""",5,3,,"=""T5520LS""","=""L3513""",
N,1,"=""870.325""","=""870.3247""","=""500""","=""2.16e+07""",B+,"=""83284.070""","=""94770.880""","=""2s2.2p2.(3P).3s""","=""4P""","=""1/2""","=""2s2.2p2.(3P).3p""","=""4D*""","=""1/2""",2,2,,"=""T7370""","=""L3513""",
N,1,"=""871.170""","=""871.1703""","=""570""","=""1.29e+07""",B+,"=""83317.830""","=""94793.490""","=""2s2.2p2.(3P).3s""","=""4P""","=""3/2""","=""2s2.2p2.(3P).3p""","=""4D*""","=""3/2""",4,4,,"=""T7370""","=""L3513""",
N,1,"=""871.883""","=""871.8837""","=""500""","=""6.54e+06""",B+,"=""83364.620""","=""94830.890""","=""2s2.2p2.(3P).3s""","=""4P""","=""5/2""","=""2s2.2p2.(3P).3p""","=""4D*""","=""5/2""",6,6,,"=""T7370""","=""L3513""",
N,1,"=""872.889""","=""872.8901""","=""250""","=""3.75e+06""",B+,"=""83317.830""","=""94770.880""","=""2s2.2p2.(3P).3s""","=""4P""","=""3/2""","=""2s2.2p2.(3P).3p""","=""4D*""","=""1/2""",4,2,,"=""T7370""","=""L3513""",
N,1,"=""874.736""","=""874.7369""","=""200""","=""9.65e+05""",B+,"=""83364.620""","=""94793.490""","=""2s2.2p2.(3P).3s""","=""4P""","=""5/2""","=""2s2.2p2.(3P).3p""","=""4D*""","=""3/2""",6,4,,"=""T7370""","=""L3513""",
N,1,"=""""","=""875.821""","=""""","=""2.62e+04""",C,"=""93581.550""","=""104996.27""","=""2s2.2p2.(3P).3p""","=""2S*""","=""1/2""","=""2s2.2p2.(3P).3d""","=""4D""","=""3/2""",2,4,,"=""T7370""","=""""",
N,1,"=""""","=""876.735""","=""""","=""1.22e+05""",C,"=""93581.550""","=""104984.37""","=""2s2.2p2.(3P).3p""","=""2S*""","=""1/2""","=""2s2.2p2.(3P).3d""","=""4D""","=""1/2""",2,2,,"=""T7370""","=""""",
N,2,"=""""","=""883.175""","=""""","=""8.42e+05""",C+,"=""211749.35""","=""223069.02""","=""2s.2p2.(4P).3s""","=""3P""","=""0""","=""2s.2p2.(4P).3p""","=""3S*""","=""1""",1,3,,"=""T5520LS""","=""""",
N,1,"=""""","=""884.357""","=""""","=""7.5e+04""",C,"=""93581.550""","=""104886.10""","=""2s2.2p2.(3P).3p""","=""2S*""","=""1/2""","=""2s2.2p2.(3P).3d""","=""4P""","=""1/2""",2,2,,"=""T7370""","=""""",
N,2,"=""""","=""885.530""","=""""","=""2.51e+06""",C+,"=""211779.45""","=""223069.02""","=""2s.2p2.(4P).3s""","=""3P""","=""1""","=""2s.2p2.(4P).3p""","=""3S*""","=""1""",3,3,,"=""T5520LS""","=""""",
N,1,"=""""","=""886.424""","=""""","=""9.8e+04""",C,"=""93581.550""","=""104859.73""","=""2s2.2p2.(3P).3p""","=""2S*""","=""1/2""","=""2s2.2p2.(3P).3d""","=""4P""","=""3/2""",2,4,,"=""T7370""","=""""",
N,2,"=""""","=""889.329""","=""""","=""4.12e+06""",C+,"=""211827.67""","=""223069.02""","=""2s.2p2.(4P).3s""","=""3P""","=""2""","=""2s.2p2.(4P).3p""","=""3S*""","=""1""",5,3,,"=""T5520LS""","=""""",
N,2,"=""""","=""893.003""","=""""","=""4.83e+06""",C+,"=""203189.03""","=""214384.13""","=""2s2.2p.4p""","=""3P""","=""1""","=""2s2.2p.5s""","=""3P*""","=""2""",3,5,,"=""T5520LS""","=""""",
N,2,"=""""","=""898.618""","=""""","=""1.42e+07""",C+,"=""203258.98""","=""214384.13""","=""2s2.2p.4p""","=""3P""","=""2""","=""2s2.2p.5s""","=""3P*""","=""2""",5,5,,"=""T5520LS""","=""""",
N,3,"=""""","=""900.321""","=""""","=""3.28e+06""",B,"=""327058.0""","=""338162.1""","=""2s.2p.(3P*).3p""","=""2S""","=""1/2""","=""2s2.5p""","=""2P*""","=""3/2""",2,4,,"=""T7192LS""","=""""",
N,3,"=""""","=""900.986""","=""""","=""3.28e+06""",B,"=""327058.0""","=""338153.9""","=""2s.2p.(3P*).3p""","=""2S""","=""1/2""","=""2s2.5p""","=""2P*""","=""1/2""",2,2,,"=""T7192LS""","=""""",
N,2,"=""""","=""901.042""","=""""","=""6.27e+06""",C+,"=""203162.48""","=""214257.69""","=""2s2.2p.4p""","=""3P""","=""0""","=""2s2.2p.5s""","=""3P*""","=""1""",1,3,,"=""T5520LS""","=""""",
N,1,"=""""","=""902.0693""","=""""","=""3.68e+05""",C,"=""93581.550""","=""104664.130""","=""2s2.2p2.(3P).3p""","=""2S*""","=""1/2""","=""2s2.2p2.(3P).3d""","=""4F""","=""3/2""",2,4,,"=""T7370""","=""""",
N,1,"=""""","=""902.8922""","=""""","=""3.20e+07""",C,"=""93581.550""","=""104654.030""","=""2s2.2p2.(3P).3p""","=""2S*""","=""1/2""","=""2s2.2p2.(3P).3d""","=""2P""","=""1/2""",2,2,,"=""T7370""","=""""",
N,2,"=""""","=""903.204""","=""""","=""4.67e+06""",C+,"=""203189.03""","=""214257.69""","=""2s2.2p.4p""","=""3P""","=""1""","=""2s2.2p.5s""","=""3P*""","=""1""",3,3,,"=""T5520LS""","=""""",
N,1,"=""""","=""904.5878""","=""""","=""2.80e+07""",B,"=""99663.427""","=""110715.152""","=""2s2.2p2.(1D).3s""","=""2D""","=""5/2""","=""2s2.2p2.(1D).3p""","=""2F*""","=""7/2""",6,8,,"=""T5714n""","=""""",
N,1,"=""""","=""904.9492""","=""""","=""1.88e+06""",B,"=""99663.427""","=""110710.739""","=""2s2.2p2.(1D).3s""","=""2D""","=""5/2""","=""2s2.2p2.(1D).3p""","=""2F*""","=""5/2""",6,6,,"=""T5714n""","=""""",
N,1,"=""""","=""904.9889""","=""""","=""2.60e+07""",B,"=""99663.912""","=""110710.739""","=""2s2.2p2.(1D).3s""","=""2D""","=""3/2""","=""2s2.2p2.(1D).3p""","=""2F*""","=""5/2""",4,6,,"=""T5714n""","=""""",
N,1,"=""""","=""906.0475""","=""""","=""3.21e+07""",C,"=""93581.550""","=""104615.470""","=""2s2.2p2.(3P).3p""","=""2S*""","=""1/2""","=""2s2.2p2.(3P).3d""","=""2P""","=""3/2""",2,4,,"=""T7370""","=""""",
N,2,"=""""","=""906.951""","=""""","=""1.85e+07""",C+,"=""203189.03""","=""214211.96""","=""2s2.2p.4p""","=""3P""","=""1""","=""2s2.2p.5s""","=""3P*""","=""0""",3,1,,"=""T5520LS""","=""""",
N,2,"=""""","=""908.948""","=""""","=""7.64e+06""",C+,"=""203258.98""","=""214257.69""","=""2s2.2p.4p""","=""3P""","=""2""","=""2s2.2p.5s""","=""3P*""","=""1""",5,3,,"=""T5520LS""","=""""",
N,1,"=""""","=""918.7453""","=""""","=""2.44e+07""",C+,"=""99663.427""","=""110544.850""","=""2s2.2p2.(1D).3s""","=""2D""","=""5/2""","=""2s2.2p2.(1D).3p""","=""2D*""","=""5/2""",6,6,,"=""T5714""","=""""",
N,1,"=""""","=""918.7863""","=""""","=""1.76e+06""",C+,"=""99663.912""","=""110544.850""","=""2s2.2p2.(1D).3s""","=""2D""","=""3/2""","=""2s2.2p2.(1D).3p""","=""2D*""","=""5/2""",4,6,,"=""T5714""","=""""",
N,1,"=""""","=""920.7592""","=""""","=""2.70e+06""",C+,"=""99663.427""","=""110521.050""","=""2s2.2p2.(1D).3s""","=""2D""","=""5/2""","=""2s2.2p2.(1D).3p""","=""2D*""","=""3/2""",6,4,,"=""T5714""","=""""",
N,1,"=""""","=""920.8003""","=""""","=""2.33e+07""",C+,"=""99663.912""","=""110521.050""","=""2s2.2p2.(1D).3s""","=""2D""","=""3/2""","=""2s2.2p2.(1D).3p""","=""2D*""","=""3/2""",4,4,,"=""T5714""","=""""",
N,2,"=""""","=""921.706""","=""""","=""4.07e+06""",C+,"=""203537.66""","=""214384.13""","=""2s2.2p.4p""","=""3S""","=""1""","=""2s2.2p.5s""","=""3P*""","=""2""",3,5,,"=""T5520LS""","=""""",
N,3,"=""""","=""923.074""","=""""","=""1.51e+07""",B,"=""368514.4""","=""379344.8""","=""2s.2p.(3P*).4s""","=""4P*""","=""1/2""","=""2s.2p.(3P*).4p""","=""4P""","=""3/2""",2,4,,"=""T7192LS""","=""""",
N,3,"=""""","=""924.021""","=""""","=""1.08e+07""",B,"=""368578.3""","=""379397.6""","=""2s.2p.(3P*).4s""","=""4P*""","=""3/2""","=""2s.2p.(3P*).4p""","=""4P""","=""5/2""",4,6,,"=""T7192LS""","=""""",
N,3,"=""""","=""926.899""","=""""","=""5.97e+06""",B,"=""368514.4""","=""379300.1""","=""2s.2p.(3P*).4s""","=""4P*""","=""1/2""","=""2s.2p.(3P*).4p""","=""4P""","=""1/2""",2,2,,"=""T7192LS""","=""""",
N,3,"=""""","=""928.552""","=""""","=""4.75e+06""",B,"=""368578.3""","=""379344.8""","=""2s.2p.(3P*).4s""","=""4P*""","=""3/2""","=""2s.2p.(3P*).4p""","=""4P""","=""3/2""",4,4,,"=""T7192LS""","=""""",
N,3,"=""""","=""932.423""","=""""","=""2.93e+07""",B,"=""368578.3""","=""379300.1""","=""2s.2p.(3P*).4s""","=""4P*""","=""3/2""","=""2s.2p.(3P*).4p""","=""4P""","=""1/2""",4,2,,"=""T7192LS""","=""""",
N,2,"=""""","=""932.577""","=""""","=""3.93e+06""",C+,"=""203537.66""","=""214257.69""","=""2s2.2p.4p""","=""3S""","=""1""","=""2s2.2p.5s""","=""3P*""","=""1""",3,3,,"=""T5520LS""","=""""",
N,3,"=""""","=""934.210""","=""""","=""2.45e+07""",B,"=""368696.3""","=""379397.6""","=""2s.2p.(3P*).4s""","=""4P*""","=""5/2""","=""2s.2p.(3P*).4p""","=""4P""","=""5/2""",6,6,,"=""T7192LS""","=""""",
N,1,"=""""","=""936.121""","=""""","=""9.51e+05""",C+,"=""110521.050""","=""121200.5""","=""2s2.2p2.(1D).3p""","=""2D*""","=""3/2""","=""2s.2p4""","=""2D""","=""5/2""",4,6,,"=""T5714""","=""""",
N,2,"=""""","=""936.573""","=""""","=""3.88e+06""",C+,"=""203537.66""","=""214211.96""","=""2s2.2p.4p""","=""3S""","=""1""","=""2s2.2p.5s""","=""3P*""","=""0""",3,1,,"=""T5520LS""","=""""",
N,1,"=""""","=""938.212""","=""""","=""1.36e+07""",C+,"=""110544.850""","=""121200.5""","=""2s2.2p2.(1D).3p""","=""2D*""","=""5/2""","=""2s.2p4""","=""2D""","=""5/2""",6,6,,"=""T5714""","=""""",
N,1,"=""938.680""","=""938.6805""","=""500""","=""2.13e+07""",B,"=""86137.350""","=""96787.680""","=""2s2.2p2.(3P).3s""","=""2P""","=""1/2""","=""2s2.2p2.(3P).3p""","=""2D*""","=""3/2""",2,4,,"=""T7370""","=""L3513""",
N,3,"=""""","=""938.842""","=""""","=""1.55e+07""",B,"=""368696.3""","=""379344.8""","=""2s.2p.(3P*).4s""","=""4P*""","=""5/2""","=""2s.2p.(3P*).4p""","=""4P""","=""3/2""",6,4,,"=""T7192LS""","=""""",
N,1,"=""939.279""","=""939.2793""","=""570""","=""2.51e+07""",B,"=""86220.510""","=""96864.050""","=""2s2.2p2.(3P).3s""","=""2P""","=""3/2""","=""2s2.2p2.(3P).3p""","=""2D*""","=""5/2""",4,6,,"=""T7370""","=""L3513""",
N,1,"=""""","=""939.5848""","=""""","=""1.8e+04""",D,"=""93581.550""","=""104221.630""","=""2s2.2p2.(3P).3p""","=""2S*""","=""1/2""","=""2s2.2p2.(3P).4s""","=""2P""","=""3/2""",2,4,,"=""T7370""","=""""",
N,2,"=""""","=""939.964""","=""""","=""1.04e+04""",B,"=""178273.38""","=""188909.17""","=""2s2.2p.3p""","=""1S""","=""0""","=""2s2.2p.3d""","=""3P*""","=""1""",1,3,,"=""T7333""","=""""",
N,3,"=""""","=""940.246""","=""""","=""2.74e+07""",B,"=""301082.6""","=""311715.2""","=""2s2.4s""","=""2S""","=""1/2""","=""2s2.4p""","=""2P*""","=""3/2""",2,4,,"=""T7192LS""","=""""",
N,1,"=""""","=""941.9387""","=""""","=""2.93e+04""",C+,"=""86137.350""","=""96750.840""","=""2s2.2p2.(3P).3s""","=""2P""","=""1/2""","=""2s2.2p2.(3P).3p""","=""4S*""","=""3/2""",2,4,,"=""T7370""","=""""",
N,3,"=""""","=""942.453""","=""""","=""2.72e+07""",B,"=""301082.6""","=""311690.3""","=""2s2.4s""","=""2S""","=""1/2""","=""2s2.4p""","=""2P*""","=""1/2""",2,2,,"=""T7192LS""","=""""",
N,1,"=""946.068""","=""946.0676""","=""250""","=""3.73e+06""",B,"=""86220.510""","=""96787.680""","=""2s2.2p2.(3P).3s""","=""2P""","=""3/2""","=""2s2.2p2.(3P).3p""","=""2D*""","=""3/2""",4,4,,"=""T7370""","=""L3513""",
N,1,"=""""","=""946.4169""","=""""","=""3.50e+05""",C,"=""93581.550""","=""104144.820""","=""2s2.2p2.(3P).3p""","=""2S*""","=""1/2""","=""2s2.2p2.(3P).4s""","=""2P""","=""1/2""",2,2,,"=""T7370""","=""""",
N,1,"=""""","=""949.3774""","=""""","=""4.06e+02""",C+,"=""86220.510""","=""96750.840""","=""2s2.2p2.(3P).3s""","=""2P""","=""3/2""","=""2s2.2p2.(3P).3p""","=""4S*""","=""3/2""",4,4,,"=""T7370""","=""""",
N,1,"=""""","=""953.049""","=""""","=""1.31e+04""",C+,"=""110710.739""","=""121200.5""","=""2s2.2p2.(1D).3p""","=""2F*""","=""5/2""","=""2s.2p4""","=""2D""","=""5/2""",6,6,,"=""T5714""","=""""",
N,1,"=""""","=""953.450""","=""""","=""2.89e+05""",C+,"=""110715.152""","=""121200.5""","=""2s2.2p2.(1D).3p""","=""2F*""","=""7/2""","=""2s.2p4""","=""2D""","=""5/2""",8,6,,"=""T5714""","=""""",
N,3,"=""""","=""963.164""","=""""","=""2.00e+07""",B,"=""374746.4""","=""385126""","=""2s.2p.(3P*).4p""","=""2P""","=""1/2""","=""2s.2p.(3P*).4d""","=""2D*""","=""3/2""",2,4,,"=""T7192LS""","=""""",
N,1,"=""""","=""965.8981""","=""""","=""8.7e+03""",C,"=""94793.490""","=""105143.710""","=""2s2.2p2.(3P).3p""","=""4D*""","=""3/2""","=""2s2.2p2.(3P).3d""","=""2D""","=""5/2""",4,6,,"=""T7370""","=""""",
N,1,"=""""","=""966.0120""","=""""","=""2.49e+04""",C,"=""94770.880""","=""105119.880""","=""2s2.2p2.(3P).3p""","=""4D*""","=""1/2""","=""2s2.2p2.(3P).3d""","=""2D""","=""3/2""",2,4,,"=""T7370""","=""""",
N,1,"=""""","=""968.1271""","=""""","=""8.1e+04""",C,"=""94793.490""","=""105119.880""","=""2s2.2p2.(3P).3p""","=""4D*""","=""3/2""","=""2s2.2p2.(3P).3d""","=""2D""","=""3/2""",4,4,,"=""T7370""","=""""",
N,3,"=""""","=""968.614""","=""""","=""2.36e+07""",B,"=""374804.8""","=""385126""","=""2s.2p.(3P*).4p""","=""2P""","=""3/2""","=""2s.2p.(3P*).4d""","=""2D*""","=""5/2""",4,6,,"=""T7192LS""","=""""",
N,3,"=""""","=""968.614""","=""""","=""3.93e+06""",B,"=""374804.8""","=""385126""","=""2s.2p.(3P*).4p""","=""2P""","=""3/2""","=""2s.2p.(3P*).4d""","=""2D*""","=""3/2""",4,4,,"=""T7192LS""","=""""",
N,2,"=""""","=""968.898""","=""""","=""5.12e+04""",D,"=""196592.07""","=""206910.24""","=""2s2.2p.4s""","=""3P*""","=""1""","=""2s2.2p.4p""","=""1S""","=""0""",3,1,,"=""T6385""","=""""",
N,1,"=""""","=""969.4010""","=""""","=""6.3e+04""",C,"=""94830.890""","=""105143.710""","=""2s2.2p2.(3P).3p""","=""4D*""","=""5/2""","=""2s2.2p2.(3P).3d""","=""2D""","=""5/2""",6,6,,"=""T7370""","=""""",
N,1,"=""""","=""970.8451""","=""""","=""3.18e+03""",B+,"=""83284.070""","=""93581.550""","=""2s2.2p2.(3P).3s""","=""4P""","=""1/2""","=""2s2.2p2.(3P).3p""","=""2S*""","=""1/2""",2,2,,"=""T7370""","=""""",
N,1,"=""""","=""971.6462""","=""""","=""1.34e+04""",C,"=""94830.890""","=""105119.880""","=""2s2.2p2.(3P).3p""","=""4D*""","=""5/2""","=""2s2.2p2.(3P).3d""","=""2D""","=""3/2""",6,4,,"=""T7370""","=""""",
N,1,"=""""","=""974.0385""","=""""","=""9.03e+03""",B+,"=""83317.830""","=""93581.550""","=""2s2.2p2.(3P).3s""","=""4P""","=""3/2""","=""2s2.2p2.(3P).3p""","=""2S*""","=""1/2""",4,2,,"=""T7370""","=""""",
N,1,"=""""","=""974.2122""","=""""","=""4.91e+01""",C,"=""94881.820""","=""105143.710""","=""2s2.2p2.(3P).3p""","=""4D*""","=""7/2""","=""2s2.2p2.(3P).3d""","=""2D""","=""5/2""",8,6,,"=""T7370""","=""""",
N,1,"=""""","=""977.690""","=""""","=""1.40e+06""",B,"=""94770.880""","=""104996.27""","=""2s2.2p2.(3P).3p""","=""4D*""","=""1/2""","=""2s2.2p2.(3P).3d""","=""4D""","=""3/2""",2,4,,"=""T7370""","=""""",
N,1,"=""""","=""978.678""","=""""","=""1.18e+06""",B,"=""94793.490""","=""105008.55""","=""2s2.2p2.(3P).3p""","=""4D*""","=""3/2""","=""2s2.2p2.(3P).3d""","=""4D""","=""5/2""",4,6,,"=""T7370""","=""""",
N,1,"=""""","=""978.829""","=""""","=""3.83e+06""",B,"=""94770.880""","=""104984.37""","=""2s2.2p2.(3P).3p""","=""4D*""","=""1/2""","=""2s2.2p2.(3P).3d""","=""4D""","=""1/2""",2,2,,"=""T7370""","=""""",
N,1,"=""""","=""979.856""","=""""","=""3.33e+06""",B,"=""94793.490""","=""104996.27""","=""2s2.2p2.(3P).3p""","=""4D*""","=""3/2""","=""2s2.2p2.(3P).3d""","=""4D""","=""3/2""",4,4,,"=""T7370""","=""""",
N,1,"=""""","=""981.001""","=""""","=""5.42e+06""",B,"=""94793.490""","=""104984.37""","=""2s2.2p2.(3P).3p""","=""4D*""","=""3/2""","=""2s2.2p2.(3P).3d""","=""4D""","=""1/2""",4,2,,"=""T7370""","=""""",
N,1,"=""""","=""981.4021""","=""""","=""7.00e+05""",B,"=""94830.890""","=""105017.600""","=""2s2.2p2.(3P).3p""","=""4D*""","=""5/2""","=""2s2.2p2.(3P).3d""","=""4D""","=""7/2""",6,8,,"=""T7370""","=""""",
N,1,"=""""","=""982.275""","=""""","=""5.74e+06""",B,"=""94830.890""","=""105008.55""","=""2s2.2p2.(3P).3p""","=""4D*""","=""5/2""","=""2s2.2p2.(3P).3d""","=""4D""","=""5/2""",6,6,,"=""T7370""","=""""",
N,1,"=""""","=""983.461""","=""""","=""4.50e+06""",B,"=""94830.890""","=""104996.27""","=""2s2.2p2.(3P).3p""","=""4D*""","=""5/2""","=""2s2.2p2.(3P).3d""","=""4D""","=""3/2""",6,4,,"=""T7370""","=""""",
N,1,"=""986.333""","=""986.3334""","=""200""","=""1.03e+07""",B,"=""94881.820""","=""105017.600""","=""2s2.2p2.(3P).3p""","=""4D*""","=""7/2""","=""2s2.2p2.(3P).3d""","=""4D""","=""7/2""",8,8,,"=""T7370""","=""L3513""",
N,1,"=""""","=""987.215""","=""""","=""2.97e+06""",B,"=""94881.820""","=""105008.55""","=""2s2.2p2.(3P).3p""","=""4D*""","=""7/2""","=""2s2.2p2.(3P).3d""","=""4D""","=""5/2""",8,6,,"=""T7370""","=""""",
N,1,"=""""","=""988.338""","=""""","=""1.83e+06""",B,"=""94770.880""","=""104886.10""","=""2s2.2p2.(3P).3p""","=""4D*""","=""1/2""","=""2s2.2p2.(3P).3d""","=""4P""","=""1/2""",2,2,,"=""T7370""","=""""",
N,1,"=""""","=""990.552""","=""""","=""1.83e+05""",C,"=""94793.490""","=""104886.10""","=""2s2.2p2.(3P).3p""","=""4D*""","=""3/2""","=""2s2.2p2.(3P).3d""","=""4P""","=""1/2""",4,2,,"=""T7370""","=""""",
N,1,"=""""","=""990.922""","=""""","=""4.07e+05""",B,"=""94770.880""","=""104859.73""","=""2s2.2p2.(3P).3p""","=""4D*""","=""1/2""","=""2s2.2p2.(3P).3d""","=""4P""","=""3/2""",2,4,,"=""T7370""","=""""",
N,1,"=""""","=""991.240""","=""""","=""1.3e+04""",D,"=""93581.550""","=""103667.16""","=""2s2.2p2.(3P).3p""","=""2S*""","=""1/2""","=""2s2.2p2.(3P).4s""","=""4P""","=""3/2""",2,4,,"=""T7370""","=""""",
N,1,"=""""","=""993.147""","=""""","=""2.02e+06""",B,"=""94793.490""","=""104859.73""","=""2s2.2p2.(3P).3p""","=""4D*""","=""3/2""","=""2s2.2p2.(3P).3d""","=""4P""","=""3/2""",4,4,,"=""T7370""","=""""",
N,1,"=""""","=""994.7066""","=""""","=""6.1e+05""",C,"=""94830.890""","=""104881.350""","=""2s2.2p2.(3P).3p""","=""4D*""","=""5/2""","=""2s2.2p2.(3P).3d""","=""2F""","=""7/2""",6,8,,"=""T7370""","=""""",
N,1,"=""""","=""995.648""","=""""","=""9.1e+03""",D,"=""93581.550""","=""103622.51""","=""2s2.2p2.(3P).3p""","=""2S*""","=""1/2""","=""2s2.2p2.(3P).4s""","=""4P""","=""1/2""",2,2,,"=""T7370""","=""""",
N,1,"=""""","=""996.5747""","=""""","=""3.48e+05""",B,"=""94793.490""","=""104825.110""","=""2s2.2p2.(3P).3p""","=""4D*""","=""3/2""","=""2s2.2p2.(3P).3d""","=""4P""","=""5/2""",4,6,,"=""T7370""","=""""",
N,1,"=""""","=""996.851""","=""""","=""2.23e+05""",C,"=""94830.890""","=""104859.73""","=""2s2.2p2.(3P).3p""","=""4D*""","=""5/2""","=""2s2.2p2.(3P).3d""","=""4P""","=""3/2""",6,4,,"=""T7370""","=""""",
N,1,"=""""","=""998.0422""","=""""","=""4.86e+05""",C,"=""94793.490""","=""104810.360""","=""2s2.2p2.(3P).3p""","=""4D*""","=""3/2""","=""2s2.2p2.(3P).3d""","=""2F""","=""5/2""",4,6,,"=""T7370""","=""""",
N,1,"=""""","=""999.7729""","=""""","=""4.85e+05""",C,"=""94881.820""","=""104881.350""","=""2s2.2p2.(3P).3p""","=""4D*""","=""7/2""","=""2s2.2p2.(3P).3d""","=""2F""","=""7/2""",8,8,,"=""T7370""","=""""",
N,1,"=""""","=""1000.3041""","=""""","=""1.39e+06""",B,"=""94830.890""","=""104825.110""","=""2s2.2p2.(3P).3p""","=""4D*""","=""5/2""","=""2s2.2p2.(3P).3d""","=""4P""","=""5/2""",6,6,,"=""T7370""","=""""",
N,1,"=""""","=""1001.7826""","=""""","=""1.07e+06""",C,"=""94830.890""","=""104810.360""","=""2s2.2p2.(3P).3p""","=""4D*""","=""5/2""","=""2s2.2p2.(3P).3d""","=""2F""","=""5/2""",6,6,,"=""T7370""","=""""",
N,1,"=""""","=""1005.4277""","=""""","=""8.22e+05""",C+,"=""94881.820""","=""104825.110""","=""2s2.2p2.(3P).3p""","=""4D*""","=""7/2""","=""2s2.2p2.(3P).3d""","=""4P""","=""5/2""",8,6,,"=""T7370""","=""""",
N,1,"=""""","=""1006.9214""","=""""","=""2.78e+04""",C,"=""94881.820""","=""104810.360""","=""2s2.2p2.(3P).3p""","=""4D*""","=""7/2""","=""2s2.2p2.(3P).3d""","=""2F""","=""5/2""",8,6,,"=""T7370""","=""""",
N,3,"=""""","=""1007.95""","=""""","=""3.29e+06""",B,"=""368514.4""","=""378432.8""","=""2s.2p.(3P*).4s""","=""4P*""","=""1/2""","=""2s.2p.(3P*).4p""","=""4S""","=""3/2""",2,4,,"=""T7192LS""","=""""",
N,1,"=""1010.513""","=""1010.5132""","=""250""","=""2.81e+07""",B,"=""94770.880""","=""104664.130""","=""2s2.2p2.(3P).3p""","=""4D*""","=""1/2""","=""2s2.2p2.(3P).3d""","=""4F""","=""3/2""",2,4,,"=""T7370""","=""L3513""",
N,1,"=""1010.889""","=""1010.8892""","=""300""","=""3.02e+07""",B,"=""94793.490""","=""104683.060""","=""2s2.2p2.(3P).3p""","=""4D*""","=""3/2""","=""2s2.2p2.(3P).3d""","=""4F""","=""5/2""",4,6,,"=""T7370""","=""L3513""",
N,1,"=""1011.248""","=""1011.2481""","=""350""","=""3.41e+07""",B,"=""94830.890""","=""104716.950""","=""2s2.2p2.(3P).3p""","=""4D*""","=""5/2""","=""2s2.2p2.(3P).3d""","=""4F""","=""7/2""",6,8,,"=""T7370""","=""L3513""",
N,1,"=""1011.464""","=""1011.464""","=""400""","=""3.90e+07""",B,"=""94881.820""","=""104765.77""","=""2s2.2p2.(3P).3p""","=""4D*""","=""7/2""","=""2s2.2p2.(3P).3d""","=""4F""","=""9/2""",8,10,,"=""T7370""","=""L3513""",
N,1,"=""""","=""1011.5459""","=""""","=""7.6e+04""",C,"=""94770.880""","=""104654.030""","=""2s2.2p2.(3P).3p""","=""4D*""","=""1/2""","=""2s2.2p2.(3P).3d""","=""2P""","=""1/2""",2,2,,"=""T7370""","=""""",
N,1,"=""""","=""1012.8279""","=""""","=""9.84e+06""",B,"=""94793.490""","=""104664.130""","=""2s2.2p2.(3P).3p""","=""4D*""","=""3/2""","=""2s2.2p2.(3P).3d""","=""4F""","=""3/2""",4,4,,"=""T7370""","=""""",
N,1,"=""""","=""1013.8653""","=""""","=""2.08e+04""",C,"=""94793.490""","=""104654.030""","=""2s2.2p2.(3P).3p""","=""4D*""","=""3/2""","=""2s2.2p2.(3P).3d""","=""2P""","=""1/2""",4,2,,"=""T7370""","=""""",
N,3,"=""""","=""1014.49""","=""""","=""6.45e+06""",B,"=""368578.3""","=""378432.8""","=""2s.2p.(3P*).4s""","=""4P*""","=""3/2""","=""2s.2p.(3P*).4p""","=""4S""","=""3/2""",4,4,,"=""T7192LS""","=""""",
N,1,"=""""","=""1014.7267""","=""""","=""7.32e+06""",B,"=""94830.890""","=""104683.060""","=""2s2.2p2.(3P).3p""","=""4D*""","=""5/2""","=""2s2.2p2.(3P).3d""","=""4F""","=""5/2""",6,6,,"=""T7370""","=""""",
N,1,"=""""","=""1015.5080""","=""""","=""4.35e+05""",C,"=""94770.880""","=""104615.470""","=""2s2.2p2.(3P).3p""","=""4D*""","=""1/2""","=""2s2.2p2.(3P).3d""","=""2P""","=""3/2""",2,4,,"=""T7370""","=""""",
N,1,"=""""","=""1016.4848""","=""""","=""3.83e+06""",B,"=""94881.820""","=""104716.950""","=""2s2.2p2.(3P).3p""","=""4D*""","=""7/2""","=""2s2.2p2.(3P).3d""","=""4F""","=""7/2""",8,8,,"=""T7370""","=""""",
N,1,"=""""","=""1016.6801""","=""""","=""5.64e+05""",B,"=""94830.890""","=""104664.130""","=""2s2.2p2.(3P).3p""","=""4D*""","=""5/2""","=""2s2.2p2.(3P).3d""","=""4F""","=""3/2""",6,4,,"=""T7370""","=""""",
N,1,"=""""","=""1017.8457""","=""""","=""1.63e+04""",C,"=""94793.490""","=""104615.470""","=""2s2.2p2.(3P).3p""","=""4D*""","=""3/2""","=""2s2.2p2.(3P).3d""","=""2P""","=""3/2""",4,4,,"=""T7370""","=""""",
N,1,"=""""","=""1019.9995""","=""""","=""2.39e+05""",B,"=""94881.820""","=""104683.060""","=""2s2.2p2.(3P).3p""","=""4D*""","=""7/2""","=""2s2.2p2.(3P).3d""","=""4F""","=""5/2""",8,6,,"=""T7370""","=""""",
N,1,"=""""","=""1021.15""","=""""","=""9.10e+06""",C,"=""110521.050""","=""120311.2""","=""2s2.2p2.(1D).3p""","=""2D*""","=""3/2""","=""2s2.2p2.(1D).3d""","=""2P""","=""1/2""",4,2,,"=""T5714""","=""""",
N,1,"=""""","=""1021.32""","=""""","=""8.48e+05""",C,"=""110521.050""","=""120309.6""","=""2s2.2p2.(1D).3p""","=""2D*""","=""3/2""","=""2s2.2p2.(1D).3d""","=""2P""","=""3/2""",4,4,,"=""T5714""","=""""",
N,1,"=""""","=""1021.7362""","=""""","=""4.34e+03""",C,"=""94830.890""","=""104615.470""","=""2s2.2p2.(3P).3p""","=""4D*""","=""5/2""","=""2s2.2p2.(3P).3d""","=""2P""","=""3/2""",6,4,,"=""T7370""","=""""",
