element,sp_num,obs_wl_vac(nm),unc_obs_wl,ritz_wl_vac(nm),unc_ritz_wl,intens,Aki(s^-1),Acc,Ei(cm-1),Ek(cm-1),conf_i,term_i,J_i,conf_k,term_k,J_k,g_i,g_k,Type,tp_ref,line_ref,
Na,3,"=""""","=""""","=""180.9901""","=""0.0009""","=""""","=""4.19e+05""",D,"=""411536.38""","=""466788.03""","=""2s2.2p4.(3P).3p""","=""4D*""","=""5/2""","=""2s2.2p4.(3P).3d""","=""2P""","=""3/2""",6,4,,"=""c51,T7317""","=""""",
Na,3,"=""""","=""""","=""182.3611""","=""0.0009""","=""""","=""2.04e+05""",D,"=""411951.78""","=""466788.03""","=""2s2.2p4.(3P).3p""","=""4D*""","=""3/2""","=""2s2.2p4.(3P).3d""","=""2P""","=""3/2""",4,4,,"=""c51,T7317""","=""""",
Na,3,"=""""","=""""","=""183.1550""","=""0.0009""","=""""","=""8.74e+05""",D,"=""412189.46""","=""466788.03""","=""2s2.2p4.(3P).3p""","=""4D*""","=""1/2""","=""2s2.2p4.(3P).3d""","=""2P""","=""3/2""",2,4,,"=""c51,T7317""","=""""",
Na,3,"=""""","=""""","=""183.5031""","=""0.0010""","=""""","=""1.01e+07""",C+,"=""440940.20""","=""495435.20""","=""2s2.2p4.(1D).3p""","=""2F*""","=""5/2""","=""2s2.2p4.(1D).3d""","=""2F""","=""7/2""",6,8,,"=""c51,T7317""","=""""",
Na,3,"=""183.5223""","=""0.0005""","=""183.5214""","=""0.0010""","=""10bl""","=""3.31e+08""",B+,"=""440940.20""","=""495429.75""","=""2s2.2p4.(1D).3p""","=""2F*""","=""5/2""","=""2s2.2p4.(1D).3d""","=""2F""","=""5/2""",6,6,,"=""c51,T7317""","=""L1882""",
Na,3,"=""183.8122""","=""0.0005""","=""183.8118""","=""0.0010""","=""8bl""","=""6.77e+07""",B+,"=""406190.15""","=""460593.62""","=""2s2.2p4.(3P).3p""","=""4P*""","=""5/2""","=""2s2.2p4.(3P).3d""","=""4D""","=""3/2""",6,4,,"=""c51,T7317""","=""L1882""",
Na,3,"=""183.8944""","=""0.0005""","=""183.8927""","=""0.0010""","=""10""","=""3.31e+08""",B+,"=""441055.67""","=""495435.20""","=""2s2.2p4.(1D).3p""","=""2F*""","=""7/2""","=""2s2.2p4.(1D).3d""","=""2F""","=""7/2""",8,8,,"=""c51,T7317""","=""L1882""",
Na,3,"=""""","=""""","=""183.9112""","=""0.0010""","=""""","=""1.86e+07""",C+,"=""441055.67""","=""495429.75""","=""2s2.2p4.(1D).3p""","=""2F*""","=""7/2""","=""2s2.2p4.(1D).3d""","=""2F""","=""5/2""",8,6,,"=""c51,T7317""","=""""",
Na,3,"=""184.4362""","=""0.0005""","=""184.4353""","=""0.0010""","=""11""","=""3.00e+08""",B+,"=""406190.15""","=""460409.70""","=""2s2.2p4.(3P).3p""","=""4P*""","=""5/2""","=""2s2.2p4.(3P).3d""","=""4D""","=""5/2""",6,6,,"=""c51,T7317""","=""L1882""",
Na,3,"=""184.5149""","=""0.0005""","=""184.5143""","=""0.0010""","=""9""","=""1.69e+08""",B+,"=""406550.63""","=""460746.98""","=""2s2.2p4.(3P).3p""","=""4P*""","=""3/2""","=""2s2.2p4.(3P).3d""","=""4D""","=""1/2""",4,2,,"=""c51,T7317""","=""L1882""",
Na,3,"=""184.9564""","=""0.0005""","=""184.9555""","=""0.0010""","=""15""","=""6.87e+08""",A,"=""406190.15""","=""460257.21""","=""2s2.2p4.(3P).3p""","=""4P*""","=""5/2""","=""2s2.2p4.(3P).3d""","=""4D""","=""7/2""",6,8,,"=""c51,T7317""","=""L1882""",
Na,3,"=""""","=""""","=""184.9792""","=""0.0010""","=""""","=""5.09e+04""",E,"=""411951.78""","=""466011.91""","=""2s2.2p4.(3P).3p""","=""4D*""","=""3/2""","=""2s2.2p4.(3P).3d""","=""2P""","=""1/2""",4,2,,"=""c51,T7317""","=""""",
Na,3,"=""185.0379""","=""0.0005""","=""185.0379""","=""0.0010""","=""12""","=""4.37e+08""",B+,"=""406550.63""","=""460593.62""","=""2s2.2p4.(3P).3p""","=""4P*""","=""3/2""","=""2s2.2p4.(3P).3d""","=""4D""","=""3/2""",4,4,,"=""c51,T7317""","=""L1882""",
Na,3,"=""""","=""""","=""185.2935""","=""0.0010""","=""""","=""1.30e+07""",C+,"=""410976.94""","=""464945.37""","=""2s2.2p4.(3P).3p""","=""4D*""","=""7/2""","=""2s2.2p4.(3P).3d""","=""4P""","=""5/2""",8,6,,"=""c51,T7317""","=""""",
Na,3,"=""185.592""","=""0.0010""","=""185.5912""","=""0.0010""","=""10bl""","=""5.77e+08""",B+,"=""406865.11""","=""460746.98""","=""2s2.2p4.(3P).3p""","=""4P*""","=""1/2""","=""2s2.2p4.(3P).3d""","=""4D""","=""1/2""",2,2,,"=""c51,T7317""","=""L1882""",
Na,3,"=""185.671""","=""0.0010""","=""185.6697""","=""0.0010""","=""10bl""","=""4.22e+08""",B+,"=""406550.63""","=""460409.70""","=""2s2.2p4.(3P).3p""","=""4P*""","=""3/2""","=""2s2.2p4.(3P).3d""","=""4D""","=""5/2""",4,6,,"=""c51,T7317""","=""L1882""",
Na,3,"=""""","=""""","=""185.7961""","=""0.0010""","=""""","=""4.10e+05""",D,"=""412189.46""","=""466011.91""","=""2s2.2p4.(3P).3p""","=""4D*""","=""1/2""","=""2s2.2p4.(3P).3d""","=""2P""","=""1/2""",2,2,,"=""c51,T7317""","=""""",
Na,3,"=""186.0610""","=""0.0005""","=""186.0615""","=""0.0010""","=""1""","=""4.97e+07""",B,"=""440940.20""","=""494685.86""","=""2s2.2p4.(1D).3p""","=""2F*""","=""5/2""","=""2s2.2p4.(1D).3d""","=""2D""","=""3/2""",6,4,,"=""c51,T7317""","=""L1882""",
Na,3,"=""186.1211""","=""0.0005""","=""186.1209""","=""0.0010""","=""10""","=""2.34e+08""",B+,"=""406865.11""","=""460593.62""","=""2s2.2p4.(3P).3p""","=""4P*""","=""1/2""","=""2s2.2p4.(3P).3d""","=""4D""","=""3/2""",2,4,,"=""c51,T7317""","=""L1882""",
Na,3,"=""""","=""""","=""186.3498""","=""0.0010""","=""""","=""3.27e+06""",C,"=""440940.20""","=""494602.73""","=""2s2.2p4.(1D).3p""","=""2F*""","=""5/2""","=""2s2.2p4.(1D).3d""","=""2D""","=""5/2""",6,6,,"=""c51,T7317""","=""""",
Na,3,"=""186.7517""","=""0.0005""","=""186.7516""","=""0.0010""","=""1""","=""4.31e+07""",B,"=""441055.67""","=""494602.73""","=""2s2.2p4.(1D).3p""","=""2F*""","=""7/2""","=""2s2.2p4.(1D).3d""","=""2D""","=""5/2""",8,6,,"=""c51,T7317""","=""L1882""",
Na,3,"=""""","=""""","=""186.9807""","=""0.0010""","=""""","=""9.37e+05""",D,"=""411536.38""","=""465017.83""","=""2s2.2p4.(3P).3p""","=""4D*""","=""5/2""","=""2s2.2p4.(3P).3d""","=""2D""","=""3/2""",6,4,,"=""c51,T7317""","=""""",
Na,3,"=""""","=""""","=""187.2195""","=""0.0010""","=""""","=""4.18e+06""",C,"=""410976.94""","=""464390.17""","=""2s2.2p4.(3P).3p""","=""4D*""","=""7/2""","=""2s2.2p4.(3P).3d""","=""2F""","=""5/2""",8,6,,"=""c51,T7317""","=""""",
Na,3,"=""""","=""""","=""187.2344""","=""0.0010""","=""""","=""1.32e+07""",C,"=""411536.38""","=""464945.37""","=""2s2.2p4.(3P).3p""","=""4D*""","=""5/2""","=""2s2.2p4.(3P).3d""","=""4P""","=""5/2""",6,6,,"=""c51,T7317""","=""""",
Na,3,"=""""","=""""","=""188.3420""","=""0.0010""","=""""","=""1.07e+07""",C+,"=""411536.38""","=""464631.29""","=""2s2.2p4.(3P).3p""","=""4D*""","=""5/2""","=""2s2.2p4.(3P).3d""","=""4P""","=""3/2""",6,4,,"=""c51,T7317""","=""""",
Na,3,"=""""","=""""","=""188.4444""","=""0.0010""","=""""","=""2.58e+07""",C+,"=""411951.78""","=""465017.83""","=""2s2.2p4.(3P).3p""","=""4D*""","=""3/2""","=""2s2.2p4.(3P).3d""","=""2D""","=""3/2""",4,4,,"=""c51,T7317""","=""""",
Na,3,"=""""","=""""","=""188.7021""","=""0.0010""","=""""","=""3.55e+06""",E,"=""411951.78""","=""464945.37""","=""2s2.2p4.(3P).3p""","=""4D*""","=""3/2""","=""2s2.2p4.(3P).3d""","=""4P""","=""5/2""",4,6,,"=""c51,T7317""","=""""",
Na,3,"=""188.7472""","=""0.0005""","=""188.7472""","=""0.0013""","=""20bl""","=""1.25e+09""",B,"=""462891.04""","=""515871.96""","=""2s2.2p4.(3P).3d""","=""4F""","=""9/2""","=""2s2.2p4.(3P<2>).4f""","=""2[5]*""","=""11/2""",10,12,,"=""c56,LS""","=""L2909""",
Na,3,"=""189.201""","=""0.0010""","=""189.2012""","=""0.0010""","=""1bl*""","=""2.21e+07""",C+,"=""411536.38""","=""464390.17""","=""2s2.2p4.(3P).3p""","=""4D*""","=""5/2""","=""2s2.2p4.(3P).3d""","=""2F""","=""5/2""",6,6,,"=""c51,T7317""","=""L1882""",
Na,3,"=""""","=""""","=""189.2922""","=""0.0010""","=""""","=""1.75e+07""",C,"=""412189.46""","=""465017.83""","=""2s2.2p4.(3P).3p""","=""4D*""","=""1/2""","=""2s2.2p4.(3P).3d""","=""2D""","=""3/2""",2,4,,"=""c51,T7317""","=""""",
Na,3,"=""""","=""""","=""189.6995""","=""0.0010""","=""""","=""1.83e+06""",C,"=""410976.94""","=""463691.90""","=""2s2.2p4.(3P).3p""","=""4D*""","=""7/2""","=""2s2.2p4.(3P).3d""","=""4F""","=""5/2""",8,6,,"=""c51,T7317""","=""""",
Na,3,"=""""","=""""","=""189.8271""","=""0.0010""","=""""","=""6.12e+05""",D+,"=""411951.78""","=""464631.29""","=""2s2.2p4.(3P).3p""","=""4D*""","=""3/2""","=""2s2.2p4.(3P).3d""","=""4P""","=""3/2""",4,4,,"=""c51,T7317""","=""""",
Na,3,"=""""","=""""","=""190.3284""","=""0.0010""","=""""","=""9.39e+06""",C+,"=""411536.38""","=""464077.16""","=""2s2.2p4.(3P).3p""","=""4D*""","=""5/2""","=""2s2.2p4.(3P).3d""","=""4F""","=""3/2""",6,4,,"=""c51,T7317""","=""""",
Na,3,"=""""","=""""","=""190.4538""","=""0.0010""","=""""","=""1.72e+07""",C+,"=""414281.85""","=""466788.03""","=""2s2.2p4.(3P).3p""","=""2D*""","=""5/2""","=""2s2.2p4.(3P).3d""","=""2P""","=""3/2""",6,4,,"=""c51,T7317""","=""""",
Na,3,"=""""","=""""","=""190.6208""","=""0.0010""","=""""","=""5.38e+06""",C,"=""411951.78""","=""464411.94""","=""2s2.2p4.(3P).3p""","=""4D*""","=""3/2""","=""2s2.2p4.(3P).3d""","=""4P""","=""1/2""",4,2,,"=""c51,T7317""","=""""",
Na,3,"=""""","=""""","=""190.6875""","=""0.0010""","=""""","=""7.82e+07""",B,"=""412189.46""","=""464631.29""","=""2s2.2p4.(3P).3p""","=""4D*""","=""1/2""","=""2s2.2p4.(3P).3d""","=""4P""","=""3/2""",2,4,,"=""c51,T7317""","=""""",
Na,3,"=""190.701""","=""0.0010""","=""190.7000""","=""0.0010""","=""10bl""","=""1.70e+08""",B,"=""411951.78""","=""464390.17""","=""2s2.2p4.(3P).3p""","=""4D*""","=""3/2""","=""2s2.2p4.(3P).3d""","=""2F""","=""5/2""",4,6,,"=""c51,T7317""","=""L1882""",
Na,3,"=""190.712""","=""0.0010""","=""190.7140""","=""0.0010""","=""9bl*""","=""1.68e+08""",B,"=""411536.38""","=""463970.92""","=""2s2.2p4.(3P).3p""","=""4D*""","=""5/2""","=""2s2.2p4.(3P).3d""","=""2F""","=""7/2""",6,8,,"=""c51,T7317""","=""L1882""",
Na,3,"=""191.319""","=""0.0010""","=""191.3186""","=""0.0010""","=""9""","=""6.89e+07""",B+,"=""410976.94""","=""463245.76""","=""2s2.2p4.(3P).3p""","=""4D*""","=""7/2""","=""2s2.2p4.(3P).3d""","=""4F""","=""7/2""",8,8,,"=""c51,T7317""","=""L1882""",
Na,3,"=""191.4910""","=""0.0005""","=""191.4884""","=""0.0010""","=""0""","=""2.19e+07""",C+,"=""412189.46""","=""464411.94""","=""2s2.2p4.(3P).3p""","=""4D*""","=""1/2""","=""2s2.2p4.(3P).3d""","=""4P""","=""1/2""",2,2,,"=""c51,T7317""","=""L1882""",
Na,3,"=""191.7344""","=""0.0005""","=""191.7343""","=""0.0010""","=""9""","=""1.65e+08""",B+,"=""411536.38""","=""463691.90""","=""2s2.2p4.(3P).3p""","=""4D*""","=""5/2""","=""2s2.2p4.(3P).3d""","=""4F""","=""5/2""",6,6,,"=""c51,T7317""","=""L1882""",
Na,3,"=""191.8453""","=""0.0005""","=""191.8451""","=""0.0010""","=""10*""","=""2.29e+08""",B+,"=""411951.78""","=""464077.16""","=""2s2.2p4.(3P).3p""","=""4D*""","=""3/2""","=""2s2.2p4.(3P).3d""","=""4F""","=""3/2""",4,4,,"=""c51,T7317""","=""L1882""",
Na,3,"=""192.6259""","=""0.0005""","=""192.6259""","=""0.0010""","=""14bl""","=""8.94e+08""",A,"=""410976.94""","=""462891.04""","=""2s2.2p4.(3P).3p""","=""4D*""","=""7/2""","=""2s2.2p4.(3P).3d""","=""4F""","=""9/2""",8,10,,"=""c51,T7317""","=""L1882""",
Na,3,"=""192.7237""","=""0.0005""","=""192.7239""","=""0.0011""","=""11""","=""5.66e+08""",B+,"=""412189.46""","=""464077.16""","=""2s2.2p4.(3P).3p""","=""4D*""","=""1/2""","=""2s2.2p4.(3P).3d""","=""4F""","=""3/2""",2,4,,"=""c51,T7317""","=""L1882""",
Na,3,"=""193.2737""","=""0.0005""","=""193.2736""","=""0.0011""","=""12""","=""5.37e+08""",A,"=""411951.78""","=""463691.90""","=""2s2.2p4.(3P).3p""","=""4D*""","=""3/2""","=""2s2.2p4.(3P).3d""","=""4F""","=""5/2""",4,6,,"=""c51,T7317""","=""L1882""",
Na,3,"=""193.3885""","=""0.0005""","=""193.3885""","=""0.0011""","=""13""","=""6.33e+08""",B+,"=""411536.38""","=""463245.76""","=""2s2.2p4.(3P).3p""","=""4D*""","=""5/2""","=""2s2.2p4.(3P).3d""","=""4F""","=""7/2""",6,8,,"=""c51,T7317""","=""L1882""",
Na,3,"=""""","=""""","=""193.7393""","=""0.0011""","=""""","=""1.80e+07""",C+,"=""415172.28""","=""466788.03""","=""2s2.2p4.(3P).3p""","=""2D*""","=""3/2""","=""2s2.2p4.(3P).3d""","=""2P""","=""3/2""",4,4,,"=""c51,T7317""","=""""",
Na,3,"=""193.8637""","=""0.0005""","=""193.8640""","=""0.0014""","=""6""","=""8.39e+08""",C,"=""464411.94""","=""515994.5""","=""2s2.2p4.(3P).3d""","=""4P""","=""1/2""","=""2s2.2p4.(3P<2>).4f""","=""2[1]*""","=""1/2""",2,2,,"=""c56,LS""","=""L2909""",
Na,3,"=""194.6426""","=""0.0005""","=""194.6426""","=""0.0011""","=""12""","=""8.28e+08""",A,"=""440940.20""","=""492316.41""","=""2s2.2p4.(1D).3p""","=""2F*""","=""5/2""","=""2s2.2p4.(1D).3d""","=""2G""","=""7/2""",6,8,,"=""c51,T7317""","=""L1882""",
Na,3,"=""""","=""""","=""194.6919""","=""0.0014""","=""""","=""1.66e+08""",D,"=""464631.29""","=""515994.5""","=""2s2.2p4.(3P).3d""","=""4P""","=""3/2""","=""2s2.2p4.(3P<2>).4f""","=""2[1]*""","=""1/2""",4,2,,"=""c56,LS""","=""""",
Na,3,"=""""","=""""","=""195.0811""","=""0.0011""","=""""","=""3.11e+07""",B,"=""441055.67""","=""492316.41""","=""2s2.2p4.(1D).3p""","=""2F*""","=""7/2""","=""2s2.2p4.(1D).3d""","=""2G""","=""7/2""",8,8,,"=""c51,T7317""","=""""",
Na,3,"=""195.0906""","=""0.0005""","=""195.0906""","=""0.0011""","=""12""","=""8.55e+08""",A,"=""441055.67""","=""492313.91""","=""2s2.2p4.(1D).3p""","=""2F*""","=""7/2""","=""2s2.2p4.(1D).3d""","=""2G""","=""9/2""",8,10,,"=""c51,T7317""","=""L1882""",
Na,3,"=""195.1237""","=""0.0005""","=""195.1236""","=""0.0011""","=""14""","=""2.38e+08""",B+,"=""366154.41""","=""417403.98""","=""2s2.2p4.(3P).3s""","=""4P""","=""5/2""","=""2s2.2p4.(3P).3p""","=""4S*""","=""3/2""",6,4,,"=""c51,T7317""","=""L1882""",
Na,3,"=""""","=""""","=""196.6969""","=""0.0011""","=""""","=""4.61e+07""",C+,"=""415172.28""","=""466011.91""","=""2s2.2p4.(3P).3p""","=""2D*""","=""3/2""","=""2s2.2p4.(3P).3d""","=""2P""","=""1/2""",4,2,,"=""c51,T7317""","=""""",
Na,3,"=""197.0986""","=""0.0005""","=""197.0988""","=""0.0011""","=""1""","=""2.44e+07""",C+,"=""414281.85""","=""465017.83""","=""2s2.2p4.(3P).3p""","=""2D*""","=""5/2""","=""2s2.2p4.(3P).3d""","=""2D""","=""3/2""",6,4,,"=""c51,T7317""","=""L1882""",
Na,3,"=""""","=""""","=""197.3807""","=""0.0011""","=""""","=""2.44e+07""",E,"=""414281.85""","=""464945.37""","=""2s2.2p4.(3P).3p""","=""2D*""","=""5/2""","=""2s2.2p4.(3P).3d""","=""4P""","=""5/2""",6,6,,"=""c51,T7317""","=""""",
Na,3,"=""197.4150""","=""0.0005""","=""197.4150""","=""0.0011""","=""8""","=""7.07e+08""",B+,"=""478842.99""","=""529497.70""","=""2s2.2p4.(1S).3p""","=""2P*""","=""1/2""","=""2s2.2p4.(1S).3d""","=""2D""","=""3/2""",2,4,,"=""T7317""","=""L1882""",
Na,3,"=""""","=""""","=""197.5752""","=""0.0011""","=""""","=""1.41e+08""",B,"=""478884.07""","=""529497.70""","=""2s2.2p4.(1S).3p""","=""2P*""","=""3/2""","=""2s2.2p4.(1S).3d""","=""2D""","=""3/2""",4,4,,"=""T7317""","=""""",
Na,3,"=""197.7161""","=""0.0005""","=""197.7161""","=""0.0011""","=""10""","=""8.46e+08""",B+,"=""478884.07""","=""529461.64""","=""2s2.2p4.(1S).3p""","=""2P*""","=""3/2""","=""2s2.2p4.(1S).3d""","=""2D""","=""5/2""",4,6,,"=""T7317""","=""L1882""",
Na,3,"=""198.5567""","=""0.0005""","=""198.5572""","=""0.0011""","=""13""","=""1.78e+08""",B+,"=""367040.66""","=""417403.98""","=""2s2.2p4.(3P).3s""","=""4P""","=""3/2""","=""2s2.2p4.(3P).3p""","=""4S*""","=""3/2""",4,4,,"=""c51,T7317""","=""L1882""",
Na,3,"=""""","=""""","=""198.6119""","=""0.0011""","=""""","=""8.79e+06""",C,"=""414281.85""","=""464631.29""","=""2s2.2p4.(3P).3p""","=""2D*""","=""5/2""","=""2s2.2p4.(3P).3d""","=""4P""","=""3/2""",6,4,,"=""c51,T7317""","=""""",
Na,3,"=""199.5675""","=""0.0005""","=""199.5677""","=""0.0011""","=""10""","=""8.12e+07""",E,"=""414281.85""","=""464390.17""","=""2s2.2p4.(3P).3p""","=""2D*""","=""5/2""","=""2s2.2p4.(3P).3d""","=""2F""","=""5/2""",6,6,,"=""c51,T7317""","=""L1882""",
element,sp_num,obs_wl_air(nm),unc_obs_wl,ritz_wl_air(nm),unc_ritz_wl,intens,Aki(s^-1),Acc,Ei(cm-1),Ek(cm-1),conf_i,term_i,J_i,conf_k,term_k,J_k,g_i,g_k,Type,tp_ref,line_ref,
Na,3,"=""200.4215""","=""0.0005""","=""200.4214""","=""0.0011""","=""10""","=""2.07e+08""",B+,"=""416909.31""","=""466788.03""","=""2s2.2p4.(3P).3p""","=""2S*""","=""1/2""","=""2s2.2p4.(3P).3d""","=""2P""","=""3/2""",2,4,,"=""c51,T7317""","=""L1882""",
Na,3,"=""200.5217""","=""0.0005""","=""200.5216""","=""0.0011""","=""11""","=""9.67e+07""",B,"=""367550.17""","=""417403.98""","=""2s2.2p4.(3P).3s""","=""4P""","=""1/2""","=""2s2.2p4.(3P).3p""","=""4S*""","=""3/2""",2,4,,"=""c51,T7317""","=""L1882""",
Na,3,"=""200.5546""","=""0.0005""","=""200.5548""","=""0.0011""","=""9""","=""1.50e+08""",B+,"=""415172.28""","=""465017.83""","=""2s2.2p4.(3P).3p""","=""2D*""","=""3/2""","=""2s2.2p4.(3P).3d""","=""2D""","=""3/2""",4,4,,"=""c51,T7317""","=""L1882""",
Na,3,"=""""","=""""","=""200.7572""","=""0.0011""","=""""","=""1.93e+06""",D+,"=""414281.85""","=""464077.16""","=""2s2.2p4.(3P).3p""","=""2D*""","=""5/2""","=""2s2.2p4.(3P).3d""","=""4F""","=""3/2""",6,4,,"=""c51,T7317""","=""""",
Na,3,"=""200.8470""","=""0.0005""","=""200.8468""","=""0.0011""","=""11""","=""1.45e+08""",D,"=""415172.28""","=""464945.37""","=""2s2.2p4.(3P).3p""","=""2D*""","=""3/2""","=""2s2.2p4.(3P).3d""","=""4P""","=""5/2""",4,6,,"=""c51,T7317""","=""L1882""",
Na,3,"=""201.1865""","=""0.0005""","=""201.1865""","=""0.0011""","=""15""","=""6.37e+08""",B+,"=""414281.85""","=""463970.92""","=""2s2.2p4.(3P).3p""","=""2D*""","=""5/2""","=""2s2.2p4.(3P).3d""","=""2F""","=""7/2""",6,8,,"=""c51,T7317""","=""L1882""",
Na,3,"=""201.4169""","=""0.0005""","=""201.4169""","=""0.0011""","=""11""","=""4.88e+08""",A,"=""445797.52""","=""495429.75""","=""2s2.2p4.(1D).3p""","=""2D*""","=""3/2""","=""2s2.2p4.(1D).3d""","=""2F""","=""5/2""",4,6,,"=""c51,T7317""","=""L1882""",
Na,3,"=""201.7024""","=""0.0005""","=""201.7024""","=""0.0012""","=""12""","=""5.44e+08""",A,"=""445873.20""","=""495435.20""","=""2s2.2p4.(1D).3p""","=""2D*""","=""5/2""","=""2s2.2p4.(1D).3d""","=""2F""","=""7/2""",6,8,,"=""c51,T7317""","=""L1882""",
Na,3,"=""201.723""","=""0.0010""","=""201.7246""","=""0.0012""","=""1""","=""4.31e+07""",B,"=""445873.20""","=""495429.75""","=""2s2.2p4.(1D).3p""","=""2D*""","=""5/2""","=""2s2.2p4.(1D).3d""","=""2F""","=""5/2""",6,6,,"=""c51,T7317""","=""L1882""",
Na,3,"=""""","=""""","=""202.1225""","=""0.0012""","=""""","=""2.97e+07""",C+,"=""415172.28""","=""464631.29""","=""2s2.2p4.(3P).3p""","=""2D*""","=""3/2""","=""2s2.2p4.(3P).3d""","=""4P""","=""3/2""",4,4,,"=""c51,T7317""","=""""",
Na,3,"=""202.2295""","=""0.0005""","=""202.2298""","=""0.0012""","=""9""","=""4.62e+07""",B,"=""410976.94""","=""460409.70""","=""2s2.2p4.(3P).3p""","=""4D*""","=""7/2""","=""2s2.2p4.(3P).3d""","=""4D""","=""5/2""",8,6,,"=""c51,T7317""","=""L1882""",
Na,3,"=""202.3225""","=""0.0005""","=""202.3228""","=""0.0012""","=""6""","=""3.29e+07""",C+,"=""414281.85""","=""463691.90""","=""2s2.2p4.(3P).3p""","=""2D*""","=""5/2""","=""2s2.2p4.(3P).3d""","=""4F""","=""5/2""",6,6,,"=""c51,T7317""","=""L1882""",
Na,3,"=""""","=""""","=""202.4293""","=""0.0012""","=""""","=""9.33e+05""",D+,"=""417403.98""","=""466788.03""","=""2s2.2p4.(3P).3p""","=""4S*""","=""3/2""","=""2s2.2p4.(3P).3d""","=""2P""","=""3/2""",4,4,,"=""c51,T7317""","=""""",
Na,3,"=""202.8553""","=""0.0005""","=""202.8557""","=""0.0012""","=""12""","=""1.93e+08""",B+,"=""410976.94""","=""460257.21""","=""2s2.2p4.(3P).3p""","=""4D*""","=""7/2""","=""2s2.2p4.(3P).3d""","=""4D""","=""7/2""",8,8,,"=""c51,T7317""","=""L1882""",
Na,3,"=""""","=""""","=""203.0230""","=""0.0012""","=""""","=""6.48e+05""",D,"=""415172.28""","=""464411.94""","=""2s2.2p4.(3P).3p""","=""2D*""","=""3/2""","=""2s2.2p4.(3P).3d""","=""4P""","=""1/2""",4,2,,"=""c51,T7317""","=""""",
Na,3,"=""203.1128""","=""0.0005""","=""203.1128""","=""0.0012""","=""12""","=""3.08e+08""",C+,"=""415172.28""","=""464390.17""","=""2s2.2p4.(3P).3p""","=""2D*""","=""3/2""","=""2s2.2p4.(3P).3d""","=""2F""","=""5/2""",4,6,,"=""c51,T7317""","=""L1882""",
Na,3,"=""203.5897""","=""0.0005""","=""203.5898""","=""0.0012""","=""11""","=""6.23e+08""",B+,"=""416909.31""","=""466011.91""","=""2s2.2p4.(3P).3p""","=""2S*""","=""1/2""","=""2s2.2p4.(3P).3d""","=""2P""","=""1/2""",2,2,,"=""c51,T7317""","=""L1882""",
Na,3,"=""203.7776""","=""0.0005""","=""203.7780""","=""0.0012""","=""8""","=""6.73e+07""",B,"=""411536.38""","=""460593.62""","=""2s2.2p4.(3P).3p""","=""4D*""","=""5/2""","=""2s2.2p4.(3P).3d""","=""4D""","=""3/2""",6,4,,"=""c51,T7317""","=""L1882""",
Na,3,"=""204.1661""","=""0.0005""","=""204.1665""","=""0.0012""","=""12""","=""1.64e+08""",B,"=""414281.85""","=""463245.76""","=""2s2.2p4.(3P).3p""","=""2D*""","=""5/2""","=""2s2.2p4.(3P).3d""","=""4F""","=""7/2""",6,8,,"=""c51,T7317""","=""L1882""",
Na,3,"=""204.3290""","=""0.0005""","=""204.3289""","=""0.0012""","=""12""","=""4.02e+08""",B+,"=""399182.31""","=""448107.31""","=""2s2.2p4.(1D).3s""","=""2D""","=""3/2""","=""2s2.2p4.(1D).3p""","=""2P*""","=""1/2""",4,2,,"=""c51,T7317""","=""L1882""",
Na,3,"=""""","=""""","=""204.4130""","=""0.0012""","=""""","=""1.05e+07""",C,"=""415172.28""","=""464077.16""","=""2s2.2p4.(3P).3p""","=""2D*""","=""3/2""","=""2s2.2p4.(3P).3d""","=""4F""","=""3/2""",4,4,,"=""c51,T7317""","=""""",
Na,3,"=""204.4823""","=""0.0005""","=""204.4821""","=""0.0012""","=""10""","=""4.00e+08""",B+,"=""445797.52""","=""494685.86""","=""2s2.2p4.(1D).3p""","=""2D*""","=""3/2""","=""2s2.2p4.(1D).3d""","=""2D""","=""3/2""",4,4,,"=""c51,T7317""","=""L1882""",
Na,3,"=""204.5443""","=""0.0005""","=""204.5450""","=""0.0012""","=""10""","=""1.05e+08""",B+,"=""411536.38""","=""460409.70""","=""2s2.2p4.(3P).3p""","=""4D*""","=""5/2""","=""2s2.2p4.(3P).3d""","=""4D""","=""5/2""",6,6,,"=""c51,T7317""","=""L1882""",
Na,3,"=""204.797""","=""0.0010""","=""204.7992""","=""0.0012""","=""1""","=""4.69e+07""",B,"=""445873.20""","=""494685.86""","=""2s2.2p4.(1D).3p""","=""2D*""","=""5/2""","=""2s2.2p4.(1D).3d""","=""2D""","=""3/2""",6,4,,"=""c51,T7317""","=""L1882""",
Na,3,"=""204.8313""","=""0.0005""","=""204.8305""","=""0.0012""","=""6""","=""6.54e+07""",B+,"=""445797.52""","=""494602.73""","=""2s2.2p4.(1D).3p""","=""2D*""","=""3/2""","=""2s2.2p4.(1D).3d""","=""2D""","=""5/2""",4,6,,"=""c51,T7317""","=""L1882""",
Na,3,"=""204.8719""","=""0.0005""","=""204.8725""","=""0.0012""","=""7""","=""8.11e+07""",B,"=""411951.78""","=""460746.98""","=""2s2.2p4.(3P).3p""","=""4D*""","=""3/2""","=""2s2.2p4.(3P).3d""","=""4D""","=""1/2""",4,2,,"=""c51,T7317""","=""L1882""",
Na,3,"=""205.1484""","=""0.0005""","=""205.1486""","=""0.0012""","=""11""","=""4.36e+08""",A,"=""445873.20""","=""494602.73""","=""2s2.2p4.(1D).3p""","=""2D*""","=""5/2""","=""2s2.2p4.(1D).3d""","=""2D""","=""5/2""",6,6,,"=""c51,T7317""","=""L1882""",
Na,3,"=""205.1845""","=""0.0005""","=""205.1853""","=""0.0012""","=""5""","=""1.37e+07""",B,"=""411536.38""","=""460257.21""","=""2s2.2p4.(3P).3p""","=""4D*""","=""5/2""","=""2s2.2p4.(3P).3d""","=""4D""","=""7/2""",6,8,,"=""c51,T7317""","=""L1882""",
Na,3,"=""205.5183""","=""0.0005""","=""205.5185""","=""0.0012""","=""9""","=""6.39e+07""",B,"=""411951.78""","=""460593.62""","=""2s2.2p4.(3P).3p""","=""4D*""","=""3/2""","=""2s2.2p4.(3P).3d""","=""4D""","=""3/2""",4,4,,"=""c51,T7317""","=""L1882""",
Na,3,"=""""","=""""","=""205.6619""","=""0.0012""","=""""","=""1.69e+06""",D+,"=""417403.98""","=""466011.91""","=""2s2.2p4.(3P).3p""","=""4S*""","=""3/2""","=""2s2.2p4.(3P).3d""","=""2P""","=""1/2""",4,2,,"=""c51,T7317""","=""""",
Na,3,"=""205.873""","=""0.0010""","=""205.8755""","=""0.0012""","=""4""","=""6.95e+07""",B,"=""412189.46""","=""460746.98""","=""2s2.2p4.(3P).3p""","=""4D*""","=""1/2""","=""2s2.2p4.(3P).3d""","=""4D""","=""1/2""",2,2,,"=""c51,T7317""","=""L1882""",
Na,3,"=""206.0360""","=""0.0005""","=""206.0363""","=""0.0012""","=""10""","=""8.12e+07""",B,"=""415172.28""","=""463691.90""","=""2s2.2p4.(3P).3p""","=""2D*""","=""3/2""","=""2s2.2p4.(3P).3d""","=""4F""","=""5/2""",4,6,,"=""c51,T7317""","=""L1882""",
Na,3,"=""206.2990""","=""0.0005""","=""206.2987""","=""0.0012""","=""5""","=""2.21e+07""",B,"=""411951.78""","=""460409.70""","=""2s2.2p4.(3P).3p""","=""4D*""","=""3/2""","=""2s2.2p4.(3P).3d""","=""4D""","=""5/2""",4,6,,"=""c51,T7317""","=""L1882""",
Na,3,"=""206.5282""","=""0.0005""","=""206.5278""","=""0.0012""","=""4""","=""2.58e+07""",B,"=""412189.46""","=""460593.62""","=""2s2.2p4.(3P).3p""","=""4D*""","=""1/2""","=""2s2.2p4.(3P).3d""","=""4D""","=""3/2""",2,4,,"=""c51,T7317""","=""L1882""",
Na,3,"=""206.6601""","=""0.0005""","=""206.6598""","=""0.0012""","=""15""","=""3.72e+08""",B+,"=""399174.71""","=""447547.96""","=""2s2.2p4.(1D).3s""","=""2D""","=""5/2""","=""2s2.2p4.(1D).3p""","=""2P*""","=""3/2""",6,4,,"=""c51,T7317""","=""L1882""",
Na,3,"=""""","=""""","=""206.6714""","=""0.0012""","=""""","=""1.53e+08""",B+,"=""418417.50""","=""466788.03""","=""2s2.2p4.(3P).3p""","=""2P*""","=""3/2""","=""2s2.2p4.(3P).3d""","=""2P""","=""3/2""",4,4,,"=""c51,T7317""","=""""",
Na,3,"=""206.6905""","=""0.0005""","=""206.6923""","=""0.0012""","=""8""","=""1.57e+07""",C+,"=""399182.31""","=""447547.96""","=""2s2.2p4.(1D).3s""","=""2D""","=""3/2""","=""2s2.2p4.(1D).3p""","=""2P*""","=""3/2""",4,4,,"=""c51,T7317""","=""L1882""",
Na,3,"=""207.2673""","=""0.0005""","=""207.2673""","=""0.0012""","=""11""","=""3.52e+08""",B+,"=""418556.54""","=""466788.03""","=""2s2.2p4.(3P).3p""","=""2P*""","=""1/2""","=""2s2.2p4.(3P).3d""","=""2P""","=""3/2""",2,4,,"=""c51,T7317""","=""L1882""",
Na,3,"=""209.4808""","=""0.0005""","=""209.4805""","=""0.0012""","=""4""","=""3.09e+07""",C+,"=""416909.31""","=""464631.29""","=""2s2.2p4.(3P).3p""","=""2S*""","=""1/2""","=""2s2.2p4.(3P).3d""","=""4P""","=""3/2""",2,4,,"=""c51,T7317""","=""L1882""",
Na,3,"=""209.9563""","=""0.0005""","=""209.9563""","=""0.0012""","=""6""","=""8.62e+07""",B,"=""417403.98""","=""465017.83""","=""2s2.2p4.(3P).3p""","=""4S*""","=""3/2""","=""2s2.2p4.(3P).3d""","=""2D""","=""3/2""",4,4,,"=""c51,T7317""","=""L1882""",
Na,3,"=""210.0443""","=""0.0005""","=""210.0420""","=""0.0012""","=""3""","=""7.41e+07""",B,"=""418417.50""","=""466011.91""","=""2s2.2p4.(3P).3p""","=""2P*""","=""3/2""","=""2s2.2p4.(3P).3d""","=""2P""","=""1/2""",4,2,,"=""c51,T7317""","=""L1882""",
Na,3,"=""210.2762""","=""0.0005""","=""210.2763""","=""0.0013""","=""12""","=""2.31e+08""",B+,"=""417403.98""","=""464945.37""","=""2s2.2p4.(3P).3p""","=""4S*""","=""3/2""","=""2s2.2p4.(3P).3d""","=""4P""","=""5/2""",4,6,,"=""c51,T7317""","=""L1882""",
Na,3,"=""""","=""""","=""210.4479""","=""0.0013""","=""""","=""2.37e+06""",D+,"=""416909.31""","=""464411.94""","=""2s2.2p4.(3P).3p""","=""2S*""","=""1/2""","=""2s2.2p4.(3P).3d""","=""4P""","=""1/2""",2,2,,"=""c51,T7317""","=""""",
Na,3,"=""210.476""","=""0.0010""","=""210.4753""","=""0.0013""","=""0""","=""1.34e+08""",B,"=""445797.52""","=""493293.98""","=""2s2.2p4.(1D).3p""","=""2D*""","=""3/2""","=""2s2.2p4.(1D).3d""","=""2P""","=""1/2""",4,2,,"=""c51,T7317""","=""L1882""",
Na,3,"=""""","=""""","=""210.6575""","=""0.0013""","=""""","=""1.52e+07""",C+,"=""418556.54""","=""466011.91""","=""2s2.2p4.(3P).3p""","=""2P*""","=""1/2""","=""2s2.2p4.(3P).3d""","=""2P""","=""1/2""",2,2,,"=""c51,T7317""","=""""",
Na,3,"=""210.927""","=""0.0010""","=""210.9279""","=""0.0013""","=""1""","=""3.97e+07""",B,"=""445797.52""","=""493192.06""","=""2s2.2p4.(1D).3p""","=""2D*""","=""3/2""","=""2s2.2p4.(1D).3d""","=""2P""","=""3/2""",4,4,,"=""c51,T7317""","=""L1882""",
Na,3,"=""211.2650""","=""0.0005""","=""211.2653""","=""0.0013""","=""7""","=""1.54e+08""",B+,"=""445873.20""","=""493192.06""","=""2s2.2p4.(1D).3p""","=""2D*""","=""5/2""","=""2s2.2p4.(1D).3d""","=""2P""","=""3/2""",6,4,,"=""c51,T7317""","=""L1882""",
Na,3,"=""211.6750""","=""0.0005""","=""211.6749""","=""0.0013""","=""12""","=""3.03e+08""",B+,"=""417403.98""","=""464631.29""","=""2s2.2p4.(3P).3p""","=""4S*""","=""3/2""","=""2s2.2p4.(3P).3d""","=""4P""","=""3/2""",4,4,,"=""c51,T7317""","=""L1882""",
Na,3,"=""212.073""","=""0.0010""","=""212.0765""","=""0.0013""","=""4bl""","=""6.44e+07""",B,"=""447547.96""","=""494685.86""","=""2s2.2p4.(1D).3p""","=""2P*""","=""3/2""","=""2s2.2p4.(1D).3d""","=""2D""","=""3/2""",4,4,,"=""c51,T7317""","=""L1882""",
Na,3,"=""212.4510""","=""0.0005""","=""212.4512""","=""0.0013""","=""10""","=""1.86e+08""",B+,"=""447547.96""","=""494602.73""","=""2s2.2p4.(1D).3p""","=""2P*""","=""3/2""","=""2s2.2p4.(1D).3d""","=""2D""","=""5/2""",4,6,,"=""c51,T7317""","=""L1882""",
Na,3,"=""212.663""","=""0.0010""","=""212.6627""","=""0.0013""","=""11""","=""3.71e+08""",B+,"=""417403.98""","=""464411.94""","=""2s2.2p4.(3P).3p""","=""4S*""","=""3/2""","=""2s2.2p4.(3P).3d""","=""4P""","=""1/2""",4,2,,"=""c51,T7317""","=""L1882""",
Na,3,"=""""","=""""","=""212.7613""","=""0.0013""","=""""","=""1.37e+07""",C+,"=""417403.98""","=""464390.17""","=""2s2.2p4.(3P).3p""","=""4S*""","=""3/2""","=""2s2.2p4.(3P).3d""","=""2F""","=""5/2""",4,6,,"=""c51,T7317""","=""""",
Na,3,"=""214.0723""","=""0.0005""","=""214.0722""","=""0.0013""","=""15""","=""3.80e+08""",A,"=""399174.71""","=""445873.20""","=""2s2.2p4.(1D).3s""","=""2D""","=""5/2""","=""2s2.2p4.(1D).3p""","=""2D*""","=""5/2""",6,6,,"=""c51,T7317""","=""L1882""",
Na,3,"=""214.1068""","=""0.0005""","=""214.1071""","=""0.0013""","=""9""","=""3.11e+07""",B,"=""399182.31""","=""445873.20""","=""2s2.2p4.(1D).3s""","=""2D""","=""3/2""","=""2s2.2p4.(1D).3p""","=""2D*""","=""5/2""",4,6,,"=""c51,T7317""","=""L1882""",
Na,3,"=""214.4202""","=""0.0005""","=""214.4197""","=""0.0013""","=""7""","=""1.98e+07""",C+,"=""399174.71""","=""445797.52""","=""2s2.2p4.(1D).3s""","=""2D""","=""5/2""","=""2s2.2p4.(1D).3p""","=""2D*""","=""3/2""",6,4,,"=""c51,T7317""","=""L1882""",
Na,3,"=""214.4542""","=""0.0005""","=""214.4547""","=""0.0013""","=""14""","=""3.88e+08""",B+,"=""399182.31""","=""445797.52""","=""2s2.2p4.(1D).3s""","=""2D""","=""3/2""","=""2s2.2p4.(1D).3p""","=""2D*""","=""3/2""",4,4,,"=""c51,T7317""","=""L1882""",
Na,3,"=""214.5231""","=""0.0005""","=""214.5232""","=""0.0013""","=""9""","=""8.27e+07""",B,"=""418417.50""","=""465017.83""","=""2s2.2p4.(3P).3p""","=""2P*""","=""3/2""","=""2s2.2p4.(3P).3d""","=""2D""","=""3/2""",4,4,,"=""c51,T7317""","=""L1882""",
Na,3,"=""214.6234""","=""0.0005""","=""214.6235""","=""0.0013""","=""9""","=""1.68e+08""",B+,"=""448107.31""","=""494685.86""","=""2s2.2p4.(1D).3p""","=""2P*""","=""1/2""","=""2s2.2p4.(1D).3d""","=""2D""","=""3/2""",2,4,,"=""c51,T7317""","=""L1882""",
Na,3,"=""214.8574""","=""0.0005""","=""214.8573""","=""0.0013""","=""12""","=""1.54e+08""",C,"=""418417.50""","=""464945.37""","=""2s2.2p4.(3P).3p""","=""2P*""","=""3/2""","=""2s2.2p4.(3P).3d""","=""4P""","=""5/2""",4,6,,"=""c51,T7317""","=""L1882""",
Na,3,"=""215.1653""","=""0.0005""","=""215.1653""","=""0.0013""","=""10""","=""1.34e+08""",B+,"=""418556.54""","=""465017.83""","=""2s2.2p4.(3P).3p""","=""2P*""","=""1/2""","=""2s2.2p4.(3P).3d""","=""2D""","=""3/2""",2,4,,"=""c51,T7317""","=""L1882""",
Na,3,"=""""","=""""","=""215.8600""","=""0.0013""","=""""","=""3.67e+05""",D,"=""414281.85""","=""460593.62""","=""2s2.2p4.(3P).3p""","=""2D*""","=""5/2""","=""2s2.2p4.(3P).3d""","=""4D""","=""3/2""",6,4,,"=""c51,T7317""","=""""",
Na,3,"=""215.9082""","=""0.0005""","=""215.9089""","=""0.0013""","=""9""","=""3.11e+08""",B+,"=""447547.96""","=""493849.24""","=""2s2.2p4.(1D).3p""","=""2P*""","=""3/2""","=""2s2.2p4.(1D).3d""","=""2S""","=""1/2""",4,2,,"=""c51,T7317""","=""L1882""",
Na,3,"=""216.3178""","=""0.0005""","=""216.3177""","=""0.0013""","=""5""","=""2.37e+07""",C+,"=""418417.50""","=""464631.29""","=""2s2.2p4.(3P).3p""","=""2P*""","=""3/2""","=""2s2.2p4.(3P).3d""","=""4P""","=""3/2""",4,4,,"=""c51,T7317""","=""L1882""",
Na,3,"=""""","=""""","=""216.7208""","=""0.0013""","=""""","=""7.26e+05""",D+,"=""414281.85""","=""460409.70""","=""2s2.2p4.(3P).3p""","=""2D*""","=""5/2""","=""2s2.2p4.(3P).3d""","=""4D""","=""5/2""",6,6,,"=""c51,T7317""","=""""",
Na,3,"=""216.9702""","=""0.0005""","=""216.9706""","=""0.0013""","=""4""","=""1.81e+07""",C,"=""418556.54""","=""464631.29""","=""2s2.2p4.(3P).3p""","=""2P*""","=""1/2""","=""2s2.2p4.(3P).3d""","=""4P""","=""3/2""",2,4,,"=""c51,T7317""","=""L1882""",
Na,3,"=""""","=""""","=""217.3494""","=""0.0013""","=""""","=""4.45e+05""",D,"=""418417.50""","=""464411.94""","=""2s2.2p4.(3P).3p""","=""2P*""","=""3/2""","=""2s2.2p4.(3P).3d""","=""4P""","=""1/2""",4,2,,"=""c51,T7317""","=""""",
Na,3,"=""""","=""""","=""217.4397""","=""0.0013""","=""""","=""4.67e+05""",D+,"=""414281.85""","=""460257.21""","=""2s2.2p4.(3P).3p""","=""2D*""","=""5/2""","=""2s2.2p4.(3P).3d""","=""4D""","=""7/2""",6,8,,"=""c51,T7317""","=""""",
Na,3,"=""217.453""","=""0.0010""","=""217.4524""","=""0.0013""","=""10bl""","=""1.00e+08""",D+,"=""418417.50""","=""464390.17""","=""2s2.2p4.(3P).3p""","=""2P*""","=""3/2""","=""2s2.2p4.(3P).3d""","=""2F""","=""5/2""",4,6,,"=""c51,T7317""","=""L1882""",
Na,3,"=""""","=""""","=""218.0086""","=""0.0013""","=""""","=""1.77e+04""",E,"=""418556.54""","=""464411.94""","=""2s2.2p4.(3P).3p""","=""2P*""","=""1/2""","=""2s2.2p4.(3P).3d""","=""4P""","=""1/2""",2,2,,"=""c51,T7317""","=""""",
Na,3,"=""218.2846""","=""0.0005""","=""218.2848""","=""0.0013""","=""9""","=""1.14e+07""",B+,"=""366154.41""","=""411951.78""","=""2s2.2p4.(3P).3s""","=""4P""","=""5/2""","=""2s2.2p4.(3P).3p""","=""4D*""","=""3/2""",6,4,,"=""c51,T7317""","=""L1882""",
Na,3,"=""218.5300""","=""0.0005""","=""218.5299""","=""0.0014""","=""8""","=""2.06e+08""",B+,"=""447547.96""","=""493293.98""","=""2s2.2p4.(1D).3p""","=""2P*""","=""3/2""","=""2s2.2p4.(1D).3d""","=""2P""","=""1/2""",4,2,,"=""c51,T7317""","=""L1882""",
Na,3,"=""218.5498""","=""0.0005""","=""218.5494""","=""0.0014""","=""8""","=""2.02e+08""",B+,"=""448107.31""","=""493849.24""","=""2s2.2p4.(1D).3p""","=""2P*""","=""1/2""","=""2s2.2p4.(1D).3d""","=""2S""","=""1/2""",2,2,,"=""c51,T7317""","=""L1882""",
Na,3,"=""218.942""","=""0.0010""","=""218.9432""","=""0.0014""","=""1""","=""9.47e+06""",C,"=""418417.50""","=""464077.16""","=""2s2.2p4.(3P).3p""","=""2P*""","=""3/2""","=""2s2.2p4.(3P).3d""","=""4F""","=""3/2""",4,4,,"=""c51,T7317""","=""L1882""",
Na,3,"=""219.0185""","=""0.0005""","=""219.0179""","=""0.0014""","=""11""","=""3.28e+08""",B+,"=""447547.96""","=""493192.06""","=""2s2.2p4.(1D).3p""","=""2P*""","=""3/2""","=""2s2.2p4.(1D).3d""","=""2P""","=""3/2""",4,4,,"=""c51,T7317""","=""L1882""",
Na,3,"=""""","=""""","=""219.3514""","=""0.0014""","=""""","=""1.06e+05""",E,"=""415172.28""","=""460746.98""","=""2s2.2p4.(3P).3p""","=""2D*""","=""3/2""","=""2s2.2p4.(3P).3d""","=""4D""","=""1/2""",4,2,,"=""c51,T7317""","=""""",
Na,3,"=""219.611""","=""0.0010""","=""219.6121""","=""0.0014""","=""3""","=""1.67e+07""",C+,"=""418556.54""","=""464077.16""","=""2s2.2p4.(3P).3p""","=""2P*""","=""1/2""","=""2s2.2p4.(3P).3d""","=""4F""","=""3/2""",2,4,,"=""c51,T7317""","=""L1882""",
Na,3,"=""""","=""""","=""220.0921""","=""0.0014""","=""""","=""4.63e+04""",E,"=""415172.28""","=""460593.62""","=""2s2.2p4.(3P).3p""","=""2D*""","=""3/2""","=""2s2.2p4.(3P).3d""","=""4D""","=""3/2""",4,4,,"=""c51,T7317""","=""""",
Na,3,"=""220.2831""","=""0.0005""","=""220.2831""","=""0.0014""","=""15""","=""8.53e+07""",A,"=""366154.41""","=""411536.38""","=""2s2.2p4.(3P).3s""","=""4P""","=""5/2""","=""2s2.2p4.(3P).3p""","=""4D*""","=""5/2""",6,6,,"=""c51,T7317""","=""L1882""",
Na,3,"=""220.8069""","=""0.0005""","=""220.8065""","=""0.0014""","=""8""","=""2.63e+07""",C+,"=""418417.50""","=""463691.90""","=""2s2.2p4.(3P).3p""","=""2P*""","=""3/2""","=""2s2.2p4.(3P).3d""","=""4F""","=""5/2""",4,6,,"=""c51,T7317""","=""L1882""",
Na,3,"=""""","=""""","=""220.9870""","=""0.0014""","=""""","=""1.48e+02""",E,"=""415172.28""","=""460409.70""","=""2s2.2p4.(3P).3p""","=""2D*""","=""3/2""","=""2s2.2p4.(3P).3d""","=""4D""","=""5/2""",4,6,,"=""c51,T7317""","=""""",
Na,3,"=""221.2352""","=""0.0005""","=""221.2353""","=""0.0014""","=""9""","=""2.42e+08""",B+,"=""448107.31""","=""493293.98""","=""2s2.2p4.(1D).3p""","=""2P*""","=""1/2""","=""2s2.2p4.(1D).3d""","=""2P""","=""1/2""",2,2,,"=""c51,T7317""","=""L1882""",
Na,3,"=""221.4208""","=""0.0005""","=""221.4208""","=""0.0014""","=""10""","=""5.14e+07""",B+,"=""367040.66""","=""412189.46""","=""2s2.2p4.(3P).3s""","=""4P""","=""3/2""","=""2s2.2p4.(3P).3p""","=""4D*""","=""1/2""",4,2,,"=""c51,T7317""","=""L1882""",
Na,3,"=""221.734""","=""0.0010""","=""221.7354""","=""0.0014""","=""6""","=""6.86e+07""",B,"=""448107.31""","=""493192.06""","=""2s2.2p4.(1D).3p""","=""2P*""","=""1/2""","=""2s2.2p4.(1D).3d""","=""2P""","=""3/2""",2,4,,"=""c51,T7317""","=""L1882""",
Na,3,"=""222.5280""","=""0.0005""","=""222.5279""","=""0.0014""","=""5""","=""1.09e+07""",C,"=""373632.32""","=""418556.54""","=""2s2.2p4.(3P).3s""","=""2P""","=""3/2""","=""2s2.2p4.(3P).3p""","=""2P*""","=""1/2""",4,2,,"=""c51,T7317""","=""L1882""",
Na,3,"=""222.5927""","=""0.0005""","=""222.5928""","=""0.0014""","=""15""","=""1.82e+08""",A,"=""367040.66""","=""411951.78""","=""2s2.2p4.(3P).3s""","=""4P""","=""3/2""","=""2s2.2p4.(3P).3p""","=""4D*""","=""3/2""",4,4,,"=""c51,T7317""","=""L1882""",
Na,3,"=""223.0328""","=""0.0005""","=""223.0328""","=""0.0014""","=""30""","=""3.64e+08""",A,"=""366154.41""","=""410976.94""","=""2s2.2p4.(3P).3s""","=""4P""","=""5/2""","=""2s2.2p4.(3P).3p""","=""4D*""","=""7/2""",6,8,,"=""c51,T7317""","=""L1882""",
Na,3,"=""223.2187""","=""0.0005""","=""223.2188""","=""0.0014""","=""16""","=""2.34e+08""",B+,"=""373632.32""","=""418417.50""","=""2s2.2p4.(3P).3s""","=""2P""","=""3/2""","=""2s2.2p4.(3P).3p""","=""2P*""","=""3/2""",4,4,,"=""c51,T7317""","=""L1882""",
Na,3,"=""223.9484""","=""0.0005""","=""223.9484""","=""0.0014""","=""13""","=""3.09e+08""",A,"=""367550.17""","=""412189.46""","=""2s2.2p4.(3P).3s""","=""4P""","=""1/2""","=""2s2.2p4.(3P).3p""","=""4D*""","=""1/2""",2,2,,"=""c51,T7317""","=""L1882""",
Na,3,"=""224.6706""","=""0.0005""","=""224.6710""","=""0.0014""","=""20w""","=""2.72e+08""",A,"=""367040.66""","=""411536.38""","=""2s2.2p4.(3P).3s""","=""4P""","=""3/2""","=""2s2.2p4.(3P).3p""","=""4D*""","=""5/2""",4,6,,"=""c51,T7317""","=""L1882""",
Na,3,"=""225.1474""","=""0.0005""","=""225.1473""","=""0.0014""","=""14""","=""1.66e+08""",A,"=""367550.17""","=""411951.78""","=""2s2.2p4.(3P).3s""","=""4P""","=""1/2""","=""2s2.2p4.(3P).3p""","=""4D*""","=""3/2""",2,4,,"=""c51,T7317""","=""L1882""",
Na,3,"=""227.8413""","=""0.0005""","=""227.8414""","=""0.0015""","=""15""","=""2.98e+08""",B+,"=""374679.91""","=""418556.54""","=""2s2.2p4.(3P).3s""","=""2P""","=""1/2""","=""2s2.2p4.(3P).3p""","=""2P*""","=""1/2""",2,2,,"=""c51,T7317""","=""L1882""",
Na,3,"=""227.9482""","=""0.0005""","=""227.9482""","=""0.0013""","=""12""","=""3.40e+08""",B+,"=""435028.00""","=""478884.07""","=""2s2.2p4.(1S).3s""","=""2S""","=""1/2""","=""2s2.2p4.(1S).3p""","=""2P*""","=""3/2""",2,4,,"=""c51,T7317""","=""L1882""",
Na,3,"=""""","=""""","=""228.0439""","=""0.0015""","=""""","=""7.58e+05""",D,"=""416909.31""","=""460746.98""","=""2s2.2p4.(3P).3p""","=""2S*""","=""1/2""","=""2s2.2p4.(3P).3d""","=""4D""","=""1/2""",2,2,,"=""c51,T7317""","=""""",
Na,3,"=""228.1620""","=""0.0005""","=""228.1620""","=""0.0013""","=""10""","=""3.39e+08""",B+,"=""435028.00""","=""478842.99""","=""2s2.2p4.(1S).3s""","=""2S""","=""1/2""","=""2s2.2p4.(1S).3p""","=""2P*""","=""1/2""",2,2,,"=""c51,T7317""","=""L1882""",
Na,3,"=""228.5660""","=""0.0005""","=""228.5658""","=""0.0015""","=""13""","=""7.73e+07""",B+,"=""374679.91""","=""418417.50""","=""2s2.2p4.(3P).3s""","=""2P""","=""1/2""","=""2s2.2p4.(3P).3p""","=""2P*""","=""3/2""",2,4,,"=""c51,T7317""","=""L1882""",
Na,3,"=""""","=""""","=""228.8446""","=""0.0015""","=""""","=""3.11e+05""",D,"=""416909.31""","=""460593.62""","=""2s2.2p4.(3P).3p""","=""2S*""","=""1/2""","=""2s2.2p4.(3P).3d""","=""4D""","=""3/2""",2,4,,"=""c51,T7317""","=""""",
Na,3,"=""230.9988""","=""0.0005""","=""230.9986""","=""0.0015""","=""15""","=""3.08e+08""",B+,"=""373632.32""","=""416909.31""","=""2s2.2p4.(3P).3s""","=""2P""","=""3/2""","=""2s2.2p4.(3P).3p""","=""2S*""","=""1/2""",4,2,,"=""c51,T7317""","=""L1882""",
Na,2,"=""231.5647""","=""0.0003""","=""231.5648""","=""0.0008""","=""300""","=""1.05e+07""",C+,"=""265689.62""","=""308860.80""","=""2s2.2p5.3s""","=""3P*""","=""1""","=""2s2.2p5.3p""","=""1S""","=""0""",3,1,,"=""c49,T6036""","=""L914""",
Na,3,"=""""","=""""","=""236.1698""","=""0.0016""","=""""","=""3.81e+04""",E,"=""418417.50""","=""460746.98""","=""2s2.2p4.(3P).3p""","=""2P*""","=""3/2""","=""2s2.2p4.(3P).3d""","=""4D""","=""1/2""",4,2,,"=""c51,T7317""","=""""",
Na,3,"=""236.7295""","=""0.0005""","=""236.7295""","=""0.0016""","=""9""","=""1.65e+07""",C+,"=""374679.91""","=""416909.31""","=""2s2.2p4.(3P).3s""","=""2P""","=""1/2""","=""2s2.2p4.(3P).3p""","=""2S*""","=""1/2""",2,2,,"=""c51,T7317""","=""L1882""",
Na,3,"=""""","=""""","=""236.9481""","=""0.0016""","=""""","=""4.75e+03""",E,"=""418556.54""","=""460746.98""","=""2s2.2p4.(3P).3p""","=""2P*""","=""1/2""","=""2s2.2p4.(3P).3d""","=""4D""","=""1/2""",2,2,,"=""c51,T7317""","=""""",
Na,3,"=""""","=""""","=""237.0286""","=""0.0016""","=""""","=""8.01e+04""",D,"=""418417.50""","=""460593.62""","=""2s2.2p4.(3P).3p""","=""2P*""","=""3/2""","=""2s2.2p4.(3P).3d""","=""4D""","=""3/2""",4,4,,"=""c51,T7317""","=""""",
Na,3,"=""""","=""""","=""237.8127""","=""0.0016""","=""""","=""1.43e+02""",E,"=""418556.54""","=""460593.62""","=""2s2.2p4.(3P).3p""","=""2P*""","=""1/2""","=""2s2.2p4.(3P).3d""","=""4D""","=""3/2""",2,4,,"=""c51,T7317""","=""""",
Na,3,"=""""","=""""","=""238.0668""","=""0.0016""","=""""","=""2.86e+04""",E,"=""418417.50""","=""460409.70""","=""2s2.2p4.(3P).3p""","=""2P*""","=""3/2""","=""2s2.2p4.(3P).3d""","=""4D""","=""5/2""",4,6,,"=""c51,T7317""","=""""",
Na,3,"=""238.6992""","=""0.0005""","=""238.6992""","=""0.0016""","=""18""","=""3.05e+08""",A,"=""399174.71""","=""441055.67""","=""2s2.2p4.(1D).3s""","=""2D""","=""5/2""","=""2s2.2p4.(1D).3p""","=""2F*""","=""7/2""",6,8,,"=""c51,T7317""","=""L1882""",
Na,3,"=""239.3589""","=""0.0005""","=""239.3592""","=""0.0016""","=""9""","=""2.26e+07""",B,"=""399174.71""","=""440940.20""","=""2s2.2p4.(1D).3s""","=""2D""","=""5/2""","=""2s2.2p4.(1D).3p""","=""2F*""","=""5/2""",6,6,,"=""c51,T7317""","=""L1882""",
Na,3,"=""239.4032""","=""0.0005""","=""239.4028""","=""0.0016""","=""17""","=""2.80e+08""",A,"=""399182.31""","=""440940.20""","=""2s2.2p4.(1D).3s""","=""2D""","=""3/2""","=""2s2.2p4.(1D).3p""","=""2F*""","=""5/2""",4,6,,"=""c51,T7317""","=""L1882""",
Na,3,"=""240.6588""","=""0.0005""","=""240.6588""","=""0.0016""","=""15""","=""7.37e+07""",A,"=""373632.32""","=""415172.28""","=""2s2.2p4.(3P).3s""","=""2P""","=""3/2""","=""2s2.2p4.(3P).3p""","=""2D*""","=""3/2""",4,4,,"=""c56,LS""","=""L1882""",
Na,1,"=""""","=""""","=""243.376496""","=""0.000012""","=""""","=""3.87e+03""",C+',"=""0.00000""","=""[41076.141]""","=""2p6.3s""","=""2S""","=""1/2""","=""2p6.18p""","=""2P*""","=""3/2""",2,4,,"=""T76n,T817""","=""""",
Na,1,"=""""","=""""","=""243.376703""","=""0.000012""","=""""","=""3.87e+03""",C+',"=""0.00000""","=""[41076.106]""","=""2p6.3s""","=""2S""","=""1/2""","=""2p6.18p""","=""2P*""","=""1/2""",2,2,,"=""T76n,T817""","=""""",
Na,1,"=""""","=""""","=""243.659344""","=""0.000012""","=""""","=""4.64e+03""",C+',"=""0.00000""","=""[41028.462]""","=""2p6.3s""","=""2S""","=""1/2""","=""2p6.17p""","=""2P*""","=""3/2""",2,4,,"=""T76n,T817""","=""""",
Na,1,"=""""","=""""","=""243.659599""","=""0.000012""","=""""","=""4.64e+03""",C+',"=""0.00000""","=""[41028.419]""","=""2p6.3s""","=""2S""","=""1/2""","=""2p6.17p""","=""2P*""","=""1/2""",2,2,,"=""T76n,T817""","=""""",
Na,1,"=""""","=""""","=""244.000936""","=""0.000012""","=""""","=""5.6e+03""",C+',"=""0.00000""","=""[40971.028]""","=""2p6.3s""","=""2S""","=""1/2""","=""2p6.16p""","=""2P*""","=""3/2""",2,4,,"=""T76n,T817""","=""""",
Na,1,"=""""","=""""","=""244.001245""","=""0.000012""","=""""","=""5.6e+03""",C+',"=""0.00000""","=""[40970.976]""","=""2p6.3s""","=""2S""","=""1/2""","=""2p6.16p""","=""2P*""","=""1/2""",2,2,,"=""T76n,T817""","=""""",
Na,1,"=""""","=""""","=""244.418818""","=""0.000012""","=""""","=""6.8e+03""",C+',"=""0.00000""","=""[40900.985]""","=""2p6.3s""","=""2S""","=""1/2""","=""2p6.15p""","=""2P*""","=""3/2""",2,4,,"=""T76n,T817""","=""""",
Na,1,"=""""","=""""","=""244.419195""","=""0.000012""","=""""","=""6.8e+03""",C+',"=""0.00000""","=""[40900.922]""","=""2p6.3s""","=""2S""","=""1/2""","=""2p6.15p""","=""2P*""","=""1/2""",2,2,,"=""T76n,T817""","=""""",
Na,1,"=""""","=""""","=""244.937663""","=""0.000012""","=""""","=""8.6e+03""",C+',"=""0.00000""","=""[40814.352]""","=""2p6.3s""","=""2S""","=""1/2""","=""2p6.14p""","=""2P*""","=""3/2""",2,4,,"=""T76n,T817""","=""""",
Na,1,"=""""","=""""","=""244.938137""","=""0.000012""","=""""","=""8.6e+03""",C+',"=""0.00000""","=""[40814.273]""","=""2p6.3s""","=""2S""","=""1/2""","=""2p6.14p""","=""2P*""","=""1/2""",2,2,,"=""T76n,T817""","=""""",
Na,1,"=""""","=""""","=""245.593045""","=""0.000012""","=""""","=""1.12e+04""",C+',"=""0.00000""","=""[40705.444]""","=""2p6.3s""","=""2S""","=""1/2""","=""2p6.13p""","=""2P*""","=""3/2""",2,4,,"=""T76n,T817""","=""""",
Na,1,"=""""","=""""","=""245.593648""","=""0.000012""","=""""","=""1.12e+04""",C+',"=""0.00000""","=""[40705.344]""","=""2p6.3s""","=""2S""","=""1/2""","=""2p6.13p""","=""2P*""","=""1/2""",2,2,,"=""T76n,T817""","=""""",
Na,3,"=""245.9306""","=""0.0005""","=""245.9309""","=""0.0017""","=""25""","=""2.80e+08""",A,"=""373632.32""","=""414281.85""","=""2s2.2p4.(3P).3s""","=""2P""","=""3/2""","=""2s2.2p4.(3P).3p""","=""2D*""","=""5/2""",4,6,,"=""c56,LS""","=""L1882""",
Na,1,"=""""","=""""","=""246.437851""","=""0.000012""","=""""","=""1.44e+04""",C+',"=""0.00000""","=""[40565.913]""","=""2p6.3s""","=""2S""","=""1/2""","=""2p6.12p""","=""2P*""","=""3/2""",2,4,,"=""T76n,T817""","=""""",
Na,1,"=""""","=""""","=""246.438640""","=""0.000012""","=""""","=""1.44e+04""",C+',"=""0.00000""","=""[40565.783]""","=""2p6.3s""","=""2S""","=""1/2""","=""2p6.12p""","=""2P*""","=""1/2""",2,2,,"=""T76n,T817""","=""""",
Na,3,"=""246.8854""","=""0.0005""","=""246.8855""","=""0.0017""","=""18""","=""2.13e+08""",A,"=""374679.91""","=""415172.28""","=""2s2.2p4.(3P).3s""","=""2P""","=""1/2""","=""2s2.2p4.(3P).3p""","=""2D*""","=""3/2""",2,4,,"=""c56,LS""","=""L1882""",
Na,3,"=""247.4732""","=""0.0005""","=""247.4731""","=""0.0017""","=""20""","=""1.38e+08""",A,"=""366154.41""","=""406550.63""","=""2s2.2p4.(3P).3s""","=""4P""","=""5/2""","=""2s2.2p4.(3P).3p""","=""4P*""","=""3/2""",6,4,,"=""c51,T7317""","=""L1882""",
Na,1,"=""""","=""""","=""247.553565""","=""0.000012""","=""""","=""1.94e+04""",C+',"=""0.00000""","=""40383.097""","=""2p6.3s""","=""2S""","=""1/2""","=""2p6.11p""","=""2P*""","=""3/2""",2,4,,"=""T76n,T817""","=""""",
Na,1,"=""""","=""""","=""247.554619""","=""0.000012""","=""""","=""1.94e+04""",C+',"=""0.00000""","=""40382.925""","=""2p6.3s""","=""2S""","=""1/2""","=""2p6.11p""","=""2P*""","=""1/2""",2,2,,"=""T76n,T817""","=""""",
Na,1,"=""""","=""""","=""249.071261""","=""0.000013""","=""""","=""1.89e+04""",D+,"=""0.00000""","=""40137.043""","=""2p6.3s""","=""2S""","=""1/2""","=""2p6.10p""","=""2P*""","=""3/2""",2,4,,"=""T76n""","=""""",
Na,1,"=""""","=""""","=""249.072707""","=""0.000013""","=""""","=""1.89e+04""",D+,"=""0.00000""","=""40136.810""","=""2p6.3s""","=""2S""","=""1/2""","=""2p6.10p""","=""2P*""","=""1/2""",2,2,,"=""T76n""","=""""",
Na,2,"=""249.3149""","=""0.0003""","=""249.3148""","=""0.0009""","=""1000""","=""4.15e+08""",A,"=""268762.96""","=""308860.80""","=""2s2.2p5.3s""","=""1P*""","=""1""","=""2s2.2p5.3p""","=""1S""","=""0""",3,1,,"=""c49,T6036""","=""L914""",
Na,3,"=""249.7022""","=""0.0005""","=""249.7015""","=""0.0018""","=""25""","=""1.99e+08""",A,"=""366154.41""","=""406190.15""","=""2s2.2p4.(3P).3s""","=""4P""","=""5/2""","=""2s2.2p4.(3P).3p""","=""4P*""","=""5/2""",6,6,,"=""c51,T7317""","=""L1882""",
Na,2,"=""250.2839""","=""0.0003""","=""250.2838""","=""0.0009""","=""300""","=""1.2e+07""",E,"=""293220.33""","=""333162.94""","=""2s2.2p5.3p""","=""3S""","=""1""","=""2s2.2p5.(2P*<1/2>).3d""","=""2[3/2]*""","=""1""",3,3,,"=""T6036c80""","=""L914""",
Na,2,"=""250.6301""","=""0.0003""","=""250.6302""","=""0.0009""","=""450""","=""2.7e+07""",C+,"=""293220.33""","=""333107.74""","=""2s2.2p5.3p""","=""3S""","=""1""","=""2s2.2p5.(2P*<1/2>).4s""","=""2[1/2]*""","=""1""",3,3,,"=""T7663""","=""L914""",
Na,3,"=""251.0264""","=""0.0005""","=""251.0264""","=""0.0018""","=""17""","=""2.19e+08""",A,"=""367040.66""","=""406865.11""","=""2s2.2p4.(3P).3s""","=""4P""","=""3/2""","=""2s2.2p4.(3P).3p""","=""4P*""","=""1/2""",4,2,,"=""c51,T7317""","=""L1882""",
Na,1,"=""""","=""""","=""251.213407""","=""0.000013""","=""""","=""3.20e+04""",D+,"=""0.00000""","=""[39794.810]""","=""2p6.3s""","=""2S""","=""1/2""","=""2p6.9p""","=""2P*""","=""3/2""",2,4,,"=""c30,T76n""","=""""",
Na,1,"=""""","=""""","=""251.215497""","=""0.000013""","=""""","=""3.10e+04""",C,"=""0.00000""","=""[39794.479]""","=""2p6.3s""","=""2S""","=""1/2""","=""2p6.9p""","=""2P*""","=""1/2""",2,2,,"=""c30,T76n""","=""""",
Na,2,"=""251.5455""","=""0.0003""","=""251.5457""","=""0.0009""","=""600""","=""2.25e+07""",C+,"=""293220.33""","=""332962.57""","=""2s2.2p5.3p""","=""3S""","=""1""","=""2s2.2p5.(2P*<1/2>).3d""","=""2[3/2]*""","=""2""",3,5,,"=""T6036""","=""L914""",
Na,2,"=""252.5647""","=""0.0003""","=""252.5649""","=""0.0009""","=""50""","=""2.78e+05""",D,"=""293220.33""","=""332802.21""","=""2s2.2p5.3p""","=""3S""","=""1""","=""2s2.2p5.(2P*<1/2>).3d""","=""2[5/2]*""","=""2""",3,5,,"=""T7663""","=""L914""",
Na,3,"=""253.0249""","=""0.0005""","=""253.0246""","=""0.0018""","=""15""","=""3.65e+07""",B+,"=""367040.66""","=""406550.63""","=""2s2.2p4.(3P).3s""","=""4P""","=""3/2""","=""2s2.2p4.(3P).3p""","=""4P*""","=""3/2""",4,4,,"=""c51,T7317""","=""L1882""",
Na,2,"=""253.1538""","=""0.0003""","=""253.1540""","=""0.0009""","=""600""","=""8.44e+07""",C+,"=""293220.33""","=""332710.11""","=""2s2.2p5.3p""","=""3S""","=""1""","=""2s2.2p5.(2P*<1/2>).4s""","=""2[1/2]*""","=""0""",3,1,,"=""T7663""","=""L914""",
Na,3,"=""254.2791""","=""0.0005""","=""254.2799""","=""0.0018""","=""14""","=""3.39e+07""",B+,"=""367550.17""","=""406865.11""","=""2s2.2p4.(3P).3s""","=""4P""","=""1/2""","=""2s2.2p4.(3P).3p""","=""4P*""","=""1/2""",2,2,,"=""c51,T7317""","=""L1882""",
Na,1,"=""254.382""","=""0.0004""","=""254.38405""","=""0.00013""","=""""","=""4.46e+04""",C+,"=""0.00000""","=""39298.84""","=""2p6.3s""","=""2S""","=""1/2""","=""2p6.8p""","=""2P*""","=""3/2""",2,4,,"=""c30,T76n""","=""L15055,L6096""",
Na,1,"=""254.388""","=""0.0004""","=""254.38722""","=""0.00013""","=""""","=""4.35e+04""",C+,"=""0.00000""","=""39298.35""","=""2p6.3s""","=""2S""","=""1/2""","=""2p6.8p""","=""2P*""","=""1/2""",2,2,,"=""c30,T76n""","=""L15055,L6096""",
Na,3,"=""255.354""","=""0.0010""","=""255.3546""","=""0.0018""","=""4d""","=""5.52e+07""",A,"=""367040.66""","=""406190.15""","=""2s2.2p4.(3P).3s""","=""4P""","=""3/2""","=""2s2.2p4.(3P).3p""","=""4P*""","=""5/2""",4,6,,"=""c51,T7317""","=""L7396""",
Na,3,"=""256.332""","=""0.0010""","=""256.3304""","=""0.0019""","=""4d""","=""7.92e+07""",A,"=""367550.17""","=""406550.63""","=""2s2.2p4.(3P).3s""","=""4P""","=""1/2""","=""2s2.2p4.(3P).3p""","=""4P*""","=""3/2""",2,4,,"=""c51,T7317""","=""L7396""",
Na,2,"=""258.6308""","=""0.0003""","=""258.6307""","=""0.0009""","=""550""","=""5.80e+07""",C,"=""293220.33""","=""331873.93""","=""2s2.2p5.3p""","=""3S""","=""1""","=""2s2.2p5.(2P*<3/2>).4s""","=""2[3/2]*""","=""1""",3,3,,"=""T7663c79""","=""L914""",
Na,3,"=""""","=""""","=""259.2778""","=""0.0019""","=""""","=""4.70e+03""",E,"=""373632.32""","=""412189.46""","=""2s2.2p4.(3P).3s""","=""2P""","=""3/2""","=""2s2.2p4.(3P).3p""","=""4D*""","=""1/2""",4,2,,"=""c51,T7317""","=""""",
Na,1,"=""259.383""","=""0.0004""","=""259.38685""","=""0.00013""","=""""","=""8.13e+04""",B,"=""0.00000""","=""38540.93""","=""2p6.3s""","=""2S""","=""1/2""","=""2p6.7p""","=""2P*""","=""3/2""",2,4,,"=""c30,T76n""","=""L15055,L6096""",
Na,1,"=""259.393""","=""0.0004""","=""259.39190""","=""0.00013""","=""""","=""7.96e+04""",C+,"=""0.00000""","=""38540.18""","=""2p6.3s""","=""2S""","=""1/2""","=""2p6.7p""","=""2P*""","=""1/2""",2,2,,"=""c30,T76n""","=""L15055,L6096""",
Na,2,"=""259.4958""","=""0.0003""","=""259.4959""","=""0.0010""","=""600""","=""3.71e+07""",B,"=""293220.33""","=""331745.06""","=""2s2.2p5.3p""","=""3S""","=""1""","=""2s2.2p5.(2P*<3/2>).3d""","=""2[3/2]*""","=""1""",3,3,,"=""T7663""","=""L914""",
Na,2,"=""260.0325""","=""0.0003""","=""260.0324""","=""0.0010""","=""45""","=""4.9e+05""",E,"=""293220.33""","=""331665.59""","=""2s2.2p5.3p""","=""3S""","=""1""","=""2s2.2p5.(2P*<3/2>).3d""","=""2[5/2]*""","=""2""",3,5,,"=""T6036c79""","=""L914""",
Na,3,"=""""","=""""","=""260.8861""","=""0.0019""","=""""","=""6.96e+04""",D+,"=""373632.32""","=""411951.78""","=""2s2.2p4.(3P).3s""","=""2P""","=""3/2""","=""2s2.2p4.(3P).3p""","=""4D*""","=""3/2""",4,4,,"=""c51,T7317""","=""""",
Na,2,"=""261.1812""","=""0.0003""","=""261.1811""","=""0.0010""","=""850""","=""2.2e+08""",E,"=""293220.33""","=""331496.51""","=""2s2.2p5.3p""","=""3S""","=""1""","=""2s2.2p5.(2P*<3/2>).4s""","=""2[3/2]*""","=""2""",3,5,,"=""T7663c78""","=""L914""",
Na,3,"=""263.745""","=""0.0010""","=""263.7454""","=""0.0020""","=""0""","=""2.15e+06""",B,"=""373632.32""","=""411536.38""","=""2s2.2p4.(3P).3s""","=""2P""","=""3/2""","=""2s2.2p4.(3P).3p""","=""4D*""","=""5/2""",4,6,,"=""c51,T7317""","=""L7396""",
Na,2,"=""266.0997""","=""0.0003""","=""266.0997""","=""0.0010""","=""850""","=""1.65e+08""",B+,"=""293220.33""","=""330789.05""","=""2s2.2p5.3p""","=""3S""","=""1""","=""2s2.2p5.(2P*<3/2>).3d""","=""2[3/2]*""","=""2""",3,5,,"=""T6036""","=""L914""",
Na,3,"=""""","=""""","=""266.5195""","=""0.0020""","=""""","=""3.11e+04""",D+,"=""374679.91""","=""412189.46""","=""2s2.2p4.(3P).3s""","=""2P""","=""1/2""","=""2s2.2p4.(3P).3p""","=""4D*""","=""1/2""",2,2,,"=""c51,T7317""","=""""",
Na,2,"=""267.1826""","=""0.0003""","=""267.1829""","=""0.0010""","=""1000""","=""2.64e+08""",B+,"=""293220.33""","=""330636.75""","=""2s2.2p5.3p""","=""3S""","=""1""","=""2s2.2p5.(2P*<3/2>).3d""","=""2[1/2]*""","=""1""",3,3,,"=""T6036""","=""L914""",
Na,2,"=""267.8085""","=""0.0003""","=""267.8085""","=""0.0010""","=""850""","=""3.01e+08""",B,"=""293220.33""","=""330549.35""","=""2s2.2p5.3p""","=""3S""","=""1""","=""2s2.2p5.(2P*<3/2>).3d""","=""2[1/2]*""","=""0""",3,1,,"=""T6036""","=""L914""",
Na,1,"=""268.0331""","=""0.0004""","=""268.03407""","=""0.00014""","=""""","=""1.84e+05""",B+,"=""0.00000""","=""37297.61""","=""2p6.3s""","=""2S""","=""1/2""","=""2p6.6p""","=""2P*""","=""3/2""",2,4,,"=""c30,T76n""","=""L3319,L6096""",
Na,1,"=""268.0421""","=""0.0004""","=""268.04334""","=""0.00014""","=""""","=""1.81e+05""",B,"=""0.00000""","=""37296.32""","=""2p6.3s""","=""2S""","=""1/2""","=""2p6.6p""","=""2P*""","=""1/2""",2,2,,"=""c30,T76n""","=""L3319,L6096""",
Na,3,"=""""","=""""","=""268.2192""","=""0.0020""","=""""","=""6.73e+05""",C+,"=""374679.91""","=""411951.78""","=""2s2.2p4.(3P).3s""","=""2P""","=""1/2""","=""2s2.2p4.(3P).3p""","=""4D*""","=""3/2""",2,4,,"=""c51,T7317""","=""""",
Na,3,"=""""","=""""","=""274.03""","=""0.05""","=""""","=""1.28e+07""",D,"=""478884.07""","=""515365""","=""2s2.2p4.(1S).3p""","=""2P*""","=""3/2""","=""2s2.2p4.(3P).4d""","=""2D""","=""5/2""",4,6,,"=""c56,LS""","=""""",
Na,3,"=""""","=""""","=""276.36""","=""0.05""","=""""","=""1.04e+07""",E,"=""478842.99""","=""515017""","=""2s2.2p4.(1S).3p""","=""2P*""","=""1/2""","=""2s2.2p4.(3P).4d""","=""2D""","=""3/2""",2,4,,"=""c56,LS""","=""""",
Na,3,"=""""","=""""","=""276.67""","=""0.05""","=""""","=""2.07e+06""",E,"=""478884.07""","=""515017""","=""2s2.2p4.(1S).3p""","=""2P*""","=""3/2""","=""2s2.2p4.(3P).4d""","=""2D""","=""3/2""",4,4,,"=""c56,LS""","=""""",
Na,3,"=""""","=""""","=""278.9310""","=""0.0022""","=""""","=""2.12e+07""",E,"=""447547.96""","=""483388.55""","=""2s2.2p4.(1D).3p""","=""2P*""","=""3/2""","=""2s2.2p4.(3P).4s""","=""2P""","=""1/2""",4,2,,"=""c56,LS""","=""""",
Na,2,"=""279.9211""","=""0.0003""","=""279.9217""","=""0.0011""","=""80""","=""2.64e+06""",D+,"=""297248.82""","=""332962.57""","=""2s2.2p5.3p""","=""3D""","=""3""","=""2s2.2p5.(2P*<1/2>).3d""","=""2[3/2]*""","=""2""",7,5,,"=""T6036""","=""L914""",
Na,2,"=""280.8706""","=""0.0003""","=""280.8705""","=""0.0011""","=""650""","=""1.5e+07""",E,"=""297248.82""","=""332841.93""","=""2s2.2p5.3p""","=""3D""","=""3""","=""2s2.2p5.(2P*<1/2>).3d""","=""2[5/2]*""","=""3""",7,7,,"=""T7663c79""","=""L914""",
Na,2,"=""280.9520""","=""0.0003""","=""280.9520""","=""0.0011""","=""850""","=""5.95e+07""",A,"=""264924.32""","=""300507.11""","=""2s2.2p5.3s""","=""3P*""","=""2""","=""2s2.2p5.3p""","=""3P""","=""1""",5,3,,"=""T7663""","=""L914""",
Na,2,"=""281.1840""","=""0.0003""","=""281.1843""","=""0.0011""","=""160""","=""1.01e+06""",D+,"=""297248.82""","=""332802.21""","=""2s2.2p5.3p""","=""3D""","=""3""","=""2s2.2p5.(2P*<1/2>).3d""","=""2[5/2]*""","=""2""",7,5,,"=""T7663""","=""L914""",
Na,2,"=""281.3900""","=""0.0003""","=""281.3906""","=""0.0011""","=""250""","=""6.9e+06""",E,"=""297635.61""","=""333162.94""","=""2s2.2p5.3p""","=""3D""","=""2""","=""2s2.2p5.(2P*<1/2>).3d""","=""2[3/2]*""","=""1""",5,3,,"=""T7663c80""","=""L914""",
Na,2,"=""281.8288""","=""0.0003""","=""281.8285""","=""0.0011""","=""350""","=""1.2e+07""",E,"=""297635.61""","=""333107.74""","=""2s2.2p5.3p""","=""3D""","=""2""","=""2s2.2p5.(2P*<1/2>).4s""","=""2[1/2]*""","=""1""",5,3,,"=""T7663c80""","=""L914""",
Na,2,"=""282.9868""","=""0.0003""","=""282.9867""","=""0.0011""","=""600""","=""3.36e+07""",B,"=""297635.61""","=""332962.57""","=""2s2.2p5.3p""","=""3D""","=""2""","=""2s2.2p5.(2P*<1/2>).3d""","=""2[3/2]*""","=""2""",5,5,,"=""T6036""","=""L914""",
Na,3,"=""""","=""""","=""283.3534""","=""0.0023""","=""""","=""4.05e+07""",D,"=""448107.31""","=""483388.55""","=""2s2.2p4.(1D).3p""","=""2P*""","=""1/2""","=""2s2.2p4.(3P).4s""","=""2P""","=""1/2""",2,2,,"=""c56,LS""","=""""",
Na,2,"=""283.9564""","=""0.0003""","=""283.9564""","=""0.0011""","=""800""","=""5.1e+07""",E,"=""297635.61""","=""332841.93""","=""2s2.2p5.3p""","=""3D""","=""2""","=""2s2.2p5.(2P*<1/2>).3d""","=""2[5/2]*""","=""3""",5,7,,"=""T7663c79""","=""L914""",
Na,2,"=""284.1724""","=""0.0003""","=""284.1721""","=""0.0011""","=""1000""","=""8.92e+07""",A,"=""264924.32""","=""300103.92""","=""2s2.2p5.3s""","=""3P*""","=""2""","=""2s2.2p5.3p""","=""3P""","=""2""",5,5,,"=""T7663""","=""L914""",
Na,2,"=""284.2762""","=""0.0003""","=""284.2772""","=""0.0011""","=""30""","=""5.23e+05""",D,"=""297635.61""","=""332802.21""","=""2s2.2p5.3p""","=""3D""","=""2""","=""2s2.2p5.(2P*<1/2>).3d""","=""2[5/2]*""","=""2""",5,5,,"=""T7663""","=""L914""",
Na,1,"=""285.2811""","=""0.0004""","=""285.28110""","=""0.00016""","=""16""","=""5.38e+05""",B+,"=""0.00000""","=""35042.85""","=""2p6.3s""","=""2S""","=""1/2""","=""2p6.5p""","=""2P*""","=""3/2""",2,4,,"=""c30,T76n""","=""L6096""",
Na,1,"=""285.3013""","=""0.0004""","=""285.30121""","=""0.00016""","=""15""","=""5.31e+05""",B+,"=""0.00000""","=""35040.38""","=""2p6.3s""","=""2S""","=""1/2""","=""2p6.5p""","=""2P*""","=""1/2""",2,2,,"=""c30,T76n""","=""L6096""",
Na,2,"=""285.6508""","=""0.0003""","=""285.6508""","=""0.0012""","=""650""","=""6.2e+07""",E,"=""298165.44""","=""333162.94""","=""2s2.2p5.3p""","=""3D""","=""1""","=""2s2.2p5.(2P*<1/2>).3d""","=""2[3/2]*""","=""1""",3,3,,"=""T7663c80""","=""L914""",
Na,2,"=""285.9488""","=""0.0003""","=""285.9486""","=""0.0012""","=""800""","=""2.19e+07""",B,"=""264924.32""","=""299885.37""","=""2s2.2p5.3s""","=""3P*""","=""2""","=""2s2.2p5.3p""","=""1P""","=""1""",5,3,,"=""T7663""","=""L914""",
Na,2,"=""286.1019""","=""0.0003""","=""286.1021""","=""0.0012""","=""350""","=""8.0e+06""",E,"=""298165.44""","=""333107.74""","=""2s2.2p5.3p""","=""3D""","=""1""","=""2s2.2p5.(2P*<1/2>).4s""","=""2[1/2]*""","=""1""",3,3,,"=""T7663c80""","=""L914""",
Na,3,"=""""","=""""","=""286.8249""","=""0.0023""","=""""","=""4.88e+07""",D+,"=""447547.96""","=""482402.20""","=""2s2.2p4.(1D).3p""","=""2P*""","=""3/2""","=""2s2.2p4.(3P).4s""","=""2P""","=""3/2""",4,4,,"=""c56,LS""","=""""",
Na,2,"=""287.1275""","=""0.0003""","=""287.1277""","=""0.0012""","=""750""","=""2.75e+07""",B+,"=""265689.62""","=""300507.11""","=""2s2.2p5.3s""","=""3P*""","=""1""","=""2s2.2p5.3p""","=""3P""","=""1""",3,3,,"=""T7663""","=""L914""",
Na,2,"=""287.2954""","=""0.0003""","=""287.2957""","=""0.0012""","=""650""","=""2.63e+07""",C+,"=""298165.44""","=""332962.57""","=""2s2.2p5.3p""","=""3D""","=""1""","=""2s2.2p5.(2P*<1/2>).3d""","=""2[3/2]*""","=""2""",3,5,,"=""T6036""","=""L914""",
Na,2,"=""288.1146""","=""0.0003""","=""288.1149""","=""0.0012""","=""900""","=""2.50e+08""",A,"=""265689.62""","=""300387.82""","=""2s2.2p5.3s""","=""3P*""","=""1""","=""2s2.2p5.3p""","=""3P""","=""0""",3,1,,"=""T7663""","=""L914""",
Na,2,"=""288.6257""","=""0.0003""","=""288.6259""","=""0.0012""","=""850""","=""1.07e+08""",B+,"=""298165.44""","=""332802.21""","=""2s2.2p5.3p""","=""3D""","=""1""","=""2s2.2p5.(2P*<1/2>).3d""","=""2[5/2]*""","=""2""",3,5,,"=""T7663""","=""L914""",
Na,2,"=""289.3949""","=""0.0003""","=""289.3954""","=""0.0012""","=""700""","=""1.48e+08""",B,"=""298165.44""","=""332710.11""","=""2s2.2p5.3p""","=""3D""","=""1""","=""2s2.2p5.(2P*<1/2>).4s""","=""2[1/2]*""","=""0""",3,1,,"=""T7663""","=""L914""",
Na,2,"=""290.1139""","=""0.0003""","=""290.1143""","=""0.0012""","=""900""","=""1.1e+08""",E,"=""297248.82""","=""331707.90""","=""2s2.2p5.3p""","=""3D""","=""3""","=""2s2.2p5.(2P*<3/2>).3d""","=""2[5/2]*""","=""3""",7,7,,"=""T7663c81""","=""L914""",
Na,2,"=""290.4716""","=""0.0003""","=""290.4709""","=""0.0012""","=""800""","=""1.0e+07""",E,"=""297248.82""","=""331665.59""","=""2s2.2p5.3p""","=""3D""","=""3""","=""2s2.2p5.(2P*<3/2>).3d""","=""2[5/2]*""","=""2""",7,5,,"=""T6036c79""","=""L914""",
Na,2,"=""290.4915""","=""0.0003""","=""290.4918""","=""0.0012""","=""1100""","=""7.30e+07""",A,"=""265689.62""","=""300103.92""","=""2s2.2p5.3s""","=""3P*""","=""1""","=""2s2.2p5.3p""","=""3P""","=""2""",3,5,,"=""T7663""","=""L914""",
Na,3,"=""""","=""""","=""291.5033""","=""0.0024""","=""""","=""9.30e+06""",E,"=""448107.31""","=""482402.20""","=""2s2.2p4.(1D).3p""","=""2P*""","=""1/2""","=""2s2.2p4.(3P).4s""","=""2P""","=""3/2""",2,4,,"=""c56,LS""","=""""",
Na,2,"=""291.752""","=""0.010""","=""291.7521""","=""0.0012""","=""1100""","=""7.92e+07""",B+,"=""264924.32""","=""299189.96""","=""2s2.2p5.3s""","=""3P*""","=""2""","=""2s2.2p5.3p""","=""1D""","=""2""",5,5,,"=""T7663""","=""L914""",
Na,2,"=""291.9049""","=""0.0003""","=""291.9050""","=""0.0012""","=""1100""","=""1.6e+08""",E,"=""297248.82""","=""331496.51""","=""2s2.2p5.3p""","=""3D""","=""3""","=""2s2.2p5.(2P*<3/2>).4s""","=""2[3/2]*""","=""2""",7,5,,"=""T7663c78""","=""L914""",
Na,2,"=""291.9850""","=""0.0003""","=""291.9849""","=""0.0012""","=""1200""","=""1.33e+08""",C,"=""297635.61""","=""331873.93""","=""2s2.2p5.3p""","=""3D""","=""2""","=""2s2.2p5.(2P*<3/2>).4s""","=""2[3/2]*""","=""1""",5,3,,"=""T7663c79""","=""L914""",
Na,2,"=""292.0945""","=""0.0003""","=""292.0944""","=""0.0012""","=""1300""","=""6.66e+07""",A,"=""266281.62""","=""300507.11""","=""2s2.2p5.3s""","=""3P*""","=""0""","=""2s2.2p5.3p""","=""3P""","=""1""",1,3,,"=""T7663""","=""L914""",
Na,2,"=""292.3485""","=""0.0003""","=""292.3484""","=""0.0012""","=""1000""","=""1.41e+07""",B,"=""265689.62""","=""299885.37""","=""2s2.2p5.3s""","=""3P*""","=""1""","=""2s2.2p5.3p""","=""1P""","=""1""",3,3,,"=""T7663""","=""L914""",
Na,2,"=""293.0882""","=""0.0003""","=""293.0881""","=""0.0012""","=""750""","=""9.83e+07""",B+,"=""297635.61""","=""331745.06""","=""2s2.2p5.3p""","=""3D""","=""2""","=""2s2.2p5.(2P*<3/2>).3d""","=""2[3/2]*""","=""1""",5,3,,"=""T7663""","=""L914""",
Na,2,"=""293.4079""","=""0.0003""","=""293.4078""","=""0.0012""","=""850""","=""2.8e+07""",E,"=""297635.61""","=""331707.90""","=""2s2.2p5.3p""","=""3D""","=""2""","=""2s2.2p5.(2P*<3/2>).3d""","=""2[5/2]*""","=""3""",5,7,,"=""T7663c77""","=""L914""",
Na,2,"=""293.7735""","=""0.0003""","=""293.7726""","=""0.0012""","=""950""","=""1.3e+08""",E,"=""297635.61""","=""331665.59""","=""2s2.2p5.3p""","=""3D""","=""2""","=""2s2.2p5.(2P*<3/2>).3d""","=""2[5/2]*""","=""2""",5,5,,"=""T6036c79""","=""L914""",
Na,2,"=""294.2657""","=""0.0003""","=""294.2655""","=""0.0012""","=""450""","=""1.0e+07""",E,"=""299189.96""","=""333162.94""","=""2s2.2p5.3p""","=""1D""","=""2""","=""2s2.2p5.(2P*<1/2>).3d""","=""2[3/2]*""","=""1""",5,3,,"=""T7663c80""","=""L914""",
Na,2,"=""294.5702""","=""0.0003""","=""294.5699""","=""0.0012""","=""800""","=""2.8e+07""",E,"=""297248.82""","=""331186.70""","=""2s2.2p5.3p""","=""3D""","=""3""","=""2s2.2p5.(2P*<3/2>).3d""","=""2[7/2]*""","=""3""",7,7,,"=""T7663c78""","=""L914""",
Na,2,"=""294.7449""","=""0.0003""","=""294.7445""","=""0.0012""","=""950""","=""7.1e+07""",C,"=""299189.96""","=""333107.74""","=""2s2.2p5.3p""","=""1D""","=""2""","=""2s2.2p5.(2P*<1/2>).4s""","=""2[1/2]*""","=""1""",5,3,,"=""T7663c80""","=""L914""",
Na,2,"=""295.1235""","=""0.0003""","=""295.1235""","=""0.0012""","=""1200""","=""4.33e+08""",A,"=""297248.82""","=""331123.04""","=""2s2.2p5.3p""","=""3D""","=""3""","=""2s2.2p5.(2P*<3/2>).3d""","=""2[7/2]*""","=""4""",7,9,,"=""T7663""","=""L914""",
Na,2,"=""295.2396""","=""0.0003""","=""295.2396""","=""0.0012""","=""1100""","=""1.8e+07""",E,"=""297635.61""","=""331496.51""","=""2s2.2p5.3p""","=""3D""","=""2""","=""2s2.2p5.(2P*<3/2>).4s""","=""2[3/2]*""","=""2""",5,5,,"=""T7663c78""","=""L914""",
Na,2,"=""296.0116""","=""0.0003""","=""296.0115""","=""0.0012""","=""850""","=""5.60e+07""",B+,"=""299189.96""","=""332962.57""","=""2s2.2p5.3p""","=""1D""","=""2""","=""2s2.2p5.(2P*<1/2>).3d""","=""2[3/2]*""","=""2""",5,5,,"=""T7663""","=""L914""",
Na,2,"=""296.5742""","=""0.0003""","=""296.5746""","=""0.0012""","=""450""","=""4.6e+05""",E,"=""298165.44""","=""331873.93""","=""2s2.2p5.3p""","=""3D""","=""1""","=""2s2.2p5.(2P*<3/2>).4s""","=""2[3/2]*""","=""1""",3,3,,"=""T7663c79""","=""L914""",
Na,2,"=""297.0727""","=""0.0003""","=""297.0727""","=""0.0012""","=""500""","=""1.03e+07""",B,"=""299189.96""","=""332841.93""","=""2s2.2p5.3p""","=""1D""","=""2""","=""2s2.2p5.(2P*<1/2>).3d""","=""2[5/2]*""","=""3""",5,7,,"=""T7663""","=""L914""",
Na,2,"=""297.4235""","=""0.0003""","=""297.4238""","=""0.0013""","=""600""","=""2.02e+07""",C+,"=""299189.96""","=""332802.21""","=""2s2.2p5.3p""","=""1D""","=""2""","=""2s2.2p5.(2P*<1/2>).3d""","=""2[5/2]*""","=""2""",5,5,,"=""T6036""","=""L914""",
Na,2,"=""297.4988""","=""0.0003""","=""297.4990""","=""0.0013""","=""750""","=""6.47e+07""",B+,"=""266281.62""","=""299885.37""","=""2s2.2p5.3s""","=""3P*""","=""0""","=""2s2.2p5.3p""","=""1P""","=""1""",1,3,,"=""T7663""","=""L914""",
Na,2,"=""297.7125""","=""0.0003""","=""297.7128""","=""0.0013""","=""1000""","=""1.2e+08""",E,"=""298165.44""","=""331745.06""","=""2s2.2p5.3p""","=""3D""","=""1""","=""2s2.2p5.(2P*<3/2>).3d""","=""2[3/2]*""","=""1""",3,3,,"=""T6036c79""","=""L914""",
Na,2,"=""297.9657""","=""0.0003""","=""297.9660""","=""0.0013""","=""1100""","=""2.0e+08""",E,"=""297635.61""","=""331186.70""","=""2s2.2p5.3p""","=""3D""","=""2""","=""2s2.2p5.(2P*<3/2>).3d""","=""2[7/2]*""","=""3""",5,7,,"=""T6036c79""","=""L914""",
Na,2,"=""298.0627""","=""0.0003""","=""298.0624""","=""0.0013""","=""1100""","=""3.30e+05""",D,"=""297248.82""","=""330789.05""","=""2s2.2p5.3p""","=""3D""","=""3""","=""2s2.2p5.(2P*<3/2>).3d""","=""2[3/2]*""","=""2""",7,5,,"=""T6036""","=""L914""",
Na,2,"=""298.4186""","=""0.0003""","=""298.4174""","=""0.0013""","=""1300bl*""","=""1.74e+07""",B,"=""265689.62""","=""299189.96""","=""2s2.2p5.3s""","=""3P*""","=""1""","=""2s2.2p5.3p""","=""1D""","=""2""",3,5,,"=""T7663""","=""L914""",
Na,2,"=""298.4186""","=""0.0003""","=""298.4191""","=""0.0013""","=""1300bl*""","=""2.4e+08""",E,"=""298165.44""","=""331665.59""","=""2s2.2p5.3p""","=""3D""","=""1""","=""2s2.2p5.(2P*<3/2>).3d""","=""2[5/2]*""","=""2""",3,5,,"=""T6036c79""","=""L914""",
Na,2,"=""""","=""""","=""299.9329""","=""0.0013""","=""""","=""5.7e+05""",E,"=""298165.44""","=""331496.51""","=""2s2.2p5.3p""","=""3D""","=""1""","=""2s2.2p5.(2P*<3/2>).4s""","=""2[3/2]*""","=""2""",3,5,,"=""T7663c78""","=""""",
Na,2,"=""300.4149""","=""0.0003""","=""300.4151""","=""0.0013""","=""550""","=""1.7e+07""",E,"=""299885.37""","=""333162.94""","=""2s2.2p5.3p""","=""1P""","=""1""","=""2s2.2p5.(2P*<1/2>).3d""","=""2[3/2]*""","=""1""",3,3,,"=""T6036c80""","=""L914""",
Na,2,"=""300.7442""","=""0.0003""","=""300.7446""","=""0.0013""","=""750""","=""1.68e+07""",B+,"=""264924.32""","=""298165.44""","=""2s2.2p5.3s""","=""3P*""","=""2""","=""2s2.2p5.3p""","=""3D""","=""1""",5,3,,"=""T7663""","=""L914""",
Na,3,"=""""","=""""","=""300.820""","=""0.003""","=""""","=""3.31e+04""",E,"=""373632.32""","=""406865.11""","=""2s2.2p4.(3P).3s""","=""2P""","=""3/2""","=""2s2.2p4.(3P).3p""","=""4P*""","=""1/2""",4,2,,"=""c51,T7317""","=""""",
Na,2,"=""300.9137""","=""0.0003""","=""300.9143""","=""0.0013""","=""750""","=""3.0e+07""",D,"=""299885.37""","=""333107.74""","=""2s2.2p5.3p""","=""1P""","=""1""","=""2s2.2p5.(2P*<1/2>).4s""","=""2[1/2]*""","=""1""",3,3,,"=""T7663c80""","=""L914""",
Na,2,"=""301.5395""","=""0.0003""","=""301.5400""","=""0.0013""","=""600""","=""1.51e+07""",C+,"=""297635.61""","=""330789.05""","=""2s2.2p5.3p""","=""3D""","=""2""","=""2s2.2p5.(2P*<3/2>).3d""","=""2[3/2]*""","=""2""",5,5,,"=""T6036""","=""L914""",
Na,2,"=""302.2348""","=""0.0003""","=""302.2350""","=""0.0013""","=""160""","=""6.91e+05""",D+,"=""299885.37""","=""332962.57""","=""2s2.2p5.3p""","=""1P""","=""1""","=""2s2.2p5.(2P*<1/2>).3d""","=""2[3/2]*""","=""2""",3,5,,"=""T7663""","=""L914""",
Na,2,"=""302.400""","=""0.010""","=""302.4012""","=""0.0013""","=""130""","=""2.3e+06""",E,"=""300103.92""","=""333162.94""","=""2s2.2p5.3p""","=""3P""","=""2""","=""2s2.2p5.(2P*<1/2>).3d""","=""2[3/2]*""","=""1""",5,3,,"=""T7663c80""","=""L914""",
Na,3,"=""""","=""""","=""302.686""","=""0.003""","=""""","=""6.49e-02""",D+,"=""366154.41""","=""399182.31""","=""2s2.2p4.(3P).3s""","=""4P""","=""5/2""","=""2s2.2p4.(1D).3s""","=""2D""","=""3/2""",6,4,M1,"=""c46""","=""""",
Na,3,"=""""","=""""","=""302.756""","=""0.003""","=""""","=""6.03e-01""",C,"=""366154.41""","=""399174.71""","=""2s2.2p4.(3P).3s""","=""4P""","=""5/2""","=""2s2.2p4.(1D).3s""","=""2D""","=""5/2""",6,6,M1,"=""c46""","=""""",
Na,2,"=""302.9070""","=""0.0003""","=""302.9070""","=""0.0013""","=""400""","=""9.9e+07""",E,"=""300103.92""","=""333107.74""","=""2s2.2p5.3p""","=""3P""","=""2""","=""2s2.2p5.(2P*<1/2>).4s""","=""2[1/2]*""","=""1""",5,3,,"=""T7663c80""","=""L914""",
Na,2,"=""302.9320""","=""0.0003""","=""302.9316""","=""0.0013""","=""40""","=""6.32e+06""",C,"=""297635.61""","=""330636.75""","=""2s2.2p5.3p""","=""3D""","=""2""","=""2s2.2p5.(2P*<3/2>).3d""","=""2[1/2]*""","=""1""",5,3,,"=""T6036""","=""L914""",
Na,3,"=""""","=""""","=""303.694""","=""0.003""","=""""","=""4.52e+03""",E,"=""373632.32""","=""406550.63""","=""2s2.2p4.(3P).3s""","=""2P""","=""3/2""","=""2s2.2p4.(3P).3p""","=""4P*""","=""3/2""",4,4,,"=""c51,T7317""","=""""",
Na,2,"=""303.7076""","=""0.0003""","=""303.7075""","=""0.0013""","=""400""","=""2.55e+08""",B+,"=""299885.37""","=""332802.21""","=""2s2.2p5.3p""","=""1P""","=""1""","=""2s2.2p5.(2P*<1/2>).3d""","=""2[5/2]*""","=""2""",3,5,,"=""T6036""","=""L914""",
Na,2,"=""304.2461""","=""0.0003""","=""304.2453""","=""0.0013""","=""350""","=""7.49e+05""",D,"=""300103.92""","=""332962.57""","=""2s2.2p5.3p""","=""3P""","=""2""","=""2s2.2p5.(2P*<1/2>).3d""","=""2[3/2]*""","=""2""",5,5,,"=""T6036""","=""L914""",
Na,2,"=""304.5600""","=""0.0003""","=""304.5597""","=""0.0013""","=""400""","=""6.92e+07""",C+,"=""299885.37""","=""332710.11""","=""2s2.2p5.3p""","=""1P""","=""1""","=""2s2.2p5.(2P*<1/2>).4s""","=""2[1/2]*""","=""0""",3,1,,"=""T7663""","=""L914""",
Na,2,"=""305.0210""","=""0.0003""","=""305.0208""","=""0.0013""","=""350""","=""1.3e+08""",E,"=""300387.82""","=""333162.94""","=""2s2.2p5.3p""","=""3P""","=""0""","=""2s2.2p5.(2P*<1/2>).3d""","=""2[3/2]*""","=""1""",1,3,,"=""T7663c80""","=""L914""",
Na,2,"=""305.3666""","=""0.0003""","=""305.3665""","=""0.0013""","=""550""","=""3.0e+08""",E,"=""300103.92""","=""332841.93""","=""2s2.2p5.3p""","=""3P""","=""2""","=""2s2.2p5.(2P*<1/2>).3d""","=""2[5/2]*""","=""3""",5,7,,"=""T6036c79""","=""L914""",
Na,2,"=""305.5347""","=""0.0003""","=""305.5354""","=""0.0013""","=""550""","=""8.8e+06""",E,"=""300387.82""","=""333107.74""","=""2s2.2p5.3p""","=""3P""","=""0""","=""2s2.2p5.(2P*<1/2>).4s""","=""2[1/2]*""","=""1""",1,3,,"=""T7663c80""","=""L914""",
Na,2,"=""305.6161""","=""0.0003""","=""305.6160""","=""0.0013""","=""550""","=""7.46e+07""",A,"=""264924.32""","=""297635.61""","=""2s2.2p5.3s""","=""3P*""","=""2""","=""2s2.2p5.3p""","=""3D""","=""2""",5,5,,"=""T7663""","=""L914""",
Na,2,"=""305.7375""","=""0.0003""","=""305.7375""","=""0.0013""","=""550""","=""4.51e+07""",B+,"=""300103.92""","=""332802.21""","=""2s2.2p5.3p""","=""3P""","=""2""","=""2s2.2p5.(2P*<1/2>).3d""","=""2[5/2]*""","=""2""",5,5,,"=""T7663""","=""L914""",
Na,2,"=""305.8720""","=""0.0003""","=""305.8715""","=""0.0013""","=""550""","=""2.18e+07""",C+,"=""299189.96""","=""331873.93""","=""2s2.2p5.3p""","=""1D""","=""2""","=""2s2.2p5.(2P*<3/2>).4s""","=""2[3/2]*""","=""1""",5,3,,"=""T7663""","=""L914""",
Na,2,"=""306.1350""","=""0.0003""","=""306.1350""","=""0.0013""","=""800""","=""1.0e+08""",E,"=""300507.11""","=""333162.94""","=""2s2.2p5.3p""","=""3P""","=""1""","=""2s2.2p5.(2P*<1/2>).3d""","=""2[3/2]*""","=""1""",3,3,,"=""T7663c80""","=""L914""",
Na,2,"=""306.4375""","=""0.0003""","=""306.4374""","=""0.0013""","=""500""","=""7.62e+06""",C,"=""298165.44""","=""330789.05""","=""2s2.2p5.3p""","=""3D""","=""1""","=""2s2.2p5.(2P*<3/2>).3d""","=""2[3/2]*""","=""2""",3,5,,"=""T6036""","=""L914""",
Na,2,"=""306.6535""","=""0.0003""","=""306.6534""","=""0.0013""","=""500""","=""3.74e+07""",B,"=""300507.11""","=""333107.74""","=""2s2.2p5.3p""","=""3P""","=""1""","=""2s2.2p5.(2P*<1/2>).4s""","=""2[1/2]*""","=""1""",3,3,,"=""T7663c80""","=""L914""",
Na,3,"=""""","=""""","=""307.057""","=""0.003""","=""""","=""5.37e+03""",E,"=""373632.32""","=""406190.15""","=""2s2.2p4.(3P).3s""","=""2P""","=""3/2""","=""2s2.2p4.(3P).3p""","=""4P*""","=""5/2""",4,6,,"=""c51,T7317""","=""""",
Na,2,"=""307.0829""","=""0.0003""","=""307.0823""","=""0.0013""","=""350""","=""8.7e+06""",C,"=""299189.96""","=""331745.06""","=""2s2.2p5.3p""","=""1D""","=""2""","=""2s2.2p5.(2P*<3/2>).3d""","=""2[3/2]*""","=""1""",5,3,,"=""T6036""","=""L914""",
Na,2,"=""307.4334""","=""0.0003""","=""307.4332""","=""0.0013""","=""550""","=""1.4e+08""",E,"=""299189.96""","=""331707.90""","=""2s2.2p5.3p""","=""1D""","=""2""","=""2s2.2p5.(2P*<3/2>).3d""","=""2[5/2]*""","=""3""",5,7,,"=""T6036c79""","=""L914""",
Na,2,"=""307.8318""","=""0.0003""","=""307.8320""","=""0.0013""","=""550bl*""","=""1.17e+08""",A,"=""265689.62""","=""298165.44""","=""2s2.2p5.3s""","=""3P*""","=""1""","=""2s2.2p5.3p""","=""3D""","=""1""",3,3,,"=""T7663""","=""L914""",
Na,2,"=""307.8318""","=""0.0003""","=""307.8338""","=""0.0013""","=""550bl*""","=""3.6e+05""",E,"=""299189.96""","=""331665.59""","=""2s2.2p5.3p""","=""1D""","=""2""","=""2s2.2p5.(2P*<3/2>).3d""","=""2[5/2]*""","=""2""",5,5,,"=""T6036c79""","=""L914""",
Na,2,"=""307.8752""","=""0.0003""","=""307.8747""","=""0.0013""","=""170""","=""3.59e+06""",D+,"=""298165.44""","=""330636.75""","=""2s2.2p5.3p""","=""3D""","=""1""","=""2s2.2p5.(2P*<3/2>).3d""","=""2[1/2]*""","=""1""",3,3,,"=""T6036""","=""L914""",
Na,2,"=""308.0254""","=""0.0003""","=""308.0251""","=""0.0013""","=""550""","=""2.81e+08""",B+,"=""300507.11""","=""332962.57""","=""2s2.2p5.3p""","=""3P""","=""1""","=""2s2.2p5.(2P*<1/2>).3d""","=""2[3/2]*""","=""2""",3,5,,"=""T6036""","=""L914""",
Na,2,"=""308.7060""","=""0.0003""","=""308.7057""","=""0.0013""","=""450""","=""1.66e+07""",C,"=""298165.44""","=""330549.35""","=""2s2.2p5.3p""","=""3D""","=""1""","=""2s2.2p5.(2P*<3/2>).3d""","=""2[1/2]*""","=""0""",3,1,,"=""T6036""","=""L914""",
Na,2,"=""309.2732""","=""0.0003""","=""309.2731""","=""0.0014""","=""550""","=""2.09e+08""",A,"=""264924.32""","=""297248.82""","=""2s2.2p5.3s""","=""3P*""","=""2""","=""2s2.2p5.3p""","=""3D""","=""3""",5,7,,"=""T7663""","=""L914""",
Na,2,"=""309.4449""","=""0.0003""","=""309.4449""","=""0.0014""","=""650""","=""1.1e+06""",E,"=""299189.96""","=""331496.51""","=""2s2.2p5.3p""","=""1D""","=""2""","=""2s2.2p5.(2P*<3/2>).4s""","=""2[3/2]*""","=""2""",5,5,,"=""T7663c78""","=""L914""",
Na,2,"=""309.5552""","=""0.0003""","=""309.5546""","=""0.0014""","=""650""","=""3.97e+05""",D+,"=""300507.11""","=""332802.21""","=""2s2.2p5.3p""","=""3P""","=""1""","=""2s2.2p5.(2P*<1/2>).3d""","=""2[5/2]*""","=""2""",3,5,,"=""T7663""","=""L914""",
Na,2,"=""310.4403""","=""0.0003""","=""310.4400""","=""0.0014""","=""500""","=""5.63e+07""",C+,"=""300507.11""","=""332710.11""","=""2s2.2p5.3p""","=""3P""","=""1""","=""2s2.2p5.(2P*<1/2>).4s""","=""2[1/2]*""","=""0""",3,1,,"=""T7663""","=""L914""",
Na,3,"=""""","=""""","=""310.612""","=""0.003""","=""""","=""2.48e+04""",C,"=""374679.91""","=""406865.11""","=""2s2.2p4.(3P).3s""","=""2P""","=""1/2""","=""2s2.2p4.(3P).3p""","=""4P*""","=""1/2""",2,2,,"=""c51,T7317""","=""""",
Na,3,"=""""","=""""","=""311.033""","=""0.003""","=""""","=""2.60e-01""",C,"=""367040.66""","=""399182.31""","=""2s2.2p4.(3P).3s""","=""4P""","=""3/2""","=""2s2.2p4.(1D).3s""","=""2D""","=""3/2""",4,4,M1,"=""c46""","=""""",
Na,3,"=""""","=""""","=""311.106""","=""0.003""","=""""","=""8.79e-02""",D+,"=""367040.66""","=""399174.71""","=""2s2.2p4.(3P).3s""","=""4P""","=""3/2""","=""2s2.2p4.(1D).3s""","=""2D""","=""5/2""",4,6,M1,"=""c46""","=""""",
Na,2,"=""312.4415""","=""0.0003""","=""312.4413""","=""0.0014""","=""1700""","=""7.1e+07""",E,"=""299189.96""","=""331186.70""","=""2s2.2p5.3p""","=""1D""","=""2""","=""2s2.2p5.(2P*<3/2>).3d""","=""2[7/2]*""","=""3""",5,7,,"=""T7663c78""","=""L914""",
Na,2,"=""312.5212""","=""0.0003""","=""312.5212""","=""0.0014""","=""600""","=""9.72e+06""",C,"=""299885.37""","=""331873.93""","=""2s2.2p5.3p""","=""1P""","=""1""","=""2s2.2p5.(2P*<3/2>).4s""","=""2[3/2]*""","=""1""",3,3,,"=""T7663""","=""L914""",
Na,2,"=""312.9377""","=""0.0003""","=""312.9376""","=""0.0014""","=""600""","=""1.28e+08""",A,"=""265689.62""","=""297635.61""","=""2s2.2p5.3s""","=""3P*""","=""1""","=""2s2.2p5.3p""","=""3D""","=""2""",3,5,,"=""T7663""","=""L914""",
Na,2,"=""313.5483""","=""0.0003""","=""313.5478""","=""0.0014""","=""2500""","=""7.42e+07""",A,"=""266281.62""","=""298165.44""","=""2s2.2p5.3s""","=""3P*""","=""0""","=""2s2.2p5.3p""","=""3D""","=""1""",1,3,,"=""T7663""","=""L914""",
Na,3,"=""""","=""""","=""313.677""","=""0.003""","=""""","=""3.37e+02""",D,"=""374679.91""","=""406550.63""","=""2s2.2p4.(3P).3s""","=""2P""","=""1/2""","=""2s2.2p4.(3P).3p""","=""4P*""","=""3/2""",2,4,,"=""c51,T7317""","=""""",
Na,2,"=""313.7861""","=""0.0003""","=""313.7853""","=""0.0014""","=""1700""","=""1.41e+08""",B+,"=""299885.37""","=""331745.06""","=""2s2.2p5.3p""","=""1P""","=""1""","=""2s2.2p5.(2P*<3/2>).3d""","=""2[3/2]*""","=""1""",3,3,,"=""T6036""","=""L914""",
Na,2,"=""314.5706""","=""0.0003""","=""314.5700""","=""0.0014""","=""950""","=""4.5e+07""",C,"=""299885.37""","=""331665.59""","=""2s2.2p5.3p""","=""1P""","=""1""","=""2s2.2p5.(2P*<3/2>).3d""","=""2[5/2]*""","=""2""",3,5,,"=""T7663c78""","=""L914""",
Na,2,"=""314.9283""","=""0.0003""","=""314.9275""","=""0.0014""","=""2000""","=""8.24e+07""",B+,"=""268762.96""","=""300507.11""","=""2s2.2p5.3s""","=""1P*""","=""1""","=""2s2.2p5.3p""","=""3P""","=""1""",3,3,,"=""T7663""","=""L914""",
Na,2,"=""315.9527""","=""0.0003""","=""315.9528""","=""0.0014""","=""70""","=""6.5e+06""",E,"=""300103.92""","=""331745.06""","=""2s2.2p5.3p""","=""3P""","=""2""","=""2s2.2p5.(2P*<3/2>).3d""","=""2[3/2]*""","=""1""",5,3,,"=""T6036c79""","=""L914""",
Na,3,"=""""","=""""","=""316.043""","=""0.003""","=""""","=""5.83e-02""",D+,"=""367550.17""","=""399182.31""","=""2s2.2p4.(3P).3s""","=""4P""","=""1/2""","=""2s2.2p4.(1D).3s""","=""2D""","=""3/2""",2,4,M1,"=""c46""","=""""",
Na,2,"=""316.1154""","=""0.0003""","=""316.1154""","=""0.0014""","=""250""","=""4.36e+06""",C+,"=""268762.96""","=""300387.82""","=""2s2.2p5.3s""","=""1P*""","=""1""","=""2s2.2p5.3p""","=""3P""","=""0""",3,1,,"=""T7663""","=""L914""",
Na,2,"=""316.253""","=""0.010""","=""316.2526""","=""0.0014""","=""90""","=""7.1e+05""",E,"=""299885.37""","=""331496.51""","=""2s2.2p5.3p""","=""1P""","=""1""","=""2s2.2p5.(2P*<3/2>).4s""","=""2[3/2]*""","=""2""",3,5,,"=""T7663c78""","=""L914""",
Na,2,"=""316.3246""","=""0.0003""","=""316.3243""","=""0.0014""","=""350""","=""6.1e+06""",E,"=""300103.92""","=""331707.90""","=""2s2.2p5.3p""","=""3P""","=""2""","=""2s2.2p5.(2P*<3/2>).3d""","=""2[5/2]*""","=""3""",5,7,,"=""T7663c78""","=""L914""",
Na,2,"=""316.3736""","=""0.0003""","=""316.3732""","=""0.0014""","=""2000""","=""1.05e+08""",B+,"=""299189.96""","=""330789.05""","=""2s2.2p5.3p""","=""1D""","=""2""","=""2s2.2p5.(2P*<3/2>).3d""","=""2[3/2]*""","=""2""",5,5,,"=""T7663""","=""L914""",
Na,2,"=""316.7484""","=""0.0003""","=""316.7484""","=""0.0014""","=""200""","=""9.3e+06""",C+,"=""300103.92""","=""331665.59""","=""2s2.2p5.3p""","=""3P""","=""2""","=""2s2.2p5.(2P*<3/2>).3d""","=""2[5/2]*""","=""2""",5,5,,"=""T6036""","=""L914""",
Na,2,"=""317.5086""","=""0.0003""","=""317.5085""","=""0.0014""","=""700""","=""6.23e+07""",C,"=""300387.82""","=""331873.93""","=""2s2.2p5.3p""","=""3P""","=""0""","=""2s2.2p5.(2P*<3/2>).4s""","=""2[3/2]*""","=""1""",1,3,,"=""T7663c79""","=""L914""",
Na,2,"=""317.9064""","=""0.0003""","=""317.9055""","=""0.0014""","=""1000""","=""3.94e+07""",B,"=""299189.96""","=""330636.75""","=""2s2.2p5.3p""","=""1D""","=""2""","=""2s2.2p5.(2P*<3/2>).3d""","=""2[1/2]*""","=""1""",5,3,,"=""T7663""","=""L914""",
Na,2,"=""""","=""""","=""318.4544""","=""0.0014""","=""""","=""1.1e+05""",E,"=""300103.92""","=""331496.51""","=""2s2.2p5.3p""","=""3P""","=""2""","=""2s2.2p5.(2P*<3/2>).4s""","=""2[3/2]*""","=""2""",5,5,,"=""T7663c79""","=""""",
Na,2,"=""318.8127""","=""0.0003""","=""318.8134""","=""0.0014""","=""80""","=""1.9e+07""",E,"=""300387.82""","=""331745.06""","=""2s2.2p5.3p""","=""3P""","=""0""","=""2s2.2p5.(2P*<3/2>).3d""","=""2[3/2]*""","=""1""",1,3,,"=""T6036c79""","=""L914""",
Na,2,"=""318.9790""","=""0.0003""","=""318.9790""","=""0.0014""","=""1700""","=""7.30e+07""",B+,"=""268762.96""","=""300103.92""","=""2s2.2p5.3s""","=""1P*""","=""1""","=""2s2.2p5.3p""","=""3P""","=""2""",3,5,,"=""T7663""","=""L914""",
Na,2,"=""320.0300""","=""0.0003""","=""320.0309""","=""0.0014""","=""60""","=""1.5e+06""",E,"=""300507.11""","=""331745.06""","=""2s2.2p5.3p""","=""3P""","=""1""","=""2s2.2p5.(2P*<3/2>).3d""","=""2[3/2]*""","=""1""",3,3,,"=""T6036c79""","=""L914""",
Na,2,"=""""","=""""","=""320.8472""","=""0.0015""","=""""","=""4.3e+03""",E,"=""300507.11""","=""331665.59""","=""2s2.2p5.3p""","=""3P""","=""1""","=""2s2.2p5.(2P*<3/2>).3d""","=""2[5/2]*""","=""2""",3,5,,"=""T7663c79""","=""""",
Na,2,"=""321.2190""","=""0.0003""","=""321.2191""","=""0.0015""","=""1600""","=""1.12e+08""",A,"=""268762.96""","=""299885.37""","=""2s2.2p5.3s""","=""1P*""","=""1""","=""2s2.2p5.3p""","=""1P""","=""1""",3,3,,"=""T7663""","=""L914""",
Na,2,"=""321.6283""","=""0.0003""","=""321.6286""","=""0.0015""","=""450""","=""1.4e+07""",C,"=""300103.92""","=""331186.70""","=""2s2.2p5.3p""","=""3P""","=""2""","=""2s2.2p5.(2P*<3/2>).3d""","=""2[7/2]*""","=""3""",5,7,,"=""T6036c79""","=""L914""",
Na,2,"=""322.5977""","=""0.0003""","=""322.5978""","=""0.0015""","=""450""","=""1.8e+07""",E,"=""300507.11""","=""331496.51""","=""2s2.2p5.3p""","=""3P""","=""1""","=""2s2.2p5.(2P*<3/2>).4s""","=""2[3/2]*""","=""2""",3,5,,"=""T7663c78""","=""L914""",
Na,2,"=""323.4927""","=""0.0003""","=""323.4927""","=""0.0015""","=""700""","=""1.83e+07""",B,"=""299885.37""","=""330789.05""","=""2s2.2p5.3p""","=""1P""","=""1""","=""2s2.2p5.(2P*<3/2>).3d""","=""2[3/2]*""","=""2""",3,5,,"=""T7663""","=""L914""",
Na,2,"=""325.0949""","=""0.0003""","=""325.0949""","=""0.0015""","=""400""","=""9.65e+06""",C+,"=""299885.37""","=""330636.75""","=""2s2.2p5.3p""","=""1P""","=""1""","=""2s2.2p5.(2P*<3/2>).3d""","=""2[1/2]*""","=""1""",3,3,,"=""T7663""","=""L914""",
Na,2,"=""325.7964""","=""0.0003""","=""325.7968""","=""0.0015""","=""1500""","=""1.03e+08""",B+,"=""300103.92""","=""330789.05""","=""2s2.2p5.3p""","=""3P""","=""2""","=""2s2.2p5.(2P*<3/2>).3d""","=""2[3/2]*""","=""2""",5,5,,"=""T6036""","=""L914""",
Na,2,"=""326.0210""","=""0.0003""","=""326.0215""","=""0.0015""","=""650""","=""4.65e+07""",B,"=""299885.37""","=""330549.35""","=""2s2.2p5.3p""","=""1P""","=""1""","=""2s2.2p5.(2P*<3/2>).3d""","=""2[1/2]*""","=""0""",3,1,,"=""T7663""","=""L914""",
Na,2,"=""327.4220""","=""0.0003""","=""327.4220""","=""0.0015""","=""950""","=""4.29e+07""",B,"=""300103.92""","=""330636.75""","=""2s2.2p5.3p""","=""3P""","=""2""","=""2s2.2p5.(2P*<3/2>).3d""","=""2[1/2]*""","=""1""",5,3,,"=""T6036""","=""L914""",
Na,2,"=""328.5602""","=""0.0003""","=""328.5608""","=""0.0015""","=""1700""","=""1.10e+08""",A,"=""268762.96""","=""299189.96""","=""2s2.2p5.3s""","=""1P*""","=""1""","=""2s2.2p5.3p""","=""1D""","=""2""",3,5,,"=""T7663""","=""L914""",
Na,2,"=""330.1349""","=""0.0003""","=""330.1348""","=""0.0015""","=""1700""","=""4.54e+06""",C,"=""300507.11""","=""330789.05""","=""2s2.2p5.3p""","=""3P""","=""1""","=""2s2.2p5.(2P*<3/2>).3d""","=""2[3/2]*""","=""2""",3,5,,"=""T6036""","=""L914""",
Na,1,"=""330.2369""","=""0.0005""","=""330.23686""","=""0.00022""","=""19""","=""2.75e+06""",A,"=""0.00000""","=""30272.58""","=""2p6.3s""","=""2S""","=""1/2""","=""2p6.4p""","=""2P*""","=""3/2""",2,4,,"=""c30,T76n""","=""L6096""",
Na,1,"=""330.2979""","=""0.0005""","=""330.29785""","=""0.00022""","=""18""","=""2.73e+06""",B+,"=""0.00000""","=""30266.99""","=""2p6.3s""","=""2S""","=""1/2""","=""2p6.4p""","=""2P*""","=""1/2""",2,2,,"=""c30,T76n""","=""L6096""",
Na,2,"=""330.4957""","=""0.0003""","=""330.4951""","=""0.0015""","=""1500""","=""3.60e+07""",B,"=""300387.82""","=""330636.75""","=""2s2.2p5.3p""","=""3P""","=""0""","=""2s2.2p5.(2P*<3/2>).3d""","=""2[1/2]*""","=""1""",1,3,,"=""T6036""","=""L914""",
Na,2,"=""331.8039""","=""0.0003""","=""331.8036""","=""0.0016""","=""1000""","=""4.14e+07""",B,"=""300507.11""","=""330636.75""","=""2s2.2p5.3p""","=""3P""","=""1""","=""2s2.2p5.(2P*<3/2>).3d""","=""2[1/2]*""","=""1""",3,3,,"=""T6036""","=""L914""",
Na,2,"=""332.7689""","=""0.0003""","=""332.7689""","=""0.0016""","=""950""","=""9.45e+07""",B,"=""300507.11""","=""330549.35""","=""2s2.2p5.3p""","=""3P""","=""1""","=""2s2.2p5.(2P*<3/2>).3d""","=""2[1/2]*""","=""0""",3,1,,"=""T6036""","=""L914""",
Na,2,"=""340.0093""","=""0.0003""","=""340.0098""","=""0.0016""","=""200""","=""1.24e+06""",C+,"=""268762.96""","=""298165.44""","=""2s2.2p5.3s""","=""1P*""","=""1""","=""2s2.2p5.3p""","=""3D""","=""1""",3,3,,"=""T7663""","=""L914""",
Na,1,"=""341.62""","=""0.02""","=""341.607""","=""0.011""","=""""","=""1.5e+07""",D,"=""263745.3""","=""293010.3""","=""2p5.(2P*).3s.3p.(3P*)""","=""4S""","=""3/2""","=""2p5.3s.(3P*).3d""","=""4D*""","=""3/2""",4,4,,"=""T5209""","=""L6269""",
Na,1,"=""342.73""","=""0.02""","=""342.736""","=""0.011""","=""9""","=""2.8e+07""",D,"=""263745.3""","=""292913.9""","=""2p5.(2P*).3s.3p.(3P*)""","=""4S""","=""3/2""","=""2p5.3s.(3P*).3d""","=""4F*""","=""5/2""",4,6,,"=""T5209""","=""L6269""",
Na,2,"=""346.2491""","=""0.0003""","=""346.2494""","=""0.0017""","=""450""","=""3.61e+06""",B,"=""268762.96""","=""297635.61""","=""2s2.2p5.3s""","=""1P*""","=""1""","=""2s2.2p5.3p""","=""3D""","=""2""",3,5,,"=""T7663""","=""L914""",
Na,1,"=""348.90""","=""0.02""","=""348.890""","=""0.009""","=""130""","=""4.2e+07""",D,"=""263745.3""","=""292399.4""","=""2p5.(2P*).3s.3p.(3P*)""","=""4S""","=""3/2""","=""2p5.3s.(3P*).3d""","=""4D*""","=""5/2""",4,6,,"=""T5209""","=""L6269""",
Na,1,"=""350.25""","=""0.02""","=""350.237""","=""0.010""","=""160""","=""8.8e+07""",D,"=""263745.3""","=""292289.2""","=""2p5.(2P*).3s.3p.(3P*)""","=""4S""","=""3/2""","=""2p5.3s.(3P*).3d""","=""4P*""","=""3/2""",4,4,,"=""T5209""","=""L6269""",
Na,1,"=""351.10""","=""0.02""","=""351.093""","=""0.010""","=""130""","=""1.15e+08""",D,"=""263745.3""","=""292219.6""","=""2p5.(2P*).3s.3p.(3P*)""","=""4S""","=""3/2""","=""2p5.3s.(3P*).3d""","=""4P*""","=""1/2""",4,2,,"=""T5209""","=""L6269""",
Na,2,"=""353.3052""","=""0.0003""","=""353.3057""","=""0.0018""","=""1500""","=""8.81e+07""",A,"=""264924.32""","=""293220.33""","=""2s2.2p5.3s""","=""3P*""","=""2""","=""2s2.2p5.3p""","=""3S""","=""1""",5,3,,"=""T7663""","=""L914""",
Na,2,"=""363.1272""","=""0.0003""","=""363.1272""","=""0.0019""","=""1200""","=""3.72e+07""",A,"=""265689.62""","=""293220.33""","=""2s2.2p5.3s""","=""3P*""","=""1""","=""2s2.2p5.3p""","=""3S""","=""1""",3,3,,"=""T7663""","=""L914""",
Na,2,"=""371.1070""","=""0.0003""","=""371.1074""","=""0.0019""","=""850""","=""1.02e+07""",B+,"=""266281.62""","=""293220.33""","=""2s2.2p5.3s""","=""3P*""","=""0""","=""2s2.2p5.3p""","=""3S""","=""1""",1,3,,"=""T7663""","=""L914""",
Na,1,"=""384.80""","=""0.02""","=""384.802""","=""0.013""","=""5""","=""2.8e+07""",D,"=""266933.9""","=""292913.9""","=""2p5.(2P*).3s.3p.(3P*)""","=""4D""","=""5/2""","=""2p5.3s.(3P*).3d""","=""4F*""","=""5/2""",6,6,,"=""T5209""","=""L6269""",
Na,1,"=""386.55""","=""0.02""","=""386.543""","=""0.013""","=""130""","=""5.8e+07""",D,"=""266586.7""","=""292449.7""","=""2p5.(2P*).3s.3p.(3P*)""","=""4D""","=""7/2""","=""2p5.3s.(3P*).3d""","=""4F*""","=""7/2""",8,8,,"=""T5209""","=""L6269""",
Na,1,"=""387.29""","=""0.02""","=""387.296""","=""0.011""","=""19""","=""1.2e+07""",D,"=""266586.7""","=""292399.4""","=""2p5.(2P*).3s.3p.(3P*)""","=""4D""","=""7/2""","=""2p5.3s.(3P*).3d""","=""4D*""","=""5/2""",8,6,,"=""T5209""","=""L6269""",
Na,1,"=""388.18""","=""0.02""","=""388.181""","=""0.020""","=""420""","=""1.63e+08""",D,"=""266586.7""","=""292340.6""","=""2p5.(2P*).3s.3p.(3P*)""","=""4D""","=""7/2""","=""2p5.3s.(3P*).3d""","=""4F*""","=""9/2""",8,10,,"=""T5209""","=""L6269""",
Na,1,"=""""","=""""","=""388.39033""","=""0.00005""","=""""","=""6.95e-04""",C,"=""0.00000""","=""25739.999""","=""2p6.3s""","=""2S""","=""1/2""","=""2p6.4s""","=""2S""","=""1/2""",2,2,M1,"=""c27""","=""""",
Na,1,"=""388.57""","=""0.02""","=""388.571""","=""0.011""","=""36""","=""6.2e+07""",D,"=""267282.3""","=""293010.3""","=""2p5.(2P*).3s.3p.(3P*)""","=""4D""","=""3/2""","=""2p5.3s.(3P*).3d""","=""4D*""","=""3/2""",4,4,,"=""T5209""","=""L6269""",
Na,1,"=""390.04""","=""0.02""","=""390.033""","=""0.014""","=""15""","=""7.7e+07""",D,"=""267282.3""","=""292913.9""","=""2p5.(2P*).3s.3p.(3P*)""","=""4D""","=""3/2""","=""2p5.3s.(3P*).3d""","=""4F*""","=""5/2""",4,6,,"=""T5209""","=""L6269""",
Na,3,"=""""","=""""","=""391.279""","=""0.004""","=""""","=""2.70e-01""",C,"=""373632.32""","=""399182.31""","=""2s2.2p4.(3P).3s""","=""2P""","=""3/2""","=""2s2.2p4.(1D).3s""","=""2D""","=""3/2""",4,4,M1,"=""c46""","=""""",
Na,3,"=""""","=""""","=""391.395""","=""0.004""","=""""","=""1.19e-01""",C,"=""373632.32""","=""399174.71""","=""2s2.2p4.(3P).3s""","=""2P""","=""3/2""","=""2s2.2p4.(1D).3s""","=""2D""","=""5/2""",4,6,M1,"=""c46""","=""""",
Na,1,"=""391.79""","=""0.02""","=""391.803""","=""0.012""","=""160""","=""6.6e+07""",D,"=""266933.9""","=""292449.7""","=""2p5.(2P*).3s.3p.(3P*)""","=""4D""","=""5/2""","=""2p5.3s.(3P*).3d""","=""4F*""","=""7/2""",6,8,,"=""T5209""","=""L6269""",
Na,1,"=""392.56""","=""0.02""","=""392.577""","=""0.009""","=""85""","=""4.5e+07""",D,"=""266933.9""","=""292399.4""","=""2p5.(2P*).3s.3p.(3P*)""","=""4D""","=""5/2""","=""2p5.3s.(3P*).3d""","=""4D*""","=""5/2""",6,6,,"=""T5209""","=""L6269""",
Na,1,"=""393.06""","=""0.02""","=""393.059""","=""0.014""","=""15""","=""2.5e+07""",D,"=""267576.0""","=""293010.3""","=""2p5.(2P*).3s.3p.(3P*)""","=""4D""","=""1/2""","=""2p5.3s.(3P*).3d""","=""4D*""","=""3/2""",2,4,,"=""T5209""","=""L6269""",
Na,1,"=""394.26""","=""0.02""","=""394.283""","=""0.009""","=""32""","=""2.1e+07""",D,"=""266933.9""","=""292289.2""","=""2p5.(2P*).3s.3p.(3P*)""","=""4D""","=""5/2""","=""2p5.3s.(3P*).3d""","=""4P*""","=""3/2""",6,4,,"=""T5209""","=""L6269""",
Na,1,"=""398.03""","=""0.02""","=""398.023""","=""0.010""","=""14""","=""5.e+06""",D,"=""267282.3""","=""292399.4""","=""2p5.(2P*).3s.3p.(3P*)""","=""4D""","=""3/2""","=""2p5.3s.(3P*).3d""","=""4D*""","=""5/2""",4,6,,"=""T5209""","=""L6269""",
Na,1,"=""399.77""","=""0.02""","=""399.777""","=""0.011""","=""14""","=""8.e+06""",D,"=""267282.3""","=""292289.2""","=""2p5.(2P*).3s.3p.(3P*)""","=""4D""","=""3/2""","=""2p5.3s.(3P*).3d""","=""4P*""","=""3/2""",4,4,,"=""T5209""","=""L6269""",
Na,1,"=""400.88""","=""0.02""","=""400.892""","=""0.011""","=""27""","=""1.5e+07""",D,"=""267282.3""","=""292219.6""","=""2p5.(2P*).3s.3p.(3P*)""","=""4D""","=""3/2""","=""2p5.3s.(3P*).3d""","=""4P*""","=""1/2""",4,2,,"=""T5209""","=""L6269""",
Na,3,"=""""","=""""","=""408.008""","=""0.005""","=""""","=""7.79e-02""",C,"=""374679.91""","=""399182.31""","=""2s2.2p4.(3P).3s""","=""2P""","=""1/2""","=""2s2.2p4.(1D).3s""","=""2D""","=""3/2""",2,4,M1,"=""c46""","=""""",
Na,2,"=""408.7603""","=""0.0003""","=""408.7593""","=""0.0024""","=""130""","=""3.81e+05""",C,"=""268762.96""","=""293220.33""","=""2s2.2p5.3s""","=""1P*""","=""1""","=""2s2.2p5.3p""","=""3S""","=""1""",3,3,,"=""T7663""","=""L914""",
Na,2,"=""411.3704""","=""0.0003""","=""411.3703""","=""0.0024""","=""300""","=""3.7e+07""",D,"=""308860.80""","=""333162.94""","=""2s2.2p5.3p""","=""1S""","=""0""","=""2s2.2p5.(2P*<1/2>).3d""","=""2[3/2]*""","=""1""",1,3,,"=""T6036c80""","=""L914""",
Na,2,"=""412.3082""","=""0.0003""","=""412.3069""","=""0.0024""","=""250""","=""2.7e+07""",C,"=""308860.80""","=""333107.74""","=""2s2.2p5.3p""","=""1S""","=""0""","=""2s2.2p5.(2P*<1/2>).4s""","=""2[1/2]*""","=""1""",1,3,,"=""T7663c80""","=""L914""",
Na,1,"=""413.082""","=""0.002""","=""413.08376""","=""0.00003""","=""""","=""8.62e+03""",B,"=""16973.36619""","=""[41174.705]""","=""2p6.3p""","=""2P*""","=""3/2""","=""2p6.20d""","=""2D""","=""3/2""",4,4,,"=""T7799""","=""L9493""",
Na,1,"=""413.082""","=""0.002""","=""413.08376""","=""0.00003""","=""""","=""5.17e+04""",B,"=""16973.36619""","=""[41174.705]""","=""2p6.3p""","=""2P*""","=""3/2""","=""2p6.20d""","=""2D""","=""5/2""",4,6,,"=""T7799""","=""L9493""",
Na,1,"=""413.584""","=""0.002""","=""413.59142""","=""0.00003""","=""""","=""1.01e+04""",B,"=""16973.36619""","=""[41145.000]""","=""2p6.3p""","=""2P*""","=""3/2""","=""2p6.19d""","=""2D""","=""3/2""",4,4,,"=""T7799""","=""L9493""",
Na,1,"=""413.584""","=""0.002""","=""413.59143""","=""0.00003""","=""""","=""6.06e+04""",B,"=""16973.36619""","=""[41144.999]""","=""2p6.3p""","=""2P*""","=""3/2""","=""2p6.19d""","=""2D""","=""5/2""",4,6,,"=""T7799""","=""L9493""",
Na,1,"=""413.774""","=""0.002""","=""413.77933""","=""0.00003""","=""""","=""3.40e+04""",B,"=""16973.36619""","=""[41134.023]""","=""2p6.3p""","=""2P*""","=""3/2""","=""2p6.20s""","=""2S""","=""1/2""",4,2,,"=""T7799""","=""L9493""",
Na,1,"=""414.184""","=""0.002""","=""414.18770""","=""0.00003""","=""""","=""1.12e+04""",B,"=""16973.36619""","=""[41110.202]""","=""2p6.3p""","=""2P*""","=""3/2""","=""2p6.18d""","=""2D""","=""3/2""",4,4,,"=""T7799""","=""L9493""",
Na,1,"=""414.184""","=""0.002""","=""414.18770""","=""0.00003""","=""""","=""6.72e+04""",B,"=""16973.36619""","=""[41110.202]""","=""2p6.3p""","=""2P*""","=""3/2""","=""2p6.18d""","=""2D""","=""5/2""",4,6,,"=""T7799""","=""L9493""",
Na,1,"=""414.403""","=""0.002""","=""414.40972""","=""0.00003""","=""""","=""4.01e+04""",B,"=""16973.36619""","=""[41097.271]""","=""2p6.3p""","=""2P*""","=""3/2""","=""2p6.19s""","=""2S""","=""1/2""",4,2,,"=""T7799""","=""L9493""",
Na,1,"=""414.893""","=""0.002""","=""414.89457""","=""0.00003""","=""""","=""1.42e+04""",B,"=""16973.36619""","=""[41069.080]""","=""2p6.3p""","=""2P*""","=""3/2""","=""2p6.17d""","=""2D""","=""3/2""",4,4,,"=""T7799""","=""L9493""",
Na,1,"=""414.893""","=""0.002""","=""414.89459""","=""0.00003""","=""""","=""8.52e+04""",B,"=""16973.36619""","=""[41069.079]""","=""2p6.3p""","=""2P*""","=""3/2""","=""2p6.17d""","=""2D""","=""5/2""",4,6,,"=""T7799""","=""L9493""",
Na,1,"=""415.175""","=""0.002""","=""415.15955""","=""0.00003""","=""""","=""4.78e+04""",B,"=""16973.36619""","=""[41053.701]""","=""2p6.3p""","=""2P*""","=""3/2""","=""2p6.18s""","=""2S""","=""1/2""",4,2,,"=""T7799""","=""L9493""",
Na,1,"=""415.740""","=""0.002""","=""415.74139""","=""0.00003""","=""""","=""1.71e+04""",B,"=""16973.36619""","=""[41020.001]""","=""2p6.3p""","=""2P*""","=""3/2""","=""2p6.16d""","=""2D""","=""3/2""",4,4,,"=""T7799""","=""L9493""",
Na,1,"=""415.740""","=""0.002""","=""415.74140""","=""0.00003""","=""""","=""1.03e+05""",B,"=""16973.36619""","=""[41020.000]""","=""2p6.3p""","=""2P*""","=""3/2""","=""2p6.16d""","=""2D""","=""5/2""",4,6,,"=""T7799""","=""L9493""",
Na,1,"=""416.057""","=""0.002""","=""416.06124""","=""0.00003""","=""""","=""5.76e+04""",B,"=""16973.36619""","=""[41001.515]""","=""2p6.3p""","=""2P*""","=""3/2""","=""2p6.17s""","=""2S""","=""1/2""",4,2,,"=""T7799""","=""L9493""",
Na,1,"=""416.767""","=""0.002""","=""416.76796""","=""0.00003""","=""""","=""2.09e+04""",B,"=""16973.36619""","=""[40960.771]""","=""2p6.3p""","=""2P*""","=""3/2""","=""2p6.15d""","=""2D""","=""3/2""",4,4,,"=""T7799""","=""L9493""",
Na,1,"=""416.767""","=""0.002""","=""416.76796""","=""0.00003""","=""""","=""1.25e+05""",B,"=""16973.36619""","=""[40960.771]""","=""2p6.3p""","=""2P*""","=""3/2""","=""2p6.15d""","=""2D""","=""5/2""",4,6,,"=""T7799""","=""L9493""",
Na,1,"=""417.156""","=""0.002""","=""417.15909""","=""0.00003""","=""""","=""7.03e+04""",B,"=""16973.36619""","=""[40938.281]""","=""2p6.3p""","=""2P*""","=""3/2""","=""2p6.16s""","=""2S""","=""1/2""",4,2,,"=""T7799""","=""L9493""",
Na,1,"=""417.67""","=""0.02""","=""417.667""","=""0.014""","=""82""","=""3.5e+07""",D,"=""268513.9""","=""292449.7""","=""2p5.(2P*).3s.3p.(3P*)""","=""4P""","=""5/2""","=""2p5.3s.(3P*).3d""","=""4F*""","=""7/2""",6,8,,"=""T5209""","=""L6269""",
Na,1,"=""418.022""","=""0.002""","=""418.02943""","=""0.00003""","=""""","=""2.58e+04""",B,"=""16973.36619""","=""[40888.387]""","=""2p6.3p""","=""2P*""","=""3/2""","=""2p6.14d""","=""2D""","=""3/2""",4,4,,"=""T7799""","=""L9493""",
Na,1,"=""418.022""","=""0.002""","=""418.02944""","=""0.00003""","=""""","=""1.55e+05""",B,"=""16973.36619""","=""[40888.386]""","=""2p6.3p""","=""2P*""","=""3/2""","=""2p6.14d""","=""2D""","=""5/2""",4,6,,"=""T7799""","=""L9493""",
Na,1,"=""418.509""","=""0.002""","=""418.51487""","=""0.00004""","=""""","=""8.70e+04""",B,"=""16973.36619""","=""[40860.648]""","=""2p6.3p""","=""2P*""","=""3/2""","=""2p6.15s""","=""2S""","=""1/2""",4,2,,"=""T7799""","=""L9493""",
Na,1,"=""418.55""","=""0.02""","=""418.546""","=""0.011""","=""150""","=""4.9e+07""",D,"=""268513.9""","=""292399.4""","=""2p5.(2P*).3s.3p.(3P*)""","=""4P""","=""5/2""","=""2p5.3s.(3P*).3d""","=""4D*""","=""5/2""",6,6,,"=""T5209""","=""L6269""",
Na,1,"=""419.598""","=""0.002""","=""419.60405""","=""0.00004""","=""""","=""3.27e+04""",B,"=""16973.36619""","=""[40798.644]""","=""2p6.3p""","=""2P*""","=""3/2""","=""2p6.13d""","=""2D""","=""3/2""",4,4,,"=""T7799""","=""L9493""",
Na,1,"=""419.598""","=""0.002""","=""419.60409""","=""0.00004""","=""""","=""1.96e+05""",B,"=""16973.36619""","=""[40798.642]""","=""2p6.3p""","=""2P*""","=""3/2""","=""2p6.13d""","=""2D""","=""5/2""",4,6,,"=""T7799""","=""L9493""",
Na,1,"=""420.216""","=""0.002""","=""420.21714""","=""0.00004""","=""""","=""1.09e+05""",B,"=""16973.36619""","=""[40763.884]""","=""2p6.3p""","=""2P*""","=""3/2""","=""2p6.14s""","=""2S""","=""1/2""",4,2,,"=""T7799""","=""L9493""",
Na,1,"=""420.49""","=""0.02""","=""420.486""","=""0.012""","=""46""","=""2.5e+07""",D,"=""268513.9""","=""292289.2""","=""2p5.(2P*).3s.3p.(3P*)""","=""4P""","=""5/2""","=""2p5.3s.(3P*).3d""","=""4P*""","=""3/2""",6,4,,"=""T5209""","=""L6269""",
Na,1,"=""421.613""","=""0.002""","=""421.60610""","=""0.00004""","=""""","=""4.20e+04""",B,"=""16973.36619""","=""[40685.509]""","=""2p6.3p""","=""2P*""","=""3/2""","=""2p6.12d""","=""2D""","=""3/2""",4,4,,"=""T7799""","=""L9493""",
Na,1,"=""421.613""","=""0.002""","=""421.60610""","=""0.00004""","=""""","=""2.52e+05""",B,"=""16973.36619""","=""[40685.509]""","=""2p6.3p""","=""2P*""","=""3/2""","=""2p6.12d""","=""2D""","=""5/2""",4,6,,"=""T7799""","=""L9493""",
Na,1,"=""422.381""","=""0.002""","=""422.39634""","=""0.00004""","=""""","=""1.40e+05""",B,"=""16973.36619""","=""[40641.148]""","=""2p6.3p""","=""2P*""","=""3/2""","=""2p6.13s""","=""2S""","=""1/2""",4,2,,"=""T7799""","=""L9493""",
Na,1,"=""424.2082""","=""0.0008""","=""424.20759""","=""0.00004""","=""3*""","=""5.54e+04""",B,"=""16973.36619""","=""[40540.095]""","=""2p6.3p""","=""2P*""","=""3/2""","=""2p6.11d""","=""2D""","=""3/2""",4,4,,"=""T7799""","=""L6096""",
Na,1,"=""424.2082""","=""0.0008""","=""424.20763""","=""0.00004""","=""3*""","=""3.32e+05""",B,"=""16973.36619""","=""[40540.093]""","=""2p6.3p""","=""2P*""","=""3/2""","=""2p6.11d""","=""2D""","=""5/2""",4,6,,"=""T7799""","=""L6096""",
Na,1,"=""425.2520""","=""0.0008""","=""425.25165""","=""0.00004""","=""2""","=""1.84e+05""",B,"=""16973.36619""","=""40482.236""","=""2p6.3p""","=""2P*""","=""3/2""","=""2p6.12s""","=""2S""","=""1/2""",4,2,,"=""T7799""","=""L6096""",
Na,1,"=""425.38""","=""0.02""","=""425.376""","=""0.013""","=""17""","=""5.e+06""",D,"=""268897.4""","=""292399.4""","=""2p5.(2P*).3s.3p.(3P*)""","=""4P""","=""3/2""","=""2p5.3s.(3P*).3d""","=""4D*""","=""5/2""",4,6,,"=""T5209""","=""L6269""",
Na,1,"=""427.3642""","=""0.0008""","=""427.36265""","=""0.00004""","=""4""","=""3.91e+05""",C,"=""16956.17025""","=""40348.918""","=""2p6.3p""","=""2P*""","=""1/2""","=""2p6.10d""","=""2D""","=""3/2""",2,4,,"=""c58,LS""","=""L6096""",
Na,1,"=""427.39""","=""0.02""","=""427.380""","=""0.013""","=""23""","=""1.6e+07""",D,"=""268897.4""","=""292289.2""","=""2p5.(2P*).3s.3p.(3P*)""","=""4P""","=""3/2""","=""2p5.3s.(3P*).3d""","=""4P*""","=""3/2""",4,4,,"=""T5209""","=""L6269""",
Na,1,"=""427.6787""","=""0.0008""","=""427.67704""","=""0.00004""","=""5*""","=""7.8e+04""",C,"=""16973.36619""","=""40348.918""","=""2p6.3p""","=""2P*""","=""3/2""","=""2p6.10d""","=""2D""","=""3/2""",4,4,,"=""c58,LS""","=""L6096""",
Na,1,"=""427.6787""","=""0.0008""","=""427.67709""","=""0.00004""","=""5*""","=""4.69e+05""",C,"=""16973.36619""","=""40348.915""","=""2p6.3p""","=""2P*""","=""3/2""","=""2p6.10d""","=""2D""","=""5/2""",4,6,,"=""c58,LS""","=""L6096""",
Na,1,"=""428.67""","=""0.02""","=""428.655""","=""0.013""","=""46""","=""2.8e+07""",D,"=""268897.4""","=""292219.6""","=""2p5.(2P*).3s.3p.(3P*)""","=""4P""","=""3/2""","=""2p5.3s.(3P*).3d""","=""4P*""","=""1/2""",4,2,,"=""T5209""","=""L6269""",
Na,1,"=""429.1006""","=""0.0008""","=""429.10012""","=""0.00004""","=""3""","=""2.47e+05""",B,"=""16973.36619""","=""40271.396""","=""2p6.3p""","=""2P*""","=""3/2""","=""2p6.11s""","=""2S""","=""1/2""",4,2,,"=""T7799""","=""L6096""",
Na,1,"=""432.4615""","=""0.0008""","=""432.4615""","=""0.0004""","=""7*""","=""1.14e+05""",B,"=""16973.36619""","=""40090.31""","=""2p6.3p""","=""2P*""","=""3/2""","=""2p6.9d""","=""2D""","=""3/2""",4,4,,"=""T7799""","=""L6096""",
Na,1,"=""432.4615""","=""0.0008""","=""432.4615""","=""0.0004""","=""7*""","=""6.84e+05""",B,"=""16973.36619""","=""40090.31""","=""2p6.3p""","=""2P*""","=""3/2""","=""2p6.9d""","=""2D""","=""5/2""",4,6,,"=""T7799""","=""L6096""",
Na,1,"=""434.1489""","=""0.0008""","=""434.1489""","=""0.0004""","=""4""","=""3.26e+05""",C+,"=""16956.17025""","=""39983.27""","=""2p6.3p""","=""2P*""","=""1/2""","=""2p6.10s""","=""2S""","=""1/2""",2,2,,"=""c30""","=""L6096""",
Na,2,"=""434.4108""","=""0.0003""","=""434.412""","=""0.003""","=""250""","=""4.32e+07""",B+,"=""308860.80""","=""331873.93""","=""2s2.2p5.3p""","=""1S""","=""0""","=""2s2.2p5.(2P*<3/2>).4s""","=""2[3/2]*""","=""1""",1,3,,"=""T7663""","=""L914""",
Na,1,"=""434.4736""","=""0.0008""","=""434.4733""","=""0.0004""","=""5""","=""6.50e+05""",C+,"=""16973.36619""","=""39983.27""","=""2p6.3p""","=""2P*""","=""3/2""","=""2p6.10s""","=""2S""","=""1/2""",4,2,,"=""c30""","=""L6096""",
Na,2,"=""436.8600""","=""0.0003""","=""436.859""","=""0.003""","=""200""","=""3.59e+07""",B,"=""308860.80""","=""331745.06""","=""2s2.2p5.3p""","=""1S""","=""0""","=""2s2.2p5.(2P*<3/2>).3d""","=""2[3/2]*""","=""1""",1,3,,"=""T6036""","=""L914""",
Na,1,"=""439.0029""","=""0.0008""","=""439.0022""","=""0.0004""","=""8""","=""9.83e+05""",B+,"=""16956.17025""","=""39728.70""","=""2p6.3p""","=""2P*""","=""1/2""","=""2p6.8d""","=""2D""","=""3/2""",2,4,,"=""c30""","=""L6096""",
Na,1,"=""439.3340""","=""0.0008""","=""439.3340""","=""0.0004""","=""9*""","=""1.17e+06""",B+,"=""16973.36619""","=""39728.70""","=""2p6.3p""","=""2P*""","=""3/2""","=""2p6.8d""","=""2D""","=""5/2""",4,6,,"=""c30""","=""L6096""",
Na,1,"=""439.3340""","=""0.0008""","=""439.3340""","=""0.0004""","=""9*""","=""1.95e+05""",B,"=""16973.36619""","=""39728.70""","=""2p6.3p""","=""2P*""","=""3/2""","=""2p6.8d""","=""2D""","=""3/2""",4,4,,"=""c30""","=""L6096""",
Na,1,"=""441.9885""","=""0.0008""","=""441.9883""","=""0.0004""","=""6""","=""2.82e+05""",C+,"=""16956.17025""","=""39574.85""","=""2p6.3p""","=""2P*""","=""1/2""","=""2p6.9s""","=""2S""","=""1/2""",2,2,,"=""c30""","=""L6096""",
Na,1,"=""442.3246""","=""0.0008""","=""442.3246""","=""0.0004""","=""7""","=""5.61e+05""",C+,"=""16973.36619""","=""39574.85""","=""2p6.3p""","=""2P*""","=""3/2""","=""2p6.9s""","=""2S""","=""1/2""",4,2,,"=""c30""","=""L6096""",
Na,1,"=""443.23""","=""0.02""","=""443.234""","=""0.014""","=""310""","=""1.4e+07""",D,"=""263745.3""","=""286300.4""","=""2p5.(2P*).3s.3p.(3P*)""","=""4S""","=""3/2""","=""2p5.3s.(3P*).4s""","=""4P*""","=""5/2""",4,6,,"=""T5209""","=""L6269""",
Na,1,"=""449.4177""","=""0.0009""","=""449.4180""","=""0.0004""","=""10""","=""1.23e+06""",B+,"=""16956.17025""","=""39200.93""","=""2p6.3p""","=""2P*""","=""1/2""","=""2p6.7d""","=""2D""","=""3/2""",2,4,,"=""c30""","=""L6096""",
Na,1,"=""449.7658""","=""0.0009""","=""449.7657""","=""0.0004""","=""11*""","=""1.46e+06""",B+,"=""16973.36619""","=""39200.93""","=""2p6.3p""","=""2P*""","=""3/2""","=""2p6.7d""","=""2D""","=""5/2""",4,6,,"=""c30""","=""L6096""",
Na,1,"=""449.7658""","=""0.0009""","=""449.7657""","=""0.0004""","=""11*""","=""2.44e+05""",B,"=""16973.36619""","=""39200.93""","=""2p6.3p""","=""2P*""","=""3/2""","=""2p6.7d""","=""2D""","=""3/2""",4,4,,"=""c30""","=""L6096""",
Na,1,"=""454.1633""","=""0.0009""","=""454.1633""","=""0.0004""","=""7""","=""3.76e+05""",B,"=""16956.17025""","=""38968.51""","=""2p6.3p""","=""2P*""","=""1/2""","=""2p6.8s""","=""2S""","=""1/2""",2,2,,"=""c30""","=""L6096""",
Na,1,"=""454.5186""","=""0.0009""","=""454.5184""","=""0.0004""","=""8""","=""7.50e+05""",B,"=""16973.36619""","=""38968.51""","=""2p6.3p""","=""2P*""","=""3/2""","=""2p6.8s""","=""2S""","=""1/2""",4,2,,"=""c30""","=""L6096""",
Na,2,"=""459.0933""","=""0.0003""","=""459.094""","=""0.003""","=""160""","=""2.0e+06""",E,"=""308860.80""","=""330636.75""","=""2s2.2p5.3p""","=""1S""","=""0""","=""2s2.2p5.(2P*<3/2>).3d""","=""2[1/2]*""","=""1""",1,3,,"=""T6036c79""","=""L914""",
Na,1,"=""466.48107""","=""0.00005""","=""466.48107""","=""0.00004""","=""1""","=""2.08e+06""",B+,"=""16956.17025""","=""38387.268""","=""2p6.3p""","=""2P*""","=""1/2""","=""2p6.6d""","=""2D""","=""3/2""",2,4,,"=""c30""","=""L15039""",
Na,1,"=""466.85595""","=""0.00005""","=""466.85567""","=""0.00004""","=""2*""","=""4.14e+05""",B+,"=""16973.36619""","=""38387.268""","=""2p6.3p""","=""2P*""","=""3/2""","=""2p6.6d""","=""2D""","=""3/2""",4,4,,"=""c30""","=""L15039""",
Na,1,"=""466.85595""","=""0.00005""","=""466.85595""","=""0.00004""","=""2*""","=""2.49e+06""",A,"=""16973.36619""","=""38387.255""","=""2p6.3p""","=""2P*""","=""3/2""","=""2p6.6d""","=""2D""","=""5/2""",4,6,,"=""c30""","=""L15039""",
Na,1,"=""474.79410""","=""0.00005""","=""474.79412""","=""0.00005""","=""1""","=""6.19e+05""",B,"=""16956.17025""","=""38012.042""","=""2p6.3p""","=""2P*""","=""1/2""","=""2p6.7s""","=""2S""","=""1/2""",2,2,,"=""c30""","=""L15039""",
Na,1,"=""475.18218""","=""0.00005""","=""475.18219""","=""0.00005""","=""2""","=""1.23e+06""",B,"=""16973.36619""","=""38012.042""","=""2p6.3p""","=""2P*""","=""3/2""","=""2p6.7s""","=""2S""","=""1/2""",4,2,,"=""c30""","=""L15039""",
Na,3,"=""""","=""""","=""476.273""","=""0.006""","=""""","=""2.42e+04""",D+,"=""445797.52""","=""466788.03""","=""2s2.2p4.(1D).3p""","=""2D*""","=""3/2""","=""2s2.2p4.(3P).3d""","=""2P""","=""3/2""",4,4,,"=""c51,T7317""","=""""",
Na,3,"=""""","=""""","=""477.996""","=""0.006""","=""""","=""8.37e+04""",D+,"=""445873.20""","=""466788.03""","=""2s2.2p4.(1D).3p""","=""2D*""","=""5/2""","=""2s2.2p4.(3P).3d""","=""2P""","=""3/2""",6,4,,"=""c51,T7317""","=""""",
Na,3,"=""""","=""""","=""494.559""","=""0.007""","=""""","=""2.31e+05""",C,"=""445797.52""","=""466011.91""","=""2s2.2p4.(1D).3p""","=""2D*""","=""3/2""","=""2s2.2p4.(3P).3d""","=""2P""","=""1/2""",4,2,,"=""c51,T7317""","=""""",
Na,1,"=""497.85414""","=""0.00005""","=""497.85414""","=""0.00005""","=""1""","=""4.09e+06""",A,"=""16956.17025""","=""37036.772""","=""2p6.3p""","=""2P*""","=""1/2""","=""2p6.5d""","=""2D""","=""3/2""",2,4,,"=""c30""","=""L15039""",
Na,1,"=""""","=""""","=""498.28084""","=""0.00005""","=""""","=""8.15e+05""",A,"=""16973.36619""","=""37036.772""","=""2p6.3p""","=""2P*""","=""3/2""","=""2p6.5d""","=""2D""","=""3/2""",4,4,,"=""c30""","=""""",
Na,1,"=""498.28134""","=""0.00005""","=""498.28134""","=""0.00005""","=""2""","=""4.88e+06""",A,"=""16973.36619""","=""37036.752""","=""2p6.3p""","=""2P*""","=""3/2""","=""2p6.5d""","=""2D""","=""5/2""",4,6,,"=""c30""","=""L15039""",
Na,1,"=""507.12""","=""0.02""","=""507.120""","=""0.015""","=""270""","=""4.1e+07""",D,"=""266586.7""","=""286300.4""","=""2p5.(2P*).3s.3p.(3P*)""","=""4D""","=""7/2""","=""2p5.3s.(3P*).4s""","=""4P*""","=""5/2""",8,6,,"=""T5209""","=""L6269""",
Na,1,"=""514.88381""","=""0.00005""","=""514.88383""","=""0.00005""","=""1""","=""1.14e+06""",B+,"=""16956.17025""","=""36372.618""","=""2p6.3p""","=""2P*""","=""1/2""","=""2p6.6s""","=""2S""","=""1/2""",2,2,,"=""c30""","=""L15039""",
Na,1,"=""515.34024""","=""0.00005""","=""515.34024""","=""0.00005""","=""2""","=""2.27e+06""",B+,"=""16973.36619""","=""36372.618""","=""2p6.3p""","=""2P*""","=""3/2""","=""2p6.6s""","=""2S""","=""1/2""",4,2,,"=""c30""","=""L15039""",
Na,3,"=""""","=""""","=""516.006""","=""0.008""","=""""","=""4.42e+06""",B,"=""399182.31""","=""418556.54""","=""2s2.2p4.(1D).3s""","=""2D""","=""3/2""","=""2s2.2p4.(3P).3p""","=""2P*""","=""1/2""",4,2,,"=""c51,T7317""","=""""",
Na,1,"=""516.25""","=""0.02""","=""516.212""","=""0.013""","=""83""","=""1.5e+07""",D,"=""266933.9""","=""286300.4""","=""2p5.(2P*).3s.3p.(3P*)""","=""4D""","=""5/2""","=""2p5.3s.(3P*).4s""","=""4P*""","=""5/2""",6,6,,"=""T5209""","=""L6269""",
Na,3,"=""""","=""""","=""519.530""","=""0.008""","=""""","=""4.58e+06""",B,"=""399174.71""","=""418417.50""","=""2s2.2p4.(1D).3s""","=""2D""","=""5/2""","=""2s2.2p4.(3P).3p""","=""2P*""","=""3/2""",6,4,,"=""c51,T7317""","=""""",
Na,3,"=""""","=""""","=""519.604""","=""0.008""","=""""","=""1.44e+06""",C+,"=""447547.96""","=""466788.03""","=""2s2.2p4.(1D).3p""","=""2P*""","=""3/2""","=""2s2.2p4.(3P).3d""","=""2P""","=""3/2""",4,4,,"=""c51,T7317""","=""""",
Na,3,"=""""","=""""","=""519.736""","=""0.008""","=""""","=""4.85e+05""",C+,"=""399182.31""","=""418417.50""","=""2s2.2p4.(1D).3s""","=""2D""","=""3/2""","=""2s2.2p4.(3P).3p""","=""2P*""","=""3/2""",4,4,,"=""c51,T7317""","=""""",
Na,3,"=""""","=""""","=""520.138""","=""0.008""","=""""","=""2.73e+05""",C,"=""445797.52""","=""465017.83""","=""2s2.2p4.(1D).3p""","=""2D*""","=""3/2""","=""2s2.2p4.(3P).3d""","=""2D""","=""3/2""",4,4,,"=""c51,T7317""","=""""",
Na,3,"=""""","=""""","=""522.194""","=""0.008""","=""""","=""3.65e+04""",D+,"=""445873.20""","=""465017.83""","=""2s2.2p4.(1D).3p""","=""2D*""","=""5/2""","=""2s2.2p4.(3P).3d""","=""2D""","=""3/2""",6,4,,"=""c51,T7317""","=""""",
Na,1,"=""525.64""","=""0.02""","=""525.669""","=""0.014""","=""7""","=""2.e+06""",D,"=""267282.3""","=""286300.4""","=""2p5.(2P*).3s.3p.(3P*)""","=""4D""","=""3/2""","=""2p5.3s.(3P*).4s""","=""4P*""","=""5/2""",4,6,,"=""T5209""","=""L6269""",
Na,3,"=""""","=""""","=""535.162""","=""0.008""","=""""","=""1.74e+06""",B,"=""448107.31""","=""466788.03""","=""2s2.2p4.(1D).3p""","=""2P*""","=""1/2""","=""2s2.2p4.(3P).3d""","=""2P""","=""3/2""",2,4,,"=""c51,T7317""","=""""",
Na,3,"=""""","=""""","=""537.697""","=""0.008""","=""""","=""2.51e+04""",E,"=""445797.52""","=""464390.17""","=""2s2.2p4.(1D).3p""","=""2D*""","=""3/2""","=""2s2.2p4.(3P).3d""","=""2F""","=""5/2""",4,6,,"=""c51,T7317""","=""""",
Na,3,"=""""","=""""","=""539.895""","=""0.008""","=""""","=""4.88e+04""",D,"=""445873.20""","=""464390.17""","=""2s2.2p4.(1D).3p""","=""2D*""","=""5/2""","=""2s2.2p4.(3P).3d""","=""2F""","=""5/2""",6,6,,"=""c51,T7317""","=""""",
Na,3,"=""""","=""""","=""541.445""","=""0.008""","=""""","=""7.74e+05""",C,"=""447547.96""","=""466011.91""","=""2s2.2p4.(1D).3p""","=""2P*""","=""3/2""","=""2s2.2p4.(3P).3d""","=""2P""","=""1/2""",4,2,,"=""c51,T7317""","=""""",
Na,3,"=""""","=""""","=""552.402""","=""0.009""","=""""","=""3.03e+04""",D+,"=""445873.20""","=""463970.92""","=""2s2.2p4.(1D).3p""","=""2D*""","=""5/2""","=""2s2.2p4.(3P).3d""","=""2F""","=""7/2""",6,8,,"=""c51,T7317""","=""""",
Na,3,"=""""","=""""","=""558.361""","=""0.009""","=""""","=""1.44e+06""",C+,"=""448107.31""","=""466011.91""","=""2s2.2p4.(1D).3p""","=""2P*""","=""1/2""","=""2s2.2p4.(3P).3d""","=""2P""","=""1/2""",2,2,,"=""c51,T7317""","=""""",
Na,1,"=""562.10""","=""0.02""","=""562.068""","=""0.016""","=""42""","=""1.4e+07""",D,"=""268513.9""","=""286300.4""","=""2p5.(2P*).3s.3p.(3P*)""","=""4P""","=""5/2""","=""2p5.3s.(3P*).4s""","=""4P*""","=""5/2""",6,6,,"=""T5209""","=""L6269""",
Na,1,"=""568.26333""","=""0.00005""","=""568.26333""","=""0.00006""","=""5""","=""1.01e+07""",A,"=""16956.17025""","=""34548.764""","=""2p6.3p""","=""2P*""","=""1/2""","=""2p6.4d""","=""2D""","=""3/2""",2,4,,"=""c30""","=""L15039""",
Na,1,"=""568.81934""","=""0.00005""","=""568.81933""","=""0.00006""","=""1""","=""2.02e+06""",A,"=""16973.36619""","=""34548.764""","=""2p6.3p""","=""2P*""","=""3/2""","=""2p6.4d""","=""2D""","=""3/2""",4,4,,"=""c30""","=""L15039""",
Na,1,"=""568.82046""","=""0.00005""","=""568.82047""","=""0.00006""","=""9""","=""1.21e+07""",A,"=""16973.36619""","=""34548.729""","=""2p6.3p""","=""2P*""","=""3/2""","=""2p6.4d""","=""2D""","=""5/2""",4,6,,"=""c30""","=""L15039""",
Na,3,"=""""","=""""","=""572.255""","=""0.009""","=""""","=""1.09e+06""",C+,"=""447547.96""","=""465017.83""","=""2s2.2p4.(1D).3p""","=""2P*""","=""3/2""","=""2s2.2p4.(3P).3d""","=""2D""","=""3/2""",4,4,,"=""c51,T7317""","=""""",
Na,1,"=""574.42""","=""0.02""","=""574.454""","=""0.017""","=""12""","=""4.e+06""",D,"=""268897.4""","=""286300.4""","=""2p5.(2P*).3s.3p.(3P*)""","=""4P""","=""3/2""","=""2p5.3s.(3P*).4s""","=""4P*""","=""5/2""",4,6,,"=""T5209""","=""L6269""",
Na,3,"=""""","=""""","=""574.639""","=""0.009""","=""""","=""1.66e+06""",D,"=""447547.96""","=""464945.37""","=""2s2.2p4.(1D).3p""","=""2P*""","=""3/2""","=""2s2.2p4.(3P).3d""","=""4P""","=""5/2""",4,6,,"=""c51,T7317""","=""""",
Na,3,"=""""","=""""","=""585.204""","=""0.010""","=""""","=""3.29e+05""",D,"=""447547.96""","=""464631.29""","=""2s2.2p4.(1D).3p""","=""2P*""","=""3/2""","=""2s2.2p4.(3P).3d""","=""4P""","=""3/2""",4,4,,"=""c51,T7317""","=""""",
Na,1,"=""588.995095""","=""0.000003""","=""588.995094""","=""0.000003""","=""80000""","=""6.16e+07""",AA,"=""0.00000""","=""16973.36619""","=""2p6.3s""","=""2S""","=""1/2""","=""2p6.3p""","=""2P*""","=""3/2""",2,4,,"=""T6617,T6568,T6567""","=""L5918""",
Na,1,"=""589.592424""","=""0.000003""","=""589.592424""","=""0.000003""","=""40000""","=""6.14e+07""",AA,"=""0.00000""","=""16956.17025""","=""2p6.3s""","=""2S""","=""1/2""","=""2p6.3p""","=""2P*""","=""1/2""",2,2,,"=""T6617,T6567""","=""L5918""",
Na,3,"=""""","=""""","=""591.184""","=""0.010""","=""""","=""2.55e+06""",B,"=""448107.31""","=""465017.83""","=""2s2.2p4.(1D).3p""","=""2P*""","=""1/2""","=""2s2.2p4.(3P).3d""","=""2D""","=""3/2""",2,4,,"=""c51,T7317""","=""""",
Na,3,"=""""","=""""","=""592.816""","=""0.010""","=""""","=""5.74e+03""",E,"=""447547.96""","=""464411.94""","=""2s2.2p4.(1D).3p""","=""2P*""","=""3/2""","=""2s2.2p4.(3P).3d""","=""4P""","=""1/2""",4,2,,"=""c51,T7317""","=""""",
Na,3,"=""""","=""""","=""593.582""","=""0.010""","=""""","=""1.27e+06""",B,"=""447547.96""","=""464390.17""","=""2s2.2p4.(1D).3p""","=""2P*""","=""3/2""","=""2s2.2p4.(3P).3d""","=""2F""","=""5/2""",4,6,,"=""c51,T7317""","=""""",
Na,3,"=""""","=""""","=""601.862""","=""0.009""","=""""","=""3.31e+05""",C,"=""418417.50""","=""435028.00""","=""2s2.2p4.(3P).3p""","=""2P*""","=""3/2""","=""2s2.2p4.(1S).3s""","=""2S""","=""1/2""",4,2,,"=""c51,T7317""","=""""",
Na,3,"=""""","=""""","=""604.822""","=""0.010""","=""""","=""1.32e+05""",E,"=""447547.96""","=""464077.16""","=""2s2.2p4.(1D).3p""","=""2P*""","=""3/2""","=""2s2.2p4.(3P).3d""","=""4F""","=""3/2""",4,4,,"=""c51,T7317""","=""""",
Na,3,"=""""","=""""","=""605.014""","=""0.010""","=""""","=""4.32e+05""",D,"=""448107.31""","=""464631.29""","=""2s2.2p4.(1D).3p""","=""2P*""","=""1/2""","=""2s2.2p4.(3P).3d""","=""4P""","=""3/2""",2,4,,"=""c51,T7317""","=""""",
Na,3,"=""""","=""""","=""606.943""","=""0.009""","=""""","=""1.34e+05""",C,"=""418556.54""","=""435028.00""","=""2s2.2p4.(3P).3p""","=""2P*""","=""1/2""","=""2s2.2p4.(1S).3s""","=""2S""","=""1/2""",2,2,,"=""c51,T7317""","=""""",
Na,3,"=""""","=""""","=""613.153""","=""0.011""","=""""","=""5.88e+03""",E,"=""448107.31""","=""464411.94""","=""2s2.2p4.(1D).3p""","=""2P*""","=""1/2""","=""2s2.2p4.(3P).3d""","=""4P""","=""1/2""",2,2,,"=""c51,T7317""","=""""",
Na,1,"=""615.42253""","=""0.00005""","=""615.42255""","=""0.00008""","=""1""","=""2.50e+06""",A,"=""16956.17025""","=""33200.673""","=""2p6.3p""","=""2P*""","=""1/2""","=""2p6.5s""","=""2S""","=""1/2""",2,2,,"=""c30""","=""L15039""",
Na,1,"=""616.07470""","=""0.00005""","=""616.07471""","=""0.00008""","=""2""","=""4.98e+06""",A,"=""16973.36619""","=""33200.673""","=""2p6.3p""","=""2P*""","=""3/2""","=""2p6.5s""","=""2S""","=""1/2""",4,2,,"=""c30""","=""L15039""",
Na,3,"=""""","=""""","=""619.256""","=""0.011""","=""""","=""4.35e+05""",D+,"=""447547.96""","=""463691.90""","=""2s2.2p4.(1D).3p""","=""2P*""","=""3/2""","=""2s2.2p4.(3P).3d""","=""4F""","=""5/2""",4,6,,"=""c51,T7317""","=""""",
Na,3,"=""""","=""""","=""631.024""","=""0.011""","=""""","=""1.67e+04""",D,"=""478842.99""","=""494685.86""","=""2s2.2p4.(1S).3p""","=""2P*""","=""1/2""","=""2s2.2p4.(1D).3d""","=""2D""","=""3/2""",2,4,,"=""T7317""","=""""",
Na,3,"=""""","=""""","=""632.665""","=""0.011""","=""""","=""4.48e+03""",E,"=""478884.07""","=""494685.86""","=""2s2.2p4.(1S).3p""","=""2P*""","=""3/2""","=""2s2.2p4.(1D).3d""","=""2D""","=""3/2""",4,4,,"=""c56,LS""","=""""",
Na,3,"=""""","=""""","=""636.011""","=""0.011""","=""""","=""2.20e+04""",D,"=""478884.07""","=""494602.73""","=""2s2.2p4.(1S).3p""","=""2P*""","=""3/2""","=""2s2.2p4.(1D).3d""","=""2D""","=""5/2""",4,6,,"=""T7317""","=""""",
Na,1,"=""""","=""""","=""663.19524""","=""0.00016""","=""""","=""6.3e+03""",C',"=""25739.999""","=""[40814.352]""","=""2p6.4s""","=""2S""","=""1/2""","=""2p6.14p""","=""2P*""","=""3/2""",2,4,,"=""T817""","=""""",
Na,1,"=""""","=""""","=""663.19872""","=""0.00016""","=""""","=""6.3e+03""",C',"=""25739.999""","=""[40814.273]""","=""2p6.4s""","=""2S""","=""1/2""","=""2p6.14p""","=""2P*""","=""1/2""",2,2,,"=""T817""","=""""",
Na,3,"=""""","=""""","=""666.205""","=""0.013""","=""""","=""3.30e+05""",C,"=""478842.99""","=""493849.24""","=""2s2.2p4.(1S).3p""","=""2P*""","=""1/2""","=""2s2.2p4.(1D).3d""","=""2S""","=""1/2""",2,2,,"=""T7317""","=""""",
Na,1,"=""""","=""""","=""668.02155""","=""0.00016""","=""""","=""8.5e+03""",C',"=""25739.999""","=""[40705.444]""","=""2p6.4s""","=""2S""","=""1/2""","=""2p6.13p""","=""2P*""","=""3/2""",2,4,,"=""T817""","=""""",
Na,1,"=""""","=""""","=""668.02601""","=""0.00016""","=""""","=""8.5e+03""",C',"=""25739.999""","=""[40705.344]""","=""2p6.4s""","=""2S""","=""1/2""","=""2p6.13p""","=""2P*""","=""1/2""",2,2,,"=""T817""","=""""",
Na,3,"=""""","=""""","=""668.034""","=""0.013""","=""""","=""6.57e+05""",C,"=""478884.07""","=""493849.24""","=""2s2.2p4.(1S).3p""","=""2P*""","=""3/2""","=""2s2.2p4.(1D).3d""","=""2S""","=""1/2""",4,2,,"=""T7317""","=""""",
Na,1,"=""""","=""""","=""674.30854""","=""0.00016""","=""""","=""1.11e+04""",C',"=""25739.999""","=""[40565.913]""","=""2p6.4s""","=""2S""","=""1/2""","=""2p6.12p""","=""2P*""","=""3/2""",2,4,,"=""T817""","=""""",
Na,1,"=""""","=""""","=""674.31445""","=""0.00016""","=""""","=""1.11e+04""",C',"=""25739.999""","=""[40565.783]""","=""2p6.4s""","=""2S""","=""1/2""","=""2p6.12p""","=""2P*""","=""1/2""",2,2,,"=""T817""","=""""",
Na,1,"=""""","=""""","=""682.72719""","=""0.00017""","=""""","=""1.53e+04""",C',"=""25739.999""","=""40383.097""","=""2p6.4s""","=""2S""","=""1/2""","=""2p6.11p""","=""2P*""","=""3/2""",2,4,,"=""T817""","=""""",
Na,1,"=""""","=""""","=""682.73521""","=""0.00017""","=""""","=""1.53e+04""",C',"=""25739.999""","=""40382.925""","=""2p6.4s""","=""2S""","=""1/2""","=""2p6.11p""","=""2P*""","=""1/2""",2,2,,"=""T817""","=""""",
Na,3,"=""""","=""""","=""689.755""","=""0.013""","=""""","=""8.41e+04""",D,"=""464390.17""","=""478884.07""","=""2s2.2p4.(3P).3d""","=""2F""","=""5/2""","=""2s2.2p4.(1S).3p""","=""2P*""","=""3/2""",6,4,,"=""T7317""","=""""",
Na,3,"=""""","=""""","=""691.803""","=""0.014""","=""""","=""2.79e+04""",D,"=""478842.99""","=""493293.98""","=""2s2.2p4.(1S).3p""","=""2P*""","=""1/2""","=""2s2.2p4.(1D).3d""","=""2P""","=""1/2""",2,2,,"=""T7317""","=""""",
Na,3,"=""""","=""""","=""693.775""","=""0.014""","=""""","=""5.54e+04""",D,"=""478884.07""","=""493293.98""","=""2s2.2p4.(1S).3p""","=""2P*""","=""3/2""","=""2s2.2p4.(1D).3d""","=""2P""","=""1/2""",4,2,,"=""T7317""","=""""",
Na,1,"=""""","=""""","=""694.39549""","=""0.00017""","=""""","=""2.23e+04""",C',"=""25739.999""","=""40137.043""","=""2p6.4s""","=""2S""","=""1/2""","=""2p6.10p""","=""2P*""","=""3/2""",2,4,,"=""T817""","=""""",
Na,1,"=""""","=""""","=""694.40672""","=""0.00017""","=""""","=""2.23e+04""",C',"=""25739.999""","=""40136.810""","=""2p6.4s""","=""2S""","=""1/2""","=""2p6.10p""","=""2P*""","=""1/2""",2,2,,"=""T817""","=""""",
Na,3,"=""""","=""""","=""696.717""","=""0.014""","=""""","=""6.87e+03""",E,"=""478842.99""","=""493192.06""","=""2s2.2p4.(1S).3p""","=""2P*""","=""1/2""","=""2s2.2p4.(1D).3d""","=""2P""","=""3/2""",2,4,,"=""T7317""","=""""",
Na,3,"=""""","=""""","=""698.717""","=""0.014""","=""""","=""5.46e+04""",D+,"=""478884.07""","=""493192.06""","=""2s2.2p4.(1S).3p""","=""2P*""","=""3/2""","=""2s2.2p4.(1D).3d""","=""2P""","=""3/2""",4,4,,"=""T7317""","=""""",
Na,1,"=""""","=""""","=""711.30404""","=""0.00018""","=""""","=""4.43e+04""",C+,"=""25739.999""","=""[39794.810]""","=""2p6.4s""","=""2S""","=""1/2""","=""2p6.9p""","=""2P*""","=""3/2""",2,4,,"=""c30""","=""""",
Na,1,"=""""","=""""","=""711.32080""","=""0.00018""","=""""","=""4.32e+04""",C+,"=""25739.999""","=""[39794.479]""","=""2p6.4s""","=""2S""","=""1/2""","=""2p6.9p""","=""2P*""","=""1/2""",2,2,,"=""c30""","=""""",
Na,3,"=""""","=""""","=""720.977""","=""0.015""","=""""","=""3.85e+04""",D+,"=""465017.83""","=""478884.07""","=""2s2.2p4.(3P).3d""","=""2D""","=""3/2""","=""2s2.2p4.(1S).3p""","=""2P*""","=""3/2""",4,4,,"=""T7317""","=""""",
Na,3,"=""""","=""""","=""723.120""","=""0.015""","=""""","=""1.27e+05""",D+,"=""465017.83""","=""478842.99""","=""2s2.2p4.(3P).3d""","=""2D""","=""3/2""","=""2s2.2p4.(1S).3p""","=""2P*""","=""1/2""",4,2,,"=""T7317""","=""""",
Na,1,"=""737.323""","=""0.002""","=""737.3231""","=""0.0011""","=""2""","=""5.42e+04""",B,"=""25739.999""","=""39298.84""","=""2p6.4s""","=""2S""","=""1/2""","=""2p6.8p""","=""2P*""","=""3/2""",2,4,,"=""c30""","=""L6096""",
Na,1,"=""737.349""","=""0.002""","=""737.3497""","=""0.0011""","=""1""","=""5.30e+04""",B,"=""25739.999""","=""39298.35""","=""2p6.4s""","=""2S""","=""1/2""","=""2p6.8p""","=""2P*""","=""1/2""",2,2,,"=""c30""","=""L6096""",
Na,1,"=""""","=""""","=""750.7464""","=""0.0011""","=""""","=""8.93e+00""",A,"=""16956.17025""","=""30272.58""","=""2p6.3p""","=""2P*""","=""1/2""","=""2p6.4p""","=""2P*""","=""3/2""",2,4,E2,"=""c27""","=""""",
Na,1,"=""""","=""""","=""750.7464""","=""0.0011""","=""""","=""6.24e-06""",D+,"=""16956.17025""","=""30272.58""","=""2p6.3p""","=""2P*""","=""1/2""","=""2p6.4p""","=""2P*""","=""3/2""",2,4,M1,"=""c27""","=""""",
Na,1,"=""""","=""""","=""751.0617""","=""0.0011""","=""""","=""1.15e-06""",D,"=""16956.17025""","=""30266.99""","=""2p6.3p""","=""2P*""","=""1/2""","=""2p6.4p""","=""2P*""","=""1/2""",2,2,M1,"=""c27""","=""""",
Na,1,"=""""","=""""","=""751.7172""","=""0.0011""","=""""","=""8.88e+00""",A,"=""16973.36619""","=""30272.58""","=""2p6.3p""","=""2P*""","=""3/2""","=""2p6.4p""","=""2P*""","=""3/2""",4,4,E2,"=""c27""","=""""",
Na,1,"=""""","=""""","=""751.7172""","=""0.0011""","=""""","=""4.28e-05""",C,"=""16973.36619""","=""30272.58""","=""2p6.3p""","=""2P*""","=""3/2""","=""2p6.4p""","=""2P*""","=""3/2""",4,4,M1,"=""c27""","=""""",
Na,1,"=""""","=""""","=""752.0333""","=""0.0011""","=""""","=""1.78e+01""",A,"=""16973.36619""","=""30266.99""","=""2p6.3p""","=""2P*""","=""3/2""","=""2p6.4p""","=""2P*""","=""1/2""",4,2,E2,"=""c27""","=""""",
Na,1,"=""""","=""""","=""752.0333""","=""0.0011""","=""""","=""8.84e-06""",D+,"=""16973.36619""","=""30266.99""","=""2p6.3p""","=""2P*""","=""3/2""","=""2p6.4p""","=""2P*""","=""1/2""",4,2,M1,"=""c27""","=""""",
Na,3,"=""""","=""""","=""764.356""","=""0.015""","=""""","=""2.61e+04""",D+,"=""435028.00""","=""448107.31""","=""2s2.2p4.(1S).3s""","=""2S""","=""1/2""","=""2s2.2p4.(1D).3p""","=""2P*""","=""1/2""",2,2,,"=""c51,T7317""","=""""",
Na,3,"=""""","=""""","=""776.657""","=""0.017""","=""""","=""1.11e+04""",D,"=""466011.91""","=""478884.07""","=""2s2.2p4.(3P).3d""","=""2P""","=""1/2""","=""2s2.2p4.(1S).3p""","=""2P*""","=""3/2""",2,4,,"=""T7317""","=""""",
Na,3,"=""""","=""""","=""779.143""","=""0.017""","=""""","=""6.59e+04""",D+,"=""466011.91""","=""478842.99""","=""2s2.2p4.(3P).3d""","=""2P""","=""1/2""","=""2s2.2p4.(1S).3p""","=""2P*""","=""1/2""",2,2,,"=""T7317""","=""""",
Na,1,"=""780.978""","=""0.002""","=""780.9783""","=""0.0012""","=""4""","=""9.91e+04""",B,"=""25739.999""","=""38540.93""","=""2p6.4s""","=""2S""","=""1/2""","=""2p6.7p""","=""2P*""","=""3/2""",2,4,,"=""c30""","=""L6096""",
Na,1,"=""781.024""","=""0.002""","=""781.0241""","=""0.0012""","=""3""","=""9.72e+04""",B,"=""25739.999""","=""38540.18""","=""2p6.4s""","=""2S""","=""1/2""","=""2p6.7p""","=""2P*""","=""1/2""",2,2,,"=""c30""","=""L6096""",
Na,3,"=""""","=""""","=""798.505""","=""0.016""","=""""","=""2.92e+04""",D+,"=""435028.00""","=""447547.96""","=""2s2.2p4.(1S).3s""","=""2S""","=""1/2""","=""2s2.2p4.(1D).3p""","=""2P*""","=""3/2""",2,4,,"=""c51,T7317""","=""""",
Na,1,"=""818.32556""","=""0.00005""","=""818.32556""","=""0.00013""","=""5""","=""4.29e+07""",A+,"=""16956.17025""","=""29172.887""","=""2p6.3p""","=""2P*""","=""1/2""","=""2p6.3d""","=""2D""","=""3/2""",2,4,,"=""c30""","=""L15039""",
Na,1,"=""819.47905""","=""0.00005""","=""819.47904""","=""0.00013""","=""1""","=""8.57e+06""",A,"=""16973.36619""","=""29172.887""","=""2p6.3p""","=""2P*""","=""3/2""","=""2p6.3d""","=""2D""","=""3/2""",4,4,,"=""c30""","=""L15039""",
Na,1,"=""819.48237""","=""0.00005""","=""819.48240""","=""0.00013""","=""9""","=""5.14e+07""",A+,"=""16973.36619""","=""29172.837""","=""2p6.3p""","=""2P*""","=""3/2""","=""2p6.3d""","=""2D""","=""5/2""",4,6,,"=""c30""","=""L15039""",
Na,3,"=""""","=""""","=""826.490""","=""0.019""","=""""","=""6.99e+04""",E,"=""466788.03""","=""478884.07""","=""2s2.2p4.(3P).3d""","=""2P""","=""3/2""","=""2s2.2p4.(1S).3p""","=""2P*""","=""3/2""",4,4,,"=""c56,LS""","=""""",
Na,3,"=""""","=""""","=""829.306""","=""0.019""","=""""","=""5.82e+04""",D+,"=""466788.03""","=""478842.99""","=""2s2.2p4.(3P).3d""","=""2P""","=""3/2""","=""2s2.2p4.(1S).3p""","=""2P*""","=""1/2""",4,2,,"=""T7317""","=""""",
Na,1,"=""864.992""","=""0.002""","=""864.9931""","=""0.0015""","=""7""","=""2.25e+05""",B+,"=""25739.999""","=""37297.61""","=""2p6.4s""","=""2S""","=""1/2""","=""2p6.6p""","=""2P*""","=""3/2""",2,4,,"=""c30""","=""L6096""",
Na,1,"=""865.089""","=""0.002""","=""865.0897""","=""0.0015""","=""6""","=""2.21e+05""",B+,"=""25739.999""","=""37296.32""","=""2p6.4s""","=""2S""","=""1/2""","=""2p6.6p""","=""2P*""","=""1/2""",2,2,,"=""c30""","=""L6096""",
Na,1,"=""""","=""""","=""879.30809""","=""0.00022""","=""""","=""1.63e+04""",C',"=""29172.837""","=""[40542.293]""","=""2p6.3d""","=""2D""","=""5/2""","=""2p6.11f""","=""2F*""","=""5/2""",6,6,,"=""T817""","=""""",
Na,1,"=""""","=""""","=""879.30809""","=""0.00022""","=""""","=""2.45e+05""",C',"=""29172.837""","=""[40542.293]""","=""2p6.3d""","=""2D""","=""5/2""","=""2p6.11f""","=""2F*""","=""7/2""",6,8,,"=""T817""","=""""",
Na,1,"=""""","=""""","=""879.31196""","=""0.00022""","=""""","=""2.29e+05""",C',"=""29172.887""","=""[40542.293]""","=""2p6.3d""","=""2D""","=""3/2""","=""2p6.11f""","=""2F*""","=""5/2""",4,6,,"=""T817""","=""""",
Na,1,"=""894.296""","=""0.002""","=""894.29495""","=""0.00023""","=""2*""","=""3.71e+05""",C',"=""29172.837""","=""[40351.761]""","=""2p6.3d""","=""2D""","=""5/2""","=""2p6.10f""","=""2F*""","=""7/2""",6,8,,"=""T817""","=""L6096""",
Na,1,"=""894.296""","=""0.002""","=""894.29495""","=""0.00023""","=""2*""","=""2.47e+04""",C',"=""29172.837""","=""[40351.761]""","=""2p6.3d""","=""2D""","=""5/2""","=""2p6.10f""","=""2F*""","=""5/2""",6,6,,"=""T817""","=""L6096""",
Na,1,"=""""","=""""","=""894.29895""","=""0.00023""","=""""","=""3.46e+05""",C',"=""29172.887""","=""[40351.761]""","=""2p6.3d""","=""2D""","=""3/2""","=""2p6.10f""","=""2F*""","=""5/2""",4,6,,"=""T817""","=""""",
Na,1,"=""915.388""","=""0.002""","=""915.3862""","=""0.0017""","=""4*""","=""5.3e+05""",C',"=""29172.837""","=""40094.19""","=""2p6.3d""","=""2D""","=""5/2""","=""2p6.9f""","=""2F*""","=""7/2""",6,8,,"=""T817""","=""L6096""",
Na,1,"=""915.388""","=""0.002""","=""915.3862""","=""0.0017""","=""4*""","=""3.5e+04""",C',"=""29172.837""","=""40094.19""","=""2p6.3d""","=""2D""","=""5/2""","=""2p6.9f""","=""2F*""","=""5/2""",6,6,,"=""T817""","=""L6096""",
Na,1,"=""""","=""""","=""915.3904""","=""0.0017""","=""""","=""4.9e+05""",C',"=""29172.887""","=""40094.19""","=""2p6.3d""","=""2D""","=""3/2""","=""2p6.9f""","=""2F*""","=""5/2""",4,6,,"=""T817""","=""""",
Na,1,"=""""","=""""","=""941.1865""","=""0.0003""","=""""","=""1.94e+02""",D+,"=""29172.837""","=""[39794.810]""","=""2p6.3d""","=""2D""","=""5/2""","=""2p6.9p""","=""2P*""","=""3/2""",6,4,,"=""c30""","=""""",
Na,1,"=""""","=""""","=""941.1909""","=""0.0003""","=""""","=""2.15e+01""",D,"=""29172.887""","=""[39794.810]""","=""2p6.3d""","=""2D""","=""3/2""","=""2p6.9p""","=""2P*""","=""3/2""",4,4,,"=""c30""","=""""",
Na,1,"=""""","=""""","=""941.2202""","=""0.0003""","=""""","=""2.48e+02""",D+,"=""29172.887""","=""[39794.479]""","=""2p6.3d""","=""2D""","=""3/2""","=""2p6.9p""","=""2P*""","=""1/2""",4,2,,"=""c30""","=""""",
Na,1,"=""946.594""","=""0.002""","=""946.5914""","=""0.0018""","=""6*""","=""9.57e+05""",B+,"=""29172.837""","=""39734.16""","=""2p6.3d""","=""2D""","=""5/2""","=""2p6.8f""","=""2F*""","=""7/2""",6,8,,"=""c30""","=""L6096""",
Na,1,"=""946.594""","=""0.002""","=""946.5914""","=""0.0018""","=""6*""","=""6.38e+04""",B+,"=""29172.837""","=""39734.16""","=""2p6.3d""","=""2D""","=""5/2""","=""2p6.8f""","=""2F*""","=""5/2""",6,6,,"=""c30""","=""L6096""",
Na,1,"=""""","=""""","=""946.5959""","=""0.0018""","=""""","=""8.93e+05""",B+,"=""29172.887""","=""39734.16""","=""2p6.3d""","=""2D""","=""3/2""","=""2p6.8f""","=""2F*""","=""5/2""",4,6,,"=""c30""","=""""",
Na,1,"=""""","=""""","=""949.2581""","=""0.0018""","=""""","=""8.3e+04""",C,"=""30266.99""","=""[40798.644]""","=""2p6.4p""","=""2P*""","=""1/2""","=""2p6.13d""","=""2D""","=""3/2""",2,4,,"=""c58,LS""","=""""",
Na,1,"=""""","=""""","=""949.7622""","=""0.0018""","=""""","=""1.66e+04""",C,"=""30272.58""","=""[40798.644]""","=""2p6.4p""","=""2P*""","=""3/2""","=""2p6.13d""","=""2D""","=""3/2""",4,4,,"=""c58,LS""","=""""",
Na,1,"=""""","=""""","=""949.7624""","=""0.0018""","=""""","=""1.00e+05""",C,"=""30272.58""","=""[40798.642]""","=""2p6.4p""","=""2P*""","=""3/2""","=""2p6.13d""","=""2D""","=""5/2""",4,6,,"=""c58,LS""","=""""",
Na,1,"=""""","=""""","=""952.4015""","=""0.0018""","=""""","=""2.85e+04""",C,"=""30266.99""","=""[40763.884]""","=""2p6.4p""","=""2P*""","=""1/2""","=""2p6.14s""","=""2S""","=""1/2""",2,2,,"=""c58,LS""","=""""",
Na,1,"=""""","=""""","=""952.9090""","=""0.0018""","=""""","=""5.7e+04""",C,"=""30272.58""","=""[40763.884]""","=""2p6.4p""","=""2P*""","=""3/2""","=""2p6.14s""","=""2S""","=""1/2""",4,2,,"=""c58,LS""","=""""",
Na,1,"=""""","=""""","=""959.5661""","=""0.0019""","=""""","=""1.07e+05""",C,"=""30266.99""","=""[40685.509]""","=""2p6.4p""","=""2P*""","=""1/2""","=""2p6.12d""","=""2D""","=""3/2""",2,4,,"=""c58,LS""","=""""",
Na,1,"=""""","=""""","=""960.0813""","=""0.0019""","=""""","=""1.28e+05""",C,"=""30272.58""","=""[40685.509]""","=""2p6.4p""","=""2P*""","=""3/2""","=""2p6.12d""","=""2D""","=""5/2""",4,6,,"=""c58,LS""","=""""",
Na,1,"=""""","=""""","=""960.0813""","=""0.0019""","=""""","=""2.14e+04""",C,"=""30272.58""","=""[40685.509]""","=""2p6.4p""","=""2P*""","=""3/2""","=""2p6.12d""","=""2D""","=""3/2""",4,4,,"=""c58,LS""","=""""",
Na,1,"=""""","=""""","=""963.6693""","=""0.0019""","=""""","=""3.33e+04""",C,"=""30266.99""","=""[40641.148]""","=""2p6.4p""","=""2P*""","=""1/2""","=""2p6.13s""","=""2S""","=""1/2""",2,2,,"=""c58,LS""","=""""",
Na,1,"=""""","=""""","=""964.1889""","=""0.0019""","=""""","=""6.6e+04""",C,"=""30272.58""","=""[40641.148]""","=""2p6.4p""","=""2P*""","=""3/2""","=""2p6.13s""","=""2S""","=""1/2""",4,2,,"=""c58,LS""","=""""",
Na,1,"=""""","=""""","=""973.1487""","=""0.0019""","=""""","=""1.41e+05""",C,"=""30266.99""","=""[40540.095]""","=""2p6.4p""","=""2P*""","=""1/2""","=""2p6.11d""","=""2D""","=""3/2""",2,4,,"=""c58,LS""","=""""",
Na,1,"=""""","=""""","=""973.6785""","=""0.0019""","=""""","=""2.81e+04""",C,"=""30272.58""","=""[40540.095]""","=""2p6.4p""","=""2P*""","=""3/2""","=""2p6.11d""","=""2D""","=""3/2""",4,4,,"=""c58,LS""","=""""",
Na,1,"=""""","=""""","=""973.6787""","=""0.0019""","=""""","=""1.69e+05""",C,"=""30272.58""","=""[40540.093]""","=""2p6.4p""","=""2P*""","=""3/2""","=""2p6.11d""","=""2D""","=""5/2""",4,6,,"=""c58,LS""","=""""",
Na,1,"=""""","=""""","=""978.6606""","=""0.0019""","=""""","=""4.02e+04""",C,"=""30266.99""","=""40482.236""","=""2p6.4p""","=""2P*""","=""1/2""","=""2p6.12s""","=""2S""","=""1/2""",2,2,,"=""c58,LS""","=""""",
Na,1,"=""""","=""""","=""979.1964""","=""0.0019""","=""""","=""8.0e+04""",C,"=""30272.58""","=""40482.236""","=""2p6.4p""","=""2P*""","=""3/2""","=""2p6.12s""","=""2S""","=""1/2""",4,2,,"=""c58,LS""","=""""",
Na,1,"=""""","=""""","=""987.2858""","=""0.0020""","=""""","=""2.81e+02""",C,"=""29172.837""","=""39298.84""","=""2p6.3d""","=""2D""","=""5/2""","=""2p6.8p""","=""2P*""","=""3/2""",6,4,,"=""c30""","=""""",
Na,1,"=""""","=""""","=""987.2907""","=""0.0020""","=""""","=""3.12e+01""",D+,"=""29172.887""","=""39298.84""","=""2p6.3d""","=""2D""","=""3/2""","=""2p6.8p""","=""2P*""","=""3/2""",4,4,,"=""c30""","=""""",
Na,1,"=""""","=""""","=""987.3384""","=""0.0020""","=""""","=""3.54e+02""",C,"=""29172.887""","=""39298.35""","=""2p6.3d""","=""2D""","=""3/2""","=""2p6.8p""","=""2P*""","=""1/2""",4,2,,"=""c30""","=""""",
Na,1,"=""""","=""""","=""991.6019""","=""0.0020""","=""""","=""1.92e+05""",C,"=""30266.99""","=""40348.918""","=""2p6.4p""","=""2P*""","=""1/2""","=""2p6.10d""","=""2D""","=""3/2""",2,4,,"=""c58,LS""","=""""",
Na,1,"=""""","=""""","=""992.1520""","=""0.0020""","=""""","=""3.83e+04""",C,"=""30272.58""","=""40348.918""","=""2p6.4p""","=""2P*""","=""3/2""","=""2p6.10d""","=""2D""","=""3/2""",4,4,,"=""c58,LS""","=""""",
Na,1,"=""""","=""""","=""992.1523""","=""0.0020""","=""""","=""2.30e+05""",C,"=""30272.58""","=""40348.915""","=""2p6.4p""","=""2P*""","=""3/2""","=""2p6.10d""","=""2D""","=""5/2""",4,6,,"=""c58,LS""","=""""",
Na,1,"=""996.128""","=""0.003""","=""996.1256""","=""0.0020""","=""7*""","=""1.27e+06""",A,"=""29172.837""","=""39208.98""","=""2p6.3d""","=""2D""","=""5/2""","=""2p6.7f""","=""2F*""","=""7/2""",6,8,,"=""c30""","=""L6096""",
Na,1,"=""996.128""","=""0.003""","=""996.1256""","=""0.0020""","=""7*""","=""8.45e+04""",B+,"=""29172.837""","=""39208.98""","=""2p6.3d""","=""2D""","=""5/2""","=""2p6.7f""","=""2F*""","=""5/2""",6,6,,"=""c30""","=""L6096""",
Na,1,"=""""","=""""","=""996.1306""","=""0.0020""","=""""","=""1.18e+06""",B+,"=""29172.887""","=""39208.98""","=""2p6.3d""","=""2D""","=""3/2""","=""2p6.7f""","=""2F*""","=""5/2""",4,6,,"=""c30""","=""""",
Na,1,"=""""","=""""","=""999.2856""","=""0.0020""","=""""","=""5.6e+04""",C,"=""30266.99""","=""40271.396""","=""2p6.4p""","=""2P*""","=""1/2""","=""2p6.11s""","=""2S""","=""1/2""",2,2,,"=""c58,LS""","=""""",
Na,1,"=""""","=""""","=""999.8443""","=""0.0020""","=""""","=""1.11e+05""",C,"=""30272.58""","=""40271.396""","=""2p6.4p""","=""2P*""","=""3/2""","=""2p6.11s""","=""2S""","=""1/2""",4,2,,"=""c58,LS""","=""""",
Na,1,"=""""","=""""","=""1017.707""","=""0.003""","=""""","=""2.70e+05""",C,"=""30266.99""","=""40090.31""","=""2p6.4p""","=""2P*""","=""1/2""","=""2p6.9d""","=""2D""","=""3/2""",2,4,,"=""c58,LS""","=""""",
Na,1,"=""""","=""""","=""1018.286""","=""0.003""","=""""","=""3.23e+05""",C,"=""30272.58""","=""40090.31""","=""2p6.4p""","=""2P*""","=""3/2""","=""2p6.9d""","=""2D""","=""5/2""",4,6,,"=""c58,LS""","=""""",
Na,1,"=""""","=""""","=""1018.286""","=""0.003""","=""""","=""5.4e+04""",C,"=""30272.58""","=""40090.31""","=""2p6.4p""","=""2P*""","=""3/2""","=""2p6.9d""","=""2D""","=""3/2""",4,4,,"=""c58,LS""","=""""",
