element,sp_num,obs_wl_vac(nm),unc_obs_wl,ritz_wl_vac(nm),unc_ritz_wl,intens,Aki(s^-1),Acc,Ei(cm-1),Ek(cm-1),conf_i,term_i,J_i,conf_k,term_k,J_k,g_i,g_k,Type,tp_ref,line_ref,
Ne,3,"=""180.731""","=""""","=""180.7339""","=""0.0004""","=""100bl""","=""2.7e+06""",D,"=""435555.356""","=""490885.32""","=""2s2.2p3.(2D*).3d""","=""3F*""","=""3""","=""2s2.2p3.(2D*).4f""","=""3H""","=""4""",7,9,,"=""T8046""","=""L10704""",
Ne,3,"=""181.0663""","=""""","=""181.0668""","=""0.0005""","=""180""","=""5.3e+08""",D,"=""435583.09""","=""490811.32""","=""2s2.2p3.(2D*).3d""","=""1S*""","=""0""","=""2s2.2p3.(2D*).4f""","=""1P""","=""1""",1,3,,"=""T8046""","=""L10704""",
Ne,3,"=""181.2205""","=""""","=""181.2206""","=""0.0004""","=""800""","=""9.6e+08""",D,"=""435608.467""","=""490789.83""","=""2s2.2p3.(2D*).3d""","=""3F*""","=""4""","=""2s2.2p3.(2D*).4f""","=""3G""","=""5""",9,11,,"=""T8046""","=""L10704""",
Ne,3,"=""""","=""""","=""181.456""","=""0.003""","=""""","=""2.06e+00""",A,"=""642.876""","=""55752.7""","=""2s2.2p4""","=""3P""","=""1""","=""2s2.2p4""","=""1S""","=""0""",3,1,M1,"=""c52""","=""""",
Ne,3,"=""182.2468""","=""""","=""182.2467""","=""0.0003""","=""600""","=""1.2e+09""",D,"=""394681.481+x""","=""449552.15+x""","=""2s2.2p3.(4S*).3d""","=""5D*""","=""4""","=""2s2.2p3.(4S*).4f""","=""5F""","=""5""",9,11,,"=""T8046""","=""L10704""",
Ne,3,"=""182.2546""","=""""","=""182.2546""","=""0.0004""","=""500""","=""1.0e+09""",D,"=""394684.08+x""","=""449552.39+x""","=""2s2.2p3.(4S*).3d""","=""5D*""","=""3""","=""2s2.2p3.(4S*).4f""","=""5F""","=""4""",7,9,,"=""T8046""","=""L10704""",
Ne,3,"=""182.2652""","=""""","=""182.2652""","=""0.0004""","=""300""","=""8.5e+08""",D,"=""394687.67+x""","=""449552.77+x""","=""2s2.2p3.(4S*).3d""","=""5D*""","=""2""","=""2s2.2p3.(4S*).4f""","=""5F""","=""3""",5,7,,"=""T8046""","=""L10704""",
Ne,3,"=""182.2746""","=""""","=""182.2746""","=""0.0010""","=""200""","=""7.0e+08""",D,"=""394690.72+x""","=""449553.0+x""","=""2s2.2p3.(4S*).3d""","=""5D*""","=""1""","=""2s2.2p3.(4S*).4f""","=""5F""","=""2""",3,5,,"=""T8046""","=""L10704""",
Ne,3,"=""182.2806""","=""""","=""182.2805""","=""0.0010""","=""160""","=""5.8e+08""",D,"=""394692.40+x""","=""449552.9+x""","=""2s2.2p3.(4S*).3d""","=""5D*""","=""0""","=""2s2.2p3.(4S*).4f""","=""5F""","=""1""",1,3,,"=""T8046""","=""L10704""",
Ne,3,"=""183.9479""","=""""","=""183.9481""","=""0.0010""","=""240""","=""1.2e+09""",D,"=""457596.833""","=""511960.0""","=""2s2.2p3.(2P*).3d""","=""3F*""","=""4""","=""2s2.2p3.(2P*).4f""","=""3G""","=""5""",9,11,,"=""T8046""","=""L10704""",
Ne,3,"=""183.9729""","=""""","=""183.9730""","=""0.0003""","=""240""","=""2.5e+08""",D,"=""406332.411""","=""460688.20""","=""2s2.2p3.(2D*).3p""","=""1D""","=""2""","=""2s2.2p3.(2D*).4s""","=""1D*""","=""2""",5,5,,"=""T8046""","=""L10704""",
Ne,3,"=""184.1640""","=""""","=""184.1644""","=""0.0010""","=""200""","=""1.0e+09""",D,"=""457666.99""","=""511966.3""","=""2s2.2p3.(2P*).3d""","=""3F*""","=""3""","=""2s2.2p3.(2P*).4f""","=""3G""","=""4""",7,9,,"=""T8046""","=""L10704""",
Ne,3,"=""184.2042""","=""""","=""184.2041""","=""0.0004""","=""900""","=""1.1e+09""",D,"=""436597.709""","=""490885.32""","=""2s2.2p3.(2D*).3d""","=""3G*""","=""3""","=""2s2.2p3.(2D*).4f""","=""3H""","=""4""",7,9,,"=""T8046""","=""L10704""",
Ne,3,"=""184.2101""","=""""","=""184.2102""","=""0.0004""","=""1000""","=""1.3e+09""",D,"=""436547.744""","=""490833.55""","=""2s2.2p3.(2D*).3d""","=""3G*""","=""5""","=""2s2.2p3.(2D*).4f""","=""3H""","=""6""",11,13,,"=""T8046""","=""L10704""",
Ne,3,"=""184.3592""","=""""","=""184.3587""","=""0.0004""","=""200""","=""2.3e+08""",D,"=""436547.744""","=""490789.83""","=""2s2.2p3.(2D*).3d""","=""3G*""","=""5""","=""2s2.2p3.(2D*).4f""","=""3G""","=""5""",11,11,,"=""T8046""","=""L10704""",
Ne,3,"=""184.9715""","=""""","=""184.9719""","=""0.0004""","=""500""","=""1.8e+08""",D,"=""436771.674""","=""490833.93""","=""2s2.2p3.(2D*).3d""","=""1G*""","=""4""","=""2s2.2p3.(2D*).4f""","=""1G""","=""4""",9,9,,"=""T8046""","=""L10704""",
Ne,3,"=""185.388""","=""""","=""185.388""","=""0.004""","=""200bl*""","=""3.1e+08""",D,"=""436947.05""","=""490888.1""","=""2s2.2p3.(2D*).3d""","=""3D*""","=""1""","=""2s2.2p3.(2D*).4f""","=""3D""","=""1""",3,3,,"=""T8046""","=""L10704""",
Ne,3,"=""185.4126""","=""""","=""185.4126""","=""0.0007""","=""120""","=""2.1e+07""",D,"=""436901.63""","=""490835.4""","=""2s2.2p3.(2D*).3d""","=""3D*""","=""2""","=""2s2.2p3.(2D*).4f""","=""3P""","=""1""",5,3,,"=""T8046""","=""L10704""",
Ne,3,"=""185.918""","=""""","=""185.9156""","=""0.0003""","=""100w""","=""1.1e+08""",C,"=""406332.411""","=""460120.25""","=""2s2.2p3.(2D*).3p""","=""1D""","=""2""","=""2s2.2p3.(2P*).3d""","=""1F*""","=""3""",5,7,,"=""c52""","=""L10704""",
Ne,3,"=""186.514""","=""""","=""186.514""","=""0.005""","=""160bl*""","=""5.5e+08""",D,"=""458285.80""","=""511901.1""","=""2s2.2p3.(2P*).3d""","=""3P*""","=""0""","=""2s2.2p3.(2P*).4f""","=""3D""","=""1""",1,3,,"=""T8046""","=""L10704""",
Ne,3,"=""186.6634""","=""""","=""186.6632""","=""0.0005""","=""180""","=""6.8e+08""",D,"=""458335.50""","=""511907.92""","=""2s2.2p3.(2P*).3d""","=""3P*""","=""1""","=""2s2.2p3.(2P*).4f""","=""3D""","=""2""",3,5,,"=""T8046""","=""L10704""",
Ne,3,"=""186.9463""","=""""","=""186.9462""","=""0.0011""","=""200""","=""8.8e+08""",D,"=""458442.48""","=""511933.8""","=""2s2.2p3.(2P*).3d""","=""3P*""","=""2""","=""2s2.2p3.(2P*).4f""","=""3D""","=""3""",5,7,,"=""T8046""","=""L10704""",
Ne,3,"=""187.0372""","=""""","=""187.0367""","=""0.0005""","=""120""","=""1.9e+08""",D,"=""458442.48""","=""511907.92""","=""2s2.2p3.(2P*).3d""","=""3P*""","=""2""","=""2s2.2p3.(2P*).4f""","=""3D""","=""2""",5,5,,"=""T8046""","=""L10704""",
Ne,3,"=""188.02095""","=""""","=""188.0210""","=""0.0003""","=""240""","=""6.8e+08""",C,"=""379826.356""","=""433011.918""","=""2s2.2p3.(2P*).3s""","=""1P*""","=""1""","=""2s2.2p3.(2P*).3p""","=""1S""","=""0""",3,1,,"=""c52""","=""L9091""",
Ne,2,"=""190.749409""","=""0.000021""","=""190.749450""","=""0.000007""","=""400""","=""2.8e+07""",D,"=""224087.0092""","=""276511.800""","=""2s2.2p4.(3P).3s""","=""2P""","=""3/2""","=""2s2.2p4.(1D).3p""","=""2P*""","=""1/2""",4,2,,"=""T8043""","=""L9088""",
Ne,2,"=""191.608186""","=""0.000019""","=""191.608223""","=""0.000007""","=""1000""","=""6.9e+07""",D,"=""224087.0092""","=""276276.8361""","=""2s2.2p4.(3P).3s""","=""2P""","=""3/2""","=""2s2.2p4.(1D).3p""","=""2P*""","=""3/2""",4,4,,"=""T8043""","=""L9088""",
Ne,2,"=""193.003483""","=""0.000020""","=""193.003513""","=""0.000012""","=""600""","=""5.7e+07""",D,"=""224699.2716""","=""276511.800""","=""2s2.2p4.(3P).3s""","=""2P""","=""1/2""","=""2s2.2p4.(1D).3p""","=""2P*""","=""1/2""",2,2,,"=""T8043""","=""L9088""",
Ne,3,"=""193.1007""","=""""","=""193.1023""","=""0.0003""","=""240""","=""3.0e+08""",C,"=""387962.12""","=""439748.13""","=""2s2.2p3.(2D*).3p""","=""1P""","=""1""","=""2s2.2p3.(2D*).3d""","=""1D*""","=""2""",3,5,,"=""c52""","=""L10704""",
Ne,3,"=""193.1727""","=""""","=""193.1728""","=""0.0006""","=""180""","=""4.9e+08""",D,"=""439044.19""","=""490811.32""","=""2s2.2p3.(2D*).3d""","=""1P*""","=""1""","=""2s2.2p3.(2D*).4f""","=""1P""","=""1""",3,3,,"=""T8046""","=""L10704""",
Ne,2,"=""193.882716""","=""0.000021""","=""193.882749""","=""0.000008""","=""400""","=""1.3e+07""",D,"=""224699.2716""","=""276276.8361""","=""2s2.2p4.(3P).3s""","=""2P""","=""1/2""","=""2s2.2p4.(1D).3p""","=""2P*""","=""3/2""",2,4,,"=""T8043""","=""L9088""",
Ne,3,"=""194.5300""","=""""","=""194.5302""","=""0.0004""","=""300""","=""9.8e+08""",D,"=""398178.14""","=""449584.03""","=""2s2.2p3.(4S*).3d""","=""3D*""","=""1""","=""2s2.2p3.(4S*).4f""","=""3F""","=""2""",3,5,,"=""T8046""","=""L10704""",
Ne,3,"=""194.546""","=""""","=""194.5498""","=""0.0005""","=""500bl""","=""1.0e+09""",D,"=""398182.766""","=""449583.48""","=""2s2.2p3.(4S*).3d""","=""3D*""","=""2""","=""2s2.2p3.(4S*).4f""","=""3F""","=""3""",5,7,,"=""T8046""","=""L10704""",
Ne,3,"=""194.60024""","=""""","=""194.60018""","=""0.00017""","=""600""","=""1.2e+09""",D,"=""398195.511""","=""449582.924""","=""2s2.2p3.(4S*).3d""","=""3D*""","=""3""","=""2s2.2p3.(4S*).4f""","=""3F""","=""4""",7,9,,"=""T8046""","=""L9091""",
Ne,3,"=""194.8481""","=""""","=""194.8485""","=""0.0006""","=""90""","=""4.4e+08""",D,"=""439573.05""","=""490894.98""","=""2s2.2p3.(2D*).3d""","=""3P*""","=""2""","=""2s2.2p3.(2D*).4f""","=""3P""","=""2""",5,5,,"=""T8046""","=""L10704""",
Ne,3,"=""195.0746""","=""""","=""195.0749""","=""0.0008""","=""120""","=""1.7e+08""",D,"=""439573.05""","=""490835.4""","=""2s2.2p3.(2D*).3d""","=""3P*""","=""2""","=""2s2.2p3.(2D*).4f""","=""3P""","=""1""",5,3,,"=""T8046""","=""L10704""",
Ne,3,"=""195.3115""","=""""","=""195.3117""","=""0.0006""","=""180""","=""8.3e+07""",D,"=""439694.78""","=""490894.98""","=""2s2.2p3.(2D*).3d""","=""3P*""","=""1""","=""2s2.2p3.(2D*).4f""","=""3P""","=""2""",3,5,,"=""T8046""","=""L10704""",
Ne,3,"=""195.5185""","=""""","=""195.5190""","=""0.0008""","=""180""","=""5.6e+08""",D,"=""439694.78""","=""490840.7""","=""2s2.2p3.(2D*).3d""","=""3P*""","=""1""","=""2s2.2p3.(2D*).4f""","=""3P""","=""0""",3,1,,"=""T8046""","=""L10704""",
Ne,3,"=""195.541""","=""""","=""195.5393""","=""0.0008""","=""240bl*""","=""6.3e+07""",D,"=""439694.78""","=""490835.4""","=""2s2.2p3.(2D*).3d""","=""3P*""","=""1""","=""2s2.2p3.(2D*).4f""","=""3P""","=""1""",3,3,,"=""T8046""","=""L10704""",
Ne,3,"=""195.541""","=""""","=""195.541""","=""0.005""","=""240bl*""","=""2.5e+08""",D,"=""439747.80""","=""490888.1""","=""2s2.2p3.(2D*).3d""","=""3P*""","=""0""","=""2s2.2p3.(2D*).4f""","=""3D""","=""1""",1,3,,"=""T8046""","=""L10704""",
Ne,3,"=""195.6748""","=""""","=""195.6749""","=""0.0004""","=""300""","=""6.8e+08""",D,"=""439748.13""","=""490853.30""","=""2s2.2p3.(2D*).3d""","=""1D*""","=""2""","=""2s2.2p3.(2D*).4f""","=""1F""","=""3""",5,7,,"=""T8046""","=""L10704""",
Ne,3,"=""195.7634""","=""""","=""195.7634""","=""0.0003""","=""400""","=""5.5e+08""",C,"=""387962.12""","=""439044.19""","=""2s2.2p3.(2D*).3p""","=""1P""","=""1""","=""2s2.2p3.(2D*).3d""","=""1P*""","=""1""",3,3,,"=""c52""","=""L10704""",
Ne,3,"=""196.6822""","=""""","=""196.6824""","=""0.0006""","=""200""","=""5.3e+08""",D,"=""440051.58""","=""490894.98""","=""2s2.2p3.(2D*).3d""","=""3S*""","=""1""","=""2s2.2p3.(2D*).4f""","=""3P""","=""2""",3,5,,"=""T8046""","=""L10704""",
Ne,3,"=""196.8931""","=""""","=""196.8926""","=""0.0008""","=""90""","=""5.1e+08""",D,"=""440051.58""","=""490840.7""","=""2s2.2p3.(2D*).3d""","=""3S*""","=""1""","=""2s2.2p3.(2D*).4f""","=""3P""","=""0""",3,1,,"=""T8046""","=""L10704""",
Ne,3,"=""196.9123""","=""""","=""196.9131""","=""0.0008""","=""140""","=""4.5e+08""",D,"=""440051.58""","=""490835.4""","=""2s2.2p3.(2D*).3d""","=""3S*""","=""1""","=""2s2.2p3.(2D*).4f""","=""3P""","=""1""",3,3,,"=""T8046""","=""L10704""",
Ne,3,"=""197.2263""","=""""","=""197.2260""","=""0.0004""","=""160""","=""1.9e+08""",C,"=""389044.544""","=""439747.80""","=""2s2.2p3.(2D*).3p""","=""3D""","=""1""","=""2s2.2p3.(2D*).3d""","=""3P*""","=""0""",3,1,,"=""c52""","=""L10704""",
Ne,3,"=""197.4327""","=""""","=""197.4324""","=""0.0003""","=""90""","=""5.2e+07""",C,"=""389044.544""","=""439694.78""","=""2s2.2p3.(2D*).3p""","=""3D""","=""1""","=""2s2.2p3.(2D*).3d""","=""3P*""","=""1""",3,3,,"=""c52""","=""L10704""",
Ne,3,"=""197.4757""","=""""","=""197.4753""","=""0.0003""","=""180""","=""1.4e+08""",C,"=""389055.543""","=""439694.78""","=""2s2.2p3.(2D*).3p""","=""3D""","=""2""","=""2s2.2p3.(2D*).3d""","=""3P*""","=""1""",5,3,,"=""c52""","=""L10704""",
Ne,3,"=""198.2237""","=""""","=""198.2234""","=""0.0003""","=""240""","=""1.6e+08""",C,"=""389124.913""","=""439573.05""","=""2s2.2p3.(2D*).3p""","=""3D""","=""3""","=""2s2.2p3.(2D*).3d""","=""3P*""","=""2""",7,5,,"=""c52""","=""L10704""",
element,sp_num,obs_wl_air(nm),unc_obs_wl,ritz_wl_air(nm),unc_ritz_wl,intens,Aki(s^-1),Acc,Ei(cm-1),Ek(cm-1),conf_i,term_i,J_i,conf_k,term_k,J_k,g_i,g_k,Type,tp_ref,line_ref,
Ne,3,"=""200.0714""","=""""","=""200.0712""","=""0.0005""","=""240""","=""3.0e+08""",D,"=""440887.276""","=""490853.30""","=""2s2.2p3.(2D*).3d""","=""1F*""","=""3""","=""2s2.2p3.(2D*).4f""","=""1F""","=""3""",7,7,,"=""T8046""","=""L10704""",
Ne,3,"=""200.1491""","=""""","=""200.1488""","=""0.0005""","=""1000""","=""7.9e+08""",D,"=""440887.276""","=""490833.93""","=""2s2.2p3.(2D*).3d""","=""1F*""","=""3""","=""2s2.2p3.(2D*).4f""","=""1G""","=""4""",7,9,,"=""T8046""","=""L10704""",
Ne,3,"=""201.2042""","=""""","=""201.2034""","=""0.0020""","=""50*""","=""5.9e+07""",D,"=""446375.1+x""","=""496060.0+x""","=""2s2.2p3.(4S*).4d""","=""5D*""","=""4""","=""2s2.2p3.(4S*).8f""","=""5F""","=""5""",9,11,,"=""T8046""","=""L10704""",
Ne,3,"=""201.2042""","=""""","=""201.2037""","=""0.0018""","=""50*""","=""4.1e+07""",D,"=""446375.17+x""","=""496060.0+x""","=""2s2.2p3.(4S*).4d""","=""5D*""","=""2""","=""2s2.2p3.(4S*).8f""","=""5F""","=""3""",5,7,,"=""T8046""","=""L10704""",
Ne,3,"=""201.2042""","=""""","=""201.2059""","=""0.0018""","=""50*""","=""4.9e+07""",D,"=""446375.73+x""","=""496060.0+x""","=""2s2.2p3.(4S*).4d""","=""5D*""","=""3""","=""2s2.2p3.(4S*).8f""","=""5F""","=""4""",7,9,,"=""T8046""","=""L10704""",
Ne,3,"=""205.2586""","=""""","=""205.2586""","=""0.0006""","=""200""","=""3.3e+08""",D,"=""414229.20""","=""462932.64""","=""2s2.2p3.(2P*).3p""","=""1P""","=""1""","=""2s2.2p3.(2P*).3d""","=""1P*""","=""1""",3,3,,"=""T8046""","=""L10704""",
Ne,3,"=""205.8267""","=""""","=""205.8267""","=""0.0005""","=""300""","=""4.0e+08""",C,"=""409873.45""","=""458442.48""","=""2s2.2p3.(2P*).3p""","=""3S""","=""1""","=""2s2.2p3.(2P*).3d""","=""3P*""","=""2""",3,5,,"=""c52""","=""L10704""",
Ne,3,"=""206.2813""","=""""","=""206.2811""","=""0.0005""","=""240""","=""4.1e+08""",C,"=""409873.45""","=""458335.50""","=""2s2.2p3.(2P*).3p""","=""3S""","=""1""","=""2s2.2p3.(2P*).3d""","=""3P*""","=""1""",3,3,,"=""c52""","=""L10704""",
Ne,3,"=""206.4939""","=""""","=""206.4929""","=""0.0006""","=""180""","=""4.1e+08""",C,"=""409873.45""","=""458285.80""","=""2s2.2p3.(2P*).3p""","=""3S""","=""1""","=""2s2.2p3.(2P*).3d""","=""3P*""","=""0""",3,1,,"=""c52""","=""L10704""",
Ne,3,"=""206.53091""","=""""","=""206.5309""","=""0.0003""","=""1000""","=""4.7e+08""",C,"=""357928.972""","=""406332.411""","=""2s2.2p3.(2D*).3s""","=""1D*""","=""2""","=""2s2.2p3.(2D*).3p""","=""1D""","=""2""",5,5,,"=""c52""","=""L9091""",
Ne,3,"=""207.0754""","=""""","=""207.0758""","=""0.0009""","=""90""","=""1.1e+08""",D,"=""433011.918""","=""481288.0""","=""2s2.2p3.(2P*).3p""","=""1S""","=""0""","=""2s2.2p3.(2P*).4s""","=""1P*""","=""1""",1,3,,"=""T8046""","=""L10704""",
Ne,3,"=""207.8969""","=""""","=""207.8968""","=""0.0004""","=""500""","=""2.5e+08""",C,"=""392801.818""","=""440887.276""","=""2s2.2p3.(2D*).3p""","=""1F""","=""3""","=""2s2.2p3.(2D*).3d""","=""1F*""","=""3""",7,7,,"=""c52""","=""L10704""",
Ne,3,"=""208.6904""","=""""","=""208.6909""","=""0.0003""","=""260""","=""2.9e+08""",C,"=""389044.544""","=""436947.05""","=""2s2.2p3.(2D*).3p""","=""3D""","=""1""","=""2s2.2p3.(2D*).3d""","=""3D*""","=""1""",3,3,,"=""c52""","=""L10704""",
Ne,3,"=""208.7389""","=""""","=""208.7389""","=""0.0003""","=""200""","=""1.1e+08""",C,"=""389055.543""","=""436947.05""","=""2s2.2p3.(2D*).3p""","=""3D""","=""2""","=""2s2.2p3.(2D*).3d""","=""3D*""","=""1""",5,3,,"=""c52""","=""L10704""",
Ne,3,"=""208.8889""","=""""","=""208.8890""","=""0.0003""","=""200""","=""5.1e+07""",C,"=""389044.544""","=""436901.63""","=""2s2.2p3.(2D*).3p""","=""3D""","=""1""","=""2s2.2p3.(2D*).3d""","=""3D*""","=""2""",3,5,,"=""c52""","=""L10704""",
Ne,3,"=""208.9361""","=""""","=""208.9371""","=""0.0003""","=""300""","=""2.8e+08""",C,"=""389055.543""","=""436901.63""","=""2s2.2p3.(2D*).3p""","=""3D""","=""2""","=""2s2.2p3.(2D*).3d""","=""3D*""","=""2""",5,5,,"=""c52""","=""L10704""",
Ne,3,"=""209.1797""","=""""","=""209.1792""","=""0.0004""","=""200""","=""1.4e+08""",C,"=""412348.045""","=""460138.75""","=""2s2.2p3.(2P*).3p""","=""3D""","=""3""","=""2s2.2p3.(2P*).3d""","=""3D*""","=""3""",7,7,,"=""c52""","=""L10704""",
Ne,3,"=""209.240""","=""""","=""209.2405""","=""0.0003""","=""240bl*""","=""6.8e+07""",C,"=""389124.913""","=""436901.63""","=""2s2.2p3.(2D*).3p""","=""3D""","=""3""","=""2s2.2p3.(2D*).3d""","=""3D*""","=""2""",7,5,,"=""c52""","=""L10704""",
Ne,3,"=""209.240""","=""""","=""209.2413""","=""0.0003""","=""240bl*""","=""3.8e+07""",C,"=""389055.543""","=""436832.07""","=""2s2.2p3.(2D*).3p""","=""3D""","=""2""","=""2s2.2p3.(2D*).3d""","=""3D*""","=""3""",5,7,,"=""c52""","=""L10704""",
Ne,3,"=""209.3522""","=""""","=""209.3523""","=""0.0004""","=""180""","=""1.1e+08""",C,"=""412375.508""","=""460126.70""","=""2s2.2p3.(2P*).3p""","=""3D""","=""2""","=""2s2.2p3.(2P*).3d""","=""3D*""","=""2""",5,5,,"=""c52""","=""L10704""",
Ne,3,"=""209.4076""","=""""","=""209.4083""","=""0.0005""","=""140""","=""1.1e+08""",C,"=""412376.48""","=""460114.91""","=""2s2.2p3.(2P*).3p""","=""3D""","=""1""","=""2s2.2p3.(2P*).3d""","=""3D*""","=""1""",3,3,,"=""c52""","=""L10704""",
Ne,3,"=""209.5460""","=""""","=""209.5456""","=""0.0003""","=""600""","=""3.5e+08""",C,"=""389124.913""","=""436832.07""","=""2s2.2p3.(2D*).3p""","=""3D""","=""3""","=""2s2.2p3.(2D*).3d""","=""3D*""","=""3""",7,7,,"=""c52""","=""L10704""",
Ne,3,"=""209.9251""","=""""","=""209.9249""","=""0.0005""","=""300""","=""6.2e+08""",C,"=""387962.12""","=""435583.09""","=""2s2.2p3.(2D*).3p""","=""1P""","=""1""","=""2s2.2p3.(2D*).3d""","=""1S*""","=""0""",3,1,,"=""c52""","=""L10704""",
Ne,3,"=""210.2239""","=""""","=""210.2229""","=""0.0003""","=""140""","=""1.4e+07""",C,"=""387962.12""","=""435515.599""","=""2s2.2p3.(2D*).3p""","=""1P""","=""1""","=""2s2.2p3.(2D*).3d""","=""3F*""","=""2""",3,5,,"=""c52""","=""L10704""",
Ne,3,"=""212.9425""","=""""","=""212.9420""","=""0.0004""","=""180""","=""4.2e+07""",C,"=""392801.818""","=""439748.13""","=""2s2.2p3.(2D*).3p""","=""1F""","=""3""","=""2s2.2p3.(2D*).3d""","=""1D*""","=""2""",7,5,,"=""c52""","=""L10704""",
Ne,3,"=""214.8078""","=""""","=""214.8080""","=""0.0005""","=""70""","=""2.0e+07""",C,"=""389044.544""","=""435583.09""","=""2s2.2p3.(2D*).3p""","=""3D""","=""1""","=""2s2.2p3.(2D*).3d""","=""1S*""","=""0""",3,1,,"=""c52""","=""L10704""",
Ne,3,"=""214.98698""","=""""","=""214.9870""","=""0.0003""","=""400""","=""3.8e+08""",C,"=""389055.543""","=""435555.356""","=""2s2.2p3.(2D*).3p""","=""3D""","=""2""","=""2s2.2p3.(2D*).3d""","=""3F*""","=""3""",5,7,,"=""c52""","=""L9091""",
Ne,3,"=""215.0627""","=""""","=""215.0622""","=""0.0004""","=""600""","=""4.3e+08""",C,"=""389124.913""","=""435608.467""","=""2s2.2p3.(2D*).3p""","=""3D""","=""3""","=""2s2.2p3.(2D*).3d""","=""3F*""","=""4""",7,9,,"=""c52""","=""L11529""",
Ne,3,"=""215.11999""","=""""","=""215.1200""","=""0.0003""","=""300""","=""3.6e+08""",C,"=""389044.544""","=""435515.599""","=""2s2.2p3.(2D*).3p""","=""3D""","=""1""","=""2s2.2p3.(2D*).3d""","=""3F*""","=""2""",3,5,,"=""c52""","=""L9091""",
Ne,3,"=""215.1712""","=""""","=""215.1710""","=""0.0003""","=""240""","=""7.4e+07""",C,"=""389055.543""","=""435515.599""","=""2s2.2p3.(2D*).3p""","=""3D""","=""2""","=""2s2.2p3.(2D*).3d""","=""3F*""","=""2""",5,5,,"=""c52""","=""L10704""",
Ne,3,"=""215.3085""","=""""","=""215.3082""","=""0.0003""","=""240""","=""5.4e+07""",C,"=""389124.913""","=""435555.356""","=""2s2.2p3.(2D*).3p""","=""3D""","=""3""","=""2s2.2p3.(2D*).3d""","=""3F*""","=""3""",7,7,,"=""c52""","=""L10704""",
Ne,3,"=""215.9295""","=""""","=""215.9295""","=""0.0004""","=""400""","=""6.4e+08""",C,"=""348395.524+x""","=""394692.40+x""","=""2s2.2p3.(4S*).3p""","=""5P""","=""1""","=""2s2.2p3.(4S*).3d""","=""5D*""","=""0""",3,1,,"=""c52""","=""L10704""",
Ne,3,"=""215.9372""","=""""","=""215.93729""","=""0.00019""","=""600""","=""4.8e+08""",C,"=""348395.524+x""","=""394690.72+x""","=""2s2.2p3.(4S*).3p""","=""5P""","=""1""","=""2s2.2p3.(4S*).3d""","=""5D*""","=""1""",3,3,,"=""c52""","=""L11529""",
Ne,3,"=""215.9515""","=""""","=""215.95152""","=""0.00014""","=""500""","=""2.2e+08""",C,"=""348395.524+x""","=""394687.67+x""","=""2s2.2p3.(4S*).3p""","=""5P""","=""1""","=""2s2.2p3.(4S*).3d""","=""5D*""","=""2""",3,5,,"=""c52""","=""L11529""",
Ne,3,"=""216.0828""","=""""","=""216.08248""","=""0.00019""","=""360""","=""1.6e+08""",C,"=""348426.628+x""","=""394690.72+x""","=""2s2.2p3.(4S*).3p""","=""5P""","=""2""","=""2s2.2p3.(4S*).3d""","=""5D*""","=""1""",5,3,,"=""c52""","=""L10704""",
Ne,3,"=""216.0968""","=""""","=""216.09673""","=""0.00014""","=""600""","=""3.7e+08""",C,"=""348426.628+x""","=""394687.67+x""","=""2s2.2p3.(4S*).3p""","=""5P""","=""2""","=""2s2.2p3.(4S*).3d""","=""5D*""","=""2""",5,5,,"=""c52""","=""L11529""",
Ne,3,"=""216.1134""","=""""","=""216.11350""","=""0.00010""","=""800""","=""4.3e+08""",C,"=""348426.628+x""","=""394684.08+x""","=""2s2.2p3.(4S*).3p""","=""5P""","=""2""","=""2s2.2p3.(4S*).3d""","=""5D*""","=""3""",5,7,,"=""c52""","=""L11529""",
Ne,3,"=""216.3450""","=""""","=""216.34438""","=""0.00014""","=""240""","=""4.3e+07""",C,"=""348479.578+x""","=""394687.67+x""","=""2s2.2p3.(4S*).3p""","=""5P""","=""3""","=""2s2.2p3.(4S*).3d""","=""5D*""","=""2""",7,5,,"=""c52""","=""L10704""",
Ne,3,"=""216.36115""","=""""","=""216.36119""","=""0.00010""","=""600""","=""2.1e+08""",C,"=""348479.578+x""","=""394684.08+x""","=""2s2.2p3.(4S*).3p""","=""5P""","=""3""","=""2s2.2p3.(4S*).3d""","=""5D*""","=""3""",7,7,,"=""c52""","=""L9091""",
Ne,3,"=""216.37337""","=""""","=""216.37337""","=""0.00005""","=""1000""","=""6.4e+08""",C,"=""348479.578+x""","=""394681.481+x""","=""2s2.2p3.(4S*).3p""","=""5P""","=""3""","=""2s2.2p3.(4S*).3d""","=""5D*""","=""4""",7,9,,"=""c52""","=""L9091""",
Ne,3,"=""216.8792""","=""""","=""216.8779""","=""0.0005""","=""20""","=""1.2e+07""",C,"=""412348.045""","=""458442.48""","=""2s2.2p3.(2P*).3p""","=""3D""","=""3""","=""2s2.2p3.(2P*).3d""","=""3P*""","=""2""",7,5,,"=""c52""","=""L10704""",
Ne,3,"=""217.66293""","=""""","=""217.6629""","=""0.0003""","=""360""","=""4.1e+08""",C,"=""353183.152""","=""399111.356""","=""2s2.2p3.(2D*).3s""","=""3D*""","=""1""","=""2s2.2p3.(2D*).3p""","=""3P""","=""0""",3,1,,"=""c52""","=""L9091""",
Ne,3,"=""217.76980""","=""""","=""217.7698""","=""0.0003""","=""400""","=""3.0e+08""",C,"=""353163.013""","=""399068.682""","=""2s2.2p3.(2D*).3s""","=""3D*""","=""2""","=""2s2.2p3.(2D*).3p""","=""3P""","=""1""",5,3,,"=""c52""","=""L9091""",
Ne,3,"=""217.86538""","=""""","=""217.8654""","=""0.0003""","=""300""","=""1.0e+08""",C,"=""353183.152""","=""399068.682""","=""2s2.2p3.(2D*).3s""","=""3D*""","=""1""","=""2s2.2p3.(2D*).3p""","=""3P""","=""1""",3,3,,"=""c52""","=""L9091""",
Ne,3,"=""218.08631""","=""""","=""218.0863""","=""0.0003""","=""600""","=""3.4e+08""",C,"=""353133.605""","=""398972.658""","=""2s2.2p3.(2D*).3s""","=""3D*""","=""3""","=""2s2.2p3.(2D*).3p""","=""3P""","=""2""",7,5,,"=""c52""","=""L9091""",
Ne,3,"=""218.22632""","=""""","=""218.2263""","=""0.0003""","=""300""","=""6.2e+07""",C,"=""353163.013""","=""398972.658""","=""2s2.2p3.(2D*).3s""","=""3D*""","=""2""","=""2s2.2p3.(2D*).3p""","=""3P""","=""2""",5,5,,"=""c52""","=""L9091""",
Ne,3,"=""218.3222""","=""""","=""218.3223""","=""0.0003""","=""120""","=""4.1e+06""",C,"=""353183.152""","=""398972.658""","=""2s2.2p3.(2D*).3s""","=""3D*""","=""1""","=""2s2.2p3.(2D*).3p""","=""3P""","=""2""",3,5,,"=""c52""","=""L10704""",
Ne,3,"=""218.65431""","=""""","=""218.6543""","=""0.0004""","=""100""","=""2.2e+06""",C,"=""412375.508""","=""458095.49""","=""2s2.2p3.(2P*).3p""","=""3D""","=""2""","=""2s2.2p3.(2P*).3d""","=""1D*""","=""2""",5,5,,"=""c52""","=""L9091""",
Ne,3,"=""219.3825""","=""""","=""219.3834""","=""0.0010""","=""50""","=""1.1e+07""",D,"=""416914.74+x""","=""462482.8+x""","=""2s2.2p3.(4S*).4s""","=""5S*""","=""2""","=""2s2.2p3.(4S*).5p""","=""5P""","=""3""",5,7,,"=""T8046""","=""L10704""",
Ne,3,"=""219.4118""","=""""","=""219.4126""","=""0.0008""","=""30""","=""1.1e+07""",D,"=""416914.74+x""","=""462476.73+x""","=""2s2.2p3.(4S*).4s""","=""5S*""","=""2""","=""2s2.2p3.(4S*).5p""","=""5P""","=""2""",5,5,,"=""T8046""","=""L10704""",
Ne,3,"=""219.4281""","=""""","=""219.4292""","=""0.0008""","=""10""","=""1.1e+07""",D,"=""416914.74+x""","=""462473.29+x""","=""2s2.2p3.(4S*).4s""","=""5S*""","=""2""","=""2s2.2p3.(4S*).5p""","=""5P""","=""1""",5,3,,"=""T8046""","=""L10704""",
Ne,3,"=""219.4862""","=""""","=""219.4858""","=""0.0004""","=""90""","=""3.6e+07""",C,"=""391400.239""","=""436947.05""","=""2s2.2p3.(2D*).3p""","=""3F""","=""2""","=""2s2.2p3.(2D*).3d""","=""3D*""","=""1""",5,3,,"=""c52""","=""L10704""",
Ne,3,"=""219.7052""","=""""","=""219.7049""","=""0.0003""","=""30""","=""7.0e+06""",C,"=""391400.239""","=""436901.63""","=""2s2.2p3.(2D*).3p""","=""3F""","=""2""","=""2s2.2p3.(2D*).3d""","=""3D*""","=""2""",5,5,,"=""c52""","=""L10704""",
Ne,3,"=""219.7789""","=""""","=""219.7795""","=""0.0003""","=""160""","=""3.3e+07""",C,"=""391415.686""","=""436901.63""","=""2s2.2p3.(2D*).3p""","=""3F""","=""3""","=""2s2.2p3.(2D*).3d""","=""3D*""","=""2""",7,5,,"=""c52""","=""L10704""",
Ne,3,"=""219.8334""","=""""","=""219.8324""","=""0.0007""","=""30""","=""3.5e+07""",D,"=""430067.99+x""","=""475542.98+x""","=""2s2.2p3.(4S*).4p""","=""5P""","=""1""","=""2s2.2p3.(4S*).6s""","=""5S*""","=""2""",3,5,,"=""T8046""","=""L10704""",
Ne,3,"=""219.8831""","=""""","=""219.8838""","=""0.0007""","=""70""","=""5.9e+07""",D,"=""430078.62+x""","=""475542.98+x""","=""2s2.2p3.(4S*).4p""","=""5P""","=""2""","=""2s2.2p3.(4S*).6s""","=""5S*""","=""2""",5,5,,"=""T8046""","=""L10704""",
Ne,3,"=""219.9663""","=""""","=""219.9665""","=""0.0007""","=""100""","=""8.2e+07""",D,"=""430095.71+x""","=""475542.98+x""","=""2s2.2p3.(4S*).4p""","=""5P""","=""3""","=""2s2.2p3.(4S*).6s""","=""5S*""","=""2""",7,5,,"=""T8046""","=""L10704""",
Ne,3,"=""220.1167""","=""""","=""220.1161""","=""0.0004""","=""70""","=""6.6e+06""",C,"=""391415.686""","=""436832.07""","=""2s2.2p3.(2D*).3p""","=""3F""","=""3""","=""2s2.2p3.(2D*).3d""","=""3D*""","=""3""",7,7,,"=""c52""","=""L10704""",
Ne,3,"=""220.2161""","=""""","=""220.2159""","=""0.0004""","=""200""","=""3.8e+07""",C,"=""391436.251""","=""436832.07""","=""2s2.2p3.(2D*).3p""","=""3F""","=""4""","=""2s2.2p3.(2D*).3d""","=""3D*""","=""3""",9,7,,"=""c52""","=""L10704""",
Ne,3,"=""220.410""","=""""","=""220.4093""","=""0.0004""","=""50bl""","=""4.3e+06""",C,"=""391415.686""","=""436771.674""","=""2s2.2p3.(2D*).3p""","=""3F""","=""3""","=""2s2.2p3.(2D*).3d""","=""1G*""","=""4""",7,9,,"=""c52""","=""L10704""",
Ne,3,"=""""","=""""","=""220.4953""","=""0.0004""","=""0m""","=""9.0e+07""",C,"=""412375.508""","=""457713.80""","=""2s2.2p3.(2P*).3p""","=""3D""","=""2""","=""2s2.2p3.(2P*).3d""","=""3F*""","=""2""",5,5,,"=""c52""","=""L10704""",
Ne,3,"=""220.50006""","=""""","=""220.5000""","=""0.0004""","=""300""","=""5.1e+08""",C,"=""412376.48""","=""457713.80""","=""2s2.2p3.(2P*).3p""","=""3D""","=""1""","=""2s2.2p3.(2P*).3d""","=""3F*""","=""2""",3,5,,"=""c52""","=""L9091""",
Ne,3,"=""220.5901""","=""""","=""220.5895""","=""0.0004""","=""180""","=""6.4e+07""",C,"=""412348.045""","=""457666.99""","=""2s2.2p3.(2P*).3p""","=""3D""","=""3""","=""2s2.2p3.(2P*).3d""","=""3F*""","=""3""",7,7,,"=""c52""","=""L10704""",
Ne,3,"=""220.7232""","=""""","=""220.7232""","=""0.0004""","=""360""","=""5.5e+08""",C,"=""412375.508""","=""457666.99""","=""2s2.2p3.(2P*).3p""","=""3D""","=""2""","=""2s2.2p3.(2P*).3d""","=""3F*""","=""3""",5,7,,"=""c52""","=""L11529""",
Ne,3,"=""220.93151""","=""""","=""220.9315""","=""0.0004""","=""400""","=""6.1e+08""",C,"=""412348.045""","=""457596.833""","=""2s2.2p3.(2P*).3p""","=""3D""","=""3""","=""2s2.2p3.(2P*).3d""","=""3F*""","=""4""",7,9,,"=""c52""","=""L9091""",
Ne,3,"=""221.18239""","=""""","=""221.1824""","=""0.0003""","=""600""","=""5.8e+08""",C,"=""391400.239""","=""436597.709""","=""2s2.2p3.(2D*).3p""","=""3F""","=""2""","=""2s2.2p3.(2D*).3d""","=""3G*""","=""3""",5,7,,"=""c52""","=""L9091""",
Ne,3,"=""221.2577""","=""""","=""221.2580""","=""0.0003""","=""200""","=""3.8e+07""",C,"=""391415.686""","=""436597.709""","=""2s2.2p3.(2D*).3p""","=""3F""","=""3""","=""2s2.2p3.(2D*).3d""","=""3G*""","=""3""",7,7,,"=""c52""","=""L10704""",
Ne,3,"=""221.37211""","=""""","=""221.3721""","=""0.0003""","=""800""","=""5.8e+08""",C,"=""391415.686""","=""436574.426""","=""2s2.2p3.(2D*).3p""","=""3F""","=""3""","=""2s2.2p3.(2D*).3d""","=""3G*""","=""4""",7,9,,"=""c52""","=""L9091""",
Ne,3,"=""221.4728""","=""""","=""221.4730""","=""0.0003""","=""200""","=""2.7e+07""",C,"=""391436.251""","=""436574.426""","=""2s2.2p3.(2D*).3p""","=""3F""","=""4""","=""2s2.2p3.(2D*).3d""","=""3G*""","=""4""",9,9,,"=""c52""","=""L10704""",
Ne,3,"=""221.60398""","=""""","=""221.6040""","=""0.0003""","=""1000""","=""6.1e+08""",C,"=""391436.251""","=""436547.744""","=""2s2.2p3.(2D*).3p""","=""3F""","=""4""","=""2s2.2p3.(2D*).3d""","=""3G*""","=""5""",9,11,,"=""c52""","=""L9091""",
Ne,3,"=""222.4598""","=""""","=""222.4586""","=""0.0021""","=""160wl*""","=""6.5e+07""",D,"=""446375.1+x""","=""491313.3+x""","=""2s2.2p3.(4S*).4d""","=""5D*""","=""4""","=""2s2.2p3.(4S*).7f""","=""5F""","=""5""",9,11,,"=""T8046""","=""L9091""",
Ne,3,"=""222.4598""","=""""","=""222.4590""","=""0.0018""","=""160wl*""","=""4.4e+07""",D,"=""446375.17+x""","=""491313.3+x""","=""2s2.2p3.(4S*).4d""","=""5D*""","=""2""","=""2s2.2p3.(4S*).7f""","=""5F""","=""3""",5,7,,"=""T8046""","=""L9091""",
Ne,3,"=""222.4598""","=""""","=""222.4617""","=""0.0018""","=""160wl*""","=""5.4e+07""",D,"=""446375.73+x""","=""491313.3+x""","=""2s2.2p3.(4S*).4d""","=""5D*""","=""3""","=""2s2.2p3.(4S*).7f""","=""5F""","=""4""",7,9,,"=""T8046""","=""L9091""",
Ne,3,"=""226.211""","=""""","=""226.2113""","=""0.0004""","=""140bl""","=""7.3e+06""",C,"=""391415.686""","=""435608.467""","=""2s2.2p3.(2D*).3p""","=""3F""","=""3""","=""2s2.2p3.(2D*).3d""","=""3F*""","=""4""",7,9,,"=""c52""","=""L10704""",
Ne,3,"=""226.31661""","=""""","=""226.3166""","=""0.0004""","=""360""","=""1.8e+08""",C,"=""391436.251""","=""435608.467""","=""2s2.2p3.(2D*).3p""","=""3F""","=""4""","=""2s2.2p3.(2D*).3d""","=""3F*""","=""4""",9,9,,"=""c52""","=""L9091""",
Ne,3,"=""226.4047""","=""""","=""226.4043""","=""0.0004""","=""120""","=""1.0e+07""",C,"=""391400.239""","=""435555.356""","=""2s2.2p3.(2D*).3p""","=""3F""","=""2""","=""2s2.2p3.(2D*).3d""","=""3F*""","=""3""",5,7,,"=""c52""","=""L10704""",
Ne,3,"=""226.4832""","=""""","=""226.4835""","=""0.0004""","=""320""","=""1.6e+08""",C,"=""391415.686""","=""435555.356""","=""2s2.2p3.(2D*).3p""","=""3F""","=""3""","=""2s2.2p3.(2D*).3d""","=""3F*""","=""3""",7,7,,"=""c52""","=""L11529""",
Ne,3,"=""226.5904""","=""""","=""226.5891""","=""0.0004""","=""140""","=""1.5e+07""",C,"=""391436.251""","=""435555.356""","=""2s2.2p3.(2D*).3p""","=""3F""","=""4""","=""2s2.2p3.(2D*).3d""","=""3F*""","=""3""",9,7,,"=""c52""","=""L10704""",
Ne,3,"=""226.60839""","=""""","=""226.6083""","=""0.0004""","=""300""","=""1.6e+08""",C,"=""391400.239""","=""435515.599""","=""2s2.2p3.(2D*).3p""","=""3F""","=""2""","=""2s2.2p3.(2D*).3d""","=""3F*""","=""2""",5,5,,"=""c52""","=""L9091""",
Ne,3,"=""226.688""","=""""","=""226.6877""","=""0.0004""","=""140bl""","=""1.9e+07""",C,"=""391415.686""","=""435515.599""","=""2s2.2p3.(2D*).3p""","=""3F""","=""3""","=""2s2.2p3.(2D*).3d""","=""3F*""","=""2""",7,5,,"=""c52""","=""L10704""",
Ne,3,"=""""","=""""","=""226.6882""","=""0.0004""","=""""","=""9.0e+00""",C,"=""392801.818""","=""436901.63""","=""2s2.2p3.(2D*).3p""","=""1F""","=""3""","=""2s2.2p3.(2D*).3d""","=""3D*""","=""2""",7,5,,"=""c52""","=""L10704""",
Ne,3,"=""227.0520""","=""""","=""227.0523""","=""0.0005""","=""20""","=""7.3e+06""",D,"=""419827.35""","=""463856.46""","=""2s2.2p3.(4S*).4s""","=""3S*""","=""1""","=""2s2.2p3.(4S*).5p""","=""3P""","=""2""",3,5,,"=""T8046""","=""L10704""",
Ne,3,"=""227.35826""","=""""","=""227.3583""","=""0.0004""","=""800""","=""5.7e+08""",C,"=""392801.818""","=""436771.674""","=""2s2.2p3.(2D*).3p""","=""1F""","=""3""","=""2s2.2p3.(2D*).3d""","=""1G*""","=""4""",7,9,,"=""c52""","=""L9091""",
Ne,3,"=""227.8951""","=""""","=""227.8951""","=""0.0004""","=""240""","=""4.1e+08""",C,"=""414229.20""","=""458095.49""","=""2s2.2p3.(2P*).3p""","=""1P""","=""1""","=""2s2.2p3.(2P*).3d""","=""1D*""","=""2""",3,5,,"=""c52""","=""L10704""",
Ne,3,"=""228.383""","=""""","=""228.3829""","=""0.0004""","=""70bl*""","=""3.7e+06""",C,"=""392801.818""","=""436574.426""","=""2s2.2p3.(2D*).3p""","=""1F""","=""3""","=""2s2.2p3.(2D*).3d""","=""3G*""","=""4""",7,9,,"=""c52""","=""L10704""",
Ne,3,"=""229.8957""","=""""","=""229.8957""","=""0.0004""","=""20""","=""7.1e+06""",C,"=""414229.20""","=""457713.80""","=""2s2.2p3.(2P*).3p""","=""1P""","=""1""","=""2s2.2p3.(2P*).3d""","=""3F*""","=""2""",3,5,,"=""c52""","=""L10704""",
Ne,3,"=""230.3891""","=""""","=""230.3891""","=""0.0005""","=""180""","=""2.1e+08""",C,"=""416723.444""","=""460114.91""","=""2s2.2p3.(2P*).3p""","=""3P""","=""0""","=""2s2.2p3.(2P*).3d""","=""3D*""","=""1""",1,3,,"=""c52""","=""L10704""",
Ne,3,"=""230.4834""","=""""","=""230.4838""","=""0.0005""","=""200""","=""2.9e+08""",C,"=""416753.058""","=""460126.70""","=""2s2.2p3.(2P*).3p""","=""3P""","=""1""","=""2s2.2p3.(2P*).3d""","=""3D*""","=""2""",3,5,,"=""c52""","=""L10704""",
Ne,3,"=""230.5459""","=""""","=""230.5465""","=""0.0005""","=""160""","=""1.6e+08""",C,"=""416753.058""","=""460114.91""","=""2s2.2p3.(2P*).3p""","=""3P""","=""1""","=""2s2.2p3.(2P*).3d""","=""3D*""","=""1""",3,3,,"=""c52""","=""L10704""",
Ne,3,"=""230.6589""","=""""","=""230.6592""","=""0.0005""","=""240""","=""3.9e+08""",C,"=""416798.087""","=""460138.75""","=""2s2.2p3.(2P*).3p""","=""3P""","=""2""","=""2s2.2p3.(2P*).3d""","=""3D*""","=""3""",5,7,,"=""c52""","=""L10704""",
Ne,3,"=""230.7233""","=""""","=""230.7234""","=""0.0005""","=""160""","=""9.7e+07""",C,"=""416798.087""","=""460126.70""","=""2s2.2p3.(2P*).3p""","=""3P""","=""2""","=""2s2.2p3.(2P*).3d""","=""3D*""","=""2""",5,5,,"=""c52""","=""L10704""",
Ne,3,"=""232.084""","=""""","=""232.082""","=""0.003""","=""30w""","=""7.3e+07""",D,"=""448251.88""","=""491326.9""","=""2s2.2p3.(4S*).4d""","=""3D*""","=""3""","=""2s2.2p3.(4S*).7f""","=""3F""","=""4""",7,9,,"=""T8046""","=""L10704""",
Ne,3,"=""234.186""","=""""","=""234.1856""","=""0.0007""","=""10w""","=""1.7e+07""",D,"=""420244.544""","=""462932.64""","=""2s2.2p3.(2P*).3p""","=""1D""","=""2""","=""2s2.2p3.(2P*).3d""","=""1P*""","=""1""",5,3,,"=""T8046""","=""L10704""",
Ne,3,"=""236.28647""","=""""","=""236.2865""","=""0.0004""","=""300""","=""7.9e+07""",C,"=""374489.507""","=""416798.087""","=""2s2.2p3.(2P*).3s""","=""3P*""","=""1""","=""2s2.2p3.(2P*).3p""","=""3P""","=""2""",3,5,,"=""c52""","=""L9091""",
Ne,3,"=""236.32310""","=""""","=""236.3231""","=""0.0004""","=""400""","=""2.5e+08""",C,"=""374496.068""","=""416798.087""","=""2s2.2p3.(2P*).3s""","=""3P*""","=""2""","=""2s2.2p3.(2P*).3p""","=""3P""","=""2""",5,5,,"=""c52""","=""L9091""",
Ne,3,"=""236.53821""","=""""","=""236.5382""","=""0.0004""","=""260""","=""8.7e+07""",C,"=""374489.507""","=""416753.058""","=""2s2.2p3.(2P*).3s""","=""3P*""","=""1""","=""2s2.2p3.(2P*).3p""","=""3P""","=""1""",3,3,,"=""c52""","=""L9091""",
Ne,3,"=""236.54188""","=""""","=""236.5419""","=""0.0004""","=""280""","=""1.1e+08""",C,"=""374490.160""","=""416753.058""","=""2s2.2p3.(2P*).3s""","=""3P*""","=""0""","=""2s2.2p3.(2P*).3p""","=""3P""","=""1""",1,3,,"=""c52""","=""L9091""",
Ne,3,"=""236.5749""","=""""","=""236.5749""","=""0.0004""","=""300""","=""1.4e+08""",C,"=""374496.068""","=""416753.058""","=""2s2.2p3.(2P*).3s""","=""3P*""","=""2""","=""2s2.2p3.(2P*).3p""","=""3P""","=""1""",5,3,,"=""c52""","=""L11529""",
Ne,3,"=""236.70409""","=""""","=""236.7041""","=""0.0004""","=""300""","=""3.3e+08""",C,"=""374489.507""","=""416723.444""","=""2s2.2p3.(2P*).3s""","=""3P*""","=""1""","=""2s2.2p3.(2P*).3p""","=""3P""","=""0""",3,1,,"=""c52""","=""L9091""",
Ne,3,"=""239.066""","=""""","=""239.063""","=""0.003""","=""160w*""","=""2.6e+05""",D,"=""449552.15+x""","=""491369.4+x""","=""2s2.2p3.(4S*).4f""","=""5F""","=""5""","=""2s2.2p3.(4S*).7g""","=""5G*""","=""6""",11,13,,"=""T8046""","=""L10704""",
Ne,3,"=""239.066""","=""""","=""239.064""","=""0.003""","=""160w*""","=""9.8e+06""",D,"=""449552.39+x""","=""491369.4+x""","=""2s2.2p3.(4S*).4f""","=""5F""","=""4""","=""2s2.2p3.(4S*).7g""","=""5G*""","=""5""",9,11,,"=""T8046""","=""L10704""",
Ne,3,"=""239.066""","=""""","=""239.066""","=""0.003""","=""160w*""","=""1.2e+07""",D,"=""449552.77+x""","=""491369.4+x""","=""2s2.2p3.(4S*).4f""","=""5F""","=""3""","=""2s2.2p3.(4S*).7g""","=""5G*""","=""4""",7,9,,"=""T8046""","=""L10704""",
Ne,3,"=""239.066""","=""""","=""239.068""","=""0.004""","=""160w*""","=""4.2e+07""",D,"=""449553.0+x""","=""491369.4+x""","=""2s2.2p3.(4S*).4f""","=""5F""","=""2""","=""2s2.2p3.(4S*).7g""","=""5G*""","=""3""",5,7,,"=""T8046""","=""L10704""",
Ne,3,"=""239.240""","=""""","=""239.238""","=""0.003""","=""100w*""","=""5.5e+07""",D,"=""449582.924""","=""491369.6""","=""2s2.2p3.(4S*).4f""","=""3F""","=""4""","=""2s2.2p3.(4S*).7g""","=""3G*""","=""5""",9,11,,"=""T8046""","=""L9091""",
Ne,3,"=""239.240""","=""""","=""239.241""","=""0.003""","=""100w*""","=""5.2e+07""",D,"=""449583.48""","=""491369.6""","=""2s2.2p3.(4S*).4f""","=""3F""","=""3""","=""2s2.2p3.(4S*).7g""","=""3G*""","=""4""",7,9,,"=""T8046""","=""L9091""",
Ne,3,"=""239.240""","=""""","=""239.244""","=""0.003""","=""100w*""","=""5.1e+07""",D,"=""449584.03""","=""491369.6""","=""2s2.2p3.(4S*).4f""","=""3F""","=""2""","=""2s2.2p3.(4S*).7g""","=""3G*""","=""3""",5,7,,"=""T8046""","=""L9091""",
Ne,3,"=""239.7955""","=""""","=""239.7960""","=""0.0006""","=""180""","=""5.2e+07""",C,"=""416753.058""","=""458442.48""","=""2s2.2p3.(2P*).3p""","=""3P""","=""1""","=""2s2.2p3.(2P*).3d""","=""3P*""","=""2""",3,5,,"=""c52""","=""L10704""",
Ne,3,"=""240.0553""","=""""","=""240.0553""","=""0.0006""","=""240""","=""1.5e+08""",C,"=""416798.087""","=""458442.48""","=""2s2.2p3.(2P*).3p""","=""3P""","=""2""","=""2s2.2p3.(2P*).3d""","=""3P*""","=""2""",5,5,,"=""c52""","=""L10704""",
Ne,3,"=""240.2421""","=""""","=""240.2419""","=""0.0007""","=""140""","=""6.6e+07""",C,"=""416723.444""","=""458335.50""","=""2s2.2p3.(2P*).3p""","=""3P""","=""0""","=""2s2.2p3.(2P*).3d""","=""3P*""","=""1""",1,3,,"=""c52""","=""L10704""",
Ne,3,"=""240.4129""","=""""","=""240.4130""","=""0.0007""","=""100""","=""4.8e+07""",C,"=""416753.058""","=""458335.50""","=""2s2.2p3.(2P*).3p""","=""3P""","=""1""","=""2s2.2p3.(2P*).3d""","=""3P*""","=""1""",3,3,,"=""c52""","=""L10704""",
Ne,3,"=""240.6738""","=""""","=""240.6736""","=""0.0007""","=""160""","=""8.5e+07""",C,"=""416798.087""","=""458335.50""","=""2s2.2p3.(2P*).3p""","=""3P""","=""2""","=""2s2.2p3.(2P*).3d""","=""3P*""","=""1""",5,3,,"=""c52""","=""L10704""",
Ne,3,"=""240.7000""","=""""","=""240.7007""","=""0.0008""","=""140""","=""2.0e+08""",C,"=""416753.058""","=""458285.80""","=""2s2.2p3.(2P*).3p""","=""3P""","=""1""","=""2s2.2p3.(2P*).3d""","=""3P*""","=""0""",3,1,,"=""c52""","=""L10704""",
Ne,3,"=""241.28177""","=""""","=""241.28182""","=""0.00012""","=""1000""","=""4.8e+08""",C,"=""356762.797""","=""398195.511""","=""2s2.2p3.(4S*).3p""","=""3P""","=""2""","=""2s2.2p3.(4S*).3d""","=""3D*""","=""3""",5,7,,"=""c52""","=""L9091""",
Ne,3,"=""241.2923""","=""""","=""241.29222""","=""0.00018""","=""800""","=""3.6e+08""",C,"=""356751.837""","=""398182.766""","=""2s2.2p3.(4S*).3p""","=""3P""","=""1""","=""2s2.2p3.(4S*).3d""","=""3D*""","=""2""",3,5,,"=""c52""","=""L9091""",
Ne,3,"=""241.3193""","=""""","=""241.31917""","=""0.00023""","=""300""","=""2.0e+08""",C,"=""356751.837""","=""398178.14""","=""2s2.2p3.(4S*).3p""","=""3P""","=""1""","=""2s2.2p3.(4S*).3d""","=""3D*""","=""1""",3,3,,"=""c52""","=""L10704""",
Ne,3,"=""241.3558""","=""""","=""241.35607""","=""0.00018""","=""400""","=""1.2e+08""",C,"=""356762.797""","=""398182.766""","=""2s2.2p3.(4S*).3p""","=""3P""","=""2""","=""2s2.2p3.(4S*).3d""","=""3D*""","=""2""",5,5,,"=""c52""","=""L10704""",
Ne,3,"=""241.3781""","=""""","=""241.37759""","=""0.00023""","=""600""","=""2.6e+08""",C,"=""356761.864""","=""398178.14""","=""2s2.2p3.(4S*).3p""","=""3P""","=""0""","=""2s2.2p3.(4S*).3d""","=""3D*""","=""1""",1,3,,"=""c52""","=""L10704""",
Ne,3,"=""""","=""""","=""241.38303""","=""0.00023""","=""0m""","=""1.3e+07""",C,"=""356762.797""","=""398178.14""","=""2s2.2p3.(4S*).3p""","=""3P""","=""2""","=""2s2.2p3.(4S*).3d""","=""3D*""","=""1""",5,3,,"=""c52""","=""L10704""",
Ne,3,"=""241.8078""","=""""","=""241.8088""","=""0.0005""","=""160""","=""4.1e+05""",C,"=""416753.058""","=""458095.49""","=""2s2.2p3.(2P*).3p""","=""3P""","=""1""","=""2s2.2p3.(2P*).3d""","=""1D*""","=""2""",3,5,,"=""c52""","=""L10704""",
Ne,3,"=""243.3601""","=""""","=""243.3600""","=""0.0005""","=""300""","=""1.9e+08""",C,"=""398972.658""","=""440051.58""","=""2s2.2p3.(2D*).3p""","=""3P""","=""2""","=""2s2.2p3.(2D*).3d""","=""3S*""","=""1""",5,3,,"=""c52""","=""L10704""",
Ne,3,"=""243.9294""","=""""","=""243.9303""","=""0.0005""","=""240""","=""1.9e+08""",C,"=""399068.682""","=""440051.58""","=""2s2.2p3.(2D*).3p""","=""3P""","=""1""","=""2s2.2p3.(2D*).3d""","=""3S*""","=""1""",3,3,,"=""c52""","=""L10704""",
Ne,3,"=""244.1830""","=""""","=""244.1845""","=""0.0005""","=""220""","=""7.8e+07""",C,"=""399111.356""","=""440051.58""","=""2s2.2p3.(2D*).3p""","=""3P""","=""0""","=""2s2.2p3.(2D*).3d""","=""3S*""","=""1""",1,3,,"=""c52""","=""L10704""",
Ne,3,"=""245.4926""","=""""","=""245.4925""","=""0.0005""","=""300""","=""2.0e+08""",C,"=""398972.658""","=""439694.78""","=""2s2.2p3.(2D*).3p""","=""3P""","=""2""","=""2s2.2p3.(2D*).3d""","=""3P*""","=""1""",5,3,,"=""c52""","=""L10704""",
Ne,3,"=""245.7519""","=""""","=""245.7520""","=""0.0007""","=""240""","=""3.3e+08""",C,"=""399068.682""","=""439747.80""","=""2s2.2p3.(2D*).3p""","=""3P""","=""1""","=""2s2.2p3.(2D*).3d""","=""3P*""","=""0""",3,1,,"=""c52""","=""L10704""",
Ne,3,"=""246.0725""","=""""","=""246.0727""","=""0.0005""","=""180""","=""4.5e+07""",D,"=""399068.682""","=""439694.78""","=""2s2.2p3.(2D*).3p""","=""3P""","=""1""","=""2s2.2p3.(2D*).3d""","=""3P*""","=""1""",3,3,,"=""c52""","=""L10704""",
Ne,3,"=""246.2287""","=""""","=""246.2286""","=""0.0005""","=""360""","=""2.4e+08""",C,"=""398972.658""","=""439573.05""","=""2s2.2p3.(2D*).3p""","=""3P""","=""2""","=""2s2.2p3.(2D*).3d""","=""3P*""","=""2""",5,5,,"=""c52""","=""L10704""",
Ne,3,"=""246.3315""","=""""","=""246.3315""","=""0.0005""","=""220""","=""8.2e+07""",C,"=""399111.356""","=""439694.78""","=""2s2.2p3.(2D*).3p""","=""3P""","=""0""","=""2s2.2p3.(2D*).3d""","=""3P*""","=""1""",1,3,,"=""c52""","=""L10704""",
Ne,3,"=""246.8125""","=""""","=""246.8123""","=""0.0005""","=""240""","=""8.2e+07""",C,"=""399068.682""","=""439573.05""","=""2s2.2p3.(2D*).3p""","=""3P""","=""1""","=""2s2.2p3.(2D*).3d""","=""3P*""","=""2""",3,5,,"=""c52""","=""L10704""",
Ne,3,"=""247.33862""","=""""","=""247.3386""","=""0.0005""","=""600""","=""2.7e+08""",C,"=""379826.356""","=""420244.544""","=""2s2.2p3.(2P*).3s""","=""1P*""","=""1""","=""2s2.2p3.(2P*).3p""","=""1D""","=""2""",3,5,,"=""c52""","=""L9091""",
Ne,3,"=""249.4778""","=""""","=""249.4785""","=""0.0005""","=""30""","=""1.2e+06""",C,"=""398972.658""","=""439044.19""","=""2s2.2p3.(2D*).3p""","=""3P""","=""2""","=""2s2.2p3.(2D*).3d""","=""1P*""","=""1""",5,3,,"=""c52""","=""L10704""",
Ne,3,"=""250.7037""","=""""","=""250.7037""","=""0.0006""","=""360""","=""4.0e+08""",C,"=""420244.544""","=""460120.25""","=""2s2.2p3.(2P*).3p""","=""1D""","=""2""","=""2s2.2p3.(2P*).3d""","=""1F*""","=""3""",5,7,,"=""c52""","=""L10704""",
Ne,3,"=""252.2025""","=""""","=""252.2022""","=""0.0005""","=""20""","=""5.8e+05""",C,"=""353163.013""","=""392801.818""","=""2s2.2p3.(2D*).3s""","=""3D*""","=""2""","=""2s2.2p3.(2D*).3p""","=""1F""","=""3""",5,7,,"=""c52""","=""L10704""",
Ne,3,"=""258.99971""","=""""","=""259.000""","=""0.013""","=""3000""","=""2.4e+08""",C,"=""309881.041+x""","=""348479.578+x""","=""2s2.2p3.(4S*).3s""","=""5S*""","=""2""","=""2s2.2p3.(4S*).3p""","=""5P""","=""3""",5,7,,"=""c52""","=""L9091""",
Ne,3,"=""259.35552""","=""""","=""259.356""","=""0.013""","=""2500""","=""2.4e+08""",C,"=""309881.041+x""","=""348426.628+x""","=""2s2.2p3.(4S*).3s""","=""5S*""","=""2""","=""2s2.2p3.(4S*).3p""","=""5P""","=""2""",5,5,,"=""c52""","=""L9091""",
Ne,3,"=""259.56498""","=""""","=""259.565""","=""0.013""","=""2000""","=""2.4e+08""",C,"=""309881.041+x""","=""348395.524+x""","=""2s2.2p3.(4S*).3s""","=""5S*""","=""2""","=""2s2.2p3.(4S*).3p""","=""5P""","=""1""",5,3,,"=""c52""","=""L9091""",
Ne,3,"=""259.72665""","=""""","=""259.7268""","=""0.0006""","=""120""","=""1.5e+07""",D,"=""439044.19""","=""477534.680""","=""2s2.2p3.(2D*).3d""","=""1P*""","=""1""","=""2s2.2p3.(2D*).4p""","=""1D""","=""2""",3,5,,"=""T8046""","=""L9091""",
Ne,3,"=""261.0007""","=""""","=""261.0006""","=""0.0005""","=""2000""","=""2.5e+08""",C,"=""353133.605""","=""391436.251""","=""2s2.2p3.(2D*).3s""","=""3D*""","=""3""","=""2s2.2p3.(2D*).3p""","=""3F""","=""4""",7,9,,"=""c52""","=""L11529""",
Ne,3,"=""261.1409""","=""""","=""261.1408""","=""0.0005""","=""800""","=""2.0e+07""",C,"=""353133.605""","=""391415.686""","=""2s2.2p3.(2D*).3s""","=""3D*""","=""3""","=""2s2.2p3.(2D*).3p""","=""3F""","=""3""",7,7,,"=""c52""","=""L11529""",
Ne,3,"=""261.2484""","=""""","=""261.2463""","=""0.0005""","=""90""","=""6.0e+05""",C,"=""353133.605""","=""391400.239""","=""2s2.2p3.(2D*).3s""","=""3D*""","=""3""","=""2s2.2p3.(2D*).3p""","=""3F""","=""2""",7,5,,"=""c52""","=""L10704""",
Ne,3,"=""261.34161""","=""""","=""261.3416""","=""0.0005""","=""2000""","=""2.3e+08""",C,"=""353163.013""","=""391415.686""","=""2s2.2p3.(2D*).3s""","=""3D*""","=""2""","=""2s2.2p3.(2D*).3p""","=""3F""","=""3""",5,7,,"=""c52""","=""L9091""",
Ne,3,"=""261.4473""","=""""","=""261.4472""","=""0.0005""","=""1000""","=""3.1e+07""",C,"=""353163.013""","=""391400.239""","=""2s2.2p3.(2D*).3s""","=""3D*""","=""2""","=""2s2.2p3.(2D*).3p""","=""3F""","=""2""",5,5,,"=""c52""","=""L11529""",
Ne,3,"=""261.5850""","=""""","=""261.5850""","=""0.0005""","=""1500""","=""2.1e+08""",C,"=""353183.152""","=""391400.239""","=""2s2.2p3.(2D*).3s""","=""3D*""","=""1""","=""2s2.2p3.(2D*).3p""","=""3F""","=""2""",3,5,,"=""c52""","=""L11529""",
Ne,3,"=""263.57227""","=""""","=""263.5721""","=""0.0005""","=""240""","=""3.3e+07""",C,"=""398972.658""","=""436901.63""","=""2s2.2p3.(2D*).3p""","=""3P""","=""2""","=""2s2.2p3.(2D*).3d""","=""3D*""","=""2""",5,5,,"=""c52""","=""L9091""",
Ne,3,"=""263.86422""","=""""","=""263.8643""","=""0.0005""","=""600""","=""9.5e+07""",C,"=""374489.507""","=""412376.48""","=""2s2.2p3.(2P*).3s""","=""3P*""","=""1""","=""2s2.2p3.(2P*).3p""","=""3D""","=""1""",3,3,,"=""c52""","=""L9091""",
Ne,3,"=""263.8695""","=""""","=""263.8689""","=""0.0005""","=""150""","=""1.3e+08""",C,"=""374490.160""","=""412376.48""","=""2s2.2p3.(2P*).3s""","=""3P*""","=""0""","=""2s2.2p3.(2P*).3p""","=""3D""","=""1""",1,3,,"=""c52""","=""L11529""",
Ne,3,"=""263.87112""","=""""","=""263.8711""","=""0.0005""","=""1500""","=""1.8e+08""",C,"=""374489.507""","=""412375.508""","=""2s2.2p3.(2P*).3s""","=""3P*""","=""1""","=""2s2.2p3.(2P*).3p""","=""3D""","=""2""",3,5,,"=""c52""","=""L9091""",
Ne,3,"=""263.913""","=""""","=""263.9100""","=""0.0005""","=""400""","=""5.9e+06""",C,"=""374496.068""","=""412376.48""","=""2s2.2p3.(2P*).3s""","=""3P*""","=""2""","=""2s2.2p3.(2P*).3p""","=""3D""","=""1""",5,3,,"=""c52""","=""L10704""",
Ne,3,"=""263.91674""","=""""","=""263.9168""","=""0.0005""","=""600""","=""5.5e+07""",C,"=""374496.068""","=""412375.508""","=""2s2.2p3.(2P*).3s""","=""3P*""","=""2""","=""2s2.2p3.(2P*).3p""","=""3D""","=""2""",5,5,,"=""c52""","=""L9091""",
Ne,3,"=""264.0559""","=""""","=""264.0564""","=""0.0005""","=""1000""","=""1.3e+08""",C,"=""398972.658""","=""436832.07""","=""2s2.2p3.(2D*).3p""","=""3P""","=""2""","=""2s2.2p3.(2D*).3d""","=""3D*""","=""3""",5,7,,"=""c52""","=""L10704""",
Ne,3,"=""264.10831""","=""""","=""264.1083""","=""0.0005""","=""1500""","=""2.3e+08""",C,"=""374496.068""","=""412348.045""","=""2s2.2p3.(2P*).3s""","=""3P*""","=""2""","=""2s2.2p3.(2P*).3p""","=""3D""","=""3""",5,7,,"=""c52""","=""L9091""",
Ne,3,"=""264.2219""","=""""","=""264.2220""","=""0.0005""","=""200""","=""7.4e+07""",C,"=""399111.356""","=""436947.05""","=""2s2.2p3.(2D*).3p""","=""3P""","=""0""","=""2s2.2p3.(2D*).3d""","=""3D*""","=""1""",1,3,,"=""c52""","=""L9091""",
Ne,3,"=""264.2402""","=""""","=""264.2412""","=""0.0005""","=""240""","=""1.00e+08""",C,"=""399068.682""","=""436901.63""","=""2s2.2p3.(2D*).3p""","=""3P""","=""1""","=""2s2.2p3.(2D*).3d""","=""3D*""","=""2""",3,5,,"=""c52""","=""L10704""",
Ne,3,"=""264.565""","=""""","=""264.5656""","=""0.0006""","=""200bl""","=""5.8e+07""",D,"=""439748.13""","=""477534.680""","=""2s2.2p3.(2D*).3d""","=""1D*""","=""2""","=""2s2.2p3.(2D*).4p""","=""1D""","=""2""",5,5,,"=""T8046""","=""L10704""",
Ne,3,"=""265.696""","=""""","=""265.693""","=""0.005""","=""700l*""","=""1.1e+08""",D,"=""446375.1+x""","=""484001.3+x""","=""2s2.2p3.(4S*).4d""","=""5D*""","=""4""","=""2s2.2p3.(4S*).6f""","=""5F""","=""5""",9,11,,"=""T8046""","=""L10704""",
Ne,3,"=""265.696""","=""""","=""265.694""","=""0.005""","=""700l*""","=""7.8e+07""",D,"=""446375.17+x""","=""484001.3+x""","=""2s2.2p3.(4S*).4d""","=""5D*""","=""2""","=""2s2.2p3.(4S*).6f""","=""5F""","=""3""",5,7,,"=""T8046""","=""L10704""",
Ne,3,"=""265.696""","=""""","=""265.698""","=""0.005""","=""700l*""","=""9.5e+07""",D,"=""446375.73+x""","=""484001.3+x""","=""2s2.2p3.(4S*).4d""","=""5D*""","=""3""","=""2s2.2p3.(4S*).6f""","=""5F""","=""4""",7,9,,"=""T8046""","=""L10704""",
Ne,3,"=""267.79047""","=""""","=""267.790""","=""0.006""","=""2500""","=""2.3e+08""",C,"=""319431.261""","=""356762.797""","=""2s2.2p3.(4S*).3s""","=""3S*""","=""1""","=""2s2.2p3.(4S*).3p""","=""3P""","=""2""",3,5,,"=""c52""","=""L9091""",
Ne,3,"=""267.79717""","=""""","=""267.797""","=""0.006""","=""1500""","=""2.3e+08""",C,"=""319431.261""","=""356761.864""","=""2s2.2p3.(4S*).3s""","=""3S*""","=""1""","=""2s2.2p3.(4S*).3p""","=""3P""","=""0""",3,1,,"=""c52""","=""L9091""",
Ne,3,"=""267.86912""","=""""","=""267.869""","=""0.006""","=""2000""","=""2.3e+08""",C,"=""319431.261""","=""356751.837""","=""2s2.2p3.(4S*).3s""","=""3S*""","=""1""","=""2s2.2p3.(4S*).3p""","=""3P""","=""1""",3,3,,"=""c52""","=""L9091""",
Ne,3,"=""269.961""","=""""","=""269.9614""","=""0.0008""","=""200bl*""","=""4.5e+07""",D,"=""436832.07""","=""473863.42""","=""2s2.2p3.(2D*).3d""","=""3D*""","=""3""","=""2s2.2p3.(2D*).4p""","=""3P""","=""2""",7,5,,"=""T8046""","=""L10704""",
Ne,3,"=""269.961""","=""""","=""269.9649""","=""0.0009""","=""200bl*""","=""4.1e+07""",D,"=""436901.63""","=""473932.50""","=""2s2.2p3.(2D*).3d""","=""3D*""","=""2""","=""2s2.2p3.(2D*).4p""","=""3P""","=""1""",5,3,,"=""T8046""","=""L10704""",
Ne,3,"=""270.0685""","=""""","=""270.0692""","=""0.0010""","=""120""","=""5.5e+07""",D,"=""436947.05""","=""473963.62""","=""2s2.2p3.(2D*).3d""","=""3D*""","=""1""","=""2s2.2p3.(2D*).4p""","=""3P""","=""0""",3,1,,"=""T8046""","=""L10704""",
Ne,3,"=""270.3958""","=""""","=""270.3967""","=""0.0006""","=""30""","=""5.4e+05""",C,"=""379826.356""","=""416798.087""","=""2s2.2p3.(2P*).3s""","=""1P*""","=""1""","=""2s2.2p3.(2P*).3p""","=""3P""","=""2""",3,5,,"=""c52""","=""L10704""",
Ne,3,"=""270.4708""","=""""","=""270.4695""","=""0.0008""","=""100""","=""7.9e+06""",D,"=""436901.63""","=""473863.42""","=""2s2.2p3.(2D*).3d""","=""3D*""","=""2""","=""2s2.2p3.(2D*).4p""","=""3P""","=""2""",5,5,,"=""T8046""","=""L10704""",
Ne,3,"=""271.252""","=""""","=""271.251""","=""0.003""","=""20w""","=""1.6e+07""",D,"=""434325.760""","=""471181.0""","=""2s2.2p3.(4S*).4p""","=""3P""","=""2""","=""2s2.2p3.(4S*).5d""","=""3D*""","=""3""",5,7,,"=""T8046""","=""L10704""",
Ne,3,"=""272.78987""","=""""","=""272.7898""","=""0.0006""","=""240""","=""9.2e+07""",D,"=""440887.276""","=""477534.680""","=""2s2.2p3.(2D*).3d""","=""1F*""","=""3""","=""2s2.2p3.(2D*).4p""","=""1D""","=""2""",7,5,,"=""T8046""","=""L9091""",
Ne,3,"=""273.79905""","=""""","=""273.7990""","=""0.0005""","=""180""","=""2.7e+07""",D,"=""435515.599""","=""472027.94""","=""2s2.2p3.(2D*).3d""","=""3F*""","=""2""","=""2s2.2p3.(2D*).4p""","=""3F""","=""2""",5,5,,"=""T8046""","=""L9091""",
Ne,3,"=""273.854""","=""""","=""273.8579""","=""0.0006""","=""30""","=""2.5e+06""",D,"=""435515.599""","=""472020.08""","=""2s2.2p3.(2D*).3d""","=""3F*""","=""2""","=""2s2.2p3.(2D*).4p""","=""3F""","=""3""",5,7,,"=""T8046""","=""L10704""",
Ne,3,"=""274.095""","=""""","=""274.0975""","=""0.0005""","=""30""","=""2.8e+06""",D,"=""435555.356""","=""472027.94""","=""2s2.2p3.(2D*).3d""","=""3F*""","=""3""","=""2s2.2p3.(2D*).4p""","=""3F""","=""2""",7,5,,"=""T8046""","=""L10704""",
Ne,3,"=""274.157""","=""""","=""274.1565""","=""0.0006""","=""180""","=""2.7e+07""",D,"=""435555.356""","=""472020.08""","=""2s2.2p3.(2D*).3d""","=""3F*""","=""3""","=""2s2.2p3.(2D*).4p""","=""3F""","=""3""",7,7,,"=""T8046""","=""L10704""",
Ne,3,"=""274.610""","=""""","=""274.6089""","=""0.0006""","=""180""","=""3.2e+07""",D,"=""435608.467""","=""472013.12""","=""2s2.2p3.(2D*).3d""","=""3F*""","=""4""","=""2s2.2p3.(2D*).4p""","=""3F""","=""4""",9,9,,"=""T8046""","=""L10704""",
Ne,3,"=""276.306""","=""""","=""276.3069""","=""0.0011""","=""1500bl""","=""1.6e+08""",D,"=""398178.14""","=""434359.09""","=""2s2.2p3.(4S*).3d""","=""3D*""","=""1""","=""2s2.2p3.(4S*).4p""","=""3P""","=""0""",3,1,,"=""T8046""","=""L10704""",
Ne,3,"=""276.4261""","=""""","=""276.4255""","=""0.0004""","=""500""","=""4.1e+07""",D,"=""398178.14""","=""434343.564""","=""2s2.2p3.(4S*).3d""","=""3D*""","=""1""","=""2s2.2p3.(4S*).4p""","=""3P""","=""1""",3,3,,"=""T8046""","=""L10704""",
Ne,3,"=""276.46089""","=""""","=""276.4609""","=""0.0003""","=""800""","=""1.2e+08""",D,"=""398182.766""","=""434343.564""","=""2s2.2p3.(4S*).3d""","=""3D*""","=""2""","=""2s2.2p3.(4S*).4p""","=""3P""","=""1""",5,3,,"=""T8046""","=""L9091""",
Ne,3,"=""276.564""","=""""","=""276.5617""","=""0.0003""","=""90""","=""1.6e+06""",D,"=""398178.14""","=""434325.760""","=""2s2.2p3.(4S*).3d""","=""3D*""","=""1""","=""2s2.2p3.(4S*).4p""","=""3P""","=""2""",3,5,,"=""T8046""","=""L10704""",
Ne,3,"=""276.5973""","=""""","=""276.5971""","=""0.0003""","=""400""","=""2.5e+07""",D,"=""398182.766""","=""434325.760""","=""2s2.2p3.(4S*).3d""","=""3D*""","=""2""","=""2s2.2p3.(4S*).4p""","=""3P""","=""2""",5,5,,"=""T8046""","=""L10704""",
Ne,3,"=""276.69467""","=""""","=""276.69467""","=""0.00022""","=""1500""","=""1.4e+08""",D,"=""398195.511""","=""434325.760""","=""2s2.2p3.(4S*).3d""","=""3D*""","=""3""","=""2s2.2p3.(4S*).4p""","=""3P""","=""2""",7,5,,"=""T8046""","=""L9091""",
Ne,3,"=""277.76288""","=""""","=""277.7629""","=""0.0005""","=""2500""","=""1.8e+08""",C,"=""353133.605""","=""389124.913""","=""2s2.2p3.(2D*).3s""","=""3D*""","=""3""","=""2s2.2p3.(2D*).3p""","=""3D""","=""3""",7,7,,"=""c52""","=""L9091""",
Ne,3,"=""277.9903""","=""""","=""277.9900""","=""0.0005""","=""1000""","=""1.5e+07""",C,"=""353163.013""","=""389124.913""","=""2s2.2p3.(2D*).3s""","=""3D*""","=""2""","=""2s2.2p3.(2D*).3p""","=""3D""","=""3""",5,7,,"=""c52""","=""L11529""",
Ne,3,"=""278.29918""","=""""","=""278.2993""","=""0.0005""","=""1000""","=""3.1e+07""",C,"=""353133.605""","=""389055.543""","=""2s2.2p3.(2D*).3s""","=""3D*""","=""3""","=""2s2.2p3.(2D*).3p""","=""3D""","=""2""",7,5,,"=""c52""","=""L9091""",
Ne,3,"=""278.52735""","=""""","=""278.5273""","=""0.0005""","=""2000""","=""1.4e+08""",C,"=""353163.013""","=""389055.543""","=""2s2.2p3.(2D*).3s""","=""3D*""","=""2""","=""2s2.2p3.(2D*).3p""","=""3D""","=""2""",5,5,,"=""c52""","=""L9091""",
Ne,3,"=""278.6125""","=""""","=""278.6127""","=""0.0005""","=""800""","=""4.8e+07""",C,"=""353163.013""","=""389044.544""","=""2s2.2p3.(2D*).3s""","=""3D*""","=""2""","=""2s2.2p3.(2D*).3p""","=""3D""","=""1""",5,3,,"=""c52""","=""L11529""",
Ne,3,"=""278.6839""","=""""","=""278.6837""","=""0.0005""","=""800""","=""2.3e+07""",C,"=""353183.152""","=""389055.543""","=""2s2.2p3.(2D*).3s""","=""3D*""","=""1""","=""2s2.2p3.(2D*).3p""","=""3D""","=""2""",3,5,,"=""c52""","=""L9091""",
Ne,3,"=""278.76919""","=""""","=""278.7692""","=""0.0005""","=""1500""","=""1.4e+08""",C,"=""353183.152""","=""389044.544""","=""2s2.2p3.(2D*).3s""","=""3D*""","=""1""","=""2s2.2p3.(2D*).3p""","=""3D""","=""1""",3,3,,"=""c52""","=""L9091""",
Ne,3,"=""""","=""""","=""279.2314""","=""0.0011""","=""0m""","=""2.8e+07""",D,"=""435583.09""","=""471385.12""","=""2s2.2p3.(2D*).3d""","=""1S*""","=""0""","=""2s2.2p3.(2D*).4p""","=""1P""","=""1""",1,3,,"=""T8046""","=""L10704""",
Ne,3,"=""279.275""","=""""","=""279.275""","=""0.003""","=""100""","=""9.4e+07""",D,"=""448223.06""","=""484019.5""","=""2s2.2p3.(4S*).4d""","=""3D*""","=""1""","=""2s2.2p3.(4S*).6f""","=""3F""","=""2""",3,5,,"=""T8046""","=""L10704""",
Ne,3,"=""279.363""","=""""","=""279.365""","=""0.003""","=""100w""","=""9.9e+07""",D,"=""448233.86""","=""484018.8""","=""2s2.2p3.(4S*).4d""","=""3D*""","=""2""","=""2s2.2p3.(4S*).6f""","=""3F""","=""3""",5,7,,"=""T8046""","=""L10704""",
Ne,3,"=""279.504""","=""""","=""279.503""","=""0.003""","=""140w""","=""1.1e+08""",D,"=""448251.88""","=""484019.1""","=""2s2.2p3.(4S*).4d""","=""3D*""","=""3""","=""2s2.2p3.(4S*).6f""","=""3F""","=""4""",7,9,,"=""T8046""","=""L10704""",
Ne,3,"=""279.8839""","=""""","=""279.8841""","=""0.0006""","=""500""","=""8.2e+07""",D,"=""435555.356""","=""471273.90""","=""2s2.2p3.(2D*).3d""","=""3F*""","=""3""","=""2s2.2p3.(2D*).4p""","=""3D""","=""2""",7,5,,"=""T8046""","=""L10704""",
Ne,3,"=""279.8887""","=""""","=""279.8889""","=""0.0006""","=""400""","=""8.2e+07""",D,"=""435515.599""","=""471233.53""","=""2s2.2p3.(2D*).3d""","=""3F*""","=""2""","=""2s2.2p3.(2D*).4p""","=""3D""","=""1""",5,3,,"=""T8046""","=""L10704""",
Ne,3,"=""280.0131""","=""""","=""280.0141""","=""0.0007""","=""800""","=""1.3e+08""",D,"=""436771.674""","=""472473.64""","=""2s2.2p3.(2D*).3d""","=""1G*""","=""4""","=""2s2.2p3.(2D*).4p""","=""1F""","=""3""",9,7,,"=""T8046""","=""L10704""",
Ne,3,"=""280.2236""","=""""","=""280.2231""","=""0.0006""","=""600""","=""8.4e+07""",D,"=""435608.467""","=""471283.81""","=""2s2.2p3.(2D*).3d""","=""3F*""","=""4""","=""2s2.2p3.(2D*).4p""","=""3D""","=""3""",9,7,,"=""T8046""","=""L10704""",
Ne,3,"=""281.8823""","=""""","=""281.8822""","=""0.0006""","=""800""","=""1.2e+08""",D,"=""436547.744""","=""472013.12""","=""2s2.2p3.(2D*).3d""","=""3G*""","=""5""","=""2s2.2p3.(2D*).4p""","=""3F""","=""4""",11,9,,"=""T8046""","=""L11529""",
Ne,3,"=""282.0392""","=""""","=""282.0390""","=""0.0006""","=""600""","=""1.2e+08""",D,"=""436574.426""","=""472020.08""","=""2s2.2p3.(2D*).3d""","=""3G*""","=""4""","=""2s2.2p3.(2D*).4p""","=""3F""","=""3""",9,7,,"=""T8046""","=""L10704""",
Ne,3,"=""282.092""","=""""","=""282.0944""","=""0.0006""","=""100""","=""4.1e+06""",D,"=""436574.426""","=""472013.12""","=""2s2.2p3.(2D*).3d""","=""3G*""","=""4""","=""2s2.2p3.(2D*).4p""","=""3F""","=""4""",9,9,,"=""T8046""","=""L10704""",
Ne,3,"=""282.1617""","=""""","=""282.1618""","=""0.0006""","=""600""","=""1.3e+08""",D,"=""436597.709""","=""472027.94""","=""2s2.2p3.(2D*).3d""","=""3G*""","=""3""","=""2s2.2p3.(2D*).4p""","=""3F""","=""2""",7,5,,"=""T8046""","=""L10704""",
Ne,3,"=""282.2895""","=""""","=""282.2893""","=""0.0003""","=""2000""","=""1.3e+08""",D,"=""394681.481+x""","=""430095.71+x""","=""2s2.2p3.(4S*).3d""","=""5D*""","=""4""","=""2s2.2p3.(4S*).4p""","=""5P""","=""3""",9,7,,"=""T8046""","=""L10704""",
Ne,3,"=""282.311""","=""""","=""282.3100""","=""0.0004""","=""200""","=""3.3e+07""",D,"=""394684.08+x""","=""430095.71+x""","=""2s2.2p3.(4S*).3d""","=""5D*""","=""3""","=""2s2.2p3.(4S*).4p""","=""5P""","=""3""",7,7,,"=""T8046""","=""L10704""",
Ne,3,"=""282.338""","=""""","=""282.3386""","=""0.0004""","=""50""","=""4.7e+06""",D,"=""394687.67+x""","=""430095.71+x""","=""2s2.2p3.(4S*).3d""","=""5D*""","=""2""","=""2s2.2p3.(4S*).4p""","=""5P""","=""3""",5,7,,"=""T8046""","=""L10704""",
Ne,3,"=""282.4461""","=""""","=""282.4463""","=""0.0004""","=""1500""","=""9.2e+07""",D,"=""394684.08+x""","=""430078.62+x""","=""2s2.2p3.(4S*).3d""","=""5D*""","=""3""","=""2s2.2p3.(4S*).4p""","=""5P""","=""2""",7,5,,"=""T8046""","=""L10704""",
Ne,3,"=""282.4749""","=""""","=""282.4750""","=""0.0004""","=""500""","=""5.8e+07""",D,"=""394687.67+x""","=""430078.62+x""","=""2s2.2p3.(4S*).3d""","=""5D*""","=""2""","=""2s2.2p3.(4S*).4p""","=""5P""","=""2""",5,5,,"=""T8046""","=""L10704""",
Ne,3,"=""282.500""","=""""","=""282.4993""","=""0.0005""","=""200""","=""1.5e+07""",D,"=""394690.72+x""","=""430078.62+x""","=""2s2.2p3.(4S*).3d""","=""5D*""","=""1""","=""2s2.2p3.(4S*).4p""","=""5P""","=""2""",3,5,,"=""T8046""","=""L10704""",
Ne,3,"=""282.5307""","=""""","=""282.5309""","=""0.0006""","=""800""","=""5.9e+07""",C,"=""374489.507""","=""409873.45""","=""2s2.2p3.(2P*).3s""","=""3P*""","=""1""","=""2s2.2p3.(2P*).3p""","=""3S""","=""1""",3,3,,"=""c52""","=""L10704""",
Ne,3,"=""282.5347""","=""""","=""282.5361""","=""0.0006""","=""600""","=""1.9e+07""",C,"=""374490.160""","=""409873.45""","=""2s2.2p3.(2P*).3s""","=""3P*""","=""0""","=""2s2.2p3.(2P*).3p""","=""3S""","=""1""",1,3,,"=""c52""","=""L10704""",
Ne,3,"=""282.559""","=""""","=""282.5599""","=""0.0005""","=""300""","=""5.8e+07""",D,"=""394687.67+x""","=""430067.99+x""","=""2s2.2p3.(4S*).3d""","=""5D*""","=""2""","=""2s2.2p3.(4S*).4p""","=""5P""","=""1""",5,3,,"=""T8046""","=""L10704""",
Ne,3,"=""282.5844""","=""""","=""282.5833""","=""0.0006""","=""1500bl*""","=""1.0e+08""",C,"=""374496.068""","=""409873.45""","=""2s2.2p3.(2P*).3s""","=""3P*""","=""2""","=""2s2.2p3.(2P*).3p""","=""3S""","=""1""",5,3,,"=""c52""","=""L11529""",
Ne,3,"=""282.5844""","=""""","=""282.5842""","=""0.0006""","=""1500bl*""","=""7.4e+07""",D,"=""394690.72+x""","=""430067.99+x""","=""2s2.2p3.(4S*).3d""","=""5D*""","=""1""","=""2s2.2p3.(4S*).4p""","=""5P""","=""1""",3,3,,"=""T8046""","=""L11529""",
Ne,3,"=""282.599""","=""""","=""282.5976""","=""0.0008""","=""50""","=""3.3e+07""",D,"=""394692.40+x""","=""430067.99+x""","=""2s2.2p3.(4S*).3d""","=""5D*""","=""0""","=""2s2.2p3.(4S*).4p""","=""5P""","=""1""",1,3,,"=""T8046""","=""L10704""",
Ne,3,"=""282.795""","=""""","=""282.7937""","=""0.0016""","=""240""","=""1.3e+08""",D,"=""457596.833""","=""492947.9""","=""2s2.2p3.(2P*).3d""","=""3F*""","=""4""","=""2s2.2p3.(2P*).4p""","=""3D""","=""3""",9,7,,"=""T8046""","=""L10704""",
Ne,3,"=""283.305""","=""""","=""283.3047""","=""0.0013""","=""200""","=""1.3e+08""",D,"=""457666.99""","=""492954.3""","=""2s2.2p3.(2P*).3d""","=""3F*""","=""3""","=""2s2.2p3.(2P*).4p""","=""3D""","=""2""",7,5,,"=""T8046""","=""L10704""",
Ne,3,"=""283.355""","=""""","=""283.3561""","=""0.0017""","=""100""","=""9.2e+06""",D,"=""457666.99""","=""492947.9""","=""2s2.2p3.(2P*).3d""","=""3F*""","=""3""","=""2s2.2p3.(2P*).4p""","=""3D""","=""3""",7,7,,"=""T8046""","=""L10704""",
Ne,3,"=""283.683""","=""""","=""283.6810""","=""0.0012""","=""100""","=""1.4e+07""",D,"=""457713.80""","=""492954.3""","=""2s2.2p3.(2P*).3d""","=""3F*""","=""2""","=""2s2.2p3.(2P*).4p""","=""3D""","=""2""",5,5,,"=""T8046""","=""L10704""",
Ne,3,"=""283.738""","=""""","=""283.7365""","=""0.0017""","=""200""","=""1.4e+08""",D,"=""457713.80""","=""492947.4""","=""2s2.2p3.(2P*).3d""","=""3F*""","=""2""","=""2s2.2p3.(2P*).4p""","=""3D""","=""1""",5,3,,"=""T8046""","=""L10704""",
Ne,3,"=""284.073""","=""""","=""284.0724""","=""0.0025""","=""300""","=""1.3e+08""",D,"=""460120.25""","=""495312.2""","=""2s2.2p3.(2P*).3d""","=""1F*""","=""3""","=""2s2.2p3.(2P*).4p""","=""1D""","=""2""",7,5,,"=""T8046""","=""L10704""",
Ne,3,"=""284.156""","=""""","=""284.1604""","=""0.0007""","=""100""","=""3.7e+06""",D,"=""436832.07""","=""472013.12""","=""2s2.2p3.(2D*).3d""","=""3D*""","=""3""","=""2s2.2p3.(2D*).4p""","=""3F""","=""4""",7,9,,"=""T8046""","=""L10704""",
Ne,2,"=""""","=""""","=""284.633342""","=""0.000016""","=""""","=""3.5e+06""",D,"=""246597.6805""","=""281720.2755""","=""2s2.2p4.(3P).3p""","=""4P*""","=""1/2""","=""2s2.2p4.(3P).3d""","=""2P""","=""3/2""",2,4,,"=""T380""","=""""",
Ne,3,"=""284.665""","=""""","=""284.6669""","=""0.0006""","=""90""","=""2.9e+06""",D,"=""436901.63""","=""472020.08""","=""2s2.2p3.(2D*).3d""","=""3D*""","=""2""","=""2s2.2p3.(2D*).4p""","=""3F""","=""3""",5,7,,"=""T8046""","=""L10704""",
Ne,3,"=""284.969""","=""""","=""284.9717""","=""0.0006""","=""70""","=""2.8e+06""",D,"=""436947.05""","=""472027.94""","=""2s2.2p3.(2D*).3d""","=""3D*""","=""1""","=""2s2.2p3.(2D*).4p""","=""3F""","=""2""",3,5,,"=""T8046""","=""L10704""",
Ne,2,"=""285.352""","=""0.010""","=""285.351309""","=""0.000012""","=""""","=""2.5e+06""",D,"=""219130.7609""","=""254164.9888""","=""2s2.2p4.(3P).3s""","=""4P""","=""5/2""","=""2s2.2p4.(3P).3p""","=""2P*""","=""3/2""",6,4,,"=""T380""","=""L9088c153""",
Ne,2,"=""285.80244""","=""0.00012""","=""285.802329""","=""0.000016""","=""100""","=""7.9e+07""",D,"=""246192.4130""","=""281171.3566""","=""2s2.2p4.(3P).3p""","=""4P*""","=""5/2""","=""2s2.2p4.(3P).3d""","=""4P""","=""5/2""",6,6,,"=""T380""","=""L5951""",
Ne,3,"=""286.67187""","=""""","=""286.6719""","=""0.0007""","=""2500""","=""1.9e+08""",C,"=""357928.972""","=""392801.818""","=""2s2.2p3.(2D*).3s""","=""1D*""","=""2""","=""2s2.2p3.(2D*).3p""","=""1F""","=""3""",5,7,,"=""c52""","=""L9091""",
Ne,2,"=""286.99556""","=""0.00011""","=""286.995562""","=""0.000017""","=""80""","=""1.5e+06""",D,"=""246192.4130""","=""281025.9326""","=""2s2.2p4.(3P).3p""","=""4P*""","=""5/2""","=""2s2.2p4.(3P).3d""","=""2F""","=""5/2""",6,6,,"=""T380""","=""L5951""",
Ne,2,"=""287.29581""","=""0.00008""","=""287.295872""","=""0.000017""","=""120""","=""3.8e+07""",D,"=""246192.4130""","=""280989.5229""","=""2s2.2p4.(3P).3p""","=""4P*""","=""5/2""","=""2s2.2p4.(3P).3d""","=""4P""","=""3/2""",6,4,,"=""T380""","=""L5951""",
Ne,3,"=""287.446""","=""""","=""287.4457""","=""0.0006""","=""180""","=""4.2e+06""",C,"=""353183.152""","=""387962.12""","=""2s2.2p3.(2D*).3s""","=""3D*""","=""1""","=""2s2.2p3.(2D*).3p""","=""1P""","=""1""",3,3,,"=""c52""","=""L10704""",
Ne,2,"=""287.63291""","=""0.00004""","=""287.632874""","=""0.000012""","=""160""","=""7.8e+07""",D,"=""246415.0144""","=""281171.3566""","=""2s2.2p4.(3P).3p""","=""4P*""","=""3/2""","=""2s2.2p4.(3P).3d""","=""4P""","=""5/2""",4,6,,"=""T380""","=""L5951""",
Ne,2,"=""287.64674""","=""0.00006""","=""287.646765""","=""0.000017""","=""140""","=""3.3e+07""",D,"=""246192.4130""","=""280947.0768""","=""2s2.2p4.(3P).3p""","=""4P*""","=""5/2""","=""2s2.2p4.(3P).3d""","=""4F""","=""3/2""",6,4,,"=""T380""","=""L5951""",
Ne,2,"=""287.8116""","=""0.0010""","=""287.810934""","=""0.000025""","=""12""","=""6.9e+06""",D,"=""246597.6805""","=""281332.521""","=""2s2.2p4.(3P).3p""","=""4P*""","=""1/2""","=""2s2.2p4.(3P).3d""","=""2P""","=""1/2""",2,2,,"=""T380""","=""L1406""",
Ne,3,"=""288.419""","=""""","=""288.4191""","=""0.0020""","=""100""","=""8.0e+05""",D,"=""458285.80""","=""492947.4""","=""2s2.2p3.(2P*).3d""","=""3P*""","=""0""","=""2s2.2p3.(2P*).4p""","=""3D""","=""1""",1,3,,"=""T8046""","=""L10704""",
Ne,2,"=""288.8421""","=""0.0010""","=""288.841472""","=""0.000013""","=""60""","=""3.9e+06""",D,"=""246415.0144""","=""281025.9326""","=""2s2.2p4.(3P).3p""","=""4P*""","=""3/2""","=""2s2.2p4.(3P).3d""","=""2F""","=""5/2""",4,6,,"=""T380""","=""L1406""",
Ne,2,"=""""","=""""","=""288.892328""","=""0.000017""","=""""","=""1.7e+07""",D,"=""246192.4130""","=""280797.2387""","=""2s2.2p4.(3P).3p""","=""4P*""","=""5/2""","=""2s2.2p4.(3P).3d""","=""4F""","=""5/2""",6,6,,"=""T380""","=""""",
Ne,2,"=""289.1465""","=""0.0010""","=""289.145659""","=""0.000018""","=""12""","=""6.1e+06""",D,"=""246415.0144""","=""280989.5229""","=""2s2.2p4.(3P).3p""","=""4P*""","=""3/2""","=""2s2.2p4.(3P).3d""","=""4P""","=""3/2""",4,4,,"=""T380""","=""L1406""",
Ne,3,"=""289.3108""","=""""","=""289.3100""","=""0.0007""","=""1500""","=""1.8e+08""",C,"=""406332.411""","=""440887.276""","=""2s2.2p3.(2D*).3p""","=""1D""","=""2""","=""2s2.2p3.(2D*).3d""","=""1F*""","=""3""",5,7,,"=""c52""","=""L10704""",
Ne,2,"=""""","=""""","=""289.501088""","=""0.000017""","=""""","=""1.6e+06""",D,"=""246415.0144""","=""280947.0768""","=""2s2.2p4.(3P).3p""","=""4P*""","=""3/2""","=""2s2.2p4.(3P).3d""","=""4F""","=""3/2""",4,4,,"=""T380""","=""""",
Ne,3,"=""289.505""","=""""","=""289.505""","=""0.004""","=""500wl*""","=""5.5e+05""",D,"=""449552.15+x""","=""484083.8+x""","=""2s2.2p3.(4S*).4f""","=""5F""","=""5""","=""2s2.2p3.(4S*).6g""","=""5G*""","=""6""",11,13,,"=""T8046""","=""L10704""",
Ne,3,"=""289.505""","=""""","=""289.507""","=""0.004""","=""500wl*""","=""1.3e+06""",D,"=""449552.39+x""","=""484083.8+x""","=""2s2.2p3.(4S*).4f""","=""5F""","=""4""","=""2s2.2p3.(4S*).6g""","=""5G*""","=""5""",9,11,,"=""T8046""","=""L10704""",
Ne,3,"=""289.505""","=""""","=""289.510""","=""0.004""","=""500wl*""","=""9.4e+07""",D,"=""449552.77+x""","=""484083.8+x""","=""2s2.2p3.(4S*).4f""","=""5F""","=""3""","=""2s2.2p3.(4S*).6g""","=""5G*""","=""4""",7,9,,"=""T8046""","=""L10704""",
Ne,3,"=""289.505""","=""""","=""289.512""","=""0.005""","=""500wl*""","=""8.8e+07""",D,"=""449553.0+x""","=""484083.8+x""","=""2s2.2p3.(4S*).4f""","=""5F""","=""2""","=""2s2.2p3.(4S*).6g""","=""5G*""","=""3""",5,7,,"=""T8046""","=""L10704""",
Ne,2,"=""""","=""""","=""289.631084""","=""0.000012""","=""""","=""2.0e+06""",D,"=""219648.4248""","=""254164.9888""","=""2s2.2p4.(3P).3s""","=""4P""","=""3/2""","=""2s2.2p4.(3P).3p""","=""2P*""","=""3/2""",4,4,,"=""T380""","=""""",
Ne,2,"=""289.6995""","=""0.0010""","=""289.700199""","=""0.000017""","=""40""","=""3.0e+05""",D,"=""246192.4130""","=""280700.7426""","=""2s2.2p4.(3P).3p""","=""4P*""","=""5/2""","=""2s2.2p4.(3P).3d""","=""4F""","=""7/2""",6,8,,"=""T380""","=""L1406""",
Ne,3,"=""289.766""","=""""","=""289.761""","=""0.004""","=""400wl*""","=""1.1e+08""",D,"=""449582.924""","=""484084.0""","=""2s2.2p3.(4S*).4f""","=""3F""","=""4""","=""2s2.2p3.(4S*).6g""","=""3G*""","=""5""",9,11,,"=""T8046""","=""L10704""",
Ne,3,"=""289.766""","=""""","=""289.766""","=""0.004""","=""400wl*""","=""1.1e+08""",D,"=""449583.48""","=""484084.0""","=""2s2.2p3.(4S*).4f""","=""3F""","=""3""","=""2s2.2p3.(4S*).6g""","=""3G*""","=""4""",7,9,,"=""T8046""","=""L10704""",
Ne,3,"=""289.766""","=""""","=""289.770""","=""0.004""","=""400wl*""","=""1.1e+08""",D,"=""449584.03""","=""484084.0""","=""2s2.2p3.(4S*).4f""","=""3F""","=""2""","=""2s2.2p3.(4S*).6g""","=""3G*""","=""3""",5,7,,"=""T8046""","=""L10704""",
Ne,3,"=""289.849""","=""""","=""289.851""","=""0.005""","=""160w,bl*""","=""1.2e+08""",D,"=""490833.55""","=""525323.9""","=""2s2.2p3.(2D*).4f""","=""3H""","=""6""","=""2s2.2p3.(2D*).6g""","=""3I*""","=""7""",13,15,,"=""T8046""","=""L10704""",
Ne,3,"=""290.177""","=""""","=""290.1761""","=""0.0007""","=""240""","=""4.9e+07""",D,"=""436832.07""","=""471283.81""","=""2s2.2p3.(2D*).3d""","=""3D*""","=""3""","=""2s2.2p3.(2D*).4p""","=""3D""","=""3""",7,7,,"=""T8046""","=""L10704""",
Ne,3,"=""290.259""","=""""","=""290.2596""","=""0.0007""","=""160""","=""7.6e+06""",D,"=""436832.07""","=""471273.90""","=""2s2.2p3.(2D*).3d""","=""3D*""","=""3""","=""2s2.2p3.(2D*).4p""","=""3D""","=""2""",7,5,,"=""T8046""","=""L10704""",
Ne,3,"=""290.5890""","=""""","=""290.5885""","=""0.0007""","=""1500""","=""1.6e+08""",C,"=""379826.356""","=""414229.20""","=""2s2.2p3.(2P*).3s""","=""1P*""","=""1""","=""2s2.2p3.(2P*).3p""","=""1P""","=""1""",3,3,,"=""c52""","=""L10704""",
Ne,2,"=""290.68152""","=""0.00007""","=""290.681476""","=""0.000017""","=""160""","=""5.5e+07""",D,"=""246597.6805""","=""280989.5229""","=""2s2.2p4.(3P).3p""","=""4P*""","=""1/2""","=""2s2.2p4.(3P).3d""","=""4P""","=""3/2""",2,4,,"=""T380""","=""L5951""",
Ne,2,"=""""","=""""","=""290.762795""","=""0.000017""","=""""","=""7.0e+06""",D,"=""246415.0144""","=""280797.2387""","=""2s2.2p4.(3P).3p""","=""4P*""","=""3/2""","=""2s2.2p4.(3P).3d""","=""4F""","=""5/2""",4,6,,"=""T380""","=""""",
Ne,3,"=""290.7629""","=""""","=""290.7632""","=""0.0006""","=""240""","=""6.6e+06""",D,"=""436901.63""","=""471283.81""","=""2s2.2p3.(2D*).3d""","=""3D*""","=""2""","=""2s2.2p3.(2D*).4p""","=""3D""","=""3""",5,7,,"=""T8046""","=""L11529""",
Ne,3,"=""290.850""","=""""","=""290.8470""","=""0.0007""","=""200""","=""3.8e+07""",D,"=""436901.63""","=""471273.90""","=""2s2.2p3.(2D*).3d""","=""3D*""","=""2""","=""2s2.2p3.(2D*).4p""","=""3D""","=""2""",5,5,,"=""T8046""","=""L10704""",
Ne,3,"=""290.956""","=""""","=""290.9555""","=""0.0012""","=""160""","=""2.8e+07""",D,"=""439573.05""","=""473932.50""","=""2s2.2p3.(2D*).3d""","=""3P*""","=""2""","=""2s2.2p3.(2D*).4p""","=""3P""","=""1""",5,3,,"=""T8046""","=""L10704""",
Ne,2,"=""291.00599""","=""0.00003""","=""291.005978""","=""0.000017""","=""180""","=""1.7e+08""",D,"=""246415.0144""","=""280768.508""","=""2s2.2p4.(3P).3p""","=""4P*""","=""3/2""","=""2s2.2p4.(3P).3d""","=""4P""","=""1/2""",4,2,,"=""T380""","=""L5951""",
Ne,2,"=""291.0408""","=""0.0003""","=""291.040692""","=""0.000017""","=""180""","=""5.9e+07""",D,"=""246597.6805""","=""280947.0768""","=""2s2.2p4.(3P).3p""","=""4P*""","=""1/2""","=""2s2.2p4.(3P).3d""","=""4F""","=""3/2""",2,4,,"=""T380""","=""L1406""",
Ne,3,"=""291.187""","=""""","=""291.1890""","=""0.0007""","=""160bl""","=""1.1e+07""",D,"=""436901.63""","=""471233.53""","=""2s2.2p3.(2D*).3d""","=""3D*""","=""2""","=""2s2.2p3.(2D*).4p""","=""3D""","=""1""",5,3,,"=""T8046""","=""L10704""",
Ne,3,"=""291.231""","=""""","=""291.2319""","=""0.0007""","=""140""","=""8.6e+06""",D,"=""436947.05""","=""471273.90""","=""2s2.2p3.(2D*).3d""","=""3D*""","=""1""","=""2s2.2p3.(2D*).4p""","=""3D""","=""2""",3,5,,"=""T8046""","=""L10704""",
Ne,3,"=""291.540""","=""""","=""291.5417""","=""0.0010""","=""200""","=""5.0e+07""",D,"=""439573.05""","=""473863.42""","=""2s2.2p3.(2D*).3d""","=""3P*""","=""2""","=""2s2.2p3.(2D*).4p""","=""3P""","=""2""",5,5,,"=""T8046""","=""L10704""",
Ne,3,"=""291.576""","=""""","=""291.5748""","=""0.0007""","=""160""","=""3.6e+07""",D,"=""436947.05""","=""471233.53""","=""2s2.2p3.(2D*).3d""","=""3D*""","=""1""","=""2s2.2p3.(2D*).4p""","=""3D""","=""1""",3,3,,"=""T8046""","=""L10704""",
Ne,2,"=""291.6210""","=""0.0010""","=""291.620185""","=""0.000018""","=""80""","=""9.6e+06""",D,"=""246192.4130""","=""280473.5550""","=""2s2.2p4.(3P).3p""","=""4P*""","=""5/2""","=""2s2.2p4.(3P).3d""","=""2D""","=""3/2""",6,4,,"=""T380""","=""L1406""",
Ne,3,"=""291.726""","=""""","=""291.7249""","=""0.0012""","=""140l""","=""6.6e+07""",D,"=""439694.78""","=""473963.62""","=""2s2.2p3.(2D*).3d""","=""3P*""","=""1""","=""2s2.2p3.(2D*).4p""","=""3P""","=""0""",3,1,,"=""T8046""","=""L10704""",
Ne,3,"=""291.991""","=""""","=""291.9900""","=""0.0012""","=""90""","=""1.6e+07""",D,"=""439694.78""","=""473932.50""","=""2s2.2p3.(2D*).3d""","=""3P*""","=""1""","=""2s2.2p3.(2D*).4p""","=""3P""","=""1""",3,3,,"=""T8046""","=""L10704""",
Ne,3,"=""292.442""","=""""","=""292.4429""","=""0.0013""","=""160""","=""2.2e+07""",D,"=""439747.80""","=""473932.50""","=""2s2.2p3.(2D*).3d""","=""3P*""","=""0""","=""2s2.2p3.(2D*).4p""","=""3P""","=""1""",1,3,,"=""T8046""","=""L10704""",
Ne,2,"=""292.56169""","=""0.00007""","=""292.561672""","=""0.000018""","=""160""","=""5.6e+07""",D,"=""246597.6805""","=""280768.508""","=""2s2.2p4.(3P).3p""","=""4P*""","=""1/2""","=""2s2.2p4.(3P).3d""","=""4P""","=""1/2""",2,2,,"=""T380""","=""L5951""",
Ne,3,"=""""","=""""","=""292.5804""","=""0.0010""","=""0m""","=""1.7e+07""",D,"=""439694.78""","=""473863.42""","=""2s2.2p3.(2D*).3d""","=""3P*""","=""1""","=""2s2.2p3.(2D*).4p""","=""3P""","=""2""",3,5,,"=""T8046""","=""L10704""",
Ne,2,"=""293.3720""","=""0.0010""","=""293.371273""","=""0.000017""","=""80""","=""6.9e+06""",D,"=""246192.4130""","=""280268.9453""","=""2s2.2p4.(3P).3p""","=""4P*""","=""5/2""","=""2s2.2p4.(3P).3d""","=""2D""","=""5/2""",6,6,,"=""T380""","=""L1406""",
Ne,2,"=""""","=""""","=""293.428357""","=""0.000017""","=""""","=""5.2e+06""",D,"=""246192.4130""","=""280262.3163""","=""2s2.2p4.(3P).3p""","=""4P*""","=""5/2""","=""2s2.2p4.(3P).3d""","=""2F""","=""7/2""",6,8,,"=""T380""","=""""",
Ne,2,"=""293.5270""","=""0.0010""","=""293.526256""","=""0.000017""","=""12""","=""3.2e+06""",D,"=""246415.0144""","=""280473.5550""","=""2s2.2p4.(3P).3p""","=""4P*""","=""3/2""","=""2s2.2p4.(3P).3d""","=""2D""","=""3/2""",4,4,,"=""T380""","=""L1406""",
Ne,3,"=""294.563""","=""""","=""294.5623""","=""0.0021""","=""120""","=""1.9e+07""",D,"=""458285.80""","=""492224.55""","=""2s2.2p3.(2P*).3d""","=""3P*""","=""0""","=""2s2.2p3.(2P*).4p""","=""3S""","=""1""",1,3,,"=""T8046""","=""L10704""",
Ne,1,"=""294.73010""","=""0.00013""","=""294.730172""","=""0.000012""","=""2000""","=""1.66e+05""",D+,"=""134459.2871""","=""168378.7113""","=""2s2.2p5.(2P*<3/2>).3s""","=""2[3/2]*""","=""1""","=""2s2.2p5.(2P*<1/2>).5p""","=""2[3/2]""","=""2""",3,5,,"=""T6976""","=""L5951""",
Ne,3,"=""294.796""","=""""","=""294.7944""","=""0.0012""","=""140""","=""3.1e+07""",D,"=""440051.58""","=""473963.62""","=""2s2.2p3.(2D*).3d""","=""3S*""","=""1""","=""2s2.2p3.(2D*).4p""","=""3P""","=""0""",3,1,,"=""T8046""","=""L10704""",
Ne,3,"=""294.995""","=""""","=""294.9943""","=""0.0020""","=""180""","=""5.4e+07""",D,"=""458335.50""","=""492224.55""","=""2s2.2p3.(2P*).3d""","=""3P*""","=""1""","=""2s2.2p3.(2P*).4p""","=""3S""","=""1""",3,3,,"=""T8046""","=""L10704""",
Ne,3,"=""295.064""","=""""","=""295.0651""","=""0.0012""","=""180""","=""3.0e+07""",D,"=""440051.58""","=""473932.50""","=""2s2.2p3.(2D*).3d""","=""3S*""","=""1""","=""2s2.2p3.(2D*).4p""","=""3P""","=""1""",3,3,,"=""T8046""","=""L10704""",
Ne,2,"=""295.1091""","=""0.0010""","=""295.109084""","=""0.000018""","=""22""","=""2.3e+06""",D,"=""246597.6805""","=""280473.5550""","=""2s2.2p4.(3P).3p""","=""4P*""","=""1/2""","=""2s2.2p4.(3P).3d""","=""2D""","=""3/2""",2,4,,"=""T380""","=""L1406""",
Ne,2,"=""295.3014""","=""0.0010""","=""295.300378""","=""0.000013""","=""12""","=""1.2e+06""",D,"=""246415.0144""","=""280268.9453""","=""2s2.2p4.(3P).3p""","=""4P*""","=""3/2""","=""2s2.2p4.(3P).3d""","=""2D""","=""5/2""",4,6,,"=""T380""","=""L1406""",
Ne,2,"=""295.572550""","=""0.000017""","=""295.572547""","=""0.000012""","=""300""","=""1.2e+08""",D,"=""219130.7609""","=""252953.5198""","=""2s2.2p4.(3P).3s""","=""4P""","=""5/2""","=""2s2.2p4.(3P).3p""","=""4S*""","=""3/2""",6,4,,"=""T867LS""","=""L5951""",
Ne,3,"=""295.665""","=""""","=""295.6680""","=""0.0010""","=""180""","=""2.8e+07""",D,"=""440051.58""","=""473863.42""","=""2s2.2p3.(2D*).3d""","=""3S*""","=""1""","=""2s2.2p3.(2D*).4p""","=""3P""","=""2""",3,5,,"=""T8046""","=""L10704""",
Ne,3,"=""295.929""","=""""","=""295.9286""","=""0.0019""","=""180""","=""7.8e+07""",D,"=""458442.48""","=""492224.55""","=""2s2.2p3.(2P*).3d""","=""3P*""","=""2""","=""2s2.2p3.(2P*).4p""","=""3S""","=""1""",5,3,,"=""T8046""","=""L10704""",
Ne,3,"=""296.478""","=""""","=""296.4806""","=""0.0008""","=""30w""","=""2.1e+05""",C,"=""406332.411""","=""440051.58""","=""2s2.2p3.(2D*).3p""","=""1D""","=""2""","=""2s2.2p3.(2D*).3d""","=""3S*""","=""1""",5,3,,"=""c52""","=""L10704""",
Ne,1,"=""297.47189""","=""0.00008""","=""297.472009""","=""0.000013""","=""3000""","=""4.75e+05""",C,"=""134041.8400""","=""167648.6382""","=""2s2.2p5.(2P*<3/2>).3s""","=""2[3/2]*""","=""2""","=""2s2.2p5.(2P*<3/2>).5p""","=""2[3/2]""","=""2""",5,5,,"=""T6976""","=""L5951""",
Ne,1,"=""298.26696""","=""0.00008""","=""298.267039""","=""0.000013""","=""3000""","=""2.63e+05""",C,"=""134041.8400""","=""167559.0633""","=""2s2.2p5.(2P*<3/2>).3s""","=""2[3/2]*""","=""2""","=""2s2.2p5.(2P*<3/2>).5p""","=""2[5/2]""","=""3""",5,7,,"=""T6976""","=""L5951""",
Ne,3,"=""299.1737""","=""""","=""299.1731""","=""0.0007""","=""1000""","=""1.5e+08""",C,"=""406332.411""","=""439748.13""","=""2s2.2p3.(2D*).3p""","=""1D""","=""2""","=""2s2.2p3.(2D*).3d""","=""1D*""","=""2""",5,5,,"=""c52""","=""L10704""",
Ne,1,"=""299.24296""","=""0.00008""","=""299.243061""","=""0.000013""","=""2000""","=""8.3e+05""",D+,"=""134459.2871""","=""167867.1941""","=""2s2.2p5.(2P*<3/2>).3s""","=""2[3/2]*""","=""1""","=""2s2.2p5.(2P*<3/2>).5p""","=""2[1/2]""","=""0""",3,1,,"=""T6976""","=""L5951""",
Ne,3,"=""299.649""","=""""","=""299.6515""","=""0.0008""","=""100bl""","=""1.1e+06""",C,"=""406332.411""","=""439694.78""","=""2s2.2p3.(2D*).3p""","=""1D""","=""2""","=""2s2.2p3.(2D*).3d""","=""3P*""","=""1""",5,3,,"=""c52""","=""L10704""",
Ne,2,"=""300.166847""","=""0.000018""","=""300.166856""","=""0.000012""","=""300""","=""8.7e+07""",D,"=""219648.4248""","=""252953.5198""","=""2s2.2p4.(3P).3s""","=""4P""","=""3/2""","=""2s2.2p4.(3P).3p""","=""4S*""","=""3/2""",4,4,,"=""T867LS""","=""L5951""",
Ne,3,"=""300.754""","=""""","=""300.7489""","=""0.0008""","=""100bl""","=""1.4e+06""",C,"=""406332.411""","=""439573.05""","=""2s2.2p3.(2D*).3p""","=""1D""","=""2""","=""2s2.2p3.(2D*).3d""","=""3P*""","=""2""",5,5,,"=""c52""","=""L10704""",
Ne,2,"=""""","=""""","=""301.570901""","=""0.000018""","=""""","=""1.3e+06""",D,"=""219648.4248""","=""252798.4654""","=""2s2.2p4.(3P).3s""","=""4P""","=""3/2""","=""2s2.2p4.(3P).3p""","=""2S*""","=""1/2""",4,2,,"=""T380""","=""""",
Ne,2,"=""301.73093""","=""0.00004""","=""301.730923""","=""0.000018""","=""240bl""","=""3.5e+07""",D,"=""246192.4130""","=""279324.8733""","=""2s2.2p4.(3P).3p""","=""4P*""","=""5/2""","=""2s2.2p4.(3P).3d""","=""4D""","=""3/2""",6,4,,"=""T380""","=""L5951""",
Ne,2,"=""302.701515""","=""0.000018""","=""302.701507""","=""0.000014""","=""200""","=""1.4e+08""",D,"=""246192.4130""","=""279218.6416""","=""2s2.2p4.(3P).3p""","=""4P*""","=""5/2""","=""2s2.2p4.(3P).3d""","=""4D""","=""5/2""",6,6,,"=""T380""","=""L5951""",
Ne,2,"=""302.87000""","=""0.00004""","=""302.87001""","=""0.00003""","=""180""","=""8.5e+07""",D,"=""246415.0144""","=""279422.869""","=""2s2.2p4.(3P).3p""","=""4P*""","=""3/2""","=""2s2.2p4.(3P).3d""","=""4D""","=""1/2""",4,2,,"=""T380""","=""L5951""",
Ne,2,"=""302.886335""","=""0.000018""","=""302.886350""","=""0.000012""","=""240""","=""4.7e+07""",D,"=""219947.4453""","=""252953.5198""","=""2s2.2p4.(3P).3s""","=""4P""","=""1/2""","=""2s2.2p4.(3P).3p""","=""4S*""","=""3/2""",2,4,,"=""T867LS""","=""L5951""",
Ne,2,"=""303.446093""","=""0.000018""","=""303.446102""","=""0.000019""","=""240""","=""3.1e+08""",D,"=""246192.4130""","=""279137.6053""","=""2s2.2p4.(3P).3p""","=""4P*""","=""5/2""","=""2s2.2p4.(3P).3d""","=""4D""","=""7/2""",6,8,,"=""T380""","=""L5951""",
Ne,2,"=""303.771916""","=""0.000018""","=""303.771908""","=""0.000014""","=""200""","=""2.1e+08""",D,"=""246415.0144""","=""279324.8733""","=""2s2.2p4.(3P).3p""","=""4P*""","=""3/2""","=""2s2.2p4.(3P).3d""","=""4D""","=""3/2""",4,4,,"=""T380""","=""L5951""",
Ne,2,"=""304.5556""","=""0.0003""","=""304.55550""","=""0.00003""","=""200""","=""2.5e+08""",D,"=""246597.6805""","=""279422.869""","=""2s2.2p4.(3P).3p""","=""4P*""","=""1/2""","=""2s2.2p4.(3P).3d""","=""4D""","=""1/2""",2,2,,"=""T380""","=""L1406""",
Ne,2,"=""304.755693""","=""0.000019""","=""304.755687""","=""0.000013""","=""240""","=""1.8e+08""",D,"=""246415.0144""","=""279218.6416""","=""2s2.2p4.(3P).3p""","=""4P*""","=""3/2""","=""2s2.2p4.(3P).3d""","=""4D""","=""5/2""",4,6,,"=""T380""","=""L5951""",
Ne,2,"=""305.467475""","=""0.000019""","=""305.467473""","=""0.000014""","=""200""","=""9.4e+07""",D,"=""246597.6805""","=""279324.8733""","=""2s2.2p4.(3P).3p""","=""4P*""","=""1/2""","=""2s2.2p4.(3P).3d""","=""4D""","=""3/2""",2,4,,"=""T380""","=""L5951""",
Ne,3,"=""305.4834""","=""""","=""305.4832""","=""0.0008""","=""1000""","=""3.9e+06""",D,"=""439748.13""","=""472473.64""","=""2s2.2p3.(2D*).3d""","=""1D*""","=""2""","=""2s2.2p3.(2D*).4p""","=""1F""","=""3""",5,7,,"=""T8046""","=""L11529""",
Ne,3,"=""305.6111""","=""""","=""305.6114""","=""0.0007""","=""400""","=""6.5e+07""",C,"=""406332.411""","=""439044.19""","=""2s2.2p3.(2D*).3p""","=""1D""","=""2""","=""2s2.2p3.(2D*).3d""","=""1P*""","=""1""",5,3,,"=""c52""","=""L10704""",
Ne,1,"=""305.73907""","=""0.00008""","=""305.739148""","=""0.000013""","=""3000""","=""1.81e+06""",C,"=""135888.7173""","=""168586.8304""","=""2s2.2p5.(2P*<1/2>).3s""","=""2[1/2]*""","=""1""","=""2s2.2p5.(2P*<1/2>).5p""","=""2[1/2]""","=""0""",3,1,,"=""T6976""","=""L5951""",
Ne,3,"=""309.119""","=""""","=""309.1160""","=""0.0012""","=""200""","=""6.0e+07""",D,"=""439044.19""","=""471385.12""","=""2s2.2p3.(2D*).3d""","=""1P*""","=""1""","=""2s2.2p3.(2D*).4p""","=""1P""","=""1""",3,3,,"=""T8046""","=""L10704""",
Ne,2,"=""309.29020""","=""0.00003""","=""309.29020""","=""0.00003""","=""240""","=""1.3e+08""",D,"=""274364.5596""","=""306687.271""","=""2s2.2p4.(1D).3p""","=""2F*""","=""5/2""","=""2s2.2p4.(1D).3d""","=""2F""","=""5/2""",6,6,,"=""T8043""","=""L5951""",
Ne,2,"=""309.713183""","=""0.000019""","=""309.713165""","=""0.000020""","=""200""","=""1.3e+08""",D,"=""274409.0830""","=""306687.654""","=""2s2.2p4.(1D).3p""","=""2F*""","=""7/2""","=""2s2.2p4.(1D).3d""","=""2F""","=""7/2""",8,8,,"=""T8043""","=""L5951""",
Ne,2,"=""309.7535""","=""0.0010""","=""309.754034""","=""0.000020""","=""80""","=""1.5e+06""",D,"=""249445.9632""","=""281720.2755""","=""2s2.2p4.(3P).3p""","=""4D*""","=""5/2""","=""2s2.2p4.(3P).3d""","=""2P""","=""3/2""",6,4,,"=""T380""","=""L1406""",
Ne,2,"=""311.798072""","=""0.000019""","=""311.798060""","=""0.000014""","=""200""","=""4.2e+06""",D,"=""249108.6138""","=""281171.3566""","=""2s2.2p4.(3P).3p""","=""4D*""","=""7/2""","=""2s2.2p4.(3P).3d""","=""4P""","=""5/2""",8,6,,"=""T380""","=""L5951""",
Ne,1,"=""312.61965""","=""0.00009""","=""312.619706""","=""0.000014""","=""2000""","=""9.6e+05""",C,"=""135888.7173""","=""167867.1941""","=""2s2.2p5.(2P*<1/2>).3s""","=""2[1/2]*""","=""1""","=""2s2.2p5.(2P*<3/2>).5p""","=""2[1/2]""","=""0""",3,1,,"=""T6976""","=""L5951""",
Ne,2,"=""313.2190""","=""0.0003""","=""313.218751""","=""0.000020""","=""180""","=""2.2e+06""",D,"=""249108.6138""","=""281025.9326""","=""2s2.2p4.(3P).3p""","=""4D*""","=""7/2""","=""2s2.2p4.(3P).3d""","=""2F""","=""5/2""",8,6,,"=""T380""","=""L1406""",
Ne,2,"=""313.4066""","=""0.0010""","=""313.40654""","=""0.00003""","=""80""","=""2.6e+07""",D,"=""274364.5596""","=""306262.755""","=""2s2.2p4.(1D).3p""","=""2F*""","=""5/2""","=""2s2.2p4.(1D).3d""","=""2D""","=""3/2""",6,4,,"=""T8043""","=""L1406""",
Ne,2,"=""""","=""""","=""313.578958""","=""0.000020""","=""""","=""2.0e+06""",D,"=""249839.6186""","=""281720.2755""","=""2s2.2p4.(3P).3p""","=""4D*""","=""1/2""","=""2s2.2p4.(3P).3d""","=""2P""","=""3/2""",2,4,,"=""T380""","=""""",
Ne,2,"=""313.5817""","=""0.0010""","=""313.581582""","=""0.000015""","=""160""","=""6.5e+05""",D,"=""219130.7609""","=""251011.1511""","=""2s2.2p4.(3P).3s""","=""4P""","=""5/2""","=""2s2.2p4.(3P).3p""","=""2D*""","=""5/2""",6,6,,"=""T380""","=""L1406""",
Ne,2,"=""313.6476""","=""0.0010""","=""313.647680""","=""0.000015""","=""100""","=""4.9e+05""",D,"=""219648.4248""","=""251522.0967""","=""2s2.2p4.(3P).3s""","=""4P""","=""3/2""","=""2s2.2p4.(3P).3p""","=""2D*""","=""3/2""",4,4,,"=""T380""","=""L1406""",
Ne,2,"=""314.0358""","=""0.0010""","=""314.035363""","=""0.000020""","=""100""","=""2.4e+07""",D,"=""274409.0830""","=""306243.4077""","=""2s2.2p4.(1D).3p""","=""2F*""","=""7/2""","=""2s2.2p4.(1D).3d""","=""2D""","=""5/2""",8,6,,"=""T8043""","=""L1406""",
Ne,2,"=""315.11364""","=""0.00007""","=""315.113666""","=""0.000014""","=""180""","=""4.8e+06""",D,"=""249445.9632""","=""281171.3566""","=""2s2.2p4.(3P).3p""","=""4D*""","=""5/2""","=""2s2.2p4.(3P).3d""","=""4P""","=""5/2""",6,6,,"=""T380""","=""L5951""",
Ne,3,"=""315.260""","=""""","=""315.2591""","=""0.0009""","=""200""","=""1.3e+07""",D,"=""439573.05""","=""471283.81""","=""2s2.2p3.(2D*).3d""","=""3P*""","=""2""","=""2s2.2p3.(2D*).4p""","=""3D""","=""3""",5,7,,"=""T8046""","=""L10704""",
Ne,2,"=""315.4795""","=""0.0003""","=""315.479308""","=""0.000020""","=""140""","=""1.8e+06""",D,"=""249108.6138""","=""280797.2387""","=""2s2.2p4.(3P).3p""","=""4D*""","=""7/2""","=""2s2.2p4.(3P).3d""","=""4F""","=""5/2""",8,6,,"=""T380""","=""L1406""",
Ne,2,"=""315.9937""","=""0.0010""","=""315.993964""","=""0.000020""","=""60""","=""1.9e+06""",D,"=""249695.5051""","=""281332.521""","=""2s2.2p4.(3P).3p""","=""4D*""","=""3/2""","=""2s2.2p4.(3P).3d""","=""2P""","=""1/2""",4,2,,"=""T380""","=""L1406""",
Ne,3,"=""315.995""","=""""","=""315.9942""","=""0.0013""","=""200bl""","=""4.8e+07""",D,"=""439748.13""","=""471385.12""","=""2s2.2p3.(2D*).3d""","=""1D*""","=""2""","=""2s2.2p3.(2D*).4p""","=""1P""","=""1""",5,3,,"=""T8046""","=""L10704""",
Ne,2,"=""316.44295""","=""0.00005""","=""316.442955""","=""0.000021""","=""200""","=""1.6e+07""",D,"=""249108.6138""","=""280700.7426""","=""2s2.2p4.(3P).3p""","=""4D*""","=""7/2""","=""2s2.2p4.(3P).3d""","=""4F""","=""7/2""",8,8,,"=""T380""","=""L5951""",
Ne,3,"=""316.501""","=""""","=""316.5007""","=""0.0009""","=""180""","=""3.1e+07""",D,"=""440887.276""","=""472473.64""","=""2s2.2p3.(2D*).3d""","=""1F*""","=""3""","=""2s2.2p3.(2D*).4p""","=""1F""","=""3""",7,7,,"=""T8046""","=""L10704""",
Ne,2,"=""316.56479""","=""0.00004""","=""316.564801""","=""0.000015""","=""200""","=""1.2e+07""",D,"=""249445.9632""","=""281025.9326""","=""2s2.2p4.(3P).3p""","=""4D*""","=""5/2""","=""2s2.2p4.(3P).3d""","=""2F""","=""5/2""",6,6,,"=""T380""","=""L5951""",
Ne,2,"=""316.6176""","=""0.0010""","=""316.618121""","=""0.000021""","=""140""","=""4.2e+05""",D,"=""219947.4453""","=""251522.0967""","=""2s2.2p4.(3P).3s""","=""4P""","=""1/2""","=""2s2.2p4.(3P).3p""","=""2D*""","=""3/2""",2,4,,"=""T380""","=""L1406""",
Ne,2,"=""316.9308""","=""0.0010""","=""316.930215""","=""0.000021""","=""12""","=""1.7e+07""",D,"=""249445.9632""","=""280989.5229""","=""2s2.2p4.(3P).3p""","=""4D*""","=""5/2""","=""2s2.2p4.(3P).3d""","=""4P""","=""3/2""",6,4,,"=""T380""","=""L1406""",
Ne,3,"=""316.980""","=""""","=""316.9785""","=""0.0009""","=""50""","=""3.9e+06""",D,"=""439694.78""","=""471233.53""","=""2s2.2p3.(2D*).3d""","=""3P*""","=""1""","=""2s2.2p3.(2D*).4p""","=""3D""","=""1""",3,3,,"=""T8046""","=""L10704""",
Ne,2,"=""317.35726""","=""0.00008""","=""317.357278""","=""0.000020""","=""180""","=""4.5e+06""",D,"=""249445.9632""","=""280947.0768""","=""2s2.2p4.(3P).3p""","=""4D*""","=""5/2""","=""2s2.2p4.(3P).3d""","=""4F""","=""3/2""",6,4,,"=""T380""","=""L5951""",
Ne,3,"=""317.517""","=""""","=""317.5123""","=""0.0012""","=""120bl*""","=""6.4e+06""",D,"=""439747.80""","=""471233.53""","=""2s2.2p3.(2D*).3d""","=""3P*""","=""0""","=""2s2.2p3.(2D*).4p""","=""3D""","=""1""",1,3,,"=""T8046""","=""L10704""",
Ne,2,"=""317.61199""","=""0.00008""","=""317.611994""","=""0.000015""","=""180""","=""6.0e+06""",D,"=""249695.5051""","=""281171.3566""","=""2s2.2p4.(3P).3p""","=""4D*""","=""3/2""","=""2s2.2p4.(3P).3d""","=""4P""","=""5/2""",4,6,,"=""T380""","=""L5951""",
Ne,2,"=""318.75763""","=""0.00007""","=""318.757661""","=""0.000015""","=""180""","=""1.4e+06""",D,"=""219648.4248""","=""251011.1511""","=""2s2.2p4.(3P).3s""","=""4P""","=""3/2""","=""2s2.2p4.(3P).3p""","=""2D*""","=""5/2""",4,6,,"=""T380""","=""L5951""",
Ne,2,"=""318.87410""","=""0.00003""","=""318.874089""","=""0.000021""","=""200""","=""3.9e+07""",D,"=""249445.9632""","=""280797.2387""","=""2s2.2p4.(3P).3p""","=""4D*""","=""5/2""","=""2s2.2p4.(3P).3d""","=""4F""","=""5/2""",6,6,,"=""T380""","=""L5951""",
Ne,2,"=""319.08630""","=""0.00005""","=""319.086283""","=""0.000021""","=""180""","=""1.5e+07""",D,"=""249695.5051""","=""281025.9326""","=""2s2.2p4.(3P).3p""","=""4D*""","=""3/2""","=""2s2.2p4.(3P).3d""","=""2F""","=""5/2""",4,6,,"=""T380""","=""L5951""",
Ne,2,"=""319.457537""","=""0.000020""","=""319.457544""","=""0.000016""","=""200""","=""5.2e+07""",D,"=""249695.5051""","=""280989.5229""","=""2s2.2p4.(3P).3p""","=""4D*""","=""3/2""","=""2s2.2p4.(3P).3d""","=""4P""","=""3/2""",4,4,,"=""T380""","=""L5951""",
Ne,2,"=""319.858625""","=""0.000020""","=""319.858617""","=""0.000015""","=""300""","=""1.7e+08""",D,"=""249445.9632""","=""280700.7426""","=""2s2.2p4.(3P).3p""","=""4D*""","=""5/2""","=""2s2.2p4.(3P).3d""","=""4F""","=""7/2""",6,8,,"=""T380""","=""L5951""",
Ne,2,"=""319.8916""","=""0.0003""","=""319.891449""","=""0.000020""","=""120""","=""2.3e+07""",D,"=""249695.5051""","=""280947.0768""","=""2s2.2p4.(3P).3p""","=""4D*""","=""3/2""","=""2s2.2p4.(3P).3d""","=""4F""","=""3/2""",4,4,,"=""T8043""","=""L1406""",
Ne,2,"=""""","=""""","=""320.828153""","=""0.000022""","=""""","=""9.1e+05""",D,"=""249108.6138""","=""280268.9453""","=""2s2.2p4.(3P).3p""","=""4D*""","=""7/2""","=""2s2.2p4.(3P).3d""","=""2D""","=""5/2""",8,6,,"=""T380""","=""""",
Ne,2,"=""320.8965""","=""0.0003""","=""320.896423""","=""0.000022""","=""200""","=""1.6e+07""",D,"=""249108.6138""","=""280262.3163""","=""2s2.2p4.(3P).3p""","=""4D*""","=""7/2""","=""2s2.2p4.(3P).3d""","=""2F""","=""7/2""",8,8,,"=""T380""","=""L1406""",
Ne,2,"=""320.935545""","=""0.000021""","=""320.935552""","=""0.000021""","=""240""","=""6.0e+07""",D,"=""249839.6186""","=""280989.5229""","=""2s2.2p4.(3P).3p""","=""4D*""","=""1/2""","=""2s2.2p4.(3P).3d""","=""4P""","=""3/2""",2,4,,"=""T380""","=""L5951""",
Ne,2,"=""321.373479""","=""0.000021""","=""321.373484""","=""0.000017""","=""240""","=""1.7e+08""",D,"=""249839.6186""","=""280947.0768""","=""2s2.2p4.(3P).3p""","=""4D*""","=""1/2""","=""2s2.2p4.(3P).3d""","=""4F""","=""3/2""",2,4,,"=""T8043""","=""L5951""",
Ne,2,"=""321.432625""","=""0.000021""","=""321.432638""","=""0.000016""","=""300""","=""2.2e+08""",D,"=""249695.5051""","=""280797.2387""","=""2s2.2p4.(3P).3p""","=""4D*""","=""3/2""","=""2s2.2p4.(3P).3d""","=""4F""","=""5/2""",4,6,,"=""T380""","=""L5951""",
Ne,2,"=""""","=""""","=""321.729852""","=""0.000021""","=""""","=""1.3e+07""",D,"=""249695.5051""","=""280768.508""","=""2s2.2p4.(3P).3p""","=""4D*""","=""3/2""","=""2s2.2p4.(3P).3d""","=""4P""","=""1/2""",4,2,,"=""T380""","=""""",
Ne,2,"=""321.819253""","=""0.000021""","=""321.819248""","=""0.000021""","=""300""","=""3.6e+08""",D,"=""249108.6138""","=""280172.9854""","=""2s2.2p4.(3P).3p""","=""4D*""","=""7/2""","=""2s2.2p4.(3P).3d""","=""4F""","=""9/2""",8,10,,"=""T380""","=""L5951""",
Ne,2,"=""""","=""""","=""322.200743""","=""0.000021""","=""""","=""2.0e+06""",D,"=""249445.9632""","=""280473.5550""","=""2s2.2p4.(3P).3p""","=""4D*""","=""5/2""","=""2s2.2p4.(3P).3d""","=""2D""","=""3/2""",6,4,,"=""T380""","=""""",
Ne,2,"=""322.481745""","=""0.000021""","=""322.48174""","=""0.00003""","=""240""","=""3.5e+08""",D,"=""274364.5596""","=""305365.116""","=""2s2.2p4.(1D).3p""","=""2F*""","=""5/2""","=""2s2.2p4.(1D).3d""","=""2G""","=""7/2""",6,8,,"=""T8043""","=""L5951""",
Ne,2,"=""322.9457""","=""0.0003""","=""322.94558""","=""0.00003""","=""180""","=""1.3e+07""",D,"=""274409.0830""","=""305365.116""","=""2s2.2p4.(1D).3p""","=""2F*""","=""7/2""","=""2s2.2p4.(1D).3d""","=""2G""","=""7/2""",8,8,,"=""T8043""","=""L1406""",
Ne,2,"=""322.957175""","=""0.000021""","=""322.957179""","=""0.000021""","=""240""","=""3.6e+08""",D,"=""274409.0830""","=""305364.004""","=""2s2.2p4.(1D).3p""","=""2F*""","=""7/2""","=""2s2.2p4.(1D).3d""","=""2G""","=""9/2""",8,10,,"=""T8043""","=""L5951""",
Ne,2,"=""323.006986""","=""0.000021""","=""323.006993""","=""0.000014""","=""400""","=""1.8e+08""",D,"=""246394.1202""","=""277344.2675""","=""2s2.2p4.(1D).3s""","=""2D""","=""5/2""","=""2s2.2p4.(1D).3p""","=""2D*""","=""5/2""",6,6,,"=""T867LS""","=""L5951""",
Ne,2,"=""323.04209""","=""0.00003""","=""323.042073""","=""0.000016""","=""240""","=""1.4e+07""",D,"=""246397.4810""","=""277344.2675""","=""2s2.2p4.(1D).3s""","=""2D""","=""3/2""","=""2s2.2p4.(1D).3p""","=""2D*""","=""5/2""",4,6,,"=""T867LS""","=""L5951""",
Ne,2,"=""323.2022""","=""0.0003""","=""323.202193""","=""0.000022""","=""240""","=""2.7e+07""",D,"=""246394.1202""","=""277325.5757""","=""2s2.2p4.(1D).3s""","=""2D""","=""5/2""","=""2s2.2p4.(1D).3p""","=""2D*""","=""3/2""",6,4,,"=""T867LS""","=""L1406""",
Ne,2,"=""""","=""""","=""323.229009""","=""0.000022""","=""""","=""3.3e+06""",D,"=""249839.6186""","=""280768.508""","=""2s2.2p4.(3P).3p""","=""4D*""","=""1/2""","=""2s2.2p4.(3P).3d""","=""4P""","=""1/2""",2,2,,"=""T380""","=""""",
Ne,2,"=""323.237314""","=""0.000021""","=""323.237315""","=""0.000021""","=""300""","=""1.6e+08""",D,"=""246397.4810""","=""277325.5757""","=""2s2.2p4.(1D).3s""","=""2D""","=""3/2""","=""2s2.2p4.(1D).3p""","=""2D*""","=""3/2""",4,4,,"=""T867LS""","=""L5951""",
Ne,2,"=""324.33963""","=""0.00005""","=""324.339658""","=""0.000016""","=""200""","=""2.3e+07""",D,"=""249445.9632""","=""280268.9453""","=""2s2.2p4.(3P).3p""","=""4D*""","=""5/2""","=""2s2.2p4.(3P).3d""","=""2D""","=""5/2""",6,6,,"=""T380""","=""L5951""",
Ne,2,"=""324.409425""","=""0.000021""","=""324.409430""","=""0.000021""","=""200""","=""1.5e+08""",D,"=""249445.9632""","=""280262.3163""","=""2s2.2p4.(3P).3p""","=""4D*""","=""5/2""","=""2s2.2p4.(3P).3d""","=""2F""","=""7/2""",6,8,,"=""T380""","=""L5951""",
Ne,2,"=""324.81314""","=""0.00009""","=""324.813171""","=""0.000021""","=""180""","=""2.4e+07""",D,"=""249695.5051""","=""280473.5550""","=""2s2.2p4.(3P).3p""","=""4D*""","=""3/2""","=""2s2.2p4.(3P).3d""","=""2D""","=""3/2""",4,4,,"=""T380""","=""L5951""",
Ne,2,"=""325.54223""","=""0.00015""","=""325.542228""","=""0.000021""","=""120""","=""3.8e+06""",D,"=""251011.1511""","=""281720.2755""","=""2s2.2p4.(3P).3p""","=""2D*""","=""5/2""","=""2s2.2p4.(3P).3d""","=""2P""","=""3/2""",6,4,,"=""T380""","=""L5951""",
Ne,2,"=""326.34128""","=""0.00007""","=""326.341267""","=""0.000022""","=""140""","=""3.9e+07""",D,"=""249839.6186""","=""280473.5550""","=""2s2.2p4.(3P).3p""","=""4D*""","=""1/2""","=""2s2.2p4.(3P).3d""","=""2D""","=""3/2""",2,4,,"=""T380""","=""L5951""",
Ne,2,"=""326.98705""","=""0.00003""","=""326.987026""","=""0.000021""","=""180""","=""5.1e+07""",D,"=""249695.5051""","=""280268.9453""","=""2s2.2p4.(3P).3p""","=""4D*""","=""3/2""","=""2s2.2p4.(3P).3d""","=""2D""","=""5/2""",4,6,,"=""T380""","=""L5951""",
Ne,2,"=""327.0800""","=""0.0003""","=""327.080061""","=""0.000015""","=""180""","=""5.7e+06""",D,"=""219130.7609""","=""249695.5051""","=""2s2.2p4.(3P).3s""","=""4P""","=""5/2""","=""2s2.2p4.(3P).3p""","=""4D*""","=""3/2""",6,4,,"=""T867LS""","=""L1406""",
Ne,2,"=""329.772525""","=""0.000022""","=""329.772537""","=""0.000014""","=""300""","=""4.3e+07""",D,"=""219130.7609""","=""249445.9632""","=""2s2.2p4.(3P).3s""","=""4P""","=""5/2""","=""2s2.2p4.(3P).3p""","=""4D*""","=""5/2""",6,6,,"=""T867LS""","=""L5951""",
Ne,3,"=""330.744""","=""""","=""330.743""","=""0.003""","=""180""","=""3.7e+07""",D,"=""462932.64""","=""493158.9""","=""2s2.2p3.(2P*).3d""","=""1P*""","=""1""","=""2s2.2p3.(2P*).4p""","=""1P""","=""1""",3,3,,"=""T8046""","=""L10704""",
Ne,2,"=""330.973982""","=""0.000022""","=""330.974002""","=""0.000014""","=""300""","=""3.1e+07""",D,"=""224087.0092""","=""254292.1683""","=""2s2.2p4.(3P).3s""","=""2P""","=""3/2""","=""2s2.2p4.(3P).3p""","=""2P*""","=""1/2""",4,2,,"=""T867LS""","=""L5951""",
Ne,2,"=""331.0499""","=""0.0010""","=""331.050509""","=""0.000017""","=""60""","=""6.9e+06""",D,"=""251522.0967""","=""281720.2755""","=""2s2.2p4.(3P).3p""","=""2D*""","=""3/2""","=""2s2.2p4.(3P).3d""","=""2P""","=""3/2""",4,4,,"=""T380""","=""L1406""",
Ne,2,"=""331.127113""","=""0.000022""","=""331.127103""","=""0.000015""","=""180""","=""2.6e+07""",D,"=""219648.4248""","=""249839.6186""","=""2s2.2p4.(3P).3s""","=""4P""","=""3/2""","=""2s2.2p4.(3P).3p""","=""4D*""","=""1/2""",4,2,,"=""T867LS""","=""L5951""",
Ne,2,"=""331.46705""","=""0.00022""","=""331.467333""","=""0.000017""","=""40""","=""4.4e+06""",D,"=""251011.1511""","=""281171.3566""","=""2s2.2p4.(3P).3p""","=""2D*""","=""5/2""","=""2s2.2p4.(3P).3d""","=""4P""","=""5/2""",6,6,,"=""T380""","=""L5951""",
Ne,2,"=""331.9722""","=""0.0003""","=""331.972421""","=""0.000022""","=""600""","=""1.6e+08""",D,"=""246397.4810""","=""276511.800""","=""2s2.2p4.(1D).3s""","=""2D""","=""3/2""","=""2s2.2p4.(1D).3p""","=""2P*""","=""1/2""",4,2,,"=""T867LS""","=""L1406""",
Ne,2,"=""332.01973""","=""0.00004""","=""332.019734""","=""0.000022""","=""160""","=""2.1e+07""",D,"=""249108.6138""","=""279218.6416""","=""2s2.2p4.(3P).3p""","=""4D*""","=""7/2""","=""2s2.2p4.(3P).3d""","=""4D""","=""5/2""",8,6,,"=""T380""","=""L5951""",
Ne,2,"=""332.373505""","=""0.000022""","=""332.373514""","=""0.000013""","=""2000""","=""1.6e+08""",D,"=""224087.0092""","=""254164.9888""","=""2s2.2p4.(3P).3s""","=""2P""","=""3/2""","=""2s2.2p4.(3P).3p""","=""2P*""","=""3/2""",4,4,,"=""T867LS""","=""L5951""",
Ne,2,"=""332.715344""","=""0.000022""","=""332.715326""","=""0.000015""","=""300""","=""9.1e+07""",D,"=""219648.4248""","=""249695.5051""","=""2s2.2p4.(3P).3s""","=""4P""","=""3/2""","=""2s2.2p4.(3P).3p""","=""4D*""","=""3/2""",4,4,,"=""T867LS""","=""L5951""",
Ne,3,"=""332.8698""","=""""","=""332.8697""","=""0.0009""","=""2000""","=""1.1e+08""",C,"=""357928.972""","=""387962.12""","=""2s2.2p3.(2D*).3s""","=""1D*""","=""2""","=""2s2.2p3.(2D*).3p""","=""1P""","=""1""",5,3,,"=""c52""","=""L11529""",
Ne,2,"=""332.915753""","=""0.000022""","=""332.915753""","=""0.000023""","=""200""","=""8.8e+07""",D,"=""249108.6138""","=""279137.6053""","=""2s2.2p4.(3P).3p""","=""4D*""","=""7/2""","=""2s2.2p4.(3P).3d""","=""4D""","=""7/2""",8,8,,"=""T380""","=""L5951""",
Ne,2,"=""333.07335""","=""0.00014""","=""333.073372""","=""0.000023""","=""120""","=""3.9e+06""",D,"=""251011.1511""","=""281025.9326""","=""2s2.2p4.(3P).3p""","=""2D*""","=""5/2""","=""2s2.2p4.(3P).3d""","=""2F""","=""5/2""",6,6,,"=""T380""","=""L5951""",
Ne,2,"=""""","=""""","=""333.477913""","=""0.000022""","=""""","=""3.0e+06""",D,"=""251011.1511""","=""280989.5229""","=""2s2.2p4.(3P).3p""","=""2D*""","=""5/2""","=""2s2.2p4.(3P).3d""","=""4P""","=""3/2""",6,4,,"=""T380""","=""""",
Ne,2,"=""333.483684""","=""0.000017""","=""333.483686""","=""0.000015""","=""400""","=""1.8e+08""",D,"=""219130.7609""","=""249108.6138""","=""2s2.2p4.(3P).3s""","=""4P""","=""5/2""","=""2s2.2p4.(3P).3p""","=""4D*""","=""7/2""",6,8,,"=""T867LS""","=""L5951""",
Ne,2,"=""333.609224""","=""0.000022""","=""333.609234""","=""0.000022""","=""180""","=""1.1e+08""",D,"=""276276.8361""","=""306243.4077""","=""2s2.2p4.(1D).3p""","=""2P*""","=""3/2""","=""2s2.2p4.(1D).3d""","=""2D""","=""5/2""",4,6,,"=""T8043""","=""L5951""",
Ne,3,"=""334.122""","=""""","=""334.1205""","=""0.0015""","=""240""","=""1.2e+08""",D,"=""433011.918""","=""462932.64""","=""2s2.2p3.(2P*).3p""","=""1S""","=""0""","=""2s2.2p3.(2P*).3d""","=""1P*""","=""1""",1,3,,"=""T8046""","=""L10704""",
Ne,3,"=""334.25""","=""""","=""334.218""","=""0.010""","=""0bl""","=""2.65e+00""",A,"=""25840.72""","=""55752.7""","=""2s2.2p4""","=""1D""","=""2""","=""2s2.2p4""","=""1S""","=""0""",5,1,E2,"=""c52""","=""L3453""",
Ne,2,"=""334.439562""","=""0.000022""","=""334.439578""","=""0.000016""","=""300""","=""1.5e+08""",D,"=""219947.4453""","=""249839.6186""","=""2s2.2p4.(3P).3s""","=""4P""","=""1/2""","=""2s2.2p4.(3P).3p""","=""4D*""","=""1/2""",2,2,,"=""T867LS""","=""L5951""",
Ne,2,"=""334.545437""","=""0.000017""","=""334.545426""","=""0.000014""","=""600""","=""1.4e+08""",D,"=""246394.1202""","=""276276.8361""","=""2s2.2p4.(1D).3s""","=""2D""","=""5/2""","=""2s2.2p4.(1D).3p""","=""2P*""","=""3/2""",6,4,,"=""T867LS""","=""L5951""",
Ne,2,"=""334.583041""","=""0.000022""","=""334.583056""","=""0.000015""","=""300""","=""2.2e+07""",D,"=""246397.4810""","=""276276.8361""","=""2s2.2p4.(1D).3s""","=""2D""","=""3/2""","=""2s2.2p4.(1D).3p""","=""2P*""","=""3/2""",4,4,,"=""T867LS""","=""L5951""",
Ne,2,"=""""","=""""","=""334.588040""","=""0.000022""","=""""","=""2.2e+07""",D,"=""249445.9632""","=""279324.8733""","=""2s2.2p4.(3P).3p""","=""4D*""","=""5/2""","=""2s2.2p4.(3P).3d""","=""4D""","=""3/2""",6,4,,"=""T380""","=""""",
Ne,1,"=""335.17495""","=""0.00010""","=""335.174861""","=""0.000016""","=""250""","=""1.08e+04""",D,"=""134459.2871""","=""164285.8872""","=""2s2.2p5.(2P*<3/2>).3s""","=""2[3/2]*""","=""1""","=""2s2.2p5.(2P*<1/2>).4p""","=""2[1/2]""","=""0""",3,1,,"=""T2427""","=""L4498""",
Ne,2,"=""335.35675""","=""0.00013""","=""335.35674""","=""0.00003""","=""140""","=""1.2e+07""",D,"=""251522.0967""","=""281332.521""","=""2s2.2p4.(3P).3p""","=""2D*""","=""3/2""","=""2s2.2p4.(3P).3d""","=""2P""","=""1/2""",4,2,,"=""T380""","=""L5951""",
Ne,2,"=""335.501760""","=""0.000017""","=""335.501769""","=""0.000014""","=""400""","=""1.3e+08""",D,"=""219648.4248""","=""249445.9632""","=""2s2.2p4.(3P).3s""","=""4P""","=""3/2""","=""2s2.2p4.(3P).3p""","=""4D*""","=""5/2""",4,6,,"=""T867LS""","=""L5951""",
Ne,2,"=""335.63078""","=""0.00006""","=""335.630752""","=""0.000023""","=""180""","=""2.0e+07""",D,"=""251011.1511""","=""280797.2387""","=""2s2.2p4.(3P).3p""","=""2D*""","=""5/2""","=""2s2.2p4.(3P).3d""","=""4F""","=""5/2""",6,6,,"=""T380""","=""L5951""",
Ne,2,"=""335.781904""","=""0.000023""","=""335.781920""","=""0.000016""","=""240""","=""5.0e+07""",D,"=""249445.9632""","=""279218.6416""","=""2s2.2p4.(3P).3p""","=""4D*""","=""5/2""","=""2s2.2p4.(3P).3d""","=""4D""","=""5/2""",6,6,,"=""T380""","=""L5951""",
Ne,2,"=""336.0271""","=""0.0003""","=""336.02711""","=""0.00003""","=""180""","=""8.6e+07""",D,"=""276511.800""","=""306262.755""","=""2s2.2p4.(1D).3p""","=""2P*""","=""1/2""","=""2s2.2p4.(1D).3d""","=""2D""","=""3/2""",2,4,,"=""T8043""","=""L1406""",
Ne,2,"=""336.0597""","=""0.0003""","=""336.059812""","=""0.000017""","=""400""","=""8.2e+07""",D,"=""219947.4453""","=""249695.5051""","=""2s2.2p4.(3P).3s""","=""4P""","=""1/2""","=""2s2.2p4.(3P).3p""","=""4D*""","=""3/2""",2,4,,"=""T867LS""","=""L1406""",
Ne,2,"=""336.29378""","=""0.00006""","=""336.29378""","=""0.00003""","=""180""","=""3.5e+07""",D,"=""249695.5051""","=""279422.869""","=""2s2.2p4.(3P).3p""","=""4D*""","=""3/2""","=""2s2.2p4.(3P).3d""","=""4D""","=""1/2""",4,2,,"=""T380""","=""L5951""",
Ne,3,"=""336.610""","=""""","=""336.6082""","=""0.0010""","=""120""","=""1.7e+06""",C,"=""409873.45""","=""439573.05""","=""2s2.2p3.(2P*).3p""","=""3S""","=""1""","=""2s2.2p3.(2D*).3d""","=""3P*""","=""2""",3,5,,"=""c52""","=""L10704""",
Ne,2,"=""336.6985""","=""0.0003""","=""336.698386""","=""0.000023""","=""60""","=""3.5e+06""",D,"=""249445.9632""","=""279137.6053""","=""2s2.2p4.(3P).3p""","=""4D*""","=""5/2""","=""2s2.2p4.(3P).3d""","=""4D""","=""7/2""",6,8,,"=""T380""","=""L1406""",
Ne,2,"=""336.721642""","=""0.000023""","=""336.721642""","=""0.000017""","=""240""","=""1.0e+08""",D,"=""251011.1511""","=""280700.7426""","=""2s2.2p4.(3P).3p""","=""2D*""","=""5/2""","=""2s2.2p4.(3P).3d""","=""4F""","=""7/2""",6,8,,"=""T380""","=""L5951""",
Ne,1,"=""336.98076""","=""0.00005""","=""336.980758""","=""0.000016""","=""5000""","=""1.32e+05""",C,"=""134041.8400""","=""163708.6029""","=""2s2.2p5.(2P*<3/2>).3s""","=""2[3/2]*""","=""2""","=""2s2.2p5.(2P*<1/2>).4p""","=""2[3/2]""","=""2""",5,5,,"=""T6976""","=""L3451""",
Ne,1,"=""336.99069""","=""0.00005""","=""336.990718""","=""0.000016""","=""7000""","=""7.1e+05""",C,"=""134041.8400""","=""163707.7261""","=""2s2.2p5.(2P*<3/2>).3s""","=""2[3/2]*""","=""2""","=""2s2.2p5.(2P*<1/2>).4p""","=""2[1/2]""","=""1""",5,3,,"=""T6976""","=""L3451""",
Ne,2,"=""337.1799""","=""0.0003""","=""337.179696""","=""0.000017""","=""200""","=""2.2e+07""",D,"=""251522.0967""","=""281171.3566""","=""2s2.2p4.(3P).3p""","=""2D*""","=""3/2""","=""2s2.2p4.(3P).3d""","=""4P""","=""5/2""",4,6,,"=""T380""","=""L1406""",
Ne,2,"=""337.40607""","=""0.00003""","=""337.406069""","=""0.000023""","=""160""","=""3.0e+07""",D,"=""249695.5051""","=""279324.8733""","=""2s2.2p4.(3P).3p""","=""4D*""","=""3/2""","=""2s2.2p4.(3P).3d""","=""4D""","=""3/2""",4,4,,"=""T380""","=""L5951""",
Ne,1,"=""337.56489""","=""0.00005""","=""337.564841""","=""0.000016""","=""500""","=""2.20e+05""",D+,"=""134041.8400""","=""163657.2726""","=""2s2.2p5.(2P*<3/2>).3s""","=""2[3/2]*""","=""2""","=""2s2.2p5.(2P*<1/2>).4p""","=""2[3/2]""","=""1""",5,3,,"=""T3163""","=""L3451""",
Ne,2,"=""337.821931""","=""0.000017""","=""337.821915""","=""0.000014""","=""1000""","=""1.7e+08""",D,"=""224699.2716""","=""254292.1683""","=""2s2.2p4.(3P).3s""","=""2P""","=""1/2""","=""2s2.2p4.(3P).3p""","=""2P*""","=""1/2""",2,2,,"=""T867LS""","=""L5951""",
Ne,2,"=""337.93209""","=""0.00007""","=""337.93207""","=""0.00004""","=""160""","=""3.0e+07""",D,"=""249839.6186""","=""279422.869""","=""2s2.2p4.(3P).3p""","=""4D*""","=""1/2""","=""2s2.2p4.(3P).3d""","=""4D""","=""1/2""",2,2,,"=""T380""","=""L5951""",
Ne,2,"=""338.62017""","=""0.00013""","=""338.620180""","=""0.000024""","=""120""","=""5.5e+06""",D,"=""249695.5051""","=""279218.6416""","=""2s2.2p4.(3P).3p""","=""4D*""","=""3/2""","=""2s2.2p4.(3P).3d""","=""4D""","=""5/2""",4,6,,"=""T380""","=""L5951""",
Ne,2,"=""338.841693""","=""0.000017""","=""338.841703""","=""0.000015""","=""300""","=""2.2e+08""",D,"=""251522.0967""","=""281025.9326""","=""2s2.2p4.(3P).3p""","=""2D*""","=""3/2""","=""2s2.2p4.(3P).3d""","=""2F""","=""5/2""",4,6,,"=""T380""","=""L5951""",
Ne,2,"=""339.05521""","=""0.00014""","=""339.055243""","=""0.000023""","=""140""","=""7.7e+06""",D,"=""249839.6186""","=""279324.8733""","=""2s2.2p4.(3P).3p""","=""4D*""","=""1/2""","=""2s2.2p4.(3P).3d""","=""4D""","=""3/2""",2,4,,"=""T380""","=""L5951""",
Ne,2,"=""339.2607""","=""0.0003""","=""339.260386""","=""0.000023""","=""160""","=""1.4e+07""",D,"=""251522.0967""","=""280989.5229""","=""2s2.2p4.(3P).3p""","=""2D*""","=""3/2""","=""2s2.2p4.(3P).3d""","=""4P""","=""3/2""",4,4,,"=""T380""","=""L1406""",
Ne,2,"=""339.280061""","=""0.000017""","=""339.280064""","=""0.000014""","=""600""","=""4.4e+07""",D,"=""224699.2716""","=""254164.9888""","=""2s2.2p4.(3P).3s""","=""2P""","=""1/2""","=""2s2.2p4.(3P).3p""","=""2P*""","=""3/2""",2,4,,"=""T867LS""","=""L5951""",
Ne,2,"=""339.3183""","=""0.0003""","=""339.318220""","=""0.000023""","=""120""","=""2.2e+06""",D,"=""251011.1511""","=""280473.5550""","=""2s2.2p4.(3P).3p""","=""2D*""","=""5/2""","=""2s2.2p4.(3P).3d""","=""2D""","=""3/2""",6,4,,"=""T380""","=""L1406""",
Ne,2,"=""""","=""""","=""339.749791""","=""0.000023""","=""""","=""4.9e+06""",D,"=""251522.0967""","=""280947.0768""","=""2s2.2p4.(3P).3p""","=""2D*""","=""3/2""","=""2s2.2p4.(3P).3d""","=""4F""","=""3/2""",4,4,,"=""T380""","=""""",
Ne,2,"=""340.482085""","=""0.000023""","=""340.482095""","=""0.000023""","=""200""","=""1.9e+08""",D,"=""277325.5757""","=""306687.271""","=""2s2.2p4.(1D).3p""","=""2D*""","=""3/2""","=""2s2.2p4.(1D).3d""","=""2F""","=""5/2""",4,6,,"=""T8043""","=""L5951""",
Ne,2,"=""340.694511""","=""0.000023""","=""340.694545""","=""0.000024""","=""240""","=""2.3e+08""",D,"=""277344.2675""","=""306687.654""","=""2s2.2p4.(1D).3p""","=""2D*""","=""5/2""","=""2s2.2p4.(1D).3d""","=""2F""","=""7/2""",6,8,,"=""T8043""","=""L5951""",
Ne,2,"=""341.13604""","=""0.00009""","=""341.13603""","=""0.00006""","=""160""","=""6.1e+07""",D,"=""276276.8361""","=""305582.249""","=""2s2.2p4.(1D).3p""","=""2P*""","=""3/2""","=""2s2.2p4.(1D).3d""","=""2P""","=""1/2""",4,2,,"=""T8043""","=""L5951""",
Ne,2,"=""341.314530""","=""0.000023""","=""341.314531""","=""0.000023""","=""200""","=""1.8e+08""",D,"=""276276.8361""","=""305566.923""","=""2s2.2p4.(1D).3p""","=""2P*""","=""3/2""","=""2s2.2p4.(1D).3d""","=""2P""","=""3/2""",4,4,,"=""T8043""","=""L5951""",
Ne,2,"=""341.48886""","=""0.00009""","=""341.488777""","=""0.000023""","=""140""","=""1.8e+06""",D,"=""251522.0967""","=""280797.2387""","=""2s2.2p4.(3P).3p""","=""2D*""","=""3/2""","=""2s2.2p4.(3P).3d""","=""4F""","=""5/2""",4,6,,"=""T380""","=""L5951""",
Ne,2,"=""341.691258""","=""0.000023""","=""341.691262""","=""0.000016""","=""240""","=""6.4e+07""",D,"=""251011.1511""","=""280268.9453""","=""2s2.2p4.(3P).3p""","=""2D*""","=""5/2""","=""2s2.2p4.(3P).3d""","=""2D""","=""5/2""",6,6,,"=""T380""","=""L5951""",
Ne,2,"=""341.768703""","=""0.000018""","=""341.768699""","=""0.000016""","=""240""","=""1.6e+08""",D,"=""251011.1511""","=""280262.3163""","=""2s2.2p4.(3P).3p""","=""2D*""","=""5/2""","=""2s2.2p4.(3P).3d""","=""2F""","=""7/2""",6,8,,"=""T380""","=""L5951""",
Ne,1,"=""341.79031""","=""0.00005""","=""341.790310""","=""0.000017""","=""5000""","=""8.7e+05""",C,"=""134459.2871""","=""163708.6029""","=""2s2.2p5.(2P*<3/2>).3s""","=""2[3/2]*""","=""1""","=""2s2.2p5.(2P*<1/2>).4p""","=""2[3/2]""","=""2""",3,5,,"=""T6976""","=""L3451""",
Ne,1,"=""341.80052""","=""0.00011""","=""341.800556""","=""0.000017""","=""500""","=""2.78e+05""",C,"=""134459.2871""","=""163707.7261""","=""2s2.2p5.(2P*<3/2>).3s""","=""2[3/2]*""","=""1""","=""2s2.2p5.(2P*<1/2>).4p""","=""2[1/2]""","=""1""",3,3,,"=""T6976""","=""L5951""",
Ne,1,"=""342.39120""","=""0.00005""","=""342.391198""","=""0.000017""","=""500""","=""1.00e+05""",D+,"=""134459.2871""","=""163657.2726""","=""2s2.2p5.(2P*<3/2>).3s""","=""2[3/2]*""","=""1""","=""2s2.2p5.(2P*<1/2>).4p""","=""2[3/2]""","=""1""",3,3,,"=""T3163""","=""L3451""",
Ne,2,"=""343.8935""","=""0.0003""","=""343.89337""","=""0.00006""","=""180""","=""1.4e+08""",D,"=""276511.800""","=""305582.249""","=""2s2.2p4.(1D).3p""","=""2P*""","=""1/2""","=""2s2.2p4.(1D).3d""","=""2P""","=""1/2""",2,2,,"=""T8043""","=""L1406""",
Ne,2,"=""344.07474""","=""0.00012""","=""344.07477""","=""0.00004""","=""140""","=""3.5e+07""",D,"=""276511.800""","=""305566.923""","=""2s2.2p4.(1D).3p""","=""2P*""","=""1/2""","=""2s2.2p4.(1D).3d""","=""2P""","=""3/2""",2,4,,"=""T8043""","=""L5951""",
Ne,1,"=""344.77022""","=""0.00005""","=""344.770244""","=""0.000017""","=""2000""","=""2.13e+06""",C+,"=""134041.8400""","=""163038.3544""","=""2s2.2p5.(2P*<3/2>).3s""","=""2[3/2]*""","=""2""","=""2s2.2p5.(2P*<3/2>).4p""","=""2[3/2]""","=""2""",5,5,,"=""T6976""","=""L3451""",
Ne,1,"=""345.07641""","=""0.00005""","=""345.076453""","=""0.000017""","=""500""","=""4.70e+05""",C,"=""134041.8400""","=""163012.6247""","=""2s2.2p5.(2P*<3/2>).3s""","=""2[3/2]*""","=""2""","=""2s2.2p5.(2P*<3/2>).4p""","=""2[3/2]""","=""1""",5,3,,"=""T6976""","=""L3451""",
Ne,2,"=""345.30685""","=""0.00004""","=""345.306814""","=""0.000024""","=""160""","=""4.6e+07""",D,"=""251522.0967""","=""280473.5550""","=""2s2.2p4.(3P).3p""","=""2D*""","=""3/2""","=""2s2.2p4.(3P).3d""","=""2D""","=""3/2""",4,4,,"=""T380""","=""L5951""",
Ne,1,"=""345.41942""","=""0.00005""","=""345.419438""","=""0.000017""","=""1000""","=""3.68e+06""",C,"=""134459.2871""","=""163401.3061""","=""2s2.2p5.(2P*<3/2>).3s""","=""2[3/2]*""","=""1""","=""2s2.2p5.(2P*<3/2>).4p""","=""2[1/2]""","=""0""",3,1,,"=""T6976""","=""L3451""",
Ne,2,"=""345.477204""","=""0.000024""","=""345.477210""","=""0.000024""","=""180""","=""1.6e+08""",D,"=""277325.5757""","=""306262.755""","=""2s2.2p4.(1D).3p""","=""2D*""","=""3/2""","=""2s2.2p4.(1D).3d""","=""2D""","=""3/2""",4,4,,"=""T8043""","=""L5951""",
Ne,2,"=""345.660816""","=""0.000024""","=""345.660804""","=""0.000018""","=""200""","=""9.6e+07""",D,"=""252798.4654""","=""281720.2755""","=""2s2.2p4.(3P).3p""","=""2S*""","=""1/2""","=""2s2.2p4.(3P).3d""","=""2P""","=""3/2""",2,4,,"=""T380""","=""L5951""",
Ne,2,"=""345.7084""","=""0.0003""","=""345.708357""","=""0.000024""","=""140""","=""9.9e+06""",D,"=""277325.5757""","=""306243.4077""","=""2s2.2p4.(1D).3p""","=""2D*""","=""3/2""","=""2s2.2p4.(1D).3d""","=""2D""","=""5/2""",4,6,,"=""T8043""","=""L1406""",
Ne,2,"=""345.931971""","=""0.000024""","=""345.931965""","=""0.000024""","=""200""","=""1.6e+08""",D,"=""277344.2675""","=""306243.4077""","=""2s2.2p4.(1D).3p""","=""2D*""","=""5/2""","=""2s2.2p4.(1D).3d""","=""2D""","=""5/2""",6,6,,"=""T8043""","=""L5951""",
Ne,1,"=""346.05235""","=""0.00005""","=""346.052368""","=""0.000017""","=""1000""","=""7.5e+05""",C,"=""134818.6405""","=""163707.7261""","=""2s2.2p5.(2P*<1/2>).3s""","=""2[1/2]*""","=""0""","=""2s2.2p5.(2P*<1/2>).4p""","=""2[1/2]""","=""1""",1,3,,"=""T6976""","=""L3451""",
Ne,2,"=""346.321""","=""0.010""","=""346.323005""","=""0.000018""","=""""","=""2.8e+06""",D,"=""224087.0092""","=""252953.5198""","=""2s2.2p4.(3P).3s""","=""2P""","=""3/2""","=""2s2.2p4.(3P).3p""","=""4S*""","=""3/2""",4,4,,"=""T380""","=""L9088c153""",
Ne,1,"=""346.43385""","=""0.00005""","=""346.433825""","=""0.000017""","=""1000""","=""6.4e+05""",C,"=""134041.8400""","=""162899.1169""","=""2s2.2p5.(2P*<3/2>).3s""","=""2[3/2]*""","=""2""","=""2s2.2p5.(2P*<3/2>).4p""","=""2[5/2]""","=""2""",5,5,,"=""T6976""","=""L3451""",
Ne,1,"=""346.65781""","=""0.00005""","=""346.657808""","=""0.000017""","=""2000""","=""1.25e+06""",C,"=""134818.6405""","=""163657.2726""","=""2s2.2p5.(2P*<1/2>).3s""","=""2[1/2]*""","=""0""","=""2s2.2p5.(2P*<1/2>).4p""","=""2[3/2]""","=""1""",1,3,,"=""T6976""","=""L3451""",
Ne,1,"=""347.25706""","=""0.00005""","=""347.257063""","=""0.000017""","=""5000""","=""1.69e+06""",C+,"=""134041.8400""","=""162830.7073""","=""2s2.2p5.(2P*<3/2>).3s""","=""2[3/2]*""","=""2""","=""2s2.2p5.(2P*<3/2>).4p""","=""2[5/2]""","=""3""",5,7,,"=""T6976""","=""L3451""",
Ne,2,"=""347.5240""","=""0.0010""","=""347.523991""","=""0.000024""","=""60""","=""1.2e+06""",D,"=""252953.5198""","=""281720.2755""","=""2s2.2p4.(3P).3p""","=""4S*""","=""3/2""","=""2s2.2p4.(3P).3d""","=""2P""","=""3/2""",4,4,,"=""T380""","=""L1406""",
Ne,2,"=""347.76466""","=""0.00004""","=""347.764657""","=""0.000017""","=""160""","=""4.3e+07""",D,"=""251522.0967""","=""280268.9453""","=""2s2.2p4.(3P).3p""","=""2D*""","=""3/2""","=""2s2.2p4.(3P).3d""","=""2D""","=""5/2""",4,6,,"=""T380""","=""L5951""",
Ne,2,"=""347.95186""","=""0.00004""","=""347.95185""","=""0.00004""","=""300""","=""1.6e+08""",D,"=""276677.1142""","=""305408.498""","=""2s2.2p4.(1S).3s""","=""2S""","=""1/2""","=""2s2.2p4.(1S).3p""","=""2P*""","=""1/2""",2,2,,"=""T380""","=""L9088""",
Ne,2,"=""348.071808""","=""0.000017""","=""348.071802""","=""0.000017""","=""400""","=""1.6e+08""",D,"=""276677.1142""","=""305398.5968""","=""2s2.2p4.(1S).3s""","=""2S""","=""1/2""","=""2s2.2p4.(1S).3p""","=""2P*""","=""3/2""",2,4,,"=""T380""","=""L5951""",
Ne,2,"=""348.193369""","=""0.000017""","=""348.193357""","=""0.000016""","=""400""","=""1.4e+08""",D,"=""224087.0092""","=""252798.4654""","=""2s2.2p4.(3P).3s""","=""2P""","=""3/2""","=""2s2.2p4.(3P).3p""","=""2S*""","=""1/2""",4,2,,"=""T867LS""","=""L5951""",
Ne,1,"=""349.80632""","=""0.00005""","=""349.806366""","=""0.000017""","=""1000""","=""4.84e+05""",C,"=""134459.2871""","=""163038.3544""","=""2s2.2p5.(2P*<3/2>).3s""","=""2[3/2]*""","=""1""","=""2s2.2p5.(2P*<3/2>).4p""","=""2[3/2]""","=""2""",3,5,,"=""T6976""","=""L3451""",
Ne,1,"=""350.12154""","=""0.00005""","=""350.121589""","=""0.000017""","=""2000""","=""1.20e+06""",C,"=""134459.2871""","=""163012.6247""","=""2s2.2p5.(2P*<3/2>).3s""","=""2[3/2]*""","=""1""","=""2s2.2p5.(2P*<3/2>).4p""","=""2[3/2]""","=""1""",3,3,,"=""T6976""","=""L3451""",
Ne,2,"=""350.35820""","=""0.00002""","=""350.358192""","=""0.000025""","=""180""","=""2.0e+08""",D,"=""252798.4654""","=""281332.521""","=""2s2.2p4.(3P).3p""","=""2S*""","=""1/2""","=""2s2.2p4.(3P).3d""","=""2P""","=""1/2""",2,2,,"=""T380""","=""L5951""",
Ne,1,"=""351.07207""","=""0.00005""","=""351.072070""","=""0.000018""","=""500""","=""2.51e+05""",C,"=""134041.8400""","=""162517.8755""","=""2s2.2p5.(2P*<3/2>).3s""","=""2[3/2]*""","=""2""","=""2s2.2p5.(2P*<3/2>).4p""","=""2[1/2]""","=""1""",5,3,,"=""T6976""","=""L3451""",
Ne,1,"=""351.51900""","=""0.00005""","=""351.519020""","=""0.000018""","=""2000""","=""6.7e+05""",C,"=""134459.2871""","=""162899.1169""","=""2s2.2p5.(2P*<3/2>).3s""","=""2[3/2]*""","=""1""","=""2s2.2p5.(2P*<3/2>).4p""","=""2[5/2]""","=""2""",3,5,,"=""T6976""","=""L3451""",
Ne,1,"=""352.04714""","=""0.00005""","=""352.047107""","=""0.000018""","=""10000""","=""7.58e+06""",C+,"=""135888.7173""","=""164285.8872""","=""2s2.2p5.(2P*<1/2>).3s""","=""2[1/2]*""","=""1""","=""2s2.2p5.(2P*<1/2>).4p""","=""2[1/2]""","=""0""",3,1,,"=""T6976""","=""L3451""",
Ne,2,"=""352.2722""","=""0.0003""","=""352.27250""","=""0.00004""","=""40""","=""2.3e+06""",D,"=""252953.5198""","=""281332.521""","=""2s2.2p4.(3P).3p""","=""4S*""","=""3/2""","=""2s2.2p4.(3P).3d""","=""2P""","=""1/2""",4,2,,"=""T380""","=""L1406""",
Ne,2,"=""353.79757""","=""0.00006""","=""353.79759""","=""0.00006""","=""140""","=""7.6e+07""",D,"=""277325.5757""","=""305582.249""","=""2s2.2p4.(1D).3p""","=""2D*""","=""3/2""","=""2s2.2p4.(1D).3d""","=""2P""","=""1/2""",4,2,,"=""T8043""","=""L5951""",
Ne,2,"=""353.826""","=""0.010""","=""353.827959""","=""0.000019""","=""""","=""9.0e+05""",D,"=""224699.2716""","=""252953.5198""","=""2s2.2p4.(3P).3s""","=""2P""","=""1/2""","=""2s2.2p4.(3P).3p""","=""4S*""","=""3/2""",2,4,,"=""T380""","=""L9088c153""",
Ne,2,"=""353.9895""","=""0.0003""","=""353.98960""","=""0.00004""","=""60""","=""3.6e+06""",D,"=""277325.5757""","=""305566.923""","=""2s2.2p4.(1D).3p""","=""2D*""","=""3/2""","=""2s2.2p4.(1D).3d""","=""2P""","=""3/2""",4,4,,"=""T8043""","=""L1406""",
Ne,2,"=""354.22406""","=""0.00004""","=""354.22405""","=""0.00003""","=""160""","=""6.0e+07""",D,"=""277344.2675""","=""305566.923""","=""2s2.2p4.(1D).3p""","=""2D*""","=""5/2""","=""2s2.2p4.(1D).3d""","=""2P""","=""3/2""",6,4,,"=""T8043""","=""L5951""",
Ne,2,"=""354.284520""","=""0.000018""","=""354.284540""","=""0.000015""","=""240""","=""1.2e+08""",D,"=""252953.5198""","=""281171.3566""","=""2s2.2p4.(3P).3p""","=""4S*""","=""3/2""","=""2s2.2p4.(3P).3d""","=""4P""","=""5/2""",4,6,,"=""T380""","=""L5951""",
Ne,2,"=""""","=""""","=""354.41449""","=""0.00003""","=""""","=""3.7e+05""",D,"=""251011.1511""","=""279218.6416""","=""2s2.2p4.(3P).3p""","=""2D*""","=""5/2""","=""2s2.2p4.(3P).3d""","=""4D""","=""5/2""",6,6,,"=""T380""","=""""",
Ne,2,"=""354.6211""","=""0.0003""","=""354.62109""","=""0.00003""","=""100""","=""6.3e+06""",D,"=""252798.4654""","=""280989.5229""","=""2s2.2p4.(3P).3p""","=""2S*""","=""1/2""","=""2s2.2p4.(3P).3d""","=""4P""","=""3/2""",2,4,,"=""T380""","=""L1406""",
Ne,2,"=""355.1557""","=""0.0010""","=""355.15585""","=""0.00003""","=""40""","=""3.7e+06""",D,"=""252798.4654""","=""280947.0768""","=""2s2.2p4.(3P).3p""","=""2S*""","=""1/2""","=""2s2.2p4.(3P).3d""","=""4F""","=""3/2""",2,4,,"=""T380""","=""L1406""",
Ne,2,"=""""","=""""","=""355.43564""","=""0.00003""","=""""","=""1.3e+06""",D,"=""251011.1511""","=""279137.6053""","=""2s2.2p4.(3P).3p""","=""2D*""","=""5/2""","=""2s2.2p4.(3P).3d""","=""4D""","=""7/2""",6,8,,"=""T380""","=""""",
Ne,2,"=""355.7805""","=""0.0003""","=""355.78048""","=""0.00003""","=""240""","=""1.9e+07""",D,"=""224699.2716""","=""252798.4654""","=""2s2.2p4.(3P).3s""","=""2P""","=""1/2""","=""2s2.2p4.(3P).3p""","=""2S*""","=""1/2""",2,2,,"=""T867LS""","=""L1406""",
Ne,2,"=""356.11990""","=""0.00003""","=""356.119898""","=""0.000018""","=""200""","=""2.1e+07""",D,"=""252953.5198""","=""281025.9326""","=""2s2.2p4.(3P).3p""","=""4S*""","=""3/2""","=""2s2.2p4.(3P).3d""","=""2F""","=""5/2""",4,6,,"=""T380""","=""L5951""",
Ne,2,"=""356.5826""","=""0.0003""","=""356.58240""","=""0.00003""","=""180""","=""6.2e+07""",D,"=""252953.5198""","=""280989.5229""","=""2s2.2p4.(3P).3p""","=""4S*""","=""3/2""","=""2s2.2p4.(3P).3d""","=""4P""","=""3/2""",4,4,,"=""T380""","=""L1406""",
Ne,2,"=""356.850219""","=""0.000018""","=""356.850210""","=""0.000017""","=""500""","=""1.4e+08""",D,"=""246394.1202""","=""274409.0830""","=""2s2.2p4.(1D).3s""","=""2D""","=""5/2""","=""2s2.2p4.(1D).3p""","=""2F*""","=""7/2""",6,8,,"=""T867LS""","=""L5951""",
Ne,2,"=""357.123112""","=""0.000019""","=""357.123090""","=""0.000018""","=""200""","=""6.3e+07""",D,"=""252953.5198""","=""280947.0768""","=""2s2.2p4.(3P).3p""","=""4S*""","=""3/2""","=""2s2.2p4.(3P).3d""","=""4F""","=""3/2""",4,4,,"=""T380""","=""L5951""",
Ne,2,"=""357.41826""","=""0.00003""","=""357.418261""","=""0.000018""","=""200""","=""1.0e+07""",D,"=""246394.1202""","=""274364.5596""","=""2s2.2p4.(1D).3s""","=""2D""","=""5/2""","=""2s2.2p4.(1D).3p""","=""2F*""","=""5/2""",6,6,,"=""T867LS""","=""L5951""",
Ne,2,"=""""","=""""","=""357.42333""","=""0.00003""","=""""","=""4.6e+06""",D,"=""252798.4654""","=""280768.508""","=""2s2.2p4.(3P).3p""","=""2S*""","=""1/2""","=""2s2.2p4.(3P).3d""","=""4P""","=""1/2""",2,2,,"=""T380""","=""""",
Ne,2,"=""357.461224""","=""0.000018""","=""357.461213""","=""0.000017""","=""400""","=""1.3e+08""",D,"=""246397.4810""","=""274364.5596""","=""2s2.2p4.(1D).3s""","=""2D""","=""3/2""","=""2s2.2p4.(1D).3p""","=""2F*""","=""5/2""",4,6,,"=""T867LS""","=""L5951""",
Ne,2,"=""359.0449""","=""0.0003""","=""359.04496""","=""0.00003""","=""80""","=""3.6e+06""",D,"=""252953.5198""","=""280797.2387""","=""2s2.2p4.(3P).3p""","=""4S*""","=""3/2""","=""2s2.2p4.(3P).3d""","=""4F""","=""5/2""",4,6,,"=""T380""","=""L1406""",
Ne,1,"=""359.35263""","=""0.00005""","=""359.352567""","=""0.000018""","=""5000""","=""8.87e+05""",C+,"=""135888.7173""","=""163708.6029""","=""2s2.2p5.(2P*<1/2>).3s""","=""2[1/2]*""","=""1""","=""2s2.2p5.(2P*<1/2>).4p""","=""2[3/2]""","=""2""",3,5,,"=""T6976""","=""L3451""",
Ne,1,"=""359.36385""","=""0.00004""","=""359.363893""","=""0.000018""","=""3000""","=""7.4e+05""",C,"=""135888.7173""","=""163707.7261""","=""2s2.2p5.(2P*<1/2>).3s""","=""2[1/2]*""","=""1""","=""2s2.2p5.(2P*<1/2>).4p""","=""2[1/2]""","=""1""",3,3,,"=""T6976""","=""L5951""",
Ne,2,"=""359.41582""","=""0.00003""","=""359.41584""","=""0.00003""","=""160""","=""1.3e+08""",D,"=""252953.5198""","=""280768.508""","=""2s2.2p4.(3P).3p""","=""4S*""","=""3/2""","=""2s2.2p4.(3P).3d""","=""4P""","=""1/2""",4,2,,"=""T380""","=""L5951""",
Ne,1,"=""360.01694""","=""0.00005""","=""360.016850""","=""0.000018""","=""1000""","=""4.37e+05""",C,"=""135888.7173""","=""163657.2726""","=""2s2.2p5.(2P*<1/2>).3s""","=""2[1/2]*""","=""1""","=""2s2.2p5.(2P*<1/2>).4p""","=""2[3/2]""","=""1""",3,3,,"=""T6976""","=""L3451""",
Ne,1,"=""360.91787""","=""0.00005""","=""360.917855""","=""0.000019""","=""500""","=""5.0e+04""",D,"=""134818.6405""","=""162517.8755""","=""2s2.2p5.(2P*<1/2>).3s""","=""2[1/2]*""","=""0""","=""2s2.2p5.(2P*<3/2>).4p""","=""2[1/2]""","=""1""",1,3,,"=""T3163""","=""L3451""",
Ne,2,"=""361.23270""","=""0.00020""","=""361.23275""","=""0.00003""","=""140""","=""2.6e+07""",D,"=""252798.4654""","=""280473.5550""","=""2s2.2p4.(3P).3p""","=""2S*""","=""1/2""","=""2s2.2p4.(3P).3d""","=""2D""","=""3/2""",2,4,,"=""T380""","=""L9088""",
Ne,2,"=""362.80329""","=""0.00003""","=""362.803334""","=""0.000019""","=""180""","=""6.0e+07""",D,"=""254164.9888""","=""281720.2755""","=""2s2.2p4.(3P).3p""","=""2P*""","=""3/2""","=""2s2.2p4.(3P).3d""","=""2P""","=""3/2""",4,4,,"=""T380""","=""L5951""",
Ne,2,"=""363.26804""","=""0.00009""","=""363.26808""","=""0.00003""","=""140""","=""1.3e+07""",D,"=""252953.5198""","=""280473.5550""","=""2s2.2p4.(3P).3p""","=""4S*""","=""3/2""","=""2s2.2p4.(3P).3d""","=""2D""","=""3/2""",4,4,,"=""T380""","=""L5951""",
Ne,1,"=""363.36643""","=""0.00005""","=""363.366399""","=""0.000019""","=""1000""","=""8.2e+05""",C,"=""135888.7173""","=""163401.3061""","=""2s2.2p5.(2P*<1/2>).3s""","=""2[1/2]*""","=""1""","=""2s2.2p5.(2P*<3/2>).4p""","=""2[1/2]""","=""0""",3,1,,"=""T6976""","=""L3451""",
Ne,2,"=""364.392908""","=""0.000019""","=""364.392899""","=""0.000016""","=""300""","=""3.2e+07""",D,"=""224087.0092""","=""251522.0967""","=""2s2.2p4.(3P).3s""","=""2P""","=""3/2""","=""2s2.2p4.(3P).3p""","=""2D*""","=""3/2""",4,4,,"=""T867LS""","=""L5951""",
Ne,2,"=""364.48566""","=""0.00003""","=""364.485637""","=""0.000019""","=""180""","=""9.9e+07""",D,"=""254292.1683""","=""281720.2755""","=""2s2.2p4.(3P).3p""","=""2P*""","=""1/2""","=""2s2.2p4.(3P).3d""","=""2P""","=""3/2""",2,4,,"=""T380""","=""L5951""",
Ne,3,"=""365.240""","=""""","=""365.2419""","=""0.0015""","=""90""","=""4.7e+06""",C,"=""412376.48""","=""439747.80""","=""2s2.2p3.(2P*).3p""","=""3D""","=""1""","=""2s2.2p3.(2D*).3d""","=""3P*""","=""0""",3,1,,"=""c52""","=""L10704""",
Ne,3,"=""365.939""","=""""","=""365.9377""","=""0.0012""","=""100""","=""3.5e+06""",C,"=""412375.508""","=""439694.78""","=""2s2.2p3.(2P*).3p""","=""3D""","=""2""","=""2s2.2p3.(2D*).3d""","=""3P*""","=""1""",5,3,,"=""c52""","=""L10704""",
Ne,2,"=""365.98921""","=""0.00009""","=""365.98925""","=""0.00003""","=""120""","=""6.7e+06""",D,"=""252953.5198""","=""280268.9453""","=""2s2.2p4.(3P).3p""","=""4S*""","=""3/2""","=""2s2.2p4.(3P).3d""","=""2D""","=""5/2""",4,6,,"=""T380""","=""L5951""",
Ne,2,"=""366.407402""","=""0.000019""","=""366.407405""","=""0.000018""","=""400""","=""7.0e+07""",D,"=""219130.7609""","=""246415.0144""","=""2s2.2p4.(3P).3s""","=""4P""","=""5/2""","=""2s2.2p4.(3P).3p""","=""4P*""","=""3/2""",6,4,,"=""T867LS""","=""L5951""",
Ne,3,"=""366.553""","=""""","=""366.5506""","=""0.0018""","=""160""","=""4.6e+07""",D,"=""471385.12""","=""498658.714""","=""2s2.2p3.(2D*).4p""","=""1P""","=""1""","=""2s2.2p3.(2D*).5s""","=""1D*""","=""2""",3,5,,"=""T8046""","=""L10704""",
Ne,3,"=""367.203""","=""""","=""367.2048""","=""0.0012""","=""160""","=""3.9e+06""",C,"=""412348.045""","=""439573.05""","=""2s2.2p3.(2P*).3p""","=""3D""","=""3""","=""2s2.2p3.(2D*).3d""","=""3P*""","=""2""",7,5,,"=""c52""","=""L10704""",
Ne,3,"=""367.575""","=""""","=""367.5756""","=""0.0012""","=""70""","=""5.8e+05""",C,"=""412375.508""","=""439573.05""","=""2s2.2p3.(2P*).3p""","=""3D""","=""2""","=""2s2.2p3.(2D*).3d""","=""3P*""","=""2""",5,5,,"=""c52""","=""L10704""",
Ne,2,"=""367.98160""","=""0.00011""","=""367.98166""","=""0.00004""","=""100""","=""3.2e+07""",D,"=""254164.9888""","=""281332.521""","=""2s2.2p4.(3P).3p""","=""2P*""","=""3/2""","=""2s2.2p4.(3P).3d""","=""2P""","=""1/2""",4,2,,"=""T380""","=""L5951""",
Ne,1,"=""368.22421""","=""0.00005""","=""368.224215""","=""0.000019""","=""1000""","=""1.35e+05""",C,"=""135888.7173""","=""163038.3544""","=""2s2.2p5.(2P*<1/2>).3s""","=""2[1/2]*""","=""1""","=""2s2.2p5.(2P*<3/2>).4p""","=""2[3/2]""","=""2""",3,5,,"=""T6976""","=""L3451""",
Ne,1,"=""368.57351""","=""0.00005""","=""368.573521""","=""0.000019""","=""1000""","=""3.96e+05""",C,"=""135888.7173""","=""163012.6247""","=""2s2.2p5.(2P*<1/2>).3s""","=""2[1/2]*""","=""1""","=""2s2.2p5.(2P*<3/2>).4p""","=""2[3/2]""","=""1""",3,3,,"=""T6976""","=""L3451""",
Ne,2,"=""369.421454""","=""0.000019""","=""369.421446""","=""0.000017""","=""400""","=""1.0e+08""",D,"=""219130.7609""","=""246192.4130""","=""2s2.2p4.(3P).3s""","=""4P""","=""5/2""","=""2s2.2p4.(3P).3p""","=""4P*""","=""5/2""",6,6,,"=""T867LS""","=""L5951""",
Ne,2,"=""369.71234""","=""0.00012""","=""369.71244""","=""0.00003""","=""100""","=""2.8e+07""",D,"=""254292.1683""","=""281332.521""","=""2s2.2p4.(3P).3p""","=""2P*""","=""1/2""","=""2s2.2p4.(3P).3d""","=""2P""","=""1/2""",2,2,,"=""T380""","=""L5951""",
Ne,1,"=""370.12247""","=""0.00005""","=""370.122445""","=""0.000019""","=""400""","=""2.21e+05""",C,"=""135888.7173""","=""162899.1169""","=""2s2.2p5.(2P*<1/2>).3s""","=""2[1/2]*""","=""1""","=""2s2.2p5.(2P*<3/2>).4p""","=""2[5/2]""","=""2""",3,5,,"=""T6976""","=""L3451""",
Ne,2,"=""370.17769""","=""0.00003""","=""370.177702""","=""0.000018""","=""180""","=""2.7e+07""",D,"=""254164.9888""","=""281171.3566""","=""2s2.2p4.(3P).3p""","=""2P*""","=""3/2""","=""2s2.2p4.(3P).3d""","=""4P""","=""5/2""",4,6,,"=""T380""","=""L5951""",
Ne,2,"=""370.962218""","=""0.000019""","=""370.962220""","=""0.000017""","=""300""","=""1.1e+08""",D,"=""219648.4248""","=""246597.6805""","=""2s2.2p4.(3P).3s""","=""4P""","=""3/2""","=""2s2.2p4.(3P).3p""","=""4P*""","=""1/2""",4,2,,"=""T867LS""","=""L5951""",
Ne,2,"=""371.308260""","=""0.000018""","=""371.308248""","=""0.000017""","=""500""","=""1.3e+08""",D,"=""224087.0092""","=""251011.1511""","=""2s2.2p4.(3P).3s""","=""2P""","=""3/2""","=""2s2.2p4.(3P).3p""","=""2D*""","=""5/2""",4,6,,"=""T867LS""","=""L5951""",
Ne,2,"=""372.1819""","=""0.0003""","=""372.181879""","=""0.000020""","=""100""","=""2.0e+07""",D,"=""254164.9888""","=""281025.9326""","=""2s2.2p4.(3P).3p""","=""2P*""","=""3/2""","=""2s2.2p4.(3P).3d""","=""2F""","=""5/2""",4,6,,"=""T380""","=""L1406""",
Ne,2,"=""372.6872""","=""0.0003""","=""372.68707""","=""0.00003""","=""60""","=""1.2e+07""",D,"=""254164.9888""","=""280989.5229""","=""2s2.2p4.(3P).3p""","=""2P*""","=""3/2""","=""2s2.2p4.(3P).3d""","=""4P""","=""3/2""",4,4,,"=""T380""","=""L1406""",
Ne,2,"=""372.710810""","=""0.000018""","=""372.710811""","=""0.000017""","=""500""","=""9.8e+07""",D,"=""224699.2716""","=""251522.0967""","=""2s2.2p4.(3P).3s""","=""2P""","=""1/2""","=""2s2.2p4.(3P).3p""","=""2D*""","=""3/2""",2,4,,"=""T867LS""","=""L5951""",
Ne,3,"=""373.204""","=""""","=""373.2044""","=""0.0016""","=""90bl""","=""1.2e+07""",D,"=""471233.53""","=""498020.88""","=""2s2.2p3.(2D*).4p""","=""3D""","=""1""","=""2s2.2p3.(2D*).5s""","=""3D*""","=""2""",3,5,,"=""T8046""","=""L10704""",
Ne,2,"=""373.2775""","=""0.0020""","=""373.27774""","=""0.00003""","=""12w""","=""3.0e+06""",D,"=""254164.9888""","=""280947.0768""","=""2s2.2p4.(3P).3p""","=""2P*""","=""3/2""","=""2s2.2p4.(3P).3d""","=""4F""","=""3/2""",4,4,,"=""T380""","=""L1406""",
Ne,2,"=""373.493884""","=""0.000020""","=""373.493881""","=""0.000015""","=""180""","=""1.9e+07""",D,"=""219648.4248""","=""246415.0144""","=""2s2.2p4.(3P).3s""","=""4P""","=""3/2""","=""2s2.2p4.(3P).3p""","=""4P*""","=""3/2""",4,4,,"=""T867LS""","=""L5951""",
Ne,3,"=""373.766""","=""""","=""373.7677""","=""0.0016""","=""200""","=""6.8e+07""",D,"=""471273.90""","=""498020.88""","=""2s2.2p3.(2D*).4p""","=""3D""","=""2""","=""2s2.2p3.(2D*).5s""","=""3D*""","=""2""",5,5,,"=""T8046""","=""L10704""",
Ne,3,"=""374.136""","=""""","=""374.1376""","=""0.0015""","=""120""","=""1.0e+07""",D,"=""471273.90""","=""497994.44""","=""2s2.2p3.(2D*).4p""","=""3D""","=""2""","=""2s2.2p3.(2D*).5s""","=""3D*""","=""3""",5,7,,"=""T8046""","=""L10704""",
Ne,3,"=""374.275""","=""""","=""374.2764""","=""0.0014""","=""240""","=""8.6e+07""",D,"=""471283.81""","=""497994.44""","=""2s2.2p3.(2D*).4p""","=""3D""","=""3""","=""2s2.2p3.(2D*).5s""","=""3D*""","=""3""",7,7,,"=""T8046""","=""L10704""",
Ne,2,"=""374.46245""","=""0.00006""","=""374.46250""","=""0.00003""","=""100""","=""2.6e+07""",D,"=""254292.1683""","=""280989.5229""","=""2s2.2p4.(3P).3p""","=""2P*""","=""1/2""","=""2s2.2p4.(3P).3d""","=""4P""","=""3/2""",2,4,,"=""T380""","=""L5951""",
Ne,2,"=""375.124597""","=""0.000021""","=""375.124589""","=""0.000018""","=""160""","=""1.8e+07""",D,"=""219947.4453""","=""246597.6805""","=""2s2.2p4.(3P).3s""","=""4P""","=""1/2""","=""2s2.2p4.(3P).3p""","=""4P*""","=""1/2""",2,2,,"=""T867LS""","=""L5951""",
Ne,2,"=""375.37792""","=""0.00003""","=""375.377924""","=""0.000020""","=""140""","=""4.5e+07""",D,"=""254164.9888""","=""280797.2387""","=""2s2.2p4.(3P).3p""","=""2P*""","=""3/2""","=""2s2.2p4.(3P).3d""","=""4F""","=""5/2""",4,6,,"=""T380""","=""L5951""",
Ne,1,"=""375.42148""","=""0.00005""","=""375.421508""","=""0.000020""","=""500""","=""8.0e+04""",D+,"=""135888.7173""","=""162517.8755""","=""2s2.2p5.(2P*<1/2>).3s""","=""2[1/2]*""","=""1""","=""2s2.2p5.(2P*<3/2>).4p""","=""2[1/2]""","=""1""",3,3,,"=""T3163""","=""L3451""",
Ne,2,"=""375.4879""","=""0.0010""","=""375.48855""","=""0.00004""","=""12""","=""9.5e+05""",D,"=""252798.4654""","=""279422.869""","=""2s2.2p4.(3P).3p""","=""2S*""","=""1/2""","=""2s2.2p4.(3P).3d""","=""4D""","=""1/2""",2,2,,"=""T380""","=""L1406""",
Ne,2,"=""376.6259""","=""0.0003""","=""376.626129""","=""0.000020""","=""200""","=""2.9e+07""",D,"=""219648.4248""","=""246192.4130""","=""2s2.2p4.(3P).3s""","=""4P""","=""3/2""","=""2s2.2p4.(3P).3p""","=""4P*""","=""5/2""",4,6,,"=""T867LS""","=""L1406""",
Ne,3,"=""377.1650""","=""""","=""377.1651""","=""0.0011""","=""240""","=""7.2e+06""",C,"=""379826.356""","=""406332.411""","=""2s2.2p3.(2P*).3s""","=""1P*""","=""1""","=""2s2.2p3.(2D*).3p""","=""1D""","=""2""",3,5,,"=""c52""","=""L11529""",
Ne,2,"=""""","=""""","=""377.68818""","=""0.00005""","=""""","=""7.4e+05""",D,"=""252953.5198""","=""279422.869""","=""2s2.2p4.(3P).3p""","=""4S*""","=""3/2""","=""2s2.2p4.(3P).3d""","=""4D""","=""1/2""",4,2,,"=""T380""","=""""",
Ne,2,"=""377.713589""","=""0.000019""","=""377.713578""","=""0.000017""","=""200""","=""4.2e+07""",D,"=""219947.4453""","=""246415.0144""","=""2s2.2p4.(3P).3s""","=""4P""","=""1/2""","=""2s2.2p4.(3P).3p""","=""4P*""","=""3/2""",2,4,,"=""T867LS""","=""L5951""",
Ne,3,"=""378.246""","=""""","=""378.2461""","=""0.0015""","=""200""","=""5.6e+07""",D,"=""430067.99+x""","=""456498.30+x""","=""2s2.2p3.(4S*).4p""","=""5P""","=""1""","=""2s2.2p3.(4S*).5s""","=""5S*""","=""2""",3,5,,"=""T8046""","=""L10704""",
Ne,3,"=""378.394""","=""""","=""378.3982""","=""0.0014""","=""240""","=""9.3e+07""",D,"=""430078.62+x""","=""456498.30+x""","=""2s2.2p3.(4S*).4p""","=""5P""","=""2""","=""2s2.2p3.(4S*).5s""","=""5S*""","=""2""",5,5,,"=""T8046""","=""L10704""",
Ne,3,"=""378.649""","=""""","=""378.6432""","=""0.0014""","=""300""","=""1.3e+08""",D,"=""430095.71+x""","=""456498.30+x""","=""2s2.2p3.(4S*).4p""","=""5P""","=""3""","=""2s2.2p3.(4S*).5s""","=""5S*""","=""2""",7,5,,"=""T8046""","=""L10704""",
Ne,2,"=""379.0922""","=""0.0010""","=""379.09170""","=""0.00003""","=""120""","=""1.7e+06""",D,"=""252953.5198""","=""279324.8733""","=""2s2.2p4.(3P).3p""","=""4S*""","=""3/2""","=""2s2.2p4.(3P).3d""","=""4D""","=""3/2""",4,4,,"=""T380""","=""L1406""",
Ne,2,"=""379.99645""","=""0.00004""","=""379.996447""","=""0.000022""","=""160""","=""3.7e+07""",D,"=""254164.9888""","=""280473.5550""","=""2s2.2p4.(3P).3p""","=""2P*""","=""3/2""","=""2s2.2p4.(3P).3d""","=""2D""","=""3/2""",4,4,,"=""T380""","=""L5951""",
Ne,2,"=""380.6252""","=""0.0010""","=""380.625004""","=""0.000022""","=""120""","=""1.3e+06""",D,"=""252953.5198""","=""279218.6416""","=""2s2.2p4.(3P).3p""","=""4S*""","=""3/2""","=""2s2.2p4.(3P).3d""","=""4D""","=""5/2""",4,6,,"=""T380""","=""L1406""",
Ne,3,"=""381.7886""","=""""","=""381.7886""","=""0.0013""","=""200""","=""1.3e+08""",D,"=""472473.64""","=""498658.714""","=""2s2.2p3.(2D*).4p""","=""1F""","=""3""","=""2s2.2p3.(2D*).5s""","=""1D*""","=""2""",7,5,,"=""T8046""","=""L11529""",
Ne,2,"=""381.84236""","=""0.00003""","=""381.842374""","=""0.000022""","=""200""","=""6.1e+07""",D,"=""254292.1683""","=""280473.5550""","=""2s2.2p4.(3P).3p""","=""2P*""","=""1/2""","=""2s2.2p4.(3P).3d""","=""2D""","=""3/2""",2,4,,"=""T380""","=""L5951""",
Ne,2,"=""382.975030""","=""0.000021""","=""382.975031""","=""0.000019""","=""240""","=""8.4e+07""",D,"=""254164.9888""","=""280268.9453""","=""2s2.2p4.(3P).3p""","=""2P*""","=""3/2""","=""2s2.2p4.(3P).3d""","=""2D""","=""5/2""",4,6,,"=""T380""","=""L5951""",
Ne,3,"=""384.332""","=""""","=""384.3319""","=""0.0019""","=""240""","=""1.4e+08""",D,"=""472027.94""","=""498039.74""","=""2s2.2p3.(2D*).4p""","=""3F""","=""2""","=""2s2.2p3.(2D*).5s""","=""3D*""","=""1""",5,3,,"=""T8046""","=""L10704""",
Ne,3,"=""384.497""","=""""","=""384.4945""","=""0.0017""","=""240""","=""1.2e+08""",D,"=""472020.08""","=""498020.88""","=""2s2.2p3.(2D*).4p""","=""3F""","=""3""","=""2s2.2p3.(2D*).5s""","=""3D*""","=""2""",7,5,,"=""T8046""","=""L10704""",
Ne,3,"=""384.785""","=""""","=""384.7828""","=""0.0016""","=""240""","=""1.2e+08""",D,"=""472013.12""","=""497994.44""","=""2s2.2p3.(2D*).4p""","=""3F""","=""4""","=""2s2.2p3.(2D*).5s""","=""3D*""","=""3""",9,7,,"=""T8046""","=""L10704""",
Ne,3,"=""384.885""","=""""","=""384.8859""","=""0.0016""","=""180bl""","=""6.8e+06""",D,"=""472020.08""","=""497994.44""","=""2s2.2p3.(2D*).4p""","=""3F""","=""3""","=""2s2.2p3.(2D*).5s""","=""3D*""","=""3""",7,7,,"=""T8046""","=""L10704""",
Ne,3,"=""386.876""","=""""","=""386.876""","=""0.003""","=""""","=""1.74e-01""",A,"=""0.000""","=""25840.72""","=""2s2.2p4""","=""3P""","=""2""","=""2s2.2p4""","=""1D""","=""2""",5,5,M1,"=""c52""","=""L3452""",
Ne,2,"=""""","=""""","=""390.384818""","=""0.000023""","=""""","=""8.4e+04""",D,"=""224087.0092""","=""249695.5051""","=""2s2.2p4.(3P).3s""","=""2P""","=""3/2""","=""2s2.2p4.(3P).3p""","=""4D*""","=""3/2""",4,4,,"=""T380""","=""""",
Ne,3,"=""391.724""","=""""","=""391.724""","=""0.005""","=""200w,bl""","=""1.6e+08""",D,"=""487633.1""","=""513154.05""","=""2s2.2p3.(2D*).4d""","=""3F*""","=""4""","=""2s2.2p3.(2D*).5f""","=""3G""","=""5""",9,11,,"=""T8046""","=""L10704""",
Ne,3,"=""392.103""","=""""","=""392.101""","=""0.008""","=""700l*""","=""2.0e+08""",D,"=""446375.1+x""","=""471871.5+x""","=""2s2.2p3.(4S*).4d""","=""5D*""","=""4""","=""2s2.2p3.(4S*).5f""","=""5F""","=""5""",9,11,,"=""T8046""","=""L10704""",
Ne,3,"=""392.103""","=""""","=""392.102""","=""0.007""","=""700l*""","=""1.4e+08""",D,"=""446375.17+x""","=""471871.5+x""","=""2s2.2p3.(4S*).4d""","=""5D*""","=""2""","=""2s2.2p3.(4S*).5f""","=""5F""","=""3""",5,7,,"=""T8046""","=""L10704""",
Ne,3,"=""392.103""","=""""","=""392.111""","=""0.007""","=""700l*""","=""1.7e+08""",D,"=""446375.73+x""","=""471871.5+x""","=""2s2.2p3.(4S*).4d""","=""5D*""","=""3""","=""2s2.2p3.(4S*).5f""","=""5F""","=""4""",7,9,,"=""T8046""","=""L10704""",
Ne,2,"=""394.2258""","=""0.0010""","=""394.226442""","=""0.000022""","=""160""","=""1.0e+06""",D,"=""224087.0092""","=""249445.9632""","=""2s2.2p4.(3P).3s""","=""2P""","=""3/2""","=""2s2.2p4.(3P).3p""","=""4D*""","=""5/2""",4,6,,"=""T380""","=""L1406""",
Ne,3,"=""395.991""","=""""","=""395.990""","=""0.003""","=""100w""","=""3.3e+07""",D,"=""487908.04""","=""513154.05""","=""2s2.2p3.(2D*).4d""","=""3G*""","=""5""","=""2s2.2p3.(2D*).5f""","=""3G""","=""5""",11,11,,"=""T8046""","=""L10704""",
Ne,3,"=""396.201""","=""""","=""396.190""","=""0.003""","=""240w""","=""2.1e+08""",D,"=""487908.04""","=""513141.3""","=""2s2.2p3.(2D*).4d""","=""3G*""","=""5""","=""2s2.2p3.(2D*).5f""","=""3H""","=""6""",11,13,,"=""T8046""","=""L10704""",
Ne,3,"=""396.612""","=""""","=""396.615""","=""0.003""","=""160w,bl""","=""2.0e+08""",D,"=""487953.47""","=""513159.7""","=""2s2.2p3.(2D*).4d""","=""3G*""","=""3""","=""2s2.2p3.(2D*).5f""","=""3H""","=""4""",7,9,,"=""T8046""","=""L10704""",
Ne,3,"=""396.747""","=""""","=""396.747""","=""0.003""","=""""","=""5.40e-02""",A,"=""642.876""","=""25840.72""","=""2s2.2p4""","=""3P""","=""1""","=""2s2.2p4""","=""1D""","=""2""",3,5,M1,"=""c52""","=""L3452""",
Ne,3,"=""397.279""","=""""","=""397.280""","=""0.003""","=""90""","=""3.2e+07""",D,"=""488046.23""","=""513210.29""","=""2s2.2p3.(2D*).4d""","=""1G*""","=""4""","=""2s2.2p3.(2D*).5f""","=""1G""","=""4""",9,9,,"=""T8046""","=""L10704""",
Ne,2,"=""399.9471""","=""0.0020""","=""399.947190""","=""0.000024""","=""100""","=""3.7e+05""",D,"=""224699.2716""","=""249695.5051""","=""2s2.2p4.(3P).3s""","=""2P""","=""1/2""","=""2s2.2p4.(3P).3p""","=""4D*""","=""3/2""",2,4,,"=""T380""","=""L1406""",
Ne,3,"=""406.735""","=""""","=""406.7336""","=""0.0012""","=""70""","=""1.1e+05""",C,"=""374489.507""","=""399068.682""","=""2s2.2p3.(2P*).3s""","=""3P*""","=""1""","=""2s2.2p3.(2D*).3p""","=""3P""","=""1""",3,3,,"=""c52""","=""L10704""",
Ne,3,"=""408.442""","=""""","=""408.4383""","=""0.0012""","=""70""","=""2.3e+05""",C,"=""374496.068""","=""398972.658""","=""2s2.2p3.(2P*).3s""","=""3P*""","=""2""","=""2s2.2p3.(2D*).3p""","=""3P""","=""2""",5,5,,"=""c52""","=""L10704""",
Ne,3,"=""413.833""","=""""","=""413.8341""","=""0.0023""","=""50wl""","=""1.4e+07""",D,"=""473863.42""","=""498020.88""","=""2s2.2p3.(2D*).4p""","=""3P""","=""2""","=""2s2.2p3.(2D*).5s""","=""3D*""","=""2""",5,5,,"=""T8046""","=""L10704""",
Ne,3,"=""414.288""","=""""","=""414.2875""","=""0.0022""","=""160""","=""5.6e+07""",D,"=""473863.42""","=""497994.44""","=""2s2.2p3.(2D*).4p""","=""3P""","=""2""","=""2s2.2p3.(2D*).5s""","=""3D*""","=""3""",5,7,,"=""T8046""","=""L10704""",
Ne,3,"=""414.697""","=""""","=""414.696""","=""0.003""","=""50wl""","=""2.3e+07""",D,"=""473932.50""","=""498039.74""","=""2s2.2p3.(2D*).4p""","=""3P""","=""1""","=""2s2.2p3.(2D*).5s""","=""3D*""","=""1""",3,3,,"=""T8046""","=""L10704""",
Ne,3,"=""415.019""","=""""","=""415.021""","=""0.003""","=""90ws""","=""4.1e+07""",D,"=""473932.50""","=""498020.88""","=""2s2.2p3.(2D*).4p""","=""3P""","=""1""","=""2s2.2p3.(2D*).5s""","=""3D*""","=""2""",3,5,,"=""T8046""","=""L10704""",
Ne,3,"=""415.228""","=""""","=""415.232""","=""0.003""","=""50w""","=""3.0e+07""",D,"=""473963.62""","=""498039.74""","=""2s2.2p3.(2D*).4p""","=""3P""","=""0""","=""2s2.2p3.(2D*).5s""","=""3D*""","=""1""",1,3,,"=""T8046""","=""L10704""",
Ne,2,"=""""","=""""","=""421.70682""","=""0.00006""","=""""","=""7.4e+06""",D,"=""279137.6053""","=""302844.085""","=""2s2.2p4.(3P).3d""","=""4D""","=""7/2""","=""2s2.2p4.(3P<2>).4f""","=""2[3]*""","=""5/2""",8,6,,"=""T1115CA,LS""","=""""",
Ne,2,"=""421.9367""","=""0.0003""","=""421.93658""","=""0.00005""","=""160""","=""3.3e+07""",D,"=""279137.6053""","=""302831.176""","=""2s2.2p4.(3P).3d""","=""4D""","=""7/2""","=""2s2.2p4.(3P<2>).4f""","=""2[4]*""","=""7/2""",8,8,,"=""T1115CA,LS""","=""L1406""",
Ne,2,"=""422.1086""","=""0.0003""","=""422.10860""","=""0.00007""","=""120""","=""1.4e+07""",D,"=""279218.6416""","=""302902.557""","=""2s2.2p4.(3P).3d""","=""4D""","=""5/2""","=""2s2.2p4.(3P<2>).4f""","=""2[2]*""","=""3/2""",6,4,,"=""T1115CA,LS""","=""L1406""",
Ne,3,"=""422.407""","=""""","=""422.407""","=""0.003""","=""200""","=""1.7e+08""",D,"=""448223.06""","=""471890.24""","=""2s2.2p3.(4S*).4d""","=""3D*""","=""1""","=""2s2.2p3.(4S*).5f""","=""3F""","=""2""",3,5,,"=""T8046""","=""L10704""",
Ne,2,"=""422.4641""","=""0.0003""","=""422.46410""","=""0.00016""","=""120""","=""1.9e+07""",D,"=""279324.8733""","=""302988.859""","=""2s2.2p4.(3P).3d""","=""4D""","=""3/2""","=""2s2.2p4.(3P<2>).4f""","=""2[1]*""","=""1/2""",4,2,,"=""T1115CA,LS""","=""L1406""",
Ne,3,"=""422.606""","=""""","=""422.601""","=""0.003""","=""240l""","=""1.8e+08""",D,"=""448233.86""","=""471890.19""","=""2s2.2p3.(4S*).4d""","=""3D*""","=""2""","=""2s2.2p3.(4S*).5f""","=""3F""","=""3""",5,7,,"=""T8046""","=""L10704""",
Ne,2,"=""""","=""""","=""422.69201""","=""0.00004""","=""""","=""7.3e+05""",D,"=""280172.9854""","=""303824.2119""","=""2s2.2p4.(3P).3d""","=""4F""","=""9/2""","=""2s2.2p4.(3P<0>).4f""","=""2[3]*""","=""7/2""",10,8,,"=""T1115CA,LS""","=""""",
Ne,3,"=""422.935""","=""""","=""422.9316""","=""0.0022""","=""300""","=""2.0e+08""",D,"=""448251.88""","=""471889.71""","=""2s2.2p3.(4S*).4d""","=""3D*""","=""3""","=""2s2.2p3.(4S*).5f""","=""3F""","=""4""",7,9,,"=""T8046""","=""L10704""",
Ne,2,"=""423.15332""","=""0.00007""","=""423.15332""","=""0.00006""","=""160bl""","=""2.2e+07""",D,"=""279218.6416""","=""302844.085""","=""2s2.2p4.(3P).3d""","=""4D""","=""5/2""","=""2s2.2p4.(3P<2>).4f""","=""2[3]*""","=""5/2""",6,6,,"=""T1115CA,LS""","=""L5951""",
Ne,2,"=""423.38466""","=""0.00006""","=""423.38466""","=""0.00006""","=""200""","=""5.5e+06""",D,"=""279218.6416""","=""302831.176""","=""2s2.2p4.(3P).3d""","=""4D""","=""5/2""","=""2s2.2p4.(3P<2>).4f""","=""2[4]*""","=""7/2""",6,8,,"=""T1115CA,LS""","=""L9088""",
Ne,2,"=""423.99190""","=""0.00018""","=""423.99110""","=""0.00006""","=""160""","=""1.5e+07""",D,"=""279324.8733""","=""302903.635""","=""2s2.2p4.(3P).3d""","=""4D""","=""3/2""","=""2s2.2p4.(3P<2>).4f""","=""2[2]*""","=""5/2""",4,6,,"=""T1115CA,LS""","=""L5951""",
Ne,2,"=""424.2210""","=""0.0003""","=""424.22089""","=""0.00016""","=""120""","=""1.9e+07""",D,"=""279422.869""","=""302988.859""","=""2s2.2p4.(3P).3d""","=""4D""","=""1/2""","=""2s2.2p4.(3P<2>).4f""","=""2[1]*""","=""1/2""",2,2,,"=""T1115CA,LS""","=""L1406""",
Ne,2,"=""""","=""""","=""424.28635""","=""0.00005""","=""""","=""4.8e+06""",D,"=""280262.3163""","=""303824.6705""","=""2s2.2p4.(3P).3d""","=""2F""","=""7/2""","=""2s2.2p4.(3P<0>).4f""","=""2[3]*""","=""5/2""",8,6,,"=""T1115CA,LS""","=""""",
Ne,2,"=""""","=""""","=""424.29461""","=""0.00004""","=""""","=""3.3e+07""",D,"=""280262.3163""","=""303824.2119""","=""2s2.2p4.(3P).3d""","=""2F""","=""7/2""","=""2s2.2p4.(3P<0>).4f""","=""2[3]*""","=""7/2""",8,8,,"=""T1115CA,LS""","=""""",
Ne,2,"=""425.06469""","=""0.00007""","=""425.06465""","=""0.00005""","=""240""","=""9.0e+06""",D,"=""279324.8733""","=""302844.085""","=""2s2.2p4.(3P).3d""","=""4D""","=""3/2""","=""2s2.2p4.(3P<2>).4f""","=""2[3]*""","=""5/2""",4,6,,"=""T1115CA,LS""","=""L9088""",
Ne,2,"=""425.78024""","=""0.00015""","=""425.78019""","=""0.00007""","=""180""","=""9.6e+06""",D,"=""279422.869""","=""302902.557""","=""2s2.2p4.(3P).3d""","=""4D""","=""1/2""","=""2s2.2p4.(3P<2>).4f""","=""2[2]*""","=""3/2""",2,4,,"=""T1115CA,LS""","=""L9088""",
Ne,3,"=""426.198""","=""""","=""426.199""","=""0.004""","=""240l""","=""1.6e+08""",D,"=""434325.760""","=""457782.4""","=""2s2.2p3.(4S*).4p""","=""3P""","=""2""","=""2s2.2p3.(4S*).5s""","=""3S*""","=""1""",5,3,,"=""T8046""","=""L10704""",
Ne,3,"=""426.522""","=""""","=""426.522""","=""0.004""","=""200l""","=""9.3e+07""",D,"=""434343.564""","=""457782.4""","=""2s2.2p3.(4S*).4p""","=""3P""","=""1""","=""2s2.2p3.(4S*).5s""","=""3S*""","=""1""",3,3,,"=""T8046""","=""L10704""",
Ne,3,"=""426.805""","=""""","=""426.805""","=""0.004""","=""160l""","=""3.1e+07""",D,"=""434359.09""","=""457782.4""","=""2s2.2p3.(4S*).4p""","=""3P""","=""0""","=""2s2.2p3.(4S*).5s""","=""3S*""","=""1""",1,3,,"=""T8046""","=""L10704""",
Ne,2,"=""""","=""""","=""428.04373""","=""0.00005""","=""""","=""2.8e+06""",D,"=""280172.9854""","=""303528.5122""","=""2s2.2p4.(3P).3d""","=""4F""","=""9/2""","=""2s2.2p4.(3P<1>).4f""","=""2[4]*""","=""7/2""",10,8,,"=""T1115CA,LS""","=""""",
Ne,2,"=""""","=""""","=""428.05813""","=""0.00006""","=""""","=""2.0e+07""",D,"=""280172.9854""","=""303527.7267""","=""2s2.2p4.(3P).3d""","=""4F""","=""9/2""","=""2s2.2p4.(3P<1>).4f""","=""2[4]*""","=""9/2""",10,10,,"=""T1115CA,LS""","=""""",
Ne,2,"=""""","=""""","=""436.56320""","=""0.00006""","=""""","=""1.2e+06""",D,"=""280700.7426""","=""303600.498""","=""2s2.2p4.(3P).3d""","=""4F""","=""7/2""","=""2s2.2p4.(3P<1>).4f""","=""2[3]*""","=""5/2""",8,6,,"=""T1115CA,LS""","=""""",
Ne,2,"=""436.9862""","=""0.0003""","=""436.98611""","=""0.00006""","=""240""","=""3.5e+06""",D,"=""280947.0768""","=""303824.6705""","=""2s2.2p4.(3P).3d""","=""4F""","=""3/2""","=""2s2.2p4.(3P<0>).4f""","=""2[3]*""","=""5/2""",4,6,,"=""T1115CA,LS""","=""L1406""",
Ne,2,"=""437.9400""","=""0.0010""","=""437.93989""","=""0.00006""","=""140bl""","=""2.0e+07""",D,"=""280700.7426""","=""303528.5122""","=""2s2.2p4.(3P).3d""","=""4F""","=""7/2""","=""2s2.2p4.(3P<1>).4f""","=""2[4]*""","=""7/2""",8,8,,"=""T1115CA,LS""","=""L1406""",
Ne,2,"=""437.95496""","=""0.00002""","=""437.954965""","=""0.000025""","=""300""","=""2.2e+08""",D,"=""280700.7426""","=""303527.7267""","=""2s2.2p4.(3P).3d""","=""4F""","=""7/2""","=""2s2.2p4.(3P<1>).4f""","=""2[4]*""","=""9/2""",8,10,,"=""T1115CA,LS""","=""L5951""",
Ne,2,"=""""","=""""","=""438.49757""","=""0.00004""","=""""","=""1.8e+07""",D,"=""281025.9326""","=""303824.6705""","=""2s2.2p4.(3P).3d""","=""2F""","=""5/2""","=""2s2.2p4.(3P<0>).4f""","=""2[3]*""","=""5/2""",6,6,,"=""T1115CA,LS""","=""""",
Ne,2,"=""438.50642""","=""0.00006""","=""438.50639""","=""0.00004""","=""200""","=""2.0e+08""",D,"=""281025.9326""","=""303824.2119""","=""2s2.2p4.(3P).3d""","=""2F""","=""5/2""","=""2s2.2p4.(3P<0>).4f""","=""2[3]*""","=""7/2""",6,8,,"=""T1115CA,LS""","=""L5951""",
Ne,2,"=""""","=""""","=""439.19941""","=""0.00006""","=""""","=""2.4e+07""",D,"=""280172.9854""","=""302935.2919""","=""2s2.2p4.(3P).3d""","=""4F""","=""9/2""","=""2s2.2p4.(3P<2>).4f""","=""2[5]*""","=""9/2""",10,10,,"=""T1115CA,LS""","=""""",
Ne,2,"=""441.3113""","=""0.0007""","=""441.31049""","=""0.00006""","=""160*""","=""2.0e+08""",D,"=""280947.0768""","=""303600.498""","=""2s2.2p4.(3P).3d""","=""4F""","=""3/2""","=""2s2.2p4.(3P<1>).4f""","=""2[3]*""","=""5/2""",4,6,,"=""T1115CA,LS""","=""L9088""",
Ne,2,"=""442.8520""","=""0.0008""","=""442.85207""","=""0.00006""","=""200bl*""","=""3.3e+07""",D,"=""281025.9326""","=""303600.498""","=""2s2.2p4.(3P).3d""","=""2F""","=""5/2""","=""2s2.2p4.(3P<1>).4f""","=""2[3]*""","=""5/2""",6,6,,"=""T1115CA,LS""","=""L5951""",
Ne,2,"=""443.1105""","=""0.0020""","=""443.11086""","=""0.00008""","=""12""","=""2.1e+07""",D,"=""280947.0768""","=""303508.458""","=""2s2.2p4.(3P).3d""","=""4F""","=""3/2""","=""2s2.2p4.(3P<1>).4f""","=""2[2]*""","=""3/2""",4,4,,"=""T1115CA,LS""","=""L1406""",
Ne,2,"=""""","=""""","=""444.10908""","=""0.00004""","=""""","=""3.4e+05""",D,"=""224087.0092""","=""246597.6805""","=""2s2.2p4.(3P).3s""","=""2P""","=""3/2""","=""2s2.2p4.(3P).3p""","=""4P*""","=""1/2""",4,2,,"=""T380""","=""""",
Ne,2,"=""444.26865""","=""0.00014""","=""444.26878""","=""0.00004""","=""180""","=""3.5e+06""",D,"=""281025.9326""","=""303528.5122""","=""2s2.2p4.(3P).3d""","=""2F""","=""5/2""","=""2s2.2p4.(3P<1>).4f""","=""2[4]*""","=""7/2""",6,8,,"=""T1115CA,LS""","=""L5951""",
Ne,2,"=""""","=""""","=""444.66507""","=""0.00008""","=""""","=""5.2e+06""",D,"=""281025.9326""","=""303508.458""","=""2s2.2p4.(3P).3d""","=""2F""","=""5/2""","=""2s2.2p4.(3P<1>).4f""","=""2[2]*""","=""3/2""",6,4,,"=""T1115CA,LS""","=""""",
Ne,3,"=""445.279""","=""""","=""445.271""","=""0.008""","=""2000wl*""","=""3.4e+07""",D,"=""449552.15+x""","=""472004.1+x""","=""2s2.2p3.(4S*).4f""","=""5F""","=""5""","=""2s2.2p3.(4S*).5g""","=""5G*""","=""6""",11,13,,"=""T8046""","=""L10704""",
Ne,3,"=""445.279""","=""""","=""445.275""","=""0.008""","=""2000wl*""","=""3.1e+08""",D,"=""449552.39+x""","=""472004.1+x""","=""2s2.2p3.(4S*).4f""","=""5F""","=""4""","=""2s2.2p3.(4S*).5g""","=""5G*""","=""5""",9,11,,"=""T8046""","=""L10704""",
Ne,3,"=""445.279""","=""""","=""445.283""","=""0.008""","=""2000wl*""","=""2.8e+08""",D,"=""449552.77+x""","=""472004.1+x""","=""2s2.2p3.(4S*).4f""","=""5F""","=""3""","=""2s2.2p3.(4S*).5g""","=""5G*""","=""4""",7,9,,"=""T8046""","=""L10704""",
Ne,3,"=""445.279""","=""""","=""445.287""","=""0.010""","=""2000wl*""","=""2.6e+08""",D,"=""449553.0+x""","=""472004.1+x""","=""2s2.2p3.(4S*).4f""","=""5F""","=""2""","=""2s2.2p3.(4S*).5g""","=""5G*""","=""3""",5,7,,"=""T8046""","=""L10704""",
Ne,3,"=""445.8763""","=""""","=""445.8762""","=""0.0013""","=""500""","=""3.4e+08""",D,"=""449582.924""","=""472004.38""","=""2s2.2p3.(4S*).4f""","=""3F""","=""4""","=""2s2.2p3.(4S*).5g""","=""3G*""","=""5""",9,11,,"=""T8046""","=""L10704""",
Ne,3,"=""445.8862""","=""""","=""445.886""","=""0.003""","=""400""","=""3.2e+08""",D,"=""449583.48""","=""472004.44""","=""2s2.2p3.(4S*).4f""","=""3F""","=""3""","=""2s2.2p3.(4S*).5g""","=""3G*""","=""4""",7,9,,"=""T8046""","=""L10704""",
Ne,3,"=""445.894""","=""""","=""445.895""","=""0.003""","=""300""","=""3.1e+08""",D,"=""449584.03""","=""472004.52""","=""2s2.2p3.(4S*).4f""","=""3F""","=""2""","=""2s2.2p3.(4S*).5g""","=""3G*""","=""3""",5,7,,"=""T8046""","=""L10704""",
Ne,3,"=""446.054""","=""""","=""446.065""","=""0.005""","=""1000ws,bl*""","=""3.4e+08""",D,"=""490833.55""","=""513245.5""","=""2s2.2p3.(2D*).4f""","=""3H""","=""6""","=""2s2.2p3.(2D*).5g""","=""3I*""","=""7""",13,15,,"=""T8046""","=""L10704""",
Ne,3,"=""447.104""","=""""","=""447.098""","=""0.005""","=""70w""","=""2.7e+08""",D,"=""490885.32""","=""513245.5""","=""2s2.2p3.(2D*).4f""","=""3H""","=""4""","=""2s2.2p3.(2D*).5g""","=""3I*""","=""5""",9,11,,"=""T8046""","=""L10704""",
Ne,2,"=""449.6243""","=""0.0003""","=""449.62438""","=""0.00006""","=""60""","=""2.1e+06""",D,"=""280700.7426""","=""302935.2919""","=""2s2.2p4.(3P).3d""","=""4F""","=""7/2""","=""2s2.2p4.(3P<2>).4f""","=""2[5]*""","=""9/2""",8,10,,"=""T1115CA,LS""","=""L1406""",
Ne,1,"=""453.63003""","=""0.00020""","=""453.62996""","=""0.00003""","=""1500""","=""4.29e+05""",C,"=""148257.7898""","=""170296.0099""","=""2s2.2p5.(2P*<3/2>).3p""","=""2[1/2]""","=""1""","=""2s2.2p5.(2P*<1/2>).5d""","=""2[3/2]*""","=""1""",3,3,,"=""T6976""","=""L4498""",
Ne,1,"=""453.76768""","=""0.00020""","=""453.76762""","=""0.00003""","=""3000""","=""4.77e+05""",C+,"=""148257.7898""","=""170289.3243""","=""2s2.2p5.(2P*<3/2>).3p""","=""2[1/2]""","=""1""","=""2s2.2p5.(2P*<1/2>).5d""","=""2[5/2]*""","=""2""",3,5,,"=""T6976""","=""L4498""",
Ne,1,"=""453.77545""","=""0.00004""","=""453.77551""","=""0.00003""","=""10000""","=""8.16e+05""",C+,"=""148257.7898""","=""170288.9415""","=""2s2.2p5.(2P*<3/2>).3p""","=""2[1/2]""","=""1""","=""2s2.2p5.(2P*<1/2>).5d""","=""2[3/2]*""","=""2""",3,5,,"=""T6976""","=""L3451""",
Ne,3,"=""462.887""","=""""","=""462.875""","=""0.009""","=""20w*""","=""5.8e+06""",D,"=""449582.924""","=""471181.0""","=""2s2.2p3.(4S*).4f""","=""3F""","=""4""","=""2s2.2p3.(4S*).5d""","=""3D*""","=""3""",9,7,,"=""T8046""","=""L10704""",
Ne,3,"=""462.887""","=""""","=""462.886""","=""0.009""","=""20w*""","=""5.0e+05""",D,"=""449583.48""","=""471181.0""","=""2s2.2p3.(4S*).4f""","=""3F""","=""3""","=""2s2.2p3.(4S*).5d""","=""3D*""","=""3""",7,7,,"=""T8046""","=""L10704""",
Ne,3,"=""462.887""","=""""","=""462.886""","=""0.013""","=""20w*""","=""5.6e+06""",D,"=""449583.48""","=""471181.0""","=""2s2.2p3.(4S*).4f""","=""3F""","=""3""","=""2s2.2p3.(4S*).5d""","=""3D*""","=""2""",7,5,,"=""T8046""","=""L10704""",
Ne,3,"=""462.887""","=""""","=""462.898""","=""0.013""","=""20w*""","=""7.0e+05""",D,"=""449584.03""","=""471181.0""","=""2s2.2p3.(4S*).4f""","=""3F""","=""2""","=""2s2.2p3.(4S*).5d""","=""3D*""","=""2""",5,5,,"=""T8046""","=""L10704""",
Ne,1,"=""470.25305""","=""0.00020""","=""470.25289""","=""0.00003""","=""1500""","=""1.62e+05""",C,"=""148257.7898""","=""169516.9948""","=""2s2.2p5.(2P*<3/2>).3p""","=""2[1/2]""","=""1""","=""2s2.2p5.(2P*<3/2>).5d""","=""2[3/2]*""","=""1""",3,3,,"=""T6976""","=""L4498""",
Ne,1,"=""470.43949""","=""0.00004""","=""470.43948""","=""0.00003""","=""15000""","=""2.10e+06""",C+,"=""148257.7898""","=""169508.5627""","=""2s2.2p5.(2P*<3/2>).3p""","=""2[1/2]""","=""1""","=""2s2.2p5.(2P*<3/2>).5d""","=""2[3/2]*""","=""2""",3,5,,"=""T6976""","=""L3451""",
Ne,1,"=""470.88594""","=""0.00020""","=""470.88584""","=""0.00003""","=""12000""","=""3.26e+06""",C+,"=""148257.7898""","=""169488.4193""","=""2s2.2p5.(2P*<3/2>).3p""","=""2[1/2]""","=""1""","=""2s2.2p5.(2P*<3/2>).5d""","=""2[1/2]*""","=""1""",3,3,,"=""T6976""","=""L4498""",
Ne,1,"=""471.00650""","=""0.00020""","=""471.00638""","=""0.00003""","=""10000""","=""4.09e+06""",C+,"=""148257.7898""","=""169482.9862""","=""2s2.2p5.(2P*<3/2>).3p""","=""2[1/2]""","=""1""","=""2s2.2p5.(2P*<3/2>).5d""","=""2[1/2]*""","=""0""",3,1,,"=""T6976""","=""L4498""",
Ne,3,"=""484.250""","=""""","=""484.247""","=""0.007""","=""120w""","=""8.1e+06""",D,"=""449552.15+x""","=""470197.0+x""","=""2s2.2p3.(4S*).4f""","=""5F""","=""5""","=""2s2.2p3.(4S*).5d""","=""5D*""","=""4""",11,9,,"=""T8046""","=""L10704""",
Ne,1,"=""488.49170""","=""0.00004""","=""488.49181""","=""0.00004""","=""10000""","=""4.15e+05""",C+,"=""149824.2215""","=""170289.6782""","=""2s2.2p5.(2P*<3/2>).3p""","=""2[5/2]""","=""2""","=""2s2.2p5.(2P*<1/2>).5d""","=""2[5/2]*""","=""3""",5,7,,"=""T6976""","=""L3451""",
Ne,1,"=""488.50971""","=""0.00020""","=""488.50940""","=""0.00003""","=""1000""","=""1.02e+05""",C,"=""149824.2215""","=""170288.9415""","=""2s2.2p5.(2P*<3/2>).3p""","=""2[5/2]""","=""2""","=""2s2.2p5.(2P*<1/2>).5d""","=""2[3/2]*""","=""2""",5,5,,"=""T6976""","=""L4498""",
Ne,1,"=""495.53905""","=""0.0002""","=""495.53896""","=""0.00003""","=""1500""","=""2.69e+05""",C,"=""150121.5922""","=""170296.0099""","=""2s2.2p5.(2P*<3/2>).3p""","=""2[3/2]""","=""1""","=""2s2.2p5.(2P*<1/2>).5d""","=""2[3/2]*""","=""1""",3,3,,"=""T6976""","=""L4498""",
Ne,1,"=""495.70335""","=""0.00004""","=""495.70324""","=""0.00004""","=""10000""","=""1.06e+06""",C+,"=""150121.5922""","=""170289.3243""","=""2s2.2p5.(2P*<3/2>).3p""","=""2[3/2]""","=""1""","=""2s2.2p5.(2P*<1/2>).5d""","=""2[5/2]*""","=""2""",3,5,,"=""T6976""","=""L3451""",
Ne,1,"=""495.7122""","=""0.0001""","=""495.71265""","=""0.00003""","=""1500""","=""3.41e+05""",C+,"=""150121.5922""","=""170288.9415""","=""2s2.2p5.(2P*<3/2>).3p""","=""2[3/2]""","=""1""","=""2s2.2p5.(2P*<1/2>).5d""","=""2[3/2]*""","=""2""",3,5,,"=""T6976""","=""L7292""",
Ne,1,"=""500.51587""","=""0.00004""","=""500.51582""","=""0.00004""","=""5000""","=""4.37e+05""",C+,"=""150315.8612""","=""170289.6782""","=""2s2.2p5.(2P*<3/2>).3p""","=""2[3/2]""","=""2""","=""2s2.2p5.(2P*<1/2>).5d""","=""2[5/2]*""","=""3""",5,7,,"=""T6976""","=""L3451""",
Ne,1,"=""500.53467""","=""0.00030""","=""500.53428""","=""0.00004""","=""500""","=""1.53e+05""",C,"=""150315.8612""","=""170288.9415""","=""2s2.2p5.(2P*<3/2>).3p""","=""2[3/2]""","=""2""","=""2s2.2p5.(2P*<1/2>).5d""","=""2[3/2]*""","=""2""",5,5,,"=""T6976""","=""L4498""",
Ne,1,"=""503.13484""","=""0.00010""","=""503.13481""","=""0.00004""","=""2500""","=""1.34e+06""",C+,"=""149657.0392""","=""169526.8869""","=""2s2.2p5.(2P*<3/2>).3p""","=""2[5/2]""","=""3""","=""2s2.2p5.(2P*<3/2>).5d""","=""2[5/2]*""","=""3""",7,7,,"=""T6976""","=""L7292""",
Ne,1,"=""503.15087""","=""0.00030""","=""503.15041""","=""0.00004""","=""20""","=""9.8e+04""",C,"=""149657.0392""","=""169526.2708""","=""2s2.2p5.(2P*<3/2>).3p""","=""2[5/2]""","=""3""","=""2s2.2p5.(2P*<3/2>).5d""","=""2[5/2]*""","=""2""",7,5,,"=""T6976""","=""L4498""",
Ne,1,"=""503.60016""","=""0.00030""","=""503.59924""","=""0.00004""","=""350""","=""2.08e+05""",C,"=""149657.0392""","=""169508.5627""","=""2s2.2p5.(2P*<3/2>).3p""","=""2[5/2]""","=""3""","=""2s2.2p5.(2P*<3/2>).5d""","=""2[3/2]*""","=""2""",7,5,,"=""T6976""","=""L4498""",
Ne,1,"=""503.75927""","=""0.00030""","=""503.75844""","=""0.00004""","=""30""","=""2.26e+05""",C,"=""149657.0392""","=""169502.2893""","=""2s2.2p5.(2P*<3/2>).3p""","=""2[5/2]""","=""3""","=""2s2.2p5.(2P*<3/2>).5d""","=""2[7/2]*""","=""3""",7,7,,"=""T6976""","=""L4498""",
Ne,1,"=""503.77512""","=""0.00004""","=""503.77504""","=""0.00004""","=""5000""","=""4.44e+06""",C+,"=""149657.0392""","=""169501.6353""","=""2s2.2p5.(2P*<3/2>).3p""","=""2[5/2]""","=""3""","=""2s2.2p5.(2P*<3/2>).5d""","=""2[7/2]*""","=""4""",7,9,,"=""T6976""","=""L3451""",
Ne,1,"=""507.40459""","=""0.00030""","=""507.40410""","=""0.00004""","=""30""","=""6.0e+04""",C,"=""149824.2215""","=""169526.8869""","=""2s2.2p5.(2P*<3/2>).3p""","=""2[5/2]""","=""2""","=""2s2.2p5.(2P*<3/2>).5d""","=""2[5/2]*""","=""3""",5,7,,"=""T6976""","=""L4498""",
Ne,1,"=""507.42007""","=""0.00004""","=""507.41996""","=""0.00004""","=""350""","=""1.42e+06""",C+,"=""149824.2215""","=""169526.2708""","=""2s2.2p5.(2P*<3/2>).3p""","=""2[5/2]""","=""2""","=""2s2.2p5.(2P*<3/2>).5d""","=""2[5/2]*""","=""2""",5,5,,"=""T6976""","=""L3451""",
Ne,1,"=""507.65971""","=""0.00030""","=""507.65898""","=""0.00004""","=""350""","=""2.86e+05""",C,"=""149824.2215""","=""169516.9948""","=""2s2.2p5.(2P*<3/2>).3p""","=""2[5/2]""","=""2""","=""2s2.2p5.(2P*<3/2>).5d""","=""2[3/2]*""","=""1""",5,3,,"=""T6976""","=""L4498""",
Ne,1,"=""507.87693""","=""0.00030""","=""507.87645""","=""0.00004""","=""150""","=""8.6e+04""",C,"=""149824.2215""","=""169508.5627""","=""2s2.2p5.(2P*<3/2>).3p""","=""2[5/2]""","=""2""","=""2s2.2p5.(2P*<3/2>).5d""","=""2[3/2]*""","=""2""",5,5,,"=""T6976""","=""L4498""",
Ne,1,"=""508.0383""","=""0.0001""","=""508.03836""","=""0.00004""","=""1500""","=""3.39e+06""",C+,"=""149824.2215""","=""169502.2893""","=""2s2.2p5.(2P*<3/2>).3p""","=""2[5/2]""","=""2""","=""2s2.2p5.(2P*<3/2>).5d""","=""2[7/2]*""","=""3""",5,7,,"=""T6976""","=""L7292""",
Ne,1,"=""508.39773""","=""0.00030""","=""508.39671""","=""0.00004""","=""250""","=""1.25e+05""",C,"=""149824.2215""","=""169488.4193""","=""2s2.2p5.(2P*<3/2>).3p""","=""2[5/2]""","=""2""","=""2s2.2p5.(2P*<3/2>).5d""","=""2[1/2]*""","=""1""",5,3,,"=""T6976""","=""L4498""",
Ne,1,"=""511.36724""","=""0.00004""","=""511.36710""","=""0.00004""","=""750""","=""8.67e+05""",C+,"=""148257.7898""","=""167807.7649""","=""2s2.2p5.(2P*<3/2>).3p""","=""2[1/2]""","=""1""","=""2s2.2p5.(2P*<1/2>).4d""","=""2[3/2]*""","=""1""",3,3,,"=""T6976""","=""L3451""",
Ne,1,"=""511.65032""","=""0.00004""","=""511.65021""","=""0.00004""","=""1500""","=""2.59e+06""",C+,"=""148257.7898""","=""167796.9475""","=""2s2.2p5.(2P*<3/2>).3p""","=""2[1/2]""","=""1""","=""2s2.2p5.(2P*<1/2>).4d""","=""2[3/2]*""","=""2""",3,5,,"=""T6976""","=""L3451""",
Ne,1,"=""511.70246""","=""0.00030""","=""511.70198""","=""0.00004""","=""350""","=""9.6e+04""",C,"=""148257.7898""","=""167794.9709""","=""2s2.2p5.(2P*<3/2>).3p""","=""2[1/2]""","=""1""","=""2s2.2p5.(2P*<1/2>).4d""","=""2[5/2]*""","=""2""",3,5,,"=""T6976""","=""L4498""",
Ne,1,"=""512.05059""","=""0.00030""","=""512.05012""","=""0.00004""","=""250""","=""3.47e+05""",C,"=""150772.1118""","=""170296.0099""","=""2s2.2p5.(2P*<1/2>).3p""","=""2[3/2]""","=""1""","=""2s2.2p5.(2P*<1/2>).5d""","=""2[3/2]*""","=""1""",3,3,,"=""T6976""","=""L4498""",
Ne,1,"=""512.22565""","=""0.00004""","=""512.22552""","=""0.00004""","=""1500""","=""1.96e+06""",C+,"=""150772.1118""","=""170289.3243""","=""2s2.2p5.(2P*<1/2>).3p""","=""2[3/2]""","=""1""","=""2s2.2p5.(2P*<1/2>).5d""","=""2[5/2]*""","=""2""",3,5,,"=""T6976""","=""L3451""",
Ne,1,"=""512.23613""","=""0.00030""","=""512.23557""","=""0.00004""","=""1500""","=""6.30e+05""",C+,"=""150772.1118""","=""170288.9415""","=""2s2.2p5.(2P*<1/2>).3p""","=""2[3/2]""","=""1""","=""2s2.2p5.(2P*<1/2>).5d""","=""2[3/2]*""","=""2""",3,5,,"=""T6976""","=""L4498""",
Ne,1,"=""514.49384""","=""0.00004""","=""514.49371""","=""0.00004""","=""5000""","=""3.29e+06""",C+,"=""150858.5079""","=""170289.6782""","=""2s2.2p5.(2P*<1/2>).3p""","=""2[3/2]""","=""2""","=""2s2.2p5.(2P*<1/2>).5d""","=""2[5/2]*""","=""3""",5,7,,"=""T6976""","=""L3451""",
Ne,1,"=""514.51351""","=""0.00030""","=""514.51322""","=""0.00004""","=""350""","=""7.81e+05""",C+,"=""150858.5079""","=""170288.9415""","=""2s2.2p5.(2P*<1/2>).3p""","=""2[3/2]""","=""2""","=""2s2.2p5.(2P*<1/2>).5d""","=""2[3/2]*""","=""2""",5,5,,"=""T6976""","=""L4498""",
Ne,1,"=""515.19610""","=""0.00004""","=""515.19612""","=""0.00004""","=""750""","=""1.71e+06""",C+,"=""150121.5922""","=""169526.2708""","=""2s2.2p5.(2P*<3/2>).3p""","=""2[3/2]""","=""1""","=""2s2.2p5.(2P*<3/2>).5d""","=""2[5/2]*""","=""2""",3,5,,"=""T6976""","=""L3451""",
Ne,1,"=""515.44271""","=""0.00004""","=""515.44252""","=""0.00004""","=""500""","=""1.29e+06""",C+,"=""150121.5922""","=""169516.9948""","=""2s2.2p5.(2P*<3/2>).3p""","=""2[3/2]""","=""1""","=""2s2.2p5.(2P*<3/2>).5d""","=""2[3/2]*""","=""1""",3,3,,"=""T6976""","=""L3451""",
Ne,1,"=""515.66672""","=""0.00004""","=""515.66670""","=""0.00004""","=""500""","=""1.51e+05""",C,"=""150121.5922""","=""169508.5627""","=""2s2.2p5.(2P*<3/2>).3p""","=""2[3/2]""","=""1""","=""2s2.2p5.(2P*<3/2>).5d""","=""2[3/2]*""","=""2""",3,5,,"=""T6976""","=""L3451""",
Ne,1,"=""515.89018""","=""0.00004""","=""515.89000""","=""0.00004""","=""500""","=""1.12e+06""",C+,"=""150917.4307""","=""170296.0099""","=""2s2.2p5.(2P*<3/2>).3p""","=""2[1/2]""","=""0""","=""2s2.2p5.(2P*<1/2>).5d""","=""2[3/2]*""","=""1""",1,3,,"=""T6976""","=""L3451""",
Ne,1,"=""516.34847""","=""0.00030""","=""516.34791""","=""0.00004""","=""100""","=""4.08e+05""",C,"=""150121.5922""","=""169482.9862""","=""2s2.2p5.(2P*<3/2>).3p""","=""2[3/2]""","=""1""","=""2s2.2p5.(2P*<3/2>).5d""","=""2[1/2]*""","=""0""",3,1,,"=""T6976""","=""L4498""",
Ne,1,"=""519.13223""","=""0.00004""","=""519.13208""","=""0.00004""","=""350""","=""8.66e+05""",C+,"=""151038.4524""","=""170296.0099""","=""2s2.2p5.(2P*<1/2>).3p""","=""2[1/2]""","=""1""","=""2s2.2p5.(2P*<1/2>).5d""","=""2[3/2]*""","=""1""",3,3,,"=""T6976""","=""L3451""",
Ne,1,"=""519.31251""","=""0.00030""","=""519.31238""","=""0.00004""","=""1500""","=""9.15e+05""",C+,"=""151038.4524""","=""170289.3243""","=""2s2.2p5.(2P*<1/2>).3p""","=""2[1/2]""","=""1""","=""2s2.2p5.(2P*<1/2>).5d""","=""2[5/2]*""","=""2""",3,5,,"=""T6976""","=""L4498""",
Ne,1,"=""519.3224""","=""0.0001""","=""519.32270""","=""0.00004""","=""1500""","=""1.58e+06""",C+,"=""151038.4524""","=""170288.9415""","=""2s2.2p5.(2P*<1/2>).3p""","=""2[1/2]""","=""1""","=""2s2.2p5.(2P*<1/2>).5d""","=""2[3/2]*""","=""2""",3,5,,"=""T6976""","=""L7292""",
Ne,1,"=""520.38962""","=""0.00004""","=""520.38951""","=""0.00004""","=""1500""","=""2.31e+06""",C+,"=""150315.8612""","=""169526.8869""","=""2s2.2p5.(2P*<3/2>).3p""","=""2[3/2]""","=""2""","=""2s2.2p5.(2P*<3/2>).5d""","=""2[5/2]*""","=""3""",5,7,,"=""T6976""","=""L3451""",
Ne,1,"=""520.88648""","=""0.00004""","=""520.88636""","=""0.00004""","=""700""","=""1.43e+06""",C+,"=""150315.8612""","=""169508.5627""","=""2s2.2p5.(2P*<3/2>).3p""","=""2[3/2]""","=""2""","=""2s2.2p5.(2P*<3/2>).5d""","=""2[3/2]*""","=""2""",5,5,,"=""T6976""","=""L3451""",
Ne,1,"=""521.05672""","=""0.00004""","=""521.05667""","=""0.00004""","=""500""","=""4.38e+05""",C+,"=""150315.8612""","=""169502.2893""","=""2s2.2p5.(2P*<3/2>).3p""","=""2[3/2]""","=""2""","=""2s2.2p5.(2P*<3/2>).5d""","=""2[7/2]*""","=""3""",5,7,,"=""T6976""","=""L3451""",
Ne,1,"=""521.43389""","=""0.00004""","=""521.43363""","=""0.00004""","=""350""","=""4.39e+05""",C,"=""150315.8612""","=""169488.4193""","=""2s2.2p5.(2P*<3/2>).3p""","=""2[3/2]""","=""2""","=""2s2.2p5.(2P*<3/2>).5d""","=""2[1/2]*""","=""1""",5,3,,"=""T6976""","=""L3451""",
Ne,1,"=""532.6396""","=""0.0001""","=""532.63952""","=""0.00004""","=""750""","=""5.49e+05""",C+,"=""148257.7898""","=""167026.9923""","=""2s2.2p5.(2P*<3/2>).3p""","=""2[1/2]""","=""1""","=""2s2.2p5.(2P*<3/2>).4d""","=""2[3/2]*""","=""1""",3,3,,"=""T6976""","=""L7292""",
Ne,1,"=""533.06720""","=""0.00030""","=""533.06678""","=""0.00004""","=""5""","=""6.94e+05""",C+,"=""150772.1118""","=""169526.2708""","=""2s2.2p5.(2P*<1/2>).3p""","=""2[3/2]""","=""1""","=""2s2.2p5.(2P*<3/2>).5d""","=""2[5/2]*""","=""2""",3,5,,"=""T6976""","=""L4498""",
Ne,1,"=""533.07775""","=""0.00004""","=""533.07771""","=""0.00004""","=""6000""","=""5.30e+06""",C+,"=""148257.7898""","=""167011.5643""","=""2s2.2p5.(2P*<3/2>).3p""","=""2[1/2]""","=""1""","=""2s2.2p5.(2P*<3/2>).4d""","=""2[3/2]*""","=""2""",3,5,,"=""T6976""","=""L3451""",
Ne,1,"=""533.33083""","=""0.00030""","=""533.33057""","=""0.00004""","=""500""","=""4.70e+05""",C+,"=""150772.1118""","=""169516.9948""","=""2s2.2p5.(2P*<1/2>).3p""","=""2[3/2]""","=""1""","=""2s2.2p5.(2P*<3/2>).5d""","=""2[3/2]*""","=""1""",3,3,,"=""T6976""","=""L4498""",
Ne,1,"=""533.5710""","=""0.0020""","=""533.57059""","=""0.00004""","=""100""","=""5.2e+04""",C,"=""150772.1118""","=""169508.5627""","=""2s2.2p5.(2P*<1/2>).3p""","=""2[3/2]""","=""1""","=""2s2.2p5.(2P*<3/2>).5d""","=""2[3/2]*""","=""2""",3,5,,"=""T6976""","=""L3469""",
Ne,1,"=""534.10938""","=""0.00004""","=""534.10932""","=""0.00004""","=""10000""","=""7.74e+06""",C+,"=""148257.7898""","=""166975.3424""","=""2s2.2p5.(2P*<3/2>).3p""","=""2[1/2]""","=""1""","=""2s2.2p5.(2P*<3/2>).4d""","=""2[1/2]*""","=""1""",3,3,,"=""T6976""","=""L3451""",
Ne,1,"=""534.32834""","=""0.00004""","=""534.32820""","=""0.00004""","=""6000""","=""9.76e+06""",C+,"=""148257.7898""","=""166967.6752""","=""2s2.2p5.(2P*<3/2>).3p""","=""2[1/2]""","=""1""","=""2s2.2p5.(2P*<3/2>).4d""","=""2[1/2]*""","=""0""",3,1,,"=""T6976""","=""L3451""",
Ne,1,"=""535.51640""","=""0.00030""","=""535.51621""","=""0.00004""","=""1500""","=""3.35e+05""",C+,"=""150858.5079""","=""169526.8869""","=""2s2.2p5.(2P*<1/2>).3p""","=""2[3/2]""","=""2""","=""2s2.2p5.(2P*<3/2>).5d""","=""2[5/2]*""","=""3""",5,7,,"=""T6976""","=""L4498""",
Ne,1,"=""535.53394""","=""0.00030""","=""535.53389""","=""0.00004""","=""50""","=""1.18e+05""",C,"=""150858.5079""","=""169526.2708""","=""2s2.2p5.(2P*<1/2>).3p""","=""2[3/2]""","=""2""","=""2s2.2p5.(2P*<3/2>).5d""","=""2[5/2]*""","=""2""",5,5,,"=""T6976""","=""L4498""",
Ne,1,"=""536.04271""","=""0.00030""","=""536.04238""","=""0.00004""","=""350""","=""1.89e+05""",C,"=""150858.5079""","=""169508.5627""","=""2s2.2p5.(2P*<1/2>).3p""","=""2[3/2]""","=""2""","=""2s2.2p5.(2P*<3/2>).5d""","=""2[3/2]*""","=""2""",5,5,,"=""T6976""","=""L4498""",
Ne,1,"=""536.22334""","=""0.00030""","=""536.22275""","=""0.00004""","=""250""","=""6.9e+04""",C,"=""150858.5079""","=""169502.2893""","=""2s2.2p5.(2P*<1/2>).3p""","=""2[3/2]""","=""2""","=""2s2.2p5.(2P*<3/2>).5d""","=""2[7/2]*""","=""3""",5,7,,"=""T6976""","=""L4498""",
Ne,1,"=""536.62169""","=""0.00030""","=""536.62198""","=""0.00004""","=""250""","=""8.7e+04""",C,"=""150858.5079""","=""169488.4193""","=""2s2.2p5.(2P*<1/2>).3p""","=""2[3/2]""","=""2""","=""2s2.2p5.(2P*<3/2>).5d""","=""2[1/2]*""","=""1""",5,3,,"=""T6976""","=""L4498""",
Ne,1,"=""537.4975""","=""0.0001""","=""537.49754""","=""0.00004""","=""500""","=""6.44e+05""",C+,"=""150917.4307""","=""169516.9948""","=""2s2.2p5.(2P*<3/2>).3p""","=""2[1/2]""","=""0""","=""2s2.2p5.(2P*<3/2>).5d""","=""2[3/2]*""","=""1""",1,3,,"=""T6976""","=""L7292""",
Ne,1,"=""538.32457""","=""0.00030""","=""538.32461""","=""0.00004""","=""250""","=""1.80e+05""",C,"=""150917.4307""","=""169488.4193""","=""2s2.2p5.(2P*<3/2>).3p""","=""2[1/2]""","=""0""","=""2s2.2p5.(2P*<3/2>).5d""","=""2[1/2]*""","=""1""",1,3,,"=""T6976""","=""L4498""",
Ne,1,"=""540.05616""","=""0.00004""","=""540.05618""","=""0.00004""","=""20000""","=""9.00e+05""",B+,"=""134459.2871""","=""152970.7328""","=""2s2.2p5.(2P*<3/2>).3s""","=""2[3/2]*""","=""1""","=""2s2.2p5.(2P*<1/2>).3p""","=""2[1/2]""","=""0""",3,1,,"=""T2733""","=""L3451""",
Ne,1,"=""541.26490""","=""0.00004""","=""541.26481""","=""0.00004""","=""2500""","=""3.01e+05""",C+,"=""151038.4524""","=""169508.5627""","=""2s2.2p5.(2P*<1/2>).3p""","=""2[1/2]""","=""1""","=""2s2.2p5.(2P*<3/2>).5d""","=""2[3/2]*""","=""2""",3,5,,"=""T6976""","=""L3451""",
Ne,1,"=""541.85584""","=""0.00004""","=""541.85577""","=""0.00004""","=""1500""","=""3.78e+05""",C,"=""151038.4524""","=""169488.4193""","=""2s2.2p5.(2P*<1/2>).3p""","=""2[1/2]""","=""1""","=""2s2.2p5.(2P*<3/2>).5d""","=""2[1/2]*""","=""1""",3,3,,"=""T6976""","=""L3451""",
Ne,1,"=""542.0155""","=""0.0020""","=""542.01538""","=""0.00004""","=""500""","=""4.33e+05""",C,"=""151038.4524""","=""169482.9862""","=""2s2.2p5.(2P*<1/2>).3p""","=""2[1/2]""","=""1""","=""2s2.2p5.(2P*<3/2>).5d""","=""2[1/2]*""","=""0""",3,1,,"=""T6976""","=""L3469""",
Ne,1,"=""543.36513""","=""0.00004""","=""543.36499""","=""0.00004""","=""2500""","=""2.83e+05""",B+,"=""148257.7898""","=""166656.5114""","=""2s2.2p5.(2P*<3/2>).3p""","=""2[1/2]""","=""1""","=""2s2.2p5.(2P*<1/2>).5s""","=""2[1/2]*""","=""1""",3,3,,"=""T2318""","=""L3451""",
Ne,1,"=""544.85091""","=""0.00004""","=""544.85085""","=""0.00004""","=""1500""","=""4.65e+05""",B+,"=""148257.7898""","=""166606.3370""","=""2s2.2p5.(2P*<3/2>).3p""","=""2[1/2]""","=""1""","=""2s2.2p5.(2P*<1/2>).5s""","=""2[1/2]*""","=""0""",3,1,,"=""T2734""","=""L3451""",
Ne,1,"=""556.24416""","=""0.00030""","=""556.24415""","=""0.00004""","=""1500""","=""1.43e+05""",C,"=""149824.2215""","=""167796.9475""","=""2s2.2p5.(2P*<3/2>).3p""","=""2[5/2]""","=""2""","=""2s2.2p5.(2P*<1/2>).4d""","=""2[3/2]*""","=""2""",5,5,,"=""T6976""","=""L4498""",
Ne,1,"=""556.27662""","=""0.00004""","=""556.27668""","=""0.00004""","=""5000""","=""9.88e+05""",C+,"=""149824.2215""","=""167795.8966""","=""2s2.2p5.(2P*<3/2>).3p""","=""2[5/2]""","=""2""","=""2s2.2p5.(2P*<1/2>).4d""","=""2[5/2]*""","=""3""",5,7,,"=""T6976""","=""L3451""",
Ne,1,"=""556.30531""","=""0.00030""","=""556.30534""","=""0.00004""","=""750""","=""1.02e+05""",C,"=""149824.2215""","=""167794.9709""","=""2s2.2p5.(2P*<3/2>).3p""","=""2[5/2]""","=""2""","=""2s2.2p5.(2P*<1/2>).4d""","=""2[5/2]*""","=""2""",5,5,,"=""T6976""","=""L4498""",
Ne,1,"=""565.25664""","=""0.00004""","=""565.25658""","=""0.00005""","=""750""","=""7.37e+05""",C+,"=""150121.5922""","=""167807.7649""","=""2s2.2p5.(2P*<3/2>).3p""","=""2[3/2]""","=""1""","=""2s2.2p5.(2P*<1/2>).4d""","=""2[3/2]*""","=""1""",3,3,,"=""T6976""","=""L3451""",
Ne,1,"=""565.60258""","=""0.00030""","=""565.60252""","=""0.00005""","=""750""","=""3.66e+05""",C+,"=""150121.5922""","=""167796.9475""","=""2s2.2p5.(2P*<3/2>).3p""","=""2[3/2]""","=""1""","=""2s2.2p5.(2P*<1/2>).4d""","=""2[3/2]*""","=""2""",3,5,,"=""T6976""","=""L4498""",
Ne,1,"=""565.66588""","=""0.00004""","=""565.66578""","=""0.00005""","=""5000""","=""2.95e+06""",C+,"=""150121.5922""","=""167794.9709""","=""2s2.2p5.(2P*<3/2>).3p""","=""2[3/2]""","=""1""","=""2s2.2p5.(2P*<1/2>).4d""","=""2[5/2]*""","=""2""",3,5,,"=""T6976""","=""L3451""",
Ne,1,"=""566.25489""","=""0.00004""","=""566.25476""","=""0.00005""","=""750""","=""5.31e+05""",B+,"=""148257.7898""","=""165912.7861""","=""2s2.2p5.(2P*<3/2>).3p""","=""2[1/2]""","=""1""","=""2s2.2p5.(2P*<3/2>).5s""","=""2[3/2]*""","=""1""",3,3,,"=""T2734""","=""L3451""",
Ne,1,"=""568.98163""","=""0.00004""","=""568.98156""","=""0.00005""","=""1500""","=""1.41e+06""",B+,"=""148257.7898""","=""165828.1766""","=""2s2.2p5.(2P*<3/2>).3p""","=""2[1/2]""","=""1""","=""2s2.2p5.(2P*<3/2>).5s""","=""2[3/2]*""","=""2""",3,5,,"=""T2734""","=""L3451""",
Ne,1,"=""571.88798""","=""0.00030""","=""571.88818""","=""0.00005""","=""1500""","=""2.54e+05""",C+,"=""150315.8612""","=""167796.9475""","=""2s2.2p5.(2P*<3/2>).3p""","=""2[3/2]""","=""2""","=""2s2.2p5.(2P*<1/2>).4d""","=""2[3/2]*""","=""2""",5,5,,"=""T6976""","=""L4498""",
Ne,1,"=""571.92248""","=""0.00004""","=""571.92256""","=""0.00005""","=""5000""","=""9.84e+05""",C+,"=""150315.8612""","=""167795.8966""","=""2s2.2p5.(2P*<3/2>).3p""","=""2[3/2]""","=""2""","=""2s2.2p5.(2P*<1/2>).4d""","=""2[5/2]*""","=""3""",5,7,,"=""T6976""","=""L3451""",
Ne,1,"=""571.95300""","=""0.00030""","=""571.95285""","=""0.00005""","=""750""","=""1.96e+05""",C,"=""150315.8612""","=""167794.9709""","=""2s2.2p5.(2P*<3/2>).3p""","=""2[3/2]""","=""2""","=""2s2.2p5.(2P*<1/2>).4d""","=""2[5/2]*""","=""2""",5,5,,"=""T6976""","=""L4498""",
Ne,1,"=""574.82985""","=""0.00004""","=""574.82979""","=""0.00005""","=""5000""","=""3.34e+06""",C+,"=""149657.0392""","=""167048.6694""","=""2s2.2p5.(2P*<3/2>).3p""","=""2[5/2]""","=""3""","=""2s2.2p5.(2P*<3/2>).4d""","=""2[5/2]*""","=""3""",7,7,,"=""T6976""","=""L3451""",
Ne,1,"=""574.86446""","=""0.00030""","=""574.86487""","=""0.00005""","=""700""","=""2.53e+05""",C+,"=""149657.0392""","=""167047.6082""","=""2s2.2p5.(2P*<3/2>).3p""","=""2[5/2]""","=""3""","=""2s2.2p5.(2P*<3/2>).4d""","=""2[5/2]*""","=""2""",7,5,,"=""T6976""","=""L4498""",
Ne,1,"=""576.05885""","=""0.00004""","=""576.05882""","=""0.00005""","=""700""","=""5.06e+05""",C+,"=""149657.0392""","=""167011.5643""","=""2s2.2p5.(2P*<3/2>).3p""","=""2[5/2]""","=""3""","=""2s2.2p5.(2P*<3/2>).4d""","=""2[3/2]*""","=""2""",7,5,,"=""T6976""","=""L3451""",
Ne,1,"=""576.40525""","=""0.00030""","=""576.40530""","=""0.00005""","=""30""","=""5.50e+05""",C+,"=""149657.0392""","=""167001.1327""","=""2s2.2p5.(2P*<3/2>).3p""","=""2[5/2]""","=""3""","=""2s2.2p5.(2P*<3/2>).4d""","=""2[7/2]*""","=""3""",7,7,,"=""T6976""","=""L4498""",
Ne,1,"=""576.44188""","=""0.00004""","=""576.44189""","=""0.00005""","=""7000""","=""1.12e+07""",B,"=""149657.0392""","=""167000.0317""","=""2s2.2p5.(2P*<3/2>).3p""","=""2[5/2]""","=""3""","=""2s2.2p5.(2P*<3/2>).4d""","=""2[7/2]*""","=""4""",7,9,,"=""T6976""","=""L3451""",
Ne,1,"=""577.03067""","=""0.00030""","=""577.03132""","=""0.00005""","=""500""","=""4.04e+05""",C+,"=""152970.7328""","=""170296.0099""","=""2s2.2p5.(2P*<1/2>).3p""","=""2[1/2]""","=""0""","=""2s2.2p5.(2P*<1/2>).5d""","=""2[3/2]*""","=""1""",1,3,,"=""T6976""","=""L4498""",
Ne,1,"=""580.40900""","=""0.00030""","=""580.40920""","=""0.00005""","=""750""","=""1.88e+05""",C+,"=""149824.2215""","=""167048.6694""","=""2s2.2p5.(2P*<3/2>).3p""","=""2[5/2]""","=""2""","=""2s2.2p5.(2P*<3/2>).4d""","=""2[5/2]*""","=""3""",5,7,,"=""T6976""","=""L4498""",
Ne,1,"=""580.44496""","=""0.00004""","=""580.44496""","=""0.00005""","=""5000""","=""3.60e+06""",C+,"=""149824.2215""","=""167047.6082""","=""2s2.2p5.(2P*<3/2>).3p""","=""2[5/2]""","=""2""","=""2s2.2p5.(2P*<3/2>).4d""","=""2[5/2]*""","=""2""",5,5,,"=""T6976""","=""L3451""",
Ne,1,"=""581.14066""","=""0.00004""","=""581.14058""","=""0.00005""","=""3000""","=""7.37e+05""",C+,"=""149824.2215""","=""167026.9923""","=""2s2.2p5.(2P*<3/2>).3p""","=""2[5/2]""","=""2""","=""2s2.2p5.(2P*<3/2>).4d""","=""2[3/2]*""","=""1""",5,3,,"=""T6976""","=""L3451""",
Ne,1,"=""581.66219""","=""0.00030""","=""581.66224""","=""0.00005""","=""500""","=""1.73e+05""",C,"=""149824.2215""","=""167011.5643""","=""2s2.2p5.(2P*<3/2>).3p""","=""2[5/2]""","=""2""","=""2s2.2p5.(2P*<3/2>).4d""","=""2[3/2]*""","=""2""",5,5,,"=""T6976""","=""L4498""",
Ne,1,"=""582.01558""","=""0.00004""","=""582.01548""","=""0.00005""","=""5000""","=""8.60e+06""",C+,"=""149824.2215""","=""167001.1327""","=""2s2.2p5.(2P*<3/2>).3p""","=""2[5/2]""","=""2""","=""2s2.2p5.(2P*<3/2>).4d""","=""2[7/2]*""","=""3""",5,7,,"=""T6976""","=""L3451""",
Ne,1,"=""582.89063""","=""0.00030""","=""582.89068""","=""0.00005""","=""750""","=""2.87e+05""",C,"=""149824.2215""","=""166975.3424""","=""2s2.2p5.(2P*<3/2>).3p""","=""2[5/2]""","=""2""","=""2s2.2p5.(2P*<3/2>).4d""","=""2[1/2]*""","=""1""",5,3,,"=""T6976""","=""L4498""",
Ne,1,"=""585.24878""","=""0.00005""","=""585.24879""","=""0.00005""","=""20000""","=""6.15e+07""",AA,"=""135888.7173""","=""152970.7328""","=""2s2.2p5.(2P*<1/2>).3s""","=""2[1/2]*""","=""1""","=""2s2.2p5.(2P*<1/2>).3p""","=""2[1/2]""","=""0""",3,1,,"=""T6389""","=""L7292""",
Ne,1,"=""586.84165""","=""0.00030""","=""586.84155""","=""0.00005""","=""750""","=""8.26e+05""",C+,"=""150772.1118""","=""167807.7649""","=""2s2.2p5.(2P*<1/2>).3p""","=""2[3/2]""","=""1""","=""2s2.2p5.(2P*<1/2>).4d""","=""2[3/2]*""","=""1""",3,3,,"=""T6976""","=""L4498""",
Ne,1,"=""587.21450""","=""0.00030""","=""587.21443""","=""0.00005""","=""750""","=""6.69e+05""",C+,"=""150772.1118""","=""167796.9475""","=""2s2.2p5.(2P*<1/2>).3p""","=""2[3/2]""","=""1""","=""2s2.2p5.(2P*<1/2>).4d""","=""2[3/2]*""","=""2""",3,5,,"=""T6976""","=""L4498""",
Ne,1,"=""587.28275""","=""0.00004""","=""587.28261""","=""0.00005""","=""5000""","=""6.07e+06""",C+,"=""150772.1118""","=""167794.9709""","=""2s2.2p5.(2P*<1/2>).3p""","=""2[3/2]""","=""1""","=""2s2.2p5.(2P*<1/2>).4d""","=""2[5/2]*""","=""2""",3,5,,"=""T6976""","=""L3451""",
Ne,1,"=""588.18950""","=""0.00005""","=""588.18952""","=""0.00005""","=""10000""","=""1.15e+07""",B+,"=""134041.8400""","=""151038.4524""","=""2s2.2p5.(2P*<3/2>).3s""","=""2[3/2]*""","=""2""","=""2s2.2p5.(2P*<1/2>).3p""","=""2[1/2]""","=""1""",5,3,,"=""T2733""","=""L7292""",
Ne,1,"=""589.83287""","=""0.00030""","=""589.83291""","=""0.00005""","=""200""","=""2.01e+05""",C,"=""150858.5079""","=""167807.7649""","=""2s2.2p5.(2P*<1/2>).3p""","=""2[3/2]""","=""2""","=""2s2.2p5.(2P*<1/2>).4d""","=""2[3/2]*""","=""1""",5,3,,"=""T6976""","=""L4498""",
Ne,1,"=""590.20944""","=""0.00030""","=""590.20960""","=""0.00005""","=""30""","=""7.35e+05""",C+,"=""150858.5079""","=""167796.9475""","=""2s2.2p5.(2P*<1/2>).3p""","=""2[3/2]""","=""2""","=""2s2.2p5.(2P*<1/2>).4d""","=""2[3/2]*""","=""2""",5,5,,"=""T6976""","=""L4498""",
Ne,1,"=""590.24623""","=""0.00004""","=""590.24622""","=""0.00005""","=""500""","=""8.56e+06""",C+,"=""150858.5079""","=""167795.8966""","=""2s2.2p5.(2P*<1/2>).3p""","=""2[3/2]""","=""2""","=""2s2.2p5.(2P*<1/2>).4d""","=""2[5/2]*""","=""3""",5,7,,"=""T6976""","=""L3451""",
Ne,1,"=""590.27835""","=""0.00004""","=""590.27848""","=""0.00005""","=""50""","=""1.25e+06""",C+,"=""150858.5079""","=""167794.9709""","=""2s2.2p5.(2P*<1/2>).3p""","=""2[3/2]""","=""2""","=""2s2.2p5.(2P*<1/2>).4d""","=""2[5/2]*""","=""2""",5,5,,"=""T6976""","=""L3451""",
Ne,1,"=""590.64294""","=""0.00004""","=""590.64281""","=""0.00005""","=""500""","=""4.51e+06""",C+,"=""150121.5922""","=""167047.6082""","=""2s2.2p5.(2P*<3/2>).3p""","=""2[3/2]""","=""1""","=""2s2.2p5.(2P*<3/2>).4d""","=""2[5/2]*""","=""2""",3,5,,"=""T6976""","=""L3451""",
Ne,1,"=""591.3633""","=""0.0001""","=""591.36310""","=""0.00005""","=""2500""","=""3.19e+06""",C+,"=""150121.5922""","=""167026.9923""","=""2s2.2p5.(2P*<3/2>).3p""","=""2[3/2]""","=""1""","=""2s2.2p5.(2P*<3/2>).4d""","=""2[3/2]*""","=""1""",3,3,,"=""T6976""","=""L7292""",
Ne,1,"=""591.89068""","=""0.00004""","=""591.89059""","=""0.00005""","=""2500""","=""2.97e+06""",C+,"=""150917.4307""","=""167807.7649""","=""2s2.2p5.(2P*<3/2>).3p""","=""2[1/2]""","=""0""","=""2s2.2p5.(2P*<1/2>).4d""","=""2[3/2]*""","=""1""",1,3,,"=""T6976""","=""L3451""",
Ne,1,"=""591.90290""","=""0.00040""","=""591.90328""","=""0.00005""","=""80""","=""4.15e+05""",C+,"=""150121.5922""","=""167011.5643""","=""2s2.2p5.(2P*<3/2>).3p""","=""2[3/2]""","=""1""","=""2s2.2p5.(2P*<3/2>).4d""","=""2[3/2]*""","=""2""",3,5,,"=""T6976""","=""L4498""",
Ne,1,"=""593.44522""","=""0.00040""","=""593.44538""","=""0.00005""","=""750""","=""1.08e+06""",C+,"=""150121.5922""","=""166967.6752""","=""2s2.2p5.(2P*<3/2>).3p""","=""2[3/2]""","=""1""","=""2s2.2p5.(2P*<3/2>).4d""","=""2[1/2]*""","=""0""",3,1,,"=""T6976""","=""L4498""",
Ne,1,"=""593.93154""","=""0.00040""","=""593.93168""","=""0.00005""","=""500""","=""2.00e+05""",B+,"=""149824.2215""","=""166656.5114""","=""2s2.2p5.(2P*<3/2>).3p""","=""2[5/2]""","=""2""","=""2s2.2p5.(2P*<1/2>).5s""","=""2[1/2]*""","=""1""",5,3,,"=""T2318""","=""L4498""",
Ne,1,"=""594.48340""","=""0.00005""","=""594.48342""","=""0.00005""","=""5000""","=""1.13e+07""",B+,"=""134041.8400""","=""150858.5079""","=""2s2.2p5.(2P*<3/2>).3s""","=""2[3/2]*""","=""2""","=""2s2.2p5.(2P*<1/2>).3p""","=""2[3/2]""","=""2""",5,5,,"=""T2733""","=""L7292""",
Ne,1,"=""596.16228""","=""0.00004""","=""596.16222""","=""0.00005""","=""700""","=""2.28e+06""",C+,"=""151038.4524""","=""167807.7649""","=""2s2.2p5.(2P*<1/2>).3p""","=""2[1/2]""","=""1""","=""2s2.2p5.(2P*<1/2>).4d""","=""2[3/2]*""","=""1""",3,3,,"=""T6976""","=""L3451""",
Ne,1,"=""596.54710""","=""0.00004""","=""596.54704""","=""0.00005""","=""5000""","=""6.41e+06""",C+,"=""151038.4524""","=""167796.9475""","=""2s2.2p5.(2P*<1/2>).3p""","=""2[1/2]""","=""1""","=""2s2.2p5.(2P*<1/2>).4d""","=""2[3/2]*""","=""2""",3,5,,"=""T6976""","=""L3451""",
Ne,1,"=""596.61790""","=""0.00040""","=""596.61741""","=""0.00005""","=""350""","=""2.42e+05""",C+,"=""151038.4524""","=""167794.9709""","=""2s2.2p5.(2P*<1/2>).3p""","=""2[1/2]""","=""1""","=""2s2.2p5.(2P*<1/2>).4d""","=""2[5/2]*""","=""2""",3,5,,"=""T6976""","=""L4498""",
Ne,1,"=""597.46273""","=""0.00004""","=""597.46282""","=""0.00005""","=""5000""","=""6.06e+06""",C+,"=""150315.8612""","=""167048.6694""","=""2s2.2p5.(2P*<3/2>).3p""","=""2[3/2]""","=""2""","=""2s2.2p5.(2P*<3/2>).4d""","=""2[5/2]*""","=""3""",5,7,,"=""T6976""","=""L3451""",
Ne,1,"=""597.55343""","=""0.00005""","=""597.55340""","=""0.00005""","=""6000""","=""3.51e+06""",B+,"=""134041.8400""","=""150772.1118""","=""2s2.2p5.(2P*<3/2>).3s""","=""2[3/2]*""","=""2""","=""2s2.2p5.(2P*<1/2>).3p""","=""2[3/2]""","=""1""",5,3,,"=""T2733""","=""L7292""",
Ne,1,"=""598.23753""","=""0.00040""","=""598.23783""","=""0.00005""","=""80""","=""9.9e+04""",C,"=""150315.8612""","=""167026.9923""","=""2s2.2p5.(2P*<3/2>).3p""","=""2[3/2]""","=""2""","=""2s2.2p5.(2P*<3/2>).4d""","=""2[3/2]*""","=""1""",5,3,,"=""T6976""","=""L4498""",
Ne,1,"=""598.79074""","=""0.00004""","=""598.79065""","=""0.00005""","=""1500""","=""3.63e+06""",C+,"=""150315.8612""","=""167011.5643""","=""2s2.2p5.(2P*<3/2>).3p""","=""2[3/2]""","=""2""","=""2s2.2p5.(2P*<3/2>).4d""","=""2[3/2]*""","=""2""",5,5,,"=""T6976""","=""L3451""",
Ne,1,"=""599.16477""","=""0.00040""","=""599.16502""","=""0.00005""","=""750""","=""1.18e+06""",C+,"=""150315.8612""","=""167001.1327""","=""2s2.2p5.(2P*<3/2>).3p""","=""2[3/2]""","=""2""","=""2s2.2p5.(2P*<3/2>).4d""","=""2[7/2]*""","=""3""",5,7,,"=""T6976""","=""L4498""",
Ne,1,"=""600.09275""","=""0.00004""","=""600.09258""","=""0.00005""","=""1000""","=""1.14e+06""",C+,"=""150315.8612""","=""166975.3424""","=""2s2.2p5.(2P*<3/2>).3p""","=""2[3/2]""","=""2""","=""2s2.2p5.(2P*<3/2>).4d""","=""2[1/2]*""","=""1""",5,3,,"=""T6976""","=""L3451""",
Ne,1,"=""602.99968""","=""0.00005""","=""602.99969""","=""0.00005""","=""10000""","=""5.61e+06""",B+,"=""134459.2871""","=""151038.4524""","=""2s2.2p5.(2P*<3/2>).3s""","=""2[3/2]*""","=""1""","=""2s2.2p5.(2P*<1/2>).3p""","=""2[1/2]""","=""1""",3,3,,"=""T2733""","=""L7292""",
Ne,1,"=""604.2013""","=""0.0020""","=""604.19880""","=""0.00005""","=""150""","=""1.56e+05""",C,"=""152970.7328""","=""169516.9948""","=""2s2.2p5.(2P*<1/2>).3p""","=""2[1/2]""","=""0""","=""2s2.2p5.(2P*<3/2>).5d""","=""2[3/2]*""","=""1""",1,3,,"=""T6976""","=""L3469""",
Ne,1,"=""604.61348""","=""0.00004""","=""604.61328""","=""0.00005""","=""500""","=""2.26e+05""",B+,"=""150121.5922""","=""166656.5114""","=""2s2.2p5.(2P*<3/2>).3p""","=""2[3/2]""","=""1""","=""2s2.2p5.(2P*<1/2>).5s""","=""2[1/2]*""","=""1""",3,3,,"=""T2318""","=""L3451""",
Ne,1,"=""606.45359""","=""0.00004""","=""606.45355""","=""0.00005""","=""500""","=""1.64e+06""",B+,"=""150121.5922""","=""166606.3370""","=""2s2.2p5.(2P*<3/2>).3p""","=""2[3/2]""","=""1""","=""2s2.2p5.(2P*<1/2>).5s""","=""2[1/2]*""","=""0""",3,1,,"=""T2734""","=""L3451""",
Ne,1,"=""607.43376""","=""0.00005""","=""607.43377""","=""0.00005""","=""10000""","=""6.03e+07""",B+,"=""134459.2871""","=""150917.4307""","=""2s2.2p5.(2P*<3/2>).3s""","=""2[3/2]*""","=""1""","=""2s2.2p5.(2P*<3/2>).3p""","=""2[1/2]""","=""0""",3,1,,"=""T2733""","=""L7292""",
Ne,1,"=""609.61630""","=""0.00005""","=""609.61631""","=""0.00005""","=""3000""","=""1.81e+07""",B+,"=""134459.2871""","=""150858.5079""","=""2s2.2p5.(2P*<3/2>).3s""","=""2[3/2]*""","=""1""","=""2s2.2p5.(2P*<1/2>).3p""","=""2[3/2]""","=""2""",3,5,,"=""T2733""","=""L7292""",
Ne,1,"=""611.80187""","=""0.00040""","=""611.80141""","=""0.00005""","=""150""","=""6.09e+05""",B+,"=""150315.8612""","=""166656.5114""","=""2s2.2p5.(2P*<3/2>).3p""","=""2[3/2]""","=""2""","=""2s2.2p5.(2P*<1/2>).5s""","=""2[1/2]*""","=""1""",5,3,,"=""T2318""","=""L4498""",
Ne,1,"=""612.84498""","=""0.00004""","=""612.84499""","=""0.00005""","=""1000""","=""6.70e+05""",B+,"=""134459.2871""","=""150772.1118""","=""2s2.2p5.(2P*<3/2>).3s""","=""2[3/2]*""","=""1""","=""2s2.2p5.(2P*<1/2>).3p""","=""2[3/2]""","=""1""",3,3,,"=""T2733""","=""L3451""",
Ne,1,"=""614.2508""","=""0.0020""","=""614.25058""","=""0.00005""","=""1000""","=""1.64e+06""",C+,"=""150772.1118""","=""167047.6082""","=""2s2.2p5.(2P*<1/2>).3p""","=""2[3/2]""","=""1""","=""2s2.2p5.(2P*<3/2>).4d""","=""2[5/2]*""","=""2""",3,5,,"=""T6976""","=""L3469""",
Ne,1,"=""614.30627""","=""0.00005""","=""614.30626""","=""0.00005""","=""10000""","=""2.82e+07""",B+,"=""134041.8400""","=""150315.8612""","=""2s2.2p5.(2P*<3/2>).3s""","=""2[3/2]*""","=""2""","=""2s2.2p5.(2P*<3/2>).3p""","=""2[3/2]""","=""2""",5,5,,"=""T2733""","=""L7292""",
Ne,1,"=""615.02985""","=""0.00040""","=""615.02964""","=""0.00005""","=""1000""","=""1.33e+06""",C+,"=""150772.1118""","=""167026.9923""","=""2s2.2p5.(2P*<1/2>).3p""","=""2[3/2]""","=""1""","=""2s2.2p5.(2P*<3/2>).4d""","=""2[3/2]*""","=""1""",3,3,,"=""T6976""","=""L4498""",
Ne,1,"=""615.61380""","=""0.00040""","=""615.61394""","=""0.00005""","=""500""","=""1.72e+05""",C,"=""150772.1118""","=""167011.5643""","=""2s2.2p5.(2P*<1/2>).3p""","=""2[3/2]""","=""1""","=""2s2.2p5.(2P*<3/2>).4d""","=""2[3/2]*""","=""2""",3,5,,"=""T6976""","=""L4498""",
Ne,1,"=""616.35937""","=""0.00005""","=""616.35939""","=""0.00005""","=""10000""","=""1.46e+07""",B+,"=""134818.6405""","=""151038.4524""","=""2s2.2p5.(2P*<1/2>).3s""","=""2[1/2]*""","=""0""","=""2s2.2p5.(2P*<1/2>).3p""","=""2[1/2]""","=""1""",1,3,,"=""T2733""","=""L7292""",
Ne,1,"=""617.28156""","=""0.00040""","=""617.28223""","=""0.00005""","=""150""","=""4.27e+05""",C,"=""150772.1118""","=""166967.6752""","=""2s2.2p5.(2P*<1/2>).3p""","=""2[3/2]""","=""1""","=""2s2.2p5.(2P*<3/2>).4d""","=""2[1/2]*""","=""0""",3,1,,"=""T6976""","=""L4498""",
Ne,1,"=""617.48829""","=""0.00004""","=""617.48819""","=""0.00005""","=""700""","=""7.52e+05""",C+,"=""150858.5079""","=""167048.6694""","=""2s2.2p5.(2P*<1/2>).3p""","=""2[3/2]""","=""2""","=""2s2.2p5.(2P*<3/2>).4d""","=""2[5/2]*""","=""3""",5,7,,"=""T6976""","=""L3451""",
Ne,1,"=""617.52842""","=""0.00040""","=""617.52867""","=""0.00005""","=""500""","=""3.00e+05""",C+,"=""150858.5079""","=""167047.6082""","=""2s2.2p5.(2P*<1/2>).3p""","=""2[3/2]""","=""2""","=""2s2.2p5.(2P*<3/2>).4d""","=""2[5/2]*""","=""2""",5,5,,"=""T6976""","=""L4498""",
Ne,1,"=""618.21460""","=""0.00004""","=""618.21463""","=""0.00005""","=""1500""","=""3.72e+06""",B+,"=""149657.0392""","=""165828.1766""","=""2s2.2p5.(2P*<3/2>).3p""","=""2[5/2]""","=""3""","=""2s2.2p5.(2P*<3/2>).5s""","=""2[3/2]*""","=""2""",7,5,,"=""T2734""","=""L3451""",
Ne,1,"=""618.31575""","=""0.00040""","=""618.31607""","=""0.00005""","=""50""","=""1.18e+05""",C,"=""150858.5079""","=""167026.9923""","=""2s2.2p5.(2P*<1/2>).3p""","=""2[3/2]""","=""2""","=""2s2.2p5.(2P*<3/2>).4d""","=""2[3/2]*""","=""1""",5,3,,"=""T6976""","=""L4498""",
Ne,1,"=""618.90649""","=""0.00004""","=""618.90664""","=""0.00005""","=""700""","=""5.88e+05""",C+,"=""150858.5079""","=""167011.5643""","=""2s2.2p5.(2P*<1/2>).3p""","=""2[3/2]""","=""2""","=""2s2.2p5.(2P*<3/2>).4d""","=""2[3/2]*""","=""2""",5,5,,"=""T6976""","=""L3451""",
Ne,1,"=""619.30663""","=""0.00004""","=""619.30659""","=""0.00005""","=""500""","=""1.80e+05""",C+,"=""150858.5079""","=""167001.1327""","=""2s2.2p5.(2P*<1/2>).3p""","=""2[3/2]""","=""2""","=""2s2.2p5.(2P*<3/2>).4d""","=""2[7/2]*""","=""3""",5,7,,"=""T6976""","=""L3451""",
Ne,1,"=""620.29740""","=""0.00040""","=""620.29761""","=""0.00005""","=""150""","=""2.44e+05""",C,"=""150858.5079""","=""166975.3424""","=""2s2.2p5.(2P*<1/2>).3p""","=""2[3/2]""","=""2""","=""2s2.2p5.(2P*<3/2>).4d""","=""2[1/2]*""","=""1""",5,3,,"=""T6976""","=""L4498""",
Ne,1,"=""620.57775""","=""0.00004""","=""620.57766""","=""0.00005""","=""1000""","=""1.52e+06""",C+,"=""150917.4307""","=""167026.9923""","=""2s2.2p5.(2P*<3/2>).3p""","=""2[1/2]""","=""0""","=""2s2.2p5.(2P*<3/2>).4d""","=""2[3/2]*""","=""1""",1,3,,"=""T6976""","=""L3451""",
Ne,3,"=""""","=""""","=""620.649""","=""0.014""","=""0m""","=""5.5e+07""",D,"=""446375.1+x""","=""462482.8+x""","=""2s2.2p3.(4S*).4d""","=""5D*""","=""4""","=""2s2.2p3.(4S*).5p""","=""5P""","=""3""",9,7,,"=""T8046""","=""L10704""",
Ne,3,"=""620.908""","=""""","=""620.908""","=""0.009""","=""70""","=""4.0e+07""",D,"=""446375.73+x""","=""462476.73+x""","=""2s2.2p3.(4S*).4d""","=""5D*""","=""3""","=""2s2.2p3.(4S*).5p""","=""5P""","=""2""",7,5,,"=""T8046""","=""L10704""",
Ne,3,"=""621.018""","=""""","=""621.019""","=""0.010""","=""70""","=""2.5e+07""",D,"=""446375.17+x""","=""462473.29+x""","=""2s2.2p3.(4S*).4d""","=""5D*""","=""2""","=""2s2.2p3.(4S*).5p""","=""5P""","=""1""",5,3,,"=""T8046""","=""L10704""",
Ne,1,"=""621.38758""","=""0.00004""","=""621.38757""","=""0.00005""","=""1500""","=""2.85e+06""",B+,"=""149824.2215""","=""165912.7861""","=""2s2.2p5.(2P*<3/2>).3p""","=""2[5/2]""","=""2""","=""2s2.2p5.(2P*<3/2>).5s""","=""2[3/2]*""","=""1""",5,3,,"=""T2734""","=""L3451""",
Ne,1,"=""621.72812""","=""0.00005""","=""621.72812""","=""0.00005""","=""10000""","=""6.37e+06""",B+,"=""134041.8400""","=""150121.5922""","=""2s2.2p5.(2P*<3/2>).3s""","=""2[3/2]*""","=""2""","=""2s2.2p5.(2P*<3/2>).3p""","=""2[3/2]""","=""1""",5,3,,"=""T2733""","=""L7292""",
Ne,1,"=""622.57350""","=""0.00040""","=""622.57375""","=""0.00005""","=""500""","=""6.19e+05""",C+,"=""150917.4307""","=""166975.3424""","=""2s2.2p5.(2P*<3/2>).3p""","=""2[1/2]""","=""0""","=""2s2.2p5.(2P*<3/2>).4d""","=""2[1/2]*""","=""1""",1,3,,"=""T6976""","=""L4498""",
Ne,1,"=""624.67294""","=""0.00004""","=""624.67274""","=""0.00006""","=""1000""","=""7.97e+05""",B+,"=""149824.2215""","=""165828.1766""","=""2s2.2p5.(2P*<3/2>).3p""","=""2[5/2]""","=""2""","=""2s2.2p5.(2P*<3/2>).5s""","=""2[3/2]*""","=""2""",5,5,,"=""T2734""","=""L3451""",
Ne,1,"=""625.87884""","=""0.00040""","=""625.87896""","=""0.00006""","=""1000""","=""6.06e+05""",C+,"=""151038.4524""","=""167011.5643""","=""2s2.2p5.(2P*<1/2>).3p""","=""2[1/2]""","=""1""","=""2s2.2p5.(2P*<3/2>).4d""","=""2[3/2]*""","=""2""",3,5,,"=""T6976""","=""L4498""",
Ne,1,"=""626.64952""","=""0.00005""","=""626.64950""","=""0.00006""","=""10000""","=""2.49e+07""",B+,"=""134818.6405""","=""150772.1118""","=""2s2.2p5.(2P*<1/2>).3s""","=""2[1/2]*""","=""0""","=""2s2.2p5.(2P*<1/2>).3p""","=""2[3/2]""","=""1""",1,3,,"=""T2733""","=""L7292""",
Ne,1,"=""627.30141""","=""0.00040""","=""627.30149""","=""0.00006""","=""700""","=""9.94e+05""",C+,"=""151038.4524""","=""166975.3424""","=""2s2.2p5.(2P*<1/2>).3p""","=""2[1/2]""","=""1""","=""2s2.2p5.(2P*<3/2>).4d""","=""2[1/2]*""","=""1""",3,3,,"=""T6976""","=""L4498""",
Ne,1,"=""627.60327""","=""0.00040""","=""627.60343""","=""0.00006""","=""500""","=""1.25e+06""",C+,"=""151038.4524""","=""166967.6752""","=""2s2.2p5.(2P*<1/2>).3p""","=""2[1/2]""","=""1""","=""2s2.2p5.(2P*<3/2>).4d""","=""2[1/2]*""","=""0""",3,1,,"=""T6976""","=""L4498""",
Ne,3,"=""627.750""","=""""","=""627.749""","=""0.003""","=""30""","=""1.1e+08""",D,"=""472027.94""","=""487953.47""","=""2s2.2p3.(2D*).4p""","=""3F""","=""2""","=""2s2.2p3.(2D*).4d""","=""3G*""","=""3""",5,7,,"=""T8046""","=""L10704""",
Ne,3,"=""628.358""","=""""","=""628.358""","=""0.004""","=""30""","=""1.1e+08""",D,"=""472020.08""","=""487930.17""","=""2s2.2p3.(2D*).4p""","=""3F""","=""3""","=""2s2.2p3.(2D*).4d""","=""3G*""","=""4""",7,9,,"=""T8046""","=""L10704""",
Ne,3,"=""628.959""","=""""","=""628.958""","=""0.004""","=""30""","=""1.2e+08""",D,"=""472013.12""","=""487908.04""","=""2s2.2p3.(2D*).4p""","=""3F""","=""4""","=""2s2.2p3.(2D*).4d""","=""3G*""","=""5""",9,11,,"=""T8046""","=""L10704""",
Ne,1,"=""629.37447""","=""0.00004""","=""629.37444""","=""0.00006""","=""1000""","=""6.39e+05""",B+,"=""150772.1118""","=""166656.5114""","=""2s2.2p5.(2P*<1/2>).3p""","=""2[3/2]""","=""1""","=""2s2.2p5.(2P*<1/2>).5s""","=""2[1/2]*""","=""1""",3,3,,"=""T2318""","=""L3451""",
Ne,1,"=""630.47893""","=""0.00005""","=""630.47889""","=""0.00006""","=""1000""","=""4.16e+06""",B+,"=""134459.2871""","=""150315.8612""","=""2s2.2p5.(2P*<3/2>).3s""","=""2[3/2]*""","=""1""","=""2s2.2p5.(2P*<3/2>).3p""","=""2[3/2]""","=""2""",3,5,,"=""T2733""","=""L7292""",
Ne,1,"=""631.36855""","=""0.00040""","=""631.36878""","=""0.00006""","=""1500""","=""3.40e+06""",B+,"=""150772.1118""","=""166606.3370""","=""2s2.2p5.(2P*<1/2>).3p""","=""2[3/2]""","=""1""","=""2s2.2p5.(2P*<1/2>).5s""","=""2[1/2]*""","=""0""",3,1,,"=""T2734""","=""L4498""",
Ne,1,"=""632.81646""","=""0.00004""","=""632.81639""","=""0.00006""","=""3000""","=""3.39e+06""",B+,"=""150858.5079""","=""166656.5114""","=""2s2.2p5.(2P*<1/2>).3p""","=""2[3/2]""","=""2""","=""2s2.2p5.(2P*<1/2>).5s""","=""2[1/2]*""","=""1""",5,3,,"=""T2318""","=""L3451""",
Ne,1,"=""633.08894""","=""0.00040""","=""633.08928""","=""0.00006""","=""1500""","=""1.46e+06""",B+,"=""150121.5922""","=""165912.7861""","=""2s2.2p5.(2P*<3/2>).3p""","=""2[3/2]""","=""1""","=""2s2.2p5.(2P*<3/2>).5s""","=""2[3/2]*""","=""1""",3,3,,"=""T2734""","=""L4498""",
Ne,1,"=""633.44276""","=""0.00005""","=""633.44278""","=""0.00006""","=""10000""","=""1.61e+07""",B+,"=""134041.8400""","=""149824.2215""","=""2s2.2p5.(2P*<3/2>).3s""","=""2[3/2]*""","=""2""","=""2s2.2p5.(2P*<3/2>).3p""","=""2[5/2]""","=""2""",5,5,,"=""T2733""","=""L7292""",
Ne,1,"=""635.18532""","=""0.00040""","=""635.18550""","=""0.00006""","=""1000""","=""3.45e+05""",B+,"=""150917.4307""","=""166656.5114""","=""2s2.2p5.(2P*<3/2>).3p""","=""2[1/2]""","=""0""","=""2s2.2p5.(2P*<1/2>).5s""","=""2[1/2]*""","=""1""",1,3,,"=""T2318""","=""L4498""",
Ne,1,"=""636.49963""","=""0.00040""","=""636.49969""","=""0.00006""","=""1000""","=""1.60e+05""",B+,"=""150121.5922""","=""165828.1766""","=""2s2.2p5.(2P*<3/2>).3p""","=""2[3/2]""","=""1""","=""2s2.2p5.(2P*<3/2>).5s""","=""2[3/2]*""","=""2""",3,5,,"=""T2734""","=""L4498""",
Ne,1,"=""638.29914""","=""0.00005""","=""638.29917""","=""0.00006""","=""10000""","=""3.21e+07""",B+,"=""134459.2871""","=""150121.5922""","=""2s2.2p5.(2P*<3/2>).3s""","=""2[3/2]*""","=""1""","=""2s2.2p5.(2P*<3/2>).3p""","=""2[3/2]""","=""1""",3,3,,"=""T2733""","=""L7292""",
Ne,1,"=""640.1076""","=""0.0020""","=""640.10749""","=""0.00006""","=""1000""","=""1.39e+06""",B+,"=""151038.4524""","=""166656.5114""","=""2s2.2p5.(2P*<1/2>).3p""","=""2[1/2]""","=""1""","=""2s2.2p5.(2P*<1/2>).5s""","=""2[1/2]*""","=""1""",3,3,,"=""T2318""","=""L3469""",
Ne,1,"=""640.2248""","=""0.0001""","=""640.22472""","=""0.00006""","=""20000""","=""5.149e+07""",AAA,"=""134041.8400""","=""149657.0392""","=""2s2.2p5.(2P*<3/2>).3s""","=""2[3/2]*""","=""2""","=""2s2.2p5.(2P*<3/2>).3p""","=""2[5/2]""","=""3""",5,7,,"=""T4273""","=""L7292""",
Ne,3,"=""640.658""","=""""","=""640.660""","=""0.005""","=""90""","=""5.6e+07""",D,"=""448251.88""","=""463856.46""","=""2s2.2p3.(4S*).4d""","=""3D*""","=""3""","=""2s2.2p3.(4S*).5p""","=""3P""","=""2""",7,5,,"=""T8046""","=""L10704""",
Ne,1,"=""640.97469""","=""0.00040""","=""640.97485""","=""0.00006""","=""1500""","=""1.41e+06""",B+,"=""150315.8612""","=""165912.7861""","=""2s2.2p5.(2P*<3/2>).3p""","=""2[3/2]""","=""2""","=""2s2.2p5.(2P*<3/2>).5s""","=""2[3/2]*""","=""1""",5,3,,"=""T2734""","=""L4498""",
Ne,1,"=""642.17044""","=""0.00040""","=""642.17053""","=""0.00006""","=""1000""","=""2.10e+06""",B+,"=""151038.4524""","=""166606.3370""","=""2s2.2p5.(2P*<1/2>).3p""","=""2[1/2]""","=""1""","=""2s2.2p5.(2P*<1/2>).5s""","=""2[1/2]*""","=""0""",3,1,,"=""T2734""","=""L4498""",
Ne,1,"=""644.47118""","=""0.00004""","=""644.47098""","=""0.00006""","=""1500""","=""1.16e+06""",B+,"=""150315.8612""","=""165828.1766""","=""2s2.2p5.(2P*<3/2>).3p""","=""2[3/2]""","=""2""","=""2s2.2p5.(2P*<3/2>).5s""","=""2[3/2]*""","=""2""",5,5,,"=""T2734""","=""L3451""",
Ne,1,"=""650.65277""","=""0.00005""","=""650.65281""","=""0.00006""","=""15000""","=""3.00e+07""",B+,"=""134459.2871""","=""149824.2215""","=""2s2.2p5.(2P*<3/2>).3s""","=""2[3/2]*""","=""1""","=""2s2.2p5.(2P*<3/2>).3p""","=""2[5/2]""","=""2""",3,5,,"=""T2733""","=""L7292""",
Ne,1,"=""653.28824""","=""0.00005""","=""653.28822""","=""0.00006""","=""1000""","=""1.08e+07""",B+,"=""134818.6405""","=""150121.5922""","=""2s2.2p5.(2P*<1/2>).3s""","=""2[1/2]*""","=""0""","=""2s2.2p5.(2P*<3/2>).3p""","=""2[3/2]""","=""1""",1,3,,"=""T2733""","=""L7292""",
Ne,1,"=""659.89528""","=""0.00005""","=""659.89529""","=""0.00006""","=""10000""","=""2.32e+07""",B+,"=""135888.7173""","=""151038.4524""","=""2s2.2p5.(2P*<1/2>).3s""","=""2[1/2]*""","=""1""","=""2s2.2p5.(2P*<1/2>).3p""","=""2[1/2]""","=""1""",3,3,,"=""T2733""","=""L7292""",
Ne,1,"=""660.29007""","=""0.00040""","=""660.29020""","=""0.00006""","=""1000""","=""4.76e+05""",B+,"=""150772.1118""","=""165912.7861""","=""2s2.2p5.(2P*<1/2>).3p""","=""2[3/2]""","=""1""","=""2s2.2p5.(2P*<3/2>).5s""","=""2[3/2]*""","=""1""",3,3,,"=""T2734""","=""L4498""",
Ne,1,"=""664.00095""","=""0.00040""","=""664.00081""","=""0.00006""","=""100""","=""6.21e+04""",B+,"=""150772.1118""","=""165828.1766""","=""2s2.2p5.(2P*<1/2>).3p""","=""2[3/2]""","=""1""","=""2s2.2p5.(2P*<3/2>).5s""","=""2[3/2]*""","=""2""",3,5,,"=""T2734""","=""L4498""",
Ne,1,"=""664.080""","=""0.002""","=""664.07962""","=""0.00006""","=""50""","=""3.80e+03""",C,"=""150858.5079""","=""165912.7861""","=""2s2.2p5.(2P*<1/2>).3p""","=""2[3/2]""","=""2""","=""2s2.2p5.(2P*<3/2>).5s""","=""2[3/2]*""","=""1""",5,3,,"=""T2734""","=""L7441""",
Ne,1,"=""665.20925""","=""0.00004""","=""665.20927""","=""0.00006""","=""1500""","=""2.90e+05""",B,"=""135888.7173""","=""150917.4307""","=""2s2.2p5.(2P*<1/2>).3s""","=""2[1/2]*""","=""1""","=""2s2.2p5.(2P*<3/2>).3p""","=""2[1/2]""","=""0""",3,1,,"=""T2733""","=""L3451""",
Ne,1,"=""666.6892""","=""0.0007""","=""666.68907""","=""0.00006""","=""1000""","=""3.57e+05""",B+,"=""150917.4307""","=""165912.7861""","=""2s2.2p5.(2P*<3/2>).3p""","=""2[1/2]""","=""0""","=""2s2.2p5.(2P*<3/2>).5s""","=""2[3/2]*""","=""1""",1,3,,"=""T2734""","=""L5951""",
Ne,1,"=""667.82766""","=""0.00005""","=""667.82762""","=""0.00006""","=""5000""","=""2.33e+07""",B+,"=""135888.7173""","=""150858.5079""","=""2s2.2p5.(2P*<1/2>).3s""","=""2[1/2]*""","=""1""","=""2s2.2p5.(2P*<1/2>).3p""","=""2[3/2]""","=""2""",3,5,,"=""T2733""","=""L7292""",
Ne,1,"=""""","=""""","=""667.83306""","=""0.00006""","=""""","=""3.41e+05""",B,"=""150858.5079""","=""165828.1766""","=""2s2.2p5.(2P*<1/2>).3p""","=""2[3/2]""","=""2""","=""2s2.2p5.(2P*<3/2>).5s""","=""2[3/2]*""","=""2""",5,5,,"=""T2734""","=""""",
Ne,1,"=""671.70430""","=""0.00005""","=""671.70430""","=""0.00006""","=""700""","=""2.17e+07""",B+,"=""135888.7173""","=""150772.1118""","=""2s2.2p5.(2P*<1/2>).3s""","=""2[1/2]*""","=""1""","=""2s2.2p5.(2P*<1/2>).3p""","=""2[3/2]""","=""1""",3,3,,"=""T2733""","=""L7292""",
Ne,1,"=""672.11342""","=""0.00050""","=""672.11348""","=""0.00006""","=""20""","=""5.15e+04""",B+,"=""151038.4524""","=""165912.7861""","=""2s2.2p5.(2P*<1/2>).3p""","=""2[1/2]""","=""1""","=""2s2.2p5.(2P*<3/2>).5s""","=""2[3/2]*""","=""1""",3,3,,"=""T2734""","=""L4498""",
Ne,1,"=""673.80320""","=""0.00050""","=""673.80324""","=""0.00006""","=""700""","=""1.25e+06""",C+,"=""152970.7328""","=""167807.7649""","=""2s2.2p5.(2P*<1/2>).3p""","=""2[1/2]""","=""0""","=""2s2.2p5.(2P*<1/2>).4d""","=""2[3/2]*""","=""1""",1,3,,"=""T6976""","=""L4498""",
Ne,1,"=""675.95821""","=""0.00050""","=""675.95855""","=""0.00006""","=""150""","=""1.60e+05""",B+,"=""151038.4524""","=""165828.1766""","=""2s2.2p5.(2P*<1/2>).3p""","=""2[1/2]""","=""1""","=""2s2.2p5.(2P*<3/2>).5s""","=""2[3/2]*""","=""2""",3,5,,"=""T2734""","=""L4498""",
Ne,3,"=""688.694""","=""""","=""688.6948""","=""0.0024""","=""70""","=""6.0e+07""",D,"=""419827.35""","=""434343.564""","=""2s2.2p3.(4S*).4s""","=""3S*""","=""1""","=""2s2.2p3.(4S*).4p""","=""3P""","=""1""",3,3,,"=""T8046""","=""L10704""",
Ne,3,"=""689.541""","=""""","=""689.5406""","=""0.0021""","=""100""","=""6.0e+07""",D,"=""419827.35""","=""434325.760""","=""2s2.2p3.(4S*).4s""","=""3S*""","=""1""","=""2s2.2p3.(4S*).4p""","=""3P""","=""2""",3,5,,"=""T8046""","=""L10704""",
Ne,1,"=""692.94672""","=""0.00004""","=""692.94673""","=""0.00007""","=""100000""","=""1.74e+07""",B+,"=""135888.7173""","=""150315.8612""","=""2s2.2p5.(2P*<1/2>).3s""","=""2[1/2]*""","=""1""","=""2s2.2p5.(2P*<3/2>).3p""","=""2[3/2]""","=""2""",3,5,,"=""T2733""","=""L3451""",
Ne,1,"=""702.40500""","=""0.00004""","=""702.40504""","=""0.00007""","=""34000""","=""1.89e+06""",B+,"=""135888.7173""","=""150121.5922""","=""2s2.2p5.(2P*<1/2>).3s""","=""2[1/2]*""","=""1""","=""2s2.2p5.(2P*<3/2>).3p""","=""2[3/2]""","=""1""",3,3,,"=""T2733""","=""L3451""",
Ne,1,"=""703.24128""","=""0.00004""","=""703.24131""","=""0.00007""","=""85000""","=""2.66e+07""",B+,"=""134041.8400""","=""148257.7898""","=""2s2.2p5.(2P*<3/2>).3s""","=""2[3/2]*""","=""2""","=""2s2.2p5.(2P*<3/2>).3p""","=""2[1/2]""","=""1""",5,3,,"=""T4701""","=""L3451""",
Ne,1,"=""705.12922""","=""0.00008""","=""705.12923""","=""0.00007""","=""2200""","=""2.38e+06""",C+,"=""148257.7898""","=""162435.6780""","=""2s2.2p5.(2P*<3/2>).3p""","=""2[1/2]""","=""1""","=""2s2.2p5.(2P*<1/2>).3d""","=""2[3/2]*""","=""1""",3,3,,"=""T6976""","=""L9097""",
Ne,1,"=""705.91079""","=""0.00004""","=""705.91074""","=""0.00007""","=""10000""","=""7.46e+06""",B+,"=""148257.7898""","=""162419.9818""","=""2s2.2p5.(2P*<3/2>).3p""","=""2[1/2]""","=""1""","=""2s2.2p5.(2P*<1/2>).3d""","=""2[3/2]*""","=""2""",3,5,,"=""T8378""","=""L3451""",
Ne,1,"=""706.4762""","=""0.0003""","=""706.47585""","=""0.00007""","=""80""","=""3.40e+04""",C,"=""148257.7898""","=""162408.6535""","=""2s2.2p5.(2P*<3/2>).3p""","=""2[1/2]""","=""1""","=""2s2.2p5.(2P*<1/2>).3d""","=""2[5/2]*""","=""2""",3,5,,"=""T8378""","=""L9097""",
Ne,1,"=""711.23075""","=""0.00008""","=""711.23074""","=""0.00007""","=""110""","=""6.28e+05""",C+,"=""152970.7328""","=""167026.9923""","=""2s2.2p5.(2P*<1/2>).3p""","=""2[1/2]""","=""0""","=""2s2.2p5.(2P*<3/2>).4d""","=""2[3/2]*""","=""1""",1,3,,"=""T6976""","=""L9097""",
Ne,1,"=""713.85400""","=""0.00011""","=""713.85382""","=""0.00007""","=""55""","=""2.20e+05""",C+,"=""152970.7328""","=""166975.3424""","=""2s2.2p5.(2P*<1/2>).3p""","=""2[1/2]""","=""0""","=""2s2.2p5.(2P*<3/2>).4d""","=""2[1/2]*""","=""1""",1,3,,"=""T6976""","=""L9097""",
Ne,1,"=""717.39380""","=""0.00004""","=""717.39381""","=""0.00007""","=""77000""","=""2.87e+06""",B+,"=""135888.7173""","=""149824.2215""","=""2s2.2p5.(2P*<1/2>).3s""","=""2[1/2]*""","=""1""","=""2s2.2p5.(2P*<3/2>).3p""","=""2[5/2]""","=""2""",3,5,,"=""T2733""","=""L3451""",
Ne,1,"=""724.51665""","=""0.00004""","=""724.51666""","=""0.00007""","=""77000""","=""1.01e+07""",B+,"=""134459.2871""","=""148257.7898""","=""2s2.2p5.(2P*<3/2>).3s""","=""2[3/2]*""","=""1""","=""2s2.2p5.(2P*<3/2>).3p""","=""2[1/2]""","=""1""",3,3,,"=""T4701""","=""L3451""",
Ne,1,"=""730.48422""","=""0.00008""","=""730.48424""","=""0.00008""","=""89""","=""2.55e+05""",B+,"=""152970.7328""","=""166656.5114""","=""2s2.2p5.(2P*<1/2>).3p""","=""2[1/2]""","=""0""","=""2s2.2p5.(2P*<1/2>).5s""","=""2[1/2]*""","=""1""",1,3,,"=""T2318""","=""L9097""",
Ne,1,"=""""","=""""","=""743.73919""","=""0.00008""","=""""","=""7.4e+04""",C,"=""148257.7898""","=""161699.6613""","=""2s2.2p5.(2P*<3/2>).3p""","=""2[1/2]""","=""1""","=""2s2.2p5.(2P*<3/2>).3d""","=""2[5/2]*""","=""2""",3,5,,"=""T2384n,T8378""","=""""",
Ne,1,"=""743.88981""","=""0.00004""","=""743.88984""","=""0.00008""","=""60000""","=""2.47e+06""",B+,"=""134818.6405""","=""148257.7898""","=""2s2.2p5.(2P*<1/2>).3s""","=""2[1/2]*""","=""0""","=""2s2.2p5.(2P*<3/2>).3p""","=""2[1/2]""","=""1""",1,3,,"=""T4701""","=""L3451""",
Ne,1,"=""747.24383""","=""0.00004""","=""747.24386""","=""0.00008""","=""3100""","=""2.96e+06""",C+,"=""148257.7898""","=""161636.6175""","=""2s2.2p5.(2P*<3/2>).3p""","=""2[1/2]""","=""1""","=""2s2.2p5.(2P*<3/2>).3d""","=""2[3/2]*""","=""1""",3,3,,"=""T6976""","=""L3451""",
Ne,1,"=""748.88712""","=""0.00004""","=""748.88712""","=""0.00008""","=""32000""","=""2.31e+07""",B+,"=""148257.7898""","=""161607.2609""","=""2s2.2p5.(2P*<3/2>).3p""","=""2[1/2]""","=""1""","=""2s2.2p5.(2P*<3/2>).3d""","=""2[3/2]*""","=""2""",3,5,,"=""T6976""","=""L3451""",
Ne,1,"=""753.57739""","=""0.00004""","=""753.57741""","=""0.00008""","=""28000""","=""3.06e+07""",B+,"=""148257.7898""","=""161524.1739""","=""2s2.2p5.(2P*<3/2>).3p""","=""2[1/2]""","=""1""","=""2s2.2p5.(2P*<3/2>).3d""","=""2[1/2]*""","=""1""",3,3,,"=""T6976""","=""L3451""",
Ne,1,"=""754.40439""","=""0.00004""","=""754.40443""","=""0.00008""","=""13000""","=""3.87e+07""",B,"=""148257.7898""","=""161509.6305""","=""2s2.2p5.(2P*<3/2>).3p""","=""2[1/2]""","=""1""","=""2s2.2p5.(2P*<3/2>).3d""","=""2[1/2]*""","=""0""",3,1,,"=""T6976""","=""L3451""",
Ne,1,"=""772.46233""","=""0.00009""","=""772.46233""","=""0.00008""","=""60""","=""1.58e+05""",B+,"=""152970.7328""","=""165912.7861""","=""2s2.2p5.(2P*<1/2>).3p""","=""2[1/2]""","=""0""","=""2s2.2p5.(2P*<3/2>).5s""","=""2[3/2]*""","=""1""",1,3,,"=""T2734""","=""L9097""",
Ne,1,"=""783.30281""","=""0.00009""","=""783.30285""","=""0.00009""","=""56""","=""3.68e+04""",C,"=""149657.0392""","=""162419.9818""","=""2s2.2p5.(2P*<3/2>).3p""","=""2[5/2]""","=""3""","=""2s2.2p5.(2P*<1/2>).3d""","=""2[3/2]*""","=""2""",7,5,,"=""T8378""","=""L9097""",
Ne,1,"=""783.90520""","=""0.00009""","=""783.90528""","=""0.00009""","=""230""","=""1.04e+05""",C+,"=""149657.0392""","=""162410.1736""","=""2s2.2p5.(2P*<3/2>).3p""","=""2[5/2]""","=""3""","=""2s2.2p5.(2P*<1/2>).3d""","=""2[5/2]*""","=""3""",7,7,,"=""T6976""","=""L9097""",
Ne,1,"=""783.99855""","=""0.00018""","=""783.99873""","=""0.00009""","=""7""","=""6.6e+03""",C,"=""149657.0392""","=""162408.6535""","=""2s2.2p5.(2P*<3/2>).3p""","=""2[5/2]""","=""3""","=""2s2.2p5.(2P*<1/2>).3d""","=""2[5/2]*""","=""2""",7,5,,"=""T8378""","=""L9097""",
Ne,1,"=""792.71172""","=""0.00004""","=""792.71177""","=""0.00009""","=""300""","=""3.48e+05""",C+,"=""149824.2215""","=""162435.6780""","=""2s2.2p5.(2P*<3/2>).3p""","=""2[5/2]""","=""2""","=""2s2.2p5.(2P*<1/2>).3d""","=""2[3/2]*""","=""1""",5,3,,"=""T6976""","=""L3451""",
Ne,1,"=""793.69957""","=""0.00009""","=""793.69961""","=""0.00009""","=""1300""","=""8.46e+05""",B,"=""149824.2215""","=""162419.9818""","=""2s2.2p5.(2P*<3/2>).3p""","=""2[5/2]""","=""2""","=""2s2.2p5.(2P*<1/2>).3d""","=""2[3/2]*""","=""2""",5,5,,"=""T8378""","=""L9097""",
Ne,1,"=""794.31805""","=""0.00004""","=""794.31814""","=""0.00009""","=""7900""","=""3.82e+06""",C+,"=""149824.2215""","=""162410.1736""","=""2s2.2p5.(2P*<3/2>).3p""","=""2[5/2]""","=""2""","=""2s2.2p5.(2P*<1/2>).3d""","=""2[5/2]*""","=""3""",5,7,,"=""T6976""","=""L3451""",
Ne,1,"=""794.41404""","=""0.00009""","=""794.41409""","=""0.00009""","=""200""","=""1.37e+05""",C+,"=""149824.2215""","=""162408.6535""","=""2s2.2p5.(2P*<3/2>).3p""","=""2[5/2]""","=""2""","=""2s2.2p5.(2P*<1/2>).3d""","=""2[5/2]*""","=""2""",5,5,,"=""T6976""","=""L9097""",
Ne,1,"=""808.24576""","=""0.00004""","=""808.24580""","=""0.00009""","=""5700""","=""1.30e+05""",B,"=""135888.7173""","=""148257.7898""","=""2s2.2p5.(2P*<1/2>).3s""","=""2[1/2]*""","=""1""","=""2s2.2p5.(2P*<3/2>).3p""","=""2[1/2]""","=""1""",3,3,,"=""T4701""","=""L3451""",
Ne,1,"=""811.85495""","=""0.00004""","=""811.85492""","=""0.00009""","=""3800""","=""3.88e+06""",C+,"=""150121.5922""","=""162435.6780""","=""2s2.2p5.(2P*<3/2>).3p""","=""2[3/2]""","=""1""","=""2s2.2p5.(2P*<1/2>).3d""","=""2[3/2]*""","=""1""",3,3,,"=""T6976""","=""L3451""",
Ne,1,"=""812.89110""","=""0.00009""","=""812.89108""","=""0.00009""","=""1200""","=""7.96e+05""",B,"=""150121.5922""","=""162419.9818""","=""2s2.2p5.(2P*<3/2>).3p""","=""2[3/2]""","=""1""","=""2s2.2p5.(2P*<1/2>).3d""","=""2[3/2]*""","=""2""",3,5,,"=""T8378""","=""L9097""",
Ne,1,"=""813.64061""","=""0.00004""","=""813.64054""","=""0.00009""","=""17000""","=""1.18e+07""",B+,"=""150121.5922""","=""162408.6535""","=""2s2.2p5.(2P*<3/2>).3p""","=""2[3/2]""","=""1""","=""2s2.2p5.(2P*<1/2>).3d""","=""2[5/2]*""","=""2""",3,5,,"=""T6976""","=""L3451""",
Ne,1,"=""824.86826""","=""0.00009""","=""824.86823""","=""0.00010""","=""310""","=""3.14e+05""",C+,"=""150315.8612""","=""162435.6780""","=""2s2.2p5.(2P*<3/2>).3p""","=""2[3/2]""","=""2""","=""2s2.2p5.(2P*<1/2>).3d""","=""2[3/2]*""","=""1""",5,3,,"=""T6976""","=""L9097""",
Ne,1,"=""825.93795""","=""0.00004""","=""825.93790""","=""0.00010""","=""3300""","=""2.04e+06""",B,"=""150315.8612""","=""162419.9818""","=""2s2.2p5.(2P*<3/2>).3p""","=""2[3/2]""","=""2""","=""2s2.2p5.(2P*<1/2>).3d""","=""2[3/2]*""","=""2""",5,5,,"=""T8378""","=""L3451""",
Ne,1,"=""826.60769""","=""0.00009""","=""826.60772""","=""0.00010""","=""7200""","=""3.33e+06""",C+,"=""150315.8612""","=""162410.1736""","=""2s2.2p5.(2P*<3/2>).3p""","=""2[3/2]""","=""2""","=""2s2.2p5.(2P*<1/2>).3d""","=""2[5/2]*""","=""3""",5,7,,"=""T6976""","=""L9097""",
Ne,1,"=""826.71166""","=""0.00004""","=""826.71163""","=""0.00010""","=""990""","=""6.16e+05""",C+,"=""150315.8612""","=""162408.6535""","=""2s2.2p5.(2P*<3/2>).3p""","=""2[3/2]""","=""2""","=""2s2.2p5.(2P*<1/2>).3d""","=""2[5/2]*""","=""2""",5,5,,"=""T6976""","=""L3451""",
Ne,1,"=""830.03248""","=""0.00004""","=""830.03258""","=""0.00010""","=""29000""","=""1.40e+07""",B+,"=""149657.0392""","=""161701.4486""","=""2s2.2p5.(2P*<3/2>).3p""","=""2[5/2]""","=""3""","=""2s2.2p5.(2P*<3/2>).3d""","=""2[5/2]*""","=""3""",7,7,,"=""T6976""","=""L3451""",
Ne,1,"=""830.15570""","=""0.00009""","=""830.15577""","=""0.00010""","=""1900""","=""1.01e+06""",C+,"=""149657.0392""","=""161699.6613""","=""2s2.2p5.(2P*<3/2>).3p""","=""2[5/2]""","=""3""","=""2s2.2p5.(2P*<3/2>).3d""","=""2[5/2]*""","=""2""",7,5,,"=""T6976""","=""L9097""",
Ne,1,"=""836.57464""","=""0.00004""","=""836.57465""","=""0.00010""","=""4600""","=""2.25e+06""",C+,"=""149657.0392""","=""161607.2609""","=""2s2.2p5.(2P*<3/2>).3p""","=""2[5/2]""","=""3""","=""2s2.2p5.(2P*<3/2>).3d""","=""2[3/2]*""","=""2""",7,5,,"=""T6976""","=""L3451""",
Ne,1,"=""837.63590""","=""0.00009""","=""837.63594""","=""0.00010""","=""6600""","=""2.46e+06""",C+,"=""149657.0392""","=""161592.1200""","=""2s2.2p5.(2P*<3/2>).3p""","=""2[5/2]""","=""3""","=""2s2.2p5.(2P*<3/2>).3d""","=""2[7/2]*""","=""3""",7,7,,"=""T6976""","=""L9097""",
Ne,1,"=""837.76070""","=""0.00010""","=""837.76080""","=""0.00010""","=""76000""","=""4.99e+07""",B+,"=""149657.0392""","=""161590.3412""","=""2s2.2p5.(2P*<3/2>).3p""","=""2[5/2]""","=""3""","=""2s2.2p5.(2P*<3/2>).3d""","=""2[7/2]*""","=""4""",7,9,,"=""T6976""","=""L7292""",
Ne,1,"=""841.71597""","=""0.00009""","=""841.71606""","=""0.00010""","=""2700""","=""1.07e+06""",C+,"=""149824.2215""","=""161701.4486""","=""2s2.2p5.(2P*<3/2>).3p""","=""2[5/2]""","=""2""","=""2s2.2p5.(2P*<3/2>).3d""","=""2[5/2]*""","=""3""",5,7,,"=""T6976""","=""L9097""",
Ne,1,"=""841.84265""","=""0.00004""","=""841.84274""","=""0.00010""","=""26000""","=""1.56e+07""",B+,"=""149824.2215""","=""161699.6613""","=""2s2.2p5.(2P*<3/2>).3p""","=""2[5/2]""","=""2""","=""2s2.2p5.(2P*<3/2>).3d""","=""2[5/2]*""","=""2""",5,5,,"=""T6976""","=""L3451""",
Ne,1,"=""846.33569""","=""0.00004""","=""846.33575""","=""0.00010""","=""3700""","=""3.20e+06""",C+,"=""149824.2215""","=""161636.6175""","=""2s2.2p5.(2P*<3/2>).3p""","=""2[5/2]""","=""2""","=""2s2.2p5.(2P*<3/2>).3d""","=""2[3/2]*""","=""1""",5,3,,"=""T6976""","=""L3451""",
Ne,1,"=""848.44424""","=""0.00004""","=""848.44435""","=""0.00010""","=""1300""","=""7.15e+05""",C+,"=""149824.2215""","=""161607.2609""","=""2s2.2p5.(2P*<3/2>).3p""","=""2[5/2]""","=""2""","=""2s2.2p5.(2P*<3/2>).3d""","=""2[3/2]*""","=""2""",5,5,,"=""T6976""","=""L3451""",
Ne,1,"=""849.53591""","=""0.00004""","=""849.53598""","=""0.00010""","=""69000""","=""3.93e+07""",B+,"=""149824.2215""","=""161592.1200""","=""2s2.2p5.(2P*<3/2>).3p""","=""2[5/2]""","=""2""","=""2s2.2p5.(2P*<3/2>).3d""","=""2[7/2]*""","=""3""",5,7,,"=""T6976""","=""L3451""",
Ne,1,"=""854.46952""","=""0.00004""","=""854.46958""","=""0.00010""","=""1600""","=""1.22e+06""",C+,"=""149824.2215""","=""161524.1739""","=""2s2.2p5.(2P*<3/2>).3p""","=""2[5/2]""","=""2""","=""2s2.2p5.(2P*<3/2>).3d""","=""2[1/2]*""","=""1""",5,3,,"=""T6976""","=""L3451""",
Ne,1,"=""857.13535""","=""0.00004""","=""857.13524""","=""0.00010""","=""2900""","=""3.15e+06""",C+,"=""150772.1118""","=""162435.6780""","=""2s2.2p5.(2P*<1/2>).3p""","=""2[3/2]""","=""1""","=""2s2.2p5.(2P*<1/2>).3d""","=""2[3/2]*""","=""1""",3,3,,"=""T6976""","=""L3451""",
Ne,1,"=""858.29031""","=""0.00009""","=""858.29028""","=""0.00010""","=""1600""","=""1.04e+06""",B,"=""150772.1118""","=""162419.9818""","=""2s2.2p5.(2P*<1/2>).3p""","=""2[3/2]""","=""1""","=""2s2.2p5.(2P*<1/2>).3d""","=""2[3/2]*""","=""2""",3,5,,"=""T8378""","=""L9097""",
Ne,1,"=""859.12583""","=""0.00004""","=""859.12584""","=""0.00010""","=""41000""","=""3.11e+07""",B+,"=""150772.1118""","=""162408.6535""","=""2s2.2p5.(2P*<1/2>).3p""","=""2[3/2]""","=""1""","=""2s2.2p5.(2P*<1/2>).3d""","=""2[5/2]*""","=""2""",3,5,,"=""T6976""","=""L3451""",
Ne,1,"=""863.46472""","=""0.00004""","=""863.46470""","=""0.00011""","=""35000""","=""2.27e+07""",B+,"=""150121.5922""","=""161699.6613""","=""2s2.2p5.(2P*<3/2>).3p""","=""2[3/2]""","=""1""","=""2s2.2p5.(2P*<3/2>).3d""","=""2[5/2]*""","=""2""",3,5,,"=""T6976""","=""L3451""",
Ne,1,"=""863.53177""","=""0.00010""","=""863.53175""","=""0.00011""","=""740""","=""7.90e+05""",C+,"=""150858.5079""","=""162435.6780""","=""2s2.2p5.(2P*<1/2>).3p""","=""2[3/2]""","=""2""","=""2s2.2p5.(2P*<1/2>).3d""","=""2[3/2]*""","=""1""",5,3,,"=""T6976""","=""L9097""",
Ne,1,"=""864.70412""","=""0.00009""","=""864.70411""","=""0.00011""","=""6000""","=""3.99e+06""",B+,"=""150858.5079""","=""162419.9818""","=""2s2.2p5.(2P*<1/2>).3p""","=""2[3/2]""","=""2""","=""2s2.2p5.(2P*<1/2>).3d""","=""2[3/2]*""","=""2""",5,5,,"=""T8378""","=""L9097""",
Ne,1,"=""865.43828""","=""0.00009""","=""865.43831""","=""0.00011""","=""64000""","=""4.06e+07""",B+,"=""150858.5079""","=""162410.1736""","=""2s2.2p5.(2P*<1/2>).3p""","=""2[3/2]""","=""2""","=""2s2.2p5.(2P*<1/2>).3d""","=""2[5/2]*""","=""3""",5,7,,"=""T6976""","=""L9097""",
Ne,1,"=""865.55220""","=""0.00009""","=""865.55221""","=""0.00011""","=""7600""","=""4.81e+06""",B,"=""150858.5079""","=""162408.6535""","=""2s2.2p5.(2P*<1/2>).3p""","=""2[3/2]""","=""2""","=""2s2.2p5.(2P*<1/2>).3d""","=""2[5/2]*""","=""2""",5,5,,"=""T6976""","=""L9097""",
Ne,1,"=""867.94936""","=""0.00010""","=""867.94925""","=""0.00011""","=""13000""","=""1.45e+07""",B+,"=""150917.4307""","=""162435.6780""","=""2s2.2p5.(2P*<3/2>).3p""","=""2[1/2]""","=""0""","=""2s2.2p5.(2P*<1/2>).3d""","=""2[3/2]*""","=""1""",1,3,,"=""T6976""","=""L9097""",
Ne,1,"=""868.19216""","=""0.00004""","=""868.19211""","=""0.00011""","=""15000""","=""1.34e+07""",B,"=""150121.5922""","=""161636.6175""","=""2s2.2p5.(2P*<3/2>).3p""","=""2[3/2]""","=""1""","=""2s2.2p5.(2P*<3/2>).3d""","=""2[3/2]*""","=""1""",3,3,,"=""T6976""","=""L3451""",
Ne,1,"=""870.41122""","=""0.00010""","=""870.41116""","=""0.00011""","=""2900""","=""1.57e+06""",C+,"=""150121.5922""","=""161607.2609""","=""2s2.2p5.(2P*<3/2>).3p""","=""2[3/2]""","=""1""","=""2s2.2p5.(2P*<3/2>).3d""","=""2[3/2]*""","=""2""",3,5,,"=""T6976""","=""L9097""",
Ne,1,"=""876.7536""","=""0.0004""","=""876.75360""","=""0.00011""","=""160""","=""1.02e+05""",C,"=""150121.5922""","=""161524.1739""","=""2s2.2p5.(2P*<3/2>).3p""","=""2[3/2]""","=""1""","=""2s2.2p5.(2P*<3/2>).3d""","=""2[1/2]*""","=""1""",3,3,,"=""T8378""","=""L9097""",
Ne,1,"=""877.16575""","=""0.00010""","=""877.16563""","=""0.00011""","=""10000""","=""1.10e+07""",B,"=""151038.4524""","=""162435.6780""","=""2s2.2p5.(2P*<1/2>).3p""","=""2[1/2]""","=""1""","=""2s2.2p5.(2P*<1/2>).3d""","=""2[3/2]*""","=""1""",3,3,,"=""T6976""","=""L9097""",
Ne,1,"=""877.87322""","=""0.00010""","=""877.87328""","=""0.00011""","=""2100""","=""5.38e+06""",C+,"=""150121.5922""","=""161509.6305""","=""2s2.2p5.(2P*<3/2>).3p""","=""2[3/2]""","=""1""","=""2s2.2p5.(2P*<3/2>).3d""","=""2[1/2]*""","=""0""",3,1,,"=""T6976""","=""L9097""",
Ne,1,"=""878.06223""","=""0.00004""","=""878.06226""","=""0.00011""","=""57000""","=""2.93e+07""",B+,"=""150315.8612""","=""161701.4486""","=""2s2.2p5.(2P*<3/2>).3p""","=""2[3/2]""","=""2""","=""2s2.2p5.(2P*<3/2>).3d""","=""2[5/2]*""","=""3""",5,7,,"=""T6976""","=""L3451""",
Ne,1,"=""878.20015""","=""0.00010""","=""878.20012""","=""0.00011""","=""230""","=""1.13e+05""",C+,"=""150315.8612""","=""161699.6613""","=""2s2.2p5.(2P*<3/2>).3p""","=""2[3/2]""","=""2""","=""2s2.2p5.(2P*<3/2>).3d""","=""2[5/2]*""","=""2""",5,5,,"=""T6976""","=""L9097""",
Ne,1,"=""878.37539""","=""0.00004""","=""878.37533""","=""0.00011""","=""43000""","=""3.23e+07""",B+,"=""151038.4524""","=""162419.9818""","=""2s2.2p5.(2P*<1/2>).3p""","=""2[1/2]""","=""1""","=""2s2.2p5.(2P*<1/2>).3d""","=""2[3/2]*""","=""2""",3,5,,"=""T6976""","=""L3451""",
Ne,1,"=""879.25056""","=""0.00010""","=""879.25047""","=""0.00011""","=""260""","=""1.44e+05""",C+,"=""151038.4524""","=""162408.6535""","=""2s2.2p5.(2P*<1/2>).3p""","=""2[1/2]""","=""1""","=""2s2.2p5.(2P*<1/2>).3d""","=""2[5/2]*""","=""2""",3,5,,"=""T6976""","=""L9097""",
Ne,1,"=""883.09067""","=""0.00010""","=""883.09072""","=""0.00011""","=""550""","=""4.87e+05""",C+,"=""150315.8612""","=""161636.6175""","=""2s2.2p5.(2P*<3/2>).3p""","=""2[3/2]""","=""2""","=""2s2.2p5.(2P*<3/2>).3d""","=""2[3/2]*""","=""1""",5,3,,"=""T6976""","=""L9097""",
Ne,1,"=""885.38669""","=""0.00004""","=""885.38668""","=""0.00011""","=""27000""","=""1.64e+07""",B+,"=""150315.8612""","=""161607.2609""","=""2s2.2p5.(2P*<3/2>).3p""","=""2[3/2]""","=""2""","=""2s2.2p5.(2P*<3/2>).3d""","=""2[3/2]*""","=""2""",5,5,,"=""T6976""","=""L3451""",
Ne,1,"=""886.53057""","=""0.00004""","=""886.53063""","=""0.00011""","=""2100""","=""8.31e+05""",C+,"=""148257.7898""","=""159534.6196""","=""2s2.2p5.(2P*<3/2>).3p""","=""2[1/2]""","=""1""","=""2s2.2p5.(2P*<1/2>).4s""","=""2[1/2]*""","=""1""",3,3,,"=""T6976""","=""L3451""",
Ne,1,"=""886.57562""","=""0.00004""","=""886.57552""","=""0.00011""","=""15000""","=""5.77e+06""",B,"=""150315.8612""","=""161592.1200""","=""2s2.2p5.(2P*<3/2>).3p""","=""2[3/2]""","=""2""","=""2s2.2p5.(2P*<3/2>).3d""","=""2[7/2]*""","=""3""",5,7,,"=""T6976""","=""L3451""",
Ne,1,"=""891.95007""","=""0.00010""","=""891.95006""","=""0.00011""","=""6400""","=""5.64e+06""",C+,"=""150315.8612""","=""161524.1739""","=""2s2.2p5.(2P*<3/2>).3p""","=""2[3/2]""","=""2""","=""2s2.2p5.(2P*<3/2>).3d""","=""2[1/2]*""","=""1""",5,3,,"=""T6976""","=""L9097""",
Ne,1,"=""898.85564""","=""0.00010""","=""898.85564""","=""0.00011""","=""1800""","=""2.14e+06""",C+,"=""148257.7898""","=""159379.9935""","=""2s2.2p5.(2P*<3/2>).3p""","=""2[1/2]""","=""1""","=""2s2.2p5.(2P*<1/2>).4s""","=""2[1/2]*""","=""0""",3,1,,"=""T6976""","=""L9097""",
Ne,1,"=""914.86720""","=""0.00010""","=""914.86716""","=""0.00012""","=""12000""","=""6.02e+06""",B,"=""150772.1118""","=""161699.6613""","=""2s2.2p5.(2P*<1/2>).3p""","=""2[3/2]""","=""1""","=""2s2.2p5.(2P*<3/2>).3d""","=""2[5/2]*""","=""2""",3,5,,"=""T6976""","=""L9097""",
Ne,1,"=""920.17588""","=""0.00010""","=""920.17591""","=""0.00012""","=""8900""","=""7.77e+06""",B,"=""150772.1118""","=""161636.6175""","=""2s2.2p5.(2P*<1/2>).3p""","=""2[3/2]""","=""1""","=""2s2.2p5.(2P*<3/2>).3d""","=""2[3/2]*""","=""1""",3,3,,"=""T6976""","=""L9097""",
Ne,1,"=""922.00598""","=""0.00010""","=""922.00601""","=""0.00012""","=""6000""","=""2.18e+06""",C+,"=""150858.5079""","=""161701.4486""","=""2s2.2p5.(2P*<1/2>).3p""","=""2[3/2]""","=""2""","=""2s2.2p5.(2P*<3/2>).3d""","=""2[5/2]*""","=""3""",5,7,,"=""T6976""","=""L9097""",
Ne,1,"=""922.15802""","=""0.00010""","=""922.15801""","=""0.00012""","=""2200""","=""1.11e+06""",C+,"=""150858.5079""","=""161699.6613""","=""2s2.2p5.(2P*<1/2>).3p""","=""2[3/2]""","=""2""","=""2s2.2p5.(2P*<3/2>).3d""","=""2[5/2]*""","=""2""",5,5,,"=""T6976""","=""L9097""",
Ne,1,"=""922.66910""","=""0.00010""","=""922.66903""","=""0.00012""","=""1800""","=""9.69e+05""",C+,"=""150772.1118""","=""161607.2609""","=""2s2.2p5.(2P*<1/2>).3p""","=""2[3/2]""","=""1""","=""2s2.2p5.(2P*<3/2>).3d""","=""2[3/2]*""","=""2""",3,5,,"=""T6976""","=""L9097""",
Ne,1,"=""927.55191""","=""0.00010""","=""927.55196""","=""0.00012""","=""910""","=""8.14e+05""",C+,"=""150858.5079""","=""161636.6175""","=""2s2.2p5.(2P*<1/2>).3p""","=""2[3/2]""","=""2""","=""2s2.2p5.(2P*<3/2>).3d""","=""2[3/2]*""","=""1""",5,3,,"=""T6976""","=""L9097""",
Ne,1,"=""930.08532""","=""0.00010""","=""930.08527""","=""0.00012""","=""7700""","=""4.22e+06""",B,"=""150858.5079""","=""161607.2609""","=""2s2.2p5.(2P*<1/2>).3p""","=""2[3/2]""","=""2""","=""2s2.2p5.(2P*<3/2>).3d""","=""2[3/2]*""","=""2""",5,5,,"=""T6976""","=""L9097""",
Ne,1,"=""931.05833""","=""0.00010""","=""931.05839""","=""0.00012""","=""830""","=""2.38e+06""",C+,"=""150772.1118""","=""161509.6305""","=""2s2.2p5.(2P*<1/2>).3p""","=""2[3/2]""","=""1""","=""2s2.2p5.(2P*<3/2>).3d""","=""2[1/2]*""","=""0""",3,1,,"=""T6976""","=""L9097""",
Ne,1,"=""931.39731""","=""0.00010""","=""931.39726""","=""0.00012""","=""2700""","=""9.45e+05""",C+,"=""150858.5079""","=""161592.1200""","=""2s2.2p5.(2P*<1/2>).3p""","=""2[3/2]""","=""2""","=""2s2.2p5.(2P*<3/2>).3d""","=""2[7/2]*""","=""3""",5,7,,"=""T6976""","=""L9097""",
Ne,1,"=""932.65072""","=""0.00010""","=""932.65068""","=""0.00012""","=""6900""","=""5.80e+06""",C+,"=""150917.4307""","=""161636.6175""","=""2s2.2p5.(2P*<3/2>).3p""","=""2[1/2]""","=""0""","=""2s2.2p5.(2P*<3/2>).3d""","=""2[3/2]*""","=""1""",1,3,,"=""T6976""","=""L9097""",
Ne,1,"=""937.33079""","=""0.00010""","=""937.33078""","=""0.00012""","=""1500""","=""1.40e+06""",C+,"=""150858.5079""","=""161524.1739""","=""2s2.2p5.(2P*<1/2>).3p""","=""2[3/2]""","=""2""","=""2s2.2p5.(2P*<3/2>).3d""","=""2[1/2]*""","=""1""",5,3,,"=""T6976""","=""L9097""",
Ne,1,"=""942.53797""","=""0.00010""","=""942.53788""","=""0.00013""","=""4800""","=""4.28e+06""",C+,"=""150917.4307""","=""161524.1739""","=""2s2.2p5.(2P*<3/2>).3p""","=""2[1/2]""","=""0""","=""2s2.2p5.(2P*<3/2>).3d""","=""2[1/2]*""","=""1""",1,3,,"=""T6976""","=""L9097""",
Ne,1,"=""943.30082""","=""0.00010""","=""943.30077""","=""0.00013""","=""66""","=""5.3e+04""",C,"=""151038.4524""","=""161636.6175""","=""2s2.2p5.(2P*<1/2>).3p""","=""2[1/2]""","=""1""","=""2s2.2p5.(2P*<3/2>).3d""","=""2[3/2]*""","=""1""",3,3,,"=""T8378""","=""L9097""",
Ne,1,"=""945.92110""","=""0.00010""","=""945.92095""","=""0.00013""","=""2800""","=""1.31e+06""",C+,"=""151038.4524""","=""161607.2609""","=""2s2.2p5.(2P*<1/2>).3p""","=""2[1/2]""","=""1""","=""2s2.2p5.(2P*<3/2>).3d""","=""2[3/2]*""","=""2""",3,5,,"=""T6976""","=""L9097""",
Ne,1,"=""948.66825""","=""0.00010""","=""948.66818""","=""0.00013""","=""5000""","=""1.82e+06""",C+,"=""148257.7898""","=""158795.9924""","=""2s2.2p5.(2P*<3/2>).3p""","=""2[1/2]""","=""1""","=""2s2.2p5.(2P*<3/2>).4s""","=""2[3/2]*""","=""1""",3,3,,"=""T6976""","=""L9097""",
Ne,1,"=""953.41640""","=""0.00010""","=""953.41629""","=""0.00013""","=""6100""","=""5.18e+06""",C+,"=""151038.4524""","=""161524.1739""","=""2s2.2p5.(2P*<1/2>).3p""","=""2[1/2]""","=""1""","=""2s2.2p5.(2P*<3/2>).3d""","=""2[1/2]*""","=""1""",3,3,,"=""T6976""","=""L9097""",
Ne,1,"=""954.74052""","=""0.00010""","=""954.74049""","=""0.00013""","=""2800""","=""7.31e+06""",C+,"=""151038.4524""","=""161509.6305""","=""2s2.2p5.(2P*<1/2>).3p""","=""2[1/2]""","=""1""","=""2s2.2p5.(2P*<3/2>).3d""","=""2[1/2]*""","=""0""",3,1,,"=""T6976""","=""L9097""",
Ne,1,"=""966.54200""","=""0.00005""","=""966.54197""","=""0.00013""","=""18000""","=""3.74e+06""",B,"=""148257.7898""","=""158601.1152""","=""2s2.2p5.(2P*<3/2>).3p""","=""2[1/2]""","=""1""","=""2s2.2p5.(2P*<3/2>).4s""","=""2[3/2]*""","=""2""",3,5,,"=""T6976""","=""L7433""",
