element,sp_num,obs_wl_vac(nm),ritz_wl_vac(nm),intens,Aki(s^-1),Acc,Ei(cm-1),Ek(cm-1),conf_i,term_i,J_i,conf_k,term_k,J_k,g_i,g_k,Type,tp_ref,line_ref,
Ni,3,"=""182.306""","=""182.3043""","=""800""","=""5.6e+08""",D,"=""61338.58""","=""116191.93""","=""3p6.3d7.(4F).4s""","=""3F""","=""4""","=""3p6.3d7.(4F).4p""","=""3F*""","=""4""",9,9,,"=""T2885,T2757""","=""L3538""",
Ni,3,"=""183.001""","=""182.9986""","=""400""","=""4.6e+08""",D,"=""62605.58""","=""117250.80""","=""3p6.3d7.(4F).4s""","=""3F""","=""3""","=""3p6.3d7.(4F).4p""","=""3F*""","=""3""",7,7,,"=""T2885,T2757""","=""L3538""",
Ni,3,"=""183.008""","=""183.0060""","=""200""","=""5.0e+08""",D,"=""63471.93""","=""118114.95""","=""3p6.3d7.(4F).4s""","=""3F""","=""2""","=""3p6.3d7.(4F).4p""","=""3F*""","=""2""",5,5,,"=""T2885,T2757""","=""L3538""",
Ni,3,"=""""","=""184.9495""","=""""","=""5.3e+08""",D,"=""62605.58""","=""116674.39""","=""3p6.3d7.(4F).4s""","=""3F""","=""3""","=""3p6.3d7.(4F).4p""","=""3G*""","=""4""",7,9,,"=""T2885,T2757""","=""""",
Ni,3,"=""185.415""","=""185.4129""","=""800""","=""5.4e+08""",D,"=""61338.58""","=""115272.26""","=""3p6.3d7.(4F).4s""","=""3F""","=""4""","=""3p6.3d7.(4F).4p""","=""3G*""","=""5""",9,11,,"=""T2885,T2757""","=""L3538""",
Ni,1,"=""""","=""196.38697""","=""""","=""1.1e+07""",C,"=""204.787""","=""51124.662""","=""3d9.(2D).4s""","=""3D""","=""3""","=""3d8.(1G).4s.4p.(3P*)""","=""3F*""","=""3""",7,7,,"=""T3861""","=""""",
Ni,1,"=""""","=""196.89185""","=""""","=""4.5e+06""",C,"=""0.000""","=""50789.303""","=""3d8.(3F).4s2""","=""3F""","=""4""","=""3d8.(1G).4s.4p.(3P*)""","=""3F*""","=""4""",9,9,,"=""T3861""","=""""",
Ni,1,"=""""","=""197.68895""","=""""","=""1.1e+08""",C,"=""204.787""","=""50789.303""","=""3d9.(2D).4s""","=""3D""","=""3""","=""3d8.(1G).4s.4p.(3P*)""","=""3F*""","=""4""",7,9,,"=""T3861""","=""""",
Ni,1,"=""""","=""197.71663""","=""""","=""8.3e+00""",E,"=""879.816""","=""51457.250""","=""3d9.(2D).4s""","=""3D""","=""2""","=""3d9.(2D<3/2>).4d""","=""2[1/2]""","=""0""",5,1,E2,"=""T848n""","=""""",
Ni,1,"=""""","=""198.16212""","=""""","=""1.3e+07""",C,"=""879.816""","=""51343.547""","=""3d9.(2D).4s""","=""3D""","=""2""","=""3d8.(1G).4s.4p.(3P*)""","=""3F*""","=""2""",5,5,,"=""T3861""","=""""",
Ni,3,"=""""","=""198.956""","=""""","=""2.0e-01""",E,"=""2269.6""","=""52532.0""","=""3p6.3d8""","=""3F""","=""2""","=""3p6.3d8""","=""1S""","=""0""",5,1,E2,"=""T493n""","=""""",
Ni,1,"=""""","=""199.02539""","=""""","=""8.3e+07""",C,"=""879.816""","=""51124.662""","=""3d9.(2D).4s""","=""3D""","=""2""","=""3d8.(1G).4s.4p.(3P*)""","=""3F*""","=""3""",5,7,,"=""T3861""","=""""",
Ni,1,"=""""","=""199.430""","=""""","=""5.7e+06""",C,"=""0.000""","=""50142.8""","=""3d8.(3F).4s2""","=""3F""","=""4""","=""3d9.(2D).5p""","=""*""","=""3""",9,7,,"=""T3861""","=""""",
element,sp_num,obs_wl_air(nm),ritz_wl_air(nm),intens,Aki(s^-1),Acc,Ei(cm-1),Ek(cm-1),conf_i,term_i,J_i,conf_k,term_k,J_k,g_i,g_k,Type,tp_ref,line_ref,
Ni,1,"=""""","=""200.04972""","=""""","=""5.4e+06""",C,"=""879.816""","=""50851.199""","=""3d9.(2D).4s""","=""3D""","=""2""","=""3d9.(2D).5p""","=""3D*""","=""1""",5,3,,"=""T3861""","=""""",
Ni,1,"=""""","=""200.183""","=""""","=""7.3e+06""",C,"=""204.787""","=""50142.8""","=""3d9.(2D).4s""","=""3D""","=""3""","=""3d9.(2D).5p""","=""*""","=""3""",7,7,,"=""T3861""","=""""",
Ni,1,"=""""","=""200.69929""","=""""","=""1.7e+07""",C,"=""879.816""","=""50689.489""","=""3d9.(2D).4s""","=""3D""","=""2""","=""3d9.(2D).5p""","=""3D*""","=""2""",5,5,,"=""T3861""","=""""",
Ni,1,"=""""","=""200.76853""","=""""","=""9.0e+06""",C,"=""1332.164""","=""51124.662""","=""3d8.(3F).4s2""","=""3F""","=""3""","=""3d8.(1G).4s.4p.(3P*)""","=""3F*""","=""3""",7,7,,"=""T3861""","=""""",
Ni,1,"=""""","=""201.42411""","=""""","=""9.3e+07""",C,"=""1713.087""","=""51343.547""","=""3d9.(2D).4s""","=""3D""","=""1""","=""3d8.(1G).4s.4p.(3P*)""","=""3F*""","=""2""",3,5,,"=""T3861""","=""""",
Ni,1,"=""""","=""202.53892""","=""""","=""2.3e+07""",D,"=""1332.164""","=""50689.489""","=""3d8.(3F).4s2""","=""3F""","=""3""","=""3d9.(2D).5p""","=""3D*""","=""2""",7,5,,"=""T3861""","=""""",
Ni,1,"=""""","=""202.65877""","=""""","=""2.4e+07""",C,"=""0.000""","=""49328.140""","=""3d8.(3F).4s2""","=""3F""","=""4""","=""3d9.(2D).5p""","=""3D*""","=""3""",9,7,,"=""T3861""","=""""",
Ni,1,"=""""","=""202.927""","=""""","=""2.3e+06""",C,"=""879.816""","=""50142.8""","=""3d9.(2D).4s""","=""3D""","=""2""","=""3d9.(2D).5p""","=""*""","=""3""",5,7,,"=""T3861""","=""""",
Ni,1,"=""""","=""203.01869""","=""""","=""1.7e-01""",E,"=""2216.550""","=""51457.250""","=""3d8.(3F).4s2""","=""3F""","=""2""","=""3d9.(2D<3/2>).4d""","=""2[1/2]""","=""0""",5,1,E2,"=""T848n""","=""""",
Ni,2,"=""""","=""203.3389""","=""""","=""2.3e+06""",C,"=""9330.04""","=""58493.21""","=""3p6.3d8.(3F).4s""","=""4F""","=""7/2""","=""3p6.3d8.(3F).4p""","=""2F*""","=""5/2""",8,6,,"=""T1024n""","=""""",
Ni,1,"=""""","=""203.35460""","=""""","=""3.0e+06""",D,"=""879.816""","=""50039.191""","=""3d9.(2D).4s""","=""3D""","=""2""","=""3d9.(2D).5p""","=""3F*""","=""2""",5,5,,"=""T3861""","=""""",
Ni,1,"=""""","=""204.11442""","=""""","=""3.2e+06""",D,"=""1713.087""","=""50689.489""","=""3d9.(2D).4s""","=""3D""","=""1""","=""3d9.(2D).5p""","=""3D*""","=""2""",3,5,,"=""T3861""","=""""",
Ni,1,"=""""","=""204.73429""","=""""","=""1.8e+07""",C,"=""204.787""","=""49032.926""","=""3d9.(2D).4s""","=""3D""","=""3""","=""3d9.(2D).5p""","=""1D*""","=""2""",7,5,,"=""T3861""","=""""",
Ni,1,"=""""","=""205.08308""","=""""","=""7.6e+06""",E,"=""1713.087""","=""50458.192""","=""3d9.(2D).4s""","=""3D""","=""1""","=""3d9.(2D).5p""","=""1P*""","=""1""",3,3,,"=""T3861""","=""""",
Ni,1,"=""""","=""205.20737""","=""""","=""9.7e+06""",C,"=""0.000""","=""48715.586""","=""3d8.(3F).4s2""","=""3F""","=""4""","=""3d9.(2D).5p""","=""3F*""","=""4""",9,9,,"=""T3861""","=""""",
Ni,1,"=""""","=""205.24344""","=""""","=""3.2e+06""",C,"=""1332.164""","=""50039.191""","=""3d8.(3F).4s2""","=""3F""","=""3""","=""3d9.(2D).5p""","=""3F*""","=""2""",7,5,,"=""T3861""","=""""",
Ni,2,"=""""","=""205.3293""","=""""","=""2.5e+06""",B,"=""8393.90""","=""57080.55""","=""3p6.3d8.(3F).4s""","=""4F""","=""9/2""","=""3p6.3d8.(3F).4p""","=""2F*""","=""7/2""",10,8,,"=""T1024n""","=""""",
Ni,1,"=""""","=""205.39095""","=""""","=""7.5e+05""",D,"=""0.000""","=""48672.049""","=""3d8.(3F).4s2""","=""3F""","=""4""","=""3d9.(2D).5p""","=""1F*""","=""3""",9,7,,"=""T3861""","=""""",
Ni,1,"=""""","=""205.54892""","=""""","=""3.3e+07""",C,"=""2216.550""","=""50851.199""","=""3d8.(3F).4s2""","=""3F""","=""2""","=""3d9.(2D).5p""","=""3D*""","=""1""",5,3,,"=""T3861""","=""""",
Ni,1,"=""""","=""205.99008""","=""""","=""2.1e+07""",D,"=""204.787""","=""48735.290""","=""3d9.(2D).4s""","=""3D""","=""3""","=""3d9.(2D).5p""","=""3P*""","=""2""",7,5,,"=""T3861""","=""""",
Ni,1,"=""""","=""206.01952""","=""""","=""2.3e+07""",E,"=""879.816""","=""49403.386""","=""3d9.(2D).4s""","=""3D""","=""2""","=""3d8.(3P).4s.4p.(3P*)""","=""3S*""","=""1""",5,3,,"=""T3861""","=""""",
Ni,1,"=""""","=""206.23474""","=""""","=""4.6e+06""",E,"=""2216.550""","=""50689.489""","=""3d8.(3F).4s2""","=""3F""","=""2""","=""3d9.(2D).5p""","=""3D*""","=""2""",5,5,,"=""T3861""","=""""",
Ni,1,"=""""","=""206.33953""","=""""","=""5.0e+06""",D,"=""879.816""","=""49328.140""","=""3d9.(2D).4s""","=""3D""","=""2""","=""3d9.(2D).5p""","=""3D*""","=""3""",5,7,,"=""T3861""","=""""",
Ni,1,"=""""","=""206.43735""","=""""","=""4.0e+07""",D,"=""1713.087""","=""50138.458""","=""3d9.(2D).4s""","=""3D""","=""1""","=""3d9.(2D).5p""","=""3P*""","=""0""",3,1,,"=""T3861""","=""""",
Ni,1,"=""""","=""206.95046""","=""""","=""1.1e+07""",D,"=""879.816""","=""49185.138""","=""3d9.(2D).4s""","=""3D""","=""2""","=""3d8.(3P).4s.4p.(3P*)""","=""1D*""","=""2""",5,5,,"=""T3861""","=""""",
Ni,1,"=""""","=""208.06190""","=""""","=""8.2e+01""",E,"=""3409.937""","=""51457.250""","=""3d9.(2D).4s""","=""1D""","=""2""","=""3d9.(2D<3/2>).4d""","=""2[1/2]""","=""0""",5,1,E2,"=""T848n""","=""""",
Ni,2,"=""""","=""208.0847""","=""""","=""8.0e+06""",C,"=""10663.89""","=""58705.95""","=""3p6.3d8.(3F).4s""","=""4F""","=""3/2""","=""3p6.3d8.(3F).4p""","=""2D*""","=""3/2""",4,4,,"=""T1024n""","=""""",
Ni,1,"=""""","=""208.28447""","=""""","=""8.5e+06""",C,"=""1332.164""","=""49328.140""","=""3d8.(3F).4s2""","=""3F""","=""3""","=""3d9.(2D).5p""","=""3D*""","=""3""",7,7,,"=""T3861""","=""""",
Ni,1,"=""""","=""208.53518""","=""""","=""7.7e+06""",C,"=""879.816""","=""48818.097""","=""3d9.(2D).4s""","=""3D""","=""2""","=""3d8.(3P).4s.4p.(3P*)""","=""1P*""","=""1""",5,3,,"=""T3861""","=""""",
Ni,1,"=""""","=""208.55551""","=""""","=""2.6e+08""",D,"=""3409.937""","=""51343.547""","=""3d9.(2D).4s""","=""1D""","=""2""","=""3d8.(1G).4s.4p.(3P*)""","=""3F*""","=""2""",5,5,,"=""T3861""","=""""",
Ni,1,"=""""","=""208.89607""","=""""","=""4.2e+06""",D,"=""879.816""","=""48735.290""","=""3d9.(2D).4s""","=""3D""","=""2""","=""3d9.(2D).5p""","=""3P*""","=""2""",5,5,,"=""T3861""","=""""",
Ni,1,"=""""","=""208.90698""","=""""","=""9.7e+06""",D,"=""1332.164""","=""49185.138""","=""3d8.(3F).4s2""","=""3F""","=""3""","=""3d8.(3P).4s.4p.(3P*)""","=""1D*""","=""2""",7,5,,"=""T3861""","=""""",
Ni,2,"=""""","=""209.0103""","=""""","=""7.0e+06""",C,"=""10663.89""","=""58493.21""","=""3p6.3d8.(3F).4s""","=""4F""","=""3/2""","=""3p6.3d8.(3F).4p""","=""2F*""","=""5/2""",4,6,,"=""T1024n""","=""""",
Ni,2,"=""""","=""209.3553""","=""""","=""6.5e+06""",C+,"=""9330.04""","=""57080.55""","=""3p6.3d8.(3F).4s""","=""4F""","=""7/2""","=""3p6.3d8.(3F).4p""","=""2F*""","=""7/2""",8,8,,"=""T1024n""","=""""",
Ni,1,"=""""","=""209.51235""","=""""","=""1.1e+07""",E,"=""3409.937""","=""51124.662""","=""3d9.(2D).4s""","=""1D""","=""2""","=""3d8.(1G).4s.4p.(3P*)""","=""3F*""","=""3""",5,7,,"=""T3861""","=""""",
Ni,1,"=""""","=""210.58349""","=""""","=""3.0e+06""",C,"=""1713.087""","=""49185.138""","=""3d9.(2D).4s""","=""3D""","=""1""","=""3d8.(3P).4s.4p.(3P*)""","=""1D*""","=""2""",3,5,,"=""T3861""","=""""",
Ni,1,"=""""","=""210.97743""","=""""","=""1.5e+06""",C,"=""1332.164""","=""48715.586""","=""3d8.(3F).4s2""","=""3F""","=""3""","=""3d9.(2D).5p""","=""3F*""","=""4""",7,9,,"=""T3861""","=""""",
Ni,1,"=""""","=""211.17148""","=""""","=""6.5e+06""",C,"=""1332.164""","=""48672.049""","=""3d8.(3F).4s2""","=""3F""","=""3""","=""3d9.(2D).5p""","=""1F*""","=""3""",7,7,,"=""T3861""","=""""",
Ni,1,"=""""","=""211.44099""","=""""","=""9.7e+06""",C,"=""3409.937""","=""50689.489""","=""3d9.(2D).4s""","=""1D""","=""2""","=""3d9.(2D).5p""","=""3D*""","=""2""",5,5,,"=""T3861""","=""""",
Ni,1,"=""""","=""212.13903""","=""""","=""2.8e+07""",C,"=""204.787""","=""47328.784""","=""3d9.(2D).4s""","=""3D""","=""3""","=""3d8.(3P).4s.4p.(3P*)""","=""5S*""","=""2""",7,5,,"=""T3861""","=""""",
Ni,1,"=""""","=""212.48059""","=""""","=""3.8e+07""",C,"=""3409.937""","=""50458.192""","=""3d9.(2D).4s""","=""1D""","=""2""","=""3d9.(2D).5p""","=""1P*""","=""1""",5,3,,"=""T3861""","=""""",
Ni,2,"=""""","=""212.5117""","=""""","=""6.4e+06""",C,"=""9330.04""","=""56371.41""","=""3p6.3d8.(3F).4s""","=""4F""","=""7/2""","=""3p6.3d8.(3F).4p""","=""2G*""","=""7/2""",8,8,,"=""T1024n""","=""""",
Ni,1,"=""""","=""212.56261""","=""""","=""5.1e+06""",C,"=""0.000""","=""47030.102""","=""3d8.(3F).4s2""","=""3F""","=""4""","=""3d8.(3P).4s.4p.(3P*)""","=""3D*""","=""3""",9,7,,"=""T3861""","=""""",
Ni,2,"=""""","=""212.5905""","=""""","=""5.0e+06""",B,"=""8393.90""","=""55417.83""","=""3p6.3d8.(3F).4s""","=""4F""","=""9/2""","=""3p6.3d8.(3F).4p""","=""4F*""","=""7/2""",10,8,,"=""T1024n""","=""""",
Ni,1,"=""""","=""212.84103""","=""""","=""5.6e+06""",C,"=""2216.550""","=""49185.138""","=""3d8.(3F).4s2""","=""3F""","=""2""","=""3d8.(3P).4s.4p.(3P*)""","=""1D*""","=""2""",5,5,,"=""T3861""","=""""",
Ni,2,"=""""","=""212.8578""","=""""","=""2.48e+07""",B,"=""10115.66""","=""57080.55""","=""3p6.3d8.(3F).4s""","=""4F""","=""5/2""","=""3p6.3d8.(3F).4p""","=""2F*""","=""7/2""",6,8,,"=""T1024n""","=""""",
Ni,1,"=""""","=""212.99541""","=""""","=""4.2e+06""",C,"=""204.787""","=""47139.337""","=""3d9.(2D).4s""","=""3D""","=""3""","=""3d8.(3P).4s.4p.(3P*)""","=""3D*""","=""2""",7,5,,"=""T3861""","=""""",
Ni,2,"=""""","=""213.8582""","=""""","=""1.77e+07""",C+,"=""9330.04""","=""56075.26""","=""3p6.3d8.(3F).4s""","=""4F""","=""7/2""","=""3p6.3d8.(3F).4p""","=""4F*""","=""5/2""",8,6,,"=""T1024n""","=""""",
Ni,1,"=""""","=""214.77838""","=""""","=""4.7e+07""",C,"=""879.816""","=""47424.785""","=""3d9.(2D).4s""","=""3D""","=""2""","=""3d8.(3P).4s.4p.(3P*)""","=""3D*""","=""1""",5,3,,"=""T3861""","=""""",
Ni,1,"=""""","=""215.19208""","=""""","=""3.2e+06""",C,"=""2216.550""","=""48672.049""","=""3d8.(3F).4s2""","=""3F""","=""2""","=""3d9.(2D).5p""","=""1F*""","=""3""",5,7,,"=""T3861""","=""""",
Ni,1,"=""""","=""215.22234""","=""""","=""3.2e+06""",C,"=""879.816""","=""47328.784""","=""3d9.(2D).4s""","=""3D""","=""2""","=""3d8.(3P).4s.4p.(3P*)""","=""5S*""","=""2""",5,5,,"=""T3861""","=""""",
Ni,1,"=""""","=""215.78282""","=""""","=""4.1e+07""",C,"=""879.816""","=""47208.149""","=""3d9.(2D).4s""","=""3D""","=""2""","=""3d8.(3P).4s.4p.(3P*)""","=""3P*""","=""1""",5,3,,"=""T3861""","=""""",
Ni,1,"=""""","=""215.83059""","=""""","=""6.9e+07""",C,"=""204.787""","=""46522.866""","=""3d9.(2D).4s""","=""3D""","=""3""","=""3d8.(3P).4s.4p.(3P*)""","=""3P*""","=""2""",7,5,,"=""T3861""","=""""",
Ni,2,"=""""","=""215.8737""","=""""","=""3.5e+07""",C,"=""10115.66""","=""56424.49""","=""3p6.3d8.(3F).4s""","=""4F""","=""5/2""","=""3p6.3d8.(3F).4p""","=""4F*""","=""3/2""",6,4,,"=""T1024n""","=""""",
Ni,1,"=""""","=""216.10384""","=""""","=""1.3e+07""",C,"=""879.816""","=""47139.337""","=""3d9.(2D).4s""","=""3D""","=""2""","=""3d8.(3P).4s.4p.(3P*)""","=""3D*""","=""2""",5,5,,"=""T3861""","=""""",
Ni,2,"=""""","=""216.1215""","=""""","=""2.0e+07""",C,"=""10115.66""","=""56371.41""","=""3p6.3d8.(3F).4s""","=""4F""","=""5/2""","=""3p6.3d8.(3F).4p""","=""2G*""","=""7/2""",6,8,,"=""T1024n""","=""""",
Ni,2,"=""216.555""","=""216.5550""","=""1000""","=""2.4e+08""",C,"=""8393.90""","=""54557.05""","=""3p6.3d8.(3F).4s""","=""4F""","=""9/2""","=""3p6.3d8.(3F).4p""","=""4F*""","=""9/2""",10,10,,"=""T1024n""","=""L897""",
Ni,1,"=""""","=""216.61540""","=""""","=""6.6e+06""",C,"=""879.816""","=""47030.102""","=""3d9.(2D).4s""","=""3D""","=""2""","=""3d8.(3P).4s.4p.(3P*)""","=""3D*""","=""3""",5,7,,"=""T3861""","=""""",
Ni,2,"=""216.910""","=""216.9092""","=""2000""","=""1.58e+08""",B,"=""9330.04""","=""55417.83""","=""3p6.3d8.(3F).4s""","=""4F""","=""7/2""","=""3p6.3d8.(3F).4p""","=""4F*""","=""7/2""",8,8,,"=""T1024n""","=""L897""",
Ni,1,"=""""","=""217.35413""","=""""","=""1.5e+07""",E,"=""3409.937""","=""49403.386""","=""3d9.(2D).4s""","=""1D""","=""2""","=""3d8.(3P).4s.4p.(3P*)""","=""3S*""","=""1""",5,3,,"=""T3861""","=""""",
Ni,1,"=""""","=""217.44846""","=""""","=""8.9e+07""",E,"=""1713.087""","=""47686.587""","=""3d9.(2D).4s""","=""3D""","=""1""","=""3d8.(3P).4s.4p.(3P*)""","=""3P*""","=""0""",3,1,,"=""T3861""","=""""",
Ni,2,"=""217.467""","=""217.4669""","=""2000""","=""1.43e+08""",B,"=""9330.04""","=""55299.65""","=""3p6.3d8.(3F).4s""","=""4F""","=""7/2""","=""3p6.3d8.(3F).4p""","=""2G*""","=""9/2""",8,10,,"=""T1024n""","=""L897""",
Ni,2,"=""217.515""","=""217.5142""","=""1500""","=""1.77e+08""",B,"=""10115.66""","=""56075.26""","=""3p6.3d8.(3F).4s""","=""4F""","=""5/2""","=""3p6.3d8.(3F).4p""","=""4F*""","=""5/2""",6,6,,"=""T1024n""","=""L897""",
Ni,1,"=""""","=""218.23810""","=""""","=""1.3e+07""",C,"=""1332.164""","=""47139.337""","=""3d8.(3F).4s2""","=""3F""","=""3""","=""3d8.(3P).4s.4p.(3P*)""","=""3D*""","=""2""",7,5,,"=""T3861""","=""""",
Ni,1,"=""""","=""218.39055""","=""""","=""1.2e+07""",D,"=""3409.937""","=""49185.138""","=""3d9.(2D).4s""","=""1D""","=""2""","=""3d8.(3P).4s.4p.(3P*)""","=""1D*""","=""2""",5,5,,"=""T3861""","=""""",
Ni,2,"=""218.460""","=""218.4602""","=""800""","=""2.90e+08""",B,"=""10663.89""","=""56424.49""","=""3p6.3d8.(3F).4s""","=""4F""","=""3/2""","=""3p6.3d8.(3F).4p""","=""4F*""","=""3/2""",4,4,,"=""T1024n""","=""L897""",
Ni,2,"=""""","=""218.8042""","=""""","=""5.7e+06""",C+,"=""9330.04""","=""55018.71""","=""3p6.3d8.(3F).4s""","=""4F""","=""7/2""","=""3p6.3d8.(3F).4p""","=""4G*""","=""5/2""",8,6,,"=""T1024n""","=""""",
Ni,1,"=""""","=""219.02292""","=""""","=""3.0e+07""",C,"=""879.816""","=""46522.866""","=""3d9.(2D).4s""","=""3D""","=""2""","=""3d8.(3P).4s.4p.(3P*)""","=""3P*""","=""2""",5,5,,"=""T3861""","=""""",
Ni,1,"=""""","=""219.11924""","=""""","=""4.6e+06""",E,"=""3409.937""","=""49032.926""","=""3d9.(2D).4s""","=""1D""","=""2""","=""3d9.(2D).5p""","=""1D*""","=""2""",5,5,,"=""T3861""","=""""",
Ni,1,"=""""","=""219.73544""","=""""","=""7.8e+07""",C,"=""1713.087""","=""47208.149""","=""3d9.(2D).4s""","=""3D""","=""1""","=""3d8.(3P).4s.4p.(3P*)""","=""3P*""","=""1""",3,3,,"=""T3861""","=""""",
Ni,1,"=""""","=""220.06834""","=""""","=""8.2e+06""",C,"=""1713.087""","=""47139.337""","=""3d9.(2D).4s""","=""3D""","=""1""","=""3d8.(3P).4s.4p.(3P*)""","=""3D*""","=""2""",3,5,,"=""T3861""","=""""",
Ni,2,"=""220.141""","=""220.1405""","=""600""","=""1.3e+08""",B,"=""10663.89""","=""56075.26""","=""3p6.3d8.(3F).4s""","=""4F""","=""3/2""","=""3p6.3d8.(3F).4p""","=""4F*""","=""5/2""",4,6,,"=""T1024n""","=""L897""",
Ni,1,"=""""","=""220.15602""","=""""","=""7.3e+07""",C,"=""3409.937""","=""48818.097""","=""3d9.(2D).4s""","=""1D""","=""2""","=""3d8.(3P).4s.4p.(3P*)""","=""1P*""","=""1""",5,3,,"=""T3861""","=""""",
Ni,2,"=""220.672""","=""220.6712""","=""4000""","=""1.66e+08""",B,"=""10115.66""","=""55417.83""","=""3p6.3d8.(3F).4s""","=""4F""","=""5/2""","=""3p6.3d8.(3F).4p""","=""4F*""","=""7/2""",6,8,,"=""T1024n""","=""L897""",
Ni,2,"=""""","=""221.0379""","=""""","=""3.9e+07""",C,"=""9330.04""","=""54557.05""","=""3p6.3d8.(3F).4s""","=""4F""","=""7/2""","=""3p6.3d8.(3F).4p""","=""4F*""","=""9/2""",8,10,,"=""T1024n""","=""""",
Ni,1,"=""""","=""221.21552""","=""""","=""5.8e+06""",D,"=""1332.164""","=""46522.866""","=""3d8.(3F).4s2""","=""3F""","=""3""","=""3d8.(3P).4s.4p.(3P*)""","=""3P*""","=""2""",7,5,,"=""T3861""","=""""",
Ni,2,"=""221.648""","=""221.6477""","=""6000""","=""3.4e+08""",B,"=""8393.90""","=""53496.49""","=""3p6.3d8.(3F).4s""","=""4F""","=""9/2""","=""3p6.3d8.(3F).4p""","=""4G*""","=""11/2""",10,12,,"=""T1024n""","=""L897""",
Ni,2,"=""222.040""","=""222.0399""","=""800""","=""2.3e+08""",C,"=""23108.28""","=""68131.21""","=""3p6.3d8.(3P).4s""","=""4P""","=""5/2""","=""3p6.3d8.(1D).4p""","=""2F*""","=""7/2""",6,8,,"=""T1024n""","=""L897""",
Ni,1,"=""""","=""222.19457""","=""""","=""2.2e+07""",D,"=""2216.550""","=""47208.149""","=""3d8.(3F).4s2""","=""3F""","=""2""","=""3d8.(3P).4s.4p.(3P*)""","=""3P*""","=""1""",5,3,,"=""T3861""","=""""",
Ni,2,"=""222.296""","=""222.2950""","=""900""","=""9.8e+07""",B,"=""8393.90""","=""53365.17""","=""3p6.3d8.(3F).4s""","=""4F""","=""9/2""","=""3p6.3d8.(3F).4p""","=""4G*""","=""9/2""",10,10,,"=""T1024n""","=""L897""",
Ni,2,"=""""","=""222.4358""","=""""","=""3.2e+07""",C,"=""13550.39""","=""58493.21""","=""3p6.3d8.(3F).4s""","=""2F""","=""7/2""","=""3p6.3d8.(3F).4p""","=""2F*""","=""5/2""",8,6,,"=""T1024n""","=""""",
Ni,2,"=""""","=""222.4864""","=""""","=""1.55e+08""",B,"=""9330.04""","=""54262.63""","=""3p6.3d8.(3F).4s""","=""4F""","=""7/2""","=""3p6.3d8.(3F).4p""","=""4G*""","=""7/2""",8,8,,"=""T1024n""","=""""",
Ni,2,"=""""","=""222.6328""","=""""","=""1.3e+08""",B,"=""10115.66""","=""55018.71""","=""3p6.3d8.(3F).4s""","=""4F""","=""5/2""","=""3p6.3d8.(3F).4p""","=""4G*""","=""5/2""",6,6,,"=""T1024n""","=""""",
Ni,1,"=""""","=""223.09623""","=""""","=""5.2e+06""",E,"=""1713.087""","=""46522.866""","=""3d9.(2D).4s""","=""3D""","=""1""","=""3d8.(3P).4s.4p.(3P*)""","=""3P*""","=""2""",3,5,,"=""T3861""","=""""",
Ni,1,"=""""","=""224.45276""","=""""","=""3.8e+07""",C,"=""879.816""","=""45418.804""","=""3d9.(2D).4s""","=""3D""","=""2""","=""3d8.(3F).4s.4p.(1P*)""","=""3F*""","=""2""",5,5,,"=""T3861""","=""""",
Ni,1,"=""""","=""225.14899""","=""""","=""4.0e+06""",D,"=""879.816""","=""45281.089""","=""3d9.(2D).4s""","=""3D""","=""2""","=""3d8.(3F).4s.4p.(1P*)""","=""3F*""","=""3""",5,7,,"=""T3861""","=""""",
Ni,1,"=""""","=""225.35722""","=""""","=""1.9e+07""",C,"=""204.787""","=""44565.037""","=""3d9.(2D).4s""","=""3D""","=""3""","=""3d8.(3F).4s.4p.(1P*)""","=""3G*""","=""3""",7,7,,"=""T3861""","=""""",
Ni,2,"=""225.385""","=""225.3848""","=""500""","=""1.98e+08""",C+,"=""10663.89""","=""55018.71""","=""3p6.3d8.(3F).4s""","=""4F""","=""3/2""","=""3p6.3d8.(3F).4p""","=""4G*""","=""5/2""",4,6,,"=""T1024n""","=""L897""",
Ni,1,"=""""","=""225.4800""","=""""","=""9.6e+06""",C,"=""0.000""","=""44336.10""","=""3d8.(3F).4s2""","=""3F""","=""4""","=""3d8.(3P).4s.4p.(3P*)""","=""*""","=""4""",9,9,,"=""T3861""","=""""",
Ni,1,"=""""","=""225.81509""","=""""","=""1.7e+07""",C,"=""204.787""","=""44475.099""","=""3d9.(2D).4s""","=""3D""","=""3""","=""3d8.(3F).4s.4p.(1P*)""","=""3D*""","=""2""",7,5,,"=""T3861""","=""""",
Ni,1,"=""""","=""225.95672""","=""""","=""2.0e+07""",C,"=""879.816""","=""45122.383""","=""3d9.(2D).4s""","=""3D""","=""2""","=""3d8.(3F).4s.4p.(1P*)""","=""3D*""","=""1""",5,3,,"=""T3861""","=""""",
Ni,1,"=""""","=""226.14314""","=""""","=""9.1e+06""",C,"=""0.000""","=""44206.099""","=""3d8.(3F).4s2""","=""3F""","=""4""","=""3d8.(3P).4s.4p.(3P*)""","=""5D*""","=""3""",9,7,,"=""T3861""","=""""",
Ni,2,"=""226.446""","=""226.4461""","=""1000""","=""1.43e+08""",B,"=""10115.66""","=""54262.63""","=""3p6.3d8.(3F).4s""","=""4F""","=""5/2""","=""3p6.3d8.(3F).4p""","=""4G*""","=""7/2""",6,8,,"=""T1024n""","=""L897""",
Ni,1,"=""""","=""226.63526""","=""""","=""2.3e+06""",D,"=""204.787""","=""44314.904""","=""3d9.(2D).4s""","=""3D""","=""3""","=""3d8.(3F).4s.4p.(1P*)""","=""3G*""","=""4""",7,9,,"=""T3861""","=""""",
Ni,1,"=""""","=""226.75596""","=""""","=""8.0e+06""",D,"=""1332.164""","=""45418.804""","=""3d8.(3F).4s2""","=""3F""","=""3""","=""3d8.(3F).4s.4p.(1P*)""","=""3F*""","=""2""",7,5,,"=""T3861""","=""""",
Ni,2,"=""227.021""","=""227.0212""","=""2000""","=""1.56e+08""",B,"=""9330.04""","=""53365.17""","=""3p6.3d8.(3F).4s""","=""4F""","=""7/2""","=""3p6.3d8.(3F).4p""","=""4G*""","=""9/2""",8,10,,"=""T1024n""","=""L897""",
Ni,1,"=""""","=""227.19573""","=""""","=""5.0e+06""",C,"=""204.787""","=""44206.099""","=""3d9.(2D).4s""","=""3D""","=""3""","=""3d8.(3P).4s.4p.(3P*)""","=""5D*""","=""3""",7,7,,"=""T3861""","=""""",
Ni,1,"=""""","=""227.46657""","=""""","=""5.2e+06""",D,"=""1332.164""","=""45281.089""","=""3d8.(3F).4s2""","=""3F""","=""3""","=""3d8.(3F).4s.4p.(1P*)""","=""3F*""","=""3""",7,7,,"=""T3861""","=""""",
Ni,2,"=""227.877""","=""227.8770""","=""800""","=""2.8e+08""",C,"=""13550.39""","=""57420.16""","=""3p6.3d8.(3F).4s""","=""2F""","=""7/2""","=""3p6.3d8.(3F).4p""","=""2D*""","=""5/2""",8,6,,"=""T1024n""","=""L897""",
Ni,2,"=""""","=""228.7081""","=""""","=""2.8e+08""",C,"=""14995.57""","=""58705.95""","=""3p6.3d8.(3F).4s""","=""2F""","=""5/2""","=""3p6.3d8.(3F).4p""","=""2D*""","=""3/2""",6,4,,"=""T1024n""","=""""",
Ni,1,"=""""","=""228.73246""","=""""","=""1.8e+07""",D,"=""1713.087""","=""45418.804""","=""3d9.(2D).4s""","=""3D""","=""1""","=""3d8.(3F).4s.4p.(1P*)""","=""3F*""","=""2""",3,5,,"=""T3861""","=""""",
Ni,1,"=""""","=""228.83979""","=""""","=""8.1e+06""",D,"=""879.816""","=""44565.037""","=""3d9.(2D).4s""","=""3D""","=""2""","=""3d8.(3F).4s.4p.(1P*)""","=""3G*""","=""3""",5,7,,"=""T3861""","=""""",
Ni,1,"=""228.998""","=""228.99836""","=""1600""","=""2.1e+08""",C,"=""0.000""","=""43654.974""","=""3d8.(3F).4s2""","=""3F""","=""4""","=""3d8.(3F).4s.4p.(1P*)""","=""*""","=""3""",9,7,,"=""T3861""","=""L3475""",
Ni,1,"=""""","=""229.31193""","=""""","=""3.8e+07""",C,"=""879.816""","=""44475.099""","=""3d9.(2D).4s""","=""3D""","=""2""","=""3d8.(3F).4s.4p.(1P*)""","=""3D*""","=""2""",5,5,,"=""T3861""","=""""",
Ni,2,"=""229.655""","=""229.6550""","=""400""","=""1.98e+08""",B,"=""13550.39""","=""57080.55""","=""3p6.3d8.(3F).4s""","=""2F""","=""7/2""","=""3p6.3d8.(3F).4p""","=""2F*""","=""7/2""",8,8,,"=""T1024n""","=""L897""",
Ni,2,"=""229.714""","=""229.7141""","=""400""","=""2.70e+08""",B,"=""10115.66""","=""53634.62""","=""3p6.3d8.(3F).4s""","=""4F""","=""5/2""","=""3p6.3d8.(3F).4p""","=""4D*""","=""3/2""",6,4,,"=""T1024n""","=""L897""",
Ni,2,"=""""","=""229.7489""","=""""","=""3.0e+08""",B,"=""10663.89""","=""54176.26""","=""3p6.3d8.(3F).4s""","=""4F""","=""3/2""","=""3p6.3d8.(3F).4p""","=""4D*""","=""1/2""",4,2,,"=""T1024n""","=""""",
Ni,2,"=""""","=""229.8267""","=""""","=""2.8e+08""",C,"=""14995.57""","=""58493.21""","=""3p6.3d8.(3F).4s""","=""2F""","=""5/2""","=""3p6.3d8.(3F).4p""","=""2F*""","=""5/2""",6,6,,"=""T1024n""","=""""",
Ni,1,"=""230.078""","=""230.07776""","=""630""","=""7.5e+07""",C,"=""204.787""","=""43654.974""","=""3d9.(2D).4s""","=""3D""","=""3""","=""3d8.(3F).4s.4p.(1P*)""","=""*""","=""3""",7,7,,"=""T3861""","=""L3475""",
Ni,1,"=""""","=""230.29451""","=""""","=""4.5e+07""",C,"=""1713.087""","=""45122.383""","=""3d9.(2D).4s""","=""3D""","=""1""","=""3d8.(3F).4s.4p.(1P*)""","=""3D*""","=""1""",3,3,,"=""T3861""","=""""",
Ni,2,"=""230.300""","=""230.2992""","=""1000""","=""2.9e+08""",C,"=""9330.04""","=""52738.45""","=""3p6.3d8.(3F).4s""","=""4F""","=""7/2""","=""3p6.3d8.(3F).4p""","=""4D*""","=""5/2""",8,6,,"=""T1024n""","=""L897""",
Ni,1,"=""""","=""230.73579""","=""""","=""1.6e+07""",C,"=""879.816""","=""44206.099""","=""3d9.(2D).4s""","=""3D""","=""2""","=""3d8.(3P).4s.4p.(3P*)""","=""5D*""","=""3""",5,7,,"=""T3861""","=""""",
Ni,1,"=""231.234""","=""231.23437""","=""1700""","=""5.5e+08""",C,"=""1332.164""","=""44565.037""","=""3d8.(3F).4s2""","=""3F""","=""3""","=""3d8.(3F).4s.4p.(1P*)""","=""3G*""","=""3""",7,7,,"=""T3861""","=""L3475""",
Ni,1,"=""231.398""","=""231.39827""","=""1400""","=""5.0e+08""",E,"=""2216.550""","=""45418.804""","=""3d8.(3F).4s2""","=""3F""","=""2""","=""3d8.(3F).4s.4p.(1P*)""","=""3F*""","=""2""",5,5,,"=""T3861""","=""L3475""",
Ni,2,"=""231.604""","=""231.6036""","=""1000""","=""2.88e+08""",B,"=""8393.90""","=""51557.85""","=""3p6.3d8.(3F).4s""","=""4F""","=""9/2""","=""3p6.3d8.(3F).4p""","=""4D*""","=""7/2""",10,8,,"=""T1024n""","=""L897""",
Ni,1,"=""231.716""","=""231.71645""","=""1400""","=""3.8e+08""",C,"=""1332.164""","=""44475.099""","=""3d8.(3F).4s2""","=""3F""","=""3""","=""3d8.(3F).4s.4p.(1P*)""","=""3D*""","=""2""",7,5,,"=""T3861""","=""L3475""",
Ni,1,"=""232.003""","=""232.00341""","=""2600""","=""6.9e+08""",C,"=""0.000""","=""43089.578""","=""3d8.(3F).4s2""","=""3F""","=""4""","=""3d8.(3F).4s.4p.(1P*)""","=""3G*""","=""5""",9,11,,"=""T3861""","=""L3475""",
Ni,1,"=""232.138""","=""232.13831""","=""1900""","=""5.6e+08""",E,"=""2216.550""","=""45281.089""","=""3d8.(3F).4s2""","=""3F""","=""2""","=""3d8.(3F).4s.4p.(1P*)""","=""3F*""","=""3""",5,7,,"=""T3861""","=""L3475""",
Ni,1,"=""""","=""232.4655""","=""""","=""1.8e+07""",D,"=""1332.164""","=""44336.10""","=""3d8.(3F).4s2""","=""3F""","=""3""","=""3d8.(3P).4s.4p.(3P*)""","=""*""","=""4""",7,9,,"=""T3861""","=""""",
Ni,1,"=""232.579""","=""232.58012""","=""1400""","=""3.5e+08""",C,"=""1332.164""","=""44314.904""","=""3d8.(3F).4s2""","=""3F""","=""3""","=""3d8.(3F).4s.4p.(1P*)""","=""3G*""","=""4""",7,9,,"=""T3861""","=""L3475""",
Ni,2,"=""""","=""232.6451""","=""""","=""3.3e+07""",D,"=""10663.89""","=""53634.62""","=""3p6.3d8.(3F).4s""","=""4F""","=""3/2""","=""3p6.3d8.(3F).4p""","=""4D*""","=""3/2""",4,4,,"=""T5005""","=""""",
Ni,1,"=""232.996""","=""232.99705""","=""940""","=""5.3e+08""",C,"=""2216.550""","=""45122.383""","=""3d8.(3F).4s2""","=""3F""","=""2""","=""3d8.(3F).4s.4p.(1P*)""","=""3D*""","=""1""",5,3,,"=""T3861""","=""L3475""",
Ni,2,"=""233.458""","=""233.4586""","=""500""","=""8.0e+07""",C,"=""13550.39""","=""56371.41""","=""3p6.3d8.(3F).4s""","=""2F""","=""7/2""","=""3p6.3d8.(3F).4p""","=""2G*""","=""7/2""",8,8,,"=""T1024n""","=""L897""",
Ni,1,"=""234.554""","=""234.55432""","=""1200""","=""2.2e+08""",C,"=""0.000""","=""42620.994""","=""3d8.(3F).4s2""","=""3F""","=""4""","=""3d8.(1D).4s.4p.(3P*)""","=""3D*""","=""3""",9,7,,"=""T3861""","=""L3475""",
Ni,1,"=""234.663""","=""234.66307""","=""190""","=""5.5e+07""",D,"=""1332.164""","=""43933.408""","=""3d8.(3F).4s2""","=""3F""","=""3""","=""3d8.(1D).4s.4p.(3P*)""","=""3P*""","=""2""",7,5,,"=""T3861""","=""L3475""",
Ni,1,"=""234.752""","=""234.75142""","=""400""","=""2.2e+07""",D,"=""0.000""","=""42585.212""","=""3d8.(3F).4s2""","=""3F""","=""4""","=""3d8.(1D).4s.4p.(3P*)""","=""3F*""","=""4""",9,9,,"=""T3861""","=""L3475""",
Ni,1,"=""""","=""234.87357""","=""""","=""2.2e+07""",E,"=""204.787""","=""42767.853""","=""3d9.(2D).4s""","=""3D""","=""3""","=""3d8.(1D).4s.4p.(3P*)""","=""3F*""","=""3""",7,7,,"=""T3861""","=""""",
Ni,2,"=""""","=""235.6403""","=""""","=""2.8e+07""",C,"=""14995.57""","=""57420.16""","=""3p6.3d8.(3F).4s""","=""2F""","=""5/2""","=""3p6.3d8.(3F).4p""","=""2D*""","=""5/2""",6,6,,"=""T1024n""","=""""",
Ni,2,"=""""","=""236.7384""","=""""","=""7.4e+06""",B,"=""9330.04""","=""51557.85""","=""3p6.3d8.(3F).4s""","=""4F""","=""7/2""","=""3p6.3d8.(3F).4p""","=""4D*""","=""7/2""",8,8,,"=""T1024n""","=""""",
Ni,2,"=""237.542""","=""237.5420""","=""1000""","=""6.6e+07""",B,"=""14995.57""","=""57080.55""","=""3p6.3d8.(3F).4s""","=""2F""","=""5/2""","=""3p6.3d8.(3F).4p""","=""2F*""","=""7/2""",6,8,,"=""T1024n""","=""L897""",
Ni,2,"=""""","=""238.7763""","=""""","=""1.59e+07""",B,"=""13550.39""","=""55417.83""","=""3p6.3d8.(3F).4s""","=""2F""","=""7/2""","=""3p6.3d8.(3F).4p""","=""4F*""","=""7/2""",8,8,,"=""T1024n""","=""""",
Ni,2,"=""239.452""","=""239.4523""","=""1000""","=""1.70e+08""",B,"=""13550.39""","=""55299.65""","=""3p6.3d8.(3F).4s""","=""2F""","=""7/2""","=""3p6.3d8.(3F).4p""","=""2G*""","=""9/2""",8,10,,"=""T1024n""","=""L897""",
Ni,2,"=""""","=""241.0746""","=""""","=""1.0e+06""",D,"=""13550.39""","=""55018.71""","=""3p6.3d8.(3F).4s""","=""2F""","=""7/2""","=""3p6.3d8.(3F).4p""","=""4G*""","=""5/2""",8,6,,"=""T1024n""","=""""",
Ni,2,"=""""","=""241.2266""","=""""","=""2.4e+05""",C,"=""10115.66""","=""51557.85""","=""3p6.3d8.(3F).4s""","=""4F""","=""5/2""","=""3p6.3d8.(3F).4p""","=""4D*""","=""7/2""",6,8,,"=""T1024n""","=""""",
Ni,2,"=""""","=""241.3039""","=""""","=""8.3e+06""",B,"=""14995.57""","=""56424.49""","=""3p6.3d8.(3F).4s""","=""2F""","=""5/2""","=""3p6.3d8.(3F).4p""","=""4F*""","=""3/2""",6,4,,"=""T1024n""","=""""",
Ni,2,"=""241.613""","=""241.6135""","=""2000""","=""2.1e+08""",C,"=""14995.57""","=""56371.41""","=""3p6.3d8.(3F).4s""","=""2F""","=""5/2""","=""3p6.3d8.(3F).4p""","=""2G*""","=""7/2""",6,8,,"=""T1024n""","=""L897""",
Ni,1,"=""241.931""","=""241.93128""","=""240""","=""2.0e+07""",E,"=""1332.164""","=""42653.661""","=""3d8.(3F).4s2""","=""3F""","=""3""","=""3d8.(1D).4s.4p.(3P*)""","=""3D*""","=""2""",7,5,,"=""T3861""","=""L3475""",
Ni,2,"=""""","=""243.3555""","=""""","=""7.3e+06""",B,"=""14995.57""","=""56075.26""","=""3p6.3d8.(3F).4s""","=""2F""","=""5/2""","=""3p6.3d8.(3F).4p""","=""4F*""","=""5/2""",6,6,,"=""T1024n""","=""""",
Ni,2,"=""243.789""","=""243.7889""","=""500""","=""5.4e+07""",C,"=""13550.39""","=""54557.05""","=""3p6.3d8.(3F).4s""","=""2F""","=""7/2""","=""3p6.3d8.(3F).4p""","=""4F*""","=""9/2""",8,10,,"=""T1024n""","=""L897""",
Ni,1,"=""247.687""","=""247.68758""","=""85""","=""2.6e+06""",C,"=""0.000""","=""40361.249""","=""3d8.(3F).4s2""","=""3F""","=""4""","=""3d8.(3P).4s.4p.(3P*)""","=""5P*""","=""3""",9,7,,"=""T3861""","=""L3475""",
Ni,2,"=""251.087""","=""251.0874""","=""500""","=""5.8e+07""",B,"=""13550.39""","=""53365.17""","=""3p6.3d8.(3F).4s""","=""2F""","=""7/2""","=""3p6.3d8.(3F).4p""","=""4G*""","=""9/2""",8,10,,"=""T1024n""","=""L897""",
Ni,1,"=""""","=""254.00220""","=""""","=""2.6e+06""",D,"=""3409.937""","=""42767.853""","=""3d9.(2D).4s""","=""1D""","=""2""","=""3d8.(1D).4s.4p.(3P*)""","=""3F*""","=""3""",5,7,,"=""T3861""","=""""",
Ni,2,"=""""","=""254.5899""","=""""","=""1.56e+07""",B,"=""14995.57""","=""54262.63""","=""3p6.3d8.(3F).4s""","=""2F""","=""5/2""","=""3p6.3d8.(3F).4p""","=""4G*""","=""7/2""",6,8,,"=""T1024n""","=""""",
Ni,1,"=""""","=""255.33787""","=""""","=""6.0e+05""",D,"=""1332.164""","=""40484.212""","=""3d8.(3F).4s2""","=""3F""","=""3""","=""3d8.(3P).4s.4p.(3P*)""","=""5P*""","=""2""",7,5,,"=""T3861""","=""""",
Ni,1,"=""""","=""256.14238""","=""""","=""3.7e+05""",D,"=""1332.164""","=""40361.249""","=""3d8.(3F).4s2""","=""3F""","=""3""","=""3d8.(3P).4s.4p.(3P*)""","=""5P*""","=""3""",7,7,,"=""T3861""","=""""",
Ni,3,"=""""","=""259.660""","=""""","=""1.0e+01""",E,"=""14031.6""","=""52532.0""","=""3p6.3d8""","=""1D""","=""2""","=""3p6.3d8""","=""1S""","=""0""",5,1,E2,"=""T493n""","=""""",
Ni,2,"=""""","=""263.0278""","=""""","=""6.8e+05""",C,"=""13550.39""","=""51557.85""","=""3p6.3d8.(3F).4s""","=""2F""","=""7/2""","=""3p6.3d8.(3F).4p""","=""4D*""","=""7/2""",8,8,,"=""T1024n""","=""""",
Ni,1,"=""""","=""263.52398""","=""""","=""9.4e+00""",E,"=""13521.347""","=""51457.250""","=""3d8.(1D).4s2""","=""1D""","=""2""","=""3d9.(2D<3/2>).4d""","=""2[1/2]""","=""0""",5,1,E2,"=""T848n""","=""""",
Ni,1,"=""269.649""","=""269.64879""","=""45""","=""1.4e+06""",D,"=""3409.937""","=""40484.212""","=""3d9.(2D).4s""","=""1D""","=""2""","=""3d8.(3P).4s.4p.(3P*)""","=""5P*""","=""2""",5,5,,"=""T3861""","=""L3475""",
Ni,1,"=""""","=""274.67421""","=""""","=""1.7e+06""",C,"=""204.787""","=""36600.791""","=""3d9.(2D).4s""","=""3D""","=""3""","=""3d8.(3F).4s.4p.(3P*)""","=""1D*""","=""2""",7,5,,"=""T3861,T4812""","=""""",
Ni,3,"=""""","=""278.699""","=""""","=""1.9e+00""",E,"=""16661.6""","=""52532.0""","=""3p6.3d8""","=""3P""","=""2""","=""3p6.3d8""","=""1S""","=""0""",5,1,E2,"=""T493n""","=""""",
Ni,1,"=""""","=""278.87796""","=""""","=""2.9e+00""",E,"=""15609.844""","=""51457.250""","=""3d8.(3P).4s2""","=""3P""","=""2""","=""3d9.(2D<3/2>).4d""","=""2[1/2]""","=""0""",5,1,E2,"=""T848n""","=""""",
Ni,1,"=""""","=""279.84726""","=""""","=""5.3e+00""",D,"=""15734.001""","=""51457.250""","=""3d8.(3P).4s2""","=""3P""","=""1""","=""3d9.(2D<3/2>).4d""","=""2[1/2]""","=""0""",3,1,M1,"=""T848n""","=""""",
Ni,1,"=""279.865""","=""279.86507""","=""150""","=""5.8e+06""",C,"=""879.816""","=""36600.791""","=""3d9.(2D).4s""","=""3D""","=""2""","=""3d8.(3F).4s.4p.(3P*)""","=""1D*""","=""2""",5,5,,"=""T3861,T4812""","=""L3475""",
Ni,1,"=""""","=""280.50788""","=""""","=""8.8e+05""",C,"=""0.000""","=""35639.122""","=""3d8.(3F).4s2""","=""3F""","=""4""","=""3d8.(3F).4s.4p.(3P*)""","=""1F*""","=""3""",9,7,,"=""T4812""","=""""",
Ni,3,"=""""","=""281.178""","=""""","=""2.9e+00""",E,"=""16977.8""","=""52532.0""","=""3p6.3d8""","=""3P""","=""1""","=""3p6.3d8""","=""1S""","=""0""",3,1,M1,"=""T493n""","=""""",
Ni,1,"=""282.129""","=""282.12911""","=""250""","=""4.9e+06""",C,"=""204.787""","=""35639.122""","=""3d9.(2D).4s""","=""3D""","=""3""","=""3d8.(3F).4s.4p.(3P*)""","=""1F*""","=""3""",7,7,,"=""T3861,T4812""","=""L3475""",
Ni,1,"=""""","=""283.45474""","=""""","=""6.6e+05""",D+,"=""1332.164""","=""36600.791""","=""3d8.(3F).4s2""","=""3F""","=""3""","=""3d8.(3F).4s.4p.(3P*)""","=""1D*""","=""2""",7,5,,"=""T4812""","=""""",
Ni,1,"=""286.550""","=""286.54981""","=""50""","=""1.8e+06""",C,"=""1713.087""","=""36600.791""","=""3d9.(2D).4s""","=""3D""","=""1""","=""3d8.(3F).4s.4p.(3P*)""","=""1D*""","=""2""",3,5,,"=""T4812""","=""L3475""",
Ni,1,"=""290.746""","=""290.74574""","=""60""","=""2.0e+06""",D+,"=""2216.550""","=""36600.791""","=""3d8.(3F).4s2""","=""3F""","=""2""","=""3d8.(3F).4s.4p.(3P*)""","=""1D*""","=""2""",5,5,,"=""T4812""","=""L3475""",
Ni,1,"=""291.401""","=""291.40073""","=""25""","=""5.8e+05""",C,"=""1332.164""","=""35639.122""","=""3d8.(3F).4s2""","=""3F""","=""3""","=""3d8.(3F).4s.4p.(3P*)""","=""1F*""","=""3""",7,7,,"=""T4812""","=""L3475""",
Ni,1,"=""294.391""","=""294.39121""","=""500""","=""1.1e+07""",C,"=""204.787""","=""34163.264""","=""3d9.(2D).4s""","=""3D""","=""3""","=""3d8.(3F).4s.4p.(3P*)""","=""3F*""","=""2""",7,5,,"=""T3861""","=""L3475""",
Ni,1,"=""298.165""","=""298.16459""","=""570""","=""2.8e+07""",C,"=""879.816""","=""34408.555""","=""3d9.(2D).4s""","=""3D""","=""2""","=""3d8.(3F).4s.4p.(3P*)""","=""3D*""","=""1""",5,3,,"=""T4812""","=""L3475""",
Ni,1,"=""298.413""","=""298.41307""","=""250""","=""6.6e+06""",C+,"=""0.000""","=""33500.822""","=""3d8.(3F).4s2""","=""3F""","=""4""","=""3d8.(3F).4s.4p.(3P*)""","=""3D*""","=""3""",9,7,,"=""T4812""","=""L3475""",
Ni,1,"=""""","=""299.11175""","=""""","=""1.2e+05""",D+,"=""2216.550""","=""35639.122""","=""3d8.(3F).4s2""","=""3F""","=""2""","=""3d8.(3F).4s.4p.(3P*)""","=""1F*""","=""3""",5,7,,"=""T4812""","=""""",
Ni,1,"=""299.260""","=""299.25922""","=""500""","=""5.4e+06""",C+,"=""204.787""","=""33610.890""","=""3d9.(2D).4s""","=""3D""","=""3""","=""3d8.(3F).4s.4p.(3P*)""","=""3D*""","=""2""",7,5,,"=""T4812""","=""L3475""",
Ni,1,"=""299.446""","=""299.44532""","=""1000""","=""8.7e+06""",C+,"=""204.787""","=""33590.130""","=""3d9.(2D).4s""","=""3D""","=""3""","=""3d8.(3F).4s.4p.(3P*)""","=""1G*""","=""4""",7,9,,"=""T4812""","=""L3475""",
Ni,1,"=""300.249""","=""300.24854""","=""4000""","=""8.0e+07""",C+,"=""204.787""","=""33500.822""","=""3d9.(2D).4s""","=""3D""","=""3""","=""3d8.(3F).4s.4p.(3P*)""","=""3D*""","=""3""",7,7,,"=""T4812""","=""L3475""",
Ni,1,"=""300.363""","=""300.36209""","=""2200""","=""6.9e+07""",D,"=""879.816""","=""34163.264""","=""3d9.(2D).4s""","=""3D""","=""2""","=""3d8.(3F).4s.4p.(3P*)""","=""3F*""","=""2""",5,5,,"=""T3861""","=""L3475""",
Ni,1,"=""301.200""","=""301.20006""","=""3700""","=""1.3e+08""",C,"=""3409.937""","=""36600.791""","=""3d9.(2D).4s""","=""1D""","=""2""","=""3d8.(3F).4s.4p.(3P*)""","=""1D*""","=""2""",5,5,,"=""T3861,T4812""","=""L3475""",
Ni,1,"=""301.914""","=""301.91433""","=""350""","=""6.4e+06""",C+,"=""0.000""","=""33112.334""","=""3d8.(3F).4s2""","=""3F""","=""4""","=""3d8.(3F).4s.4p.(3P*)""","=""3F*""","=""3""",9,7,,"=""T4812""","=""L3475""",
Ni,1,"=""303.187""","=""303.18672""","=""120""","=""1.7e+06""",C+,"=""0.000""","=""32973.376""","=""3d8.(3F).4s2""","=""3F""","=""4""","=""3d8.(3F).4s.4p.(3P*)""","=""3F*""","=""4""",9,9,,"=""T4812""","=""L3475""",
Ni,1,"=""303.794""","=""303.79325""","=""1700""","=""2.8e+07""",C+,"=""204.787""","=""33112.334""","=""3d9.(2D).4s""","=""3D""","=""3""","=""3d8.(3F).4s.4p.(3P*)""","=""3F*""","=""3""",7,7,,"=""T4812""","=""L3475""",
Ni,1,"=""304.501""","=""304.50066""","=""150""","=""2.8e+06""",C,"=""1332.164""","=""34163.264""","=""3d8.(3F).4s2""","=""3F""","=""3""","=""3d8.(3F).4s.4p.(3P*)""","=""3F*""","=""2""",7,5,,"=""T4812""","=""L3475""",
Ni,1,"=""305.082""","=""305.08156""","=""3500""","=""6.0e+07""",C+,"=""204.787""","=""32973.376""","=""3d9.(2D).4s""","=""3D""","=""3""","=""3d8.(3F).4s.4p.(3P*)""","=""3F*""","=""4""",7,9,,"=""T4812""","=""L3475""",
Ni,1,"=""305.432""","=""305.43125""","=""1500""","=""4.0e+07""",C+,"=""879.816""","=""33610.890""","=""3d9.(2D).4s""","=""3D""","=""2""","=""3d8.(3F).4s.4p.(3P*)""","=""3D*""","=""2""",5,5,,"=""T4812""","=""L3475""",
Ni,1,"=""305.764""","=""305.76388""","=""1900""","=""1.0e+08""",D,"=""1713.087""","=""34408.555""","=""3d9.(2D).4s""","=""3D""","=""1""","=""3d8.(3F).4s.4p.(3P*)""","=""3D*""","=""1""",3,3,,"=""T3861""","=""L3475""",
Ni,1,"=""306.462""","=""306.46186""","=""500""","=""1.1e+07""",C+,"=""879.816""","=""33500.822""","=""3d9.(2D).4s""","=""3D""","=""2""","=""3d8.(3F).4s.4p.(3P*)""","=""3D*""","=""3""",5,7,,"=""T4812""","=""L3475""",
Ni,2,"=""""","=""307.3803""","=""""","=""3.5e-01""",E,"=""0.00""","=""32523.54""","=""3p6.3d9""","=""2D""","=""5/2""","=""3p6.3d8.(1G).4s""","=""2G""","=""7/2""",6,8,E2,"=""T4240""","=""""",
Ni,2,"=""""","=""307.6074""","=""""","=""4.6e+00""",E,"=""0.00""","=""32499.53""","=""3p6.3d9""","=""2D""","=""5/2""","=""3p6.3d8.(1G).4s""","=""2G""","=""9/2""",6,10,E2,"=""T4240""","=""""",
Ni,1,"=""308.076""","=""308.07525""","=""420""","=""8.7e+06""",C,"=""1713.087""","=""34163.264""","=""3d9.(2D).4s""","=""3D""","=""1""","=""3d8.(3F).4s.4p.(3P*)""","=""3F*""","=""2""",3,5,,"=""T3861,T4812""","=""L3475""",
Ni,1,"=""309.712""","=""309.71168""","=""260""","=""3.3e+06""",C+,"=""1332.164""","=""33610.890""","=""3d8.(3F).4s2""","=""3F""","=""3""","=""3d8.(3F).4s.4p.(3P*)""","=""3D*""","=""2""",7,5,,"=""T4812""","=""L3475""",
Ni,1,"=""309.912""","=""309.91100""","=""210""","=""2.1e+06""",C+,"=""1332.164""","=""33590.130""","=""3d8.(3F).4s2""","=""3F""","=""3""","=""3d8.(3F).4s.4p.(3P*)""","=""1G*""","=""4""",7,9,,"=""T4812""","=""L3475""",
Ni,1,"=""310.155""","=""310.15569""","=""2600""","=""6.3e+07""",C+,"=""879.816""","=""33112.334""","=""3d9.(2D).4s""","=""3D""","=""2""","=""3d8.(3F).4s.4p.(3P*)""","=""3F*""","=""3""",5,7,,"=""T4812""","=""L3475""",
Ni,1,"=""310.188""","=""310.18777""","=""1300""","=""4.9e+07""",C,"=""3409.937""","=""35639.122""","=""3d9.(2D).4s""","=""1D""","=""2""","=""3d8.(3F).4s.4p.(3P*)""","=""1F*""","=""3""",5,7,,"=""T3861""","=""L3475""",
Ni,1,"=""310.547""","=""310.54603""","=""220""","=""7.1e+06""",D+,"=""2216.550""","=""34408.555""","=""3d8.(3F).4s2""","=""3F""","=""2""","=""3d8.(3F).4s.4p.(3P*)""","=""3D*""","=""1""",5,3,,"=""T4812""","=""L3475""",
Ni,1,"=""""","=""310.77143""","=""""","=""1.3e+05""",C+,"=""1332.164""","=""33500.822""","=""3d8.(3F).4s2""","=""3F""","=""3""","=""3d8.(3F).4s.4p.(3P*)""","=""3D*""","=""3""",7,7,,"=""T4812""","=""""",
Ni,1,"=""311.412""","=""311.41244""","=""270""","=""5.8e+06""",C+,"=""879.816""","=""32982.260""","=""3d9.(2D).4s""","=""3D""","=""2""","=""3d9.(2D).4p""","=""1P*""","=""1""",5,3,,"=""T4812""","=""L3475""",
Ni,1,"=""""","=""312.93054""","=""""","=""5.3e+05""",D+,"=""2216.550""","=""34163.264""","=""3d8.(3F).4s2""","=""3F""","=""2""","=""3d8.(3F).4s.4p.(3P*)""","=""3F*""","=""2""",5,5,,"=""T4812""","=""""",
Ni,1,"=""313.411""","=""313.41039""","=""2900""","=""7.3e+07""",C+,"=""1713.087""","=""33610.890""","=""3d9.(2D).4s""","=""3D""","=""1""","=""3d8.(3F).4s.4p.(3P*)""","=""3D*""","=""2""",3,5,,"=""T4812""","=""L3475""",
Ni,1,"=""""","=""314.51121""","=""""","=""2.1e+04""",D+,"=""0.000""","=""31786.162""","=""3d8.(3F).4s2""","=""3F""","=""4""","=""3d8.(3F).4s.4p.(3P*)""","=""3G*""","=""3""",9,7,,"=""T4812""","=""""",
Ni,1,"=""314.572""","=""314.57051""","=""55""","=""8.0e+05""",C+,"=""1332.164""","=""33112.334""","=""3d8.(3F).4s2""","=""3F""","=""3""","=""3d8.(3F).4s.4p.(3P*)""","=""3F*""","=""3""",7,7,,"=""T4812""","=""L3475""",
Ni,1,"=""""","=""315.95206""","=""""","=""3.0e+04""",C+,"=""1332.164""","=""32973.376""","=""3d8.(3F).4s2""","=""3F""","=""3""","=""3d8.(3F).4s.4p.(3P*)""","=""3F*""","=""4""",7,9,,"=""T4812""","=""""",
Ni,1,"=""""","=""316.55071""","=""""","=""4.3e+04""",D+,"=""204.787""","=""31786.162""","=""3d9.(2D).4s""","=""3D""","=""3""","=""3d8.(3F).4s.4p.(3P*)""","=""3G*""","=""3""",7,7,,"=""T4812""","=""""",
Ni,1,"=""318.437""","=""318.43666""","=""100""","=""7.1e+05""",C+,"=""2216.550""","=""33610.890""","=""3d8.(3F).4s2""","=""3F""","=""2""","=""3d8.(3F).4s.4p.(3P*)""","=""3D*""","=""2""",5,5,,"=""T4812""","=""L3475""",
Ni,1,"=""319.557""","=""319.55707""","=""55""","=""5.8e+05""",C+,"=""2216.550""","=""33500.822""","=""3d8.(3F).4s2""","=""3F""","=""2""","=""3d8.(3F).4s.4p.(3P*)""","=""3D*""","=""3""",5,7,,"=""T4812""","=""L3475""",
Ni,1,"=""319.711""","=""319.71138""","=""150""","=""2.9e+06""",C+,"=""1713.087""","=""32982.260""","=""3d9.(2D).4s""","=""3D""","=""1""","=""3d9.(2D).4p""","=""1P*""","=""1""",3,3,,"=""T4812""","=""L3475""",
Ni,1,"=""""","=""320.04224""","=""""","=""2.8e+05""",C,"=""204.787""","=""31441.635""","=""3d9.(2D).4s""","=""3D""","=""3""","=""3d9.(2D).4p""","=""1D*""","=""2""",7,5,,"=""T4812""","=""""",
Ni,1,"=""322.165""","=""322.16515""","=""150""","=""1.6e+06""",C,"=""0.000""","=""31031.020""","=""3d8.(3F).4s2""","=""3F""","=""4""","=""3d9.(2D).4p""","=""1F*""","=""3""",9,7,,"=""T3861,T4812""","=""L3475""",
Ni,2,"=""""","=""322.3149""","=""""","=""3.5e+00""",E,"=""1506.94""","=""32523.54""","=""3p6.3d9""","=""2D""","=""3/2""","=""3p6.3d8.(1G).4s""","=""2G""","=""7/2""",4,8,E2,"=""T4240""","=""""",
Ni,1,"=""322.502""","=""322.50191""","=""210""","=""9.3e+06""",C,"=""3409.937""","=""34408.555""","=""3d9.(2D).4s""","=""1D""","=""2""","=""3d8.(3F).4s.4p.(3P*)""","=""3D*""","=""1""",5,3,,"=""T3861,T4812""","=""L3475""",
Ni,1,"=""""","=""322.69834""","=""""","=""2.3e+05""",D,"=""0.000""","=""30979.749""","=""3d8.(3F).4s2""","=""3F""","=""4""","=""3d8.(3F).4s.4p.(3P*)""","=""3G*""","=""4""",9,9,,"=""T3861""","=""""",
Ni,1,"=""323.296""","=""323.29335""","=""1100""","=""7.3e+06""",C,"=""0.000""","=""30922.734""","=""3d8.(3F).4s2""","=""3F""","=""4""","=""3d8.(3F).4s.4p.(3P*)""","=""3G*""","=""5""",9,11,,"=""T3861,T4812""","=""L3475""",
Ni,1,"=""323.465""","=""323.46478""","=""290""","=""2.0e+06""",C,"=""879.816""","=""31786.162""","=""3d9.(2D).4s""","=""3D""","=""2""","=""3d8.(3F).4s.4p.(3P*)""","=""3G*""","=""3""",5,7,,"=""T3861,T4812""","=""L3475""",
Ni,1,"=""""","=""323.57537""","=""""","=""6.4e+04""",C+,"=""2216.550""","=""33112.334""","=""3d8.(3F).4s2""","=""3F""","=""2""","=""3d8.(3F).4s.4p.(3P*)""","=""3F*""","=""3""",5,7,,"=""T4812""","=""""",
Ni,1,"=""324.306""","=""324.30545""","=""600""","=""4.8e+06""",C,"=""204.787""","=""31031.020""","=""3d9.(2D).4s""","=""3D""","=""3""","=""3d9.(2D).4p""","=""1F*""","=""3""",7,7,,"=""T3861,T4812""","=""L3475""",
Ni,1,"=""324.846""","=""324.84576""","=""100""","=""4.7e+05""",C,"=""204.787""","=""30979.749""","=""3d9.(2D).4s""","=""3D""","=""3""","=""3d8.(3F).4s.4p.(3P*)""","=""3G*""","=""4""",7,9,,"=""T3861""","=""L3475""",
Ni,1,"=""""","=""324.94346""","=""""","=""4.1e+05""",C+,"=""2216.550""","=""32982.260""","=""3d8.(3F).4s2""","=""3F""","=""2""","=""3d9.(2D).4p""","=""1P*""","=""1""",5,3,,"=""T4812""","=""""",
Ni,1,"=""325.074""","=""325.07430""","=""120""","=""2.2e+06""",C,"=""3409.937""","=""34163.264""","=""3d9.(2D).4s""","=""1D""","=""2""","=""3d8.(3F).4s.4p.(3P*)""","=""3F*""","=""2""",5,5,,"=""T4812""","=""L3475""",
Ni,1,"=""327.112""","=""327.11137""","=""100""","=""8.6e+05""",C,"=""879.816""","=""31441.635""","=""3d9.(2D).4s""","=""3D""","=""2""","=""3d9.(2D).4p""","=""1D*""","=""2""",5,5,,"=""T3861,T4812""","=""L3475""",
Ni,1,"=""328.270""","=""328.26953""","=""120""","=""6.0e+05""",C,"=""1332.164""","=""31786.162""","=""3d8.(3F).4s2""","=""3F""","=""3""","=""3d8.(3F).4s.4p.(3P*)""","=""3G*""","=""3""",7,7,,"=""T4812""","=""L3475""",
Ni,1,"=""""","=""328.69448""","=""""","=""4.7e+05""",C,"=""204.787""","=""30619.414""","=""3d9.(2D).4s""","=""3D""","=""3""","=""3d9.(2D).4p""","=""3F*""","=""2""",7,5,,"=""T3861,T4812""","=""""",
Ni,1,"=""""","=""331.02010""","=""""","=""1.2e+05""",C+,"=""3409.937""","=""33610.890""","=""3d9.(2D).4s""","=""1D""","=""2""","=""3d8.(3F).4s.4p.(3P*)""","=""3D*""","=""2""",5,5,,"=""T4812""","=""""",
Ni,1,"=""331.566""","=""331.56629""","=""660""","=""5.3e+06""",C+,"=""879.816""","=""31031.020""","=""3d9.(2D).4s""","=""3D""","=""2""","=""3d9.(2D).4p""","=""1F*""","=""3""",5,7,,"=""T3861""","=""L3475""",
Ni,1,"=""332.026""","=""332.02587""","=""330""","=""4.9e+06""",C,"=""1332.164""","=""31441.635""","=""3d8.(3F).4s2""","=""3F""","=""3""","=""3d9.(2D).4p""","=""1D*""","=""2""",7,5,,"=""T3861,T4812""","=""L3475""",
Ni,1,"=""332.231""","=""332.23096""","=""310""","=""5.8e+06""",C+,"=""3409.937""","=""33500.822""","=""3d9.(2D).4s""","=""1D""","=""2""","=""3d8.(3F).4s.4p.(3P*)""","=""3D*""","=""3""",5,7,,"=""T4812""","=""L3475""",
Ni,1,"=""""","=""333.70094""","=""""","=""8.3e+03""",D+,"=""204.787""","=""30163.124""","=""3d9.(2D).4s""","=""3D""","=""3""","=""3d8.(3F).4s.4p.(3P*)""","=""5F*""","=""2""",7,5,,"=""T4812""","=""""",
Ni,1,"=""""","=""335.10544""","=""""","=""2.8e+03""",D+,"=""0.000""","=""29832.779""","=""3d8.(3F).4s2""","=""3F""","=""4""","=""3d8.(3F).4s.4p.(3P*)""","=""5F*""","=""3""",9,7,,"=""T4812""","=""""",
Ni,1,"=""336.156""","=""336.15543""","=""330""","=""4.8e+06""",C,"=""879.816""","=""30619.414""","=""3d9.(2D).4s""","=""3D""","=""2""","=""3d9.(2D).4p""","=""3F*""","=""2""",5,5,,"=""T3861,T4812""","=""L3475""",
Ni,1,"=""""","=""336.28039""","=""""","=""2.1e+05""",D+,"=""1713.087""","=""31441.635""","=""3d9.(2D).4s""","=""3D""","=""1""","=""3d9.(2D).4p""","=""1D*""","=""2""",3,5,,"=""T4812""","=""""",
Ni,1,"=""336.577""","=""336.57647""","=""330""","=""5.4e+06""",C+,"=""3409.937""","=""33112.334""","=""3d9.(2D).4s""","=""1D""","=""2""","=""3d8.(3F).4s.4p.(3P*)""","=""3F*""","=""3""",5,7,,"=""T4812""","=""L3475""",
Ni,1,"=""336.617""","=""336.61660""","=""330""","=""4.0e+06""",D+,"=""1332.164""","=""31031.020""","=""3d8.(3F).4s2""","=""3F""","=""3""","=""3d9.(2D).4p""","=""1F*""","=""3""",7,7,,"=""T4812""","=""L3475""",
Ni,1,"=""336.789""","=""336.78859""","=""65""","=""1.9e+05""",D+,"=""204.787""","=""29888.477""","=""3d9.(2D).4s""","=""3D""","=""3""","=""3d9.(2D).4p""","=""3D*""","=""2""",7,5,,"=""T4812""","=""L3475""",
Ni,1,"=""336.957""","=""336.95628""","=""2900""","=""1.8e+07""",C,"=""0.000""","=""29668.918""","=""3d8.(3F).4s2""","=""3F""","=""4""","=""3d9.(2D).4p""","=""*""","=""3""",9,7,,"=""T3861,T4812""","=""L3475""",
Ni,1,"=""337.199""","=""337.19875""","=""400""","=""2.6e+06""",C,"=""1332.164""","=""30979.749""","=""3d8.(3F).4s2""","=""3F""","=""3""","=""3d8.(3F).4s.4p.(3P*)""","=""3G*""","=""4""",7,9,,"=""T3861""","=""L3475""",
Ni,1,"=""337.422""","=""337.42174""","=""260""","=""1.5e+06""",C,"=""204.787""","=""29832.779""","=""3d9.(2D).4s""","=""3D""","=""3""","=""3d8.(3F).4s.4p.(3P*)""","=""5F*""","=""3""",7,7,,"=""T3861,T4812""","=""L3475""",
Ni,2,"=""""","=""337.8155""","=""""","=""4.1e+00""",E,"=""0.00""","=""29593.46""","=""3p6.3d9""","=""2D""","=""5/2""","=""3p6.3d8.(3P).4s""","=""2P""","=""1/2""",6,2,E2,"=""T4240""","=""""",
Ni,1,"=""338.057""","=""338.05695""","=""3300""","=""1.3e+08""",C+,"=""3409.937""","=""32982.260""","=""3d9.(2D).4s""","=""1D""","=""2""","=""3d9.(2D).4p""","=""1P*""","=""1""",5,3,,"=""T4812""","=""L3475""",
Ni,1,"=""338.085""","=""338.08794""","=""240""","=""3.8e+06""",C,"=""2216.550""","=""31786.162""","=""3d8.(3F).4s2""","=""3F""","=""2""","=""3d8.(3F).4s.4p.(3P*)""","=""3G*""","=""3""",5,7,,"=""T3861""","=""L3475""",
Ni,1,"=""339.105""","=""339.10430""","=""1300""","=""6.6e+06""",C,"=""0.000""","=""29480.989""","=""3d8.(3F).4s2""","=""3F""","=""4""","=""3d9.(2D).4p""","=""3F*""","=""4""",9,9,,"=""T3861,T4812""","=""L3475""",
Ni,1,"=""339.299""","=""339.29833""","=""3300""","=""2.4e+07""",C+,"=""204.787""","=""29668.918""","=""3d9.(2D).4s""","=""3D""","=""3""","=""3d9.(2D).4p""","=""*""","=""3""",7,7,,"=""T3861""","=""L3475""",
Ni,1,"=""340.958""","=""340.95744""","=""130""","=""3.7e+05""",C,"=""0.000""","=""29320.762""","=""3d8.(3F).4s2""","=""3F""","=""4""","=""3d9.(2D).4p""","=""3F*""","=""3""",9,7,,"=""T3861,T4812""","=""L3475""",
Ni,1,"=""341.348""","=""341.34759""","=""330""","=""3.8e+06""",C,"=""1332.164""","=""30619.414""","=""3d8.(3F).4s2""","=""3F""","=""3""","=""3d9.(2D).4p""","=""3F*""","=""2""",7,5,,"=""T3861""","=""L3475""",
Ni,1,"=""341.394""","=""341.39355""","=""330""","=""2.2e+06""",D+,"=""879.816""","=""30163.124""","=""3d9.(2D).4s""","=""3D""","=""2""","=""3d8.(3F).4s.4p.(3P*)""","=""5F*""","=""2""",5,5,,"=""T4812""","=""L3475""",
Ni,1,"=""341.476""","=""341.47641""","=""8200""","=""5.5e+07""",C,"=""204.787""","=""29480.989""","=""3d9.(2D).4s""","=""3D""","=""3""","=""3d9.(2D).4p""","=""3F*""","=""4""",7,9,,"=""T3861""","=""L3475""",
Ni,1,"=""""","=""342.07370""","=""""","=""9.9e+04""",D+,"=""2216.550""","=""31441.635""","=""3d8.(3F).4s2""","=""3F""","=""2""","=""3d9.(2D).4p""","=""1D*""","=""2""",5,5,,"=""T4812""","=""""",
Ni,1,"=""342.371""","=""342.37074""","=""1600""","=""3.3e+07""",C,"=""1713.087""","=""30912.817""","=""3d9.(2D).4s""","=""3D""","=""1""","=""3d9.(2D).4p""","=""3D*""","=""1""",3,3,,"=""T3861,T4812""","=""L3475""",
Ni,1,"=""343.356""","=""343.35564""","=""2600""","=""1.7e+07""",C+,"=""204.787""","=""29320.762""","=""3d9.(2D).4s""","=""3D""","=""3""","=""3d9.(2D).4p""","=""3F*""","=""3""",7,7,,"=""T3861""","=""L3475""",
Ni,1,"=""343.728""","=""343.72774""","=""990""","=""4.4e+06""",C,"=""0.000""","=""29084.456""","=""3d8.(3F).4s2""","=""3F""","=""4""","=""3d8.(3F).4s.4p.(3P*)""","=""5F*""","=""4""",9,9,,"=""T3861,T4812""","=""L3475""",
Ni,2,"=""""","=""343.8877""","=""""","=""5.7e-04""",E,"=""0.00""","=""29070.93""","=""3p6.3d9""","=""2D""","=""5/2""","=""3p6.3d8.(3P).4s""","=""2P""","=""3/2""",6,4,M1,"=""T4240""","=""""",
Ni,2,"=""""","=""343.8877""","=""""","=""5.5e+00""",E,"=""0.00""","=""29070.93""","=""3p6.3d9""","=""2D""","=""5/2""","=""3p6.3d8.(3P).4s""","=""2P""","=""3/2""",6,4,E2,"=""T4240""","=""""",
Ni,1,"=""344.626""","=""344.62588""","=""4800""","=""4.4e+07""",C+,"=""879.816""","=""29888.477""","=""3d9.(2D).4s""","=""3D""","=""2""","=""3d9.(2D).4p""","=""3D*""","=""2""",5,5,,"=""T3861""","=""L3475""",
Ni,1,"=""345.289""","=""345.28887""","=""1300""","=""9.8e+06""",C+,"=""879.816""","=""29832.779""","=""3d9.(2D).4s""","=""3D""","=""2""","=""3d8.(3F).4s.4p.(3P*)""","=""5F*""","=""3""",5,7,,"=""T3861""","=""L3475""",
Ni,1,"=""345.847""","=""345.84596""","=""5000""","=""6.1e+07""",C+,"=""1713.087""","=""30619.414""","=""3d9.(2D).4s""","=""3D""","=""1""","=""3d9.(2D).4p""","=""3F*""","=""2""",3,5,,"=""T3861""","=""L3475""",
Ni,1,"=""346.165""","=""346.16521""","=""5000""","=""2.7e+07""",C+,"=""204.787""","=""29084.456""","=""3d9.(2D).4s""","=""3D""","=""3""","=""3d8.(3F).4s.4p.(3P*)""","=""5F*""","=""4""",7,9,,"=""T3861""","=""L3475""",
Ni,1,"=""346.750""","=""346.75006""","=""200""","=""1.2e+06""",C,"=""1332.164""","=""30163.124""","=""3d8.(3F).4s2""","=""3F""","=""3""","=""3d8.(3F).4s.4p.(3P*)""","=""5F*""","=""2""",7,5,,"=""T3861,T4812""","=""L3475""",
Ni,1,"=""346.949""","=""346.94850""","=""240""","=""1.3e+06""",C,"=""2216.550""","=""31031.020""","=""3d8.(3F).4s2""","=""3F""","=""2""","=""3d9.(2D).4p""","=""1F*""","=""3""",5,7,,"=""T3861""","=""L3475""",
Ni,1,"=""347.254""","=""347.25423""","=""1600""","=""1.2e+07""",C+,"=""879.816""","=""29668.918""","=""3d9.(2D).4s""","=""3D""","=""2""","=""3d9.(2D).4p""","=""*""","=""3""",5,7,,"=""T3861""","=""L3475""",
Ni,1,"=""348.377""","=""348.37766""","=""550""","=""1.4e+07""",C,"=""2216.550""","=""30912.817""","=""3d8.(3F).4s2""","=""3F""","=""2""","=""3d9.(2D).4p""","=""3D*""","=""1""",5,3,,"=""T3861""","=""L3475""",
Ni,1,"=""348.589""","=""348.58844""","=""130""","=""1.3e+06""",C,"=""1713.087""","=""30392.003""","=""3d9.(2D).4s""","=""3D""","=""1""","=""3d8.(3F).4s.4p.(3P*)""","=""5F*""","=""1""",3,3,,"=""T3861,T4812""","=""L3475""",
Ni,1,"=""349.296""","=""349.29558""","=""5500""","=""9.8e+07""",C+,"=""879.816""","=""29500.674""","=""3d9.(2D).4s""","=""3D""","=""2""","=""3d9.(2D).4p""","=""3P*""","=""1""",5,3,,"=""T3861""","=""L3475""",
Ni,1,"=""""","=""349.81921""","=""""","=""1.1e+03""",C,"=""0.000""","=""28578.018""","=""3d8.(3F).4s2""","=""3F""","=""4""","=""3d8.(3F).4s.4p.(3P*)""","=""5G*""","=""3""",9,7,,"=""T3861""","=""""",
Ni,1,"=""350.085""","=""350.08511""","=""660""","=""4.6e+06""",C,"=""1332.164""","=""29888.477""","=""3d8.(3F).4s2""","=""3F""","=""3""","=""3d9.(2D).4p""","=""3D*""","=""2""",7,5,,"=""T3861,T4812""","=""L3475""",
Ni,1,"=""350.260""","=""350.25938""","=""65""","=""1.5e+05""",C,"=""0.000""","=""28542.105""","=""3d8.(3F).4s2""","=""3F""","=""4""","=""3d8.(3F).4s.4p.(3P*)""","=""5F*""","=""5""",9,11,,"=""T4812""","=""L3475""",
Ni,1,"=""350.769""","=""350.76929""","=""55""","=""2.4e+05""",C,"=""1332.164""","=""29832.779""","=""3d8.(3F).4s2""","=""3F""","=""3""","=""3d8.(3F).4s.4p.(3P*)""","=""5F*""","=""3""",7,7,,"=""T4812""","=""L3475""",
Ni,1,"=""351.034""","=""351.03350""","=""2600""","=""1.2e+08""",C+,"=""1713.087""","=""30192.251""","=""3d9.(2D).4s""","=""3D""","=""1""","=""3d9.(2D).4p""","=""3P*""","=""0""",3,1,,"=""T3861""","=""L3475""",
Ni,1,"=""351.393""","=""351.39290""","=""260""","=""1.1e+06""",C,"=""1713.087""","=""30163.124""","=""3d9.(2D).4s""","=""3D""","=""1""","=""3d8.(3F).4s.4p.(3P*)""","=""5F*""","=""2""",3,5,,"=""T3861""","=""L3475""",
Ni,1,"=""351.505""","=""351.50522""","=""6600""","=""4.2e+07""",C,"=""879.816""","=""29320.762""","=""3d9.(2D).4s""","=""3D""","=""2""","=""3d9.(2D).4p""","=""3F*""","=""3""",5,7,,"=""T3861,T4812""","=""L3475""",
Ni,1,"=""351.977""","=""351.97653""","=""660""","=""4.1e+06""",C,"=""2216.550""","=""30619.414""","=""3d8.(3F).4s2""","=""3F""","=""2""","=""3d9.(2D).4p""","=""3F*""","=""2""",5,5,,"=""T3861""","=""L3475""",
Ni,1,"=""""","=""352.30697""","=""""","=""4.4e+04""",D+,"=""3409.937""","=""31786.162""","=""3d9.(2D).4s""","=""1D""","=""2""","=""3d8.(3F).4s.4p.(3P*)""","=""3G*""","=""3""",5,7,,"=""T4812""","=""""",
Ni,1,"=""""","=""352.34414""","=""""","=""2.7e+05""",D+,"=""204.787""","=""28578.018""","=""3d9.(2D).4s""","=""3D""","=""3""","=""3d8.(3F).4s.4p.(3P*)""","=""5G*""","=""3""",7,7,,"=""T4812""","=""""",
Ni,1,"=""352.454""","=""352.45365""","=""8200""","=""1.0e+08""",C,"=""204.787""","=""28569.203""","=""3d9.(2D).4s""","=""3D""","=""3""","=""3d9.(2D).4p""","=""3P*""","=""2""",7,5,,"=""T3861,T4812""","=""L3475""",
Ni,1,"=""352.798""","=""352.79772""","=""110""","=""4.2e+05""",C,"=""1332.164""","=""29668.918""","=""3d8.(3F).4s2""","=""3F""","=""3""","=""3d9.(2D).4p""","=""*""","=""3""",7,7,,"=""T4812""","=""L3475""",
Ni,1,"=""354.818""","=""354.81829""","=""330""","=""2.9e+06""",D+,"=""1713.087""","=""29888.477""","=""3d9.(2D).4s""","=""3D""","=""1""","=""3d9.(2D).4p""","=""3D*""","=""2""",3,5,,"=""T4812""","=""L3475""",
Ni,1,"=""355.153""","=""355.15316""","=""55""","=""1.6e+05""",E,"=""1332.164""","=""29480.989""","=""3d8.(3F).4s2""","=""3F""","=""3""","=""3d9.(2D).4p""","=""3F*""","=""4""",7,9,,"=""T2765n""","=""L3475""",
Ni,2,"=""""","=""355.9410""","=""""","=""1.1e-03""",E,"=""1506.94""","=""29593.46""","=""3p6.3d9""","=""2D""","=""3/2""","=""3p6.3d8.(3P).4s""","=""2P""","=""1/2""",4,2,M1,"=""T4240""","=""""",
Ni,2,"=""""","=""355.9410""","=""""","=""4.6e+00""",E,"=""1506.94""","=""29593.46""","=""3p6.3d9""","=""2D""","=""3/2""","=""3p6.3d8.(3P).4s""","=""2P""","=""1/2""",4,2,E2,"=""T4240""","=""""",
Ni,1,"=""356.175""","=""356.17506""","=""65""","=""2.9e+05""",C,"=""0.000""","=""28068.065""","=""3d8.(3F).4s2""","=""3F""","=""4""","=""3d8.(3F).4s.4p.(3P*)""","=""5G*""","=""4""",9,9,,"=""T4812""","=""L3475""",
Ni,1,"=""356.637""","=""356.63716""","=""5000""","=""5.6e+07""",C,"=""3409.937""","=""31441.635""","=""3d9.(2D).4s""","=""1D""","=""2""","=""3d9.(2D).4p""","=""1D*""","=""2""",5,5,,"=""T3861""","=""L3475""",
Ni,1,"=""357.187""","=""357.18637""","=""990""","=""5.2e+06""",C+,"=""1332.164""","=""29320.762""","=""3d8.(3F).4s2""","=""3F""","=""3""","=""3d9.(2D).4p""","=""3F*""","=""3""",7,7,,"=""T3861""","=""L3475""",
Ni,1,"=""""","=""357.72349""","=""""","=""1.6e+04""",D+,"=""2216.550""","=""30163.124""","=""3d8.(3F).4s2""","=""3F""","=""2""","=""3d8.(3F).4s.4p.(3P*)""","=""5F*""","=""2""",5,5,,"=""T4812""","=""""",
Ni,1,"=""358.793""","=""358.79292""","=""130""","=""2.6e+05""",C,"=""204.787""","=""28068.065""","=""3d9.(2D).4s""","=""3D""","=""3""","=""3d8.(3F).4s.4p.(3P*)""","=""5G*""","=""4""",7,9,,"=""T3861,T4812""","=""L3475""",
Ni,1,"=""359.770""","=""359.77027""","=""1300""","=""1.4e+07""",C,"=""1713.087""","=""29500.674""","=""3d9.(2D).4s""","=""3D""","=""1""","=""3d9.(2D).4p""","=""3P*""","=""1""",3,3,,"=""T3861,T4812""","=""L3475""",
Ni,1,"=""""","=""360.22783""","=""""","=""4.4e+05""",C,"=""1332.164""","=""29084.456""","=""3d8.(3F).4s2""","=""3F""","=""3""","=""3d8.(3F).4s.4p.(3P*)""","=""5F*""","=""4""",7,9,,"=""T4812""","=""""",
Ni,1,"=""""","=""360.93132""","=""""","=""5.9e+05""",C,"=""879.816""","=""28578.018""","=""3d9.(2D).4s""","=""3D""","=""2""","=""3d8.(3F).4s.4p.(3P*)""","=""5G*""","=""3""",5,7,,"=""T3861,T4812""","=""""",
Ni,1,"=""361.046""","=""361.04622""","=""1300""","=""7.2e+06""",C+,"=""879.816""","=""28569.203""","=""3d9.(2D).4s""","=""3D""","=""2""","=""3d9.(2D).4p""","=""3P*""","=""2""",5,5,,"=""T3861""","=""L3475""",
Ni,1,"=""361.274""","=""361.27404""","=""530""","=""4.2e+06""",C,"=""2216.550""","=""29888.477""","=""3d8.(3F).4s2""","=""3F""","=""2""","=""3d9.(2D).4p""","=""3D*""","=""2""",5,5,,"=""T3861""","=""L3475""",
Ni,1,"=""361.939""","=""361.93908""","=""6600""","=""6.6e+07""",C,"=""3409.937""","=""31031.020""","=""3d9.(2D).4s""","=""1D""","=""2""","=""3d9.(2D).4p""","=""1F*""","=""3""",5,7,,"=""T3861,T4812""","=""L3475""",
Ni,1,"=""""","=""362.00269""","=""""","=""4.3e+03""",D+,"=""2216.550""","=""29832.779""","=""3d8.(3F).4s2""","=""3F""","=""2""","=""3d8.(3F).4s.4p.(3P*)""","=""5F*""","=""3""",5,7,,"=""T4812""","=""""",
Ni,1,"=""362.473""","=""362.47309""","=""130""","=""2.6e+05""",C,"=""0.000""","=""27580.391""","=""3d8.(3F).4s2""","=""3F""","=""4""","=""3d8.(3F).4s.4p.(3P*)""","=""5G*""","=""5""",9,11,,"=""T4812""","=""L3475""",
Ni,2,"=""""","=""362.6888""","=""""","=""1.4e-03""",E,"=""1506.94""","=""29070.93""","=""3p6.3d9""","=""2D""","=""3/2""","=""3p6.3d8.(3P).4s""","=""2P""","=""3/2""",4,4,M1,"=""T4240""","=""""",
Ni,2,"=""""","=""362.6888""","=""""","=""2.8e+00""",E,"=""1506.94""","=""29070.93""","=""3p6.3d9""","=""2D""","=""3/2""","=""3p6.3d8.(3P).4s""","=""2P""","=""3/2""",4,4,E2,"=""T4240""","=""""",
Ni,1,"=""""","=""364.16352""","=""""","=""8.4e+03""",D+,"=""2216.550""","=""29668.918""","=""3d8.(3F).4s2""","=""3F""","=""2""","=""3d9.(2D).4p""","=""*""","=""3""",5,7,,"=""T4812""","=""""",
Ni,1,"=""366.410""","=""366.40914""","=""200""","=""2.0e+06""",D+,"=""2216.550""","=""29500.674""","=""3d8.(3F).4s2""","=""3F""","=""2""","=""3d9.(2D).4p""","=""3P*""","=""1""",5,3,,"=""T4812""","=""L3475""",
Ni,1,"=""366.924""","=""366.92382""","=""130""","=""2.0e+05""",D+,"=""1332.164""","=""28578.018""","=""3d8.(3F).4s2""","=""3F""","=""3""","=""3d8.(3F).4s.4p.(3P*)""","=""5G*""","=""3""",7,7,,"=""T4812""","=""L3475""",
Ni,1,"=""367.043""","=""367.04258""","=""180""","=""6.1e+05""",D+,"=""1332.164""","=""28569.203""","=""3d8.(3F).4s2""","=""3F""","=""3""","=""3d9.(2D).4p""","=""3P*""","=""2""",7,5,,"=""T4812""","=""L3475""",
Ni,1,"=""""","=""367.40623""","=""""","=""2.7e+05""",D,"=""204.787""","=""27414.868""","=""3d9.(2D).4s""","=""3D""","=""3""","=""3d8.(3F).4s.4p.(3P*)""","=""5D*""","=""2""",7,5,,"=""T3861""","=""""",
Ni,1,"=""367.415""","=""367.41438""","=""260""","=""2.0e+06""",D+,"=""3409.937""","=""30619.414""","=""3d9.(2D).4s""","=""1D""","=""2""","=""3d9.(2D).4p""","=""3F*""","=""2""",5,5,,"=""T4812""","=""L3475""",
Ni,1,"=""368.842""","=""368.84135""","=""160""","=""4.5e+05""",D+,"=""2216.550""","=""29320.762""","=""3d8.(3F).4s2""","=""3F""","=""2""","=""3d9.(2D).4p""","=""3F*""","=""3""",5,7,,"=""T4812""","=""L3475""",
Ni,1,"=""372.248""","=""372.24879""","=""120""","=""8.0e+05""",D+,"=""1713.087""","=""28569.203""","=""3d9.(2D).4s""","=""3D""","=""1""","=""3d9.(2D).4p""","=""3P*""","=""2""",3,5,,"=""T4812""","=""L3475""",
Ni,1,"=""373.681""","=""373.68100""","=""150""","=""1.4e+06""",E,"=""3409.937""","=""30163.124""","=""3d9.(2D).4s""","=""1D""","=""2""","=""3d8.(3F).4s.4p.(3P*)""","=""5F*""","=""2""",5,5,,"=""T3861""","=""L3475""",
Ni,1,"=""373.923""","=""373.92260""","=""60""","=""2.4e+05""",E,"=""1332.164""","=""28068.065""","=""3d8.(3F).4s2""","=""3F""","=""3""","=""3d8.(3F).4s.4p.(3P*)""","=""5G*""","=""4""",7,9,,"=""T3861""","=""L3475""",
Ni,1,"=""""","=""374.90440""","=""""","=""2.7e+04""",C,"=""0.000""","=""26665.887""","=""3d8.(3F).4s2""","=""3F""","=""4""","=""3d8.(3F).4s.4p.(3P*)""","=""5D*""","=""3""",9,7,,"=""T3861""","=""""",
Ni,1,"=""377.557""","=""377.55708""","=""600""","=""4.2e+06""",C,"=""3409.937""","=""29888.477""","=""3d9.(2D).4s""","=""1D""","=""2""","=""3d9.(2D).4p""","=""3D*""","=""2""",5,5,,"=""T3861""","=""L3475""",
Ni,1,"=""378.353""","=""378.35297""","=""700""","=""3.3e+06""",C,"=""3409.937""","=""29832.779""","=""3d9.(2D).4s""","=""1D""","=""2""","=""3d8.(3F).4s.4p.(3P*)""","=""5F*""","=""3""",5,7,,"=""T3861""","=""L3475""",
Ni,1,"=""""","=""379.23386""","=""""","=""3.8e+04""",D+,"=""2216.550""","=""28578.018""","=""3d8.(3F).4s2""","=""3F""","=""2""","=""3d8.(3F).4s.4p.(3P*)""","=""5G*""","=""3""",5,7,,"=""T4812""","=""""",
Ni,1,"=""""","=""379.36071""","=""""","=""1.8e+05""",D+,"=""2216.550""","=""28569.203""","=""3d8.(3F).4s2""","=""3F""","=""2""","=""3d9.(2D).4p""","=""3P*""","=""2""",5,5,,"=""T4812""","=""""",
Ni,1,"=""380.714""","=""380.71402""","=""700""","=""4.3e+06""",C,"=""3409.937""","=""29668.918""","=""3d9.(2D).4s""","=""1D""","=""2""","=""3d9.(2D).4p""","=""*""","=""3""",5,7,,"=""T3861""","=""L3475""",
Ni,1,"=""383.169""","=""383.16908""","=""110""","=""1.5e+06""",C,"=""3409.937""","=""29500.674""","=""3d9.(2D).4s""","=""1D""","=""2""","=""3d9.(2D).4p""","=""3P*""","=""1""",5,3,,"=""T3861""","=""L3475""",
Ni,1,"=""""","=""383.28709""","=""""","=""2.0e+04""",C,"=""1332.164""","=""27414.868""","=""3d8.(3F).4s2""","=""3F""","=""3""","=""3d8.(3F).4s.4p.(3P*)""","=""5D*""","=""2""",7,5,,"=""T3861""","=""""",
Ni,1,"=""385.830""","=""385.82968""","=""1200""","=""6.9e+06""",C,"=""3409.937""","=""29320.762""","=""3d9.(2D).4s""","=""1D""","=""2""","=""3d9.(2D).4p""","=""3F*""","=""3""",5,7,,"=""T3861""","=""L3475""",
Ni,1,"=""""","=""388.58697""","=""""","=""4.1e+03""",C,"=""2216.550""","=""27943.524""","=""3d8.(3F).4s2""","=""3F""","=""2""","=""3d8.(3F).4s.4p.(3P*)""","=""5D*""","=""1""",5,3,,"=""T3861""","=""""",
Ni,1,"=""""","=""394.61908""","=""""","=""2.1e+02""",C,"=""1332.164""","=""26665.887""","=""3d8.(3F).4s2""","=""3F""","=""3""","=""3d8.(3F).4s.4p.(3P*)""","=""5D*""","=""3""",7,7,,"=""T3861""","=""""",
Ni,1,"=""397.356""","=""397.35547""","=""110""","=""3.8e+05""",D+,"=""3409.937""","=""28569.203""","=""3d9.(2D).4s""","=""1D""","=""2""","=""3d9.(2D).4p""","=""3P*""","=""2""",5,5,,"=""T4812""","=""L3475""",
Ni,2,"=""""","=""399.3059""","=""""","=""2.2e-03""",E,"=""0.00""","=""25036.38""","=""3p6.3d9""","=""2D""","=""5/2""","=""3p6.3d8.(1D).4s""","=""2D""","=""5/2""",6,6,M1,"=""T4240""","=""""",
Ni,2,"=""""","=""399.3059""","=""""","=""5.2e-01""",E,"=""0.00""","=""25036.38""","=""3p6.3d9""","=""2D""","=""5/2""","=""3p6.3d8.(1D).4s""","=""2D""","=""5/2""",6,6,E2,"=""T4240""","=""""",
Ni,1,"=""""","=""401.00100""","=""""","=""8.6e+05""",E,"=""29320.762""","=""54251.308""","=""3d9.(2D).4p""","=""3F*""","=""3""","=""3d8.4s.(2F).5s""","=""1F""","=""3""",7,7,,"=""T2765""","=""""",
Ni,2,"=""""","=""402.5287""","=""""","=""2.9e-04""",E,"=""0.00""","=""24835.93""","=""3p6.3d9""","=""2D""","=""5/2""","=""3p6.3d8.(3P).4s""","=""4P""","=""1/2""",6,2,E2,"=""T4240""","=""""",
Ni,1,"=""""","=""402.76632""","=""""","=""1.3e+07""",D,"=""31441.635""","=""56262.913""","=""3d9.(2D).4p""","=""1D*""","=""2""","=""3d9.(2D<3/2>).5d""","=""2[5/2]""","=""3""",5,7,,"=""T4287""","=""""",
Ni,2,"=""""","=""403.3038""","=""""","=""3.3e-03""",E,"=""0.00""","=""24788.20""","=""3p6.3d9""","=""2D""","=""5/2""","=""3p6.3d8.(3P).4s""","=""4P""","=""3/2""",6,4,M1,"=""T4240""","=""""",
Ni,2,"=""""","=""403.3038""","=""""","=""9.5e-02""",E,"=""0.00""","=""24788.20""","=""3p6.3d9""","=""2D""","=""5/2""","=""3p6.3d8.(3P).4s""","=""4P""","=""3/2""",6,4,E2,"=""T4240""","=""""",
Ni,1,"=""""","=""403.59493""","=""""","=""4.8e+05""",E,"=""29480.989""","=""54251.308""","=""3d9.(2D).4p""","=""3F*""","=""4""","=""3d8.4s.(2F).5s""","=""1F""","=""3""",9,7,,"=""T2765""","=""""",
Ni,1,"=""""","=""409.36157""","=""""","=""9.0e+01""",C,"=""1332.164""","=""25753.553""","=""3d8.(3F).4s2""","=""3F""","=""3""","=""3d8.(3F).4s.4p.(3P*)""","=""5D*""","=""4""",7,9,,"=""T3861""","=""""",
Ni,2,"=""""","=""414.3112""","=""""","=""9.6e-03""",E,"=""8393.90""","=""32523.54""","=""3p6.3d8.(3F).4s""","=""4F""","=""9/2""","=""3p6.3d8.(1G).4s""","=""2G""","=""7/2""",10,8,M1,"=""T4240""","=""""",
Ni,2,"=""""","=""414.3112""","=""""","=""1.0e-05""",E,"=""8393.90""","=""32523.54""","=""3p6.3d8.(3F).4s""","=""4F""","=""9/2""","=""3p6.3d8.(1G).4s""","=""2G""","=""7/2""",10,8,E2,"=""T4240""","=""""",
Ni,2,"=""""","=""414.7239""","=""""","=""3.2e-01""",E,"=""8393.90""","=""32499.53""","=""3p6.3d8.(3F).4s""","=""4F""","=""9/2""","=""3p6.3d8.(1G).4s""","=""2G""","=""9/2""",10,10,M1,"=""T4240""","=""""",
Ni,2,"=""""","=""414.7239""","=""""","=""1.2e-04""",E,"=""8393.90""","=""32499.53""","=""3p6.3d8.(3F).4s""","=""4F""","=""9/2""","=""3p6.3d8.(1G).4s""","=""2G""","=""9/2""",10,10,E2,"=""T4240""","=""""",
Ni,1,"=""""","=""420.04541""","=""""","=""1.8e+06""",D,"=""26665.887""","=""50466.131""","=""3d8.(3F).4s.4p.(3P*)""","=""5D*""","=""3""","=""3d8.4s.(4F).5s""","=""3F""","=""4""",7,9,,"=""T4287""","=""""",
Ni,2,"=""""","=""420.1172""","=""""","=""1.5e-03""",E,"=""0.00""","=""23796.18""","=""3p6.3d9""","=""2D""","=""5/2""","=""3p6.3d8.(1D).4s""","=""2D""","=""3/2""",6,4,M1,"=""T4240""","=""""",
Ni,2,"=""""","=""420.1172""","=""""","=""6.6e-01""",E,"=""0.00""","=""23796.18""","=""3p6.3d9""","=""2D""","=""5/2""","=""3p6.3d8.(1D).4s""","=""2D""","=""3/2""",6,4,E2,"=""T4240""","=""""",
Ni,2,"=""""","=""424.8799""","=""""","=""1.5e-03""",E,"=""1506.94""","=""25036.38""","=""3p6.3d9""","=""2D""","=""3/2""","=""3p6.3d8.(1D).4s""","=""2D""","=""5/2""",4,6,M1,"=""T4240""","=""""",
Ni,2,"=""""","=""424.8799""","=""""","=""1.7e-01""",E,"=""1506.94""","=""25036.38""","=""3p6.3d9""","=""2D""","=""3/2""","=""3p6.3d8.(1D).4s""","=""2D""","=""5/2""",4,6,E2,"=""T4240""","=""""",
Ni,2,"=""""","=""428.5306""","=""""","=""1.0e-03""",E,"=""1506.94""","=""24835.93""","=""3p6.3d9""","=""2D""","=""3/2""","=""3p6.3d8.(3P).4s""","=""4P""","=""1/2""",4,2,M1,"=""T4240""","=""""",
Ni,2,"=""""","=""428.5306""","=""""","=""3.3e-03""",E,"=""1506.94""","=""24835.93""","=""3p6.3d9""","=""2D""","=""3/2""","=""3p6.3d8.(3P).4s""","=""4P""","=""1/2""",4,2,E2,"=""T4240""","=""""",
Ni,2,"=""""","=""429.4092""","=""""","=""1.3e-03""",E,"=""1506.94""","=""24788.20""","=""3p6.3d9""","=""2D""","=""3/2""","=""3p6.3d8.(3P).4s""","=""4P""","=""3/2""",4,4,M1,"=""T4240""","=""""",
Ni,2,"=""""","=""429.4092""","=""""","=""1.1e-01""",E,"=""1506.94""","=""24788.20""","=""3p6.3d9""","=""2D""","=""3/2""","=""3p6.3d8.(3P).4s""","=""4P""","=""3/2""",4,4,E2,"=""T4240""","=""""",
Ni,1,"=""""","=""429.5882""","=""""","=""1.7e+07""",D,"=""30979.749""","=""54251.308""","=""3d8.(3F).4s.4p.(3P*)""","=""3G*""","=""4""","=""3d8.4s.(2F).5s""","=""1F""","=""3""",9,7,,"=""T2765""","=""""",
Ni,2,"=""""","=""431.0340""","=""""","=""1.6e-01""",E,"=""9330.04""","=""32523.54""","=""3p6.3d8.(3F).4s""","=""4F""","=""7/2""","=""3p6.3d8.(1G).4s""","=""2G""","=""7/2""",8,8,M1,"=""T4240""","=""""",
Ni,2,"=""""","=""431.4807""","=""""","=""7.3e-02""",E,"=""9330.04""","=""32499.53""","=""3p6.3d8.(3F).4s""","=""4F""","=""7/2""","=""3p6.3d8.(1G).4s""","=""2G""","=""9/2""",8,10,M1,"=""T4240""","=""""",
Ni,2,"=""""","=""431.4807""","=""""","=""2.1e-04""",E,"=""9330.04""","=""32499.53""","=""3p6.3d8.(3F).4s""","=""4F""","=""7/2""","=""3p6.3d8.(1G).4s""","=""2G""","=""9/2""",8,10,E2,"=""T4240""","=""""",
Ni,3,"=""""","=""432.616""","=""""","=""3.5e-01""",E,"=""0.0""","=""23108.7""","=""3p6.3d8""","=""3F""","=""4""","=""3p6.3d8""","=""1G""","=""4""",9,9,M1,"=""T493""","=""""",
Ni,3,"=""""","=""432.616""","=""""","=""2.7e-04""",E,"=""0.0""","=""23108.7""","=""3p6.3d8""","=""3F""","=""4""","=""3p6.3d8""","=""1G""","=""4""",9,9,E2,"=""T493""","=""""",
Ni,2,"=""""","=""432.6237""","=""""","=""2.5e-03""",E,"=""0.00""","=""23108.28""","=""3p6.3d9""","=""2D""","=""5/2""","=""3p6.3d8.(3P).4s""","=""4P""","=""5/2""",6,6,M1,"=""T4240""","=""""",
Ni,2,"=""""","=""432.6237""","=""""","=""3.5e-01""",E,"=""0.00""","=""23108.28""","=""3p6.3d9""","=""2D""","=""5/2""","=""3p6.3d8.(3P).4s""","=""4P""","=""5/2""",6,6,E2,"=""T4240""","=""""",
Ni,1,"=""""","=""433.1642""","=""""","=""5.6e+05""",D+,"=""13521.347""","=""36600.791""","=""3d8.(1D).4s2""","=""1D""","=""2""","=""3d8.(3F).4s.4p.(3P*)""","=""1D*""","=""2""",5,5,,"=""T4812""","=""""",
Ni,1,"=""""","=""438.2874""","=""""","=""1.5e+06""",E,"=""31441.635""","=""54251.308""","=""3d9.(2D).4p""","=""1D*""","=""2""","=""3d8.4s.(2F).5s""","=""1F""","=""3""",5,7,,"=""T2765""","=""""",
Ni,1,"=""440.155""","=""440.1541""","=""110""","=""3.8e+07""",D,"=""25753.553""","=""48466.490""","=""3d8.(3F).4s.4p.(3P*)""","=""5D*""","=""4""","=""3d8.4s.(4F).5s""","=""5F""","=""5""",9,11,,"=""T2765""","=""L3475""",
Ni,1,"=""""","=""441.0518""","=""""","=""3.2e+06""",D,"=""26665.887""","=""49332.593""","=""3d8.(3F).4s.4p.(3P*)""","=""5D*""","=""3""","=""3d9.(2D<5/2>).4d""","=""2[7/2]""","=""4""",7,9,,"=""T4287""","=""""",
Ni,1,"=""""","=""443.1033""","=""""","=""4.1e+06""",D,"=""33610.890""","=""56172.657""","=""3d8.(3F).4s.4p.(3P*)""","=""3D*""","=""2""","=""3d9.(2D<3/2>).5d""","=""2[7/2]""","=""3""",5,7,,"=""T4287""","=""""",
Ni,1,"=""""","=""443.7571""","=""""","=""2.8e+06""",D,"=""29668.918""","=""52197.444""","=""3d9.(2D).4p""","=""*""","=""3""","=""3d9.(2D<5/2>).6s""","=""2[5/2]""","=""3""",7,7,,"=""T4287""","=""""",
Ni,1,"=""""","=""445.0091""","=""""","=""8.2e+05""",E,"=""31786.162""","=""54251.308""","=""3d8.(3F).4s.4p.(3P*)""","=""3G*""","=""3""","=""3d8.4s.(2F).5s""","=""1F""","=""3""",7,7,,"=""T2765""","=""""",
Ni,2,"=""""","=""446.1464""","=""""","=""9.9e-02""",E,"=""10115.66""","=""32523.54""","=""3p6.3d8.(3F).4s""","=""4F""","=""5/2""","=""3p6.3d8.(1G).4s""","=""2G""","=""7/2""",6,8,M1,"=""T4240""","=""""",
Ni,2,"=""""","=""446.1464""","=""""","=""1.2e-04""",E,"=""10115.66""","=""32523.54""","=""3p6.3d8.(3F).4s""","=""4F""","=""5/2""","=""3p6.3d8.(1G).4s""","=""2G""","=""7/2""",6,8,E2,"=""T4240""","=""""",
Ni,1,"=""446.246""","=""446.2455""","=""18""","=""1.7e+07""",D,"=""27943.524""","=""50346.427""","=""3d8.(3F).4s.4p.(3P*)""","=""5D*""","=""1""","=""3d8.4s.(4F).5s""","=""5F""","=""2""",3,5,,"=""T4287""","=""L3475""",
Ni,2,"=""""","=""446.6249""","=""""","=""1.3e-04""",E,"=""10115.66""","=""32499.53""","=""3p6.3d8.(3F).4s""","=""4F""","=""5/2""","=""3p6.3d8.(1G).4s""","=""2G""","=""9/2""",6,10,E2,"=""T4240""","=""""",
Ni,1,"=""447.048""","=""447.0477""","=""55""","=""1.9e+07""",D,"=""27414.868""","=""49777.569""","=""3d8.(3F).4s.4p.(3P*)""","=""5D*""","=""2""","=""3d8.4s.(4F).5s""","=""5F""","=""3""",5,7,,"=""T4287""","=""L3475""",
Ni,2,"=""""","=""448.5211""","=""""","=""8.4e-04""",E,"=""1506.94""","=""23796.18""","=""3p6.3d9""","=""2D""","=""3/2""","=""3p6.3d8.(1D).4s""","=""2D""","=""3/2""",4,4,M1,"=""T4240""","=""""",
Ni,2,"=""""","=""448.5211""","=""""","=""3.0e-01""",E,"=""1506.94""","=""23796.18""","=""3p6.3d9""","=""2D""","=""3/2""","=""3p6.3d8.(1D).4s""","=""2D""","=""3/2""",4,4,E2,"=""T4240""","=""""",
Ni,1,"=""""","=""451.2990""","=""""","=""2.2e+06""",D,"=""29888.477""","=""52040.523""","=""3d9.(2D).4p""","=""3D*""","=""2""","=""3d8.4s.(4F).5s""","=""3F""","=""2""",5,5,,"=""T4287""","=""""",
Ni,1,"=""""","=""451.9983""","=""""","=""6.1e+04""",D+,"=""13521.347""","=""35639.122""","=""3d8.(1D).4s2""","=""1D""","=""2""","=""3d8.(3F).4s.4p.(3P*)""","=""1F*""","=""3""",5,7,,"=""T4812""","=""""",
Ni,1,"=""""","=""452.31425""","=""""","=""3.2e-01""",D,"=""0.000""","=""22102.325""","=""3d8.(3F).4s2""","=""3F""","=""4""","=""3d8.(1G).4s2""","=""1G""","=""4""",9,9,M1,"=""T848""","=""""",
Ni,1,"=""""","=""452.31425""","=""""","=""2.2e-04""",E,"=""0.000""","=""22102.325""","=""3d8.(3F).4s2""","=""3F""","=""4""","=""3d8.(1G).4s2""","=""1G""","=""4""",9,9,E2,"=""T848""","=""""",
Ni,1,"=""""","=""455.1224""","=""""","=""6.1e+06""",D,"=""33610.890""","=""55576.843""","=""3d8.(3F).4s.4p.(3P*)""","=""3D*""","=""2""","=""3d8.4s.(2F).5s""","=""3F""","=""3""",5,7,,"=""T4287""","=""""",
Ni,1,"=""""","=""455.3168""","=""""","=""7.0e+06""",D,"=""29500.674""","=""51457.250""","=""3d9.(2D).4p""","=""3P*""","=""1""","=""3d9.(2D<3/2>).4d""","=""2[1/2]""","=""0""",3,1,,"=""T4287""","=""""",
Ni,1,"=""""","=""456.5444""","=""""","=""7.9e-04""",E,"=""204.787""","=""22102.325""","=""3d9.(2D).4s""","=""3D""","=""3""","=""3d8.(1G).4s2""","=""1G""","=""4""",7,9,E2,"=""T848""","=""""",
Ni,1,"=""""","=""456.7410""","=""""","=""1.4e+05""",D,"=""28578.018""","=""50466.131""","=""3d8.(3F).4s.4p.(3P*)""","=""5G*""","=""3""","=""3d8.4s.(4F).5s""","=""3F""","=""4""",7,9,,"=""T4287""","=""""",
Ni,2,"=""""","=""457.3357""","=""""","=""4.6e-04""",E,"=""10663.89""","=""32523.54""","=""3p6.3d8.(3F).4s""","=""4F""","=""3/2""","=""3p6.3d8.(1G).4s""","=""2G""","=""7/2""",4,8,E2,"=""T4240""","=""""",
Ni,3,"=""""","=""459.684""","=""""","=""1.8e-01""",E,"=""1360.7""","=""23108.7""","=""3p6.3d8""","=""3F""","=""3""","=""3p6.3d8""","=""1G""","=""4""",7,9,M1,"=""T493""","=""""",
Ni,1,"=""460.037""","=""460.0359""","=""18""","=""2.6e+07""",D,"=""29013.206""","=""50744.552""","=""3d8.(3F).4s.4p.(3P*)""","=""5G*""","=""2""","=""3d8.4s.(4F).5s""","=""5F""","=""1""",5,3,,"=""T4287""","=""L3475""",
Ni,1,"=""460.500""","=""460.4987""","=""65""","=""2.3e+07""",D,"=""28068.065""","=""49777.569""","=""3d8.(3F).4s.4p.(3P*)""","=""5G*""","=""4""","=""3d8.4s.(4F).5s""","=""5F""","=""3""",9,7,,"=""T4287""","=""L3475""",
Ni,1,"=""460.623""","=""460.6221""","=""18""","=""1.0e+07""",D,"=""29013.206""","=""50716.896""","=""3d8.(3F).4s.4p.(3P*)""","=""5G*""","=""2""","=""3d9.(2D<3/2>).4d""","=""2[3/2]""","=""1""",5,3,,"=""T4287""","=""L3475""",
Ni,2,"=""""","=""462.8046""","=""""","=""1.9e-04""",E,"=""1506.94""","=""23108.28""","=""3p6.3d9""","=""2D""","=""3/2""","=""3p6.3d8.(3P).4s""","=""4P""","=""5/2""",4,6,M1,"=""T4240""","=""""",
Ni,2,"=""""","=""462.8046""","=""""","=""1.3e-01""",E,"=""1506.94""","=""23108.28""","=""3p6.3d9""","=""2D""","=""3/2""","=""3p6.3d8.(3P).4s""","=""4P""","=""5/2""",4,6,E2,"=""T4240""","=""""",
Ni,1,"=""""","=""463.3033""","=""""","=""7.8e+04""",E,"=""27580.391""","=""49158.480""","=""3d8.(3F).4s.4p.(3P*)""","=""5G*""","=""5""","=""3d9.(2D<5/2>).4d""","=""2[9/2]""","=""5""",11,11,,"=""T2765""","=""""",
Ni,1,"=""464.866""","=""464.8652""","=""75""","=""2.4e+07""",D,"=""27580.391""","=""49085.982""","=""3d8.(3F).4s.4p.(3P*)""","=""5G*""","=""5""","=""3d8.4s.(4F).5s""","=""5F""","=""4""",11,9,,"=""T4287""","=""L3475""",
Ni,1,"=""""","=""466.6986""","=""""","=""6.3e+06""",D,"=""30619.414""","=""52040.523""","=""3d9.(2D).4p""","=""3F*""","=""2""","=""3d8.4s.(4F).5s""","=""3F""","=""2""",5,5,,"=""T4287""","=""""",
Ni,1,"=""""","=""467.5593""","=""""","=""6.2e+05""",D,"=""29084.456""","=""50466.131""","=""3d8.(3F).4s.4p.(3P*)""","=""5F*""","=""4""","=""3d8.4s.(4F).5s""","=""3F""","=""4""",9,9,,"=""T4287""","=""""",
Ni,1,"=""468.622""","=""468.6213""","=""23""","=""1.4e+07""",D,"=""29013.206""","=""50346.427""","=""3d8.(3F).4s.4p.(3P*)""","=""5G*""","=""2""","=""3d8.4s.(4F).5s""","=""5F""","=""2""",5,5,,"=""T4287""","=""L3475""",
Ni,1,"=""""","=""469.8390""","=""""","=""6.2e+06""",D,"=""32973.376""","=""54251.308""","=""3d8.(3F).4s.4p.(3P*)""","=""3F*""","=""4""","=""3d8.4s.(2F).5s""","=""1F""","=""3""",9,7,,"=""T2765""","=""""",
Ni,1,"=""""","=""470.1352""","=""""","=""2.0e+06""",D,"=""28068.065""","=""49332.593""","=""3d8.(3F).4s.4p.(3P*)""","=""5G*""","=""4""","=""3d9.(2D<5/2>).4d""","=""2[7/2]""","=""4""",9,9,,"=""T4287""","=""""",
Ni,1,"=""""","=""470.1530""","=""""","=""1.4e+07""",D,"=""32973.376""","=""54237.099""","=""3d8.(3F).4s.4p.(3P*)""","=""3F*""","=""4""","=""3d8.4s.(2F).5s""","=""3F""","=""4""",9,9,,"=""T4287""","=""""",
Ni,1,"=""""","=""471.0660""","=""""","=""8.0e-02""",E,"=""879.816""","=""22102.325""","=""3d9.(2D).4s""","=""3D""","=""2""","=""3d8.(1G).4s2""","=""1G""","=""4""",5,9,E2,"=""T848""","=""""",
Ni,1,"=""471.442""","=""471.4417""","=""110""","=""4.6e+07""",D,"=""27260.894""","=""48466.490""","=""3d8.(3F).4s.4p.(3P*)""","=""5G*""","=""6""","=""3d8.4s.(4F).5s""","=""5F""","=""5""",13,11,,"=""T2765""","=""L3475""",
Ni,1,"=""471.578""","=""471.5762""","=""22""","=""2.0e+07""",D,"=""28578.018""","=""49777.569""","=""3d8.(3F).4s.4p.(3P*)""","=""5G*""","=""3""","=""3d8.4s.(4F).5s""","=""5F""","=""3""",7,7,,"=""T4287""","=""L3475""",
Ni,1,"=""""","=""472.9276""","=""""","=""2.7e+06""",E,"=""33112.334""","=""54251.308""","=""3d8.(3F).4s.4p.(3P*)""","=""3F*""","=""3""","=""3d8.4s.(2F).5s""","=""1F""","=""3""",7,7,,"=""T2765""","=""""",
Ni,1,"=""""","=""473.1798""","=""""","=""8.4e+06""",D,"=""30912.817""","=""52040.523""","=""3d9.(2D).4p""","=""3D*""","=""1""","=""3d8.4s.(4F).5s""","=""3F""","=""2""",3,5,,"=""T4287""","=""""",
Ni,1,"=""""","=""473.2457""","=""""","=""9.3e+06""",D,"=""33112.334""","=""54237.099""","=""3d8.(3F).4s.4p.(3P*)""","=""3F*""","=""3""","=""3d8.4s.(2F).5s""","=""3F""","=""4""",7,9,,"=""T4287""","=""""",
Ni,1,"=""""","=""474.0165""","=""""","=""3.4e+05""",E,"=""28068.065""","=""49158.480""","=""3d8.(3F).4s.4p.(3P*)""","=""5G*""","=""4""","=""3d9.(2D<5/2>).4d""","=""2[9/2]""","=""5""",9,11,,"=""T2765""","=""""",
Ni,1,"=""""","=""475.2420""","=""""","=""2.0e+07""",D,"=""29500.674""","=""50536.703""","=""3d9.(2D).4p""","=""3P*""","=""1""","=""3d9.(2D<3/2>).4d""","=""2[1/2]""","=""1""",3,3,,"=""T4287""","=""""",
Ni,1,"=""475.652""","=""475.6515""","=""30""","=""1.5e+07""",D,"=""28068.065""","=""49085.982""","=""3d8.(3F).4s.4p.(3P*)""","=""5G*""","=""4""","=""3d8.4s.(4F).5s""","=""5F""","=""4""",9,9,,"=""T4287""","=""L3475""",
Ni,1,"=""""","=""475.8420""","=""""","=""4.6e+05""",D,"=""31031.020""","=""52040.523""","=""3d9.(2D).4p""","=""1F*""","=""3""","=""3d8.4s.(4F).5s""","=""3F""","=""2""",7,5,,"=""T4287""","=""""",
Ni,1,"=""""","=""476.2627""","=""""","=""2.2e+05""",D+,"=""15609.844""","=""36600.791""","=""3d8.(3P).4s2""","=""3P""","=""2""","=""3d8.(3F).4s.4p.(3P*)""","=""1D*""","=""2""",5,5,,"=""T4812""","=""""",
Ni,1,"=""""","=""477.3411""","=""""","=""1.2e+06""",D,"=""29888.477""","=""50832.001""","=""3d9.(2D).4p""","=""3D*""","=""2""","=""3d9.(2D<3/2>).4d""","=""2[5/2]""","=""3""",5,7,,"=""T4287""","=""""",
Ni,1,"=""""","=""478.6281""","=""""","=""7.4e+04""",D+,"=""13521.347""","=""34408.555""","=""3d8.(1D).4s2""","=""1D""","=""2""","=""3d8.(3F).4s.4p.(3P*)""","=""3D*""","=""1""",5,3,,"=""T4812""","=""""",
Ni,1,"=""478.654""","=""478.6535""","=""45""","=""1.8e+07""",D,"=""27580.391""","=""48466.490""","=""3d8.(3F).4s.4p.(3P*)""","=""5G*""","=""5""","=""3d8.4s.(4F).5s""","=""5F""","=""5""",11,11,,"=""T2765""","=""L3475""",
Ni,1,"=""""","=""479.0965""","=""""","=""2.3e+04""",D+,"=""15734.001""","=""36600.791""","=""3d8.(3P).4s2""","=""3P""","=""1""","=""3d8.(3F).4s.4p.(3P*)""","=""1D*""","=""2""",3,5,,"=""T4812""","=""""",
Ni,1,"=""""","=""479.3426""","=""""","=""6.2e+05""",D,"=""29888.477""","=""50744.552""","=""3d9.(2D).4p""","=""3D*""","=""2""","=""3d8.4s.(4F).5s""","=""5F""","=""1""",5,3,,"=""T4287""","=""""",
Ni,3,"=""""","=""479.733""","=""""","=""3.9e-04""",E,"=""2269.6""","=""23108.7""","=""3p6.3d8""","=""3F""","=""2""","=""3p6.3d8""","=""1G""","=""4""",5,9,E2,"=""T493""","=""""",
Ni,1,"=""480.700""","=""480.6993""","=""22""","=""7.3e+06""",D,"=""29668.918""","=""50466.131""","=""3d9.(2D).4p""","=""*""","=""3""","=""3d8.4s.(4F).5s""","=""3F""","=""4""",7,9,,"=""T4287""","=""L3475""",
Ni,1,"=""""","=""480.8874""","=""""","=""1.6e+06""",D,"=""29888.477""","=""50677.555""","=""3d9.(2D).4p""","=""3D*""","=""2""","=""3d9.(2D<3/2>).4d""","=""2[7/2]""","=""3""",5,7,,"=""T4287""","=""""",
Ni,1,"=""""","=""481.1983""","=""""","=""9.5e+06""",D,"=""29500.674""","=""50276.321""","=""3d9.(2D).4p""","=""3P*""","=""1""","=""3d8.(1S).4s2""","=""1S""","=""0""",3,1,,"=""T4287""","=""""",
Ni,1,"=""""","=""481.3254""","=""""","=""1.6e-01""",D,"=""1332.164""","=""22102.325""","=""3d8.(3F).4s2""","=""3F""","=""3""","=""3d8.(1G).4s2""","=""1G""","=""4""",7,9,M1,"=""T848""","=""""",
Ni,1,"=""""","=""481.3254""","=""""","=""3.8e-06""",E,"=""1332.164""","=""22102.325""","=""3d8.(3F).4s2""","=""3F""","=""3""","=""3d8.(1G).4s2""","=""1G""","=""4""",7,9,E2,"=""T848""","=""""",
Ni,1,"=""""","=""481.4598""","=""""","=""8.6e+05""",D,"=""29013.206""","=""49777.569""","=""3d8.(3F).4s.4p.(3P*)""","=""5G*""","=""2""","=""3d8.4s.(4F).5s""","=""5F""","=""3""",5,7,,"=""T4287""","=""""",
Ni,1,"=""""","=""481.5933""","=""""","=""9.3e+05""",D,"=""28569.203""","=""49327.811""","=""3d9.(2D).4p""","=""3P*""","=""2""","=""3d9.(2D<5/2>).4d""","=""2[5/2]""","=""2""",5,5,,"=""T4287""","=""""",
Ni,1,"=""""","=""481.7818""","=""""","=""7.0e+06""",D,"=""33500.822""","=""54251.308""","=""3d8.(3F).4s.4p.(3P*)""","=""3D*""","=""3""","=""3d8.4s.(2F).5s""","=""1F""","=""3""",7,7,,"=""T2765""","=""""",
Ni,1,"=""""","=""482.1119""","=""""","=""4.5e+06""",D,"=""33500.822""","=""54237.099""","=""3d8.(3F).4s.4p.(3P*)""","=""3D*""","=""3""","=""3d8.4s.(2F).5s""","=""3F""","=""4""",7,9,,"=""T4287""","=""""",
Ni,1,"=""482.903""","=""482.9023""","=""22w""","=""1.9e+07""",D,"=""28569.203""","=""49271.540""","=""3d9.(2D).4p""","=""3P*""","=""2""","=""3d9.(2D<5/2>).4d""","=""2[5/2]""","=""3""",5,7,,"=""T4287""","=""L3475""",
Ni,1,"=""483.118""","=""483.1176""","=""19""","=""1.6e+07""",D,"=""29084.456""","=""49777.569""","=""3d8.(3F).4s.4p.(3P*)""","=""5F*""","=""4""","=""3d8.4s.(4F).5s""","=""5F""","=""3""",9,7,,"=""T4287""","=""L3475""",
Ni,1,"=""""","=""483.8643""","=""""","=""2.2e+07""",D,"=""33590.130""","=""54251.308""","=""3d8.(3F).4s.4p.(3P*)""","=""1G*""","=""4""","=""3d8.4s.(2F).5s""","=""1F""","=""3""",9,7,,"=""T2765""","=""""",
Ni,1,"=""""","=""484.3158""","=""""","=""2.9e+04""",D+,"=""13521.347""","=""34163.264""","=""3d8.(1D).4s2""","=""1D""","=""2""","=""3d8.(3F).4s.4p.(3P*)""","=""3F*""","=""2""",5,5,,"=""T4812""","=""""",
Ni,1,"=""""","=""484.3510""","=""""","=""4.4e+06""",D,"=""33610.890""","=""54251.308""","=""3d8.(3F).4s.4p.(3P*)""","=""3D*""","=""2""","=""3d8.4s.(2F).5s""","=""1F""","=""3""",5,7,,"=""T2765""","=""""",
Ni,1,"=""""","=""484.5169""","=""""","=""1.6e+05""",D,"=""29832.779""","=""50466.131""","=""3d8.(3F).4s.4p.(3P*)""","=""5F*""","=""3""","=""3d8.4s.(4F).5s""","=""3F""","=""4""",7,9,,"=""T4287""","=""""",
Ni,1,"=""""","=""485.2554""","=""""","=""8.0e+06""",D,"=""28569.203""","=""49171.151""","=""3d9.(2D).4p""","=""3P*""","=""2""","=""3d9.(2D<5/2>).4d""","=""2[3/2]""","=""1""",5,3,,"=""T4287""","=""""",
Ni,1,"=""485.541""","=""485.5411""","=""45""","=""5.7e+07""",D,"=""28569.203""","=""49159.030""","=""3d9.(2D).4p""","=""3P*""","=""2""","=""3d9.(2D<5/2>).4d""","=""2[3/2]""","=""2""",5,5,,"=""T2765""","=""L3475""",
Ni,1,"=""""","=""490.0971""","=""""","=""5.0e+05""",E,"=""28068.065""","=""48466.490""","=""3d8.(3F).4s.4p.(3P*)""","=""5G*""","=""4""","=""3d8.4s.(4F).5s""","=""5F""","=""5""",9,11,,"=""T2765""","=""""",
Ni,1,"=""490.441""","=""490.4412""","=""40""","=""6.2e+07""",D,"=""28569.203""","=""48953.316""","=""3d9.(2D).4p""","=""3P*""","=""2""","=""3d9.(2D<5/2>).4d""","=""2[1/2]""","=""1""",5,3,,"=""T4287""","=""L3475""",
Ni,1,"=""""","=""491.2018""","=""""","=""1.5e+07""",D,"=""30392.003""","=""50744.552""","=""3d8.(3F).4s.4p.(3P*)""","=""5F*""","=""1""","=""3d8.4s.(4F).5s""","=""5F""","=""1""",3,3,,"=""T4287""","=""""",
Ni,1,"=""""","=""491.3973""","=""""","=""2.2e+07""",D,"=""30192.251""","=""50536.703""","=""3d9.(2D).4p""","=""3P*""","=""0""","=""3d9.(2D<3/2>).4d""","=""2[1/2]""","=""1""",1,3,,"=""T4287""","=""""",
Ni,1,"=""491.836""","=""491.8364""","=""22""","=""2.3e+07""",D,"=""30979.749""","=""51306.038""","=""3d8.(3F).4s.4p.(3P*)""","=""3G*""","=""4""","=""3d8.4s.(4F).5s""","=""3F""","=""3""",9,7,,"=""T4287""","=""L3475""",
Ni,1,"=""""","=""492.5563""","=""""","=""5.9e+06""",D,"=""29480.989""","=""49777.569""","=""3d9.(2D).4p""","=""3F*""","=""4""","=""3d8.4s.(4F).5s""","=""5F""","=""3""",9,7,,"=""T4287""","=""""",
Ni,1,"=""493.583""","=""493.5831""","=""16""","=""2.4e+07""",D,"=""31786.162""","=""52040.523""","=""3d8.(3F).4s.4p.(3P*)""","=""3G*""","=""3""","=""3d8.4s.(4F).5s""","=""3F""","=""2""",7,5,,"=""T4287""","=""L3475""",
Ni,1,"=""""","=""493.7348""","=""""","=""1.2e+07""",D,"=""29084.456""","=""49332.593""","=""3d8.(3F).4s.4p.(3P*)""","=""5F*""","=""4""","=""3d9.(2D<5/2>).4d""","=""2[7/2]""","=""4""",9,9,,"=""T4287""","=""""",
Ni,1,"=""""","=""494.5445""","=""""","=""8.3e+06""",D,"=""30619.414""","=""50834.401""","=""3d9.(2D).4p""","=""3F*""","=""2""","=""3d9.(2D<3/2>).4d""","=""2[5/2]""","=""2""",5,5,,"=""T4287""","=""""",
Ni,1,"=""""","=""494.6032""","=""""","=""2.0e+06""",D,"=""30619.414""","=""50832.001""","=""3d9.(2D).4p""","=""3F*""","=""2""","=""3d9.(2D<3/2>).4d""","=""2[5/2]""","=""3""",5,7,,"=""T4287""","=""""",
Ni,1,"=""""","=""495.3208""","=""""","=""1.2e+07""",D,"=""30163.124""","=""50346.427""","=""3d8.(3F).4s.4p.(3P*)""","=""5F*""","=""2""","=""3d8.4s.(4F).5s""","=""5F""","=""2""",5,5,,"=""T4287""","=""""",
Ni,1,"=""""","=""496.7524""","=""""","=""2.4e+06""",D,"=""30619.414""","=""50744.552""","=""3d9.(2D).4p""","=""3F*""","=""2""","=""3d8.4s.(4F).5s""","=""5F""","=""1""",5,3,,"=""T4287""","=""""",
Ni,1,"=""""","=""497.6135""","=""""","=""1.3e+06""",D,"=""29084.456""","=""49174.770""","=""3d8.(3F).4s.4p.(3P*)""","=""5F*""","=""4""","=""3d9.(2D<5/2>).4d""","=""2[9/2]""","=""4""",9,9,,"=""T4287""","=""""",
Ni,1,"=""""","=""497.6326""","=""""","=""4.3e+04""",C+,"=""13521.347""","=""33610.890""","=""3d8.(1D).4s2""","=""1D""","=""2""","=""3d8.(3F).4s.4p.(3P*)""","=""3D*""","=""2""",5,5,,"=""T4812""","=""""",
Ni,1,"=""""","=""497.6697""","=""""","=""1.6e+06""",E,"=""34163.264""","=""54251.308""","=""3d8.(3F).4s.4p.(3P*)""","=""3F*""","=""2""","=""3d8.4s.(2F).5s""","=""1F""","=""3""",5,7,,"=""T2765""","=""""",
Ni,1,"=""498.016""","=""498.0173""","=""45""","=""1.9e+07""",D,"=""29084.456""","=""49158.480""","=""3d8.(3F).4s.4p.(3P*)""","=""5F*""","=""4""","=""3d9.(2D<5/2>).4d""","=""2[9/2]""","=""5""",9,11,,"=""T2765""","=""L3475""",
Ni,1,"=""""","=""499.5650""","=""""","=""7.8e+05""",D,"=""29320.762""","=""49332.593""","=""3d9.(2D).4p""","=""3F*""","=""3""","=""3d9.(2D<5/2>).4d""","=""2[7/2]""","=""4""",7,9,,"=""T4287""","=""""",
Ni,1,"=""""","=""499.6844""","=""""","=""5.6e+06""",D,"=""29320.762""","=""49327.811""","=""3d9.(2D).4p""","=""3F*""","=""3""","=""3d9.(2D<5/2>).4d""","=""2[5/2]""","=""2""",7,5,,"=""T4287""","=""""",
Ni,1,"=""""","=""499.8224""","=""""","=""4.9e+06""",D,"=""29084.456""","=""49085.982""","=""3d8.(3F).4s.4p.(3P*)""","=""5F*""","=""4""","=""3d8.4s.(4F).5s""","=""5F""","=""4""",9,9,,"=""T4287""","=""""",
Ni,1,"=""500.034""","=""500.0343""","=""16w""","=""1.4e+07""",D,"=""29320.762""","=""49313.814""","=""3d9.(2D).4p""","=""3F*""","=""3""","=""3d9.(2D<5/2>).4d""","=""2[7/2]""","=""3""",7,7,,"=""T4287""","=""L3475""",
Ni,1,"=""""","=""500.3741""","=""""","=""6.0e+04""",C+,"=""13521.347""","=""33500.822""","=""3d8.(1D).4s2""","=""1D""","=""2""","=""3d8.(3F).4s.4p.(3P*)""","=""3D*""","=""3""",5,7,,"=""T4812""","=""""",
Ni,1,"=""""","=""501.0938""","=""""","=""5.1e+06""",D,"=""29320.762""","=""49271.540""","=""3d9.(2D).4p""","=""3F*""","=""3""","=""3d9.(2D<5/2>).4d""","=""2[5/2]""","=""3""",7,7,,"=""T4287""","=""""",
Ni,1,"=""501.246""","=""501.2443""","=""18""","=""1.1e+07""",D,"=""29832.779""","=""49777.569""","=""3d8.(3F).4s.4p.(3P*)""","=""5F*""","=""3""","=""3d8.4s.(4F).5s""","=""5F""","=""3""",7,7,,"=""T4287""","=""L3475""",
Ni,1,"=""501.759""","=""501.7576""","=""50""","=""2.0e+07""",D,"=""28542.105""","=""48466.490""","=""3d8.(3F).4s.4p.(3P*)""","=""5F*""","=""5""","=""3d8.4s.(4F).5s""","=""5F""","=""5""",11,11,,"=""T2765""","=""L3475""",
Ni,1,"=""""","=""502.7318""","=""""","=""3.0e-04""",E,"=""2216.550""","=""22102.325""","=""3d8.(3F).4s2""","=""3F""","=""2""","=""3d8.(1G).4s2""","=""1G""","=""4""",5,9,E2,"=""T848""","=""""",
Ni,1,"=""""","=""503.2727""","=""""","=""2.0e+06""",D,"=""31441.635""","=""51306.038""","=""3d9.(2D).4p""","=""1D*""","=""2""","=""3d8.4s.(4F).5s""","=""3F""","=""3""",5,7,,"=""T4287""","=""""",
Ni,1,"=""503.537""","=""503.5362""","=""100""","=""5.7e+07""",D,"=""29320.762""","=""49174.770""","=""3d9.(2D).4p""","=""3F*""","=""3""","=""3d9.(2D<5/2>).4d""","=""2[9/2]""","=""4""",7,9,,"=""T4287""","=""L3475""",
Ni,1,"=""""","=""503.9357""","=""""","=""3.7e+06""",E,"=""29320.762""","=""49159.030""","=""3d9.(2D).4p""","=""3F*""","=""3""","=""3d9.(2D<5/2>).4d""","=""2[3/2]""","=""2""",7,5,,"=""T2765""","=""""",
Ni,1,"=""""","=""504.2187""","=""""","=""1.4e+07""",D,"=""29500.674""","=""49327.811""","=""3d9.(2D).4p""","=""3P*""","=""1""","=""3d9.(2D<5/2>).4d""","=""2[5/2]""","=""2""",3,5,,"=""T4287""","=""""",
Ni,1,"=""504.885""","=""504.8847""","=""16""","=""1.6e+07""",D,"=""31031.020""","=""50832.001""","=""3d9.(2D).4p""","=""1F*""","=""3""","=""3d9.(2D<3/2>).4d""","=""2[5/2]""","=""3""",7,7,,"=""T4287""","=""L3475""",
Ni,2,"=""""","=""506.4216""","=""""","=""1.3e-03""",E,"=""9330.04""","=""29070.93""","=""3p6.3d8.(3F).4s""","=""4F""","=""7/2""","=""3p6.3d8.(3P).4s""","=""2P""","=""3/2""",8,4,E2,"=""T4240""","=""""",
Ni,1,"=""""","=""507.9958""","=""""","=""1.5e+05""",D+,"=""14728.840""","=""34408.555""","=""3d10""","=""1S""","=""0""","=""3d8.(3F).4s.4p.(3P*)""","=""3D*""","=""1""",1,3,,"=""T4812""","=""""",
Ni,1,"=""508.052""","=""508.0533""","=""100""","=""3.2e+07""",D,"=""29480.989""","=""49158.480""","=""3d9.(2D).4p""","=""3F*""","=""4""","=""3d9.(2D<5/2>).4d""","=""2[9/2]""","=""5""",9,11,,"=""T2765""","=""L3475""",
Ni,1,"=""508.111""","=""508.1110""","=""65""","=""5.7e+07""",D,"=""31031.020""","=""50706.273""","=""3d9.(2D).4p""","=""1F*""","=""3""","=""3d9.(2D<3/2>).4d""","=""2[7/2]""","=""4""",7,9,,"=""T4287""","=""L3475""",
Ni,1,"=""""","=""508.2344""","=""""","=""2.5e+07""",D,"=""29500.674""","=""49171.151""","=""3d9.(2D).4p""","=""3P*""","=""1""","=""3d9.(2D<5/2>).4d""","=""2[3/2]""","=""1""",3,3,,"=""T4287""","=""""",
Ni,1,"=""508.408""","=""508.4102""","=""26w""","=""3.1e+07""",D,"=""29668.918""","=""49332.593""","=""3d9.(2D).4p""","=""*""","=""3""","=""3d9.(2D<5/2>).4d""","=""2[7/2]""","=""4""",7,9,,"=""T4287""","=""L3475""",
Ni,1,"=""""","=""508.5478""","=""""","=""1.7e+06""",E,"=""29500.674""","=""49159.030""","=""3d9.(2D).4p""","=""3P*""","=""1""","=""3d9.(2D<5/2>).4d""","=""2[3/2]""","=""2""",3,5,,"=""T2765""","=""""",
Ni,1,"=""""","=""508.8962""","=""""","=""1.7e+06""",D,"=""29668.918""","=""49313.814""","=""3d9.(2D).4p""","=""*""","=""3""","=""3d9.(2D<5/2>).4d""","=""2[7/2]""","=""3""",7,7,,"=""T4287""","=""""",
Ni,1,"=""""","=""509.4411""","=""""","=""7.1e+06""",D,"=""30912.817""","=""50536.703""","=""3d9.(2D).4p""","=""3D*""","=""1""","=""3d9.(2D<3/2>).4d""","=""2[1/2]""","=""1""",3,3,,"=""T4287""","=""""",
Ni,1,"=""509.995""","=""509.9937""","=""26w""","=""2.9e+07""",D,"=""29668.918""","=""49271.540""","=""3d9.(2D).4p""","=""*""","=""3""","=""3d9.(2D<5/2>).4d""","=""2[5/2]""","=""3""",7,7,,"=""T4287""","=""L3475""",
Ni,1,"=""""","=""510.2966""","=""""","=""8.8e+04""",C+,"=""13521.347""","=""33112.334""","=""3d8.(1D).4s2""","=""1D""","=""2""","=""3d8.(3F).4s.4p.(3P*)""","=""3F*""","=""3""",5,7,,"=""T4812""","=""""",
Ni,1,"=""511.540""","=""511.5392""","=""21""","=""2.2e+07""",D,"=""30922.734""","=""50466.131""","=""3d8.(3F).4s.4p.(3P*)""","=""3G*""","=""5""","=""3d8.4s.(4F).5s""","=""3F""","=""4""",11,9,,"=""T4287""","=""L3475""",
Ni,1,"=""512.938""","=""512.9378""","=""18w""","=""1.2e+07""",D,"=""29668.918""","=""49159.030""","=""3d9.(2D).4p""","=""*""","=""3""","=""3d9.(2D<5/2>).4d""","=""2[3/2]""","=""2""",7,5,,"=""T2765""","=""L3475""",
Ni,2,"=""""","=""513.2620""","=""""","=""4.5e-04""",E,"=""10115.66""","=""29593.46""","=""3p6.3d8.(3F).4s""","=""4F""","=""5/2""","=""3p6.3d8.(3P).4s""","=""2P""","=""1/2""",6,2,E2,"=""T4240""","=""""",
Ni,1,"=""513.708""","=""513.7074""","=""23""","=""8.6e+05""",C+,"=""13521.347""","=""32982.260""","=""3d8.(1D).4s2""","=""1D""","=""2""","=""3d9.(2D).4p""","=""1P*""","=""1""",5,3,,"=""T4812""","=""L3475""",
Ni,1,"=""""","=""515.5126""","=""""","=""1.1e+07""",D,"=""31441.635""","=""50834.401""","=""3d9.(2D).4p""","=""1D*""","=""2""","=""3d9.(2D<3/2>).4d""","=""2[5/2]""","=""2""",5,5,,"=""T4287""","=""""",
Ni,1,"=""515.576""","=""515.5764""","=""40w""","=""2.9e+07""",D,"=""31441.635""","=""50832.001""","=""3d9.(2D).4p""","=""1D*""","=""2""","=""3d9.(2D<3/2>).4d""","=""2[5/2]""","=""3""",5,7,,"=""T4287""","=""L3475""",
Ni,1,"=""""","=""515.7980""","=""""","=""5.9e+05""",E,"=""29084.456""","=""48466.490""","=""3d8.(3F).4s.4p.(3P*)""","=""5F*""","=""4""","=""3d8.4s.(4F).5s""","=""5F""","=""5""",9,11,,"=""T2765""","=""""",
Ni,1,"=""517.656""","=""517.6560""","=""13""","=""1.8e+07""",D,"=""31441.635""","=""50754.103""","=""3d9.(2D).4p""","=""1D*""","=""2""","=""3d9.(2D<3/2>).4d""","=""2[3/2]""","=""2""",5,5,,"=""T4287""","=""L3475""",
Ni,1,"=""""","=""517.9122""","=""""","=""2.8e+06""",D,"=""31441.635""","=""50744.552""","=""3d9.(2D).4p""","=""1D*""","=""2""","=""3d8.4s.(4F).5s""","=""5F""","=""1""",5,3,,"=""T4287""","=""""",
Ni,1,"=""""","=""518.7820""","=""""","=""6.1e+05""",E,"=""29888.477""","=""49159.030""","=""3d9.(2D).4p""","=""3D*""","=""2""","=""3d9.(2D<5/2>).4d""","=""2[3/2]""","=""2""",5,5,,"=""T2765""","=""""",
Ni,1,"=""""","=""519.7160""","=""""","=""2.3e+06""",D,"=""31441.635""","=""50677.555""","=""3d9.(2D).4p""","=""1D*""","=""2""","=""3d9.(2D<3/2>).4d""","=""2[7/2]""","=""3""",5,7,,"=""T4287""","=""""",
Ni,1,"=""""","=""522.0291""","=""""","=""1.7e+06""",D,"=""30163.124""","=""49313.814""","=""3d8.(3F).4s.4p.(3P*)""","=""5F*""","=""2""","=""3d9.(2D<5/2>).4d""","=""2[7/2]""","=""3""",5,7,,"=""T4287""","=""""",
Ni,1,"=""""","=""526.2827""","=""""","=""5.7e+04""",E,"=""30163.124""","=""49159.030""","=""3d8.(3F).4s.4p.(3P*)""","=""5F*""","=""2""","=""3d9.(2D<5/2>).4d""","=""2[3/2]""","=""2""",5,5,,"=""T2765""","=""""",
Ni,1,"=""""","=""526.5712""","=""""","=""3.7e+05""",E,"=""29480.989""","=""48466.490""","=""3d9.(2D).4p""","=""3F*""","=""4""","=""3d8.4s.(4F).5s""","=""5F""","=""5""",9,11,,"=""T2765""","=""""",
Ni,2,"=""""","=""526.9140""","=""""","=""1.2e-01""",E,"=""13550.39""","=""32523.54""","=""3p6.3d8.(3F).4s""","=""2F""","=""7/2""","=""3p6.3d8.(1G).4s""","=""2G""","=""7/2""",8,8,M1,"=""T4240""","=""""",
Ni,2,"=""""","=""526.9140""","=""""","=""2.5e-04""",E,"=""13550.39""","=""32523.54""","=""3p6.3d8.(3F).4s""","=""2F""","=""7/2""","=""3p6.3d8.(1G).4s""","=""2G""","=""7/2""",8,8,E2,"=""T4240""","=""""",
Ni,2,"=""""","=""527.4110""","=""""","=""1.2e-02""",E,"=""10115.66""","=""29070.93""","=""3p6.3d8.(3F).4s""","=""4F""","=""5/2""","=""3p6.3d8.(3P).4s""","=""2P""","=""3/2""",6,4,M1,"=""T4240""","=""""",
Ni,2,"=""""","=""527.4110""","=""""","=""1.7e-04""",E,"=""10115.66""","=""29070.93""","=""3p6.3d8.(3F).4s""","=""4F""","=""5/2""","=""3p6.3d8.(3P).4s""","=""2P""","=""3/2""",6,4,E2,"=""T4240""","=""""",
Ni,2,"=""""","=""527.5816""","=""""","=""8.2e-02""",E,"=""13550.39""","=""32499.53""","=""3p6.3d8.(3F).4s""","=""2F""","=""7/2""","=""3p6.3d8.(1G).4s""","=""2G""","=""9/2""",8,10,M1,"=""T4240""","=""""",
Ni,2,"=""""","=""527.5816""","=""""","=""4.0e-03""",E,"=""13550.39""","=""32499.53""","=""3p6.3d8.(3F).4s""","=""2F""","=""7/2""","=""3p6.3d8.(1G).4s""","=""2G""","=""9/2""",8,10,E2,"=""T4240""","=""""",
Ni,2,"=""""","=""528.1271""","=""""","=""1.3e-03""",E,"=""10663.89""","=""29593.46""","=""3p6.3d8.(3F).4s""","=""4F""","=""3/2""","=""3p6.3d8.(3P).4s""","=""2P""","=""1/2""",4,2,M1,"=""T4240""","=""""",
Ni,2,"=""""","=""528.1271""","=""""","=""5.7e-05""",E,"=""10663.89""","=""29593.46""","=""3p6.3d8.(3F).4s""","=""4F""","=""3/2""","=""3p6.3d8.(3P).4s""","=""2P""","=""1/2""",4,2,E2,"=""T4240""","=""""",
Ni,1,"=""""","=""534.7708""","=""""","=""3.0e+05""",D,"=""30619.414""","=""49313.814""","=""3d9.(2D).4p""","=""3F*""","=""2""","=""3d9.(2D<5/2>).4d""","=""2[7/2]""","=""3""",5,7,,"=""T4287""","=""""",
Ni,1,"=""""","=""534.8284""","=""""","=""4.4e-01""",E,"=""3409.937""","=""22102.325""","=""3d9.(2D).4s""","=""1D""","=""2""","=""3d8.(1G).4s2""","=""1G""","=""4""",5,9,E2,"=""T848""","=""""",
Ni,1,"=""""","=""535.3391""","=""""","=""1.2e+05""",D+,"=""15734.001""","=""34408.555""","=""3d8.(3P).4s2""","=""3P""","=""1""","=""3d8.(3F).4s.4p.(3P*)""","=""3D*""","=""1""",3,3,,"=""T4812""","=""""",
Ni,1,"=""""","=""537.1330""","=""""","=""1.6e+07""",D,"=""35639.122""","=""54251.308""","=""3d8.(3F).4s.4p.(3P*)""","=""1F*""","=""3""","=""3d8.4s.(2F).5s""","=""1F""","=""3""",7,7,,"=""T2765""","=""""",
Ni,1,"=""""","=""538.8344""","=""""","=""1.3e+04""",D+,"=""15609.844""","=""34163.264""","=""3d8.(3P).4s2""","=""3P""","=""2""","=""3d8.(3F).4s.4p.(3P*)""","=""3F*""","=""2""",5,5,,"=""T4812""","=""""",
Ni,1,"=""""","=""539.2331""","=""""","=""2.2e+06""",D,"=""33500.822""","=""52040.523""","=""3d8.(3F).4s.4p.(3P*)""","=""3D*""","=""3""","=""3d8.4s.(4F).5s""","=""3F""","=""2""",7,5,,"=""T4287""","=""""",
Ni,1,"=""""","=""542.4645""","=""""","=""7.7e+04""",D+,"=""15734.001""","=""34163.264""","=""3d8.(3P).4s2""","=""3P""","=""1""","=""3d8.(3F).4s.4p.(3P*)""","=""3F*""","=""2""",3,5,,"=""T4812""","=""""",
Ni,2,"=""""","=""543.1194""","=""""","=""1.9e-03""",E,"=""10663.89""","=""29070.93""","=""3p6.3d8.(3F).4s""","=""4F""","=""3/2""","=""3p6.3d8.(3P).4s""","=""2P""","=""3/2""",4,4,M1,"=""T4240""","=""""",
Ni,2,"=""""","=""543.1194""","=""""","=""4.3e-05""",E,"=""10663.89""","=""29070.93""","=""3p6.3d8.(3F).4s""","=""4F""","=""3/2""","=""3p6.3d8.(3P).4s""","=""2P""","=""3/2""",4,4,E2,"=""T4240""","=""""",
Ni,1,"=""543.587""","=""543.5858""","=""8""","=""1.9e+05""",D+,"=""16017.306""","=""34408.555""","=""3d8.(3P).4s2""","=""3P""","=""0""","=""3d8.(3F).4s.4p.(3P*)""","=""3D*""","=""1""",1,3,,"=""T4812""","=""L3475""",
Ni,1,"=""""","=""545.2861""","=""""","=""1.6e+06""",D,"=""30619.414""","=""48953.316""","=""3d9.(2D).4p""","=""3F*""","=""2""","=""3d9.(2D<5/2>).4d""","=""2[1/2]""","=""1""",5,3,,"=""T4287""","=""""",
Ni,1,"=""""","=""545.3230""","=""""","=""1.0e+06""",D,"=""32973.376""","=""51306.038""","=""3d8.(3F).4s.4p.(3P*)""","=""3F*""","=""4""","=""3d8.4s.(4F).5s""","=""3F""","=""3""",9,7,,"=""T4287""","=""""",
Ni,1,"=""""","=""546.2493""","=""""","=""2.9e+06""",D,"=""31031.020""","=""49332.593""","=""3d9.(2D).4p""","=""1F*""","=""3""","=""3d9.(2D<5/2>).4d""","=""2[7/2]""","=""4""",7,9,,"=""T4287""","=""""",
Ni,1,"=""""","=""546.8104""","=""""","=""7.8e+05""",D,"=""31031.020""","=""49313.814""","=""3d9.(2D).4p""","=""1F*""","=""3""","=""3d9.(2D<5/2>).4d""","=""2[7/2]""","=""3""",7,7,,"=""T4287""","=""""",
Ni,1,"=""""","=""547.5430""","=""""","=""5.9e+05""",D,"=""30912.817""","=""49171.151""","=""3d9.(2D).4p""","=""3D*""","=""1""","=""3d9.(2D<5/2>).4d""","=""2[3/2]""","=""1""",3,3,,"=""T4287""","=""""",
Ni,1,"=""547.691""","=""547.6904""","=""180""","=""9.5e+06""",C+,"=""14728.840""","=""32982.260""","=""3d10""","=""1S""","=""0""","=""3d9.(2D).4p""","=""1P*""","=""1""",1,3,,"=""T4812""","=""L3475""",
Ni,1,"=""""","=""549.4880""","=""""","=""2.2e+06""",D,"=""33112.334""","=""51306.038""","=""3d8.(3F).4s.4p.(3P*)""","=""3F*""","=""3""","=""3d8.4s.(4F).5s""","=""3F""","=""3""",7,7,,"=""T4287""","=""""",
Ni,1,"=""""","=""549.9406""","=""""","=""6.2e+04""",E,"=""30979.749""","=""49158.480""","=""3d8.(3F).4s.4p.(3P*)""","=""3G*""","=""4""","=""3d9.(2D<5/2>).4d""","=""2[9/2]""","=""5""",9,11,,"=""T2765""","=""""",
Ni,1,"=""""","=""550.4094""","=""""","=""4.4e+05""",D,"=""30922.734""","=""49085.982""","=""3d8.(3F).4s.4p.(3P*)""","=""3G*""","=""5""","=""3d8.4s.(4F).5s""","=""5F""","=""4""",11,9,,"=""T4287""","=""""",
Ni,1,"=""""","=""551.4793""","=""""","=""4.5e+05""",E,"=""31031.020""","=""49159.030""","=""3d9.(2D).4p""","=""1F*""","=""3""","=""3d9.(2D<5/2>).4d""","=""2[3/2]""","=""2""",7,5,,"=""T2765""","=""""",
Ni,1,"=""""","=""553.7106""","=""""","=""1.5e+05""",D,"=""31031.020""","=""49085.982""","=""3d9.(2D).4p""","=""1F*""","=""3""","=""3d8.4s.(4F).5s""","=""5F""","=""4""",7,9,,"=""T4287""","=""""",
Ni,1,"=""""","=""555.3690""","=""""","=""2.5e+04""",C+,"=""15609.844""","=""33610.890""","=""3d8.(3P).4s2""","=""3P""","=""2""","=""3d8.(3F).4s.4p.(3P*)""","=""3D*""","=""2""",5,5,,"=""T4812""","=""""",
Ni,1,"=""557.873""","=""557.8718""","=""6""","=""9.8e+04""",D+,"=""13521.347""","=""31441.635""","=""3d8.(1D).4s2""","=""1D""","=""2""","=""3d9.(2D).4p""","=""1D*""","=""2""",5,5,,"=""T4812""","=""L3475""",
Ni,1,"=""558.786""","=""558.7858""","=""9""","=""2.2e+05""",C+,"=""15609.844""","=""33500.822""","=""3d8.(3P).4s2""","=""3P""","=""2""","=""3d8.(3F).4s.4p.(3P*)""","=""3D*""","=""3""",5,7,,"=""T4812""","=""L3475""",
Ni,1,"=""""","=""558.9358""","=""""","=""3.1e+06""",D,"=""31441.635""","=""49327.811""","=""3d9.(2D).4p""","=""1D*""","=""2""","=""3d9.(2D<5/2>).4d""","=""2[5/2]""","=""2""",5,5,,"=""T4287""","=""""",
Ni,1,"=""559.228""","=""559.2262""","=""13""","=""1.1e+05""",C+,"=""15734.001""","=""33610.890""","=""3d8.(3P).4s2""","=""3P""","=""1""","=""3d8.(3F).4s.4p.(3P*)""","=""3D*""","=""2""",3,5,,"=""T4812""","=""L3475""",
Ni,1,"=""""","=""559.3736""","=""""","=""4.4e+06""",D,"=""31441.635""","=""49313.814""","=""3d9.(2D).4p""","=""1D*""","=""2""","=""3d9.(2D<5/2>).4d""","=""2[7/2]""","=""3""",5,7,,"=""T4287""","=""""",
Ni,1,"=""562.533""","=""562.5317""","=""5w""","=""8.4e+06""",D,"=""32982.260""","=""50754.103""","=""3d9.(2D).4p""","=""1P*""","=""1""","=""3d9.(2D<3/2>).4d""","=""2[3/2]""","=""2""",3,5,,"=""T4287""","=""L3475""",
Ni,1,"=""""","=""563.7119""","=""""","=""1.1e+07""",D,"=""32982.260""","=""50716.896""","=""3d9.(2D).4p""","=""1P*""","=""1""","=""3d9.(2D<3/2>).4d""","=""2[3/2]""","=""1""",3,3,,"=""T4287""","=""""",
Ni,1,"=""""","=""563.8747""","=""""","=""1.3e+06""",D,"=""31441.635""","=""49171.151""","=""3d9.(2D).4p""","=""1D*""","=""2""","=""3d9.(2D<5/2>).4d""","=""2[3/2]""","=""1""",5,3,,"=""T4287""","=""""",
Ni,1,"=""""","=""564.1881""","=""""","=""2.5e+06""",D,"=""33112.334""","=""50832.001""","=""3d8.(3F).4s.4p.(3P*)""","=""3F*""","=""3""","=""3d9.(2D<3/2>).4d""","=""2[5/2]""","=""3""",7,7,,"=""T4287""","=""""",
Ni,1,"=""""","=""564.2604""","=""""","=""4.0e+05""",E,"=""31441.635""","=""49159.030""","=""3d9.(2D).4p""","=""1D*""","=""2""","=""3d9.(2D<5/2>).4d""","=""2[3/2]""","=""2""",5,5,,"=""T2765""","=""""",
Ni,1,"=""""","=""564.3078""","=""""","=""1.7e+06""",D,"=""33590.130""","=""51306.038""","=""3d8.(3F).4s.4p.(3P*)""","=""1G*""","=""4""","=""3d8.4s.(4F).5s""","=""3F""","=""3""",9,7,,"=""T4287""","=""""",
Ni,1,"=""566.402""","=""566.3985""","=""5""","=""1.1e+07""",D,"=""36600.791""","=""54251.308""","=""3d8.(3F).4s.4p.(3P*)""","=""1D*""","=""2""","=""3d8.4s.(2F).5s""","=""1F""","=""3""",5,7,,"=""T2765""","=""L3475""",
Ni,1,"=""568.220""","=""568.2199""","=""12""","=""7.8e+06""",D,"=""33112.334""","=""50706.273""","=""3d8.(3F).4s.4p.(3P*)""","=""3F*""","=""3""","=""3d9.(2D<3/2>).4d""","=""2[7/2]""","=""4""",7,9,,"=""T4287""","=""L3475""",
Ni,1,"=""569.500""","=""569.4983""","=""8""","=""1.7e+07""",D,"=""32982.260""","=""50536.703""","=""3d9.(2D).4p""","=""1P*""","=""1""","=""3d9.(2D<3/2>).4d""","=""2[1/2]""","=""1""",3,3,,"=""T4287""","=""L3475""",
Ni,2,"=""""","=""570.358""","=""""","=""4.2e-02""",E,"=""14995.57""","=""32523.54""","=""3p6.3d8.(3F).4s""","=""2F""","=""5/2""","=""3p6.3d8.(1G).4s""","=""2G""","=""7/2""",6,8,M1,"=""T4240""","=""""",
Ni,2,"=""""","=""570.358""","=""""","=""2.0e-03""",E,"=""14995.57""","=""32523.54""","=""3p6.3d8.(3F).4s""","=""2F""","=""5/2""","=""3p6.3d8.(1G).4s""","=""2G""","=""7/2""",6,8,E2,"=""T4240""","=""""",
Ni,1,"=""570.956""","=""570.9545""","=""23""","=""2.0e+05""",D+,"=""13521.347""","=""31031.020""","=""3d8.(1D).4s2""","=""1D""","=""2""","=""3d9.(2D).4p""","=""1F*""","=""3""",5,7,,"=""T4812""","=""L3475""",
Ni,2,"=""""","=""571.141""","=""""","=""5.9e-04""",E,"=""14995.57""","=""32499.53""","=""3p6.3d8.(3F).4s""","=""2F""","=""5/2""","=""3p6.3d8.(1G).4s""","=""2G""","=""9/2""",6,10,E2,"=""T4240""","=""""",
Ni,1,"=""571.190""","=""571.1888""","=""10""","=""1.6e+05""",C+,"=""15609.844""","=""33112.334""","=""3d8.(3P).4s2""","=""3P""","=""2""","=""3d8.(3F).4s.4p.(3P*)""","=""3F*""","=""3""",5,7,,"=""T4812""","=""L3475""",
Ni,1,"=""""","=""574.8351""","=""""","=""3.7e+04""",D,"=""13521.347""","=""30912.817""","=""3d8.(1D).4s2""","=""1D""","=""2""","=""3d9.(2D).4p""","=""3D*""","=""1""",5,3,,"=""T4287""","=""""",
Ni,1,"=""""","=""574.9297""","=""""","=""2.3e+05""",D,"=""31786.162""","=""49174.770""","=""3d8.(3F).4s.4p.(3P*)""","=""3G*""","=""3""","=""3d9.(2D<5/2>).4d""","=""2[9/2]""","=""4""",7,9,,"=""T4287""","=""""",
Ni,1,"=""575.468""","=""575.4656""","=""16""","=""3.1e+05""",C+,"=""15609.844""","=""32982.260""","=""3d8.(3P).4s2""","=""3P""","=""2""","=""3d9.(2D).4p""","=""1P*""","=""1""",5,3,,"=""T4812""","=""L3475""",
Ni,1,"=""576.085""","=""576.0830""","=""8""","=""3.5e+06""",D,"=""33112.334""","=""50466.131""","=""3d8.(3F).4s.4p.(3P*)""","=""3F*""","=""3""","=""3d8.4s.(4F).5s""","=""3F""","=""4""",7,9,,"=""T4287""","=""L3475""",
Ni,1,"=""""","=""580.5217""","=""""","=""6.5e+06""",D,"=""33610.890""","=""50832.001""","=""3d8.(3F).4s.4p.(3P*)""","=""3D*""","=""2""","=""3d9.(2D<3/2>).4d""","=""2[5/2]""","=""3""",5,7,,"=""T4287""","=""""",
Ni,1,"=""""","=""584.6994""","=""""","=""2.4e+04""",D+,"=""13521.347""","=""30619.414""","=""3d8.(1D).4s2""","=""1D""","=""2""","=""3d9.(2D).4p""","=""3F*""","=""2""",5,5,,"=""T4812""","=""""",
Ni,1,"=""589.288""","=""589.2872""","=""10""","=""2.9e+05""",C+,"=""16017.306""","=""32982.260""","=""3d8.(3P).4s2""","=""3P""","=""0""","=""3d9.(2D).4p""","=""1P*""","=""1""",1,3,,"=""T4812""","=""L3475""",
Ni,1,"=""""","=""599.6730""","=""""","=""3.2e+06""",D,"=""34163.264""","=""50834.401""","=""3d8.(3F).4s.4p.(3P*)""","=""3F*""","=""2""","=""3d9.(2D<3/2>).4d""","=""2[5/2]""","=""2""",5,5,,"=""T4287""","=""""",
Ni,3,"=""""","=""600.02""","=""""","=""5.0e-02""",E,"=""0.0""","=""16661.6""","=""3p6.3d8""","=""3F""","=""4""","=""3p6.3d8""","=""3P""","=""2""",9,5,E2,"=""T493""","=""""",
Ni,2,"=""""","=""600.706""","=""""","=""7.4e-03""",E,"=""8393.90""","=""25036.38""","=""3p6.3d8.(3F).4s""","=""4F""","=""9/2""","=""3p6.3d8.(1D).4s""","=""2D""","=""5/2""",10,6,E2,"=""T4240""","=""""",
Ni,1,"=""""","=""600.7310""","=""""","=""1.7e+04""",D,"=""13521.347""","=""30163.124""","=""3d8.(1D).4s2""","=""1D""","=""2""","=""3d8.(3F).4s.4p.(3P*)""","=""5F*""","=""2""",5,5,,"=""T4287""","=""""",
Ni,1,"=""""","=""602.5754""","=""""","=""6.4e+05""",D,"=""34163.264""","=""50754.103""","=""3d8.(3F).4s.4p.(3P*)""","=""3F*""","=""2""","=""3d9.(2D<3/2>).4d""","=""2[3/2]""","=""2""",5,5,,"=""T4287""","=""""",
Ni,1,"=""""","=""603.9298""","=""""","=""5.7e+05""",D,"=""34163.264""","=""50716.896""","=""3d8.(3F).4s.4p.(3P*)""","=""3F*""","=""2""","=""3d9.(2D<3/2>).4d""","=""2[3/2]""","=""1""",5,3,,"=""T4287""","=""""",
Ni,1,"=""""","=""605.3685""","=""""","=""2.2e+06""",D,"=""34163.264""","=""50677.555""","=""3d8.(3F).4s.4p.(3P*)""","=""3F*""","=""2""","=""3d9.(2D<3/2>).4d""","=""2[7/2]""","=""3""",5,7,,"=""T4287""","=""""",
Ni,1,"=""""","=""608.6282""","=""""","=""1.1e+07""",D,"=""34408.555""","=""50834.401""","=""3d8.(3F).4s.4p.(3P*)""","=""3D*""","=""1""","=""3d9.(2D<3/2>).4d""","=""2[5/2]""","=""2""",3,5,,"=""T4287""","=""""",
Ni,1,"=""""","=""610.5762""","=""""","=""5.8e+05""",D,"=""34163.264""","=""50536.703""","=""3d8.(3F).4s.4p.(3P*)""","=""3F*""","=""2""","=""3d9.(2D<3/2>).4d""","=""2[1/2]""","=""1""",5,3,,"=""T4287""","=""""",
Ni,1,"=""610.812""","=""610.8116""","=""10""","=""1.3e+05""",D+,"=""13521.347""","=""29888.477""","=""3d8.(1D).4s2""","=""1D""","=""2""","=""3d9.(2D).4p""","=""3D*""","=""2""",5,5,,"=""T4812""","=""L3475""",
Ni,1,"=""""","=""611.1070""","=""""","=""2.7e+06""",D,"=""32973.376""","=""49332.593""","=""3d8.(3F).4s.4p.(3P*)""","=""3F*""","=""4""","=""3d9.(2D<5/2>).4d""","=""2[7/2]""","=""4""",9,9,,"=""T4287""","=""""",
Ni,1,"=""""","=""611.9757""","=""""","=""2.7e+06""",D,"=""34408.555""","=""50744.552""","=""3d8.(3F).4s.4p.(3P*)""","=""3D*""","=""1""","=""3d8.4s.(4F).5s""","=""5F""","=""1""",3,3,,"=""T4287""","=""""",
Ni,1,"=""""","=""612.8973""","=""""","=""1.2e+04""",D+,"=""13521.347""","=""29832.779""","=""3d8.(1D).4s2""","=""1D""","=""2""","=""3d8.(3F).4s.4p.(3P*)""","=""5F*""","=""3""",5,7,,"=""T4812""","=""""",
Ni,1,"=""""","=""613.0135""","=""""","=""6.5e+06""",D,"=""34408.555""","=""50716.896""","=""3d8.(3F).4s.4p.(3P*)""","=""3D*""","=""1""","=""3d9.(2D<3/2>).4d""","=""2[3/2]""","=""1""",3,3,,"=""T4287""","=""""",
Ni,1,"=""""","=""613.3963""","=""""","=""3.7e+05""",D,"=""32973.376""","=""49271.540""","=""3d8.(3F).4s.4p.(3P*)""","=""3F*""","=""4""","=""3d9.(2D<5/2>).4d""","=""2[5/2]""","=""3""",9,7,,"=""T4287""","=""""",
Ni,1,"=""""","=""617.5367""","=""""","=""1.7e+07""",D,"=""32982.260""","=""49171.151""","=""3d9.(2D).4p""","=""1P*""","=""1""","=""3d9.(2D<5/2>).4d""","=""2[3/2]""","=""1""",3,3,,"=""T4287""","=""""",
Ni,1,"=""617.681""","=""617.6811""","=""10""","=""4.7e+06""",D,"=""32973.376""","=""49158.480""","=""3d8.(3F).4s.4p.(3P*)""","=""3F*""","=""4""","=""3d9.(2D<5/2>).4d""","=""2[9/2]""","=""5""",9,11,,"=""T2765""","=""L3475""",
Ni,1,"=""""","=""617.7242""","=""""","=""1.8e+04""",D,"=""14728.840""","=""30912.817""","=""3d10""","=""1S""","=""0""","=""3d9.(2D).4p""","=""3D*""","=""1""",1,3,,"=""T4287""","=""""",
Ni,1,"=""""","=""618.6711""","=""""","=""2.7e+06""",D,"=""33112.334""","=""49271.540""","=""3d8.(3F).4s.4p.(3P*)""","=""3F*""","=""3""","=""3d9.(2D<5/2>).4d""","=""2[5/2]""","=""3""",7,7,,"=""T4287""","=""""",
Ni,1,"=""""","=""619.8625""","=""""","=""4.6e+05""",D,"=""34408.555""","=""50536.703""","=""3d8.(3F).4s.4p.(3P*)""","=""3D*""","=""1""","=""3d9.(2D<3/2>).4d""","=""2[1/2]""","=""1""",3,3,,"=""T4287""","=""""",
Ni,1,"=""""","=""620.4604""","=""""","=""1.4e+06""",D,"=""32973.376""","=""49085.982""","=""3d8.(3F).4s.4p.(3P*)""","=""3F*""","=""4""","=""3d8.4s.(4F).5s""","=""5F""","=""4""",9,9,,"=""T4287""","=""""",
Ni,1,"=""""","=""622.3984""","=""""","=""2.0e+06""",D,"=""33112.334""","=""49174.770""","=""3d8.(3F).4s.4p.(3P*)""","=""3F*""","=""3""","=""3d9.(2D<5/2>).4d""","=""2[9/2]""","=""4""",7,9,,"=""T4287""","=""""",
Ni,1,"=""""","=""623.0089""","=""""","=""1.9e+06""",E,"=""33112.334""","=""49159.030""","=""3d8.(3F).4s.4p.(3P*)""","=""3F*""","=""3""","=""3d9.(2D<5/2>).4d""","=""2[3/2]""","=""2""",7,5,,"=""T2765""","=""""",
Ni,1,"=""625.636""","=""625.6355""","=""13""","=""1.9e+05""",D,"=""13521.347""","=""29500.674""","=""3d8.(1D).4s2""","=""1D""","=""2""","=""3d9.(2D).4p""","=""3P*""","=""1""",5,3,,"=""T2765n""","=""L3475""",
Ni,1,"=""""","=""627.1768""","=""""","=""5.8e+04""",D,"=""26665.887""","=""42605.945""","=""3d8.(3F).4s.4p.(3P*)""","=""5D*""","=""3""","=""3d9.(2D<5/2>).5s""","=""2[5/2]""","=""3""",7,7,,"=""T4287""","=""""",
Ni,1,"=""""","=""627.2628""","=""""","=""5.9e+05""",D,"=""34408.555""","=""50346.427""","=""3d8.(3F).4s.4p.(3P*)""","=""3D*""","=""1""","=""3d8.4s.(4F).5s""","=""5F""","=""2""",3,5,,"=""T4287""","=""""",
Ni,1,"=""631.466""","=""631.4659""","=""10""","=""5.7e+05""",D,"=""15609.844""","=""31441.635""","=""3d8.(3P).4s2""","=""3P""","=""2""","=""3d9.(2D).4p""","=""1D*""","=""2""",5,5,,"=""T2765n""","=""L3475""",
Ni,1,"=""""","=""631.6574""","=""""","=""4.2e+05""",D,"=""33500.822""","=""49327.811""","=""3d8.(3F).4s.4p.(3P*)""","=""3D*""","=""3""","=""3d9.(2D<5/2>).4d""","=""2[5/2]""","=""2""",7,5,,"=""T4287""","=""""",
Ni,1,"=""""","=""632.2166""","=""""","=""1.6e+06""",D,"=""33500.822""","=""49313.814""","=""3d8.(3F).4s.4p.(3P*)""","=""3D*""","=""3""","=""3d9.(2D<5/2>).4d""","=""2[7/2]""","=""3""",7,7,,"=""T4287""","=""""",
Ni,1,"=""""","=""632.7599""","=""""","=""1.7e+04""",E,"=""13521.347""","=""29320.762""","=""3d8.(1D).4s2""","=""1D""","=""2""","=""3d9.(2D).4p""","=""3F*""","=""3""",5,7,,"=""T2765n""","=""""",
Ni,1,"=""""","=""636.4572""","=""""","=""3.5e+03""",E,"=""15734.001""","=""31441.635""","=""3d8.(3P).4s2""","=""3P""","=""1""","=""3d9.(2D).4p""","=""1D*""","=""2""",3,5,,"=""T2765n""","=""""",
Ni,2,"=""""","=""636.510""","=""""","=""1.9e-01""",E,"=""9330.04""","=""25036.38""","=""3p6.3d8.(3F).4s""","=""4F""","=""7/2""","=""3p6.3d8.(1D).4s""","=""2D""","=""5/2""",8,6,M1,"=""T4240""","=""""",
Ni,2,"=""""","=""636.510""","=""""","=""1.8e-03""",E,"=""9330.04""","=""25036.38""","=""3p6.3d8.(3F).4s""","=""4F""","=""7/2""","=""3p6.3d8.(1D).4s""","=""2D""","=""5/2""",8,6,E2,"=""T4240""","=""""",
Ni,1,"=""""","=""637.0346""","=""""","=""3.8e+05""",D,"=""28569.203""","=""44262.599""","=""3d9.(2D).4p""","=""3P*""","=""2""","=""3d9.(2D<3/2>).5s""","=""2[3/2]""","=""2""",5,5,,"=""T4287""","=""""",
Ni,1,"=""""","=""637.5215""","=""""","=""2.0e+05""",D,"=""33590.130""","=""49271.540""","=""3d8.(3F).4s.4p.(3P*)""","=""1G*""","=""4""","=""3d9.(2D<5/2>).4d""","=""2[5/2]""","=""3""",9,7,,"=""T4287""","=""""",
Ni,1,"=""""","=""637.8250""","=""""","=""2.3e+06""",D,"=""33500.822""","=""49174.770""","=""3d8.(3F).4s.4p.(3P*)""","=""3D*""","=""3""","=""3d9.(2D<5/2>).4d""","=""2[9/2]""","=""4""",7,9,,"=""T4287""","=""""",
Ni,1,"=""""","=""638.4662""","=""""","=""2.4e+06""",E,"=""33500.822""","=""49159.030""","=""3d8.(3F).4s.4p.(3P*)""","=""3D*""","=""3""","=""3d9.(2D<5/2>).4d""","=""2[3/2]""","=""2""",7,5,,"=""T2765""","=""""",
Ni,3,"=""""","=""640.15""","=""""","=""3.8e-02""",E,"=""1360.7""","=""16977.8""","=""3p6.3d8""","=""3F""","=""3""","=""3p6.3d8""","=""3P""","=""1""",7,3,E2,"=""T493""","=""""",
Ni,1,"=""""","=""640.4444""","=""""","=""3.2e-02""",E,"=""0.000""","=""15609.844""","=""3d8.(3F).4s2""","=""3F""","=""4""","=""3d8.(3P).4s2""","=""3P""","=""2""",9,5,E2,"=""T848""","=""""",
Ni,1,"=""""","=""641.4587""","=""""","=""1.1e+06""",D,"=""33500.822""","=""49085.982""","=""3d8.(3F).4s.4p.(3P*)""","=""3D*""","=""3""","=""3d8.4s.(4F).5s""","=""5F""","=""4""",7,9,,"=""T4287""","=""""",
Ni,1,"=""""","=""642.1513""","=""""","=""7.4e+05""",E,"=""33590.130""","=""49158.480""","=""3d8.(3F).4s.4p.(3P*)""","=""1G*""","=""4""","=""3d9.(2D<5/2>).4d""","=""2[9/2]""","=""5""",9,11,,"=""T2765""","=""""",
Ni,1,"=""""","=""643.7697""","=""""","=""9.2e-02""",E,"=""204.787""","=""15734.001""","=""3d9.(2D).4s""","=""3D""","=""3""","=""3d8.(3P).4s2""","=""3P""","=""1""",7,3,E2,"=""T848""","=""""",
Ni,2,"=""""","=""644.129""","=""""","=""3.1e-02""",E,"=""13550.39""","=""29070.93""","=""3p6.3d8.(3F).4s""","=""2F""","=""7/2""","=""3p6.3d8.(3P).4s""","=""2P""","=""3/2""",8,4,E2,"=""T4240""","=""""",
Ni,2,"=""""","=""646.729""","=""""","=""6.2e-03""",E,"=""9330.04""","=""24788.20""","=""3p6.3d8.(3F).4s""","=""4F""","=""7/2""","=""3p6.3d8.(3P).4s""","=""4P""","=""3/2""",8,4,E2,"=""T4240""","=""""",
Ni,1,"=""""","=""648.2798""","=""""","=""5.3e+04""",E,"=""15609.844""","=""31031.020""","=""3d8.(3P).4s2""","=""3P""","=""2""","=""3d9.(2D).4p""","=""1F*""","=""3""",5,7,,"=""T2765n""","=""""",
Ni,1,"=""""","=""648.9582""","=""""","=""7.4e-02""",E,"=""204.787""","=""15609.844""","=""3d9.(2D).4s""","=""3D""","=""3""","=""3d8.(3P).4s2""","=""3P""","=""2""",7,5,E2,"=""T848""","=""""",
Ni,1,"=""""","=""653.2873""","=""""","=""2.1e+04""",D,"=""15609.844""","=""30912.817""","=""3d8.(3P).4s2""","=""3P""","=""2""","=""3d9.(2D).4p""","=""3D*""","=""1""",5,3,,"=""T4287""","=""""",
Ni,3,"=""""","=""653.38""","=""""","=""1.1e-01""",E,"=""1360.7""","=""16661.6""","=""3p6.3d8""","=""3F""","=""3""","=""3p6.3d8""","=""3P""","=""2""",7,5,M1,"=""T493""","=""""",
Ni,1,"=""""","=""658.6310""","=""""","=""7.9e+04""",D,"=""15734.001""","=""30912.817""","=""3d8.(3P).4s2""","=""3P""","=""1""","=""3d9.(2D).4p""","=""3D*""","=""1""",3,3,,"=""T4287""","=""""",
Ni,1,"=""""","=""659.8598""","=""""","=""2.3e+06""",D,"=""34163.264""","=""49313.814""","=""3d8.(3F).4s.4p.(3P*)""","=""3F*""","=""2""","=""3d9.(2D<5/2>).4d""","=""2[7/2]""","=""3""",5,7,,"=""T4287""","=""""",
Ni,1,"=""""","=""660.4291""","=""""","=""1.9e-01""",E,"=""879.816""","=""16017.306""","=""3d9.(2D).4s""","=""3D""","=""2""","=""3d8.(3P).4s2""","=""3P""","=""0""",5,1,E2,"=""T848""","=""""",
Ni,1,"=""""","=""663.5122""","=""""","=""2.5e+06""",D,"=""35639.122""","=""50706.273""","=""3d8.(3F).4s.4p.(3P*)""","=""1F*""","=""3""","=""3d9.(2D<3/2>).4d""","=""2[7/2]""","=""4""",7,9,,"=""T4287""","=""""",
Ni,1,"=""664.364""","=""664.3630""","=""16""","=""1.5e+05""",D,"=""13521.347""","=""28569.203""","=""3d8.(1D).4s2""","=""1D""","=""2""","=""3d9.(2D).4p""","=""3P*""","=""2""",5,5,,"=""T2765n""","=""L3475""",
Ni,1,"=""""","=""666.1324""","=""""","=""1.3e+06""",D,"=""34163.264""","=""49171.151""","=""3d8.(3F).4s.4p.(3P*)""","=""3F*""","=""2""","=""3d9.(2D<5/2>).4d""","=""2[3/2]""","=""1""",5,3,,"=""T4287""","=""""",
Ni,2,"=""""","=""666.680""","=""""","=""6.2e-04""",E,"=""0.00""","=""14995.57""","=""3p6.3d9""","=""2D""","=""5/2""","=""3p6.3d8.(3F).4s""","=""2F""","=""5/2""",6,6,M1,"=""T4240""","=""""",
Ni,2,"=""""","=""666.680""","=""""","=""9.8e-02""",E,"=""0.00""","=""14995.57""","=""3p6.3d9""","=""2D""","=""5/2""","=""3p6.3d8.(3F).4s""","=""2F""","=""5/2""",6,6,E2,"=""T4240""","=""""",
Ni,3,"=""""","=""668.22""","=""""","=""4.6e-02""",E,"=""2269.6""","=""17230.7""","=""3p6.3d8""","=""3F""","=""2""","=""3p6.3d8""","=""3P""","=""0""",5,1,E2,"=""T493""","=""""",
Ni,2,"=""""","=""670.024""","=""""","=""7.8e-03""",E,"=""10115.66""","=""25036.38""","=""3p6.3d8.(3F).4s""","=""4F""","=""5/2""","=""3p6.3d8.(1D).4s""","=""2D""","=""5/2""",6,6,M1,"=""T4240""","=""""",
Ni,2,"=""""","=""670.024""","=""""","=""3.3e-04""",E,"=""10115.66""","=""25036.38""","=""3p6.3d8.(3F).4s""","=""4F""","=""5/2""","=""3p6.3d8.(1D).4s""","=""2D""","=""5/2""",6,6,E2,"=""T4240""","=""""",
Ni,1,"=""""","=""673.0252""","=""""","=""1.2e-02""",E,"=""879.816""","=""15734.001""","=""3d9.(2D).4s""","=""3D""","=""2""","=""3d8.(3P).4s2""","=""3P""","=""1""",5,3,E2,"=""T848""","=""""",
Ni,1,"=""676.777""","=""676.7772""","=""22""","=""3.3e+05""",D,"=""14728.840""","=""29500.674""","=""3d10""","=""1S""","=""0""","=""3d9.(2D).4p""","=""3P*""","=""1""",1,3,,"=""T2765n""","=""L3475""",
Ni,1,"=""677.232""","=""677.2315""","=""9""","=""3.0e+06""",D,"=""29500.674""","=""44262.599""","=""3d9.(2D).4p""","=""3P*""","=""1""","=""3d9.(2D<3/2>).5s""","=""2[3/2]""","=""2""",3,5,,"=""T4287""","=""L3475""",
Ni,1,"=""""","=""678.6980""","=""""","=""1.8e-02""",E,"=""879.816""","=""15609.844""","=""3d9.(2D).4s""","=""3D""","=""2""","=""3d8.(3P).4s2""","=""3P""","=""2""",5,5,E2,"=""T848""","=""""",
Ni,2,"=""""","=""679.148""","=""""","=""4.9e-03""",E,"=""10115.66""","=""24835.93""","=""3p6.3d8.(3F).4s""","=""4F""","=""5/2""","=""3p6.3d8.(3P).4s""","=""4P""","=""1/2""",6,2,E2,"=""T4240""","=""""",
Ni,2,"=""""","=""679.420""","=""""","=""4.6e-03""",E,"=""8393.90""","=""23108.28""","=""3p6.3d8.(3F).4s""","=""4F""","=""9/2""","=""3p6.3d8.(3P).4s""","=""4P""","=""5/2""",10,6,E2,"=""T4240""","=""""",
Ni,3,"=""""","=""679.71""","=""""","=""2.8e-03""",E,"=""2269.6""","=""16977.8""","=""3p6.3d8""","=""3F""","=""2""","=""3p6.3d8""","=""3P""","=""1""",5,3,M1,"=""T493""","=""""",
Ni,3,"=""""","=""679.71""","=""""","=""1.3e-02""",E,"=""2269.6""","=""16977.8""","=""3p6.3d8""","=""3F""","=""2""","=""3p6.3d8""","=""3P""","=""1""",5,3,E2,"=""T493""","=""""",
Ni,2,"=""""","=""681.357""","=""""","=""9.2e-02""",E,"=""10115.66""","=""24788.20""","=""3p6.3d8.(3F).4s""","=""4F""","=""5/2""","=""3p6.3d8.(3P).4s""","=""4P""","=""3/2""",6,4,M1,"=""T4240""","=""""",
Ni,2,"=""""","=""681.357""","=""""","=""3.5e-03""",E,"=""10115.66""","=""24788.20""","=""3p6.3d8.(3F).4s""","=""4F""","=""5/2""","=""3p6.3d8.(3P).4s""","=""4P""","=""3/2""",6,4,E2,"=""T4240""","=""""",
Ni,1,"=""""","=""684.2037""","=""""","=""1.6e+06""",D,"=""29500.674""","=""44112.173""","=""3d9.(2D).4p""","=""3P*""","=""1""","=""3d9.(2D<3/2>).5s""","=""2[3/2]""","=""1""",3,3,,"=""T4287""","=""""",
Ni,2,"=""""","=""684.842""","=""""","=""2.9e-02""",E,"=""14995.57""","=""29593.46""","=""3p6.3d8.(3F).4s""","=""2F""","=""5/2""","=""3p6.3d8.(3P).4s""","=""2P""","=""1/2""",6,2,E2,"=""T4240""","=""""",
Ni,1,"=""""","=""685.0391""","=""""","=""2.3e+05""",D,"=""29668.918""","=""44262.599""","=""3d9.(2D).4p""","=""*""","=""3""","=""3d9.(2D<3/2>).5s""","=""2[3/2]""","=""2""",7,5,,"=""T4287""","=""""",
Ni,2,"=""""","=""691.079""","=""""","=""1.2e-03""",E,"=""9330.04""","=""23796.18""","=""3p6.3d8.(3F).4s""","=""4F""","=""7/2""","=""3p6.3d8.(1D).4s""","=""2D""","=""3/2""",8,4,E2,"=""T4240""","=""""",
Ni,1,"=""691.456""","=""691.4559""","=""10""","=""7.5e+05""",D,"=""15734.001""","=""30192.251""","=""3d8.(3P).4s2""","=""3P""","=""1""","=""3d9.(2D).4p""","=""3P*""","=""0""",3,1,,"=""T4287""","=""L3475""",
Ni,1,"=""""","=""694.1644""","=""""","=""2.5e-02""",E,"=""1332.164""","=""15734.001""","=""3d8.(3F).4s2""","=""3F""","=""3""","=""3d8.(3P).4s2""","=""3P""","=""1""",7,3,E2,"=""T848""","=""""",
Ni,3,"=""""","=""694.64""","=""""","=""2.2e-02""",E,"=""2269.6""","=""16661.6""","=""3p6.3d8""","=""3F""","=""2""","=""3p6.3d8""","=""3P""","=""2""",5,5,M1,"=""T493""","=""""",
Ni,3,"=""""","=""694.64""","=""""","=""7.2e-04""",E,"=""2269.6""","=""16661.6""","=""3p6.3d8""","=""3F""","=""2""","=""3p6.3d8""","=""3P""","=""2""",5,5,E2,"=""T493""","=""""",
Ni,2,"=""""","=""695.582""","=""""","=""7.7e-03""",E,"=""10663.89""","=""25036.38""","=""3p6.3d8.(3F).4s""","=""4F""","=""3/2""","=""3p6.3d8.(1D).4s""","=""2D""","=""5/2""",4,6,M1,"=""T4240""","=""""",
Ni,2,"=""""","=""695.582""","=""""","=""3.6e-05""",E,"=""10663.89""","=""25036.38""","=""3p6.3d8.(3F).4s""","=""4F""","=""3/2""","=""3p6.3d8.(1D).4s""","=""2D""","=""5/2""",4,6,E2,"=""T4240""","=""""",
Ni,1,"=""""","=""697.3510""","=""""","=""2.5e+06""",D,"=""42767.853""","=""57103.880""","=""3d8.(1D).4s.4p.(3P*)""","=""3F*""","=""3""","=""3d8.4s.(4F<9/2>).4d""","=""2[7/2]""","=""3""",7,7,,"=""T4287""","=""""",
Ni,1,"=""""","=""700.1541""","=""""","=""6.0e+03""",E,"=""15609.844""","=""29888.477""","=""3d8.(3P).4s2""","=""3P""","=""2""","=""3d9.(2D).4p""","=""3D*""","=""2""",5,5,,"=""T2765n""","=""""",
Ni,1,"=""""","=""700.2008""","=""""","=""1.5e-01""",D,"=""1332.164""","=""15609.844""","=""3d8.(3F).4s2""","=""3F""","=""3""","=""3d8.(3P).4s2""","=""3P""","=""2""",7,5,M1,"=""T848""","=""""",
Ni,1,"=""""","=""700.2008""","=""""","=""5.6e-03""",E,"=""1332.164""","=""15609.844""","=""3d8.(3F).4s2""","=""3F""","=""3""","=""3d8.(3P).4s2""","=""3P""","=""2""",7,5,E2,"=""T848""","=""""",
Ni,1,"=""""","=""703.0011""","=""""","=""5.0e+05""",D,"=""28569.203""","=""42790.010""","=""3d9.(2D).4p""","=""3P*""","=""2""","=""3d9.(2D<5/2>).5s""","=""2[5/2]""","=""2""",5,5,,"=""T4287""","=""""",
Ni,1,"=""""","=""703.4372""","=""""","=""2.6e+05""",D,"=""28578.018""","=""42790.010""","=""3d8.(3F).4s.4p.(3P*)""","=""5G*""","=""3""","=""3d9.(2D<5/2>).5s""","=""2[5/2]""","=""2""",7,5,,"=""T4287""","=""""",
Ni,2,"=""""","=""705.420""","=""""","=""5.5e-04""",E,"=""10663.89""","=""24835.93""","=""3p6.3d8.(3F).4s""","=""4F""","=""3/2""","=""3p6.3d8.(3P).4s""","=""4P""","=""1/2""",4,2,M1,"=""T4240""","=""""",
Ni,2,"=""""","=""705.420""","=""""","=""6.0e-03""",E,"=""10663.89""","=""24835.93""","=""3p6.3d8.(3F).4s""","=""4F""","=""3/2""","=""3p6.3d8.(3P).4s""","=""4P""","=""1/2""",4,2,E2,"=""T4240""","=""""",
Ni,1,"=""""","=""706.2956""","=""""","=""8.5e+03""",E,"=""15734.001""","=""29888.477""","=""3d8.(3P).4s2""","=""3P""","=""1""","=""3d9.(2D).4p""","=""3D*""","=""2""",3,5,,"=""T2765n""","=""""",
Ni,2,"=""""","=""707.804""","=""""","=""2.7e-02""",E,"=""10663.89""","=""24788.20""","=""3p6.3d8.(3F).4s""","=""4F""","=""3/2""","=""3p6.3d8.(3P).4s""","=""4P""","=""3/2""",4,4,M1,"=""T4240""","=""""",
Ni,2,"=""""","=""707.804""","=""""","=""9.6e-04""",E,"=""10663.89""","=""24788.20""","=""3p6.3d8.(3F).4s""","=""4F""","=""3/2""","=""3p6.3d8.(3P).4s""","=""4P""","=""3/2""",4,4,E2,"=""T4240""","=""""",
Ni,2,"=""""","=""710.266""","=""""","=""7.9e-03""",E,"=""14995.57""","=""29070.93""","=""3p6.3d8.(3F).4s""","=""2F""","=""5/2""","=""3p6.3d8.(3P).4s""","=""2P""","=""3/2""",6,4,M1,"=""T4240""","=""""",
Ni,2,"=""""","=""710.266""","=""""","=""2.6e-03""",E,"=""14995.57""","=""29070.93""","=""3p6.3d8.(3F).4s""","=""2F""","=""5/2""","=""3p6.3d8.(3P).4s""","=""2P""","=""3/2""",6,4,E2,"=""T4240""","=""""",
Ni,1,"=""711.090""","=""711.0884""","=""5""","=""2.0e+04""",D,"=""15609.844""","=""29668.918""","=""3d8.(3P).4s2""","=""3P""","=""2""","=""3d9.(2D).4p""","=""*""","=""3""",5,7,,"=""T4287""","=""L3475""",
Ni,1,"=""712.220""","=""712.2197""","=""26""","=""2.1e+07""",D,"=""28569.203""","=""42605.945""","=""3d9.(2D).4p""","=""3P*""","=""2""","=""3d9.(2D<5/2>).5s""","=""2[5/2]""","=""3""",5,7,,"=""T4287""","=""L3475""",
Ni,3,"=""""","=""712.48""","=""""","=""4.5e-03""",E,"=""0.0""","=""14031.6""","=""3p6.3d8""","=""3F""","=""4""","=""3p6.3d8""","=""1D""","=""2""",9,5,E2,"=""T493""","=""""",
Ni,1,"=""""","=""713.0237""","=""""","=""5.3e-02""",E,"=""1713.087""","=""15734.001""","=""3d9.(2D).4s""","=""3D""","=""1""","=""3d8.(3P).4s2""","=""3P""","=""1""",3,3,E2,"=""T848""","=""""",
Ni,1,"=""""","=""719.3941""","=""""","=""9.3e-03""",E,"=""1713.087""","=""15609.844""","=""3d9.(2D).4s""","=""3D""","=""1""","=""3d8.(3P).4s2""","=""3P""","=""2""",3,5,E2,"=""T848""","=""""",
Ni,1,"=""719.702""","=""719.7010""","=""5""","=""9.0e+04""",E,"=""15609.844""","=""29500.674""","=""3d8.(3P).4s2""","=""3P""","=""2""","=""3d9.(2D).4p""","=""3P*""","=""1""",5,3,,"=""T2765n""","=""L3475""",
Ni,1,"=""""","=""721.8736""","=""""","=""6.8e-02""",E,"=""879.816""","=""14728.840""","=""3d9.(2D).4s""","=""3D""","=""2""","=""3d10""","=""1S""","=""0""",5,1,E2,"=""T848""","=""""",
Ni,1,"=""""","=""722.0754""","=""""","=""5.8e+06""",D,"=""43258.726""","=""57103.880""","=""3d8.(3F).4s.4p.(1P*)""","=""3F*""","=""4""","=""3d8.4s.(4F<9/2>).4d""","=""2[7/2]""","=""3""",9,7,,"=""T4287""","=""""",
Ni,1,"=""""","=""724.3984""","=""""","=""3.1e-02""",E,"=""2216.550""","=""16017.306""","=""3d8.(3F).4s2""","=""3F""","=""2""","=""3d8.(3P).4s2""","=""3P""","=""0""",5,1,E2,"=""T848""","=""""",
Ni,2,"=""""","=""725.582""","=""""","=""1.6e-01""",E,"=""9330.04""","=""23108.28""","=""3p6.3d8.(3F).4s""","=""4F""","=""7/2""","=""3p6.3d8.(3P).4s""","=""4P""","=""5/2""",8,6,M1,"=""T4240""","=""""",
Ni,2,"=""""","=""725.582""","=""""","=""1.0e-03""",E,"=""9330.04""","=""23108.28""","=""3p6.3d8.(3F).4s""","=""4F""","=""7/2""","=""3p6.3d8.(3P).4s""","=""4P""","=""5/2""",8,6,E2,"=""T4240""","=""""",
Ni,1,"=""726.193""","=""726.1918""","=""5""","=""8.4e+04""",E,"=""15734.001""","=""29500.674""","=""3d8.(3P).4s2""","=""3P""","=""1""","=""3d9.(2D).4p""","=""3P*""","=""1""",3,3,,"=""T2765n""","=""L3475""",
Ni,1,"=""""","=""728.6532""","=""""","=""2.5e+05""",D,"=""30392.003""","=""44112.173""","=""3d8.(3F).4s.4p.(3P*)""","=""5F*""","=""1""","=""3d9.(2D<3/2>).5s""","=""2[3/2]""","=""1""",3,3,,"=""T4287""","=""""",
Ni,1,"=""729.145""","=""729.1449""","=""5""","=""3.0e+04""",E,"=""15609.844""","=""29320.762""","=""3d8.(3P).4s2""","=""3P""","=""2""","=""3d9.(2D).4p""","=""3F*""","=""3""",5,7,,"=""T2765n""","=""L3475""",
Ni,2,"=""""","=""730.765""","=""""","=""3.8e-01""",E,"=""10115.66""","=""23796.18""","=""3p6.3d8.(3F).4s""","=""4F""","=""5/2""","=""3p6.3d8.(1D).4s""","=""2D""","=""3/2""",6,4,M1,"=""T4240""","=""""",
Ni,2,"=""""","=""730.765""","=""""","=""5.8e-04""",E,"=""10115.66""","=""23796.18""","=""3p6.3d8.(3F).4s""","=""4F""","=""5/2""","=""3p6.3d8.(1D).4s""","=""2D""","=""3/2""",6,4,E2,"=""T4240""","=""""",
Ni,1,"=""""","=""732.7648""","=""""","=""4.2e+05""",D,"=""30619.414""","=""44262.599""","=""3d9.(2D).4p""","=""3F*""","=""2""","=""3d9.(2D<3/2>).5s""","=""2[3/2]""","=""2""",5,5,,"=""T4287""","=""""",
Ni,2,"=""""","=""737.783""","=""""","=""3.7e-04""",E,"=""0.00""","=""13550.39""","=""3p6.3d9""","=""2D""","=""5/2""","=""3p6.3d8.(3F).4s""","=""2F""","=""7/2""",6,8,M1,"=""T4240""","=""""",
Ni,2,"=""""","=""737.783""","=""""","=""2.3e-01""",E,"=""0.00""","=""13550.39""","=""3p6.3d9""","=""2D""","=""5/2""","=""3p6.3d8.(3F).4s""","=""2F""","=""7/2""",6,8,E2,"=""T4240""","=""""",
Ni,1,"=""""","=""738.1931""","=""""","=""9.7e+06""",D,"=""43258.726""","=""56801.586""","=""3d8.(3F).4s.4p.(1P*)""","=""3F*""","=""4""","=""3d8.4s.(4F<9/2>).4d""","=""2[11/2]""","=""5""",9,11,,"=""T4287""","=""""",
Ni,1,"=""738.524""","=""738.5238""","=""4""","=""1.9e+05""",D,"=""22102.325""","=""35639.122""","=""3d8.(1G).4s2""","=""1G""","=""4""","=""3d8.(3F).4s.4p.(3P*)""","=""1F*""","=""3""",9,7,,"=""T4287""","=""L3475""",
Ni,1,"=""739.360""","=""739.3676""","=""16""","=""5.6e-03""",E,"=""0.000""","=""13521.347""","=""3d8.(3F).4s2""","=""3F""","=""4""","=""3d8.(1D).4s2""","=""1D""","=""2""",9,5,E2,"=""T848""","=""L3475""",
Ni,1,"=""""","=""739.5807""","=""""","=""2.2e-03""",D,"=""2216.550""","=""15734.001""","=""3d8.(3F).4s2""","=""3F""","=""2""","=""3d8.(3P).4s2""","=""3P""","=""1""",5,3,M1,"=""T848""","=""""",
Ni,1,"=""""","=""739.5807""","=""""","=""9.0e-03""",E,"=""2216.550""","=""15734.001""","=""3d8.(3F).4s2""","=""3F""","=""2""","=""3d8.(3P).4s2""","=""3P""","=""1""",5,3,E2,"=""T848""","=""""",
Ni,1,"=""""","=""740.1117""","=""""","=""8.9e+06""",D,"=""43258.726""","=""56766.480""","=""3d8.(3F).4s.4p.(1P*)""","=""3F*""","=""4""","=""3d8.4s.(4F<9/2>).4d""","=""2[9/2]""","=""4""",9,9,,"=""T4287""","=""""",
Ni,2,"=""""","=""741.161""","=""""","=""3.3e-05""",E,"=""1506.94""","=""14995.57""","=""3p6.3d9""","=""2D""","=""3/2""","=""3p6.3d8.(3F).4s""","=""2F""","=""5/2""",4,6,M1,"=""T4240""","=""""",
Ni,2,"=""""","=""741.161""","=""""","=""1.8e-01""",E,"=""1506.94""","=""14995.57""","=""3p6.3d9""","=""2D""","=""3/2""","=""3p6.3d8.(3F).4s""","=""2F""","=""5/2""",4,6,E2,"=""T4240""","=""""",
Ni,1,"=""741.451""","=""741.4502""","=""5""","=""1.1e+05""",E,"=""16017.306""","=""29500.674""","=""3d8.(3P).4s2""","=""3P""","=""0""","=""3d9.(2D).4p""","=""3P*""","=""1""",1,3,,"=""T2765n""","=""L3475""",
Ni,1,"=""742.228""","=""742.2275""","=""23""","=""1.8e+07""",D,"=""29320.762""","=""42790.010""","=""3d9.(2D).4p""","=""3F*""","=""3""","=""3d9.(2D<5/2>).5s""","=""2[5/2]""","=""2""",7,5,,"=""T4287""","=""L3475""",
Ni,1,"=""""","=""746.4367""","=""""","=""3.9e-02""",D,"=""2216.550""","=""15609.844""","=""3d8.(3F).4s2""","=""3F""","=""2""","=""3d8.(3P).4s2""","=""3P""","=""2""",5,5,M1,"=""T848""","=""""",
Ni,1,"=""""","=""746.4367""","=""""","=""4.0e-04""",E,"=""2216.550""","=""15609.844""","=""3d8.(3F).4s2""","=""3F""","=""2""","=""3d8.(3P).4s2""","=""3P""","=""2""",5,5,E2,"=""T848""","=""""",
Ni,1,"=""""","=""748.1474""","=""""","=""7.0e+06""",D,"=""44314.904""","=""57677.575""","=""3d8.(3F).4s.4p.(1P*)""","=""3G*""","=""4""","=""3d8.4s.(4F<7/2>).4d""","=""2[11/2]""","=""5""",9,11,,"=""T4287""","=""""",
Ni,1,"=""""","=""748.8697""","=""""","=""1.2e+05""",D,"=""30912.817""","=""44262.599""","=""3d9.(2D).4p""","=""3D*""","=""1""","=""3d9.(2D<3/2>).5s""","=""2[3/2]""","=""2""",3,5,,"=""T4287""","=""""",
Ni,1,"=""""","=""750.7380""","=""""","=""1.4e-02""",E,"=""204.787""","=""13521.347""","=""3d9.(2D).4s""","=""3D""","=""3""","=""3d8.(1D).4s2""","=""1D""","=""2""",7,5,E2,"=""T848""","=""""",
Ni,2,"=""""","=""761.272""","=""""","=""1.8e-01""",E,"=""10663.89""","=""23796.18""","=""3p6.3d8.(3F).4s""","=""4F""","=""3/2""","=""3p6.3d8.(1D).4s""","=""2D""","=""3/2""",4,4,M1,"=""T4240""","=""""",
Ni,2,"=""""","=""761.272""","=""""","=""1.4e-04""",E,"=""10663.89""","=""23796.18""","=""3p6.3d8.(3F).4s""","=""4F""","=""3/2""","=""3p6.3d8.(1D).4s""","=""2D""","=""3/2""",4,4,E2,"=""T4240""","=""""",
Ni,2,"=""""","=""769.456""","=""""","=""1.4e-02""",E,"=""10115.66""","=""23108.28""","=""3p6.3d8.(3F).4s""","=""4F""","=""5/2""","=""3p6.3d8.(3P).4s""","=""4P""","=""5/2""",6,6,M1,"=""T4240""","=""""",
Ni,2,"=""""","=""769.456""","=""""","=""1.6e-04""",E,"=""10115.66""","=""23108.28""","=""3p6.3d8.(3F).4s""","=""4F""","=""5/2""","=""3p6.3d8.(3P).4s""","=""4P""","=""5/2""",6,6,E2,"=""T4240""","=""""",
Ni,1,"=""771.432""","=""771.4308""","=""16""","=""1.4e+05""",D,"=""15609.844""","=""28569.203""","=""3d8.(3P).4s2""","=""3P""","=""2""","=""3d9.(2D).4p""","=""3P*""","=""2""",5,5,,"=""T2765n""","=""L3475""",
Ni,1,"=""772.761""","=""772.7624""","=""19""","=""1.1e+07""",D,"=""29668.918""","=""42605.945""","=""3d9.(2D).4p""","=""*""","=""3""","=""3d9.(2D<5/2>).5s""","=""2[5/2]""","=""3""",7,7,,"=""T4287""","=""L3475""",
Ni,1,"=""778.894""","=""778.8930""","=""10""","=""8.4e+04""",D,"=""15734.001""","=""28569.203""","=""3d8.(3P).4s2""","=""3P""","=""1""","=""3d9.(2D).4p""","=""3P*""","=""2""",3,5,,"=""T2765n""","=""L3475""",
Ni,3,"=""""","=""788.99""","=""""","=""4.8e-01""",E,"=""1360.7""","=""14031.6""","=""3p6.3d8""","=""3F""","=""3""","=""3p6.3d8""","=""1D""","=""2""",7,5,M1,"=""T493""","=""""",
Ni,3,"=""""","=""788.99""","=""""","=""5.4e-04""",E,"=""1360.7""","=""14031.6""","=""3p6.3d8""","=""3F""","=""3""","=""3p6.3d8""","=""1D""","=""2""",7,5,E2,"=""T493""","=""""",
Ni,1,"=""""","=""790.8259""","=""""","=""1.7e-02""",E,"=""879.816""","=""13521.347""","=""3d9.(2D).4s""","=""3D""","=""2""","=""3d8.(1D).4s2""","=""1D""","=""2""",5,5,E2,"=""T848""","=""""",
Ni,1,"=""""","=""792.9688""","=""""","=""1.1e-05""",E,"=""3409.937""","=""16017.306""","=""3d9.(2D).4s""","=""1D""","=""2""","=""3d8.(3P).4s2""","=""3P""","=""0""",5,1,E2,"=""T848""","=""""",
Ni,1,"=""""","=""798.9945""","=""""","=""1.8e-04""",E,"=""2216.550""","=""14728.840""","=""3d8.(3F).4s2""","=""3F""","=""2""","=""3d10""","=""1S""","=""0""",5,1,E2,"=""T848""","=""""",
Ni,2,"=""""","=""803.354""","=""""","=""1.0e-02""",E,"=""10663.89""","=""23108.28""","=""3p6.3d8.(3F).4s""","=""4F""","=""3/2""","=""3p6.3d8.(3P).4s""","=""4P""","=""5/2""",4,6,M1,"=""T4240""","=""""",
Ni,2,"=""""","=""803.354""","=""""","=""1.3e-05""",E,"=""10663.89""","=""23108.28""","=""3p6.3d8.(3F).4s""","=""4F""","=""3/2""","=""3p6.3d8.(3P).4s""","=""4P""","=""5/2""",4,6,E2,"=""T4240""","=""""",
Ni,1,"=""""","=""811.1976""","=""""","=""4.7e-04""",E,"=""3409.937""","=""15734.001""","=""3d9.(2D).4s""","=""1D""","=""2""","=""3d8.(3P).4s2""","=""3P""","=""1""",5,3,E2,"=""T848""","=""""",
Ni,1,"=""""","=""819.4531""","=""""","=""2.4e-02""",E,"=""3409.937""","=""15609.844""","=""3d9.(2D).4s""","=""1D""","=""2""","=""3d8.(3P).4s2""","=""3P""","=""2""",5,5,E2,"=""T848""","=""""",
Ni,1,"=""""","=""820.1741""","=""""","=""3.9e-01""",D,"=""1332.164""","=""13521.347""","=""3d8.(3F).4s2""","=""3F""","=""3""","=""3d8.(1D).4s2""","=""1D""","=""2""",7,5,M1,"=""T848""","=""""",
Ni,1,"=""""","=""820.1741""","=""""","=""7.6e-04""",E,"=""1332.164""","=""13521.347""","=""3d8.(3F).4s2""","=""3F""","=""3""","=""3d8.(1D).4s2""","=""1D""","=""2""",7,5,E2,"=""T848""","=""""",
Ni,2,"=""""","=""830.099""","=""""","=""1.3e-02""",E,"=""1506.94""","=""13550.39""","=""3p6.3d9""","=""2D""","=""3/2""","=""3p6.3d8.(3F).4s""","=""2F""","=""7/2""",4,8,E2,"=""T4240""","=""""",
Ni,1,"=""""","=""846.6322""","=""""","=""4.5e-04""",E,"=""1713.087""","=""13521.347""","=""3d9.(2D).4s""","=""3D""","=""1""","=""3d8.(1D).4s2""","=""1D""","=""2""",3,5,E2,"=""T848""","=""""",
Ni,3,"=""""","=""849.96""","=""""","=""2.1e-01""",E,"=""2269.6""","=""14031.6""","=""3p6.3d8""","=""3F""","=""2""","=""3p6.3d8""","=""1D""","=""2""",5,5,M1,"=""T493""","=""""",
Ni,3,"=""""","=""849.96""","=""""","=""1.9e-04""",E,"=""2269.6""","=""14031.6""","=""3p6.3d8""","=""3F""","=""2""","=""3p6.3d8""","=""1D""","=""2""",5,5,E2,"=""T493""","=""""",
Ni,2,"=""""","=""870.387""","=""""","=""8.9e-02""",E,"=""13550.39""","=""25036.38""","=""3p6.3d8.(3F).4s""","=""2F""","=""7/2""","=""3p6.3d8.(1D).4s""","=""2D""","=""5/2""",8,6,M1,"=""T4240""","=""""",
Ni,2,"=""""","=""870.387""","=""""","=""4.3e-05""",E,"=""13550.39""","=""25036.38""","=""3p6.3d8.(3F).4s""","=""2F""","=""7/2""","=""3p6.3d8.(1D).4s""","=""2D""","=""5/2""",8,6,E2,"=""T4240""","=""""",
Ni,1,"=""""","=""883.2353""","=""""","=""3.1e-01""",E,"=""3409.937""","=""14728.840""","=""3d9.(2D).4s""","=""1D""","=""2""","=""3d10""","=""1S""","=""0""",5,1,E2,"=""T848""","=""""",
Ni,1,"=""""","=""884.3374""","=""""","=""1.7e-01""",D,"=""2216.550""","=""13521.347""","=""3d8.(3F).4s2""","=""3F""","=""2""","=""3d8.(1D).4s2""","=""1D""","=""2""",5,5,M1,"=""T848""","=""""",
Ni,1,"=""""","=""884.3374""","=""""","=""2.0e-04""",E,"=""2216.550""","=""13521.347""","=""3d8.(3F).4s2""","=""3F""","=""2""","=""3d8.(1D).4s2""","=""1D""","=""2""",5,5,E2,"=""T848""","=""""",
Ni,2,"=""""","=""889.609""","=""""","=""4.5e-05""",E,"=""13550.39""","=""24788.20""","=""3p6.3d8.(3F).4s""","=""2F""","=""7/2""","=""3p6.3d8.(3P).4s""","=""4P""","=""3/2""",8,4,E2,"=""T4240""","=""""",
Ni,2,"=""""","=""937.487""","=""""","=""1.3e-05""",E,"=""0.00""","=""10663.89""","=""3p6.3d9""","=""2D""","=""5/2""","=""3p6.3d8.(3F).4s""","=""4F""","=""3/2""",6,4,M1,"=""T4240""","=""""",
Ni,2,"=""""","=""937.487""","=""""","=""7.5e-05""",E,"=""0.00""","=""10663.89""","=""3p6.3d9""","=""2D""","=""5/2""","=""3p6.3d8.(3F).4s""","=""4F""","=""3/2""",6,4,E2,"=""T4240""","=""""",
Ni,2,"=""""","=""975.743""","=""""","=""6.0e-05""",E,"=""13550.39""","=""23796.18""","=""3p6.3d8.(3F).4s""","=""2F""","=""7/2""","=""3p6.3d8.(1D).4s""","=""2D""","=""3/2""",8,4,E2,"=""T4240""","=""""",
Ni,2,"=""""","=""988.295""","=""""","=""1.2e-04""",E,"=""0.00""","=""10115.66""","=""3p6.3d9""","=""2D""","=""5/2""","=""3p6.3d8.(3F).4s""","=""4F""","=""5/2""",6,6,M1,"=""T4240""","=""""",
Ni,2,"=""""","=""988.295""","=""""","=""1.6e-05""",E,"=""0.00""","=""10115.66""","=""3p6.3d9""","=""2D""","=""5/2""","=""3p6.3d8.(3F).4s""","=""4F""","=""5/2""",6,6,E2,"=""T4240""","=""""",
Ni,1,"=""""","=""988.7107""","=""""","=""1.2e-02""",E,"=""3409.937""","=""13521.347""","=""3d9.(2D).4s""","=""1D""","=""2""","=""3d8.(1D).4s2""","=""1D""","=""2""",5,5,E2,"=""T848""","=""""",
Ni,2,"=""""","=""995.663""","=""""","=""6.2e-02""",E,"=""14995.57""","=""25036.38""","=""3p6.3d8.(3F).4s""","=""2F""","=""5/2""","=""3p6.3d8.(1D).4s""","=""2D""","=""5/2""",6,6,M1,"=""T4240""","=""""",
Ni,2,"=""""","=""1020.896""","=""""","=""6.8e-03""",E,"=""14995.57""","=""24788.20""","=""3p6.3d8.(3F).4s""","=""2F""","=""5/2""","=""3p6.3d8.(3P).4s""","=""4P""","=""3/2""",6,4,M1,"=""T4240""","=""""",
Ni,2,"=""""","=""1020.896""","=""""","=""1.3e-05""",E,"=""14995.57""","=""24788.20""","=""3p6.3d8.(3F).4s""","=""2F""","=""5/2""","=""3p6.3d8.(3P).4s""","=""4P""","=""3/2""",6,4,E2,"=""T4240""","=""""",
