element,sp_num,obs_wl_vac(nm),ritz_wl_vac(nm),intens,Aki(s^-1),Acc,Ei(cm-1),Ek(cm-1),conf_i,term_i,J_i,conf_k,term_k,J_k,g_i,g_k,Type,tp_ref,line_ref,
O,3,"=""""","=""180.382""","=""""","=""1.83e+07""",C+,"=""370902.22""","=""426340""","=""2s2.2p.(2P*).4p""","=""1D""","=""2""","=""2s.2p2.(2D).3p""","=""1D*""","=""2""",5,5,,"=""T5376""","=""""",
O,2,"=""182.1545""","=""182.1551""","=""10""","=""1.02e+07""",C,"=""206971.68""","=""261869.94""","=""2s2.2p2.(1D).3s""","=""2D""","=""5/2""","=""2s2.2p2.(3P).5p""","=""2D*""","=""5/2""",6,6,,"=""T5723LS""","=""L10549""",
O,2,"=""""","=""182.1586""","=""""","=""7.27e+05""",D,"=""206972.72""","=""261869.94""","=""2s2.2p2.(1D).3s""","=""2D""","=""3/2""","=""2s2.2p2.(3P).5p""","=""2D*""","=""5/2""",4,6,,"=""T5723LS""","=""L11267""",
O,1,"=""""","=""182.706""","=""""","=""1.52e+05""",D,"=""88630.587""","=""143363.4""","=""2s2.2p3.(4S*).3p""","=""3P""","=""1""","=""2s2.2p3.(2P*).4d""","=""3D*""","=""2""",3,5,,"=""T5803""","=""""",
O,1,"=""""","=""182.706""","=""""","=""7.79e+04""",D,"=""88630.587""","=""143363.4""","=""2s2.2p3.(4S*).3p""","=""3P""","=""1""","=""2s2.2p3.(2P*).4d""","=""3D*""","=""1""",3,3,,"=""T5803""","=""""",
O,1,"=""""","=""182.708""","=""""","=""1.96e+05""",D,"=""88631.146""","=""143363.4""","=""2s2.2p3.(4S*).3p""","=""3P""","=""2""","=""2s2.2p3.(2P*).4d""","=""3D*""","=""3""",5,7,,"=""T5803""","=""""",
O,1,"=""""","=""182.708""","=""""","=""1.12e+05""",D,"=""88631.303""","=""143363.4""","=""2s2.2p3.(4S*).3p""","=""3P""","=""0""","=""2s2.2p3.(2P*).4d""","=""3D*""","=""1""",1,3,,"=""T5803""","=""""",
O,1,"=""""","=""182.708""","=""""","=""4.32e+04""",D,"=""88631.146""","=""143363.4""","=""2s2.2p3.(4S*).3p""","=""3P""","=""2""","=""2s2.2p3.(2P*).4d""","=""3D*""","=""2""",5,5,,"=""T5803""","=""""",
O,2,"=""182.7276""","=""182.7249""","=""8*""","=""1.08e+06""",D,"=""206971.68""","=""261698.75""","=""2s2.2p2.(1D).3s""","=""2D""","=""5/2""","=""2s2.2p2.(3P).5p""","=""2D*""","=""3/2""",6,4,,"=""T5723LS""","=""L10549""",
O,2,"=""182.7276""","=""182.7284""","=""8*""","=""9.72e+06""",C,"=""206972.72""","=""261698.75""","=""2s2.2p2.(1D).3s""","=""2D""","=""3/2""","=""2s2.2p2.(3P).5p""","=""2D*""","=""3/2""",4,4,,"=""T5723LS""","=""L10549""",
O,2,"=""182.9362""","=""182.93555""","=""12""","=""1.85e+07""",D,"=""203942.288""","=""258606.35""","=""2s2.2p2.(3P).3p""","=""2S*""","=""1/2""","=""2s2.2p2.(3P).5s""","=""2P""","=""3/2""",2,4,,"=""T5723LS""","=""L10549""",
O,2,"=""183.5906""","=""183.59076""","=""9""","=""1.83e+07""",D,"=""203942.288""","=""258411.26""","=""2s2.2p2.(3P).3p""","=""2S*""","=""1/2""","=""2s2.2p2.(3P).5s""","=""2P""","=""1/2""",2,2,,"=""T5723LS""","=""L10549""",
O,3,"=""""","=""184.850""","=""""","=""4.95e+06""",C+,"=""370902.22""","=""425000""","=""2s2.2p.(2P*).4p""","=""1D""","=""2""","=""2s.2p2.(2D).3p""","=""1F*""","=""3""",5,7,,"=""T5376""","=""""",
O,2,"=""189.3789""","=""189.3766""","=""8""","=""2.99e+06""",D,"=""195710.47""","=""248515.30""","=""2s.2p4""","=""2S""","=""1/2""","=""2s2.2p2.(3P).4p""","=""2P*""","=""3/2""",2,4,,"=""T5723LS""","=""L10549""",
O,2,"=""""","=""189.6959""","=""""","=""2.98e+06""",D,"=""195710.47""","=""248426.41""","=""2s.2p4""","=""2S""","=""1/2""","=""2s2.2p2.(3P).4p""","=""2P*""","=""1/2""",2,2,,"=""T5723LS""","=""L11267""",
O,3,"=""""","=""189.7102""","=""""","=""1.49e+08""",C+,"=""376079.92""","=""428791.89""","=""2s.2p2.(4P).3p""","=""5S*""","=""2""","=""2s.2p2.(4P).4s""","=""5P""","=""3""",5,7,,"=""T5376LS""","=""""",
O,3,"=""""","=""190.3048""","=""""","=""1.47e+08""",C+,"=""376079.92""","=""428627.20""","=""2s.2p2.(4P).3p""","=""5S*""","=""2""","=""2s.2p2.(4P).4s""","=""5P""","=""2""",5,5,,"=""T5376LS""","=""""",
O,3,"=""""","=""190.7634""","=""""","=""1.46e+08""",C+,"=""376079.92""","=""428500.87""","=""2s.2p2.(4P).3p""","=""5S*""","=""2""","=""2s.2p2.(4P).4s""","=""5P""","=""1""",5,3,,"=""T5376LS""","=""""",
O,3,"=""192.004""","=""192.0019""","=""160""","=""4.65e+08""",B,"=""306586.08""","=""358668.90""","=""2s2.2p.(2P*).3p""","=""1D""","=""2""","=""2s2.2p.(2P*).4s""","=""1P*""","=""1""",5,3,,"=""T5376""","=""L3481""",
O,3,"=""""","=""192.024""","=""""","=""2.67e+07""",B,"=""370902.22""","=""422979""","=""2s2.2p.(2P*).4p""","=""1D""","=""2""","=""2s2.2p.(2P*).7d""","=""1F*""","=""3""",5,7,,"=""T5376""","=""""",
O,2,"=""""","=""194.7813""","=""""","=""1.23e+06""",E,"=""203942.288""","=""255281.93""","=""2s2.2p2.(3P).3p""","=""2S*""","=""1/2""","=""2s2.2p2.(3P).4d""","=""2P""","=""1/2""",2,2,,"=""T5723LS""","=""""",
O,2,"=""""","=""195.1932""","=""""","=""1.23e+06""",D,"=""203942.288""","=""255173.58""","=""2s2.2p2.(3P).3p""","=""2S*""","=""1/2""","=""2s2.2p2.(3P).4d""","=""2P""","=""3/2""",2,4,,"=""T5723LS""","=""""",
O,2,"=""""","=""195.39331""","=""""","=""1.19e+06""",D,"=""206786.286""","=""257965.11""","=""2s2.2p2.(3P).3p""","=""4D*""","=""3/2""","=""2s2.2p2.(3P).5s""","=""4P""","=""5/2""",4,6,,"=""T5723LS""","=""L11267""",
O,2,"=""195.7441""","=""195.74358""","=""10""","=""1.07e+07""",C,"=""206877.865""","=""257965.11""","=""2s2.2p2.(3P).3p""","=""4D*""","=""5/2""","=""2s2.2p2.(3P).5s""","=""4P""","=""5/2""",6,6,,"=""T5723LS""","=""L10549""",
O,2,"=""195.8122""","=""195.81286""","=""8""","=""2.97e+06""",C,"=""206730.762""","=""257799.93""","=""2s2.2p2.(3P).3p""","=""4D*""","=""1/2""","=""2s2.2p2.(3P).5s""","=""4P""","=""3/2""",2,4,,"=""T5723LS""","=""L10549""",
O,2,"=""196.0265""","=""196.02599""","=""10""","=""1.89e+07""",C,"=""206786.286""","=""257799.93""","=""2s2.2p2.(3P).3p""","=""4D*""","=""3/2""","=""2s2.2p2.(3P).5s""","=""4P""","=""3/2""",4,4,,"=""T5723LS""","=""L10549""",
O,2,"=""""","=""196.21317""","=""""","=""2.95e+07""",C,"=""206730.762""","=""257695.74""","=""2s2.2p2.(3P).3p""","=""4D*""","=""1/2""","=""2s2.2p2.(3P).5s""","=""4P""","=""1/2""",2,2,,"=""T5723LS""","=""L11267""",
O,2,"=""196.2210""","=""196.22222""","=""15""","=""4.72e+07""",C,"=""207002.482""","=""257965.11""","=""2s2.2p2.(3P).3p""","=""4D*""","=""7/2""","=""2s2.2p2.(3P).5s""","=""4P""","=""5/2""",8,6,,"=""T5723LS""","=""L10549""",
O,2,"=""196.3793""","=""196.37852""","=""12""","=""3.71e+07""",C,"=""206877.865""","=""257799.93""","=""2s2.2p2.(3P).3p""","=""4D*""","=""5/2""","=""2s2.2p2.(3P).5s""","=""4P""","=""3/2""",6,4,,"=""T5723LS""","=""L10549""",
O,2,"=""196.4269""","=""196.42717""","=""10""","=""2.94e+07""",C,"=""206786.286""","=""257695.74""","=""2s2.2p2.(3P).3p""","=""4D*""","=""3/2""","=""2s2.2p2.(3P).5s""","=""4P""","=""1/2""",4,2,,"=""T5723LS""","=""L10549""",
element,sp_num,obs_wl_air(nm),ritz_wl_air(nm),intens,Aki(s^-1),Acc,Ei(cm-1),Ek(cm-1),conf_i,term_i,J_i,conf_k,term_k,J_k,g_i,g_k,Type,tp_ref,line_ref,
O,2,"=""201.6589""","=""201.65822""","=""10""","=""8.57e+06""",C,"=""208392.258""","=""257965.11""","=""2s2.2p2.(3P).3p""","=""4P*""","=""3/2""","=""2s2.2p2.(3P).5s""","=""4P""","=""5/2""",4,6,,"=""T5723LS""","=""L10549""",
O,2,"=""202.0340""","=""202.03299""","=""12""","=""1.99e+07""",C,"=""208484.202""","=""257965.11""","=""2s2.2p2.(3P).3p""","=""4P*""","=""5/2""","=""2s2.2p2.(3P).5s""","=""4P""","=""5/2""",6,6,,"=""T5723LS""","=""L10549""",
O,2,"=""202.1445""","=""202.14364""","=""10""","=""1.18e+07""",C,"=""208346.104""","=""257799.93""","=""2s2.2p2.(3P).3p""","=""4P*""","=""1/2""","=""2s2.2p2.(3P).5s""","=""4P""","=""3/2""",2,4,,"=""T5723LS""","=""L10549""",
O,2,"=""202.3332""","=""202.33250""","=""10""","=""3.77e+06""",C,"=""208392.258""","=""257799.93""","=""2s2.2p2.(3P).3p""","=""4P*""","=""3/2""","=""2s2.2p2.(3P).5s""","=""4P""","=""3/2""",4,4,,"=""T5723LS""","=""L10549""",
O,2,"=""202.5694""","=""202.57048""","=""5""","=""4.70e+06""",C,"=""208346.104""","=""257695.74""","=""2s2.2p2.(3P).3p""","=""4P*""","=""1/2""","=""2s2.2p2.(3P).5s""","=""4P""","=""1/2""",2,2,,"=""T5723LS""","=""L10549""",
O,1,"=""""","=""202.643""","=""""","=""2.82e+05""",C,"=""88630.587""","=""137962.5""","=""2s2.2p3.(4S*).3p""","=""3P""","=""1""","=""2s2.2p3.(2P*).3d""","=""3D*""","=""2""",3,5,,"=""T5803""","=""""",
O,1,"=""""","=""202.643""","=""""","=""1.05e+05""",D,"=""88630.587""","=""137962.5""","=""2s2.2p3.(4S*).3p""","=""3P""","=""1""","=""2s2.2p3.(2P*).3d""","=""3D*""","=""1""",3,3,,"=""T5803""","=""""",
O,1,"=""""","=""202.646""","=""""","=""3.70e+05""",C,"=""88631.146""","=""137962.5""","=""2s2.2p3.(4S*).3p""","=""3P""","=""2""","=""2s2.2p3.(2P*).3d""","=""3D*""","=""3""",5,7,,"=""T5803""","=""""",
O,1,"=""""","=""202.646""","=""""","=""1.92e+05""",D,"=""88631.303""","=""137962.5""","=""2s2.2p3.(4S*).3p""","=""3P""","=""0""","=""2s2.2p3.(2P*).3d""","=""3D*""","=""1""",1,3,,"=""T5803""","=""""",
O,1,"=""""","=""202.646""","=""""","=""4.85e+04""",D,"=""88631.146""","=""137962.5""","=""2s2.2p3.(4S*).3p""","=""3P""","=""2""","=""2s2.2p3.(2P*).3d""","=""3D*""","=""2""",5,5,,"=""T5803""","=""""",
O,2,"=""202.7103""","=""202.70978""","=""10""","=""1.27e+07""",C,"=""208484.202""","=""257799.93""","=""2s2.2p2.(3P).3p""","=""4P*""","=""5/2""","=""2s2.2p2.(3P).5s""","=""4P""","=""3/2""",6,4,,"=""T5723LS""","=""L10549""",
O,2,"=""202.7603""","=""202.76014""","=""10""","=""2.34e+07""",C,"=""208392.258""","=""257695.74""","=""2s2.2p2.(3P).3p""","=""4P*""","=""3/2""","=""2s2.2p2.(3P).5s""","=""4P""","=""1/2""",4,2,,"=""T5723LS""","=""L10549""",
O,2,"=""""","=""202.8727""","=""""","=""2.26e+06""",D,"=""212593.82""","=""261869.94""","=""2s.2p4""","=""2P""","=""3/2""","=""2s2.2p2.(3P).5p""","=""2D*""","=""5/2""",4,6,,"=""T5723LS""","=""""",
O,2,"=""""","=""203.5801""","=""""","=""3.73e+05""",E,"=""212593.82""","=""261698.75""","=""2s.2p4""","=""2P""","=""3/2""","=""2s2.2p2.(3P).5p""","=""2D*""","=""3/2""",4,4,,"=""T5723LS""","=""""",
O,3,"=""""","=""203.7450""","=""""","=""2.26e+06""",D,"=""356736.30""","=""405801.50""","=""2s2.2p.(2P*).4s""","=""3P*""","=""0""","=""2s.2p2.(4P).3d""","=""3D""","=""1""",1,3,,"=""T5376LS""","=""""",
O,3,"=""""","=""204.0769""","=""""","=""3.04e+06""",C,"=""356844.98""","=""405830.38""","=""2s2.2p.(2P*).4s""","=""3P*""","=""1""","=""2s.2p2.(4P).3d""","=""3D""","=""2""",3,5,,"=""T5376LS""","=""""",
O,3,"=""""","=""204.1973""","=""""","=""1.69e+06""",D,"=""356844.98""","=""405801.50""","=""2s2.2p.(2P*).4s""","=""3P*""","=""1""","=""2s.2p2.(4P).3d""","=""3D""","=""1""",3,3,,"=""T5376LS""","=""""",
O,3,"=""""","=""204.228""","=""""","=""2.18e+07""",C+,"=""365726.76""","=""414676""","=""2s2.2p.(2P*).4p""","=""1P""","=""1""","=""2s2.2p.(2P*).6d""","=""1D*""","=""2""",3,5,,"=""T5376""","=""""",
O,2,"=""""","=""204.2809""","=""""","=""1.85e+06""",D,"=""212762.25""","=""261698.75""","=""2s.2p4""","=""2P""","=""1/2""","=""2s2.2p2.(3P).5p""","=""2D*""","=""3/2""",2,4,,"=""T5723LS""","=""""",
O,3,"=""""","=""205.0080""","=""""","=""4.00e+06""",C,"=""357117.01""","=""405879.97""","=""2s2.2p.(2P*).4s""","=""3P*""","=""2""","=""2s.2p2.(4P).3d""","=""3D""","=""3""",5,7,,"=""T5376LS""","=""""",
O,3,"=""""","=""205.2167""","=""""","=""9.97e+05""",D,"=""357117.01""","=""405830.38""","=""2s2.2p.(2P*).4s""","=""3P*""","=""2""","=""2s.2p2.(4P).3d""","=""3D""","=""2""",5,5,,"=""T5376LS""","=""""",
O,3,"=""""","=""205.309""","=""""","=""3.97e+06""",C,"=""366488.45""","=""415180""","=""2s2.2p.(2P*).4p""","=""3D""","=""1""","=""2s2.2p.(2P*).6d""","=""3D*""","=""1""",3,3,,"=""T5376LS""","=""""",
O,3,"=""""","=""205.309""","=""""","=""7.93e+05""",D,"=""366488.45""","=""415180""","=""2s2.2p.(2P*).4p""","=""3D""","=""1""","=""2s2.2p.(2P*).6d""","=""3D*""","=""2""",3,5,,"=""T5376LS""","=""""",
O,3,"=""""","=""205.3385""","=""""","=""1.11e+05""",D,"=""357117.01""","=""405801.50""","=""2s2.2p.(2P*).4s""","=""3P*""","=""2""","=""2s.2p2.(4P).3d""","=""3D""","=""1""",5,3,,"=""T5376LS""","=""""",
O,3,"=""""","=""205.762""","=""""","=""3.66e+06""",C,"=""366595.76""","=""415180""","=""2s2.2p.(2P*).4p""","=""3D""","=""2""","=""2s2.2p.(2P*).6d""","=""3D*""","=""2""",5,5,,"=""T5376LS""","=""""",
O,3,"=""""","=""205.762""","=""""","=""1.31e+06""",D,"=""366595.76""","=""415180""","=""2s2.2p.(2P*).4p""","=""3D""","=""2""","=""2s2.2p.(2P*).6d""","=""3D*""","=""1""",5,3,,"=""T5376LS""","=""""",
O,3,"=""""","=""205.762""","=""""","=""5.85e+05""",D,"=""366595.76""","=""415180""","=""2s2.2p.(2P*).4p""","=""3D""","=""2""","=""2s2.2p.(2P*).6d""","=""3D*""","=""3""",5,7,,"=""T5376LS""","=""""",
O,3,"=""""","=""206.642""","=""""","=""4.61e+06""",C,"=""366802.62""","=""415180""","=""2s2.2p.(2P*).4p""","=""3D""","=""3""","=""2s2.2p.(2P*).6d""","=""3D*""","=""3""",7,7,,"=""T5376LS""","=""""",
O,3,"=""""","=""206.642""","=""""","=""8.09e+05""",D,"=""366802.62""","=""415180""","=""2s2.2p.(2P*).4p""","=""3D""","=""3""","=""2s2.2p.(2P*).6d""","=""3D*""","=""2""",7,5,,"=""T5376LS""","=""""",
O,2,"=""207.22""","=""207.2255""","=""12bl""","=""3.30e+06""",C+,"=""165988.46""","=""214229.671""","=""2s.2p4""","=""2D""","=""5/2""","=""2s2.2p2.(3P).3p""","=""2P*""","=""3/2""",6,4,,"=""T6172n""","=""L10549""",
O,2,"=""207.2601""","=""207.2601""","=""5""","=""3.61e+05""",C+,"=""165996.50""","=""214229.671""","=""2s.2p4""","=""2D""","=""3/2""","=""2s2.2p2.(3P).3p""","=""2P*""","=""3/2""",4,4,,"=""T6172n""","=""L10549""",
O,2,"=""207.5169""","=""207.5172""","=""12""","=""3.55e+06""",C+,"=""165996.50""","=""214169.920""","=""2s.2p4""","=""2D""","=""3/2""","=""2s2.2p2.(3P).3p""","=""2P*""","=""1/2""",4,2,,"=""T6172n""","=""L10549""",
O,2,"=""209.2876""","=""209.2876""","=""10""","=""6.69e+06""",C,"=""211522.117""","=""259288.07""","=""2s2.2p2.(3P).3p""","=""2D*""","=""3/2""","=""2s2.2p2.(1D).4s""","=""2D""","=""3/2""",4,4,,"=""T5723LS""","=""L10549""",
O,2,"=""""","=""209.2896""","=""""","=""4.96e+05""",D,"=""211522.117""","=""259287.61""","=""2s2.2p2.(3P).3p""","=""2D*""","=""3/2""","=""2s2.2p2.(1D).4s""","=""2D""","=""5/2""",4,6,,"=""T5723LS""","=""L11267""",
O,2,"=""""","=""210.1263""","=""""","=""7.35e+05""",D,"=""211712.732""","=""259288.07""","=""2s2.2p2.(3P).3p""","=""2D*""","=""5/2""","=""2s2.2p2.(1D).4s""","=""2D""","=""3/2""",6,4,,"=""T5723LS""","=""L11267""",
O,2,"=""210.1283""","=""210.1283""","=""12""","=""6.86e+06""",C,"=""211712.732""","=""259287.61""","=""2s2.2p2.(3P).3p""","=""2D*""","=""5/2""","=""2s2.2p2.(1D).4s""","=""2D""","=""5/2""",6,6,,"=""T5723LS""","=""L10549""",
O,2,"=""""","=""211.1198""","=""""","=""1.08e+05""",E,"=""228723.84""","=""276075.32""","=""2s2.2p2.(1D).3p""","=""2F*""","=""5/2""","=""2s2.2p2.(1S).3d""","=""2D""","=""5/2""",6,6,,"=""T5723LS""","=""""",
O,2,"=""""","=""211.2251""","=""""","=""2.15e+06""",D,"=""228747.45""","=""276075.32""","=""2s2.2p2.(1D).3p""","=""2F*""","=""7/2""","=""2s2.2p2.(1S).3d""","=""2D""","=""5/2""",8,6,,"=""T5723LS""","=""""",
O,2,"=""""","=""211.5280""","=""""","=""2.25e+06""",D,"=""228723.84""","=""275983.95""","=""2s2.2p2.(1D).3p""","=""2F*""","=""5/2""","=""2s2.2p2.(1S).3d""","=""2D""","=""3/2""",6,4,,"=""T5723LS""","=""""",
O,2,"=""212.3202""","=""212.3182""","=""8""","=""5.00e+06""",C,"=""211522.117""","=""258606.35""","=""2s2.2p2.(3P).3p""","=""2D*""","=""3/2""","=""2s2.2p2.(3P).5s""","=""2P""","=""3/2""",4,4,,"=""T5723LS""","=""L10549""",
O,2,"=""213.1818""","=""213.1813""","=""12""","=""4.45e+07""",C,"=""211712.732""","=""258606.35""","=""2s2.2p2.(3P).3p""","=""2D*""","=""5/2""","=""2s2.2p2.(3P).5s""","=""2P""","=""3/2""",6,4,,"=""T5723LS""","=""L10549""",
O,2,"=""213.1997""","=""213.2017""","=""10""","=""4.94e+07""",C,"=""211522.117""","=""258411.26""","=""2s2.2p2.(3P).3p""","=""2D*""","=""3/2""","=""2s2.2p2.(3P).5s""","=""2P""","=""1/2""",4,2,,"=""T5723LS""","=""L10549""",
O,3,"=""""","=""215.3304""","=""""","=""9.49e+04""",C,"=""267377.11""","=""313802.77""","=""2s2.2p.(2P*).3s""","=""3P*""","=""1""","=""2s2.2p.(2P*).3p""","=""1S""","=""0""",3,1,,"=""u24""","=""""",
O,3,"=""""","=""216.5390""","=""""","=""1.68e+07""",C+,"=""324735.65""","=""370902.22""","=""2s2.2p.(2P*).3d""","=""1D*""","=""2""","=""2s2.2p.(2P*).4p""","=""1D""","=""2""",5,5,,"=""T5376""","=""""",
O,2,"=""""","=""217.051""","=""""","=""3.67e+04""",E,"=""228723.84""","=""274781.5""","=""2s2.2p2.(1D).3p""","=""2F*""","=""5/2""","=""2s2.2p2.(1D).4d""","=""2F""","=""7/2""",6,8,,"=""T5723LS""","=""""",
O,2,"=""""","=""217.162""","=""""","=""9.91e+05""",D,"=""228747.45""","=""274781.5""","=""2s2.2p2.(1D).3p""","=""2F*""","=""7/2""","=""2s2.2p2.(1D).4d""","=""2F""","=""7/2""",8,8,,"=""T5723LS""","=""""",
O,2,"=""""","=""217.2206""","=""""","=""7.59e+05""",C,"=""206971.68""","=""252993.39""","=""2s2.2p2.(1D).3s""","=""2D""","=""5/2""","=""2s2.2p2.(1S).3p""","=""2P*""","=""3/2""",6,4,,"=""T5723LS""","=""""",
O,2,"=""""","=""217.2256""","=""""","=""8.43e+04""",D,"=""206972.72""","=""252993.39""","=""2s2.2p2.(1D).3s""","=""2D""","=""3/2""","=""2s2.2p2.(1S).3p""","=""2P*""","=""3/2""",4,4,,"=""T5723LS""","=""""",
O,2,"=""""","=""217.244""","=""""","=""9.77e+05""",D,"=""228723.84""","=""274740.7""","=""2s2.2p2.(1D).3p""","=""2F*""","=""5/2""","=""2s2.2p2.(1D).4d""","=""2F""","=""5/2""",6,6,,"=""T5723LS""","=""""",
O,2,"=""""","=""217.2546""","=""""","=""8.43e+05""",D,"=""206972.72""","=""252987.23""","=""2s2.2p2.(1D).3s""","=""2D""","=""3/2""","=""2s2.2p2.(1S).3p""","=""2P*""","=""1/2""",4,2,,"=""T5723LS""","=""""",
O,2,"=""""","=""217.355""","=""""","=""4.88e+04""",E,"=""228747.45""","=""274740.7""","=""2s2.2p2.(1D).3p""","=""2F*""","=""7/2""","=""2s2.2p2.(1D).4d""","=""2F""","=""5/2""",8,6,,"=""T5723LS""","=""""",
O,3,"=""""","=""218.1571""","=""""","=""4.40e+05""",C,"=""283759.70""","=""329583.89""","=""2p4""","=""3P""","=""2""","=""2s2.2p.(2P*).3d""","=""3P*""","=""1""",5,3,,"=""T5376,T5791,LS""","=""""",
O,2,"=""218.2580""","=""218.2569""","=""4""","=""1.15e+07""",C,"=""212161.881""","=""257965.11""","=""2s2.2p2.(3P).3p""","=""4S*""","=""3/2""","=""2s2.2p2.(3P).5s""","=""4P""","=""5/2""",4,6,,"=""T5723LS""","=""L10621""",
O,2,"=""""","=""218.6338""","=""""","=""9.17e+04""",C,"=""165988.46""","=""211712.732""","=""2s.2p4""","=""2D""","=""5/2""","=""2s2.2p2.(3P).3p""","=""2D*""","=""5/2""",6,6,,"=""T6172""","=""""",
O,3,"=""""","=""218.7016""","=""""","=""7.85e+05""",C,"=""283759.70""","=""329469.80""","=""2p4""","=""3P""","=""2""","=""2s2.2p.(2P*).3d""","=""3P*""","=""2""",5,5,,"=""T5376,T5791,LS""","=""""",
O,3,"=""""","=""218.9045""","=""""","=""1.04e+06""",C,"=""283977.40""","=""329645.14""","=""2p4""","=""3P""","=""1""","=""2s2.2p.(2P*).3d""","=""3P*""","=""0""",3,1,,"=""T5376,T5791,LS""","=""""",
O,2,"=""219.0481""","=""219.0469""","=""4""","=""1.13e+07""",C,"=""212161.881""","=""257799.93""","=""2s2.2p2.(3P).3p""","=""4S*""","=""3/2""","=""2s2.2p2.(3P).5s""","=""4P""","=""3/2""",4,4,,"=""T5723LS""","=""L10621""",
O,3,"=""""","=""219.1985""","=""""","=""2.60e+05""",C,"=""283977.40""","=""329583.89""","=""2p4""","=""3P""","=""1""","=""2s2.2p.(2P*).3d""","=""3P*""","=""1""",3,3,,"=""T5376,T5791,LS""","=""""",
O,2,"=""219.5464""","=""219.5482""","=""3""","=""1.13e+07""",C,"=""212161.881""","=""257695.74""","=""2s2.2p2.(3P).3p""","=""4S*""","=""3/2""","=""2s2.2p2.(3P).5s""","=""4P""","=""1/2""",4,2,,"=""T5723LS""","=""L10621""",
O,2,"=""""","=""219.5880""","=""""","=""8.36e+04""",C,"=""165996.50""","=""211522.117""","=""2s.2p4""","=""2D""","=""3/2""","=""2s2.2p2.(3P).3p""","=""2D*""","=""3/2""",4,4,,"=""T6172""","=""""",
O,3,"=""""","=""219.6537""","=""""","=""3.45e+05""",C,"=""284071.90""","=""329583.89""","=""2p4""","=""3P""","=""0""","=""2s2.2p.(2P*).3d""","=""3P*""","=""1""",1,3,,"=""T5376,T5791,LS""","=""""",
O,3,"=""""","=""219.7483""","=""""","=""2.58e+05""",C,"=""283977.40""","=""329469.80""","=""2p4""","=""3P""","=""1""","=""2s2.2p.(2P*).3d""","=""3P*""","=""2""",3,5,,"=""T5376,T5791,LS""","=""""",
O,2,"=""221.5701""","=""221.5713""","=""1""","=""1.15e+06""",D,"=""214169.920""","=""259288.07""","=""2s2.2p2.(3P).3p""","=""2P*""","=""1/2""","=""2s2.2p2.(1D).4s""","=""2D""","=""3/2""",2,4,,"=""T5723LS""","=""L10621""",
O,2,"=""""","=""221.8651""","=""""","=""2.30e+05""",E,"=""214229.671""","=""259288.07""","=""2s2.2p2.(3P).3p""","=""2P*""","=""3/2""","=""2s2.2p2.(1D).4s""","=""2D""","=""3/2""",4,4,,"=""T5723LS""","=""L11267""",
O,2,"=""221.8679""","=""221.8674""","=""1""","=""1.38e+06""",D,"=""214229.671""","=""259287.61""","=""2s2.2p2.(3P).3p""","=""2P*""","=""3/2""","=""2s2.2p2.(1D).4s""","=""2D""","=""5/2""",4,6,,"=""T5723LS""","=""L10621""",
O,2,"=""""","=""222.247""","=""""","=""3.06e+06""",D,"=""229947.07""","=""274928.0""","=""2s2.2p2.(1D).3p""","=""2D*""","=""5/2""","=""2s2.2p2.(1D).4d""","=""2D""","=""5/2""",6,6,,"=""T5723LS""","=""""",
O,2,"=""""","=""222.307""","=""""","=""3.27e+05""",E,"=""229947.07""","=""274916.0""","=""2s2.2p2.(1D).3p""","=""2D*""","=""5/2""","=""2s2.2p2.(1D).4d""","=""2D""","=""3/2""",6,4,,"=""T5723LS""","=""""",
O,2,"=""""","=""222.353""","=""""","=""2.18e+05""",E,"=""229968.44""","=""274928.0""","=""2s2.2p2.(1D).3p""","=""2D*""","=""3/2""","=""2s2.2p2.(1D).4d""","=""2D""","=""5/2""",4,6,,"=""T5723LS""","=""""",
O,2,"=""""","=""222.412""","=""""","=""2.94e+06""",D,"=""229968.44""","=""274916.0""","=""2s2.2p2.(1D).3p""","=""2D*""","=""3/2""","=""2s2.2p2.(1D).4d""","=""2D""","=""3/2""",4,4,,"=""T5723LS""","=""""",
O,3,"=""""","=""222.8160""","=""""","=""6.47e+07""",B,"=""313802.77""","=""358668.90""","=""2s2.2p.(2P*).3p""","=""1S""","=""0""","=""2s2.2p.(2P*).4s""","=""1P*""","=""1""",1,3,,"=""T5376""","=""""",
O,3,"=""""","=""222.892""","=""""","=""1.75e+07""",C+,"=""370329.18""","=""415180""","=""2s2.2p.(2P*).4p""","=""3P""","=""0""","=""2s2.2p.(2P*).6d""","=""3D*""","=""1""",1,3,,"=""T5376LS""","=""""",
O,2,"=""""","=""222.974""","=""""","=""6.36e+06""",D,"=""229947.07""","=""274781.5""","=""2s2.2p2.(1D).3p""","=""2D*""","=""5/2""","=""2s2.2p2.(1D).4d""","=""2F""","=""7/2""",6,8,,"=""T5723LS""","=""""",
O,2,"=""""","=""223.177""","=""""","=""4.23e+05""",E,"=""229947.07""","=""274740.7""","=""2s2.2p2.(1D).3p""","=""2D*""","=""5/2""","=""2s2.2p2.(1D).4d""","=""2F""","=""5/2""",6,6,,"=""T5723LS""","=""""",
O,2,"=""""","=""223.283""","=""""","=""5.91e+06""",D,"=""229968.44""","=""274740.7""","=""2s2.2p2.(1D).3p""","=""2D*""","=""3/2""","=""2s2.2p2.(1D).4d""","=""2F""","=""5/2""",4,6,,"=""T5723LS""","=""""",
O,3,"=""""","=""223.336""","=""""","=""2.35e+07""",C+,"=""370418.32""","=""415180""","=""2s2.2p.(2P*).4p""","=""3P""","=""1""","=""2s2.2p.(2P*).6d""","=""3D*""","=""2""",3,5,,"=""T5376LS""","=""""",
O,3,"=""""","=""223.336""","=""""","=""1.31e+07""",C+,"=""370418.32""","=""415180""","=""2s2.2p.(2P*).4p""","=""3P""","=""1""","=""2s2.2p.(2P*).6d""","=""3D*""","=""1""",3,3,,"=""T5376LS""","=""""",
O,3,"=""""","=""223.877""","=""""","=""3.12e+07""",C+,"=""370526.49""","=""415180""","=""2s2.2p.(2P*).4p""","=""3P""","=""2""","=""2s2.2p.(2P*).6d""","=""3D*""","=""3""",5,7,,"=""T5376LS""","=""""",
O,3,"=""""","=""223.877""","=""""","=""7.79e+06""",C+,"=""370526.49""","=""415180""","=""2s2.2p.(2P*).4p""","=""3P""","=""2""","=""2s2.2p.(2P*).6d""","=""3D*""","=""2""",5,5,,"=""T5376LS""","=""""",
O,3,"=""""","=""223.877""","=""""","=""8.66e+05""",C,"=""370526.49""","=""415180""","=""2s2.2p.(2P*).4p""","=""3P""","=""2""","=""2s2.2p.(2P*).6d""","=""3D*""","=""1""",5,3,,"=""T5376LS""","=""""",
O,2,"=""224.9719""","=""224.9708""","=""1""","=""3.59e+06""",D,"=""214169.920""","=""258606.35""","=""2s2.2p2.(3P).3p""","=""2P*""","=""1/2""","=""2s2.2p2.(3P).5s""","=""2P""","=""3/2""",2,4,,"=""T5723LS""","=""L10621""",
O,2,"=""225.2746""","=""225.2738""","=""7""","=""1.79e+07""",D,"=""214229.671""","=""258606.35""","=""2s2.2p2.(3P).3p""","=""2P*""","=""3/2""","=""2s2.2p2.(3P).5s""","=""2P""","=""3/2""",4,4,,"=""T5723LS""","=""L10621""",
O,2,"=""225.9625""","=""225.9630""","=""3""","=""1.42e+07""",D,"=""214169.920""","=""258411.26""","=""2s2.2p2.(3P).3p""","=""2P*""","=""1/2""","=""2s2.2p2.(3P).5s""","=""2P""","=""1/2""",2,2,,"=""T5723LS""","=""L10621""",
O,2,"=""226.2685""","=""226.2686""","=""1""","=""7.06e+06""",D,"=""214229.671""","=""258411.26""","=""2s2.2p2.(3P).3p""","=""2P*""","=""3/2""","=""2s2.2p2.(3P).5s""","=""2P""","=""1/2""",4,2,,"=""T5723LS""","=""L10621""",
O,2,"=""228.3447""","=""228.3444""","=""8""","=""7.19e+06""",D,"=""211522.117""","=""255302.11""","=""2s2.2p2.(3P).3p""","=""2D*""","=""3/2""","=""2s2.2p2.(3P).4d""","=""2F""","=""5/2""",4,6,,"=""T5723LS""","=""L10621""",
O,3,"=""""","=""228.377""","=""""","=""1.62e+07""",C+,"=""370902.22""","=""414676""","=""2s2.2p.(2P*).4p""","=""1D""","=""2""","=""2s2.2p.(2P*).6d""","=""1D*""","=""2""",5,5,,"=""T5376""","=""""",
O,2,"=""228.4836""","=""228.4833""","=""9""","=""7.69e+06""",D,"=""211712.732""","=""255466.10""","=""2s2.2p2.(3P).3p""","=""2D*""","=""5/2""","=""2s2.2p2.(3P).4d""","=""2F""","=""7/2""",6,8,,"=""T5723LS""","=""L10621""",
O,3,"=""""","=""228.6332""","=""""","=""6.42e+05""",D,"=""356736.30""","=""400460.99""","=""2s2.2p.(2P*).4s""","=""3P*""","=""0""","=""2s.2p2.(4P).3d""","=""3P""","=""1""",1,3,,"=""T5376LS""","=""""",
O,1,"=""""","=""228.854""","=""""","=""1.35e+05""",D,"=""99680.968""","=""143363.4""","=""2s2.2p3.(4S*).4p""","=""3P""","=""1""","=""2s2.2p3.(2P*).4d""","=""3D*""","=""2""",3,5,,"=""T5803""","=""""",
O,1,"=""""","=""228.854""","=""""","=""2.48e+04""",D,"=""99680.968""","=""143363.4""","=""2s2.2p3.(4S*).4p""","=""3P""","=""1""","=""2s2.2p3.(2P*).4d""","=""3D*""","=""1""",3,3,,"=""T5803""","=""""",
O,1,"=""""","=""228.855""","=""""","=""1.67e+05""",D,"=""99681.049""","=""143363.4""","=""2s2.2p3.(4S*).4p""","=""3P""","=""2""","=""2s2.2p3.(2P*).4d""","=""3D*""","=""3""",5,7,,"=""T5803""","=""""",
O,1,"=""""","=""228.856""","=""""","=""8.29e+04""",D,"=""99681.309""","=""143363.4""","=""2s2.2p3.(4S*).4p""","=""3P""","=""0""","=""2s2.2p3.(2P*).4d""","=""3D*""","=""1""",1,3,,"=""T5803""","=""""",
O,3,"=""""","=""228.9200""","=""""","=""1.92e+06""",D,"=""356844.98""","=""400514.89""","=""2s2.2p.(2P*).4s""","=""3P*""","=""1""","=""2s.2p2.(4P).3d""","=""3P""","=""0""",3,1,,"=""T5376LS""","=""""",
O,2,"=""229.0839""","=""229.0846""","=""14""","=""7.41e+06""",C,"=""188888.543""","=""232527.09""","=""2s2.2p2.(3P).3s""","=""2P""","=""1/2""","=""2s2.2p2.(1D).3p""","=""2P*""","=""3/2""",2,4,,"=""T6172n""","=""L10621""",
O,3,"=""""","=""229.2030""","=""""","=""4.78e+05""",D,"=""356844.98""","=""400460.99""","=""2s2.2p.(2P*).4s""","=""3P*""","=""1""","=""2s.2p2.(4P).3d""","=""3P""","=""1""",3,3,,"=""T5376LS""","=""""",
O,3,"=""""","=""229.3267""","=""""","=""1.73e+06""",C,"=""283759.70""","=""327352.17""","=""2p4""","=""3P""","=""2""","=""2s2.2p.(2P*).3d""","=""3D*""","=""3""",5,7,,"=""T5376,T5791,LS""","=""""",
O,2,"=""229.3301""","=""229.3297""","=""15""","=""3.25e+07""",C,"=""188888.543""","=""232480.44""","=""2s2.2p2.(3P).3s""","=""2P""","=""1/2""","=""2s2.2p2.(1D).3p""","=""2P*""","=""1/2""",2,2,,"=""T6172n""","=""L10621""",
O,2,"=""""","=""229.3430""","=""""","=""5.07e+05""",D,"=""211712.732""","=""255302.11""","=""2s2.2p2.(3P).3p""","=""2D*""","=""5/2""","=""2s2.2p2.(3P).4d""","=""2F""","=""5/2""",6,6,,"=""T5723LS""","=""L11267""",
O,2,"=""""","=""229.5597""","=""""","=""5.29e+05""",D,"=""232527.09""","=""276075.32""","=""2s2.2p2.(1D).3p""","=""2P*""","=""3/2""","=""2s2.2p2.(1S).3d""","=""2D""","=""5/2""",4,6,,"=""T5723LS""","=""""",
O,3,"=""""","=""229.7160""","=""""","=""4.30e+05""",D,"=""283759.70""","=""327278.30""","=""2p4""","=""3P""","=""2""","=""2s2.2p.(2P*).3d""","=""3D*""","=""2""",5,5,,"=""T5376,T5791,LS""","=""""",
O,3,"=""""","=""229.7795""","=""""","=""4.75e+05""",D,"=""356844.98""","=""400351.56""","=""2s2.2p.(2P*).4s""","=""3P*""","=""1""","=""2s.2p2.(4P).3d""","=""3P""","=""2""",3,5,,"=""T5376LS""","=""""",
O,2,"=""""","=""229.7957""","=""""","=""4.40e+05""",D,"=""232480.44""","=""275983.95""","=""2s2.2p2.(1D).3p""","=""2P*""","=""1/2""","=""2s2.2p2.(1S).3d""","=""2D""","=""3/2""",2,4,,"=""T5723LS""","=""""",
O,3,"=""""","=""229.9753""","=""""","=""4.76e+04""",D,"=""283759.70""","=""327229.25""","=""2p4""","=""3P""","=""2""","=""2s2.2p.(2P*).3d""","=""3D*""","=""1""",5,3,,"=""T5376,T5791,LS""","=""""",
O,2,"=""230.0331""","=""230.0333""","=""17""","=""4.17e+07""",C,"=""189068.514""","=""232527.09""","=""2s2.2p2.(3P).3s""","=""2P""","=""3/2""","=""2s2.2p2.(1D).3p""","=""2P*""","=""3/2""",4,4,,"=""T6172n""","=""L10621""",
O,2,"=""""","=""230.0424""","=""""","=""8.77e+04""",E,"=""232527.09""","=""275983.95""","=""2s2.2p2.(1D).3p""","=""2P*""","=""3/2""","=""2s2.2p2.(1S).3d""","=""2D""","=""3/2""",4,4,,"=""T5723LS""","=""""",
O,2,"=""230.2808""","=""230.2806""","=""14""","=""1.67e+07""",C,"=""189068.514""","=""232480.44""","=""2s2.2p2.(3P).3s""","=""2P""","=""3/2""","=""2s2.2p2.(1D).3p""","=""2P*""","=""1/2""",4,2,,"=""T6172n""","=""L10621""",
O,3,"=""""","=""230.6416""","=""""","=""7.82e+05""",D,"=""357117.01""","=""400460.99""","=""2s2.2p.(2P*).4s""","=""3P*""","=""2""","=""2s.2p2.(4P).3d""","=""3P""","=""1""",5,3,,"=""T5376LS""","=""""",
O,3,"=""""","=""230.8711""","=""""","=""1.27e+06""",C,"=""283977.40""","=""327278.30""","=""2p4""","=""3P""","=""1""","=""2s2.2p.(2P*).3d""","=""3D*""","=""2""",3,5,,"=""T5376,T5791,LS""","=""""",
O,3,"=""""","=""230.8906""","=""""","=""1.02e+06""",C+,"=""327229.25""","=""370526.49""","=""2s2.2p.(2P*).3d""","=""3D*""","=""1""","=""2s2.2p.(2P*).4p""","=""3P""","=""2""",3,5,,"=""T5376LS""","=""""",
O,3,"=""""","=""231.1329""","=""""","=""7.03e+05""",D,"=""283977.40""","=""327229.25""","=""2p4""","=""3P""","=""1""","=""2s2.2p.(2P*).3d""","=""3D*""","=""1""",3,3,,"=""T5376,T5791,LS""","=""""",
O,3,"=""""","=""231.1525""","=""""","=""1.53e+07""",C+,"=""327278.30""","=""370526.49""","=""2s2.2p.(2P*).3d""","=""3D*""","=""2""","=""2s2.2p.(2P*).4p""","=""3P""","=""2""",5,5,,"=""T5376LS""","=""""",
O,3,"=""""","=""231.2254""","=""""","=""1.40e+06""",C,"=""357117.01""","=""400351.56""","=""2s2.2p.(2P*).4s""","=""3P*""","=""2""","=""2s.2p2.(4P).3d""","=""3P""","=""2""",5,5,,"=""T5376LS""","=""""",
O,3,"=""""","=""231.4689""","=""""","=""2.54e+07""",C+,"=""327229.25""","=""370418.32""","=""2s2.2p.(2P*).3d""","=""3D*""","=""1""","=""2s2.2p.(2P*).4p""","=""3P""","=""1""",3,3,,"=""T5376LS""","=""""",
O,3,"=""""","=""231.5480""","=""""","=""8.51e+07""",C+,"=""327352.17""","=""370526.49""","=""2s2.2p.(2P*).3d""","=""3D*""","=""3""","=""2s2.2p.(2P*).4p""","=""3P""","=""2""",7,5,,"=""T5376LS""","=""""",
O,3,"=""""","=""231.6390""","=""""","=""9.32e+05""",D,"=""284071.90""","=""327229.25""","=""2p4""","=""3P""","=""0""","=""2s2.2p.(2P*).3d""","=""3D*""","=""1""",1,3,,"=""T5376,T5791,LS""","=""""",
O,3,"=""""","=""231.7321""","=""""","=""7.58e+07""",C+,"=""327278.30""","=""370418.32""","=""2s2.2p.(2P*).3d""","=""3D*""","=""2""","=""2s2.2p.(2P*).4p""","=""3P""","=""1""",5,3,,"=""T5376LS""","=""""",
O,3,"=""""","=""231.9477""","=""""","=""1.01e+08""",C+,"=""327229.25""","=""370329.18""","=""2s2.2p.(2P*).3d""","=""3D*""","=""1""","=""2s2.2p.(2P*).4p""","=""3P""","=""0""",3,1,,"=""T5376LS""","=""""",
O,3,"=""""","=""232.0951""","=""""","=""2.15e-01""",B+,"=""113.178""","=""43185.74""","=""2s2.2p2""","=""3P""","=""1""","=""2s2.2p2""","=""1S""","=""0""",3,1,M1,"=""T4010,T4899,T4026""","=""""",
O,1,"=""""","=""232.47381""","=""""","=""4.61e+00""",C,"=""33792.583""","=""76794.978""","=""2s2.2p4""","=""1S""","=""0""","=""2s2.2p3.(4S*).3s""","=""3S*""","=""1""",1,3,,"=""T5986""","=""""",
O,2,"=""232.4797""","=""232.4803""","=""3""","=""6.70e+06""",D,"=""212161.881""","=""255163.08""","=""2s2.2p2.(3P).3p""","=""4S*""","=""3/2""","=""2s2.2p2.(3P).4d""","=""4P""","=""1/2""",4,2,,"=""T5723LS""","=""L10621""",
O,2,"=""232.5918""","=""232.5921""","=""6""","=""6.69e+06""",D,"=""212161.881""","=""255142.41""","=""2s2.2p2.(3P).3p""","=""4S*""","=""3/2""","=""2s2.2p2.(3P).4d""","=""4P""","=""3/2""",4,4,,"=""T5723LS""","=""L10621""",
O,2,"=""232.7938""","=""232.7947""","=""7""","=""6.68e+06""",D,"=""212161.881""","=""255105.01""","=""2s2.2p2.(3P).3p""","=""4S*""","=""3/2""","=""2s2.2p2.(3P).4d""","=""4P""","=""5/2""",4,6,,"=""T5723LS""","=""L10621""",
O,3,"=""""","=""233.1398""","=""""","=""6.34e-04""",C,"=""306.174""","=""43185.74""","=""2s2.2p2""","=""3P""","=""2""","=""2s2.2p2""","=""1S""","=""0""",5,1,E2,"=""T4010,T4899,T4026""","=""""",
O,2,"=""""","=""235.579""","=""""","=""1.05e+06""",D,"=""232480.44""","=""274916.0""","=""2s2.2p2.(1D).3p""","=""2P*""","=""1/2""","=""2s2.2p2.(1D).4d""","=""2D""","=""3/2""",2,4,,"=""T5723LS""","=""""",
O,2,"=""""","=""235.772""","=""""","=""1.26e+06""",D,"=""232527.09""","=""274928.0""","=""2s2.2p2.(1D).3p""","=""2P*""","=""3/2""","=""2s2.2p2.(1D).4d""","=""2D""","=""5/2""",4,6,,"=""T5723LS""","=""""",
O,2,"=""""","=""235.839""","=""""","=""2.09e+05""",E,"=""232527.09""","=""274916.0""","=""2s2.2p2.(1D).3p""","=""2P*""","=""3/2""","=""2s2.2p2.(1D).4d""","=""2D""","=""3/2""",4,4,,"=""T5723LS""","=""""",
O,3,"=""""","=""236.1237""","=""""","=""3.32e+05""",C,"=""324464.88""","=""366802.62""","=""2s2.2p.(2P*).3d""","=""3F*""","=""2""","=""2s2.2p.(2P*).4p""","=""3D""","=""3""",5,7,,"=""T5376LS""","=""""",
O,2,"=""""","=""236.5005""","=""""","=""1.52e+06""",D,"=""211522.117""","=""253792.40""","=""2s2.2p2.(3P).3p""","=""2D*""","=""3/2""","=""2s2.2p2.(1D).3d""","=""2P""","=""3/2""",4,4,,"=""T5723LS""","=""L11267""",
O,2,"=""236.5138""","=""236.5140""","=""9""","=""1.52e+07""",D,"=""211522.117""","=""253789.99""","=""2s2.2p2.(3P).3p""","=""2D*""","=""3/2""","=""2s2.2p2.(1D).3d""","=""2P""","=""1/2""",4,2,,"=""T5723LS""","=""L10621""",
O,3,"=""""","=""237.2215""","=""""","=""1.16e+07""",C+,"=""324660.80""","=""366802.62""","=""2s2.2p.(2P*).3d""","=""3F*""","=""3""","=""2s2.2p.(2P*).4p""","=""3D""","=""3""",7,7,,"=""T5376LS""","=""""",
O,3,"=""""","=""237.2831""","=""""","=""1.63e+07""",C+,"=""324464.88""","=""366595.76""","=""2s2.2p.(2P*).3d""","=""3F*""","=""2""","=""2s2.2p.(2P*).4p""","=""3D""","=""2""",5,5,,"=""T5376LS""","=""""",
O,3,"=""""","=""237.5414""","=""""","=""1.23e+06""",C,"=""350124.45""","=""392209.53""","=""2s.2p2.(4P).3s""","=""3P""","=""1""","=""2s2.2p.(2P*).5s""","=""3P*""","=""2""",3,5,,"=""T5376LS""","=""""",
O,2,"=""237.5731""","=""237.5719""","=""11""","=""1.35e+07""",D,"=""211712.732""","=""253792.40""","=""2s2.2p2.(3P).3p""","=""2D*""","=""5/2""","=""2s2.2p2.(1D).3d""","=""2P""","=""3/2""",6,4,,"=""T5723LS""","=""L10621""",
O,3,"=""""","=""237.8891""","=""""","=""1.45e+08""",C+,"=""324464.88""","=""366488.45""","=""2s2.2p.(2P*).3d""","=""3F*""","=""2""","=""2s2.2p.(2P*).4p""","=""3D""","=""1""",5,3,,"=""T5376LS""","=""""",
O,3,"=""""","=""238.2292""","=""""","=""1.32e+08""",C+,"=""324839.03""","=""366802.62""","=""2s2.2p.(2P*).3d""","=""3F*""","=""4""","=""2s2.2p.(2P*).4p""","=""3D""","=""3""",9,7,,"=""T5376LS""","=""""",
O,3,"=""""","=""238.3918""","=""""","=""1.28e+08""",C+,"=""324660.80""","=""366595.76""","=""2s2.2p.(2P*).3d""","=""3F*""","=""3""","=""2s2.2p.(2P*).4p""","=""3D""","=""2""",7,5,,"=""T5376LS""","=""""",
O,3,"=""""","=""238.5273""","=""""","=""3.66e+06""",C,"=""350298.38""","=""392209.53""","=""2s.2p2.(4P).3s""","=""3P""","=""2""","=""2s2.2p.(2P*).5s""","=""3P*""","=""2""",5,5,,"=""T5376LS""","=""""",
O,3,"=""""","=""238.6288""","=""""","=""1.62e+06""",C,"=""350024.49""","=""391917.80""","=""2s.2p2.(4P).3s""","=""3P""","=""0""","=""2s2.2p.(2P*).5s""","=""3P*""","=""1""",1,3,,"=""T5376LS""","=""""",
O,3,"=""239.044""","=""239.0432""","=""200bl""","=""1.62e+08""",C,"=""290958.25""","=""332778.94""","=""2s2.2p.(2P*).3p""","=""1P""","=""1""","=""2s2.2p.(2P*).3d""","=""1P*""","=""1""",3,3,,"=""T5376,T5791""","=""L3492""",
O,3,"=""""","=""239.1996""","=""""","=""1.21e+06""",D,"=""350124.45""","=""391917.80""","=""2s.2p2.(4P).3s""","=""3P""","=""1""","=""2s2.2p.(2P*).5s""","=""3P*""","=""1""",3,3,,"=""T5376LS""","=""""",
O,3,"=""""","=""239.6989""","=""""","=""4.81e+06""",C,"=""350124.45""","=""391830.76""","=""2s.2p2.(4P).3s""","=""3P""","=""1""","=""2s2.2p.(2P*).5s""","=""3P*""","=""0""",3,1,,"=""T5376LS""","=""""",
O,2,"=""239.8902""","=""239.8905""","=""2""","=""1.97e+06""",D,"=""214169.920""","=""255842.91""","=""2s2.2p2.(3P).3p""","=""2P*""","=""1/2""","=""2s2.2p2.(3P).4d""","=""2D""","=""3/2""",2,4,,"=""T5723LS""","=""L10621""",
O,2,"=""239.9189""","=""239.9197""","=""7""","=""2.37e+06""",D,"=""214229.671""","=""255897.59""","=""2s2.2p2.(3P).3p""","=""2P*""","=""3/2""","=""2s2.2p2.(3P).4d""","=""2D""","=""5/2""",4,6,,"=""T5723LS""","=""L10621""",
O,3,"=""""","=""240.1993""","=""""","=""1.99e+06""",C,"=""350298.38""","=""391917.80""","=""2s.2p2.(4P).3s""","=""3P""","=""2""","=""2s2.2p.(2P*).5s""","=""3P*""","=""1""",5,3,,"=""T5376LS""","=""""",
O,2,"=""240.2356""","=""240.2350""","=""3""","=""3.93e+05""",E,"=""214229.671""","=""255842.91""","=""2s2.2p2.(3P).3p""","=""2P*""","=""3/2""","=""2s2.2p2.(3P).4d""","=""2D""","=""3/2""",4,4,,"=""T5723LS""","=""L10621""",
O,2,"=""240.6391""","=""240.6376""","=""14""","=""1.85e+07""",C+,"=""206971.68""","=""248515.30""","=""2s2.2p2.(1D).3s""","=""2D""","=""5/2""","=""2s2.2p2.(3P).4p""","=""2P*""","=""3/2""",6,4,,"=""T5723LS""","=""L10621""",
O,2,"=""""","=""240.6437""","=""""","=""2.06e+06""",C+,"=""206972.72""","=""248515.30""","=""2s2.2p2.(1D).3s""","=""2D""","=""3/2""","=""2s2.2p2.(3P).4p""","=""2P*""","=""3/2""",4,4,,"=""T5723LS""","=""L11267""",
O,2,"=""""","=""240.7357""","=""""","=""1.67e+06""",D,"=""211522.117""","=""253048.82""","=""2s2.2p2.(3P).3p""","=""2D*""","=""3/2""","=""2s2.2p2.(1D).3d""","=""2D""","=""5/2""",4,6,,"=""T5723LS""","=""L11267""",
O,2,"=""240.7470""","=""240.7477""","=""13""","=""2.25e+07""",D,"=""211522.117""","=""253046.74""","=""2s2.2p2.(3P).3p""","=""2D*""","=""3/2""","=""2s2.2p2.(1D).3d""","=""2D""","=""3/2""",4,4,,"=""T5723LS""","=""L10621""",
O,2,"=""241.1622""","=""241.1597""","=""7*""","=""2.05e+07""",C+,"=""206972.72""","=""248426.41""","=""2s2.2p2.(1D).3s""","=""2D""","=""3/2""","=""2s2.2p2.(3P).4p""","=""2P*""","=""1/2""",4,2,,"=""T5723LS""","=""L10621""",
O,2,"=""241.1622""","=""241.1644""","=""7*""","=""1.10e+07""",D,"=""214169.920""","=""255622.80""","=""2s2.2p2.(3P).3p""","=""2P*""","=""1/2""","=""2s2.2p2.(1D).3d""","=""2S""","=""1/2""",2,2,,"=""T5723LS""","=""L10621""",
O,2,"=""241.5121""","=""241.5126""","=""6""","=""2.20e+07""",D,"=""214229.671""","=""255622.80""","=""2s2.2p2.(3P).3p""","=""2P*""","=""3/2""","=""2s2.2p2.(1D).3d""","=""2S""","=""1/2""",4,2,,"=""T5723LS""","=""L10621""",
O,1,"=""""","=""241.74132""","=""""","=""2.98e+05""",D,"=""88630.587""","=""129984.553""","=""2s2.2p3.(4S*).3p""","=""3P""","=""1""","=""2s2.2p3.(2D*<3/2>).4d""","=""3P*""","=""0""",3,1,,"=""T5713LS""","=""""",
O,1,"=""""","=""241.77154""","=""""","=""7.45e+04""",D,"=""88630.587""","=""129979.384""","=""2s2.2p3.(4S*).3p""","=""3P""","=""1""","=""2s2.2p3.(2D*<3/2>).4d""","=""3P*""","=""1""",3,3,,"=""T5713LS""","=""""",
O,1,"=""""","=""241.77481""","=""""","=""1.24e+05""",D,"=""88631.146""","=""129979.384""","=""2s2.2p3.(4S*).3p""","=""3P""","=""2""","=""2s2.2p3.(2D*<3/2>).4d""","=""3P*""","=""1""",5,3,,"=""T5713LS""","=""""",
O,1,"=""""","=""241.77573""","=""""","=""9.93e+04""",D,"=""88631.303""","=""129979.384""","=""2s2.2p3.(4S*).3p""","=""3P""","=""0""","=""2s2.2p3.(2D*<3/2>).4d""","=""3P*""","=""1""",1,3,,"=""T5713LS""","=""""",
O,1,"=""""","=""241.82643""","=""""","=""7.44e+04""",D,"=""88630.587""","=""129970.000""","=""2s2.2p3.(4S*).3p""","=""3P""","=""1""","=""2s2.2p3.(2D*<3/2>).4d""","=""3P*""","=""2""",3,5,,"=""T5713LS""","=""""",
O,1,"=""""","=""241.82970""","=""""","=""2.23e+05""",C,"=""88631.146""","=""129970.000""","=""2s2.2p3.(4S*).3p""","=""3P""","=""2""","=""2s2.2p3.(2D*<3/2>).4d""","=""3P*""","=""2""",5,5,,"=""T5713LS""","=""""",
O,2,"=""241.8459""","=""241.8459""","=""14""","=""2.30e+07""",D,"=""211712.732""","=""253048.82""","=""2s2.2p2.(3P).3p""","=""2D*""","=""5/2""","=""2s2.2p2.(1D).3d""","=""2D""","=""5/2""",6,6,,"=""T5723LS""","=""L10621""",
O,2,"=""""","=""241.8580""","=""""","=""2.47e+06""",D,"=""211712.732""","=""253046.74""","=""2s2.2p2.(3P).3p""","=""2D*""","=""5/2""","=""2s2.2p2.(1D).3d""","=""2D""","=""3/2""",6,4,,"=""T5723LS""","=""L11267""",
O,3,"=""""","=""242.052""","=""""","=""3.37e+06""",C+,"=""398139.92""","=""439440.8""","=""2s.2p2.(4P).3d""","=""5D""","=""2""","=""2s.2p2.(4P).4p""","=""5P*""","=""3""",5,7,,"=""T5376LS""","=""""",
O,3,"=""""","=""242.114""","=""""","=""2.36e+07""",C+,"=""398150.40""","=""439440.8""","=""2s.2p2.(4P).3d""","=""5D""","=""3""","=""2s.2p2.(4P).4p""","=""5P*""","=""3""",7,7,,"=""T5376LS""","=""""",
O,2,"=""242.5564""","=""242.5567""","=""15""","=""1.77e+07""",C+,"=""206971.68""","=""248186.64""","=""2s2.2p2.(1D).3s""","=""2D""","=""5/2""","=""2s2.2p2.(3P).4p""","=""2D*""","=""5/2""",6,6,,"=""T5723LS""","=""L10621""",
O,2,"=""""","=""242.5628""","=""""","=""1.27e+06""",C+,"=""206972.72""","=""248186.64""","=""2s2.2p2.(1D).3s""","=""2D""","=""3/2""","=""2s2.2p2.(3P).4p""","=""2D*""","=""5/2""",4,6,,"=""T5723LS""","=""L11267""",
O,3,"=""""","=""242.590""","=""""","=""9.05e+07""",C+,"=""398231.48""","=""439440.8""","=""2s.2p2.(4P).3d""","=""5D""","=""4""","=""2s.2p2.(4P).4p""","=""5P*""","=""3""",9,7,,"=""T5376LS""","=""""",
O,3,"=""""","=""242.631""","=""""","=""4.10e+07""",C+,"=""398139.92""","=""439342.3""","=""2s.2p2.(4P).3d""","=""5D""","=""2""","=""2s.2p2.(4P).4p""","=""5P*""","=""2""",5,5,,"=""T5376LS""","=""""",
O,3,"=""""","=""242.657""","=""""","=""1.05e+07""",C+,"=""398144.29""","=""439342.3""","=""2s.2p2.(4P).3d""","=""5D""","=""1""","=""2s.2p2.(4P).4p""","=""5P*""","=""2""",3,5,,"=""T5376LS""","=""""",
O,3,"=""""","=""242.692""","=""""","=""6.56e+07""",C+,"=""398150.40""","=""439342.3""","=""2s.2p2.(4P).3d""","=""5D""","=""3""","=""2s.2p2.(4P).4p""","=""5P*""","=""2""",7,5,,"=""T5376LS""","=""""",
O,3,"=""""","=""242.936""","=""""","=""4.09e+07""",C+,"=""398139.92""","=""439290.6""","=""2s.2p2.(4P).3d""","=""5D""","=""2""","=""2s.2p2.(4P).4p""","=""5P*""","=""1""",5,3,,"=""T5376LS""","=""""",
O,3,"=""""","=""242.961""","=""""","=""5.25e+07""",C+,"=""398144.29""","=""439290.6""","=""2s.2p2.(4P).3d""","=""5D""","=""1""","=""2s.2p2.(4P).4p""","=""5P*""","=""1""",3,3,,"=""T5376LS""","=""""",
O,3,"=""""","=""242.969""","=""""","=""2.33e+07""",C+,"=""398145.63""","=""439290.6""","=""2s.2p2.(4P).3d""","=""5D""","=""0""","=""2s.2p2.(4P).4p""","=""5P*""","=""1""",1,3,,"=""T5376LS""","=""""",
O,2,"=""243.1652""","=""243.1641""","=""5""","=""8.10e+06""",D,"=""214169.920""","=""255281.93""","=""2s2.2p2.(3P).3p""","=""2P*""","=""1/2""","=""2s2.2p2.(3P).4d""","=""2P""","=""1/2""",2,2,,"=""T5723LS""","=""L10621""",
O,1,"=""""","=""243.200""","=""""","=""3.71e+05""",C,"=""88630.587""","=""129736.6""","=""2s2.2p3.(4S*).3p""","=""3P""","=""1""","=""2s2.2p3.(2D*<3/2>).4d""","=""3S*""","=""1""",3,3,,"=""T5803""","=""""",
O,1,"=""""","=""243.203""","=""""","=""6.19e+05""",C,"=""88631.146""","=""129736.6""","=""2s2.2p3.(4S*).3p""","=""3P""","=""2""","=""2s2.2p3.(2D*<3/2>).4d""","=""3S*""","=""1""",5,3,,"=""T5803""","=""""",
O,1,"=""""","=""243.204""","=""""","=""1.23e+05""",D,"=""88631.303""","=""129736.6""","=""2s2.2p3.(4S*).3p""","=""3P""","=""0""","=""2s2.2p3.(2D*<3/2>).4d""","=""3S*""","=""1""",1,3,,"=""T5803""","=""""",
O,2,"=""243.3534""","=""243.3542""","=""20""","=""4.21e+07""",B,"=""188888.543""","=""229968.44""","=""2s2.2p2.(3P).3s""","=""2P""","=""1/2""","=""2s2.2p2.(1D).3p""","=""2D*""","=""3/2""",2,4,,"=""T6172n""","=""L10621""",
O,1,"=""""","=""243.399""","=""""","=""1.28e+05""",D,"=""88630.587""","=""129703.0""","=""2s2.2p3.(4S*).3p""","=""3P""","=""1""","=""2s2.2p3.(2D*<5/2>).4d""","=""3D*""","=""1""",3,3,,"=""T5803""","=""""",
O,1,"=""""","=""243.403""","=""""","=""1.70e+05""",C,"=""88631.303""","=""129703.0""","=""2s2.2p3.(4S*).3p""","=""3P""","=""0""","=""2s2.2p3.(2D*<5/2>).4d""","=""3D*""","=""1""",1,3,,"=""T5803""","=""""",
O,1,"=""""","=""243.431""","=""""","=""2.32e+05""",C,"=""88630.587""","=""129697.5""","=""2s2.2p3.(4S*).3p""","=""3P""","=""1""","=""2s2.2p3.(2D*<5/2>).4d""","=""3D*""","=""2""",3,5,,"=""T5803""","=""""",
O,1,"=""""","=""243.435""","=""""","=""7.70e+04""",D,"=""88631.146""","=""129697.5""","=""2s2.2p3.(4S*).3p""","=""3P""","=""2""","=""2s2.2p3.(2D*<5/2>).4d""","=""3D*""","=""2""",5,5,,"=""T5803""","=""""",
O,1,"=""""","=""243.465""","=""""","=""3.13e+05""",C,"=""88631.146""","=""129692.3""","=""2s2.2p3.(4S*).3p""","=""3P""","=""2""","=""2s2.2p3.(2D*<5/2>).4d""","=""3D*""","=""3""",5,7,,"=""T5803""","=""""",
O,3,"=""""","=""243.4918""","=""""","=""1.36e+07""",C+,"=""329469.80""","=""370526.49""","=""2s2.2p.(2P*).3d""","=""3P*""","=""2""","=""2s2.2p.(2P*).4p""","=""3P""","=""2""",5,5,,"=""T5376LS""","=""""",
O,2,"=""243.5189""","=""243.5181""","=""2""","=""4.03e+06""",D,"=""214229.671""","=""255281.93""","=""2s2.2p2.(3P).3p""","=""2P*""","=""3/2""","=""2s2.2p2.(3P).4d""","=""2P""","=""1/2""",4,2,,"=""T5723LS""","=""L10621""",
O,2,"=""""","=""243.5994""","=""""","=""1.88e+06""",C+,"=""206971.68""","=""248010.23""","=""2s2.2p2.(1D).3s""","=""2D""","=""5/2""","=""2s2.2p2.(3P).4p""","=""2D*""","=""3/2""",6,4,,"=""T5723LS""","=""L11267""",
O,2,"=""243.6051""","=""243.6056""","=""14""","=""1.69e+07""",C+,"=""206972.72""","=""248010.23""","=""2s2.2p2.(1D).3s""","=""2D""","=""3/2""","=""2s2.2p2.(3P).4p""","=""2D*""","=""3/2""",4,4,,"=""T5723LS""","=""L10621""",
O,2,"=""243.8066""","=""243.8067""","=""2""","=""2.01e+06""",D,"=""214169.920""","=""255173.58""","=""2s2.2p2.(3P).3p""","=""2P*""","=""1/2""","=""2s2.2p2.(3P).4d""","=""2P""","=""3/2""",2,4,,"=""T5723LS""","=""L10621""",
O,3,"=""243.883""","=""243.8814""","=""80bl""","=""1.40e+08""",B,"=""324735.65""","=""365726.76""","=""2s2.2p.(2P*).3d""","=""1D*""","=""2""","=""2s2.2p.(2P*).4p""","=""1P""","=""1""",5,3,,"=""T5376""","=""L3492""",
O,3,"=""""","=""244.104""","=""""","=""4.84e+07""",C+,"=""398487.08""","=""439440.8""","=""2s.2p2.(4P).3d""","=""5P""","=""3""","=""2s.2p2.(4P).4p""","=""5P*""","=""3""",7,7,,"=""T5376LS""","=""""",
O,3,"=""""","=""244.1351""","=""""","=""7.50e+06""",C+,"=""329469.80""","=""370418.32""","=""2s2.2p.(2P*).3d""","=""3P*""","=""2""","=""2s2.2p.(2P*).4p""","=""3P""","=""1""",5,3,,"=""T5376LS""","=""""",
O,2,"=""244.1626""","=""244.1626""","=""8""","=""1.00e+07""",D,"=""214229.671""","=""255173.58""","=""2s2.2p2.(3P).3p""","=""2P*""","=""3/2""","=""2s2.2p2.(3P).4d""","=""2P""","=""3/2""",4,4,,"=""T5723LS""","=""L10621""",
O,3,"=""""","=""244.1704""","=""""","=""4.50e+06""",C+,"=""329583.89""","=""370526.49""","=""2s2.2p.(2P*).3d""","=""3P*""","=""1""","=""2s2.2p.(2P*).4p""","=""3P""","=""2""",3,5,,"=""T5376LS""","=""""",
O,2,"=""244.4248""","=""244.4251""","=""16""","=""7.56e+06""",B,"=""189068.514""","=""229968.44""","=""2s2.2p2.(3P).3s""","=""2P""","=""3/2""","=""2s2.2p2.(1D).3p""","=""2D*""","=""3/2""",4,4,,"=""T6172n""","=""L10621""",
O,3,"=""""","=""244.523""","=""""","=""2.41e+07""",C+,"=""398557.17""","=""439440.8""","=""2s.2p2.(4P).3d""","=""5P""","=""2""","=""2s.2p2.(4P).4p""","=""5P*""","=""3""",5,7,,"=""T5376LS""","=""""",
O,2,"=""244.5538""","=""244.5529""","=""22""","=""4.98e+07""",B,"=""189068.514""","=""229947.07""","=""2s2.2p2.(3P).3s""","=""2P""","=""3/2""","=""2s2.2p2.(1D).3p""","=""2D*""","=""5/2""",4,6,,"=""T6172n""","=""L10621""",
O,3,"=""""","=""244.693""","=""""","=""3.36e+07""",C+,"=""398487.08""","=""439342.3""","=""2s.2p2.(4P).3d""","=""5P""","=""3""","=""2s.2p2.(4P).4p""","=""5P*""","=""2""",7,5,,"=""T5376LS""","=""""",
O,3,"=""""","=""244.8172""","=""""","=""4.46e+06""",C+,"=""329583.89""","=""370418.32""","=""2s2.2p.(2P*).3d""","=""3P*""","=""1""","=""2s2.2p.(2P*).4p""","=""3P""","=""1""",3,3,,"=""T5376LS""","=""""",
O,3,"=""""","=""245.113""","=""""","=""5.97e+06""",C+,"=""398557.17""","=""439342.3""","=""2s.2p2.(4P).3d""","=""5P""","=""2""","=""2s.2p2.(4P).4p""","=""5P*""","=""2""",5,5,,"=""T5376LS""","=""""",
O,3,"=""""","=""245.1850""","=""""","=""5.92e+06""",C+,"=""329645.14""","=""370418.32""","=""2s2.2p.(2P*).3d""","=""3P*""","=""0""","=""2s2.2p.(2P*).4p""","=""3P""","=""1""",1,3,,"=""T5376LS""","=""""",
O,3,"=""""","=""245.345""","=""""","=""3.21e+07""",C+,"=""398595.65""","=""439342.3""","=""2s.2p2.(4P).3d""","=""5P""","=""1""","=""2s.2p2.(4P).4p""","=""5P*""","=""2""",3,5,,"=""T5376LS""","=""""",
O,3,"=""""","=""245.3529""","=""""","=""1.77e+07""",C+,"=""329583.89""","=""370329.18""","=""2s2.2p.(2P*).3d""","=""3P*""","=""1""","=""2s2.2p.(2P*).4p""","=""3P""","=""0""",3,1,,"=""T5376LS""","=""""",
O,3,"=""""","=""245.424""","=""""","=""5.35e+07""",C+,"=""398557.17""","=""439290.6""","=""2s.2p2.(4P).3d""","=""5P""","=""2""","=""2s.2p2.(4P).4p""","=""5P*""","=""1""",5,3,,"=""T5376LS""","=""""",
O,3,"=""245.499""","=""245.4966""","=""200""","=""3.43e+08""",B,"=""273081.33""","=""313802.77""","=""2s2.2p.(2P*).3s""","=""1P*""","=""1""","=""2s2.2p.(2P*).3p""","=""1S""","=""0""",3,1,,"=""T5376,T5791,u24""","=""L3492""",
O,3,"=""""","=""245.656""","=""""","=""1.78e+07""",C+,"=""398595.65""","=""439290.6""","=""2s.2p2.(4P).3d""","=""5P""","=""1""","=""2s.2p2.(4P).4p""","=""5P*""","=""1""",3,3,,"=""T5376LS""","=""""",
O,2,"=""""","=""247.0219""","=""""","=""2.12e-02""",C+,"=""0.00""","=""40470.00""","=""2s2.2p3""","=""4S*""","=""3/2""","=""2s2.2p3""","=""2P*""","=""1/2""",4,2,M1,"=""T5047,T4644""","=""L11267""",
O,2,"=""""","=""247.0219""","=""""","=""3.72e-07""",D,"=""0.00""","=""40470.00""","=""2s2.2p3""","=""4S*""","=""3/2""","=""2s2.2p3""","=""2P*""","=""1/2""",4,2,E2,"=""T5047,T4644""","=""""",
O,2,"=""""","=""247.0341""","=""""","=""5.22e-02""",C+,"=""0.00""","=""40468.01""","=""2s2.2p3""","=""4S*""","=""3/2""","=""2s2.2p3""","=""2P*""","=""3/2""",4,4,M1,"=""T5047,T4644""","=""L11267""",
O,2,"=""""","=""247.0341""","=""""","=""2.43e-07""",C+,"=""0.00""","=""40468.01""","=""2s2.2p3""","=""4S*""","=""3/2""","=""2s2.2p3""","=""2P*""","=""3/2""",4,4,E2,"=""T5047,T4644""","=""""",
O,3,"=""""","=""249.6031""","=""""","=""4.74e-03""",C,"=""20273.27""","=""60324.79""","=""2s2.2p2""","=""1D""","=""2""","=""2s.2p3""","=""5S*""","=""2""",5,5,,"=""T4899c94""","=""""",
O,2,"=""251.7974""","=""251.7964""","=""12""","=""7.72e+06""",D,"=""211522.117""","=""251224.79""","=""2s2.2p2.(3P).3p""","=""2D*""","=""3/2""","=""2s2.2p2.(1D).3d""","=""2F""","=""5/2""",4,6,,"=""T5723LS""","=""L10621""",
O,2,"=""""","=""252.3061""","=""""","=""2.41e+06""",D,"=""214169.920""","=""253792.40""","=""2s2.2p2.(3P).3p""","=""2P*""","=""1/2""","=""2s2.2p2.(1D).3d""","=""2P""","=""3/2""",2,4,,"=""T5723LS""","=""L11267""",
O,2,"=""252.3212""","=""252.3214""","=""7""","=""9.63e+06""",D,"=""214169.920""","=""253789.99""","=""2s2.2p2.(3P).3p""","=""2P*""","=""1/2""","=""2s2.2p2.(1D).3d""","=""2P""","=""1/2""",2,2,,"=""T5723LS""","=""L10621""",
O,2,"=""252.6869""","=""252.6872""","=""11""","=""1.20e+07""",D,"=""214229.671""","=""253792.40""","=""2s2.2p2.(3P).3p""","=""2P*""","=""3/2""","=""2s2.2p2.(1D).3d""","=""2P""","=""3/2""",4,4,,"=""T5723LS""","=""L10621""",
O,2,"=""""","=""252.7026""","=""""","=""4.79e+06""",D,"=""214229.671""","=""253789.99""","=""2s2.2p2.(3P).3p""","=""2P*""","=""3/2""","=""2s2.2p2.(1D).3d""","=""2P""","=""1/2""",4,2,,"=""T5723LS""","=""L11267""",
O,3,"=""""","=""252.9327""","=""""","=""3.01e+06""",C+,"=""327278.30""","=""366802.62""","=""2s2.2p.(2P*).3d""","=""3D*""","=""2""","=""2s2.2p.(2P*).4p""","=""3D""","=""3""",5,7,,"=""T5376LS""","=""""",
O,2,"=""""","=""253.0112""","=""""","=""5.44e+05""",D,"=""211712.732""","=""251224.79""","=""2s2.2p2.(3P).3p""","=""2D*""","=""5/2""","=""2s2.2p2.(1D).3d""","=""2F""","=""5/2""",6,6,,"=""T5723LS""","=""L11267""",
O,2,"=""253.0274""","=""253.0279""","=""13""","=""8.16e+06""",D,"=""211712.732""","=""251222.19""","=""2s2.2p2.(3P).3p""","=""2D*""","=""5/2""","=""2s2.2p2.(1D).3d""","=""2F""","=""7/2""",6,8,,"=""T5723LS""","=""L10621""",
O,3,"=""""","=""253.4064""","=""""","=""2.39e+07""",C+,"=""327352.17""","=""366802.62""","=""2s2.2p.(2P*).3d""","=""3D*""","=""3""","=""2s2.2p.(2P*).4p""","=""3D""","=""3""",7,7,,"=""T5376LS""","=""""",
O,3,"=""""","=""253.9467""","=""""","=""4.01e+06""",C+,"=""327229.25""","=""366595.76""","=""2s2.2p.(2P*).3d""","=""3D*""","=""1""","=""2s2.2p.(2P*).4p""","=""3D""","=""2""",3,5,,"=""T5376LS""","=""""",
O,3,"=""""","=""254.2636""","=""""","=""1.85e+07""",C+,"=""327278.30""","=""366595.76""","=""2s2.2p.(2P*).3d""","=""3D*""","=""2""","=""2s2.2p.(2P*).4p""","=""3D""","=""2""",5,5,,"=""T5376LS""","=""""",
O,3,"=""""","=""254.6409""","=""""","=""1.99e+07""",C+,"=""327229.25""","=""366488.45""","=""2s2.2p.(2P*).3d""","=""3D*""","=""1""","=""2s2.2p.(2P*).4p""","=""3D""","=""1""",3,3,,"=""T5376LS""","=""""",
O,3,"=""""","=""254.7422""","=""""","=""4.13e+06""",C+,"=""327352.17""","=""366595.76""","=""2s2.2p.(2P*).3d""","=""3D*""","=""3""","=""2s2.2p.(2P*).4p""","=""3D""","=""2""",7,5,,"=""T5376LS""","=""""",
O,3,"=""""","=""254.9595""","=""""","=""6.60e+06""",C+,"=""327278.30""","=""366488.45""","=""2s2.2p.(2P*).3d""","=""3D*""","=""2""","=""2s2.2p.(2P*).4p""","=""3D""","=""1""",5,3,,"=""T5376LS""","=""""",
O,3,"=""""","=""254.9672""","=""""","=""3.69e+04""",C,"=""267377.11""","=""306586.08""","=""2s2.2p.(2P*).3s""","=""3P*""","=""1""","=""2s2.2p.(2P*).3p""","=""1D""","=""2""",3,5,,"=""u24""","=""""",
O,3,"=""255.806""","=""255.8035""","=""200""","=""1.38e+08""",B,"=""331821.44""","=""370902.22""","=""2s2.2p.(2P*).3d""","=""1F*""","=""3""","=""2s2.2p.(2P*).4p""","=""1D""","=""2""",7,5,,"=""T5376""","=""L3492""",
O,3,"=""""","=""256.6488""","=""""","=""2.39e+04""",C,"=""267634.00""","=""306586.08""","=""2s2.2p.(2P*).3s""","=""3P*""","=""2""","=""2s2.2p.(2P*).3p""","=""1D""","=""2""",5,5,,"=""u24""","=""""",
O,2,"=""257.1454""","=""257.1457""","=""11""","=""1.15e+07""",D,"=""214169.920""","=""253046.74""","=""2s2.2p2.(3P).3p""","=""2P*""","=""1/2""","=""2s2.2p2.(1D).3d""","=""2D""","=""3/2""",2,4,,"=""T5723LS""","=""L10621""",
O,2,"=""257.5271""","=""257.5277""","=""13""","=""1.37e+07""",D,"=""214229.671""","=""253048.82""","=""2s2.2p2.(3P).3p""","=""2P*""","=""3/2""","=""2s2.2p2.(1D).3d""","=""2D""","=""5/2""",4,6,,"=""T5723LS""","=""L10621""",
O,2,"=""""","=""257.5415""","=""""","=""2.29e+06""",D,"=""214229.671""","=""253046.74""","=""2s2.2p2.(3P).3p""","=""2P*""","=""3/2""","=""2s2.2p2.(1D).3d""","=""2D""","=""3/2""",4,4,,"=""T5723LS""","=""L11267""",
O,3,"=""""","=""259.7699""","=""""","=""1.20e+08""",C+,"=""329469.80""","=""367953.90""","=""2s2.2p.(2P*).3d""","=""3P*""","=""2""","=""2s2.2p.(2P*).4p""","=""3S""","=""1""",5,3,,"=""T5376LS""","=""""",
O,3,"=""""","=""260.5424""","=""""","=""7.14e+07""",C+,"=""329583.89""","=""367953.90""","=""2s2.2p.(2P*).3d""","=""3P*""","=""1""","=""2s2.2p.(2P*).4p""","=""3S""","=""1""",3,3,,"=""T5376LS""","=""""",
O,3,"=""""","=""260.9590""","=""""","=""2.37e+07""",C+,"=""329645.14""","=""367953.90""","=""2s2.2p.(2P*).3d""","=""3P*""","=""0""","=""2s2.2p.(2P*).4p""","=""3S""","=""1""",1,3,,"=""T5376LS""","=""""",
O,1,"=""""","=""261.145""","=""""","=""1.48e+05""",C,"=""99681.049""","=""137962.5""","=""2s2.2p3.(4S*).4p""","=""3P""","=""2""","=""2s2.2p3.(2P*).3d""","=""3D*""","=""3""",5,7,,"=""T5803""","=""""",
O,1,"=""""","=""261.145""","=""""","=""1.08e+05""",D,"=""99680.968""","=""137962.5""","=""2s2.2p3.(4S*).4p""","=""3P""","=""1""","=""2s2.2p3.(2P*).3d""","=""3D*""","=""2""",3,5,,"=""T5803""","=""""",
O,1,"=""""","=""261.145""","=""""","=""7.10e+04""",D,"=""99681.049""","=""137962.5""","=""2s2.2p3.(4S*).4p""","=""3P""","=""2""","=""2s2.2p3.(2P*).3d""","=""3D*""","=""2""",5,5,,"=""T5803""","=""""",
O,1,"=""""","=""261.145""","=""""","=""9.57e+04""",D,"=""99680.968""","=""137962.5""","=""2s2.2p3.(4S*).4p""","=""3P""","=""1""","=""2s2.2p3.(2P*).3d""","=""3D*""","=""1""",3,3,,"=""T5803""","=""""",
O,1,"=""""","=""261.147""","=""""","=""9.00e+04""",D,"=""99681.309""","=""137962.5""","=""2s2.2p3.(4S*).4p""","=""3P""","=""0""","=""2s2.2p3.(2P*).3d""","=""3D*""","=""1""",1,3,,"=""T5803""","=""""",
O,3,"=""""","=""262.2287""","=""""","=""1.21e+07""",B,"=""332778.94""","=""370902.22""","=""2s2.2p.(2P*).3d""","=""1P*""","=""1""","=""2s2.2p.(2P*).4p""","=""1D""","=""2""",3,5,,"=""T5376""","=""""",
O,3,"=""""","=""266.5684""","=""""","=""6.75e+07""",C+,"=""338577.25""","=""376079.92""","=""2s.2p2.(4P).3s""","=""5P""","=""1""","=""2s.2p2.(4P).3p""","=""5S*""","=""2""",3,5,,"=""T5376LS""","=""""",
O,3,"=""""","=""267.4580""","=""""","=""1.11e+08""",C+,"=""338701.98""","=""376079.92""","=""2s.2p2.(4P).3s""","=""5P""","=""2""","=""2s.2p2.(4P).3p""","=""5S*""","=""2""",5,5,,"=""T5376LS""","=""""",
O,3,"=""""","=""267.7813""","=""""","=""9.66e+06""",C+,"=""329469.80""","=""366802.62""","=""2s2.2p.(2P*).3d""","=""3P*""","=""2""","=""2s2.2p.(2P*).4p""","=""3D""","=""3""",5,7,,"=""T5376LS""","=""""",
O,3,"=""""","=""268.3658""","=""""","=""1.85e+08""",C+,"=""363263.38""","=""400514.89""","=""2s.2p2.(4P).3p""","=""3S*""","=""1""","=""2s.2p2.(4P).3d""","=""3P""","=""0""",3,1,,"=""T5376LS""","=""""",
O,3,"=""""","=""268.6154""","=""""","=""1.54e+08""",C+,"=""338863.03""","=""376079.92""","=""2s.2p2.(4P).3s""","=""5P""","=""3""","=""2s.2p2.(4P).3p""","=""5S*""","=""2""",7,5,,"=""T5376LS""","=""""",
O,3,"=""268.753""","=""268.7547""","=""80""","=""1.84e+08""",C+,"=""363263.38""","=""400460.99""","=""2s.2p2.(4P).3p""","=""3S*""","=""1""","=""2s.2p2.(4P).3d""","=""3P""","=""1""",3,3,,"=""T5376LS""","=""L3492""",
O,3,"=""""","=""269.2734""","=""""","=""2.38e+06""",C+,"=""329469.80""","=""366595.76""","=""2s2.2p.(2P*).3d""","=""3P*""","=""2""","=""2s2.2p.(2P*).4p""","=""3D""","=""2""",5,5,,"=""T5376LS""","=""""",
O,3,"=""269.549""","=""269.5477""","=""110""","=""1.82e+08""",C+,"=""363263.38""","=""400351.56""","=""2s.2p2.(4P).3p""","=""3S*""","=""1""","=""2s.2p2.(4P).3d""","=""3P""","=""2""",3,5,,"=""T5376LS""","=""L3492""",
O,3,"=""""","=""270.0540""","=""""","=""2.62e+05""",C,"=""329469.80""","=""366488.45""","=""2s2.2p.(2P*).3d""","=""3P*""","=""2""","=""2s2.2p.(2P*).4p""","=""3D""","=""1""",5,3,,"=""T5376LS""","=""""",
O,3,"=""""","=""270.1035""","=""""","=""7.06e+06""",C+,"=""329583.89""","=""366595.76""","=""2s2.2p.(2P*).3d""","=""3P*""","=""1""","=""2s2.2p.(2P*).4p""","=""3D""","=""2""",3,5,,"=""T5376LS""","=""""",
O,3,"=""""","=""270.8889""","=""""","=""3.89e+06""",C+,"=""329583.89""","=""366488.45""","=""2s2.2p.(2P*).3d""","=""3P*""","=""1""","=""2s2.2p.(2P*).4p""","=""3D""","=""1""",3,3,,"=""T5376LS""","=""""",
O,3,"=""""","=""271.3393""","=""""","=""5.16e+06""",C+,"=""329645.14""","=""366488.45""","=""2s2.2p.(2P*).3d""","=""3P*""","=""0""","=""2s2.2p.(2P*).4p""","=""3D""","=""1""",1,3,,"=""T5376LS""","=""""",
O,2,"=""271.5365""","=""271.5360""","=""8""","=""1.24e+06""",C,"=""195710.47""","=""232527.09""","=""2s.2p4""","=""2S""","=""1/2""","=""2s2.2p2.(1D).3p""","=""2P*""","=""3/2""",2,4,,"=""T6172n""","=""L10621""",
O,2,"=""271.8828""","=""271.8805""","=""6""","=""1.10e+06""",C+,"=""195710.47""","=""232480.44""","=""2s.2p4""","=""2S""","=""1/2""","=""2s2.2p2.(1D).3p""","=""2P*""","=""1/2""",2,2,,"=""T6172n""","=""L10621""",
O,3,"=""""","=""272.689""","=""""","=""8.01e+07""",C+,"=""400351.56""","=""437012.5""","=""2s.2p2.(4P).3d""","=""3P""","=""2""","=""2s.2p2.(4P).4p""","=""3S*""","=""1""",5,3,,"=""T5376LS""","=""""",
O,2,"=""273.3289""","=""273.3294""","=""17""","=""5.93e+07""",C,"=""203942.288""","=""240517.35""","=""2s2.2p2.(3P).3p""","=""2S*""","=""1/2""","=""2s2.2p2.(3P).4s""","=""2P""","=""3/2""",2,4,,"=""T5723LS""","=""L10621""",
O,3,"=""""","=""273.506""","=""""","=""4.76e+07""",C+,"=""400460.99""","=""437012.5""","=""2s.2p2.(4P).3d""","=""3P""","=""1""","=""2s.2p2.(4P).4p""","=""3S*""","=""1""",3,3,,"=""T5376LS""","=""""",
O,3,"=""""","=""273.909""","=""""","=""1.58e+07""",C+,"=""400514.89""","=""437012.5""","=""2s.2p2.(4P).3d""","=""3P""","=""0""","=""2s.2p2.(4P).4p""","=""3S*""","=""1""",1,3,,"=""T5376LS""","=""""",
O,2,"=""274.7367""","=""274.7367""","=""15""","=""5.84e+07""",C,"=""203942.288""","=""240330.01""","=""2s2.2p2.(3P).3p""","=""2S*""","=""1/2""","=""2s2.2p2.(3P).4s""","=""2P""","=""1/2""",2,2,,"=""T5723LS""","=""L10621""",
O,3,"=""""","=""277.196""","=""""","=""1.91e+07""",B,"=""365726.76""","=""401791.7""","=""2s2.2p.(2P*).4p""","=""1P""","=""1""","=""2s2.2p.(2P*).5d""","=""1D*""","=""2""",3,5,,"=""T5376""","=""""",
O,2,"=""278.3026""","=""278.3029""","=""6""","=""2.55e+06""",D,"=""212593.82""","=""248515.30""","=""2s.2p4""","=""2P""","=""3/2""","=""2s2.2p2.(3P).4p""","=""2P*""","=""3/2""",4,4,,"=""T5723LS""","=""L10621""",
O,2,"=""278.9934""","=""278.9933""","=""2""","=""1.01e+06""",D,"=""212593.82""","=""248426.41""","=""2s.2p4""","=""2P""","=""3/2""","=""2s2.2p2.(3P).4p""","=""2P*""","=""1/2""",4,2,,"=""T5723LS""","=""L10621""",
O,3,"=""""","=""279.4139""","=""""","=""1.82e+07""",C+,"=""293866.49""","=""329645.14""","=""2s2.2p.(2P*).3p""","=""3D""","=""1""","=""2s2.2p.(2P*).3d""","=""3P*""","=""0""",3,1,,"=""T5376,T5791,LS""","=""""",
O,2,"=""""","=""279.6140""","=""""","=""5.03e+05""",D,"=""212762.25""","=""248515.30""","=""2s.2p4""","=""2P""","=""1/2""","=""2s2.2p2.(3P).4p""","=""2P*""","=""3/2""",2,4,,"=""T5723LS""","=""""",
O,3,"=""""","=""279.8931""","=""""","=""4.52e+06""",C+,"=""293866.49""","=""329583.89""","=""2s2.2p.(2P*).3p""","=""3D""","=""1""","=""2s2.2p.(2P*).3d""","=""3P*""","=""1""",3,3,,"=""T5376,T5791,LS""","=""""",
O,1,"=""""","=""279.985""","=""""","=""4.85e+05""",C+,"=""88630.587""","=""124336.3""","=""2s2.2p3.(4S*).3p""","=""3P""","=""1""","=""2s2.2p3.(2D*<3/2>).3d""","=""3S*""","=""1""",3,3,,"=""T5803""","=""""",
O,1,"=""""","=""279.989""","=""""","=""8.08e+05""",C+,"=""88631.146""","=""124336.3""","=""2s2.2p3.(4S*).3p""","=""3P""","=""2""","=""2s2.2p3.(2D*<3/2>).3d""","=""3S*""","=""1""",5,3,,"=""T5803""","=""""",
O,1,"=""""","=""279.990""","=""""","=""1.61e+05""",C,"=""88631.303""","=""124336.3""","=""2s2.2p3.(4S*).3p""","=""3P""","=""0""","=""2s2.2p3.(2D*<3/2>).3d""","=""3S*""","=""1""",1,3,,"=""T5803""","=""""",
O,2,"=""280.3101""","=""280.3109""","=""1""","=""2.00e+06""",D,"=""212762.25""","=""248426.41""","=""2s.2p4""","=""2P""","=""1/2""","=""2s2.2p2.(3P).4p""","=""2P*""","=""1/2""",2,2,,"=""T5723LS""","=""L10621""",
O,1,"=""""","=""280.553""","=""""","=""1.77e+05""",C,"=""88630.587""","=""124264.0""","=""2s2.2p3.(4S*).3p""","=""3P""","=""1""","=""2s2.2p3.(2D*<5/2>).3d""","=""3D*""","=""1""",3,3,,"=""T5803""","=""""",
O,1,"=""""","=""280.557""","=""""","=""1.18e+04""",D,"=""88631.146""","=""124264.0""","=""2s2.2p3.(4S*).3p""","=""3P""","=""2""","=""2s2.2p3.(2D*<5/2>).3d""","=""3D*""","=""1""",5,3,,"=""T5803""","=""""",
O,1,"=""""","=""280.558""","=""""","=""2.36e+05""",C,"=""88631.303""","=""124264.0""","=""2s2.2p3.(4S*).3p""","=""3P""","=""0""","=""2s2.2p3.(2D*<5/2>).3d""","=""3D*""","=""1""",1,3,,"=""T5803""","=""""",
O,1,"=""""","=""280.602""","=""""","=""3.22e+05""",C,"=""88630.587""","=""124257.7""","=""2s2.2p3.(4S*).3p""","=""3P""","=""1""","=""2s2.2p3.(2D*<5/2>).3d""","=""3D*""","=""2""",3,5,,"=""T5803""","=""""",
O,1,"=""""","=""280.607""","=""""","=""1.07e+05""",C,"=""88631.146""","=""124257.7""","=""2s2.2p3.(4S*).3p""","=""3P""","=""2""","=""2s2.2p3.(2D*<5/2>).3d""","=""3D*""","=""2""",5,5,,"=""T5803""","=""""",
O,1,"=""""","=""280.690""","=""""","=""4.35e+05""",C,"=""88631.146""","=""124247.1""","=""2s2.2p3.(4S*).3p""","=""3P""","=""2""","=""2s2.2p3.(2D*<5/2>).3d""","=""3D*""","=""3""",5,7,,"=""T5803""","=""""",
O,3,"=""""","=""280.7900""","=""""","=""1.79e+05""",C,"=""293866.49""","=""329469.80""","=""2s2.2p.(2P*).3p""","=""3D""","=""1""","=""2s2.2p.(2P*).3d""","=""3P*""","=""2""",3,5,,"=""T5376,T5791,LS""","=""""",
O,2,"=""280.8729""","=""280.8728""","=""8""","=""4.48e+06""",D,"=""212593.82""","=""248186.64""","=""2s.2p4""","=""2P""","=""3/2""","=""2s2.2p2.(3P).4p""","=""2D*""","=""5/2""",4,6,,"=""T5723LS""","=""L10621""",
O,3,"=""""","=""280.9659""","=""""","=""1.34e+07""",C+,"=""294002.86""","=""329583.89""","=""2s2.2p.(2P*).3p""","=""3D""","=""2""","=""2s2.2p.(2P*).3d""","=""3P*""","=""1""",5,3,,"=""T5376,T5791,LS""","=""""",
O,3,"=""""","=""281.8697""","=""""","=""2.66e+06""",C+,"=""294002.86""","=""329469.80""","=""2s2.2p.(2P*).3p""","=""3D""","=""2""","=""2s2.2p.(2P*).3d""","=""3P*""","=""2""",5,5,,"=""T5376,T5791,LS""","=""""",
O,2,"=""""","=""282.2719""","=""""","=""7.35e+05""",D,"=""212593.82""","=""248010.23""","=""2s.2p4""","=""2P""","=""3/2""","=""2s2.2p2.(3P).4p""","=""2D*""","=""3/2""",4,4,,"=""T5723LS""","=""L11267""",
O,2,"=""283.6220""","=""283.6208""","=""7""","=""3.62e+06""",D,"=""212762.25""","=""248010.23""","=""2s.2p4""","=""2P""","=""1/2""","=""2s2.2p2.(3P).4p""","=""2D*""","=""3/2""",2,4,,"=""T5723LS""","=""L10621""",
O,3,"=""""","=""283.6308""","=""""","=""1.46e+07""",C+,"=""294223.07""","=""329469.80""","=""2s2.2p.(2P*).3p""","=""3D""","=""3""","=""2s2.2p.(2P*).3d""","=""3P*""","=""2""",7,5,,"=""T5376,T5791,LS""","=""""",
O,3,"=""""","=""284.575""","=""""","=""2.90e+07""",C+,"=""366595.76""","=""401725.6""","=""2s2.2p.(2P*).4p""","=""3D""","=""2""","=""2s2.2p.(2P*).5d""","=""3F*""","=""3""",5,7,,"=""T5376LS""","=""""",
O,3,"=""""","=""284.893""","=""""","=""3.26e+07""",C+,"=""366802.62""","=""401893.2""","=""2s2.2p.(2P*).4p""","=""3D""","=""3""","=""2s2.2p.(2P*).5d""","=""3F*""","=""4""",7,9,,"=""T5376LS""","=""""",
O,3,"=""""","=""285.375""","=""""","=""2.72e+07""",C+,"=""366488.45""","=""401519.8""","=""2s2.2p.(2P*).4p""","=""3D""","=""1""","=""2s2.2p.(2P*).5d""","=""3F*""","=""2""",3,5,,"=""T5376LS""","=""""",
O,3,"=""""","=""286.252""","=""""","=""5.01e+06""",C+,"=""366595.76""","=""401519.8""","=""2s2.2p.(2P*).4p""","=""3D""","=""2""","=""2s2.2p.(2P*).5d""","=""3F*""","=""2""",5,5,,"=""T5376LS""","=""""",
O,3,"=""""","=""286.260""","=""""","=""3.58e+06""",C+,"=""366802.62""","=""401725.6""","=""2s2.2p.(2P*).4p""","=""3D""","=""3""","=""2s2.2p.(2P*).5d""","=""3F*""","=""3""",7,7,,"=""T5376LS""","=""""",
O,1,"=""""","=""287.62948""","=""""","=""1.47e+06""",C,"=""88630.587""","=""123387.339""","=""2s2.2p3.(4S*).3p""","=""3P""","=""1""","=""2s2.2p3.(2D*<3/2>).3d""","=""3P*""","=""0""",3,1,,"=""T5713LS""","=""""",
O,1,"=""""","=""287.89312""","=""""","=""3.68e+05""",C,"=""88630.587""","=""123355.512""","=""2s2.2p3.(4S*).3p""","=""3P""","=""1""","=""2s2.2p3.(2D*<3/2>).3d""","=""3P*""","=""1""",3,3,,"=""T5713LS""","=""""",
O,1,"=""""","=""287.89776""","=""""","=""6.13e+05""",C,"=""88631.146""","=""123355.512""","=""2s2.2p3.(4S*).3p""","=""3P""","=""2""","=""2s2.2p3.(2D*<3/2>).3d""","=""3P*""","=""1""",5,3,,"=""T5713LS""","=""""",
O,1,"=""""","=""287.89906""","=""""","=""4.90e+05""",C,"=""88631.303""","=""123355.512""","=""2s2.2p3.(4S*).3p""","=""3P""","=""0""","=""2s2.2p3.(2D*<3/2>).3d""","=""3P*""","=""1""",1,3,,"=""T5713LS""","=""""",
O,3,"=""""","=""287.957""","=""""","=""1.39e+05""",C,"=""366802.62""","=""401519.8""","=""2s2.2p.(2P*).4p""","=""3D""","=""3""","=""2s2.2p.(2P*).5d""","=""3F*""","=""2""",7,5,,"=""T5376LS""","=""""",
O,1,"=""""","=""288.38092""","=""""","=""3.66e+05""",C,"=""88630.587""","=""123296.777""","=""2s2.2p3.(4S*).3p""","=""3P""","=""1""","=""2s2.2p3.(2D*<3/2>).3d""","=""3P*""","=""2""",3,5,,"=""T5713LS""","=""""",
O,1,"=""""","=""288.38557""","=""""","=""1.10e+06""",C+,"=""88631.146""","=""123296.777""","=""2s2.2p3.(4S*).3p""","=""3P""","=""2""","=""2s2.2p3.(2D*<3/2>).3d""","=""3P*""","=""2""",5,5,,"=""T5713LS""","=""""",
O,1,"=""""","=""295.83650""","=""""","=""2.42e-04""",C+,"=""0.000""","=""33792.583""","=""2s2.2p4""","=""3P""","=""2""","=""2s2.2p4""","=""1S""","=""0""",5,1,E2,"=""T4539,T5081""","=""""",
O,3,"=""295.968""","=""295.9695""","=""80""","=""1.83e+08""",B,"=""290958.25""","=""324735.65""","=""2s2.2p.(2P*).3p""","=""1P""","=""1""","=""2s2.2p.(2P*).3d""","=""1D*""","=""2""",3,5,,"=""T5376,T5791""","=""L3492""",
O,1,"=""297.229""","=""297.22861""","=""265""","=""7.54e-02""",B+,"=""158.265""","=""33792.583""","=""2s2.2p4""","=""3P""","=""1""","=""2s2.2p4""","=""1S""","=""0""",3,1,M1,"=""T4539,T5081""","=""L3760""",
O,3,"=""298.378""","=""298.3781""","=""250""","=""2.15e+08""",B,"=""273081.33""","=""306586.08""","=""2s2.2p.(2P*).3s""","=""1P*""","=""1""","=""2s2.2p.(2P*).3p""","=""1D""","=""2""",3,5,,"=""T5376,T5791,u24""","=""L3492""",
O,3,"=""""","=""299.2081""","=""""","=""9.32e+06""",C,"=""293866.49""","=""327278.30""","=""2s2.2p.(2P*).3p""","=""3D""","=""1""","=""2s2.2p.(2P*).3d""","=""3D*""","=""2""",3,5,,"=""T5376,T5791,LS""","=""""",
O,3,"=""""","=""299.6480""","=""""","=""4.64e+07""",C,"=""293866.49""","=""327229.25""","=""2s2.2p.(2P*).3p""","=""3D""","=""1""","=""2s2.2p.(2P*).3d""","=""3D*""","=""1""",3,3,,"=""T5376,T5791,LS""","=""""",
O,3,"=""""","=""299.7689""","=""""","=""6.88e+06""",C,"=""294002.86""","=""327352.17""","=""2s2.2p.(2P*).3p""","=""3D""","=""2""","=""2s2.2p.(2P*).3d""","=""3D*""","=""3""",5,7,,"=""T5376,T5791,LS""","=""""",
O,3,"=""""","=""300.4344""","=""""","=""4.27e+07""",C,"=""294002.86""","=""327278.30""","=""2s2.2p.(2P*).3p""","=""3D""","=""2""","=""2s2.2p.(2P*).3d""","=""3D*""","=""2""",5,5,,"=""T5376,T5791,LS""","=""""",
O,3,"=""""","=""300.8779""","=""""","=""1.53e+07""",C,"=""294002.86""","=""327229.25""","=""2s2.2p.(2P*).3p""","=""3D""","=""2""","=""2s2.2p.(2P*).3d""","=""3D*""","=""1""",5,3,,"=""T5376,T5791,LS""","=""""",
O,3,"=""301.763""","=""301.7615""","=""80""","=""5.38e+07""",C,"=""294223.07""","=""327352.17""","=""2s2.2p.(2P*).3p""","=""3D""","=""3""","=""2s2.2p.(2P*).3d""","=""3D*""","=""3""",7,7,,"=""T5376,T5791,LS""","=""L3467""",
O,3,"=""""","=""302.3139""","=""""","=""2.46e+05""",D,"=""365527.08""","=""398595.65""","=""2s.2p2.(4P).3p""","=""5D*""","=""0""","=""2s.2p2.(4P).3d""","=""5P""","=""1""",1,3,,"=""T5376LS""","=""""",
O,3,"=""302.345""","=""302.3425""","=""80""","=""4.79e+07""",C+,"=""267377.11""","=""300442.55""","=""2s2.2p.(2P*).3s""","=""3P*""","=""1""","=""2s2.2p.(2P*).3p""","=""3P""","=""2""",3,5,,"=""u24""","=""L3467""",
O,3,"=""""","=""302.4359""","=""""","=""9.39e+06""",C,"=""294223.07""","=""327278.30""","=""2s2.2p.(2P*).3p""","=""3D""","=""3""","=""2s2.2p.(2P*).3d""","=""3D*""","=""2""",7,5,,"=""T5376,T5791,LS""","=""""",
O,3,"=""""","=""302.4540""","=""""","=""6.16e+07""",C+,"=""267258.71""","=""300311.96""","=""2s2.2p.(2P*).3s""","=""3P*""","=""0""","=""2s2.2p.(2P*).3p""","=""3P""","=""1""",1,3,,"=""u24""","=""""",
O,3,"=""""","=""302.6330""","=""""","=""5.51e+05""",D,"=""365561.95""","=""398595.65""","=""2s.2p2.(4P).3p""","=""5D*""","=""1""","=""2s.2p2.(4P).3d""","=""5P""","=""1""",3,3,,"=""T5376LS""","=""""",
O,3,"=""""","=""302.9860""","=""""","=""1.10e+05""",D,"=""365561.95""","=""398557.17""","=""2s.2p2.(4P).3p""","=""5D*""","=""1""","=""2s.2p2.(4P).3d""","=""5P""","=""2""",3,5,,"=""T5376LS""","=""""",
O,3,"=""""","=""303.2615""","=""""","=""4.26e+05""",D,"=""365630.40""","=""398595.65""","=""2s.2p2.(4P).3p""","=""5D*""","=""2""","=""2s.2p2.(4P).3d""","=""5P""","=""1""",5,3,,"=""T5376LS""","=""""",
O,3,"=""""","=""303.4219""","=""""","=""2.93e+07""",B,"=""332778.94""","=""365726.76""","=""2s2.2p.(2P*).3d""","=""1P*""","=""1""","=""2s2.2p.(2P*).4p""","=""1P""","=""1""",3,3,,"=""T5376""","=""""",
O,3,"=""""","=""303.5414""","=""""","=""4.59e+07""",C+,"=""267377.11""","=""300311.96""","=""2s2.2p.(2P*).3s""","=""3P*""","=""1""","=""2s2.2p.(2P*).3p""","=""3P""","=""1""",3,3,,"=""u24""","=""""",
O,3,"=""""","=""303.6159""","=""""","=""4.24e+05""",D,"=""365630.40""","=""398557.17""","=""2s.2p2.(4P).3p""","=""5D*""","=""2""","=""2s.2p2.(4P).3d""","=""5P""","=""2""",5,5,,"=""T5376LS""","=""""",
O,3,"=""""","=""304.2636""","=""""","=""3.44e+04""",D,"=""365630.40""","=""398487.08""","=""2s.2p2.(4P).3p""","=""5D*""","=""2""","=""2s.2p2.(4P).3d""","=""5P""","=""3""",5,7,,"=""T5376LS""","=""""",
O,3,"=""""","=""304.2993""","=""""","=""1.94e+08""",C+,"=""267377.11""","=""300229.93""","=""2s2.2p.(2P*).3s""","=""3P*""","=""1""","=""2s2.2p.(2P*).3p""","=""3P""","=""0""",3,1,,"=""u24""","=""""",
O,3,"=""""","=""304.5434""","=""""","=""6.73e+05""",C,"=""365730.68""","=""398557.17""","=""2s.2p2.(4P).3p""","=""5D*""","=""3""","=""2s.2p2.(4P).3d""","=""5P""","=""2""",7,5,,"=""T5376LS""","=""""",
O,3,"=""304.713""","=""304.7100""","=""200""","=""1.49e+08""",C+,"=""267634.00""","=""300442.55""","=""2s2.2p.(2P*).3s""","=""3P*""","=""2""","=""2s2.2p.(2P*).3p""","=""3P""","=""2""",5,5,,"=""u24""","=""L3467""",
O,3,"=""""","=""305.1951""","=""""","=""2.39e+05""",D,"=""365730.68""","=""398487.08""","=""2s.2p2.(4P).3p""","=""5D*""","=""3""","=""2s.2p2.(4P).3d""","=""5P""","=""3""",7,7,,"=""T5376LS""","=""""",
O,3,"=""305.930""","=""305.9277""","=""110""","=""8.72e+07""",C+,"=""267634.00""","=""300311.96""","=""2s2.2p.(2P*).3s""","=""3P*""","=""2""","=""2s2.2p.(2P*).3p""","=""3P""","=""1""",5,3,,"=""u24""","=""L3467""",
O,3,"=""""","=""306.3850""","=""""","=""9.10e+05""",C,"=""365857.89""","=""398487.08""","=""2s.2p2.(4P).3p""","=""5D*""","=""4""","=""2s.2p2.(4P).3d""","=""5P""","=""3""",9,7,,"=""T5376LS""","=""""",
O,3,"=""""","=""306.4975""","=""""","=""2.17e+07""",C+,"=""365527.08""","=""398144.29""","=""2s.2p2.(4P).3p""","=""5D*""","=""0""","=""2s.2p2.(4P).3d""","=""5D""","=""1""",1,3,,"=""T5376LS""","=""""",
O,3,"=""""","=""306.8129""","=""""","=""6.49e+07""",C+,"=""365561.95""","=""398145.63""","=""2s.2p2.(4P).3p""","=""5D*""","=""1""","=""2s.2p2.(4P).3d""","=""5D""","=""0""",3,1,,"=""T5376LS""","=""""",
O,3,"=""""","=""306.8256""","=""""","=""5.41e+06""",C+,"=""365561.95""","=""398144.29""","=""2s.2p2.(4P).3p""","=""5D*""","=""1""","=""2s.2p2.(4P).3d""","=""5D""","=""1""",3,3,,"=""T5376LS""","=""""",
O,3,"=""""","=""306.8667""","=""""","=""2.27e+07""",C+,"=""365561.95""","=""398139.92""","=""2s.2p2.(4P).3p""","=""5D*""","=""1""","=""2s.2p2.(4P).3d""","=""5D""","=""2""",3,5,,"=""T5376LS""","=""""",
O,3,"=""""","=""307.4138""","=""""","=""1.84e+07""",C+,"=""365630.40""","=""398150.40""","=""2s.2p2.(4P).3p""","=""5D*""","=""2""","=""2s.2p2.(4P).3d""","=""5D""","=""3""",5,7,,"=""T5376LS""","=""""",
O,3,"=""""","=""307.4715""","=""""","=""3.76e+07""",C+,"=""365630.40""","=""398144.29""","=""2s.2p2.(4P).3p""","=""5D*""","=""2""","=""2s.2p2.(4P).3d""","=""5D""","=""1""",5,3,,"=""T5376LS""","=""""",
O,3,"=""""","=""307.5129""","=""""","=""1.61e+07""",C+,"=""365630.40""","=""398139.92""","=""2s.2p2.(4P).3p""","=""5D*""","=""2""","=""2s.2p2.(4P).3d""","=""5D""","=""2""",5,5,,"=""T5376LS""","=""""",
O,3,"=""""","=""307.5954""","=""""","=""1.07e+07""",C+,"=""365730.68""","=""398231.48""","=""2s.2p2.(4P).3p""","=""5D*""","=""3""","=""2s.2p2.(4P).3d""","=""5D""","=""4""",7,9,,"=""T5376LS""","=""""",
O,3,"=""""","=""307.813""","=""""","=""2.89e+07""",B,"=""370902.22""","=""403380.0""","=""2s2.2p.(2P*).4p""","=""1D""","=""2""","=""2s2.2p.(2P*).5d""","=""1F*""","=""3""",5,7,,"=""T5376""","=""""",
O,3,"=""""","=""308.3647""","=""""","=""3.20e+07""",C+,"=""365730.68""","=""398150.40""","=""2s.2p2.(4P).3p""","=""5D*""","=""3""","=""2s.2p2.(4P).3d""","=""5D""","=""3""",7,7,,"=""T5376LS""","=""""",
O,3,"=""""","=""308.4644""","=""""","=""2.55e+07""",C+,"=""365730.68""","=""398139.92""","=""2s.2p2.(4P).3p""","=""5D*""","=""3""","=""2s.2p2.(4P).3d""","=""5D""","=""2""",7,5,,"=""T5376LS""","=""""",
O,3,"=""""","=""308.8041""","=""""","=""5.30e+07""",C+,"=""365857.89""","=""398231.48""","=""2s.2p2.(4P).3p""","=""5D*""","=""4""","=""2s.2p2.(4P).3d""","=""5D""","=""4""",9,9,,"=""T5376LS""","=""""",
O,3,"=""""","=""309.5795""","=""""","=""1.35e+07""",C+,"=""365857.89""","=""398150.40""","=""2s.2p2.(4P).3p""","=""5D*""","=""4""","=""2s.2p2.(4P).3d""","=""5D""","=""3""",9,7,,"=""T5376LS""","=""""",
O,2,"=""311.3611""","=""311.3617""","=""11""","=""3.14e+06""",C,"=""206786.286""","=""238893.96""","=""2s2.2p2.(3P).3p""","=""4D*""","=""3/2""","=""2s2.2p2.(3P).4s""","=""4P""","=""5/2""",4,6,,"=""T5723LS""","=""L10621""",
O,3,"=""""","=""311.5674""","=""""","=""1.39e+08""",C,"=""297558.66""","=""329645.14""","=""2s2.2p.(2P*).3p""","=""3S""","=""1""","=""2s2.2p.(2P*).3d""","=""3P*""","=""0""",3,1,,"=""T5376,T5791,LS""","=""""",
O,3,"=""312.171""","=""312.1633""","=""80""","=""1.38e+08""",C,"=""297558.66""","=""329583.89""","=""2s2.2p.(2P*).3p""","=""3S""","=""1""","=""2s2.2p.(2P*).3d""","=""3P*""","=""1""",3,3,,"=""T5376,T5791,LS""","=""L3467""",
O,2,"=""312.2521""","=""312.2524""","=""17""","=""2.80e+07""",C,"=""206877.865""","=""238893.96""","=""2s2.2p2.(3P).3p""","=""4D*""","=""5/2""","=""2s2.2p2.(3P).4s""","=""4P""","=""5/2""",6,6,,"=""T5723LS""","=""L10621""",
O,2,"=""312.3921""","=""312.3910""","=""13""","=""7.76e+06""",C,"=""206730.762""","=""238732.65""","=""2s2.2p2.(3P).3p""","=""4D*""","=""1/2""","=""2s2.2p2.(3P).4s""","=""4P""","=""3/2""",2,4,,"=""T5723LS""","=""L10621""",
O,2,"=""312.9334""","=""312.9340""","=""17""","=""4.94e+07""",C,"=""206786.286""","=""238732.65""","=""2s2.2p2.(3P).3p""","=""4D*""","=""3/2""","=""2s2.2p2.(3P).4s""","=""4P""","=""3/2""",4,4,,"=""T5723LS""","=""L10621""",
O,3,"=""313.286""","=""313.2794""","=""110""","=""1.37e+08""",C,"=""297558.66""","=""329469.80""","=""2s2.2p.(2P*).3p""","=""3S""","=""1""","=""2s2.2p.(2P*).3d""","=""3P*""","=""2""",3,5,,"=""T5376,T5791,LS""","=""L3467""",
O,2,"=""313.4218""","=""313.4213""","=""17""","=""7.68e+07""",C,"=""206730.762""","=""238627.46""","=""2s2.2p2.(3P).3p""","=""4D*""","=""1/2""","=""2s2.2p2.(3P).4s""","=""4P""","=""1/2""",2,2,,"=""T5723LS""","=""L10621""",
O,2,"=""313.4720""","=""313.4726""","=""22""","=""1.23e+08""",C,"=""207002.482""","=""238893.96""","=""2s2.2p2.(3P).3p""","=""4D*""","=""7/2""","=""2s2.2p2.(3P).4s""","=""4P""","=""5/2""",8,6,,"=""T5723LS""","=""L10621""",
O,2,"=""313.8335""","=""313.8337""","=""19""","=""9.64e+07""",C,"=""206877.865""","=""238732.65""","=""2s2.2p2.(3P).3p""","=""4D*""","=""5/2""","=""2s2.2p2.(3P).4s""","=""4P""","=""3/2""",6,4,,"=""T5723LS""","=""L10621""",
O,2,"=""313.9680""","=""313.9678""","=""17""","=""7.64e+07""",C,"=""206786.286""","=""238627.46""","=""2s2.2p2.(3P).3p""","=""4D*""","=""3/2""","=""2s2.2p2.(3P).4s""","=""4P""","=""1/2""",4,2,,"=""T5723LS""","=""L10621""",
O,3,"=""""","=""319.8181""","=""""","=""9.57e+06""",C+,"=""374571.64""","=""405830.38""","=""2s.2p2.(4P).3p""","=""3D*""","=""1""","=""2s.2p2.(4P).3d""","=""3D""","=""2""",3,5,,"=""T5376LS""","=""""",
O,3,"=""""","=""320.1139""","=""""","=""4.77e+07""",C+,"=""374571.64""","=""405801.50""","=""2s.2p2.(4P).3p""","=""3D*""","=""1""","=""2s.2p2.(4P).3d""","=""3D""","=""1""",3,3,,"=""T5376LS""","=""""",
O,3,"=""""","=""320.2514""","=""""","=""7.08e+06""",C+,"=""374663.52""","=""405879.97""","=""2s.2p2.(4P).3p""","=""3D*""","=""2""","=""2s.2p2.(4P).3d""","=""3D""","=""3""",5,7,,"=""T5376LS""","=""""",
O,3,"=""""","=""320.7609""","=""""","=""4.40e+07""",C+,"=""374663.52""","=""405830.38""","=""2s.2p2.(4P).3p""","=""3D*""","=""2""","=""2s.2p2.(4P).3d""","=""3D""","=""2""",5,5,,"=""T5376LS""","=""""",
O,3,"=""""","=""321.0585""","=""""","=""1.58e+07""",C+,"=""374663.52""","=""405801.50""","=""2s.2p2.(4P).3p""","=""3D*""","=""2""","=""2s.2p2.(4P).3d""","=""3D""","=""1""",5,3,,"=""T5376LS""","=""""",
O,3,"=""""","=""321.6074""","=""""","=""5.58e+07""",C+,"=""374795.14""","=""405879.97""","=""2s.2p2.(4P).3p""","=""3D*""","=""3""","=""2s.2p2.(4P).3d""","=""3D""","=""3""",7,7,,"=""T5376LS""","=""""",
O,3,"=""""","=""322.1213""","=""""","=""9.75e+06""",C+,"=""374795.14""","=""405830.38""","=""2s.2p2.(4P).3p""","=""3D*""","=""3""","=""2s.2p2.(4P).3d""","=""3D""","=""2""",7,5,,"=""T5376LS""","=""""",
O,3,"=""""","=""323.641""","=""""","=""1.99e+07""",B,"=""370902.22""","=""401791.7""","=""2s2.2p.(2P*).4p""","=""1D""","=""2""","=""2s2.2p.(2P*).5d""","=""1D*""","=""2""",5,5,,"=""T5376""","=""""",
O,3,"=""""","=""325.7087""","=""""","=""3.25e+07""",C+,"=""350024.49""","=""380717.92""","=""2s.2p2.(4P).3s""","=""3P""","=""0""","=""2s2.2p.(2P*).4d""","=""3P*""","=""1""",1,3,,"=""T5376LS""","=""""",
O,3,"=""326.098""","=""326.0857""","=""200""","=""1.68e+08""",C+,"=""294002.86""","=""324660.80""","=""2s2.2p.(2P*).3p""","=""3D""","=""2""","=""2s2.2p.(2P*).3d""","=""3F*""","=""3""",5,7,,"=""T5376,T5791,LS""","=""L3467""",
O,3,"=""326.546""","=""326.5329""","=""300""","=""1.88e+08""",C+,"=""294223.07""","=""324839.03""","=""2s2.2p.(2P*).3p""","=""3D""","=""3""","=""2s2.2p.(2P*).3d""","=""3F*""","=""4""",7,9,,"=""T5376,T5791,LS""","=""L3467""",
O,3,"=""""","=""326.5693""","=""""","=""9.68e+07""",C+,"=""350124.45""","=""380737.00""","=""2s.2p2.(4P).3s""","=""3P""","=""1""","=""2s2.2p.(2P*).4d""","=""3P*""","=""0""",3,1,,"=""T5376LS""","=""""",
O,3,"=""326.731""","=""326.7204""","=""80""","=""1.58e+08""",C+,"=""293866.49""","=""324464.88""","=""2s2.2p.(2P*).3p""","=""3D""","=""1""","=""2s2.2p.(2P*).3d""","=""3F*""","=""2""",3,5,,"=""T5376,T5791,LS""","=""L3467""",
O,3,"=""""","=""326.7729""","=""""","=""2.42e+07""",C+,"=""350124.45""","=""380717.92""","=""2s.2p2.(4P).3s""","=""3P""","=""1""","=""2s2.2p.(2P*).4d""","=""3P*""","=""1""",3,3,,"=""T5376LS""","=""""",
O,3,"=""""","=""326.8949""","=""""","=""2.41e+07""",C+,"=""350124.45""","=""380706.51""","=""2s.2p2.(4P).3s""","=""3P""","=""1""","=""2s2.2p.(2P*).4d""","=""3P*""","=""2""",3,5,,"=""T5376LS""","=""""",
O,2,"=""327.0855""","=""327.0856""","=""16""","=""1.05e+08""",C,"=""228723.84""","=""259288.07""","=""2s2.2p2.(1D).3p""","=""2F*""","=""5/2""","=""2s2.2p2.(1D).4s""","=""2D""","=""3/2""",6,4,,"=""T5723LS""","=""L10621""",
O,2,"=""""","=""327.0905""","=""""","=""5.00e+06""",C,"=""228723.84""","=""259287.61""","=""2s2.2p2.(1D).3p""","=""2F*""","=""5/2""","=""2s2.2p2.(1D).4s""","=""2D""","=""5/2""",6,6,,"=""T5723LS""","=""L11267""",
O,2,"=""327.3437""","=""327.3434""","=""17""","=""9.99e+07""",C,"=""228747.45""","=""259287.61""","=""2s2.2p2.(1D).3p""","=""2F*""","=""7/2""","=""2s2.2p2.(1D).4s""","=""2D""","=""5/2""",8,6,,"=""T5723LS""","=""L10621""",
O,2,"=""327.7566""","=""327.7561""","=""17""","=""2.02e+07""",B,"=""208392.258""","=""238893.96""","=""2s2.2p2.(3P).3p""","=""4P*""","=""3/2""","=""2s2.2p2.(3P).4s""","=""4P""","=""5/2""",4,6,,"=""T6632""","=""L10621""",
O,3,"=""""","=""328.1831""","=""""","=""2.89e+07""",C+,"=""294002.86""","=""324464.88""","=""2s2.2p.(2P*).3p""","=""3D""","=""2""","=""2s2.2p.(2P*).3d""","=""3F*""","=""2""",5,5,,"=""T5376,T5791,LS""","=""""",
O,2,"=""""","=""328.19936""","=""""","=""1.16e+06""",C,"=""203942.288""","=""234402.797""","=""2s2.2p2.(3P).3p""","=""2S*""","=""1/2""","=""2s2.2p2.(3P).3d""","=""2D""","=""3/2""",2,4,,"=""T6172""","=""""",
O,3,"=""""","=""328.4450""","=""""","=""2.06e+07""",C+,"=""294223.07""","=""324660.80""","=""2s2.2p.(2P*).3p""","=""3D""","=""3""","=""2s2.2p.(2P*).3d""","=""3F*""","=""3""",7,7,,"=""T5376,T5791,LS""","=""""",
O,3,"=""""","=""328.6414""","=""""","=""3.96e+07""",C+,"=""350298.38""","=""380717.92""","=""2s.2p2.(4P).3s""","=""3P""","=""2""","=""2s2.2p.(2P*).4d""","=""3P*""","=""1""",5,3,,"=""T5376LS""","=""""",
O,2,"=""328.7472""","=""328.7471""","=""21""","=""4.92e+07""",B,"=""208484.202""","=""238893.96""","=""2s2.2p2.(3P).3p""","=""4P*""","=""5/2""","=""2s2.2p2.(3P).4s""","=""4P""","=""5/2""",6,6,,"=""T6632""","=""L10621""",
O,3,"=""""","=""328.7647""","=""""","=""7.12e+07""",C+,"=""350298.38""","=""380706.51""","=""2s.2p2.(4P).3s""","=""3P""","=""2""","=""2s2.2p.(2P*).4d""","=""3P*""","=""2""",5,5,,"=""T5376LS""","=""""",
O,2,"=""329.4992""","=""329.4987""","=""14""","=""1.00e+07""",B,"=""208392.258""","=""238732.65""","=""2s2.2p2.(3P).3p""","=""4P*""","=""3/2""","=""2s2.2p2.(3P).4s""","=""4P""","=""3/2""",4,4,,"=""T6632""","=""L10621""",
O,1,"=""""","=""329.89896""","=""""","=""1.43e+05""",D,"=""99680.968""","=""129984.553""","=""2s2.2p3.(4S*).4p""","=""3P""","=""1""","=""2s2.2p3.(2D*<3/2>).4d""","=""3P*""","=""0""",3,1,,"=""T5713LS""","=""""",
O,3,"=""""","=""329.9385""","=""""","=""1.64e+07""",C+,"=""267258.71""","=""297558.66""","=""2s2.2p.(2P*).3s""","=""3P*""","=""0""","=""2s2.2p.(2P*).3p""","=""3S""","=""1""",1,3,,"=""u24""","=""""",
O,1,"=""""","=""329.95525""","=""""","=""3.57e+04""",D,"=""99680.968""","=""129979.384""","=""2s2.2p3.(4S*).4p""","=""3P""","=""1""","=""2s2.2p3.(2D*<3/2>).4d""","=""3P*""","=""1""",3,3,,"=""T5713LS""","=""""",
O,1,"=""""","=""329.95613""","=""""","=""5.95e+04""",C,"=""99681.049""","=""129979.384""","=""2s2.2p3.(4S*).4p""","=""3P""","=""2""","=""2s2.2p3.(2D*<3/2>).4d""","=""3P*""","=""1""",5,3,,"=""T5713LS""","=""""",
O,1,"=""""","=""329.95896""","=""""","=""4.76e+04""",D,"=""99681.309""","=""129979.384""","=""2s2.2p3.(4S*).4p""","=""3P""","=""0""","=""2s2.2p3.(2D*<3/2>).4d""","=""3P*""","=""1""",1,3,,"=""T5713LS""","=""""",
O,1,"=""""","=""330.05748""","=""""","=""3.57e+04""",C,"=""99680.968""","=""129970.000""","=""2s2.2p3.(4S*).4p""","=""3P""","=""1""","=""2s2.2p3.(2D*<3/2>).4d""","=""3P*""","=""2""",3,5,,"=""T5713LS""","=""""",
O,1,"=""""","=""330.05836""","=""""","=""1.07e+05""",C,"=""99681.049""","=""129970.000""","=""2s2.2p3.(4S*).4p""","=""3P""","=""2""","=""2s2.2p3.(2D*<3/2>).4d""","=""3P*""","=""2""",5,5,,"=""T5713LS""","=""""",
O,2,"=""330.1407""","=""330.1411""","=""10""","=""1.06e+07""",B,"=""208346.104""","=""238627.46""","=""2s2.2p2.(3P).3p""","=""4P*""","=""1/2""","=""2s2.2p2.(3P).4s""","=""4P""","=""1/2""",2,2,,"=""T6632""","=""L10621""",
O,2,"=""330.5005""","=""330.5003""","=""17""","=""2.89e+07""",B,"=""208484.202""","=""238732.65""","=""2s2.2p2.(3P).3p""","=""4P*""","=""5/2""","=""2s2.2p2.(3P).4s""","=""4P""","=""3/2""",6,4,,"=""T6632""","=""L10621""",
O,3,"=""""","=""330.5729""","=""""","=""7.98e+05""",C+,"=""294223.07""","=""324464.88""","=""2s2.2p.(2P*).3p""","=""3D""","=""3""","=""2s2.2p.(2P*).3d""","=""3F*""","=""2""",7,5,,"=""T5376,T5791,LS""","=""""",
O,2,"=""330.6449""","=""330.6451""","=""17""","=""5.55e+07""",B,"=""208392.258""","=""238627.46""","=""2s2.2p2.(3P).3p""","=""4P*""","=""3/2""","=""2s2.2p2.(3P).4s""","=""4P""","=""1/2""",4,2,,"=""T6632""","=""L10621""",
O,3,"=""331.230""","=""331.2329""","=""80""","=""4.60e+07""",C+,"=""267377.11""","=""297558.66""","=""2s2.2p.(2P*).3s""","=""3P*""","=""1""","=""2s2.2p.(2P*).3p""","=""3S""","=""1""",3,3,,"=""u24""","=""L3467""",
O,3,"=""""","=""332.6055""","=""""","=""2.65e+07""",C+,"=""368538.65""","=""398595.65""","=""2s.2p2.(4P).3p""","=""5P*""","=""1""","=""2s.2p2.(4P).3d""","=""5P""","=""1""",3,3,,"=""T5376LS""","=""""",
O,1,"=""""","=""332.621""","=""""","=""2.17e+05""",C,"=""99680.968""","=""129736.6""","=""2s2.2p3.(4S*).4p""","=""3P""","=""1""","=""2s2.2p3.(2D*<3/2>).4d""","=""3S*""","=""1""",3,3,,"=""T5803""","=""""",
O,1,"=""""","=""332.622""","=""""","=""3.64e+05""",C+,"=""99681.049""","=""129736.6""","=""2s2.2p3.(4S*).4p""","=""3P""","=""2""","=""2s2.2p3.(2D*<3/2>).4d""","=""3S*""","=""1""",5,3,,"=""T5803""","=""""",
O,1,"=""""","=""332.624""","=""""","=""7.22e+04""",C,"=""99681.309""","=""129736.6""","=""2s2.2p3.(4S*).4p""","=""3P""","=""0""","=""2s2.2p3.(2D*<3/2>).4d""","=""3S*""","=""1""",1,3,,"=""T5803""","=""""",
O,1,"=""""","=""332.993""","=""""","=""1.10e+04""",D,"=""99680.968""","=""129703.0""","=""2s2.2p3.(4S*).4p""","=""3P""","=""1""","=""2s2.2p3.(2D*<5/2>).4d""","=""3D*""","=""1""",3,3,,"=""T5803""","=""""",
O,1,"=""""","=""332.997""","=""""","=""1.45e+04""",D,"=""99681.309""","=""129703.0""","=""2s2.2p3.(4S*).4p""","=""3P""","=""0""","=""2s2.2p3.(2D*<5/2>).4d""","=""3D*""","=""1""",1,3,,"=""T5803""","=""""",
O,3,"=""""","=""333.0301""","=""""","=""6.81e+07""",C+,"=""338577.25""","=""368595.93""","=""2s.2p2.(4P).3s""","=""5P""","=""1""","=""2s.2p2.(4P).3p""","=""5P*""","=""2""",3,5,,"=""T5376LS""","=""""",
O,3,"=""""","=""333.0319""","=""""","=""4.76e+07""",C+,"=""368538.65""","=""398557.17""","=""2s.2p2.(4P).3p""","=""5P*""","=""1""","=""2s.2p2.(4P).3d""","=""5P""","=""2""",3,5,,"=""T5376LS""","=""""",
O,1,"=""""","=""333.054""","=""""","=""2.01e+04""",D,"=""99680.968""","=""129697.5""","=""2s2.2p3.(4S*).4p""","=""3P""","=""1""","=""2s2.2p3.(2D*<5/2>).4d""","=""3D*""","=""2""",3,5,,"=""T5803""","=""""",
O,1,"=""""","=""333.055""","=""""","=""6.72e+03""",D,"=""99681.049""","=""129697.5""","=""2s2.2p3.(4S*).4p""","=""3P""","=""2""","=""2s2.2p3.(2D*<5/2>).4d""","=""3D*""","=""2""",5,5,,"=""T5803""","=""""",
O,1,"=""""","=""333.113""","=""""","=""2.81e+04""",D,"=""99681.049""","=""129692.3""","=""2s2.2p3.(4S*).4p""","=""3P""","=""2""","=""2s2.2p3.(2D*<5/2>).4d""","=""3D*""","=""3""",5,7,,"=""T5803""","=""""",
O,3,"=""""","=""333.2406""","=""""","=""7.92e+07""",C+,"=""368595.93""","=""398595.65""","=""2s.2p2.(4P).3p""","=""5P*""","=""2""","=""2s.2p2.(4P).3d""","=""5P""","=""1""",5,3,,"=""T5376LS""","=""""",
O,3,"=""""","=""333.2928""","=""""","=""5.04e+07""",C+,"=""338701.98""","=""368697.00""","=""2s.2p2.(4P).3s""","=""5P""","=""2""","=""2s.2p2.(4P).3p""","=""5P*""","=""3""",5,7,,"=""T5376LS""","=""""",
O,3,"=""""","=""333.6668""","=""""","=""3.76e+07""",C+,"=""338577.25""","=""368538.65""","=""2s.2p2.(4P).3s""","=""5P""","=""1""","=""2s.2p2.(4P).3p""","=""5P*""","=""1""",3,3,,"=""T5376LS""","=""""",
O,3,"=""""","=""333.6686""","=""""","=""8.77e+06""",C+,"=""368595.93""","=""398557.17""","=""2s.2p2.(4P).3p""","=""5P*""","=""2""","=""2s.2p2.(4P).3d""","=""5P""","=""2""",5,5,,"=""T5376LS""","=""""",
O,3,"=""334.074""","=""334.0765""","=""110""","=""6.57e+07""",C+,"=""267634.00""","=""297558.66""","=""2s2.2p.(2P*).3s""","=""3P*""","=""2""","=""2s2.2p.(2P*).3p""","=""3S""","=""1""",5,3,,"=""u24""","=""L3467""",
O,3,"=""""","=""334.4197""","=""""","=""1.25e+07""",C+,"=""338701.98""","=""368595.93""","=""2s.2p2.(4P).3s""","=""5P""","=""2""","=""2s.2p2.(4P).3p""","=""5P*""","=""2""",5,5,,"=""T5376LS""","=""""",
O,3,"=""""","=""334.4510""","=""""","=""3.48e+07""",C+,"=""368595.93""","=""398487.08""","=""2s.2p2.(4P).3p""","=""5P*""","=""2""","=""2s.2p2.(4P).3d""","=""5P""","=""3""",5,7,,"=""T5376LS""","=""""",
O,3,"=""""","=""334.7980""","=""""","=""4.86e+07""",C+,"=""368697.00""","=""398557.17""","=""2s.2p2.(4P).3p""","=""5P*""","=""3""","=""2s.2p2.(4P).3d""","=""5P""","=""2""",7,5,,"=""T5376LS""","=""""",
O,3,"=""""","=""335.0617""","=""""","=""1.12e+08""",C+,"=""338701.98""","=""368538.65""","=""2s.2p2.(4P).3s""","=""5P""","=""2""","=""2s.2p2.(4P).3p""","=""5P*""","=""1""",5,3,,"=""T5376LS""","=""""",
O,3,"=""""","=""335.0921""","=""""","=""9.91e+07""",C+,"=""338863.03""","=""368697.00""","=""2s.2p2.(4P).3s""","=""5P""","=""3""","=""2s.2p2.(4P).3p""","=""5P*""","=""3""",7,7,,"=""T5376LS""","=""""",
O,3,"=""""","=""335.5858""","=""""","=""6.89e+07""",C+,"=""368697.00""","=""398487.08""","=""2s.2p2.(4P).3p""","=""5P*""","=""3""","=""2s.2p2.(4P).3d""","=""5P""","=""3""",7,7,,"=""T5376LS""","=""""",
O,3,"=""""","=""336.2312""","=""""","=""6.87e+07""",C+,"=""338863.03""","=""368595.93""","=""2s.2p2.(4P).3s""","=""5P""","=""3""","=""2s.2p2.(4P).3p""","=""5P*""","=""2""",7,5,,"=""T5376LS""","=""""",
O,3,"=""""","=""337.6612""","=""""","=""1.49e+08""",C+,"=""368538.65""","=""398145.63""","=""2s.2p2.(4P).3p""","=""5P*""","=""1""","=""2s.2p2.(4P).3d""","=""5D""","=""0""",3,1,,"=""T5376LS""","=""""",
O,3,"=""""","=""337.6765""","=""""","=""1.12e+08""",C+,"=""368538.65""","=""398144.29""","=""2s.2p2.(4P).3p""","=""5P*""","=""1""","=""2s.2p2.(4P).3d""","=""5D""","=""1""",3,3,,"=""T5376LS""","=""""",
O,2,"=""337.7146""","=""337.7146""","=""21""","=""1.33e+08""",C+,"=""203942.288""","=""233544.59""","=""2s2.2p2.(3P).3p""","=""2S*""","=""1/2""","=""2s2.2p2.(3P).3d""","=""2P""","=""1/2""",2,2,,"=""T6172,T6632""","=""L10621""",
O,3,"=""""","=""337.7264""","=""""","=""5.20e+07""",C+,"=""368538.65""","=""398139.92""","=""2s.2p2.(4P).3p""","=""5P*""","=""1""","=""2s.2p2.(4P).3d""","=""5D""","=""2""",3,5,,"=""T5376LS""","=""""",
O,3,"=""""","=""338.2612""","=""""","=""9.86e+07""",C+,"=""368595.93""","=""398150.40""","=""2s.2p2.(4P).3p""","=""5P*""","=""2""","=""2s.2p2.(4P).3d""","=""5D""","=""3""",5,7,,"=""T5376LS""","=""""",
O,3,"=""""","=""338.3311""","=""""","=""3.70e+07""",C+,"=""368595.93""","=""398144.29""","=""2s.2p2.(4P).3p""","=""5P*""","=""2""","=""2s.2p2.(4P).3d""","=""5D""","=""1""",5,3,,"=""T5376LS""","=""""",
O,3,"=""""","=""338.3812""","=""""","=""8.62e+07""",C+,"=""368595.93""","=""398139.92""","=""2s.2p2.(4P).3p""","=""5P*""","=""2""","=""2s.2p2.(4P).3d""","=""5D""","=""2""",5,5,,"=""T5376LS""","=""""",
O,3,"=""""","=""338.4901""","=""""","=""1.48e+08""",C+,"=""368697.00""","=""398231.48""","=""2s.2p2.(4P).3p""","=""5P*""","=""3""","=""2s.2p2.(4P).3d""","=""5D""","=""4""",7,9,,"=""T5376LS""","=""""",
O,2,"=""339.0209""","=""339.0209""","=""23""","=""1.31e+08""",C+,"=""203942.288""","=""233430.53""","=""2s2.2p2.(3P).3p""","=""2S*""","=""1/2""","=""2s2.2p2.(3P).3d""","=""2P""","=""3/2""",2,4,,"=""T6172,T6632""","=""L10621""",
O,3,"=""""","=""339.4220""","=""""","=""4.88e+07""",C+,"=""368697.00""","=""398150.40""","=""2s.2p2.(4P).3p""","=""5P*""","=""3""","=""2s.2p2.(4P).3d""","=""5D""","=""3""",7,7,,"=""T5376LS""","=""""",
O,3,"=""""","=""339.5428""","=""""","=""9.75e+06""",C+,"=""368697.00""","=""398139.92""","=""2s.2p2.(4P).3p""","=""5P*""","=""3""","=""2s.2p2.(4P).3d""","=""5D""","=""2""",7,5,,"=""T5376LS""","=""""",
O,3,"=""""","=""340.5718""","=""""","=""1.93e+07""",C+,"=""300229.93""","=""329583.89""","=""2s2.2p.(2P*).3p""","=""3P""","=""0""","=""2s2.2p.(2P*).3d""","=""3P*""","=""1""",1,3,,"=""T5376,T5791,LS""","=""""",
O,2,"=""""","=""340.7223""","=""""","=""1.09e+07""",C,"=""229947.07""","=""259288.07""","=""2s2.2p2.(1D).3p""","=""2D*""","=""5/2""","=""2s2.2p2.(1D).4s""","=""2D""","=""3/2""",6,4,,"=""T5723LS""","=""L11267""",
O,2,"=""340.7273""","=""340.7276""","=""17""","=""1.02e+08""",C,"=""229947.07""","=""259287.61""","=""2s2.2p2.(1D).3p""","=""2D*""","=""5/2""","=""2s2.2p2.(1D).4s""","=""2D""","=""5/2""",6,6,,"=""T5723LS""","=""L10621""",
O,3,"=""""","=""340.8131""","=""""","=""5.79e+07""",C+,"=""300311.96""","=""329645.14""","=""2s2.2p.(2P*).3p""","=""3P""","=""1""","=""2s2.2p.(2P*).3d""","=""3P*""","=""0""",3,1,,"=""T5376,T5791,LS""","=""""",
O,2,"=""340.9710""","=""340.9706""","=""16""","=""9.77e+07""",C,"=""229968.44""","=""259288.07""","=""2s2.2p2.(1D).3p""","=""2D*""","=""3/2""","=""2s2.2p2.(1D).4s""","=""2D""","=""3/2""",4,4,,"=""T5723LS""","=""L10621""",
O,2,"=""""","=""340.9760""","=""""","=""7.24e+06""",C,"=""229968.44""","=""259287.61""","=""2s2.2p2.(1D).3p""","=""2D*""","=""3/2""","=""2s2.2p2.(1D).4s""","=""2D""","=""5/2""",4,6,,"=""T5723LS""","=""L11267""",
O,3,"=""""","=""341.5262""","=""""","=""1.44e+07""",C+,"=""300311.96""","=""329583.89""","=""2s2.2p.(2P*).3p""","=""3P""","=""1""","=""2s2.2p.(2P*).3d""","=""3P*""","=""1""",3,3,,"=""T5376,T5791,LS""","=""""",
O,3,"=""""","=""342.3364""","=""""","=""3.62e+07""",C+,"=""350024.49""","=""379227.15""","=""2s.2p2.(4P).3s""","=""3P""","=""0""","=""2s2.2p.(2P*).4d""","=""3D*""","=""1""",1,3,,"=""T5376LS""","=""""",
O,3,"=""""","=""342.7364""","=""""","=""4.87e+07""",C+,"=""350124.45""","=""379293.03""","=""2s.2p2.(4P).3s""","=""3P""","=""1""","=""2s2.2p.(2P*).4d""","=""3D*""","=""2""",3,5,,"=""T5376LS""","=""""",
O,3,"=""""","=""342.8626""","=""""","=""1.42e+07""",C+,"=""300311.96""","=""329469.80""","=""2s2.2p.(2P*).3p""","=""3P""","=""1""","=""2s2.2p.(2P*).3d""","=""3P*""","=""2""",3,5,,"=""T5376,T5791,LS""","=""""",
O,3,"=""""","=""343.0568""","=""""","=""2.37e+07""",C+,"=""300442.55""","=""329583.89""","=""2s2.2p.(2P*).3p""","=""3P""","=""2""","=""2s2.2p.(2P*).3d""","=""3P*""","=""1""",5,3,,"=""T5376,T5791,LS""","=""""",
O,3,"=""""","=""343.5123""","=""""","=""2.69e+07""",C+,"=""350124.45""","=""379227.15""","=""2s.2p2.(4P).3s""","=""3P""","=""1""","=""2s2.2p.(2P*).4d""","=""3D*""","=""1""",3,3,,"=""T5376LS""","=""""",
O,2,"=""""","=""343.8556""","=""""","=""4.93e+05""",D,"=""232796.298""","=""261869.94""","=""2s2.2p2.(3P).3d""","=""2F""","=""5/2""","=""2s2.2p2.(3P).5p""","=""2D*""","=""5/2""",6,6,,"=""T5723LS""","=""""",
O,3,"=""""","=""344.0363""","=""""","=""6.42e+07""",C+,"=""350298.38""","=""379356.75""","=""2s.2p2.(4P).3s""","=""3P""","=""2""","=""2s2.2p.(2P*).4d""","=""3D*""","=""3""",5,7,,"=""T5376LS""","=""""",
O,3,"=""344.410""","=""344.4052""","=""80""","=""4.21e+07""",C+,"=""300442.55""","=""329469.80""","=""2s2.2p.(2P*).3p""","=""3P""","=""2""","=""2s2.2p.(2P*).3d""","=""3P*""","=""2""",5,5,,"=""T5376,T5791,LS""","=""L3467""",
O,3,"=""""","=""344.6682""","=""""","=""9.71e+07""",C+,"=""365561.95""","=""394567.05""","=""2s.2p2.(4P).3p""","=""5D*""","=""1""","=""2s.2p2.(4P).3d""","=""5F""","=""2""",3,5,,"=""T5376LS""","=""""",
O,3,"=""""","=""344.7155""","=""""","=""8.09e+07""",C+,"=""365527.08""","=""394528.20""","=""2s.2p2.(4P).3p""","=""5D*""","=""0""","=""2s.2p2.(4P).3d""","=""5F""","=""1""",1,3,,"=""T5376LS""","=""""",
O,3,"=""""","=""344.7924""","=""""","=""1.60e+07""",C+,"=""350298.38""","=""379293.03""","=""2s.2p2.(4P).3s""","=""3P""","=""2""","=""2s2.2p.(2P*).4d""","=""3D*""","=""2""",5,5,,"=""T5376LS""","=""""",
O,3,"=""""","=""344.7968""","=""""","=""1.19e+08""",C+,"=""365630.40""","=""394624.68""","=""2s.2p2.(4P).3p""","=""5D*""","=""2""","=""2s.2p2.(4P).3d""","=""5F""","=""3""",5,7,,"=""T5376LS""","=""""",
O,3,"=""""","=""345.0907""","=""""","=""1.44e+08""",C+,"=""365730.68""","=""394700.27""","=""2s.2p2.(4P).3p""","=""5D*""","=""3""","=""2s.2p2.(4P).3d""","=""5F""","=""4""",7,9,,"=""T5376LS""","=""""",
O,3,"=""""","=""345.1305""","=""""","=""8.06e+07""",C+,"=""365561.95""","=""394528.20""","=""2s.2p2.(4P).3p""","=""5D*""","=""1""","=""2s.2p2.(4P).3d""","=""5F""","=""1""",3,3,,"=""T5376LS""","=""""",
O,3,"=""""","=""345.4835""","=""""","=""6.89e+07""",C+,"=""365630.40""","=""394567.05""","=""2s.2p2.(4P).3p""","=""5D*""","=""2""","=""2s.2p2.(4P).3d""","=""5F""","=""2""",5,5,,"=""T5376LS""","=""""",
O,3,"=""345.512""","=""345.4986""","=""80""","=""1.72e+08""",C+,"=""365857.89""","=""394793.28""","=""2s.2p2.(4P).3p""","=""5D*""","=""4""","=""2s.2p2.(4P).3d""","=""5F""","=""5""",9,11,,"=""T5376LS""","=""L3467""",
O,3,"=""""","=""345.5776""","=""""","=""1.76e+06""",C+,"=""350298.38""","=""379227.15""","=""2s.2p2.(4P).3s""","=""3P""","=""2""","=""2s2.2p.(2P*).4d""","=""3D*""","=""1""",5,3,,"=""T5376LS""","=""""",
O,2,"=""345.7920""","=""345.7933""","=""10""","=""9.69e+06""",D,"=""232959.210""","=""261869.94""","=""2s2.2p2.(3P).3d""","=""2F""","=""7/2""","=""2s2.2p2.(3P).5p""","=""2D*""","=""5/2""",8,6,,"=""T5723LS""","=""L10621""",
O,2,"=""345.8936""","=""345.8923""","=""8""","=""1.02e+07""",D,"=""232796.298""","=""261698.75""","=""2s2.2p2.(3P).3d""","=""2F""","=""5/2""","=""2s2.2p2.(3P).5p""","=""2D*""","=""3/2""",6,4,,"=""T5723LS""","=""L10621""",
O,3,"=""""","=""345.9480""","=""""","=""1.14e+07""",C+,"=""365630.40""","=""394528.20""","=""2s.2p2.(4P).3p""","=""5D*""","=""2""","=""2s.2p2.(4P).3d""","=""5F""","=""1""",5,3,,"=""T5376LS""","=""""",
O,3,"=""""","=""345.9935""","=""""","=""5.14e+07""",C+,"=""365730.68""","=""394624.68""","=""2s.2p2.(4P).3p""","=""5D*""","=""3""","=""2s.2p2.(4P).3d""","=""5F""","=""3""",7,7,,"=""T5376LS""","=""""",
O,3,"=""""","=""346.6128""","=""""","=""2.84e+07""",C+,"=""365857.89""","=""394700.27""","=""2s.2p2.(4P).3p""","=""5D*""","=""4""","=""2s.2p2.(4P).3d""","=""5F""","=""4""",9,9,,"=""T5376LS""","=""""",
O,3,"=""""","=""346.6850""","=""""","=""6.82e+06""",C+,"=""365730.68""","=""394567.05""","=""2s.2p2.(4P).3p""","=""5D*""","=""3""","=""2s.2p2.(4P).3d""","=""5F""","=""2""",7,5,,"=""T5376LS""","=""""",
O,2,"=""347.0281""","=""347.0277""","=""20""","=""1.09e+08""",B,"=""211522.117""","=""240330.01""","=""2s2.2p2.(3P).3p""","=""2D*""","=""3/2""","=""2s2.2p2.(3P).4s""","=""2P""","=""1/2""",4,2,,"=""T6632""","=""L10621""",
O,2,"=""347.0676""","=""347.0672""","=""21""","=""8.63e+07""",B,"=""211712.732""","=""240517.35""","=""2s2.2p2.(3P).3p""","=""2D*""","=""5/2""","=""2s2.2p2.(3P).4s""","=""2P""","=""3/2""",6,4,,"=""T6632""","=""L10621""",
O,2,"=""""","=""347.07832""","=""""","=""3.43e+05""",C,"=""203942.288""","=""232745.981""","=""2s2.2p2.(3P).3p""","=""2S*""","=""1/2""","=""2s2.2p2.(3P).3d""","=""4D""","=""3/2""",2,4,,"=""T6172""","=""""",
O,2,"=""347.4926""","=""347.49260""","=""5""","=""7.19e+05""",C,"=""203942.288""","=""232711.642""","=""2s2.2p2.(3P).3p""","=""2S*""","=""1/2""","=""2s2.2p2.(3P).3d""","=""4D""","=""1/2""",2,2,,"=""T6172""","=""L10621""",
O,3,"=""""","=""347.5236""","=""""","=""2.42e+06""",C+,"=""365857.89""","=""394624.68""","=""2s.2p2.(4P).3p""","=""5D*""","=""4""","=""2s.2p2.(4P).3d""","=""5F""","=""3""",9,7,,"=""T5376LS""","=""""",
O,2,"=""348.8173""","=""348.81604""","=""4""","=""3.56e+05""",C,"=""203942.288""","=""232602.492""","=""2s2.2p2.(3P).3p""","=""2S*""","=""1/2""","=""2s2.2p2.(3P).3d""","=""4P""","=""1/2""",2,2,,"=""T6172""","=""L10621""",
O,2,"=""348.8258""","=""348.8273""","=""6""","=""2.04e+05""",D,"=""229947.07""","=""258606.35""","=""2s2.2p2.(1D).3p""","=""2D*""","=""5/2""","=""2s2.2p2.(3P).5s""","=""2P""","=""3/2""",6,4,,"=""T5723LS""","=""L10621""",
O,2,"=""""","=""349.0876""","=""""","=""2.26e+04""",E,"=""229968.44""","=""258606.35""","=""2s2.2p2.(1D).3p""","=""2D*""","=""3/2""","=""2s2.2p2.(3P).5s""","=""2P""","=""3/2""",4,4,,"=""T5723LS""","=""L11267""",
O,2,"=""349.6276""","=""349.62783""","=""8""","=""5.69e+05""",C,"=""203942.288""","=""232535.949""","=""2s2.2p2.(3P).3p""","=""2S*""","=""1/2""","=""2s2.2p2.(3P).3d""","=""4P""","=""3/2""",2,4,,"=""T6172""","=""L10621""",
O,2,"=""351.4823""","=""351.4821""","=""2""","=""2.22e+05""",D,"=""229968.44""","=""258411.26""","=""2s2.2p2.(1D).3p""","=""2D*""","=""3/2""","=""2s2.2p2.(3P).5s""","=""2P""","=""1/2""",4,2,,"=""T5723LS""","=""L10621""",
O,2,"=""""","=""351.5242""","=""""","=""1.25e+05""",D,"=""233430.53""","=""261869.94""","=""2s2.2p2.(3P).3d""","=""2P""","=""3/2""","=""2s2.2p2.(3P).5p""","=""2D*""","=""5/2""",4,6,,"=""T5723LS""","=""""",
O,3,"=""""","=""352.0945""","=""""","=""1.50e+07""",C+,"=""350024.49""","=""378417.84""","=""2s.2p2.(4P).3s""","=""3P""","=""0""","=""2s.2p2.(4P).3p""","=""3P*""","=""1""",1,3,,"=""T5376LS""","=""""",
O,3,"=""""","=""353.1223""","=""""","=""4.45e+07""",C+,"=""350124.45""","=""378435.16""","=""2s.2p2.(4P).3s""","=""3P""","=""1""","=""2s.2p2.(4P).3p""","=""3P*""","=""0""",3,1,,"=""T5376LS""","=""""",
O,3,"=""""","=""353.3385""","=""""","=""1.11e+07""",C+,"=""350124.45""","=""378417.84""","=""2s.2p2.(4P).3s""","=""3P""","=""1""","=""2s.2p2.(4P).3p""","=""3P*""","=""1""",3,3,,"=""T5376LS""","=""""",
O,3,"=""""","=""353.4904""","=""""","=""1.11e+07""",C+,"=""350124.45""","=""378405.68""","=""2s.2p2.(4P).3s""","=""3P""","=""1""","=""2s.2p2.(4P).3p""","=""3P*""","=""2""",3,5,,"=""T5376LS""","=""""",
O,2,"=""""","=""353.6531""","=""""","=""2.05e+04""",E,"=""233430.53""","=""261698.75""","=""2s2.2p2.(3P).3d""","=""2P""","=""3/2""","=""2s2.2p2.(3P).5p""","=""2D*""","=""3/2""",4,4,,"=""T5723LS""","=""""",
O,2,"=""355.0857""","=""355.0859""","=""1""","=""1.01e+05""",E,"=""233544.59""","=""261698.75""","=""2s2.2p2.(3P).3d""","=""2P""","=""1/2""","=""2s2.2p2.(3P).5p""","=""2D*""","=""3/2""",2,4,,"=""T5723LS""","=""L10621""",
O,3,"=""""","=""355.5241""","=""""","=""1.82e+07""",C+,"=""350298.38""","=""378417.84""","=""2s.2p2.(4P).3s""","=""3P""","=""2""","=""2s.2p2.(4P).3p""","=""3P*""","=""1""",5,3,,"=""T5376LS""","=""""",
O,3,"=""""","=""355.6779""","=""""","=""3.26e+07""",C+,"=""350298.38""","=""378405.68""","=""2s.2p2.(4P).3s""","=""3P""","=""2""","=""2s.2p2.(4P).3p""","=""3P*""","=""2""",5,5,,"=""T5376LS""","=""""",
O,2,"=""""","=""356.2128""","=""""","=""3.77e+03""",E,"=""248010.23""","=""276075.32""","=""2s2.2p2.(3P).4p""","=""2D*""","=""3/2""","=""2s2.2p2.(1S).3d""","=""2D""","=""5/2""",4,6,,"=""T5723LS""","=""""",
O,2,"=""""","=""357.3763""","=""""","=""5.03e+04""",D,"=""248010.23""","=""275983.95""","=""2s2.2p2.(3P).4p""","=""2D*""","=""3/2""","=""2s2.2p2.(1S).3d""","=""2D""","=""3/2""",4,4,,"=""T5723LS""","=""""",
O,2,"=""""","=""358.4661""","=""""","=""5.17e+04""",D,"=""248186.64""","=""276075.32""","=""2s2.2p2.(3P).4p""","=""2D*""","=""5/2""","=""2s2.2p2.(1S).3d""","=""2D""","=""5/2""",6,6,,"=""T5723LS""","=""""",
O,2,"=""""","=""359.6444""","=""""","=""5.49e+03""",E,"=""248186.64""","=""275983.95""","=""2s2.2p2.(3P).4p""","=""2D*""","=""5/2""","=""2s2.2p2.(1S).3d""","=""2D""","=""3/2""",6,4,,"=""T5723LS""","=""""",
O,2,"=""""","=""362.7410""","=""""","=""6.31e+06""",D,"=""248515.30""","=""276075.32""","=""2s2.2p2.(3P).4p""","=""2P*""","=""3/2""","=""2s2.2p2.(1S).3d""","=""2D""","=""5/2""",4,6,,"=""T5723LS""","=""""",
O,2,"=""""","=""362.7737""","=""""","=""5.25e+06""",D,"=""248426.41""","=""275983.95""","=""2s2.2p2.(3P).4p""","=""2P*""","=""1/2""","=""2s2.2p2.(1S).3d""","=""2D""","=""3/2""",2,4,,"=""T5723LS""","=""""",
O,2,"=""""","=""363.9477""","=""""","=""1.04e+06""",D,"=""248515.30""","=""275983.95""","=""2s2.2p2.(3P).4p""","=""2P*""","=""3/2""","=""2s2.2p2.(1S).3d""","=""2D""","=""3/2""",4,4,,"=""T5723LS""","=""""",
O,2,"=""""","=""363.9676""","=""""","=""9.02e+04""",E,"=""234402.797""","=""261869.94""","=""2s2.2p2.(3P).3d""","=""2D""","=""3/2""","=""2s2.2p2.(3P).5p""","=""2D*""","=""5/2""",4,6,,"=""T5723LS""","=""""",
O,2,"=""364.6560""","=""364.6558""","=""3""","=""1.26e+06""",D,"=""234454.634""","=""261869.94""","=""2s2.2p2.(3P).3d""","=""2D""","=""5/2""","=""2s2.2p2.(3P).5p""","=""2D*""","=""5/2""",6,6,,"=""T5723LS""","=""L10621""",
O,3,"=""""","=""365.3767""","=""""","=""3.97e+02""",C,"=""273081.33""","=""300442.55""","=""2s2.2p.(2P*).3s""","=""1P*""","=""1""","=""2s2.2p.(2P*).3p""","=""3P""","=""2""",3,5,,"=""u24""","=""""",
O,2,"=""366.2502""","=""366.2504""","=""1""","=""1.20e+06""",D,"=""234402.797""","=""261698.75""","=""2s2.2p2.(3P).3d""","=""2D""","=""3/2""","=""2s2.2p2.(3P).5p""","=""2D*""","=""3/2""",4,4,,"=""T5723LS""","=""L10621""",
O,2,"=""366.9472""","=""366.9472""","=""3""","=""1.32e+05""",E,"=""234454.634""","=""261698.75""","=""2s2.2p2.(3P).3d""","=""2D""","=""5/2""","=""2s2.2p2.(3P).5p""","=""2D*""","=""3/2""",6,4,,"=""T5723LS""","=""L10621""",
O,3,"=""""","=""367.1290""","=""""","=""4.20e+04""",C,"=""273081.33""","=""300311.96""","=""2s2.2p.(2P*).3s""","=""1P*""","=""1""","=""2s2.2p.(2P*).3p""","=""3P""","=""1""",3,3,,"=""u24""","=""""",
O,2,"=""""","=""367.8975""","=""""","=""1.14e+04""",E,"=""228723.84""","=""255897.59""","=""2s2.2p2.(1D).3p""","=""2F*""","=""5/2""","=""2s2.2p2.(3P).4d""","=""2D""","=""5/2""",6,6,,"=""T5723LS""","=""""",
O,2,"=""""","=""368.2174""","=""""","=""2.28e+05""",D,"=""228747.45""","=""255897.59""","=""2s2.2p2.(1D).3p""","=""2F*""","=""7/2""","=""2s2.2p2.(3P).4d""","=""2D""","=""5/2""",8,6,,"=""T5723LS""","=""""",
O,3,"=""""","=""368.2383""","=""""","=""2.52e+04""",C,"=""273081.33""","=""300229.93""","=""2s2.2p.(2P*).3s""","=""1P*""","=""1""","=""2s2.2p.(2P*).3p""","=""3P""","=""0""",3,1,,"=""u24""","=""""",
O,2,"=""""","=""368.6393""","=""""","=""2.39e+05""",D,"=""228723.84""","=""255842.91""","=""2s2.2p2.(1D).3p""","=""2F*""","=""5/2""","=""2s2.2p2.(3P).4d""","=""2D""","=""3/2""",6,4,,"=""T5723LS""","=""""",
O,1,"=""""","=""369.23558""","=""""","=""9.30e+04""",D,"=""76794.978""","=""103870.252""","=""2s2.2p3.(4S*).3s""","=""3S*""","=""1""","=""2s2.2p3.(4S*).5p""","=""3P""","=""0""",3,1,,"=""T5713LS""","=""""",
O,1,"=""""","=""369.23864""","=""""","=""9.30e+04""",C,"=""76794.978""","=""103870.028""","=""2s2.2p3.(4S*).3s""","=""3S*""","=""1""","=""2s2.2p3.(4S*).5p""","=""3P""","=""1""",3,3,,"=""T5713LS""","=""""",
O,1,"=""""","=""369.23945""","=""""","=""9.30e+04""",C,"=""76794.978""","=""103869.968""","=""2s2.2p3.(4S*).3s""","=""3S*""","=""1""","=""2s2.2p3.(4S*).5p""","=""3P""","=""2""",3,5,,"=""T5713LS""","=""""",
O,3,"=""""","=""369.5162""","=""""","=""7.76e+07""",B,"=""365726.76""","=""392781.47""","=""2s2.2p.(2P*).4p""","=""1P""","=""1""","=""2s2.2p.(2P*).5s""","=""1P*""","=""1""",3,3,,"=""T5376""","=""""",
O,3,"=""""","=""369.5375""","=""""","=""4.01e+07""",C+,"=""338577.25""","=""365630.40""","=""2s.2p2.(4P).3s""","=""5P""","=""1""","=""2s.2p2.(4P).3p""","=""5D*""","=""2""",3,5,,"=""T5376LS""","=""""",
O,3,"=""369.870""","=""369.8718""","=""80""","=""7.62e+07""",C+,"=""338701.98""","=""365730.68""","=""2s.2p2.(4P).3s""","=""5P""","=""2""","=""2s.2p2.(4P).3p""","=""5D*""","=""3""",5,7,,"=""T5376LS""","=""L3467""",
O,3,"=""""","=""370.2743""","=""""","=""5.45e+07""",C+,"=""300229.93""","=""327229.25""","=""2s2.2p.(2P*).3p""","=""3P""","=""0""","=""2s2.2p.(2P*).3d""","=""3D*""","=""1""",1,3,,"=""T5376,T5791,LS""","=""""",
O,3,"=""370.337""","=""370.3355""","=""80""","=""1.14e+08""",C+,"=""338863.03""","=""365857.89""","=""2s.2p2.(4P).3s""","=""5P""","=""3""","=""2s.2p2.(4P).3p""","=""5D*""","=""4""",7,9,,"=""T5376LS""","=""L3467""",
O,3,"=""""","=""370.4749""","=""""","=""8.53e+07""",C+,"=""338577.25""","=""365561.95""","=""2s.2p2.(4P).3s""","=""5P""","=""1""","=""2s.2p2.(4P).3p""","=""5D*""","=""1""",3,3,,"=""T5376LS""","=""""",
O,3,"=""370.724""","=""370.7272""","=""110""","=""7.34e+07""",C+,"=""300311.96""","=""327278.30""","=""2s2.2p.(2P*).3p""","=""3P""","=""1""","=""2s2.2p.(2P*).3d""","=""3D*""","=""2""",3,5,,"=""T5376,T5791,LS""","=""L3467""",
O,3,"=""""","=""370.9543""","=""""","=""1.13e+08""",C+,"=""338577.25""","=""365527.08""","=""2s.2p2.(4P).3s""","=""5P""","=""1""","=""2s.2p2.(4P).3p""","=""5D*""","=""0""",3,1,,"=""T5376LS""","=""""",
O,3,"=""""","=""371.2493""","=""""","=""6.59e+07""",C+,"=""338701.98""","=""365630.40""","=""2s.2p2.(4P).3s""","=""5P""","=""2""","=""2s.2p2.(4P).3p""","=""5D*""","=""2""",5,5,,"=""T5376LS""","=""""",
O,2,"=""371.2741""","=""371.27435""","=""25""","=""2.75e+07""",B,"=""185235.281""","=""212161.881""","=""2s2.2p2.(3P).3s""","=""4P""","=""1/2""","=""2s2.2p2.(3P).3p""","=""4S*""","=""3/2""",2,4,,"=""T6172,T6632""","=""L10621""",
O,2,"=""""","=""371.396""","=""""","=""1.56e+05""",E,"=""248010.23""","=""274928.0""","=""2s2.2p2.(3P).4p""","=""2D*""","=""3/2""","=""2s2.2p2.(1D).4d""","=""2D""","=""5/2""",4,6,,"=""T5723LS""","=""""",
O,3,"=""""","=""371.4028""","=""""","=""4.06e+07""",C+,"=""300311.96""","=""327229.25""","=""2s2.2p.(2P*).3p""","=""3P""","=""1""","=""2s2.2p.(2P*).3d""","=""3D*""","=""1""",3,3,,"=""T5376,T5791,LS""","=""""",
O,3,"=""371.508""","=""371.5086""","=""110""","=""9.73e+07""",C+,"=""300442.55""","=""327352.17""","=""2s2.2p.(2P*).3p""","=""3P""","=""2""","=""2s2.2p.(2P*).3d""","=""3D*""","=""3""",5,7,,"=""T5376,T5791,LS""","=""L3467""",
O,2,"=""""","=""371.562""","=""""","=""2.11e+06""",D,"=""248010.23""","=""274916.0""","=""2s2.2p2.(3P).4p""","=""2D*""","=""3/2""","=""2s2.2p2.(1D).4d""","=""2D""","=""3/2""",4,4,,"=""T5723LS""","=""""",
O,3,"=""""","=""372.0890""","=""""","=""3.74e+07""",C+,"=""338863.03""","=""365730.68""","=""2s.2p2.(4P).3s""","=""5P""","=""3""","=""2s.2p2.(4P).3p""","=""5D*""","=""3""",7,7,,"=""T5376LS""","=""""",
O,3,"=""""","=""372.1954""","=""""","=""2.80e+07""",C+,"=""338701.98""","=""365561.95""","=""2s.2p2.(4P).3s""","=""5P""","=""2""","=""2s.2p2.(4P).3p""","=""5D*""","=""1""",5,3,,"=""T5376LS""","=""""",
O,3,"=""""","=""372.5313""","=""""","=""2.41e+07""",C+,"=""300442.55""","=""327278.30""","=""2s2.2p.(2P*).3p""","=""3P""","=""2""","=""2s2.2p.(2P*).3d""","=""3D*""","=""2""",5,5,,"=""T5376,T5791,LS""","=""""",
O,2,"=""""","=""372.6032""","=""""","=""1.86e-05""",C,"=""0.00""","=""26830.57""","=""2s2.2p3""","=""4S*""","=""3/2""","=""2s2.2p3""","=""2D*""","=""3/2""",4,4,E2,"=""T5047,T4644""","=""""",
O,2,"=""372.604""","=""372.6032""","=""""","=""1.59e-04""",C,"=""0.00""","=""26830.57""","=""2s2.2p3""","=""4S*""","=""3/2""","=""2s2.2p3""","=""2D*""","=""3/2""",4,4,M1,"=""T5047""","=""L3452""",
O,2,"=""372.7320""","=""372.73195""","=""27""","=""5.64e+07""",B,"=""185340.577""","=""212161.881""","=""2s2.2p2.(3P).3s""","=""4P""","=""3/2""","=""2s2.2p2.(3P).3p""","=""4S*""","=""3/2""",4,4,,"=""T6172,T6632""","=""L10621""",
O,2,"=""""","=""372.8359""","=""""","=""7.22e+04""",C,"=""206730.762""","=""233544.59""","=""2s2.2p2.(3P).3p""","=""4D*""","=""1/2""","=""2s2.2p2.(3P).3d""","=""2P""","=""1/2""",2,2,,"=""T6172""","=""""",
O,3,"=""""","=""372.8506""","=""""","=""1.29e+08""",C+,"=""374663.52""","=""401476.29""","=""2s.2p2.(4P).3p""","=""3D*""","=""2""","=""2s.2p2.(4P).3d""","=""3F""","=""3""",5,7,,"=""T5376LS""","=""""",
O,2,"=""372.880""","=""372.8815""","=""""","=""2.86e-05""",C,"=""0.00""","=""26810.55""","=""2s2.2p3""","=""4S*""","=""3/2""","=""2s2.2p3""","=""2D*""","=""5/2""",4,6,E2,"=""T5047,T4644""","=""L3452""",
O,2,"=""""","=""372.8815""","=""""","=""1.98e-06""",C,"=""0.00""","=""26810.55""","=""2s2.2p3""","=""4S*""","=""3/2""","=""2s2.2p3""","=""2D*""","=""5/2""",4,6,M1,"=""T5047""","=""""",
O,3,"=""""","=""372.8838""","=""""","=""1.45e+08""",C+,"=""374795.14""","=""401605.52""","=""2s.2p2.(4P).3p""","=""3D*""","=""3""","=""2s.2p2.(4P).3d""","=""3F""","=""4""",7,9,,"=""T5376LS""","=""""",
O,2,"=""372.9225""","=""372.9221""","=""14""","=""2.44e+07""",C,"=""232480.44""","=""259288.07""","=""2s2.2p2.(1D).3p""","=""2P*""","=""1/2""","=""2s2.2p2.(1D).4s""","=""2D""","=""3/2""",2,4,,"=""T5723LS""","=""L10621""",
O,3,"=""""","=""372.9802""","=""""","=""1.22e+08""",C+,"=""374571.64""","=""401375.09""","=""2s.2p2.(4P).3p""","=""3D*""","=""1""","=""2s.2p2.(4P).3d""","=""3F""","=""2""",3,5,,"=""T5376LS""","=""""",
O,3,"=""""","=""373.2135""","=""""","=""2.67e+06""",C+,"=""300442.55""","=""327229.25""","=""2s2.2p.(2P*).3p""","=""3P""","=""2""","=""2s2.2p.(2P*).3d""","=""3D*""","=""1""",5,3,,"=""T5376,T5791,LS""","=""""",
O,3,"=""""","=""373.4830""","=""""","=""7.40e+06""",C+,"=""338863.03""","=""365630.40""","=""2s.2p2.(4P).3s""","=""5P""","=""3""","=""2s.2p2.(4P).3p""","=""5D*""","=""2""",7,5,,"=""T5376LS""","=""""",
O,2,"=""""","=""373.5722""","=""""","=""4.86e+06""",D,"=""232527.09""","=""259288.07""","=""2s2.2p2.(1D).3p""","=""2P*""","=""3/2""","=""2s2.2p2.(1D).4s""","=""2D""","=""3/2""",4,4,,"=""T5723LS""","=""L11267""",
O,2,"=""373.5784""","=""373.5786""","=""15""","=""2.92e+07""",C,"=""232527.09""","=""259287.61""","=""2s2.2p2.(1D).3p""","=""2P*""","=""3/2""","=""2s2.2p2.(1D).4s""","=""2D""","=""5/2""",4,6,,"=""T5723LS""","=""L10621""",
O,2,"=""""","=""373.6095""","=""""","=""8.99e+04""",C,"=""206786.286""","=""233544.59""","=""2s2.2p2.(3P).3p""","=""4D*""","=""3/2""","=""2s2.2p2.(3P).3d""","=""2P""","=""1/2""",4,2,,"=""T6172""","=""""",
O,2,"=""""","=""373.8337""","=""""","=""1.67e+05""",D,"=""228723.84""","=""255466.10""","=""2s2.2p2.(1D).3p""","=""2F*""","=""5/2""","=""2s2.2p2.(3P).4d""","=""2F""","=""7/2""",6,8,,"=""T5723LS""","=""L11267""",
O,2,"=""""","=""373.846""","=""""","=""2.15e+06""",D,"=""248186.64""","=""274928.0""","=""2s2.2p2.(3P).4p""","=""2D*""","=""5/2""","=""2s2.2p2.(1D).4d""","=""2D""","=""5/2""",6,6,,"=""T5723LS""","=""""",
O,2,"=""373.9762""","=""373.9761""","=""20""","=""2.97e+07""",B,"=""212161.881""","=""238893.96""","=""2s2.2p2.(3P).3p""","=""4S*""","=""3/2""","=""2s2.2p2.(3P).4s""","=""4P""","=""5/2""",4,6,,"=""T6632""","=""L10621""",
O,2,"=""""","=""373.999""","=""""","=""8.06e+05""",D,"=""248010.23""","=""274740.7""","=""2s2.2p2.(3P).4p""","=""2D*""","=""3/2""","=""2s2.2p2.(1D).4d""","=""2F""","=""5/2""",4,6,,"=""T5723LS""","=""""",
O,2,"=""""","=""374.014""","=""""","=""2.30e+05""",E,"=""248186.64""","=""274916.0""","=""2s2.2p2.(3P).4p""","=""2D*""","=""5/2""","=""2s2.2p2.(1D).4d""","=""2D""","=""3/2""",6,4,,"=""T5723LS""","=""""",
O,2,"=""374.1639""","=""374.1640""","=""11""","=""4.50e+06""",D,"=""228747.45""","=""255466.10""","=""2s2.2p2.(1D).3p""","=""2F*""","=""7/2""","=""2s2.2p2.(3P).4d""","=""2F""","=""7/2""",8,8,,"=""T5723LS""","=""L10621""",
O,3,"=""""","=""374.2632""","=""""","=""2.24e+07""",C+,"=""374663.52""","=""401375.09""","=""2s.2p2.(4P).3p""","=""3D*""","=""2""","=""2s.2p2.(4P).3d""","=""3F""","=""2""",5,5,,"=""T5376LS""","=""""",
O,2,"=""""","=""374.4286""","=""""","=""6.76e+04""",C,"=""206730.762""","=""233430.53""","=""2s2.2p2.(3P).3p""","=""4D*""","=""1/2""","=""2s2.2p2.(3P).3d""","=""2P""","=""3/2""",2,4,,"=""T6172""","=""""",
O,3,"=""""","=""374.6899""","=""""","=""1.59e+07""",C+,"=""374795.14""","=""401476.29""","=""2s.2p2.(4P).3p""","=""3D*""","=""3""","=""2s.2p2.(4P).3d""","=""3F""","=""3""",7,7,,"=""T5376LS""","=""""",
O,2,"=""374.9486""","=""374.94841""","=""30""","=""8.97e+07""",B,"=""185499.124""","=""212161.881""","=""2s2.2p2.(3P).3s""","=""4P""","=""5/2""","=""2s2.2p2.(3P).3p""","=""4S*""","=""3/2""",6,4,,"=""T6172,T6632""","=""L10621""",
O,2,"=""""","=""375.2089""","=""""","=""4.64e+04""",C,"=""206786.286""","=""233430.53""","=""2s2.2p2.(3P).3p""","=""4D*""","=""3/2""","=""2s2.2p2.(3P).3d""","=""2P""","=""3/2""",4,4,,"=""T6172""","=""""",
O,3,"=""375.467""","=""375.4696""","=""150""","=""7.53e+07""",C+,"=""267377.11""","=""294002.86""","=""2s2.2p.(2P*).3s""","=""3P*""","=""1""","=""2s2.2p.(2P*).3p""","=""3D""","=""2""",3,5,,"=""u24""","=""L3467""",
O,3,"=""375.721""","=""375.7232""","=""80""","=""5.56e+07""",C+,"=""267258.71""","=""293866.49""","=""2s2.2p.(2P*).3s""","=""3P*""","=""0""","=""2s2.2p.(2P*).3p""","=""3D""","=""1""",1,3,,"=""u24""","=""L3467""",
O,2,"=""""","=""375.906""","=""""","=""8.51e+05""",D,"=""248186.64""","=""274781.5""","=""2s2.2p2.(3P).4p""","=""2D*""","=""5/2""","=""2s2.2p2.(1D).4d""","=""2F""","=""7/2""",6,8,,"=""T5723LS""","=""""",
O,3,"=""375.987""","=""375.9875""","=""250""","=""9.79e+07""",C+,"=""267634.00""","=""294223.07""","=""2s2.2p.(2P*).3s""","=""3P*""","=""2""","=""2s2.2p.(2P*).3p""","=""3D""","=""3""",5,7,,"=""u24""","=""L3467""",
O,3,"=""""","=""376.1166""","=""""","=""6.22e+05""",C+,"=""374795.14""","=""401375.09""","=""2s.2p2.(4P).3p""","=""3D*""","=""3""","=""2s.2p2.(4P).3d""","=""3F""","=""2""",7,5,,"=""T5376LS""","=""""",
O,2,"=""376.1400""","=""376.1403""","=""9""","=""4.37e+06""",D,"=""228723.84""","=""255302.11""","=""2s2.2p2.(1D).3p""","=""2F*""","=""5/2""","=""2s2.2p2.(3P).4d""","=""2F""","=""5/2""",6,6,,"=""T5723LS""","=""L10621""",
O,2,"=""376.2465""","=""376.2465""","=""19""","=""3.10e+07""",B,"=""212161.881""","=""238732.65""","=""2s2.2p2.(3P).3p""","=""4S*""","=""3/2""","=""2s2.2p2.(3P).4s""","=""4P""","=""3/2""",4,4,,"=""T6632""","=""L10621""",
O,2,"=""""","=""376.4748""","=""""","=""2.18e+05""",D,"=""228747.45""","=""255302.11""","=""2s2.2p2.(1D).3p""","=""2F*""","=""7/2""","=""2s2.2p2.(3P).4d""","=""2F""","=""5/2""",8,6,,"=""T5723LS""","=""L11267""",
O,2,"=""""","=""376.483""","=""""","=""5.64e+04""",E,"=""248186.64""","=""274740.7""","=""2s2.2p2.(3P).4p""","=""2D*""","=""5/2""","=""2s2.2p2.(1D).4d""","=""2F""","=""5/2""",6,6,,"=""T5723LS""","=""""",
O,2,"=""""","=""376.5031""","=""""","=""3.88e+04""",C,"=""206877.865""","=""233430.53""","=""2s2.2p2.(3P).3p""","=""4D*""","=""5/2""","=""2s2.2p2.(3P).3d""","=""2P""","=""3/2""",6,4,,"=""T6172""","=""""",
O,2,"=""""","=""377.400""","=""""","=""4.90e+06""",D,"=""248426.41""","=""274916.0""","=""2s2.2p2.(3P).4p""","=""2P*""","=""1/2""","=""2s2.2p2.(1D).4d""","=""2D""","=""3/2""",2,4,,"=""T5723LS""","=""""",
O,3,"=""""","=""377.4026""","=""""","=""3.91e+07""",C+,"=""267377.11""","=""293866.49""","=""2s2.2p.(2P*).3s""","=""3P*""","=""1""","=""2s2.2p.(2P*).3p""","=""3D""","=""1""",3,3,,"=""u24""","=""""",
O,2,"=""377.7421""","=""377.7420""","=""16""","=""2.25e+07""",B,"=""212161.881""","=""238627.46""","=""2s2.2p2.(3P).3p""","=""4S*""","=""3/2""","=""2s2.2p2.(3P).4s""","=""4P""","=""1/2""",4,2,,"=""T6632""","=""L10621""",
O,2,"=""""","=""378.498""","=""""","=""5.83e+06""",D,"=""248515.30""","=""274928.0""","=""2s2.2p2.(3P).4p""","=""2P*""","=""3/2""","=""2s2.2p2.(1D).4d""","=""2D""","=""5/2""",4,6,,"=""T5723LS""","=""""",
O,2,"=""""","=""378.670""","=""""","=""9.70e+05""",D,"=""248515.30""","=""274916.0""","=""2s2.2p2.(3P).4p""","=""2P*""","=""3/2""","=""2s2.2p2.(1D).4d""","=""2D""","=""3/2""",4,4,,"=""T5723LS""","=""""",
O,3,"=""379.126""","=""379.1275""","=""110""","=""2.24e+07""",C+,"=""267634.00""","=""294002.86""","=""2s2.2p.(2P*).3s""","=""3P*""","=""2""","=""2s2.2p.(2P*).3p""","=""3D""","=""2""",5,5,,"=""u24""","=""L3467""",
O,2,"=""379.4361""","=""379.4359""","=""14""","=""6.86e+06""",C,"=""214169.920""","=""240517.35""","=""2s2.2p2.(3P).3p""","=""2P*""","=""1/2""","=""2s2.2p2.(3P).4s""","=""2P""","=""3/2""",2,4,,"=""T5723LS""","=""L10621""",
O,2,"=""380.2985""","=""380.2984""","=""19""","=""3.41e+07""",C,"=""214229.671""","=""240517.35""","=""2s2.2p2.(3P).3p""","=""2P*""","=""3/2""","=""2s2.2p2.(3P).4s""","=""2P""","=""3/2""",4,4,,"=""T5723LS""","=""L10621""",
O,3,"=""""","=""381.0985""","=""""","=""2.37e+06""",C+,"=""267634.00""","=""293866.49""","=""2s2.2p.(2P*).3s""","=""3P*""","=""2""","=""2s2.2p.(2P*).3p""","=""3D""","=""1""",5,3,,"=""u24""","=""""",
O,2,"=""381.3706""","=""381.37301""","=""6""","=""3.74e+04""",C,"=""185499.124""","=""211712.732""","=""2s2.2p2.(3P).3s""","=""4P""","=""5/2""","=""2s2.2p2.(3P).3p""","=""2D*""","=""5/2""",6,6,,"=""T6172""","=""L10621""",
O,3,"=""""","=""381.6751""","=""""","=""9.63e+06""",C,"=""306586.08""","=""332778.94""","=""2s2.2p.(2P*).3p""","=""1D""","=""2""","=""2s2.2p.(2P*).3d""","=""1P*""","=""1""",5,3,,"=""T5376,T5791""","=""""",
O,2,"=""382.1538""","=""382.1532""","=""15""","=""2.69e+07""",C,"=""214169.920""","=""240330.01""","=""2s2.2p2.(3P).3p""","=""2P*""","=""1/2""","=""2s2.2p2.(3P).4s""","=""2P""","=""1/2""",2,2,,"=""T5723LS""","=""L10621""",
O,1,"=""""","=""382.25769""","=""""","=""1.17e+05""",C,"=""101135.407""","=""127288.349""","=""2s2.2p3.(2D*).3s""","=""3D*""","=""3""","=""2s2.2p3.(2P*).3p""","=""3D""","=""2""",7,5,,"=""T5713LS""","=""""",
O,1,"=""382.341""","=""382.34136""","=""120""","=""6.63e+05""",C+,"=""101135.407""","=""127282.626""","=""2s2.2p3.(2D*).3s""","=""3D*""","=""3""","=""2s2.2p3.(2P*).3p""","=""3D""","=""3""",7,7,,"=""T5713LS""","=""L3760""",
O,1,"=""""","=""382.38679""","=""""","=""1.87e+05""",C,"=""101147.526""","=""127291.638""","=""2s2.2p3.(2D*).3s""","=""3D*""","=""2""","=""2s2.2p3.(2P*).3p""","=""3D""","=""1""",5,3,,"=""T5713LS""","=""""",
O,1,"=""""","=""382.43491""","=""""","=""5.19e+05""",C+,"=""101147.526""","=""127288.349""","=""2s2.2p3.(2D*).3s""","=""3D*""","=""2""","=""2s2.2p3.(2P*).3p""","=""3D""","=""2""",5,5,,"=""T5713LS""","=""""",
O,1,"=""""","=""382.50232""","=""""","=""5.59e+05""",C+,"=""101155.422""","=""127291.638""","=""2s2.2p3.(2D*).3s""","=""3D*""","=""1""","=""2s2.2p3.(2P*).3p""","=""3D""","=""1""",3,3,,"=""T5713LS""","=""""",
O,1,"=""""","=""382.51865""","=""""","=""8.31e+04""",C,"=""101147.526""","=""127282.626""","=""2s2.2p3.(2D*).3s""","=""3D*""","=""2""","=""2s2.2p3.(2P*).3p""","=""3D""","=""3""",5,7,,"=""T5713LS""","=""""",
O,1,"=""""","=""382.55046""","=""""","=""1.12e+05""",C,"=""101155.422""","=""127288.349""","=""2s2.2p3.(2D*).3s""","=""3D*""","=""1""","=""2s2.2p3.(2P*).3p""","=""3D""","=""2""",3,5,,"=""T5713LS""","=""""",
O,2,"=""383.0290""","=""383.0281""","=""13""","=""1.33e+07""",C,"=""214229.671""","=""240330.01""","=""2s2.2p2.(3P).3p""","=""2P*""","=""3/2""","=""2s2.2p2.(3P).4s""","=""2P""","=""1/2""",4,2,,"=""T5723LS""","=""L10621""",
O,2,"=""383.3074""","=""383.30706""","=""12""","=""1.02e+06""",C,"=""206877.865""","=""232959.210""","=""2s2.2p2.(3P).3p""","=""4D*""","=""5/2""","=""2s2.2p2.(3P).3d""","=""2F""","=""7/2""",6,8,,"=""T6172""","=""L10621""",
O,2,"=""383.5855""","=""383.58605""","=""4""","=""2.45e+04""",C,"=""208392.258""","=""234454.634""","=""2s2.2p2.(3P).3p""","=""4P*""","=""3/2""","=""2s2.2p2.(3P).3d""","=""2D""","=""5/2""",4,6,,"=""T6172""","=""L10621""",
O,2,"=""""","=""383.66972""","=""""","=""1.64e+04""",C,"=""208346.104""","=""234402.797""","=""2s2.2p2.(3P).3p""","=""4P*""","=""1/2""","=""2s2.2p2.(3P).3d""","=""2D""","=""3/2""",2,4,,"=""T6172""","=""""",
O,2,"=""384.2815""","=""384.28138""","=""15""","=""8.13e+06""",C,"=""206730.762""","=""232745.981""","=""2s2.2p2.(3P).3p""","=""4D*""","=""1/2""","=""2s2.2p2.(3P).3d""","=""4D""","=""3/2""",2,4,,"=""T6172,T6632""","=""L10621""",
O,2,"=""384.3587""","=""384.35832""","=""14""","=""3.55e+06""",C,"=""206786.286""","=""232796.298""","=""2s2.2p2.(3P).3p""","=""4D*""","=""3/2""","=""2s2.2p2.(3P).3d""","=""2F""","=""5/2""",4,6,,"=""T6172""","=""L10621""",
O,2,"=""384.7892""","=""384.78930""","=""14""","=""1.87e+07""",B+,"=""206730.762""","=""232711.642""","=""2s2.2p2.(3P).3p""","=""4D*""","=""1/2""","=""2s2.2p2.(3P).3d""","=""4D""","=""1/2""",2,2,,"=""T6172,T6632""","=""L10621""",
O,2,"=""385.0797""","=""385.07987""","=""14""","=""3.40e+06""",C,"=""206786.286""","=""232747.562""","=""2s2.2p2.(3P).3p""","=""4D*""","=""3/2""","=""2s2.2p2.(3P).3d""","=""4D""","=""5/2""",4,6,,"=""T6172,T6632""","=""L10621""",
O,2,"=""385.1032""","=""385.10332""","=""17""","=""1.52e+07""",B+,"=""206786.286""","=""232745.981""","=""2s2.2p2.(3P).3p""","=""4D*""","=""3/2""","=""2s2.2p2.(3P).3d""","=""4D""","=""3/2""",4,4,,"=""T6172,T6632""","=""L10621""",
O,2,"=""385.1471""","=""385.14735""","=""15""","=""2.72e+06""",C,"=""207002.482""","=""232959.210""","=""2s2.2p2.(3P).3p""","=""4D*""","=""7/2""","=""2s2.2p2.(3P).3d""","=""2F""","=""7/2""",8,8,,"=""T6172""","=""L10621""",
O,2,"=""385.2383""","=""385.2395""","=""9""","=""2.98e+06""",D,"=""229947.07""","=""255897.59""","=""2s2.2p2.(1D).3p""","=""2D*""","=""5/2""","=""2s2.2p2.(3P).4d""","=""2D""","=""5/2""",6,6,,"=""T5723LS""","=""L10621""",
O,3,"=""""","=""385.3474""","=""""","=""5.20e+05""",D,"=""374571.64""","=""400514.89""","=""2s.2p2.(4P).3p""","=""3D*""","=""1""","=""2s.2p2.(4P).3d""","=""3P""","=""0""",3,1,,"=""T5376LS""","=""""",
O,1,"=""""","=""385.50139""","=""""","=""1.63e+06""",B,"=""102662.026""","=""128594.916""","=""2s2.2p3.(2D*).3s""","=""1D*""","=""2""","=""2s2.2p3.(2P*).3p""","=""1D""","=""2""",5,5,,"=""T5713""","=""""",
O,2,"=""""","=""385.5570""","=""""","=""2.12e+05""",D,"=""229968.44""","=""255897.59""","=""2s2.2p2.(1D).3p""","=""2D*""","=""3/2""","=""2s2.2p2.(3P).4d""","=""2D""","=""5/2""",4,6,,"=""T5723LS""","=""L11267""",
O,2,"=""385.6134""","=""385.61342""","=""16""","=""2.45e+07""",C+,"=""206786.286""","=""232711.642""","=""2s2.2p2.(3P).3p""","=""4D*""","=""3/2""","=""2s2.2p2.(3P).3d""","=""4D""","=""1/2""",4,2,,"=""T6172,T6632""","=""L10621""",
O,2,"=""385.7166""","=""385.71642""","=""17""","=""6.59e+06""",C,"=""206877.865""","=""232796.298""","=""2s2.2p2.(3P).3p""","=""4D*""","=""5/2""","=""2s2.2p2.(3P).3d""","=""2F""","=""5/2""",6,6,,"=""T6172""","=""L10621""",
O,2,"=""""","=""386.0530""","=""""","=""3.17e+05""",D,"=""229947.07""","=""255842.91""","=""2s2.2p2.(1D).3p""","=""2D*""","=""5/2""","=""2s2.2p2.(3P).4d""","=""2D""","=""3/2""",6,4,,"=""T5723LS""","=""L11267""",
O,3,"=""""","=""386.1497""","=""""","=""1.29e+05""",D,"=""374571.64""","=""400460.99""","=""2s.2p2.(4P).3p""","=""3D*""","=""1""","=""2s.2p2.(4P).3d""","=""3P""","=""1""",3,3,,"=""T5376LS""","=""""",
O,2,"=""386.3502""","=""386.34969""","=""17""","=""5.99e+06""",B+,"=""206877.865""","=""232753.816""","=""2s2.2p2.(3P).3p""","=""4D*""","=""5/2""","=""2s2.2p2.(3P).3d""","=""4D""","=""7/2""",6,8,,"=""T6172,T6632""","=""L10621""",
O,2,"=""""","=""386.3718""","=""""","=""2.85e+06""",D,"=""229968.44""","=""255842.91""","=""2s2.2p2.(1D).3p""","=""2D*""","=""3/2""","=""2s2.2p2.(3P).4d""","=""2D""","=""3/2""",4,4,,"=""T5723LS""","=""L11267""",
O,2,"=""386.4125""","=""386.41272""","=""11""","=""9.12e+06""",C,"=""206730.762""","=""232602.492""","=""2s2.2p2.(3P).3p""","=""4D*""","=""1/2""","=""2s2.2p2.(3P).3d""","=""4P""","=""1/2""",2,2,,"=""T6172""","=""L10621""",
O,2,"=""386.4426""","=""386.44309""","=""17""","=""2.06e+07""",B+,"=""206877.865""","=""232747.562""","=""2s2.2p2.(3P).3p""","=""4D*""","=""5/2""","=""2s2.2p2.(3P).3d""","=""4D""","=""5/2""",6,6,,"=""T6172,T6632""","=""L10621""",
O,2,"=""386.4667""","=""386.46671""","=""16""","=""1.91e+07""",C+,"=""206877.865""","=""232745.981""","=""2s2.2p2.(3P).3p""","=""4D*""","=""5/2""","=""2s2.2p2.(3P).3d""","=""4D""","=""3/2""",6,4,,"=""T6172,T6632""","=""L10621""",
O,2,"=""387.2439""","=""387.24382""","=""10""","=""4.84e+05""",C,"=""206786.286""","=""232602.492""","=""2s2.2p2.(3P).3p""","=""4D*""","=""3/2""","=""2s2.2p2.(3P).3d""","=""4P""","=""1/2""",4,2,,"=""T6172""","=""L10621""",
O,2,"=""387.4092""","=""387.40918""","=""12""","=""3.26e+06""",C,"=""206730.762""","=""232535.949""","=""2s2.2p2.(3P).3p""","=""4D*""","=""1/2""","=""2s2.2p2.(3P).3d""","=""4P""","=""3/2""",2,4,,"=""T6172""","=""L10621""",
O,3,"=""""","=""387.5251""","=""""","=""3.83e+05""",C,"=""374663.52""","=""400460.99""","=""2s.2p2.(4P).3p""","=""3D*""","=""2""","=""2s.2p2.(4P).3d""","=""3P""","=""1""",5,3,,"=""T5376LS""","=""""",
O,2,"=""387.5796""","=""387.57997""","=""13""","=""3.38e+06""",C,"=""207002.482""","=""232796.298""","=""2s2.2p2.(3P).3p""","=""4D*""","=""7/2""","=""2s2.2p2.(3P).3d""","=""2F""","=""5/2""",8,6,,"=""T6172""","=""L10621""",
O,3,"=""""","=""387.7889""","=""""","=""5.10e+03""",D,"=""374571.64""","=""400351.56""","=""2s.2p2.(4P).3p""","=""3D*""","=""1""","=""2s.2p2.(4P).3d""","=""3P""","=""2""",3,5,,"=""T5376LS""","=""""",
O,2,"=""388.2192""","=""388.21937""","=""20""","=""5.10e+07""",B+,"=""207002.482""","=""232753.816""","=""2s2.2p2.(3P).3p""","=""4D*""","=""7/2""","=""2s2.2p2.(3P).3d""","=""4D""","=""7/2""",8,8,,"=""T6172,T6632""","=""L10621""",
O,2,"=""388.2446""","=""388.24457""","=""13""","=""8.94e+06""",C,"=""206786.286""","=""232535.949""","=""2s2.2p2.(3P).3p""","=""4D*""","=""3/2""","=""2s2.2p2.(3P).3d""","=""4P""","=""3/2""",4,4,,"=""T6172""","=""L10621""",
O,2,"=""388.3130""","=""388.31368""","=""14""","=""1.07e+07""",B+,"=""207002.482""","=""232747.562""","=""2s2.2p2.(3P).3p""","=""4D*""","=""7/2""","=""2s2.2p2.(3P).3d""","=""4D""","=""5/2""",8,6,,"=""T6172,T6632""","=""L10621""",
O,3,"=""""","=""388.6760""","=""""","=""1.23e+06""",C+,"=""366488.45""","=""392209.53""","=""2s2.2p.(2P*).4p""","=""3D""","=""1""","=""2s2.2p.(2P*).5s""","=""3P*""","=""2""",3,5,,"=""T5376LS""","=""""",
O,3,"=""""","=""389.1759""","=""""","=""7.57e+04""",D,"=""374663.52""","=""400351.56""","=""2s.2p2.(4P).3p""","=""3D*""","=""2""","=""2s.2p2.(4P).3d""","=""3P""","=""2""",5,5,,"=""T5376LS""","=""""",
O,2,"=""389.3516""","=""389.35180""","=""11""","=""1.89e+06""",C,"=""206786.286""","=""232462.724""","=""2s2.2p2.(3P).3p""","=""4D*""","=""3/2""","=""2s2.2p2.(3P).3d""","=""4P""","=""5/2""",4,6,,"=""T6172""","=""L10621""",
O,2,"=""389.6304""","=""389.63032""","=""10""","=""1.62e+05""",C,"=""206877.865""","=""232535.949""","=""2s2.2p2.(3P).3p""","=""4D*""","=""5/2""","=""2s2.2p2.(3P).3d""","=""4P""","=""3/2""",6,4,,"=""T6172""","=""L10621""",
O,3,"=""""","=""390.3044""","=""""","=""1.82e+07""",C+,"=""366595.76""","=""392209.53""","=""2s2.2p.(2P*).4p""","=""3D""","=""2""","=""2s2.2p.(2P*).5s""","=""3P*""","=""2""",5,5,,"=""T5376LS""","=""""",
O,2,"=""390.7455""","=""390.74549""","=""15""","=""8.64e+06""",C,"=""206877.865""","=""232462.724""","=""2s2.2p2.(3P).3p""","=""4D*""","=""5/2""","=""2s2.2p2.(3P).3d""","=""4P""","=""5/2""",6,6,,"=""T6172""","=""L10621""",
O,3,"=""""","=""391.1803""","=""""","=""4.17e+05""",C,"=""374795.14""","=""400351.56""","=""2s.2p2.(4P).3p""","=""3D*""","=""3""","=""2s.2p2.(4P).3d""","=""3P""","=""2""",7,5,,"=""T5376LS""","=""""",
O,2,"=""391.1957""","=""391.1958""","=""20""","=""1.09e+08""",B+,"=""206971.68""","=""232527.09""","=""2s2.2p2.(1D).3s""","=""2D""","=""5/2""","=""2s2.2p2.(1D).3p""","=""2P*""","=""3/2""",6,4,,"=""T6172n""","=""L10621""",
O,2,"=""391.2107""","=""391.2117""","=""16""","=""1.41e+07""",B,"=""206972.72""","=""232527.09""","=""2s2.2p2.(1D).3s""","=""2D""","=""3/2""","=""2s2.2p2.(1D).3p""","=""2P*""","=""3/2""",4,4,,"=""T6172n""","=""L10621""",
O,2,"=""391.7537""","=""391.7535""","=""7""","=""7.64e+05""",D,"=""229947.07""","=""255466.10""","=""2s2.2p2.(1D).3p""","=""2D*""","=""5/2""","=""2s2.2p2.(3P).4d""","=""2F""","=""7/2""",6,8,,"=""T5723LS""","=""L10621""",
O,2,"=""391.9285""","=""391.9272""","=""18""","=""1.22e+08""",B+,"=""206972.72""","=""232480.44""","=""2s2.2p2.(1D).3s""","=""2D""","=""3/2""","=""2s2.2p2.(1D).3p""","=""2P*""","=""1/2""",4,2,,"=""T6172n""","=""L10621""",
O,2,"=""392.6584""","=""392.65806""","=""5""","=""5.05e+05""",C,"=""207002.482""","=""232462.724""","=""2s2.2p2.(3P).3p""","=""4D*""","=""7/2""","=""2s2.2p2.(3P).3d""","=""4P""","=""5/2""",8,6,,"=""T6172""","=""L10621""",
O,3,"=""""","=""393.1351""","=""""","=""2.96e+07""",C+,"=""366488.45""","=""391917.80""","=""2s2.2p.(2P*).4p""","=""3D""","=""1""","=""2s2.2p.(2P*).5s""","=""3P*""","=""1""",3,3,,"=""T5376LS""","=""""",
O,3,"=""""","=""393.4823""","=""""","=""9.93e+07""",C+,"=""366802.62""","=""392209.53""","=""2s2.2p.(2P*).4p""","=""3D""","=""3""","=""2s2.2p.(2P*).5s""","=""3P*""","=""2""",7,5,,"=""T5376LS""","=""""",
O,2,"=""""","=""394.2873""","=""""","=""5.00e+04""",E,"=""229947.07""","=""255302.11""","=""2s2.2p2.(1D).3p""","=""2D*""","=""5/2""","=""2s2.2p2.(3P).4d""","=""2F""","=""5/2""",6,6,,"=""T5723LS""","=""L11267""",
O,3,"=""""","=""394.4854""","=""""","=""1.17e+08""",C+,"=""366488.45""","=""391830.76""","=""2s2.2p.(2P*).4p""","=""3D""","=""1""","=""2s2.2p.(2P*).5s""","=""3P*""","=""0""",3,1,,"=""T5376LS""","=""""",
O,2,"=""394.50375""","=""394.50376""","=""19""","=""2.01e+07""",B,"=""188888.543""","=""214229.671""","=""2s2.2p2.(3P).3s""","=""2P""","=""1/2""","=""2s2.2p2.(3P).3p""","=""2P*""","=""3/2""",2,4,,"=""T6172,T6632""","=""L6915""",
O,2,"=""""","=""394.6199""","=""""","=""6.98e+05""",D,"=""229968.44""","=""255302.11""","=""2s2.2p2.(1D).3p""","=""2D*""","=""3/2""","=""2s2.2p2.(3P).4d""","=""2F""","=""5/2""",4,6,,"=""T5723LS""","=""L11267""",
O,1,"=""394.729""","=""394.72949""","=""185""","=""4.91e+05""",B,"=""73768.200""","=""99094.837""","=""2s2.2p3.(4S*).3s""","=""5S*""","=""2""","=""2s2.2p3.(4S*).4p""","=""5P""","=""3""",5,7,,"=""T5803,LS""","=""L3760""",
O,1,"=""394.748""","=""394.74813""","=""160""","=""4.88e+05""",B,"=""73768.200""","=""99093.641""","=""2s2.2p3.(4S*).3s""","=""5S*""","=""2""","=""2s2.2p3.(4S*).4p""","=""5P""","=""2""",5,5,,"=""T5803,LS""","=""L3760""",
O,1,"=""394.759""","=""394.75862""","=""140""","=""4.87e+05""",B,"=""73768.200""","=""99092.968""","=""2s2.2p3.(4S*).3s""","=""5S*""","=""2""","=""2s2.2p3.(4S*).4p""","=""5P""","=""1""",5,3,,"=""T5803,LS""","=""L3760""",
O,3,"=""""","=""394.8012""","=""""","=""8.78e+07""",C+,"=""366595.76""","=""391917.80""","=""2s2.2p.(2P*).4p""","=""3D""","=""2""","=""2s2.2p.(2P*).5s""","=""3P*""","=""1""",5,3,,"=""T5376LS""","=""""",
O,2,"=""""","=""394.9345""","=""""","=""9.80e+06""",D,"=""229968.44""","=""255281.93""","=""2s2.2p2.(1D).3p""","=""2D*""","=""3/2""","=""2s2.2p2.(3P).4d""","=""2P""","=""1/2""",4,2,,"=""T5723LS""","=""""",
O,1,"=""""","=""395.19278""","=""""","=""3.10e+05""",C,"=""88630.587""","=""113927.534""","=""2s2.2p3.(4S*).3p""","=""3P""","=""1""","=""2s2.2p3.(2P*).3s""","=""3P*""","=""0""",3,1,,"=""T5713LS""","=""""",
O,1,"=""""","=""395.28877""","=""""","=""7.74e+04""",C,"=""88630.587""","=""113921.391""","=""2s2.2p3.(4S*).3p""","=""3P""","=""1""","=""2s2.2p3.(2P*).3s""","=""3P*""","=""1""",3,3,,"=""T5713LS""","=""""",
O,1,"=""""","=""395.29751""","=""""","=""1.29e+05""",C,"=""88631.146""","=""113921.391""","=""2s2.2p3.(4S*).3p""","=""3P""","=""2""","=""2s2.2p3.(2P*).3s""","=""3P*""","=""1""",5,3,,"=""T5713LS""","=""""",
O,1,"=""""","=""395.29996""","=""""","=""1.03e+05""",C,"=""88631.303""","=""113921.391""","=""2s2.2p3.(4S*).3p""","=""3P""","=""0""","=""2s2.2p3.(2P*).3s""","=""3P*""","=""1""",1,3,,"=""T5713LS""","=""""",
O,2,"=""395.43619""","=""395.43617""","=""20""","=""8.57e+07""",B,"=""188888.543""","=""214169.920""","=""2s2.2p2.(3P).3s""","=""2P""","=""1/2""","=""2s2.2p2.(3P).3p""","=""2P*""","=""1/2""",2,2,,"=""T6172""","=""L6915""",
O,1,"=""""","=""395.45192""","=""""","=""7.73e+04""",C,"=""88630.587""","=""113910.957""","=""2s2.2p3.(4S*).3p""","=""3P""","=""1""","=""2s2.2p3.(2P*).3s""","=""3P*""","=""2""",3,5,,"=""T5713LS""","=""""",
O,1,"=""395.461""","=""395.46067""","=""100""","=""2.32e+05""",C+,"=""88631.146""","=""113910.957""","=""2s2.2p3.(4S*).3p""","=""3P""","=""2""","=""2s2.2p3.(2P*).3s""","=""3P*""","=""2""",5,5,,"=""T5713LS""","=""L3760""",
O,3,"=""396.159""","=""396.1573""","=""200""","=""1.25e+08""",B,"=""306586.08""","=""331821.44""","=""2s2.2p.(2P*).3p""","=""1D""","=""2""","=""2s2.2p.(2P*).3d""","=""1F*""","=""3""",5,7,,"=""T5376,T5791""","=""L3492""",
O,2,"=""""","=""396.2963""","=""""","=""8.73e+06""",D,"=""229947.07""","=""255173.58""","=""2s2.2p2.(1D).3p""","=""2D*""","=""5/2""","=""2s2.2p2.(3P).4d""","=""2P""","=""3/2""",6,4,,"=""T5723LS""","=""""",
O,2,"=""""","=""396.6323""","=""""","=""9.67e+05""",D,"=""229968.44""","=""255173.58""","=""2s2.2p2.(1D).3p""","=""2D*""","=""3/2""","=""2s2.2p2.(3P).4d""","=""2P""","=""3/2""",4,4,,"=""T5723LS""","=""""",
O,2,"=""""","=""396.7370""","=""""","=""1.00e+06""",C,"=""208346.104""","=""233544.59""","=""2s2.2p2.(3P).3p""","=""4P*""","=""1/2""","=""2s2.2p2.(3P).3d""","=""2P""","=""1/2""",2,2,,"=""T6172""","=""""",
O,2,"=""397.32562""","=""397.32560""","=""24""","=""1.02e+08""",B,"=""189068.514""","=""214229.671""","=""2s2.2p2.(3P).3s""","=""2P""","=""3/2""","=""2s2.2p2.(3P).3p""","=""2P*""","=""3/2""",4,4,,"=""T6172,T6632""","=""L6915""",
O,2,"=""398.27140""","=""398.27141""","=""18""","=""4.16e+07""",B,"=""189068.514""","=""214169.920""","=""2s2.2p2.(3P).3s""","=""2P""","=""3/2""","=""2s2.2p2.(3P).3p""","=""2P*""","=""1/2""",4,2,,"=""T6172,T6632""","=""L6915""",
O,2,"=""398.5418""","=""398.5410""","=""7""","=""6.68e+05""",C,"=""208346.104""","=""233430.53""","=""2s2.2p2.(3P).3p""","=""4P*""","=""1/2""","=""2s2.2p2.(3P).3d""","=""2P""","=""3/2""",2,4,,"=""T6172""","=""L10621""",
O,2,"=""399.2757""","=""399.2757""","=""5""","=""1.27e+05""",C,"=""208392.258""","=""233430.53""","=""2s2.2p2.(3P).3p""","=""4P*""","=""3/2""","=""2s2.2p2.(3P).3d""","=""2P""","=""3/2""",4,4,,"=""T6172""","=""L10621""",
O,1,"=""""","=""399.79533""","=""""","=""2.41e+06""",B,"=""102662.026""","=""127667.754""","=""2s2.2p3.(2D*).3s""","=""1D*""","=""2""","=""2s2.2p3.(2P*).3p""","=""1P""","=""1""",5,3,,"=""T5713""","=""""",
O,1,"=""""","=""405.477""","=""""","=""2.72e+05""",C+,"=""99680.968""","=""124336.3""","=""2s2.2p3.(4S*).4p""","=""3P""","=""1""","=""2s2.2p3.(2D*<3/2>).3d""","=""3S*""","=""1""",3,3,,"=""T5803""","=""""",
O,1,"=""""","=""405.479""","=""""","=""4.56e+05""",B,"=""99681.049""","=""124336.3""","=""2s2.2p3.(4S*).4p""","=""3P""","=""2""","=""2s2.2p3.(2D*<3/2>).3d""","=""3S*""","=""1""",5,3,,"=""T5803""","=""""",
O,1,"=""""","=""405.483""","=""""","=""9.05e+04""",C,"=""99681.309""","=""124336.3""","=""2s2.2p3.(4S*).4p""","=""3P""","=""0""","=""2s2.2p3.(2D*<3/2>).3d""","=""3S*""","=""1""",1,3,,"=""T5803""","=""""",
O,1,"=""""","=""406.670""","=""""","=""9.60e+04""",C,"=""99680.968""","=""124264.0""","=""2s2.2p3.(4S*).4p""","=""3P""","=""1""","=""2s2.2p3.(2D*<5/2>).3d""","=""3D*""","=""1""",3,3,,"=""T5803""","=""""",
O,1,"=""""","=""406.671""","=""""","=""6.43e+03""",D,"=""99681.049""","=""124264.0""","=""2s2.2p3.(4S*).4p""","=""3P""","=""2""","=""2s2.2p3.(2D*<5/2>).3d""","=""3D*""","=""1""",5,3,,"=""T5803""","=""""",
O,1,"=""""","=""406.675""","=""""","=""1.28e+05""",C,"=""99681.309""","=""124264.0""","=""2s2.2p3.(4S*).4p""","=""3P""","=""0""","=""2s2.2p3.(2D*<5/2>).3d""","=""3D*""","=""1""",1,3,,"=""T5803""","=""""",
O,1,"=""""","=""406.774""","=""""","=""1.74e+05""",C+,"=""99680.968""","=""124257.7""","=""2s2.2p3.(4S*).4p""","=""3P""","=""1""","=""2s2.2p3.(2D*<5/2>).3d""","=""3D*""","=""2""",3,5,,"=""T5803""","=""""",
O,1,"=""""","=""406.775""","=""""","=""5.84e+04""",C,"=""99681.049""","=""124257.7""","=""2s2.2p3.(4S*).4p""","=""3P""","=""2""","=""2s2.2p3.(2D*<5/2>).3d""","=""3D*""","=""2""",5,5,,"=""T5803""","=""""",
O,1,"=""""","=""406.951""","=""""","=""2.35e+05""",C+,"=""99681.049""","=""124247.1""","=""2s2.2p3.(4S*).4p""","=""3P""","=""2""","=""2s2.2p3.(2D*<5/2>).3d""","=""3D*""","=""3""",5,7,,"=""T5803""","=""""",
O,2,"=""406.9623""","=""406.96230""","=""20""","=""1.42e+08""",B+,"=""206730.762""","=""231296.126""","=""2s2.2p2.(3P).3p""","=""4D*""","=""1/2""","=""2s2.2p2.(3P).3d""","=""4F""","=""3/2""",2,4,,"=""T6172,T6632""","=""L10621""",
O,2,"=""406.9886""","=""406.98819""","=""21""","=""1.48e+08""",B+,"=""206786.286""","=""231350.087""","=""2s2.2p2.(3P).3p""","=""4D*""","=""3/2""","=""2s2.2p2.(3P).3d""","=""4F""","=""5/2""",4,6,,"=""T6172,T6632""","=""L10621""",
O,2,"=""407.2157""","=""407.21525""","=""23""","=""1.79e+08""",B+,"=""206877.865""","=""231427.970""","=""2s2.2p2.(3P).3p""","=""4D*""","=""5/2""","=""2s2.2p2.(3P).3d""","=""4F""","=""7/2""",6,8,,"=""T6172,T6632""","=""L10621""",
O,3,"=""""","=""407.2643""","=""""","=""3.37e+07""",C+,"=""350024.49""","=""374571.64""","=""2s.2p2.(4P).3s""","=""3P""","=""0""","=""2s.2p2.(4P).3p""","=""3D*""","=""1""",1,3,,"=""T5376LS""","=""""",
O,3,"=""""","=""407.3984""","=""""","=""4.54e+07""",C+,"=""350124.45""","=""374663.52""","=""2s.2p2.(4P).3s""","=""3P""","=""1""","=""2s.2p2.(4P).3p""","=""3D*""","=""2""",3,5,,"=""T5376LS""","=""""",
O,2,"=""407.5862""","=""407.58617""","=""24""","=""1.98e+08""",B+,"=""207002.482""","=""231530.246""","=""2s2.2p2.(3P).3p""","=""4D*""","=""7/2""","=""2s2.2p2.(3P).3d""","=""4F""","=""9/2""",8,10,,"=""T6172,T6632""","=""L10621""",
O,2,"=""407.8842""","=""407.88424""","=""17""","=""5.21e+07""",B+,"=""206786.286""","=""231296.126""","=""2s2.2p2.(3P).3p""","=""4D*""","=""3/2""","=""2s2.2p2.(3P).3d""","=""4F""","=""3/2""",4,4,,"=""T6172,T6632""","=""L10621""",
O,3,"=""""","=""408.1020""","=""""","=""6.02e+07""",C+,"=""350298.38""","=""374795.14""","=""2s.2p2.(4P).3s""","=""3P""","=""2""","=""2s.2p2.(4P).3p""","=""3D*""","=""3""",5,7,,"=""T5376LS""","=""""",
O,3,"=""""","=""408.4260""","=""""","=""9.02e+04""",C,"=""273081.33""","=""297558.66""","=""2s2.2p.(2P*).3s""","=""1P*""","=""1""","=""2s2.2p.(2P*).3p""","=""3S""","=""1""",3,3,,"=""u24""","=""""",
O,2,"=""408.4652""","=""408.46474""","=""13""","=""7.28e+06""",C,"=""208484.202""","=""232959.210""","=""2s2.2p2.(3P).3p""","=""4P*""","=""5/2""","=""2s2.2p2.(3P).3d""","=""2F""","=""7/2""",6,8,,"=""T6172""","=""L10621""",
O,2,"=""408.51125""","=""408.51124""","=""19""","=""4.31e+07""",B+,"=""206877.865""","=""231350.087""","=""2s2.2p2.(3P).3p""","=""4D*""","=""5/2""","=""2s2.2p2.(3P).3d""","=""4F""","=""5/2""",6,6,,"=""T6172,T6632""","=""L6915""",
O,3,"=""""","=""408.9295""","=""""","=""2.49e+07""",C+,"=""350124.45""","=""374571.64""","=""2s.2p2.(4P).3s""","=""3P""","=""1""","=""2s.2p2.(4P).3p""","=""3D*""","=""1""",3,3,,"=""T5376LS""","=""""",
O,2,"=""409.29289""","=""409.29287""","=""17""","=""2.45e+07""",B+,"=""207002.482""","=""231427.970""","=""2s2.2p2.(3P).3p""","=""4D*""","=""7/2""","=""2s2.2p2.(3P).3d""","=""4F""","=""7/2""",8,8,,"=""T6172,T6632""","=""L6915""",
O,2,"=""409.4140""","=""409.41401""","=""11""","=""3.85e+06""",C+,"=""206877.865""","=""231296.126""","=""2s2.2p2.(3P).3p""","=""4D*""","=""5/2""","=""2s2.2p2.(3P).3d""","=""4F""","=""3/2""",6,4,,"=""T6172,T6632""","=""L10621""",
O,2,"=""409.6525""","=""409.65260""","=""15""","=""1.73e+07""",C,"=""208392.258""","=""232796.298""","=""2s2.2p2.(3P).3p""","=""4P*""","=""3/2""","=""2s2.2p2.(3P).3d""","=""2F""","=""5/2""",4,6,,"=""T6172""","=""L6915""",
O,2,"=""409.7258""","=""409.72249""","=""17*""","=""3.79e+07""",C+,"=""208346.104""","=""232745.981""","=""2s2.2p2.(3P).3p""","=""4P*""","=""1/2""","=""2s2.2p2.(3P).3d""","=""4D""","=""3/2""",2,4,,"=""T6632n""","=""L6915""",
O,2,"=""410.3001""","=""410.29994""","=""14""","=""5.32e+07""",C+,"=""208346.104""","=""232711.642""","=""2s2.2p2.(3P).3p""","=""4P*""","=""1/2""","=""2s2.2p2.(3P).3d""","=""4D""","=""1/2""",2,2,,"=""T6632n""","=""L6915""",
O,3,"=""""","=""410.3066""","=""""","=""1.48e+07""",C+,"=""350298.38""","=""374663.52""","=""2s.2p2.(4P).3s""","=""3P""","=""2""","=""2s.2p2.(4P).3p""","=""3D*""","=""2""",5,5,,"=""T5376LS""","=""""",
O,2,"=""410.47231""","=""410.47235""","=""16""","=""3.29e+07""",C+,"=""208392.258""","=""232747.562""","=""2s2.2p2.(3P).3p""","=""4P*""","=""3/2""","=""2s2.2p2.(3P).3d""","=""4D""","=""5/2""",4,6,,"=""T6632n""","=""L6915""",
O,2,"=""410.4993""","=""410.49899""","=""18""","=""9.55e+07""",C+,"=""208392.258""","=""232745.981""","=""2s2.2p2.(3P).3p""","=""4P*""","=""3/2""","=""2s2.2p2.(3P).3d""","=""4D""","=""3/2""",4,4,,"=""T6632n""","=""L6915""",
O,2,"=""410.6019""","=""410.60214""","=""9""","=""1.51e+06""",B+,"=""207002.482""","=""231350.087""","=""2s2.2p2.(3P).3p""","=""4D*""","=""7/2""","=""2s2.2p2.(3P).3d""","=""4F""","=""5/2""",8,6,,"=""T6172,T6632""","=""L10621""",
O,2,"=""410.9839""","=""410.9841""","=""6""","=""1.21e+06""",D,"=""228723.84""","=""253048.82""","=""2s2.2p2.(1D).3p""","=""2F*""","=""5/2""","=""2s2.2p2.(1D).3d""","=""2D""","=""5/2""",6,6,,"=""T5723LS""","=""L10621""",
O,2,"=""411.0198""","=""411.0192""","=""10""","=""2.54e+07""",D,"=""228723.84""","=""253046.74""","=""2s2.2p2.(1D).3p""","=""2F*""","=""5/2""","=""2s2.2p2.(1D).3d""","=""2D""","=""3/2""",6,4,,"=""T5723LS""","=""L10621""",
O,2,"=""411.07858""","=""411.07863""","=""15""","=""8.05e+07""",C+,"=""208392.258""","=""232711.642""","=""2s2.2p2.(3P).3p""","=""4P*""","=""3/2""","=""2s2.2p2.(3P).3d""","=""4D""","=""1/2""",4,2,,"=""T6632n""","=""L6915""",
O,2,"=""411.2022""","=""411.20186""","=""15""","=""1.81e+07""",C,"=""208484.202""","=""232796.298""","=""2s2.2p2.(3P).3p""","=""4P*""","=""5/2""","=""2s2.2p2.(3P).3d""","=""2F""","=""5/2""",6,6,,"=""T6172""","=""L10621""",
O,2,"=""411.3835""","=""411.3834""","=""12""","=""2.41e+07""",D,"=""228747.45""","=""253048.82""","=""2s2.2p2.(1D).3p""","=""2F*""","=""7/2""","=""2s2.2p2.(1D).3d""","=""2D""","=""5/2""",8,6,,"=""T5723LS""","=""L10621""",
O,3,"=""""","=""411.8598""","=""""","=""1.63e+06""",C+,"=""350298.38""","=""374571.64""","=""2s.2p2.(4P).3s""","=""3P""","=""2""","=""2s.2p2.(4P).3p""","=""3D*""","=""1""",5,3,,"=""T5376LS""","=""""",
O,2,"=""411.9215""","=""411.92165""","=""22""","=""1.39e+08""",C+,"=""208484.202""","=""232753.816""","=""2s2.2p2.(3P).3p""","=""4P*""","=""5/2""","=""2s2.2p2.(3P).3d""","=""4D""","=""7/2""",6,8,,"=""T6632n""","=""L6915""",
O,2,"=""412.0280""","=""412.02783""","=""17""","=""2.25e+07""",C+,"=""208484.202""","=""232747.562""","=""2s2.2p2.(3P).3p""","=""4P*""","=""5/2""","=""2s2.2p2.(3P).3d""","=""4D""","=""5/2""",6,6,,"=""T6632n""","=""L6915""",
O,2,"=""412.0544""","=""412.05468""","=""14""","=""2.95e+07""",C,"=""208484.202""","=""232745.981""","=""2s2.2p2.(3P).3p""","=""4P*""","=""5/2""","=""2s2.2p2.(3P).3d""","=""4D""","=""3/2""",6,4,,"=""T6172n""","=""L6915""",
O,2,"=""412.14619""","=""412.14626""","=""14""","=""5.60e+07""",C,"=""208346.104""","=""232602.492""","=""2s2.2p2.(3P).3p""","=""4P*""","=""1/2""","=""2s2.2p2.(3P).3d""","=""4P""","=""1/2""",2,2,,"=""T6172n""","=""L6915""",
O,3,"=""""","=""412.1591""","=""""","=""1.73e+07""",C+,"=""367953.90""","=""392209.53""","=""2s2.2p.(2P*).4p""","=""3S""","=""1""","=""2s2.2p.(2P*).5s""","=""3P*""","=""2""",3,5,,"=""T5376LS""","=""""",
O,2,"=""412.9321""","=""412.93198""","=""11""","=""1.65e+07""",B,"=""208392.258""","=""232602.492""","=""2s2.2p2.(3P).3p""","=""4P*""","=""3/2""","=""2s2.2p2.(3P).3d""","=""4P""","=""1/2""",4,2,,"=""T6632n""","=""L10621""",
O,2,"=""413.28004""","=""413.28004""","=""17""","=""8.40e+07""",B,"=""208346.104""","=""232535.949""","=""2s2.2p2.(3P).3p""","=""4P*""","=""1/2""","=""2s2.2p2.(3P).3d""","=""4P""","=""3/2""",2,4,,"=""T6632n""","=""L6915""",
O,2,"=""414.0703""","=""414.07010""","=""8""","=""3.76e+06""",B,"=""208392.258""","=""232535.949""","=""2s2.2p2.(3P).3p""","=""4P*""","=""3/2""","=""2s2.2p2.(3P).3d""","=""4P""","=""3/2""",4,4,,"=""T6632n""","=""L10621""",
O,2,"=""415.32980""","=""415.32977""","=""18""","=""7.28e+07""",B,"=""208392.258""","=""232462.724""","=""2s2.2p2.(3P).3p""","=""4P*""","=""3/2""","=""2s2.2p2.(3P).3d""","=""4P""","=""5/2""",4,6,,"=""T6632n""","=""L6915""",
O,2,"=""415.6530""","=""415.65302""","=""13""","=""1.94e+07""",B,"=""208484.202""","=""232535.949""","=""2s2.2p2.(3P).3p""","=""4P*""","=""5/2""","=""2s2.2p2.(3P).3d""","=""4P""","=""3/2""",6,4,,"=""T6632n""","=""L10621""",
O,2,"=""416.9225""","=""416.92236""","=""15""","=""2.49e+07""",B,"=""208484.202""","=""232462.724""","=""2s2.2p2.(3P).3p""","=""4P*""","=""5/2""","=""2s2.2p2.(3P).3d""","=""4P""","=""5/2""",6,6,,"=""T6632n""","=""L10621,L3448""",
O,3,"=""""","=""417.1768""","=""""","=""1.67e+07""",C+,"=""367953.90""","=""391917.80""","=""2s2.2p.(2P*).4p""","=""3S""","=""1""","=""2s2.2p.(2P*).5s""","=""3P*""","=""1""",3,3,,"=""T5376LS""","=""""",
O,2,"=""418.5449""","=""418.5440""","=""19""","=""1.91e+08""",D,"=""228723.84""","=""252609.46""","=""2s2.2p2.(1D).3p""","=""2F*""","=""5/2""","=""2s2.2p2.(1D).3d""","=""2G""","=""7/2""",6,8,,"=""T5723LS""","=""L10621""",
O,3,"=""""","=""418.6975""","=""""","=""1.65e+07""",C+,"=""367953.90""","=""391830.76""","=""2s2.2p.(2P*).4p""","=""3S""","=""1""","=""2s2.2p.(2P*).5s""","=""3P*""","=""0""",3,1,,"=""T5376LS""","=""""",
O,2,"=""""","=""418.9581""","=""""","=""7.06e+06""",D,"=""228747.45""","=""252609.46""","=""2s2.2p2.(1D).3p""","=""2F*""","=""7/2""","=""2s2.2p2.(1D).3d""","=""2G""","=""7/2""",8,8,,"=""T5723LS""","=""L11267""",
O,2,"=""418.9789""","=""418.9788""","=""20""","=""1.98e+08""",D,"=""228747.45""","=""252608.28""","=""2s2.2p2.(1D).3p""","=""2F*""","=""7/2""","=""2s2.2p2.(1D).3d""","=""2G""","=""9/2""",8,10,,"=""T5723LS""","=""L10621,L3448""",
O,2,"=""419.2518""","=""419.2512""","=""12""","=""3.21e+07""",D,"=""229947.07""","=""253792.40""","=""2s2.2p2.(1D).3p""","=""2D*""","=""5/2""","=""2s2.2p2.(1D).3d""","=""2P""","=""3/2""",6,4,,"=""T5723LS""","=""L10621""",
O,2,"=""419.6260""","=""419.6273""","=""6""","=""3.56e+06""",D,"=""229968.44""","=""253792.40""","=""2s2.2p2.(1D).3p""","=""2D*""","=""3/2""","=""2s2.2p2.(1D).3d""","=""2P""","=""3/2""",4,4,,"=""T5723LS""","=""L10621""",
O,2,"=""419.6701""","=""419.6697""","=""10""","=""3.56e+07""",D,"=""229968.44""","=""253789.99""","=""2s2.2p2.(1D).3p""","=""2D*""","=""3/2""","=""2s2.2p2.(1D).3d""","=""2P""","=""1/2""",4,2,,"=""T5723LS""","=""L10621""",
O,1,"=""""","=""421.7088""","=""""","=""5.44e+05""",C,"=""99680.968""","=""123387.339""","=""2s2.2p3.(4S*).4p""","=""3P""","=""1""","=""2s2.2p3.(2D*<3/2>).3d""","=""3P*""","=""0""",3,1,,"=""T5713LS""","=""""",
O,3,"=""""","=""421.8303""","=""""","=""4.36e+04""",C,"=""267258.71""","=""290958.25""","=""2s2.2p.(2P*).3s""","=""3P*""","=""0""","=""2s2.2p.(2P*).3p""","=""1P""","=""1""",1,3,,"=""u24""","=""""",
O,1,"=""""","=""422.2757""","=""""","=""1.36e+05""",C,"=""99680.968""","=""123355.512""","=""2s2.2p3.(4S*).4p""","=""3P""","=""1""","=""2s2.2p3.(2D*<3/2>).3d""","=""3P*""","=""1""",3,3,,"=""T5713LS""","=""""",
O,1,"=""""","=""422.2771""","=""""","=""2.26e+05""",C,"=""99681.049""","=""123355.512""","=""2s2.2p3.(4S*).4p""","=""3P""","=""2""","=""2s2.2p3.(2D*<3/2>).3d""","=""3P*""","=""1""",5,3,,"=""T5713LS""","=""""",
O,1,"=""""","=""422.2818""","=""""","=""1.81e+05""",C,"=""99681.309""","=""123355.512""","=""2s2.2p3.(4S*).4p""","=""3P""","=""0""","=""2s2.2p3.(2D*<3/2>).3d""","=""3P*""","=""1""",1,3,,"=""T5713LS""","=""""",
O,1,"=""""","=""423.3260""","=""""","=""1.35e+05""",C,"=""99680.968""","=""123296.777""","=""2s2.2p3.(4S*).4p""","=""3P""","=""1""","=""2s2.2p3.(2D*<3/2>).3d""","=""3P*""","=""2""",3,5,,"=""T5713LS""","=""""",
O,1,"=""423.327""","=""423.3274""","=""80""","=""4.04e+05""",C+,"=""99681.049""","=""123296.777""","=""2s2.2p3.(4S*).4p""","=""3P""","=""2""","=""2s2.2p3.(2D*<3/2>).3d""","=""3P*""","=""2""",5,5,,"=""T5713LS""","=""L3760""",
O,3,"=""""","=""423.9483""","=""""","=""3.62e+05""",C,"=""267377.11""","=""290958.25""","=""2s2.2p.(2P*).3s""","=""3P*""","=""1""","=""2s2.2p.(2P*).3p""","=""1P""","=""1""",3,3,,"=""u24""","=""""",
O,2,"=""427.7706""","=""427.7695""","=""6""","=""6.93e+06""",D,"=""232527.09""","=""255897.59""","=""2s2.2p2.(1D).3p""","=""2P*""","=""3/2""","=""2s2.2p2.(3P).4d""","=""2D""","=""5/2""",4,6,,"=""T5723LS""","=""L10621""",
O,2,"=""427.9156""","=""427.9165""","=""7""","=""5.77e+06""",D,"=""232480.44""","=""255842.91""","=""2s2.2p2.(1D).3p""","=""2P*""","=""1/2""","=""2s2.2p2.(3P).4d""","=""2D""","=""3/2""",2,4,,"=""T5723LS""","=""L10621""",
O,3,"=""""","=""428.6177""","=""""","=""3.20e+01""",C,"=""267634.00""","=""290958.25""","=""2s2.2p.(2P*).3s""","=""3P*""","=""2""","=""2s2.2p.(2P*).3p""","=""1P""","=""1""",5,3,,"=""u24""","=""""",
O,2,"=""428.7734""","=""428.7727""","=""5""","=""1.15e+06""",D,"=""232527.09""","=""255842.91""","=""2s2.2p2.(1D).3p""","=""2P*""","=""3/2""","=""2s2.2p2.(3P).4d""","=""2D""","=""3/2""",4,4,,"=""T5723LS""","=""L10621""",
O,2,"=""431.7138""","=""431.7139""","=""19""","=""3.68e+07""",B,"=""185235.281""","=""208392.258""","=""2s2.2p2.(3P).3s""","=""4P""","=""1/2""","=""2s2.2p2.(3P).3p""","=""4P*""","=""3/2""",2,4,,"=""T6172,T6632""","=""L10621,L3448""",
O,2,"=""431.9629""","=""431.9630""","=""19""","=""2.48e+07""",B,"=""185340.577""","=""208484.202""","=""2s2.2p2.(3P).3s""","=""4P""","=""3/2""","=""2s2.2p2.(3P).3p""","=""4P*""","=""5/2""",4,6,,"=""T6172,T6632""","=""L10621,L3448""",
O,2,"=""""","=""431.9866""","=""""","=""5.62e+07""",D,"=""232480.44""","=""255622.80""","=""2s2.2p2.(1D).3p""","=""2P*""","=""1/2""","=""2s2.2p2.(1D).3d""","=""2S""","=""1/2""",2,2,,"=""T5723LS""","=""L11267""",
O,2,"=""432.5758""","=""432.5761""","=""15""","=""1.42e+07""",B,"=""185235.281""","=""208346.104""","=""2s2.2p2.(3P).3s""","=""4P""","=""1/2""","=""2s2.2p2.(3P).3p""","=""4P*""","=""1/2""",2,2,,"=""T6172,T6632""","=""L10621""",
O,2,"=""432.7465""","=""432.7460""","=""12""","=""6.76e+07""",D,"=""229947.07""","=""253048.82""","=""2s2.2p2.(1D).3p""","=""2D*""","=""5/2""","=""2s2.2p2.(1D).3d""","=""2D""","=""5/2""",6,6,,"=""T5723LS""","=""L10621""",
O,2,"=""432.7851""","=""432.7849""","=""6""","=""7.24e+06""",D,"=""229947.07""","=""253046.74""","=""2s2.2p2.(1D).3p""","=""2D*""","=""5/2""","=""2s2.2p2.(1D).3d""","=""2D""","=""3/2""",6,4,,"=""T5723LS""","=""L10621""",
O,2,"=""432.8586""","=""432.8591""","=""11""","=""1.12e+08""",D,"=""232527.09""","=""255622.80""","=""2s2.2p2.(1D).3p""","=""2P*""","=""3/2""","=""2s2.2p2.(1D).3d""","=""2S""","=""1/2""",4,2,,"=""T5723LS""","=""L10621""",
O,2,"=""433.1468""","=""433.1466""","=""6""","=""4.82e+06""",D,"=""229968.44""","=""253048.82""","=""2s2.2p2.(1D).3p""","=""2D*""","=""3/2""","=""2s2.2p2.(1D).3d""","=""2D""","=""5/2""",4,6,,"=""T5723LS""","=""L10621""",
O,2,"=""433.1862""","=""433.1857""","=""11""","=""6.50e+07""",D,"=""229968.44""","=""253046.74""","=""2s2.2p2.(1D).3p""","=""2D*""","=""3/2""","=""2s2.2p2.(1D).3d""","=""2D""","=""3/2""",4,4,,"=""T5723LS""","=""L10621""",
O,3,"=""""","=""433.3579""","=""""","=""1.21e+05""",C,"=""327229.25""","=""350298.38""","=""2s2.2p.(2P*).3d""","=""3D*""","=""1""","=""2s.2p2.(4P).3s""","=""3P""","=""2""",3,5,,"=""T5376LS""","=""""",
O,2,"=""433.6862""","=""433.6859""","=""17""","=""1.53e+07""",B,"=""185340.577""","=""208392.258""","=""2s2.2p2.(3P).3s""","=""4P""","=""3/2""","=""2s2.2p2.(3P).3p""","=""4P*""","=""3/2""",4,4,,"=""T6172,T6632""","=""L10621,L3448""",
O,3,"=""""","=""434.2813""","=""""","=""1.81e+06""",C+,"=""327278.30""","=""350298.38""","=""2s2.2p.(2P*).3d""","=""3D*""","=""2""","=""2s.2p2.(4P).3s""","=""3P""","=""2""",5,5,,"=""T5376LS""","=""""",
O,2,"=""434.5560""","=""434.5560""","=""19""","=""7.95e+07""",B,"=""185340.577""","=""208346.104""","=""2s2.2p2.(3P).3s""","=""4P""","=""3/2""","=""2s2.2p2.(3P).3p""","=""4P*""","=""1/2""",4,2,,"=""T6172,T6632""","=""L10621,L3448""",
O,2,"=""434.7223""","=""434.7217""","=""10*""","=""1.19e+07""",B+,"=""206971.68""","=""229968.44""","=""2s2.2p2.(1D).3s""","=""2D""","=""5/2""","=""2s2.2p2.(1D).3p""","=""2D*""","=""3/2""",6,4,,"=""T6172n""","=""L10621""",
O,2,"=""434.7420""","=""434.7413""","=""19""","=""9.32e+07""",B+,"=""206972.72""","=""229968.44""","=""2s2.2p2.(1D).3s""","=""2D""","=""3/2""","=""2s2.2p2.(1D).3p""","=""2D*""","=""3/2""",4,4,,"=""T6172n""","=""L10621,L3448""",
O,2,"=""434.9426""","=""434.9426""","=""23""","=""6.75e+07""",B,"=""185499.124""","=""208484.202""","=""2s2.2p2.(3P).3s""","=""4P""","=""5/2""","=""2s2.2p2.(3P).3p""","=""4P*""","=""5/2""",6,6,,"=""T6172,T6632""","=""L10621,L3448""",
O,2,"=""435.1262""","=""435.1260""","=""21""","=""9.89e+07""",B+,"=""206971.68""","=""229947.07""","=""2s2.2p2.(1D).3s""","=""2D""","=""5/2""","=""2s2.2p2.(1D).3p""","=""2D*""","=""5/2""",6,6,,"=""T6172n""","=""L10621,L3448""",
O,2,"=""""","=""435.1457""","=""""","=""5.82e+06""",B,"=""206972.72""","=""229947.07""","=""2s2.2p2.(1D).3s""","=""2D""","=""3/2""","=""2s2.2p2.(1D).3p""","=""2D*""","=""5/2""",4,6,,"=""T6172n""","=""L11267""",
O,2,"=""""","=""435.4589""","=""""","=""2.19e+04""",C,"=""208392.258""","=""231350.087""","=""2s2.2p2.(3P).3p""","=""4P*""","=""3/2""","=""2s2.2p2.(3P).3d""","=""4F""","=""5/2""",4,6,,"=""T6172""","=""""",
O,3,"=""""","=""435.6794""","=""""","=""1.00e+07""",C+,"=""327352.17""","=""350298.38""","=""2s2.2p.(2P*).3d""","=""3D*""","=""3""","=""2s.2p2.(4P).3s""","=""3P""","=""2""",7,5,,"=""T5376LS""","=""""",
O,2,"=""435.7252""","=""435.7257""","=""10*""","=""2.72e+04""",C,"=""208484.202""","=""231427.970""","=""2s2.2p2.(3P).3p""","=""4P*""","=""5/2""","=""2s2.2p2.(3P).3d""","=""4F""","=""7/2""",6,8,,"=""T6172""","=""L10621""",
O,2,"=""435.9392""","=""435.9395""","=""7""","=""1.44e+06""",C+,"=""211522.117""","=""234454.634""","=""2s2.2p2.(3P).3p""","=""2D*""","=""3/2""","=""2s2.2p2.(3P).3d""","=""2D""","=""5/2""",4,6,,"=""T6172n""","=""L10621""",
O,3,"=""""","=""436.3209""","=""""","=""1.71e+00""",B,"=""20273.27""","=""43185.74""","=""2s2.2p2""","=""1D""","=""2""","=""2s2.2p2""","=""1S""","=""0""",5,1,E2,"=""T4010,T4899,T4026""","=""""",
O,3,"=""""","=""436.6501""","=""""","=""2.96e+06""",C+,"=""327229.25""","=""350124.45""","=""2s2.2p.(2P*).3d""","=""3D*""","=""1""","=""2s.2p2.(4P).3s""","=""3P""","=""1""",3,3,,"=""T5376LS""","=""""",
O,2,"=""436.6892""","=""436.6895""","=""20""","=""3.92e+07""",B,"=""185499.124""","=""208392.258""","=""2s2.2p2.(3P).3s""","=""4P""","=""5/2""","=""2s2.2p2.(3P).3p""","=""4P*""","=""3/2""",6,4,,"=""T6172,T6632""","=""L10621,L3448""",
O,1,"=""""","=""436.8193""","=""""","=""7.56e+05""",B,"=""76794.978""","=""99681.309""","=""2s2.2p3.(4S*).3s""","=""3S*""","=""1""","=""2s2.2p3.(4S*).4p""","=""3P""","=""0""",3,1,,"=""T5803n,LS""","=""""",
O,1,"=""""","=""436.8242""","=""""","=""7.59e+05""",B,"=""76794.978""","=""99681.049""","=""2s2.2p3.(4S*).3s""","=""3S*""","=""1""","=""2s2.2p3.(4S*).4p""","=""3P""","=""2""",3,5,,"=""T5803n,LS""","=""""",
O,1,"=""436.825""","=""436.8258""","=""100""","=""7.58e+05""",B,"=""76794.978""","=""99680.968""","=""2s2.2p3.(4S*).3s""","=""3S*""","=""1""","=""2s2.2p3.(4S*).4p""","=""3P""","=""1""",3,3,,"=""T5803n,LS""","=""L3760""",
O,2,"=""436.9275""","=""436.9272""","=""13""","=""3.57e+07""",B,"=""211522.117""","=""234402.797""","=""2s2.2p2.(3P).3p""","=""2D*""","=""3/2""","=""2s2.2p2.(3P).3d""","=""2D""","=""3/2""",4,4,,"=""T6172n""","=""L10621""",
O,3,"=""""","=""437.5876""","=""""","=""8.83e+06""",C+,"=""327278.30""","=""350124.45""","=""2s2.2p.(2P*).3d""","=""3D*""","=""2""","=""2s.2p2.(4P).3s""","=""3P""","=""1""",5,3,,"=""T5376LS""","=""""",
O,2,"=""""","=""438.4446""","=""""","=""2.29e+06""",D,"=""232480.44""","=""255281.93""","=""2s2.2p2.(1D).3p""","=""2P*""","=""1/2""","=""2s2.2p2.(3P).4d""","=""2P""","=""1/2""",2,2,,"=""T5723LS""","=""""",
O,3,"=""""","=""438.5649""","=""""","=""1.17e+07""",C+,"=""327229.25""","=""350024.49""","=""2s2.2p.(2P*).3d""","=""3D*""","=""1""","=""2s.2p2.(4P).3s""","=""3P""","=""0""",3,1,,"=""T5376LS""","=""""",
O,2,"=""""","=""439.3435""","=""""","=""1.14e+06""",E,"=""232527.09""","=""255281.93""","=""2s2.2p2.(1D).3p""","=""2P*""","=""3/2""","=""2s2.2p2.(3P).4d""","=""2P""","=""1/2""",4,2,,"=""T5723LS""","=""""",
O,2,"=""439.5942""","=""439.5935""","=""15""","=""3.91e+07""",B,"=""211712.732""","=""234454.634""","=""2s2.2p2.(3P).3p""","=""2D*""","=""5/2""","=""2s2.2p2.(3P).3d""","=""2D""","=""5/2""",6,6,,"=""T6172n""","=""L10621""",
O,2,"=""""","=""440.5381""","=""""","=""5.65e+05""",E,"=""232480.44""","=""255173.58""","=""2s2.2p2.(1D).3p""","=""2P*""","=""1/2""","=""2s2.2p2.(3P).4d""","=""2P""","=""3/2""",2,4,,"=""T5723LS""","=""""",
O,2,"=""440.5987""","=""440.5978""","=""8""","=""4.30e+06""",B,"=""211712.732""","=""234402.797""","=""2s2.2p2.(3P).3p""","=""2D*""","=""5/2""","=""2s2.2p2.(3P).3d""","=""2D""","=""3/2""",6,4,,"=""T6172n""","=""L10621""",
O,2,"=""""","=""441.4456""","=""""","=""2.81e+06""",D,"=""232527.09""","=""255173.58""","=""2s2.2p2.(1D).3p""","=""2P*""","=""3/2""","=""2s2.2p2.(3P).4d""","=""2P""","=""3/2""",4,4,,"=""T5723LS""","=""""",
O,2,"=""441.4905""","=""441.4899""","=""27""","=""8.47e+07""",B,"=""189068.514""","=""211712.732""","=""2s2.2p2.(3P).3s""","=""2P""","=""3/2""","=""2s2.2p2.(3P).3p""","=""2D*""","=""5/2""",4,6,,"=""T6172,T6632""","=""L10621,L3448""",
O,2,"=""441.6974""","=""441.6975""","=""25""","=""7.16e+07""",B,"=""188888.543""","=""211522.117""","=""2s2.2p2.(3P).3s""","=""2P""","=""1/2""","=""2s2.2p2.(3P).3p""","=""2D*""","=""3/2""",2,4,,"=""T6172,T6632""","=""L10621,L3448""",
O,2,"=""""","=""443.9482""","=""""","=""1.44e+05""",D,"=""232462.724""","=""254981.55""","=""2s2.2p2.(3P).3d""","=""4P""","=""5/2""","=""2s.2p3.(5S*).3s""","=""4S*""","=""3/2""",6,4,,"=""T5723LS""","=""""",
O,3,"=""""","=""444.0093""","=""""","=""4.42e+07""",C+,"=""376079.92""","=""398595.65""","=""2s.2p2.(4P).3p""","=""5S*""","=""2""","=""2s.2p2.(4P).3d""","=""5P""","=""1""",5,3,,"=""T5376LS""","=""""",
O,2,"=""444.3007""","=""444.3010""","=""15""","=""5.05e+07""",D,"=""228723.84""","=""251224.79""","=""2s2.2p2.(1D).3p""","=""2F*""","=""5/2""","=""2s2.2p2.(1D).3d""","=""2F""","=""5/2""",6,6,,"=""T5723LS""","=""L10621""",
O,2,"=""444.3516""","=""444.3523""","=""8""","=""1.89e+06""",D,"=""228723.84""","=""251222.19""","=""2s2.2p2.(1D).3p""","=""2F*""","=""5/2""","=""2s2.2p2.(1D).3d""","=""2F""","=""7/2""",6,8,,"=""T5723LS""","=""L10621""",
O,2,"=""444.7673""","=""444.7676""","=""5""","=""2.52e+06""",D,"=""228747.45""","=""251224.79""","=""2s2.2p2.(1D).3p""","=""2F*""","=""7/2""","=""2s2.2p2.(1D).3d""","=""2F""","=""5/2""",8,6,,"=""T5723LS""","=""L10621""",
O,3,"=""""","=""444.7694""","=""""","=""4.40e+07""",C+,"=""376079.92""","=""398557.17""","=""2s.2p2.(4P).3p""","=""5S*""","=""2""","=""2s.2p2.(4P).3d""","=""5P""","=""2""",5,5,,"=""T5376LS""","=""""",
O,2,"=""444.8186""","=""444.8191""","=""16""","=""5.10e+07""",D,"=""228747.45""","=""251222.19""","=""2s2.2p2.(1D).3p""","=""2F*""","=""7/2""","=""2s2.2p2.(1D).3d""","=""2F""","=""7/2""",8,8,,"=""T5723LS""","=""L10621""",
O,2,"=""445.2375""","=""445.2378""","=""18""","=""1.37e+07""",B,"=""189068.514""","=""211522.117""","=""2s2.2p2.(3P).3s""","=""2P""","=""3/2""","=""2s2.2p2.(3P).3p""","=""2D*""","=""3/2""",4,4,,"=""T6172,T6632""","=""L10621,L3448""",
O,2,"=""""","=""445.3966""","=""""","=""9.54e+04""",D,"=""232535.949""","=""254981.55""","=""2s2.2p2.(3P).3d""","=""4P""","=""3/2""","=""2s.2p3.(5S*).3s""","=""4S*""","=""3/2""",4,4,,"=""T5723LS""","=""""",
O,3,"=""""","=""446.1607""","=""""","=""4.36e+07""",C+,"=""376079.92""","=""398487.08""","=""2s.2p2.(4P).3p""","=""5S*""","=""2""","=""2s.2p2.(4P).3d""","=""5P""","=""3""",5,7,,"=""T5376LS""","=""""",
O,2,"=""446.6241""","=""446.6235""","=""15""","=""9.00e+07""",C+,"=""230609.45""","=""252993.39""","=""2s2.2p2.(1S).3s""","=""2S""","=""1/2""","=""2s2.2p2.(1S).3p""","=""2P*""","=""3/2""",2,4,,"=""T5723LS""","=""L10621""",
O,2,"=""""","=""446.7210""","=""""","=""4.73e+04""",E,"=""232602.492""","=""254981.55""","=""2s2.2p2.(3P).3d""","=""4P""","=""1/2""","=""2s.2p3.(5S*).3s""","=""4S*""","=""3/2""",2,4,,"=""T5723LS""","=""""",
O,2,"=""446.7475""","=""446.7465""","=""13""","=""9.00e+07""",C+,"=""230609.45""","=""252987.23""","=""2s2.2p2.(1S).3s""","=""2S""","=""1/2""","=""2s2.2p2.(1S).3p""","=""2P*""","=""1/2""",2,2,,"=""T5723LS""","=""L10621""",
O,2,"=""""","=""448.4504""","=""""","=""1.93e+04""",C,"=""212161.881""","=""234454.634""","=""2s2.2p2.(3P).3p""","=""4S*""","=""3/2""","=""2s2.2p2.(3P).3d""","=""2D""","=""5/2""",4,6,,"=""T6172""","=""""",
O,3,"=""""","=""449.3370""","=""""","=""9.17e+06""",C+,"=""379356.75""","=""401605.52""","=""2s2.2p.(2P*).4d""","=""3D*""","=""3""","=""2s.2p2.(4P).3d""","=""3F""","=""4""",7,9,,"=""T5376LS""","=""""",
O,3,"=""""","=""450.6640""","=""""","=""8.07e+06""",C+,"=""379293.03""","=""401476.29""","=""2s2.2p.(2P*).4d""","=""3D*""","=""2""","=""2s.2p2.(4P).3d""","=""3F""","=""3""",5,7,,"=""T5376LS""","=""""",
O,3,"=""""","=""451.3827""","=""""","=""7.60e+06""",C+,"=""379227.15""","=""401375.09""","=""2s2.2p.(2P*).4d""","=""3D*""","=""1""","=""2s.2p2.(4P).3d""","=""3F""","=""2""",3,5,,"=""T5376LS""","=""""",
O,3,"=""""","=""451.9622""","=""""","=""1.00e+06""",C+,"=""379356.75""","=""401476.29""","=""2s2.2p.(2P*).4d""","=""3D*""","=""3""","=""2s.2p2.(4P).3d""","=""3F""","=""3""",7,7,,"=""T5376LS""","=""""",
O,3,"=""""","=""452.4222""","=""""","=""3.38e+07""",C+,"=""378417.84""","=""400514.89""","=""2s.2p2.(4P).3p""","=""3P*""","=""1""","=""2s.2p2.(4P).3d""","=""3P""","=""0""",3,1,,"=""T5376LS""","=""""",
O,3,"=""""","=""452.7293""","=""""","=""1.40e+06""",C+,"=""379293.03""","=""401375.09""","=""2s2.2p.(2P*).4d""","=""3D*""","=""2""","=""2s.2p2.(4P).3d""","=""3F""","=""2""",5,5,,"=""T5376LS""","=""""",
O,3,"=""""","=""453.2785""","=""""","=""1.40e+07""",C+,"=""378405.68""","=""400460.99""","=""2s.2p2.(4P).3p""","=""3P*""","=""2""","=""2s.2p2.(4P).3d""","=""3P""","=""1""",5,3,,"=""T5376LS""","=""""",
O,3,"=""""","=""453.5285""","=""""","=""8.40e+06""",C+,"=""378417.84""","=""400460.99""","=""2s.2p2.(4P).3p""","=""3P*""","=""1""","=""2s.2p2.(4P).3d""","=""3P""","=""1""",3,3,,"=""T5376LS""","=""""",
O,3,"=""""","=""453.8851""","=""""","=""1.12e+07""",C+,"=""378435.16""","=""400460.99""","=""2s.2p2.(4P).3p""","=""3P*""","=""0""","=""2s.2p2.(4P).3d""","=""3P""","=""1""",1,3,,"=""T5376LS""","=""""",
O,2,"=""""","=""453.9543""","=""""","=""6.69e+05""",C,"=""211522.117""","=""233544.59""","=""2s2.2p2.(3P).3p""","=""2D*""","=""3/2""","=""2s2.2p2.(3P).3d""","=""2P""","=""1/2""",4,2,,"=""T6172""","=""L11267""",
O,3,"=""""","=""454.0395""","=""""","=""3.91e+04""",C,"=""379356.75""","=""401375.09""","=""2s2.2p.(2P*).4d""","=""3D*""","=""3""","=""2s.2p2.(4P).3d""","=""3F""","=""2""",7,5,,"=""T5376LS""","=""""",
O,3,"=""""","=""455.5387""","=""""","=""2.49e+07""",C+,"=""378405.68""","=""400351.56""","=""2s.2p2.(4P).3p""","=""3P*""","=""2""","=""2s.2p2.(4P).3d""","=""3P""","=""2""",5,5,,"=""T5376LS""","=""""",
O,2,"=""""","=""455.773""","=""""","=""2.54e+07""",D,"=""252993.39""","=""274928.0""","=""2s2.2p2.(1S).3p""","=""2P*""","=""3/2""","=""2s2.2p2.(1D).4d""","=""2D""","=""5/2""",4,6,,"=""T5723LS""","=""""",
O,3,"=""""","=""455.7913""","=""""","=""8.27e+06""",C+,"=""378417.84""","=""400351.56""","=""2s.2p2.(4P).3p""","=""3P*""","=""1""","=""2s.2p2.(4P).3d""","=""3P""","=""2""",3,5,,"=""T5376LS""","=""""",
O,2,"=""""","=""455.894""","=""""","=""2.12e+07""",D,"=""252987.23""","=""274916.0""","=""2s2.2p2.(1S).3p""","=""2P*""","=""1/2""","=""2s2.2p2.(1D).4d""","=""2D""","=""3/2""",2,4,,"=""T5723LS""","=""""",
O,2,"=""""","=""456.022""","=""""","=""4.23e+06""",D,"=""252993.39""","=""274916.0""","=""2s2.2p2.(1S).3p""","=""2P*""","=""3/2""","=""2s2.2p2.(1D).4d""","=""2D""","=""3/2""",4,4,,"=""T5723LS""","=""""",
O,2,"=""456.3178""","=""456.3178""","=""4""","=""7.18e+05""",C,"=""211522.117""","=""233430.53""","=""2s2.2p2.(3P).3p""","=""2D*""","=""3/2""","=""2s2.2p2.(3P).3d""","=""2P""","=""3/2""",4,4,,"=""T6172""","=""L10621""",
O,3,"=""""","=""456.9260""","=""""","=""1.27e+08""",B,"=""370902.22""","=""392781.47""","=""2s2.2p.(2P*).4p""","=""1D""","=""2""","=""2s2.2p.(2P*).5s""","=""1P*""","=""1""",5,3,,"=""T5376""","=""""",
O,3,"=""""","=""458.7721""","=""""","=""2.23e+07""",C+,"=""370418.32""","=""392209.53""","=""2s2.2p.(2P*).4p""","=""3P""","=""1""","=""2s2.2p.(2P*).5s""","=""3P*""","=""2""",3,5,,"=""T5376LS""","=""""",
O,2,"=""459.0972""","=""459.0974""","=""22""","=""8.85e+07""",B+,"=""206971.68""","=""228747.45""","=""2s2.2p2.(1D).3s""","=""2D""","=""5/2""","=""2s2.2p2.(1D).3p""","=""2F*""","=""7/2""",6,8,,"=""T6172n""","=""L10621""",
O,2,"=""459.5960""","=""459.5957""","=""7""","=""4.87e+06""",B,"=""206971.68""","=""228723.84""","=""2s2.2p2.(1D).3s""","=""2D""","=""5/2""","=""2s2.2p2.(1D).3p""","=""2F*""","=""5/2""",6,6,,"=""T6172n""","=""L10621""",
O,2,"=""459.6175""","=""459.6177""","=""20""","=""8.34e+07""",B+,"=""206972.72""","=""228723.84""","=""2s2.2p2.(1D).3s""","=""2D""","=""3/2""","=""2s2.2p2.(1D).3p""","=""2F*""","=""5/2""",4,6,,"=""T6172n""","=""L10621,L3448""",
O,2,"=""460.3228""","=""460.3229""","=""3""","=""3.63e+05""",C,"=""211712.732""","=""233430.53""","=""2s2.2p2.(3P).3p""","=""2D*""","=""5/2""","=""2s2.2p2.(3P).3d""","=""2P""","=""3/2""",6,4,,"=""T6172""","=""L10621""",
O,3,"=""""","=""461.0608""","=""""","=""6.60e+07""",C+,"=""370526.49""","=""392209.53""","=""2s2.2p.(2P*).4p""","=""3P""","=""2""","=""2s2.2p.(2P*).5s""","=""3P*""","=""2""",5,5,,"=""T5376LS""","=""""",
O,3,"=""""","=""463.0773""","=""""","=""2.90e+07""",C+,"=""370329.18""","=""391917.80""","=""2s2.2p.(2P*).4p""","=""3P""","=""0""","=""2s2.2p.(2P*).5s""","=""3P*""","=""1""",1,3,,"=""T5376LS""","=""""",
O,2,"=""463.88550""","=""463.88558""","=""20""","=""3.61e+07""",B,"=""185235.281""","=""206786.286""","=""2s2.2p2.(3P).3s""","=""4P""","=""1/2""","=""2s2.2p2.(3P).3p""","=""4D*""","=""3/2""",2,4,,"=""T6172,T6632""","=""L6915""",
O,2,"=""464.18104""","=""464.18103""","=""22""","=""5.85e+07""",B,"=""185340.577""","=""206877.865""","=""2s2.2p2.(3P).3s""","=""4P""","=""3/2""","=""2s2.2p2.(3P).3p""","=""4D*""","=""5/2""",4,6,,"=""T6172,T6632""","=""L6915""",
O,2,"=""464.91348""","=""464.91347""","=""24""","=""7.84e+07""",B,"=""185499.124""","=""207002.482""","=""2s2.2p2.(3P).3s""","=""4P""","=""5/2""","=""2s2.2p2.(3P).3p""","=""4D*""","=""7/2""",6,8,,"=""T6172,T6632""","=""L6915""",
O,3,"=""""","=""464.9973""","=""""","=""2.15e+07""",C+,"=""370418.32""","=""391917.80""","=""2s2.2p.(2P*).4p""","=""3P""","=""1""","=""2s2.2p.(2P*).5s""","=""3P*""","=""1""",3,3,,"=""T5376LS""","=""""",
O,2,"=""465.08394""","=""465.08384""","=""20""","=""6.70e+07""",B,"=""185235.281""","=""206730.762""","=""2s2.2p2.(3P).3s""","=""4P""","=""1/2""","=""2s2.2p2.(3P).3p""","=""4D*""","=""1/2""",2,2,,"=""T6172,T6632""","=""L6915""",
O,1,"=""""","=""465.4117""","=""""","=""4.30e+05""",C,"=""86625.757""","=""108106.094""","=""2s2.2p3.(4S*).3p""","=""5P""","=""1""","=""2s2.2p3.(4S*).8d""","=""5D*""","=""0""",3,1,,"=""T5713LS""","=""""",
O,1,"=""""","=""465.4118""","=""""","=""3.23e+05""",C+,"=""86625.757""","=""108106.091""","=""2s2.2p3.(4S*).3p""","=""5P""","=""1""","=""2s2.2p3.(4S*).8d""","=""5D*""","=""1""",3,3,,"=""T5713LS""","=""""",
O,1,"=""""","=""465.4119""","=""""","=""1.51e+05""",C+,"=""86625.757""","=""108106.085""","=""2s2.2p3.(4S*).3p""","=""5P""","=""1""","=""2s2.2p3.(4S*).8d""","=""5D*""","=""2""",3,5,,"=""T5713LS""","=""""",
O,1,"=""""","=""465.4556""","=""""","=""1.08e+05""",C,"=""86627.778""","=""108106.091""","=""2s2.2p3.(4S*).3p""","=""5P""","=""2""","=""2s2.2p3.(4S*).8d""","=""5D*""","=""1""",5,3,,"=""T5713LS""","=""""",
O,1,"=""""","=""465.4557""","=""""","=""2.51e+05""",C+,"=""86627.778""","=""108106.085""","=""2s2.2p3.(4S*).3p""","=""5P""","=""2""","=""2s2.2p3.(4S*).8d""","=""5D*""","=""2""",5,5,,"=""T5713LS""","=""""",
O,1,"=""""","=""465.4559""","=""""","=""2.87e+05""",C+,"=""86627.778""","=""108106.077""","=""2s2.2p3.(4S*).3p""","=""5P""","=""2""","=""2s2.2p3.(4S*).8d""","=""5D*""","=""3""",5,7,,"=""T5713LS""","=""""",
O,1,"=""""","=""465.5354""","=""""","=""2.87e+04""",C,"=""86631.454""","=""108106.085""","=""2s2.2p3.(4S*).3p""","=""5P""","=""3""","=""2s2.2p3.(4S*).8d""","=""5D*""","=""2""",7,5,,"=""T5713LS""","=""""",
O,1,"=""""","=""465.5356""","=""""","=""1.43e+05""",C+,"=""86631.454""","=""108106.077""","=""2s2.2p3.(4S*).3p""","=""5P""","=""3""","=""2s2.2p3.(4S*).8d""","=""5D*""","=""3""",7,7,,"=""T5713LS""","=""""",
O,1,"=""""","=""465.5357""","=""""","=""4.30e+05""",C+,"=""86631.454""","=""108106.072""","=""2s2.2p3.(4S*).3p""","=""5P""","=""3""","=""2s2.2p3.(4S*).8d""","=""5D*""","=""4""",7,9,,"=""T5713LS""","=""""",
O,2,"=""466.16332""","=""466.16324""","=""21""","=""4.04e+07""",B,"=""185340.577""","=""206786.286""","=""2s2.2p2.(3P).3s""","=""4P""","=""3/2""","=""2s2.2p2.(3P).3p""","=""4D*""","=""3/2""",4,4,,"=""T6172,T6632""","=""L6915""",
O,3,"=""""","=""466.8875""","=""""","=""8.48e+07""",C+,"=""370418.32""","=""391830.76""","=""2s2.2p.(2P*).4p""","=""3P""","=""1""","=""2s2.2p.(2P*).5s""","=""3P*""","=""0""",3,1,,"=""T5376LS""","=""""",
O,3,"=""""","=""467.3487""","=""""","=""3.52e+07""",C+,"=""370526.49""","=""391917.80""","=""2s2.2p.(2P*).4p""","=""3P""","=""2""","=""2s2.2p.(2P*).5s""","=""3P*""","=""1""",5,3,,"=""T5376LS""","=""""",
O,2,"=""467.37322""","=""467.37331""","=""14""","=""1.24e+07""",B,"=""185340.577""","=""206730.762""","=""2s2.2p2.(3P).3s""","=""4P""","=""3/2""","=""2s2.2p2.(3P).3p""","=""4D*""","=""1/2""",4,2,,"=""T6172,T6632""","=""L6915""",
O,2,"=""467.62350""","=""467.62350""","=""20""","=""2.05e+07""",B,"=""185499.124""","=""206877.865""","=""2s2.2p2.(3P).3s""","=""4P""","=""5/2""","=""2s2.2p2.(3P).3p""","=""4D*""","=""5/2""",6,6,,"=""T6172,T6632""","=""L6915""",
O,2,"=""""","=""467.8424""","=""""","=""4.40e+05""",C,"=""240330.01""","=""261698.75""","=""2s2.2p2.(3P).4s""","=""2P""","=""1/2""","=""2s2.2p2.(3P).5p""","=""2D*""","=""3/2""",2,4,,"=""T5723LS""","=""""",
O,2,"=""""","=""468.1962""","=""""","=""5.27e+05""",C,"=""240517.35""","=""261869.94""","=""2s2.2p2.(3P).4s""","=""2P""","=""3/2""","=""2s2.2p2.(3P).5p""","=""2D*""","=""5/2""",4,6,,"=""T5723LS""","=""""",
O,2,"=""469.0896""","=""469.0888""","=""6""","=""1.86e+07""",D,"=""232480.44""","=""253792.40""","=""2s2.2p2.(1D).3p""","=""2P*""","=""1/2""","=""2s2.2p2.(1D).3d""","=""2P""","=""3/2""",2,4,,"=""T5723LS""","=""L10621""",
O,2,"=""469.1416""","=""469.1419""","=""9""","=""7.43e+07""",D,"=""232480.44""","=""253789.99""","=""2s2.2p2.(1D).3p""","=""2P*""","=""1/2""","=""2s2.2p2.(1D).3d""","=""2P""","=""1/2""",2,2,,"=""T5723LS""","=""L10621""",
O,3,"=""""","=""469.6225""","=""""","=""5.76e+05""",D,"=""379227.15""","=""400514.89""","=""2s2.2p.(2P*).4d""","=""3D*""","=""1""","=""2s.2p2.(4P).3d""","=""3P""","=""0""",3,1,,"=""T5376LS""","=""""",
O,2,"=""469.6347""","=""469.63528""","=""12*""","=""3.15e+06""",B,"=""185499.124""","=""206786.286""","=""2s2.2p2.(3P).3s""","=""4P""","=""5/2""","=""2s2.2p2.(3P).3p""","=""4D*""","=""3/2""",6,4,,"=""T6172,T6632""","=""L10621""",
O,2,"=""469.8446""","=""469.8437""","=""6""","=""6.59e+06""",D,"=""229947.07""","=""251224.79""","=""2s2.2p2.(1D).3p""","=""2D*""","=""5/2""","=""2s2.2p2.(1D).3d""","=""2F""","=""5/2""",6,6,,"=""T5723LS""","=""L10621""",
O,2,"=""469.9003""","=""469.9011""","=""15""","=""9.88e+07""",D,"=""229947.07""","=""251222.19""","=""2s2.2p2.(1D).3p""","=""2D*""","=""5/2""","=""2s2.2p2.(1D).3d""","=""2F""","=""7/2""",6,8,,"=""T5723LS""","=""L10621""",
O,2,"=""469.9220""","=""469.9218""","=""17""","=""9.36e+07""",B,"=""211522.117""","=""232796.298""","=""2s2.2p2.(3P).3p""","=""2D*""","=""3/2""","=""2s2.2p2.(3P).3d""","=""2F""","=""5/2""",4,6,,"=""T6172""","=""L10621""",
O,2,"=""""","=""470.0441""","=""""","=""3.80e+04""",C,"=""212161.881""","=""233430.53""","=""2s2.2p2.(3P).3p""","=""4S*""","=""3/2""","=""2s2.2p2.(3P).3d""","=""2P""","=""3/2""",4,4,,"=""T6172""","=""""",
O,2,"=""470.1184""","=""470.1179""","=""11""","=""9.23e+07""",C,"=""232527.09""","=""253792.40""","=""2s2.2p2.(1D).3p""","=""2P*""","=""3/2""","=""2s2.2p2.(1D).3d""","=""2P""","=""3/2""",4,4,,"=""T5723LS""","=""L10621""",
O,2,"=""470.1708""","=""470.1712""","=""5""","=""3.69e+07""",D,"=""232527.09""","=""253789.99""","=""2s2.2p2.(1D).3p""","=""2P*""","=""3/2""","=""2s2.2p2.(1D).3d""","=""2P""","=""1/2""",4,2,,"=""T5723LS""","=""L10621""",
O,2,"=""470.3163""","=""470.3161""","=""14""","=""9.20e+07""",D,"=""229968.44""","=""251224.79""","=""2s2.2p2.(1D).3p""","=""2D*""","=""3/2""","=""2s2.2p2.(1D).3d""","=""2F""","=""5/2""",4,6,,"=""T5723LS""","=""L10621""",
O,2,"=""470.5352""","=""470.5346""","=""21""","=""1.13e+08""",B,"=""211712.732""","=""232959.210""","=""2s2.2p2.(3P).3p""","=""2D*""","=""5/2""","=""2s2.2p2.(3P).3d""","=""2F""","=""7/2""",6,8,,"=""T6172,T6632""","=""L10621,L3448""",
O,3,"=""""","=""470.8146""","=""""","=""1.43e+05""",D,"=""379227.15""","=""400460.99""","=""2s2.2p.(2P*).4d""","=""3D*""","=""1""","=""2s.2p2.(4P).3d""","=""3P""","=""1""",3,3,,"=""T5376LS""","=""""",
O,2,"=""471.0012""","=""471.0009""","=""16""","=""2.98e+07""",C,"=""211522.117""","=""232747.562""","=""2s2.2p2.(3P).3p""","=""2D*""","=""3/2""","=""2s2.2p2.(3P).3d""","=""4D""","=""5/2""",4,6,,"=""T6172""","=""L10621""",
O,2,"=""""","=""471.9803""","=""""","=""8.57e+04""",D,"=""240517.35""","=""261698.75""","=""2s2.2p2.(3P).4s""","=""2P""","=""3/2""","=""2s2.2p2.(3P).5p""","=""2D*""","=""3/2""",4,4,,"=""T5723LS""","=""""",
O,3,"=""""","=""472.2800""","=""""","=""4.25e+05""",C,"=""379293.03""","=""400460.99""","=""2s2.2p.(2P*).4d""","=""3D*""","=""2""","=""2s.2p2.(4P).3d""","=""3P""","=""1""",5,3,,"=""T5376LS""","=""""",
O,3,"=""""","=""473.2536""","=""""","=""5.63e+03""",D,"=""379227.15""","=""400351.56""","=""2s2.2p.(2P*).4d""","=""3D*""","=""1""","=""2s.2p2.(4P).3d""","=""3P""","=""2""",3,5,,"=""T5376LS""","=""""",
O,3,"=""""","=""473.788""","=""""","=""2.73e+06""",C+,"=""394079.4""","=""415180""","=""2s.2p2.(2D).3s""","=""3D""","=""1""","=""2s2.2p.(2P*).6d""","=""3D*""","=""1""",3,3,,"=""T5376LS""","=""""",
O,3,"=""""","=""473.788""","=""""","=""5.47e+05""",C+,"=""394079.4""","=""415180""","=""2s.2p2.(2D).3s""","=""3D""","=""1""","=""2s2.2p.(2P*).6d""","=""3D*""","=""2""",3,5,,"=""T5376LS""","=""""",
O,2,"=""474.1707""","=""474.1704""","=""10""","=""5.07e+06""",C+,"=""211712.732""","=""232796.298""","=""2s2.2p2.(3P).3p""","=""2D*""","=""5/2""","=""2s2.2p2.(3P).3d""","=""2F""","=""5/2""",6,6,,"=""T6172,T6632""","=""L10621""",
O,3,"=""""","=""474.7342""","=""""","=""8.36e+04""",D,"=""379293.03""","=""400351.56""","=""2s2.2p.(2P*).4d""","=""3D*""","=""2""","=""2s.2p2.(4P).3d""","=""3P""","=""2""",5,5,,"=""T5376LS""","=""""",
O,3,"=""""","=""474.866""","=""""","=""2.52e+06""",C+,"=""394127.3""","=""415180""","=""2s.2p2.(2D).3s""","=""3D""","=""2""","=""2s2.2p.(2P*).6d""","=""3D*""","=""2""",5,5,,"=""T5376LS""","=""""",
O,3,"=""""","=""474.866""","=""""","=""9.05e+05""",C+,"=""394127.3""","=""415180""","=""2s.2p2.(2D).3s""","=""3D""","=""2""","=""2s2.2p.(2P*).6d""","=""3D*""","=""1""",5,3,,"=""T5376LS""","=""""",
O,3,"=""""","=""474.866""","=""""","=""4.04e+05""",C+,"=""394127.3""","=""415180""","=""2s.2p2.(2D).3s""","=""3D""","=""2""","=""2s2.2p.(2P*).6d""","=""3D*""","=""3""",5,7,,"=""T5376LS""","=""""",
O,2,"=""475.1271""","=""475.1278""","=""14""","=""6.39e+06""",C,"=""211712.732""","=""232753.816""","=""2s2.2p2.(3P).3p""","=""2D*""","=""5/2""","=""2s2.2p2.(3P).3d""","=""4D""","=""7/2""",6,8,,"=""T6172""","=""L10621""",
O,2,"=""475.2681""","=""475.2691""","=""9""","=""1.45e+06""",C,"=""211712.732""","=""232747.562""","=""2s2.2p2.(3P).3p""","=""2D*""","=""5/2""","=""2s2.2p2.(3P).3d""","=""4D""","=""5/2""",6,6,,"=""T6172""","=""L10621""",
O,3,"=""""","=""476.1750""","=""""","=""4.64e+05""",C,"=""379356.75""","=""400351.56""","=""2s2.2p.(2P*).4d""","=""3D*""","=""3""","=""2s.2p2.(4P).3d""","=""3P""","=""2""",7,5,,"=""T5376LS""","=""""",
O,3,"=""""","=""476.463""","=""""","=""3.19e+06""",C+,"=""394197.9""","=""415180""","=""2s.2p2.(2D).3s""","=""3D""","=""3""","=""2s2.2p.(2P*).6d""","=""3D*""","=""3""",7,7,,"=""T5376LS""","=""""",
O,3,"=""""","=""476.463""","=""""","=""5.59e+05""",C+,"=""394197.9""","=""415180""","=""2s.2p2.(2D).3s""","=""3D""","=""3""","=""2s2.2p.(2P*).6d""","=""3D*""","=""2""",7,5,,"=""T5376LS""","=""""",
O,1,"=""""","=""477.2448""","=""""","=""7.00e+05""",C+,"=""86625.757""","=""107573.508""","=""2s2.2p3.(4S*).3p""","=""5P""","=""1""","=""2s2.2p3.(4S*).7d""","=""5D*""","=""0""",3,1,,"=""T5713LS""","=""""",
O,1,"=""""","=""477.2449""","=""""","=""5.25e+05""",C+,"=""86625.757""","=""107573.504""","=""2s2.2p3.(4S*).3p""","=""5P""","=""1""","=""2s2.2p3.(4S*).7d""","=""5D*""","=""1""",3,3,,"=""T5713LS""","=""""",
O,1,"=""""","=""477.2451""","=""""","=""2.45e+05""",C+,"=""86625.757""","=""107573.495""","=""2s2.2p3.(4S*).3p""","=""5P""","=""1""","=""2s2.2p3.(4S*).7d""","=""5D*""","=""2""",3,5,,"=""T5713LS""","=""""",
O,1,"=""""","=""477.2909""","=""""","=""1.75e+05""",C+,"=""86627.778""","=""107573.504""","=""2s2.2p3.(4S*).3p""","=""5P""","=""2""","=""2s2.2p3.(4S*).7d""","=""5D*""","=""1""",5,3,,"=""T5713LS""","=""""",
O,1,"=""""","=""477.2911""","=""""","=""4.08e+05""",C+,"=""86627.778""","=""107573.495""","=""2s2.2p3.(4S*).3p""","=""5P""","=""2""","=""2s2.2p3.(4S*).7d""","=""5D*""","=""2""",5,5,,"=""T5713LS""","=""""",
O,1,"=""""","=""477.2914""","=""""","=""4.67e+05""",C+,"=""86627.778""","=""107573.484""","=""2s2.2p3.(4S*).3p""","=""5P""","=""2""","=""2s2.2p3.(4S*).7d""","=""5D*""","=""3""",5,7,,"=""T5713LS""","=""""",
O,1,"=""""","=""477.3749""","=""""","=""4.66e+04""",C,"=""86631.454""","=""107573.495""","=""2s2.2p3.(4S*).3p""","=""5P""","=""3""","=""2s2.2p3.(4S*).7d""","=""5D*""","=""2""",7,5,,"=""T5713LS""","=""""",
O,1,"=""""","=""477.3752""","=""""","=""2.33e+05""",C+,"=""86631.454""","=""107573.484""","=""2s2.2p3.(4S*).3p""","=""5P""","=""3""","=""2s2.2p3.(4S*).7d""","=""5D*""","=""3""",7,7,,"=""T5713LS""","=""""",
O,1,"=""""","=""477.3753""","=""""","=""7.00e+05""",C+,"=""86631.454""","=""107573.476""","=""2s2.2p3.(4S*).3p""","=""5P""","=""3""","=""2s2.2p3.(4S*).7d""","=""5D*""","=""4""",7,9,,"=""T5713LS""","=""""",
O,2,"=""477.4059""","=""477.4076""","=""3""","=""1.36e+05""",D,"=""211522.117""","=""232462.724""","=""2s2.2p2.(3P).3p""","=""2D*""","=""3/2""","=""2s2.2p2.(3P).3d""","=""4P""","=""5/2""",4,6,,"=""T6172""","=""L10621""",
O,3,"=""""","=""477.8429""","=""""","=""8.57e+03""",C,"=""273081.33""","=""294002.86""","=""2s2.2p.(2P*).3s""","=""1P*""","=""1""","=""2s2.2p.(2P*).3p""","=""3D""","=""2""",3,5,,"=""u24""","=""""",
O,3,"=""""","=""479.9754""","=""""","=""1.85e+06""",C+,"=""329469.80""","=""350298.38""","=""2s2.2p.(2P*).3d""","=""3P*""","=""2""","=""2s.2p2.(4P).3s""","=""3P""","=""2""",5,5,,"=""T5376LS""","=""""",
O,1,"=""""","=""480.1667""","=""""","=""2.62e+05""",C+,"=""86625.757""","=""107446.036""","=""2s2.2p3.(4S*).3p""","=""5P""","=""1""","=""2s2.2p3.(4S*).8s""","=""5S*""","=""2""",3,5,,"=""T5713LS""","=""""",
O,1,"=""""","=""480.2134""","=""""","=""4.37e+05""",C+,"=""86627.778""","=""107446.036""","=""2s2.2p3.(4S*).3p""","=""5P""","=""2""","=""2s2.2p3.(4S*).8s""","=""5S*""","=""2""",5,5,,"=""T5713LS""","=""""",
O,1,"=""""","=""480.2982""","=""""","=""6.11e+05""",C+,"=""86631.454""","=""107446.036""","=""2s2.2p3.(4S*).3p""","=""5P""","=""3""","=""2s2.2p3.(4S*).8s""","=""5S*""","=""2""",7,5,,"=""T5713LS""","=""""",
O,3,"=""""","=""480.9781""","=""""","=""4.52e+05""",C,"=""273081.33""","=""293866.49""","=""2s2.2p.(2P*).3s""","=""1P*""","=""1""","=""2s2.2p.(2P*).3p""","=""3D""","=""1""",3,3,,"=""u24""","=""""",
O,3,"=""""","=""482.6190""","=""""","=""6.08e+05""",C+,"=""329583.89""","=""350298.38""","=""2s2.2p.(2P*).3d""","=""3P*""","=""1""","=""2s.2p2.(4P).3s""","=""3P""","=""2""",3,5,,"=""T5376LS""","=""""",
O,3,"=""""","=""484.0172""","=""""","=""1.00e+06""",C+,"=""329469.80""","=""350124.45""","=""2s2.2p.(2P*).3d""","=""3P*""","=""2""","=""2s.2p2.(4P).3s""","=""3P""","=""1""",5,3,,"=""T5376LS""","=""""",
O,2,"=""484.4913""","=""484.4919""","=""8""","=""1.02e+06""",D,"=""212161.881""","=""232796.298""","=""2s2.2p2.(3P).3p""","=""4S*""","=""3/2""","=""2s2.2p2.(3P).3d""","=""2F""","=""5/2""",4,6,,"=""T6172""","=""L10621""",
O,2,"=""485.6395""","=""485.6389""","=""11""","=""5.58e+06""",C,"=""212161.881""","=""232747.562""","=""2s2.2p2.(3P).3p""","=""4S*""","=""3/2""","=""2s2.2p2.(3P).3d""","=""4D""","=""5/2""",4,6,,"=""T6172""","=""L10621""",
O,2,"=""485.6758""","=""485.6762""","=""13""","=""1.00e+07""",C,"=""212161.881""","=""232745.981""","=""2s2.2p2.(3P).3p""","=""4S*""","=""3/2""","=""2s2.2p2.(3P).3d""","=""4D""","=""3/2""",4,4,,"=""T6172""","=""L10621""",
O,2,"=""486.0968""","=""486.0965""","=""12""","=""4.70e+07""",C,"=""232480.44""","=""253046.74""","=""2s2.2p2.(1D).3p""","=""2P*""","=""1/2""","=""2s2.2p2.(1D).3d""","=""2D""","=""3/2""",2,4,,"=""T5723LS""","=""L10621""",
O,2,"=""486.4879""","=""486.4878""","=""11""","=""8.07e+06""",C,"=""212161.881""","=""232711.642""","=""2s2.2p2.(3P).3p""","=""4S*""","=""3/2""","=""2s2.2p2.(3P).3d""","=""4D""","=""1/2""",4,2,,"=""T6172""","=""L10621""",
O,3,"=""""","=""486.7057""","=""""","=""5.93e+05""",C+,"=""329583.89""","=""350124.45""","=""2s2.2p.(2P*).3d""","=""3P*""","=""1""","=""2s.2p2.(4P).3s""","=""3P""","=""1""",3,3,,"=""T5376LS""","=""""",
O,2,"=""487.1520""","=""487.1523""","=""15""","=""5.60e+07""",C,"=""232527.09""","=""253048.82""","=""2s2.2p2.(1D).3p""","=""2P*""","=""3/2""","=""2s2.2p2.(1D).3d""","=""2D""","=""5/2""",4,6,,"=""T5723LS""","=""L10621""",
O,2,"=""487.2005""","=""487.2017""","=""6""","=""9.34e+06""",D,"=""232527.09""","=""253046.74""","=""2s2.2p2.(1D).3p""","=""2P*""","=""3/2""","=""2s2.2p2.(1D).3d""","=""2D""","=""3/2""",4,4,,"=""T5723LS""","=""L10621""",
O,3,"=""""","=""488.1614""","=""""","=""7.84e+05""",C+,"=""329645.14""","=""350124.45""","=""2s2.2p.(2P*).3d""","=""3P*""","=""0""","=""2s.2p2.(4P).3s""","=""3P""","=""1""",1,3,,"=""T5376LS""","=""""",
O,2,"=""489.0858""","=""489.0856""","=""15""","=""5.10e+07""",C+,"=""212161.881""","=""232602.492""","=""2s2.2p2.(3P).3p""","=""4S*""","=""3/2""","=""2s2.2p2.(3P).3d""","=""4P""","=""1/2""",4,2,,"=""T6172,T6632""","=""L10621""",
O,3,"=""""","=""489.0859""","=""""","=""2.34e+06""",C+,"=""329583.89""","=""350024.49""","=""2s2.2p.(2P*).3d""","=""3P*""","=""1""","=""2s.2p2.(4P).3s""","=""3P""","=""0""",3,1,,"=""T5376LS""","=""""",
O,2,"=""490.6833""","=""490.6830""","=""19""","=""4.78e+07""",C+,"=""212161.881""","=""232535.949""","=""2s2.2p2.(3P).3p""","=""4S*""","=""3/2""","=""2s2.2p2.(3P).3d""","=""4P""","=""3/2""",4,4,,"=""T6172,T6632""","=""L10621""",
O,2,"=""492.4531""","=""492.4529""","=""21""","=""5.43e+07""",C+,"=""212161.881""","=""232462.724""","=""2s2.2p2.(3P).3p""","=""4S*""","=""3/2""","=""2s2.2p2.(3P).3d""","=""4P""","=""5/2""",4,6,,"=""T6172""","=""L10621""",
O,3,"=""""","=""493.1227""","=""""","=""2.41e-06""",C+,"=""0.000""","=""20273.27""","=""2s2.2p2""","=""3P""","=""0""","=""2s2.2p2""","=""1D""","=""2""",1,5,E2,"=""T4010,T4899,T4026""","=""""",
O,2,"=""494.1069""","=""494.1072""","=""18""","=""6.04e+07""",B,"=""214169.920""","=""234402.797""","=""2s2.2p2.(3P).3p""","=""2P*""","=""1/2""","=""2s2.2p2.(3P).3d""","=""2D""","=""3/2""",2,4,,"=""T6172,T6632""","=""L10621""",
O,2,"=""494.2999""","=""494.3005""","=""20""","=""7.88e+07""",B,"=""214229.671""","=""234454.634""","=""2s2.2p2.(3P).3p""","=""2P*""","=""3/2""","=""2s2.2p2.(3P).3d""","=""2D""","=""5/2""",4,6,,"=""T6172,T6632""","=""L10621""",
O,2,"=""495.5705""","=""495.5707""","=""14""","=""1.81e+07""",B,"=""214229.671""","=""234402.797""","=""2s2.2p2.(3P).3p""","=""2P*""","=""3/2""","=""2s2.2p2.(3P).3d""","=""2D""","=""3/2""",4,4,,"=""T6172,T6632""","=""L10621""",
O,3,"=""""","=""495.8911""","=""""","=""6.21e-03""",B,"=""113.178""","=""20273.27""","=""2s2.2p2""","=""3P""","=""1""","=""2s2.2p2""","=""1D""","=""2""",3,5,M1,"=""T4010,T4899,T4026""","=""""",
O,3,"=""""","=""495.8911""","=""""","=""4.57e-06""",C+,"=""113.178""","=""20273.27""","=""2s2.2p2""","=""3P""","=""1""","=""2s2.2p2""","=""1D""","=""2""",3,5,E2,"=""T4899""","=""""",
O,1,"=""""","=""496.7376""","=""""","=""1.27e+06""",C+,"=""86625.757""","=""106751.494""","=""2s2.2p3.(4S*).3p""","=""5P""","=""1""","=""2s2.2p3.(4S*).6d""","=""5D*""","=""0""",3,1,,"=""T5713LS""","=""""",
O,1,"=""""","=""496.7378""","=""""","=""9.50e+05""",C+,"=""86625.757""","=""106751.487""","=""2s2.2p3.(4S*).3p""","=""5P""","=""1""","=""2s2.2p3.(4S*).6d""","=""5D*""","=""1""",3,3,,"=""T5713LS""","=""""",
O,1,"=""""","=""496.7381""","=""""","=""4.43e+05""",C+,"=""86625.757""","=""106751.474""","=""2s2.2p3.(4S*).3p""","=""5P""","=""1""","=""2s2.2p3.(4S*).6d""","=""5D*""","=""2""",3,5,,"=""T5713LS""","=""""",
O,1,"=""""","=""496.7877""","=""""","=""3.16e+05""",C+,"=""86627.778""","=""106751.487""","=""2s2.2p3.(4S*).3p""","=""5P""","=""2""","=""2s2.2p3.(4S*).6d""","=""5D*""","=""1""",5,3,,"=""T5713LS""","=""""",
O,1,"=""""","=""496.7880""","=""""","=""7.38e+05""",C+,"=""86627.778""","=""106751.474""","=""2s2.2p3.(4S*).3p""","=""5P""","=""2""","=""2s2.2p3.(4S*).6d""","=""5D*""","=""2""",5,5,,"=""T5713LS""","=""""",
O,1,"=""""","=""496.7884""","=""""","=""8.44e+05""",C+,"=""86627.778""","=""106751.458""","=""2s2.2p3.(4S*).3p""","=""5P""","=""2""","=""2s2.2p3.(4S*).6d""","=""5D*""","=""3""",5,7,,"=""T5713LS""","=""""",
O,1,"=""""","=""496.8788""","=""""","=""8.43e+04""",C,"=""86631.454""","=""106751.474""","=""2s2.2p3.(4S*).3p""","=""5P""","=""3""","=""2s2.2p3.(4S*).6d""","=""5D*""","=""2""",7,5,,"=""T5713LS""","=""""",
O,1,"=""""","=""496.8791""","=""""","=""4.22e+05""",C+,"=""86631.454""","=""106751.458""","=""2s2.2p3.(4S*).3p""","=""5P""","=""3""","=""2s2.2p3.(4S*).6d""","=""5D*""","=""3""",7,7,,"=""T5713LS""","=""""",
O,1,"=""""","=""496.8794""","=""""","=""1.27e+06""",C+,"=""86631.454""","=""106751.447""","=""2s2.2p3.(4S*).3p""","=""5P""","=""3""","=""2s2.2p3.(4S*).6d""","=""5D*""","=""4""",7,9,,"=""T5713LS""","=""""",
O,3,"=""""","=""500.6843""","=""""","=""1.81e-02""",B,"=""306.174""","=""20273.27""","=""2s2.2p2""","=""3P""","=""2""","=""2s2.2p2""","=""1D""","=""2""",5,5,M1,"=""T4010,T4899,T4026""","=""""",
O,3,"=""""","=""500.6843""","=""""","=""3.52e-05""",C+,"=""306.174""","=""20273.27""","=""2s2.2p2""","=""3P""","=""2""","=""2s2.2p2""","=""1D""","=""2""",5,5,E2,"=""T4899""","=""""",
O,2,"=""""","=""501.5339""","=""""","=""6.18e+04""",C,"=""212593.82""","=""232527.09""","=""2s.2p4""","=""2P""","=""3/2""","=""2s2.2p2.(1D).3p""","=""2P*""","=""3/2""",4,4,,"=""T6172""","=""""",
O,1,"=""""","=""501.8782""","=""""","=""4.28e+05""",C+,"=""86625.757""","=""106545.354""","=""2s2.2p3.(4S*).3p""","=""5P""","=""1""","=""2s2.2p3.(4S*).7s""","=""5S*""","=""2""",3,5,,"=""T5713LS""","=""""",
O,1,"=""""","=""501.9291""","=""""","=""7.13e+05""",C+,"=""86627.778""","=""106545.354""","=""2s2.2p3.(4S*).3p""","=""5P""","=""2""","=""2s2.2p3.(4S*).7s""","=""5S*""","=""2""",5,5,,"=""T5713LS""","=""""",
O,1,"=""""","=""502.0218""","=""""","=""9.98e+05""",C+,"=""86631.454""","=""106545.354""","=""2s2.2p3.(4S*).3p""","=""5P""","=""3""","=""2s2.2p3.(4S*).7s""","=""5S*""","=""2""",7,5,,"=""T5713LS""","=""""",
O,2,"=""504.1976""","=""504.1975""","=""2""","=""5.98e+04""",C,"=""211522.117""","=""231350.087""","=""2s2.2p2.(3P).3p""","=""2D*""","=""3/2""","=""2s2.2p2.(3P).3d""","=""4F""","=""5/2""",4,6,,"=""T6172""","=""L10621""",
O,3,"=""""","=""504.9870""","=""""","=""8.40e+06""",C+,"=""380717.92""","=""400514.89""","=""2s2.2p.(2P*).4d""","=""3P*""","=""1""","=""2s.2p2.(4P).3d""","=""3P""","=""0""",3,1,,"=""T5376LS""","=""""",
O,3,"=""""","=""506.0732""","=""""","=""3.48e+06""",C+,"=""380706.51""","=""400460.99""","=""2s2.2p.(2P*).4d""","=""3P*""","=""2""","=""2s.2p2.(4P).3d""","=""3P""","=""1""",5,3,,"=""T5376LS""","=""""",
O,3,"=""""","=""506.3657""","=""""","=""2.08e+06""",C+,"=""380717.92""","=""400460.99""","=""2s2.2p.(2P*).4d""","=""3P*""","=""1""","=""2s.2p2.(4P).3d""","=""3P""","=""1""",3,3,,"=""T5376LS""","=""""",
O,3,"=""""","=""506.8555""","=""""","=""2.77e+06""",C+,"=""380737.00""","=""400460.99""","=""2s2.2p.(2P*).4d""","=""3P*""","=""0""","=""2s.2p2.(4P).3d""","=""3P""","=""1""",1,3,,"=""T5376LS""","=""""",
O,2,"=""""","=""507.0046""","=""""","=""3.80e+04""",C,"=""212762.25""","=""232480.44""","=""2s.2p4""","=""2P""","=""1/2""","=""2s2.2p2.(1D).3p""","=""2P*""","=""1/2""",2,2,,"=""T6172""","=""""",
O,2,"=""507.0800""","=""507.0805""","=""3""","=""7.38e+04""",C,"=""211712.732""","=""231427.970""","=""2s2.2p2.(3P).3p""","=""2D*""","=""5/2""","=""2s2.2p2.(3P).3d""","=""4F""","=""7/2""",6,8,,"=""T6172""","=""L10621""",
O,3,"=""""","=""508.8922""","=""""","=""6.15e+06""",C+,"=""380706.51""","=""400351.56""","=""2s2.2p.(2P*).4d""","=""3P*""","=""2""","=""2s.2p2.(4P).3d""","=""3P""","=""2""",5,5,,"=""T5376LS""","=""""",
O,3,"=""""","=""509.1880""","=""""","=""2.05e+06""",C+,"=""380717.92""","=""400351.56""","=""2s2.2p.(2P*).4d""","=""3P*""","=""1""","=""2s.2p2.(4P).3d""","=""3P""","=""2""",3,5,,"=""T5376LS""","=""""",
O,2,"=""511.0300""","=""511.0303""","=""6""","=""7.22e+05""",D,"=""233430.53""","=""252993.39""","=""2s2.2p2.(3P).3d""","=""2P""","=""3/2""","=""2s2.2p2.(1S).3p""","=""2P*""","=""3/2""",4,4,,"=""T5723LS""","=""L10621""",
O,2,"=""""","=""511.1913""","=""""","=""2.89e+05""",E,"=""233430.53""","=""252987.23""","=""2s2.2p2.(3P).3d""","=""2P""","=""3/2""","=""2s2.2p2.(1S).3p""","=""2P*""","=""1/2""",4,2,,"=""T5723LS""","=""""",
O,3,"=""""","=""511.218""","=""""","=""8.81e+04""",C,"=""374571.64""","=""394127.3""","=""2s.2p2.(4P).3p""","=""3D*""","=""1""","=""2s.2p2.(2D).3s""","=""3D""","=""2""",3,5,,"=""T5376LS""","=""""",
O,3,"=""""","=""511.775""","=""""","=""6.53e+04""",C+,"=""374663.52""","=""394197.9""","=""2s.2p2.(4P).3p""","=""3D*""","=""2""","=""2s.2p2.(2D).3s""","=""3D""","=""3""",5,7,,"=""T5376LS""","=""""",
O,3,"=""""","=""512.474""","=""""","=""4.37e+05""",C+,"=""374571.64""","=""394079.4""","=""2s.2p2.(4P).3p""","=""3D*""","=""1""","=""2s.2p2.(2D).3s""","=""3D""","=""1""",3,3,,"=""T5376LS""","=""""",
O,1,"=""""","=""513.114""","=""""","=""7.48e+04""",C,"=""88630.587""","=""108114.0""","=""2s2.2p3.(4S*).3p""","=""3P""","=""1""","=""2s2.2p3.(4S*).8d""","=""3D*""","=""2""",3,5,,"=""T5713LS""","=""""",
O,1,"=""""","=""513.114""","=""""","=""4.16e+04""",C,"=""88630.587""","=""108114.0""","=""2s2.2p3.(4S*).3p""","=""3P""","=""1""","=""2s2.2p3.(4S*).8d""","=""3D*""","=""1""",3,3,,"=""T5713LS""","=""""",
O,1,"=""""","=""513.129""","=""""","=""9.98e+04""",C+,"=""88631.146""","=""108114.0""","=""2s2.2p3.(4S*).3p""","=""3P""","=""2""","=""2s2.2p3.(4S*).8d""","=""3D*""","=""3""",5,7,,"=""T5713LS""","=""""",
O,1,"=""""","=""513.129""","=""""","=""2.49e+04""",C,"=""88631.146""","=""108114.0""","=""2s2.2p3.(4S*).3p""","=""3P""","=""2""","=""2s2.2p3.(4S*).8d""","=""3D*""","=""2""",5,5,,"=""T5713LS""","=""""",
O,1,"=""""","=""513.129""","=""""","=""2.77e+03""",D,"=""88631.146""","=""108114.0""","=""2s2.2p3.(4S*).3p""","=""3P""","=""2""","=""2s2.2p3.(4S*).8d""","=""3D*""","=""1""",5,3,,"=""T5713LS""","=""""",
O,1,"=""""","=""513.133""","=""""","=""5.54e+04""",C,"=""88631.303""","=""108114.0""","=""2s2.2p3.(4S*).3p""","=""3P""","=""0""","=""2s2.2p3.(4S*).8d""","=""3D*""","=""1""",1,3,,"=""T5713LS""","=""""",
O,3,"=""""","=""513.632""","=""""","=""4.03e+05""",C+,"=""374663.52""","=""394127.3""","=""2s.2p2.(4P).3p""","=""3D*""","=""2""","=""2s.2p2.(2D).3s""","=""3D""","=""2""",5,5,,"=""T5376LS""","=""""",
O,2,"=""""","=""513.7959""","=""""","=""1.89e+04""",C,"=""188888.543""","=""208346.104""","=""2s2.2p2.(3P).3s""","=""2P""","=""1/2""","=""2s2.2p2.(3P).3p""","=""4P*""","=""1/2""",2,2,,"=""T6172""","=""""",
O,2,"=""""","=""514.0273""","=""""","=""1.42e+05""",E,"=""233544.59""","=""252993.39""","=""2s2.2p2.(3P).3d""","=""2P""","=""1/2""","=""2s2.2p2.(1S).3p""","=""2P*""","=""3/2""",2,4,,"=""T5723LS""","=""""",
O,2,"=""""","=""514.1902""","=""""","=""5.67e+05""",D,"=""233544.59""","=""252987.23""","=""2s2.2p2.(3P).3d""","=""2P""","=""1/2""","=""2s2.2p2.(1S).3p""","=""2P*""","=""1/2""",2,2,,"=""T5723LS""","=""""",
O,3,"=""""","=""514.899""","=""""","=""1.44e+05""",C,"=""374663.52""","=""394079.4""","=""2s.2p2.(4P).3p""","=""3D*""","=""2""","=""2s.2p2.(2D).3s""","=""3D""","=""1""",5,3,,"=""T5376LS""","=""""",
O,2,"=""""","=""514.9040""","=""""","=""1.13e+04""",C,"=""189068.514""","=""208484.202""","=""2s2.2p2.(3P).3s""","=""2P""","=""3/2""","=""2s2.2p2.(3P).3p""","=""4P*""","=""5/2""",4,6,,"=""T6172""","=""""",
O,3,"=""""","=""515.247""","=""""","=""5.10e+05""",C+,"=""374795.14""","=""394197.9""","=""2s.2p2.(4P).3p""","=""3D*""","=""3""","=""2s.2p2.(2D).3s""","=""3D""","=""3""",7,7,,"=""T5376LS""","=""""",
O,2,"=""515.9942""","=""515.9941""","=""15""","=""3.12e+07""",B,"=""214169.920""","=""233544.59""","=""2s2.2p2.(3P).3p""","=""2P*""","=""1/2""","=""2s2.2p2.(3P).3d""","=""2P""","=""1/2""",2,2,,"=""T6172,T6632""","=""L10621""",
O,3,"=""""","=""517.129""","=""""","=""8.86e+04""",C+,"=""374795.14""","=""394127.3""","=""2s.2p2.(4P).3p""","=""3D*""","=""3""","=""2s.2p2.(2D).3s""","=""3D""","=""2""",7,5,,"=""T5376LS""","=""""",
O,2,"=""517.5896""","=""517.5903""","=""12""","=""1.46e+07""",B,"=""214229.671""","=""233544.59""","=""2s2.2p2.(3P).3p""","=""2P*""","=""3/2""","=""2s2.2p2.(3P).3d""","=""2P""","=""1/2""",4,2,,"=""T6172,T6632""","=""L10621""",
O,2,"=""""","=""518.5926""","=""""","=""4.23e+04""",C,"=""189068.514""","=""208346.104""","=""2s2.2p2.(3P).3s""","=""2P""","=""3/2""","=""2s2.2p2.(3P).3p""","=""4P*""","=""1/2""",4,2,,"=""T6172""","=""""",
O,2,"=""519.0496""","=""519.0498""","=""14""","=""1.18e+07""",B,"=""214169.920""","=""233430.53""","=""2s2.2p2.(3P).3p""","=""2P*""","=""1/2""","=""2s2.2p2.(3P).3d""","=""2P""","=""3/2""",2,4,,"=""T6172,T6632""","=""L10621""",
O,2,"=""520.6650""","=""520.6651""","=""20""","=""3.33e+07""",B,"=""214229.671""","=""233430.53""","=""2s2.2p2.(3P).3p""","=""2P*""","=""3/2""","=""2s2.2p2.(3P).3d""","=""2P""","=""3/2""",4,4,,"=""T6172,T6632""","=""L10621""",
O,3,"=""""","=""526.8301""","=""""","=""3.50e+07""",B,"=""313802.77""","=""332778.94""","=""2s2.2p.(2P*).3p""","=""1S""","=""0""","=""2s2.2p.(2P*).3d""","=""1P*""","=""1""",1,3,,"=""T5376,T5791""","=""""",
O,1,"=""""","=""527.4967""","=""""","=""1.32e+05""",C+,"=""88630.587""","=""107582.777""","=""2s2.2p3.(4S*).3p""","=""3P""","=""1""","=""2s2.2p3.(4S*).7d""","=""3D*""","=""2""",3,5,,"=""T5713LS""","=""""",
O,1,"=""""","=""527.4967""","=""""","=""7.34e+04""",C,"=""88630.587""","=""107582.777""","=""2s2.2p3.(4S*).3p""","=""3P""","=""1""","=""2s2.2p3.(4S*).7d""","=""3D*""","=""1""",3,3,,"=""T5713LS""","=""""",
O,1,"=""""","=""527.5123""","=""""","=""1.76e+05""",C+,"=""88631.146""","=""107582.777""","=""2s2.2p3.(4S*).3p""","=""3P""","=""2""","=""2s2.2p3.(4S*).7d""","=""3D*""","=""3""",5,7,,"=""T5713LS""","=""""",
O,1,"=""""","=""527.5123""","=""""","=""4.40e+04""",C,"=""88631.146""","=""107582.777""","=""2s2.2p3.(4S*).3p""","=""3P""","=""2""","=""2s2.2p3.(4S*).7d""","=""3D*""","=""2""",5,5,,"=""T5713LS""","=""""",
O,1,"=""""","=""527.5123""","=""""","=""4.89e+03""",D,"=""88631.146""","=""107582.777""","=""2s2.2p3.(4S*).3p""","=""3P""","=""2""","=""2s2.2p3.(4S*).7d""","=""3D*""","=""1""",5,3,,"=""T5713LS""","=""""",
O,1,"=""""","=""527.5166""","=""""","=""9.78e+04""",C,"=""88631.303""","=""107582.777""","=""2s2.2p3.(4S*).3p""","=""3P""","=""0""","=""2s2.2p3.(4S*).7d""","=""3D*""","=""1""",1,3,,"=""T5713LS""","=""""",
O,1,"=""""","=""529.8887""","=""""","=""3.58e+05""",C+,"=""88630.587""","=""107497.224""","=""2s2.2p3.(4S*).3p""","=""3P""","=""1""","=""2s2.2p3.(4S*).8s""","=""3S*""","=""1""",3,3,,"=""T5713LS""","=""""",
O,1,"=""""","=""529.9044""","=""""","=""5.96e+05""",C+,"=""88631.146""","=""107497.224""","=""2s2.2p3.(4S*).3p""","=""3P""","=""2""","=""2s2.2p3.(4S*).8s""","=""3S*""","=""1""",5,3,,"=""T5713LS""","=""""",
O,1,"=""""","=""529.9088""","=""""","=""1.19e+05""",C,"=""88631.303""","=""107497.224""","=""2s2.2p3.(4S*).3p""","=""3P""","=""0""","=""2s2.2p3.(4S*).8s""","=""3S*""","=""1""",1,3,,"=""T5713LS""","=""""",
O,1,"=""532.910""","=""532.9096""","=""135*""","=""2.71e+06""",C+,"=""86625.757""","=""105385.449""","=""2s2.2p3.(4S*).3p""","=""5P""","=""1""","=""2s2.2p3.(4S*).5d""","=""5D*""","=""0""",3,1,,"=""T5713LS""","=""L3760""",
O,1,"=""532.910""","=""532.9099""","=""135*""","=""2.03e+06""",C+,"=""86625.757""","=""105385.436""","=""2s2.2p3.(4S*).3p""","=""5P""","=""1""","=""2s2.2p3.(4S*).5d""","=""5D*""","=""1""",3,3,,"=""T5713LS""","=""L3760""",
O,1,"=""""","=""532.9107""","=""""","=""9.48e+05""",C+,"=""86625.757""","=""105385.409""","=""2s2.2p3.(4S*).3p""","=""5P""","=""1""","=""2s2.2p3.(4S*).5d""","=""5D*""","=""2""",3,5,,"=""T5713LS""","=""""",
O,1,"=""""","=""532.9673""","=""""","=""6.77e+05""",C+,"=""86627.778""","=""105385.436""","=""2s2.2p3.(4S*).3p""","=""5P""","=""2""","=""2s2.2p3.(4S*).5d""","=""5D*""","=""1""",5,3,,"=""T5713LS""","=""""",
O,1,"=""532.968""","=""532.9681""","=""160""","=""1.58e+06""",C+,"=""86627.778""","=""105385.409""","=""2s2.2p3.(4S*).3p""","=""5P""","=""2""","=""2s2.2p3.(4S*).5d""","=""5D*""","=""2""",5,5,,"=""T5713LS""","=""L3760""",
O,1,"=""""","=""532.9690""","=""""","=""1.81e+06""",C+,"=""86627.778""","=""105385.377""","=""2s2.2p3.(4S*).3p""","=""5P""","=""2""","=""2s2.2p3.(4S*).5d""","=""5D*""","=""3""",5,7,,"=""T5713LS""","=""""",
O,1,"=""""","=""533.0726""","=""""","=""1.80e+05""",C+,"=""86631.454""","=""105385.409""","=""2s2.2p3.(4S*).3p""","=""5P""","=""3""","=""2s2.2p3.(4S*).5d""","=""5D*""","=""2""",7,5,,"=""T5713LS""","=""""",
O,1,"=""""","=""533.0735""","=""""","=""9.02e+05""",C+,"=""86631.454""","=""105385.377""","=""2s2.2p3.(4S*).3p""","=""5P""","=""3""","=""2s2.2p3.(4S*).5d""","=""5D*""","=""3""",7,7,,"=""T5713LS""","=""""",
O,1,"=""533.074""","=""533.0741""","=""190""","=""2.71e+06""",C+,"=""86631.454""","=""105385.354""","=""2s2.2p3.(4S*).3p""","=""5P""","=""3""","=""2s2.2p3.(4S*).5d""","=""5D*""","=""4""",7,9,,"=""T5713LS""","=""L3760""",
O,2,"=""534.4104""","=""534.4104""","=""2""","=""1.46e+04""",C,"=""185235.281""","=""203942.288""","=""2s2.2p2.(3P).3s""","=""4P""","=""1/2""","=""2s2.2p2.(3P).3p""","=""2S*""","=""1/2""",2,2,,"=""T6172""","=""L10621""",
O,2,"=""537.4351""","=""537.4355""","=""6""","=""4.15e+04""",C,"=""185340.577""","=""203942.288""","=""2s2.2p2.(3P).3s""","=""4P""","=""3/2""","=""2s2.2p2.(3P).3p""","=""2S*""","=""1/2""",4,2,,"=""T6172""","=""L10621""",
O,2,"=""537.7568""","=""537.7569""","=""5""","=""9.68e+04""",E,"=""234402.797""","=""252993.39""","=""2s2.2p2.(3P).3d""","=""2D""","=""3/2""","=""2s2.2p2.(1S).3p""","=""2P*""","=""3/2""",4,4,,"=""T5723LS""","=""L10621""",
O,2,"=""537.9352""","=""537.9352""","=""7""","=""9.67e+05""",D,"=""234402.797""","=""252987.23""","=""2s2.2p2.(3P).3d""","=""2D""","=""3/2""","=""2s2.2p2.(1S).3p""","=""2P*""","=""1/2""",4,2,,"=""T5723LS""","=""L10621""",
O,2,"=""538.1772""","=""538.1776""","=""1""","=""7.55e+03""",C,"=""214169.920""","=""232745.981""","=""2s2.2p2.(3P).3p""","=""2P*""","=""1/2""","=""2s2.2p2.(3P).3d""","=""4D""","=""3/2""",2,4,,"=""T6172""","=""L10621""",
O,2,"=""""","=""538.4511""","=""""","=""5.93e+04""",C,"=""214229.671""","=""232796.298""","=""2s2.2p2.(3P).3p""","=""2P*""","=""3/2""","=""2s2.2p2.(3P).3d""","=""2F""","=""5/2""",4,6,,"=""T6172""","=""""",
O,2,"=""""","=""539.1743""","=""""","=""6.59e+04""",C,"=""214169.920""","=""232711.642""","=""2s2.2p2.(3P).3p""","=""2P*""","=""1/2""","=""2s2.2p2.(3P).3d""","=""4D""","=""1/2""",2,2,,"=""T6172""","=""""",
O,2,"=""539.2611""","=""539.2606""","=""10""","=""8.64e+05""",D,"=""234454.634""","=""252993.39""","=""2s2.2p2.(3P).3d""","=""2D""","=""5/2""","=""2s2.2p2.(1S).3p""","=""2P*""","=""3/2""",6,4,,"=""T5723LS""","=""L10621""",
O,2,"=""""","=""539.8682""","=""""","=""2.49e+04""",C,"=""214229.671""","=""232747.562""","=""2s2.2p2.(3P).3p""","=""2P*""","=""3/2""","=""2s2.2p2.(3P).3d""","=""4D""","=""5/2""",4,6,,"=""T6172""","=""""",
O,2,"=""""","=""539.9143""","=""""","=""4.06e+04""",C,"=""214229.671""","=""232745.981""","=""2s2.2p2.(3P).3p""","=""2P*""","=""3/2""","=""2s2.2p2.(3P).3d""","=""4D""","=""3/2""",4,4,,"=""T6172""","=""""",
O,2,"=""540.9203""","=""540.9175""","=""1""","=""3.10e+04""",C,"=""214229.671""","=""232711.642""","=""2s2.2p2.(3P).3p""","=""2P*""","=""3/2""","=""2s2.2p2.(3P).3d""","=""4D""","=""1/2""",4,2,,"=""T6172""","=""L10621""",
O,2,"=""542.3639""","=""542.3671""","=""1""","=""2.81e+04""",C,"=""214169.920""","=""232602.492""","=""2s2.2p2.(3P).3p""","=""2P*""","=""1/2""","=""2s2.2p2.(3P).3d""","=""4P""","=""1/2""",2,2,,"=""T6172""","=""L10621""",
O,1,"=""543.518""","=""543.5178""","=""90""","=""7.74e+05""",C+,"=""86625.757""","=""105019.307""","=""2s2.2p3.(4S*).3p""","=""5P""","=""1""","=""2s2.2p3.(4S*).6s""","=""5S*""","=""2""",3,5,,"=""T5713LS""","=""L3760""",
O,1,"=""543.578""","=""543.5775""","=""110""","=""1.29e+06""",C+,"=""86627.778""","=""105019.307""","=""2s2.2p3.(4S*).3p""","=""5P""","=""2""","=""2s2.2p3.(4S*).6s""","=""5S*""","=""2""",5,5,,"=""T5713LS""","=""L3760""",
O,1,"=""543.686""","=""543.6862""","=""135""","=""1.80e+06""",C+,"=""86631.454""","=""105019.307""","=""2s2.2p3.(4S*).3p""","=""5P""","=""3""","=""2s2.2p3.(4S*).6s""","=""5S*""","=""2""",7,5,,"=""T5713LS""","=""L3760""",
O,2,"=""546.1040""","=""546.1089""","=""2""","=""6.53e+04""",C,"=""214229.671""","=""232535.949""","=""2s2.2p2.(3P).3p""","=""2P*""","=""3/2""","=""2s2.2p2.(3P).3d""","=""4P""","=""3/2""",4,4,,"=""T6172""","=""L10621""",
O,2,"=""""","=""548.3022""","=""""","=""2.12e+04""",C,"=""214229.671""","=""232462.724""","=""2s2.2p2.(3P).3p""","=""2P*""","=""3/2""","=""2s2.2p2.(3P).3d""","=""4P""","=""5/2""",4,6,,"=""T6172""","=""""",
O,3,"=""""","=""550.8242""","=""""","=""1.06e+07""",B,"=""306586.08""","=""324735.65""","=""2s2.2p.(2P*).3p""","=""1D""","=""2""","=""2s2.2p.(2P*).3d""","=""1D*""","=""2""",5,5,,"=""T5376,T5791""","=""""",
O,1,"=""""","=""551.2602""","=""""","=""2.69e+05""",C+,"=""88630.587""","=""106765.803""","=""2s2.2p3.(4S*).3p""","=""3P""","=""1""","=""2s2.2p3.(4S*).6d""","=""3D*""","=""2""",3,5,,"=""T5713LS""","=""""",
O,1,"=""""","=""551.2602""","=""""","=""1.49e+05""",C+,"=""88630.587""","=""106765.803""","=""2s2.2p3.(4S*).3p""","=""3P""","=""1""","=""2s2.2p3.(4S*).6d""","=""3D*""","=""1""",3,3,,"=""T5713LS""","=""""",
O,1,"=""""","=""551.2772""","=""""","=""3.58e+05""",C+,"=""88631.146""","=""106765.803""","=""2s2.2p3.(4S*).3p""","=""3P""","=""2""","=""2s2.2p3.(4S*).6d""","=""3D*""","=""3""",5,7,,"=""T5713LS""","=""""",
O,1,"=""""","=""551.2772""","=""""","=""8.95e+04""",C+,"=""88631.146""","=""106765.803""","=""2s2.2p3.(4S*).3p""","=""3P""","=""2""","=""2s2.2p3.(4S*).6d""","=""3D*""","=""2""",5,5,,"=""T5713LS""","=""""",
O,1,"=""""","=""551.2772""","=""""","=""9.95e+03""",D,"=""88631.146""","=""106765.803""","=""2s2.2p3.(4S*).3p""","=""3P""","=""2""","=""2s2.2p3.(4S*).6d""","=""3D*""","=""1""",5,3,,"=""T5713LS""","=""""",
O,1,"=""""","=""551.2820""","=""""","=""1.99e+05""",C+,"=""88631.303""","=""106765.803""","=""2s2.2p3.(4S*).3p""","=""3P""","=""0""","=""2s2.2p3.(4S*).6d""","=""3D*""","=""1""",1,3,,"=""T5713LS""","=""""",
O,1,"=""""","=""555.4832""","=""""","=""5.83e+05""",C+,"=""88630.587""","=""106627.934""","=""2s2.2p3.(4S*).3p""","=""3P""","=""1""","=""2s2.2p3.(4S*).7s""","=""3S*""","=""1""",3,3,,"=""T5713LS""","=""""",
O,1,"=""""","=""555.5004""","=""""","=""9.71e+05""",C+,"=""88631.146""","=""106627.934""","=""2s2.2p3.(4S*).3p""","=""3P""","=""2""","=""2s2.2p3.(4S*).7s""","=""3S*""","=""1""",5,3,,"=""T5713LS""","=""""",
O,1,"=""""","=""555.5053""","=""""","=""1.94e+05""",C+,"=""88631.303""","=""106627.934""","=""2s2.2p3.(4S*).3p""","=""3P""","=""0""","=""2s2.2p3.(4S*).7s""","=""3S*""","=""1""",1,3,,"=""T5713LS""","=""""",
O,1,"=""557.734""","=""557.7339""","=""120""","=""1.26e+00""",B+,"=""15867.862""","=""33792.583""","=""2s2.2p4""","=""1D""","=""2""","=""2s2.2p4""","=""1S""","=""0""",5,1,E2,"=""T4539,T5081""","=""L3760""",
O,2,"=""558.3232""","=""558.3217""","=""10""","=""2.17e+06""",D,"=""230609.45""","=""248515.30""","=""2s2.2p2.(1S).3s""","=""2S""","=""1/2""","=""2s2.2p2.(3P).4p""","=""2P*""","=""3/2""",2,4,,"=""T5723LS""","=""L10621""",
O,3,"=""559.237""","=""559.2252""","=""110""","=""3.27e+07""",B,"=""273081.33""","=""290958.25""","=""2s2.2p.(2P*).3s""","=""1P*""","=""1""","=""2s2.2p.(2P*).3p""","=""1P""","=""1""",3,3,,"=""T5376,T5791,u24""","=""L3492""",
O,2,"=""561.1061""","=""561.1072""","=""5""","=""2.14e+06""",D,"=""230609.45""","=""248426.41""","=""2s2.2p2.(1S).3s""","=""2S""","=""1/2""","=""2s2.2p2.(3P).4p""","=""2P*""","=""1/2""",2,2,,"=""T5723LS""","=""L10621""",
O,2,"=""575.3917""","=""575.3926""","=""5""","=""1.27e+05""",C+,"=""212593.82""","=""229968.44""","=""2s.2p4""","=""2P""","=""3/2""","=""2s2.2p2.(1D).3p""","=""2D*""","=""3/2""",4,4,,"=""T6172n""","=""L10621""",
O,2,"=""576.1008""","=""576.1012""","=""11""","=""6.39e+05""",C+,"=""212593.82""","=""229947.07""","=""2s.2p4""","=""2P""","=""3/2""","=""2s2.2p2.(1D).3p""","=""2D*""","=""5/2""",4,6,,"=""T6172n""","=""L10621""",
O,2,"=""581.0243""","=""581.0251""","=""9""","=""5.24e+05""",C+,"=""212762.25""","=""229968.44""","=""2s.2p4""","=""2P""","=""1/2""","=""2s2.2p2.(1D).3p""","=""2D*""","=""3/2""",2,4,,"=""T6172n""","=""L10621""",
O,3,"=""""","=""594.637""","=""""","=""1.80e+04""",C,"=""377385.58""","=""394197.9""","=""2s2.2p.(2P*).4d""","=""3F*""","=""2""","=""2s.2p2.(2D).3s""","=""3D""","=""3""",5,7,,"=""T5376LS""","=""""",
O,1,"=""595.839""","=""595.8386""","=""160*""","=""3.78e+05""",C+,"=""88630.587""","=""105409.008""","=""2s2.2p3.(4S*).3p""","=""3P""","=""1""","=""2s2.2p3.(4S*).5d""","=""3D*""","=""1""",3,3,,"=""T5713LS""","=""L3760""",
O,1,"=""595.839""","=""595.8386""","=""160*""","=""6.80e+05""",C+,"=""88630.587""","=""105409.008""","=""2s2.2p3.(4S*).3p""","=""3P""","=""1""","=""2s2.2p3.(4S*).5d""","=""3D*""","=""2""",3,5,,"=""T5713LS""","=""L3760""",
O,1,"=""595.858""","=""595.8584""","=""190*""","=""2.27e+05""",C+,"=""88631.146""","=""105409.008""","=""2s2.2p3.(4S*).3p""","=""3P""","=""2""","=""2s2.2p3.(4S*).5d""","=""3D*""","=""2""",5,5,,"=""T5713LS""","=""L3760""",
O,1,"=""595.858""","=""595.8584""","=""190*""","=""2.52e+04""",C,"=""88631.146""","=""105409.008""","=""2s2.2p3.(4S*).3p""","=""3P""","=""2""","=""2s2.2p3.(4S*).5d""","=""3D*""","=""1""",5,3,,"=""T5713LS""","=""L3760""",
O,1,"=""595.858""","=""595.8584""","=""190*""","=""9.06e+05""",C+,"=""88631.146""","=""105409.008""","=""2s2.2p3.(4S*).3p""","=""3P""","=""2""","=""2s2.2p3.(4S*).5d""","=""3D*""","=""3""",5,7,,"=""T5713LS""","=""L3760""",
O,1,"=""""","=""595.8640""","=""""","=""5.04e+05""",C+,"=""88631.303""","=""105409.008""","=""2s2.2p3.(4S*).3p""","=""3P""","=""0""","=""2s2.2p3.(4S*).5d""","=""3D*""","=""1""",1,3,,"=""T5713LS""","=""""",
O,3,"=""""","=""597.145""","=""""","=""8.82e+05""",C+,"=""377385.58""","=""394127.3""","=""2s2.2p.(2P*).4d""","=""3F*""","=""2""","=""2s.2p2.(2D).3s""","=""3D""","=""2""",5,5,,"=""T5376LS""","=""""",
O,3,"=""""","=""597.967""","=""""","=""4.17e+04""",C,"=""267258.71""","=""283977.40""","=""2s2.2p.(2P*).3s""","=""3P*""","=""0""","=""2p4""","=""3P""","=""1""",1,3,,"=""T5376,T5791,LS""","=""""",
O,3,"=""""","=""598.823""","=""""","=""1.25e+05""",C,"=""267377.11""","=""284071.90""","=""2s2.2p.(2P*).3s""","=""3P*""","=""1""","=""2p4""","=""3P""","=""0""",3,1,,"=""T5376,T5791,LS""","=""""",
O,3,"=""""","=""598.858""","=""""","=""7.85e+06""",C+,"=""377385.58""","=""394079.4""","=""2s2.2p.(2P*).4d""","=""3F*""","=""2""","=""2s.2p2.(2D).3s""","=""3D""","=""1""",5,3,,"=""T5376LS""","=""""",
O,3,"=""""","=""600.954""","=""""","=""6.18e+05""",C+,"=""377562.31""","=""394197.9""","=""2s2.2p.(2P*).4d""","=""3F*""","=""3""","=""2s.2p2.(2D).3s""","=""3D""","=""3""",7,7,,"=""T5376LS""","=""""",
O,3,"=""""","=""602.232""","=""""","=""3.06e+04""",D,"=""267377.11""","=""283977.40""","=""2s2.2p.(2P*).3s""","=""3P*""","=""1""","=""2p4""","=""3P""","=""1""",3,3,,"=""T5376,T5791,LS""","=""""",
O,3,"=""""","=""603.516""","=""""","=""6.82e+06""",C+,"=""377562.31""","=""394127.3""","=""2s2.2p.(2P*).4d""","=""3F*""","=""3""","=""2s.2p2.(2D).3s""","=""3D""","=""2""",7,5,,"=""T5376LS""","=""""",
O,1,"=""604.623""","=""604.6233""","=""160""","=""1.05e+06""",C+,"=""88630.587""","=""105165.232""","=""2s2.2p3.(4S*).3p""","=""3P""","=""1""","=""2s2.2p3.(4S*).6s""","=""3S*""","=""1""",3,3,,"=""T5713LS""","=""L3760""",
O,1,"=""604.644""","=""604.6438""","=""190""","=""1.75e+06""",C+,"=""88631.146""","=""105165.232""","=""2s2.2p3.(4S*).3p""","=""3P""","=""2""","=""2s2.2p3.(4S*).6s""","=""3S*""","=""1""",5,3,,"=""T5713LS""","=""L3760""",
O,1,"=""604.649""","=""604.6495""","=""110""","=""3.50e+05""",C+,"=""88631.303""","=""105165.232""","=""2s2.2p3.(4S*).3p""","=""3P""","=""0""","=""2s2.2p3.(4S*).6s""","=""3S*""","=""1""",1,3,,"=""T5713LS""","=""L3760""",
O,3,"=""""","=""607.759""","=""""","=""6.90e+06""",C+,"=""377748.57""","=""394197.9""","=""2s2.2p.(2P*).4d""","=""3F*""","=""4""","=""2s.2p2.(2D).3s""","=""3D""","=""3""",9,7,,"=""T5376LS""","=""""",
O,2,"=""608.1224""","=""608.1215""","=""4""","=""4.25e+05""",D,"=""214169.920""","=""230609.45""","=""2s2.2p2.(3P).3p""","=""2P*""","=""1/2""","=""2s2.2p2.(1S).3s""","=""2S""","=""1/2""",2,2,,"=""T6172n""","=""L10621""",
O,3,"=""""","=""610.235""","=""""","=""2.95e+04""",C,"=""267377.11""","=""283759.70""","=""2s2.2p.(2P*).3s""","=""3P*""","=""1""","=""2p4""","=""3P""","=""2""",3,5,,"=""T5376,T5791,LS""","=""""",
O,2,"=""610.3386""","=""610.3399""","=""7""","=""8.36e+05""",D,"=""214229.671""","=""230609.45""","=""2s2.2p2.(3P).3p""","=""2P*""","=""3/2""","=""2s2.2p2.(1S).3s""","=""2S""","=""1/2""",4,2,,"=""T6172n""","=""L10621""",
O,2,"=""611.2987""","=""611.2986""","=""7""","=""3.64e+06""",C,"=""238627.46""","=""254981.55""","=""2s2.2p2.(3P).4s""","=""4P""","=""1/2""","=""2s.2p3.(5S*).3s""","=""4S*""","=""3/2""",2,4,,"=""T5723LS""","=""L10621""",
O,3,"=""""","=""611.698""","=""""","=""4.87e+04""",C,"=""267634.00""","=""283977.40""","=""2s2.2p.(2P*).3s""","=""3P*""","=""2""","=""2p4""","=""3P""","=""1""",5,3,,"=""T5376,T5791,LS""","=""""",
O,1,"=""""","=""614.0582""","=""""","=""9.62e+02""",C,"=""86627.778""","=""102908.374""","=""2s2.2p3.(4S*).3p""","=""5P""","=""2""","=""2s2.2p3.(4S*).4d""","=""3D*""","=""3""",5,7,,"=""T5803""","=""""",
O,2,"=""615.2566""","=""615.2560""","=""8""","=""7.14e+06""",C,"=""238732.65""","=""254981.55""","=""2s2.2p2.(3P).4s""","=""4P""","=""3/2""","=""2s.2p3.(5S*).3s""","=""4S*""","=""3/2""",4,4,,"=""T5723LS""","=""L10621""",
O,1,"=""""","=""615.5961""","=""""","=""7.62e+06""",B+,"=""86625.757""","=""102865.679""","=""2s2.2p3.(4S*).3p""","=""5P""","=""1""","=""2s2.2p3.(4S*).4d""","=""5D*""","=""0""",3,1,,"=""T5803,LS""","=""""",
O,1,"=""615.598""","=""615.5971""","=""400""","=""5.72e+06""",B+,"=""86625.757""","=""102865.655""","=""2s2.2p3.(4S*).3p""","=""5P""","=""1""","=""2s2.2p3.(4S*).4d""","=""5D*""","=""1""",3,3,,"=""T5803,LS""","=""L3760""",
O,1,"=""""","=""615.5989""","=""""","=""2.67e+06""",B+,"=""86625.757""","=""102865.606""","=""2s2.2p3.(4S*).3p""","=""5P""","=""1""","=""2s2.2p3.(4S*).4d""","=""5D*""","=""2""",3,5,,"=""T5803,LS""","=""""",
O,1,"=""""","=""615.6737""","=""""","=""1.91e+06""",B+,"=""86627.778""","=""102865.655""","=""2s2.2p3.(4S*).3p""","=""5P""","=""2""","=""2s2.2p3.(4S*).4d""","=""5D*""","=""1""",5,3,,"=""T5803,LS""","=""""",
O,1,"=""""","=""615.6755""","=""""","=""4.45e+06""",B+,"=""86627.778""","=""102865.606""","=""2s2.2p3.(4S*).3p""","=""5P""","=""2""","=""2s2.2p3.(4S*).4d""","=""5D*""","=""2""",5,5,,"=""T5803,LS""","=""""",
O,1,"=""615.677""","=""615.6778""","=""450""","=""5.08e+06""",B+,"=""86627.778""","=""102865.547""","=""2s2.2p3.(4S*).3p""","=""5P""","=""2""","=""2s2.2p3.(4S*).4d""","=""5D*""","=""3""",5,7,,"=""T5803,LS""","=""L3760""",
O,1,"=""""","=""615.8149""","=""""","=""5.07e+05""",B+,"=""86631.454""","=""102865.606""","=""2s2.2p3.(4S*).3p""","=""5P""","=""3""","=""2s2.2p3.(4S*).4d""","=""5D*""","=""2""",7,5,,"=""T5803,LS""","=""""",
O,1,"=""""","=""615.8172""","=""""","=""2.54e+06""",B+,"=""86631.454""","=""102865.547""","=""2s2.2p3.(4S*).3p""","=""5P""","=""3""","=""2s2.2p3.(4S*).4d""","=""5D*""","=""3""",7,7,,"=""T5803,LS""","=""""",
O,1,"=""615.818""","=""615.8187""","=""490""","=""7.62e+06""",B+,"=""86631.454""","=""102865.506""","=""2s2.2p3.(4S*).3p""","=""5P""","=""3""","=""2s2.2p3.(4S*).4d""","=""5D*""","=""4""",7,9,,"=""T5803,LS""","=""L3760""",
O,3,"=""""","=""619.957""","=""""","=""8.43e+04""",C,"=""267634.00""","=""283759.70""","=""2s2.2p.(2P*).3s""","=""3P*""","=""2""","=""2p4""","=""3P""","=""2""",5,5,,"=""T5376,T5791,LS""","=""""",
O,2,"=""621.4250""","=""621.4252""","=""9""","=""1.04e+07""",C,"=""238893.96""","=""254981.55""","=""2s2.2p2.(3P).4s""","=""4P""","=""5/2""","=""2s.2p3.(5S*).3s""","=""4S*""","=""3/2""",6,4,,"=""T5723LS""","=""L10621""",
O,1,"=""""","=""630.0304""","=""""","=""5.63e-03""",B+,"=""0.000""","=""15867.862""","=""2s2.2p4""","=""3P""","=""2""","=""2s2.2p4""","=""1D""","=""2""",5,5,M1,"=""T4539,T5081""","=""""",
O,1,"=""""","=""630.0304""","=""""","=""2.11e-05""",C+,"=""0.000""","=""15867.862""","=""2s2.2p4""","=""3P""","=""2""","=""2s2.2p4""","=""1D""","=""2""",5,5,E2,"=""T4539,T5081""","=""""",
O,1,"=""""","=""632.3385""","=""""","=""1.81e+04""",C,"=""97488.378""","=""113298.320""","=""2s2.2p3.(4S*).3d""","=""3D*""","=""1""","=""2s2.2p3.(2D*).3p""","=""3D""","=""1""",3,3,,"=""T5713LS""","=""""",
O,1,"=""""","=""632.3413""","=""""","=""6.02e+03""",D,"=""97488.448""","=""113298.320""","=""2s2.2p3.(4S*).3d""","=""3D*""","=""2""","=""2s2.2p3.(2D*).3p""","=""3D""","=""1""",5,3,,"=""T5713LS""","=""""",
O,1,"=""""","=""632.4772""","=""""","=""3.61e+03""",D,"=""97488.378""","=""113294.854""","=""2s2.2p3.(4S*).3d""","=""3D*""","=""1""","=""2s2.2p3.(2D*).3p""","=""3D""","=""2""",3,5,,"=""T5713LS""","=""""",
O,1,"=""""","=""632.4800""","=""""","=""1.68e+04""",C,"=""97488.448""","=""113294.854""","=""2s2.2p3.(4S*).3d""","=""3D*""","=""2""","=""2s2.2p3.(2D*).3p""","=""3D""","=""2""",5,5,,"=""T5713LS""","=""""",
O,1,"=""""","=""632.4815""","=""""","=""2.68e+03""",D,"=""97488.448""","=""113294.816""","=""2s2.2p3.(4S*).3d""","=""3D*""","=""2""","=""2s2.2p3.(2D*).3p""","=""3D""","=""3""",5,7,,"=""T5713LS""","=""""",
O,1,"=""""","=""632.4836""","=""""","=""3.76e+03""",D,"=""97488.538""","=""113294.854""","=""2s2.2p3.(4S*).3d""","=""3D*""","=""3""","=""2s2.2p3.(2D*).3p""","=""3D""","=""2""",7,5,,"=""T5713LS""","=""""",
O,1,"=""""","=""632.4851""","=""""","=""2.14e+04""",C,"=""97488.538""","=""113294.816""","=""2s2.2p3.(4S*).3d""","=""3D*""","=""3""","=""2s2.2p3.(2D*).3p""","=""3D""","=""3""",7,7,,"=""T5713LS""","=""""",
O,3,"=""""","=""633.048""","=""""","=""9.43e+04""",C,"=""378405.68""","=""394197.9""","=""2s.2p2.(4P).3p""","=""3P*""","=""2""","=""2s.2p2.(2D).3s""","=""3D""","=""3""",5,7,,"=""T5376LS""","=""""",
O,3,"=""""","=""635.891""","=""""","=""2.33e+04""",D,"=""378405.68""","=""394127.3""","=""2s.2p2.(4P).3p""","=""3P*""","=""2""","=""2s.2p2.(2D).3s""","=""3D""","=""2""",5,5,,"=""T5376LS""","=""""",
O,1,"=""""","=""636.3776""","=""""","=""1.82e-03""",B+,"=""158.265""","=""15867.862""","=""2s2.2p4""","=""3P""","=""1""","=""2s2.2p4""","=""1D""","=""2""",3,5,M1,"=""T4539,T5081""","=""""",
O,1,"=""""","=""636.3776""","=""""","=""3.39e-06""",C+,"=""158.265""","=""15867.862""","=""2s2.2p4""","=""3P""","=""1""","=""2s2.2p4""","=""1D""","=""2""",3,5,E2,"=""T4539,T5081""","=""""",
O,3,"=""""","=""636.383""","=""""","=""6.97e+04""",C,"=""378417.84""","=""394127.3""","=""2s.2p2.(4P).3p""","=""3P*""","=""1""","=""2s.2p2.(2D).3s""","=""3D""","=""2""",3,5,,"=""T5376LS""","=""""",
O,3,"=""""","=""637.834""","=""""","=""2.56e+03""",D,"=""378405.68""","=""394079.4""","=""2s.2p2.(4P).3p""","=""3P*""","=""2""","=""2s.2p2.(2D).3s""","=""3D""","=""1""",5,3,,"=""T5376LS""","=""""",
O,3,"=""""","=""638.330""","=""""","=""3.83e+04""",D,"=""378417.84""","=""394079.4""","=""2s.2p2.(4P).3p""","=""3P*""","=""1""","=""2s.2p2.(2D).3s""","=""3D""","=""1""",3,3,,"=""T5376LS""","=""""",
O,3,"=""""","=""639.036""","=""""","=""5.10e+04""",D,"=""378435.16""","=""394079.4""","=""2s.2p2.(4P).3p""","=""3P*""","=""0""","=""2s.2p2.(2D).3s""","=""3D""","=""1""",1,3,,"=""T5376LS""","=""""",
O,1,"=""""","=""639.1733""","=""""","=""8.60e-07""",B+,"=""226.977""","=""15867.862""","=""2s2.2p4""","=""3P""","=""0""","=""2s2.2p4""","=""1D""","=""2""",1,5,E2,"=""T4539,T5081""","=""""",
O,1,"=""645.360""","=""645.3602""","=""320""","=""1.65e+06""",C+,"=""86625.757""","=""102116.698""","=""2s2.2p3.(4S*).3p""","=""5P""","=""1""","=""2s2.2p3.(4S*).5s""","=""5S*""","=""2""",3,5,,"=""T5713LS""","=""L3760""",
O,1,"=""645.444""","=""645.4444""","=""360""","=""2.75e+06""",C+,"=""86627.778""","=""102116.698""","=""2s2.2p3.(4S*).3p""","=""5P""","=""2""","=""2s2.2p3.(4S*).5s""","=""5S*""","=""2""",5,5,,"=""T5713LS""","=""L3760""",
O,1,"=""645.598""","=""645.5977""","=""400""","=""3.85e+06""",C+,"=""86631.454""","=""102116.698""","=""2s2.2p3.(4S*).3p""","=""5P""","=""3""","=""2s2.2p3.(4S*).5s""","=""5S*""","=""2""",7,5,,"=""T5713LS""","=""L3760""",
O,2,"=""649.5802""","=""649.5787""","=""11bl*""","=""1.48e+06""",D,"=""232796.298""","=""248186.64""","=""2s2.2p2.(3P).3d""","=""2F""","=""5/2""","=""2s2.2p2.(3P).4p""","=""2D*""","=""5/2""",6,6,,"=""T5723LS""","=""L6336""",
O,3,"=""""","=""650.755""","=""""","=""3.98e+07""",B,"=""365726.76""","=""381089.27""","=""2s2.2p.(2P*).4p""","=""1P""","=""1""","=""2s2.2p.(2P*).4d""","=""1P*""","=""1""",3,3,,"=""T5376""","=""""",
O,2,"=""656.5283""","=""656.5283""","=""20""","=""2.86e+07""",D,"=""232959.210""","=""248186.64""","=""2s2.2p2.(3P).3d""","=""2F""","=""7/2""","=""2s2.2p2.(3P).4p""","=""2D*""","=""5/2""",8,6,,"=""T5723LS""","=""L10621""",
O,2,"=""657.1100""","=""657.1108""","=""18""","=""2.99e+07""",D,"=""232796.298""","=""248010.23""","=""2s2.2p2.(3P).3d""","=""2F""","=""5/2""","=""2s2.2p2.(3P).4p""","=""2D*""","=""3/2""",6,4,,"=""T5723LS""","=""L10621""",
O,2,"=""662.7385""","=""662.7373""","=""17""","=""1.73e+07""",D,"=""233430.53""","=""248515.30""","=""2s2.2p2.(3P).3d""","=""2P""","=""3/2""","=""2s2.2p2.(3P).4p""","=""2P*""","=""3/2""",4,4,,"=""T5723LS""","=""L10621""",
O,2,"=""664.1054""","=""664.1031""","=""24""","=""9.88e+06""",B+,"=""188888.543""","=""203942.288""","=""2s2.2p2.(3P).3s""","=""2P""","=""1/2""","=""2s2.2p2.(3P).3p""","=""2S*""","=""1/2""",2,2,,"=""T6172n""","=""L10621""",
O,2,"=""666.6667""","=""666.6657""","=""13""","=""6.78e+06""",D,"=""233430.53""","=""248426.41""","=""2s2.2p2.(3P).3d""","=""2P""","=""3/2""","=""2s2.2p2.(3P).4p""","=""2P*""","=""1/2""",4,2,,"=""T5723LS""","=""L10621""",
O,2,"=""667.7862""","=""667.7866""","=""12""","=""3.37e+06""",D,"=""233544.59""","=""248515.30""","=""2s2.2p2.(3P).3d""","=""2P""","=""1/2""","=""2s2.2p2.(3P).4p""","=""2P*""","=""3/2""",2,4,,"=""T5723LS""","=""L10621""",
O,3,"=""""","=""670.736""","=""""","=""1.37e+05""",C+,"=""379293.03""","=""394197.9""","=""2s2.2p.(2P*).4d""","=""3D*""","=""2""","=""2s.2p2.(2D).3s""","=""3D""","=""3""",5,7,,"=""T5376LS""","=""""",
O,3,"=""""","=""670.949""","=""""","=""1.85e+05""",C+,"=""379227.15""","=""394127.3""","=""2s2.2p.(2P*).4d""","=""3D*""","=""1""","=""2s.2p2.(2D).3s""","=""3D""","=""2""",3,5,,"=""T5376LS""","=""""",
O,2,"=""671.7751""","=""671.7754""","=""15""","=""1.33e+07""",D,"=""233544.59""","=""248426.41""","=""2s2.2p2.(3P).3d""","=""2P""","=""1/2""","=""2s2.2p2.(3P).4p""","=""2P*""","=""1/2""",2,2,,"=""T5723LS""","=""L10621""",
O,2,"=""672.1398""","=""672.1388""","=""26""","=""1.81e+07""",B+,"=""189068.514""","=""203942.288""","=""2s2.2p2.(3P).3s""","=""2P""","=""3/2""","=""2s2.2p2.(3P).3p""","=""2S*""","=""1/2""",4,2,,"=""T6172n""","=""L10621""",
O,1,"=""""","=""672.6284""","=""""","=""1.18e+03""",C,"=""73768.200""","=""88631.146""","=""2s2.2p3.(4S*).3s""","=""5S*""","=""2""","=""2s2.2p3.(4S*).3p""","=""3P""","=""2""",5,5,,"=""T5986""","=""""",
O,1,"=""""","=""672.6537""","=""""","=""6.44e+02""",C,"=""73768.200""","=""88630.587""","=""2s2.2p3.(4S*).3s""","=""5S*""","=""2""","=""2s2.2p3.(4S*).3p""","=""3P""","=""1""",5,3,,"=""T5986""","=""""",
O,3,"=""""","=""673.113""","=""""","=""9.15e+05""",C+,"=""379227.15""","=""394079.4""","=""2s2.2p.(2P*).4d""","=""3D*""","=""1""","=""2s.2p2.(2D).3s""","=""3D""","=""1""",3,3,,"=""T5376LS""","=""""",
O,3,"=""""","=""673.616""","=""""","=""1.08e+06""",C+,"=""379356.75""","=""394197.9""","=""2s2.2p.(2P*).4d""","=""3D*""","=""3""","=""2s.2p2.(2D).3s""","=""3D""","=""3""",7,7,,"=""T5376LS""","=""""",
O,3,"=""""","=""673.929""","=""""","=""8.46e+05""",C+,"=""379293.03""","=""394127.3""","=""2s2.2p.(2P*).4d""","=""3D*""","=""2""","=""2s.2p2.(2D).3s""","=""3D""","=""2""",5,5,,"=""T5376LS""","=""""",
O,3,"=""""","=""674.194""","=""""","=""7.21e+04""",C,"=""400351.56""","=""415180""","=""2s.2p2.(4P).3d""","=""3P""","=""2""","=""2s2.2p.(2P*).6d""","=""3D*""","=""3""",5,7,,"=""T5376LS""","=""""",
O,3,"=""""","=""674.194""","=""""","=""1.80e+04""",D,"=""400351.56""","=""415180""","=""2s.2p2.(4P).3d""","=""3P""","=""2""","=""2s2.2p.(2P*).6d""","=""3D*""","=""2""",5,5,,"=""T5376LS""","=""""",
O,3,"=""""","=""674.194""","=""""","=""2.00e+03""",D,"=""400351.56""","=""415180""","=""2s.2p2.(4P).3d""","=""3P""","=""2""","=""2s2.2p.(2P*).6d""","=""3D*""","=""1""",5,3,,"=""T5376LS""","=""""",
O,3,"=""""","=""676.112""","=""""","=""3.01e+05""",C+,"=""379293.03""","=""394079.4""","=""2s2.2p.(2P*).4d""","=""3D*""","=""2""","=""2s.2p2.(2D).3s""","=""3D""","=""1""",5,3,,"=""T5376LS""","=""""",
O,3,"=""""","=""676.836""","=""""","=""1.87e+05""",C+,"=""379356.75""","=""394127.3""","=""2s2.2p.(2P*).4d""","=""3D*""","=""3""","=""2s.2p2.(2D).3s""","=""3D""","=""2""",7,5,,"=""T5376LS""","=""""",
O,2,"=""677.4973""","=""677.4984""","=""9""","=""1.75e+06""",D,"=""233430.53""","=""248186.64""","=""2s2.2p2.(3P).3d""","=""2P""","=""3/2""","=""2s2.2p2.(3P).4p""","=""2D*""","=""5/2""",4,6,,"=""T5723LS""","=""L10621""",
O,3,"=""""","=""679.206""","=""""","=""5.29e+04""",C,"=""400460.99""","=""415180""","=""2s.2p2.(4P).3d""","=""3P""","=""1""","=""2s2.2p.(2P*).6d""","=""3D*""","=""2""",3,5,,"=""T5376LS""","=""""",
O,3,"=""""","=""679.206""","=""""","=""2.94e+04""",D,"=""400460.99""","=""415180""","=""2s.2p2.(4P).3d""","=""3P""","=""1""","=""2s2.2p.(2P*).6d""","=""3D*""","=""1""",3,3,,"=""T5376LS""","=""""",
O,2,"=""""","=""681.0477""","=""""","=""1.64e+05""",D,"=""231350.087""","=""246029.295""","=""2s2.2p2.(3P).3d""","=""4F""","=""5/2""","=""2s2.2p2.(3P).4p""","=""4D*""","=""7/2""",6,8,,"=""T5723LS""","=""L11267""",
O,3,"=""""","=""681.702""","=""""","=""3.87e+04""",D,"=""400514.89""","=""415180""","=""2s.2p2.(4P).3d""","=""3P""","=""0""","=""2s2.2p.(2P*).6d""","=""3D*""","=""1""",1,3,,"=""T5376LS""","=""""",
O,2,"=""""","=""684.4098""","=""""","=""2.97e+05""",D,"=""231296.126""","=""245903.224""","=""2s2.2p2.(3P).3d""","=""4F""","=""3/2""","=""2s2.2p2.(3P).4p""","=""4D*""","=""5/2""",4,6,,"=""T5723LS""","=""L11267""",
O,2,"=""684.6813""","=""684.6804""","=""11""","=""3.17e+06""",C,"=""231427.970""","=""246029.295""","=""2s2.2p2.(3P).3d""","=""4F""","=""7/2""","=""2s2.2p2.(3P).4p""","=""4D*""","=""7/2""",8,8,,"=""T5723LS""","=""L10621""",
O,2,"=""""","=""685.696""","=""""","=""2.82e+05""",D,"=""233430.53""","=""248010.23""","=""2s2.2p2.(3P).3d""","=""2P""","=""3/2""","=""2s2.2p2.(3P).4p""","=""2D*""","=""3/2""",4,4,,"=""T5723LS""","=""""",
O,2,"=""686.9485""","=""686.9475""","=""11""","=""5.35e+06""",C,"=""231350.087""","=""245903.224""","=""2s2.2p2.(3P).3d""","=""4F""","=""5/2""","=""2s2.2p2.(3P).4p""","=""4D*""","=""5/2""",6,6,,"=""T5723LS""","=""L10621""",
O,2,"=""688.4911""","=""688.4881""","=""11""","=""6.12e+06""",C,"=""231296.126""","=""245816.70""","=""2s2.2p2.(3P).3d""","=""4F""","=""3/2""","=""2s2.2p2.(3P).4p""","=""4D*""","=""3/2""",4,4,,"=""T5723LS""","=""L10621""",
O,2,"=""689.5109""","=""689.5102""","=""22""","=""2.72e+07""",C,"=""231530.246""","=""246029.295""","=""2s2.2p2.(3P).3d""","=""4F""","=""9/2""","=""2s2.2p2.(3P).4p""","=""4D*""","=""7/2""",10,8,,"=""T5723LS""","=""L10621""",
O,2,"=""690.6443""","=""690.6436""","=""19""","=""2.48e+07""",C,"=""231427.970""","=""245903.224""","=""2s2.2p2.(3P).3d""","=""4F""","=""7/2""","=""2s2.2p2.(3P).4p""","=""4D*""","=""5/2""",8,6,,"=""T5723LS""","=""L10621""",
O,2,"=""690.7872""","=""690.7873""","=""15""","=""3.03e+07""",C,"=""231296.126""","=""245768.37""","=""2s2.2p2.(3P).3d""","=""4F""","=""3/2""","=""2s2.2p2.(3P).4p""","=""4D*""","=""1/2""",4,2,,"=""T5723LS""","=""L10621""",
O,2,"=""691.0562""","=""691.0562""","=""19""","=""2.43e+07""",C,"=""231350.087""","=""245816.70""","=""2s2.2p2.(3P).3d""","=""4F""","=""5/2""","=""2s2.2p2.(3P).4p""","=""4D*""","=""3/2""",6,4,,"=""T5723LS""","=""L10621""",
O,2,"=""""","=""691.103""","=""""","=""1.37e+06""",D,"=""233544.59""","=""248010.23""","=""2s2.2p2.(3P).3d""","=""2P""","=""1/2""","=""2s2.2p2.(3P).4p""","=""2D*""","=""3/2""",2,4,,"=""T5723LS""","=""""",
O,1,"=""""","=""700.1899""","=""""","=""1.47e+06""",B,"=""88630.587""","=""102908.489""","=""2s2.2p3.(4S*).3p""","=""3P""","=""1""","=""2s2.2p3.(4S*).4d""","=""3D*""","=""1""",3,3,,"=""T5803,LS""","=""""",
O,1,"=""700.192""","=""700.1922""","=""360""","=""2.65e+06""",B,"=""88630.587""","=""102908.443""","=""2s2.2p3.(4S*).3p""","=""3P""","=""1""","=""2s2.2p3.(4S*).4d""","=""3D*""","=""2""",3,5,,"=""T5803,LS""","=""L3760""",
O,1,"=""""","=""700.2173""","=""""","=""9.83e+04""",B,"=""88631.146""","=""102908.489""","=""2s2.2p3.(4S*).3p""","=""3P""","=""2""","=""2s2.2p3.(4S*).4d""","=""3D*""","=""1""",5,3,,"=""T5803,LS""","=""""",
O,1,"=""""","=""700.2196""","=""""","=""8.83e+05""",B,"=""88631.146""","=""102908.443""","=""2s2.2p3.(4S*).3p""","=""3P""","=""2""","=""2s2.2p3.(4S*).4d""","=""3D*""","=""2""",5,5,,"=""T5803,LS""","=""""",
O,1,"=""700.223""","=""700.2230""","=""450""","=""3.53e+06""",B,"=""88631.146""","=""102908.374""","=""2s2.2p3.(4S*).3p""","=""3P""","=""2""","=""2s2.2p3.(4S*).4d""","=""3D*""","=""3""",5,7,,"=""T5803,LS""","=""L3760""",
O,1,"=""""","=""700.2250""","=""""","=""1.96e+06""",B,"=""88631.303""","=""102908.489""","=""2s2.2p3.(4S*).3p""","=""3P""","=""0""","=""2s2.2p3.(4S*).4d""","=""3D*""","=""1""",1,3,,"=""T5803,LS""","=""""",
O,3,"=""""","=""701.632""","=""""","=""6.55e+06""",C+,"=""366488.45""","=""380737.00""","=""2s2.2p.(2P*).4p""","=""3D""","=""1""","=""2s2.2p.(2P*).4d""","=""3P*""","=""0""",3,1,,"=""T5376LS""","=""""",
O,1,"=""""","=""701.7300""","=""""","=""3.22e+04""",C,"=""99680.968""","=""113927.534""","=""2s2.2p3.(4S*).4p""","=""3P""","=""1""","=""2s2.2p3.(2P*).3s""","=""3P*""","=""0""",3,1,,"=""T5713LS""","=""""",
O,1,"=""""","=""702.0327""","=""""","=""8.05e+03""",C,"=""99680.968""","=""113921.391""","=""2s2.2p3.(4S*).4p""","=""3P""","=""1""","=""2s2.2p3.(2P*).3s""","=""3P*""","=""1""",3,3,,"=""T5713LS""","=""""",
O,1,"=""""","=""702.0367""","=""""","=""1.34e+04""",C,"=""99681.049""","=""113921.391""","=""2s2.2p3.(4S*).4p""","=""3P""","=""2""","=""2s2.2p3.(2P*).3s""","=""3P*""","=""1""",5,3,,"=""T5713LS""","=""""",
O,1,"=""""","=""702.0495""","=""""","=""1.07e+04""",C,"=""99681.309""","=""113921.391""","=""2s2.2p3.(4S*).4p""","=""3P""","=""0""","=""2s2.2p3.(2P*).3s""","=""3P*""","=""1""",1,3,,"=""T5713LS""","=""""",
O,1,"=""""","=""702.5475""","=""""","=""8.03e+03""",C,"=""99680.968""","=""113910.957""","=""2s2.2p3.(4S*).4p""","=""3P""","=""1""","=""2s2.2p3.(2P*).3s""","=""3P*""","=""2""",3,5,,"=""T5713LS""","=""""",
O,1,"=""""","=""702.5515""","=""""","=""2.41e+04""",C,"=""99681.049""","=""113910.957""","=""2s2.2p3.(4S*).4p""","=""3P""","=""2""","=""2s2.2p3.(2P*).3s""","=""3P*""","=""2""",5,5,,"=""T5713LS""","=""""",
O,3,"=""""","=""702.573""","=""""","=""1.63e+06""",C+,"=""366488.45""","=""380717.92""","=""2s2.2p.(2P*).4p""","=""3D""","=""1""","=""2s2.2p.(2P*).4d""","=""3P*""","=""1""",3,3,,"=""T5376LS""","=""""",
O,3,"=""""","=""703.137""","=""""","=""6.51e+04""",C+,"=""366488.45""","=""380706.51""","=""2s2.2p.(2P*).4p""","=""3D""","=""1""","=""2s2.2p.(2P*).4d""","=""3P*""","=""2""",3,5,,"=""T5376LS""","=""""",
O,3,"=""""","=""707.912""","=""""","=""4.78e+06""",C+,"=""366595.76""","=""380717.92""","=""2s2.2p.(2P*).4p""","=""3D""","=""2""","=""2s2.2p.(2P*).4d""","=""3P*""","=""1""",5,3,,"=""T5376LS""","=""""",
O,2,"=""708.3975""","=""708.3962""","=""11""","=""2.28e+06""",D,"=""234402.797""","=""248515.30""","=""2s2.2p2.(3P).3d""","=""2D""","=""3/2""","=""2s2.2p2.(3P).4p""","=""2P*""","=""3/2""",4,4,,"=""T5723LS""","=""L10621""",
O,3,"=""""","=""708.484""","=""""","=""9.54e+05""",C+,"=""366595.76""","=""380706.51""","=""2s2.2p.(2P*).4p""","=""3D""","=""2""","=""2s2.2p.(2P*).4d""","=""3P*""","=""2""",5,5,,"=""T5376LS""","=""""",
O,2,"=""711.0083""","=""711.0078""","=""16""","=""2.03e+07""",D,"=""234454.634""","=""248515.30""","=""2s2.2p2.(3P).3d""","=""2D""","=""5/2""","=""2s2.2p2.(3P).4p""","=""2P*""","=""3/2""",6,4,,"=""T5723LS""","=""L10621""",
O,2,"=""712.8885""","=""712.8865""","=""13""","=""2.24e+07""",D,"=""234402.797""","=""248426.41""","=""2s2.2p2.(3P).3d""","=""2D""","=""3/2""","=""2s2.2p2.(3P).4p""","=""2P*""","=""1/2""",4,2,,"=""T5723LS""","=""L10621""",
O,1,"=""715.670""","=""715.6701""","=""210""","=""5.05e+07""",B,"=""102662.026""","=""116631.094""","=""2s2.2p3.(2D*).3s""","=""1D*""","=""2""","=""2s2.2p3.(2D*).3p""","=""1D""","=""2""",5,5,,"=""T5713""","=""L3760""",
O,3,"=""""","=""719.025""","=""""","=""5.11e+06""",C+,"=""366802.62""","=""380706.51""","=""2s2.2p.(2P*).4p""","=""3D""","=""3""","=""2s2.2p.(2P*).4d""","=""3P*""","=""2""",7,5,,"=""T5376LS""","=""""",
O,2,"=""""","=""725.287""","=""""","=""3.31e+05""",D,"=""234402.797""","=""248186.64""","=""2s2.2p2.(3P).3d""","=""2D""","=""3/2""","=""2s2.2p2.(3P).4p""","=""2D*""","=""5/2""",4,6,,"=""T5723LS""","=""""",
O,1,"=""725.415""","=""725.4154""","=""400""","=""2.24e+06""",C+,"=""88630.587""","=""102411.995""","=""2s2.2p3.(4S*).3p""","=""3P""","=""1""","=""2s2.2p3.(4S*).5s""","=""3S*""","=""1""",3,3,,"=""T5713LS""","=""L3760""",
O,1,"=""725.445""","=""725.4448""","=""450""","=""3.73e+06""",C+,"=""88631.146""","=""102411.995""","=""2s2.2p3.(4S*).3p""","=""3P""","=""2""","=""2s2.2p3.(4S*).5s""","=""3S*""","=""1""",5,3,,"=""T5713LS""","=""L3760""",
O,1,"=""725.453""","=""725.4531""","=""320""","=""7.45e+05""",C+,"=""88631.303""","=""102411.995""","=""2s2.2p3.(4S*).3p""","=""3P""","=""0""","=""2s2.2p3.(4S*).5s""","=""3S*""","=""1""",1,3,,"=""T5713LS""","=""L3760""",
O,2,"=""728.0257""","=""728.0251""","=""11""","=""4.59e+06""",D,"=""234454.634""","=""248186.64""","=""2s2.2p2.(3P).3d""","=""2D""","=""5/2""","=""2s2.2p2.(3P).4p""","=""2D*""","=""5/2""",6,6,,"=""T5723LS""","=""L10621""",
O,3,"=""""","=""730.685""","=""""","=""1.87e+07""",C+,"=""356736.30""","=""370418.32""","=""2s2.2p.(2P*).4s""","=""3P*""","=""0""","=""2s2.2p.(2P*).4p""","=""3P""","=""1""",1,3,,"=""T5376LS""","=""""",
O,3,"=""""","=""730.712""","=""""","=""1.41e+07""",C+,"=""356844.98""","=""370526.49""","=""2s2.2p.(2P*).4s""","=""3P*""","=""1""","=""2s2.2p.(2P*).4p""","=""3P""","=""2""",3,5,,"=""T5376LS""","=""""",
O,2,"=""""","=""731.892""","=""""","=""5.19e-02""",B,"=""26810.55""","=""40470.00""","=""2s2.2p3""","=""2D*""","=""5/2""","=""2s2.2p3""","=""2P*""","=""1/2""",6,2,E2,"=""T5047,T4644""","=""L11267""",
O,2,"=""731.992""","=""731.999""","=""""","=""9.07e-02""",B,"=""26810.55""","=""40468.01""","=""2s2.2p3""","=""2D*""","=""5/2""","=""2s2.2p3""","=""2P*""","=""3/2""",6,4,E2,"=""T5047,T4644""","=""L3452""",
O,2,"=""""","=""731.999""","=""""","=""8.37e-03""",B,"=""26810.55""","=""40468.01""","=""2s2.2p3""","=""2D*""","=""5/2""","=""2s2.2p3""","=""2P*""","=""3/2""",6,4,M1,"=""T5047,T4644""","=""""",
O,2,"=""""","=""732.967""","=""""","=""9.32e-03""",B,"=""26830.57""","=""40470.00""","=""2s2.2p3""","=""2D*""","=""3/2""","=""2s2.2p3""","=""2P*""","=""1/2""",4,2,M1,"=""T5047,T4644""","=""""",
O,2,"=""733.019""","=""732.967""","=""*""","=""7.74e-02""",B,"=""26830.57""","=""40470.00""","=""2s2.2p3""","=""2D*""","=""3/2""","=""2s2.2p3""","=""2P*""","=""1/2""",4,2,E2,"=""T5047,T4644""","=""L3452""",
O,2,"=""733.019""","=""733.073""","=""*""","=""3.85e-02""",B,"=""26830.57""","=""40468.01""","=""2s2.2p3""","=""2D*""","=""3/2""","=""2s2.2p3""","=""2P*""","=""3/2""",4,4,E2,"=""T5047,T4644""","=""L3452""",
O,2,"=""""","=""733.073""","=""""","=""1.49e-02""",B,"=""26830.57""","=""40468.01""","=""2s2.2p3""","=""2D*""","=""3/2""","=""2s2.2p3""","=""2P*""","=""3/2""",4,4,M1,"=""T5047,T4644""","=""""",
O,2,"=""734.6895""","=""734.6901""","=""9""","=""4.30e+06""",D,"=""234402.797""","=""248010.23""","=""2s2.2p2.(3P).3d""","=""2D""","=""3/2""","=""2s2.2p2.(3P).4p""","=""2D*""","=""3/2""",4,4,,"=""T5723LS""","=""L10621""",
O,3,"=""""","=""736.535""","=""""","=""1.37e+07""",C+,"=""356844.98""","=""370418.32""","=""2s2.2p.(2P*).4s""","=""3P*""","=""1""","=""2s2.2p.(2P*).4p""","=""3P""","=""1""",3,3,,"=""T5376LS""","=""""",
O,2,"=""737.4986""","=""737.4996""","=""3""","=""4.73e+05""",D,"=""234454.634""","=""248010.23""","=""2s2.2p2.(3P).3d""","=""2D""","=""5/2""","=""2s2.2p2.(3P).4p""","=""2D*""","=""3/2""",6,4,,"=""T5723LS""","=""L10621""",
O,3,"=""""","=""741.009""","=""""","=""6.69e+05""",C+,"=""380706.51""","=""394197.9""","=""2s2.2p.(2P*).4d""","=""3P*""","=""2""","=""2s.2p2.(2D).3s""","=""3D""","=""3""",5,7,,"=""T5376LS""","=""""",
O,3,"=""""","=""741.404""","=""""","=""5.38e+07""",C+,"=""356844.98""","=""370329.18""","=""2s2.2p.(2P*).4s""","=""3P*""","=""1""","=""2s2.2p.(2P*).4p""","=""3P""","=""0""",3,1,,"=""T5376LS""","=""""",
O,3,"=""""","=""744.907""","=""""","=""1.65e+05""",C+,"=""380706.51""","=""394127.3""","=""2s2.2p.(2P*).4d""","=""3P*""","=""2""","=""2s.2p2.(2D).3s""","=""3D""","=""2""",5,5,,"=""T5376LS""","=""""",
O,3,"=""""","=""745.536""","=""""","=""3.97e+07""",C+,"=""357117.01""","=""370526.49""","=""2s2.2p.(2P*).4s""","=""3P*""","=""2""","=""2s2.2p.(2P*).4p""","=""3P""","=""2""",5,5,,"=""T5376LS""","=""""",
O,3,"=""""","=""745.541""","=""""","=""4.92e+05""",C+,"=""380717.92""","=""394127.3""","=""2s2.2p.(2P*).4d""","=""3P*""","=""1""","=""2s.2p2.(2D).3s""","=""3D""","=""2""",3,5,,"=""T5376LS""","=""""",
O,3,"=""""","=""747.576""","=""""","=""1.81e+04""",C,"=""380706.51""","=""394079.4""","=""2s2.2p.(2P*).4d""","=""3P*""","=""2""","=""2s.2p2.(2D).3s""","=""3D""","=""1""",5,3,,"=""T5376LS""","=""""",
O,3,"=""""","=""748.214""","=""""","=""2.71e+05""",C+,"=""380717.92""","=""394079.4""","=""2s2.2p.(2P*).4d""","=""3P*""","=""1""","=""2s.2p2.(2D).3s""","=""3D""","=""1""",3,3,,"=""T5376LS""","=""""",
O,3,"=""""","=""749.284""","=""""","=""3.59e+05""",C+,"=""380737.00""","=""394079.4""","=""2s2.2p.(2P*).4d""","=""3P*""","=""0""","=""2s.2p2.(2D).3s""","=""3D""","=""1""",1,3,,"=""T5376LS""","=""""",
O,3,"=""""","=""751.599""","=""""","=""2.15e+07""",C+,"=""357117.01""","=""370418.32""","=""2s2.2p.(2P*).4s""","=""3P*""","=""2""","=""2s2.2p.(2P*).4p""","=""3P""","=""1""",5,3,,"=""T5376LS""","=""""",
O,2,"=""752.7011""","=""752.7065""","=""4""","=""6.91e+05""",D,"=""232747.562""","=""246029.295""","=""2s2.2p2.(3P).3d""","=""4D""","=""5/2""","=""2s2.2p2.(3P).4p""","=""4D*""","=""7/2""",6,8,,"=""T5723LS""","=""L10621""",
O,2,"=""753.0620""","=""753.0611""","=""10""","=""4.15e+06""",D,"=""232753.816""","=""246029.295""","=""2s2.2p2.(3P).3d""","=""4D""","=""7/2""","=""2s2.2p2.(3P).4p""","=""4D*""","=""7/2""",8,8,,"=""T5723LS""","=""L10621""",
O,3,"=""""","=""755.142""","=""""","=""1.48e+06""",C+,"=""350024.49""","=""363263.38""","=""2s.2p2.(4P).3s""","=""3P""","=""0""","=""2s.2p2.(4P).3p""","=""3S*""","=""1""",1,3,,"=""T5376LS""","=""""",
O,2,"=""759.8254""","=""759.8285""","=""4""","=""1.10e+06""",D,"=""232745.981""","=""245903.224""","=""2s2.2p2.(3P).3d""","=""4D""","=""3/2""","=""2s2.2p2.(3P).4p""","=""4D*""","=""5/2""",4,6,,"=""T5723LS""","=""L10621""",
O,2,"=""759.9215""","=""759.9198""","=""4""","=""2.70e+06""",D,"=""232747.562""","=""245903.224""","=""2s2.2p2.(3P).3d""","=""4D""","=""5/2""","=""2s2.2p2.(3P).4p""","=""4D*""","=""5/2""",6,6,,"=""T5723LS""","=""L10621""",
O,2,"=""760.2810""","=""760.2812""","=""5""","=""8.94e+05""",D,"=""232753.816""","=""245903.224""","=""2s2.2p2.(3P).3d""","=""4D""","=""7/2""","=""2s2.2p2.(3P).4p""","=""4D*""","=""5/2""",8,6,,"=""T5723LS""","=""L10621""",
O,3,"=""""","=""760.888""","=""""","=""4.35e+06""",C+,"=""350124.45""","=""363263.38""","=""2s.2p2.(4P).3s""","=""3P""","=""1""","=""2s.2p2.(4P).3p""","=""3S*""","=""1""",3,3,,"=""T5376LS""","=""""",
O,2,"=""762.8468""","=""762.8542""","=""4""","=""1.16e+06""",D,"=""232711.642""","=""245816.70""","=""2s2.2p2.(3P).3d""","=""4D""","=""1/2""","=""2s2.2p2.(3P).4p""","=""4D*""","=""3/2""",2,4,,"=""T5723LS""","=""L10621""",
O,2,"=""764.8605""","=""764.8583""","=""4""","=""1.85e+06""",D,"=""232745.981""","=""245816.70""","=""2s2.2p2.(3P).3d""","=""4D""","=""3/2""","=""2s2.2p2.(3P).4p""","=""4D*""","=""3/2""",4,4,,"=""T5723LS""","=""L10621""",
O,2,"=""764.9557""","=""764.9508""","=""4""","=""1.62e+06""",D,"=""232747.562""","=""245816.70""","=""2s2.2p2.(3P).3d""","=""4D""","=""5/2""","=""2s2.2p2.(3P).4p""","=""4D*""","=""3/2""",6,4,,"=""T5723LS""","=""L10621""",
O,2,"=""""","=""765.6779""","=""""","=""2.30e+06""",D,"=""232711.642""","=""245768.37""","=""2s2.2p2.(3P).3d""","=""4D""","=""1/2""","=""2s2.2p2.(3P).4p""","=""4D*""","=""1/2""",2,2,,"=""T5723LS""","=""L11267""",
O,2,"=""767.6944""","=""767.6970""","=""4""","=""2.29e+06""",D,"=""232745.981""","=""245768.37""","=""2s2.2p2.(3P).3d""","=""4D""","=""3/2""","=""2s2.2p2.(3P).4p""","=""4D*""","=""1/2""",4,2,,"=""T5723LS""","=""L10621""",
O,3,"=""""","=""771.095""","=""""","=""6.96e+06""",C+,"=""350298.38""","=""363263.38""","=""2s.2p2.(4P).3s""","=""3P""","=""2""","=""2s.2p2.(4P).3p""","=""3S*""","=""1""",5,3,,"=""T5376LS""","=""""",
O,1,"=""777.194""","=""777.1944""","=""870""","=""3.69e+07""",A,"=""73768.200""","=""86631.454""","=""2s2.2p3.(4S*).3s""","=""5S*""","=""2""","=""2s2.2p3.(4S*).3p""","=""5P""","=""3""",5,7,,"=""T5803,LS""","=""L3760""",
O,1,"=""777.417""","=""777.4166""","=""810""","=""3.69e+07""",A,"=""73768.200""","=""86627.778""","=""2s2.2p3.(4S*).3s""","=""5S*""","=""2""","=""2s2.2p3.(4S*).3p""","=""5P""","=""2""",5,5,,"=""T5803,LS""","=""L3760""",
O,1,"=""777.539""","=""777.5388""","=""750""","=""3.69e+07""",A,"=""73768.200""","=""86625.757""","=""2s2.2p3.(4S*).3s""","=""5S*""","=""2""","=""2s2.2p3.(4S*).3p""","=""5P""","=""1""",5,3,,"=""T5803,LS""","=""L3760""",
O,3,"=""""","=""780.756""","=""""","=""2.30e+06""",C+,"=""366488.45""","=""379293.03""","=""2s2.2p.(2P*).4p""","=""3D""","=""1""","=""2s2.2p.(2P*).4d""","=""3D*""","=""2""",3,5,,"=""T5376LS""","=""""",
O,3,"=""""","=""782.068""","=""""","=""3.10e+07""",C+,"=""367953.90""","=""380737.00""","=""2s2.2p.(2P*).4p""","=""3S""","=""1""","=""2s2.2p.(2P*).4d""","=""3P*""","=""0""",3,1,,"=""T5376LS""","=""""",
O,3,"=""""","=""783.237""","=""""","=""3.09e+07""",C+,"=""367953.90""","=""380717.92""","=""2s2.2p.(2P*).4p""","=""3S""","=""1""","=""2s2.2p.(2P*).4d""","=""3P*""","=""1""",3,3,,"=""T5376LS""","=""""",
O,3,"=""""","=""783.423""","=""""","=""1.69e+06""",C+,"=""366595.76""","=""379356.75""","=""2s2.2p.(2P*).4p""","=""3D""","=""2""","=""2s2.2p.(2P*).4d""","=""3D*""","=""3""",5,7,,"=""T5376LS""","=""""",
O,3,"=""""","=""783.938""","=""""","=""3.08e+07""",C+,"=""367953.90""","=""380706.51""","=""2s2.2p.(2P*).4p""","=""3S""","=""1""","=""2s2.2p.(2P*).4d""","=""3P*""","=""2""",3,5,,"=""T5376LS""","=""""",
O,3,"=""""","=""784.794""","=""""","=""1.13e+07""",C+,"=""366488.45""","=""379227.15""","=""2s2.2p.(2P*).4p""","=""3D""","=""1""","=""2s2.2p.(2P*).4d""","=""3D*""","=""1""",3,3,,"=""T5376LS""","=""""",
O,3,"=""""","=""787.354""","=""""","=""1.04e+07""",C+,"=""366595.76""","=""379293.03""","=""2s2.2p.(2P*).4p""","=""3D""","=""2""","=""2s2.2p.(2P*).4d""","=""3D*""","=""2""",5,5,,"=""T5376LS""","=""""",
O,2,"=""789.4609""","=""789.4614""","=""5""","=""5.88e+05""",C,"=""240330.01""","=""252993.39""","=""2s2.2p2.(3P).4s""","=""2P""","=""1/2""","=""2s2.2p2.(1S).3p""","=""2P*""","=""3/2""",2,4,,"=""T5723LS""","=""L10621""",
O,2,"=""789.8452""","=""789.8456""","=""6""","=""2.35e+06""",C,"=""240330.01""","=""252987.23""","=""2s2.2p2.(3P).4s""","=""2P""","=""1/2""","=""2s2.2p2.(1S).3p""","=""2P*""","=""1/2""",2,2,,"=""T5723LS""","=""L10621""",
O,3,"=""""","=""791.461""","=""""","=""3.68e+06""",C+,"=""366595.76""","=""379227.15""","=""2s2.2p.(2P*).4p""","=""3D""","=""2""","=""2s2.2p.(2P*).4d""","=""3D*""","=""1""",5,3,,"=""T5376LS""","=""""",
O,3,"=""""","=""796.332""","=""""","=""1.28e+07""",C+,"=""366802.62""","=""379356.75""","=""2s2.2p.(2P*).4p""","=""3D""","=""3""","=""2s2.2p.(2P*).4d""","=""3D*""","=""3""",7,7,,"=""T5376LS""","=""""",
O,1,"=""798.194""","=""798.1942""","=""110""","=""2.33e+04""",C,"=""88630.587""","=""101155.422""","=""2s2.2p3.(4S*).3p""","=""3P""","=""1""","=""2s2.2p3.(2D*).3s""","=""3D*""","=""1""",3,3,,"=""T5803,LS""","=""L3760""",
O,1,"=""""","=""798.2298""","=""""","=""1.80e+03""",C,"=""88631.146""","=""101155.422""","=""2s2.2p3.(4S*).3p""","=""3P""","=""2""","=""2s2.2p3.(2D*).3s""","=""3D*""","=""1""",5,3,,"=""T5803,LS""","=""""",
O,1,"=""798.240""","=""798.2398""","=""135""","=""3.09e+04""",C,"=""88631.303""","=""101155.422""","=""2s2.2p3.(4S*).3p""","=""3P""","=""0""","=""2s2.2p3.(2D*).3s""","=""3D*""","=""1""",1,3,,"=""T5803,LS""","=""L3760""",
O,1,"=""798.698""","=""798.6977""","=""190""","=""4.19e+04""",C,"=""88630.587""","=""101147.526""","=""2s2.2p3.(4S*).3p""","=""3P""","=""1""","=""2s2.2p3.(2D*).3s""","=""3D*""","=""2""",3,5,,"=""T5803,LS""","=""L3760""",
O,1,"=""798.733""","=""798.7334""","=""135""","=""1.41e+04""",C,"=""88631.146""","=""101147.526""","=""2s2.2p3.(4S*).3p""","=""3P""","=""2""","=""2s2.2p3.(2D*).3s""","=""3D*""","=""2""",5,5,,"=""T5803,LS""","=""L3760""",
O,1,"=""799.507""","=""799.5075""","=""250""","=""5.63e+04""",C,"=""88631.146""","=""101135.407""","=""2s2.2p3.(4S*).3p""","=""3P""","=""2""","=""2s2.2p3.(2D*).3s""","=""3D*""","=""3""",5,7,,"=""T5803,LS""","=""L3760""",
O,3,"=""""","=""800.394""","=""""","=""2.22e+06""",C+,"=""366802.62""","=""379293.03""","=""2s2.2p.(2P*).4p""","=""3D""","=""3""","=""2s2.2p.(2P*).4d""","=""3D*""","=""2""",7,5,,"=""T5376LS""","=""""",
O,2,"=""801.3157""","=""801.3160""","=""8""","=""2.81e+06""",C,"=""240517.35""","=""252993.39""","=""2s2.2p2.(3P).4s""","=""2P""","=""3/2""","=""2s2.2p2.(1S).3p""","=""2P*""","=""3/2""",4,4,,"=""T5723LS""","=""L10621""",
O,2,"=""""","=""801.712""","=""""","=""1.12e+06""",C,"=""240517.35""","=""252987.23""","=""2s2.2p2.(3P).4s""","=""2P""","=""3/2""","=""2s2.2p2.(1S).3p""","=""2P*""","=""1/2""",4,2,,"=""T5723LS""","=""""",
O,3,"=""""","=""817.215""","=""""","=""4.25e+07""",B,"=""358668.90""","=""370902.22""","=""2s2.2p.(2P*).4s""","=""1P*""","=""1""","=""2s2.2p.(2P*).4p""","=""1D""","=""2""",3,5,,"=""T5376""","=""""",
O,1,"=""""","=""822.1798""","=""""","=""5.08e+06""",C+,"=""101135.407""","=""113294.854""","=""2s2.2p3.(2D*).3s""","=""3D*""","=""3""","=""2s2.2p3.(2D*).3p""","=""3D""","=""2""",7,5,,"=""T5713LS""","=""""",
O,1,"=""822.182""","=""822.1824""","=""400""","=""2.89e+07""",C+,"=""101135.407""","=""113294.816""","=""2s2.2p3.(2D*).3s""","=""3D*""","=""3""","=""2s2.2p3.(2D*).3p""","=""3D""","=""3""",7,7,,"=""T5713LS""","=""L3760""",
O,1,"=""822.765""","=""822.7653""","=""265""","=""8.13e+06""",C+,"=""101147.526""","=""113298.320""","=""2s2.2p3.(2D*).3s""","=""3D*""","=""2""","=""2s2.2p3.(2D*).3p""","=""3D""","=""1""",5,3,,"=""T5713LS""","=""L3760""",
O,2,"=""""","=""822.927""","=""""","=""7.79e+05""",C,"=""245816.70""","=""257965.11""","=""2s2.2p2.(3P).4p""","=""4D*""","=""3/2""","=""2s2.2p2.(3P).5s""","=""4P""","=""5/2""",4,6,,"=""T5723LS""","=""""",
O,1,"=""""","=""823.0001""","=""""","=""2.26e+07""",C+,"=""101147.526""","=""113294.854""","=""2s2.2p3.(2D*).3s""","=""3D*""","=""2""","=""2s2.2p3.(2D*).3p""","=""3D""","=""2""",5,5,,"=""T5713LS""","=""""",
O,1,"=""823.002""","=""823.0026""","=""265""","=""3.62e+06""",C+,"=""101147.526""","=""113294.816""","=""2s2.2p3.(2D*).3s""","=""3D*""","=""2""","=""2s2.2p3.(2D*).3p""","=""3D""","=""3""",5,7,,"=""T5713LS""","=""L3760""",
O,1,"=""823.300""","=""823.3003""","=""325""","=""2.43e+07""",C+,"=""101155.422""","=""113298.320""","=""2s2.2p3.(2D*).3s""","=""3D*""","=""1""","=""2s2.2p3.(2D*).3p""","=""3D""","=""1""",3,3,,"=""T5713LS""","=""L3760""",
O,1,"=""823.535""","=""823.5354""","=""120""","=""4.86e+06""",C+,"=""101155.422""","=""113294.854""","=""2s2.2p3.(2D*).3s""","=""3D*""","=""1""","=""2s2.2p3.(2D*).3p""","=""3D""","=""2""",3,5,,"=""T5713LS""","=""L3760""",
O,2,"=""""","=""828.830""","=""""","=""6.86e+06""",C,"=""245903.224""","=""257965.11""","=""2s2.2p2.(3P).4p""","=""4D*""","=""5/2""","=""2s2.2p2.(3P).5s""","=""4P""","=""5/2""",6,6,,"=""T5723LS""","=""""",
O,2,"=""""","=""830.919""","=""""","=""1.89e+06""",C,"=""245768.37""","=""257799.93""","=""2s2.2p2.(3P).4p""","=""4D*""","=""1/2""","=""2s2.2p2.(3P).5s""","=""4P""","=""3/2""",2,4,,"=""T5723LS""","=""""",
O,2,"=""""","=""834.270""","=""""","=""1.20e+07""",C,"=""245816.70""","=""257799.93""","=""2s2.2p2.(3P).4p""","=""4D*""","=""3/2""","=""2s2.2p2.(3P).5s""","=""4P""","=""3/2""",4,4,,"=""T5723LS""","=""""",
O,3,"=""""","=""835.886""","=""""","=""3.93e+07""",B,"=""365726.76""","=""377686.83""","=""2s2.2p.(2P*).4p""","=""1P""","=""1""","=""2s2.2p.(2P*).4d""","=""1D*""","=""2""",3,5,,"=""T5376""","=""""",
O,3,"=""""","=""836.821""","=""""","=""5.21e+04""",D,"=""366488.45""","=""378435.16""","=""2s2.2p.(2P*).4p""","=""3D""","=""1""","=""2s.2p2.(4P).3p""","=""3P*""","=""0""",3,1,,"=""T5376LS""","=""""",
O,2,"=""837.5841""","=""837.5844""","=""8""","=""2.96e+07""",C,"=""246029.295""","=""257965.11""","=""2s2.2p2.(3P).4p""","=""4D*""","=""7/2""","=""2s2.2p2.(3P).5s""","=""4P""","=""5/2""",8,6,,"=""T5723LS""","=""L10621""",
O,3,"=""""","=""838.036""","=""""","=""1.30e+04""",D,"=""366488.45""","=""378417.84""","=""2s2.2p.(2P*).4p""","=""3D""","=""1""","=""2s.2p2.(4P).3p""","=""3P*""","=""1""",3,3,,"=""T5376LS""","=""""",
O,2,"=""""","=""838.177""","=""""","=""1.84e+07""",C,"=""245768.37""","=""257695.74""","=""2s2.2p2.(3P).4p""","=""4D*""","=""1/2""","=""2s2.2p2.(3P).5s""","=""4P""","=""1/2""",2,2,,"=""T5723LS""","=""""",
O,3,"=""""","=""838.891""","=""""","=""5.17e+02""",D,"=""366488.45""","=""378405.68""","=""2s2.2p.(2P*).4p""","=""3D""","=""1""","=""2s.2p2.(4P).3p""","=""3P*""","=""2""",3,5,,"=""T5376LS""","=""""",
O,2,"=""840.3370""","=""840.3379""","=""7""","=""2.30e+07""",C,"=""245903.224""","=""257799.93""","=""2s2.2p2.(3P).4p""","=""4D*""","=""5/2""","=""2s2.2p2.(3P).5s""","=""4P""","=""3/2""",6,4,,"=""T5723LS""","=""L10621""",
O,2,"=""""","=""841.588""","=""""","=""1.82e+07""",C,"=""245816.70""","=""257695.74""","=""2s2.2p2.(3P).4p""","=""4D*""","=""3/2""","=""2s2.2p2.(3P).5s""","=""4P""","=""1/2""",4,2,,"=""T5723LS""","=""""",
O,1,"=""844.625""","=""844.6247""","=""810""","=""3.22e+07""",B,"=""76794.978""","=""88631.303""","=""2s2.2p3.(4S*).3s""","=""3S*""","=""1""","=""2s2.2p3.(4S*).3p""","=""3P""","=""0""",3,1,,"=""T5803,LS""","=""L3760""",
O,1,"=""844.636""","=""844.6359""","=""1000""","=""3.22e+07""",B,"=""76794.978""","=""88631.146""","=""2s2.2p3.(4S*).3s""","=""3S*""","=""1""","=""2s2.2p3.(4S*).3p""","=""3P""","=""2""",3,5,,"=""T5803,LS""","=""L3760""",
O,1,"=""844.676""","=""844.6758""","=""935""","=""3.22e+07""",B,"=""76794.978""","=""88630.587""","=""2s2.2p3.(4S*).3s""","=""3S*""","=""1""","=""2s2.2p3.(4S*).3p""","=""3P""","=""1""",3,3,,"=""T5803,LS""","=""L3760""",
O,3,"=""""","=""845.642""","=""""","=""3.78e+04""",C,"=""366595.76""","=""378417.84""","=""2s2.2p.(2P*).4p""","=""3D""","=""2""","=""2s.2p2.(4P).3p""","=""3P*""","=""1""",5,3,,"=""T5376LS""","=""""",
O,3,"=""""","=""846.513""","=""""","=""7.54e+03""",D,"=""366595.76""","=""378405.68""","=""2s2.2p.(2P*).4p""","=""3D""","=""2""","=""2s.2p2.(4P).3p""","=""3P*""","=""2""",5,5,,"=""T5376LS""","=""""",
O,3,"=""""","=""861.605""","=""""","=""4.01e+04""",C,"=""366802.62""","=""378405.68""","=""2s2.2p.(2P*).4p""","=""3D""","=""3""","=""2s.2p2.(4P).3p""","=""3P*""","=""2""",7,5,,"=""T5376LS""","=""""",
O,1,"=""882.043""","=""882.0423""","=""325""","=""2.93e+07""",B,"=""102662.026""","=""113996.239""","=""2s2.2p3.(2D*).3s""","=""1D*""","=""2""","=""2s2.2p3.(2D*).3p""","=""1F""","=""3""",5,7,,"=""T5713""","=""L3760""",
O,2,"=""""","=""886.451""","=""""","=""7.58e+05""",C,"=""248010.23""","=""259288.07""","=""2s2.2p2.(3P).4p""","=""2D*""","=""3/2""","=""2s2.2p2.(1D).4s""","=""2D""","=""3/2""",4,4,,"=""T5723LS""","=""""",
O,2,"=""""","=""886.487""","=""""","=""5.62e+04""",C,"=""248010.23""","=""259287.61""","=""2s2.2p2.(3P).4p""","=""2D*""","=""3/2""","=""2s2.2p2.(1D).4s""","=""2D""","=""5/2""",4,6,,"=""T5723LS""","=""""",
O,3,"=""""","=""891.212""","=""""","=""3.16e+06""",C+,"=""356736.30""","=""367953.90""","=""2s2.2p.(2P*).4s""","=""3P*""","=""0""","=""2s2.2p.(2P*).4p""","=""3S""","=""1""",1,3,,"=""T5376LS""","=""""",
O,3,"=""""","=""899.930""","=""""","=""9.19e+06""",C+,"=""356844.98""","=""367953.90""","=""2s2.2p.(2P*).4s""","=""3P*""","=""1""","=""2s2.2p.(2P*).4p""","=""3S""","=""1""",3,3,,"=""T5376LS""","=""""",
O,2,"=""""","=""900.538""","=""""","=""8.03e+04""",C,"=""248186.64""","=""259288.07""","=""2s2.2p2.(3P).4p""","=""2D*""","=""5/2""","=""2s2.2p2.(1D).4s""","=""2D""","=""3/2""",6,4,,"=""T5723LS""","=""""",
O,2,"=""""","=""900.575""","=""""","=""7.50e+05""",C,"=""248186.64""","=""259287.61""","=""2s2.2p2.(3P).4p""","=""2D*""","=""5/2""","=""2s2.2p2.(1D).4s""","=""2D""","=""5/2""",6,6,,"=""T5723LS""","=""""",
O,3,"=""""","=""907.659""","=""""","=""5.47e+06""",C+,"=""439290.6""","=""450304.93""","=""2s.2p2.(4P).4p""","=""5P*""","=""1""","=""2s.2p2.(4P).4d""","=""5P""","=""1""",3,3,,"=""T5376LS""","=""""",
O,3,"=""""","=""911.614""","=""""","=""3.64e+07""",C+,"=""366595.76""","=""377562.31""","=""2s2.2p.(2P*).4p""","=""3D""","=""2""","=""2s2.2p.(2P*).4d""","=""3F*""","=""3""",5,7,,"=""T5376LS""","=""""",
O,3,"=""""","=""911.940""","=""""","=""1.62e+07""",C+,"=""439342.3""","=""450304.93""","=""2s.2p2.(4P).4p""","=""5P*""","=""2""","=""2s.2p2.(4P).4d""","=""5P""","=""1""",5,3,,"=""T5376LS""","=""""",
O,3,"=""""","=""912.138""","=""""","=""9.69e+06""",C+,"=""439290.6""","=""450250.84""","=""2s.2p2.(4P).4p""","=""5P*""","=""1""","=""2s.2p2.(4P).4d""","=""5P""","=""2""",3,5,,"=""T5376LS""","=""""",
O,3,"=""""","=""913.329""","=""""","=""4.08e+07""",C+,"=""366802.62""","=""377748.57""","=""2s2.2p.(2P*).4p""","=""3D""","=""3""","=""2s2.2p.(2P*).4d""","=""3F*""","=""4""",7,9,,"=""T5376LS""","=""""",
O,3,"=""""","=""916.461""","=""""","=""1.77e+06""",C+,"=""439342.3""","=""450250.84""","=""2s.2p2.(4P).4p""","=""5P*""","=""2""","=""2s.2p2.(4P).4d""","=""5P""","=""2""",5,5,,"=""T5376LS""","=""""",
O,3,"=""""","=""917.421""","=""""","=""3.38e+07""",C+,"=""366488.45""","=""377385.58""","=""2s2.2p.(2P*).4p""","=""3D""","=""1""","=""2s2.2p.(2P*).4d""","=""3F*""","=""2""",3,5,,"=""T5376LS""","=""""",
O,2,"=""""","=""920.417""","=""""","=""1.77e+05""",D,"=""248426.41""","=""259288.07""","=""2s2.2p2.(3P).4p""","=""2P*""","=""1/2""","=""2s2.2p2.(1D).4s""","=""2D""","=""3/2""",2,4,,"=""T5723LS""","=""""",
O,1,"=""""","=""920.4933""","=""""","=""1.66e+03""",C,"=""86627.778""","=""97488.538""","=""2s2.2p3.(4S*).3p""","=""5P""","=""2""","=""2s2.2p3.(4S*).3d""","=""3D*""","=""3""",5,7,,"=""T5803""","=""""",
O,3,"=""""","=""922.134""","=""""","=""1.25e+07""",C+,"=""428500.87""","=""439342.3""","=""2s.2p2.(4P).4s""","=""5P""","=""1""","=""2s.2p2.(4P).4p""","=""5P*""","=""2""",3,5,,"=""T5376LS""","=""""",
O,3,"=""""","=""922.521""","=""""","=""1.42e+07""",C+,"=""357117.01""","=""367953.90""","=""2s2.2p.(2P*).4s""","=""3P*""","=""2""","=""2s2.2p.(2P*).4p""","=""3S""","=""1""",5,3,,"=""T5376LS""","=""""",
O,3,"=""""","=""922.647""","=""""","=""6.94e+06""",C+,"=""439342.3""","=""450177.71""","=""2s.2p2.(4P).4p""","=""5P*""","=""2""","=""2s.2p2.(4P).4d""","=""5P""","=""3""",5,7,,"=""T5376LS""","=""""",
O,3,"=""""","=""924.508""","=""""","=""9.16e+06""",C+,"=""428627.20""","=""439440.8""","=""2s.2p2.(4P).4s""","=""5P""","=""2""","=""2s.2p2.(4P).4p""","=""5P*""","=""3""",5,7,,"=""T5376LS""","=""""",
O,3,"=""""","=""924.812""","=""""","=""9.65e+06""",C+,"=""439440.8""","=""450250.84""","=""2s.2p2.(4P).4p""","=""5P*""","=""3""","=""2s.2p2.(4P).4d""","=""5P""","=""2""",7,5,,"=""T5376LS""","=""""",
O,1,"=""926.081""","=""926.0806""","=""450""","=""4.46e+07""",A,"=""86625.757""","=""97420.991""","=""2s2.2p3.(4S*).3p""","=""5P""","=""1""","=""2s2.2p3.(4S*).3d""","=""5D*""","=""0""",3,1,,"=""T5803,LS""","=""L3760""",
O,1,"=""926.084""","=""926.0848""","=""490""","=""3.34e+07""",A,"=""86625.757""","=""97420.942""","=""2s2.2p3.(4S*).3p""","=""5P""","=""1""","=""2s2.2p3.(4S*).3d""","=""5D*""","=""1""",3,3,,"=""T5803,LS""","=""L3760""",
O,1,"=""926.094""","=""926.0936""","=""450""","=""1.56e+07""",A,"=""86625.757""","=""97420.839""","=""2s2.2p3.(4S*).3p""","=""5P""","=""1""","=""2s2.2p3.(4S*).3d""","=""5D*""","=""2""",3,5,,"=""T5803,LS""","=""L3760""",
O,1,"=""926.258""","=""926.2582""","=""400""","=""1.11e+07""",A,"=""86627.778""","=""97420.942""","=""2s2.2p3.(4S*).3p""","=""5P""","=""2""","=""2s2.2p3.(4S*).3d""","=""5D*""","=""1""",5,3,,"=""T5803,LS""","=""L3760""",
O,1,"=""926.267""","=""926.2670""","=""540""","=""2.60e+07""",A,"=""86627.778""","=""97420.839""","=""2s2.2p3.(4S*).3p""","=""5P""","=""2""","=""2s2.2p3.(4S*).3d""","=""5D*""","=""2""",5,5,,"=""T5803,LS""","=""L3760""",
O,1,"=""926.277""","=""926.2776""","=""590""","=""2.97e+07""",A,"=""86627.778""","=""97420.716""","=""2s2.2p3.(4S*).3p""","=""5P""","=""2""","=""2s2.2p3.(4S*).3d""","=""5D*""","=""3""",5,7,,"=""T5803,LS""","=""L3760""",
O,3,"=""""","=""926.545""","=""""","=""6.09e+06""",C+,"=""366595.76""","=""377385.58""","=""2s2.2p.(2P*).4p""","=""3D""","=""2""","=""2s2.2p.(2P*).4d""","=""3F*""","=""2""",5,5,,"=""T5376LS""","=""""",
O,3,"=""""","=""926.553""","=""""","=""6.82e+06""",C+,"=""428500.87""","=""439290.6""","=""2s.2p2.(4P).4s""","=""5P""","=""1""","=""2s.2p2.(4P).4p""","=""5P*""","=""1""",3,3,,"=""T5376LS""","=""""",
O,1,"=""""","=""926.5826""","=""""","=""2.97e+06""",A,"=""86631.454""","=""97420.839""","=""2s2.2p3.(4S*).3p""","=""5P""","=""3""","=""2s2.2p3.(4S*).3d""","=""5D*""","=""2""",7,5,,"=""T5803,LS""","=""""",
O,1,"=""926.594""","=""926.5932""","=""490""","=""1.48e+07""",A,"=""86631.454""","=""97420.716""","=""2s2.2p3.(4S*).3p""","=""5P""","=""3""","=""2s2.2p3.(4S*).3d""","=""5D*""","=""3""",7,7,,"=""T5803,LS""","=""L3760""",
O,1,"=""926.601""","=""926.6006""","=""640""","=""4.45e+07""",A,"=""86631.454""","=""97420.630""","=""2s2.2p3.(4S*).3p""","=""5P""","=""3""","=""2s2.2p3.(4S*).3d""","=""5D*""","=""4""",7,9,,"=""T5803,LS""","=""L3760""",
O,2,"=""""","=""928.012""","=""""","=""3.46e+04""",D,"=""248515.30""","=""259288.07""","=""2s2.2p2.(3P).4p""","=""2P*""","=""3/2""","=""2s2.2p2.(1D).4s""","=""2D""","=""3/2""",4,4,,"=""T5723LS""","=""""",
O,2,"=""""","=""928.051""","=""""","=""2.07e+05""",D,"=""248515.30""","=""259287.61""","=""2s2.2p2.(3P).4p""","=""2P*""","=""3/2""","=""2s2.2p2.(1D).4s""","=""2D""","=""5/2""",4,6,,"=""T5723LS""","=""""",
O,3,"=""""","=""929.140""","=""""","=""4.32e+06""",C+,"=""366802.62""","=""377562.31""","=""2s2.2p.(2P*).4p""","=""3D""","=""3""","=""2s2.2p.(2P*).4d""","=""3F*""","=""3""",7,7,,"=""T5376LS""","=""""",
O,3,"=""""","=""931.111""","=""""","=""1.35e+07""",C+,"=""439440.8""","=""450177.71""","=""2s.2p2.(4P).4p""","=""5P*""","=""3""","=""2s.2p2.(4P).4d""","=""5P""","=""3""",7,7,,"=""T5376LS""","=""""",
O,3,"=""""","=""933.006""","=""""","=""2.23e+06""",C+,"=""428627.20""","=""439342.3""","=""2s.2p2.(4P).4s""","=""5P""","=""2""","=""2s.2p2.(4P).4p""","=""5P*""","=""2""",5,5,,"=""T5376LS""","=""""",
O,3,"=""""","=""937.530""","=""""","=""1.98e+07""",C+,"=""428627.20""","=""439290.6""","=""2s.2p2.(4P).4s""","=""5P""","=""2""","=""2s.2p2.(4P).4p""","=""5P*""","=""1""",5,3,,"=""T5376LS""","=""""",
O,3,"=""""","=""938.806""","=""""","=""1.75e+07""",C+,"=""428791.89""","=""439440.8""","=""2s.2p2.(4P).4s""","=""5P""","=""3""","=""2s.2p2.(4P).4p""","=""5P*""","=""3""",7,7,,"=""T5376LS""","=""""",
O,2,"=""""","=""938.908""","=""""","=""2.58e+06""",D,"=""251222.19""","=""261869.94""","=""2s2.2p2.(1D).3d""","=""2F""","=""7/2""","=""2s2.2p2.(3P).5p""","=""2D*""","=""5/2""",8,6,,"=""T5723LS""","=""""",
O,2,"=""""","=""939.137""","=""""","=""2.86e+05""",D,"=""251224.79""","=""261869.94""","=""2s2.2p2.(1D).3d""","=""2F""","=""5/2""","=""2s2.2p2.(3P).5p""","=""2D*""","=""5/2""",6,6,,"=""T5723LS""","=""""",
O,2,"=""""","=""943.483""","=""""","=""3.52e+06""",C,"=""248010.23""","=""258606.35""","=""2s2.2p2.(3P).4p""","=""2D*""","=""3/2""","=""2s2.2p2.(3P).5s""","=""2P""","=""3/2""",4,4,,"=""T5723LS""","=""""",
O,3,"=""""","=""944.656""","=""""","=""1.62e+05""",C+,"=""366802.62""","=""377385.58""","=""2s2.2p.(2P*).4p""","=""3D""","=""3""","=""2s2.2p.(2P*).4d""","=""3F*""","=""2""",7,5,,"=""T5376LS""","=""""",
O,2,"=""945.791""","=""945.789""","=""9""","=""3.77e+06""",C+,"=""229947.07""","=""240517.35""","=""2s2.2p2.(1D).3p""","=""2D*""","=""5/2""","=""2s2.2p2.(3P).4s""","=""2P""","=""3/2""",6,4,,"=""T5723LS""","=""L10621""",
O,3,"=""""","=""947.571""","=""""","=""1.19e+07""",C+,"=""428791.89""","=""439342.3""","=""2s.2p2.(4P).4s""","=""5P""","=""3""","=""2s.2p2.(4P).4p""","=""5P*""","=""2""",7,5,,"=""T5376LS""","=""""",
O,2,"=""""","=""947.705""","=""""","=""4.16e+05""",C+,"=""229968.44""","=""240517.35""","=""2s2.2p2.(1D).3p""","=""2D*""","=""3/2""","=""2s2.2p2.(3P).4s""","=""2P""","=""3/2""",4,4,,"=""T5723LS""","=""L11267""",
O,1,"=""948.288""","=""948.2888""","=""120bl""","=""2.34e+07""",B,"=""102662.026""","=""113204.445""","=""2s2.2p3.(2D*).3s""","=""1D*""","=""2""","=""2s2.2p3.(2D*).3p""","=""1P""","=""1""",5,3,,"=""T5713""","=""L3760""",
O,3,"=""""","=""953.822""","=""""","=""5.41e+06""",C+,"=""367953.90""","=""378435.16""","=""2s2.2p.(2P*).4p""","=""3S""","=""1""","=""2s.2p2.(4P).3p""","=""3P*""","=""0""",3,1,,"=""T5376LS""","=""""",
O,2,"=""""","=""954.487""","=""""","=""2.05e+06""",D,"=""251224.79""","=""261698.75""","=""2s2.2p2.(1D).3d""","=""2F""","=""5/2""","=""2s2.2p2.(3P).5p""","=""2D*""","=""3/2""",6,4,,"=""T5723LS""","=""""",
O,3,"=""""","=""955.401""","=""""","=""5.38e+06""",C+,"=""367953.90""","=""378417.84""","=""2s2.2p.(2P*).4p""","=""3S""","=""1""","=""2s.2p2.(4P).3p""","=""3P*""","=""1""",3,3,,"=""T5376LS""","=""""",
O,3,"=""""","=""956.512""","=""""","=""5.36e+06""",C+,"=""367953.90""","=""378405.68""","=""2s2.2p.(2P*).4p""","=""3S""","=""1""","=""2s.2p2.(4P).3p""","=""3P*""","=""2""",3,5,,"=""T5376LS""","=""""",
O,2,"=""959.454""","=""959.456""","=""10""","=""3.01e+07""",C,"=""248186.64""","=""258606.35""","=""2s2.2p2.(3P).4p""","=""2D*""","=""5/2""","=""2s2.2p2.(3P).5s""","=""2P""","=""3/2""",6,4,,"=""T5723LS""","=""L10621""",
O,2,"=""961.180""","=""961.180""","=""9""","=""3.33e+07""",C,"=""248010.23""","=""258411.26""","=""2s2.2p2.(3P).4p""","=""2D*""","=""3/2""","=""2s2.2p2.(3P).5s""","=""2P""","=""1/2""",4,2,,"=""T5723LS""","=""L10621""",
O,1,"=""962.213""","=""962.2114""","=""100""","=""5.22e+04""",C+,"=""102908.443""","=""113298.320""","=""2s2.2p3.(4S*).4d""","=""3D*""","=""2""","=""2s2.2p3.(2D*).3p""","=""3D""","=""1""",5,3,,"=""T5713LS""","=""L3760""",
O,1,"=""""","=""962.2156""","=""""","=""1.57e+05""",C+,"=""102908.489""","=""113298.320""","=""2s2.2p3.(4S*).4d""","=""3D*""","=""1""","=""2s2.2p3.(2D*).3p""","=""3D""","=""1""",3,3,,"=""T5713LS""","=""""",
O,3,"=""""","=""962.317""","=""""","=""1.74e+06""",C+,"=""370329.18""","=""380717.92""","=""2s2.2p.(2P*).4p""","=""3P""","=""0""","=""2s2.2p.(2P*).4d""","=""3P*""","=""1""",1,3,,"=""T5376LS""","=""""",
O,1,"=""""","=""962.5261""","=""""","=""3.25e+04""",C+,"=""102908.374""","=""113294.854""","=""2s2.2p3.(4S*).4d""","=""3D*""","=""3""","=""2s2.2p3.(2D*).3p""","=""3D""","=""2""",7,5,,"=""T5713LS""","=""""",
O,1,"=""962.529""","=""962.5296""","=""120""","=""1.85e+05""",C+,"=""102908.374""","=""113294.816""","=""2s2.2p3.(4S*).4d""","=""3D*""","=""3""","=""2s2.2p3.(2D*).3p""","=""3D""","=""3""",7,7,,"=""T5713LS""","=""L3760""",
O,1,"=""""","=""962.5325""","=""""","=""1.45e+05""",C+,"=""102908.443""","=""113294.854""","=""2s2.2p3.(4S*).4d""","=""3D*""","=""2""","=""2s2.2p3.(2D*).3p""","=""3D""","=""2""",5,5,,"=""T5713LS""","=""""",
O,1,"=""""","=""962.5360""","=""""","=""2.32e+04""",C+,"=""102908.443""","=""113294.816""","=""2s2.2p3.(4S*).4d""","=""3D*""","=""2""","=""2s2.2p3.(2D*).3p""","=""3D""","=""3""",5,7,,"=""T5713LS""","=""""",
O,1,"=""""","=""962.5367""","=""""","=""3.13e+04""",C+,"=""102908.489""","=""113294.854""","=""2s2.2p3.(4S*).4d""","=""3D*""","=""1""","=""2s2.2p3.(2D*).3p""","=""3D""","=""2""",3,5,,"=""T5713LS""","=""""",
O,2,"=""964.840""","=""964.840""","=""7""","=""3.94e+06""",C+,"=""229968.44""","=""240330.01""","=""2s2.2p2.(1D).3p""","=""2D*""","=""3/2""","=""2s2.2p2.(3P).4s""","=""2P""","=""1/2""",4,2,,"=""T5723LS""","=""L10621""",
O,3,"=""""","=""968.850""","=""""","=""5.13e+06""",C+,"=""370418.32""","=""380737.00""","=""2s2.2p.(2P*).4p""","=""3P""","=""1""","=""2s2.2p.(2P*).4d""","=""3P*""","=""0""",3,1,,"=""T5376LS""","=""""",
O,1,"=""969.466""","=""969.4661""","=""80""","=""4.54e+04""",C+,"=""95476.728""","=""105788.856""","=""2s2.2p3.(4S*).4s""","=""5S*""","=""2""","=""2s2.2p3.(4S*).6p""","=""5P""","=""3""",5,7,,"=""T5713LS""","=""L3760""",
O,1,"=""969.491""","=""969.4906""","=""65""","=""4.54e+04""",C+,"=""95476.728""","=""105788.595""","=""2s2.2p3.(4S*).4s""","=""5S*""","=""2""","=""2s2.2p3.(4S*).6p""","=""5P""","=""2""",5,5,,"=""T5713LS""","=""L3760""",
O,1,"=""""","=""969.5060""","=""""","=""4.54e+04""",C+,"=""95476.728""","=""105788.431""","=""2s2.2p3.(4S*).4s""","=""5S*""","=""2""","=""2s2.2p3.(4S*).6p""","=""5P""","=""1""",5,3,,"=""T5713LS""","=""""",
O,3,"=""""","=""970.645""","=""""","=""1.27e+06""",C+,"=""370418.32""","=""380717.92""","=""2s2.2p.(2P*).4p""","=""3P""","=""1""","=""2s2.2p.(2P*).4d""","=""3P*""","=""1""",3,3,,"=""T5376LS""","=""""",
O,3,"=""""","=""971.722""","=""""","=""1.27e+06""",C+,"=""370418.32""","=""380706.51""","=""2s2.2p.(2P*).4p""","=""3P""","=""1""","=""2s2.2p.(2P*).4d""","=""3P*""","=""2""",3,5,,"=""T5376LS""","=""""",
O,3,"=""""","=""980.948""","=""""","=""2.06e+06""",C+,"=""370526.49""","=""380717.92""","=""2s2.2p.(2P*).4p""","=""3P""","=""2""","=""2s2.2p.(2P*).4d""","=""3P*""","=""1""",5,3,,"=""T5376LS""","=""""",
O,3,"=""""","=""981.369""","=""""","=""2.30e+06""",B,"=""370902.22""","=""381089.27""","=""2s2.2p.(2P*).4p""","=""1D""","=""2""","=""2s2.2p.(2P*).4d""","=""1P*""","=""1""",5,3,,"=""T5376""","=""""",
O,3,"=""""","=""982.047""","=""""","=""3.69e+06""",C+,"=""370526.49""","=""380706.51""","=""2s2.2p.(2P*).4p""","=""3P""","=""2""","=""2s2.2p.(2P*).4d""","=""3P*""","=""2""",5,5,,"=""T5376LS""","=""""",
O,2,"=""""","=""982.055""","=""""","=""2.17e+06""",C,"=""248426.41""","=""258606.35""","=""2s2.2p2.(3P).4p""","=""2P*""","=""1/2""","=""2s2.2p2.(3P).5s""","=""2P""","=""3/2""",2,4,,"=""T5723LS""","=""""",
O,1,"=""""","=""982.5789""","=""""","=""1.34e+06""",C+,"=""97420.630""","=""107595.140""","=""2s2.2p3.(4S*).3d""","=""5D*""","=""4""","=""2s2.2p3.(4S*).7f""","=""5F""","=""5""",9,11,,"=""T5713LS""","=""""",
O,1,"=""""","=""982.5789""","=""""","=""2.24e+05""",C+,"=""97420.630""","=""107595.140""","=""2s2.2p3.(4S*).3d""","=""5D*""","=""4""","=""2s2.2p3.(4S*).7f""","=""5F""","=""4""",9,9,,"=""T5713LS""","=""""",
O,1,"=""""","=""982.5789""","=""""","=""1.92e+04""",C+,"=""97420.630""","=""107595.140""","=""2s2.2p3.(4S*).3d""","=""5D*""","=""4""","=""2s2.2p3.(4S*).7f""","=""5F""","=""3""",9,7,,"=""T5713LS""","=""""",
O,1,"=""""","=""982.5872""","=""""","=""1.12e+06""",C+,"=""97420.716""","=""107595.140""","=""2s2.2p3.(4S*).3d""","=""5D*""","=""3""","=""2s2.2p3.(4S*).7f""","=""5F""","=""4""",7,9,,"=""T5713LS""","=""""",
O,1,"=""""","=""982.5872""","=""""","=""4.03e+05""",C+,"=""97420.716""","=""107595.140""","=""2s2.2p3.(4S*).3d""","=""5D*""","=""3""","=""2s2.2p3.(4S*).7f""","=""5F""","=""3""",7,7,,"=""T5713LS""","=""""",
O,1,"=""""","=""982.5872""","=""""","=""5.37e+04""",C+,"=""97420.716""","=""107595.140""","=""2s2.2p3.(4S*).3d""","=""5D*""","=""3""","=""2s2.2p3.(4S*).7f""","=""5F""","=""2""",7,5,,"=""T5713LS""","=""""",
O,1,"=""""","=""982.5991""","=""""","=""9.21e+05""",C+,"=""97420.839""","=""107595.140""","=""2s2.2p3.(4S*).3d""","=""5D*""","=""2""","=""2s2.2p3.(4S*).7f""","=""5F""","=""3""",5,7,,"=""T5713LS""","=""""",
O,1,"=""""","=""982.5991""","=""""","=""5.37e+05""",C+,"=""97420.839""","=""107595.140""","=""2s2.2p3.(4S*).3d""","=""5D*""","=""2""","=""2s2.2p3.(4S*).7f""","=""5F""","=""2""",5,5,,"=""T5713LS""","=""""",
O,1,"=""""","=""982.5991""","=""""","=""8.95e+04""",C+,"=""97420.839""","=""107595.140""","=""2s2.2p3.(4S*).3d""","=""5D*""","=""2""","=""2s2.2p3.(4S*).7f""","=""5F""","=""1""",5,3,,"=""T5713LS""","=""""",
O,1,"=""""","=""982.6090""","=""""","=""7.52e+05""",C+,"=""97420.942""","=""107595.140""","=""2s2.2p3.(4S*).3d""","=""5D*""","=""1""","=""2s2.2p3.(4S*).7f""","=""5F""","=""2""",3,5,,"=""T5713LS""","=""""",
O,1,"=""""","=""982.6090""","=""""","=""6.27e+05""",C+,"=""97420.942""","=""107595.140""","=""2s2.2p3.(4S*).3d""","=""5D*""","=""1""","=""2s2.2p3.(4S*).7f""","=""5F""","=""1""",3,3,,"=""T5713LS""","=""""",
O,1,"=""""","=""982.6137""","=""""","=""6.27e+05""",C+,"=""97420.991""","=""107595.140""","=""2s2.2p3.(4S*).3d""","=""5D*""","=""0""","=""2s2.2p3.(4S*).7f""","=""5F""","=""1""",1,3,,"=""T5713LS""","=""""",
O,1,"=""""","=""989.1647""","=""""","=""1.08e+06""",C+,"=""97488.378""","=""107595.147""","=""2s2.2p3.(4S*).3d""","=""3D*""","=""1""","=""2s2.2p3.(4S*).7f""","=""3F""","=""2""",3,5,,"=""T5713LS""","=""""",
O,1,"=""""","=""989.1715""","=""""","=""1.14e+06""",C+,"=""97488.448""","=""107595.147""","=""2s2.2p3.(4S*).3d""","=""3D*""","=""2""","=""2s2.2p3.(4S*).7f""","=""3F""","=""3""",5,7,,"=""T5713LS""","=""""",
O,1,"=""""","=""989.1715""","=""""","=""2.00e+05""",C+,"=""97488.448""","=""107595.147""","=""2s2.2p3.(4S*).3d""","=""3D*""","=""2""","=""2s2.2p3.(4S*).7f""","=""3F""","=""2""",5,5,,"=""T5713LS""","=""""",
O,1,"=""""","=""989.1803""","=""""","=""1.28e+06""",C+,"=""97488.538""","=""107595.147""","=""2s2.2p3.(4S*).3d""","=""3D*""","=""3""","=""2s2.2p3.(4S*).7f""","=""3F""","=""4""",7,9,,"=""T5713LS""","=""""",
O,1,"=""""","=""989.1803""","=""""","=""1.43e+05""",C+,"=""97488.538""","=""107595.147""","=""2s2.2p3.(4S*).3d""","=""3D*""","=""3""","=""2s2.2p3.(4S*).7f""","=""3F""","=""3""",7,7,,"=""T5713LS""","=""""",
O,1,"=""""","=""989.1803""","=""""","=""5.63e+03""",C,"=""97488.538""","=""107595.147""","=""2s2.2p3.(4S*).3d""","=""3D*""","=""3""","=""2s2.2p3.(4S*).7f""","=""3F""","=""2""",7,5,,"=""T5713LS""","=""""",
O,2,"=""""","=""990.706""","=""""","=""1.06e+07""",C,"=""248515.30""","=""258606.35""","=""2s2.2p2.(3P).4p""","=""2P*""","=""3/2""","=""2s2.2p2.(3P).5s""","=""2P""","=""3/2""",4,4,,"=""T5723LS""","=""""",
O,2,"=""""","=""1001.243""","=""""","=""8.19e+06""",C,"=""248426.41""","=""258411.26""","=""2s2.2p2.(3P).4p""","=""2P*""","=""1/2""","=""2s2.2p2.(3P).5s""","=""2P""","=""1/2""",2,2,,"=""T5723LS""","=""""",
O,2,"=""""","=""1010.236""","=""""","=""3.99e+06""",C,"=""248515.30""","=""258411.26""","=""2s2.2p2.(3P).4p""","=""2P*""","=""3/2""","=""2s2.2p2.(3P).5s""","=""2P""","=""1/2""",4,2,,"=""T5723LS""","=""""",
O,3,"=""""","=""1011.874""","=""""","=""3.37e+07""",B,"=""370902.22""","=""380782.17""","=""2s2.2p.(2P*).4p""","=""1D""","=""2""","=""2s2.2p.(2P*).4d""","=""1F*""","=""3""",5,7,,"=""T5376""","=""""",
O,1,"=""""","=""1016.7256""","=""""","=""3.61e+02""",C,"=""76794.978""","=""86627.778""","=""2s2.2p3.(4S*).3s""","=""3S*""","=""1""","=""2s2.2p3.(4S*).3p""","=""5P""","=""2""",3,5,,"=""T5986""","=""""",
O,1,"=""""","=""1016.9346""","=""""","=""1.97e+02""",C,"=""76794.978""","=""86625.757""","=""2s2.2p3.(4S*).3s""","=""3S*""","=""1""","=""2s2.2p3.(4S*).3p""","=""5P""","=""1""",3,3,,"=""T5986""","=""""",
