element,sp_num,obs_wl_vac(nm),ritz_wl_vac(nm),intens,Aki(s^-1),Acc,Ei(cm-1),Ek(cm-1),conf_i,term_i,J_i,conf_k,term_k,J_k,g_i,g_k,Type,tp_ref,line_ref,
Si,3,"=""""","=""180.3018""","=""""","=""1.27e+08""",C,"=""159069.61""","=""214532.17""","=""3s.4s""","=""1S""","=""0""","=""3s.5p""","=""1P*""","=""1""",1,3,,"=""T6298c4""","=""""",
Si,3,"=""""","=""180.4349""","=""""","=""3.25e+07""",D+,"=""199164.10""","=""254585.75""","=""3p.3d""","=""3F*""","=""4""","=""3s.8g""","=""3G""","=""5""",9,11,,"=""T6298c4,LS""","=""""",
Si,3,"=""""","=""180.438""","=""""","=""3.98e+04""",E,"=""199164.10""","=""254584.8""","=""3p.3d""","=""3F*""","=""4""","=""3s.8g""","=""3G""","=""3""",9,7,,"=""T6298c4,LS""","=""""",
Si,3,"=""""","=""180.438""","=""""","=""2.04e+06""",E,"=""199164.10""","=""254584.8""","=""3p.3d""","=""3F*""","=""4""","=""3s.8g""","=""3G""","=""4""",9,9,,"=""T6298c4,LS""","=""""",
Si,2,"=""180.800""","=""180.8013""","=""150""","=""2.54e+06""",C,"=""0.00""","=""55309.35""","=""3s2.3p""","=""2P*""","=""1/2""","=""3s.3p2""","=""2D""","=""3/2""",2,4,,"=""c22,T6106""","=""L3541""",
Si,1,"=""180.909""","=""180.91046""","=""50w""","=""6.83e+07""",C,"=""6298.850""","=""61574.814""","=""3s2.3p2""","=""1D""","=""2""","=""3s2.3p.5d""","=""3D*""","=""3""",5,7,,"=""T5071""","=""L3521""",
Si,1,"=""""","=""181.3269""","=""""","=""1.04e+06""",E,"=""6298.850""","=""61447.86""","=""3s2.3p2""","=""1D""","=""2""","=""3s2.3p.5d""","=""3D*""","=""2""",5,5,,"=""T5071""","=""""",
Si,1,"=""181.407""","=""181.4079""","=""500w""","=""1.15e+08""",C,"=""6298.850""","=""61423.23""","=""3s2.3p2""","=""1D""","=""2""","=""3s2.3p.5d""","=""1F*""","=""3""",5,7,,"=""T5071""","=""L3521""",
Si,2,"=""181.692""","=""181.6928""","=""200""","=""2.65e+06""",C,"=""287.24""","=""55325.18""","=""3s2.3p""","=""2P*""","=""3/2""","=""3s.3p2""","=""2D""","=""5/2""",4,6,,"=""c22,T6106""","=""L3541""",
Si,2,"=""181.745""","=""181.7451""","=""10""","=""3.23e+05""",C,"=""287.24""","=""55309.35""","=""3s2.3p""","=""2P*""","=""3/2""","=""3s.3p2""","=""2D""","=""3/2""",4,4,,"=""c22,T6106""","=""L3541""",
Si,1,"=""183.651""","=""183.65100""","=""200""","=""1.31e+07""",D+,"=""77.115""","=""54528.220""","=""3s2.3p2""","=""3P""","=""1""","=""3s2.3p.5s""","=""3P*""","=""2""",3,5,,"=""T5071""","=""L3521""",
Si,3,"=""""","=""183.8466""","=""""","=""2.28e+07""",D+,"=""175230.01""","=""229623.19""","=""3s.4p""","=""3P*""","=""0""","=""3s.6s""","=""3S""","=""1""",1,3,,"=""T6298c4,LS""","=""""",
Si,3,"=""""","=""183.9585""","=""""","=""6.84e+07""",C,"=""175263.10""","=""229623.19""","=""3s.4p""","=""3P*""","=""1""","=""3s.6s""","=""3S""","=""1""",3,3,,"=""T6298c4,LS""","=""""",
Si,1,"=""184.115""","=""184.11521""","=""100w""","=""1.50e+07""",D,"=""0.000""","=""54313.818""","=""3s2.3p2""","=""3P""","=""0""","=""3s2.3p.5s""","=""3P*""","=""1""",1,3,,"=""T5071""","=""L3521""",
Si,1,"=""184.144""","=""184.14489""","=""200""","=""3.67e+07""",D+,"=""223.157""","=""54528.220""","=""3s2.3p2""","=""3P""","=""2""","=""3s2.3p.5s""","=""3P*""","=""2""",5,5,,"=""T5071""","=""L3521""",
Si,3,"=""""","=""184.2064""","=""""","=""1.13e+08""",C,"=""175336.26""","=""229623.19""","=""3s.4p""","=""3P*""","=""2""","=""3s.6s""","=""3S""","=""1""",5,3,,"=""T6298c4,LS""","=""""",
Si,3,"=""184.255""","=""184.2548""","=""9""","=""2.99e+08""",B,"=""122214.52""","=""176487.19""","=""3p2""","=""1D""","=""2""","=""3s.4p""","=""1P*""","=""1""",5,3,,"=""c44,T5038""","=""L4833""",
Si,1,"=""184.377""","=""184.37699""","=""200""","=""3.35e+07""",D+,"=""77.115""","=""54313.818""","=""3s2.3p2""","=""3P""","=""1""","=""3s2.3p.5s""","=""3P*""","=""1""",3,3,,"=""T5071""","=""L3521""",
Si,1,"=""184.551""","=""184.55202""","=""300""","=""1.68e+08""",C+,"=""0.000""","=""54185.264""","=""3s2.3p2""","=""3P""","=""0""","=""3s2.3p.3d""","=""3D*""","=""1""",1,3,,"=""T8363c22""","=""L3521""",
Si,1,"=""184.610""","=""184.61116""","=""100""","=""5.68e+07""",E,"=""77.115""","=""54245.020""","=""3s2.3p2""","=""3P""","=""1""","=""3s2.3p.5s""","=""3P*""","=""0""",3,1,,"=""T8363""","=""L3521""",
Si,1,"=""184.747""","=""184.74735""","=""400""","=""2.33e+08""",C+,"=""77.115""","=""54205.090""","=""3s2.3p2""","=""3P""","=""1""","=""3s2.3p.3d""","=""3D*""","=""2""",3,5,,"=""T8363c22""","=""L3521""",
Si,1,"=""184.814""","=""184.81505""","=""200""","=""1.23e+08""",C+,"=""77.115""","=""54185.264""","=""3s2.3p2""","=""3P""","=""1""","=""3s2.3p.3d""","=""3D*""","=""1""",3,3,,"=""T8363c22""","=""L3521""",
Si,1,"=""184.874""","=""184.87480""","=""100""","=""3.92e+07""",D+,"=""223.157""","=""54313.818""","=""3s2.3p2""","=""3P""","=""2""","=""3s2.3p.5s""","=""3P*""","=""1""",5,3,,"=""T5071""","=""L3521""",
Si,1,"=""185.067""","=""185.06720""","=""500""","=""3.05e+08""",C+,"=""223.157""","=""54257.582""","=""3s2.3p2""","=""3P""","=""2""","=""3s2.3p.3d""","=""3D*""","=""3""",5,7,,"=""T8363c22""","=""L3521""",
Si,1,"=""185.246""","=""185.24716""","=""200""","=""7.40e+07""",C+,"=""223.157""","=""54205.090""","=""3s2.3p2""","=""3P""","=""2""","=""3s2.3p.3d""","=""3D*""","=""2""",5,5,,"=""T8363c22""","=""L3521""",
Si,1,"=""185.315""","=""185.31522""","=""50""","=""7.92e+06""",C,"=""223.157""","=""54185.264""","=""3s2.3p2""","=""3P""","=""2""","=""3s2.3p.3d""","=""3D*""","=""1""",5,3,,"=""T8363c22""","=""L3521""",
Si,3,"=""""","=""185.6070""","=""""","=""2.06e+08""",C,"=""176487.19""","=""230364.46""","=""3s.4p""","=""1P*""","=""1""","=""3s.6s""","=""1S""","=""0""",3,1,,"=""T6298c4""","=""""",
Si,1,"=""187.484""","=""187.48424""","=""500w""","=""1.07e+08""",D,"=""6298.850""","=""59636.667""","=""3s2.3p2""","=""1D""","=""2""","=""3s2.3p.(2P*<3/2>).6s<1/2>""","=""(3/2,1/2)*""","=""1""",5,3,,"=""T5071""","=""L3521""",
Si,1,"=""188.185""","=""188.1854""","=""200""","=""5.00e+06""",D+,"=""223.157""","=""53362.24""","=""3s2.3p2""","=""3P""","=""2""","=""3s2.3p.3d""","=""1F*""","=""3""",5,7,,"=""T5814""","=""L3521""",
Si,3,"=""""","=""188.8242""","=""""","=""3.77e+07""",D,"=""201597.73""","=""254557.03""","=""3s.4d""","=""3D""","=""1""","=""3s.8f""","=""3F*""","=""2""",3,5,,"=""T6298c4,LS""","=""""",
Si,3,"=""""","=""188.8254""","=""""","=""4.00e+07""",D+,"=""201598.28""","=""254557.26""","=""3s.4d""","=""3D""","=""2""","=""3s.8f""","=""3F*""","=""3""",5,7,,"=""T6298c4,LS""","=""""",
Si,3,"=""""","=""188.8262""","=""""","=""7.00e+06""",E,"=""201598.28""","=""254557.03""","=""3s.4d""","=""3D""","=""2""","=""3s.8f""","=""3F*""","=""2""",5,5,,"=""T6298c4,LS""","=""""",
Si,3,"=""""","=""188.8283""","=""""","=""4.50e+07""",D+,"=""201599.48""","=""254557.64""","=""3s.4d""","=""3D""","=""3""","=""3s.8f""","=""3F*""","=""4""",7,9,,"=""T6298c4,LS""","=""""",
Si,3,"=""""","=""188.8297""","=""""","=""4.99e+06""",E,"=""201599.48""","=""254557.26""","=""3s.4d""","=""3D""","=""3""","=""3s.8f""","=""3F*""","=""3""",7,7,,"=""T6298c4,LS""","=""""",
Si,3,"=""""","=""188.8305""","=""""","=""1.97e+05""",E,"=""201599.48""","=""254557.03""","=""3s.4d""","=""3D""","=""3""","=""3s.8f""","=""3F*""","=""2""",7,5,,"=""T6298c4,LS""","=""""",
Si,1,"=""""","=""189.06372""","=""""","=""4.45e+00""",D,"=""6298.850""","=""59191.072""","=""3s2.3p2""","=""1D""","=""2""","=""3s2.3p.(2P*<3/2>).4f""","=""2[3/2]""","=""2""",5,5,E2,"=""T5785""","=""""",
Si,1,"=""""","=""189.0659""","=""""","=""2.28e-03""",E,"=""6298.850""","=""59190.46""","=""3s2.3p2""","=""1D""","=""2""","=""3s2.3p.(2P*<3/2>).4f""","=""2[3/2]""","=""1""",5,3,E2,"=""T5785""","=""""",
Si,1,"=""""","=""189.27542""","=""""","=""9.32e+01""",D+,"=""6298.850""","=""59131.912""","=""3s2.3p2""","=""1D""","=""2""","=""3s2.3p.(2P*<3/2>).4f""","=""2[9/2]""","=""4""",5,9,E2,"=""T5785""","=""""",
Si,1,"=""""","=""189.35075""","=""""","=""4.66e+00""",D,"=""6298.850""","=""59110.892""","=""3s2.3p2""","=""1D""","=""2""","=""3s2.3p.(2P*<3/2>).4f""","=""2[5/2]""","=""2""",5,5,E2,"=""T5785""","=""""",
Si,1,"=""""","=""189.35410""","=""""","=""1.09e+02""",D+,"=""6298.850""","=""59109.959""","=""3s2.3p2""","=""1D""","=""2""","=""3s2.3p.(2P*<3/2>).4f""","=""2[5/2]""","=""3""",5,7,E2,"=""T5785""","=""""",
Si,1,"=""""","=""189.62329""","=""""","=""3.03e+01""",D+,"=""6298.850""","=""59034.988""","=""3s2.3p2""","=""1D""","=""2""","=""3s2.3p.(2P*<3/2>).4f""","=""2[7/2]""","=""3""",5,7,E2,"=""T5785""","=""""",
Si,1,"=""190.133""","=""190.1338""","=""1000w""","=""1.00e+08""",C,"=""6298.850""","=""58893.40""","=""3s2.3p2""","=""1D""","=""2""","=""3s2.3p.4d""","=""1F*""","=""3""",5,7,,"=""T5071""","=""L3521""",
Si,1,"=""190.466""","=""190.46647""","=""50w""","=""4.87e+06""",D,"=""6298.850""","=""58801.529""","=""3s2.3p2""","=""1D""","=""2""","=""3s2.3p.4d""","=""1P*""","=""1""",5,3,,"=""T5071""","=""L3521""",
Si,1,"=""""","=""190.51237""","=""""","=""3.40e+01""",D+,"=""6298.850""","=""58788.880""","=""3s2.3p2""","=""1D""","=""2""","=""3s2.3p.(2P*<1/2>).4f""","=""2[7/2]""","=""4""",5,9,E2,"=""T5785""","=""""",
Si,3,"=""""","=""192.8596""","=""""","=""3.08e+06""",D,"=""175230.01""","=""227081.19""","=""3s.4p""","=""3P*""","=""0""","=""3s.5d""","=""3D""","=""1""",1,3,,"=""T6298c4,LS""","=""""",
Si,3,"=""""","=""192.9716""","=""""","=""4.16e+06""",D+,"=""175263.10""","=""227084.21""","=""3s.4p""","=""3P*""","=""1""","=""3s.5d""","=""3D""","=""2""",3,5,,"=""T6298c4,LS""","=""""",
Si,3,"=""""","=""192.9828""","=""""","=""2.31e+06""",D,"=""175263.10""","=""227081.19""","=""3s.4p""","=""3P*""","=""1""","=""3s.5d""","=""3D""","=""1""",3,3,,"=""T6298c4,LS""","=""""",
Si,3,"=""""","=""193.2275""","=""""","=""5.53e+06""",D+,"=""175336.26""","=""227088.72""","=""3s.4p""","=""3P*""","=""2""","=""3s.5d""","=""3D""","=""3""",5,7,,"=""T6298c4,LS""","=""""",
Si,3,"=""""","=""193.2444""","=""""","=""1.38e+06""",D,"=""175336.26""","=""227084.21""","=""3s.4p""","=""3P*""","=""2""","=""3s.5d""","=""3D""","=""2""",5,5,,"=""T6298c4,LS""","=""""",
Si,3,"=""""","=""193.2556""","=""""","=""1.53e+05""",E,"=""175336.26""","=""227081.19""","=""3s.4p""","=""3P*""","=""2""","=""3s.5d""","=""3D""","=""1""",5,3,,"=""T6298c4,LS""","=""""",
Si,3,"=""""","=""195.3968""","=""""","=""7.80e+06""",D+,"=""176487.19""","=""227665.09""","=""3s.4p""","=""1P*""","=""1""","=""3s.5d""","=""1D""","=""2""",3,5,,"=""T6298c4""","=""""",
Si,3,"=""""","=""196.4862""","=""""","=""4.33e+07""",D+,"=""198923.15""","=""249817.32""","=""3p.3d""","=""3F*""","=""2""","=""3s.7g""","=""3G""","=""3""",5,7,,"=""T6298c4,LS""","=""""",
Si,3,"=""""","=""196.8839""","=""""","=""4.39e+07""",D+,"=""199026.49""","=""249817.85""","=""3p.3d""","=""3F*""","=""3""","=""3s.7g""","=""3G""","=""4""",7,9,,"=""T6298c4,LS""","=""""",
Si,3,"=""""","=""196.8859""","=""""","=""3.77e+06""",E,"=""199026.49""","=""249817.32""","=""3p.3d""","=""3F*""","=""3""","=""3s.7g""","=""3G""","=""3""",7,7,,"=""T6298c4,LS""","=""""",
Si,3,"=""""","=""197.4145""","=""""","=""4.65e+07""",C,"=""199164.10""","=""249818.93""","=""3p.3d""","=""3F*""","=""4""","=""3s.7g""","=""3G""","=""5""",9,11,,"=""T6298c4,LS""","=""""",
Si,3,"=""""","=""197.4187""","=""""","=""2.91e+06""",E,"=""199164.10""","=""249817.85""","=""3p.3d""","=""3F*""","=""4""","=""3s.7g""","=""3G""","=""4""",9,9,,"=""T6298c4,LS""","=""""",
Si,3,"=""""","=""197.4208""","=""""","=""5.70e+04""",E,"=""199164.10""","=""249817.32""","=""3p.3d""","=""3F*""","=""4""","=""3s.7g""","=""3G""","=""3""",9,7,,"=""T6298c4,LS""","=""""",
Si,1,"=""""","=""197.75979""","=""""","=""2.79e+07""",B,"=""0.000""","=""50566.397""","=""3s2.3p2""","=""3P""","=""0""","=""3s2.3p.3d""","=""3P*""","=""1""",1,3,,"=""T5814""","=""""",
Si,1,"=""""","=""197.9205""","=""""","=""8.69e+07""",B,"=""77.115""","=""50602.44""","=""3s2.3p2""","=""3P""","=""1""","=""3s2.3p.3d""","=""3P*""","=""0""",3,1,,"=""T5814""","=""""",
Si,3,"=""""","=""197.9233""","=""""","=""4.48e+07""",D+,"=""204330.79""","=""254855.42""","=""3s.4d""","=""1D""","=""2""","=""3s.8f""","=""1F*""","=""3""",5,7,,"=""T6298c4""","=""""",
Si,1,"=""""","=""198.06184""","=""""","=""2.07e+07""",B,"=""77.115""","=""50566.397""","=""3s2.3p2""","=""3P""","=""1""","=""3s2.3p.3d""","=""3P*""","=""1""",3,3,,"=""T5814""","=""""",
Si,1,"=""""","=""198.32328""","=""""","=""2.18e+07""",B,"=""77.115""","=""50499.838""","=""3s2.3p2""","=""3P""","=""1""","=""3s2.3p.3d""","=""3P*""","=""2""",3,5,,"=""T5814""","=""""",
Si,1,"=""""","=""198.63640""","=""""","=""3.65e+07""",B,"=""223.157""","=""50566.397""","=""3s2.3p2""","=""3P""","=""2""","=""3s2.3p.3d""","=""3P*""","=""1""",5,3,,"=""T5814""","=""""",
Si,1,"=""""","=""198.89937""","=""""","=""6.58e+07""",B,"=""223.157""","=""50499.838""","=""3s2.3p2""","=""3P""","=""2""","=""3s2.3p.3d""","=""3P*""","=""2""",5,5,,"=""T5814""","=""""",
Si,3,"=""""","=""199.2112""","=""""","=""4.73e+04""",E,"=""198923.15""","=""249121.14""","=""3p.3d""","=""3F*""","=""2""","=""3s.7d""","=""3D""","=""3""",5,7,,"=""T6298c4,LS""","=""""",
Si,3,"=""""","=""199.2796""","=""""","=""2.35e+06""",E,"=""198923.15""","=""249103.90""","=""3p.3d""","=""3F*""","=""2""","=""3s.7d""","=""3D""","=""2""",5,5,,"=""T6298c4,LS""","=""""",
Si,3,"=""""","=""199.321""","=""""","=""2.10e+07""",D,"=""198923.15""","=""249093.5""","=""3p.3d""","=""3F*""","=""2""","=""3s.7d""","=""3D""","=""1""",5,3,,"=""T6298c4,LS""","=""""",
Si,3,"=""""","=""199.6221""","=""""","=""1.67e+06""",E,"=""199026.49""","=""249121.14""","=""3p.3d""","=""3F*""","=""3""","=""3s.7d""","=""3D""","=""3""",7,7,,"=""T6298c4,LS""","=""""",
Si,3,"=""""","=""199.6908""","=""""","=""1.86e+07""",D,"=""199026.49""","=""249103.90""","=""3p.3d""","=""3F*""","=""3""","=""3s.7d""","=""3D""","=""2""",7,5,,"=""T6298c4,LS""","=""""",
element,sp_num,obs_wl_air(nm),ritz_wl_air(nm),intens,Aki(s^-1),Acc,Ei(cm-1),Ek(cm-1),conf_i,term_i,J_i,conf_k,term_k,J_k,g_i,g_k,Type,tp_ref,line_ref,
Si,3,"=""""","=""200.1072""","=""""","=""1.91e+07""",D,"=""199164.10""","=""249121.14""","=""3p.3d""","=""3F*""","=""4""","=""3s.7d""","=""3D""","=""3""",9,7,,"=""T6298c4,LS""","=""""",
Si,2,"=""""","=""200.416""","=""""","=""4.76e+06""",D,"=""76665.35""","=""126545.4""","=""3s.3p2""","=""2S""","=""1/2""","=""3s2.10p""","=""2P*""","=""1/2""",2,2,,"=""T6868""","=""""",
Si,2,"=""""","=""200.495""","=""""","=""4.75e+06""",D,"=""76665.35""","=""126525.8""","=""3s.3p2""","=""2S""","=""1/2""","=""3s2.10p""","=""2P*""","=""3/2""",2,4,,"=""T6868""","=""""",
Si,3,"=""""","=""200.914""","=""""","=""3.60e+07""",D+,"=""204828.06""","=""254584.6""","=""3s.4f""","=""1F*""","=""3""","=""3s.8g""","=""1G""","=""4""",7,9,,"=""T6298c4""","=""""",
Si,3,"=""""","=""200.9899""","=""""","=""2.61e+07""",D,"=""205029.09""","=""254766.75""","=""3p.3d""","=""1D*""","=""2""","=""3s.8d""","=""1D""","=""2""",5,5,,"=""T6298c4""","=""""",
Si,2,"=""""","=""201.492""","=""""","=""3.31e+07""",D+,"=""76665.35""","=""126279.0""","=""3s.3p2""","=""2S""","=""1/2""","=""3s.3p.(3P*).3d""","=""2P*""","=""1/2""",2,2,,"=""T6868""","=""""",
Si,2,"=""""","=""201.666""","=""""","=""3.39e+07""",C,"=""76665.35""","=""126236.4""","=""3s.3p2""","=""2S""","=""1/2""","=""3s.3p.(3P*).3d""","=""2P*""","=""3/2""",2,4,,"=""T6868""","=""""",
Si,3,"=""""","=""204.9903""","=""""","=""2.49e+07""",D+,"=""165765.00""","=""214532.17""","=""3s.3d""","=""1D""","=""2""","=""3s.5p""","=""1P*""","=""1""",5,3,,"=""T6298c4""","=""""",
Si,1,"=""""","=""205.81331""","=""""","=""7.08e+07""",C,"=""6298.850""","=""54871.031""","=""3s2.3p2""","=""1D""","=""2""","=""3s2.3p.5s""","=""1P*""","=""1""",5,3,,"=""T5071""","=""""",
Si,2,"=""""","=""206.2207""","=""""","=""4.60e+06""",D,"=""65500.47""","=""113976.72""","=""3s2.4s""","=""2S""","=""1/2""","=""3s2.6p""","=""2P*""","=""3/2""",2,4,,"=""T6868""","=""""",
Si,2,"=""""","=""206.2830""","=""""","=""4.59e+06""",D,"=""65500.47""","=""113962.08""","=""3s2.4s""","=""2S""","=""1/2""","=""3s2.6p""","=""2P*""","=""1/2""",2,2,,"=""T6868""","=""""",
Si,2,"=""207.202""","=""207.2015""","=""200""","=""9.6e+07""",D,"=""55309.35""","=""103556.16""","=""3s.3p2""","=""2D""","=""3/2""","=""3s2.4f""","=""2F*""","=""5/2""",4,6,,"=""T6527c4,LS""","=""L3541""",
Si,2,"=""""","=""207.2695""","=""""","=""6.8e+06""",E,"=""55325.18""","=""103556.16""","=""3s.3p2""","=""2D""","=""5/2""","=""3s2.4f""","=""2F*""","=""5/2""",6,6,,"=""T6527c4,LS""","=""""",
Si,2,"=""207.270""","=""207.2700""","=""200""","=""1.0e+08""",D,"=""55325.18""","=""103556.03""","=""3s.3p2""","=""2D""","=""5/2""","=""3s2.4f""","=""2F*""","=""7/2""",6,8,,"=""T6527c4,LS""","=""L3541""",
Si,1,"=""""","=""207.27641""","=""""","=""4.59e+05""",E,"=""6298.850""","=""54528.220""","=""3s2.3p2""","=""1D""","=""2""","=""3s2.3p.5s""","=""3P*""","=""2""",5,5,,"=""T5071""","=""""",
Si,3,"=""""","=""207.5028""","=""""","=""5.95e+07""",D+,"=""201597.73""","=""249774.48""","=""3s.4d""","=""3D""","=""1""","=""3s.7f""","=""3F*""","=""2""",3,5,,"=""T6298c4,LS""","=""""",
Si,3,"=""""","=""207.5042""","=""""","=""6.30e+07""",C,"=""201598.28""","=""249774.70""","=""3s.4d""","=""3D""","=""2""","=""3s.7f""","=""3F*""","=""3""",5,7,,"=""T6298c4,LS""","=""""",
Si,3,"=""""","=""207.5052""","=""""","=""1.11e+07""",D,"=""201598.28""","=""249774.48""","=""3s.4d""","=""3D""","=""2""","=""3s.7f""","=""3F*""","=""2""",5,5,,"=""T6298c4,LS""","=""""",
Si,3,"=""""","=""207.5082""","=""""","=""7.09e+07""",C,"=""201599.48""","=""249774.98""","=""3s.4d""","=""3D""","=""3""","=""3s.7f""","=""3F*""","=""4""",7,9,,"=""T6298c4,LS""","=""""",
Si,3,"=""""","=""207.5094""","=""""","=""7.90e+06""",D,"=""201599.48""","=""249774.70""","=""3s.4d""","=""3D""","=""3""","=""3s.7f""","=""3F*""","=""3""",7,7,,"=""T6298c4,LS""","=""""",
Si,3,"=""""","=""207.5104""","=""""","=""3.12e+05""",E,"=""201599.48""","=""249774.48""","=""3s.4d""","=""3D""","=""3""","=""3s.7f""","=""3F*""","=""2""",7,5,,"=""T6298c4,LS""","=""""",
Si,1,"=""""","=""208.20208""","=""""","=""6.45e+06""",D,"=""6298.850""","=""54313.818""","=""3s2.3p2""","=""1D""","=""2""","=""3s2.3p.5s""","=""3P*""","=""1""",5,3,,"=""T5071""","=""""",
Si,1,"=""""","=""208.44625""","=""""","=""2.73e+06""",D+,"=""6298.850""","=""54257.582""","=""3s2.3p2""","=""1D""","=""2""","=""3s2.3p.3d""","=""3D*""","=""3""",5,7,,"=""T8363c22,T5071""","=""""",
Si,1,"=""""","=""208.67467""","=""""","=""3.26e+04""",E,"=""6298.850""","=""54205.090""","=""3s2.3p2""","=""1D""","=""2""","=""3s2.3p.3d""","=""3D*""","=""2""",5,5,,"=""T8363c22,T5071""","=""""",
Si,1,"=""""","=""208.76108""","=""""","=""5.46e+05""",E,"=""6298.850""","=""54185.264""","=""3s2.3p2""","=""1D""","=""2""","=""3s2.3p.3d""","=""3D*""","=""1""",5,3,,"=""T8363c22,T5071""","=""""",
Si,1,"=""""","=""212.29904""","=""""","=""3.57e+07""",B,"=""6298.850""","=""53387.334""","=""3s2.3p2""","=""1D""","=""2""","=""3s2.3p.3d""","=""1P*""","=""1""",5,3,,"=""T5814""","=""""",
Si,1,"=""212.412""","=""212.4122""","=""100""","=""2.97e+08""",B,"=""6298.850""","=""53362.24""","=""3s2.3p2""","=""1D""","=""2""","=""3s2.3p.3d""","=""1F*""","=""3""",5,7,,"=""T5814""","=""L3521""",
Si,3,"=""""","=""216.5537""","=""""","=""4.47e+05""",D,"=""198923.15""","=""245086.58""","=""3p.3d""","=""3F*""","=""2""","=""3p.4p""","=""3D""","=""3""",5,7,,"=""T6298c4,LS""","=""""",
Si,3,"=""""","=""217.0396""","=""""","=""1.57e+07""",C,"=""199026.49""","=""245086.58""","=""3p.3d""","=""3F*""","=""3""","=""3p.4p""","=""3D""","=""3""",7,7,,"=""T6298c4,LS""","=""""",
Si,3,"=""""","=""217.1559""","=""""","=""7.01e+07""",C,"=""204330.79""","=""250366.22""","=""3s.4d""","=""1D""","=""2""","=""3s.7f""","=""1F*""","=""3""",5,7,,"=""T6298c4""","=""""",
Si,3,"=""""","=""217.5933""","=""""","=""2.18e+07""",C,"=""198923.15""","=""244866.05""","=""3p.3d""","=""3F*""","=""2""","=""3p.4p""","=""3D""","=""2""",5,5,,"=""T6298c4,LS""","=""""",
Si,3,"=""217.689""","=""217.6901""","=""5""","=""1.80e+08""",B,"=""199164.10""","=""245086.58""","=""3p.3d""","=""3F*""","=""4""","=""3p.4p""","=""3D""","=""3""",9,7,,"=""T6298c4,LS""","=""L4833""",
Si,3,"=""""","=""218.0839""","=""""","=""1.73e+08""",B,"=""199026.49""","=""244866.05""","=""3p.3d""","=""3F*""","=""3""","=""3p.4p""","=""3D""","=""2""",7,5,,"=""T6298c4,LS""","=""""",
Si,3,"=""""","=""218.2066""","=""""","=""1.95e+08""",C+,"=""198923.15""","=""244736.93""","=""3p.3d""","=""3F*""","=""2""","=""3p.4p""","=""3D""","=""1""",5,3,,"=""T6298c4,LS""","=""""",
Si,3,"=""""","=""219.1939""","=""""","=""1.30e+07""",D,"=""205029.09""","=""250636.55""","=""3p.3d""","=""1D*""","=""2""","=""3s.7d""","=""1D""","=""2""",5,5,,"=""T6298c4""","=""""",
Si,1,"=""""","=""220.71277""","=""""","=""4.68e-03""",D,"=""0.000""","=""45293.629""","=""3s2.3p2""","=""3P""","=""0""","=""3s.3p3""","=""3D*""","=""2""",1,5,M2,"=""c22""","=""""",
Si,1,"=""220.798""","=""220.79780""","=""110""","=""2.62e+07""",B,"=""0.000""","=""45276.188""","=""3s2.3p2""","=""3P""","=""0""","=""3s.3p3""","=""3D*""","=""1""",1,3,,"=""T5814""","=""L3521""",
Si,3,"=""""","=""220.8710""","=""""","=""2.08e+03""",B+,"=""159069.61""","=""204330.79""","=""3s.4s""","=""1S""","=""0""","=""3s.4d""","=""1D""","=""2""",1,5,E2,"=""c44""","=""""",
Si,1,"=""""","=""220.95132""","=""""","=""4.58e-03""",D,"=""77.115""","=""45321.848""","=""3s2.3p2""","=""3P""","=""1""","=""3s.3p3""","=""3D*""","=""3""",3,7,M2,"=""c22""","=""""",
Si,1,"=""221.089""","=""221.08922""","=""115""","=""3.46e+07""",B,"=""77.115""","=""45293.629""","=""3s2.3p2""","=""3P""","=""1""","=""3s.3p3""","=""3D*""","=""2""",3,5,,"=""T5814""","=""L3521""",
Si,1,"=""221.174""","=""221.17454""","=""110""","=""1.81e+07""",B,"=""77.115""","=""45276.188""","=""3s2.3p2""","=""3P""","=""1""","=""3s.3p3""","=""3D*""","=""1""",3,3,,"=""T5814""","=""L3521""",
Si,1,"=""221.667""","=""221.66689""","=""120""","=""4.54e+07""",B,"=""223.157""","=""45321.848""","=""3s2.3p2""","=""3P""","=""2""","=""3s.3p3""","=""3D*""","=""3""",5,7,,"=""T5814""","=""L3521""",
Si,1,"=""221.806""","=""221.80569""","=""120""","=""1.09e+07""",B,"=""223.157""","=""45293.629""","=""3s2.3p2""","=""3P""","=""2""","=""3s.3p3""","=""3D*""","=""2""",5,5,,"=""T5814""","=""L3521""",
Si,3,"=""""","=""221.890""","=""""","=""4.22e+06""",E,"=""209531.40""","=""254584.8""","=""3s.4f""","=""3F*""","=""2""","=""3s.8g""","=""3G""","=""3""",5,7,,"=""T6298c4,LS""","=""""",
Si,1,"=""221.891""","=""221.89157""","=""50""","=""1.05e+06""",C+,"=""223.157""","=""45276.188""","=""3s2.3p2""","=""3P""","=""2""","=""3s.3p3""","=""3D*""","=""1""",5,3,,"=""T5814""","=""L3521""",
Si,3,"=""""","=""222.027""","=""""","=""3.68e+05""",E,"=""209559.33""","=""254584.8""","=""3s.4f""","=""3F*""","=""3""","=""3s.8g""","=""3G""","=""3""",7,7,,"=""T6298c4,LS""","=""""",
Si,3,"=""""","=""222.027""","=""""","=""4.29e+06""",E,"=""209559.33""","=""254584.8""","=""3s.4f""","=""3F*""","=""3""","=""3s.8g""","=""3G""","=""4""",7,9,,"=""T6298c4,LS""","=""""",
Si,3,"=""""","=""222.2031""","=""""","=""6.50e+07""",C,"=""204828.06""","=""249817.94""","=""3s.4f""","=""1F*""","=""3""","=""3s.7g""","=""1G""","=""4""",7,9,,"=""T6298c4""","=""""",
Si,3,"=""""","=""222.2220""","=""""","=""4.57e+06""",D,"=""209599.70""","=""254585.75""","=""3s.4f""","=""3F*""","=""4""","=""3s.8g""","=""3G""","=""5""",9,11,,"=""T6298c4,LS""","=""""",
Si,3,"=""""","=""222.227""","=""""","=""5.59e+03""",E,"=""209599.70""","=""254584.8""","=""3s.4f""","=""3F*""","=""4""","=""3s.8g""","=""3G""","=""3""",9,7,,"=""T6298c4,LS""","=""""",
Si,3,"=""""","=""222.227""","=""""","=""2.86e+05""",E,"=""209599.70""","=""254584.8""","=""3s.4f""","=""3F*""","=""4""","=""3s.8g""","=""3G""","=""4""",9,9,,"=""T6298c4,LS""","=""""",
Si,2,"=""""","=""222.5248""","=""""","=""2.44e+07""",C,"=""76665.35""","=""121590.19""","=""3s.3p2""","=""2S""","=""1/2""","=""3s.3p.(3P*).4s""","=""2P*""","=""3/2""",2,4,,"=""T6868""","=""""",
Si,2,"=""""","=""223.2507""","=""""","=""2.41e+07""",D+,"=""76665.35""","=""121444.12""","=""3s.3p2""","=""2S""","=""1/2""","=""3s.3p.(3P*).4s""","=""2P*""","=""1/2""",2,2,,"=""T6868""","=""""",
Si,3,"=""""","=""224.9199""","=""""","=""8.70e+07""",C,"=""214532.17""","=""258978.66""","=""3s.5p""","=""1P*""","=""1""","=""3p.4p""","=""1S""","=""0""",3,1,,"=""T6298c4""","=""""",
Si,1,"=""""","=""227.82803""","=""""","=""3.56e+06""",D,"=""15394.370""","=""59273.575""","=""3s2.3p2""","=""1S""","=""0""","=""3s2.3p.(2P*<1/2>).6s<1/2>""","=""(1/2,1/2)*""","=""1""",1,3,,"=""T5071""","=""""",
Si,1,"=""""","=""228.25724""","=""""","=""1.99e+01""",D+,"=""15394.370""","=""59191.072""","=""3s2.3p2""","=""1S""","=""0""","=""3s2.3p.(2P*<3/2>).4f""","=""2[3/2]""","=""2""",1,5,E2,"=""T5785""","=""""",
Si,1,"=""""","=""228.67593""","=""""","=""1.83e+01""",D+,"=""15394.370""","=""59110.892""","=""3s2.3p2""","=""1S""","=""0""","=""3s2.3p.(2P*<3/2>).4f""","=""2[5/2]""","=""2""",1,5,E2,"=""T5785""","=""""",
Si,3,"=""229.548""","=""229.5477""","=""6""","=""6.69e+07""",C+,"=""198923.15""","=""242473.66""","=""3p.3d""","=""3F*""","=""2""","=""3s.6g""","=""3G""","=""3""",5,7,,"=""T6298c4,LS""","=""L4833""",
Si,3,"=""230.093""","=""230.0937""","=""8""","=""5.80e+06""",C,"=""199026.49""","=""242473.66""","=""3p.3d""","=""3F*""","=""3""","=""3s.6g""","=""3G""","=""3""",7,7,,"=""T6298c4,LS""","=""L4833""",
Si,1,"=""230.306""","=""230.30585""","=""55""","=""3.48e+08""",C+,"=""15394.370""","=""58801.529""","=""3s2.3p2""","=""1S""","=""0""","=""3s2.3p.4d""","=""1P*""","=""1""",1,3,,"=""T5071""","=""L3521""",
Si,3,"=""""","=""230.6331""","=""""","=""1.60e+05""",E,"=""201597.73""","=""244943.31""","=""3s.4d""","=""3D""","=""1""","=""3s.7p""","=""3P*""","=""2""",3,5,,"=""T6298c4,LS""","=""""",
Si,3,"=""""","=""230.6360""","=""""","=""2.41e+06""",E,"=""201598.28""","=""244943.31""","=""3s.4d""","=""3D""","=""2""","=""3s.7p""","=""3P*""","=""2""",5,5,,"=""T6298c4,LS""","=""""",
Si,3,"=""""","=""230.6424""","=""""","=""1.35e+07""",D,"=""201599.48""","=""244943.31""","=""3s.4d""","=""3D""","=""3""","=""3s.7p""","=""3P*""","=""2""",7,5,,"=""T6298c4,LS""","=""""",
Si,3,"=""""","=""230.6860""","=""""","=""4.00e+06""",E,"=""201597.73""","=""244933.36""","=""3s.4d""","=""3D""","=""1""","=""3s.7p""","=""3P*""","=""1""",3,3,,"=""T6298c4,LS""","=""""",
Si,3,"=""""","=""230.6889""","=""""","=""1.20e+07""",D,"=""201598.28""","=""244933.36""","=""3s.4d""","=""3D""","=""2""","=""3s.7p""","=""3P*""","=""1""",5,3,,"=""T6298c4,LS""","=""""",
Si,3,"=""""","=""230.7107""","=""""","=""1.60e+07""",E,"=""201597.73""","=""244928.72""","=""3s.4d""","=""3D""","=""1""","=""3s.7p""","=""3P*""","=""0""",3,1,,"=""T6298c4,LS""","=""""",
Si,3,"=""230.819""","=""230.8188""","=""10""","=""7.16e+07""",B,"=""199164.10""","=""242474.81""","=""3p.3d""","=""3F*""","=""4""","=""3s.6g""","=""3G""","=""5""",9,11,,"=""T6298c4,LS""","=""L4833""",
Si,3,"=""""","=""230.8238""","=""""","=""4.48e+06""",C,"=""199164.10""","=""242473.86""","=""3p.3d""","=""3F*""","=""4""","=""3s.6g""","=""3G""","=""4""",9,9,,"=""T6298c4,LS""","=""""",
Si,3,"=""""","=""230.8249""","=""""","=""8.77e+04""",E,"=""199164.10""","=""242473.66""","=""3p.3d""","=""3F*""","=""4""","=""3s.6g""","=""3G""","=""3""",9,7,,"=""T6298c4,LS""","=""""",
Si,2,"=""""","=""230.853""","=""""","=""4.02e+06""",E,"=""81191.34""","=""124495.7""","=""3s2.4p""","=""2P*""","=""1/2""","=""3s2.8d""","=""2D""","=""3/2""",2,4,,"=""T6527c4,LS""","=""""",
Si,2,"=""""","=""231.173""","=""""","=""7.65e+06""",E,"=""81251.32""","=""124495.7""","=""3s2.4p""","=""2P*""","=""3/2""","=""3s2.8d""","=""2D""","=""3/2""",4,4,,"=""T7166""","=""""",
Si,2,"=""""","=""231.173""","=""""","=""5.01e+07""",D+,"=""81251.32""","=""124495.7""","=""3s2.4p""","=""2P*""","=""3/2""","=""3s2.8d""","=""2D""","=""5/2""",4,6,,"=""T7166""","=""""",
Si,3,"=""""","=""231.9079""","=""""","=""4.32e+06""",D+,"=""204828.06""","=""247935.39""","=""3s.4f""","=""1F*""","=""3""","=""3p.4p""","=""1D""","=""2""",7,5,,"=""T6298c4""","=""""",
Si,2,"=""""","=""232.8517""","=""""","=""2.35e+01""",E,"=""0.00""","=""42932.62""","=""3s2.3p""","=""2P*""","=""1/2""","=""3s.3p2""","=""4P""","=""3/2""",2,4,,"=""c22,T6215,T5958""","=""""",
Si,3,"=""""","=""232.9945""","=""""","=""3.16e+07""",C,"=""205029.09""","=""247935.39""","=""3p.3d""","=""1D*""","=""2""","=""3p.4p""","=""1D""","=""2""",5,5,,"=""T6298c4""","=""""",
Si,2,"=""233.440""","=""233.4407""","=""30""","=""5.51e+03""",D+,"=""0.00""","=""42824.29""","=""3s2.3p""","=""2P*""","=""1/2""","=""3s.3p2""","=""4P""","=""1/2""",2,2,,"=""c22,T6215,T5958""","=""L3541""",
Si,2,"=""233.461""","=""233.4605""","=""30""","=""2.44e+03""",D+,"=""287.24""","=""43107.91""","=""3s2.3p""","=""2P*""","=""3/2""","=""3s.3p2""","=""4P""","=""5/2""",4,6,,"=""c22,T6215,T5958""","=""L3541""",
Si,2,"=""234.420""","=""234.4202""","=""10""","=""1.31e+03""",D,"=""287.24""","=""42932.62""","=""3s2.3p""","=""2P*""","=""3/2""","=""3s.3p2""","=""4P""","=""3/2""",4,4,,"=""c22,T6215,T5958""","=""L3541""",
Si,2,"=""235.017""","=""235.0172""","=""20""","=""4.70e+03""",D+,"=""287.24""","=""42824.29""","=""3s2.3p""","=""2P*""","=""3/2""","=""3s.3p2""","=""4P""","=""1/2""",4,2,,"=""c22,T6215,T5958""","=""L3541""",
Si,3,"=""""","=""235.0635""","=""""","=""2.02e-03""",C,"=""159069.61""","=""201598.28""","=""3s.4s""","=""1S""","=""0""","=""3s.4d""","=""3D""","=""2""",1,5,E2,"=""c44""","=""""",
Si,3,"=""""","=""235.0666""","=""""","=""1.88e-11""",E,"=""159069.61""","=""201597.73""","=""3s.4s""","=""1S""","=""0""","=""3s.4d""","=""3D""","=""1""",1,3,M1,"=""c44""","=""""",
Si,3,"=""""","=""241.5222""","=""""","=""4.64e+04""",E,"=""198923.15""","=""240314.63""","=""3p.3d""","=""3F*""","=""2""","=""3s.6d""","=""3D""","=""3""",5,7,,"=""T6298c4,LS""","=""""",
Si,3,"=""""","=""241.6994""","=""""","=""2.29e+06""",D+,"=""198923.15""","=""240284.28""","=""3p.3d""","=""3F*""","=""2""","=""3s.6d""","=""3D""","=""2""",5,5,,"=""T6298c4,LS""","=""""",
Si,3,"=""""","=""241.8281""","=""""","=""2.05e+07""",C,"=""198923.15""","=""240262.28""","=""3p.3d""","=""3F*""","=""2""","=""3s.6d""","=""3D""","=""1""",5,3,,"=""T6298c4,LS""","=""""",
Si,3,"=""""","=""242.1268""","=""""","=""1.64e+06""",D+,"=""199026.49""","=""240314.63""","=""3p.3d""","=""3F*""","=""3""","=""3s.6d""","=""3D""","=""3""",7,7,,"=""T6298c4,LS""","=""""",
Si,3,"=""""","=""242.3049""","=""""","=""1.81e+07""",C,"=""199026.49""","=""240284.28""","=""3p.3d""","=""3F*""","=""3""","=""3s.6d""","=""3D""","=""2""",7,5,,"=""T6298c4,LS""","=""""",
Si,2,"=""""","=""242.7628""","=""""","=""1.36e+01""",C+,"=""42824.29""","=""84004.26""","=""3s.3p2""","=""4P""","=""1/2""","=""3s.3p2""","=""2P""","=""3/2""",2,4,E2,"=""c22""","=""""",
Si,2,"=""""","=""242.7628""","=""""","=""1.36e-03""",E,"=""42824.29""","=""84004.26""","=""3s.3p2""","=""4P""","=""1/2""","=""3s.3p2""","=""2P""","=""3/2""",2,4,M1,"=""c22""","=""""",
Si,3,"=""""","=""242.9365""","=""""","=""1.86e+07""",C,"=""199164.10""","=""240314.63""","=""3p.3d""","=""3F*""","=""4""","=""3s.6d""","=""3D""","=""3""",9,7,,"=""T6298c4,LS""","=""""",
Si,2,"=""""","=""243.4032""","=""""","=""2.84e-03""",E,"=""42932.62""","=""84004.26""","=""3s.3p2""","=""4P""","=""3/2""","=""3s.3p2""","=""2P""","=""3/2""",4,4,M1,"=""c22""","=""""",
Si,1,"=""243.515""","=""243.51545""","=""300""","=""4.43e+07""",B,"=""6298.850""","=""47351.554""","=""3s2.3p2""","=""1D""","=""2""","=""3s2.3p.3d""","=""1D*""","=""2""",5,5,,"=""T5814""","=""L3521""",
Si,1,"=""243.877""","=""243.87678""","=""65""","=""7.91e+05""",D,"=""0.000""","=""40991.884""","=""3s2.3p2""","=""3P""","=""0""","=""3s2.3p.4s""","=""1P*""","=""1""",1,3,,"=""T5814""","=""L3521""",
Si,2,"=""""","=""243.9614""","=""""","=""5.22e-03""",E,"=""42824.29""","=""83801.95""","=""3s.3p2""","=""4P""","=""1/2""","=""3s.3p2""","=""2P""","=""1/2""",2,2,M1,"=""c22""","=""""",
Si,2,"=""""","=""243.9943""","=""""","=""3.47e+07""",D,"=""81191.34""","=""122163.48""","=""3s2.4p""","=""2P*""","=""1/2""","=""3s2.7d""","=""2D""","=""3/2""",2,4,,"=""T7166""","=""""",
Si,1,"=""244.336""","=""244.33647""","=""65""","=""6.28e+05""",C+,"=""77.115""","=""40991.884""","=""3s2.3p2""","=""3P""","=""1""","=""3s2.3p.4s""","=""1P*""","=""1""",3,3,,"=""T5814""","=""L3521""",
Si,2,"=""""","=""244.3517""","=""""","=""1.07e+07""",D,"=""81251.32""","=""122163.54""","=""3s2.4p""","=""2P*""","=""3/2""","=""3s2.7d""","=""2D""","=""5/2""",4,6,,"=""T7166""","=""""",
Si,2,"=""""","=""244.3521""","=""""","=""1.79e+06""",E,"=""81251.32""","=""122163.48""","=""3s2.4p""","=""2P*""","=""3/2""","=""3s2.7d""","=""2D""","=""3/2""",4,4,,"=""T7166""","=""""",
Si,2,"=""""","=""244.4465""","=""""","=""3.56e-03""",D,"=""43107.91""","=""84004.26""","=""3s.3p2""","=""4P""","=""5/2""","=""3s.3p2""","=""2P""","=""3/2""",6,4,M1,"=""c22""","=""""",
Si,2,"=""""","=""244.6081""","=""""","=""3.00e+00""",C,"=""42932.62""","=""83801.95""","=""3s.3p2""","=""4P""","=""3/2""","=""3s.3p2""","=""2P""","=""1/2""",4,2,E2,"=""c22""","=""""",
Si,3,"=""""","=""244.9449""","=""""","=""9.73e+07""",C+,"=""201597.73""","=""242410.88""","=""3s.4d""","=""3D""","=""1""","=""3s.6f""","=""3F*""","=""2""",3,5,,"=""T6298c4,LS""","=""""",
Si,3,"=""""","=""244.9458""","=""""","=""1.03e+08""",B,"=""201598.28""","=""242411.27""","=""3s.4d""","=""3D""","=""2""","=""3s.6f""","=""3F*""","=""3""",5,7,,"=""T6298c4,LS""","=""""",
Si,3,"=""244.948""","=""244.9482""","=""11""","=""1.81e+07""",C,"=""201598.28""","=""242410.88""","=""3s.4d""","=""3D""","=""2""","=""3s.6f""","=""3F*""","=""2""",5,5,,"=""T6298c4,LS""","=""L4833""",
Si,3,"=""""","=""244.9505""","=""""","=""1.16e+08""",B,"=""201599.48""","=""242411.70""","=""3s.4d""","=""3D""","=""3""","=""3s.6f""","=""3F*""","=""4""",7,9,,"=""T6298c4,LS""","=""""",
Si,3,"=""""","=""244.9530""","=""""","=""1.29e+07""",C,"=""201599.48""","=""242411.27""","=""3s.4d""","=""3D""","=""3""","=""3s.6f""","=""3F*""","=""3""",7,7,,"=""T6298c4,LS""","=""""",
Si,3,"=""""","=""244.9554""","=""""","=""5.12e+05""",D,"=""201599.48""","=""242410.88""","=""3s.4d""","=""3D""","=""3""","=""3s.6f""","=""3F*""","=""2""",7,5,,"=""T6298c4,LS""","=""""",
Si,1,"=""245.212""","=""245.21180""","=""70""","=""5.81e+05""",D,"=""223.157""","=""40991.884""","=""3s2.3p2""","=""3P""","=""2""","=""3s2.3p.4s""","=""1P*""","=""1""",5,3,,"=""T5814""","=""L3521""",
Si,2,"=""""","=""245.6619""","=""""","=""2.58e+01""",C+,"=""43107.91""","=""83801.95""","=""3s.3p2""","=""4P""","=""5/2""","=""3s.3p2""","=""2P""","=""1/2""",6,2,E2,"=""c22""","=""""",
Si,3,"=""""","=""246.5912""","=""""","=""1.99e+07""",D,"=""204330.79""","=""244871.47""","=""3s.4d""","=""1D""","=""2""","=""3s.7p""","=""1P*""","=""1""",5,3,,"=""T6298c4""","=""""",
Si,3,"=""""","=""248.1508""","=""""","=""1.31e+07""",D+,"=""209531.40""","=""249817.32""","=""3s.4f""","=""3F*""","=""2""","=""3s.7g""","=""3G""","=""3""",5,7,,"=""T6298c4,LS""","=""""",
Si,3,"=""248.320""","=""248.3197""","=""6""","=""1.33e+07""",D+,"=""209559.33""","=""249817.85""","=""3s.4f""","=""3F*""","=""3""","=""3s.7g""","=""3G""","=""4""",7,9,,"=""T6298c4,LS""","=""L4833""",
Si,3,"=""""","=""248.3229""","=""""","=""1.15e+06""",E,"=""209559.33""","=""249817.32""","=""3s.4f""","=""3F*""","=""3""","=""3s.7g""","=""3G""","=""3""",7,7,,"=""T6298c4,LS""","=""""",
Si,3,"=""""","=""248.5623""","=""""","=""1.41e+07""",D+,"=""209599.70""","=""249818.93""","=""3s.4f""","=""3F*""","=""4""","=""3s.7g""","=""3G""","=""5""",9,11,,"=""T6298c4,LS""","=""""",
Si,3,"=""""","=""248.5689""","=""""","=""8.86e+05""",E,"=""209599.70""","=""249817.85""","=""3s.4f""","=""3F*""","=""4""","=""3s.7g""","=""3G""","=""4""",9,9,,"=""T6298c4,LS""","=""""",
Si,3,"=""""","=""248.5722""","=""""","=""1.73e+04""",E,"=""209599.70""","=""249817.32""","=""3s.4f""","=""3F*""","=""4""","=""3s.7g""","=""3G""","=""3""",9,7,,"=""T6298c4,LS""","=""""",
Si,2,"=""""","=""250.0945""","=""""","=""1.13e+07""",D,"=""79338.50""","=""119311.34""","=""3s2.3d""","=""2D""","=""3/2""","=""3s2.6f""","=""2F*""","=""5/2""",4,6,,"=""T6527c4,LS""","=""""",
Si,2,"=""""","=""250.1979""","=""""","=""8.07e+05""",E,"=""79355.02""","=""119311.34""","=""3s2.3d""","=""2D""","=""5/2""","=""3s2.6f""","=""2F*""","=""5/2""",6,6,,"=""T6527c4,LS""","=""""",
Si,2,"=""""","=""250.1988""","=""""","=""1.21e+07""",D+,"=""79355.02""","=""119311.19""","=""3s2.3d""","=""2D""","=""5/2""","=""3s2.6f""","=""2F*""","=""7/2""",6,8,,"=""T6527c4,LS""","=""""",
Si,2,"=""""","=""250.3295""","=""""","=""5.48e+06""",E,"=""79338.50""","=""119273.81""","=""3s2.3d""","=""2D""","=""3/2""","=""3s2.7p""","=""2P*""","=""3/2""",4,4,,"=""T7166""","=""""",
Si,2,"=""""","=""250.4331""","=""""","=""4.92e+07""",D+,"=""79355.02""","=""119273.81""","=""3s2.3d""","=""2D""","=""5/2""","=""3s2.7p""","=""2P*""","=""3/2""",6,4,,"=""T7166""","=""""",
Si,2,"=""""","=""250.5089""","=""""","=""5.36e+07""",D,"=""79338.50""","=""119245.22""","=""3s2.3d""","=""2D""","=""3/2""","=""3s2.7p""","=""2P*""","=""1/2""",4,2,,"=""T7166""","=""""",
Si,1,"=""250.690""","=""250.68970""","=""425""","=""5.47e+07""",B,"=""77.115""","=""39955.053""","=""3s2.3p2""","=""3P""","=""1""","=""3s2.3p.4s""","=""3P*""","=""2""",3,5,,"=""T5814""","=""L3521""",
Si,1,"=""251.432""","=""251.43156""","=""375""","=""7.39e+07""",B,"=""0.000""","=""39760.285""","=""3s2.3p2""","=""3P""","=""0""","=""3s2.3p.4s""","=""3P*""","=""1""",1,3,,"=""T5814""","=""L3521""",
Si,1,"=""251.6113""","=""251.61122""","=""500""","=""1.68e+08""",B,"=""223.157""","=""39955.053""","=""3s2.3p2""","=""3P""","=""2""","=""3s2.3p.4s""","=""3P*""","=""2""",5,5,,"=""T5814""","=""L3521""",
Si,1,"=""251.9202""","=""251.92019""","=""350""","=""5.49e+07""",B,"=""77.115""","=""39760.285""","=""3s2.3p2""","=""3P""","=""1""","=""3s2.3p.4s""","=""3P*""","=""1""",3,3,,"=""T5814""","=""L3521""",
Si,1,"=""252.4108""","=""252.41077""","=""425""","=""2.22e+08""",B,"=""77.115""","=""39683.163""","=""3s2.3p2""","=""3P""","=""1""","=""3s2.3p.4s""","=""3P*""","=""0""",3,1,,"=""T5814""","=""L3521""",
Si,3,"=""""","=""252.8471""","=""""","=""9.16e+07""",B,"=""204330.79""","=""243868.50""","=""3s.4d""","=""1D""","=""2""","=""3s.6f""","=""1F*""","=""3""",5,7,,"=""T6298c4""","=""""",
Si,1,"=""252.8509""","=""252.85079""","=""450""","=""9.04e+07""",B,"=""223.157""","=""39760.285""","=""3s2.3p2""","=""3P""","=""2""","=""3s2.3p.4s""","=""3P*""","=""1""",5,3,,"=""T5814""","=""L3521""",
Si,1,"=""253.2381""","=""253.23811""","=""110""","=""2.45e+07""",C,"=""15394.370""","=""54871.031""","=""3s2.3p2""","=""1S""","=""0""","=""3s2.3p.5s""","=""1P*""","=""1""",1,3,,"=""T5071""","=""L3521""",
Si,3,"=""254.182""","=""254.1818""","=""25""","=""3.22e+07""",B,"=""82884.41""","=""122214.52""","=""3s.3p""","=""1P*""","=""1""","=""3p2""","=""1D""","=""2""",3,5,,"=""c44,T5038,T1860""","=""L4833""",
Si,3,"=""254.609""","=""254.6092""","=""10""","=""6.1e+07""",D,"=""165765.00""","=""205029.09""","=""3s.3d""","=""1D""","=""2""","=""3p.3d""","=""1D*""","=""2""",5,5,,"=""c44""","=""L4833""",
Si,3,"=""255.921""","=""255.9196""","=""14""","=""1.63e+08""",C+,"=""165765.00""","=""204828.06""","=""3s.3d""","=""1D""","=""2""","=""3s.4f""","=""1F*""","=""3""",5,7,,"=""c44,T5038""","=""L4833""",
Si,1,"=""""","=""256.18234""","=""""","=""4.62e-03""",D,"=""6298.850""","=""45321.848""","=""3s2.3p2""","=""1D""","=""2""","=""3s.3p3""","=""3D*""","=""3""",5,7,M2,"=""c22""","=""""",
Si,1,"=""256.3679""","=""256.36774""","=""30""","=""4.20e-03""",D,"=""6298.850""","=""45293.629""","=""3s2.3p2""","=""1D""","=""2""","=""3s.3p3""","=""3D*""","=""2""",5,5,M2,"=""c22""","=""L3521""",
Si,1,"=""""","=""256.48246""","=""""","=""1.78e-03""",E,"=""6298.850""","=""45276.188""","=""3s2.3p2""","=""1D""","=""2""","=""3s.3p3""","=""3D*""","=""1""",5,3,M2,"=""c22""","=""""",
Si,1,"=""256.8641""","=""256.86398""","=""85""","=""4.24e+06""",D,"=""15394.370""","=""54313.818""","=""3s2.3p2""","=""1S""","=""0""","=""3s2.3p.5s""","=""3P*""","=""1""",1,3,,"=""T5071""","=""L3521""",
Si,2,"=""""","=""260.1557""","=""""","=""1.56e+02""",E,"=""42824.29""","=""81251.32""","=""3s.3p2""","=""4P""","=""1/2""","=""3s2.4p""","=""2P*""","=""3/2""",2,4,,"=""c22""","=""""",
Si,2,"=""""","=""260.4421""","=""""","=""1.33e+06""",D,"=""65500.47""","=""103885.25""","=""3s2.4s""","=""2S""","=""1/2""","=""3s2.5p""","=""2P*""","=""3/2""",2,4,,"=""T6868""","=""""",
Si,2,"=""""","=""260.5625""","=""""","=""2.51e+02""",E,"=""42824.29""","=""81191.34""","=""3s.3p2""","=""4P""","=""1/2""","=""3s2.4p""","=""2P*""","=""1/2""",2,2,,"=""c22""","=""""",
Si,2,"=""""","=""260.6085""","=""""","=""1.33e+06""",E,"=""65500.47""","=""103860.74""","=""3s2.4s""","=""2S""","=""1/2""","=""3s2.5p""","=""2P*""","=""1/2""",2,2,,"=""T6868""","=""""",
Si,2,"=""""","=""260.8913""","=""""","=""2.29e+01""",E,"=""42932.62""","=""81251.32""","=""3s.3p2""","=""4P""","=""3/2""","=""3s2.4p""","=""2P*""","=""3/2""",4,4,,"=""c22""","=""""",
Si,2,"=""""","=""261.3003""","=""""","=""9.22e+02""",E,"=""42932.62""","=""81191.34""","=""3s.3p2""","=""4P""","=""3/2""","=""3s2.4p""","=""2P*""","=""1/2""",4,2,,"=""c22""","=""""",
Si,2,"=""""","=""262.0903""","=""""","=""4.47e+03""",D,"=""43107.91""","=""81251.32""","=""3s.3p2""","=""4P""","=""5/2""","=""3s2.4p""","=""2P*""","=""3/2""",6,4,,"=""c22""","=""""",
Si,1,"=""263.1282""","=""263.12818""","=""190""","=""1.06e+08""",B,"=""15394.370""","=""53387.334""","=""3s2.3p2""","=""1S""","=""0""","=""3s2.3p.3d""","=""1P*""","=""1""",1,3,,"=""T5814""","=""L3521""",
Si,3,"=""264.079""","=""264.0788""","=""11""","=""1.83e+08""",B,"=""205029.09""","=""242885.30""","=""3p.3d""","=""1D*""","=""2""","=""3p.4p""","=""1P""","=""1""",5,3,,"=""T6298c4""","=""L4833""",
Si,2,"=""""","=""264.5538""","=""""","=""8.48e+06""",D,"=""83801.95""","=""121590.19""","=""3s.3p2""","=""2P""","=""1/2""","=""3s.3p.(3P*).4s""","=""2P*""","=""3/2""",2,4,,"=""T6527c4,LS""","=""""",
Si,3,"=""265.551""","=""265.5520""","=""14""","=""1.35e+08""",B,"=""204828.06""","=""242474.27""","=""3s.4f""","=""1F*""","=""3""","=""3s.6g""","=""1G""","=""4""",7,9,,"=""T6298c4""","=""L4833""",
Si,2,"=""""","=""265.5805""","=""""","=""3.36e+07""",D+,"=""83801.95""","=""121444.12""","=""3s.3p2""","=""2P""","=""1/2""","=""3s.3p.(3P*).4s""","=""2P*""","=""1/2""",2,2,,"=""T6527c4,LS""","=""""",
Si,2,"=""""","=""265.9779""","=""""","=""4.17e+07""",D+,"=""84004.26""","=""121590.19""","=""3s.3p2""","=""2P""","=""3/2""","=""3s.3p.(3P*).4s""","=""2P*""","=""3/2""",4,4,,"=""T6527c4,LS""","=""""",
Si,2,"=""""","=""267.0156""","=""""","=""1.65e+07""",D,"=""84004.26""","=""121444.12""","=""3s.3p2""","=""2P""","=""3/2""","=""3s.3p.(3P*).4s""","=""2P*""","=""1/2""",4,2,,"=""T6527c4,LS""","=""""",
Si,2,"=""""","=""267.7906""","=""""","=""1.77e+07""",C,"=""81191.34""","=""118522.86""","=""3s2.4p""","=""2P*""","=""1/2""","=""3s2.6d""","=""2D""","=""3/2""",2,4,,"=""T7166""","=""""",
Si,2,"=""268.221""","=""268.2216""","=""10w""","=""3.49e+06""",D+,"=""81251.32""","=""118522.86""","=""3s2.4p""","=""2P*""","=""3/2""","=""3s2.6d""","=""2D""","=""3/2""",4,4,,"=""T7166""","=""L3541""",
Si,3,"=""""","=""271.2525""","=""""","=""2.99e+02""",B+,"=""122214.52""","=""159069.61""","=""3p2""","=""1D""","=""2""","=""3s.4s""","=""1S""","=""0""",5,1,E2,"=""c44""","=""""",
Si,2,"=""""","=""272.2249""","=""""","=""1.56e+07""",E,"=""81191.34""","=""117914.80""","=""3s2.4p""","=""2P*""","=""1/2""","=""3s2.7s""","=""2S""","=""1/2""",2,2,,"=""T7166""","=""""",
Si,2,"=""""","=""272.6702""","=""""","=""3.17e+07""",D,"=""81251.32""","=""117914.80""","=""3s2.4p""","=""2P*""","=""3/2""","=""3s2.7s""","=""2S""","=""1/2""",4,2,,"=""T7166""","=""""",
Si,2,"=""""","=""273.6611""","=""""","=""1.30e+00""",D+,"=""42824.29""","=""79355.02""","=""3s.3p2""","=""4P""","=""1/2""","=""3s2.3d""","=""2D""","=""5/2""",2,6,E2,"=""c22""","=""""",
Si,2,"=""""","=""273.7850""","=""""","=""1.28e+00""",D+,"=""42824.29""","=""79338.50""","=""3s.3p2""","=""4P""","=""1/2""","=""3s2.3d""","=""2D""","=""3/2""",2,4,E2,"=""c22""","=""""",
Si,3,"=""""","=""276.8929""","=""""","=""6.16e+06""",D,"=""214532.17""","=""250636.55""","=""3s.5p""","=""1P*""","=""1""","=""3s.7d""","=""1D""","=""2""",3,5,,"=""T6298c4""","=""""",
Si,3,"=""""","=""277.2603""","=""""","=""6.25e-03""",C,"=""129708.45""","=""165765.00""","=""3p2""","=""3P""","=""0""","=""3s.3d""","=""1D""","=""2""",1,5,E2,"=""c44""","=""""",
Si,3,"=""""","=""278.2908""","=""""","=""4.56e-03""",D+,"=""129841.97""","=""165765.00""","=""3p2""","=""3P""","=""1""","=""3s.3d""","=""1D""","=""2""",3,5,M1,"=""c44""","=""""",
Si,3,"=""""","=""278.2908""","=""""","=""1.06e-04""",D+,"=""129841.97""","=""165765.00""","=""3p2""","=""3P""","=""1""","=""3s.3d""","=""1D""","=""2""",3,5,E2,"=""c44""","=""""",
Si,3,"=""""","=""278.9786""","=""""","=""1.01e-05""",D,"=""165765.00""","=""201599.48""","=""3s.3d""","=""1D""","=""2""","=""3s.4d""","=""3D""","=""3""",5,7,E2,"=""c44""","=""""",
Si,3,"=""""","=""278.9786""","=""""","=""2.90e-05""",E,"=""165765.00""","=""201599.48""","=""3s.3d""","=""1D""","=""2""","=""3s.4d""","=""3D""","=""3""",5,7,M1,"=""c44""","=""""",
Si,3,"=""""","=""278.9879""","=""""","=""7.37e-06""",E,"=""165765.00""","=""201598.28""","=""3s.3d""","=""1D""","=""2""","=""3s.4d""","=""3D""","=""2""",5,5,M1,"=""c44""","=""""",
Si,3,"=""""","=""278.9879""","=""""","=""3.38e-04""",D+,"=""165765.00""","=""201598.28""","=""3s.3d""","=""1D""","=""2""","=""3s.4d""","=""3D""","=""2""",5,5,E2,"=""c44""","=""""",
Si,3,"=""""","=""278.9922""","=""""","=""6.62e-05""",E,"=""165765.00""","=""201597.73""","=""3s.3d""","=""1D""","=""2""","=""3s.4d""","=""3D""","=""1""",5,3,M1,"=""c44""","=""""",
Si,3,"=""""","=""278.9922""","=""""","=""1.43e-05""",D,"=""165765.00""","=""201597.73""","=""3s.3d""","=""1D""","=""2""","=""3s.4d""","=""3D""","=""1""",5,3,E2,"=""c44""","=""""",
Si,3,"=""""","=""279.8593""","=""""","=""8.21e+05""",D,"=""204828.06""","=""240549.77""","=""3s.4f""","=""1F*""","=""3""","=""3s.6d""","=""1D""","=""2""",7,5,,"=""T6298c4""","=""""",
Si,3,"=""""","=""280.3084""","=""""","=""8.85e-03""",C,"=""130100.52""","=""165765.00""","=""3p2""","=""3P""","=""2""","=""3s.3d""","=""1D""","=""2""",5,5,E2,"=""c44""","=""""",
Si,3,"=""""","=""280.3084""","=""""","=""1.34e-02""",D+,"=""130100.52""","=""165765.00""","=""3p2""","=""3P""","=""2""","=""3s.3d""","=""1D""","=""2""",5,5,M1,"=""c44""","=""""",
Si,3,"=""""","=""281.1702""","=""""","=""5.47e+04""",E,"=""209531.40""","=""245086.58""","=""3s.4f""","=""3F*""","=""2""","=""3p.4p""","=""3D""","=""3""",5,7,,"=""T6298c4,LS""","=""""",
Si,3,"=""""","=""281.3912""","=""""","=""1.94e+06""",D+,"=""209559.33""","=""245086.58""","=""3s.4f""","=""3F*""","=""3""","=""3p.4p""","=""3D""","=""3""",7,7,,"=""T6298c4,LS""","=""""",
Si,3,"=""""","=""281.4433""","=""""","=""1.20e+06""",D+,"=""205029.09""","=""240549.77""","=""3p.3d""","=""1D*""","=""2""","=""3s.6d""","=""1D""","=""2""",5,5,,"=""T6298c4""","=""""",
Si,3,"=""281.711""","=""281.7113""","=""9""","=""2.22e+07""",C+,"=""209599.70""","=""245086.58""","=""3s.4f""","=""3F*""","=""4""","=""3p.4p""","=""3D""","=""3""",9,7,,"=""T6298c4,LS""","=""L4833""",
Si,3,"=""""","=""282.9251""","=""""","=""2.66e+06""",D+,"=""209531.40""","=""244866.05""","=""3s.4f""","=""3F*""","=""2""","=""3p.4p""","=""3D""","=""2""",5,5,,"=""T6298c4,LS""","=""""",
Si,3,"=""""","=""283.0017""","=""""","=""3.07e+07""",D,"=""214532.17""","=""249857.26""","=""3s.5p""","=""1P*""","=""1""","=""3s.8s""","=""1S""","=""0""",3,1,,"=""T6298c4""","=""""",
Si,3,"=""283.149""","=""283.1489""","=""7""","=""2.12e+07""",C+,"=""209559.33""","=""244866.05""","=""3s.4f""","=""3F*""","=""3""","=""3p.4p""","=""3D""","=""2""",7,5,,"=""T6298c4,LS""","=""L4833""",
Si,3,"=""283.962""","=""283.9628""","=""5""","=""2.37e+07""",C,"=""209531.40""","=""244736.93""","=""3s.4f""","=""3F*""","=""2""","=""3p.4p""","=""3D""","=""1""",5,3,,"=""T6298c4,LS""","=""L4833""",
Si,3,"=""""","=""287.4627""","=""""","=""4.02e+07""",D+,"=""214989.27""","=""249766.19""","=""3s.5p""","=""3P*""","=""2""","=""3s.8s""","=""3S""","=""1""",5,3,,"=""T6298c4,LS""","=""""",
Si,3,"=""""","=""287.5072""","=""""","=""2.41e+07""",D+,"=""214994.65""","=""249766.19""","=""3s.5p""","=""3P*""","=""1""","=""3s.8s""","=""3S""","=""1""",3,3,,"=""T6298c4,LS""","=""""",
Si,3,"=""""","=""287.5138""","=""""","=""8.04e+06""",D,"=""214995.46""","=""249766.19""","=""3s.5p""","=""3P*""","=""0""","=""3s.8s""","=""3S""","=""1""",1,3,,"=""T6298c4,LS""","=""""",
Si,1,"=""288.1579""","=""288.15777""","=""1000""","=""2.17e+08""",B,"=""6298.850""","=""40991.884""","=""3s2.3p2""","=""1D""","=""2""","=""3s2.3p.4s""","=""1P*""","=""1""",5,3,,"=""T5814""","=""L3521""",
Si,2,"=""""","=""288.6138""","=""""","=""7.08e+05""",D,"=""79338.50""","=""113976.72""","=""3s2.3d""","=""2D""","=""3/2""","=""3s2.6p""","=""2P*""","=""3/2""",4,4,,"=""T7166""","=""""",
Si,2,"=""""","=""288.7358""","=""""","=""8.38e+06""",D,"=""79338.50""","=""113962.08""","=""3s2.3d""","=""2D""","=""3/2""","=""3s2.6p""","=""2P*""","=""1/2""",4,2,,"=""T6527c4,LS""","=""""",
Si,2,"=""288.751""","=""288.7515""","=""10w""","=""6.39e+06""",D+,"=""79355.02""","=""113976.72""","=""3s2.3d""","=""2D""","=""5/2""","=""3s2.6p""","=""2P*""","=""3/2""",6,4,,"=""T7166""","=""L3541""",
Si,2,"=""290.428""","=""290.4283""","=""300""","=""3.58e+07""",C,"=""79338.50""","=""113760.32""","=""3s2.3d""","=""2D""","=""3/2""","=""3s2.5f""","=""2F*""","=""5/2""",4,6,,"=""T6527c4,LS""","=""L3541""",
Si,2,"=""""","=""290.5678""","=""""","=""2.55e+06""",D,"=""79355.02""","=""113760.32""","=""3s2.3d""","=""2D""","=""5/2""","=""3s2.5f""","=""2F*""","=""5/2""",6,6,,"=""T6527c4,LS""","=""""",
Si,2,"=""290.569""","=""290.5692""","=""500""","=""3.83e+07""",C,"=""79355.02""","=""113760.15""","=""3s2.3d""","=""2D""","=""5/2""","=""3s2.5f""","=""2F*""","=""7/2""",6,8,,"=""T6527c4,LS""","=""L3541""",
Si,3,"=""""","=""291.4480""","=""""","=""4.47e+02""",B+,"=""175230.01""","=""209531.40""","=""3s.4p""","=""3P*""","=""0""","=""3s.4f""","=""3F*""","=""2""",1,5,E2,"=""c44""","=""""",
Si,3,"=""""","=""291.4919""","=""""","=""6.33e+02""",B+,"=""175263.10""","=""209559.33""","=""3s.4p""","=""3P*""","=""1""","=""3s.4f""","=""3F*""","=""3""",3,7,E2,"=""c44""","=""""",
Si,3,"=""""","=""291.7295""","=""""","=""4.44e+02""",B+,"=""175263.10""","=""209531.40""","=""3s.4p""","=""3P*""","=""1""","=""3s.4f""","=""3F*""","=""2""",3,5,E2,"=""c44""","=""""",
Si,3,"=""""","=""291.7709""","=""""","=""9.40e+02""",A,"=""175336.26""","=""209599.70""","=""3s.4p""","=""3P*""","=""2""","=""3s.4f""","=""3F*""","=""4""",5,9,E2,"=""c44""","=""""",
Si,3,"=""""","=""292.1150""","=""""","=""3.14e+02""",B+,"=""175336.26""","=""209559.33""","=""3s.4p""","=""3P*""","=""2""","=""3s.4f""","=""3F*""","=""3""",5,7,E2,"=""c44""","=""""",
Si,3,"=""""","=""292.3537""","=""""","=""6.30e+01""",B+,"=""175336.26""","=""209531.40""","=""3s.4p""","=""3P*""","=""2""","=""3s.4f""","=""3F*""","=""2""",5,5,E2,"=""c44""","=""""",
Si,3,"=""""","=""292.8956""","=""""","=""4.89e+06""",D,"=""214989.27""","=""249121.14""","=""3s.5p""","=""3P*""","=""2""","=""3s.7d""","=""3D""","=""3""",5,7,,"=""T6298c4,LS""","=""""",
Si,3,"=""""","=""293.0436""","=""""","=""1.22e+06""",E,"=""214989.27""","=""249103.90""","=""3s.5p""","=""3P*""","=""2""","=""3s.7d""","=""3D""","=""2""",5,5,,"=""T6298c4,LS""","=""""",
Si,3,"=""""","=""293.0899""","=""""","=""3.66e+06""",D,"=""214994.65""","=""249103.90""","=""3s.5p""","=""3P*""","=""1""","=""3s.7d""","=""3D""","=""2""",3,5,,"=""T6298c4,LS""","=""""",
Si,3,"=""""","=""293.133""","=""""","=""1.36e+05""",E,"=""214989.27""","=""249093.5""","=""3s.5p""","=""3P*""","=""2""","=""3s.7d""","=""3D""","=""1""",5,3,,"=""T6298c4,LS""","=""""",
Si,3,"=""""","=""293.179""","=""""","=""2.03e+06""",E,"=""214994.65""","=""249093.5""","=""3s.5p""","=""3P*""","=""1""","=""3s.7d""","=""3D""","=""1""",3,3,,"=""T6298c4,LS""","=""""",
Si,3,"=""""","=""293.186""","=""""","=""2.71e+06""",E,"=""214995.46""","=""249093.5""","=""3s.5p""","=""3P*""","=""0""","=""3s.7d""","=""3D""","=""1""",1,3,,"=""T6298c4,LS""","=""""",
Si,2,"=""""","=""295.4127""","=""""","=""1.47e-02""",D,"=""42824.29""","=""76665.35""","=""3s.3p2""","=""4P""","=""1/2""","=""3s.3p2""","=""2S""","=""1/2""",2,2,M1,"=""c22""","=""""",
Si,3,"=""295.915""","=""295.9153""","=""5""","=""1.48e+07""",C,"=""214989.27""","=""248772.86""","=""3s.5p""","=""3P*""","=""2""","=""3p.4p""","=""3S""","=""1""",5,3,,"=""T6298c4,LS""","=""L4833""",
Si,3,"=""""","=""295.9624""","=""""","=""8.90e+06""",C,"=""214994.65""","=""248772.86""","=""3s.5p""","=""3P*""","=""1""","=""3p.4p""","=""3S""","=""1""",3,3,,"=""T6298c4,LS""","=""""",
Si,3,"=""""","=""295.9695""","=""""","=""2.97e+06""",D+,"=""214995.46""","=""248772.86""","=""3s.5p""","=""3P*""","=""0""","=""3p.4p""","=""3S""","=""1""",1,3,,"=""T6298c4,LS""","=""""",
Si,2,"=""""","=""296.3614""","=""""","=""6.15e+00""",C+,"=""42932.62""","=""76665.35""","=""3s.3p2""","=""4P""","=""3/2""","=""3s.3p2""","=""2S""","=""1/2""",4,2,E2,"=""c22""","=""""",
Si,2,"=""""","=""296.3614""","=""""","=""7.13e-02""",D,"=""42932.62""","=""76665.35""","=""3s.3p2""","=""4P""","=""3/2""","=""3s.3p2""","=""2S""","=""1/2""",4,2,M1,"=""c22""","=""""",
Si,1,"=""297.0355""","=""297.03532""","=""55""","=""6.00e+04""",E,"=""6298.850""","=""39955.053""","=""3s2.3p2""","=""1D""","=""2""","=""3s2.3p.4s""","=""3P*""","=""2""",5,5,,"=""T5814""","=""L3521""",
Si,2,"=""""","=""297.9096""","=""""","=""5.44e+01""",B,"=""43107.91""","=""76665.35""","=""3s.3p2""","=""4P""","=""5/2""","=""3s.3p2""","=""2S""","=""1/2""",6,2,E2,"=""c22""","=""""",
Si,3,"=""298.052""","=""298.0525""","=""5""","=""2.37e+05""",D,"=""142945.84""","=""176487.19""","=""3s.3d""","=""3D""","=""2""","=""3s.4p""","=""1P*""","=""1""",5,3,,"=""c44""","=""L4833""",
Si,3,"=""""","=""298.0739""","=""""","=""8.24e+04""",E,"=""142948.25""","=""176487.19""","=""3s.3d""","=""3D""","=""1""","=""3s.4p""","=""1P*""","=""1""",3,3,,"=""c44""","=""""",
Si,1,"=""298.7645""","=""298.76434""","=""150""","=""2.66e+06""",D+,"=""6298.850""","=""39760.285""","=""3s2.3p2""","=""1D""","=""2""","=""3s2.3p.4s""","=""3P*""","=""1""",5,3,,"=""T5814""","=""L3521""",
Si,3,"=""""","=""299.2851""","=""""","=""4.15e+05""",D,"=""214532.17""","=""247935.39""","=""3s.5p""","=""1P*""","=""1""","=""3p.4p""","=""1D""","=""2""",3,5,,"=""T6298c4""","=""""",
Si,1,"=""""","=""299.97808""","=""""","=""6.57e-04""",D,"=""0.000""","=""33326.053""","=""3s2.3p2""","=""3P""","=""0""","=""3s.3p3""","=""5S*""","=""2""",1,5,M2,"=""c22""","=""""",
Si,1,"=""300.6739""","=""300.67385""","=""50""","=""1.1e+03""",E,"=""77.115""","=""33326.053""","=""3s2.3p2""","=""3P""","=""1""","=""3s.3p3""","=""5S*""","=""2""",3,5,,"=""T6066c4""","=""L3521""",
Si,1,"=""""","=""300.67385""","=""""","=""1.45e-03""",D,"=""77.115""","=""33326.053""","=""3s2.3p2""","=""3P""","=""1""","=""3s.3p3""","=""5S*""","=""2""",3,5,M2,"=""c22""","=""""",
Si,3,"=""301.309""","=""301.3098""","=""5""","=""5.67e+06""",C,"=""214989.27""","=""248168.04""","=""3s.5p""","=""3P*""","=""2""","=""3p.4p""","=""3P""","=""2""",5,5,,"=""T6298c4,LS""","=""L4833""",
Si,3,"=""""","=""301.3586""","=""""","=""1.89e+06""",D+,"=""214994.65""","=""248168.04""","=""3s.5p""","=""3P*""","=""1""","=""3p.4p""","=""3P""","=""2""",3,5,,"=""T6298c4,LS""","=""""",
Si,1,"=""302.0004""","=""302.00041""","=""75""","=""3.3e+03""",E,"=""223.157""","=""33326.053""","=""3s2.3p2""","=""3P""","=""2""","=""3s.3p3""","=""5S*""","=""2""",5,5,,"=""T6066c4""","=""L3521""",
Si,1,"=""""","=""302.00041""","=""""","=""1.09e-03""",D,"=""223.157""","=""33326.053""","=""3s2.3p2""","=""3P""","=""2""","=""3s.3p3""","=""5S*""","=""2""",5,5,M2,"=""c22""","=""""",
Si,3,"=""""","=""302.2813""","=""""","=""1.35e+00""",B,"=""176487.19""","=""209559.33""","=""3s.4p""","=""1P*""","=""1""","=""3s.4f""","=""3F*""","=""3""",3,7,E2,"=""c44""","=""""",
Si,3,"=""""","=""302.5368""","=""""","=""7.11e-01""",B,"=""176487.19""","=""209531.40""","=""3s.4p""","=""1P*""","=""1""","=""3s.4f""","=""3F*""","=""2""",3,5,E2,"=""c44""","=""""",
Si,3,"=""""","=""303.2691""","=""""","=""3.09e+06""",D+,"=""214989.27""","=""247953.69""","=""3s.5p""","=""3P*""","=""2""","=""3p.4p""","=""3P""","=""1""",5,3,,"=""T6298c4,LS""","=""""",
Si,3,"=""""","=""303.3186""","=""""","=""1.85e+06""",D+,"=""214994.65""","=""247953.69""","=""3s.5p""","=""3P*""","=""1""","=""3p.4p""","=""3P""","=""1""",3,3,,"=""T6298c4,LS""","=""""",
Si,3,"=""""","=""303.3261""","=""""","=""2.46e+06""",D+,"=""214995.46""","=""247953.69""","=""3s.5p""","=""3P*""","=""0""","=""3p.4p""","=""3P""","=""1""",1,3,,"=""T6298c4,LS""","=""""",
Si,3,"=""303.473""","=""303.4731""","=""6""","=""4.50e+07""",B,"=""209531.40""","=""242473.66""","=""3s.4f""","=""3F*""","=""2""","=""3s.6g""","=""3G""","=""3""",5,7,,"=""T6298c4,LS""","=""L4833""",
Si,3,"=""303.729""","=""303.7306""","=""8""","=""3.93e+06""",C,"=""209559.33""","=""242473.66""","=""3s.4f""","=""3F*""","=""3""","=""3s.6g""","=""3G""","=""3""",7,7,,"=""T6298c4,LS""","=""L4833""",
Si,3,"=""""","=""304.0754""","=""""","=""7.35e+06""",D+,"=""214994.65""","=""247871.66""","=""3s.5p""","=""3P*""","=""1""","=""3p.4p""","=""3P""","=""0""",3,1,,"=""T6298c4,LS""","=""""",
Si,3,"=""304.093""","=""304.0930""","=""9""","=""4.87e+07""",B,"=""209599.70""","=""242474.81""","=""3s.4f""","=""3F*""","=""4""","=""3s.6g""","=""3G""","=""5""",9,11,,"=""T6298c4,LS""","=""L4833""",
Si,3,"=""""","=""304.1018""","=""""","=""3.05e+06""",C,"=""209599.70""","=""242473.86""","=""3s.4f""","=""3F*""","=""4""","=""3s.6g""","=""3G""","=""4""",9,9,,"=""T6298c4,LS""","=""""",
Si,3,"=""""","=""304.1036""","=""""","=""5.97e+04""",E,"=""209599.70""","=""242473.66""","=""3s.4f""","=""3F*""","=""4""","=""3s.6g""","=""3G""","=""3""",9,7,,"=""T6298c4,LS""","=""""",
Si,3,"=""""","=""304.3769""","=""""","=""2.99e+05""",D,"=""201597.73""","=""234442.18""","=""3s.4d""","=""3D""","=""1""","=""3s.6p""","=""3P*""","=""2""",3,5,,"=""T6298c4,LS""","=""""",
Si,3,"=""""","=""304.3820""","=""""","=""4.48e+06""",C,"=""201598.28""","=""234442.18""","=""3s.4d""","=""3D""","=""2""","=""3s.6p""","=""3P*""","=""2""",5,5,,"=""T6298c4,LS""","=""""",
Si,3,"=""304.393""","=""304.3931""","=""7""","=""2.51e+07""",C+,"=""201599.48""","=""234442.18""","=""3s.4d""","=""3D""","=""3""","=""3s.6p""","=""3P*""","=""2""",7,5,,"=""T6298c4,LS""","=""L4833""",
Si,3,"=""""","=""304.5046""","=""""","=""7.48e+06""",C,"=""201597.73""","=""234428.40""","=""3s.4d""","=""3D""","=""1""","=""3s.6p""","=""3P*""","=""1""",3,3,,"=""T6298c4,LS""","=""""",
Si,3,"=""304.508""","=""304.5097""","=""5""","=""2.24e+07""",C,"=""201598.28""","=""234428.40""","=""3s.4d""","=""3D""","=""2""","=""3s.6p""","=""3P*""","=""1""",5,3,,"=""T6298c4,LS""","=""L4833""",
Si,3,"=""""","=""304.6283""","=""""","=""2.97e+07""",C,"=""201597.73""","=""234415.07""","=""3s.4d""","=""3D""","=""1""","=""3s.6p""","=""3P*""","=""0""",3,1,,"=""T6298c4,LS""","=""""",
Si,3,"=""306.824""","=""306.8229""","=""7""","=""5.15e+07""",C+,"=""216190.24""","=""248772.86""","=""3p.3d""","=""3P*""","=""2""","=""3p.4p""","=""3S""","=""1""",5,3,,"=""T6298c4,LS""","=""L4833""",
Si,3,"=""""","=""307.7528""","=""""","=""3.06e+07""",C+,"=""216288.69""","=""248772.86""","=""3p.3d""","=""3P*""","=""1""","=""3p.4p""","=""3S""","=""1""",3,3,,"=""T6298c4,LS""","=""""",
Si,3,"=""""","=""308.3373""","=""""","=""1.01e+07""",C,"=""216350.26""","=""248772.86""","=""3p.3d""","=""3P*""","=""0""","=""3p.4p""","=""3S""","=""1""",1,3,,"=""T6298c4,LS""","=""""",
Si,3,"=""308.624""","=""308.6236""","=""25""","=""1.46e+08""",B+,"=""142943.74""","=""175336.26""","=""3s.3d""","=""3D""","=""3""","=""3s.4p""","=""3P*""","=""2""",7,5,,"=""c44""","=""L4833""",
Si,3,"=""308.646""","=""308.6436""","=""6""","=""2.61e+07""",C+,"=""142945.84""","=""175336.26""","=""3s.3d""","=""3D""","=""2""","=""3s.4p""","=""3P*""","=""2""",5,5,,"=""c44""","=""L4833""",
Si,3,"=""""","=""308.6666""","=""""","=""1.74e+06""",C,"=""142948.25""","=""175336.26""","=""3s.3d""","=""3D""","=""1""","=""3s.4p""","=""3P*""","=""2""",3,5,,"=""c44""","=""""",
Si,3,"=""309.342""","=""309.3424""","=""20""","=""1.30e+08""",B,"=""142945.84""","=""175263.10""","=""3s.3d""","=""3D""","=""2""","=""3s.4p""","=""3P*""","=""1""",5,3,,"=""c44""","=""L4833""",
Si,3,"=""309.365""","=""309.3654""","=""5""","=""4.33e+07""",C+,"=""142948.25""","=""175263.10""","=""3s.3d""","=""3D""","=""1""","=""3s.4p""","=""3P*""","=""1""",3,3,,"=""c44""","=""L4833""",
Si,3,"=""309.683""","=""309.6826""","=""16""","=""1.73e+08""",B,"=""142948.25""","=""175230.01""","=""3s.3d""","=""3D""","=""1""","=""3s.4p""","=""3P*""","=""0""",3,1,,"=""c44""","=""L4833""",
Si,3,"=""312.627""","=""312.6263""","=""6""","=""4.67e+07""",C+,"=""216190.24""","=""248168.04""","=""3p.3d""","=""3P*""","=""2""","=""3p.4p""","=""3P""","=""2""",5,5,,"=""T6298c4,LS""","=""L4833""",
Si,3,"=""""","=""313.5918""","=""""","=""1.54e+07""",C+,"=""216288.69""","=""248168.04""","=""3p.3d""","=""3P*""","=""1""","=""3p.4p""","=""3P""","=""2""",3,5,,"=""T6298c4,LS""","=""""",
Si,3,"=""314.737""","=""314.7361""","=""7""","=""2.53e+07""",C+,"=""216190.24""","=""247953.69""","=""3p.3d""","=""3P*""","=""2""","=""3p.4p""","=""3P""","=""1""",5,3,,"=""T6298c4,LS""","=""L4833""",
Si,3,"=""""","=""315.7147""","=""""","=""1.51e+07""",C,"=""216288.69""","=""247953.69""","=""3p.3d""","=""3P*""","=""1""","=""3p.4p""","=""3P""","=""1""",3,3,,"=""T6298c4,LS""","=""""",
Si,3,"=""316.161""","=""316.1610""","=""8""","=""4.91e+07""",C+,"=""204330.79""","=""235951.09""","=""3s.4d""","=""1D""","=""2""","=""3p.3d""","=""1P*""","=""1""",5,3,,"=""T6298c4""","=""L4833""",
Si,3,"=""""","=""316.3298""","=""""","=""2.00e+07""",C,"=""216350.26""","=""247953.69""","=""3p.3d""","=""3P*""","=""0""","=""3p.4p""","=""3P""","=""1""",1,3,,"=""T6298c4,LS""","=""""",
Si,3,"=""""","=""316.5347""","=""""","=""5.99e+07""",C,"=""216288.69""","=""247871.66""","=""3p.3d""","=""3P*""","=""1""","=""3p.4p""","=""3P""","=""0""",3,1,,"=""T6298c4,LS""","=""""",
Si,3,"=""318.513""","=""318.5121""","=""16""","=""4.04e+08""",B,"=""176487.19""","=""207874.09""","=""3s.4p""","=""1P*""","=""1""","=""3s.5s""","=""1S""","=""0""",3,1,,"=""T6298c4""","=""L4833""",
Si,3,"=""318.602""","=""318.6018""","=""13""","=""1.13e+08""",B,"=""198923.15""","=""230301.22""","=""3p.3d""","=""3F*""","=""2""","=""3s.5g""","=""3G""","=""3""",5,7,,"=""T6298c4,LS""","=""L4833""",
Si,3,"=""319.650""","=""319.6501""","=""14""","=""1.14e+08""",B,"=""199026.49""","=""230301.66""","=""3p.3d""","=""3F*""","=""3""","=""3s.5g""","=""3G""","=""4""",7,9,,"=""T6298c4,LS""","=""L4833""",
Si,3,"=""""","=""319.6546""","=""""","=""9.79e+06""",C+,"=""199026.49""","=""230301.22""","=""3p.3d""","=""3F*""","=""3""","=""3s.5g""","=""3G""","=""3""",7,7,,"=""T6298c4,LS""","=""""",
Si,2,"=""320.387""","=""320.3872""","=""100w""","=""4.45e+07""",C+,"=""81191.34""","=""112394.56""","=""3s2.4p""","=""2P*""","=""1/2""","=""3s2.5d""","=""2D""","=""3/2""",2,4,,"=""T7166""","=""L3541""",
Si,2,"=""321.003""","=""321.0026""","=""200w""","=""5.29e+07""",C+,"=""81251.32""","=""112394.72""","=""3s2.4p""","=""2P*""","=""3/2""","=""3s2.5d""","=""2D""","=""5/2""",4,6,,"=""T7166""","=""L3541""",
Si,2,"=""""","=""321.0042""","=""""","=""8.82e+06""",C,"=""81251.32""","=""112394.56""","=""3s2.4p""","=""2P*""","=""3/2""","=""3s2.5d""","=""2D""","=""3/2""",4,4,,"=""T7166""","=""""",
Si,3,"=""321.055""","=""321.0557""","=""15""","=""1.20e+08""",B+,"=""199164.10""","=""230302.35""","=""3p.3d""","=""3F*""","=""4""","=""3s.5g""","=""3G""","=""5""",9,11,,"=""T6298c4,LS""","=""L4833""",
Si,3,"=""""","=""321.0628""","=""""","=""7.50e+06""",C+,"=""199164.10""","=""230301.66""","=""3p.3d""","=""3F*""","=""4""","=""3s.5g""","=""3G""","=""4""",9,9,,"=""T6298c4,LS""","=""""",
Si,3,"=""""","=""321.0673""","=""""","=""1.47e+05""",D,"=""199164.10""","=""230301.22""","=""3p.3d""","=""3F*""","=""4""","=""3s.5g""","=""3G""","=""3""",9,7,,"=""T6298c4,LS""","=""""",
Si,3,"=""321.625""","=""321.6249""","=""7""","=""1.90e+07""",D+,"=""204330.79""","=""235413.93""","=""3s.4d""","=""1D""","=""2""","=""3p.3d""","=""1F*""","=""3""",5,7,,"=""T6298c4""","=""L4833""",
Si,3,"=""323.050""","=""323.0496""","=""12""","=""4.75e+07""",C+,"=""175230.01""","=""206176.08""","=""3s.4p""","=""3P*""","=""0""","=""3s.5s""","=""3S""","=""1""",1,3,,"=""T6298c4,LS""","=""L4833""",
Si,3,"=""323.395""","=""323.3954""","=""14""","=""1.42e+08""",B,"=""175263.10""","=""206176.08""","=""3s.4p""","=""3P*""","=""1""","=""3s.5s""","=""3S""","=""1""",3,3,,"=""T6298c4,LS""","=""L4833""",
Si,3,"=""324.162""","=""324.1626""","=""15""","=""2.35e+08""",B,"=""175336.26""","=""206176.08""","=""3s.4p""","=""3P*""","=""2""","=""3s.5s""","=""3S""","=""1""",5,3,,"=""T6298c4,LS""","=""L4833""",
Si,3,"=""""","=""324.7585""","=""""","=""4.46e+04""",E,"=""209531.40""","=""240314.63""","=""3s.4f""","=""3F*""","=""2""","=""3s.6d""","=""3D""","=""3""",5,7,,"=""T6298c4,LS""","=""""",
Si,3,"=""""","=""324.7686""","=""""","=""1.22e+06""",D+,"=""217385.77""","=""248168.04""","=""3p.3d""","=""3D*""","=""1""","=""3p.4p""","=""3P""","=""2""",3,5,,"=""T6298c4,LS""","=""""",
Si,3,"=""""","=""325.0534""","=""""","=""1.58e+06""",D+,"=""209559.33""","=""240314.63""","=""3s.4f""","=""3F*""","=""3""","=""3s.6d""","=""3D""","=""3""",7,7,,"=""T6298c4,LS""","=""""",
Si,3,"=""""","=""325.0790""","=""""","=""2.21e+06""",D+,"=""209531.40""","=""240284.28""","=""3s.4f""","=""3F*""","=""2""","=""3s.6d""","=""3D""","=""2""",5,5,,"=""T6298c4,LS""","=""""",
Si,3,"=""""","=""325.107""","=""""","=""1.37e+07""",D,"=""227081.19""","=""257831.4""","=""3s.5d""","=""3D""","=""1""","=""3s.9f""","=""3F*""","=""2""",3,5,,"=""T6298c4,LS""","=""""",
Si,3,"=""""","=""325.139""","=""""","=""2.54e+06""",E,"=""227084.21""","=""257831.4""","=""3s.5d""","=""3D""","=""2""","=""3s.9f""","=""3F*""","=""2""",5,5,,"=""T6298c4,LS""","=""""",
Si,3,"=""""","=""325.139""","=""""","=""1.45e+07""",D,"=""227084.21""","=""257831.4""","=""3s.5d""","=""3D""","=""2""","=""3s.9f""","=""3F*""","=""3""",5,7,,"=""T6298c4,LS""","=""""",
Si,3,"=""""","=""325.187""","=""""","=""7.18e+04""",E,"=""227088.72""","=""257831.4""","=""3s.5d""","=""3D""","=""3""","=""3s.9f""","=""3F*""","=""2""",7,5,,"=""T6298c4,LS""","=""""",
Si,3,"=""""","=""325.187""","=""""","=""1.63e+07""",D+,"=""227088.72""","=""257831.4""","=""3s.5d""","=""3D""","=""3""","=""3s.9f""","=""3F*""","=""4""",7,9,,"=""T6298c4,LS""","=""""",
Si,3,"=""""","=""325.187""","=""""","=""1.82e+06""",E,"=""227088.72""","=""257831.4""","=""3s.5d""","=""3D""","=""3""","=""3s.9f""","=""3F*""","=""3""",7,7,,"=""T6298c4,LS""","=""""",
Si,3,"=""""","=""325.3118""","=""""","=""1.97e+07""",C,"=""209531.40""","=""240262.28""","=""3s.4f""","=""3F*""","=""2""","=""3s.6d""","=""3D""","=""1""",5,3,,"=""T6298c4,LS""","=""""",
Si,3,"=""325.340""","=""325.3410""","=""7""","=""1.82e+07""",C+,"=""217439.92""","=""248168.04""","=""3p.3d""","=""3D*""","=""2""","=""3p.4p""","=""3P""","=""2""",5,5,,"=""T6298c4,LS""","=""L4833""",
Si,3,"=""325.374""","=""325.3745""","=""5""","=""1.75e+07""",C+,"=""209559.33""","=""240284.28""","=""3s.4f""","=""3F*""","=""3""","=""3s.6d""","=""3D""","=""2""",7,5,,"=""T6298c4,LS""","=""L4833""",
Si,3,"=""325.480""","=""325.4807""","=""7""","=""1.81e+07""",C+,"=""209599.70""","=""240314.63""","=""3s.4f""","=""3F*""","=""4""","=""3s.6d""","=""3D""","=""3""",9,7,,"=""T6298c4,LS""","=""L4833""",
Si,3,"=""325.866""","=""325.8667""","=""12""","=""1.01e+08""",B,"=""217489.49""","=""248168.04""","=""3p.3d""","=""3D*""","=""3""","=""3p.4p""","=""3P""","=""2""",7,5,,"=""T6298c4,LS""","=""L4833""",
Si,3,"=""327.046""","=""327.0461""","=""6""","=""2.99e+07""",C+,"=""217385.77""","=""247953.69""","=""3p.3d""","=""3D*""","=""1""","=""3p.4p""","=""3P""","=""1""",3,3,,"=""T6298c4,LS""","=""L4833""",
Si,3,"=""327.626""","=""327.6265""","=""10""","=""8.91e+07""",B,"=""217439.92""","=""247953.69""","=""3p.3d""","=""3D*""","=""2""","=""3p.4p""","=""3P""","=""1""",5,3,,"=""T6298c4,LS""","=""L4833""",
Si,3,"=""327.926""","=""327.9261""","=""7""","=""1.18e+08""",C+,"=""217385.77""","=""247871.66""","=""3p.3d""","=""3D*""","=""1""","=""3p.4p""","=""3P""","=""0""",3,1,,"=""T6298c4,LS""","=""L4833""",
Si,3,"=""""","=""329.4131""","=""""","=""1.63e+07""",D,"=""227665.09""","=""258013.37""","=""3s.5d""","=""1D""","=""2""","=""3s.9f""","=""1F*""","=""3""",5,7,,"=""T6298c4""","=""""",
Si,3,"=""""","=""330.1678""","=""""","=""7.89e+07""",C+,"=""228699.75""","=""258978.66""","=""3p.4s""","=""1P*""","=""1""","=""3p.4p""","=""1S""","=""0""",3,1,,"=""T6298c4""","=""""",
Si,3,"=""""","=""331.4727""","=""""","=""1.66e-02""",D+,"=""52724.69""","=""82884.41""","=""3s.3p""","=""3P*""","=""0""","=""3s.3p""","=""1P*""","=""1""",1,3,M1,"=""c44""","=""""",
Si,3,"=""""","=""332.1600""","=""""","=""5.01e+06""",C,"=""214989.27""","=""245086.58""","=""3s.5p""","=""3P*""","=""2""","=""3p.4p""","=""3D""","=""3""",5,7,,"=""T6298c4,LS""","=""""",
Si,3,"=""""","=""332.6072""","=""""","=""1.89e+06""",D,"=""204330.79""","=""234387.64""","=""3s.4d""","=""1D""","=""2""","=""3s.6p""","=""1P*""","=""1""",5,3,,"=""T6298c4""","=""""",
Si,3,"=""""","=""332.8920""","=""""","=""1.91e-03""",C,"=""52853.28""","=""82884.41""","=""3s.3p""","=""3P*""","=""1""","=""3s.3p""","=""1P*""","=""1""",3,3,E2,"=""c44""","=""""",
Si,3,"=""""","=""332.8920""","=""""","=""1.23e-02""",D+,"=""52853.28""","=""82884.41""","=""3s.3p""","=""3P*""","=""1""","=""3s.3p""","=""1P*""","=""1""",3,3,M1,"=""c44""","=""""",
Si,2,"=""333.314""","=""333.3139""","=""300""","=""1.00e+07""",C,"=""81191.34""","=""111184.46""","=""3s2.4p""","=""2P*""","=""1/2""","=""3s2.6s""","=""2S""","=""1/2""",2,2,,"=""T6570""","=""L3541""",
Si,2,"=""333.982""","=""333.9818""","=""500""","=""2.00e+07""",C+,"=""81251.32""","=""111184.46""","=""3s2.4p""","=""2P*""","=""3/2""","=""3s2.6s""","=""2S""","=""1/2""",4,2,,"=""T6570""","=""L3541""",
Si,3,"=""""","=""334.6119""","=""""","=""1.23e+06""",D+,"=""214989.27""","=""244866.05""","=""3s.5p""","=""3P*""","=""2""","=""3p.4p""","=""3D""","=""2""",5,5,,"=""T6298c4,LS""","=""""",
Si,3,"=""""","=""334.6722""","=""""","=""3.68e+06""",C,"=""214994.65""","=""244866.05""","=""3s.5p""","=""3P*""","=""1""","=""3p.4p""","=""3D""","=""2""",3,5,,"=""T6298c4,LS""","=""""",
Si,3,"=""""","=""335.4844""","=""""","=""1.23e-01""",C+,"=""175230.01""","=""205029.09""","=""3s.4p""","=""3P*""","=""0""","=""3p.3d""","=""1D*""","=""2""",1,5,E2,"=""c44""","=""""",
Si,3,"=""""","=""335.8189""","=""""","=""1.25e-03""",C,"=""53115.01""","=""82884.41""","=""3s.3p""","=""3P*""","=""2""","=""3s.3p""","=""1P*""","=""1""",5,3,E2,"=""c44""","=""""",
Si,3,"=""""","=""335.8189""","=""""","=""2.00e-02""",D+,"=""53115.01""","=""82884.41""","=""3s.3p""","=""3P*""","=""2""","=""3s.3p""","=""1P*""","=""1""",5,3,M1,"=""c44""","=""""",
Si,3,"=""""","=""335.8574""","=""""","=""7.02e-06""",E,"=""175263.10""","=""205029.09""","=""3s.4p""","=""3P*""","=""1""","=""3p.3d""","=""1D*""","=""2""",3,5,M1,"=""c44""","=""""",
Si,3,"=""""","=""335.8574""","=""""","=""1.77e-01""",C+,"=""175263.10""","=""205029.09""","=""3s.4p""","=""3P*""","=""1""","=""3p.3d""","=""1D*""","=""2""",3,5,E2,"=""c44""","=""""",
Si,3,"=""""","=""336.0643""","=""""","=""1.35e+05""",E,"=""214989.27""","=""244736.93""","=""3s.5p""","=""3P*""","=""2""","=""3p.4p""","=""3D""","=""1""",5,3,,"=""T6298c4,LS""","=""""",
Si,3,"=""""","=""336.1251""","=""""","=""2.01e+06""",D+,"=""214994.65""","=""244736.93""","=""3s.5p""","=""3P*""","=""1""","=""3p.4p""","=""3D""","=""1""",3,3,,"=""T6298c4,LS""","=""""",
Si,3,"=""""","=""336.1343""","=""""","=""2.67e+06""",D+,"=""214995.46""","=""244736.93""","=""3s.5p""","=""3P*""","=""0""","=""3p.4p""","=""3D""","=""1""",1,3,,"=""T6298c4,LS""","=""""",
Si,3,"=""""","=""336.6849""","=""""","=""2.13e-05""",E,"=""175336.26""","=""205029.09""","=""3s.4p""","=""3P*""","=""2""","=""3p.3d""","=""1D*""","=""2""",5,5,M1,"=""c44""","=""""",
Si,3,"=""""","=""336.6849""","=""""","=""1.62e-02""",C+,"=""175336.26""","=""205029.09""","=""3s.4p""","=""3P*""","=""2""","=""3p.3d""","=""1D*""","=""2""",5,5,E2,"=""c44""","=""""",
Si,3,"=""""","=""338.1411""","=""""","=""1.23e+00""",B,"=""175263.10""","=""204828.06""","=""3s.4p""","=""3P*""","=""1""","=""3s.4f""","=""1F*""","=""3""",3,7,E2,"=""c44""","=""""",
Si,3,"=""""","=""338.9800""","=""""","=""1.08e-10""",E,"=""175336.26""","=""204828.06""","=""3s.4p""","=""3P*""","=""2""","=""3s.4f""","=""1F*""","=""3""",5,7,M1,"=""c44""","=""""",
Si,3,"=""""","=""338.9800""","=""""","=""1.30e-02""",C+,"=""175336.26""","=""204828.06""","=""3s.4p""","=""3P*""","=""2""","=""3s.4f""","=""1F*""","=""3""",5,7,E2,"=""c44""","=""""",
Si,3,"=""""","=""342.0438""","=""""","=""3.85e-04""",D,"=""129841.97""","=""159069.61""","=""3p2""","=""3P""","=""1""","=""3s.4s""","=""1S""","=""0""",3,1,M1,"=""c44""","=""""",
Si,3,"=""""","=""343.9260""","=""""","=""6.54e+05""",D+,"=""175263.10""","=""204330.79""","=""3s.4p""","=""3P*""","=""1""","=""3s.4d""","=""1D""","=""2""",3,5,,"=""c44""","=""""",
Si,3,"=""""","=""344.038""","=""""","=""3.01e+07""",C,"=""225526.33""","=""254584.6""","=""3s.5f""","=""1F*""","=""3""","=""3s.8g""","=""1G""","=""4""",7,9,,"=""T6298c4""","=""""",
Si,3,"=""""","=""344.7938""","=""""","=""2.80e+02""",E,"=""175336.26""","=""204330.79""","=""3s.4p""","=""3P*""","=""2""","=""3s.4d""","=""1D""","=""2""",5,5,,"=""c44""","=""""",
Si,3,"=""""","=""345.0966""","=""""","=""5.71e-02""",C+,"=""130100.52""","=""159069.61""","=""3p2""","=""3P""","=""2""","=""3s.4s""","=""1S""","=""0""",5,1,E2,"=""c44""","=""""",
Si,3,"=""""","=""345.9655""","=""""","=""4.93e+05""",D+,"=""216190.24""","=""245086.58""","=""3p.3d""","=""3P*""","=""2""","=""3p.4p""","=""3D""","=""3""",5,7,,"=""T6298c4,LS""","=""""",
Si,2,"=""""","=""348.3941""","=""""","=""9.93e-03""",D,"=""55309.35""","=""84004.26""","=""3s.3p2""","=""2D""","=""3/2""","=""3s.3p2""","=""2P""","=""3/2""",4,4,M1,"=""c22""","=""""",
Si,2,"=""""","=""348.5864""","=""""","=""5.64e-03""",D,"=""55325.18""","=""84004.26""","=""3s.3p2""","=""2D""","=""5/2""","=""3s.3p2""","=""2P""","=""3/2""",6,4,M1,"=""c22""","=""""",
Si,3,"=""""","=""348.6262""","=""""","=""1.20e+05""",E,"=""216190.24""","=""244866.05""","=""3p.3d""","=""3P*""","=""2""","=""3p.4p""","=""3D""","=""2""",5,5,,"=""T6298c4,LS""","=""""",
Si,3,"=""""","=""348.6825""","=""""","=""1.73e+08""",B+,"=""201599.48""","=""230270.66""","=""3s.4d""","=""3D""","=""3""","=""3s.5f""","=""3F*""","=""4""",7,9,,"=""T6298c4,LS""","=""""",
Si,3,"=""348.691""","=""348.6927""","=""15""","=""1.54e+08""",B+,"=""201598.28""","=""230268.62""","=""3s.4d""","=""3D""","=""2""","=""3s.5f""","=""3F*""","=""3""",5,7,,"=""T6298c4,LS""","=""L4833""",
Si,3,"=""""","=""348.697""","=""""","=""1.45e+08""",B,"=""201597.73""","=""230267.7""","=""3s.4d""","=""3D""","=""1""","=""3s.5f""","=""3F*""","=""2""",3,5,,"=""T6298c4,LS""","=""""",
Si,3,"=""""","=""348.704""","=""""","=""2.70e+07""",C+,"=""201598.28""","=""230267.7""","=""3s.4d""","=""3D""","=""2""","=""3s.5f""","=""3F*""","=""2""",5,5,,"=""T6298c4,LS""","=""""",
Si,3,"=""""","=""348.7073""","=""""","=""1.92e+07""",C+,"=""201599.48""","=""230268.62""","=""3s.4d""","=""3D""","=""3""","=""3s.5f""","=""3F*""","=""3""",7,7,,"=""T6298c4,LS""","=""""",
Si,3,"=""""","=""348.719""","=""""","=""7.61e+05""",D+,"=""201599.48""","=""230267.7""","=""3s.4d""","=""3D""","=""3""","=""3s.5f""","=""3F*""","=""2""",7,5,,"=""T6298c4,LS""","=""""",
Si,3,"=""""","=""349.8273""","=""""","=""3.56e+05""",D,"=""216288.69""","=""244866.05""","=""3p.3d""","=""3P*""","=""1""","=""3p.4p""","=""3D""","=""2""",3,5,,"=""T6298c4,LS""","=""""",
Si,3,"=""""","=""350.2031""","=""""","=""1.31e+04""",E,"=""216190.24""","=""244736.93""","=""3p.3d""","=""3P*""","=""2""","=""3p.4p""","=""3D""","=""1""",5,3,,"=""T6298c4,LS""","=""""",
Si,2,"=""""","=""350.8680""","=""""","=""6.22e-03""",D,"=""55309.35""","=""83801.95""","=""3s.3p2""","=""2D""","=""3/2""","=""3s.3p2""","=""2P""","=""1/2""",4,2,M1,"=""c22""","=""""",
Si,3,"=""""","=""351.4151""","=""""","=""1.95e+05""",E,"=""216288.69""","=""244736.93""","=""3p.3d""","=""3P*""","=""1""","=""3p.4p""","=""3D""","=""1""",3,3,,"=""T6298c4,LS""","=""""",
Si,3,"=""""","=""352.1773""","=""""","=""2.58e+05""",D,"=""216350.26""","=""244736.93""","=""3p.3d""","=""3P*""","=""0""","=""3p.4p""","=""3D""","=""1""",1,3,,"=""T6298c4,LS""","=""""",
Si,3,"=""352.594""","=""352.5939""","=""9""","=""2.48e+07""",C+,"=""214532.17""","=""242885.30""","=""3s.5p""","=""1P*""","=""1""","=""3p.4p""","=""1P""","=""1""",3,3,,"=""T6298c4""","=""L4833""",
Si,3,"=""""","=""352.7465""","=""""","=""4.12e+02""",A,"=""176487.19""","=""204828.06""","=""3s.4p""","=""1P*""","=""1""","=""3s.4f""","=""1F*""","=""3""",3,7,E2,"=""c44""","=""""",
Si,3,"=""""","=""353.6796""","=""""","=""1.57e+05""",D,"=""206176.08""","=""234442.18""","=""3s.5s""","=""3S""","=""1""","=""3s.6p""","=""3P*""","=""2""",3,5,,"=""T6298c4,LS""","=""""",
Si,3,"=""""","=""353.8521""","=""""","=""1.57e+05""",E,"=""206176.08""","=""234428.40""","=""3s.5s""","=""3S""","=""1""","=""3s.6p""","=""3P*""","=""1""",3,3,,"=""T6298c4,LS""","=""""",
Si,3,"=""""","=""354.0191""","=""""","=""1.56e+05""",E,"=""206176.08""","=""234415.07""","=""3s.5s""","=""3S""","=""1""","=""3s.6p""","=""3P*""","=""0""",3,1,,"=""T6298c4,LS""","=""""",
Si,3,"=""""","=""354.9420""","=""""","=""1.77e+03""",E,"=""198923.15""","=""227088.72""","=""3p.3d""","=""3F*""","=""2""","=""3s.5d""","=""3D""","=""3""",5,7,,"=""T6298c4,LS""","=""""",
Si,3,"=""""","=""354.9988""","=""""","=""8.78e+04""",E,"=""198923.15""","=""227084.21""","=""3p.3d""","=""3F*""","=""2""","=""3s.5d""","=""3D""","=""2""",5,5,,"=""T6298c4,LS""","=""""",
Si,3,"=""""","=""355.0369""","=""""","=""7.87e+05""",D,"=""198923.15""","=""227081.19""","=""3p.3d""","=""3F*""","=""2""","=""3s.5d""","=""3D""","=""1""",5,3,,"=""T6298c4,LS""","=""""",
Si,3,"=""""","=""356.0617""","=""""","=""9.71e+05""",D,"=""207874.09""","=""235951.09""","=""3s.5s""","=""1S""","=""0""","=""3p.3d""","=""1P*""","=""1""",1,3,,"=""T6298c4""","=""""",
Si,3,"=""""","=""356.2491""","=""""","=""6.20e+04""",E,"=""199026.49""","=""227088.72""","=""3p.3d""","=""3F*""","=""3""","=""3s.5d""","=""3D""","=""3""",7,7,,"=""T6298c4,LS""","=""""",
Si,3,"=""""","=""356.3064""","=""""","=""6.92e+05""",D+,"=""199026.49""","=""227084.21""","=""3p.3d""","=""3F*""","=""3""","=""3s.5d""","=""3D""","=""2""",7,5,,"=""T6298c4,LS""","=""""",
Si,3,"=""356.967""","=""356.9672""","=""8""","=""5.78e+07""",D+,"=""214532.17""","=""242537.95""","=""3s.5p""","=""1P*""","=""1""","=""3s.7s""","=""1S""","=""0""",3,1,,"=""T6298c4""","=""L4833""",
Si,3,"=""""","=""358.0047""","=""""","=""7.02e+05""",D+,"=""199164.10""","=""227088.72""","=""3p.3d""","=""3F*""","=""4""","=""3s.5d""","=""3D""","=""3""",9,7,,"=""T6298c4,LS""","=""""",
Si,3,"=""359.047""","=""359.0465""","=""20""","=""2.53e+08""",C,"=""176487.19""","=""204330.79""","=""3s.4p""","=""1P*""","=""1""","=""3s.4d""","=""1D""","=""2""",3,5,,"=""c44,T5038,T1860""","=""L4833""",
Si,3,"=""""","=""361.6042""","=""""","=""1.57e+06""",C,"=""217439.92""","=""245086.58""","=""3p.3d""","=""3D*""","=""2""","=""3p.4p""","=""3D""","=""3""",5,7,,"=""T6298c4,LS""","=""""",
Si,3,"=""362.254""","=""362.2538""","=""8w""","=""1.25e+07""",C+,"=""217489.49""","=""245086.58""","=""3p.3d""","=""3D*""","=""3""","=""3p.4p""","=""3D""","=""3""",7,7,,"=""T6298c4,LS""","=""L4833""",
Si,3,"=""""","=""362.401""","=""""","=""1.23e+07""",D,"=""230267.7""","=""257853.6""","=""3s.5f""","=""3F*""","=""2""","=""3s.9g""","=""3G""","=""3""",5,7,,"=""T6298c4,LS""","=""""",
Si,3,"=""""","=""362.413""","=""""","=""1.08e+06""",E,"=""230268.62""","=""257853.6""","=""3s.5f""","=""3F*""","=""3""","=""3s.9g""","=""3G""","=""3""",7,7,,"=""T6298c4,LS""","=""""",
Si,3,"=""""","=""362.413""","=""""","=""1.26e+07""",D+,"=""230268.62""","=""257853.6""","=""3s.5f""","=""3F*""","=""3""","=""3s.9g""","=""3G""","=""4""",7,9,,"=""T6298c4,LS""","=""""",
Si,3,"=""""","=""362.440""","=""""","=""1.64e+04""",E,"=""230270.66""","=""257853.6""","=""3s.5f""","=""3F*""","=""4""","=""3s.9g""","=""3G""","=""3""",9,7,,"=""T6298c4,LS""","=""""",
Si,3,"=""""","=""362.440""","=""""","=""8.37e+05""",E,"=""230270.66""","=""257853.6""","=""3s.5f""","=""3F*""","=""4""","=""3s.9g""","=""3G""","=""4""",9,9,,"=""T6298c4,LS""","=""""",
Si,3,"=""""","=""362.440""","=""""","=""1.34e+07""",D+,"=""230270.66""","=""257853.6""","=""3s.5f""","=""3F*""","=""4""","=""3s.9g""","=""3G""","=""5""",9,11,,"=""T6298c4,LS""","=""""",
Si,3,"=""""","=""363.7936""","=""""","=""2.08e+06""",C,"=""217385.77""","=""244866.05""","=""3p.3d""","=""3D*""","=""1""","=""3p.4p""","=""3D""","=""2""",3,5,,"=""T6298c4,LS""","=""""",
Si,3,"=""""","=""363.8524""","=""""","=""1.89e+07""",C,"=""227081.19""","=""254557.03""","=""3s.5d""","=""3D""","=""1""","=""3s.8f""","=""3F*""","=""2""",3,5,,"=""T6298c4,LS""","=""""",
Si,3,"=""""","=""363.8894""","=""""","=""2.00e+07""",C,"=""227084.21""","=""254557.26""","=""3s.5d""","=""3D""","=""2""","=""3s.8f""","=""3F*""","=""3""",5,7,,"=""T6298c4,LS""","=""""",
Si,3,"=""""","=""363.8924""","=""""","=""3.50e+06""",D,"=""227084.21""","=""254557.03""","=""3s.5d""","=""3D""","=""2""","=""3s.8f""","=""3F*""","=""2""",5,5,,"=""T6298c4,LS""","=""""",
Si,3,"=""363.945""","=""363.9441""","=""5w""","=""2.24e+07""",C,"=""227088.72""","=""254557.64""","=""3s.5d""","=""3D""","=""3""","=""3s.8f""","=""3F*""","=""4""",7,9,,"=""T6298c4,LS""","=""L4833""",
Si,3,"=""""","=""363.9491""","=""""","=""2.50e+06""",D,"=""227088.72""","=""254557.26""","=""3s.5d""","=""3D""","=""3""","=""3s.8f""","=""3F*""","=""3""",7,7,,"=""T6298c4,LS""","=""""",
Si,3,"=""""","=""363.9522""","=""""","=""9.86e+04""",E,"=""227088.72""","=""254557.03""","=""3s.5d""","=""3D""","=""3""","=""3s.8f""","=""3F*""","=""2""",7,5,,"=""T6298c4,LS""","=""""",
Si,3,"=""364.512""","=""364.5119""","=""6w""","=""9.58e+06""",C+,"=""217439.92""","=""244866.05""","=""3p.3d""","=""3D*""","=""2""","=""3p.4p""","=""3D""","=""2""",5,5,,"=""T6298c4,LS""","=""L4833""",
Si,3,"=""""","=""365.1719""","=""""","=""2.14e+06""",C,"=""217489.49""","=""244866.05""","=""3p.3d""","=""3D*""","=""3""","=""3p.4p""","=""3D""","=""2""",7,5,,"=""T6298c4,LS""","=""""",
Si,3,"=""""","=""365.5111""","=""""","=""1.02e+07""",C,"=""217385.77""","=""244736.93""","=""3p.3d""","=""3D*""","=""1""","=""3p.4p""","=""3D""","=""1""",3,3,,"=""T6298c4,LS""","=""""",
Si,3,"=""""","=""366.2362""","=""""","=""3.40e+06""",C,"=""217439.92""","=""244736.93""","=""3p.3d""","=""3D*""","=""2""","=""3p.4p""","=""3D""","=""1""",5,3,,"=""T6298c4,LS""","=""""",
Si,3,"=""""","=""367.6731""","=""""","=""2.03e+07""",C,"=""227665.09""","=""254855.42""","=""3s.5d""","=""1D""","=""2""","=""3s.8f""","=""1F*""","=""3""",5,7,,"=""T6298c4""","=""""",
Si,3,"=""368.140""","=""368.1402""","=""7w""","=""2.51e+07""",D+,"=""214989.27""","=""242145.10""","=""3s.5p""","=""3P*""","=""2""","=""3s.7s""","=""3S""","=""1""",5,3,,"=""T6298c4,LS""","=""L4833""",
Si,3,"=""368.215""","=""368.2132""","=""5w""","=""1.50e+07""",D+,"=""214994.65""","=""242145.10""","=""3s.5p""","=""3P*""","=""1""","=""3s.7s""","=""3S""","=""1""",3,3,,"=""T6298c4,LS""","=""L4833""",
Si,3,"=""""","=""368.2242""","=""""","=""5.00e+06""",D,"=""214995.46""","=""242145.10""","=""3s.5p""","=""3P*""","=""0""","=""3s.7s""","=""3S""","=""1""",1,3,,"=""T6298c4,LS""","=""""",
Si,3,"=""""","=""377.0585""","=""""","=""4.42e+05""",D,"=""207874.09""","=""234387.64""","=""3s.5s""","=""1S""","=""0""","=""3s.6p""","=""1P*""","=""1""",1,3,,"=""T6298c4""","=""""",
Si,3,"=""379.141""","=""379.1439""","=""20c""","=""1.76e+08""",B+,"=""175230.01""","=""201597.73""","=""3s.4p""","=""3P*""","=""0""","=""3s.4d""","=""3D""","=""1""",1,3,,"=""c44""","=""L4833""",
Si,3,"=""379.611""","=""379.6124""","=""25""","=""2.36e+08""",B+,"=""175263.10""","=""201598.28""","=""3s.4p""","=""3P*""","=""1""","=""3s.4d""","=""3D""","=""2""",3,5,,"=""c44""","=""L4833""",
Si,3,"=""""","=""379.6203""","=""""","=""1.31e+08""",B+,"=""175263.10""","=""201597.73""","=""3s.4p""","=""3P*""","=""1""","=""3s.4d""","=""3D""","=""1""",3,3,,"=""c44""","=""""",
Si,3,"=""380.654""","=""380.6526""","=""30""","=""3.14e+08""",B+,"=""175336.26""","=""201599.48""","=""3s.4p""","=""3P*""","=""2""","=""3s.4d""","=""3D""","=""3""",5,7,,"=""c44""","=""L4833""",
Si,3,"=""""","=""380.6700""","=""""","=""7.84e+07""",B+,"=""175336.26""","=""201598.28""","=""3s.4p""","=""3P*""","=""2""","=""3s.4d""","=""3D""","=""2""",5,5,,"=""c44""","=""""",
Si,3,"=""""","=""380.6779""","=""""","=""8.70e+06""",C+,"=""175336.26""","=""201597.73""","=""3s.4p""","=""3P*""","=""2""","=""3s.4d""","=""3D""","=""1""",5,3,,"=""c44""","=""""",
Si,3,"=""""","=""383.5180""","=""""","=""9.79e+06""",D+,"=""228699.75""","=""254766.75""","=""3p.4s""","=""1P*""","=""1""","=""3s.8d""","=""1D""","=""2""",3,5,,"=""T6298c4""","=""""",
Si,3,"=""384.246""","=""384.2462""","=""7""","=""1.73e+07""",C+,"=""214532.17""","=""240549.77""","=""3s.5p""","=""1P*""","=""1""","=""3s.6d""","=""1D""","=""2""",3,5,,"=""T6298c4""","=""L4833""",
Si,3,"=""""","=""385.1751""","=""""","=""9.51e+06""",D+,"=""216190.24""","=""242145.10""","=""3p.3d""","=""3P*""","=""2""","=""3s.7s""","=""3S""","=""1""",5,3,,"=""T6298c4,LS""","=""""",
Si,2,"=""385.366""","=""385.3665""","=""100w""","=""5.11e+06""",C,"=""55309.35""","=""81251.32""","=""3s.3p2""","=""2D""","=""3/2""","=""3s2.4p""","=""2P*""","=""3/2""",4,4,,"=""c22,T7222""","=""L3541""",
Si,2,"=""385.602""","=""385.6018""","=""500w""","=""4.40e+07""",C+,"=""55325.18""","=""81251.32""","=""3s.3p2""","=""2D""","=""5/2""","=""3s2.4p""","=""2P*""","=""3/2""",6,4,,"=""c22,T7222""","=""L3541""",
Si,2,"=""386.260""","=""386.2595""","=""200w""","=""3.91e+07""",C+,"=""55309.35""","=""81191.34""","=""3s.3p2""","=""2D""","=""3/2""","=""3s2.4p""","=""2P*""","=""1/2""",4,2,,"=""c22,T7222""","=""L3541""",
Si,3,"=""""","=""386.6417""","=""""","=""5.66e+06""",D,"=""216288.69""","=""242145.10""","=""3p.3d""","=""3P*""","=""1""","=""3s.7s""","=""3S""","=""1""",3,3,,"=""T6298c4,LS""","=""""",
Si,3,"=""""","=""387.5646""","=""""","=""1.86e+06""",E,"=""216350.26""","=""242145.10""","=""3p.3d""","=""3P*""","=""0""","=""3s.7s""","=""3S""","=""1""",1,3,,"=""T6298c4,LS""","=""""",
Si,1,"=""390.5523""","=""390.55231""","=""300""","=""1.33e+07""",B,"=""15394.370""","=""40991.884""","=""3s2.3p2""","=""1S""","=""0""","=""3s2.3p.4s""","=""1P*""","=""1""",1,3,,"=""T5814""","=""L3521""",
Si,3,"=""392.447""","=""392.4468""","=""20""","=""3.47e+08""",B+,"=""204828.06""","=""230302.01""","=""3s.4f""","=""1F*""","=""3""","=""3s.5g""","=""1G""","=""4""",7,9,,"=""T6298c4""","=""L4833""",
Si,3,"=""394.749""","=""394.7494""","=""6w""","=""5.59e+06""",C+,"=""214989.27""","=""240314.63""","=""3s.5p""","=""3P*""","=""2""","=""3s.6d""","=""3D""","=""3""",5,7,,"=""T6298c4,LS""","=""L4833""",
Si,3,"=""""","=""395.2230""","=""""","=""1.39e+06""",D+,"=""214989.27""","=""240284.28""","=""3s.5p""","=""3P*""","=""2""","=""3s.6d""","=""3D""","=""2""",5,5,,"=""T6298c4,LS""","=""""",
Si,3,"=""""","=""395.3071""","=""""","=""4.17e+06""",C,"=""214994.65""","=""240284.28""","=""3s.5p""","=""3P*""","=""1""","=""3s.6d""","=""3D""","=""2""",3,5,,"=""T6298c4,LS""","=""""",
Si,3,"=""""","=""395.5671""","=""""","=""1.54e+05""",E,"=""214989.27""","=""240262.28""","=""3s.5p""","=""3P*""","=""2""","=""3s.6d""","=""3D""","=""1""",5,3,,"=""T6298c4,LS""","=""""",
Si,3,"=""""","=""395.6513""","=""""","=""2.31e+06""",D+,"=""214994.65""","=""240262.28""","=""3s.5p""","=""3P*""","=""1""","=""3s.6d""","=""3D""","=""1""",3,3,,"=""T6298c4,LS""","=""""",
Si,3,"=""""","=""395.6640""","=""""","=""3.08e+06""",C,"=""214995.46""","=""240262.28""","=""3s.5p""","=""3P*""","=""0""","=""3s.6d""","=""3D""","=""1""",1,3,,"=""T6298c4,LS""","=""""",
Si,3,"=""""","=""396.3585""","=""""","=""4.33e+04""",E,"=""201597.73""","=""226820.28""","=""3s.4d""","=""3D""","=""1""","=""3p.4s""","=""3P*""","=""2""",3,5,,"=""T6298c4,LS""","=""""",
Si,3,"=""""","=""396.3671""","=""""","=""6.49e+05""",D+,"=""201598.28""","=""226820.28""","=""3s.4d""","=""3D""","=""2""","=""3p.4s""","=""3P*""","=""2""",5,5,,"=""T6298c4,LS""","=""""",
Si,3,"=""396.384""","=""396.3860""","=""6""","=""3.63e+06""",C,"=""201599.48""","=""226820.28""","=""3s.4d""","=""3D""","=""3""","=""3p.4s""","=""3P*""","=""2""",7,5,,"=""T6298c4,LS""","=""L4833""",
Si,3,"=""""","=""398.1178""","=""""","=""3.94e+05""",D+,"=""176487.19""","=""201598.28""","=""3s.4p""","=""1P*""","=""1""","=""3s.4d""","=""3D""","=""2""",3,5,,"=""c44""","=""""",
Si,3,"=""398.124""","=""398.1265""","=""5""","=""2.09e+05""",D,"=""176487.19""","=""201597.73""","=""3s.4p""","=""1P*""","=""1""","=""3s.4d""","=""3D""","=""1""",3,3,,"=""c44""","=""L4833""",
Si,3,"=""""","=""401.0148""","=""""","=""1.04e+06""",D+,"=""201597.73""","=""226527.42""","=""3s.4d""","=""3D""","=""1""","=""3p.4s""","=""3P*""","=""1""",3,3,,"=""T6298c4,LS""","=""""",
Si,3,"=""""","=""401.0236""","=""""","=""3.13e+06""",C,"=""201598.28""","=""226527.42""","=""3s.4d""","=""3D""","=""2""","=""3p.4s""","=""3P*""","=""1""",5,3,,"=""T6298c4,LS""","=""""",
Si,3,"=""""","=""403.0750""","=""""","=""4.11e+06""",D+,"=""201597.73""","=""226400.00""","=""3s.4d""","=""3D""","=""1""","=""3p.4s""","=""3P*""","=""0""",3,1,,"=""T6298c4,LS""","=""""",
Si,3,"=""""","=""406.5377""","=""""","=""1.03e+08""",C+,"=""234387.64""","=""258978.66""","=""3s.6p""","=""1P*""","=""1""","=""3p.4p""","=""1S""","=""0""",3,1,,"=""T6298c4""","=""""",
Si,2,"=""""","=""407.2709""","=""""","=""2.00e+05""",C,"=""79338.50""","=""103885.25""","=""3s2.3d""","=""2D""","=""3/2""","=""3s2.5p""","=""2P*""","=""3/2""",4,4,,"=""T7222""","=""""",
Si,2,"=""407.545""","=""407.5452""","=""20w""","=""4.00e+06""",C+,"=""79355.02""","=""103885.25""","=""3s2.3d""","=""2D""","=""5/2""","=""3s2.5p""","=""2P*""","=""3/2""",6,4,,"=""T7222""","=""L3541""",
Si,2,"=""407.678""","=""407.6780""","=""15w""","=""4.00e+06""",C+,"=""79338.50""","=""103860.74""","=""3s2.3d""","=""2D""","=""3/2""","=""3s2.5p""","=""2P*""","=""1/2""",4,2,,"=""T7222""","=""L3541""",
Si,3,"=""410.242""","=""410.2423""","=""8""","=""2.46e+07""",C+,"=""204330.79""","=""228699.75""","=""3s.4d""","=""1D""","=""2""","=""3p.4s""","=""1P*""","=""1""",5,3,,"=""T6298c4""","=""L4833""",
Si,1,"=""410.2936""","=""410.29359""","=""70""","=""6.09e+04""",E,"=""15394.370""","=""39760.285""","=""3s2.3p2""","=""1S""","=""0""","=""3s2.3p.4s""","=""3P*""","=""1""",1,3,,"=""T8363c22""","=""L3521""",
Si,3,"=""""","=""411.117""","=""""","=""2.07e+07""",C,"=""230267.7""","=""254584.8""","=""3s.5f""","=""3F*""","=""2""","=""3s.8g""","=""3G""","=""3""",5,7,,"=""T6298c4,LS""","=""""",
Si,3,"=""""","=""411.133""","=""""","=""1.81e+06""",D,"=""230268.62""","=""254584.8""","=""3s.5f""","=""3F*""","=""3""","=""3s.8g""","=""3G""","=""3""",7,7,,"=""T6298c4,LS""","=""""",
Si,3,"=""""","=""411.133""","=""""","=""2.11e+07""",C,"=""230268.62""","=""254584.8""","=""3s.5f""","=""3F*""","=""3""","=""3s.8g""","=""3G""","=""4""",7,9,,"=""T6298c4,LS""","=""""",
Si,3,"=""""","=""411.1512""","=""""","=""2.25e+07""",C+,"=""230270.66""","=""254585.75""","=""3s.5f""","=""3F*""","=""4""","=""3s.8g""","=""3G""","=""5""",9,11,,"=""T6298c4,LS""","=""""",
Si,3,"=""""","=""411.167""","=""""","=""2.75e+04""",E,"=""230270.66""","=""254584.8""","=""3s.5f""","=""3F*""","=""4""","=""3s.8g""","=""3G""","=""3""",9,7,,"=""T6298c4,LS""","=""""",
Si,3,"=""""","=""411.167""","=""""","=""1.41e+06""",D,"=""230270.66""","=""254584.8""","=""3s.5f""","=""3F*""","=""4""","=""3s.8g""","=""3G""","=""4""",9,9,,"=""T6298c4,LS""","=""""",
Si,3,"=""411.550""","=""411.5487""","=""5w""","=""4.07e+07""",C,"=""225526.33""","=""249817.94""","=""3s.5f""","=""1F*""","=""3""","=""3s.7g""","=""1G""","=""4""",7,9,,"=""T6298c4""","=""L4833""",
Si,2,"=""412.807""","=""412.8054""","=""300w""","=""1.49e+08""",B,"=""79338.50""","=""103556.16""","=""3s2.3d""","=""2D""","=""3/2""","=""3s2.4f""","=""2F*""","=""5/2""",4,6,,"=""T7222""","=""L3541""",
Si,2,"=""""","=""413.0872""","=""""","=""1.07e+07""",D+,"=""79355.02""","=""103556.16""","=""3s2.3d""","=""2D""","=""5/2""","=""3s2.4f""","=""2F*""","=""5/2""",6,6,,"=""T6527c4,LS""","=""""",
Si,2,"=""413.089""","=""413.0894""","=""500w""","=""1.74e+08""",B,"=""79355.02""","=""103556.03""","=""3s2.3d""","=""2D""","=""5/2""","=""3s2.4f""","=""2F*""","=""7/2""",6,8,,"=""T7222""","=""L3541""",
Si,3,"=""""","=""414.4014""","=""""","=""5.71e+05""",D+,"=""216190.24""","=""240314.63""","=""3p.3d""","=""3P*""","=""2""","=""3s.6d""","=""3D""","=""3""",5,7,,"=""T6298c4,LS""","=""""",
Si,3,"=""""","=""414.9234""","=""""","=""1.42e+05""",D,"=""216190.24""","=""240284.28""","=""3p.3d""","=""3P*""","=""2""","=""3s.6d""","=""3D""","=""2""",5,5,,"=""T6298c4,LS""","=""""",
Si,3,"=""""","=""415.3026""","=""""","=""1.58e+04""",E,"=""216190.24""","=""240262.28""","=""3p.3d""","=""3P*""","=""2""","=""3s.6d""","=""3D""","=""1""",5,3,,"=""T6298c4,LS""","=""""",
Si,3,"=""""","=""416.6258""","=""""","=""4.22e+05""",D+,"=""216288.69""","=""240284.28""","=""3p.3d""","=""3P*""","=""1""","=""3s.6d""","=""3D""","=""2""",3,5,,"=""T6298c4,LS""","=""""",
Si,3,"=""""","=""417.0081""","=""""","=""2.34e+05""",D,"=""216288.69""","=""240262.28""","=""3p.3d""","=""3P*""","=""1""","=""3s.6d""","=""3D""","=""1""",3,3,,"=""T6298c4,LS""","=""""",
Si,3,"=""""","=""418.0819""","=""""","=""3.09e+05""",D,"=""216350.26""","=""240262.28""","=""3p.3d""","=""3P*""","=""0""","=""3s.6d""","=""3D""","=""1""",1,3,,"=""T6298c4,LS""","=""""",
Si,3,"=""""","=""419.5589""","=""""","=""4.93e+01""",B+,"=""175336.26""","=""199164.10""","=""3s.4p""","=""3P*""","=""2""","=""3p.3d""","=""3F*""","=""4""",5,9,E2,"=""c44""","=""""",
Si,2,"=""""","=""420.0658""","=""""","=""8.14e+06""",E,"=""101023.05""","=""124822.14""","=""3s2.4d""","=""2D""","=""3/2""","=""3s2.8f""","=""2F*""","=""5/2""",4,6,,"=""T6527c4,LS""","=""""",
Si,2,"=""""","=""420.0887""","=""""","=""5.82e+05""",E,"=""101024.35""","=""124822.14""","=""3s2.4d""","=""2D""","=""5/2""","=""3s2.8f""","=""2F*""","=""5/2""",6,6,,"=""T6527c4,LS""","=""""",
Si,2,"=""""","=""420.0898""","=""""","=""8.73e+06""",D,"=""101024.35""","=""124822.08""","=""3s2.4d""","=""2D""","=""5/2""","=""3s2.8f""","=""2F*""","=""7/2""",6,8,,"=""T6527c4,LS""","=""""",
Si,3,"=""""","=""420.6969""","=""""","=""3.15e+01""",B+,"=""175263.10""","=""199026.49""","=""3s.4p""","=""3P*""","=""1""","=""3p.3d""","=""3F*""","=""3""",3,7,E2,"=""c44""","=""""",
Si,3,"=""""","=""421.115""","=""""","=""5.56e+03""",E,"=""230267.7""","=""254007.48""","=""3s.5f""","=""3F*""","=""2""","=""3s.8d""","=""3D""","=""3""",5,7,,"=""T6298c4,LS""","=""""",
Si,3,"=""""","=""421.1316""","=""""","=""1.97e+05""",E,"=""230268.62""","=""254007.48""","=""3s.5f""","=""3F*""","=""3""","=""3s.8d""","=""3D""","=""3""",7,7,,"=""T6298c4,LS""","=""""",
Si,3,"=""""","=""421.1678""","=""""","=""2.27e+06""",D,"=""230270.66""","=""254007.48""","=""3s.5f""","=""3F*""","=""4""","=""3s.8d""","=""3D""","=""3""",9,7,,"=""T6298c4,LS""","=""""",
Si,3,"=""""","=""421.18""","=""""","=""2.75e+05""",E,"=""230267.7""","=""[254004]""","=""3s.5f""","=""3F*""","=""2""","=""3s.8d""","=""3D""","=""2""",5,5,,"=""T6298c4,LS""","=""""",
Si,3,"=""""","=""421.19""","=""""","=""2.19e+06""",D,"=""230268.62""","=""[254004]""","=""3s.5f""","=""3F*""","=""3""","=""3s.8d""","=""3D""","=""2""",7,5,,"=""T6298c4,LS""","=""""",
Si,3,"=""""","=""421.21""","=""""","=""2.47e+06""",D,"=""230267.7""","=""[254002]""","=""3s.5f""","=""3F*""","=""2""","=""3s.8d""","=""3D""","=""1""",5,3,,"=""T6298c4,LS""","=""""",
Si,3,"=""""","=""421.9443""","=""""","=""2.14e+01""",B+,"=""175230.01""","=""198923.15""","=""3s.4p""","=""3P*""","=""0""","=""3p.3d""","=""3F*""","=""2""",1,5,E2,"=""c44""","=""""",
Si,3,"=""""","=""421.9961""","=""""","=""7.63e-10""",E,"=""175336.26""","=""199026.49""","=""3s.4p""","=""3P*""","=""2""","=""3p.3d""","=""3F*""","=""3""",5,7,M1,"=""c44""","=""""",
Si,3,"=""""","=""421.9961""","=""""","=""1.56e+01""",B+,"=""175336.26""","=""199026.49""","=""3s.4p""","=""3P*""","=""2""","=""3p.3d""","=""3F*""","=""3""",5,7,E2,"=""c44""","=""""",
Si,3,"=""""","=""422.5344""","=""""","=""4.38e-09""",E,"=""175263.10""","=""198923.15""","=""3s.4p""","=""3P*""","=""1""","=""3p.3d""","=""3F*""","=""2""",3,5,M1,"=""c44""","=""""",
Si,3,"=""""","=""422.5344""","=""""","=""2.12e+01""",B+,"=""175263.10""","=""198923.15""","=""3s.4p""","=""3P*""","=""1""","=""3p.3d""","=""3F*""","=""2""",3,5,E2,"=""c44""","=""""",
Si,3,"=""""","=""423.8450""","=""""","=""1.93e-08""",E,"=""175336.26""","=""198923.15""","=""3s.4p""","=""3P*""","=""2""","=""3p.3d""","=""3F*""","=""2""",5,5,M1,"=""c44""","=""""",
Si,3,"=""""","=""423.8450""","=""""","=""2.99e+00""",B+,"=""175336.26""","=""198923.15""","=""3s.4p""","=""3P*""","=""2""","=""3p.3d""","=""3F*""","=""2""",5,5,E2,"=""c44""","=""""",
Si,3,"=""""","=""427.8484""","=""""","=""3.74e+06""",D,"=""226400.00""","=""249766.19""","=""3p.4s""","=""3P*""","=""0""","=""3s.8s""","=""3S""","=""1""",1,3,,"=""T6298c4,LS""","=""""",
Si,3,"=""""","=""430.1944""","=""""","=""1.11e+07""",D+,"=""226527.42""","=""249766.19""","=""3p.4s""","=""3P*""","=""1""","=""3s.8s""","=""3S""","=""1""",3,3,,"=""T6298c4,LS""","=""""",
Si,3,"=""""","=""432.5888""","=""""","=""2.55e+05""",D+,"=""153377.05""","=""176487.19""","=""3s.4s""","=""3S""","=""1""","=""3s.4p""","=""1P*""","=""1""",3,3,,"=""c44""","=""""",
Si,3,"=""433.850""","=""433.8500""","=""9""","=""1.47e+07""",C,"=""153444.23""","=""176487.19""","=""3p2""","=""1S""","=""0""","=""3s.4p""","=""1P*""","=""1""",1,3,,"=""T7198c19""","=""L4833""",
Si,3,"=""434.140""","=""434.1400""","=""8""","=""5.25e+05""",D,"=""235951.09""","=""258978.66""","=""3p.3d""","=""1P*""","=""1""","=""3p.4p""","=""1S""","=""0""",3,1,,"=""T6298c4""","=""L4833""",
Si,3,"=""""","=""435.6851""","=""""","=""1.77e+07""",C,"=""226820.28""","=""249766.19""","=""3p.4s""","=""3P*""","=""2""","=""3s.8s""","=""3S""","=""1""",5,3,,"=""T6298c4,LS""","=""""",
Si,3,"=""""","=""436.5869""","=""""","=""1.46e+05""",D,"=""217385.77""","=""240284.28""","=""3p.3d""","=""3D*""","=""1""","=""3s.6d""","=""3D""","=""2""",3,5,,"=""T6298c4,LS""","=""""",
Si,3,"=""""","=""437.0068""","=""""","=""7.30e+05""",D+,"=""217385.77""","=""240262.28""","=""3p.3d""","=""3D*""","=""1""","=""3s.6d""","=""3D""","=""1""",3,3,,"=""T6298c4,LS""","=""""",
Si,3,"=""""","=""437.0412""","=""""","=""1.08e+05""",D,"=""217439.92""","=""240314.63""","=""3p.3d""","=""3D*""","=""2""","=""3s.6d""","=""3D""","=""3""",5,7,,"=""T6298c4,LS""","=""""",
Si,3,"=""""","=""437.6218""","=""""","=""6.75e+05""",D+,"=""217439.92""","=""240284.28""","=""3p.3d""","=""3D*""","=""2""","=""3s.6d""","=""3D""","=""2""",5,5,,"=""T6298c4,LS""","=""""",
Si,3,"=""437.763""","=""437.7623""","=""8w""","=""4.14e+06""",C,"=""204828.06""","=""227665.09""","=""3s.4f""","=""1F*""","=""3""","=""3s.5d""","=""1D""","=""2""",7,5,,"=""T6298c4""","=""L4833""",
Si,3,"=""""","=""437.9903""","=""""","=""8.58e+05""",C,"=""217489.49""","=""240314.63""","=""3p.3d""","=""3D*""","=""3""","=""3s.6d""","=""3D""","=""3""",7,7,,"=""T6298c4,LS""","=""""",
Si,3,"=""""","=""438.0437""","=""""","=""2.41e+05""",D,"=""217439.92""","=""240262.28""","=""3p.3d""","=""3D*""","=""2""","=""3s.6d""","=""3D""","=""1""",5,3,,"=""T6298c4,LS""","=""""",
Si,3,"=""""","=""438.0648""","=""""","=""1.50e-05""",E,"=""142943.74""","=""165765.00""","=""3s.3d""","=""3D""","=""3""","=""3s.3d""","=""1D""","=""2""",7,5,M1,"=""c44""","=""""",
Si,3,"=""""","=""438.0648""","=""""","=""1.11e-06""",D,"=""142943.74""","=""165765.00""","=""3s.3d""","=""3D""","=""3""","=""3s.3d""","=""1D""","=""2""",7,5,E2,"=""c44""","=""""",
Si,3,"=""""","=""438.1051""","=""""","=""2.63e-06""",E,"=""142945.84""","=""165765.00""","=""3s.3d""","=""3D""","=""2""","=""3s.3d""","=""1D""","=""2""",5,5,M1,"=""c44""","=""""",
Si,3,"=""""","=""438.1051""","=""""","=""3.24e-06""",D+,"=""142945.84""","=""165765.00""","=""3s.3d""","=""3D""","=""2""","=""3s.3d""","=""1D""","=""2""",5,5,E2,"=""c44""","=""""",
Si,3,"=""""","=""438.1514""","=""""","=""1.44e-05""",E,"=""142948.25""","=""165765.00""","=""3s.3d""","=""3D""","=""1""","=""3s.3d""","=""1D""","=""2""",3,5,M1,"=""c44""","=""""",
Si,3,"=""""","=""438.1514""","=""""","=""7.54e-08""",D,"=""142948.25""","=""165765.00""","=""3s.3d""","=""3D""","=""1""","=""3s.3d""","=""1D""","=""2""",3,5,E2,"=""c44""","=""""",
Si,3,"=""""","=""438.5735""","=""""","=""1.50e+05""",D,"=""217489.49""","=""240284.28""","=""3p.3d""","=""3D*""","=""3""","=""3s.6d""","=""3D""","=""2""",7,5,,"=""T6298c4,LS""","=""""",
Si,3,"=""""","=""440.3830""","=""""","=""2.22e+07""",C,"=""227665.09""","=""250366.22""","=""3s.5d""","=""1D""","=""2""","=""3s.7f""","=""1F*""","=""3""",5,7,,"=""T6298c4""","=""""",
Si,3,"=""""","=""440.531""","=""""","=""3.55e+06""",D,"=""226400.00""","=""249093.5""","=""3p.4s""","=""3P*""","=""0""","=""3s.7d""","=""3D""","=""1""",1,3,,"=""T6298c4,LS""","=""""",
Si,3,"=""""","=""440.5352""","=""""","=""2.62e+07""",C,"=""227081.19""","=""249774.48""","=""3s.5d""","=""3D""","=""1""","=""3s.7f""","=""3F*""","=""2""",3,5,,"=""T6298c4,LS""","=""""",
Si,3,"=""440.590""","=""440.5938""","=""6w""","=""4.84e+06""",D+,"=""227084.21""","=""249774.48""","=""3s.5d""","=""3D""","=""2""","=""3s.7f""","=""3F*""","=""2""",5,5,,"=""T6298c4,LS""","=""L4833""",
Si,3,"=""440.672""","=""440.6717""","=""8w""","=""3.10e+07""",C+,"=""227088.72""","=""249774.98""","=""3s.5d""","=""3D""","=""3""","=""3s.7f""","=""3F*""","=""4""",7,9,,"=""T6298c4,LS""","=""L4833""",
Si,3,"=""""","=""440.6771""","=""""","=""3.47e+06""",D+,"=""227088.72""","=""249774.70""","=""3s.5d""","=""3D""","=""3""","=""3s.7f""","=""3F*""","=""3""",7,7,,"=""T6298c4,LS""","=""""",
Si,3,"=""""","=""440.6814""","=""""","=""1.36e+05""",E,"=""227088.72""","=""249774.48""","=""3s.5d""","=""3D""","=""3""","=""3s.7f""","=""3F*""","=""2""",7,5,,"=""T6298c4,LS""","=""""",
Si,3,"=""""","=""442.8145""","=""""","=""4.71e+06""",D+,"=""226527.42""","=""249103.90""","=""3p.4s""","=""3P*""","=""1""","=""3s.7d""","=""3D""","=""2""",3,5,,"=""T6298c4,LS""","=""""",
Si,3,"=""""","=""443.019""","=""""","=""2.62e+06""",D,"=""226527.42""","=""249093.5""","=""3p.4s""","=""3P*""","=""1""","=""3s.7d""","=""3D""","=""1""",3,3,,"=""T6298c4,LS""","=""""",
Si,3,"=""""","=""443.5450""","=""""","=""8.03e-02""",B,"=""176487.19""","=""199026.49""","=""3s.4p""","=""1P*""","=""1""","=""3p.3d""","=""3F*""","=""3""",3,7,E2,"=""c44""","=""""",
Si,3,"=""""","=""445.5880""","=""""","=""5.61e-10""",E,"=""176487.19""","=""198923.15""","=""3s.4p""","=""1P*""","=""1""","=""3p.3d""","=""3F*""","=""2""",3,5,M1,"=""c44""","=""""",
Si,3,"=""""","=""445.5880""","=""""","=""3.49e-02""",C+,"=""176487.19""","=""198923.15""","=""3s.4p""","=""1P*""","=""1""","=""3p.3d""","=""3F*""","=""2""",3,5,E2,"=""c44""","=""""",
Si,3,"=""""","=""446.1229""","=""""","=""1.52e+06""",D+,"=""225526.33""","=""247935.39""","=""3s.5f""","=""1F*""","=""3""","=""3p.4p""","=""1D""","=""2""",7,5,,"=""T6298c4""","=""""",
Si,3,"=""""","=""446.8447""","=""""","=""1.42e+07""",C+,"=""226400.00""","=""248772.86""","=""3p.4s""","=""3P*""","=""0""","=""3p.4p""","=""3S""","=""1""",1,3,,"=""T6298c4,LS""","=""""",
Si,3,"=""""","=""448.2874""","=""""","=""6.07e+06""",C,"=""226820.28""","=""249121.14""","=""3p.4s""","=""3P*""","=""2""","=""3s.7d""","=""3D""","=""3""",5,7,,"=""T6298c4,LS""","=""""",
Si,3,"=""""","=""448.6342""","=""""","=""1.51e+06""",D,"=""226820.28""","=""249103.90""","=""3p.4s""","=""3P*""","=""2""","=""3s.7d""","=""3D""","=""2""",5,5,,"=""T6298c4,LS""","=""""",
Si,3,"=""""","=""448.844""","=""""","=""1.68e+05""",E,"=""226820.28""","=""249093.5""","=""3p.4s""","=""3P*""","=""2""","=""3s.7d""","=""3D""","=""1""",5,3,,"=""T6298c4,LS""","=""""",
Si,3,"=""449.405""","=""449.4043""","=""6""","=""4.19e+07""",B,"=""226527.42""","=""248772.86""","=""3p.4s""","=""3P*""","=""1""","=""3p.4p""","=""3S""","=""1""",3,3,,"=""T6298c4,LS""","=""L4833""",
Si,3,"=""455.262""","=""455.2622""","=""30""","=""1.26e+08""",B+,"=""153377.05""","=""175336.26""","=""3s.4s""","=""3S""","=""1""","=""3s.4p""","=""3P*""","=""2""",3,5,,"=""c44""","=""L4833""",
Si,3,"=""455.400""","=""455.3997""","=""8""","=""6.75e+07""",B,"=""226820.28""","=""248772.86""","=""3p.4s""","=""3P*""","=""2""","=""3p.4p""","=""3S""","=""1""",5,3,,"=""T6298c4,LS""","=""L4833""",
Si,3,"=""""","=""455.7273""","=""""","=""5.47e+07""",C+,"=""228699.75""","=""250636.55""","=""3p.4s""","=""1P*""","=""1""","=""3s.7d""","=""1D""","=""2""",3,5,,"=""T6298c4""","=""""",
Si,3,"=""""","=""456.547""","=""""","=""3.76e+06""",D,"=""235951.09""","=""257848.5""","=""3p.3d""","=""1P*""","=""1""","=""3s.9d""","=""1D""","=""2""",3,5,,"=""T6298c4""","=""""",
Si,3,"=""456.782""","=""456.7840""","=""25""","=""1.25e+08""",B+,"=""153377.05""","=""175263.10""","=""3s.4s""","=""3S""","=""1""","=""3s.4p""","=""3P*""","=""1""",3,3,,"=""c44""","=""L4833""",
Si,3,"=""457.476""","=""457.4757""","=""20""","=""1.24e+08""",B,"=""153377.05""","=""175230.01""","=""3s.4s""","=""3S""","=""1""","=""3s.4p""","=""3P*""","=""0""",3,1,,"=""c44""","=""L4833""",
Si,3,"=""461.966""","=""461.9646""","=""7""","=""2.89e+07""",B,"=""226527.42""","=""248168.04""","=""3p.4s""","=""3P*""","=""1""","=""3p.4p""","=""3P""","=""2""",3,5,,"=""T6298c4,LS""","=""L4833""",
Si,2,"=""462.142""","=""462.1418""","=""100""","=""1.28e+07""",D,"=""101023.05""","=""122655.37""","=""3s2.4d""","=""2D""","=""3/2""","=""3s2.7f""","=""2F*""","=""5/2""",4,6,,"=""T6527c4,LS""","=""L3541""",
Si,2,"=""""","=""462.1696""","=""""","=""9.18e+05""",E,"=""101024.35""","=""122655.37""","=""3s2.4d""","=""2D""","=""5/2""","=""3s2.7f""","=""2F*""","=""5/2""",6,6,,"=""T6527c4,LS""","=""""",
Si,2,"=""462.172""","=""462.1722""","=""150""","=""1.37e+07""",D,"=""101024.35""","=""122655.25""","=""3s2.4d""","=""2D""","=""5/2""","=""3s2.7f""","=""2F*""","=""7/2""",6,8,,"=""T6527c4,LS""","=""L3541""",
Si,3,"=""463.828""","=""463.8278""","=""7""","=""3.79e+07""",B,"=""226400.00""","=""247953.69""","=""3p.4s""","=""3P*""","=""0""","=""3p.4p""","=""3P""","=""1""",1,3,,"=""T6298c4,LS""","=""L4833""",
Si,3,"=""466.587""","=""466.5862""","=""8""","=""2.79e+07""",B,"=""226527.42""","=""247953.69""","=""3p.4s""","=""3P*""","=""1""","=""3p.4p""","=""3P""","=""1""",3,3,,"=""T6298c4,LS""","=""L4833""",
Si,2,"=""""","=""467.3256""","=""""","=""4.40e+05""",E,"=""103556.03""","=""124948.40""","=""3s2.4f""","=""2F*""","=""7/2""","=""3s2.8g""","=""2G""","=""7/2""",8,8,,"=""T6527c4,LS""","=""""",
Si,2,"=""""","=""467.3256""","=""""","=""7.06e+06""",D,"=""103556.03""","=""124948.40""","=""3s2.4f""","=""2F*""","=""7/2""","=""3s2.8g""","=""2G""","=""9/2""",8,10,,"=""T6527c4,LS""","=""""",
Si,2,"=""""","=""467.3284""","=""""","=""6.16e+06""",D,"=""103556.16""","=""124948.40""","=""3s2.4f""","=""2F*""","=""5/2""","=""3s2.8g""","=""2G""","=""7/2""",6,8,,"=""T6527c4,LS""","=""""",
Si,3,"=""468.302""","=""468.3022""","=""9""","=""8.30e+07""",B+,"=""226820.28""","=""248168.04""","=""3p.4s""","=""3P*""","=""2""","=""3p.4p""","=""3P""","=""2""",5,5,,"=""T6298c4,LS""","=""L4833""",
Si,3,"=""468.380""","=""468.3794""","=""7""","=""1.10e+08""",B,"=""226527.42""","=""247871.66""","=""3p.4s""","=""3P*""","=""1""","=""3p.4p""","=""3P""","=""0""",3,1,,"=""T6298c4,LS""","=""L4833""",
Si,3,"=""471.665""","=""471.6654""","=""16""","=""1.32e+08""",B,"=""204330.79""","=""225526.33""","=""3s.4d""","=""1D""","=""2""","=""3s.5f""","=""1F*""","=""3""",5,7,,"=""T6298c4""","=""L4833""",
Si,1,"=""""","=""472.1571""","=""""","=""3.4e+05""",D,"=""39683.163""","=""60856.630""","=""3s2.3p.4s""","=""3P*""","=""0""","=""3s2.3p.(2P*<3/2>).6p<1/2>""","=""(3/2,1/2)""","=""1""",1,3,,"=""T6066c4,LS""","=""""",
Si,3,"=""473.052""","=""473.0521""","=""7""","=""4.47e+07""",B,"=""226820.28""","=""247953.69""","=""3p.4s""","=""3P*""","=""2""","=""3p.4p""","=""3P""","=""1""",5,3,,"=""T6298c4,LS""","=""L4833""",
Si,1,"=""""","=""473.8832""","=""""","=""1.0e+06""",D,"=""39760.285""","=""60856.630""","=""3s2.3p.4s""","=""3P*""","=""1""","=""3s2.3p.(2P*<3/2>).6p<1/2>""","=""(3/2,1/2)""","=""1""",3,3,,"=""T6066c4,LS""","=""""",
Si,1,"=""""","=""474.7993""","=""""","=""5.7e+05""",D,"=""39760.285""","=""60815.925""","=""3s2.3p.4s""","=""3P*""","=""1""","=""3s2.3p.(2P*<3/2>).6p<1/2>""","=""(3/2,1/2)""","=""2""",3,5,,"=""T6066c4,LS""","=""""",
Si,1,"=""""","=""475.5276""","=""""","=""7.5e+05""",D,"=""39683.163""","=""60706.558""","=""3s2.3p.4s""","=""3P*""","=""0""","=""3s2.3p.(2P*<3/2>).6p<3/2>""","=""(3/2,3/2)""","=""1""",1,3,,"=""T6066c4,LS""","=""""",
Si,1,"=""""","=""477.2785""","=""""","=""5.7e+05""",D,"=""39760.285""","=""60706.558""","=""3s2.3p.4s""","=""3P*""","=""1""","=""3s2.3p.(2P*<3/2>).6p<3/2>""","=""(3/2,3/2)""","=""1""",3,3,,"=""T6066c4,LS""","=""""",
Si,1,"=""478.2991""","=""478.2991""","=""50""","=""1.7e+06""",D,"=""39955.053""","=""60856.630""","=""3s2.3p.4s""","=""3P*""","=""2""","=""3s2.3p.(2P*<3/2>).6p<1/2>""","=""(3/2,1/2)""","=""1""",5,3,,"=""T6066c4,LS""","=""L3521""",
Si,1,"=""479.2212""","=""479.2213""","=""35""","=""2.2e+06""",D,"=""39760.285""","=""60621.64""","=""3s2.3p.4s""","=""3P*""","=""1""","=""3s2.3p.(2P*<1/2>).6p<1/2>""","=""(1/2,1/2)""","=""0""",3,1,,"=""T6066c4,LS""","=""L3521""",
Si,1,"=""479.2324""","=""479.2324""","=""80""","=""1.7e+06""",D,"=""39955.053""","=""60815.925""","=""3s2.3p.4s""","=""3P*""","=""2""","=""3s2.3p.(2P*<3/2>).6p<1/2>""","=""(3/2,1/2)""","=""2""",5,5,,"=""T6066c4,LS""","=""L3521""",
Si,3,"=""480.043""","=""480.0427""","=""8""","=""2.76e+07""",B,"=""207874.09""","=""228699.75""","=""3s.5s""","=""1S""","=""0""","=""3p.4s""","=""1P*""","=""1""",1,3,,"=""T6298c4""","=""L4833""",
Si,1,"=""""","=""480.5439""","=""""","=""6.0e+05""",D,"=""39683.163""","=""60487.103""","=""3s2.3p.4s""","=""3P*""","=""0""","=""3s2.3p.(2P*<1/2>).6p<3/2>""","=""(1/2,3/2)""","=""1""",1,3,,"=""T6066c4,LS""","=""""",
Si,3,"=""481.333""","=""481.3333""","=""15""","=""2.10e+08""",B+,"=""209531.40""","=""230301.22""","=""3s.4f""","=""3F*""","=""2""","=""3s.5g""","=""3G""","=""3""",5,7,,"=""T6298c4,LS""","=""L4833""",
Si,1,"=""""","=""481.7581""","=""""","=""9.1e+05""",D,"=""39955.053""","=""60706.558""","=""3s2.3p.4s""","=""3P*""","=""2""","=""3s2.3p.(2P*<3/2>).6p<3/2>""","=""(3/2,3/2)""","=""1""",5,3,,"=""T6066c4,LS""","=""""",
Si,1,"=""""","=""481.8052""","=""""","=""1.1e+06""",D,"=""39955.053""","=""60704.53""","=""3s2.3p.4s""","=""3P*""","=""2""","=""3s2.3p.(2P*<3/2>).6p<3/2>""","=""(3/2,3/2)""","=""3""",5,7,,"=""T6066c4,LS""","=""""",
Si,3,"=""481.972""","=""481.9712""","=""16""","=""2.12e+08""",B+,"=""209559.33""","=""230301.66""","=""3s.4f""","=""3F*""","=""3""","=""3s.5g""","=""3G""","=""4""",7,9,,"=""T6298c4,LS""","=""L4833""",
Si,3,"=""""","=""481.9814""","=""""","=""1.82e+07""",B,"=""209559.33""","=""230301.22""","=""3s.4f""","=""3F*""","=""3""","=""3s.5g""","=""3G""","=""3""",7,7,,"=""T6298c4,LS""","=""""",
Si,1,"=""""","=""482.1167""","=""""","=""8.0e+05""",D,"=""39760.285""","=""60496.358""","=""3s2.3p.4s""","=""3P*""","=""1""","=""3s2.3p.(2P*<1/2>).6p<3/2>""","=""(1/2,3/2)""","=""2""",3,5,,"=""T6066c4,LS""","=""""",
Si,3,"=""""","=""482.1711""","=""""","=""1.64e-05""",E,"=""122214.52""","=""142948.25""","=""3p2""","=""1D""","=""2""","=""3s.3d""","=""3D""","=""1""",5,3,M1,"=""c44""","=""""",
Si,3,"=""""","=""482.1711""","=""""","=""2.32e-06""",D+,"=""122214.52""","=""142948.25""","=""3p2""","=""1D""","=""2""","=""3s.3d""","=""3D""","=""1""",5,3,E2,"=""c44""","=""""",
Si,3,"=""""","=""482.2272""","=""""","=""1.61e-06""",E,"=""122214.52""","=""142945.84""","=""3p2""","=""1D""","=""2""","=""3s.3d""","=""3D""","=""2""",5,5,M1,"=""c44""","=""""",
Si,3,"=""""","=""482.2272""","=""""","=""1.49e-05""",D+,"=""122214.52""","=""142945.84""","=""3p2""","=""1D""","=""2""","=""3s.3d""","=""3D""","=""2""",5,5,E2,"=""c44""","=""""",
Si,3,"=""""","=""482.2760""","=""""","=""7.42e-06""",E,"=""122214.52""","=""142943.74""","=""3p2""","=""1D""","=""2""","=""3s.3d""","=""3D""","=""3""",5,7,M1,"=""c44""","=""""",
Si,3,"=""""","=""482.2760""","=""""","=""2.11e-05""",C,"=""122214.52""","=""142943.74""","=""3p2""","=""1D""","=""2""","=""3s.3d""","=""3D""","=""3""",5,7,E2,"=""c44""","=""""",
Si,1,"=""""","=""482.3319""","=""""","=""4.5e+05""",E,"=""39760.285""","=""60487.103""","=""3s2.3p.4s""","=""3P*""","=""1""","=""3s2.3p.(2P*<1/2>).6p<3/2>""","=""(1/2,3/2)""","=""1""",3,3,,"=""T6066c4,LS""","=""""",
Si,3,"=""482.897""","=""482.8950""","=""18""","=""2.25e+08""",B+,"=""209599.70""","=""230302.35""","=""3s.4f""","=""3F*""","=""4""","=""3s.5g""","=""3G""","=""5""",9,11,,"=""T6298c4,LS""","=""L4833""",
Si,3,"=""""","=""482.9111""","=""""","=""1.41e+07""",B,"=""209599.70""","=""230301.66""","=""3s.4f""","=""3F*""","=""4""","=""3s.5g""","=""3G""","=""4""",9,9,,"=""T6298c4,LS""","=""""",
Si,3,"=""""","=""482.9214""","=""""","=""2.76e+05""",D+,"=""209599.70""","=""230301.22""","=""3s.4f""","=""3F*""","=""4""","=""3s.5g""","=""3G""","=""3""",9,7,,"=""T6298c4,LS""","=""""",
Si,3,"=""""","=""484.2623""","=""""","=""2.01e+06""",C,"=""206176.08""","=""226820.28""","=""3s.5s""","=""3S""","=""1""","=""3p.4s""","=""3P*""","=""2""",3,5,,"=""T6298c4,LS""","=""""",
Si,1,"=""""","=""486.6880""","=""""","=""2.6e+05""",E,"=""39955.053""","=""60496.358""","=""3s2.3p.4s""","=""3P*""","=""2""","=""3s2.3p.(2P*<1/2>).6p<3/2>""","=""(1/2,3/2)""","=""2""",5,5,,"=""T6066c4,LS""","=""""",
Si,1,"=""""","=""486.9074""","=""""","=""2.9e+04""",E,"=""39955.053""","=""60487.103""","=""3s2.3p.4s""","=""3P*""","=""2""","=""3s2.3p.(2P*<1/2>).6p<3/2>""","=""(1/2,3/2)""","=""1""",5,3,,"=""T6066c4,LS""","=""""",
Si,2,"=""""","=""489.676""","=""""","=""1.8e+06""",D,"=""103860.74""","=""124276.7""","=""3s2.5p""","=""2P*""","=""1/2""","=""3s2.9s""","=""2S""","=""1/2""",2,2,,"=""T6527c4,LS""","=""""",
Si,2,"=""""","=""490.265""","=""""","=""3.5e+06""",D,"=""103885.25""","=""124276.7""","=""3s2.5p""","=""2P*""","=""3/2""","=""3s2.9s""","=""2S""","=""1/2""",4,2,,"=""T6527c4,LS""","=""""",
Si,3,"=""""","=""490.5616""","=""""","=""1.21e+06""",D,"=""234387.64""","=""254766.75""","=""3s.6p""","=""1P*""","=""1""","=""3s.8d""","=""1D""","=""2""",3,5,,"=""T6298c4""","=""""",
Si,3,"=""""","=""491.2310""","=""""","=""1.93e+06""",C,"=""206176.08""","=""226527.42""","=""3s.5s""","=""3S""","=""1""","=""3p.4s""","=""3P*""","=""1""",3,3,,"=""T6298c4,LS""","=""""",
Si,3,"=""""","=""494.3260""","=""""","=""1.89e+06""",D+,"=""206176.08""","=""226400.00""","=""3s.5s""","=""3S""","=""1""","=""3p.4s""","=""3P*""","=""0""",3,1,,"=""T6298c4,LS""","=""""",
Si,1,"=""494.7607""","=""494.7607""","=""30""","=""4.2e+06""",D,"=""40991.884""","=""61198.036""","=""3s2.3p.4s""","=""1P*""","=""1""","=""3s2.3p.(2P*<3/2>).6p<3/2>""","=""(3/2,3/2)""","=""0""",3,1,,"=""T1619CA""","=""L3521""",
Si,1,"=""500.6061""","=""500.6059""","=""40""","=""2.8e+06""",D,"=""40991.884""","=""60962.105""","=""3s2.3p.4s""","=""1P*""","=""1""","=""3s2.3p.(2P*<3/2>).6p<3/2>""","=""(3/2,3/2)""","=""2""",3,5,,"=""T1619CA""","=""L3521""",
Si,2,"=""504.103""","=""504.1024""","=""1000""","=""7.00e+07""",B,"=""81191.34""","=""101023.05""","=""3s2.4p""","=""2P*""","=""1/2""","=""3s2.4d""","=""2D""","=""3/2""",2,4,,"=""T7222""","=""L3541""",
Si,2,"=""505.598""","=""505.5984""","=""1000""","=""1.45e+08""",B,"=""81251.32""","=""101024.35""","=""3s2.4p""","=""2P*""","=""3/2""","=""3s2.4d""","=""2D""","=""5/2""",4,6,,"=""T7222""","=""L3541""",
Si,2,"=""""","=""505.6317""","=""""","=""2.10e+07""",B,"=""81251.32""","=""101023.05""","=""3s2.4p""","=""2P*""","=""3/2""","=""3s2.4d""","=""2D""","=""3/2""",4,4,,"=""T6570""","=""""",
Si,3,"=""""","=""510.40""","=""""","=""1.54e+06""",D,"=""234415.07""","=""[254002]""","=""3s.6p""","=""3P*""","=""0""","=""3s.8d""","=""3D""","=""1""",1,3,,"=""T6298c4,LS""","=""""",
Si,3,"=""""","=""510.70""","=""""","=""2.07e+06""",D,"=""234428.40""","=""[254004]""","=""3s.6p""","=""3P*""","=""1""","=""3s.8d""","=""3D""","=""2""",3,5,,"=""T6298c4,LS""","=""""",
Si,3,"=""""","=""510.75""","=""""","=""1.15e+06""",D,"=""234428.40""","=""[254002]""","=""3s.6p""","=""3P*""","=""1""","=""3s.8d""","=""3D""","=""1""",3,3,,"=""T6298c4,LS""","=""""",
Si,3,"=""""","=""510.9666""","=""""","=""2.75e+06""",D+,"=""234442.18""","=""254007.48""","=""3s.6p""","=""3P*""","=""2""","=""3s.8d""","=""3D""","=""3""",5,7,,"=""T6298c4,LS""","=""""",
Si,3,"=""""","=""511.06""","=""""","=""6.89e+05""",D,"=""234442.18""","=""[254004]""","=""3s.6p""","=""3P*""","=""2""","=""3s.8d""","=""3D""","=""2""",5,5,,"=""T6298c4,LS""","=""""",
Si,3,"=""""","=""511.11""","=""""","=""7.66e+04""",E,"=""234442.18""","=""[254002]""","=""3s.6p""","=""3P*""","=""2""","=""3s.8d""","=""3D""","=""1""",5,3,,"=""T6298c4,LS""","=""""",
Si,2,"=""""","=""511.3168""","=""""","=""1.3e+04""",E,"=""84004.26""","=""103556.16""","=""3s.3p2""","=""2P""","=""3/2""","=""3s2.4f""","=""2F*""","=""5/2""",4,6,,"=""T6527c4""","=""""",
Si,3,"=""511.376""","=""511.376""","=""7w""","=""3.82e+07""",C+,"=""230267.7""","=""249817.32""","=""3s.5f""","=""3F*""","=""2""","=""3s.7g""","=""3G""","=""3""",5,7,,"=""T6298c4,LS""","=""L4833""",
Si,3,"=""""","=""511.3866""","=""""","=""3.91e+07""",C+,"=""230268.62""","=""249817.85""","=""3s.5f""","=""3F*""","=""3""","=""3s.7g""","=""3G""","=""4""",7,9,,"=""T6298c4,LS""","=""""",
Si,3,"=""""","=""511.4005""","=""""","=""3.36e+06""",D+,"=""230268.62""","=""249817.32""","=""3s.5f""","=""3F*""","=""3""","=""3s.7g""","=""3G""","=""3""",7,7,,"=""T6298c4,LS""","=""""",
Si,3,"=""511.412""","=""511.4117""","=""8w""","=""4.17e+07""",C+,"=""230270.66""","=""249818.93""","=""3s.5f""","=""3F*""","=""4""","=""3s.7g""","=""3G""","=""5""",9,11,,"=""T6298c4,LS""","=""L4833""",
Si,3,"=""""","=""511.4400""","=""""","=""2.60e+06""",D+,"=""230270.66""","=""249817.85""","=""3s.5f""","=""3F*""","=""4""","=""3s.7g""","=""3G""","=""4""",9,9,,"=""T6298c4,LS""","=""""",
Si,3,"=""""","=""511.4538""","=""""","=""5.11e+04""",E,"=""230270.66""","=""249817.32""","=""3s.5f""","=""3F*""","=""4""","=""3s.7g""","=""3G""","=""3""",9,7,,"=""T6298c4,LS""","=""""",
Si,3,"=""""","=""513.3685""","=""""","=""3.25e+02""",E,"=""230301.22""","=""249774.98""","=""3s.5g""","=""3G""","=""3""","=""3s.7f""","=""3F*""","=""4""",7,9,,"=""T6298c4,LS""","=""""",
Si,3,"=""""","=""513.3759""","=""""","=""2.76e+04""",E,"=""230301.22""","=""249774.70""","=""3s.5g""","=""3G""","=""3""","=""3s.7f""","=""3F*""","=""3""",7,7,,"=""T6298c4,LS""","=""""",
Si,3,"=""""","=""513.3801""","=""""","=""2.14e+04""",E,"=""230301.66""","=""249774.98""","=""3s.5g""","=""3G""","=""4""","=""3s.7f""","=""3F*""","=""4""",9,9,,"=""T6298c4,LS""","=""""",
Si,3,"=""""","=""513.3817""","=""""","=""4.39e+05""",E,"=""230301.22""","=""249774.48""","=""3s.5g""","=""3G""","=""3""","=""3s.7f""","=""3F*""","=""2""",7,5,,"=""T6298c4,LS""","=""""",
Si,3,"=""""","=""513.3875""","=""""","=""4.13e+05""",E,"=""230301.66""","=""249774.70""","=""3s.5g""","=""3G""","=""4""","=""3s.7f""","=""3F*""","=""3""",9,7,,"=""T6298c4,LS""","=""""",
Si,3,"=""""","=""513.3983""","=""""","=""4.17e+05""",D,"=""230302.35""","=""249774.98""","=""3s.5g""","=""3G""","=""5""","=""3s.7f""","=""3F*""","=""4""",11,9,,"=""T6298c4,LS""","=""""",
Si,2,"=""""","=""518.5520""","=""""","=""7.74e+05""",E,"=""103556.03""","=""122835.13""","=""3s2.4f""","=""2F*""","=""7/2""","=""3s2.7g""","=""2G""","=""7/2""",8,8,,"=""T6527c4,LS""","=""""",
Si,2,"=""""","=""518.5520""","=""""","=""1.24e+07""",D+,"=""103556.03""","=""122835.13""","=""3s2.4f""","=""2F*""","=""7/2""","=""3s2.7g""","=""2G""","=""9/2""",8,10,,"=""T6527c4,LS""","=""""",
Si,2,"=""""","=""518.5555""","=""""","=""1.08e+07""",D,"=""103556.16""","=""122835.13""","=""3s2.4f""","=""2F*""","=""5/2""","=""3s2.7g""","=""2G""","=""7/2""",6,8,,"=""T6527c4,LS""","=""""",
Si,3,"=""519.726""","=""519.7236""","=""5""","=""2.47e+07""",B,"=""228699.75""","=""247935.39""","=""3p.4s""","=""1P*""","=""1""","=""3p.4p""","=""1D""","=""2""",3,5,,"=""T6298c4""","=""L4833""",
Si,3,"=""""","=""530.260""","=""""","=""7.23e+03""",E,"=""230267.7""","=""249121.14""","=""3s.5f""","=""3F*""","=""2""","=""3s.7d""","=""3D""","=""3""",5,7,,"=""T6298c4,LS""","=""""",
Si,3,"=""""","=""530.2855""","=""""","=""2.56e+05""",E,"=""230268.62""","=""249121.14""","=""3s.5f""","=""3F*""","=""3""","=""3s.7d""","=""3D""","=""3""",7,7,,"=""T6298c4,LS""","=""""",
Si,3,"=""""","=""530.3429""","=""""","=""2.96e+06""",D+,"=""230270.66""","=""249121.14""","=""3s.5f""","=""3F*""","=""4""","=""3s.7d""","=""3D""","=""3""",9,7,,"=""T6298c4,LS""","=""""",
Si,3,"=""""","=""530.745""","=""""","=""3.57e+05""",E,"=""230267.7""","=""249103.90""","=""3s.5f""","=""3F*""","=""2""","=""3s.7d""","=""3D""","=""2""",5,5,,"=""T6298c4,LS""","=""""",
Si,3,"=""""","=""530.7709""","=""""","=""2.86e+06""",D+,"=""230268.62""","=""249103.90""","=""3s.5f""","=""3F*""","=""3""","=""3s.7d""","=""3D""","=""2""",7,5,,"=""T6298c4,LS""","=""""",
Si,3,"=""""","=""531.038""","=""""","=""3.21e+06""",D+,"=""230267.7""","=""249093.5""","=""3s.5f""","=""3F*""","=""2""","=""3s.7d""","=""3D""","=""1""",5,3,,"=""T6298c4,LS""","=""""",
Si,3,"=""""","=""531.3244""","=""""","=""1.30e+07""",C,"=""235951.09""","=""254766.75""","=""3p.3d""","=""1P*""","=""1""","=""3s.8d""","=""1D""","=""2""",3,5,,"=""T6298c4""","=""""",
Si,3,"=""545.146""","=""545.1455""","=""6""","=""4.60e+07""",B+,"=""226527.42""","=""244866.05""","=""3p.4s""","=""3P*""","=""1""","=""3p.4p""","=""3D""","=""2""",3,5,,"=""T6298c4,LS""","=""L4833""",
Si,3,"=""""","=""545.1960""","=""""","=""3.41e+07""",B,"=""226400.00""","=""244736.93""","=""3p.4s""","=""3P*""","=""0""","=""3p.4p""","=""3D""","=""1""",1,3,,"=""T6298c4,LS""","=""""",
Si,2,"=""""","=""546.2145""","=""""","=""5.36e+06""",E,"=""103860.74""","=""122163.48""","=""3s2.5p""","=""2P*""","=""1/2""","=""3s2.7d""","=""2D""","=""3/2""",2,4,,"=""T6527c4,LS""","=""""",
Si,2,"=""546.643""","=""546.6461""","=""500w""","=""2.16e+07""",C,"=""101023.05""","=""119311.34""","=""3s2.4d""","=""2D""","=""3/2""","=""3s2.6f""","=""2F*""","=""5/2""",4,6,,"=""T6527c4,LS""","=""L3541""",
Si,2,"=""546.687""","=""546.6849""","=""500w""","=""1.54e+06""",D+,"=""101024.35""","=""119311.34""","=""3s2.4d""","=""2D""","=""5/2""","=""3s2.6f""","=""2F*""","=""5/2""",6,6,,"=""T6527c4,LS""","=""L3541""",
Si,2,"=""""","=""546.6894""","=""""","=""2.31e+07""",C+,"=""101024.35""","=""119311.19""","=""3s2.4d""","=""2D""","=""5/2""","=""3s2.6f""","=""2F*""","=""7/2""",6,8,,"=""T6527c4,LS""","=""""",
Si,2,"=""""","=""546.9451""","=""""","=""6.42e+06""",D,"=""103885.25""","=""122163.54""","=""3s2.5p""","=""2P*""","=""3/2""","=""3s2.7d""","=""2D""","=""5/2""",4,6,,"=""T6527c4,LS""","=""""",
Si,2,"=""""","=""546.9469""","=""""","=""1.07e+06""",E,"=""103885.25""","=""122163.48""","=""3s2.5p""","=""2P*""","=""3/2""","=""3s2.7d""","=""2D""","=""3/2""",4,4,,"=""T6527c4,LS""","=""""",
Si,3,"=""547.305""","=""547.3042""","=""7""","=""6.07e+07""",B+,"=""226820.28""","=""245086.58""","=""3p.4s""","=""3P*""","=""2""","=""3p.4p""","=""3D""","=""3""",5,7,,"=""T6298c4,LS""","=""L4833""",
Si,2,"=""""","=""547.7702""","=""""","=""4.30e+05""",E,"=""101023.05""","=""119273.81""","=""3s2.4d""","=""2D""","=""3/2""","=""3s2.7p""","=""2P*""","=""3/2""",4,4,,"=""T7166""","=""""",
Si,2,"=""""","=""547.8092""","=""""","=""3.87e+06""",D+,"=""101024.35""","=""119273.81""","=""3s2.4d""","=""2D""","=""5/2""","=""3s2.7p""","=""2P*""","=""3/2""",6,4,,"=""T7166""","=""""",
Si,2,"=""""","=""548.6296""","=""""","=""4.41e+06""",D,"=""101023.05""","=""119245.22""","=""3s2.4d""","=""2D""","=""3/2""","=""3s2.7p""","=""2P*""","=""1/2""",4,2,,"=""T7166""","=""""",
Si,3,"=""""","=""549.0111""","=""""","=""2.50e+07""",B,"=""226527.42""","=""244736.93""","=""3p.4s""","=""3P*""","=""1""","=""3p.4p""","=""3D""","=""1""",3,3,,"=""T6298c4,LS""","=""""",
Si,3,"=""""","=""553.9926""","=""""","=""1.46e+07""",B,"=""226820.28""","=""244866.05""","=""3p.4s""","=""3P*""","=""2""","=""3p.4p""","=""3D""","=""2""",5,5,,"=""T6298c4,LS""","=""""",
Si,2,"=""""","=""556.8355""","=""""","=""2.9e+06""",D,"=""103860.74""","=""121814.38""","=""3s2.5p""","=""2P*""","=""1/2""","=""3s2.8s""","=""2S""","=""1/2""",2,2,,"=""T6527c4,LS""","=""""",
Si,2,"=""""","=""557.5967""","=""""","=""5.7e+06""",D,"=""103885.25""","=""121814.38""","=""3s2.5p""","=""2P*""","=""3/2""","=""3s2.8s""","=""2S""","=""1/2""",4,2,,"=""T6527c4,LS""","=""""",
Si,3,"=""""","=""557.9851""","=""""","=""1.59e+06""",C,"=""226820.28""","=""244736.93""","=""3p.4s""","=""3P*""","=""2""","=""3p.4p""","=""3D""","=""1""",5,3,,"=""T6298c4,LS""","=""""",
Si,3,"=""""","=""559.6886""","=""""","=""1.17e+05""",E,"=""227081.19""","=""244943.31""","=""3s.5d""","=""3D""","=""1""","=""3s.7p""","=""3P*""","=""2""",3,5,,"=""T6298c4,LS""","=""""",
Si,3,"=""""","=""559.7832""","=""""","=""1.75e+06""",D+,"=""227084.21""","=""244943.31""","=""3s.5d""","=""3D""","=""2""","=""3s.7p""","=""3P*""","=""2""",5,5,,"=""T6298c4,LS""","=""""",
Si,1,"=""""","=""559.7940""","=""""","=""5.4e+05""",D,"=""39683.163""","=""57541.918""","=""3s2.3p.4s""","=""3P*""","=""0""","=""3s2.3p.5p""","=""3S""","=""1""",1,3,,"=""T6066c4,LS""","=""""",
Si,3,"=""""","=""559.9246""","=""""","=""9.79e+06""",C,"=""227088.72""","=""244943.31""","=""3s.5d""","=""3D""","=""3""","=""3s.7p""","=""3P*""","=""2""",7,5,,"=""T6298c4,LS""","=""""",
Si,3,"=""""","=""560.0005""","=""""","=""2.91e+06""",D+,"=""227081.19""","=""244933.36""","=""3s.5d""","=""3D""","=""1""","=""3s.7p""","=""3P*""","=""1""",3,3,,"=""T6298c4,LS""","=""""",
Si,3,"=""""","=""560.0953""","=""""","=""8.75e+06""",C,"=""227084.21""","=""244933.36""","=""3s.5d""","=""3D""","=""2""","=""3s.7p""","=""3P*""","=""1""",5,3,,"=""T6298c4,LS""","=""""",
Si,3,"=""""","=""560.1461""","=""""","=""1.17e+07""",D+,"=""227081.19""","=""244928.72""","=""3s.5d""","=""3D""","=""1""","=""3s.7p""","=""3P*""","=""0""",3,1,,"=""T6298c4,LS""","=""""",
Si,2,"=""""","=""560.5352""","=""""","=""2.36e+05""",D,"=""114327.15""","=""132162.29""","=""3s.3p.(3P*).3d""","=""4F*""","=""5/2""","=""3s.3p.(3P*).4p""","=""4D""","=""7/2""",6,8,,"=""T6527c4,LS""","=""""",
Si,1,"=""562.2221""","=""562.2220""","=""30""","=""1.6e+06""",D,"=""39760.285""","=""57541.918""","=""3s2.3p.4s""","=""3P*""","=""1""","=""3s2.3p.5p""","=""3S""","=""1""",3,3,,"=""T6066c4,LS""","=""L3521""",
Si,2,"=""563.297""","=""563.297""","=""100w""","=""4.00e+06""",C+,"=""114414.58""","=""132162.29""","=""3s.3p.(3P*).3d""","=""4F*""","=""7/2""","=""3s.3p.(3P*).4p""","=""4D""","=""7/2""",8,8,,"=""T6570""","=""L3541""",
Si,2,"=""""","=""564.101""","=""""","=""4.26e+05""",D,"=""114265.64""","=""131988.05""","=""3s.3p.(3P*).3d""","=""4F*""","=""3/2""","=""3s.3p.(3P*).4p""","=""4D""","=""5/2""",4,6,,"=""T6527c4,LS""","=""""",
Si,1,"=""564.5611""","=""564.5613""","=""90""","=""9.7e+05""",D,"=""39760.285""","=""57468.239""","=""3s2.3p.4s""","=""3P*""","=""1""","=""3s2.3p.5p""","=""3P""","=""2""",3,5,,"=""T6066c4,LS""","=""L3521""",
Si,2,"=""566.066""","=""566.065""","=""150w""","=""7.00e+06""",C+,"=""114327.15""","=""131988.05""","=""3s.3p.(3P*).3d""","=""4F*""","=""5/2""","=""3s.3p.(3P*).4p""","=""4D""","=""5/2""",6,6,,"=""T6570""","=""L3541""",
Si,1,"=""566.5554""","=""566.5555""","=""80""","=""6.31e+05""",D,"=""39683.163""","=""57328.789""","=""3s2.3p.4s""","=""3P*""","=""0""","=""3s2.3p.5p""","=""3P""","=""1""",1,3,,"=""T2301""","=""L3521""",
Si,2,"=""566.956""","=""566.956""","=""1000w""","=""5.00e+07""",B+,"=""114529.14""","=""132162.29""","=""3s.3p.(3P*).3d""","=""4F*""","=""9/2""","=""3s.3p.(3P*).4p""","=""4D""","=""7/2""",10,8,,"=""T6570""","=""L3541""",
Si,2,"=""568.144""","=""568.144""","=""30w""","=""1.00e+07""",C+,"=""114265.64""","=""131861.93""","=""3s.3p.(3P*).3d""","=""4F*""","=""3/2""","=""3s.3p.(3P*).4p""","=""4D""","=""3/2""",4,4,,"=""T6570""","=""L3541""",
Si,1,"=""568.4484""","=""568.4484""","=""120""","=""2.6e+06""",D,"=""39955.053""","=""57541.918""","=""3s2.3p.4s""","=""3P*""","=""2""","=""3s2.3p.5p""","=""3S""","=""1""",5,3,,"=""T6066c4,LS""","=""L3521""",
Si,2,"=""568.881""","=""568.882""","=""300w""","=""4.60e+07""",B,"=""114414.58""","=""131988.05""","=""3s.3p.(3P*).3d""","=""4F*""","=""7/2""","=""3s.3p.(3P*).4p""","=""4D""","=""5/2""",8,6,,"=""T6570""","=""L3541""",
Si,3,"=""""","=""569.02""","=""""","=""5.95e+06""",D+,"=""240262.28""","=""257831.4""","=""3s.6d""","=""3D""","=""1""","=""3s.9f""","=""3F*""","=""2""",3,5,,"=""T6298c4,LS""","=""""",
Si,1,"=""569.0425""","=""569.0425""","=""100""","=""9.26e+05""",D+,"=""39760.285""","=""57328.789""","=""3s2.3p.4s""","=""3P*""","=""1""","=""3s2.3p.5p""","=""3P""","=""1""",3,3,,"=""T2301""","=""L3521""",
Si,3,"=""""","=""569.405""","=""""","=""4.71e+04""",D,"=""209531.40""","=""227088.72""","=""3s.4f""","=""3F*""","=""2""","=""3s.5d""","=""3D""","=""3""",5,7,,"=""T6298c4,LS""","=""""",
Si,3,"=""""","=""569.551""","=""""","=""2.34e+06""",C,"=""209531.40""","=""227084.21""","=""3s.4f""","=""3F*""","=""2""","=""3s.5d""","=""3D""","=""2""",5,5,,"=""T6298c4,LS""","=""""",
Si,3,"=""""","=""569.649""","=""""","=""2.10e+07""",B,"=""209531.40""","=""227081.19""","=""3s.4f""","=""3F*""","=""2""","=""3s.5d""","=""3D""","=""1""",5,3,,"=""T6298c4,LS""","=""""",
Si,3,"=""""","=""569.74""","=""""","=""1.10e+06""",E,"=""240284.28""","=""257831.4""","=""3s.6d""","=""3D""","=""2""","=""3s.9f""","=""3F*""","=""2""",5,5,,"=""T6298c4,LS""","=""""",
Si,3,"=""""","=""569.74""","=""""","=""6.26e+06""",D+,"=""240284.28""","=""257831.4""","=""3s.6d""","=""3D""","=""2""","=""3s.9f""","=""3F*""","=""3""",5,7,,"=""T6298c4,LS""","=""""",
Si,1,"=""570.1105""","=""570.1104""","=""90""","=""1.83e+06""",D,"=""39760.285""","=""57295.881""","=""3s2.3p.4s""","=""3P*""","=""1""","=""3s2.3p.5p""","=""3P""","=""0""",3,1,,"=""T2301""","=""L3521""",
Si,2,"=""570.137""","=""570.137""","=""200w""","=""4.50e+07""",B,"=""114327.15""","=""131861.93""","=""3s.3p.(3P*).3d""","=""4F*""","=""5/2""","=""3s.3p.(3P*).4p""","=""4D""","=""3/2""",6,4,,"=""T6570""","=""L3541""",
Si,3,"=""""","=""570.312""","=""""","=""1.66e+06""",C,"=""209559.33""","=""227088.72""","=""3s.4f""","=""3F*""","=""3""","=""3s.5d""","=""3D""","=""3""",7,7,,"=""T6298c4,LS""","=""""",
Si,3,"=""570.460""","=""570.459""","=""7""","=""1.86e+07""",B,"=""209559.33""","=""227084.21""","=""3s.4f""","=""3F*""","=""3""","=""3s.5d""","=""3D""","=""2""",7,5,,"=""T6298c4,LS""","=""L4833""",
Si,2,"=""570.637""","=""570.64""","=""100w""","=""6.10e+07""",B,"=""114265.64""","=""131784.9""","=""3s.3p.(3P*).3d""","=""4F*""","=""3/2""","=""3s.3p.(3P*).4p""","=""4D""","=""1/2""",4,2,,"=""T6570""","=""L3541""",
Si,3,"=""""","=""570.72""","=""""","=""3.09e+04""",E,"=""240314.63""","=""257831.4""","=""3s.6d""","=""3D""","=""3""","=""3s.9f""","=""3F*""","=""2""",7,5,,"=""T6298c4,LS""","=""""",
Si,3,"=""""","=""570.72""","=""""","=""7.82e+05""",E,"=""240314.63""","=""257831.4""","=""3s.6d""","=""3D""","=""3""","=""3s.9f""","=""3F*""","=""3""",7,7,,"=""T6298c4,LS""","=""""",
Si,3,"=""""","=""570.72""","=""""","=""7.02e+06""",D+,"=""240314.63""","=""257831.4""","=""3s.6d""","=""3D""","=""3""","=""3s.9f""","=""3F*""","=""4""",7,9,,"=""T6298c4,LS""","=""""",
Si,1,"=""570.8397""","=""570.8400""","=""160""","=""1.39e+06""",D+,"=""39955.053""","=""57468.239""","=""3s2.3p.4s""","=""3P*""","=""2""","=""3s2.3p.5p""","=""3P""","=""2""",5,5,,"=""T2301""","=""L3521""",
Si,3,"=""571.629""","=""571.629""","=""8""","=""1.91e+07""",B,"=""209599.70""","=""227088.72""","=""3s.4f""","=""3F*""","=""4""","=""3s.5d""","=""3D""","=""3""",9,7,,"=""T6298c4,LS""","=""L4833""",
Si,3,"=""""","=""572.461""","=""""","=""6.36e+06""",D+,"=""240549.77""","=""258013.37""","=""3s.6d""","=""1D""","=""2""","=""3s.9f""","=""1F*""","=""3""",5,7,,"=""T6298c4""","=""""",
Si,3,"=""573.973""","=""573.973""","=""20""","=""5.41e+07""",B+,"=""159069.61""","=""176487.19""","=""3s.4s""","=""1S""","=""0""","=""3s.4p""","=""1P*""","=""1""",1,3,,"=""c44,T5038""","=""L4833""",
Si,1,"=""575.4220""","=""575.4218""","=""45""","=""1.23e+06""",E,"=""39955.053""","=""57328.789""","=""3s2.3p.4s""","=""3P*""","=""2""","=""3s2.3p.5p""","=""3P""","=""1""",5,3,,"=""T8363""","=""L3521""",
Si,1,"=""577.2145""","=""577.2146""","=""70""","=""3.56e+06""",D+,"=""40991.884""","=""58311.659""","=""3s2.3p.4s""","=""1P*""","=""1""","=""3s2.3p.5p""","=""1S""","=""0""",3,1,,"=""T2301""","=""L3521""",
Si,1,"=""578.0384""","=""578.0384""","=""70""","=""2.97e+05""",D,"=""39683.163""","=""56978.256""","=""3s2.3p.4s""","=""3P*""","=""0""","=""3s2.3p.5p""","=""3D""","=""1""",1,3,,"=""T2301""","=""L3521""",
Si,1,"=""579.3071""","=""579.3073""","=""90""","=""3.83e+05""",E,"=""39760.285""","=""57017.496""","=""3s2.3p.4s""","=""3P*""","=""1""","=""3s2.3p.5p""","=""3D""","=""2""",3,5,,"=""T8363""","=""L3521""",
Si,1,"=""579.7859""","=""579.7856""","=""100""","=""2.53e+05""",D,"=""39955.053""","=""57198.027""","=""3s2.3p.4s""","=""3P*""","=""2""","=""3s2.3p.5p""","=""3D""","=""3""",5,7,,"=""T2301""","=""L3521""",
Si,1,"=""""","=""580.6275""","=""""","=""2.12e+05""",E,"=""39760.285""","=""56978.256""","=""3s2.3p.4s""","=""3P*""","=""1""","=""3s2.3p.5p""","=""3D""","=""1""",3,3,,"=""T8363""","=""""",
Si,3,"=""""","=""581.019""","=""""","=""1.26e+07""",C,"=""227665.09""","=""244871.47""","=""3s.5d""","=""1D""","=""2""","=""3s.7p""","=""1P*""","=""1""",5,3,,"=""T6298c4""","=""""",
Si,1,"=""""","=""585.9201""","=""""","=""1.24e+05""",E,"=""39955.053""","=""57017.496""","=""3s2.3p.4s""","=""3P*""","=""2""","=""3s2.3p.5p""","=""3D""","=""2""",5,5,,"=""T8363""","=""""",
Si,1,"=""""","=""587.2707""","=""""","=""1.36e+04""",E,"=""39955.053""","=""56978.256""","=""3s2.3p.4s""","=""3P*""","=""2""","=""3s2.3p.5p""","=""3D""","=""1""",5,3,,"=""T8363""","=""""",
Si,3,"=""589.879""","=""589.879""","=""10w""","=""4.86e+07""",B,"=""225526.33""","=""242474.27""","=""3s.5f""","=""1F*""","=""3""","=""3s.6g""","=""1G""","=""4""",7,9,,"=""T6298c4""","=""L4833""",
Si,1,"=""594.8545""","=""594.8541""","=""200""","=""2.22e+06""",C,"=""40991.884""","=""57798.072""","=""3s2.3p.4s""","=""1P*""","=""1""","=""3s2.3p.5p""","=""1D""","=""2""",3,5,,"=""T2301""","=""L3521""",
Si,2,"=""595.756""","=""595.756""","=""500""","=""5.60e+07""",B+,"=""81191.34""","=""97972.09""","=""3s2.4p""","=""2P*""","=""1/2""","=""3s2.5s""","=""2S""","=""1/2""",2,2,,"=""T6570""","=""L3541""",
Si,2,"=""597.893""","=""597.893""","=""500""","=""1.13e+08""",B+,"=""81251.32""","=""97972.09""","=""3s2.4p""","=""2P*""","=""3/2""","=""3s2.5s""","=""2S""","=""1/2""",4,2,,"=""T6570""","=""L3541""",
Si,3,"=""""","=""615.256""","=""""","=""7.05e+05""",D,"=""234387.64""","=""250636.55""","=""3s.6p""","=""1P*""","=""1""","=""3s.7d""","=""1D""","=""2""",3,5,,"=""T6298c4""","=""""",
Si,3,"=""""","=""616.983""","=""""","=""1.06e+07""",B,"=""227665.09""","=""243868.50""","=""3s.5d""","=""1D""","=""2""","=""3s.6f""","=""1F*""","=""3""",5,7,,"=""T6298c4""","=""""",
Si,3,"=""""","=""617.361""","=""""","=""8.11e+04""",D+,"=""159069.61""","=""175263.10""","=""3s.4s""","=""1S""","=""0""","=""3s.4p""","=""3P*""","=""1""",1,3,,"=""c44""","=""""",
Si,3,"=""""","=""620.031""","=""""","=""1.31e-06""",D,"=""142945.84""","=""159069.61""","=""3s.3d""","=""3D""","=""2""","=""3s.4s""","=""1S""","=""0""",5,1,E2,"=""c44""","=""""",
Si,3,"=""""","=""620.123""","=""""","=""1.08e-12""",E,"=""142948.25""","=""159069.61""","=""3s.3d""","=""3D""","=""1""","=""3s.4s""","=""1S""","=""0""",3,1,M1,"=""c44""","=""""",
Si,2,"=""""","=""623.961""","=""""","=""1.61e+06""",D+,"=""103556.03""","=""119578.23""","=""3s2.4f""","=""2F*""","=""7/2""","=""3s2.6g""","=""2G""","=""7/2""",8,8,,"=""T6527c4,LS""","=""""",
Si,2,"=""""","=""623.961""","=""""","=""2.58e+07""",C+,"=""103556.03""","=""119578.23""","=""3s2.4f""","=""2F*""","=""7/2""","=""3s2.6g""","=""2G""","=""9/2""",8,10,,"=""T6527c4,LS""","=""""",
Si,2,"=""""","=""623.966""","=""""","=""2.25e+07""",C+,"=""103556.16""","=""119578.23""","=""3s2.4f""","=""2F*""","=""5/2""","=""3s2.6g""","=""2G""","=""7/2""",6,8,,"=""T6527c4,LS""","=""""",
Si,3,"=""""","=""629.105""","=""""","=""2.94e+03""",E,"=""201598.28""","=""217489.49""","=""3s.4d""","=""3D""","=""2""","=""3p.3d""","=""3D*""","=""3""",5,7,,"=""T6298c4,LS""","=""""",
Si,3,"=""""","=""629.152""","=""""","=""2.34e+04""",D,"=""201599.48""","=""217489.49""","=""3s.4d""","=""3D""","=""3""","=""3p.3d""","=""3D*""","=""3""",7,7,,"=""T6298c4,LS""","=""""",
Si,3,"=""""","=""631.051""","=""""","=""3.91e+03""",E,"=""201597.73""","=""217439.92""","=""3s.4d""","=""3D""","=""1""","=""3p.3d""","=""3D*""","=""2""",3,5,,"=""T6298c4,LS""","=""""",
Si,3,"=""""","=""631.073""","=""""","=""1.81e+04""",E,"=""201598.28""","=""217439.92""","=""3s.4d""","=""3D""","=""2""","=""3p.3d""","=""3D*""","=""2""",5,5,,"=""T6298c4,LS""","=""""",
Si,3,"=""""","=""631.121""","=""""","=""4.05e+03""",E,"=""201599.48""","=""217439.92""","=""3s.4d""","=""3D""","=""3""","=""3p.3d""","=""3D*""","=""2""",7,5,,"=""T6298c4,LS""","=""""",
Si,3,"=""631.446""","=""631.446""","=""7""","=""1.18e+08""",B,"=""214532.17""","=""230364.46""","=""3s.5p""","=""1P*""","=""1""","=""3s.6s""","=""1S""","=""0""",3,1,,"=""T6298c4""","=""L4833""",
Si,1,"=""633.1954""","=""633.1956""","=""45""","=""1.0e+04""",E,"=""40991.884""","=""56780.427""","=""3s2.3p.4s""","=""1P*""","=""1""","=""3s2.3p.5p""","=""1P""","=""1""",3,3,,"=""T1619CA""","=""L3521""",
Si,3,"=""""","=""633.216""","=""""","=""1.93e+04""",E,"=""201597.73""","=""217385.77""","=""3s.4d""","=""3D""","=""1""","=""3p.3d""","=""3D*""","=""1""",3,3,,"=""T6298c4,LS""","=""""",
Si,3,"=""""","=""633.238""","=""""","=""6.46e+03""",E,"=""201598.28""","=""217385.77""","=""3s.4d""","=""3D""","=""2""","=""3p.3d""","=""3D*""","=""1""",5,3,,"=""T6298c4,LS""","=""""",
Si,2,"=""634.710""","=""634.711""","=""1000""","=""5.84e+07""",B+,"=""65500.47""","=""81251.32""","=""3s2.4s""","=""2S""","=""1/2""","=""3s2.4p""","=""2P*""","=""3/2""",2,4,,"=""c22,T7222""","=""L3541""",
Si,2,"=""637.136""","=""637.137""","=""1000""","=""6.80e+07""",C+,"=""65500.47""","=""81191.34""","=""3s2.4s""","=""2S""","=""1/2""","=""3s2.4p""","=""2P*""","=""1/2""",2,2,,"=""c22,T7222""","=""L3541""",
Si,3,"=""""","=""647.38""","=""""","=""1.06e+07""",C,"=""242410.88""","=""257853.6""","=""3s.6f""","=""3F*""","=""2""","=""3s.9g""","=""3G""","=""3""",5,7,,"=""T6298c4,LS""","=""""",
Si,3,"=""""","=""647.39""","=""""","=""9.24e+05""",D,"=""242411.27""","=""257853.6""","=""3s.6f""","=""3F*""","=""3""","=""3s.9g""","=""3G""","=""3""",7,7,,"=""T6298c4,LS""","=""""",
Si,3,"=""""","=""647.39""","=""""","=""1.08e+07""",C,"=""242411.27""","=""257853.6""","=""3s.6f""","=""3F*""","=""3""","=""3s.9g""","=""3G""","=""4""",7,9,,"=""T6298c4,LS""","=""""",
Si,3,"=""""","=""647.41""","=""""","=""1.41e+04""",E,"=""242411.70""","=""257853.6""","=""3s.6f""","=""3F*""","=""4""","=""3s.9g""","=""3G""","=""3""",9,7,,"=""T6298c4,LS""","=""""",
Si,3,"=""""","=""647.41""","=""""","=""7.19e+05""",D,"=""242411.70""","=""257853.6""","=""3s.6f""","=""3F*""","=""4""","=""3s.9g""","=""3G""","=""4""",9,9,,"=""T6298c4,LS""","=""""",
Si,3,"=""""","=""647.41""","=""""","=""1.15e+07""",C,"=""242411.70""","=""257853.6""","=""3s.6f""","=""3F*""","=""4""","=""3s.9g""","=""3G""","=""5""",9,11,,"=""T6298c4,LS""","=""""",
Si,3,"=""""","=""651.238""","=""""","=""2.09e+06""",D+,"=""234415.07""","=""249766.19""","=""3s.6p""","=""3P*""","=""0""","=""3s.8s""","=""3S""","=""1""",1,3,,"=""T6298c4,LS""","=""""",
Si,3,"=""""","=""651.804""","=""""","=""6.25e+06""",C,"=""234428.40""","=""249766.19""","=""3s.6p""","=""3P*""","=""1""","=""3s.8s""","=""3S""","=""1""",3,3,,"=""T6298c4,LS""","=""""",
Si,1,"=""""","=""651.873""","=""""","=""5.9e+05""",D,"=""48020.074""","=""63356.24""","=""3s2.3p.4p""","=""3D""","=""1""","=""3s2.3p.7d""","=""1D*""","=""2""",3,5,,"=""T6066c4,LS""","=""""",
Si,3,"=""""","=""652.149""","=""""","=""3.22e+07""",B+,"=""227081.19""","=""242410.88""","=""3s.5d""","=""3D""","=""1""","=""3s.6f""","=""3F*""","=""2""",3,5,,"=""T6298c4,LS""","=""""",
Si,3,"=""""","=""652.261""","=""""","=""3.40e+07""",B+,"=""227084.21""","=""242411.27""","=""3s.5d""","=""3D""","=""2""","=""3s.6f""","=""3F*""","=""3""",5,7,,"=""T6298c4,LS""","=""""",
Si,3,"=""""","=""652.277""","=""""","=""5.97e+06""",B,"=""227084.21""","=""242410.88""","=""3s.5d""","=""3D""","=""2""","=""3s.6f""","=""3F*""","=""2""",5,5,,"=""T6298c4,LS""","=""""",
Si,3,"=""""","=""652.390""","=""""","=""1.04e+07""",C,"=""234442.18""","=""249766.19""","=""3s.6p""","=""3P*""","=""2""","=""3s.8s""","=""3S""","=""1""",5,3,,"=""T6298c4,LS""","=""""",
Si,3,"=""652.436""","=""652.434""","=""6w""","=""3.82e+07""",B+,"=""227088.72""","=""242411.70""","=""3s.5d""","=""3D""","=""3""","=""3s.6f""","=""3F*""","=""4""",7,9,,"=""T6298c4,LS""","=""L4833""",
Si,3,"=""""","=""652.453""","=""""","=""4.26e+06""",B,"=""227088.72""","=""242411.27""","=""3s.5d""","=""3D""","=""3""","=""3s.6f""","=""3F*""","=""3""",7,7,,"=""T6298c4,LS""","=""""",
Si,3,"=""""","=""652.469""","=""""","=""1.68e+05""",D+,"=""227088.72""","=""242410.88""","=""3s.5d""","=""3D""","=""3""","=""3s.6f""","=""3F*""","=""2""",7,5,,"=""T6298c4,LS""","=""""",
Si,1,"=""""","=""652.6782""","=""""","=""2.74e-02""",D,"=""77.115""","=""15394.370""","=""3s2.3p2""","=""3P""","=""1""","=""3s2.3p2""","=""1S""","=""0""",3,1,M1,"=""c22,T4209""","=""""",
Si,1,"=""""","=""655.388""","=""""","=""1.1e+05""",E,"=""48102.323""","=""63356.24""","=""3s2.3p.4p""","=""3D""","=""2""","=""3s2.3p.7d""","=""1D*""","=""2""",5,5,,"=""T6066c4,LS""","=""""",
Si,1,"=""655.5462""","=""655.5463""","=""45""","=""6.9e+05""",D,"=""48264.292""","=""63514.533""","=""3s2.3p.4p""","=""3D""","=""3""","=""3s2.3p.7d""","=""3F*""","=""4""",7,9,,"=""T6066c4,LS""","=""L3521""",
Si,1,"=""""","=""656.057""","=""""","=""6.0e+05""",D,"=""48102.323""","=""63340.70""","=""3s2.3p.4p""","=""3D""","=""2""","=""3s2.3p.7d""","=""3F*""","=""3""",5,7,,"=""T6066c4,LS""","=""""",
Si,3,"=""""","=""656.736""","=""""","=""5.86e+06""",D,"=""235413.93""","=""250636.55""","=""3p.3d""","=""1F*""","=""3""","=""3s.7d""","=""1D""","=""2""",7,5,,"=""T6298c4""","=""""",
Si,1,"=""""","=""658.9611""","=""""","=""7.75e-04""",D,"=""223.157""","=""15394.370""","=""3s2.3p2""","=""3P""","=""2""","=""3s2.3p2""","=""1S""","=""0""",5,1,E2,"=""c22,T4209""","=""""",
Si,1,"=""""","=""662.422""","=""""","=""2.9e+03""",E,"=""48264.292""","=""63356.24""","=""3s2.3p.4p""","=""3D""","=""3""","=""3s2.3p.7d""","=""1D*""","=""2""",7,5,,"=""T6066c4,LS""","=""""",
Si,1,"=""""","=""663.105""","=""""","=""7.3e+04""",E,"=""48264.292""","=""63340.70""","=""3s2.3p.4p""","=""3D""","=""3""","=""3s2.3p.7d""","=""3F*""","=""3""",7,7,,"=""T6066c4,LS""","=""""",
Si,3,"=""""","=""665.443""","=""""","=""8.81e+04""",D,"=""225526.33""","=""240549.77""","=""3s.5f""","=""1F*""","=""3""","=""3s.6d""","=""1D""","=""2""",7,5,,"=""T6298c4""","=""""",
Si,2,"=""666.052""","=""666.053""","=""50w""","=""3.64e+07""",C+,"=""116978.38""","=""131988.05""","=""3s.3p.(3P*).4s""","=""4P*""","=""3/2""","=""3s.3p.(3P*).4p""","=""4D""","=""5/2""",4,6,,"=""T6527c4,LS""","=""L3541""",
Si,3,"=""""","=""666.27""","=""""","=""3.98e+03""",E,"=""242410.88""","=""257415.6""","=""3s.6f""","=""3F*""","=""2""","=""3s.9d""","=""3D""","=""3""",5,7,,"=""T6298c4,LS""","=""""",
Si,3,"=""""","=""666.27""","=""""","=""1.97e+05""",E,"=""242410.88""","=""257415.6""","=""3s.6f""","=""3F*""","=""2""","=""3s.9d""","=""3D""","=""2""",5,5,,"=""T6298c4,LS""","=""""",
Si,3,"=""""","=""666.27""","=""""","=""1.77e+06""",E,"=""242410.88""","=""257415.6""","=""3s.6f""","=""3F*""","=""2""","=""3s.9d""","=""3D""","=""1""",5,3,,"=""T6298c4,LS""","=""""",
Si,3,"=""""","=""666.29""","=""""","=""1.41e+05""",E,"=""242411.27""","=""257415.6""","=""3s.6f""","=""3F*""","=""3""","=""3s.9d""","=""3D""","=""3""",7,7,,"=""T6298c4,LS""","=""""",
Si,3,"=""""","=""666.29""","=""""","=""1.57e+06""",D,"=""242411.27""","=""257415.6""","=""3s.6f""","=""3F*""","=""3""","=""3s.9d""","=""3D""","=""2""",7,5,,"=""T6298c4,LS""","=""""",
Si,3,"=""""","=""666.31""","=""""","=""1.63e+06""",D,"=""242411.70""","=""257415.6""","=""3s.6f""","=""3F*""","=""4""","=""3s.9d""","=""3D""","=""3""",9,7,,"=""T6298c4,LS""","=""""",
Si,2,"=""666.500""","=""666.503""","=""15""","=""2.16e+07""",C+,"=""116862.38""","=""131861.93""","=""3s.3p.(3P*).4s""","=""4P*""","=""1/2""","=""3s.3p.(3P*).4p""","=""4D""","=""3/2""",2,4,,"=""T6527c4,LS""","=""L3541""",
Si,2,"=""667.188""","=""667.184""","=""100""","=""4.80e+07""",B+,"=""117178.06""","=""132162.29""","=""3s.3p.(3P*).4s""","=""4P*""","=""5/2""","=""3s.3p.(3P*).4p""","=""4D""","=""7/2""",6,8,,"=""T6570""","=""L3541""",
Si,2,"=""""","=""667.957""","=""""","=""1.24e+06""",D+,"=""103556.03""","=""118522.93""","=""3s2.4f""","=""2F*""","=""7/2""","=""3s2.6d""","=""2D""","=""5/2""",8,6,,"=""T6527c4,LS""","=""""",
Si,2,"=""""","=""667.962""","=""""","=""6.19e+04""",E,"=""103556.16""","=""118522.93""","=""3s2.4f""","=""2F*""","=""5/2""","=""3s2.6d""","=""2D""","=""5/2""",6,6,,"=""T6527c4,LS""","=""""",
Si,2,"=""""","=""667.966""","=""""","=""1.30e+06""",D+,"=""103556.16""","=""118522.86""","=""3s2.4f""","=""2F*""","=""5/2""","=""3s2.6d""","=""2D""","=""3/2""",6,4,,"=""T6527c4,LS""","=""""",
Si,2,"=""669.938""","=""669.94""","=""20""","=""4.20e+07""",B,"=""116862.38""","=""131784.9""","=""3s.3p.(3P*).4s""","=""4P*""","=""1/2""","=""3s.3p.(3P*).4p""","=""4D""","=""1/2""",2,2,,"=""T6570""","=""L3541""",
Si,2,"=""""","=""671.697""","=""""","=""2.70e+07""",B,"=""116978.38""","=""131861.93""","=""3s.3p.(3P*).4s""","=""4P*""","=""3/2""","=""3s.3p.(3P*).4p""","=""4D""","=""3/2""",4,4,,"=""T6570""","=""""",
Si,1,"=""672.1853""","=""672.1848""","=""100""","=""3.4e+06""",D,"=""47284.061""","=""62156.816""","=""3s2.3p.4p""","=""1P""","=""1""","=""3s2.3p.6d""","=""1D*""","=""2""",3,5,,"=""T1619CA""","=""L3521""",
Si,3,"=""""","=""674.63""","=""""","=""1.84e+03""",E,"=""230267.7""","=""245086.58""","=""3s.5f""","=""3F*""","=""2""","=""3p.4p""","=""3D""","=""3""",5,7,,"=""T6298c4,LS""","=""""",
Si,3,"=""""","=""674.670""","=""""","=""6.52e+04""",D+,"=""230268.62""","=""245086.58""","=""3s.5f""","=""3F*""","=""3""","=""3p.4p""","=""3D""","=""3""",7,7,,"=""T6298c4,LS""","=""""",
Si,3,"=""""","=""674.763""","=""""","=""7.53e+05""",C,"=""230270.66""","=""245086.58""","=""3s.5f""","=""3F*""","=""4""","=""3p.4p""","=""3D""","=""3""",9,7,,"=""T6298c4,LS""","=""""",
Si,2,"=""675.028""","=""675.034""","=""20w""","=""1.49e+07""",C+,"=""117178.06""","=""131988.05""","=""3s.3p.(3P*).4s""","=""4P*""","=""5/2""","=""3s.3p.(3P*).4p""","=""4D""","=""5/2""",6,6,,"=""T6527c4,LS""","=""L3541""",
Si,2,"=""""","=""675.19""","=""""","=""8.31e+06""",C,"=""116978.38""","=""131784.9""","=""3s.3p.(3P*).4s""","=""4P*""","=""3/2""","=""3s.3p.(3P*).4p""","=""4D""","=""1/2""",4,2,,"=""T6527c4,LS""","=""""",
Si,3,"=""""","=""677.663""","=""""","=""1.77e+07""",C+,"=""201597.73""","=""216350.26""","=""3s.4d""","=""3D""","=""1""","=""3p.3d""","=""3P*""","=""0""",3,1,,"=""T6298c4,LS""","=""""",
Si,3,"=""""","=""680.503""","=""""","=""4.38e+06""",C+,"=""201597.73""","=""216288.69""","=""3s.4d""","=""3D""","=""1""","=""3p.3d""","=""3P*""","=""1""",3,3,,"=""T6298c4,LS""","=""""",
Si,3,"=""""","=""680.528""","=""""","=""1.31e+07""",B,"=""201598.28""","=""216288.69""","=""3s.4d""","=""3D""","=""2""","=""3p.3d""","=""3P*""","=""1""",5,3,,"=""T6298c4,LS""","=""""",
Si,3,"=""""","=""680.758""","=""""","=""7.47e+06""",C,"=""235951.09""","=""250636.55""","=""3p.3d""","=""1P*""","=""1""","=""3s.7d""","=""1D""","=""2""",3,5,,"=""T6298c4""","=""""",
Si,2,"=""""","=""680.831""","=""""","=""2.44e+06""",D+,"=""117178.06""","=""131861.93""","=""3s.3p.(3P*).4s""","=""4P*""","=""5/2""","=""3s.3p.(3P*).4p""","=""4D""","=""3/2""",6,4,,"=""T6527c4,LS""","=""""",
Si,3,"=""""","=""681.059""","=""""","=""8.88e+06""",C+,"=""234442.18""","=""249121.14""","=""3s.6p""","=""3P*""","=""2""","=""3s.7d""","=""3D""","=""3""",5,7,,"=""T6298c4,LS""","=""""",
Si,3,"=""""","=""681.08""","=""""","=""4.93e+06""",C,"=""234415.07""","=""249093.5""","=""3s.6p""","=""3P*""","=""0""","=""3s.7d""","=""3D""","=""1""",1,3,,"=""T6298c4,LS""","=""""",
Si,3,"=""""","=""681.220""","=""""","=""6.65e+06""",C,"=""234428.40""","=""249103.90""","=""3s.6p""","=""3P*""","=""1""","=""3s.7d""","=""3D""","=""2""",3,5,,"=""T6298c4,LS""","=""""",
Si,3,"=""""","=""681.70""","=""""","=""3.69e+06""",D+,"=""234428.40""","=""249093.5""","=""3s.6p""","=""3P*""","=""1""","=""3s.7d""","=""3D""","=""1""",3,3,,"=""T6298c4,LS""","=""""",
Si,2,"=""681.845""","=""681.841""","=""30""","=""1.08e+07""",C,"=""103860.74""","=""118522.86""","=""3s2.5p""","=""2P*""","=""1/2""","=""3s2.6d""","=""2D""","=""3/2""",2,4,,"=""T6527c4,LS""","=""L3541""",
Si,3,"=""""","=""681.860""","=""""","=""2.21e+06""",D+,"=""234442.18""","=""249103.90""","=""3s.6p""","=""3P*""","=""2""","=""3s.7d""","=""3D""","=""2""",5,5,,"=""T6298c4,LS""","=""""",
Si,3,"=""""","=""682.34""","=""""","=""2.46e+05""",E,"=""234442.18""","=""249093.5""","=""3s.6p""","=""3P*""","=""2""","=""3s.7d""","=""3D""","=""1""",5,3,,"=""T6298c4,LS""","=""""",
Si,2,"=""""","=""682.980""","=""""","=""1.30e+07""",C+,"=""103885.25""","=""118522.93""","=""3s2.5p""","=""2P*""","=""3/2""","=""3s2.6d""","=""2D""","=""5/2""",4,6,,"=""T6527c4,LS""","=""""",
Si,2,"=""682.982""","=""682.983""","=""50""","=""2.16e+06""",D+,"=""103885.25""","=""118522.86""","=""3s2.5p""","=""2P*""","=""3/2""","=""3s2.6d""","=""2D""","=""3/2""",4,4,,"=""T6527c4,LS""","=""L3541""",
Si,3,"=""683.156""","=""683.155""","=""6w""","=""5.83e+07""",B+,"=""214989.27""","=""229623.19""","=""3s.5p""","=""3P*""","=""2""","=""3s.6s""","=""3S""","=""1""",5,3,,"=""T6298c4,LS""","=""L4833""",
Si,3,"=""""","=""683.407""","=""""","=""3.50e+07""",B,"=""214994.65""","=""229623.19""","=""3s.5p""","=""3P*""","=""1""","=""3s.6s""","=""3S""","=""1""",3,3,,"=""T6298c4,LS""","=""""",
Si,3,"=""""","=""683.444""","=""""","=""1.17e+07""",B,"=""214995.46""","=""229623.19""","=""3s.5p""","=""3P*""","=""0""","=""3s.6s""","=""3S""","=""1""",1,3,,"=""T6298c4,LS""","=""""",
Si,3,"=""""","=""684.82""","=""""","=""8.73e+04""",D+,"=""230267.7""","=""244866.05""","=""3s.5f""","=""3F*""","=""2""","=""3p.4p""","=""3D""","=""2""",5,5,,"=""T6298c4,LS""","=""""",
Si,3,"=""""","=""685.094""","=""""","=""1.71e+05""",D+,"=""201597.73""","=""216190.24""","=""3s.4d""","=""3D""","=""1""","=""3p.3d""","=""3P*""","=""2""",3,5,,"=""T6298c4,LS""","=""""",
Si,3,"=""""","=""685.120""","=""""","=""2.57e+06""",C+,"=""201598.28""","=""216190.24""","=""3s.4d""","=""3D""","=""2""","=""3p.3d""","=""3P*""","=""2""",5,5,,"=""T6298c4,LS""","=""""",
Si,3,"=""""","=""685.176""","=""""","=""1.44e+07""",B,"=""201599.48""","=""216190.24""","=""3s.4d""","=""3D""","=""3""","=""3p.3d""","=""3P*""","=""2""",7,5,,"=""T6298c4,LS""","=""""",
Si,3,"=""""","=""690.93""","=""""","=""7.63e+05""",C,"=""230267.7""","=""244736.93""","=""3s.5f""","=""3F*""","=""2""","=""3p.4p""","=""3D""","=""1""",5,3,,"=""T6298c4,LS""","=""""",
Si,3,"=""""","=""696.294""","=""""","=""7.33e+05""",C,"=""234415.07""","=""248772.86""","=""3s.6p""","=""3P*""","=""0""","=""3p.4p""","=""3S""","=""1""",1,3,,"=""T6298c4,LS""","=""""",
Si,3,"=""""","=""696.941""","=""""","=""2.20e+06""",C+,"=""234428.40""","=""248772.86""","=""3s.6p""","=""3P*""","=""1""","=""3p.4p""","=""3S""","=""1""",3,3,,"=""T6298c4,LS""","=""""",
Si,3,"=""""","=""697.611""","=""""","=""3.65e+06""",C+,"=""234442.18""","=""248772.86""","=""3s.6p""","=""3P*""","=""2""","=""3p.4p""","=""3S""","=""1""",5,3,,"=""T6298c4,LS""","=""""",
Si,1,"=""697.6523""","=""697.651""","=""80""","=""3.26e+06""",D,"=""48020.074""","=""62349.93""","=""3s2.3p.4p""","=""3D""","=""1""","=""3s2.3p.6d""","=""3F*""","=""2""",3,5,,"=""T6066LS""","=""L3521""",
Si,3,"=""""","=""698.832""","=""""","=""6.24e+06""",C,"=""240549.77""","=""254855.42""","=""3s.6d""","=""1D""","=""2""","=""3s.8f""","=""1F*""","=""3""",5,7,,"=""T6298c4""","=""""",
Si,3,"=""""","=""699.365""","=""""","=""7.23e+06""",C,"=""240262.28""","=""254557.03""","=""3s.6d""","=""3D""","=""1""","=""3s.8f""","=""3F*""","=""2""",3,5,,"=""T6298c4,LS""","=""""",
Si,1,"=""700.3567""","=""700.3569""","=""180""","=""3.42e+06""",D+,"=""48102.323""","=""62376.820""","=""3s2.3p.4p""","=""3D""","=""2""","=""3s2.3p.6d""","=""3F*""","=""3""",5,7,,"=""T6066LS""","=""L3521""",
Si,3,"=""""","=""700.431""","=""""","=""7.61e+06""",C+,"=""240284.28""","=""254557.26""","=""3s.6d""","=""3D""","=""2""","=""3s.8f""","=""3F*""","=""3""",5,7,,"=""T6298c4,LS""","=""""",
Si,3,"=""""","=""700.443""","=""""","=""1.34e+06""",D+,"=""240284.28""","=""254557.03""","=""3s.6d""","=""3D""","=""2""","=""3s.8f""","=""3F*""","=""2""",5,5,,"=""T6298c4,LS""","=""""",
Si,1,"=""700.5883""","=""700.588""","=""180""","=""3.83e+06""",D+,"=""48264.292""","=""62534.08""","=""3s2.3p.4p""","=""3D""","=""3""","=""3s2.3p.6d""","=""3F*""","=""4""",7,9,,"=""T6066LS""","=""L3521""",
Si,1,"=""""","=""701.679""","=""""","=""5.96e+05""",E,"=""48102.323""","=""62349.93""","=""3s2.3p.4p""","=""3D""","=""2""","=""3s2.3p.6d""","=""3F*""","=""2""",5,5,,"=""T6066LS""","=""""",
Si,3,"=""""","=""701.905""","=""""","=""8.51e+06""",C+,"=""240314.63""","=""254557.64""","=""3s.6d""","=""3D""","=""3""","=""3s.8f""","=""3F*""","=""4""",7,9,,"=""T6298c4,LS""","=""""",
Si,3,"=""""","=""701.924""","=""""","=""9.49e+05""",D+,"=""240314.63""","=""254557.26""","=""3s.6d""","=""3D""","=""3""","=""3s.8f""","=""3F*""","=""3""",7,7,,"=""T6298c4,LS""","=""""",
Si,3,"=""""","=""701.935""","=""""","=""3.75e+04""",E,"=""240314.63""","=""254557.03""","=""3s.6d""","=""3D""","=""3""","=""3s.8f""","=""3F*""","=""2""",7,5,,"=""T6298c4,LS""","=""""",
Si,3,"=""""","=""704.748""","=""""","=""2.63e+07""",B,"=""228699.75""","=""242885.30""","=""3p.4s""","=""1P*""","=""1""","=""3p.4p""","=""1P""","=""1""",3,3,,"=""T6298c4""","=""""",
Si,1,"=""""","=""708.3950""","=""""","=""4.13e+05""",E,"=""48264.292""","=""62376.820""","=""3s2.3p.4p""","=""3D""","=""3""","=""3s2.3p.6d""","=""3F*""","=""3""",7,7,,"=""T6066LS""","=""""",
Si,3,"=""""","=""708.663""","=""""","=""2.34e+06""",D,"=""244871.47""","=""258978.66""","=""3s.7p""","=""1P*""","=""1""","=""3p.4p""","=""1S""","=""0""",3,1,,"=""T6298c4""","=""""",
Si,1,"=""""","=""709.747""","=""""","=""1.62e+04""",E,"=""48264.292""","=""62349.93""","=""3s2.3p.4p""","=""3D""","=""3""","=""3s2.3p.6d""","=""3F*""","=""2""",7,5,,"=""T6066LS""","=""""",
Si,2,"=""""","=""711.342""","=""""","=""5.38e+06""",E,"=""103860.74""","=""117914.80""","=""3s2.5p""","=""2P*""","=""1/2""","=""3s2.7s""","=""2S""","=""1/2""",2,2,,"=""T6527c4,LS""","=""""",
Si,2,"=""""","=""712.585""","=""""","=""1.07e+07""",D,"=""103885.25""","=""117914.80""","=""3s2.5p""","=""2P*""","=""3/2""","=""3s2.7s""","=""2S""","=""1/2""",4,2,,"=""T6527c4,LS""","=""""",
Si,3,"=""""","=""715.11""","=""""","=""9.84e+05""",D,"=""243868.50""","=""257848.5""","=""3s.6f""","=""1F*""","=""3""","=""3s.9d""","=""1D""","=""2""",7,5,,"=""T6298c4""","=""""",
Si,3,"=""""","=""718.907""","=""""","=""1.87e+07""",C,"=""235951.09""","=""249857.26""","=""3p.3d""","=""1P*""","=""1""","=""3s.8s""","=""1S""","=""0""",3,1,,"=""T6298c4""","=""""",
Si,1,"=""719.358""","=""719.355""","=""65""","=""7.17e+05""",E,"=""49028.294""","=""62925.80""","=""3s2.3p.4p""","=""3P""","=""0""","=""3s2.3p.6d""","=""3D*""","=""1""",1,3,,"=""T6066LS""","=""L3521""",
Si,1,"=""""","=""721.031""","=""""","=""5.35e+05""",E,"=""49060.601""","=""62925.80""","=""3s2.3p.4p""","=""3P""","=""1""","=""3s2.3p.6d""","=""3D*""","=""1""",3,3,,"=""T6066LS""","=""""",
Si,3,"=""""","=""721.183""","=""""","=""4.66e+06""",C+,"=""226400.00""","=""240262.28""","=""3p.4s""","=""3P*""","=""0""","=""3s.6d""","=""3D""","=""1""",1,3,,"=""T6298c4,LS""","=""""",
Si,2,"=""""","=""721.586""","=""""","=""6.20e+00""",B+,"=""65500.47""","=""79355.02""","=""3s2.4s""","=""2S""","=""1/2""","=""3s2.3d""","=""2D""","=""5/2""",2,6,E2,"=""c22""","=""""",
Si,3,"=""""","=""722.438""","=""""","=""3.04e+06""",D,"=""228699.75""","=""242537.95""","=""3p.4s""","=""1P*""","=""1""","=""3s.7s""","=""1S""","=""0""",3,1,,"=""T6298c4""","=""""",
Si,2,"=""""","=""722.447""","=""""","=""6.18e+00""",B+,"=""65500.47""","=""79338.50""","=""3s2.4s""","=""2S""","=""1/2""","=""3s2.3d""","=""2D""","=""3/2""",2,4,E2,"=""c22""","=""""",
Si,3,"=""""","=""726.710""","=""""","=""6.17e+06""",B,"=""226527.42""","=""240284.28""","=""3p.4s""","=""3P*""","=""1""","=""3s.6d""","=""3D""","=""2""",3,5,,"=""T6298c4,LS""","=""""",
Si,1,"=""""","=""727.203""","=""""","=""1.25e+06""",D,"=""49188.617""","=""62936.14""","=""3s2.3p.4p""","=""3P""","=""2""","=""3s2.3p.6d""","=""3D*""","=""3""",5,7,,"=""T6066LS""","=""""",
Si,3,"=""""","=""727.621""","=""""","=""9.37e+04""",D+,"=""234428.40""","=""248168.04""","=""3s.6p""","=""3P*""","=""1""","=""3p.4p""","=""3P""","=""2""",3,5,,"=""T6298c4,LS""","=""""",
Si,1,"=""""","=""727.751""","=""""","=""3.46e+04""",E,"=""49188.617""","=""62925.80""","=""3s2.3p.4p""","=""3P""","=""2""","=""3s2.3p.6d""","=""3D*""","=""1""",5,3,,"=""T6066LS""","=""""",
Si,3,"=""""","=""727.874""","=""""","=""3.41e+06""",C+,"=""226527.42""","=""240262.28""","=""3p.4s""","=""3P*""","=""1""","=""3s.6d""","=""3D""","=""1""",3,3,,"=""T6298c4,LS""","=""""",
Si,3,"=""""","=""728.351""","=""""","=""2.81e+05""",C,"=""234442.18""","=""248168.04""","=""3s.6p""","=""3P*""","=""2""","=""3p.4p""","=""3P""","=""2""",5,5,,"=""T6298c4,LS""","=""""",
Si,1,"=""""","=""728.960""","=""""","=""9.33e+05""",E,"=""49060.601""","=""62774.99""","=""3s2.3p.4p""","=""3P""","=""1""","=""3s2.3p.6d""","=""3D*""","=""2""",3,5,,"=""T6066LS""","=""""",
Si,1,"=""""","=""735.829""","=""""","=""3.02e+05""",E,"=""49188.617""","=""62774.99""","=""3s2.3p.4p""","=""3P""","=""2""","=""3s2.3p.6d""","=""3D*""","=""2""",5,5,,"=""T6066LS""","=""""",
Si,3,"=""""","=""736.907""","=""""","=""3.43e+04""",D,"=""230302.01""","=""243868.50""","=""3s.5g""","=""1G""","=""4""","=""3s.6f""","=""1F*""","=""3""",9,7,,"=""T6298c4""","=""""",
Si,3,"=""""","=""737.927""","=""""","=""8.74e+05""",C,"=""234387.64""","=""247935.39""","=""3s.6p""","=""1P*""","=""1""","=""3p.4p""","=""1D""","=""2""",3,5,,"=""T6298c4""","=""""",
Si,3,"=""""","=""738.424""","=""""","=""1.20e+05""",D+,"=""234415.07""","=""247953.69""","=""3s.6p""","=""3P*""","=""0""","=""3p.4p""","=""3P""","=""1""",1,3,,"=""T6298c4,LS""","=""""",
Si,3,"=""""","=""739.152""","=""""","=""8.97e+04""",D,"=""234428.40""","=""247953.69""","=""3s.6p""","=""3P*""","=""1""","=""3p.4p""","=""3P""","=""1""",3,3,,"=""T6298c4,LS""","=""""",
Si,3,"=""""","=""739.906""","=""""","=""1.49e+05""",D+,"=""234442.18""","=""247953.69""","=""3s.6p""","=""3P*""","=""2""","=""3p.4p""","=""3P""","=""1""",5,3,,"=""T6298c4,LS""","=""""",
Si,3,"=""""","=""740.847""","=""""","=""7.76e+06""",B,"=""226820.28""","=""240314.63""","=""3p.4s""","=""3P*""","=""2""","=""3s.6d""","=""3D""","=""3""",5,7,,"=""T6298c4,LS""","=""""",
Si,3,"=""""","=""742.517""","=""""","=""1.92e+06""",C+,"=""226820.28""","=""240284.28""","=""3p.4s""","=""3P*""","=""2""","=""3s.6d""","=""3D""","=""2""",5,5,,"=""T6298c4,LS""","=""""",
Si,3,"=""""","=""743.662""","=""""","=""3.52e+05""",D+,"=""234428.40""","=""247871.66""","=""3s.6p""","=""3P*""","=""1""","=""3p.4p""","=""3P""","=""0""",3,1,,"=""T6298c4,LS""","=""""",
Si,3,"=""""","=""743.732""","=""""","=""2.13e+05""",D+,"=""226820.28""","=""240262.28""","=""3p.4s""","=""3P*""","=""2""","=""3s.6d""","=""3D""","=""1""",5,3,,"=""T6298c4,LS""","=""""",
Si,3,"=""""","=""744.233""","=""""","=""1.60e+07""",B,"=""216190.24""","=""229623.19""","=""3p.3d""","=""3P*""","=""2""","=""3s.6s""","=""3S""","=""1""",5,3,,"=""T6298c4,LS""","=""""",
Si,3,"=""746.189""","=""746.190""","=""5w""","=""4.99e+07""",B,"=""201597.73""","=""214995.46""","=""3s.4d""","=""3D""","=""1""","=""3s.5p""","=""3P*""","=""0""",3,1,,"=""T6298c4,LS""","=""L4833""",
Si,3,"=""""","=""746.235""","=""""","=""1.25e+07""",B,"=""201597.73""","=""214994.65""","=""3s.4d""","=""3D""","=""1""","=""3s.5p""","=""3P*""","=""1""",3,3,,"=""T6298c4,LS""","=""""",
Si,3,"=""746.262""","=""746.265""","=""8w""","=""3.75e+07""",B+,"=""201598.28""","=""214994.65""","=""3s.4d""","=""3D""","=""2""","=""3s.5p""","=""3P*""","=""1""",5,3,,"=""T6298c4,LS""","=""L4833""",
Si,3,"=""""","=""746.535""","=""""","=""4.99e+05""",C,"=""201597.73""","=""214989.27""","=""3s.4d""","=""3D""","=""1""","=""3s.5p""","=""3P*""","=""2""",3,5,,"=""T6298c4,LS""","=""""",
Si,3,"=""""","=""746.565""","=""""","=""7.49e+06""",B,"=""201598.28""","=""214989.27""","=""3s.4d""","=""3D""","=""2""","=""3s.5p""","=""3P*""","=""2""",5,5,,"=""T6298c4,LS""","=""""",
Si,3,"=""746.632""","=""746.632""","=""9w""","=""4.19e+07""",B+,"=""201599.48""","=""214989.27""","=""3s.4d""","=""3D""","=""3""","=""3s.5p""","=""3P*""","=""2""",7,5,,"=""T6298c4,LS""","=""L4833""",
Si,3,"=""""","=""749.728""","=""""","=""9.39e+06""",B,"=""216288.69""","=""229623.19""","=""3p.3d""","=""3P*""","=""1""","=""3s.6s""","=""3S""","=""1""",3,3,,"=""T6298c4,LS""","=""""",
Si,3,"=""""","=""753.206""","=""""","=""3.09e+06""",C+,"=""216350.26""","=""229623.19""","=""3p.3d""","=""3P*""","=""0""","=""3s.6s""","=""3S""","=""1""",1,3,,"=""T6298c4,LS""","=""""",
Si,3,"=""""","=""755.091""","=""""","=""8.19e-07""",E,"=""129708.45""","=""142948.25""","=""3p2""","=""3P""","=""0""","=""3s.3d""","=""3D""","=""1""",1,3,M1,"=""c44""","=""""",
Si,3,"=""""","=""755.228""","=""""","=""2.16e-03""",C+,"=""129708.45""","=""142945.84""","=""3p2""","=""3P""","=""0""","=""3s.3d""","=""3D""","=""2""",1,5,E2,"=""c44""","=""""",
Si,3,"=""761.236""","=""761.236""","=""12w""","=""9.94e+07""",B+,"=""214532.17""","=""227665.09""","=""3s.5p""","=""1P*""","=""1""","=""3s.5d""","=""1D""","=""2""",3,5,,"=""T6298c4""","=""L4833""",
Si,3,"=""""","=""762.783""","=""""","=""2.38e-06""",E,"=""129841.97""","=""142948.25""","=""3p2""","=""3P""","=""1""","=""3s.3d""","=""3D""","=""1""",3,3,M1,"=""c44""","=""""",
Si,3,"=""""","=""762.783""","=""""","=""4.46e-03""",C+,"=""129841.97""","=""142948.25""","=""3p2""","=""3P""","=""1""","=""3s.3d""","=""3D""","=""1""",3,3,E2,"=""c44""","=""""",
Si,3,"=""""","=""762.923""","=""""","=""1.02e-07""",E,"=""129841.97""","=""142945.84""","=""3p2""","=""3P""","=""1""","=""3s.3d""","=""3D""","=""2""",3,5,M1,"=""c44""","=""""",
Si,3,"=""""","=""762.923""","=""""","=""4.80e-04""",C+,"=""129841.97""","=""142945.84""","=""3p2""","=""3P""","=""1""","=""3s.3d""","=""3D""","=""2""",3,5,E2,"=""c44""","=""""",
Si,3,"=""""","=""763.046""","=""""","=""2.14e-03""",C+,"=""129841.97""","=""142943.74""","=""3p2""","=""3P""","=""1""","=""3s.3d""","=""3D""","=""3""",3,7,E2,"=""c44""","=""""",
Si,3,"=""""","=""763.47""","=""""","=""4.01e+05""",E,"=""244736.93""","=""257831.4""","=""3p.4p""","=""3D""","=""1""","=""3s.9f""","=""3F*""","=""2""",3,5,,"=""T6298c4,LS""","=""""",
Si,1,"=""768.0267""","=""768.0266""","=""100""","=""4.62e+06""",C+,"=""47284.061""","=""60300.860""","=""3s2.3p.4p""","=""1P""","=""1""","=""3s2.3p.5d""","=""1D*""","=""2""",3,5,,"=""T2301""","=""L3521""",
Si,3,"=""""","=""771.07""","=""""","=""7.23e+04""",E,"=""244866.05""","=""257831.4""","=""3p.4p""","=""3D""","=""2""","=""3s.9f""","=""3F*""","=""2""",5,5,,"=""T6298c4,LS""","=""""",
Si,3,"=""""","=""771.07""","=""""","=""4.12e+05""",E,"=""244866.05""","=""257831.4""","=""3p.4p""","=""3D""","=""2""","=""3s.9f""","=""3F*""","=""3""",5,7,,"=""T6298c4,LS""","=""""",
Si,2,"=""""","=""771.770""","=""""","=""2.10e+04""",E,"=""101023.05""","=""113976.72""","=""3s2.4d""","=""2D""","=""3/2""","=""3s2.6p""","=""2P*""","=""3/2""",4,4,,"=""T7166""","=""""",
Si,2,"=""""","=""771.847""","=""""","=""1.89e+05""",D+,"=""101024.35""","=""113976.72""","=""3s2.4d""","=""2D""","=""5/2""","=""3s2.6p""","=""2P*""","=""3/2""",6,4,,"=""T7166""","=""""",
Si,2,"=""""","=""772.643""","=""""","=""6.75e+04""",E,"=""101023.05""","=""113962.08""","=""3s2.4d""","=""2D""","=""3/2""","=""3s2.6p""","=""2P*""","=""1/2""",4,2,,"=""T6527c4,LS""","=""""",
Si,1,"=""774.271""","=""774.272""","=""40""","=""5.34e+06""",C,"=""50054.80""","=""62966.61""","=""3s2.3p.3d""","=""3F*""","=""4""","=""3s2.3p.(2P*<3/2>).6f""","=""2[9/2]""","=""5""",9,11,,"=""T6066LS'""","=""L3521""",
Si,3,"=""""","=""778.133""","=""""","=""1.60e-06""",E,"=""130100.52""","=""142948.25""","=""3p2""","=""3P""","=""2""","=""3s.3d""","=""3D""","=""1""",5,3,M1,"=""c44""","=""""",
Si,3,"=""""","=""778.133""","=""""","=""1.36e-03""",C+,"=""130100.52""","=""142948.25""","=""3p2""","=""3P""","=""2""","=""3s.3d""","=""3D""","=""1""",5,3,E2,"=""c44""","=""""",
Si,3,"=""""","=""778.279""","=""""","=""2.35e-06""",E,"=""130100.52""","=""142945.84""","=""3p2""","=""3P""","=""2""","=""3s.3d""","=""3D""","=""2""",5,5,M1,"=""c44""","=""""",
Si,3,"=""""","=""778.279""","=""""","=""3.21e-03""",C+,"=""130100.52""","=""142945.84""","=""3p2""","=""3P""","=""2""","=""3s.3d""","=""3D""","=""2""",5,5,E2,"=""c44""","=""""",
Si,3,"=""""","=""778.407""","=""""","=""2.21e-06""",D,"=""130100.52""","=""142943.74""","=""3p2""","=""3P""","=""2""","=""3s.3d""","=""3D""","=""3""",5,7,M1,"=""c44""","=""""",
Si,3,"=""""","=""778.407""","=""""","=""3.73e-03""",B,"=""130100.52""","=""142943.74""","=""3p2""","=""3P""","=""2""","=""3s.3d""","=""3D""","=""3""",5,7,E2,"=""c44""","=""""",
Si,3,"=""""","=""784.42""","=""""","=""1.94e+03""",E,"=""245086.58""","=""257831.4""","=""3p.4p""","=""3D""","=""3""","=""3s.9f""","=""3F*""","=""2""",7,5,,"=""T6298c4,LS""","=""""",
Si,3,"=""""","=""784.42""","=""""","=""4.91e+04""",E,"=""245086.58""","=""257831.4""","=""3p.4p""","=""3D""","=""3""","=""3s.9f""","=""3F*""","=""3""",7,7,,"=""T6298c4,LS""","=""""",
Si,3,"=""""","=""784.42""","=""""","=""4.40e+05""",D,"=""245086.58""","=""257831.4""","=""3p.4p""","=""3D""","=""3""","=""3s.9f""","=""3F*""","=""4""",7,9,,"=""T6298c4,LS""","=""""",
Si,2,"=""784.880""","=""784.882""","=""400""","=""3.73e+07""",B,"=""101023.05""","=""113760.32""","=""3s2.4d""","=""2D""","=""3/2""","=""3s2.5f""","=""2F*""","=""5/2""",4,6,,"=""T6527c4,LS""","=""L3541""",
Si,2,"=""""","=""784.962""","=""""","=""2.66e+06""",C,"=""101024.35""","=""113760.32""","=""3s2.4d""","=""2D""","=""5/2""","=""3s2.5f""","=""2F*""","=""5/2""",6,6,,"=""T6527c4,LS""","=""""",
Si,2,"=""784.972""","=""784.972""","=""500""","=""3.99e+07""",B,"=""101024.35""","=""113760.15""","=""3s2.4d""","=""2D""","=""5/2""","=""3s2.5f""","=""2F*""","=""7/2""",6,8,,"=""T6527c4,LS""","=""L3541""",
Si,2,"=""""","=""791.152""","=""""","=""2.41e+05""",E,"=""113760.15""","=""126396.47""","=""3s2.5f""","=""2F*""","=""7/2""","=""3s2.9g""","=""2G""","=""7/2""",8,8,,"=""T6527c4,LS""","=""""",
Si,2,"=""""","=""791.152""","=""""","=""3.85e+06""",D,"=""113760.15""","=""126396.47""","=""3s2.5f""","=""2F*""","=""7/2""","=""3s2.9g""","=""2G""","=""9/2""",8,10,,"=""T6527c4,LS""","=""""",
Si,2,"=""""","=""791.163""","=""""","=""3.37e+06""",E,"=""113760.32""","=""126396.47""","=""3s2.5f""","=""2F*""","=""5/2""","=""3s2.9g""","=""2G""","=""7/2""",6,8,,"=""T6527c4,LS""","=""""",
Si,1,"=""791.8386""","=""791.8384""","=""90""","=""5.22e+06""",C+,"=""48020.074""","=""60645.441""","=""3s2.3p.4p""","=""3D""","=""1""","=""3s2.3p.5d""","=""3F*""","=""2""",3,5,,"=""T2301""","=""L3521""",
Si,1,"=""""","=""792.585""","=""""","=""2.08e+06""",D,"=""50189.389""","=""62802.86""","=""3s2.3p.4p""","=""1D""","=""2""","=""3s2.3p.6d""","=""1F*""","=""3""",5,7,,"=""T6066""","=""""",
Si,1,"=""793.2349""","=""793.2348""","=""120""","=""5.13e+06""",C+,"=""48102.323""","=""60705.464""","=""3s2.3p.4p""","=""3D""","=""2""","=""3s2.3p.5d""","=""3F*""","=""3""",5,7,,"=""T2301""","=""L3521""",
Si,1,"=""794.4001""","=""794.4001""","=""140""","=""5.75e+06""",B,"=""48264.292""","=""60848.946""","=""3s2.3p.4p""","=""3D""","=""3""","=""3s2.3p.5d""","=""3F*""","=""4""",7,9,,"=""T2301""","=""L3521""",
Si,1,"=""797.0306""","=""797.0307""","=""35""","=""7.11e+05""",C,"=""48102.323""","=""60645.441""","=""3s2.3p.4p""","=""3D""","=""2""","=""3s2.3p.5d""","=""3F*""","=""2""",5,5,,"=""T2301""","=""L3521""",
Si,3,"=""""","=""798.409""","=""""","=""6.24e+05""",D+,"=""235413.93""","=""247935.39""","=""3p.3d""","=""1F*""","=""3""","=""3p.4p""","=""1D""","=""2""",7,5,,"=""T6298c4""","=""""",
Si,2,"=""""","=""799.723""","=""""","=""1.48e-02""",C+,"=""42824.29""","=""55325.18""","=""3s.3p2""","=""4P""","=""1/2""","=""3s.3p2""","=""2D""","=""5/2""",2,6,E2,"=""c22""","=""""",
Si,1,"=""""","=""800.669""","=""""","=""9.20e+04""",E,"=""50499.838""","=""62985.96""","=""3s2.3p.3d""","=""3P*""","=""2""","=""3s2.3p.(2P*<3/2>).6f""","=""2[3/2]""","=""1""",5,3,,"=""T6066LS'""","=""""",
Si,2,"=""""","=""800.737""","=""""","=""1.49e-02""",C+,"=""42824.29""","=""55309.35""","=""3s.3p2""","=""4P""","=""1/2""","=""3s.3p2""","=""2D""","=""3/2""",2,4,E2,"=""c22""","=""""",
Si,2,"=""""","=""800.737""","=""""","=""6.56e-04""",D,"=""42824.29""","=""55309.35""","=""3s.3p2""","=""4P""","=""1/2""","=""3s.3p2""","=""2D""","=""3/2""",2,4,M1,"=""c22""","=""""",
Si,1,"=""""","=""800.839""","=""""","=""9.77e+05""",E,"=""49028.294""","=""61511.77""","=""3s2.3p.4p""","=""3P""","=""0""","=""3s2.3p.5d""","=""3D*""","=""1""",1,3,,"=""T6066LS""","=""""",
Si,1,"=""""","=""802.917""","=""""","=""7.26e+05""",E,"=""49060.601""","=""61511.77""","=""3s2.3p.4p""","=""3P""","=""1""","=""3s2.3p.5d""","=""3D*""","=""1""",3,3,,"=""T6066LS""","=""""",
Si,1,"=""803.5619""","=""803.5618""","=""35""","=""8.11e+05""",D,"=""48264.292""","=""60705.464""","=""3s2.3p.4p""","=""3D""","=""3""","=""3s2.3p.5d""","=""3F*""","=""3""",7,7,,"=""T8363""","=""L3521""",
Si,2,"=""""","=""804.441""","=""""","=""4.41e+06""",D+,"=""112394.56""","=""124822.14""","=""3s2.5d""","=""2D""","=""3/2""","=""3s2.8f""","=""2F*""","=""5/2""",4,6,,"=""T6527c4,LS""","=""""",
Si,2,"=""""","=""804.451""","=""""","=""3.15e+05""",E,"=""112394.72""","=""124822.14""","=""3s2.5d""","=""2D""","=""5/2""","=""3s2.8f""","=""2F*""","=""5/2""",6,6,,"=""T6527c4,LS""","=""""",
Si,2,"=""""","=""804.455""","=""""","=""4.73e+06""",D+,"=""112394.72""","=""124822.08""","=""3s2.5d""","=""2D""","=""5/2""","=""3s2.8f""","=""2F*""","=""7/2""",6,8,,"=""T6527c4,LS""","=""""",
Si,1,"=""""","=""804.960""","=""""","=""1.36e+06""",D,"=""50566.397""","=""62985.96""","=""3s2.3p.3d""","=""3P*""","=""1""","=""3s2.3p.(2P*<3/2>).6f""","=""2[3/2]""","=""1""",3,3,,"=""T6066LS'""","=""""",
Si,2,"=""""","=""806.714""","=""""","=""1.35e-03""",D,"=""42932.62""","=""55325.18""","=""3s.3p2""","=""4P""","=""3/2""","=""3s.3p2""","=""2D""","=""5/2""",4,6,M1,"=""c22""","=""""",
Si,2,"=""""","=""806.714""","=""""","=""3.13e-05""",D+,"=""42932.62""","=""55325.18""","=""3s.3p2""","=""4P""","=""3/2""","=""3s.3p2""","=""2D""","=""5/2""",4,6,E2,"=""c22""","=""""",
Si,1,"=""""","=""807.059""","=""""","=""1.29e+06""",D,"=""49060.601""","=""61447.86""","=""3s2.3p.4p""","=""3P""","=""1""","=""3s2.3p.5d""","=""3D*""","=""2""",3,5,,"=""T6066LS""","=""""",
Si,1,"=""""","=""807.1284""","=""""","=""1.72e+06""",D,"=""49188.617""","=""61574.814""","=""3s2.3p.4p""","=""3P""","=""2""","=""3s2.3p.5d""","=""3D*""","=""3""",5,7,,"=""T6066LS""","=""""",
Si,1,"=""""","=""807.303""","=""""","=""1.80e+06""",D,"=""50602.44""","=""62985.96""","=""3s2.3p.3d""","=""3P*""","=""0""","=""3s2.3p.(2P*<3/2>).6f""","=""2[3/2]""","=""1""",1,3,,"=""T6066LS'""","=""""",
Si,1,"=""""","=""807.4574""","=""""","=""3.16e+04""",E,"=""48264.292""","=""60645.441""","=""3s2.3p.4p""","=""3D""","=""3""","=""3s2.3p.5d""","=""3F*""","=""2""",7,5,,"=""T8363""","=""""",
Si,2,"=""""","=""807.746""","=""""","=""2.52e+00""",C,"=""42932.62""","=""55309.35""","=""3s.3p2""","=""4P""","=""3/2""","=""3s.3p2""","=""2D""","=""3/2""",4,4,M1,"=""c22""","=""""",
Si,2,"=""""","=""807.746""","=""""","=""8.18e-06""",D+,"=""42932.62""","=""55309.35""","=""3s.3p2""","=""4P""","=""3/2""","=""3s.3p2""","=""2D""","=""3/2""",4,4,E2,"=""c22""","=""""",
Si,1,"=""809.3241""","=""809.3232""","=""70""","=""1.5e+06""",D,"=""47284.061""","=""59636.667""","=""3s2.3p.4p""","=""1P""","=""1""","=""3s2.3p.(2P*<3/2>).6s<1/2>""","=""(3/2,1/2)*""","=""1""",3,3,,"=""T1619CA""","=""L3521""",
Si,1,"=""""","=""811.258""","=""""","=""4.69e+04""",E,"=""49188.617""","=""61511.77""","=""3s2.3p.4p""","=""3P""","=""2""","=""3s2.3p.5d""","=""3D*""","=""1""",5,3,,"=""T6066LS""","=""""",
Si,1,"=""""","=""815.487""","=""""","=""4.16e+05""",E,"=""49188.617""","=""61447.86""","=""3s2.3p.4p""","=""3P""","=""2""","=""3s2.3p.5d""","=""3D*""","=""2""",5,5,,"=""T6066LS""","=""""",
Si,2,"=""""","=""818.288""","=""""","=""6.65e-03""",D+,"=""43107.91""","=""55325.18""","=""3s.3p2""","=""4P""","=""5/2""","=""3s.3p2""","=""2D""","=""5/2""",6,6,M1,"=""c22""","=""""",
Si,2,"=""""","=""818.288""","=""""","=""1.98e-04""",C,"=""43107.91""","=""55325.18""","=""3s.3p2""","=""4P""","=""5/2""","=""3s.3p2""","=""2D""","=""5/2""",6,6,E2,"=""c22""","=""""",
Si,3,"=""819.043""","=""819.05""","=""7w""","=""8.09e+07""",B+,"=""230267.7""","=""242473.66""","=""3s.5f""","=""3F*""","=""2""","=""3s.6g""","=""3G""","=""3""",5,7,,"=""T6298c4,LS""","=""L4833""",
Si,3,"=""""","=""819.095""","=""""","=""8.19e+07""",B+,"=""230268.62""","=""242473.86""","=""3s.5f""","=""3F*""","=""3""","=""3s.6g""","=""3G""","=""4""",7,9,,"=""T6298c4,LS""","=""""",
Si,3,"=""819.116""","=""819.108""","=""6w""","=""7.05e+06""",B,"=""230268.62""","=""242473.66""","=""3s.5f""","=""3F*""","=""3""","=""3s.6g""","=""3G""","=""3""",7,7,,"=""T6298c4,LS""","=""L4833""",
Si,3,"=""819.168""","=""819.168""","=""8w""","=""8.78e+07""",B+,"=""230270.66""","=""242474.81""","=""3s.5f""","=""3F*""","=""4""","=""3s.6g""","=""3G""","=""5""",9,11,,"=""T6298c4,LS""","=""L4833""",
Si,3,"=""""","=""819.232""","=""""","=""5.48e+06""",B,"=""230270.66""","=""242473.86""","=""3s.5f""","=""3F*""","=""4""","=""3s.6g""","=""3G""","=""4""",9,9,,"=""T6298c4,LS""","=""""",
Si,3,"=""""","=""819.245""","=""""","=""1.07e+05""",D+,"=""230270.66""","=""242473.66""","=""3s.5f""","=""3F*""","=""4""","=""3s.6g""","=""3G""","=""3""",9,7,,"=""T6298c4,LS""","=""""",
Si,2,"=""""","=""819.350""","=""""","=""8.35e-05""",C,"=""43107.91""","=""55309.35""","=""3s.3p2""","=""4P""","=""5/2""","=""3s.3p2""","=""2D""","=""3/2""",6,4,E2,"=""c22""","=""""",
Si,2,"=""""","=""819.350""","=""""","=""7.52e-04""",D,"=""43107.91""","=""55309.35""","=""3s.3p2""","=""4P""","=""5/2""","=""3s.3p2""","=""2D""","=""3/2""",6,4,M1,"=""c22""","=""""",
Si,3,"=""""","=""821.194""","=""""","=""1.83e+07""",B,"=""242411.70""","=""254585.75""","=""3s.6f""","=""3F*""","=""4""","=""3s.8g""","=""3G""","=""5""",9,11,,"=""T6298c4,LS""","=""""",
Si,3,"=""""","=""821.20""","=""""","=""1.68e+07""",C+,"=""242410.88""","=""254584.8""","=""3s.6f""","=""3F*""","=""2""","=""3s.8g""","=""3G""","=""3""",5,7,,"=""T6298c4,LS""","=""""",
Si,3,"=""""","=""821.23""","=""""","=""1.47e+06""",C,"=""242411.27""","=""254584.8""","=""3s.6f""","=""3F*""","=""3""","=""3s.8g""","=""3G""","=""3""",7,7,,"=""T6298c4,LS""","=""""",
Si,3,"=""""","=""821.23""","=""""","=""1.71e+07""",B,"=""242411.27""","=""254584.8""","=""3s.6f""","=""3F*""","=""3""","=""3s.8g""","=""3G""","=""4""",7,9,,"=""T6298c4,LS""","=""""",
Si,3,"=""""","=""821.26""","=""""","=""2.24e+04""",E,"=""242411.70""","=""254584.8""","=""3s.6f""","=""3F*""","=""4""","=""3s.8g""","=""3G""","=""3""",9,7,,"=""T6298c4,LS""","=""""",
Si,3,"=""""","=""821.26""","=""""","=""1.15e+06""",C,"=""242411.70""","=""254584.8""","=""3s.6f""","=""3F*""","=""4""","=""3s.8g""","=""3G""","=""4""",9,9,,"=""T6298c4,LS""","=""""",
Si,3,"=""""","=""825.504""","=""""","=""8.14e+02""",E,"=""230301.22""","=""242411.70""","=""3s.5g""","=""3G""","=""3""","=""3s.6f""","=""3F*""","=""4""",7,9,,"=""T6298c4,LS""","=""""",
Si,3,"=""""","=""825.533""","=""""","=""6.86e+04""",D+,"=""230301.22""","=""242411.27""","=""3s.5g""","=""3G""","=""3""","=""3s.6f""","=""3F*""","=""3""",7,7,,"=""T6298c4,LS""","=""""",
Si,3,"=""""","=""825.534""","=""""","=""5.34e+04""",D+,"=""230301.66""","=""242411.70""","=""3s.5g""","=""3G""","=""4""","=""3s.6f""","=""3F*""","=""4""",9,9,,"=""T6298c4,LS""","=""""",
Si,3,"=""""","=""825.560""","=""""","=""1.10e+06""",C+,"=""230301.22""","=""242410.88""","=""3s.5g""","=""3G""","=""3""","=""3s.6f""","=""3F*""","=""2""",7,5,,"=""T6298c4,LS""","=""""",
Si,3,"=""""","=""825.563""","=""""","=""1.03e+06""",C+,"=""230301.66""","=""242411.27""","=""3s.5g""","=""3G""","=""4""","=""3s.6f""","=""3F*""","=""3""",9,7,,"=""T6298c4,LS""","=""""",
Si,3,"=""""","=""825.581""","=""""","=""1.04e+06""",C+,"=""230302.35""","=""242411.70""","=""3s.5g""","=""3G""","=""5""","=""3s.6f""","=""3F*""","=""4""",11,9,,"=""T6298c4,LS""","=""""",
Si,3,"=""826.257""","=""826.257""","=""9w""","=""7.18e+07""",B+,"=""214989.27""","=""227088.72""","=""3s.5p""","=""3P*""","=""2""","=""3s.5d""","=""3D""","=""3""",5,7,,"=""T6298c4,LS""","=""L4833""",
Si,3,"=""826.564""","=""826.565""","=""5w""","=""1.80e+07""",B+,"=""214989.27""","=""227084.21""","=""3s.5p""","=""3P*""","=""2""","=""3s.5d""","=""3D""","=""2""",5,5,,"=""T6298c4,LS""","=""L4833""",
Si,3,"=""""","=""826.771""","=""""","=""1.98e+06""",C+,"=""214989.27""","=""227081.19""","=""3s.5p""","=""3P*""","=""2""","=""3s.5d""","=""3D""","=""1""",5,3,,"=""T6298c4,LS""","=""""",
Si,3,"=""826.932""","=""826.933""","=""8w""","=""5.36e+07""",B+,"=""214994.65""","=""227084.21""","=""3s.5p""","=""3P*""","=""1""","=""3s.5d""","=""3D""","=""2""",3,5,,"=""T6298c4,LS""","=""L4833""",
Si,3,"=""827.138""","=""827.139""","=""5w""","=""2.98e+07""",B+,"=""214994.65""","=""227081.19""","=""3s.5p""","=""3P*""","=""1""","=""3s.5d""","=""3D""","=""1""",3,3,,"=""T6298c4,LS""","=""L4833""",
Si,3,"=""827.194""","=""827.195""","=""6w""","=""3.96e+07""",B+,"=""214995.46""","=""227081.19""","=""3s.5p""","=""3P*""","=""0""","=""3s.5d""","=""3D""","=""1""",1,3,,"=""T6298c4,LS""","=""L4833""",
Si,3,"=""""","=""827.315""","=""""","=""3.73e+02""",E,"=""242473.66""","=""254557.64""","=""3s.6g""","=""3G""","=""3""","=""3s.8f""","=""3F*""","=""4""",7,9,,"=""T6298c4,LS""","=""""",
Si,3,"=""""","=""827.328""","=""""","=""2.44e+04""",E,"=""242473.86""","=""254557.64""","=""3s.6g""","=""3G""","=""4""","=""3s.8f""","=""3F*""","=""4""",9,9,,"=""T6298c4,LS""","=""""",
Si,3,"=""""","=""827.341""","=""""","=""3.15e+04""",E,"=""242473.66""","=""254557.26""","=""3s.6g""","=""3G""","=""3""","=""3s.8f""","=""3F*""","=""3""",7,7,,"=""T6298c4,LS""","=""""",
Si,3,"=""""","=""827.354""","=""""","=""4.71e+05""",D+,"=""242473.86""","=""254557.26""","=""3s.6g""","=""3G""","=""4""","=""3s.8f""","=""3F*""","=""3""",9,7,,"=""T6298c4,LS""","=""""",
Si,3,"=""""","=""827.356""","=""""","=""5.03e+05""",D+,"=""242473.66""","=""254557.03""","=""3s.6g""","=""3G""","=""3""","=""3s.8f""","=""3F*""","=""2""",7,5,,"=""T6298c4,LS""","=""""",
Si,3,"=""""","=""827.393""","=""""","=""4.78e+05""",D+,"=""242474.81""","=""254557.64""","=""3s.6g""","=""3G""","=""5""","=""3s.8f""","=""3F*""","=""4""",11,9,,"=""T6298c4,LS""","=""""",
Si,3,"=""""","=""834.196""","=""""","=""1.02e+07""",B,"=""235951.09""","=""247935.39""","=""3p.3d""","=""1P*""","=""1""","=""3p.4p""","=""1D""","=""2""",3,5,,"=""T6298c4""","=""""",
Si,1,"=""""","=""835.3719""","=""""","=""3.40e+05""",D,"=""50189.389""","=""62156.816""","=""3s2.3p.4p""","=""1D""","=""2""","=""3s2.3p.6d""","=""1D*""","=""2""",5,5,,"=""T2301""","=""""",
Si,3,"=""""","=""843.649""","=""""","=""2.93e+07""",B+,"=""228699.75""","=""240549.77""","=""3p.4s""","=""1P*""","=""1""","=""3s.6d""","=""1D""","=""2""",3,5,,"=""T6298c4""","=""""",
Si,3,"=""""","=""862.085""","=""""","=""6.27e+03""",E,"=""242410.88""","=""254007.48""","=""3s.6f""","=""3F*""","=""2""","=""3s.8d""","=""3D""","=""3""",5,7,,"=""T6298c4,LS""","=""""",
Si,3,"=""""","=""862.114""","=""""","=""2.22e+05""",D,"=""242411.27""","=""254007.48""","=""3s.6f""","=""3F*""","=""3""","=""3s.8d""","=""3D""","=""3""",7,7,,"=""T6298c4,LS""","=""""",
Si,3,"=""""","=""862.146""","=""""","=""2.56e+06""",C,"=""242411.70""","=""254007.48""","=""3s.6f""","=""3F*""","=""4""","=""3s.8d""","=""3D""","=""3""",9,7,,"=""T6298c4,LS""","=""""",
Si,3,"=""""","=""862.3""","=""""","=""3.11e+05""",D,"=""242410.88""","=""[254004]""","=""3s.6f""","=""3F*""","=""2""","=""3s.8d""","=""3D""","=""2""",5,5,,"=""T6298c4,LS""","=""""",
Si,3,"=""""","=""862.4""","=""""","=""2.47e+06""",C,"=""242411.27""","=""[254004]""","=""3s.6f""","=""3F*""","=""3""","=""3s.8d""","=""3D""","=""2""",7,5,,"=""T6298c4,LS""","=""""",
Si,3,"=""""","=""862.5""","=""""","=""2.79e+06""",C,"=""242410.88""","=""[254002]""","=""3s.6f""","=""3F*""","=""2""","=""3s.8d""","=""3D""","=""1""",5,3,,"=""T6298c4,LS""","=""""",
Si,1,"=""864.8462""","=""864.847""","=""50""","=""9.12e+06""",C,"=""50054.80""","=""61614.37""","=""3s2.3p.3d""","=""3F*""","=""4""","=""3s2.3p.(2P*<3/2>).5f""","=""2[9/2]""","=""5""",9,11,,"=""T6066LS'""","=""L3521""",
Si,1,"=""""","=""868.0080""","=""""","=""1.9e+04""",E,"=""47284.061""","=""58801.529""","=""3s2.3p.4p""","=""1P""","=""1""","=""3s2.3p.4d""","=""1P*""","=""1""",3,3,,"=""T1619CA""","=""""",
Si,1,"=""""","=""889.923""","=""""","=""3.42e+06""",D+,"=""50189.389""","=""61423.23""","=""3s2.3p.4p""","=""1D""","=""2""","=""3s2.3p.5d""","=""1F*""","=""3""",5,7,,"=""T6066""","=""""",
Si,2,"=""""","=""893.550""","=""""","=""3.73e+05""",E,"=""113760.15""","=""124948.40""","=""3s2.5f""","=""2F*""","=""7/2""","=""3s2.8g""","=""2G""","=""7/2""",8,8,,"=""T6527c4,LS""","=""""",
Si,2,"=""""","=""893.550""","=""""","=""5.97e+06""",C,"=""113760.15""","=""124948.40""","=""3s2.5f""","=""2F*""","=""7/2""","=""3s2.8g""","=""2G""","=""9/2""",8,10,,"=""T6527c4,LS""","=""""",
Si,2,"=""""","=""893.563""","=""""","=""5.22e+06""",D+,"=""113760.32""","=""124948.40""","=""3s2.5f""","=""2F*""","=""5/2""","=""3s2.8g""","=""2G""","=""7/2""",6,8,,"=""T6527c4,LS""","=""""",
Si,1,"=""""","=""896.814""","=""""","=""1.55e+05""",E,"=""50499.838""","=""61647.36""","=""3s2.3p.3d""","=""3P*""","=""2""","=""3s2.3p.(2P*<3/2>).5f""","=""2[3/2]""","=""1""",5,3,,"=""T6066LS'""","=""""",
Si,1,"=""""","=""902.201""","=""""","=""2.29e+06""",D,"=""50566.397""","=""61647.36""","=""3s2.3p.3d""","=""3P*""","=""1""","=""3s2.3p.(2P*<3/2>).5f""","=""2[3/2]""","=""1""",3,3,,"=""T6066LS'""","=""""",
Si,1,"=""""","=""905.145""","=""""","=""3.01e+06""",D+,"=""50602.44""","=""61647.36""","=""3s2.3p.3d""","=""3P*""","=""0""","=""3s2.3p.(2P*<3/2>).5f""","=""2[3/2]""","=""1""",1,3,,"=""T6066LS'""","=""""",
Si,3,"=""""","=""917.307""","=""""","=""1.53e+07""",B+,"=""216190.24""","=""227088.72""","=""3p.3d""","=""3P*""","=""2""","=""3s.5d""","=""3D""","=""3""",5,7,,"=""T6298c4,LS""","=""""",
Si,3,"=""""","=""917.327""","=""""","=""6.19e+05""",D+,"=""243868.50""","=""254766.75""","=""3s.6f""","=""1F*""","=""3""","=""3s.8d""","=""1D""","=""2""",7,5,,"=""T6298c4""","=""""",
Si,3,"=""""","=""917.687""","=""""","=""3.82e+06""",B,"=""216190.24""","=""227084.21""","=""3p.3d""","=""3P*""","=""2""","=""3s.5d""","=""3D""","=""2""",5,5,,"=""T6298c4,LS""","=""""",
Si,3,"=""""","=""917.942""","=""""","=""4.25e+05""",C,"=""216190.24""","=""227081.19""","=""3p.3d""","=""3P*""","=""2""","=""3s.5d""","=""3D""","=""1""",5,3,,"=""T6298c4,LS""","=""""",
Si,3,"=""""","=""926.056""","=""""","=""1.11e+07""",B+,"=""216288.69""","=""227084.21""","=""3p.3d""","=""3P*""","=""1""","=""3s.5d""","=""3D""","=""2""",3,5,,"=""T6298c4,LS""","=""""",
Si,3,"=""""","=""926.315""","=""""","=""6.20e+06""",B,"=""216288.69""","=""227081.19""","=""3p.3d""","=""3P*""","=""1""","=""3s.5d""","=""3D""","=""1""",3,3,,"=""T6298c4,LS""","=""""",
Si,3,"=""""","=""931.630""","=""""","=""8.12e+06""",B,"=""216350.26""","=""227081.19""","=""3p.3d""","=""3P*""","=""0""","=""3s.5d""","=""3D""","=""1""",1,3,,"=""T6298c4,LS""","=""""",
Si,3,"=""""","=""932.389""","=""""","=""8.34e+06""",B+,"=""165765.00""","=""176487.19""","=""3s.3d""","=""1D""","=""2""","=""3s.4p""","=""1P*""","=""1""",5,3,,"=""c44,T5038""","=""""",
Si,3,"=""""","=""932.92""","=""""","=""1.01e+07""",B,"=""243868.50""","=""254584.6""","=""3s.6f""","=""1F*""","=""3""","=""3s.8g""","=""1G""","=""4""",7,9,,"=""T6298c4""","=""""",
Si,3,"=""""","=""936.375""","=""""","=""3.06e-03""",B,"=""198923.15""","=""209599.70""","=""3p.3d""","=""3F*""","=""2""","=""3s.4f""","=""3F*""","=""4""",5,9,E2,"=""c44""","=""""",
Si,3,"=""""","=""939.203""","=""""","=""9.02e+06""",B+,"=""234442.18""","=""245086.58""","=""3s.6p""","=""3P*""","=""2""","=""3p.4p""","=""3D""","=""3""",5,7,,"=""T6298c4,LS""","=""""",
Si,1,"=""""","=""939.342""","=""""","=""8.95e+05""",E,"=""49399.670""","=""60042.50""","=""3s2.3p.4p""","=""3S""","=""1""","=""3s2.3p.nd""","=""a 3P*""","=""0""",3,1,,"=""T6066LS""","=""""",
Si,3,"=""""","=""939.929""","=""""","=""8.27e-02""",B+,"=""198923.15""","=""209559.33""","=""3p.3d""","=""3F*""","=""2""","=""3s.4f""","=""3F*""","=""3""",5,7,E2,"=""c44""","=""""",
Si,2,"=""941.272""","=""941.27""","=""100""","=""4.65e+06""",C+,"=""103556.03""","=""114177.1""","=""3s2.4f""","=""2F*""","=""7/2""","=""3s2.5g""","=""2G""","=""7/2""",8,8,,"=""T6527c4,LS""","=""L3541""",
Si,1,"=""941.3506""","=""941.3500""","=""100""","=""2.26e+07""",C+,"=""40991.884""","=""51612.012""","=""3s2.3p.4s""","=""1P*""","=""1""","=""3s2.3p.4p""","=""1S""","=""0""",3,1,,"=""T8363c22""","=""L3521""",
Si,1,"=""""","=""942.1786""","=""""","=""8.86e+05""",D,"=""49399.670""","=""60010.458""","=""3s2.3p.4p""","=""3S""","=""1""","=""3s2.3p.nd""","=""a 3P*""","=""1""",3,3,,"=""T6066LS""","=""""",
Si,3,"=""""","=""942.404""","=""""","=""2.65e-01""",B+,"=""198923.15""","=""209531.40""","=""3p.3d""","=""3F*""","=""2""","=""3s.4f""","=""3F*""","=""2""",5,5,E2,"=""c44""","=""""",
Si,3,"=""""","=""945.527""","=""""","=""6.57e-02""",B+,"=""199026.49""","=""209599.70""","=""3p.3d""","=""3F*""","=""3""","=""3s.4f""","=""3F*""","=""4""",7,9,E2,"=""c44""","=""""",
Si,2,"=""""","=""949.08""","=""""","=""2.36e+06""",D,"=""113962.08""","=""124495.7""","=""3s2.6p""","=""2P*""","=""1/2""","=""3s2.8d""","=""2D""","=""3/2""",2,4,,"=""T6527c4,LS""","=""""",
Si,3,"=""""","=""949.151""","=""""","=""2.13e-01""",B+,"=""199026.49""","=""209559.33""","=""3p.3d""","=""3F*""","=""3""","=""3s.4f""","=""3F*""","=""3""",7,7,E2,"=""c44""","=""""",
Si,2,"=""""","=""950.40""","=""""","=""2.82e+06""",D+,"=""113976.72""","=""124495.7""","=""3s2.6p""","=""2P*""","=""3/2""","=""3s2.8d""","=""2D""","=""5/2""",4,6,,"=""T6527c4,LS""","=""""",
Si,2,"=""""","=""950.40""","=""""","=""4.71e+05""",E,"=""113976.72""","=""124495.7""","=""3s2.6p""","=""2P*""","=""3/2""","=""3s2.8d""","=""2D""","=""3/2""",4,4,,"=""T6527c4,LS""","=""""",
Si,1,"=""""","=""950.5205""","=""""","=""8.63e+05""",D,"=""49399.670""","=""59917.336""","=""3s2.3p.4p""","=""3S""","=""1""","=""3s2.3p.nd""","=""a 3P*""","=""2""",3,5,,"=""T6066LS""","=""""",
Si,3,"=""""","=""951.675""","=""""","=""1.14e-01""",B+,"=""199026.49""","=""209531.40""","=""3p.3d""","=""3F*""","=""3""","=""3s.4f""","=""3F*""","=""2""",7,5,E2,"=""c44""","=""""",
Si,3,"=""""","=""957.807""","=""""","=""6.37e+06""",B,"=""234428.40""","=""244866.05""","=""3s.6p""","=""3P*""","=""1""","=""3p.4p""","=""3D""","=""2""",3,5,,"=""T6298c4,LS""","=""""",
Si,3,"=""""","=""957.995""","=""""","=""3.03e-01""",B+,"=""199164.10""","=""209599.70""","=""3p.3d""","=""3F*""","=""4""","=""3s.4f""","=""3F*""","=""4""",9,9,E2,"=""c44""","=""""",
Si,3,"=""""","=""959.074""","=""""","=""2.12e+06""",B,"=""234442.18""","=""244866.05""","=""3s.6p""","=""3P*""","=""2""","=""3p.4p""","=""3D""","=""2""",5,5,,"=""T6298c4,LS""","=""""",
Si,3,"=""""","=""961.716""","=""""","=""8.32e-02""",B+,"=""199164.10""","=""209559.33""","=""3p.3d""","=""3F*""","=""4""","=""3s.4f""","=""3F*""","=""3""",9,7,E2,"=""c44""","=""""",
Si,3,"=""""","=""964.307""","=""""","=""5.34e-03""",B,"=""199164.10""","=""209531.40""","=""3p.3d""","=""3F*""","=""4""","=""3s.4f""","=""3F*""","=""2""",9,5,E2,"=""c44""","=""""",
Si,3,"=""""","=""968.552""","=""""","=""4.57e+06""",B,"=""234415.07""","=""244736.93""","=""3s.6p""","=""3P*""","=""0""","=""3p.4p""","=""3D""","=""1""",1,3,,"=""T6298c4,LS""","=""""",
Si,3,"=""""","=""969.804""","=""""","=""3.41e+06""",B,"=""234428.40""","=""244736.93""","=""3s.6p""","=""3P*""","=""1""","=""3p.4p""","=""3D""","=""1""",3,3,,"=""T6298c4,LS""","=""""",
Si,3,"=""""","=""971.103""","=""""","=""2.26e+05""",C,"=""234442.18""","=""244736.93""","=""3s.6p""","=""3P*""","=""2""","=""3p.4p""","=""3D""","=""1""",5,3,,"=""T6298c4,LS""","=""""",
Si,2,"=""""","=""974.315""","=""""","=""6.37e+06""",D+,"=""112394.56""","=""122655.37""","=""3s2.5d""","=""2D""","=""3/2""","=""3s2.7f""","=""2F*""","=""5/2""",4,6,,"=""T6527c4,LS""","=""""",
Si,2,"=""""","=""974.330""","=""""","=""4.53e+05""",E,"=""112394.72""","=""122655.37""","=""3s2.5d""","=""2D""","=""5/2""","=""3s2.7f""","=""2F*""","=""5/2""",6,6,,"=""T6527c4,LS""","=""""",
Si,2,"=""""","=""974.341""","=""""","=""6.79e+06""",C,"=""112394.72""","=""122655.25""","=""3s2.5d""","=""2D""","=""5/2""","=""3s2.7f""","=""2F*""","=""7/2""",6,8,,"=""T6527c4,LS""","=""""",
Si,3,"=""""","=""979.991""","=""""","=""3.12e+07""",B+,"=""204330.79""","=""214532.17""","=""3s.4d""","=""1D""","=""2""","=""3s.5p""","=""1P*""","=""1""",5,3,,"=""T6298c4""","=""""",
Si,3,"=""""","=""982.611""","=""""","=""8.87e+06""",B,"=""206176.08""","=""216350.26""","=""3s.5s""","=""3S""","=""1""","=""3p.3d""","=""3P*""","=""0""",3,1,,"=""T6298c4,LS""","=""""",
Si,3,"=""""","=""988.593""","=""""","=""8.73e+06""",B,"=""206176.08""","=""216288.69""","=""3s.5s""","=""3S""","=""1""","=""3p.3d""","=""3P*""","=""1""",3,3,,"=""T6298c4,LS""","=""""",
Si,1,"=""""","=""988.7047""","=""""","=""5.67e+05""",D,"=""50189.389""","=""60300.860""","=""3s2.3p.4p""","=""1D""","=""2""","=""3s2.3p.5d""","=""1D*""","=""2""",5,5,,"=""T6066""","=""""",
Si,3,"=""""","=""991.990""","=""""","=""6.29e+06""",C,"=""247935.39""","=""258013.37""","=""3p.4p""","=""1D""","=""2""","=""3s.9f""","=""1F*""","=""3""",5,7,,"=""T6298c4""","=""""",
Si,3,"=""""","=""995.06""","=""""","=""2.81e+04""",D+,"=""230267.7""","=""240314.63""","=""3s.5f""","=""3F*""","=""2""","=""3s.6d""","=""3D""","=""3""",5,7,,"=""T6298c4,LS""","=""""",
Si,3,"=""""","=""995.147""","=""""","=""9.96e+05""",C+,"=""230268.62""","=""240314.63""","=""3s.5f""","=""3F*""","=""3""","=""3s.6d""","=""3D""","=""3""",7,7,,"=""T6298c4,LS""","=""""",
Si,3,"=""""","=""995.349""","=""""","=""1.15e+07""",B+,"=""230270.66""","=""240314.63""","=""3s.5f""","=""3F*""","=""4""","=""3s.6d""","=""3D""","=""3""",9,7,,"=""T6298c4,LS""","=""""",
Si,1,"=""""","=""996.9132""","=""""","=""8.54e+05""",D,"=""49028.294""","=""59056.508""","=""3s2.3p.4p""","=""3P""","=""0""","=""3s2.3p.4d""","=""3D*""","=""1""",1,3,,"=""T6066LS""","=""""",
Si,3,"=""""","=""998.07""","=""""","=""1.39e+06""",C+,"=""230267.7""","=""240284.28""","=""3s.5f""","=""3F*""","=""2""","=""3s.6d""","=""3D""","=""2""",5,5,,"=""T6298c4,LS""","=""""",
Si,3,"=""""","=""998.163""","=""""","=""1.11e+07""",B+,"=""230268.62""","=""240284.28""","=""3s.5f""","=""3F*""","=""3""","=""3s.6d""","=""3D""","=""2""",7,5,,"=""T6298c4,LS""","=""""",
Si,3,"=""""","=""998.312""","=""""","=""8.47e+06""",B+,"=""206176.08""","=""216190.24""","=""3s.5s""","=""3S""","=""1""","=""3p.3d""","=""3P*""","=""2""",3,5,,"=""T6298c4,LS""","=""""",
Si,1,"=""""","=""1000.1353""","=""""","=""6.34e+05""",D,"=""49060.601""","=""59056.508""","=""3s2.3p.4p""","=""3P""","=""1""","=""3s2.3p.4d""","=""3D*""","=""1""",3,3,,"=""T6066LS""","=""""",
Si,3,"=""""","=""1000.27""","=""""","=""1.23e+07""",B+,"=""230267.7""","=""240262.28""","=""3s.5f""","=""3F*""","=""2""","=""3s.6d""","=""3D""","=""1""",5,3,,"=""T6298c4,LS""","=""""",
Si,1,"=""""","=""1002.574""","=""""","=""1.13e+06""",D,"=""49060.601""","=""59032.19""","=""3s2.3p.4p""","=""3P""","=""1""","=""3s2.3p.4d""","=""3D*""","=""2""",3,5,,"=""T6066LS""","=""""",
Si,1,"=""""","=""1006.833""","=""""","=""1.49e+06""",D+,"=""49188.617""","=""59118.03""","=""3s2.3p.4p""","=""3P""","=""2""","=""3s2.3p.4d""","=""3D*""","=""3""",5,7,,"=""T6066LS""","=""""",
Si,3,"=""""","=""1010.306""","=""""","=""8.15e+06""",C+,"=""244871.47""","=""254766.75""","=""3s.7p""","=""1P*""","=""1""","=""3s.8d""","=""1D""","=""2""",3,5,,"=""T6298c4""","=""""",
Si,1,"=""""","=""1013.1101""","=""""","=""4.07e+04""",E,"=""49188.617""","=""59056.508""","=""3s2.3p.4p""","=""3P""","=""2""","=""3s2.3p.4d""","=""3D*""","=""1""",5,3,,"=""T6066LS""","=""""",
Si,1,"=""""","=""1015.613""","=""""","=""3.63e+05""",D,"=""49188.617""","=""59032.19""","=""3s2.3p.4p""","=""3P""","=""2""","=""3s2.3p.4d""","=""3D*""","=""2""",5,5,,"=""T6066LS""","=""""",
Si,3,"=""""","=""1018.041""","=""""","=""1.15e+06""",C,"=""244736.93""","=""254557.03""","=""3p.4p""","=""3D""","=""1""","=""3s.8f""","=""3F*""","=""2""",3,5,,"=""T6298c4,LS""","=""""",
Si,3,"=""""","=""1018.419""","=""""","=""3.31e+06""",C+,"=""240549.77""","=""250366.22""","=""3s.6d""","=""1D""","=""2""","=""3s.7f""","=""1F*""","=""3""",5,7,,"=""T6298c4""","=""""",
