element,sp_num,obs_wl_vac(nm),unc_obs_wl,ritz_wl_vac(nm),unc_ritz_wl,intens,Aki(s^-1),Acc,Ei(cm-1),Ek(cm-1),conf_i,term_i,J_i,conf_k,term_k,J_k,g_i,g_k,Type,tp_ref,line_ref,
Ti,2,"=""191.061227""","=""0.000007""","=""191.061231""","=""0.000011""","=""45""","=""3.80e+08""",A',"=""0.0000""","=""52339.242""","=""3d2.(3F).4s""","=""a 4F""","=""3/2""","=""3d.(2D).4s.4p.(3P*)""","=""4D*""","=""1/2""",4,2,,"=""T7471""","=""u37""",
Ti,2,"=""191.095380""","=""0.000007""","=""191.095380""","=""0.000011""","=""67""","=""1.79e+08""",A,"=""0.0000""","=""52329.889""","=""3d2.(3F).4s""","=""a 4F""","=""3/2""","=""3d.(2D).4s.4p.(3P*)""","=""4F*""","=""3/2""",4,4,,"=""T7471""","=""u37""",
Ti,3,"=""194.8508""","=""""","=""194.851+""","=""""","=""5""","=""7.2e+07""",D,"=""32475.5""","=""83796.86""","=""3p6.3d2""","=""1S""","=""0""","=""3p6.3d.4p""","=""1P*""","=""1""",1,3,,"=""T2757""","=""L3593""",
element,sp_num,obs_wl_air(nm),unc_obs_wl,ritz_wl_air(nm),unc_ritz_wl,intens,Aki(s^-1),Acc,Ei(cm-1),Ek(cm-1),conf_i,term_i,J_i,conf_k,term_k,J_k,g_i,g_k,Type,tp_ref,line_ref,
Ti,3,"=""200.7360""","=""""","=""200.7357+""","=""""","=""4""","=""3.4e+08""",D,"=""80939.19""","=""130739.82""","=""3p6.3d.4p""","=""3P*""","=""1""","=""3p6.3d.4d""","=""3S""","=""1""",3,3,,"=""T1216""","=""L3593""",
Ti,3,"=""200.7604""","=""""","=""200.7586+""","=""""","=""2""","=""1.2e+08""",D,"=""80944.87""","=""130739.82""","=""3p6.3d.4p""","=""3P*""","=""0""","=""3p6.3d.4d""","=""3S""","=""1""",1,3,,"=""T1216""","=""L3593""",
Ti,3,"=""201.0800""","=""""","=""201.0801+""","=""""","=""6""","=""5.4e+08""",D,"=""81024.47""","=""130739.82""","=""3p6.3d.4p""","=""3P*""","=""2""","=""3p6.3d.4d""","=""3S""","=""1""",5,3,,"=""T1216""","=""L3593""",
Ti,3,"=""209.7299""","=""""","=""209.7301+""","=""""","=""9""","=""3.3e+08""",D,"=""81024.47""","=""128689.67""","=""3p6.3d.4p""","=""3P*""","=""2""","=""3p6.3d.4d""","=""3D""","=""3""",5,7,,"=""T1216""","=""L3593""",
Ti,3,"=""209.9862""","=""""","=""209.9856+""","=""""","=""7""","=""2.5e+08""",D,"=""80939.19""","=""128546.38""","=""3p6.3d.4p""","=""3P*""","=""1""","=""3p6.3d.4d""","=""3D""","=""2""",3,5,,"=""T1216""","=""L3593""",
Ti,3,"=""210.360""","=""""","=""210.3625+""","=""""","=""5""","=""5.6e+07""",D,"=""81024.47""","=""128546.38""","=""3p6.3d.4p""","=""3P*""","=""2""","=""3p6.3d.4d""","=""3D""","=""2""",5,5,,"=""T1216""","=""L3593""",
Ti,3,"=""210.4857""","=""""","=""210.4852+""","=""""","=""4""","=""1.1e+08""",D,"=""80939.19""","=""128433.40""","=""3p6.3d.4p""","=""3P*""","=""1""","=""3p6.3d.4d""","=""3D""","=""1""",3,3,,"=""T1216""","=""L3593""",
Ti,3,"=""210.5092""","=""""","=""210.5104+""","=""""","=""5""","=""1.7e+08""",D,"=""80944.87""","=""128433.40""","=""3p6.3d.4p""","=""3P*""","=""0""","=""3p6.3d.4d""","=""3D""","=""1""",1,3,,"=""T1216""","=""L3593""",
Ti,3,"=""219.9223""","=""""","=""219.9216+""","=""""","=""10""","=""5.7e+08""",D,"=""83796.86""","=""129253.41""","=""3p6.3d.4p""","=""1P*""","=""1""","=""3p6.3d.4d""","=""1P""","=""1""",3,3,,"=""T1216""","=""L3593,L11926""",
Ti,3,"=""223.7773""","=""""","=""223.7762+""","=""""","=""12""","=""2.4e+08""",D,"=""83116.93""","=""127790.57""","=""3p6.3d.4p""","=""1F*""","=""3""","=""3p6.3d.4d""","=""1F""","=""3""",7,7,,"=""T1216""","=""L3593,L11926""",
Ti,1,"=""226.4016""","=""0.0002""","=""226.40181""","=""0.00003""","=""12""","=""2.3e+07""",D,"=""0.000""","=""44155.596""","=""3d2.4s2""","=""a 3F""","=""2""","=""3d2.4s.(4F).5p""","=""3G*""","=""3""",5,7,,"=""T3499n""","=""L10989""",
Ti,1,"=""227.6702""","=""0.0002""","=""227.67016""","=""0.00003""","=""14""","=""1.3e+08""",C,"=""170.1328""","=""44079.761""","=""3d2.4s2""","=""a 3F""","=""3""","=""3d2.4s.(4F).5p""","=""o 3D*""","=""2""",7,5,,"=""T3499n""","=""L10989""",
Ti,1,"=""227.9967""","=""0.0002""","=""227.99670""","=""0.00003""","=""15""","=""9.4e+07""",C,"=""386.874""","=""44233.620""","=""3d2.4s2""","=""a 3F""","=""4""","=""3d2.4s.(4F).5p""","=""o 3D*""","=""3""",9,7,,"=""T3499n""","=""L10989""",
Ti,1,"=""229.9858""","=""0.0002""","=""229.98591""","=""0.00003""","=""14""","=""6.9e+07""",C,"=""0.000""","=""43467.537""","=""3d2.4s2""","=""a 3F""","=""2""","=""3d2.4s.(4F).5p""","=""r 3F*""","=""2""",5,5,,"=""T3499n""","=""L10989""",
Ti,1,"=""230.2736""","=""0.0002""","=""230.273678""","=""0.000021""","=""14""","=""5.7e+07""",C,"=""170.1328""","=""43583.355""","=""3d2.4s2""","=""a 3F""","=""3""","=""3d2.4s.(4F).5p""","=""r 3F*""","=""3""",7,7,,"=""T3499n""","=""L10989""",
Ti,1,"=""230.5674""","=""0.0002""","=""230.56742""","=""0.00003""","=""15""","=""5.2e+07""",C,"=""386.874""","=""43744.793""","=""3d2.4s2""","=""a 3F""","=""4""","=""3d2.4s.(4F).5p""","=""r 3F*""","=""4""",9,9,,"=""T3499n""","=""L10989""",
Ti,3,"=""233.1352""","=""""","=""233.1346+""","=""""","=""15""","=""4.3e+08""",D,"=""38064.35""","=""80944.87""","=""3p6.3d.4s""","=""3D""","=""1""","=""3p6.3d.4p""","=""3P*""","=""0""",3,1,,"=""T1216""","=""L3593,L11926""",
Ti,3,"=""233.166""","=""""","=""233.1655+""","=""""","=""15""","=""1.2e+08""",D,"=""38064.35""","=""80939.19""","=""3p6.3d.4s""","=""3D""","=""1""","=""3p6.3d.4p""","=""3P*""","=""1""",3,3,,"=""T1216""","=""L3593""",
Ti,3,"=""233.4340""","=""""","=""233.4340+""","=""""","=""15""","=""7.7e+07""",D,"=""38198.95""","=""81024.47""","=""3p6.3d.4s""","=""3D""","=""2""","=""3p6.3d.4p""","=""3P*""","=""2""",5,5,,"=""T1216""","=""L3593,L11926""",
Ti,3,"=""233.9000""","=""""","=""233.8999+""","=""""","=""17""","=""3.0e+08""",D,"=""38198.95""","=""80939.19""","=""3p6.3d.4s""","=""3D""","=""2""","=""3p6.3d.4p""","=""3P*""","=""1""",5,3,,"=""T1216""","=""L3593,L11926""",
Ti,3,"=""234.6786""","=""""","=""234.6783+""","=""""","=""18""","=""3.3e+08""",D,"=""38425.99""","=""81024.47""","=""3p6.3d.4s""","=""3D""","=""3""","=""3p6.3d.4p""","=""3P*""","=""2""",7,5,,"=""T1216""","=""L3593,L11926""",
Ti,3,"=""237.4986""","=""""","=""237.4990+""","=""""","=""18""","=""4.0e+08""",D,"=""41704.27""","=""83796.86""","=""3p6.3d.4s""","=""1D""","=""2""","=""3p6.3d.4p""","=""1P*""","=""1""",5,3,,"=""T1216""","=""L3593,L11926""",
Ti,1,"=""238.4517""","=""0.0002""","=""238.45193""","=""0.00003""","=""10""","=""9.0e+06""",C,"=""386.874""","=""42311.264""","=""3d2.4s2""","=""a 3F""","=""4""","=""3d.4s2.4p""","=""q 3D*""","=""3""",9,7,,"=""T3499n""","=""L10989""",
Ti,3,"=""""","=""""","=""239.7106""","=""""","=""""","=""5.1e-03""",E,"=""0.0""","=""41704.27""","=""3p6.3d2""","=""3F""","=""2""","=""3p6.3d.4s""","=""1D""","=""2""",5,5,E2,"=""T1610""","=""""",
Ti,3,"=""""","=""""","=""240.778""","=""""","=""""","=""9.2e-02""",E,"=""184.9""","=""41704.27""","=""3p6.3d2""","=""3F""","=""3""","=""3p6.3d.4s""","=""1D""","=""2""",7,5,E2,"=""T1610""","=""""",
Ti,3,"=""241.3989""","=""""","=""241.3987+""","=""""","=""22""","=""3.8e+08""",D,"=""41704.27""","=""83116.93""","=""3p6.3d.4s""","=""1D""","=""2""","=""3p6.3d.4p""","=""1F*""","=""3""",5,7,,"=""T1216""","=""L3593,L11926""",
Ti,1,"=""241.8362""","=""0.0002""","=""241.83617""","=""0.00004""","=""12""","=""1.2e+07""",C,"=""0.000""","=""41337.748""","=""3d2.4s2""","=""a 3F""","=""2""","=""3d.4s2.4p""","=""s 3F*""","=""2""",5,5,,"=""T3499n""","=""L10989""",
Ti,1,"=""242.1305""","=""0.0002""","=""242.13047""","=""0.00003""","=""15+""","=""1.3e+07""",C,"=""170.1328""","=""41457.639""","=""3d2.4s2""","=""a 3F""","=""3""","=""3d.4s2.4p""","=""s 3F*""","=""3""",7,7,,"=""T3499n""","=""L10989""",
Ti,3,"=""""","=""""","=""242.152""","=""""","=""""","=""1.3e-02""",E,"=""420.4""","=""41704.27""","=""3p6.3d2""","=""3F""","=""4""","=""3p6.3d.4s""","=""1D""","=""2""",9,5,E2,"=""T1610""","=""""",
Ti,1,"=""242.4255""","=""0.0002""","=""242.42502""","=""0.00004""","=""15+""","=""1.7e+07""",C,"=""386.874""","=""41624.219""","=""3d2.4s2""","=""a 3F""","=""4""","=""3d.4s2.4p""","=""s 3F*""","=""4""",9,9,,"=""T3499n""","=""L10989""",
Ti,1,"=""242.8214""","=""0.0002""","=""242.82157""","=""0.00003""","=""10""","=""7.7e+06""",C,"=""0.000""","=""41170.006""","=""3d2.4s2""","=""a 3F""","=""2""","=""3d3.(2H).4p""","=""3G*""","=""3""",5,7,,"=""T3499n""","=""L10989""",
Ti,2,"=""244.016470""","=""0.000012""","=""244.016464""","=""0.000010""","=""47""","=""5.1e+07""",C,"=""12628.8455""","=""53597.2664""","=""3d3""","=""b 2D2""","=""3/2""","=""3d.(2D).4s.4p.(3P*)""","=""w 2D*""","=""3/2""",4,4,,"=""T2805""","=""u37""",
Ti,1,"=""244.0980""","=""0.0002""","=""244.09841""","=""0.00005""","=""12""","=""7.2e+06""",C,"=""386.874""","=""41341.543""","=""3d2.4s2""","=""a 3F""","=""4""","=""3d3.(2H).4p""","=""3G*""","=""5""",9,11,,"=""T3499n""","=""L10989""",
Ti,2,"=""244.269""","=""""","=""244.268548""","=""0.000010""","=""7:""","=""4.0e+06""",D,"=""12628.8455""","=""53554.9903""","=""3d3""","=""b 2D2""","=""3/2""","=""3d.(2D).4s.4p.(3P*)""","=""w 2D*""","=""5/2""",4,6,,"=""T2403n""","=""L5432""",
Ti,2,"=""244.78979""","=""0.00010""","=""244.789782""","=""0.000010""","=""6""","=""3.7e+06""",D,"=""12758.2597""","=""53597.2664""","=""3d3""","=""b 2D2""","=""5/2""","=""3d.(2D).4s.4p.(3P*)""","=""w 2D*""","=""3/2""",6,4,,"=""T2403n""","=""u37""",
Ti,2,"=""245.043470""","=""0.000012""","=""245.043467""","=""0.000010""","=""73""","=""4.5e+07""",C,"=""12758.2597""","=""53554.9903""","=""3d3""","=""b 2D2""","=""5/2""","=""3d.(2D).4s.4p.(3P*)""","=""w 2D*""","=""5/2""",6,6,,"=""T2805""","=""u37""",
Ti,2,"=""247.29408""","=""0.00018""","=""247.292548""","=""0.000007""","=""4""","=""2.08e+06""",B',"=""0.0000""","=""40425.7183""","=""3d2.(3F).4s""","=""a 4F""","=""3/2""","=""3d2.(3P).4p""","=""y 4D*""","=""3/2""",4,4,,"=""T7385""","=""L17999""",
Ti,2,"=""247.41947""","=""0.00004""","=""247.419437""","=""0.000007""","=""17""","=""6.51e+05""",C+,"=""393.4459""","=""40798.4333""","=""3d2.(3F).4s""","=""a 4F""","=""9/2""","=""3d2.(3P).4p""","=""y 4D*""","=""7/2""",10,8,,"=""T7385""","=""u37""",
Ti,2,"=""247.72028""","=""0.00004""","=""247.720249""","=""0.000006""","=""14""","=""7.9e+05""",D,"=""225.7039""","=""40581.6301""","=""3d2.(3F).4s""","=""a 4F""","=""7/2""","=""3d2.(3P).4p""","=""y 4D*""","=""5/2""",8,6,,"=""T2403n""","=""u37""",
Ti,2,"=""247.86965""","=""0.00006""","=""247.869648""","=""0.000010""","=""10""","=""5.12e+05""",D+,"=""94.1142""","=""40425.7183""","=""3d2.(3F).4s""","=""a 4F""","=""5/2""","=""3d2.(3P).4p""","=""y 4D*""","=""3/2""",6,4,,"=""T7385""","=""u37""",
Ti,2,"=""248.150""","=""""","=""248.148927""","=""0.000012""","=""4:""","=""2.0e+06""",D,"=""4628.6571""","=""44914.8733""","=""3d2.(3F).4s""","=""a 2F""","=""5/2""","=""3d2.(3P).4p""","=""x 2D*""","=""3/2""",6,4,,"=""T2403n""","=""L5432""",
Ti,2,"=""249.89511""","=""0.00003""","=""249.895120""","=""0.000007""","=""21""","=""1.37e+06""",C,"=""4897.7179""","=""44902.4455""","=""3d2.(3F).4s""","=""a 2F""","=""7/2""","=""3d2.(3P).4p""","=""x 2D*""","=""5/2""",8,6,,"=""T7385""","=""u37""",
Ti,2,"=""251.08901""","=""0.00019""","=""251.089052""","=""0.000007""","=""9""","=""3.61e+05""",D+,"=""983.9157""","=""40798.4333""","=""3d3""","=""b 4F""","=""5/2""","=""3d2.(3P).4p""","=""y 4D*""","=""7/2""",6,8,,"=""T7385""","=""L17999""",
Ti,3,"=""251.6053""","=""""","=""251.6066+""","=""""","=""25""","=""3.4e+08""",D,"=""38425.99""","=""78158.61""","=""3p6.3d.4s""","=""3D""","=""3""","=""3p6.3d.4p""","=""3F*""","=""4""",7,9,,"=""T1216""","=""L3593,L11926""",
Ti,2,"=""251.743134""","=""0.000013""","=""251.743139""","=""0.000007""","=""160""","=""5.01e+06""",B+,"=""1087.3561""","=""40798.4333""","=""3d3""","=""b 4F""","=""7/2""","=""3d2.(3P).4p""","=""y 4D*""","=""7/2""",8,8,,"=""T7385""","=""u37""",
Ti,1,"=""251.9025""","=""0.0003""","=""251.90245""","=""0.00003""","=""10""","=""5.9e+06""",C,"=""0.000""","=""39685.964""","=""3d2.4s2""","=""a 3F""","=""2""","=""3d3.(2D2).4p""","=""s 3D*""","=""2""",5,5,,"=""T3499n""","=""L10989""",
Ti,2,"=""251.98049""","=""0.00005""","=""251.980562""","=""0.000007""","=""12""","=""4.61e+05""",C',"=""907.9672""","=""40581.6301""","=""3d3""","=""b 4F""","=""3/2""","=""3d2.(3P).4p""","=""y 4D*""","=""5/2""",4,6,,"=""T7385""","=""u37""",
Ti,1,"=""252.0542""","=""0.0003""","=""252.05415""","=""0.00003""","=""15+""","=""3.8e+07""",C,"=""0.000""","=""39662.081""","=""3d2.4s2""","=""a 3F""","=""2""","=""3d3.(2D2).4p""","=""s 3D*""","=""1""",5,3,,"=""T3499n""","=""L10989""",
Ti,2,"=""252.463890""","=""0.000013""","=""252.463894""","=""0.000006""","=""206""","=""8.21e+06""",B+,"=""983.9157""","=""40581.6301""","=""3d3""","=""b 4F""","=""5/2""","=""3d2.(3P).4p""","=""y 4D*""","=""5/2""",6,6,,"=""T7385""","=""u37""",
Ti,2,"=""252.560296""","=""0.000013""","=""252.560300""","=""0.000007""","=""1350""","=""4.06e+07""",B+,"=""1215.8329""","=""40798.4333""","=""3d3""","=""b 4F""","=""9/2""","=""3d2.(3P).4p""","=""y 4D*""","=""7/2""",10,8,,"=""T7385""","=""u37""",
Ti,1,"=""252.7985""","=""0.0003""","=""252.79850""","=""0.00003""","=""10""","=""6.8e+06""",C,"=""170.1328""","=""39715.439""","=""3d2.4s2""","=""a 3F""","=""3""","=""3d3.(2D2).4p""","=""s 3D*""","=""3""",7,7,,"=""T3499n""","=""L10989""",
Ti,2,"=""252.974777""","=""0.000013""","=""252.974783""","=""0.000009""","=""154""","=""7.48e+06""",B+,"=""907.9672""","=""40425.7183""","=""3d3""","=""b 4F""","=""3/2""","=""3d2.(3P).4p""","=""y 4D*""","=""3/2""",4,4,,"=""T7385""","=""u37""",
Ti,1,"=""252.9871""","=""0.0003""","=""252.98707""","=""0.00003""","=""5""","=""3.8e+07""",C,"=""170.1328""","=""39685.964""","=""3d2.4s2""","=""a 3F""","=""3""","=""3d3.(2D2).4p""","=""s 3D*""","=""2""",7,5,,"=""T3499n""","=""L10989""",
Ti,2,"=""253.125172""","=""0.000013""","=""253.125172""","=""0.000006""","=""930""","=""3.71e+07""",B+,"=""1087.3561""","=""40581.6301""","=""3d3""","=""b 4F""","=""7/2""","=""3d2.(3P).4p""","=""y 4D*""","=""5/2""",8,6,,"=""T7385""","=""u37""",
Ti,2,"=""253.461943""","=""0.000013""","=""253.461940""","=""0.000009""","=""610""","=""2.95e+07""",B+,"=""983.9157""","=""40425.7183""","=""3d3""","=""b 4F""","=""5/2""","=""3d2.(3P).4p""","=""y 4D*""","=""3/2""",6,4,,"=""T7385""","=""u37""",
Ti,2,"=""253.587016""","=""0.000013""","=""253.587019""","=""0.000009""","=""384""","=""4.86e+07""",B+,"=""907.9672""","=""40330.3168""","=""3d3""","=""b 4F""","=""3/2""","=""3d2.(3P).4p""","=""y 4D*""","=""1/2""",4,2,,"=""T7385""","=""u37""",
Ti,1,"=""254.1908""","=""0.0003""","=""254.19177""","=""0.00003""","=""15+""","=""4.3e+07""",C,"=""386.874""","=""39715.439""","=""3d2.4s2""","=""a 3F""","=""4""","=""3d3.(2D2).4p""","=""s 3D*""","=""3""",9,7,,"=""T3499n""","=""L10989""",
Ti,2,"=""255.598697""","=""0.000013""","=""255.598614""","=""0.000016""","=""355*""","=""3.2e+07""",D,"=""4628.6571""","=""43740.7678""","=""3d2.(3F).4s""","=""a 2F""","=""5/2""","=""3d2.(1G).4p""","=""y 2G*""","=""7/2""",6,8,,"=""T2403n""","=""u37""",
Ti,3,"=""256.7556""","=""""","=""256.7556+""","=""""","=""22""","=""2.3e+08""",D,"=""38064.35""","=""77000.23""","=""3p6.3d.4s""","=""3D""","=""1""","=""3p6.3d.4p""","=""3D*""","=""1""",3,3,,"=""T1216""","=""L3593,L11926""",
Ti,2,"=""256.896791""","=""0.000020""","=""256.896772""","=""0.000009""","=""29""","=""1.65e+06""",D+,"=""8710.5675""","=""47625.0485""","=""3d2.(1D).4s""","=""a 2D""","=""3/2""","=""3d2.(1G).4p""","=""x 2F*""","=""5/2""",4,6,,"=""T7385""","=""u37""",
Ti,2,"=""257.103223""","=""0.000013""","=""257.103221""","=""0.000007""","=""274""","=""1.26e+07""",B+,"=""4897.7179""","=""43780.9533""","=""3d2.(3F).4s""","=""a 2F""","=""7/2""","=""3d2.(1G).4p""","=""y 2G*""","=""9/2""",8,10,,"=""T7385""","=""u37""",
Ti,2,"=""257.264652""","=""0.000013""","=""257.264654""","=""0.000007""","=""62""","=""2.13e+06""",B',"=""1215.8329""","=""40074.6707""","=""3d3""","=""b 4F""","=""9/2""","=""3d2.(1D).4p""","=""y 2F*""","=""7/2""",10,8,,"=""T7385""","=""u37""",
Ti,2,"=""257.36920""","=""0.00005""","=""257.369226""","=""0.000012""","=""12""","=""2.7e+06""",C,"=""4897.7179""","=""43740.7678""","=""3d2.(3F).4s""","=""a 2F""","=""7/2""","=""3d2.(1G).4p""","=""y 2G*""","=""7/2""",8,8,,"=""T2805""","=""u37""",
Ti,3,"=""257.6470""","=""""","=""257.6463+""","=""""","=""15""","=""9.2e+07""",D,"=""38198.95""","=""77000.23""","=""3p6.3d.4s""","=""3D""","=""2""","=""3p6.3d.4p""","=""3D*""","=""1""",5,3,,"=""T1216""","=""L3593,L11926""",
Ti,2,"=""258.171126""","=""0.000013""","=""258.171131""","=""0.000008""","=""50""","=""4.24e+06""",C+,"=""8744.3406""","=""47466.7479""","=""3d2.(1D).4s""","=""a 2D""","=""5/2""","=""3d2.(1G).4p""","=""x 2F*""","=""7/2""",6,8,,"=""T7385""","=""u37""",
Ti,1,"=""259.0255""","=""0.0003""","=""259.02538""","=""0.00003""","=""8""","=""4.7e+06""",C,"=""170.1328""","=""38764.844""","=""3d2.4s2""","=""a 3F""","=""3""","=""3d3.(2P).4p""","=""t 3D*""","=""3""",7,7,,"=""T3499n""","=""L10989""",
Ti,1,"=""259.3640""","=""0.0003""","=""259.36407""","=""0.00003""","=""11""","=""6.9e+06""",C,"=""0.000""","=""38544.316""","=""3d2.4s2""","=""a 3F""","=""2""","=""3d3.(2G).4p""","=""t 3F*""","=""3""",5,7,,"=""T3499n""","=""L10989""",
Ti,1,"=""259.6584""","=""0.0003""","=""259.65865""","=""0.00003""","=""11""","=""6.9e+06""",C,"=""170.1328""","=""38670.723""","=""3d2.4s2""","=""a 3F""","=""3""","=""3d3.(2G).4p""","=""t 3F*""","=""4""",7,9,,"=""T3499n""","=""L10989""",
Ti,1,"=""259.9904""","=""0.0003""","=""259.99146""","=""0.00003""","=""15+""","=""6.7e+07""",C,"=""0.000""","=""38451.309""","=""3d2.4s2""","=""a 3F""","=""2""","=""3d3.(2G).4p""","=""t 3F*""","=""2""",5,5,,"=""T3499n""","=""L10989""",
Ti,3,"=""""","=""""","=""260.1628""","=""""","=""""","=""1.1e+00""",E,"=""0.0""","=""38425.99""","=""3p6.3d2""","=""3F""","=""2""","=""3p6.3d.4s""","=""3D""","=""3""",5,7,E2,"=""T3929""","=""""",
Ti,2,"=""260.40966""","=""0.00004""","=""260.409624""","=""0.000006""","=""18""","=""4.25e+05""",C,"=""1087.3561""","=""39476.9244""","=""3d3""","=""b 4F""","=""7/2""","=""3d2.(1D).4p""","=""y 2D*""","=""5/2""",8,6,,"=""T7385""","=""u37""",
Ti,1,"=""260.5133""","=""0.0003""","=""260.51403""","=""0.00003""","=""15""","=""6.4e+07""",C,"=""170.1328""","=""38544.316""","=""3d2.4s2""","=""a 3F""","=""3""","=""3d3.(2G).4p""","=""t 3F*""","=""3""",7,7,,"=""T3499n""","=""L10989""",
Ti,1,"=""261.1285""","=""0.0003""","=""261.12878""","=""0.00003""","=""15""","=""6.4e+07""",C,"=""386.874""","=""38670.723""","=""3d2.4s2""","=""a 3F""","=""4""","=""3d3.(2G).4p""","=""t 3F*""","=""4""",9,9,,"=""T3499n""","=""L10989""",
Ti,1,"=""261.1469""","=""0.0003""","=""261.14701""","=""0.00003""","=""11""","=""3.3e+07""",C,"=""170.1328""","=""38451.309""","=""3d2.4s2""","=""a 3F""","=""3""","=""3d3.(2G).4p""","=""t 3F*""","=""2""",7,5,,"=""T3499n""","=""L10989""",
Ti,3,"=""""","=""""","=""261.421""","=""""","=""""","=""1.2e+01""",E,"=""184.9""","=""38425.99""","=""3p6.3d2""","=""3F""","=""3""","=""3p6.3d.4s""","=""3D""","=""3""",7,7,E2,"=""T3929""","=""""",
Ti,3,"=""""","=""""","=""261.7092""","=""""","=""""","=""1.5e+01""",E,"=""0.0""","=""38198.95""","=""3p6.3d2""","=""3F""","=""2""","=""3p6.3d.4s""","=""3D""","=""2""",5,5,E2,"=""T3929""","=""""",
Ti,1,"=""261.9934""","=""0.0003""","=""261.99389""","=""0.00003""","=""13""","=""2.1e+07""",C,"=""386.874""","=""38544.316""","=""3d2.4s2""","=""a 3F""","=""4""","=""3d3.(2G).4p""","=""t 3F*""","=""3""",9,7,,"=""T3499n""","=""L10989""",
Ti,3,"=""""","=""""","=""262.6347""","=""""","=""""","=""3.5e+01""",E,"=""0.0""","=""38064.35""","=""3p6.3d2""","=""3F""","=""2""","=""3p6.3d.4s""","=""3D""","=""1""",5,3,E2,"=""T3929""","=""""",
Ti,3,"=""""","=""""","=""262.982""","=""""","=""""","=""2.6e+01""",E,"=""184.9""","=""38198.95""","=""3p6.3d2""","=""3F""","=""3""","=""3p6.3d.4s""","=""3D""","=""2""",7,5,E2,"=""T3929""","=""""",
Ti,3,"=""""","=""""","=""263.041""","=""""","=""""","=""4.0e+01""",E,"=""420.4""","=""38425.99""","=""3p6.3d2""","=""3F""","=""4""","=""3p6.3d.4s""","=""3D""","=""3""",9,7,E2,"=""T3929""","=""""",
Ti,1,"=""263.1525""","=""0.0003""","=""263.15336""","=""0.00003""","=""14""","=""1.7e+07""",C,"=""170.1328""","=""38159.461""","=""3d2.4s2""","=""a 3F""","=""3""","=""3d2.(3P).4s.4p.(1P*)""","=""u 3D*""","=""3""",7,7,,"=""T3499n""","=""L10989""",
Ti,1,"=""263.2411""","=""0.0003""","=""263.24164""","=""0.00003""","=""14""","=""2.7e+07""",C,"=""0.000""","=""37976.589""","=""3d2.4s2""","=""a 3F""","=""2""","=""3d2.(3P).4s.4p.(1P*)""","=""u 3D*""","=""2""",5,5,,"=""T3499n""","=""L10989""",
Ti,2,"=""263.544755""","=""0.000014""","=""263.544765""","=""0.000010""","=""469""","=""1.9e+08""",D,"=""30836.4250""","=""68769.3365""","=""3d2.(3F).4p""","=""z 4F*""","=""3/2""","=""3d2.(3F).4d""","=""f 4F""","=""3/2""",4,4,,"=""T2805""","=""u37""",
Ti,2,"=""263.856431""","=""0.000014""","=""263.85639""","=""0.00003""","=""790""","=""1.7e+08""",D,"=""30958.5846""","=""68846.699""","=""3d2.(3F).4p""","=""z 4F*""","=""5/2""","=""3d2.(3F).4d""","=""f 4F""","=""5/2""",6,6,,"=""T2805""","=""u37""",
Ti,3,"=""""","=""""","=""263.917""","=""""","=""""","=""1.7e+01""",E,"=""184.9""","=""38064.35""","=""3p6.3d2""","=""3F""","=""3""","=""3p6.3d.4s""","=""3D""","=""1""",7,3,E2,"=""T3929""","=""""",
Ti,1,"=""264.1087""","=""0.0003""","=""264.10953""","=""0.00003""","=""15""","=""1.8e+08""",C,"=""0.000""","=""37851.802""","=""3d2.4s2""","=""a 3F""","=""2""","=""3d2.(3P).4s.4p.(1P*)""","=""u 3D*""","=""1""",5,3,,"=""T3499n""","=""L10989""",
Ti,2,"=""264.202701""","=""0.000014""","=""264.202702""","=""0.000008""","=""1290""","=""1.9e+08""",D,"=""31113.6764""","=""68952.1302""","=""3d2.(3F).4p""","=""z 4F*""","=""7/2""","=""3d2.(3F).4d""","=""f 4F""","=""7/2""",8,8,,"=""T2805""","=""u37""",
Ti,1,"=""264.4253""","=""0.0003""","=""264.42632""","=""0.00003""","=""15""","=""1.4e+08""",C,"=""170.1328""","=""37976.589""","=""3d2.4s2""","=""a 3F""","=""3""","=""3d2.(3P).4s.4p.(1P*)""","=""u 3D*""","=""2""",7,5,,"=""T3499n""","=""L10989""",
Ti,2,"=""264.586522""","=""0.000014""","=""264.586532""","=""0.000009""","=""2180""","=""2.7e+08""",D,"=""31301.0653""","=""69084.6309""","=""3d2.(3F).4p""","=""z 4F*""","=""9/2""","=""3d2.(3F).4d""","=""f 4F""","=""9/2""",10,10,,"=""T2805""","=""u37""",
Ti,3,"=""""","=""""","=""264.622""","=""""","=""""","=""1.1e+01""",E,"=""420.4""","=""38198.95""","=""3p6.3d2""","=""3F""","=""4""","=""3p6.3d.4s""","=""3D""","=""2""",9,5,E2,"=""T3929""","=""""",
Ti,1,"=""264.6625""","=""0.0003""","=""264.66344""","=""0.00003""","=""15""","=""1.5e+08""",C,"=""386.874""","=""38159.461""","=""3d2.4s2""","=""a 3F""","=""4""","=""3d2.(3P).4s.4p.(1P*)""","=""u 3D*""","=""3""",9,7,,"=""T3499n""","=""L10989""",
Ti,1,"=""265.7186""","=""0.0003""","=""265.71879""","=""0.00006""","=""""","=""3.2e+06""",C,"=""0.000""","=""37622.575""","=""3d2.4s2""","=""a 3F""","=""2""","=""3d.4s2.4p""","=""x 1F*""","=""3""",5,7,,"=""T3499n""","=""L10989""",
Ti,1,"=""266.1959""","=""0.0003""","=""266.19653""","=""0.00003""","=""14""","=""8.9e+06""",C,"=""0.000""","=""37555.058""","=""3d2.4s2""","=""a 3F""","=""2""","=""3d3.(2G).4p""","=""v 3G*""","=""3""",5,7,,"=""T3499n""","=""L10989""",
Ti,1,"=""266.9587""","=""0.0003""","=""266.95929""","=""0.00003""","=""14""","=""1.0e+07""",C,"=""170.1328""","=""37617.894""","=""3d2.4s2""","=""a 3F""","=""3""","=""3d3.(2G).4p""","=""v 3G*""","=""4""",7,9,,"=""T3499n""","=""L10989""",
Ti,1,"=""267.9910""","=""0.0003""","=""267.99208""","=""0.00003""","=""15""","=""1.3e+07""",C,"=""386.874""","=""37690.327""","=""3d2.4s2""","=""a 3F""","=""4""","=""3d3.(2G).4p""","=""v 3G*""","=""5""",9,11,,"=""T3499n""","=""L10989""",
Ti,2,"=""271.37580""","=""0.00010""","=""271.375736""","=""0.000008""","=""7""","=""1.5e+06""",D,"=""8710.5675""","=""45548.9273""","=""3d2.(1D).4s""","=""a 2D""","=""3/2""","=""3d2.(3P).4p""","=""y 2P*""","=""3/2""",4,4,,"=""T2403n""","=""u37""",
Ti,2,"=""271.624763""","=""0.000015""","=""271.624772""","=""0.000008""","=""72""","=""3.78e+06""",B',"=""8744.3406""","=""45548.9273""","=""3d2.(1D).4s""","=""a 2D""","=""5/2""","=""3d2.(3P).4p""","=""y 2P*""","=""3/2""",6,4,,"=""T7385""","=""u37""",
Ti,2,"=""271.72970""","=""0.00002""","=""271.729709""","=""0.000012""","=""34""","=""2.88e+06""",C+,"=""9118.2849""","=""45908.6592""","=""3d3""","=""a 2G""","=""9/2""","=""3d2.(1G).4p""","=""z 2H*""","=""11/2""",10,12,,"=""T7385""","=""u37""",
Ti,2,"=""271.94032""","=""0.00002""","=""271.940308""","=""0.000008""","=""34""","=""6.49e+06""",C+,"=""8710.5675""","=""45472.4518""","=""3d2.(1D).4s""","=""a 2D""","=""3/2""","=""3d2.(3P).4p""","=""y 2P*""","=""1/2""",4,2,,"=""T7385""","=""u37""",
Ti,2,"=""272.57729""","=""0.00002""","=""272.577319""","=""0.000013""","=""31""","=""2.41e+06""",C+,"=""8997.7874""","=""45673.7641""","=""3d3""","=""a 2G""","=""7/2""","=""3d2.(1G).4p""","=""z 2H*""","=""9/2""",8,10,,"=""T7385""","=""u37""",
Ti,1,"=""273.3253""","=""0.0003""","=""273.32525""","=""0.00007""","=""13""","=""1.9e+08""",D,"=""8602.3441""","=""45177.966""","=""3d2.4s2""","=""a 3P""","=""2""","=""3d2.4s.(2P).4p""","=""3P*""","=""2""",5,5,,"=""T2805n""","=""L10989""",
Ti,1,"=""273.5284""","=""0.0003""","=""273.52863""","=""0.00008""","=""8""","=""4.1e+08""",D,"=""8492.422""","=""45040.849""","=""3d2.4s2""","=""a 3P""","=""1""","=""3d2.4s.(2P).4p""","=""3P*""","=""0""",3,1,,"=""T2805n""","=""L10989""",
Ti,2,"=""274.654208""","=""0.000015""","=""274.654230""","=""0.000012""","=""305""","=""2.6e+08""",D,"=""31207.5111""","=""67606.1621""","=""3d2.(3F).4p""","=""z 2F*""","=""5/2""","=""3d2.(3F).4d""","=""e 2G""","=""7/2""",6,8,,"=""T2805""","=""u37""",
Ti,2,"=""275.160624""","=""0.000015""","=""275.160617""","=""0.000015""","=""540""","=""3.7e+08""",D,"=""31490.9177""","=""67822.5867""","=""3d2.(3F).4p""","=""z 2F*""","=""7/2""","=""3d2.(3F).4d""","=""e 2G""","=""9/2""",8,10,,"=""T2805""","=""u37""",
Ti,2,"=""275.268459""","=""0.000015""","=""275.268469""","=""0.000012""","=""770""","=""1.1e+08""",D,"=""32767.1961""","=""69084.6309""","=""3d2.(3F).4p""","=""z 4D*""","=""7/2""","=""3d2.(3F).4d""","=""f 4F""","=""9/2""",8,10,,"=""T2805""","=""u37""",
Ti,2,"=""275.749927""","=""0.000015""","=""275.749927""","=""0.000009""","=""418""","=""7.2e+07""",D,"=""32698.1022""","=""68952.1302""","=""3d2.(3F).4p""","=""z 4D*""","=""5/2""","=""3d2.(3F).4d""","=""f 4F""","=""7/2""",6,8,,"=""T2403n""","=""u37""",
Ti,2,"=""275.825723""","=""0.000015""","=""275.82567""","=""0.00004""","=""250""","=""9.9e+07""",D,"=""32602.6265""","=""68846.699""","=""3d2.(3F).4p""","=""z 4D*""","=""3/2""","=""3d2.(3F).4d""","=""f 4F""","=""5/2""",4,6,,"=""T2403n""","=""u37""",
Ti,2,"=""275.879640""","=""0.000015""","=""275.879645""","=""0.000011""","=""126""","=""4.4e+07""",D,"=""32532.3542""","=""68769.3365""","=""3d2.(3F).4p""","=""z 4D*""","=""1/2""","=""3d2.(3F).4d""","=""f 4F""","=""3/2""",2,4,,"=""T2403n""","=""u37""",
Ti,2,"=""276.128654""","=""0.000015""","=""276.128656""","=""0.000009""","=""70""","=""1.04e+07""",B+,"=""8710.5675""","=""44914.8733""","=""3d2.(1D).4s""","=""a 2D""","=""3/2""","=""3d2.(3P).4p""","=""x 2D*""","=""3/2""",4,4,,"=""T7385""","=""u37""",
Ti,2,"=""276.22349""","=""0.00003""","=""276.223480""","=""0.000009""","=""28""","=""2.88e+06""",C+,"=""8710.5675""","=""44902.4455""","=""3d2.(1D).4s""","=""a 2D""","=""3/2""","=""3d2.(3P).4p""","=""x 2D*""","=""5/2""",4,6,,"=""T7385""","=""u37""",
Ti,2,"=""276.276498""","=""0.000015""","=""276.276490""","=""0.000010""","=""70""","=""7.2e+06""",D,"=""32767.1961""","=""68952.1302""","=""3d2.(3F).4p""","=""z 4D*""","=""7/2""","=""3d2.(3F).4d""","=""f 4F""","=""7/2""",8,8,,"=""T2403n""","=""u37""",
Ti,2,"=""276.392""","=""""","=""276.392277""","=""0.000015""","="":""","=""1.7e+05""",D,"=""4628.6571""","=""40798.4333""","=""3d2.(3F).4s""","=""a 2F""","=""5/2""","=""3d2.(3P).4p""","=""y 4D*""","=""7/2""",6,8,,"=""T2403n""","=""""",
Ti,2,"=""276.415711""","=""0.000015""","=""276.415711""","=""0.000010""","=""56""","=""7.4e+07""",D,"=""32602.6265""","=""68769.3365""","=""3d2.(3F).4p""","=""z 4D*""","=""3/2""","=""3d2.(3F).4d""","=""f 4F""","=""3/2""",4,4,,"=""T2403n""","=""u37""",
Ti,2,"=""276.481489""","=""0.000015""","=""276.481497""","=""0.000009""","=""126""","=""1.13e+07""",B+,"=""8744.3406""","=""44902.4455""","=""3d2.(1D).4s""","=""a 2D""","=""5/2""","=""3d2.(3P).4p""","=""x 2D*""","=""5/2""",6,6,,"=""T7385""","=""u37""",
Ti,2,"=""276.51945""","=""0.00010""","=""276.519580""","=""0.000014""","=""8""","=""1.68e+06""",D+,"=""9395.8020""","=""45548.9273""","=""3d3""","=""a 4P""","=""3/2""","=""3d2.(3P).4p""","=""y 2P*""","=""3/2""",4,4,,"=""T7385""","=""u37""",
Ti,2,"=""278.059""","=""""","=""278.059061""","=""0.000014""","="":""","=""2.5e+06""",D,"=""4628.6571""","=""40581.6301""","=""3d2.(3F).4s""","=""a 2F""","=""5/2""","=""3d2.(3P).4p""","=""y 4D*""","=""5/2""",6,6,,"=""T2805""","=""""",
Ti,2,"=""278.46383""","=""0.00004""","=""278.463829""","=""0.000009""","=""22""","=""1.02e+06""",B',"=""4897.7179""","=""40798.4333""","=""3d2.(3F).4s""","=""a 2F""","=""7/2""","=""3d2.(3P).4p""","=""y 4D*""","=""7/2""",8,8,,"=""T7385""","=""u37""",
Ti,2,"=""280.481958""","=""0.000016""","=""280.481965""","=""0.000009""","=""470""","=""4.6e+08""",D,"=""29544.4540""","=""65186.8680""","=""3d2.(3F).4p""","=""z 4G*""","=""5/2""","=""3d2.(3F).4d""","=""e 4H""","=""7/2""",6,8,,"=""T2805""","=""u37""",
Ti,2,"=""280.64716""","=""0.00002""","=""280.647144""","=""0.000010""","=""36""","=""1.01e+07""",B,"=""9851.0145""","=""45472.4518""","=""3d3""","=""a 2P""","=""1/2""","=""3d2.(3P).4p""","=""y 2P*""","=""1/2""",2,2,,"=""T7385""","=""u37""",
Ti,2,"=""281.022854""","=""0.000016""","=""281.022863""","=""0.000009""","=""590""","=""5.1e+08""",D,"=""29734.6206""","=""65308.4355""","=""3d2.(3F).4p""","=""z 4G*""","=""7/2""","=""3d2.(3F).4d""","=""e 4H""","=""9/2""",8,10,,"=""T2805""","=""u37""",
Ti,2,"=""281.029885""","=""0.000016""","=""281.029870""","=""0.000009""","=""103""","=""1.88e+07""",B+,"=""9975.9994""","=""45548.9273""","=""3d3""","=""a 2P""","=""3/2""","=""3d2.(3P).4p""","=""y 2P*""","=""3/2""",4,4,,"=""T7385""","=""u37""",
Ti,2,"=""281.20206""","=""0.00011""","=""281.202184""","=""0.000012""","=""7""","=""9.85e+05""",C',"=""9363.7425""","=""44914.8733""","=""3d3""","=""a 4P""","=""1/2""","=""3d2.(3P).4p""","=""x 2D*""","=""3/2""",2,4,,"=""T7385""","=""u37""",
Ti,2,"=""281.55455""","=""0.00006""","=""281.554528""","=""0.000014""","=""15""","=""1.41e+06""",C,"=""9395.8020""","=""44902.4455""","=""3d3""","=""a 4P""","=""3/2""","=""3d2.(3P).4p""","=""x 2D*""","=""5/2""",4,6,,"=""T7385""","=""u37""",
Ti,2,"=""281.63533""","=""0.00004""","=""281.635367""","=""0.000009""","=""20""","=""8.30e+06""",B',"=""9975.9994""","=""45472.4518""","=""3d3""","=""a 2P""","=""3/2""","=""3d2.(3P).4p""","=""y 2P*""","=""1/2""",4,2,,"=""T7385""","=""u37""",
Ti,2,"=""281.781434""","=""0.000016""","=""281.781443""","=""0.000009""","=""780""","=""3.8e+08""",D,"=""29968.3304""","=""65446.3822""","=""3d2.(3F).4p""","=""z 4G*""","=""9/2""","=""3d2.(3F).4d""","=""e 4H""","=""11/2""",10,12,,"=""T2805""","=""u37""",
Ti,2,"=""281.986547""","=""0.000016""","=""281.986552""","=""0.000009""","=""82""","=""6.5e+07""",D,"=""29734.6206""","=""65186.8680""","=""3d2.(3F).4p""","=""z 4G*""","=""7/2""","=""3d2.(3F).4d""","=""e 4H""","=""7/2""",8,8,,"=""T2403n""","=""u37""",
Ti,2,"=""282.03612""","=""0.00004""","=""282.036147""","=""0.000014""","=""19""","=""1.20e+06""",B',"=""4628.6571""","=""40074.6707""","=""3d2.(3F).4s""","=""a 2F""","=""5/2""","=""3d2.(1D).4p""","=""y 2F*""","=""7/2""",6,8,,"=""T7385""","=""u37""",
Ti,2,"=""282.125173""","=""0.000016""","=""282.125189""","=""0.000008""","=""70""","=""7.9e+07""",D,"=""29544.4540""","=""64979.2810""","=""3d2.(3F).4p""","=""z 4G*""","=""5/2""","=""3d2.(3F).4d""","=""e 4G""","=""7/2""",6,8,,"=""T2805""","=""u37""",
Ti,2,"=""282.711403""","=""0.000016""","=""282.711415""","=""0.000009""","=""115""","=""1.0e+08""",D,"=""29734.6206""","=""65095.9741""","=""3d2.(3F).4p""","=""z 4G*""","=""7/2""","=""3d2.(3F).4d""","=""e 4G""","=""9/2""",8,10,,"=""T2805""","=""u37""",
Ti,2,"=""282.805795""","=""0.000016""","=""282.805793""","=""0.000014""","=""1180""","=""4.4e+08""",D,"=""30240.9396""","=""65590.4928""","=""3d2.(3F).4p""","=""z 4G*""","=""11/2""","=""3d2.(3F).4d""","=""e 4H""","=""13/2""",12,14,,"=""T2805""","=""u37""",
Ti,2,"=""282.864508""","=""0.000016""","=""282.864514""","=""0.000010""","=""136""","=""1.2e+08""",D,"=""29544.4540""","=""64886.6693""","=""3d2.(3F).4p""","=""z 4G*""","=""5/2""","=""3d2.(3F).4d""","=""e 4G""","=""5/2""",6,6,,"=""T2403n""","=""u37""",
Ti,2,"=""282.881397""","=""0.000016""","=""282.881405""","=""0.000009""","=""130""","=""9.1e+07""",D,"=""29968.3304""","=""65308.4355""","=""3d2.(3F).4p""","=""z 4G*""","=""9/2""","=""3d2.(3F).4d""","=""e 4H""","=""9/2""",10,10,,"=""T2403n""","=""u37""",
Ti,2,"=""283.217531""","=""0.000016""","=""283.217555""","=""0.000015""","=""208""","=""2.04e+07""",B+,"=""4628.6571""","=""39926.8192""","=""3d2.(3F).4s""","=""a 2F""","=""5/2""","=""3d2.(1D).4p""","=""y 2F*""","=""5/2""",6,6,,"=""T7385""","=""u37""",
Ti,2,"=""283.401126""","=""0.000016""","=""283.401130""","=""0.000009""","=""118""","=""7.9e+07""",D,"=""29968.3304""","=""65243.6290""","=""3d2.(3F).4p""","=""z 4G*""","=""9/2""","=""3d2.(3F).4d""","=""e 4G""","=""11/2""",10,12,,"=""T2805""","=""u37""",
Ti,2,"=""283.647506""","=""0.000016""","=""283.647502""","=""0.000009""","=""121""","=""1.2e+08""",D,"=""29734.6206""","=""64979.2810""","=""3d2.(3F).4p""","=""z 4G*""","=""7/2""","=""3d2.(3F).4d""","=""e 4G""","=""7/2""",8,8,,"=""T2805""","=""u37""",
Ti,2,"=""283.963498""","=""0.000016""","=""283.963493""","=""0.000011""","=""122""","=""8.3e+07""",D,"=""30240.9396""","=""65446.3822""","=""3d2.(3F).4p""","=""z 4G*""","=""11/2""","=""3d2.(3F).4d""","=""e 4H""","=""11/2""",12,12,,"=""T2805""","=""u37""",
Ti,2,"=""284.193492""","=""0.000016""","=""284.193486""","=""0.000008""","=""292""","=""2.39e+07""",B+,"=""4897.7179""","=""40074.6707""","=""3d2.(3F).4s""","=""a 2F""","=""7/2""","=""3d2.(1D).4p""","=""y 2F*""","=""7/2""",8,8,,"=""T7385""","=""u37""",
Ti,2,"=""284.39480""","=""0.00006""","=""284.394838""","=""0.000010""","=""14""","=""1.5e+07""",D,"=""29734.6206""","=""64886.6693""","=""3d2.(3F).4p""","=""z 4G*""","=""7/2""","=""3d2.(3F).4d""","=""e 4G""","=""5/2""",8,6,,"=""T2403n""","=""u37""",
Ti,2,"=""284.592429""","=""0.000016""","=""284.592431""","=""0.000009""","=""129""","=""1.2e+08""",D,"=""29968.3304""","=""65095.9741""","=""3d2.(3F).4p""","=""z 4G*""","=""9/2""","=""3d2.(3F).4d""","=""e 4G""","=""9/2""",10,10,,"=""T2805""","=""u37""",
Ti,2,"=""285.110150""","=""0.000016""","=""285.110160""","=""0.000011""","=""123""","=""3.49e+07""",B+,"=""9851.0145""","=""44914.8733""","=""3d3""","=""a 2P""","=""1/2""","=""3d2.(3P).4p""","=""x 2D*""","=""3/2""",2,4,,"=""T7385""","=""u37""",
Ti,2,"=""285.39308""","=""0.00002""","=""285.393073""","=""0.000008""","=""31""","=""3.74e+06""",B+,"=""4897.7179""","=""39926.8192""","=""3d2.(3F).4s""","=""a 2F""","=""7/2""","=""3d2.(1D).4p""","=""y 2F*""","=""5/2""",8,6,,"=""T7385""","=""u37""",
Ti,2,"=""285.54107""","=""0.00006""","=""285.541036""","=""0.000009""","=""14""","=""1.4e+07""",D,"=""29968.3304""","=""64979.2810""","=""3d2.(3F).4p""","=""z 4G*""","=""9/2""","=""3d2.(3F).4d""","=""e 4G""","=""7/2""",10,8,,"=""T2403n""","=""u37""",
Ti,2,"=""285.608435""","=""0.000016""","=""285.608432""","=""0.000010""","=""167""","=""1.5e+08""",D,"=""30240.9396""","=""65243.6290""","=""3d2.(3F).4p""","=""z 4G*""","=""11/2""","=""3d2.(3F).4d""","=""e 4G""","=""11/2""",12,12,,"=""T2805""","=""u37""",
Ti,2,"=""285.66138""","=""0.00009""","=""285.661371""","=""0.000012""","=""9""","=""1.16e+06""",D+,"=""12628.8455""","=""47625.0485""","=""3d3""","=""b 2D2""","=""3/2""","=""3d2.(1G).4p""","=""x 2F*""","=""5/2""",4,6,,"=""T7385""","=""u37""",
Ti,2,"=""285.84105""","=""0.00004""","=""285.841035""","=""0.000015""","=""22""","=""3.50e+06""",B,"=""4628.6571""","=""39602.8645""","=""3d2.(3F).4s""","=""a 2F""","=""5/2""","=""3d2.(1D).4p""","=""y 2D*""","=""3/2""",6,4,,"=""T7385""","=""u37""",
Ti,2,"=""286.13015""","=""0.00005""","=""286.130118""","=""0.000009""","=""16""","=""3.62e+06""",C+,"=""9975.9994""","=""44914.8733""","=""3d3""","=""a 2P""","=""3/2""","=""3d2.(3P).4p""","=""x 2D*""","=""3/2""",4,4,,"=""T7385""","=""u37""",
Ti,2,"=""286.231937""","=""0.000016""","=""286.231936""","=""0.000009""","=""177""","=""3.44e+07""",B+,"=""9975.9994""","=""44902.4455""","=""3d3""","=""a 2P""","=""3/2""","=""3d2.(3P).4p""","=""x 2D*""","=""5/2""",4,6,,"=""T7385""","=""u37""",
Ti,2,"=""286.874087""","=""0.000016""","=""286.874101""","=""0.000015""","=""49""","=""4.26e+06""",B+,"=""4628.6571""","=""39476.9244""","=""3d2.(3F).4s""","=""a 2F""","=""5/2""","=""3d2.(1D).4p""","=""y 2D*""","=""5/2""",6,6,,"=""T7385""","=""u37""",
Ti,2,"=""287.4110""","=""0.0002""","=""287.411050""","=""0.000010""","=""4""","=""1.40e+06""",D+,"=""8997.7874""","=""43780.9533""","=""3d3""","=""a 2G""","=""7/2""","=""3d2.(1G).4p""","=""y 2G*""","=""9/2""",8,10,,"=""T7385""","=""u37""",
Ti,2,"=""287.743487""","=""0.000017""","=""287.743500""","=""0.000016""","=""178""","=""4.13e+07""",B+,"=""8997.7874""","=""43740.7678""","=""3d3""","=""a 2G""","=""7/2""","=""3d2.(1G).4p""","=""y 2G*""","=""7/2""",8,8,,"=""T7385""","=""u37""",
Ti,2,"=""288.02952""","=""0.00009""","=""288.029464""","=""0.000009""","=""9""","=""1.92e+06""",C+,"=""12758.2597""","=""47466.7479""","=""3d3""","=""b 2D2""","=""5/2""","=""3d2.(1G).4p""","=""x 2F*""","=""7/2""",6,8,,"=""T7385""","=""u37""",
Ti,2,"=""288.410208""","=""0.000017""","=""288.410221""","=""0.000012""","=""214""","=""4.20e+07""",B+,"=""9118.2849""","=""43780.9533""","=""3d3""","=""a 2G""","=""9/2""","=""3d2.(1G).4p""","=""y 2G*""","=""9/2""",10,10,,"=""T7385""","=""u37""",
Ti,2,"=""288.7453""","=""0.0003""","=""288.744988""","=""0.000017""","=""9""","=""8.54e+05""",D+,"=""9118.2849""","=""43740.7678""","=""3d3""","=""a 2G""","=""9/2""","=""3d2.(1G).4p""","=""y 2G*""","=""7/2""",10,8,,"=""T7385""","=""L17999""",
Ti,2,"=""288.892893""","=""0.000017""","=""288.892891""","=""0.000015""","=""49""","=""8.39e+06""",B+,"=""4628.6571""","=""39233.4153""","=""3d2.(3F).4s""","=""a 2F""","=""5/2""","=""3d2.(1D).4p""","=""z 2P*""","=""3/2""",6,4,,"=""T7385""","=""u37""",
Ti,2,"=""289.106378""","=""0.000017""","=""289.106373""","=""0.000008""","=""69""","=""7.67e+06""",B+,"=""4897.7179""","=""39476.9244""","=""3d2.(3F).4s""","=""a 2F""","=""7/2""","=""3d2.(1D).4p""","=""y 2D*""","=""5/2""",8,6,,"=""T7385""","=""u37""",
Ti,2,"=""290.99276""","=""0.00008""","=""290.992707""","=""0.000010""","=""11""","=""4.88e+05""",B,"=""393.4459""","=""34748.5062""","=""3d2.(3F).4s""","=""a 4F""","=""9/2""","=""3d2.(3F).4p""","=""z 2G*""","=""9/2""",10,10,,"=""T7385""","=""u37""",
Ti,2,"=""291.06535""","=""0.00014""","=""291.065284""","=""0.000009""","=""6""","=""4.6e+07""",D,"=""31113.6764""","=""65460.1706""","=""3d2.(3F).4p""","=""z 4F*""","=""7/2""","=""3d2.(3F).4d""","=""4D""","=""7/2""",8,8,,"=""T2403n""","=""u37""",
Ti,1,"=""291.2083""","=""0.0003""","=""291.20893""","=""0.00007""","=""15+""","=""1.3e+08""",D,"=""7255.355""","=""41584.908""","=""3d2.4s2""","=""a 1D""","=""2""","=""3d3.(2G).4p""","=""v 1F*""","=""3""",5,7,,"=""T2805n""","=""L10989""",
Ti,2,"=""291.3101""","=""0.0003""","=""291.309717""","=""0.000009""","=""""","=""1.55e+05""",C',"=""225.7039""","=""34543.3799""","=""3d2.(3F).4s""","=""a 4F""","=""7/2""","=""3d2.(3F).4p""","=""z 2G*""","=""7/2""",8,8,,"=""T7385""","=""L17999""",
Ti,2,"=""291.86276""","=""0.00011""","=""291.862690""","=""0.000010""","=""8""","=""4.1e+06""",D,"=""31207.5111""","=""65460.1706""","=""3d2.(3F).4p""","=""z 2F*""","=""5/2""","=""3d2.(3F).4d""","=""4D""","=""7/2""",6,8,,"=""T2403n""","=""u37""",
Ti,2,"=""292.66208""","=""0.00003""","=""292.662074""","=""0.000010""","=""27""","=""8.9e+07""",D,"=""31301.0653""","=""65460.1706""","=""3d2.(3F).4p""","=""z 4F*""","=""9/2""","=""3d2.(3F).4d""","=""4D""","=""7/2""",10,8,,"=""T2805""","=""u37""",
Ti,2,"=""293.10962""","=""0.00003""","=""293.109634""","=""0.000011""","=""27""","=""3.2e+08""",D,"=""31207.5111""","=""65314.4599""","=""3d2.(3F).4p""","=""z 2F*""","=""5/2""","=""3d2.(3F).4d""","=""f 2F""","=""5/2""",6,6,,"=""T2805""","=""u37""",
Ti,1,"=""293.3528""","=""0.0003""","=""293.35342""","=""0.00003""","=""15+*""","=""9.6e+06""",C,"=""0.000""","=""34078.606""","=""3d2.4s2""","=""a 3F""","=""2""","=""3d2.(1G).4s.4p.(3P*)""","=""v 3F*""","=""3""",5,7,,"=""T3499n""","=""L10989""",
Ti,2,"=""293.597753""","=""0.000017""","=""293.597777""","=""0.000011""","=""53""","=""2.7e+08""",D,"=""30836.4250""","=""64886.6693""","=""3d2.(3F).4p""","=""z 4F*""","=""3/2""","=""3d2.(3F).4d""","=""e 4G""","=""5/2""",4,6,,"=""T2805""","=""u37""",
Ti,1,"=""293.7304""","=""0.0003""","=""293.73056""","=""0.00003""","=""15+""","=""7.7e+06""",C,"=""170.1328""","=""34204.985""","=""3d2.4s2""","=""a 3F""","=""3""","=""3d2.(1G).4s.4p.(3P*)""","=""v 3F*""","=""4""",7,9,,"=""T3499n""","=""L10989""",
Ti,2,"=""293.852772""","=""0.000017""","=""293.852786""","=""0.000009""","=""70""","=""2.4e+08""",D,"=""30958.5846""","=""64979.2810""","=""3d2.(3F).4p""","=""z 4F*""","=""5/2""","=""3d2.(3F).4d""","=""e 4G""","=""7/2""",6,8,,"=""T2805""","=""u37""",
Ti,2,"=""294.184849""","=""0.000017""","=""294.184843""","=""0.000009""","=""301""","=""1.8e+08""",D,"=""31113.6764""","=""65095.9741""","=""3d2.(3F).4p""","=""z 4F*""","=""7/2""","=""3d2.(3F).4d""","=""e 4G""","=""9/2""",8,10,,"=""T2403n""","=""u37""",
Ti,1,"=""294.19950""","=""0.00017""","=""294.19908""","=""0.00003""","=""60r""","=""1.0e+08""",C,"=""0.000""","=""33980.653""","=""3d2.4s2""","=""a 3F""","=""2""","=""3d2.(1G).4s.4p.(3P*)""","=""v 3F*""","=""2""",5,5,,"=""T3499n""","=""L5""",
Ti,2,"=""294.297819""","=""0.000017""","=""294.297820""","=""0.000009""","=""99""","=""1.1e+08""",D,"=""31490.9177""","=""65460.1706""","=""3d2.(3F).4p""","=""z 2F*""","=""7/2""","=""3d2.(3F).4d""","=""4D""","=""7/2""",8,8,,"=""T2805""","=""u37""",
Ti,2,"=""294.529244""","=""0.000017""","=""294.529238""","=""0.000010""","=""407""","=""2.7e+08""",D,"=""31301.0653""","=""65243.6290""","=""3d2.(3F).4p""","=""z 4F*""","=""9/2""","=""3d2.(3F).4d""","=""e 4G""","=""11/2""",10,12,,"=""T2805""","=""u37""",
Ti,1,"=""294.8242""","=""0.0003""","=""294.82536""","=""0.00003""","=""15+""","=""9.3e+07""",C,"=""170.1328""","=""34078.606""","=""3d2.4s2""","=""a 3F""","=""3""","=""3d2.(1G).4s.4p.(3P*)""","=""v 3F*""","=""3""",7,7,,"=""T3499n""","=""L10989""",
Ti,2,"=""295.19859""","=""0.00003""","=""295.198581""","=""0.000009""","=""29""","=""3.0e+07""",D,"=""31113.6764""","=""64979.2810""","=""3d2.(3F).4p""","=""z 4F*""","=""7/2""","=""3d2.(3F).4d""","=""e 4G""","=""7/2""",8,8,,"=""T2805""","=""u37""",
Ti,2,"=""295.457111""","=""0.000017""","=""295.457111""","=""0.000015""","=""920""","=""4.0e+08""",D,"=""34748.5062""","=""68584.4792""","=""3d2.(3F).4p""","=""z 2G*""","=""9/2""","=""3d2.(3F).4d""","=""e 2H""","=""11/2""",10,12,,"=""T2805""","=""u37""",
Ti,1,"=""295.6123""","=""0.0003""","=""295.61317""","=""0.00003""","=""15+bl""","=""9.7e+07""",C,"=""386.874""","=""34204.985""","=""3d2.4s2""","=""a 3F""","=""4""","=""3d2.(1G).4s.4p.(3P*)""","=""v 3F*""","=""4""",9,9,,"=""T3499n""","=""L10989""",
Ti,1,"=""295.6782""","=""0.0003""","=""295.67954""","=""0.00003""","=""15+""","=""1.8e+07""",C,"=""170.1328""","=""33980.653""","=""3d2.4s2""","=""a 3F""","=""3""","=""3d2.(1G).4s.4p.(3P*)""","=""v 3F*""","=""2""",7,5,,"=""T3499n""","=""L10989""",
Ti,2,"=""295.81613""","=""0.00004""","=""295.816137""","=""0.000010""","=""20""","=""1.4e+07""",D,"=""31301.0653""","=""65095.9741""","=""3d2.(3F).4p""","=""z 4F*""","=""9/2""","=""3d2.(3F).4d""","=""e 4G""","=""9/2""",10,10,,"=""T2403n""","=""u37""",
Ti,2,"=""295.878553""","=""0.000018""","=""295.878553""","=""0.000013""","=""620""","=""4.0e+08""",D,"=""34543.3799""","=""68331.1599""","=""3d2.(3F).4p""","=""z 2G*""","=""7/2""","=""3d2.(3F).4d""","=""e 2H""","=""9/2""",8,10,,"=""T2805""","=""u37""",
Ti,1,"=""296.7225""","=""0.0004""","=""296.72208""","=""0.00004""","=""14""","=""1.1e+07""",C,"=""386.874""","=""34078.606""","=""3d2.4s2""","=""a 3F""","=""4""","=""3d2.(1G).4s.4p.(3P*)""","=""v 3F*""","=""3""",9,7,,"=""T3499n""","=""L10989""",
Ti,1,"=""297.0379""","=""0.0004""","=""297.03827""","=""0.00004""","=""15+""","=""7.4e+06""",C,"=""0.000""","=""33655.869""","=""3d2.4s2""","=""a 3F""","=""2""","=""3d3.(4F).4p""","=""w 3F*""","=""2""",5,5,,"=""T3499n""","=""L10989""",
Ti,2,"=""297.906""","=""0.002""","=""297.906200""","=""0.000013""","=""7""","=""1.2e+08""",D,"=""31756.6406""","=""65314.4599""","=""3d2.(3F).4p""","=""z 2D*""","=""3/2""","=""3d2.(3F).4d""","=""f 2F""","=""5/2""",4,6,,"=""T2805""","=""L5432""",
Ti,1,"=""298.1473""","=""0.0004""","=""298.14670""","=""0.00004""","=""12""","=""7.3e+05""",C,"=""170.1328""","=""33700.884""","=""3d2.4s2""","=""a 3F""","=""3""","=""3d3.(4F).4p""","=""w 3F*""","=""4""",7,9,,"=""T3499n""","=""L10989""",
Ti,1,"=""298.3305""","=""0.0004""","=""298.33031""","=""0.00004""","=""15+""","=""1.1e+07""",C,"=""170.1328""","=""33680.248""","=""3d2.4s2""","=""a 3F""","=""3""","=""3d3.(4F).4p""","=""w 3F*""","=""3""",7,7,,"=""T3499n""","=""L10989""",
Ti,3,"=""298.4747""","=""""","=""298.4744+""","=""""","=""22""","=""1.9e+08""",D,"=""41704.27""","=""75198.21""","=""3p6.3d.4s""","=""1D""","=""2""","=""3p6.3d.4p""","=""1D*""","=""2""",5,5,,"=""T1216""","=""L3593,L11926""",
Ti,2,"=""299.004315""","=""0.000018""","=""299.004332""","=""0.000010""","=""67""","=""5.6e+07""",D,"=""32025.5915""","=""65460.1706""","=""3d2.(3F).4p""","=""z 2D*""","=""5/2""","=""3d2.(3F).4d""","=""4D""","=""7/2""",6,8,,"=""T2403n""","=""u37""",
Ti,1,"=""300.0865""","=""0.0004""","=""300.08653""","=""0.00005""","=""15+""","=""1.2e+07""",C,"=""386.874""","=""33700.884""","=""3d2.4s2""","=""a 3F""","=""4""","=""3d3.(4F).4p""","=""w 3F*""","=""4""",9,9,,"=""T3499n""","=""L10989""",
Ti,2,"=""300.8310""","=""0.0002""","=""300.831147""","=""0.000015""","=""4""","=""2.6e+06""",D,"=""12677.1050""","=""45908.6592""","=""3d3""","=""a 2H""","=""9/2""","=""3d2.(1G).4p""","=""z 2H*""","=""11/2""",10,12,,"=""T2403n""","=""u37""",
Ti,3,"=""""","=""""","=""300.838""","=""""","=""""","=""1.7e+01""",E,"=""8473.5""","=""41704.27""","=""3p6.3d2""","=""1D""","=""2""","=""3p6.3d.4s""","=""1D""","=""2""",5,5,E2,"=""T1610""","=""""",
Ti,2,"=""301.718349""","=""0.000018""","=""301.718337""","=""0.000016""","=""120""","=""3.72e+07""",B+,"=""12774.8168""","=""45908.6592""","=""3d3""","=""a 2H""","=""11/2""","=""3d2.(1G).4p""","=""z 2H*""","=""11/2""",12,12,,"=""T7385""","=""u37""",
Ti,2,"=""302.263588""","=""0.000018""","=""302.263537""","=""0.000018""","=""159""","=""1.2e+08""",D,"=""34748.5062""","=""67822.5867""","=""3d2.(3F).4p""","=""z 2G*""","=""9/2""","=""3d2.(3F).4d""","=""e 2G""","=""9/2""",10,10,,"=""T2805""","=""u37""",
Ti,2,"=""302.366852""","=""0.000018""","=""302.366832""","=""0.000014""","=""106""","=""1.0e+08""",D,"=""34543.3799""","=""67606.1621""","=""3d2.(3F).4p""","=""z 2G*""","=""7/2""","=""3d2.(3F).4d""","=""e 2G""","=""7/2""",8,8,,"=""T2805""","=""u37""",
Ti,2,"=""302.972799""","=""0.000018""","=""302.972780""","=""0.000017""","=""103""","=""3.00e+07""",B+,"=""12677.1050""","=""45673.7641""","=""3d3""","=""a 2H""","=""9/2""","=""3d2.(1G).4p""","=""z 2H*""","=""9/2""",10,10,,"=""T7385""","=""u37""",
Ti,2,"=""303.6775""","=""0.0003""","=""303.677572""","=""0.000012""","=""4""","=""1.55e+06""",C+',"=""12628.8455""","=""45548.9273""","=""3d3""","=""b 2D2""","=""3/2""","=""3d2.(3P).4p""","=""y 2P*""","=""3/2""",4,4,,"=""T7385""","=""L17999""",
Ti,2,"=""303.87261""","=""0.00013""","=""303.872664""","=""0.000018""","=""7""","=""2.39e+06""",C+,"=""12774.8168""","=""45673.7641""","=""3d3""","=""a 2H""","=""11/2""","=""3d2.(1G).4p""","=""z 2H*""","=""9/2""",12,10,,"=""T7385""","=""u37""",
Ti,2,"=""304.38469""","=""0.00005""","=""304.384706""","=""0.000012""","=""20""","=""1.49e+07""",B+,"=""12628.8455""","=""45472.4518""","=""3d3""","=""b 2D2""","=""3/2""","=""3d2.(3P).4p""","=""y 2P*""","=""1/2""",4,2,,"=""T7385""","=""u37""",
Ti,2,"=""304.668465""","=""0.000019""","=""304.668435""","=""0.000018""","=""104""","=""1.93e+07""",A',"=""9395.8020""","=""42208.8232""","=""3d3""","=""a 4P""","=""3/2""","=""3d2.(3P).4p""","=""z 4P*""","=""5/2""",4,6,,"=""T7385""","=""u37""",
Ti,2,"=""304.87616""","=""0.00004""","=""304.876138""","=""0.000010""","=""27""","=""1.12e+07""",B+,"=""12758.2597""","=""45548.9273""","=""3d3""","=""b 2D2""","=""5/2""","=""3d2.(3P).4p""","=""y 2P*""","=""3/2""",6,4,,"=""T7385""","=""u37""",
Ti,2,"=""305.673811""","=""0.000019""","=""305.673777""","=""0.000021""","=""100""","=""2.82e+07""",A',"=""9363.7425""","=""42068.8481""","=""3d3""","=""a 4P""","=""1/2""","=""3d2.(3P).4p""","=""z 4P*""","=""3/2""",2,4,,"=""T7385""","=""u37""",
Ti,2,"=""305.739290""","=""0.000019""","=""305.739250""","=""0.000006""","=""47""","=""1.98e+06""",B+,"=""0.0000""","=""32698.1022""","=""3d2.(3F).4s""","=""a 4F""","=""3/2""","=""3d2.(3F).4p""","=""z 4D*""","=""5/2""",4,6,,"=""T7385""","=""u37""",
Ti,2,"=""305.808763""","=""0.000019""","=""305.808748""","=""0.000014""","=""261""","=""4.80e+07""",A',"=""9518.1516""","=""42208.8232""","=""3d3""","=""a 4P""","=""5/2""","=""3d2.(3P).4p""","=""z 4P*""","=""5/2""",6,6,,"=""T7385""","=""u37""",
Ti,2,"=""305.973528""","=""0.000019""","=""305.973388""","=""0.000015""","=""67*""","=""2.40e+06""",B+,"=""94.1142""","=""32767.1961""","=""3d2.(3F).4s""","=""a 4F""","=""5/2""","=""3d2.(3F).4p""","=""z 4D*""","=""7/2""",6,8,,"=""T7574""","=""u37""",
Ti,2,"=""306.34915""","=""0.00005""","=""306.349150""","=""0.000016""","=""20""","=""1.21e+07""",B+,"=""9363.7425""","=""41996.7498""","=""3d3""","=""a 4P""","=""1/2""","=""3d2.(3P).4p""","=""z 4P*""","=""1/2""",2,2,,"=""T7385""","=""u37""",
Ti,2,"=""306.621819""","=""0.000019""","=""306.621829""","=""0.000012""","=""700""","=""3.01e+07""",B+,"=""94.1142""","=""32698.1022""","=""3d2.(3F).4s""","=""a 4F""","=""5/2""","=""3d2.(3F).4p""","=""z 4D*""","=""5/2""",6,6,,"=""T7385""","=""u37""",
Ti,2,"=""306.634625""","=""0.000019""","=""306.634634""","=""0.000006""","=""550""","=""3.47e+07""",B+,"=""0.0000""","=""32602.6265""","=""3d2.(3F).4s""","=""a 4F""","=""3/2""","=""3d2.(3F).4p""","=""z 4D*""","=""3/2""",4,4,,"=""T7385""","=""L14800""",
Ti,2,"=""306.650441""","=""0.000019""","=""306.650424""","=""0.000019""","=""94""","=""5.24e+07""",A',"=""9395.8020""","=""41996.7498""","=""3d3""","=""a 4P""","=""3/2""","=""3d2.(3P).4p""","=""z 4P*""","=""1/2""",4,2,,"=""T7385""","=""u37""",
Ti,3,"=""""","=""""","=""306.6515""","=""""","=""""","=""2.5e+08""",D,"=""129253.41""","=""161854.24""","=""3p6.3d.4d""","=""1P""","=""1""","=""3p6.3d.4f""","=""1P*""","=""1""",3,3,,"=""T1216""","=""""",
Ti,2,"=""307.123869""","=""0.00002""","=""307.123845""","=""0.000020""","=""123""","=""3.26e+07""",A',"=""9518.1516""","=""42068.8481""","=""3d3""","=""a 4P""","=""5/2""","=""3d2.(3P).4p""","=""z 4P*""","=""3/2""",6,4,,"=""T7385""","=""u37""",
Ti,2,"=""307.210711""","=""0.000019""","=""307.210718""","=""0.000012""","=""690""","=""2.13e+07""",B+,"=""225.7039""","=""32767.1961""","=""3d2.(3F).4s""","=""a 4F""","=""7/2""","=""3d2.(3F).4p""","=""z 4D*""","=""7/2""",8,8,,"=""T7385""","=""u37""",
Ti,2,"=""307.297005""","=""0.000009""","=""307.297014""","=""0.000008""","=""1100""","=""1.71e+08""",B+,"=""0.0000""","=""32532.3542""","=""3d2.(3F).4s""","=""a 4F""","=""3/2""","=""3d2.(3F).4p""","=""z 4D*""","=""1/2""",4,2,,"=""T7385""","=""L14800""",
Ti,2,"=""307.522389""","=""0.000019""","=""307.522396""","=""0.000012""","=""1480""","=""1.34e+08""",B+,"=""94.1142""","=""32602.6265""","=""3d2.(3F).4s""","=""a 4F""","=""5/2""","=""3d2.(3F).4p""","=""z 4D*""","=""3/2""",6,4,,"=""T7385""","=""u37""",
Ti,3,"=""""","=""""","=""307.835""","=""""","=""""","=""4.2e-03""",E,"=""0.0""","=""32475.5""","=""3p6.3d2""","=""3F""","=""2""","=""3p6.3d2""","=""1S""","=""0""",5,1,E2,"=""T1610""","=""""",
Ti,2,"=""307.864422""","=""0.000019""","=""307.864419""","=""0.000008""","=""1870""","=""1.34e+08""",B+,"=""225.7039""","=""32698.1022""","=""3d2.(3F).4s""","=""a 4F""","=""7/2""","=""3d2.(3F).4p""","=""z 4D*""","=""5/2""",8,6,,"=""T7385""","=""u37""",
Ti,2,"=""308.146897""","=""0.000019""","=""308.146894""","=""0.000009""","=""580""","=""1.1e+08""",D,"=""29968.3304""","=""62410.9628""","=""3d2.(3F).4p""","=""z 4G*""","=""9/2""","=""3d2.(3F).5s""","=""e 4F""","=""7/2""",10,8,,"=""T2805""","=""u37""",
Ti,2,"=""308.802562""","=""0.000019""","=""308.802569""","=""0.000012""","=""2350""","=""1.50e+08""",B+,"=""393.4459""","=""32767.1961""","=""3d2.(3F).4s""","=""a 4F""","=""9/2""","=""3d2.(3F).4p""","=""z 4D*""","=""7/2""",10,8,,"=""T7385""","=""u37""",
Ti,2,"=""308.939995""","=""0.000019""","=""308.940010""","=""0.000014""","=""322""","=""1.43e+08""",B+,"=""15265.7001""","=""47625.0485""","=""3d2.(1G).4s""","=""b 2G""","=""7/2""","=""3d2.(1G).4p""","=""x 2F*""","=""5/2""",8,6,,"=""T7385""","=""u37""",
Ti,2,"=""309.64162""","=""0.00008""","=""309.641631""","=""0.000013""","=""13""","=""6.01e+06""",B,"=""12628.8455""","=""44914.8733""","=""3d3""","=""b 2D2""","=""3/2""","=""3d2.(3P).4p""","=""x 2D*""","=""3/2""",4,4,,"=""T7385""","=""u37""",
Ti,2,"=""309.718193""","=""0.000019""","=""309.718197""","=""0.000012""","=""282""","=""4.43e+07""",A',"=""9930.7766""","=""42208.8232""","=""3d2.(3P).4s""","=""b 4P""","=""3/2""","=""3d2.(3P).4p""","=""z 4P*""","=""5/2""",4,6,,"=""T7385""","=""u37""",
Ti,2,"=""309.76075""","=""0.00012""","=""309.760871""","=""0.000012""","=""8""","=""2.31e+06""",C+,"=""12628.8455""","=""44902.4455""","=""3d3""","=""b 2D2""","=""3/2""","=""3d2.(3P).4p""","=""x 2D*""","=""5/2""",4,6,,"=""T7385""","=""u37""",
Ti,2,"=""310.15276""","=""0.00005""","=""310.152750""","=""0.000012""","=""19""","=""3.27e+06""",B+,"=""9975.9994""","=""42208.8232""","=""3d3""","=""a 2P""","=""3/2""","=""3d2.(3P).4p""","=""z 4P*""","=""5/2""",4,6,,"=""T7385""","=""u37""",
Ti,2,"=""310.29711""","=""0.00007""","=""310.297063""","=""0.000020""","=""15""","=""3.44e+06""",B+,"=""9851.0145""","=""42068.8481""","=""3d3""","=""a 2P""","=""1/2""","=""3d2.(3P).4p""","=""z 4P*""","=""3/2""",2,4,,"=""T7385""","=""u37""",
Ti,2,"=""310.380288""","=""0.000019""","=""310.380286""","=""0.000013""","=""440""","=""1.30e+08""",B+,"=""15257.5527""","=""47466.7479""","=""3d2.(1G).4s""","=""b 2G""","=""9/2""","=""3d2.(1G).4p""","=""x 2F*""","=""7/2""",10,8,,"=""T7385""","=""u37""",
Ti,2,"=""310.45883""","=""0.00004""","=""310.458821""","=""0.000013""","=""24""","=""6.92e+06""",B+,"=""15265.7001""","=""47466.7479""","=""3d2.(1G).4s""","=""b 2G""","=""7/2""","=""3d2.(1G).4p""","=""x 2F*""","=""7/2""",8,8,,"=""T7385""","=""u37""",
Ti,2,"=""310.508028""","=""0.000019""","=""310.50799""","=""0.00003""","=""264""","=""6.15e+07""",A',"=""9872.899""","=""42068.8481""","=""3d2.(3P).4s""","=""b 4P""","=""1/2""","=""3d2.(3P).4p""","=""z 4P*""","=""3/2""",2,4,,"=""T7385""","=""u37""",
Ti,2,"=""310.623055""","=""0.000019""","=""310.623061""","=""0.000012""","=""580""","=""9.24e+07""",A',"=""10024.8009""","=""42208.8232""","=""3d2.(3P).4s""","=""b 4P""","=""5/2""","=""3d2.(3P).4p""","=""z 4P*""","=""5/2""",6,6,,"=""T7385""","=""u37""",
Ti,2,"=""310.8879""","=""0.0003""","=""310.887831""","=""0.000011""","=""7""","=""2.82e+06""",C+',"=""12758.2597""","=""44914.8733""","=""3d3""","=""b 2D2""","=""5/2""","=""3d2.(3P).4p""","=""x 2D*""","=""3/2""",6,4,,"=""T7385""","=""L17999""",
Ti,2,"=""311.00801""","=""0.00004""","=""311.008034""","=""0.000011""","=""28""","=""7.45e+06""",B+,"=""12758.2597""","=""44902.4455""","=""3d3""","=""b 2D2""","=""5/2""","=""3d2.(3P).4p""","=""x 2D*""","=""5/2""",6,6,,"=""T7385""","=""u37""",
Ti,2,"=""311.067220""","=""0.000019""","=""311.067206""","=""0.000019""","=""85""","=""1.92e+07""",A',"=""9930.7766""","=""42068.8481""","=""3d2.(3P).4s""","=""b 4P""","=""3/2""","=""3d2.(3P).4p""","=""z 4P*""","=""3/2""",4,4,,"=""T7385""","=""u37""",
Ti,2,"=""311.204933""","=""0.000019""","=""311.20492""","=""0.00003""","=""52""","=""2.40e+07""",B+,"=""9872.899""","=""41996.7498""","=""3d2.(3P).4s""","=""b 4P""","=""1/2""","=""3d2.(3P).4p""","=""z 4P*""","=""1/2""",2,2,,"=""T7385""","=""u37""",
Ti,2,"=""311.50540""","=""0.00014""","=""311.505555""","=""0.000019""","=""7""","=""1.61e+06""",C+,"=""9975.9994""","=""42068.8481""","=""3d3""","=""a 2P""","=""3/2""","=""3d2.(3P).4p""","=""z 4P*""","=""3/2""",4,4,,"=""T7385""","=""u37""",
Ti,2,"=""311.766630""","=""0.000019""","=""311.766647""","=""0.000014""","=""237""","=""1.10e+08""",A',"=""9930.7766""","=""41996.7498""","=""3d2.(3P).4s""","=""b 4P""","=""3/2""","=""3d2.(3P).4p""","=""z 4P*""","=""1/2""",4,2,,"=""T7385""","=""u37""",
Ti,2,"=""311.88218""","=""0.00008""","=""311.882205""","=""0.000011""","=""12""","=""1.04e+06""",B,"=""8744.3406""","=""40798.4333""","=""3d2.(1D).4s""","=""a 2D""","=""5/2""","=""3d2.(3P).4p""","=""y 4D*""","=""7/2""",6,8,,"=""T7385""","=""u37""",
Ti,2,"=""311.979992""","=""0.000019""","=""311.979981""","=""0.000019""","=""249""","=""5.60e+07""",A',"=""10024.8009""","=""42068.8481""","=""3d2.(3P).4s""","=""b 4P""","=""5/2""","=""3d2.(3P).4p""","=""z 4P*""","=""3/2""",6,4,,"=""T7385""","=""u37""",
Ti,2,"=""312.15979""","=""0.00004""","=""312.159775""","=""0.000007""","=""26""","=""5.9e+05""",D,"=""0.0000""","=""32025.5915""","=""3d2.(3F).4s""","=""a 4F""","=""3/2""","=""3d2.(3F).4p""","=""z 2D*""","=""5/2""",4,6,,"=""T2403n""","=""u37""",
Ti,2,"=""312.20693""","=""0.00005""","=""312.206971""","=""0.000014""","=""22""","=""9.45e+06""",B+,"=""9975.9994""","=""41996.7498""","=""3d3""","=""a 2P""","=""3/2""","=""3d2.(3P).4p""","=""z 4P*""","=""1/2""",4,2,,"=""T7385""","=""u37""",
Ti,2,"=""312.784991""","=""0.000020""","=""312.784983""","=""0.000012""","=""200""","=""1.6e+08""",D,"=""31207.5111""","=""63169.0910""","=""3d2.(3F).4p""","=""z 2F*""","=""5/2""","=""3d2.(3F).5s""","=""e 2F""","=""5/2""",6,6,,"=""T2403n""","=""u37""",
Ti,2,"=""312.848334""","=""0.000020""","=""312.848327""","=""0.000010""","=""261""","=""1.1e+08""",D,"=""31490.9177""","=""63446.0264""","=""3d2.(3F).4p""","=""z 2F*""","=""7/2""","=""3d2.(3F).5s""","=""e 2F""","=""7/2""",8,8,,"=""T2403n""","=""u37""",
Ti,2,"=""313.079847""","=""0.000020""","=""313.079864""","=""0.000014""","=""385""","=""8.2e+06""",D,"=""94.1142""","=""32025.5915""","=""3d2.(3F).4s""","=""a 4F""","=""5/2""","=""3d2.(3F).4p""","=""z 2D*""","=""5/2""",6,6,,"=""T2403n""","=""u37""",
Ti,2,"=""314.3680""","=""0.0003""","=""314.367958""","=""0.000013""","=""3""","=""2.00e+05""",D+,"=""8997.7874""","=""40798.4333""","=""3d3""","=""a 2G""","=""7/2""","=""3d2.(3P).4p""","=""y 4D*""","=""7/2""",8,8,,"=""T7385""","=""u37""",
Ti,2,"=""314.375461""","=""0.000020""","=""314.375455""","=""0.000009""","=""303""","=""6.2e+06""",D,"=""225.7039""","=""32025.5915""","=""3d2.(3F).4s""","=""a 4F""","=""7/2""","=""3d2.(3F).4p""","=""z 2D*""","=""5/2""",8,6,,"=""T2403n""","=""u37""",
Ti,2,"=""314.47185""","=""0.00006""","=""314.471903""","=""0.000010""","=""16""","=""5.23e+05""",B',"=""907.9672""","=""32698.1022""","=""3d3""","=""b 4F""","=""3/2""","=""3d2.(3F).4p""","=""z 4D*""","=""5/2""",4,6,,"=""T7385""","=""u37""",
Ti,2,"=""314.53966""","=""0.00013""","=""314.539727""","=""0.000012""","=""8""","=""2.12e+05""",C+,"=""983.9157""","=""32767.1961""","=""3d3""","=""b 4F""","=""5/2""","=""3d2.(3F).4p""","=""z 4D*""","=""7/2""",6,8,,"=""T7385""","=""u37""",
Ti,2,"=""314.803612""","=""0.000020""","=""314.803596""","=""0.000009""","=""404""","=""1.1e+07""",C,"=""0.0000""","=""31756.6406""","=""3d2.(3F).4s""","=""a 4F""","=""3/2""","=""3d2.(3F).4p""","=""z 2D*""","=""3/2""",4,4,,"=""T2805""","=""u37""",
Ti,2,"=""315.225017""","=""0.000020""","=""315.225022""","=""0.000008""","=""297""","=""9.80e+06""",B+,"=""983.9157""","=""32698.1022""","=""3d3""","=""b 4F""","=""5/2""","=""3d2.(3F).4p""","=""z 4D*""","=""5/2""",6,6,,"=""T7385""","=""u37""",
Ti,2,"=""315.419244""","=""0.000020""","=""315.419241""","=""0.000010""","=""243""","=""1.19e+07""",B+,"=""907.9672""","=""32602.6265""","=""3d3""","=""b 4F""","=""3/2""","=""3d2.(3F).4p""","=""z 4D*""","=""3/2""",4,4,,"=""T7385""","=""u37""",
Ti,2,"=""315.563756""","=""0.000020""","=""315.563722""","=""0.000014""","=""45""","=""2.80e+06""",B+,"=""9118.2849""","=""40798.4333""","=""3d3""","=""a 2G""","=""9/2""","=""3d2.(3P).4p""","=""y 4D*""","=""7/2""",10,8,,"=""T7385""","=""u37""",
Ti,2,"=""315.566794""","=""0.000020""","=""315.566794""","=""0.000012""","=""223""","=""5.67e+06""",B+,"=""1087.3561""","=""32767.1961""","=""3d3""","=""b 4F""","=""7/2""","=""3d2.(3F).4p""","=""z 4D*""","=""7/2""",8,8,,"=""T7385""","=""u37""",
Ti,2,"=""315.739342""","=""0.000020""","=""315.739358""","=""0.000015""","=""44""","=""1.2e+06""",D,"=""94.1142""","=""31756.6406""","=""3d2.(3F).4s""","=""a 4F""","=""5/2""","=""3d2.(3F).4p""","=""z 2D*""","=""3/2""",6,4,,"=""T2805""","=""u37""",
Ti,2,"=""316.120158""","=""0.000020""","=""316.120158""","=""0.000011""","=""600""","=""6.78e+07""",B+,"=""907.9672""","=""32532.3542""","=""3d3""","=""b 4F""","=""3/2""","=""3d2.(3F).4p""","=""z 4D*""","=""1/2""",4,2,,"=""T7385""","=""u37""",
Ti,2,"=""316.176918""","=""0.000020""","=""316.176910""","=""0.000008""","=""910""","=""4.71e+07""",B+,"=""983.9157""","=""32602.6265""","=""3d3""","=""b 4F""","=""5/2""","=""3d2.(3F).4p""","=""z 4D*""","=""3/2""",6,4,,"=""T7385""","=""u37""",
Ti,2,"=""316.25658""","=""0.00002""","=""316.256577""","=""0.000008""","=""1310""","=""4.65e+07""",B+,"=""1087.3561""","=""32698.1022""","=""3d3""","=""b 4F""","=""7/2""","=""3d2.(3F).4p""","=""z 4D*""","=""5/2""",8,6,,"=""T7385""","=""u37""",
Ti,2,"=""316.52583""","=""0.00017""","=""316.525978""","=""0.000011""","=""6""","=""7.58e+05""",C+',"=""8997.7874""","=""40581.6301""","=""3d3""","=""a 2G""","=""7/2""","=""3d2.(3P).4p""","=""y 4D*""","=""5/2""",8,6,,"=""T7385""","=""u37""",
Ti,3,"=""316.7828""","=""""","=""316.7829+""","=""""","=""4""","=""3.4e+07""",D,"=""128546.38""","=""160104.61""","=""3p6.3d.4d""","=""3D""","=""2""","=""3p6.3d.4f""","=""3P*""","=""1""",5,3,,"=""T1216""","=""L3593""",
Ti,2,"=""316.85183""","=""0.00002""","=""316.851827""","=""0.000012""","=""1900""","=""5.21e+07""",B+,"=""1215.8329""","=""32767.1961""","=""3d3""","=""b 4F""","=""9/2""","=""3d2.(3F).4p""","=""z 4D*""","=""7/2""",10,8,,"=""T7385""","=""u37""",
Ti,2,"=""318.17220""","=""0.00002""","=""318.172191""","=""0.000011""","=""181""","=""4.6e+07""",D,"=""32025.5915""","=""63446.0264""","=""3d2.(3F).4p""","=""z 2D*""","=""5/2""","=""3d2.(3F).5s""","=""e 2F""","=""7/2""",6,8,,"=""T2805""","=""u37""",
Ti,2,"=""318.25308""","=""0.00002""","=""318.253067""","=""0.000013""","=""125""","=""4.3e+07""",D,"=""31756.6406""","=""63169.0910""","=""3d2.(3F).4p""","=""z 2D*""","=""3/2""","=""3d2.(3F).5s""","=""e 2F""","=""5/2""",4,6,,"=""T2805""","=""u37""",
Ti,2,"=""318.41169""","=""0.00004""","=""318.411678""","=""0.000013""","=""25""","=""4.6e+05""",D,"=""94.1142""","=""31490.9177""","=""3d2.(3F).4s""","=""a 4F""","=""5/2""","=""3d2.(3F).4p""","=""z 2F*""","=""7/2""",6,8,,"=""T2403n""","=""u37""",
Ti,1,"=""318.64510""","=""0.00012""","=""318.64508""","=""0.00003""","=""15+""","=""8.0e+07""",C,"=""0.000""","=""31373.807""","=""3d2.4s2""","=""a 3F""","=""2""","=""3d3.(4F).4p""","=""w 3G*""","=""3""",5,7,,"=""T3499n""","=""L10989""",
Ti,2,"=""318.94835""","=""0.00002""","=""318.948351""","=""0.000010""","=""271""","=""9.2e+07""",D,"=""30836.4250""","=""62180.4011""","=""3d2.(3F).4p""","=""z 4F*""","=""3/2""","=""3d2.(3F).5s""","=""e 4F""","=""3/2""",4,4,,"=""T2805""","=""u37""",
Ti,2,"=""319.08728""","=""0.00002""","=""319.087275""","=""0.000010""","=""1550""","=""1.41e+08""",B+,"=""8744.3406""","=""40074.6707""","=""3d2.(1D).4s""","=""a 2D""","=""5/2""","=""3d2.(1D).4p""","=""y 2F*""","=""7/2""",6,8,,"=""T7385""","=""u37""",
Ti,1,"=""319.19931""","=""0.00012""","=""319.19922""","=""0.00004""","=""15+""","=""8.5e+07""",C,"=""170.1328""","=""31489.476""","=""3d2.4s2""","=""a 3F""","=""3""","=""3d3.(4F).4p""","=""w 3G*""","=""4""",7,9,,"=""T3499n""","=""L10989""",
Ti,2,"=""319.22691""","=""0.00008""","=""319.226845""","=""0.000011""","=""13""","=""2.20e+06""",B',"=""8710.5675""","=""40027.2001""","=""3d2.(1D).4s""","=""a 2D""","=""3/2""","=""3d2.(3P).4p""","=""z 4S*""","=""3/2""",4,4,,"=""T7385""","=""u37""",
Ti,3,"=""319.3771""","=""""","=""319.3774+""","=""""","=""5""","=""3.8e+07""",D,"=""128689.67""","=""159991.54""","=""3p6.3d.4d""","=""3D""","=""3""","=""3p6.3d.4f""","=""3P*""","=""2""",7,5,,"=""T1216""","=""L3593""",
Ti,2,"=""319.57154""","=""0.00002""","=""319.571496""","=""0.000011""","=""44""","=""6.72e+06""",B+,"=""8744.3406""","=""40027.2001""","=""3d2.(1D).4s""","=""a 2D""","=""5/2""","=""3d2.(3P).4p""","=""z 4S*""","=""3/2""",6,4,,"=""T7385""","=""u37""",
Ti,2,"=""319.75186""","=""0.00002""","=""319.751864""","=""0.000008""","=""91""","=""1.1e+06""",D,"=""225.7039""","=""31490.9177""","=""3d2.(3F).4s""","=""a 4F""","=""7/2""","=""3d2.(3F).4p""","=""z 2F*""","=""7/2""",8,8,,"=""T2805""","=""u37""",
Ti,1,"=""319.99149""","=""0.00012""","=""319.99136""","=""0.00004""","=""15+""","=""9.4e+07""",C,"=""386.874""","=""31628.688""","=""3d2.4s2""","=""a 3F""","=""4""","=""3d3.(4F).4p""","=""w 3G*""","=""5""",9,11,,"=""T3499n""","=""L10989""",
Ti,2,"=""320.25341""","=""0.00002""","=""320.253407""","=""0.000011""","=""1120""","=""1.27e+08""",B+,"=""8710.5675""","=""39926.8192""","=""3d2.(1D).4s""","=""a 2D""","=""3/2""","=""3d2.(1D).4p""","=""y 2F*""","=""5/2""",4,6,,"=""T7385""","=""u37""",
Ti,2,"=""320.34313""","=""0.00002""","=""320.343107""","=""0.000007""","=""127""","=""1.61e+06""",B+,"=""0.0000""","=""31207.5111""","=""3d2.(3F).4s""","=""a 4F""","=""3/2""","=""3d2.(3F).4p""","=""z 2F*""","=""5/2""",4,6,,"=""T7385""","=""u37""",
Ti,1,"=""320.38254""","=""0.00012""","=""320.38250""","=""0.00004""","=""15+""","=""7.2e+06""",C,"=""170.1328""","=""31373.807""","=""3d2.4s2""","=""a 3F""","=""3""","=""3d3.(4F).4p""","=""w 3G*""","=""3""",7,7,,"=""T3499n""","=""L10989""",
Ti,2,"=""320.60029""","=""0.00011""","=""320.600280""","=""0.000011""","=""9""","=""1.01e+06""",C+,"=""8744.3406""","=""39926.8192""","=""3d2.(1D).4s""","=""a 2D""","=""5/2""","=""3d2.(1D).4p""","=""y 2F*""","=""5/2""",6,6,,"=""T7385""","=""u37""",
Ti,1,"=""320.63369""","=""0.00012""","=""320.63395""","=""0.00012""","=""8""","=""1.39e+07""",C+,"=""16267.480""","=""47446.684""","=""3d2.(3F).4s.4p.(3P*)""","=""z 5G*""","=""5""","=""3d2.4p2""","=""g 5G""","=""6""",11,13,,"=""T6897""","=""L10989""",
Ti,1,"=""320.68222""","=""0.00012""","=""320.68221""","=""0.00007""","=""9""","=""2.18e+07""",B+,"=""16106.076""","=""47280.588""","=""3d2.(3F).4s.4p.(3P*)""","=""z 5G*""","=""4""","=""3d2.4p2""","=""g 5G""","=""5""",9,11,,"=""T6897""","=""L10989""",
Ti,3,"=""""","=""""","=""320.771""","=""""","=""""","=""3.4e-03""",E,"=""10538.4""","=""41704.27""","=""3p6.3d2""","=""3P""","=""0""","=""3p6.3d.4s""","=""1D""","=""2""",1,5,E2,"=""T1610""","=""""",
Ti,1,"=""320.78938""","=""0.00012""","=""320.78931""","=""0.00007""","=""11""","=""2.57e+07""",B,"=""15975.631""","=""47139.735""","=""3d2.(3F).4s.4p.(3P*)""","=""z 5G*""","=""3""","=""3d2.4p2""","=""g 5G""","=""4""",7,9,,"=""T6897""","=""L10989""",
Ti,1,"=""320.90219""","=""0.00012""","=""320.90212""","=""0.00009""","=""8""","=""1.63e+07""",B,"=""15877.081""","=""47030.230""","=""3d2.(3F).4s.4p.(3P*)""","=""z 5G*""","=""2""","=""3d2.4p2""","=""g 5G""","=""3""",5,7,,"=""T6897""","=""L10989""",
Ti,2,"=""321.31214""","=""0.00002""","=""321.312141""","=""0.000015""","=""46""","=""9.18e+05""",B,"=""94.1142""","=""31207.5111""","=""3d2.(3F).4s""","=""a 4F""","=""5/2""","=""3d2.(3F).4p""","=""z 2F*""","=""5/2""",6,6,,"=""T7385""","=""u37""",
Ti,2,"=""321.41068""","=""0.00011""","=""321.410784""","=""0.000015""","=""9""","=""1.78e+06""",C+',"=""12677.1050""","=""43780.9533""","=""3d3""","=""a 2H""","=""9/2""","=""3d2.(1G).4p""","=""y 2G*""","=""9/2""",10,10,,"=""T7385""","=""u37""",
Ti,1,"=""321.42373""","=""0.00012""","=""321.42366""","=""0.00004""","=""15+""","=""6.5e+06""",C,"=""386.874""","=""31489.476""","=""3d2.4s2""","=""a 3F""","=""4""","=""3d3.(4F).4p""","=""w 3G*""","=""4""",9,9,,"=""T3499n""","=""L10989""",
Ti,3,"=""""","=""""","=""321.444""","=""""","=""""","=""1.5e-03""",E,"=""10603.6""","=""41704.27""","=""3p6.3d2""","=""3P""","=""1""","=""3p6.3d.4s""","=""1D""","=""2""",3,5,E2,"=""T1610""","=""""",
Ti,2,"=""321.47670""","=""0.00002""","=""321.476691""","=""0.000010""","=""333""","=""3.3e+06""",C,"=""393.4459""","=""31490.9177""","=""3d2.(3F).4s""","=""a 4F""","=""9/2""","=""3d2.(3F).4p""","=""z 2F*""","=""7/2""",10,8,,"=""T2805,T3853""","=""u37""",
Ti,2,"=""321.68968""","=""0.00003""","=""321.689678""","=""0.000012""","=""33""","=""4.03e+06""",B+,"=""8997.7874""","=""40074.6707""","=""3d3""","=""a 2G""","=""7/2""","=""3d2.(1D).4p""","=""y 2F*""","=""7/2""",8,8,,"=""T7385""","=""u37""",
Ti,2,"=""321.70543""","=""0.00002""","=""321.705433""","=""0.000010""","=""1730""","=""2.09e+07""",B+,"=""225.7039""","=""31301.0653""","=""3d2.(3F).4s""","=""a 4F""","=""7/2""","=""3d2.(3F).4p""","=""z 4F*""","=""9/2""",8,10,,"=""T7385""","=""u37""",
Ti,1,"=""321.79381""","=""0.00012""","=""321.79378""","=""0.00007""","=""11""","=""1.25e+08""",B+,"=""15877.081""","=""46943.911""","=""3d2.(3F).4s.4p.(3P*)""","=""z 5G*""","=""2""","=""3d2.4p2""","=""g 5G""","=""2""",5,5,,"=""T6897""","=""L10989""",
Ti,2,"=""321.82658""","=""0.00002""","=""321.826592""","=""0.000022""","=""449""","=""8.02e+07""",B+,"=""12677.1050""","=""43740.7678""","=""3d3""","=""a 2H""","=""9/2""","=""3d2.(1G).4p""","=""y 2G*""","=""7/2""",10,8,,"=""T7385""","=""u37""",
Ti,1,"=""321.92070""","=""0.00012""","=""321.92053""","=""0.00009""","=""10""","=""9.31e+07""",B+,"=""15975.631""","=""47030.230""","=""3d2.(3F).4s.4p.(3P*)""","=""z 5G*""","=""3""","=""3d2.4p2""","=""g 5G""","=""3""",7,7,,"=""T6897""","=""L10989""",
Ti,1,"=""322.13775""","=""0.00012""","=""322.13775""","=""0.00007""","=""11""","=""1.19e+08""",B+,"=""16106.076""","=""47139.735""","=""3d2.(3F).4s.4p.(3P*)""","=""z 5G*""","=""4""","=""3d2.4p2""","=""g 5G""","=""4""",9,9,,"=""T6897""","=""L10989""",
Ti,2,"=""322.28413""","=""0.00002""","=""322.284150""","=""0.000014""","=""1930""","=""3.07e+07""",B+,"=""94.1142""","=""31113.6764""","=""3d2.(3F).4s""","=""a 4F""","=""5/2""","=""3d2.(3F).4p""","=""z 4F*""","=""7/2""",6,8,,"=""T7385""","=""u37""",
Ti,1,"=""322.35116""","=""0.00012""","=""322.35122""","=""0.00007""","=""12""","=""1.27e+08""",B+,"=""16267.480""","=""47280.588""","=""3d2.(3F).4s.4p.(3P*)""","=""z 5G*""","=""5""","=""3d2.4p2""","=""g 5G""","=""5""",11,11,,"=""T6897""","=""L10989""",
Ti,2,"=""322.42370""","=""0.00002""","=""322.423704""","=""0.000016""","=""540""","=""7.20e+07""",B+,"=""12774.8168""","=""43780.9533""","=""3d3""","=""a 2H""","=""11/2""","=""3d2.(1G).4p""","=""y 2G*""","=""9/2""",12,10,,"=""T7385""","=""u37""",
Ti,1,"=""322.61221""","=""0.00012""","=""322.61228""","=""0.00014""","=""12""","=""1.56e+08""",B+,"=""16458.671""","=""47446.684""","=""3d2.(3F).4s.4p.(3P*)""","=""z 5G*""","=""6""","=""3d2.4p2""","=""g 5G""","=""6""",13,13,,"=""T6897""","=""L10989""",
Ti,3,"=""""","=""""","=""322.664""","=""""","=""""","=""1.3e-01""",E,"=""10721.2""","=""41704.27""","=""3p6.3d2""","=""3P""","=""2""","=""3p6.3d.4s""","=""1D""","=""2""",5,5,E2,"=""T1610""","=""""",
Ti,2,"=""322.67690""","=""0.00002""","=""322.676905""","=""0.000010""","=""139""","=""1.55e+06""",B+,"=""225.7039""","=""31207.5111""","=""3d2.(3F).4s""","=""a 4F""","=""7/2""","=""3d2.(3F).4p""","=""z 2F*""","=""5/2""",8,6,,"=""T7385""","=""u37""",
Ti,1,"=""322.81779""","=""0.00013""","=""322.81786""","=""0.00007""","=""8""","=""2.74e+07""",B,"=""15975.631""","=""46943.911""","=""3d2.(3F).4s.4p.(3P*)""","=""z 5G*""","=""3""","=""3d2.4p2""","=""g 5G""","=""2""",7,5,,"=""T6897""","=""L10989""",
Ti,2,"=""322.86046""","=""0.00002""","=""322.860457""","=""0.000012""","=""740""","=""1.86e+08""",B+,"=""8710.5675""","=""39674.7616""","=""3d2.(1D).4s""","=""a 2D""","=""3/2""","=""3d2.(1D).4p""","=""z 2P*""","=""1/2""",4,2,,"=""T7385""","=""u37""",
Ti,3,"=""322.8887""","=""""","=""322.8887+""","=""""","=""5""","=""1.5e+08""",D,"=""128433.40""","=""159394.89""","=""3p6.3d.4d""","=""3D""","=""1""","=""3p6.3d.4f""","=""3D*""","=""1""",3,3,,"=""T1216""","=""L3593""",
Ti,2,"=""322.918948""","=""0.000010""","=""322.918960""","=""0.000007""","=""1460""","=""2.93e+07""",B+,"=""0.0000""","=""30958.5846""","=""3d2.(3F).4s""","=""a 4F""","=""3/2""","=""3d2.(3F).4p""","=""z 4F*""","=""5/2""",4,6,,"=""T7385""","=""L14800""",
Ti,2,"=""322.94188""","=""0.00002""","=""322.941897""","=""0.000014""","=""780""","=""6.26e+07""",B+,"=""9118.2849""","=""40074.6707""","=""3d3""","=""a 2G""","=""9/2""","=""3d2.(1D).4p""","=""y 2F*""","=""7/2""",10,8,,"=""T7385""","=""u37""",
Ti,2,"=""323.13137""","=""0.00002""","=""323.131363""","=""0.000010""","=""239""","=""3.4e+06""",C,"=""1087.3561""","=""32025.5915""","=""3d3""","=""b 4F""","=""7/2""","=""3d2.(3F).4p""","=""z 2D*""","=""5/2""",8,6,,"=""T2805""","=""u37""",
Ti,2,"=""323.22753""","=""0.00002""","=""323.227521""","=""0.000013""","=""600""","=""6.45e+07""",B+,"=""8997.7874""","=""39926.8192""","=""3d3""","=""a 2G""","=""7/2""","=""3d2.(1D).4p""","=""y 2F*""","=""5/2""",8,6,,"=""T7385""","=""u37""",
Ti,1,"=""323.27858""","=""0.00013""","=""323.27851""","=""0.00009""","=""7""","=""2.56e+07""",B+,"=""16106.076""","=""47030.230""","=""3d2.(3F).4s.4p.(3P*)""","=""z 5G*""","=""4""","=""3d2.4p2""","=""g 5G""","=""3""",9,7,,"=""T6897""","=""L10989""",
Ti,2,"=""323.45146""","=""0.00002""","=""323.451457""","=""0.000011""","=""4760""","=""1.71e+08""",B+,"=""393.4459""","=""31301.0653""","=""3d2.(3F).4s""","=""a 4F""","=""9/2""","=""3d2.(3F).4p""","=""z 4F*""","=""9/2""",10,10,,"=""T7385""","=""u37""",
Ti,2,"=""323.61189""","=""0.00002""","=""323.611892""","=""0.000011""","=""520""","=""5.96e+07""",B+,"=""8710.5675""","=""39602.8645""","=""3d2.(1D).4s""","=""a 2D""","=""3/2""","=""3d2.(1D).4p""","=""y 2D*""","=""3/2""",4,4,,"=""T7385""","=""u37""",
Ti,2,"=""323.65720""","=""0.00002""","=""323.657201""","=""0.000009""","=""4090""","=""1.37e+08""",B+,"=""225.7039""","=""31113.6764""","=""3d2.(3F).4s""","=""a 4F""","=""7/2""","=""3d2.(3F).4p""","=""z 4F*""","=""7/2""",8,8,,"=""T7385""","=""u37""",
Ti,1,"=""323.82209""","=""0.00013""","=""323.82199""","=""0.00007""","=""10""","=""2.26e+07""",B+,"=""16267.480""","=""47139.735""","=""3d2.(3F).4s.4p.(3P*)""","=""z 5G*""","=""5""","=""3d2.4p2""","=""g 5G""","=""4""",11,9,,"=""T6897""","=""L10989""",
Ti,2,"=""323.90366""","=""0.00002""","=""323.903662""","=""0.000014""","=""3470""","=""1.26e+08""",B+,"=""94.1142""","=""30958.5846""","=""3d2.(3F).4s""","=""a 4F""","=""5/2""","=""3d2.(3F).4p""","=""z 4F*""","=""5/2""",6,6,,"=""T7385""","=""u37""",
Ti,2,"=""323.96608""","=""0.00002""","=""323.966082""","=""0.000011""","=""830""","=""1.01e+08""",B+,"=""8744.3406""","=""39602.8645""","=""3d2.(1D).4s""","=""a 2D""","=""5/2""","=""3d2.(1D).4p""","=""y 2D*""","=""3/2""",6,4,,"=""T7385""","=""u37""",
Ti,3,"=""324.071""","=""""","=""324.0712+""","=""""","=""1""","=""3.7e+07""",D,"=""128546.38""","=""159394.89""","=""3p6.3d.4d""","=""3D""","=""2""","=""3p6.3d.4f""","=""3D*""","=""1""",5,3,,"=""T1216""","=""L3593""",
Ti,2,"=""324.198253""","=""0.000011""","=""324.198260""","=""0.000008""","=""3130""","=""1.47e+08""",B+,"=""0.0000""","=""30836.4250""","=""3d2.(3F).4s""","=""a 4F""","=""3/2""","=""3d2.(3F).4p""","=""z 4F*""","=""3/2""",4,4,,"=""T7385""","=""L14800""",
Ti,1,"=""324.35094""","=""0.00013""","=""324.35087""","=""0.00007""","=""7""","=""1.50e+07""",C+,"=""16458.671""","=""47280.588""","=""3d2.(3F).4s.4p.(3P*)""","=""z 5G*""","=""6""","=""3d2.4p2""","=""g 5G""","=""5""",13,11,,"=""T6897""","=""L10989""",
Ti,3,"=""324.5589""","=""""","=""324.5589+""","=""""","=""3""","=""6.0e+06""",D,"=""129252.74""","=""160054.90""","=""3p6.3d.4d""","=""3G""","=""4""","=""3p6.3d.4f""","=""1H*""","=""5""",9,11,,"=""T1216""","=""L3593""",
Ti,2,"=""324.85979""","=""0.00002""","=""324.859799""","=""0.000012""","=""2670""","=""1.84e+08""",B+,"=""10024.8009""","=""40798.4333""","=""3d2.(3P).4s""","=""b 4P""","=""5/2""","=""3d2.(3P).4p""","=""y 4D*""","=""7/2""",6,8,,"=""T7385""","=""u37""",
Ti,2,"=""324.93662""","=""0.00002""","=""324.936623""","=""0.000011""","=""69""","=""4.56e+06""",B+,"=""8710.5675""","=""39476.9244""","=""3d2.(1D).4s""","=""a 2D""","=""3/2""","=""3d2.(1D).4p""","=""y 2D*""","=""5/2""",4,6,,"=""T7385""","=""u37""",
Ti,2,"=""325.19078""","=""0.00002""","=""325.190792""","=""0.000015""","=""1500""","=""4.09e+07""",B+,"=""94.1142""","=""30836.4250""","=""3d2.(3F).4s""","=""a 4F""","=""5/2""","=""3d2.(3F).4p""","=""z 4F*""","=""3/2""",6,4,,"=""T7385""","=""u37""",
Ti,2,"=""325.29057""","=""0.00002""","=""325.290577""","=""0.000009""","=""1890""","=""3.44e+07""",B+,"=""225.7039""","=""30958.5846""","=""3d2.(3F).4s""","=""a 4F""","=""7/2""","=""3d2.(3F).4p""","=""z 4F*""","=""5/2""",8,6,,"=""T7385""","=""u37""",
Ti,2,"=""325.29372""","=""0.00002""","=""325.293720""","=""0.000011""","=""830""","=""5.88e+07""",B+,"=""8744.3406""","=""39476.9244""","=""3d2.(1D).4s""","=""a 2D""","=""5/2""","=""3d2.(1D).4p""","=""y 2D*""","=""5/2""",6,6,,"=""T7385""","=""u37""",
Ti,2,"=""325.42453""","=""0.00002""","=""325.424532""","=""0.000010""","=""1550""","=""2.17e+07""",B+,"=""393.4459""","=""31113.6764""","=""3d2.(3F).4s""","=""a 4F""","=""9/2""","=""3d2.(3F).4p""","=""z 4F*""","=""7/2""",10,8,,"=""T7385""","=""u37""",
Ti,2,"=""326.02701""","=""0.00002""","=""326.027071""","=""0.000015""","=""69bl""","=""6.23e+06""",B+,"=""9363.7425""","=""40027.2001""","=""3d3""","=""a 4P""","=""1/2""","=""3d2.(3P).4p""","=""z 4S*""","=""3/2""",2,4,,"=""T7385""","=""u37""",
Ti,2,"=""326.15845""","=""0.00002""","=""326.158451""","=""0.000015""","=""1320""","=""1.77e+08""",B+,"=""15257.5527""","=""45908.6592""","=""3d2.(1G).4s""","=""b 2G""","=""9/2""","=""3d2.(1G).4p""","=""z 2H*""","=""11/2""",10,12,,"=""T7385""","=""u37""",
Ti,2,"=""326.16114""","=""0.00002""","=""326.161143""","=""0.000011""","=""1460""","=""1.31e+08""",B+,"=""9930.7766""","=""40581.6301""","=""3d2.(3P).4s""","=""b 4P""","=""3/2""","=""3d2.(3P).4p""","=""y 4D*""","=""5/2""",4,6,,"=""T7385""","=""u37""",
Ti,2,"=""326.36831""","=""0.00002""","=""326.368310""","=""0.000019""","=""89""","=""1.15e+07""",B+,"=""9395.8020""","=""40027.2001""","=""3d3""","=""a 4P""","=""3/2""","=""3d2.(3P).4p""","=""z 4S*""","=""3/2""",4,4,,"=""T7385""","=""u37""",
Ti,2,"=""327.16479""","=""0.00002""","=""327.164786""","=""0.000011""","=""710""","=""5.39e+07""",B+,"=""10024.8009""","=""40581.6301""","=""3d2.(3P).4s""","=""b 4P""","=""5/2""","=""3d2.(3P).4p""","=""y 4D*""","=""5/2""",6,6,,"=""T7385""","=""u37""",
Ti,2,"=""327.20758""","=""0.00002""","=""327.20773""","=""0.00003""","=""720*""","=""1.00e+08""",B+,"=""9872.899""","=""40425.7183""","=""3d2.(3P).4s""","=""b 4P""","=""1/2""","=""3d2.(3P).4p""","=""y 4D*""","=""3/2""",2,4,,"=""T7385""","=""u37""",
Ti,2,"=""327.44147""","=""0.00009""","=""327.441392""","=""0.000019""","=""12""","=""1.27e+06""",C+,"=""9395.8020""","=""39926.8192""","=""3d3""","=""a 4P""","=""3/2""","=""3d2.(1D).4p""","=""y 2F*""","=""5/2""",4,6,,"=""T7385""","=""u37""",
Ti,2,"=""327.52902""","=""0.00002""","=""327.529034""","=""0.000011""","=""56""","=""4.94e+06""",B+,"=""8710.5675""","=""39233.4153""","=""3d2.(1D).4s""","=""a 2D""","=""3/2""","=""3d2.(1D).4p""","=""z 2P*""","=""3/2""",4,4,,"=""T7385""","=""u37""",
Ti,2,"=""327.67717""","=""0.00002""","=""327.677181""","=""0.000015""","=""167""","=""2.01e+07""",B+,"=""9518.1516""","=""40027.2001""","=""3d3""","=""a 4P""","=""5/2""","=""3d2.(3P).4p""","=""z 4S*""","=""3/2""",6,4,,"=""T7385""","=""u37""",
Ti,2,"=""327.82878""","=""0.00002""","=""327.828768""","=""0.000014""","=""800""","=""7.43e+07""",B+,"=""9930.7766""","=""40425.7183""","=""3d2.(3P).4s""","=""b 4P""","=""3/2""","=""3d2.(3P).4p""","=""y 4D*""","=""3/2""",4,4,,"=""T7385""","=""u37""",
Ti,3,"=""""","=""""","=""327.8306""","=""""","=""""","=""3.4e+08""",D,"=""127790.57""","=""158285.34""","=""3p6.3d.4d""","=""1F""","=""3""","=""3p6.3d.4f""","=""1G*""","=""4""",7,9,,"=""T1216""","=""""",
Ti,2,"=""327.89186""","=""0.00002""","=""327.891854""","=""0.000011""","=""1000""","=""8.83e+07""",B+,"=""8744.3406""","=""39233.4153""","=""3d2.(1D).4s""","=""a 2D""","=""5/2""","=""3d2.(1D).4p""","=""z 2P*""","=""3/2""",6,4,,"=""T7385""","=""u37""",
Ti,2,"=""327.99875""","=""0.00002""","=""327.998767""","=""0.000012""","=""102""","=""6.57e+06""",B+,"=""8997.7874""","=""39476.9244""","=""3d3""","=""a 2G""","=""7/2""","=""3d2.(1D).4p""","=""y 2D*""","=""5/2""",8,6,,"=""T7385""","=""u37""",
Ti,2,"=""328.23271""","=""0.00002""","=""328.23267""","=""0.00003""","=""610""","=""1.46e+08""",B+,"=""9872.899""","=""40330.3168""","=""3d2.(3P).4s""","=""b 4P""","=""1/2""","=""3d2.(3P).4p""","=""y 4D*""","=""1/2""",2,2,,"=""T7385""","=""u37""",
Ti,2,"=""328.67734""","=""0.00012""","=""328.677359""","=""0.000018""","=""9""","=""1.59e+06""",C+,"=""15257.5527""","=""45673.7641""","=""3d2.(1G).4s""","=""b 2G""","=""9/2""","=""3d2.(1G).4p""","=""z 2H*""","=""9/2""",10,10,,"=""T7385""","=""u37""",
Ti,2,"=""328.76542""","=""0.00002""","=""328.765427""","=""0.000018""","=""1200""","=""1.76e+08""",B+,"=""15265.7001""","=""45673.7641""","=""3d2.(1G).4s""","=""b 2G""","=""7/2""","=""3d2.(1G).4p""","=""z 2H*""","=""9/2""",8,10,,"=""T7385""","=""u37""",
Ti,2,"=""328.84274""","=""0.00002""","=""328.842715""","=""0.000014""","=""84""","=""7.80e+06""",B+,"=""10024.8009""","=""40425.7183""","=""3d2.(3P).4s""","=""b 4P""","=""5/2""","=""3d2.(3P).4p""","=""y 4D*""","=""3/2""",6,4,,"=""T7385""","=""u37""",
Ti,2,"=""328.85762""","=""0.00002""","=""328.857613""","=""0.000014""","=""138""","=""3.27e+07""",B+,"=""9930.7766""","=""40330.3168""","=""3d2.(3P).4s""","=""b 4P""","=""3/2""","=""3d2.(3P).4p""","=""y 4D*""","=""1/2""",4,2,,"=""T7385""","=""u37""",
Ti,2,"=""330.16726""","=""0.00007""","=""330.167275""","=""0.000020""","=""16""","=""3.12e+06""",B',"=""9395.8020""","=""39674.7616""","=""3d3""","=""a 4P""","=""3/2""","=""3d2.(1D).4p""","=""z 2P*""","=""1/2""",4,2,,"=""T7385""","=""u37""",
Ti,1,"=""330.68787""","=""0.00013""","=""330.68787""","=""0.00013""","=""11""","=""7.72e+07""",B+,"=""17215.390""","=""47446.684""","=""3d2.(3F).4s.4p.(3P*)""","=""z 5F*""","=""5""","=""3d2.4p2""","=""g 5G""","=""6""",11,13,,"=""T6897""","=""L10989""",
Ti,2,"=""330.77210""","=""0.00005""","=""330.772102""","=""0.000010""","=""21""","=""2.05e+05""",C+,"=""983.9157""","=""31207.5111""","=""3d3""","=""b 4F""","=""5/2""","=""3d2.(3F).4p""","=""z 2F*""","=""5/2""",6,6,,"=""T7385""","=""u37""",
Ti,2,"=""330.88034""","=""0.00002""","=""330.880337""","=""0.000010""","=""468""","=""4.36e+06""",B+,"=""1087.3561""","=""31301.0653""","=""3d3""","=""b 4F""","=""7/2""","=""3d2.(3F).4p""","=""z 4F*""","=""9/2""",8,10,,"=""T7385""","=""u37""",
Ti,2,"=""330.95318""","=""0.00004""","=""330.953146""","=""0.000019""","=""28""","=""3.79e+06""",B+,"=""9395.8020""","=""39602.8645""","=""3d3""","=""a 4P""","=""3/2""","=""3d2.(1D).4p""","=""y 2D*""","=""3/2""",4,4,,"=""T7385""","=""u37""",
Ti,1,"=""330.97223""","=""0.00013""","=""330.97213""","=""0.00008""","=""10""","=""6.42e+07""",B+,"=""17075.258""","=""47280.588""","=""3d2.(3F).4s.4p.(3P*)""","=""z 5F*""","=""4""","=""3d2.4p2""","=""g 5G""","=""5""",9,11,,"=""T6897""","=""L10989""",
Ti,1,"=""331.26866""","=""0.00013""","=""331.26866""","=""0.00008""","=""10""","=""5.95e+07""",B+,"=""16961.442""","=""47139.735""","=""3d2.(3F).4s.4p.(3P*)""","=""z 5F*""","=""3""","=""3d2.4p2""","=""g 5G""","=""4""",7,9,,"=""T6897""","=""L10989""",
Ti,2,"=""331.2930""","=""0.0003""","=""331.291795""","=""0.000014""","=""0""","=""1.31e+06""",C,"=""9851.0145""","=""40027.2001""","=""3d3""","=""a 2P""","=""1/2""","=""3d2.(3P).4p""","=""z 4S*""","=""3/2""",2,4,,"=""T7385""","=""L17999""",
Ti,1,"=""331.52363""","=""0.00013""","=""331.52339""","=""0.00010""","=""15+""","=""4.78e+07""",B+,"=""16875.124""","=""47030.230""","=""3d2.(3F).4s.4p.(3P*)""","=""z 5F*""","=""2""","=""3d2.4p2""","=""g 5G""","=""3""",5,7,,"=""T6897""","=""L10989""",
Ti,2,"=""331.53228""","=""0.00002""","=""331.53224""","=""0.00003""","=""330""","=""3.53e+07""",B+,"=""9872.899""","=""40027.2001""","=""3d2.(3P).4s""","=""b 4P""","=""1/2""","=""3d2.(3P).4p""","=""z 4S*""","=""3/2""",2,4,,"=""T7385""","=""u37""",
Ti,2,"=""331.80227""","=""0.00002""","=""331.802277""","=""0.000009""","=""580""","=""6.91e+06""",B+,"=""983.9157""","=""31113.6764""","=""3d3""","=""b 4F""","=""5/2""","=""3d2.(3F).4p""","=""z 4F*""","=""7/2""",6,8,,"=""T7385""","=""u37""",
Ti,1,"=""331.83553""","=""0.00013""","=""331.83543""","=""0.00008""","=""10""","=""5.52e+07""",B+,"=""16817.160""","=""46943.911""","=""3d2.(3F).4s.4p.(3P*)""","=""z 5F*""","=""1""","=""3d2.4p2""","=""g 5G""","=""2""",3,5,,"=""T6897""","=""L10989""",
Ti,3,"=""332.0943""","=""""","=""332.0947+""","=""""","=""7""","=""2.8e+08""",D,"=""128433.40""","=""158536.63""","=""3p6.3d.4d""","=""3D""","=""1""","=""3p6.3d.4f""","=""3F*""","=""2""",3,5,,"=""T1216""","=""L3593""",
Ti,2,"=""332.16983""","=""0.00002""","=""332.169820""","=""0.000012""","=""680""","=""7.35e+07""",B+,"=""9930.7766""","=""40027.2001""","=""3d2.(3P).4s""","=""b 4P""","=""3/2""","=""3d2.(3P).4p""","=""z 4S*""","=""3/2""",4,4,,"=""T7385""","=""u37""",
Ti,2,"=""332.29339""","=""0.00002""","=""332.293385""","=""0.000011""","=""4330""","=""4.78e+07""",B+,"=""1215.8329""","=""31301.0653""","=""3d3""","=""b 4F""","=""9/2""","=""3d2.(3F).4p""","=""z 4F*""","=""9/2""",10,10,,"=""T7385""","=""u37""",
Ti,2,"=""332.33879""","=""0.00007""","=""332.338788""","=""0.000019""","=""18""","=""1.02e+06""",B,"=""9395.8020""","=""39476.9244""","=""3d3""","=""a 4P""","=""3/2""","=""3d2.(1D).4p""","=""y 2D*""","=""5/2""",4,6,,"=""T7385""","=""u37""",
Ti,1,"=""332.51468""","=""0.00013""","=""332.51482""","=""0.00008""","=""5""","=""7.94e+06""",B,"=""17215.390""","=""47280.588""","=""3d2.(3F).4s.4p.(3P*)""","=""z 5F*""","=""5""","=""3d2.4p2""","=""g 5G""","=""5""",11,11,,"=""T6897""","=""L10989""",
Ti,1,"=""332.52270""","=""0.00013""","=""332.52280""","=""0.00008""","=""6""","=""1.65e+07""",C+,"=""17075.258""","=""47139.735""","=""3d2.(3F).4s.4p.(3P*)""","=""z 5F*""","=""4""","=""3d2.4p2""","=""g 5G""","=""4""",9,9,,"=""T6897""","=""L10989""",
Ti,2,"=""332.66971""","=""0.00003""","=""332.669705""","=""0.000012""","=""36""","=""3.73e+06""",B+,"=""9975.9994""","=""40027.2001""","=""3d3""","=""a 2P""","=""3/2""","=""3d2.(3P).4p""","=""z 4S*""","=""3/2""",4,4,,"=""T7385""","=""u37""",
Ti,2,"=""332.67617""","=""0.00002""","=""332.676163""","=""0.000011""","=""452""","=""6.97e+06""",B+,"=""907.9672""","=""30958.5846""","=""3d3""","=""b 4F""","=""3/2""","=""3d2.(3F).4p""","=""z 4F*""","=""5/2""",4,6,,"=""T7385""","=""u37""",
Ti,2,"=""332.68446""","=""0.00002""","=""332.684440""","=""0.000011""","=""42""","=""2.31e+06""",B+,"=""10024.8009""","=""40074.6707""","=""3d2.(3P).4s""","=""b 4P""","=""5/2""","=""3d2.(1D).4p""","=""y 2F*""","=""7/2""",6,8,,"=""T7385""","=""u37""",
Ti,2,"=""332.94537""","=""0.00002""","=""332.945371""","=""0.000009""","=""3090""","=""4.10e+07""",B+,"=""1087.3561""","=""31113.6764""","=""3d3""","=""b 4F""","=""7/2""","=""3d2.(3F).4p""","=""z 4F*""","=""7/2""",8,8,,"=""T7385""","=""u37""",
Ti,2,"=""333.21084""","=""0.00002""","=""333.210839""","=""0.000012""","=""1090""","=""1.16e+08""",B+,"=""10024.8009""","=""40027.2001""","=""3d2.(3P).4s""","=""b 4P""","=""5/2""","=""3d2.(3P).4p""","=""z 4S*""","=""3/2""",6,4,,"=""T7385""","=""u37""",
Ti,3,"=""333.3457""","=""""","=""333.3458+""","=""""","=""3""","=""2.0e+07""",D,"=""128546.38""","=""158536.63""","=""3p6.3d.4d""","=""3D""","=""2""","=""3p6.3d.4f""","=""3F*""","=""2""",5,5,,"=""T1216""","=""L3593""",
Ti,2,"=""333.51912""","=""0.00002""","=""333.519111""","=""0.000009""","=""2270""","=""3.78e+07""",B+,"=""983.9157""","=""30958.5846""","=""3d3""","=""b 4F""","=""5/2""","=""3d2.(3F).4p""","=""z 4F*""","=""5/2""",6,6,,"=""T7385""","=""u37""",
Ti,2,"=""333.69587""","=""0.00012""","=""333.696082""","=""0.000015""","=""9""","=""6.18e+05""",C+,"=""9518.1516""","=""39476.9244""","=""3d3""","=""a 4P""","=""5/2""","=""3d2.(1D).4p""","=""y 2D*""","=""5/2""",6,6,,"=""T7385""","=""u37""",
Ti,3,"=""""","=""""","=""333.766""","=""""","=""""","=""2.5e-02""",E,"=""8473.5""","=""38425.99""","=""3p6.3d2""","=""1D""","=""2""","=""3p6.3d.4s""","=""3D""","=""3""",5,7,E2,"=""T1610""","=""""",
Ti,2,"=""333.78471""","=""0.00002""","=""333.784693""","=""0.000012""","=""66""","=""5.39e+06""",B+,"=""9975.9994""","=""39926.8192""","=""3d3""","=""a 2P""","=""3/2""","=""3d2.(1D).4p""","=""y 2F*""","=""5/2""",4,6,,"=""T7385""","=""u37""",
Ti,3,"=""334.0202""","=""""","=""334.0208+""","=""""","=""7""","=""3.7e+08""",D,"=""129093.28""","=""159022.93""","=""3p6.3d.4d""","=""3G""","=""3""","=""3p6.3d.4f""","=""3H*""","=""4""",7,9,,"=""T1216""","=""L3593""",
Ti,2,"=""334.03411""","=""0.00002""","=""334.034099""","=""0.000012""","=""1810""","=""4.28e+07""",B+,"=""907.9672""","=""30836.4250""","=""3d3""","=""b 4F""","=""3/2""","=""3d2.(3F).4p""","=""z 4F*""","=""3/2""",4,4,,"=""T7385""","=""u37""",
Ti,1,"=""334.18740""","=""0.00013""","=""334.18731""","=""0.00003""","=""15+bl""","=""6.5e+07""",C,"=""0.000""","=""29914.737""","=""3d2.4s2""","=""a 3F""","=""2""","=""3d2.(1G).4s.4p.(3P*)""","=""x 3G*""","=""3""",5,7,,"=""T3499n""","=""L10989""",
Ti,2,"=""334.18741""","=""0.00002""","=""334.187471""","=""0.000021""","=""6200bl""","=""1.68e+08""",B+,"=""4628.6571""","=""34543.3799""","=""3d2.(3F).4s""","=""a 2F""","=""5/2""","=""3d2.(3F).4p""","=""z 2G*""","=""7/2""",6,8,,"=""T7385""","=""u37""",
Ti,2,"=""334.37615""","=""0.00002""","=""334.376148""","=""0.000010""","=""475""","=""5.29e+06""",B+,"=""1215.8329""","=""31113.6764""","=""3d3""","=""b 4F""","=""9/2""","=""3d2.(3F).4p""","=""z 4F*""","=""7/2""",10,8,,"=""T7385""","=""u37""",
Ti,3,"=""334.6182""","=""""","=""334.6184+""","=""""","=""9""","=""3.7e+08""",D,"=""129252.74""","=""159128.94""","=""3p6.3d.4d""","=""3G""","=""4""","=""3p6.3d.4f""","=""3H*""","=""5""",9,11,,"=""T1216""","=""L3593""",
Ti,2,"=""334.67409""","=""0.00002""","=""334.674084""","=""0.000009""","=""580""","=""8.58e+06""",B+,"=""1087.3561""","=""30958.5846""","=""3d3""","=""b 4F""","=""7/2""","=""3d2.(3F).4p""","=""z 4F*""","=""5/2""",8,6,,"=""T7385""","=""u37""",
Ti,2,"=""334.69149""","=""0.00006""","=""334.691516""","=""0.000016""","=""20""","=""1.76e+06""",B,"=""9363.7425""","=""39233.4153""","=""3d3""","=""a 4P""","=""1/2""","=""3d2.(1D).4p""","=""z 2P*""","=""3/2""",2,4,,"=""T7385""","=""u37""",
Ti,1,"=""334.85316""","=""0.00013""","=""334.85315""","=""0.00004""","=""10""","=""9.1e+05""",C,"=""0.000""","=""29855.255""","=""3d2.4s2""","=""a 3F""","=""2""","=""3d3.(4F).4p""","=""x 5D*""","=""1""",5,3,,"=""T3499n""","=""L10989""",
Ti,2,"=""334.88395""","=""0.00002""","=""334.883951""","=""0.000010""","=""440""","=""1.04e+07""",B+,"=""983.9157""","=""30836.4250""","=""3d3""","=""b 4F""","=""5/2""","=""3d2.(3F).4p""","=""z 4F*""","=""3/2""",6,4,,"=""T7385""","=""u37""",
Ti,2,"=""334.90327""","=""0.00002""","=""334.903258""","=""0.000011""","=""8200""","=""1.61e+08""",B+,"=""4897.7179""","=""34748.5062""","=""3d2.(3F).4s""","=""a 2F""","=""7/2""","=""3d2.(3F).4p""","=""z 2G*""","=""9/2""",8,10,,"=""T7385""","=""u37""",
Ti,2,"=""334.94023""","=""0.00002""","=""334.940227""","=""0.000013""","=""8600""","=""1.68e+08""",C+',"=""393.4459""","=""30240.9396""","=""3d2.(3F).4s""","=""a 4F""","=""9/2""","=""3d2.(3F).4p""","=""z 4G*""","=""11/2""",10,12,,"=""T7385""","=""u37""",
Ti,2,"=""335.05111""","=""0.00007""","=""335.051142""","=""0.000019""","=""18""","=""5.37e+06""",B,"=""9395.8020""","=""39233.4153""","=""3d3""","=""a 4P""","=""3/2""","=""3d2.(1D).4p""","=""z 2P*""","=""3/2""",4,4,,"=""T7385""","=""u37""",
Ti,2,"=""335.20693""","=""0.00002""","=""335.206925""","=""0.000015""","=""82""","=""1.52e+07""",B+,"=""9851.0145""","=""39674.7616""","=""3d3""","=""a 2P""","=""1/2""","=""3d2.(1D).4p""","=""z 2P*""","=""1/2""",2,2,,"=""T7385""","=""u37""",
Ti,1,"=""335.29337""","=""0.00013""","=""335.29328""","=""0.00004""","=""12""","=""9.7e+05""",C,"=""170.1328""","=""29986.199""","=""3d2.4s2""","=""a 3F""","=""3""","=""3d3.(4F).4p""","=""x 5D*""","=""3""",7,7,,"=""T3499n""","=""L10989""",
Ti,1,"=""335.46336""","=""0.00014""","=""335.46332""","=""0.00005""","=""15+""","=""6.9e+07""",C,"=""170.1328""","=""29971.086""","=""3d2.4s2""","=""a 3F""","=""3""","=""3d2.(1G).4s.4p.(3P*)""","=""x 3G*""","=""4""",7,9,,"=""T3499n,T2664""","=""L10989""",
Ti,3,"=""335.471""","=""""","=""335.4723+""","=""""","=""12bl""","=""4.4e+08""",D,"=""129469.37""","=""159269.53""","=""3p6.3d.4d""","=""3G""","=""5""","=""3p6.3d.4f""","=""3H*""","=""6""",11,13,,"=""T1216""","=""L3593""",
Ti,3,"=""335.8101""","=""""","=""335.8100+""","=""""","=""3""","=""4.0e+07""",D,"=""129252.74""","=""159022.93""","=""3p6.3d.4d""","=""3G""","=""4""","=""3p6.3d.4f""","=""3H*""","=""4""",9,9,,"=""T1216""","=""L3593""",
Ti,1,"=""335.82711""","=""0.00014""","=""335.82708""","=""0.00003""","=""15+""","=""7.6e+06""",C,"=""0.000""","=""29768.675""","=""3d2.4s2""","=""a 3F""","=""2""","=""3d2.(3F).4s.4p.(1P*)""","=""w 3D*""","=""2""",5,5,,"=""T3499n""","=""L10989""",
Ti,2,"=""336.1066""","=""0.0003""","=""336.105852""","=""0.000013""","=""""","=""1.00e+07""",B+,"=""9930.7766""","=""39674.7616""","=""3d2.(3P).4s""","=""b 4P""","=""3/2""","=""3d2.(1D).4p""","=""z 2P*""","=""1/2""",4,2,,"=""T7385""","=""L17999""",
Ti,2,"=""336.12121""","=""0.00002""","=""336.121204""","=""0.000010""","=""8000""","=""1.58e+08""",C,"=""225.7039""","=""29968.3304""","=""3d2.(3F).4s""","=""a 4F""","=""7/2""","=""3d2.(3F).4p""","=""z 4G*""","=""9/2""",8,10,,"=""T7385""","=""u37""",
Ti,2,"=""336.26429""","=""0.00006""","=""336.26435""","=""0.00003""","=""19""","=""1.99e+06""",B',"=""9872.899""","=""39602.8645""","=""3d2.(3P).4s""","=""b 4P""","=""1/2""","=""3d2.(1D).4p""","=""y 2D*""","=""3/2""",2,4,,"=""T7385""","=""u37""",
Ti,3,"=""""","=""""","=""336.315""","=""""","=""""","=""6.2e-02""",E,"=""8473.5""","=""38198.95""","=""3p6.3d2""","=""1D""","=""2""","=""3p6.3d.4s""","=""3D""","=""2""",5,5,E2,"=""T1610""","=""""",
Ti,2,"=""336.61766""","=""0.00002""","=""336.617662""","=""0.000013""","=""140""","=""2.99e+07""",B+,"=""9975.9994""","=""39674.7616""","=""3d3""","=""a 2P""","=""3/2""","=""3d2.(1D).4p""","=""z 2P*""","=""1/2""",4,2,,"=""T7385""","=""u37""",
Ti,2,"=""336.92028""","=""0.00002""","=""336.920281""","=""0.000012""","=""57""","=""4.75e+06""",B+,"=""9930.7766""","=""39602.8645""","=""3d2.(3P).4s""","=""b 4P""","=""3/2""","=""3d2.(1D).4p""","=""y 2D*""","=""3/2""",4,4,,"=""T7385""","=""u37""",
Ti,1,"=""337.04344""","=""0.00014""","=""337.04339""","=""0.00005""","=""15+""","=""7.6e+07""",C,"=""0.000""","=""29661.250""","=""3d2.4s2""","=""a 3F""","=""2""","=""3d2.(3F).4s.4p.(1P*)""","=""w 3D*""","=""1""",5,3,,"=""T3499n""","=""L10989""",
Ti,3,"=""337.0625""","=""""","=""337.0625+""","=""""","=""7""","=""3.6e+07""",D,"=""129469.37""","=""159128.94""","=""3p6.3d.4d""","=""3G""","=""5""","=""3p6.3d.4f""","=""3H*""","=""5""",11,11,,"=""T1216""","=""L3593""",
Ti,1,"=""337.14523""","=""0.00014""","=""337.14517""","=""0.00005""","=""15+""","=""7.2e+07""",C,"=""386.874""","=""30039.170""","=""3d2.4s2""","=""a 3F""","=""4""","=""3d2.(1G).4s.4p.(3P*)""","=""x 3G*""","=""5""",9,11,,"=""T3499n,T2664""","=""L10989""",
Ti,3,"=""337.1623""","=""""","=""337.1621+""","=""""","=""9""","=""4.8e+07""",D,"=""129252.74""","=""158903.55""","=""3p6.3d.4d""","=""3G""","=""4""","=""3p6.3d.4f""","=""3G*""","=""5""",9,11,,"=""T1216""","=""L3593""",
Ti,2,"=""337.22062""","=""0.00002""","=""337.220619""","=""0.000012""","=""448""","=""6.13e+06""",B+,"=""4897.7179""","=""34543.3799""","=""3d2.(3F).4s""","=""a 2F""","=""7/2""","=""3d2.(3F).4p""","=""z 2G*""","=""7/2""",8,8,,"=""T7385""","=""u37""",
Ti,2,"=""337.27927""","=""0.00002""","=""337.279276""","=""0.000016""","=""7600""","=""1.41e+08""",B+,"=""94.1142""","=""29734.6206""","=""3d2.(3F).4s""","=""a 4F""","=""5/2""","=""3d2.(3F).4p""","=""z 4G*""","=""7/2""",6,8,,"=""T7385""","=""u37""",
Ti,2,"=""337.43458""","=""0.00002""","=""337.434577""","=""0.000012""","=""142""","=""1.23e+07""",B+,"=""9975.9994""","=""39602.8645""","=""3d3""","=""a 2P""","=""3/2""","=""3d2.(1D).4p""","=""y 2D*""","=""3/2""",4,4,,"=""T7385""","=""u37""",
Ti,1,"=""337.75752""","=""0.00014""","=""337.75748""","=""0.00005""","=""15+""","=""6.9e+07""",C,"=""170.1328""","=""29768.675""","=""3d2.4s2""","=""a 3F""","=""3""","=""3d2.(3F).4s.4p.(1P*)""","=""w 3D*""","=""2""",7,5,,"=""T3499n""","=""L10989""",
Ti,3,"=""337.7896""","=""""","=""337.7903+""","=""""","=""2""","=""7.5e+06""",D,"=""128689.67""","=""158285.34""","=""3p6.3d.4d""","=""3D""","=""3""","=""3p6.3d.4f""","=""1G*""","=""4""",7,9,,"=""T1216""","=""L3593""",
Ti,3,"=""""","=""""","=""337.845""","=""""","=""""","=""2.3e-02""",E,"=""8473.5""","=""38064.35""","=""3p6.3d2""","=""1D""","=""2""","=""3p6.3d.4s""","=""3D""","=""1""",5,3,E2,"=""T1610""","=""""",
Ti,1,"=""337.92111""","=""0.00014""","=""337.92109""","=""0.00005""","=""15+""","=""6.2e+06""",C,"=""386.874""","=""29971.086""","=""3d2.4s2""","=""a 3F""","=""4""","=""3d2.(1G).4s.4p.(3P*)""","=""x 3G*""","=""4""",9,9,,"=""T3499n""","=""L10989""",
Ti,2,"=""337.99132""","=""0.00003""","=""337.991335""","=""0.000012""","=""35""","=""2.12e+06""",B+,"=""10024.8009""","=""39602.8645""","=""3d2.(3P).4s""","=""b 4P""","=""5/2""","=""3d2.(1D).4p""","=""y 2D*""","=""3/2""",6,4,,"=""T7385""","=""u37""",
Ti,2,"=""338.02766""","=""0.00002""","=""338.027668""","=""0.000012""","=""3390""","=""1.37e+07""",C+,"=""393.4459""","=""29968.3304""","=""3d2.(3F).4s""","=""a 4F""","=""9/2""","=""3d2.(3F).4p""","=""z 4G*""","=""9/2""",10,10,,"=""T7385""","=""u37""",
Ti,2,"=""338.375844""","=""0.000011""","=""338.375844""","=""0.000007""","=""7100""","=""1.39e+08""",B+,"=""0.0000""","=""29544.4540""","=""3d2.(3F).4s""","=""a 4F""","=""3/2""","=""3d2.(3F).4p""","=""z 4G*""","=""5/2""",4,6,,"=""T7385""","=""L14800""",
Ti,1,"=""338.56606""","=""0.00014""","=""338.56598""","=""0.00005""","=""""","=""5.2e+06""",C,"=""386.874""","=""29914.737""","=""3d2.4s2""","=""a 3F""","=""4""","=""3d2.(1G).4s.4p.(3P*)""","=""x 3G*""","=""3""",9,7,,"=""T3499n""","=""L10989""",
Ti,1,"=""338.59414""","=""0.00014""","=""338.59408""","=""0.00005""","=""15+""","=""5.0e+07""",C,"=""386.874""","=""29912.286""","=""3d2.4s2""","=""a 3F""","=""4""","=""3d2.(3F).4s.4p.(1P*)""","=""w 3D*""","=""3""",9,7,,"=""T3499n""","=""L10989""",
Ti,2,"=""338.78334""","=""0.00002""","=""338.783360""","=""0.000011""","=""3990""","=""2.81e+07""",B+,"=""225.7039""","=""29734.6206""","=""3d2.(3F).4s""","=""a 4F""","=""7/2""","=""3d2.(3F).4p""","=""z 4G*""","=""7/2""",8,8,,"=""T7385""","=""u37""",
Ti,2,"=""338.87514""","=""0.00002""","=""338.875138""","=""0.000012""","=""182""","=""7.71e+06""",B+,"=""9975.9994""","=""39476.9244""","=""3d3""","=""a 2P""","=""3/2""","=""3d2.(1D).4p""","=""y 2D*""","=""5/2""",4,6,,"=""T7385""","=""u37""",
Ti,2,"=""339.45721""","=""0.00002""","=""339.457223""","=""0.000015""","=""3060""","=""2.69e+07""",B+,"=""94.1142""","=""29544.4540""","=""3d2.(3F).4s""","=""a 4F""","=""5/2""","=""3d2.(3F).4p""","=""z 4G*""","=""5/2""",6,6,,"=""T7385""","=""u37""",
Ti,3,"=""339.6432""","=""""","=""339.6436+""","=""""","=""5""","=""4.7e+07""",D,"=""129469.37""","=""158903.55""","=""3p6.3d.4d""","=""3G""","=""5""","=""3p6.3d.4f""","=""3G*""","=""5""",11,11,,"=""T1216""","=""L3593""",
Ti,3,"=""339.7235""","=""""","=""339.7237+""","=""""","=""5""","=""1.8e+08""",D,"=""130739.82""","=""160167.06""","=""3p6.3d.4d""","=""3S""","=""1""","=""3p6.3d.4f""","=""3P*""","=""0""",3,1,,"=""T1216""","=""L3593""",
Ti,2,"=""340.24215""","=""0.00002""","=""340.242153""","=""0.000014""","=""205""","=""1.32e+07""",B+,"=""9851.0145""","=""39233.4153""","=""3d3""","=""a 2P""","=""1/2""","=""3d2.(1D).4p""","=""z 2P*""","=""3/2""",2,4,,"=""T7385""","=""u37""",
Ti,3,"=""340.4462""","=""""","=""340.4462+""","=""""","=""7""","=""1.8e+08""",D,"=""130739.82""","=""160104.61""","=""3p6.3d.4d""","=""3S""","=""1""","=""3p6.3d.4f""","=""3P*""","=""1""",3,3,,"=""T1216""","=""L3593""",
Ti,2,"=""340.49598""","=""0.00016""","=""340.49577""","=""0.00003""","=""7""","=""3.77e+05""",D,"=""9872.899""","=""39233.4153""","=""3d2.(3P).4s""","=""b 4P""","=""1/2""","=""3d2.(1D).4p""","=""z 2P*""","=""3/2""",2,4,,"=""T7385""","=""u37""",
Ti,2,"=""340.72022""","=""0.00002""","=""340.720228""","=""0.000012""","=""138""","=""7.15e+05""",B+,"=""393.4459""","=""29734.6206""","=""3d2.(3F).4s""","=""a 4F""","=""9/2""","=""3d2.(3F).4p""","=""z 4G*""","=""7/2""",10,8,,"=""T7385""","=""u37""",
Ti,2,"=""340.98084""","=""0.00002""","=""340.980838""","=""0.000010""","=""162""","=""9.96e+05""",B+,"=""225.7039""","=""29544.4540""","=""3d2.(3F).4s""","=""a 4F""","=""7/2""","=""3d2.(3F).4p""","=""z 4G*""","=""5/2""",8,6,,"=""T7385""","=""u37""",
Ti,2,"=""341.1672""","=""0.0003""","=""341.168324""","=""0.000012""","=""""","=""1.44e+06""",B',"=""9930.7766""","=""39233.4153""","=""3d2.(3P).4s""","=""b 4P""","=""3/2""","=""3d2.(1D).4p""","=""z 2P*""","=""3/2""",4,4,,"=""T7385""","=""L17999""",
Ti,2,"=""341.69567""","=""0.00002""","=""341.695680""","=""0.000012""","=""57bl""","=""4.31e+06""",B+,"=""9975.9994""","=""39233.4153""","=""3d3""","=""a 2P""","=""3/2""","=""3d2.(1D).4p""","=""z 2P*""","=""3/2""",4,4,,"=""T7385""","=""u37""",
Ti,3,"=""341.7621""","=""""","=""341.7622+""","=""""","=""9""","=""1.9e+08""",D,"=""130739.82""","=""159991.54""","=""3p6.3d.4d""","=""3S""","=""1""","=""3p6.3d.4f""","=""3P*""","=""2""",3,5,,"=""T1216""","=""L3593""",
Ti,2,"=""344.33708""","=""0.00002""","=""344.337063""","=""0.000020""","=""64""","=""9.63e+06""",B+,"=""16515.9359""","=""45548.9273""","=""3d2.(3P).4s""","=""b 2P""","=""1/2""","=""3d2.(3P).4p""","=""y 2P*""","=""3/2""",2,4,,"=""T7385""","=""u37""",
Ti,2,"=""344.43059""","=""0.00002""","=""344.430605""","=""0.000013""","=""2260""","=""1.06e+07""",C+,"=""1215.8329""","=""30240.9396""","=""3d3""","=""b 4F""","=""9/2""","=""3d2.(3F).4p""","=""z 4G*""","=""11/2""",10,12,,"=""T7385""","=""u37""",
Ti,2,"=""345.24649""","=""0.00002""","=""345.246500""","=""0.000020""","=""267""","=""7.88e+07""",B+,"=""16515.9359""","=""45472.4518""","=""3d2.(3P).4s""","=""b 2P""","=""1/2""","=""3d2.(3P).4p""","=""y 2P*""","=""1/2""",2,2,,"=""T7385""","=""u37""",
Ti,2,"=""345.63842""","=""0.00002""","=""345.638418""","=""0.000016""","=""790""","=""1.11e+08""",B+,"=""16625.2441""","=""45548.9273""","=""3d2.(3P).4s""","=""b 2P""","=""3/2""","=""3d2.(3P).4p""","=""y 2P*""","=""3/2""",4,4,,"=""T7385""","=""u37""",
Ti,2,"=""346.14955""","=""0.00002""","=""346.149560""","=""0.000011""","=""1840""","=""6.28e+06""",C+,"=""1087.3561""","=""29968.3304""","=""3d3""","=""b 4F""","=""7/2""","=""3d2.(3F).4p""","=""z 4G*""","=""9/2""",8,10,,"=""T7385""","=""u37""",
Ti,2,"=""346.55475""","=""0.00002""","=""346.554752""","=""0.000016""","=""137""","=""3.91e+07""",B+,"=""16625.2441""","=""45472.4518""","=""3d2.(3P).4s""","=""b 2P""","=""3/2""","=""3d2.(3P).4p""","=""y 2P*""","=""1/2""",4,2,,"=""T7385""","=""u37""",
Ti,2,"=""347.69634""","=""0.00002""","=""347.696331""","=""0.000012""","=""79""","=""2.48e+05""",C+,"=""1215.8329""","=""29968.3304""","=""3d3""","=""b 4F""","=""9/2""","=""3d2.(3F).4p""","=""z 4G*""","=""9/2""",10,10,,"=""T7385""","=""u37""",
Ti,2,"=""347.71801""","=""0.00002""","=""347.718010""","=""0.000011""","=""1440""","=""7.59e+06""",B+,"=""983.9157""","=""29734.6206""","=""3d3""","=""b 4F""","=""5/2""","=""3d2.(3F).4p""","=""z 4G*""","=""7/2""",6,8,,"=""T7385""","=""u37""",
Ti,2,"=""348.36246""","=""0.00002""","=""348.362450""","=""0.000014""","=""710""","=""9.7e+07""",D,"=""34748.5062""","=""63446.0264""","=""3d2.(3F).4p""","=""z 2G*""","=""9/2""","=""3d2.(3F).5s""","=""e 2F""","=""7/2""",10,8,,"=""T2805""","=""u37""",
Ti,2,"=""348.97360""","=""0.00002""","=""348.973598""","=""0.000011""","=""134""","=""7.18e+05""",B+,"=""1087.3561""","=""29734.6206""","=""3d3""","=""b 4F""","=""7/2""","=""3d2.(3F).4p""","=""z 4G*""","=""7/2""",8,8,,"=""T7385""","=""u37""",
Ti,2,"=""349.10495""","=""0.00002""","=""349.104943""","=""0.000012""","=""1070""","=""6.41e+06""",B+,"=""907.9672""","=""29544.4540""","=""3d3""","=""b 4F""","=""3/2""","=""3d2.(3F).4p""","=""z 4G*""","=""5/2""",4,6,,"=""T7385""","=""u37""",
Ti,2,"=""349.23637""","=""0.00002""","=""349.236362""","=""0.000016""","=""550""","=""9.8e+07""",D,"=""34543.3799""","=""63169.0910""","=""3d2.(3F).4p""","=""z 2G*""","=""7/2""","=""3d2.(3F).5s""","=""e 2F""","=""5/2""",8,6,,"=""T2805""","=""u37""",
Ti,1,"=""349.32758""","=""0.00015""","=""349.32745""","=""0.00005""","=""11""","=""3.6e+05""",C,"=""170.1328""","=""28788.380""","=""3d2.4s2""","=""a 3F""","=""3""","=""3d3.(4F).4p""","=""y 5F*""","=""4""",7,9,,"=""T3499n""","=""L10989""",
Ti,2,"=""350.03332""","=""0.00002""","=""350.033314""","=""0.000010""","=""122""","=""7.24e+05""",B+,"=""983.9157""","=""29544.4540""","=""3d3""","=""b 4F""","=""5/2""","=""3d2.(3F).4p""","=""z 4G*""","=""5/2""",6,6,,"=""T7385""","=""u37""",
Ti,2,"=""350.48909""","=""0.00002""","=""350.489073""","=""0.000015""","=""1800""","=""1.35e+08""",B+,"=""15257.5527""","=""43780.9533""","=""3d2.(1G).4s""","=""b 2G""","=""9/2""","=""3d2.(1G).4p""","=""y 2G*""","=""9/2""",10,10,,"=""T7385""","=""u37""",
Ti,2,"=""350.58928""","=""0.00016""","=""350.589218""","=""0.000016""","=""8""","=""8.99e+05""",C+',"=""15265.7001""","=""43780.9533""","=""3d2.(1G).4s""","=""b 2G""","=""7/2""","=""3d2.(1G).4p""","=""y 2G*""","=""9/2""",8,10,,"=""T7385""","=""u37""",
Ti,1,"=""350.66393""","=""0.00015""","=""350.66384""","=""0.00006""","=""13""","=""6.8e+05""",C,"=""386.874""","=""28896.059""","=""3d2.4s2""","=""a 3F""","=""4""","=""3d3.(4F).4p""","=""y 5F*""","=""5""",9,11,,"=""T3499n""","=""L10989""",
Ti,2,"=""350.98356""","=""0.00002""","=""350.983574""","=""0.000023""","=""51""","=""5.86e+06""",B,"=""15257.5527""","=""43740.7678""","=""3d2.(1G).4s""","=""b 2G""","=""9/2""","=""3d2.(1G).4p""","=""y 2G*""","=""7/2""",10,8,,"=""T7385""","=""u37""",
Ti,2,"=""351.08399""","=""0.00002""","=""351.084002""","=""0.000025""","=""1410""","=""1.33e+08""",B+,"=""15265.7001""","=""43740.7678""","=""3d2.(1G).4s""","=""b 2G""","=""7/2""","=""3d2.(1G).4p""","=""y 2G*""","=""7/2""",8,8,,"=""T7385""","=""u37""",
Ti,1,"=""351.16250""","=""0.00015""","=""351.16243""","=""0.00005""","=""11""","=""4.2e+05""",C,"=""170.1328""","=""28638.841""","=""3d2.4s2""","=""a 3F""","=""3""","=""3d3.(4F).4p""","=""y 5F*""","=""2""",7,5,,"=""T3499n""","=""L10989""",
Ti,2,"=""352.02519""","=""0.00002""","=""352.025196""","=""0.000021""","=""570""","=""9.31e+07""",B+,"=""16515.9359""","=""44914.8733""","=""3d2.(3P).4s""","=""b 2P""","=""1/2""","=""3d2.(3P).4p""","=""x 2D*""","=""3/2""",2,4,,"=""T7385""","=""u37""",
Ti,2,"=""353.38545""","=""0.00004""","=""353.385424""","=""0.000016""","=""39""","=""6.86e+06""",B+,"=""16625.2441""","=""44914.8733""","=""3d2.(3P).4s""","=""b 2P""","=""3/2""","=""3d2.(3P).4p""","=""x 2D*""","=""3/2""",4,4,,"=""T7385""","=""u37""",
Ti,2,"=""353.54075""","=""0.00003""","=""353.540741""","=""0.000015""","=""950""","=""9.61e+07""",B+,"=""16625.2441""","=""44902.4455""","=""3d2.(3P).4s""","=""b 2P""","=""3/2""","=""3d2.(3P).4p""","=""x 2D*""","=""5/2""",4,6,,"=""T7385""","=""u37""",
Ti,2,"=""356.15753""","=""0.00003""","=""356.157551""","=""0.000023""","=""57""","=""1.00e+06""",B+,"=""4628.6571""","=""32698.1022""","=""3d2.(3F).4s""","=""a 2F""","=""5/2""","=""3d2.(3F).4p""","=""z 4D*""","=""5/2""",6,6,,"=""T7385""","=""u37""",
Ti,2,"=""356.18933""","=""0.00004""","=""356.189354""","=""0.000018""","=""31""","=""1.3e+06""",E,"=""9363.7425""","=""37430.6814""","=""3d3""","=""a 4P""","=""1/2""","=""3d2.(3P).4p""","=""z 2S*""","=""1/2""",2,2,,"=""T2403""","=""u37""",
Ti,2,"=""356.52939""","=""0.00003""","=""356.529359""","=""0.000014""","=""44""","=""1.64e+06""",B+,"=""12758.2597""","=""40798.4333""","=""3d3""","=""b 2D2""","=""5/2""","=""3d2.(3P).4p""","=""y 4D*""","=""7/2""",6,8,,"=""T7385""","=""u37""",
Ti,2,"=""356.59671""","=""0.00003""","=""356.596689""","=""0.000022""","=""95""","=""3.9e+06""",D,"=""9395.8020""","=""37430.6814""","=""3d3""","=""a 4P""","=""3/2""","=""3d2.(3P).4p""","=""z 2S*""","=""1/2""",4,2,,"=""T2403""","=""u37""",
Ti,2,"=""357.37315""","=""0.00003""","=""357.373157""","=""0.000023""","=""194""","=""4.21e+06""",B+,"=""4628.6571""","=""32602.6265""","=""3d2.(3F).4s""","=""a 2F""","=""5/2""","=""3d2.(3F).4p""","=""z 4D*""","=""3/2""",6,4,,"=""T7385""","=""u37""",
Ti,2,"=""358.71311""","=""0.00003""","=""358.713096""","=""0.000016""","=""164""","=""1.67e+06""",B+,"=""4897.7179""","=""32767.1961""","=""3d2.(3F).4s""","=""a 2F""","=""7/2""","=""3d2.(3F).4p""","=""z 4D*""","=""7/2""",8,8,,"=""T7385""","=""u37""",
Ti,2,"=""359.30756""","=""0.00005""","=""359.307558""","=""0.000013""","=""24""","=""1.16e+06""",B,"=""12758.2597""","=""40581.6301""","=""3d3""","=""b 2D2""","=""5/2""","=""3d2.(3P).4p""","=""y 4D*""","=""5/2""",6,6,,"=""T7385""","=""u37""",
Ti,3,"=""""","=""""","=""359.320""","=""""","=""""","=""1.4e+00""",E,"=""10603.6""","=""38425.99""","=""3p6.3d2""","=""3P""","=""1""","=""3p6.3d.4s""","=""3D""","=""3""",3,7,E2,"=""T1610""","=""""",
Ti,2,"=""359.60467""","=""0.00003""","=""359.604651""","=""0.000011""","=""550""","=""8.00e+06""",B+,"=""4897.7179""","=""32698.1022""","=""3d2.(3F).4s""","=""a 2F""","=""7/2""","=""3d2.(3F).4p""","=""z 4D*""","=""5/2""",8,6,,"=""T7385""","=""u37""",
Ti,2,"=""359.65001""","=""0.00018""","=""359.650080""","=""0.000018""","=""7""","=""5.11e+05""",C+,"=""12628.8455""","=""40425.7183""","=""3d3""","=""b 2D2""","=""3/2""","=""3d2.(3P).4p""","=""y 4D*""","=""3/2""",4,4,,"=""T7385""","=""u37""",
Ti,3,"=""""","=""""","=""360.845""","=""""","=""""","=""2.7e+00""",E,"=""10721.2""","=""38425.99""","=""3p6.3d2""","=""3P""","=""2""","=""3p6.3d.4s""","=""3D""","=""3""",5,7,E2,"=""T1610""","=""""",
Ti,3,"=""""","=""""","=""361.423""","=""""","=""""","=""1.3e+00""",E,"=""10538.4""","=""38198.95""","=""3p6.3d2""","=""3P""","=""0""","=""3p6.3d.4s""","=""3D""","=""2""",1,5,E2,"=""T1610""","=""""",
Ti,3,"=""""","=""""","=""362.277""","=""""","=""""","=""3.3e-01""",E,"=""10603.6""","=""38198.95""","=""3p6.3d2""","=""3P""","=""1""","=""3p6.3d.4s""","=""3D""","=""2""",3,5,E2,"=""T1610""","=""""",
Ti,2,"=""362.48261""","=""0.00003""","=""362.482610""","=""0.000016""","=""720""","=""2.9e+07""",D,"=""9851.0145""","=""37430.6814""","=""3d3""","=""a 2P""","=""1/2""","=""3d2.(3P).4p""","=""z 2S*""","=""1/2""",2,2,,"=""T2403""","=""u37""",
Ti,1,"=""363.54625""","=""0.00016""","=""363.54620""","=""0.00005""","=""15+""","=""9.09e+07""",A,"=""0.000""","=""27498.982""","=""3d2.4s2""","=""a 3F""","=""2""","=""3d2.(3F).4s.4p.(1P*)""","=""y 3G*""","=""3""",5,7,,"=""T7574""","=""L10989""",
Ti,1,"=""363.79650""","=""0.00016""","=""363.79646""","=""0.00004""","=""15+""","=""9.3e+05""",C,"=""0.000""","=""27480.066""","=""3d2.4s2""","=""a 3F""","=""2""","=""3d2.(1D).4s.4p.(3P*)""","=""x 3D*""","=""3""",5,7,,"=""T3499n""","=""L10989""",
Ti,3,"=""""","=""""","=""363.827""","=""""","=""""","=""2.2e+00""",E,"=""10721.2""","=""38198.95""","=""3p6.3d2""","=""3P""","=""2""","=""3p6.3d.4s""","=""3D""","=""2""",5,5,E2,"=""T1610""","=""""",
Ti,3,"=""""","=""""","=""364.052""","=""""","=""""","=""2.9e+00""",E,"=""10603.6""","=""38064.35""","=""3p6.3d2""","=""3P""","=""1""","=""3p6.3d.4s""","=""3D""","=""1""",3,3,E2,"=""T1610""","=""""",
Ti,2,"=""364.13282""","=""0.00003""","=""364.132823""","=""0.000013""","=""1160""","=""4.9e+07""",D,"=""9975.9994""","=""37430.6814""","=""3d3""","=""a 2P""","=""3/2""","=""3d2.(3P).4p""","=""z 2S*""","=""1/2""",4,2,,"=""T2403""","=""u37""",
Ti,1,"=""364.26739""","=""0.00016""","=""364.26731""","=""0.00005""","=""15+""","=""8.95e+07""",A,"=""170.1328""","=""27614.679""","=""3d2.4s2""","=""a 3F""","=""3""","=""3d2.(3F).4s.4p.(1P*)""","=""y 3G*""","=""4""",7,9,,"=""T7574""","=""L10989""",
Ti,1,"=""364.61960""","=""0.00016""","=""364.61962""","=""0.00004""","=""15+""","=""2.6e+06""",C,"=""0.000""","=""27418.029""","=""3d2.4s2""","=""a 3F""","=""2""","=""3d2.(1D).4s.4p.(3P*)""","=""x 3D*""","=""2""",5,5,,"=""T3499n""","=""L10989""",
Ti,2,"=""364.8812""","=""0.0004""","=""364.881452""","=""0.000016""","=""0""","=""7.29e+05""",C',"=""12628.8455""","=""40027.2001""","=""3d3""","=""b 2D2""","=""3/2""","=""3d2.(3P).4p""","=""z 4S*""","=""3/2""",4,4,,"=""T7385""","=""L17999""",
Ti,1,"=""365.34949""","=""0.00016""","=""365.34943""","=""0.00005""","=""15+""","=""8.69e+07""",A,"=""386.874""","=""27750.135""","=""3d2.4s2""","=""a 3F""","=""4""","=""3d2.(3F).4s.4p.(1P*)""","=""y 3G*""","=""5""",9,11,,"=""T7574""","=""L10989""",
Ti,1,"=""365.45899""","=""0.00016""","=""365.45895""","=""0.00005""","=""15+""","=""8.7e+06""",C,"=""0.000""","=""27355.061""","=""3d2.4s2""","=""a 3F""","=""2""","=""3d2.(1D).4s.4p.(3P*)""","=""x 3D*""","=""1""",5,3,,"=""T3499n""","=""L10989""",
Ti,3,"=""""","=""""","=""365.618""","=""""","=""""","=""9.4e-01""",E,"=""10721.2""","=""38064.35""","=""3p6.3d2""","=""3P""","=""2""","=""3p6.3d.4s""","=""3D""","=""1""",5,3,E2,"=""T1610""","=""""",
Ti,1,"=""365.80952""","=""0.00016""","=""365.80948""","=""0.00005""","=""15+""","=""6.42e+06""",A,"=""170.1328""","=""27498.982""","=""3d2.4s2""","=""a 3F""","=""3""","=""3d2.(3F).4s.4p.(1P*)""","=""y 3G*""","=""3""",7,7,,"=""T7574""","=""L10989""",
Ti,2,"=""365.97605""","=""0.00003""","=""365.976050""","=""0.000014""","=""408""","=""1.84e+07""",B+,"=""12758.2597""","=""40074.6707""","=""3d3""","=""b 2D2""","=""5/2""","=""3d2.(1D).4p""","=""y 2F*""","=""7/2""",6,8,,"=""T7385""","=""u37""",
Ti,1,"=""366.06292""","=""0.00016""","=""366.06286""","=""0.00005""","=""15+""","=""3.0e+06""",C,"=""170.1328""","=""27480.066""","=""3d2.4s2""","=""a 3F""","=""3""","=""3d2.(1D).4s.4p.(3P*)""","=""x 3D*""","=""3""",7,7,,"=""T3499n""","=""L10989""",
Ti,3,"=""""","=""""","=""366.107""","=""""","=""""","=""1.1e+01""",E,"=""14397.6""","=""41704.27""","=""3p6.3d2""","=""1G""","=""4""","=""3p6.3d.4s""","=""1D""","=""2""",9,5,E2,"=""T1610""","=""""",
Ti,2,"=""366.22325""","=""0.00003""","=""366.223240""","=""0.000016""","=""403""","=""2.45e+07""",B+,"=""12628.8455""","=""39926.8192""","=""3d3""","=""b 2D2""","=""3/2""","=""3d2.(1D).4p""","=""y 2F*""","=""5/2""",4,6,,"=""T7385""","=""u37""",
Ti,1,"=""366.89634""","=""0.00016""","=""366.89632""","=""0.00005""","=""15+""","=""5.4e+06""",C,"=""170.1328""","=""27418.029""","=""3d2.4s2""","=""a 3F""","=""3""","=""3d2.(1D).4s.4p.(3P*)""","=""x 3D*""","=""2""",7,5,,"=""T3499n""","=""L10989""",
Ti,1,"=""367.16711""","=""0.00016""","=""367.16706""","=""0.00005""","=""15+""","=""5.06e+06""",A,"=""386.874""","=""27614.679""","=""3d2.4s2""","=""a 3F""","=""4""","=""3d2.(3F).4s.4p.(1P*)""","=""y 3G*""","=""4""",9,9,,"=""T7574""","=""L10989""",
Ti,2,"=""367.96777""","=""0.00004""","=""367.967747""","=""0.000015""","=""40""","=""2.89e+06""",B+,"=""12758.2597""","=""39926.8192""","=""3d3""","=""b 2D2""","=""5/2""","=""3d2.(1D).4p""","=""y 2F*""","=""5/2""",6,6,,"=""T7385""","=""u37""",
Ti,1,"=""368.73396""","=""0.00016""","=""368.73393""","=""0.00005""","=""13""","=""3.68e+05""",C+,"=""386.874""","=""27498.982""","=""3d2.4s2""","=""a 3F""","=""4""","=""3d2.(3F).4s.4p.(1P*)""","=""y 3G*""","=""3""",9,7,,"=""T7574""","=""L10989""",
Ti,1,"=""368.99142""","=""0.00016""","=""368.99138""","=""0.00005""","=""15+""","=""4.07e+06""",A,"=""386.874""","=""27480.066""","=""3d2.4s2""","=""a 3F""","=""4""","=""3d2.(1D).4s.4p.(3P*)""","=""x 3D*""","=""3""",9,7,,"=""T7574""","=""L10989""",
Ti,2,"=""369.6362""","=""0.0003""","=""369.636390""","=""0.000018""","=""5""","=""6.78e+05""",D+,"=""12628.8455""","=""39674.7616""","=""3d3""","=""b 2D2""","=""3/2""","=""3d2.(1D).4p""","=""z 2P*""","=""1/2""",4,2,,"=""T7385""","=""u37""",
Ti,2,"=""370.62167""","=""0.00003""","=""370.621652""","=""0.000015""","=""367""","=""2.82e+07""",B+,"=""12628.8455""","=""39602.8645""","=""3d3""","=""b 2D2""","=""3/2""","=""3d2.(1D).4p""","=""y 2D*""","=""3/2""",4,4,,"=""T7385""","=""u37""",
Ti,1,"=""371.73916""","=""0.00017""","=""371.73912""","=""0.00004""","=""15+""","=""4.3e+06""",C,"=""0.000""","=""26892.936""","=""3d2.4s2""","=""a 3F""","=""2""","=""3d2.(1D).4s.4p.(3P*)""","=""x 3F*""","=""3""",5,7,,"=""T3499n""","=""L10989""",
Ti,2,"=""372.16360""","=""0.00003""","=""372.163634""","=""0.000025""","=""740bl""","=""3.9e+06""",C,"=""4628.6571""","=""31490.9177""","=""3d2.(3F).4s""","=""a 2F""","=""5/2""","=""3d2.(3F).4p""","=""z 2F*""","=""7/2""",6,8,,"=""T3853""","=""u37""",
Ti,1,"=""372.25703""","=""0.00017""","=""372.25696""","=""0.00006""","=""15+""","=""3.4e+06""",C,"=""170.1328""","=""27025.659""","=""3d2.4s2""","=""a 3F""","=""3""","=""3d2.(1D).4s.4p.(3P*)""","=""x 3F*""","=""4""",7,9,,"=""T3499n""","=""L10989""",
Ti,2,"=""372.36036""","=""0.00011""","=""372.360224""","=""0.000015""","=""12""","=""5.10e+05""",C+,"=""12628.8455""","=""39476.9244""","=""3d3""","=""b 2D2""","=""3/2""","=""3d2.(1D).4p""","=""y 2D*""","=""5/2""",4,6,,"=""T7385""","=""u37""",
Ti,2,"=""372.40848""","=""0.00008""","=""372.408414""","=""0.000014""","=""18""","=""1.79e+06""",B',"=""12758.2597""","=""39602.8645""","=""3d3""","=""b 2D2""","=""5/2""","=""3d2.(1D).4p""","=""y 2D*""","=""3/2""",6,4,,"=""T7385""","=""u37""",
Ti,1,"=""372.45689""","=""0.00017""","=""372.45685""","=""0.00008""","=""15+""","=""9.1e+07""",D,"=""12118.393""","=""38959.507""","=""3d2.4s2""","=""a 1G""","=""4""","=""3d3.(2G).4p""","=""x 1G*""","=""4""",9,9,,"=""T2773n""","=""L10989""",
Ti,1,"=""372.51533""","=""0.00017""","=""372.51524""","=""0.00006""","=""14""","=""7.3e+07""",D,"=""8602.3441""","=""35439.251""","=""3d2.4s2""","=""a 3P""","=""2""","=""3d2.(3P).4s.4p.(1P*)""","=""y 3S*""","=""1""",5,3,,"=""T2773n""","=""L10989""",
Ti,1,"=""372.98065""","=""0.00017""","=""372.98065""","=""0.00004""","=""15+""","=""4.93e+07""",A,"=""0.000""","=""26803.420""","=""3d2.4s2""","=""a 3F""","=""2""","=""3d2.(1D).4s.4p.(3P*)""","=""x 3F*""","=""2""",5,5,,"=""T7574""","=""L10989""",
Ti,2,"=""373.9599""","=""0.0004""","=""373.959563""","=""0.000022""","=""1""","=""1.71e+06""",C',"=""20891.7898""","=""47625.0485""","=""3d3""","=""b 2F""","=""7/2""","=""3d2.(1G).4p""","=""x 2F*""","=""5/2""",8,6,,"=""T7385""","=""L17999""",
Ti,1,"=""374.10597""","=""0.00017""","=""374.10588""","=""0.00006""","=""15+""","=""4.81e+07""",A,"=""170.1328""","=""26892.936""","=""3d2.4s2""","=""a 3F""","=""3""","=""3d2.(1D).4s.4p.(3P*)""","=""x 3F*""","=""3""",7,7,,"=""T7574""","=""L10989""",
Ti,2,"=""374.16384""","=""0.00003""","=""374.163829""","=""0.000014""","=""1700""","=""6.80e+07""",B+,"=""12758.2597""","=""39476.9244""","=""3d3""","=""b 2D2""","=""5/2""","=""3d2.(1D).4p""","=""y 2D*""","=""5/2""",6,6,,"=""T7385""","=""u37""",
Ti,2,"=""374.80030""","=""0.00003""","=""374.80030""","=""0.00003""","=""122""","=""2.31e+07""",B+,"=""20951.7551""","=""47625.0485""","=""3d3""","=""b 2F""","=""5/2""","=""3d2.(1G).4p""","=""x 2F*""","=""5/2""",6,6,,"=""T7385""","=""u37""",
Ti,1,"=""375.28588""","=""0.00017""","=""375.28583""","=""0.00006""","=""15+""","=""5.81e+07""",A,"=""386.874""","=""27025.659""","=""3d2.4s2""","=""a 3F""","=""4""","=""3d2.(1D).4s.4p.(3P*)""","=""x 3F*""","=""4""",9,9,,"=""T7574""","=""L10989""",
Ti,1,"=""375.36332""","=""0.00017""","=""375.36330""","=""0.00006""","=""15+""","=""8.2e+06""",C,"=""170.1328""","=""26803.420""","=""3d2.4s2""","=""a 3F""","=""3""","=""3d2.(1D).4s.4p.(3P*)""","=""x 3F*""","=""2""",7,5,,"=""T3499n""","=""L10989""",
Ti,2,"=""375.76850""","=""0.00003""","=""375.768487""","=""0.000016""","=""700""","=""4.50e+07""",B+,"=""12628.8455""","=""39233.4153""","=""3d3""","=""b 2D2""","=""3/2""","=""3d2.(1D).4p""","=""z 2P*""","=""3/2""",4,4,,"=""T7385""","=""u37""",
Ti,2,"=""375.92915""","=""0.00003""","=""375.929152""","=""0.000012""","=""13700""","=""9.4e+07""",C,"=""4897.7179""","=""31490.9177""","=""3d2.(3F).4s""","=""a 2F""","=""7/2""","=""3d2.(3F).4p""","=""z 2F*""","=""7/2""",8,8,,"=""T3853""","=""u37""",
Ti,2,"=""376.13202""","=""0.00003""","=""376.13206""","=""0.00003""","=""11900""","=""1.20e+08""",A',"=""4628.6571""","=""31207.5111""","=""3d2.(3F).4s""","=""a 2F""","=""5/2""","=""3d2.(3F).4p""","=""z 2F*""","=""5/2""",6,6,,"=""T7385""","=""u37""",
Ti,2,"=""376.18721""","=""0.00003""","=""376.187205""","=""0.000020""","=""173""","=""2.21e+07""",B+,"=""20891.7898""","=""47466.7479""","=""3d3""","=""b 2F""","=""7/2""","=""3d2.(1G).4p""","=""x 2F*""","=""7/2""",8,8,,"=""T7385""","=""u37""",
Ti,2,"=""377.0372""","=""0.0004""","=""377.037997""","=""0.000024""","=""1""","=""3.13e+06""",C+,"=""20951.7551""","=""47466.7479""","=""3d3""","=""b 2F""","=""5/2""","=""3d2.(1G).4p""","=""x 2F*""","=""7/2""",6,8,,"=""T7385""","=""L17999""",
Ti,1,"=""377.16511""","=""0.00017""","=""377.16504""","=""0.00006""","=""15+""","=""6.95e+06""",A,"=""386.874""","=""26892.936""","=""3d2.4s2""","=""a 3F""","=""4""","=""3d2.(1D).4s.4p.(3P*)""","=""x 3F*""","=""3""",9,7,,"=""T7574""","=""L10989""",
Ti,1,"=""377.43248""","=""0.00017""","=""377.43244""","=""0.00006""","=""10""","=""3.72e+04""",A,"=""170.1328""","=""26657.416""","=""3d2.4s2""","=""a 3F""","=""3""","=""3d3.(4F).4p""","=""y 5G*""","=""4""",7,9,,"=""T7574""","=""L10989""",
Ti,2,"=""377.46467""","=""0.00007""","=""377.46471""","=""0.00003""","=""20""","=""1.48e+05""",C+,"=""4628.6571""","=""31113.6764""","=""3d2.(3F).4s""","=""a 2F""","=""5/2""","=""3d2.(3F).4p""","=""z 4F*""","=""7/2""",6,8,,"=""T7385""","=""u37""",
Ti,2,"=""377.60533""","=""0.00003""","=""377.605341""","=""0.000014""","=""107""","=""6.58e+06""",B+,"=""12758.2597""","=""39233.4153""","=""3d3""","=""b 2D2""","=""5/2""","=""3d2.(1D).4p""","=""z 2P*""","=""3/2""",6,4,,"=""T7385""","=""u37""",
Ti,1,"=""378.60425""","=""0.00017""","=""378.60437""","=""0.00014""","=""15+""","=""1.4e+08""",D,"=""7255.355""","=""33660.652""","=""3d2.4s2""","=""a 1D""","=""2""","=""3d2.(1D).4s.4p.(1P*)""","=""z 1P*""","=""1""",5,3,,"=""T2773n""","=""L10989""",
Ti,2,"=""378.63229""","=""0.00006""","=""378.632325""","=""0.000013""","=""28""","=""1.78e+05""",B',"=""4897.7179""","=""31301.0653""","=""3d2.(3F).4s""","=""a 2F""","=""7/2""","=""3d2.(3F).4p""","=""z 4F*""","=""9/2""",8,10,,"=""T7385""","=""u37""",
Ti,1,"=""378.88001""","=""0.00017""","=""378.87991""","=""0.00006""","=""11""","=""1.44e+07""",C+,"=""386.874""","=""26772.968""","=""3d2.4s2""","=""a 3F""","=""4""","=""3d3.(4F).4p""","=""y 5G*""","=""5""",9,11,,"=""T7574""","=""L10989""",
Ti,2,"=""379.68810""","=""0.00006""","=""379.68815""","=""0.00003""","=""25""","=""2.70e+05""",C+,"=""4628.6571""","=""30958.5846""","=""3d2.(3F).4s""","=""a 2F""","=""5/2""","=""3d2.(3F).4p""","=""z 4F*""","=""5/2""",6,6,,"=""T7385""","=""u37""",
Ti,2,"=""379.97870""","=""0.00010""","=""379.978725""","=""0.000013""","=""14""","=""9.3e+04""",D,"=""4897.7179""","=""31207.5111""","=""3d2.(3F).4s""","=""a 2F""","=""7/2""","=""3d2.(3F).4p""","=""z 2F*""","=""5/2""",8,6,,"=""T2403n""","=""u37""",
Ti,2,"=""381.33882""","=""0.00003""","=""381.338814""","=""0.000012""","=""104""","=""8.44e+05""",B+,"=""4897.7179""","=""31113.6764""","=""3d2.(3F).4s""","=""a 2F""","=""7/2""","=""3d2.(3F).4p""","=""z 4F*""","=""7/2""",8,8,,"=""T7385""","=""u37""",
Ti,2,"=""381.45796""","=""0.00003""","=""381.45800""","=""0.00003""","=""175""","=""2.84e+06""",B+,"=""4628.6571""","=""30836.4250""","=""3d2.(3F).4s""","=""a 2F""","=""5/2""","=""3d2.(3F).4p""","=""z 4F*""","=""3/2""",6,4,,"=""T7385""","=""u37""",
Ti,2,"=""383.60825""","=""0.00003""","=""383.608268""","=""0.000012""","=""89""","=""9.83e+05""",B+,"=""4897.7179""","=""30958.5846""","=""3d2.(3F).4s""","=""a 2F""","=""7/2""","=""3d2.(3F).4p""","=""z 4F*""","=""5/2""",8,6,,"=""T7385""","=""u37""",
Ti,1,"=""385.37250""","=""0.00018""","=""385.37253""","=""0.00004""","=""290""","=""6.04e+07""",B+,"=""15975.631""","=""41917.1924""","=""3d2.(3F).4s.4p.(3P*)""","=""z 5G*""","=""3""","=""3d2.4s.(4F).4d""","=""e 5H""","=""4""",7,9,,"=""T6897""","=""L10989""",
Ti,1,"=""385.81367""","=""0.00018""","=""385.81369""","=""0.00004""","=""340""","=""6.33e+07""",B+,"=""16106.076""","=""42017.9751""","=""3d2.(3F).4s.4p.(3P*)""","=""z 5G*""","=""4""","=""3d2.4s.(4F).4d""","=""e 5H""","=""5""",9,11,,"=""T6897""","=""L10989""",
Ti,1,"=""386.64394""","=""0.00018""","=""386.64396""","=""0.00004""","=""400""","=""6.59e+07""",B+,"=""16267.480""","=""42123.7378""","=""3d2.(3F).4s.4p.(3P*)""","=""z 5G*""","=""5""","=""3d2.4s.(4F).4d""","=""e 5H""","=""6""",11,13,,"=""T6897""","=""L10989""",
Ti,1,"=""386.83960""","=""0.00018""","=""386.83965""","=""0.00004""","=""330""","=""7.10e+07""",B+,"=""15975.631""","=""41818.8088""","=""3d2.(3F).4s.4p.(3P*)""","=""z 5G*""","=""3""","=""3d2.4s.(4F).4d""","=""e 5G""","=""4""",7,9,,"=""T6897""","=""L10989""",
Ti,3,"=""387.2495""","=""""","=""387.2495+""","=""""","=""12""","=""1.6e+07""",D,"=""133207.10""","=""159022.93""","=""3p6.3d.4d""","=""3F""","=""3""","=""3p6.3d.4f""","=""3H*""","=""4""",7,9,,"=""T1216""","=""L3593,L11926""",
Ti,1,"=""387.32011""","=""0.00018""","=""387.32018""","=""0.00005""","=""240""","=""5.05e+07""",B+,"=""16106.076""","=""41917.1924""","=""3d2.(3F).4s.4p.(3P*)""","=""z 5G*""","=""4""","=""3d2.4s.(4F).4d""","=""e 5H""","=""4""",9,9,,"=""T6897""","=""L10989""",
Ti,3,"=""388.1212""","=""""","=""388.1209+""","=""""","=""12""","=""1.7e+07""",D,"=""133371.07""","=""159128.94""","=""3p6.3d.4d""","=""3F""","=""4""","=""3p6.3d.4f""","=""3H*""","=""5""",9,11,,"=""T1216""","=""L3593,L11926""",
Ti,1,"=""388.13955""","=""0.00018""","=""388.13942""","=""0.00008""","=""240""","=""3.0e+05""",C,"=""170.1328""","=""25926.771""","=""3d2.4s2""","=""a 3F""","=""3""","=""3d2.(3P).4s.4p.(3P*)""","=""5D*""","=""4""",7,9,,"=""T3499n""","=""L10989""",
Ti,1,"=""388.21464""","=""0.00018""","=""388.21462""","=""0.00005""","=""480""","=""7.38e+07""",B+,"=""16267.480""","=""42019.1293""","=""3d2.(3F).4s.4p.(3P*)""","=""z 5G*""","=""5""","=""3d2.4s.(4F).4d""","=""e 5G""","=""6""",11,13,,"=""T6897""","=""L10989""",
Ti,2,"=""388.2284""","=""0.0005""","=""388.228648""","=""0.000018""","=""""","=""5.45e+05""",B,"=""8997.7874""","=""34748.5062""","=""3d3""","=""a 2G""","=""7/2""","=""3d2.(3F).4p""","=""z 2G*""","=""9/2""",8,10,,"=""T7385""","=""L17999""",
Ti,1,"=""388.23204""","=""0.00018""","=""388.23202""","=""0.00005""","=""310""","=""5.75e+07""",B+,"=""16267.480""","=""42017.9751""","=""3d2.(3F).4s.4p.(3P*)""","=""z 5G*""","=""5""","=""3d2.4s.(4F).4d""","=""e 5H""","=""5""",11,11,,"=""T6897""","=""L10989""",
Ti,1,"=""388.28910""","=""0.00018""","=""388.28916""","=""0.00006""","=""900""","=""1.49e+08""",B+,"=""16458.671""","=""42205.377""","=""3d2.(3F).4s.4p.(3P*)""","=""z 5G*""","=""6""","=""3d2.4s.(4F).4d""","=""e 5H""","=""7""",13,15,,"=""T6897""","=""L10989""",
Ti,1,"=""388.80218""","=""0.00018""","=""388.80220""","=""0.00005""","=""63""","=""1.33e+07""",B+,"=""16106.076""","=""41818.8088""","=""3d2.(3F).4s.4p.(3P*)""","=""z 5G*""","=""4""","=""3d2.4s.(4F).4d""","=""e 5G""","=""4""",9,9,,"=""T6897""","=""L10989""",
Ti,1,"=""388.99503""","=""0.00018""","=""388.99503""","=""0.00008""","=""290""","=""5.1e+05""",C,"=""0.000""","=""25699.987""","=""3d2.4s2""","=""a 3F""","=""2""","=""3d2.(3P).4s.4p.(3P*)""","=""5D*""","=""2""",5,5,,"=""T3499n""","=""L10989""",
Ti,1,"=""389.52426""","=""0.00018""","=""389.52431""","=""0.00006""","=""330""","=""5.41e+07""",B+,"=""16458.671""","=""42123.7378""","=""3d2.(3F).4s.4p.(3P*)""","=""z 5G*""","=""6""","=""3d2.4s.(4F).4d""","=""e 5H""","=""6""",13,13,,"=""T6897""","=""L10989""",
Ti,1,"=""389.75749""","=""0.00018""","=""389.75749""","=""0.00005""","=""21""","=""4.01e+06""",B+,"=""16267.480""","=""41917.1924""","=""3d2.(3F).4s.4p.(3P*)""","=""z 5G*""","=""5""","=""3d2.4s.(4F).4d""","=""e 5H""","=""4""",11,9,,"=""T6897""","=""L10989""",
Ti,1,"=""389.84886""","=""0.00018""","=""389.84886""","=""0.00005""","=""200""","=""3.77e+05""",A,"=""0.000""","=""25643.701""","=""3d2.4s2""","=""a 3F""","=""2""","=""3d3.(4F).4p""","=""y 3D*""","=""3""",5,7,,"=""T7574""","=""L10989""",
Ti,2,"=""390.05389""","=""0.00003""","=""390.053901""","=""0.000021""","=""2350""","=""2.76e+07""",B+,"=""9118.2849""","=""34748.5062""","=""3d3""","=""a 2G""","=""9/2""","=""3d2.(3F).4p""","=""z 2G*""","=""9/2""",10,10,,"=""T7385""","=""u37""",
Ti,1,"=""390.09594""","=""0.00018""","=""390.09590""","=""0.00006""","=""1400""","=""1.47e+06""",A,"=""170.1328""","=""25797.595""","=""3d2.4s2""","=""a 3F""","=""3""","=""3d2.(3P).4s.4p.(3P*)""","=""5D*""","=""3""",7,7,,"=""T7574""","=""L10989""",
Ti,1,"=""391.11849""","=""0.00018""","=""391.11851""","=""0.00006""","=""120""","=""1.83e+07""",B+,"=""16458.671""","=""42019.1293""","=""3d2.(3F).4s.4p.(3P*)""","=""z 5G*""","=""6""","=""3d2.4s.(4F).4d""","=""e 5G""","=""6""",13,13,,"=""T6897""","=""L10989""",
Ti,1,"=""391.13634""","=""0.00018""","=""391.13617""","=""0.00006""","=""15""","=""2.82e+06""",C+,"=""16458.671""","=""42017.9751""","=""3d2.(3F).4s.4p.(3P*)""","=""z 5G*""","=""6""","=""3d2.4s.(4F).4d""","=""e 5H""","=""5""",13,11,,"=""T6897""","=""L10989""",
Ti,1,"=""391.258""","=""0.005""","=""391.25826""","=""0.00005""","=""2""","=""4.57e+06""",B+,"=""16267.480""","=""41818.8088""","=""3d2.(3F).4s.4p.(3P*)""","=""z 5G*""","=""5""","=""3d2.4s.(4F).4d""","=""e 5G""","=""4""",11,9,,"=""T6897""","=""L17997""",
Ti,2,"=""391.34614""","=""0.00003""","=""391.346122""","=""0.000019""","=""1960""","=""2.09e+07""",B+,"=""8997.7874""","=""34543.3799""","=""3d3""","=""a 2G""","=""7/2""","=""3d2.(3F).4p""","=""z 2G*""","=""7/2""",8,8,,"=""T7385""","=""u37""",
Ti,2,"=""391.41821""","=""0.00015""","=""391.418321""","=""0.000020""","=""10""","=""6.56e+05""",C+,"=""15257.5527""","=""40798.4333""","=""3d2.(1G).4s""","=""b 2G""","=""9/2""","=""3d2.(3P).4p""","=""y 4D*""","=""7/2""",10,8,,"=""T7385""","=""u37""",
Ti,1,"=""391.43347""","=""0.00018""","=""391.43340""","=""0.00008""","=""3100""","=""2.3e+06""",C,"=""386.874""","=""25926.771""","=""3d2.4s2""","=""a 3F""","=""4""","=""3d2.(3P).4s.4p.(3P*)""","=""5D*""","=""4""",9,9,,"=""T3499n""","=""L10989""",
Ti,1,"=""391.47377""","=""0.00018""","=""391.47342""","=""0.00006""","=""180""","=""8.3e+05""",C,"=""0.000""","=""25537.286""","=""3d2.4s2""","=""a 3F""","=""2""","=""3d2.(1D).4s.4p.(3P*)""","=""3P*""","=""1""",5,3,,"=""T3499n""","=""L10989""",
Ti,3,"=""391.5472""","=""""","=""391.5471+""","=""""","=""15""","=""2.1e+08""",D,"=""133371.07""","=""158903.55""","=""3p6.3d.4d""","=""3F""","=""4""","=""3p6.3d.4f""","=""3G*""","=""5""",9,11,,"=""T1216""","=""L3593,L11926""",
Ti,1,"=""392.14225""","=""0.00018""","=""392.14222""","=""0.00005""","=""1600""","=""2.48e+06""",A,"=""0.000""","=""25493.733""","=""3d2.4s2""","=""a 3F""","=""2""","=""3d2.(1D).4s.4p.(3P*)""","=""3P*""","=""2""",5,5,,"=""T7574""","=""L10989""",
Ti,1,"=""392.45268""","=""0.00018""","=""392.45264""","=""0.00006""","=""3600""","=""8.10e+06""",A,"=""170.1328""","=""25643.701""","=""3d2.4s2""","=""a 3F""","=""3""","=""3d3.(4F).4p""","=""y 3D*""","=""3""",7,7,,"=""T7574""","=""L10989""",
Ti,3,"=""392.4860""","=""""","=""392.4862+""","=""""","=""10""","=""7.4e+07""",D,"=""133065.24""","=""158536.63""","=""3p6.3d.4d""","=""3F""","=""2""","=""3p6.3d.4f""","=""3F*""","=""2""",5,5,,"=""T1216""","=""L3593,L11926""",
Ti,1,"=""392.98740""","=""0.00019""","=""392.98737""","=""0.00005""","=""3200""","=""8.51e+06""",A,"=""0.000""","=""25438.908""","=""3d2.4s2""","=""a 3F""","=""2""","=""3d3.(4F).4p""","=""y 3D*""","=""2""",5,5,,"=""T7574""","=""L10989""",
Ti,2,"=""393.20088""","=""0.00003""","=""393.200876""","=""0.000022""","=""120""","=""1.23e+06""",B+,"=""9118.2849""","=""34543.3799""","=""3d3""","=""a 2G""","=""9/2""","=""3d2.(3F).4p""","=""z 2G*""","=""7/2""",10,8,,"=""T7385""","=""u37""",
Ti,1,"=""393.42336""","=""0.00019""","=""393.42330""","=""0.00006""","=""310""","=""4.5e+05""",C,"=""386.874""","=""25797.595""","=""3d2.4s2""","=""a 3F""","=""4""","=""3d2.(3P).4s.4p.(3P*)""","=""5D*""","=""3""",9,7,,"=""T3499n""","=""L10989""",
Ti,1,"=""394.77686""","=""0.00019""","=""394.77683""","=""0.00006""","=""5700""","=""9.6e+06""",C,"=""170.1328""","=""25493.733""","=""3d2.4s2""","=""a 3F""","=""3""","=""3d2.(1D).4s.4p.(3P*)""","=""3P*""","=""2""",7,5,,"=""T3499n,T3430""","=""L10989""",
Ti,1,"=""394.86708""","=""0.00019""","=""394.86705""","=""0.00005""","=""7000""","=""5.60e+07""",A,"=""0.000""","=""25317.814""","=""3d2.4s2""","=""a 3F""","=""2""","=""3d3.(4F).4p""","=""y 3D*""","=""1""",5,3,,"=""T7574""","=""L10989""",
Ti,1,"=""395.63343""","=""0.00019""","=""395.63338""","=""0.00006""","=""8000""","=""3.46e+07""",A,"=""170.1328""","=""25438.908""","=""3d2.4s2""","=""a 3F""","=""3""","=""3d3.(4F).4p""","=""y 3D*""","=""2""",7,5,,"=""T7574""","=""L10989""",
Ti,1,"=""395.82016""","=""0.00019""","=""395.82055""","=""0.00006""","=""8600""","=""4.88e+07""",A,"=""386.874""","=""25643.701""","=""3d2.4s2""","=""a 3F""","=""4""","=""3d3.(4F).4p""","=""y 3D*""","=""3""",9,7,,"=""T7574""","=""L10989""",
Ti,1,"=""396.28508""","=""0.00019""","=""396.28507""","=""0.00005""","=""2500""","=""4.71e+06""",A,"=""0.000""","=""25227.222""","=""3d2.4s2""","=""a 3F""","=""2""","=""3d2.(3F).4s.4p.(1P*)""","=""y 3F*""","=""3""",5,7,,"=""T7574""","=""L10989""",
Ti,1,"=""396.42694""","=""0.00019""","=""396.42687""","=""0.00006""","=""2800""","=""3.64e+06""",A,"=""170.1328""","=""25388.331""","=""3d2.4s2""","=""a 3F""","=""3""","=""3d2.(3F).4s.4p.(1P*)""","=""y 3F*""","=""4""",7,9,,"=""T7574""","=""L10989""",
Ti,1,"=""398.17616""","=""0.00019""","=""398.17616""","=""0.00005""","=""8800""","=""4.42e+07""",A,"=""0.000""","=""25107.411""","=""3d2.4s2""","=""a 3F""","=""2""","=""3d2.(3F).4s.4p.(1P*)""","=""y 3F*""","=""2""",5,5,,"=""T7574""","=""L10989""",
Ti,1,"=""398.24806""","=""0.00019""","=""398.24811""","=""0.00005""","=""3400""","=""4.5e+06""",C,"=""0.000""","=""25102.875""","=""3d2.4s2""","=""a 3F""","=""2""","=""3d2.(3P).4s.4p.(3P*)""","=""z 5S*""","=""2""",5,5,,"=""T3499n""","=""L10989""",
Ti,3,"=""398.6400""","=""""","=""398.6393+""","=""""","=""8""","=""2.1e+07""",D,"=""133207.10""","=""158285.34""","=""3p6.3d.4d""","=""3F""","=""3""","=""3p6.3d.4f""","=""1G*""","=""4""",7,9,,"=""T1216""","=""L3593""",
Ti,2,"=""398.76065""","=""0.00008""","=""398.760609""","=""0.000014""","=""21""","=""4.91e+04""",C+',"=""4897.7179""","=""29968.3304""","=""3d2.(3F).4s""","=""a 2F""","=""7/2""","=""3d2.(3F).4p""","=""z 4G*""","=""9/2""",8,10,,"=""T7385""","=""u37""",
Ti,1,"=""398.97586""","=""0.00019""","=""398.97582""","=""0.00006""","=""8800""","=""4.48e+07""",A,"=""170.1328""","=""25227.222""","=""3d2.4s2""","=""a 3F""","=""3""","=""3d2.(3F).4s.4p.(1P*)""","=""y 3F*""","=""3""",7,7,,"=""T7574""","=""L10989""",
Ti,1,"=""399.86366""","=""0.00019""","=""399.86363""","=""0.00006""","=""10000""","=""4.81e+07""",A,"=""386.874""","=""25388.331""","=""3d2.4s2""","=""a 3F""","=""4""","=""3d2.(3F).4s.4p.(1P*)""","=""y 3F*""","=""4""",9,9,,"=""T7574""","=""L10989""",
Ti,1,"=""400.59599""","=""0.00019""","=""400.59600""","=""0.00005""","=""68""","=""1.36e+07""",B+,"=""16961.442""","=""41917.1924""","=""3d2.(3F).4s.4p.(3P*)""","=""z 5F*""","=""3""","=""3d2.4s.(4F).4d""","=""e 5H""","=""4""",7,9,,"=""T6897""","=""L10989""",
Ti,1,"=""400.80533""","=""0.00019""","=""400.80532""","=""0.00005""","=""120""","=""2.19e+07""",B+,"=""17075.258""","=""42017.9751""","=""3d2.(3F).4s.4p.(3P*)""","=""z 5F*""","=""4""","=""3d2.4s.(4F).4d""","=""e 5H""","=""5""",9,11,,"=""T6897""","=""L10989""",
Ti,1,"=""400.89273""","=""0.00019""","=""400.89274""","=""0.00006""","=""3300""","=""8.07e+06""",A,"=""170.1328""","=""25107.411""","=""3d2.4s2""","=""a 3F""","=""3""","=""3d2.(3F).4s.4p.(1P*)""","=""y 3F*""","=""2""",7,5,,"=""T7574""","=""L10989""",
Ti,1,"=""400.96565""","=""0.00019""","=""400.96568""","=""0.00006""","=""1200""","=""1.39e+06""",A,"=""170.1328""","=""25102.875""","=""3d2.4s2""","=""a 3F""","=""3""","=""3d2.(3P).4s.4p.(3P*)""","=""z 5S*""","=""2""",7,5,,"=""T7574""","=""L10989""",
Ti,2,"=""401.23836""","=""0.00003""","=""401.23838""","=""0.00003""","=""190""","=""9.97e+05""",B',"=""4628.6571""","=""29544.4540""","=""3d2.(3F).4s""","=""a 2F""","=""5/2""","=""3d2.(3F).4p""","=""z 4G*""","=""5/2""",6,6,,"=""T7385""","=""u37""",
Ti,1,"=""401.3241""","=""0.0004""","=""401.32496""","=""0.00005""","=""5q""","=""2.0e+07""",D,"=""16961.442""","=""41871.8642""","=""3d2.(3F).4s.4p.(3P*)""","=""z 5F*""","=""3""","=""3d2.4s.(4F).4d""","=""g 3F""","=""2""",7,5,,"=""T4401n""","=""L10989""",
Ti,1,"=""401.35833""","=""0.00019""","=""401.35838""","=""0.00005""","=""160""","=""2.74e+07""",B+,"=""17215.390""","=""42123.7378""","=""3d2.(3F).4s.4p.(3P*)""","=""z 5F*""","=""5""","=""3d2.4s.(4F).4d""","=""e 5H""","=""6""",11,13,,"=""T6897""","=""L10989""",
Ti,1,"=""402.18151""","=""0.00019""","=""402.18156""","=""0.00005""","=""230""","=""5.00e+07""",B+,"=""16961.442""","=""41818.8088""","=""3d2.(3F).4s.4p.(3P*)""","=""z 5F*""","=""3""","=""3d2.4s.(4F).4d""","=""e 5G""","=""4""",7,9,,"=""T6897""","=""L10989""",
Ti,1,"=""402.4307""","=""0.0004""","=""402.43141""","=""0.00005""","=""9q""","=""1.69e+06""",D+,"=""17075.258""","=""41917.1924""","=""3d2.(3F).4s.4p.(3P*)""","=""z 5F*""","=""4""","=""3d2.4s.(4F).4d""","=""e 5H""","=""4""",9,9,,"=""T6897""","=""L10989""",
Ti,1,"=""402.45709""","=""0.00019""","=""402.45711""","=""0.00006""","=""3600""","=""6.91e+06""",A,"=""386.874""","=""25227.222""","=""3d2.4s2""","=""a 3F""","=""4""","=""3d2.(3F).4s.4p.(1P*)""","=""y 3F*""","=""3""",9,7,,"=""T7574""","=""L10989""",
Ti,2,"=""402.51295""","=""0.00003""","=""402.512939""","=""0.000015""","=""82""","=""3.72e+05""",C+,"=""4897.7179""","=""29734.6206""","=""3d2.(3F).4s""","=""a 2F""","=""7/2""","=""3d2.(3F).4p""","=""z 4G*""","=""7/2""",8,8,,"=""T7385""","=""u37""",
Ti,2,"=""402.83384""","=""0.00003""","=""402.833838""","=""0.000018""","=""132""","=""5.64e+06""",B+,"=""15257.5527""","=""40074.6707""","=""3d2.(1G).4s""","=""b 2G""","=""9/2""","=""3d2.(1D).4p""","=""y 2F*""","=""7/2""",10,8,,"=""T7385""","=""u37""",
Ti,1,"=""403.05111""","=""0.00019""","=""403.05112""","=""0.00005""","=""310""","=""5.08e+07""",B+,"=""17215.390""","=""42019.1293""","=""3d2.(3F).4s.4p.(3P*)""","=""z 5F*""","=""5""","=""3d2.4s.(4F).4d""","=""e 5G""","=""6""",11,13,,"=""T6897""","=""L10989""",
Ti,1,"=""403.06980""","=""0.00020""","=""403.06988""","=""0.00005""","=""8""","=""1.20e+06""",C+,"=""17215.390""","=""42017.9751""","=""3d2.(3F).4s.4p.(3P*)""","=""z 5F*""","=""5""","=""3d2.4s.(4F).4d""","=""e 5H""","=""5""",11,11,,"=""T6897""","=""L10989""",
Ti,1,"=""404.03166""","=""0.00020""","=""404.03156""","=""0.00005""","=""36""","=""8.07e+06""",B+,"=""17075.258""","=""41818.8088""","=""3d2.(3F).4s.4p.(3P*)""","=""z 5F*""","=""4""","=""3d2.4s.(4F).4d""","=""e 5G""","=""4""",9,9,,"=""T6897""","=""L10989""",
Ti,2,"=""405.38210""","=""0.00003""","=""405.382098""","=""0.000021""","=""86""","=""5.05e+06""",B+,"=""15265.7001""","=""39926.8192""","=""3d2.(1G).4s""","=""b 2G""","=""7/2""","=""3d2.(1D).4p""","=""y 2F*""","=""5/2""",8,6,,"=""T7385""","=""u37""",
Ti,1,"=""405.50112""","=""0.00020""","=""405.50115""","=""0.00010""","=""550""","=""2.8e+07""",D,"=""8436.618""","=""33090.497""","=""3d2.4s2""","=""a 3P""","=""0""","=""3d3.(4P).4p""","=""x 3P*""","=""1""",1,3,,"=""T2773n""","=""L10989""",
Ti,1,"=""406.02621""","=""0.00020""","=""406.02621""","=""0.00007""","=""710""","=""2.4e+07""",D,"=""8492.422""","=""33114.420""","=""3d2.4s2""","=""a 3P""","=""1""","=""3d3.(4P).4p""","=""x 3P*""","=""2""",3,5,,"=""T2773n""","=""L10989""",
Ti,1,"=""406.42097""","=""0.00020""","=""406.42110""","=""0.00007""","=""420""","=""2.4e+07""",D,"=""8492.422""","=""33090.497""","=""3d2.4s2""","=""a 3P""","=""1""","=""3d3.(4P).4p""","=""x 3P*""","=""1""",3,3,,"=""T2773n""","=""L10989""",
Ti,2,"=""406.4354""","=""0.0005""","=""406.43602""","=""0.00003""","=""""","=""2.56e+06""",C+,"=""20951.7551""","=""45548.9273""","=""3d3""","=""b 2F""","=""5/2""","=""3d2.(3P).4p""","=""y 2P*""","=""3/2""",6,4,,"=""T7385""","=""L17999""",
Ti,1,"=""406.50952""","=""0.00020""","=""406.50945""","=""0.00010""","=""560""","=""7.0e+07""",D,"=""8492.422""","=""33085.151""","=""3d2.4s2""","=""a 3P""","=""1""","=""3d3.(4P).4p""","=""x 3P*""","=""0""",3,1,,"=""T2773n""","=""L10989""",
Ti,3,"=""406.9992""","=""""","=""406.9990+""","=""""","=""5""","=""2.4e+07""",D,"=""135541.46""","=""160104.61""","=""3p6.3d.4d""","=""3P""","=""0""","=""3p6.3d.4f""","=""3P*""","=""1""",1,3,,"=""T1216""","=""L3593""",
Ti,3,"=""407.9958""","=""""","=""407.9958+""","=""""","=""8""","=""4.2e+07""",D,"=""135601.47""","=""160104.61""","=""3p6.3d.4d""","=""3P""","=""1""","=""3p6.3d.4f""","=""3P*""","=""1""",3,3,,"=""T1216""","=""L3593""",
Ti,3,"=""409.8879""","=""""","=""409.8872+""","=""""","=""3""","=""8.5e+06""",D,"=""135601.47""","=""159991.54""","=""3p6.3d.4d""","=""3P""","=""1""","=""3p6.3d.4f""","=""3P*""","=""2""",3,5,,"=""T1216""","=""L3593""",
Ti,3,"=""410.0050""","=""""","=""410.0044+""","=""""","=""7""","=""4.8e+07""",D,"=""135721.51""","=""160104.61""","=""3p6.3d.4d""","=""3P""","=""2""","=""3p6.3d.4f""","=""3P*""","=""1""",5,3,,"=""T1216""","=""L3593""",
Ti,1,"=""411.2708""","=""0.0002""","=""411.27085""","=""0.00007""","=""2100""","=""8.82e+05""",A,"=""386.874""","=""24694.892""","=""3d2.4s2""","=""a 3F""","=""4""","=""3d2.(3F).4s.4p.(3P*)""","=""z 1G*""","=""4""",9,9,,"=""T7574""","=""L10989""",
Ti,3,"=""411.9140""","=""""","=""411.9146+""","=""""","=""10""","=""9.9e+07""",D,"=""135721.51""","=""159991.54""","=""3p6.3d.4d""","=""3P""","=""2""","=""3p6.3d.4f""","=""3P*""","=""2""",5,5,,"=""T1216""","=""L3593,L11926""",
Ti,2,"=""412.9161""","=""0.0005""","=""412.915094""","=""0.000021""","=""11""","=""1.11e+06""",B',"=""15265.7001""","=""39476.9244""","=""3d2.(1G).4s""","=""b 2G""","=""7/2""","=""3d2.(1D).4p""","=""y 2D*""","=""5/2""",8,6,,"=""T7385""","=""L17999""",
Ti,3,"=""413.9424""","=""""","=""413.9427+""","=""""","=""6""","=""3.2e+07""",D,"=""158285.34""","=""182436.46""","=""3p6.3d.4f""","=""1G*""","=""4""","=""3p6.3d.(2D<5/2>).5g""","=""2[11/2]""","=""5""",9,11,,"=""T1216""","=""L3593""",
Ti,3,"=""414.4772""","=""""","=""414.4784+""","=""""","=""3""","=""9.4e+06""",D,"=""158285.34""","=""182405.25""","=""3p6.3d.4f""","=""1G*""","=""4""","=""3p6.3d.(2D<5/2>).5g""","=""2[9/2]""","=""4""",9,9,,"=""T1216""","=""L3593""",
Ti,3,"=""414.5050""","=""""","=""414.5060+""","=""""","=""3""","=""7.7e+06""",D,"=""158285.34""","=""182403.64""","=""3p6.3d.4f""","=""1G*""","=""4""","=""3p6.3d.(2D<5/2>).5g""","=""2[9/2]""","=""5""",9,11,,"=""T1216""","=""L3593""",
Ti,3,"=""""","=""""","=""416.057""","=""""","=""""","=""2.6e-04""",E,"=""14397.6""","=""38425.99""","=""3p6.3d2""","=""1G""","=""4""","=""3p6.3d.4s""","=""3D""","=""3""",9,7,E2,"=""T1610""","=""""",
Ti,2,"=""416.15293""","=""0.00005""","=""416.152922""","=""0.000021""","=""32""","=""3.90e+05""",B,"=""8744.3406""","=""32767.1961""","=""3d2.(1D).4s""","=""a 2D""","=""5/2""","=""3d2.(3F).4p""","=""z 4D*""","=""7/2""",6,8,,"=""T7385""","=""u37""",
Ti,2,"=""416.36437""","=""0.00003""","=""416.364374""","=""0.000024""","=""398""","=""4.77e+07""",B+,"=""20891.7898""","=""44902.4455""","=""3d3""","=""b 2F""","=""7/2""","=""3d2.(3P).4p""","=""x 2D*""","=""5/2""",8,6,,"=""T7385""","=""u37""",
Ti,3,"=""""","=""""","=""416.515""","=""""","=""""","=""4.9e+00""",E,"=""8473.5""","=""32475.5""","=""3p6.3d2""","=""1D""","=""2""","=""3p6.3d2""","=""1S""","=""0""",5,1,E2,"=""T1610""","=""""",
Ti,2,"=""417.19038""","=""0.00003""","=""417.19036""","=""0.00003""","=""259""","=""4.90e+07""",B+,"=""20951.7551""","=""44914.8733""","=""3d3""","=""b 2F""","=""5/2""","=""3d2.(3P).4p""","=""x 2D*""","=""3/2""",6,4,,"=""T7385""","=""u37""",
Ti,2,"=""417.35332""","=""0.00003""","=""417.353326""","=""0.000016""","=""50""","=""8.35e+05""",B,"=""8744.3406""","=""32698.1022""","=""3d2.(1D).4s""","=""a 2D""","=""5/2""","=""3d2.(3F).4p""","=""z 4D*""","=""5/2""",6,6,,"=""T7385""","=""u37""",
Ti,2,"=""417.40664""","=""0.00017""","=""417.40684""","=""0.00003""","=""13""","=""3.51e+06""",B,"=""20951.7551""","=""44902.4455""","=""3d3""","=""b 2F""","=""5/2""","=""3d2.(3P).4p""","=""x 2D*""","=""5/2""",6,6,,"=""T7385""","=""L9190""",
Ti,3,"=""417.6540""","=""""","=""417.6529+""","=""""","=""3""","=""1.7e+07""",D,"=""158536.63""","=""182473.21""","=""3p6.3d.4f""","=""3F*""","=""2""","=""3p6.3d.(2D<5/2>).5g""","=""2[7/2]""","=""3""",5,7,,"=""T1216""","=""L3593""",
Ti,2,"=""418.43108""","=""0.00016""","=""418.431186""","=""0.000016""","=""11""","=""3.04e+05""",C+,"=""8710.5675""","=""32602.6265""","=""3d2.(1D).4s""","=""a 2D""","=""3/2""","=""3d2.(3F).4p""","=""z 4D*""","=""3/2""",4,4,,"=""T7385""","=""u37""",
Ti,1,"=""418.6118""","=""0.0002""","=""418.61173""","=""0.00011""","=""910""","=""2.10e+07""",C+,"=""12118.393""","=""36000.148""","=""3d2.4s2""","=""a 1G""","=""4""","=""3d2.(1G).4s.4p.(1P*)""","=""y 1G*""","=""4""",9,9,,"=""T4922""","=""L10989""",
Ti,3,"=""419.1091""","=""""","=""419.1088+""","=""""","=""7""","=""8.0e+07""",D,"=""135541.46""","=""159394.89""","=""3p6.3d.4d""","=""3P""","=""0""","=""3p6.3d.4f""","=""3D*""","=""1""",1,3,,"=""T1216""","=""L3593""",
Ti,3,"=""""","=""""","=""420.026""","=""""","=""""","=""1.3e-02""",E,"=""14397.6""","=""38198.95""","=""3p6.3d2""","=""1G""","=""4""","=""3p6.3d.4s""","=""3D""","=""2""",9,5,E2,"=""T1610""","=""""",
Ti,3,"=""420.1662""","=""""","=""420.1659+""","=""""","=""5""","=""4.2e+07""",D,"=""135601.47""","=""159394.89""","=""3p6.3d.4d""","=""3P""","=""1""","=""3p6.3d.4f""","=""3D*""","=""1""",3,3,,"=""T1216""","=""L3593""",
Ti,3,"=""421.295""","=""""","=""421.296+""","=""""","=""1""","=""1.3e+07""",D,"=""158285.34""","=""182014.92""","=""3p6.3d.4f""","=""1G*""","=""4""","=""3p6.3d.(2D<3/2>).5g""","=""2[9/2]""","=""4""",9,9,,"=""T1216""","=""L3593""",
Ti,3,"=""421.3257""","=""""","=""421.325+""","=""""","=""9""","=""2.2e+08""",D,"=""158285.34""","=""182013.32""","=""3p6.3d.4f""","=""1G*""","=""4""","=""3p6.3d.(2D<3/2>).5g""","=""2[9/2]""","=""5""",9,11,,"=""T1216""","=""L3593""",
Ti,3,"=""421.5525""","=""""","=""421.552+""","=""""","=""11""","=""2.2e+08""",D,"=""136339.74""","=""160054.90""","=""3p6.3d.4d""","=""1G""","=""4""","=""3p6.3d.4f""","=""1H*""","=""5""",9,11,,"=""T1216""","=""L3593,L11926""",
Ti,3,"=""421.8518""","=""""","=""421.850+""","=""""","=""4""","=""3.7e+06""",D,"=""158903.55""","=""182601.96""","=""3p6.3d.4f""","=""3G*""","=""5""","=""3p6.3d.(2D<5/2>).5g""","=""2[13/2]""","=""6""",11,13,,"=""T1216""","=""L3593""",
Ti,3,"=""422.0282""","=""""","=""422.028+""","=""""","=""4""","=""4.2e+07""",D,"=""158536.63""","=""182225.09""","=""3p6.3d.4f""","=""3F*""","=""2""","=""3p6.3d.(2D<3/2>).5g""","=""2[5/2]""","=""2""",5,5,,"=""T1216""","=""L3593""",
Ti,2,"=""422.73336""","=""0.00016""","=""422.73340""","=""0.00003""","=""11""","=""2.71e+05""",C+,"=""9118.2849""","=""32767.1961""","=""3d3""","=""a 2G""","=""9/2""","=""3d2.(3F).4p""","=""z 4D*""","=""7/2""",10,8,,"=""T7385""","=""u37""",
Ti,3,"=""424.7615""","=""""","=""424.760+""","=""""","=""4""","=""1.1e+08""",D,"=""158903.55""","=""182439.62""","=""3p6.3d.4f""","=""3G*""","=""5""","=""3p6.3d.(2D<5/2>).5g""","=""2[11/2]""","=""6""",11,13,,"=""T1216""","=""L3593""",
Ti,3,"=""424.8540""","=""""","=""424.854+""","=""""","=""8""","=""2.3e+08""",D,"=""158536.63""","=""182067.49""","=""3p6.3d.4f""","=""3F*""","=""2""","=""3p6.3d.(2D<3/2>).5g""","=""2[7/2]""","=""3""",5,7,,"=""T1216""","=""L3593""",
Ti,3,"=""425.0086""","=""""","=""425.009+""","=""""","=""3""","=""9.5e+07""",D,"=""135601.47""","=""159123.78""","=""3p6.3d.4d""","=""3P""","=""1""","=""3p6.3d.4f""","=""1D*""","=""2""",3,5,,"=""T1216""","=""L3593""",
Ti,3,"=""425.4114""","=""""","=""425.411+""","=""""","=""5""","=""4.3e+07""",D,"=""158903.55""","=""182403.64""","=""3p6.3d.4f""","=""3G*""","=""5""","=""3p6.3d.(2D<5/2>).5g""","=""2[9/2]""","=""5""",11,11,,"=""T1216""","=""L3593""",
Ti,3,"=""425.9009""","=""""","=""425.901+""","=""""","=""6""","=""9.4e+07""",D,"=""159128.94""","=""182601.96""","=""3p6.3d.4f""","=""3H*""","=""5""","=""3p6.3d.(2D<5/2>).5g""","=""2[13/2]""","=""6""",11,13,,"=""T1216""","=""L3593""",
Ti,1,"=""426.6209""","=""0.0002""","=""426.62080""","=""0.00005""","=""58""","=""3.1e+07""",D,"=""18525.059""","=""41958.4833""","=""3d2.(3F).4s.4p.(3P*)""","=""z 5D*""","=""2""","=""3d2.4s.(4F).4d""","=""e 5D""","=""2""",5,5,,"=""T4401n""","=""L10989""",
Ti,3,"=""426.984""","=""""","=""426.983+""","=""""","=""11""","=""1.7e+08""",D,"=""159022.93""","=""182436.46""","=""3p6.3d.4f""","=""3H*""","=""4""","=""3p6.3d.(2D<5/2>).5g""","=""2[11/2]""","=""5""",9,11,,"=""T1216""","=""L3593""",
Ti,3,"=""427.5528""","=""""","=""427.553+""","=""""","=""4""","=""2.3e+07""",D,"=""159022.93""","=""182405.25""","=""3p6.3d.4f""","=""3H*""","=""4""","=""3p6.3d.(2D<5/2>).5g""","=""2[9/2]""","=""4""",9,9,,"=""T1216""","=""L3593""",
Ti,1,"=""428.1364""","=""0.0002""","=""428.13674""","=""0.00009""","=""280""","=""3.18e+06""",C+,"=""6556.833""","=""29907.286""","=""3d3.(4F).4s""","=""a 5F""","=""1""","=""3d3.(4F).4p""","=""x 5D*""","=""2""",3,5,,"=""T4294""","=""L10989""",
Ti,3,"=""428.467""","=""""","=""428.467+""","=""""","=""1""","=""3.8e+06""",D,"=""159269.53""","=""182601.96""","=""3p6.3d.4f""","=""3H*""","=""6""","=""3p6.3d.(2D<5/2>).5g""","=""2[13/2]""","=""6""",13,13,,"=""T1216""","=""L3593""",
Ti,1,"=""428.4981""","=""0.0002""","=""428.49800""","=""0.00011""","=""330""","=""3.2e+07""",D,"=""14028.436""","=""37359.203""","=""3d3.(4P).4s""","=""a 5P""","=""2""","=""3d3.(4P).4p""","=""y 5S*""","=""2""",5,5,,"=""T2773n""","=""L10989""",
Ti,3,"=""428.561""","=""""","=""428.561+""","=""""","=""9""","=""3.0e+08""",D,"=""159269.53""","=""182596.87""","=""3p6.3d.4f""","=""3H*""","=""6""","=""3p6.3d.(2D<5/2>).5g""","=""2[13/2]""","=""7""",13,15,,"=""T1216""","=""L3593""",
Ti,1,"=""428.7403""","=""0.0002""","=""428.74027""","=""0.00007""","=""2200""","=""1.46e+07""",C+,"=""6742.756""","=""30060.340""","=""3d3.(4F).4s""","=""a 5F""","=""4""","=""3d3.(4F).4p""","=""x 5D*""","=""4""",9,9,,"=""T4294""","=""L10989""",
Ti,2,"=""428.78734""","=""0.00004""","=""428.787344""","=""0.000019""","=""104""","=""5.8e+05""",D,"=""8710.5675""","=""32025.5915""","=""3d2.(1D).4s""","=""a 2D""","=""3/2""","=""3d2.(3F).4p""","=""z 2D*""","=""5/2""",4,6,,"=""T2403n""","=""u37""",
Ti,3,"=""428.866""","=""""","=""428.867+""","=""""","=""8""","=""1.1e+08""",D,"=""159128.94""","=""182439.62""","=""3p6.3d.4f""","=""3H*""","=""5""","=""3p6.3d.(2D<5/2>).5g""","=""2[11/2]""","=""6""",11,13,,"=""T1216""","=""L3593""",
Ti,1,"=""428.9070""","=""0.0002""","=""428.90698""","=""0.00009""","=""2300""","=""3.0e+07""",D,"=""6598.765""","=""29907.286""","=""3d3.(4F).4s""","=""a 5F""","=""2""","=""3d3.(4F).4p""","=""x 5D*""","=""2""",5,5,,"=""T2773n""","=""L10989""",
Ti,3,"=""428.925""","=""""","=""428.925+""","=""""","=""3""","=""2.1e+07""",D,"=""159128.94""","=""182436.46""","=""3p6.3d.4f""","=""3H*""","=""5""","=""3p6.3d.(2D<5/2>).5g""","=""2[11/2]""","=""5""",11,11,,"=""T1216""","=""L3593""",
Ti,2,"=""429.02148""","=""0.00004""","=""429.02148""","=""0.00003""","=""499""","=""8.56e+06""",B+,"=""9395.8020""","=""32698.1022""","=""3d3""","=""a 4P""","=""3/2""","=""3d2.(3F).4p""","=""z 4D*""","=""5/2""",4,6,,"=""T7385""","=""u37""",
Ti,1,"=""429.0929""","=""0.0002""","=""429.09289""","=""0.00009""","=""1900""","=""4.5e+07""",D,"=""6556.833""","=""29855.255""","=""3d3.(4F).4s""","=""a 5F""","=""1""","=""3d3.(4F).4p""","=""x 5D*""","=""1""",3,3,,"=""T2773n""","=""L10989""",
Ti,3,"=""429.334""","=""""","=""429.333+""","=""""","=""3""","=""3.1e+07""",D,"=""159394.89""","=""182680.27""","=""3p6.3d.4f""","=""3D*""","=""1""","=""3p6.3d.(2D<5/2>).5g""","=""2[3/2]""","=""1""",3,3,,"=""T1216""","=""L3593""",
Ti,2,"=""429.40939""","=""0.00004""","=""429.409378""","=""0.000019""","=""730""","=""4.7e+06""",D,"=""8744.3406""","=""32025.5915""","=""3d2.(1D).4s""","=""a 2D""","=""5/2""","=""3d2.(3F).4p""","=""z 2D*""","=""5/2""",6,6,,"=""T2403n""","=""u37""",
Ti,1,"=""429.5749""","=""0.0002""","=""429.57493""","=""0.00013""","=""1900""","=""1.3e+08""",D,"=""6556.833""","=""29829.112""","=""3d3.(4F).4s""","=""a 5F""","=""1""","=""3d3.(4F).4p""","=""x 5D*""","=""0""",3,1,,"=""T2773n""","=""L10989""",
Ti,3,"=""429.6702""","=""""","=""429.669+""","=""""","=""11""","=""1.6e+08""",D,"=""158903.55""","=""182170.72""","=""3p6.3d.4f""","=""3G*""","=""5""","=""3p6.3d.(2D<3/2>).5g""","=""2[11/2]""","=""6""",11,13,,"=""T1216""","=""L3593,L11926""",
Ti,2,"=""430.00421""","=""0.00004""","=""430.00424""","=""0.00003""","=""1270""","=""1.63e+07""",B+,"=""9518.1516""","=""32767.1961""","=""3d3""","=""a 4P""","=""5/2""","=""3d2.(3F).4p""","=""z 4D*""","=""7/2""",6,8,,"=""T7385""","=""u37""",
Ti,2,"=""430.19225""","=""0.00004""","=""430.192251""","=""0.000024""","=""226""","=""6.41e+06""",B+,"=""9363.7425""","=""32602.6265""","=""3d3""","=""a 4P""","=""1/2""","=""3d2.(3F).4p""","=""z 4D*""","=""3/2""",2,4,,"=""T7385""","=""u37""",
Ti,2,"=""430.78657""","=""0.00004""","=""430.78656""","=""0.00003""","=""300""","=""7.69e+06""",B+,"=""9395.8020""","=""32602.6265""","=""3d3""","=""a 4P""","=""3/2""","=""3d2.(3F).4p""","=""z 4D*""","=""3/2""",4,4,,"=""T7385""","=""u37""",
Ti,3,"=""431.0481""","=""""","=""431.048+""","=""""","=""4""","=""3.5e+07""",D,"=""159394.89""","=""182587.62""","=""3p6.3d.4f""","=""3D*""","=""1""","=""3p6.3d.(2D<5/2>).5g""","=""2[5/2]""","=""2""",3,5,,"=""T1216""","=""L3593""",
Ti,2,"=""431.28600""","=""0.00004""","=""431.286004""","=""0.000024""","=""270""","=""4.70e+06""",B+,"=""9518.1516""","=""32698.1022""","=""3d3""","=""a 4P""","=""5/2""","=""3d2.(3F).4p""","=""z 4D*""","=""5/2""",6,6,,"=""T7385""","=""u37""",
Ti,2,"=""431.49708""","=""0.00004""","=""431.49708""","=""0.00003""","=""253""","=""1.41e+07""",B+,"=""9363.7425""","=""32532.3542""","=""3d3""","=""a 4P""","=""1/2""","=""3d2.(3F).4p""","=""z 4D*""","=""1/2""",2,2,,"=""T7385""","=""u37""",
Ti,2,"=""431.67941""","=""0.00007""","=""431.67942""","=""0.00003""","=""24""","=""4.74e+06""",B,"=""16515.9359""","=""39674.7616""","=""3d2.(3P).4s""","=""b 2P""","=""1/2""","=""3d2.(1D).4p""","=""z 2P*""","=""1/2""",2,2,,"=""T7385""","=""u37""",
Ti,3,"=""431.9561""","=""""","=""431.956+""","=""""","=""5""","=""1.1e+08""",D,"=""159022.93""","=""182166.91""","=""3p6.3d.4f""","=""3H*""","=""4""","=""3p6.3d.(2D<3/2>).5g""","=""2[11/2]""","=""5""",9,11,,"=""T1216""","=""L3593""",
Ti,2,"=""432.09504""","=""0.00004""","=""432.09500""","=""0.00003""","=""52""","=""2.81e+06""",B,"=""9395.8020""","=""32532.3542""","=""3d3""","=""a 4P""","=""3/2""","=""3d2.(3F).4p""","=""z 4D*""","=""1/2""",4,2,,"=""T7385""","=""u37""",
Ti,3,"=""432.593""","=""""","=""432.596+""","=""""","=""2""","=""6.6e+06""",D,"=""158903.55""","=""182013.32""","=""3p6.3d.4f""","=""3G*""","=""5""","=""3p6.3d.(2D<3/2>).5g""","=""2[9/2]""","=""5""",11,11,,"=""T1216""","=""L3593""",
Ti,3,"=""432.825""","=""""","=""432.824+""","=""""","=""2""","=""1.3e+07""",D,"=""147562.14""","=""170659.72""","=""3p6.3d.5p""","=""3D*""","=""1""","=""3p6.3d.5d""","=""3P""","=""1""",3,3,,"=""T1216""","=""L3593""",
Ti,2,"=""433.02369""","=""0.00006""","=""433.02378""","=""0.00003""","=""29""","=""1.66e+06""",B,"=""16515.9359""","=""39602.8645""","=""3d2.(3P).4s""","=""b 2P""","=""1/2""","=""3d2.(1D).4p""","=""y 2D*""","=""3/2""",2,4,,"=""T7385""","=""u37""",
Ti,2,"=""433.06976""","=""0.00006""","=""433.069804""","=""0.000024""","=""31""","=""9.76e+05""",B,"=""9518.1516""","=""32602.6265""","=""3d3""","=""a 4P""","=""5/2""","=""3d2.(3F).4p""","=""z 4D*""","=""3/2""",6,4,,"=""T7385""","=""u37""",
Ti,2,"=""433.79143""","=""0.00004""","=""433.791444""","=""0.000021""","=""740""","=""6.6e+06""",D,"=""8710.5675""","=""31756.6406""","=""3d2.(1D).4s""","=""a 2D""","=""3/2""","=""3d2.(3F).4p""","=""z 2D*""","=""3/2""",4,4,,"=""T2403n""","=""u37""",
Ti,2,"=""434.13560""","=""0.00004""","=""434.135596""","=""0.000021""","=""61""","=""3.1e+05""",D,"=""8997.7874""","=""32025.5915""","=""3d3""","=""a 2G""","=""7/2""","=""3d2.(3F).4p""","=""z 2D*""","=""5/2""",8,6,,"=""T2403n""","=""u37""",
Ti,3,"=""434.3246""","=""""","=""434.324+""","=""""","=""3""","=""1.0e+08""",D,"=""147562.14""","=""170579.96""","=""3p6.3d.5p""","=""3D*""","=""1""","=""3p6.3d.5d""","=""3P""","=""0""",3,1,,"=""T1216""","=""L3593""",
Ti,2,"=""434.42807""","=""0.00004""","=""434.428092""","=""0.000021""","=""81""","=""7.2e+05""",D,"=""8744.3406""","=""31756.6406""","=""3d2.(1D).4s""","=""a 2D""","=""5/2""","=""3d2.(3F).4p""","=""z 2D*""","=""3/2""",6,4,,"=""T2403n""","=""u37""",
Ti,2,"=""435.08376""","=""0.00008""","=""435.083776""","=""0.000021""","=""24""","=""1.62e+06""",B,"=""16625.2441""","=""39602.8645""","=""3d2.(3P).4s""","=""b 2P""","=""3/2""","=""3d2.(1D).4p""","=""y 2D*""","=""3/2""",4,4,,"=""T7385""","=""u37""",
Ti,3,"=""435.2282""","=""""","=""435.228+""","=""""","=""8""","=""2.7e+08""",D,"=""149403.52""","=""172373.52""","=""3p6.3d.5p""","=""1P*""","=""1""","=""3p6.3d.5d""","=""1S""","=""0""",3,1,,"=""T1216""","=""L3593""",
Ti,2,"=""436.76521""","=""0.00004""","=""436.76522""","=""0.00003""","=""55""","=""4.80e+06""",B,"=""20891.7898""","=""43780.9533""","=""3d3""","=""b 2F""","=""7/2""","=""3d2.(1G).4p""","=""y 2G*""","=""9/2""",8,10,,"=""T7385""","=""u37""",
Ti,3,"=""436.856""","=""""","=""436.857+""","=""""","=""2""","=""1.0e+07""",D,"=""159128.94""","=""182013.32""","=""3p6.3d.4f""","=""3H*""","=""5""","=""3p6.3d.(2D<3/2>).5g""","=""2[9/2]""","=""5""",11,11,,"=""T1216""","=""L3593""",
Ti,2,"=""437.48162""","=""0.00006""","=""437.481651""","=""0.000021""","=""38""","=""1.41e+06""",B+,"=""16625.2441""","=""39476.9244""","=""3d2.(3P).4s""","=""b 2P""","=""3/2""","=""3d2.(1D).4p""","=""y 2D*""","=""5/2""",4,6,,"=""T7385""","=""u37""",
Ti,3,"=""437.8938""","=""""","=""437.893+""","=""""","=""7""","=""1.6e+08""",D,"=""159394.89""","=""182225.09""","=""3p6.3d.4f""","=""3D*""","=""1""","=""3p6.3d.(2D<3/2>).5g""","=""2[5/2]""","=""2""",3,5,,"=""T1216""","=""L3593""",
Ti,2,"=""438.68466""","=""0.00004""","=""438.68470""","=""0.00004""","=""42""","=""4.79e+06""",B',"=""20951.7551""","=""43740.7678""","=""3d3""","=""b 2F""","=""5/2""","=""3d2.(1G).4p""","=""y 2G*""","=""7/2""",6,8,,"=""T7385""","=""u37""",
Ti,2,"=""439.10250""","=""0.00012""","=""439.102583""","=""0.000018""","=""18""","=""3.02e+05""",B',"=""9930.7766""","=""32698.1022""","=""3d2.(3P).4s""","=""b 4P""","=""3/2""","=""3d2.(3F).4p""","=""z 4D*""","=""5/2""",4,6,,"=""T7385""","=""u37""",
Ti,1,"=""439.3922""","=""0.0002""","=""439.39226""","=""0.00014""","=""570""","=""3.3e+07""",D,"=""18287.554""","=""41039.870""","=""3d3.(2G).4s""","=""b 1G""","=""4""","=""3d3.(2H).4p""","=""y 1H*""","=""5""",9,11,,"=""T2773n""","=""L10989""",
Ti,2,"=""439.40588""","=""0.00004""","=""439.405858""","=""0.000023""","=""63""","=""1.42e+06""",B+,"=""9851.0145""","=""32602.6265""","=""3d3""","=""a 2P""","=""1/2""","=""3d2.(3F).4p""","=""z 4D*""","=""3/2""",2,4,,"=""T7385""","=""u37""",
Ti,2,"=""439.50312""","=""0.00004""","=""439.503121""","=""0.000018""","=""2090""","=""9.4e+06""",D,"=""8744.3406""","=""31490.9177""","=""3d2.(1D).4s""","=""a 2D""","=""5/2""","=""3d2.(3F).4p""","=""z 2F*""","=""7/2""",6,8,,"=""T2403n""","=""u37""",
Ti,2,"=""439.58390""","=""0.00004""","=""439.583939""","=""0.000023""","=""45""","=""5.09e+05""",B,"=""10024.8009""","=""32767.1961""","=""3d2.(3P).4s""","=""b 4P""","=""5/2""","=""3d2.(3F).4p""","=""z 4D*""","=""7/2""",6,8,,"=""T7385""","=""u37""",
Ti,2,"=""439.8292""","=""0.0003""","=""439.82893""","=""0.00006""","=""7""","=""1.91e+05""",C+,"=""9872.899""","=""32602.6265""","=""3d2.(3P).4s""","=""b 4P""","=""1/2""","=""3d2.(3F).4p""","=""z 4D*""","=""3/2""",2,4,,"=""T7385""","=""u37""",
Ti,2,"=""439.97652""","=""0.00004""","=""439.976525""","=""0.000018""","=""242""","=""3.74e+06""",B+,"=""9975.9994""","=""32698.1022""","=""3d3""","=""a 2P""","=""3/2""","=""3d2.(3F).4p""","=""z 4D*""","=""5/2""",4,6,,"=""T7385""","=""u37""",
Ti,3,"=""440.0570""","=""""","=""440.055+""","=""""","=""4""","=""3.4e+07""",D,"=""147212.77""","=""169930.80""","=""3p6.3d.5p""","=""1D*""","=""2""","=""3p6.3d.6s""","=""3D""","=""2""",5,5,,"=""T1216""","=""L3593""",
Ti,3,"=""440.6197""","=""""","=""440.619+""","=""""","=""4""","=""5.1e+07""",D,"=""159991.54""","=""182680.53""","=""3p6.3d.4f""","=""3P*""","=""2""","=""3p6.3d.(2D<5/2>).5g""","=""2[3/2]""","=""2""",5,5,,"=""T1216""","=""L3593""",
Ti,2,"=""440.7672""","=""0.0002""","=""440.76727""","=""0.00003""","=""9""","=""4.14e+05""",C+,"=""9851.0145""","=""32532.3542""","=""3d3""","=""a 2P""","=""1/2""","=""3d2.(3F).4p""","=""z 4D*""","=""1/2""",2,2,,"=""T7385""","=""u37""",
Ti,2,"=""440.9235""","=""0.0005""","=""440.923536""","=""0.000018""","=""4""","=""1.30e+05""",C',"=""10024.8009""","=""32698.1022""","=""3d2.(3P).4s""","=""b 4P""","=""5/2""","=""3d2.(3F).4p""","=""z 4D*""","=""5/2""",6,6,,"=""T7385""","=""u37""",
Ti,2,"=""440.9520""","=""0.0003""","=""440.951764""","=""0.000018""","=""8""","=""3.67e+05""",C+,"=""9930.7766""","=""32602.6265""","=""3d2.(3P).4s""","=""b 4P""","=""3/2""","=""3d2.(3F).4p""","=""z 4D*""","=""3/2""",4,4,,"=""T7385""","=""u37""",
Ti,2,"=""441.10724""","=""0.00004""","=""441.10727""","=""0.00003""","=""60""","=""1.23e+07""",B+,"=""24961.1910""","=""47625.0485""","=""3d.4s2""","=""c 2D""","=""3/2""","=""3d2.(1G).4p""","=""x 2F*""","=""5/2""",4,6,,"=""T7385""","=""u37""",
Ti,2,"=""441.1929""","=""0.0003""","=""441.19297""","=""0.00006""","=""7""","=""5.12e+05""",C+,"=""9872.899""","=""32532.3542""","=""3d2.(3P).4s""","=""b 4P""","=""1/2""","=""3d2.(3F).4p""","=""z 4D*""","=""1/2""",2,2,,"=""T7385""","=""u37""",
Ti,1,"=""441.7274""","=""0.0002""","=""441.72734""","=""0.00010""","=""720""","=""3.6e+07""",D,"=""15220.393""","=""37852.437""","=""3d3.(2G).4s""","=""a 3G""","=""5""","=""3d3.(2D2).4p""","=""u 3F*""","=""4""",11,9,,"=""T2773n""","=""L10989""",
Ti,2,"=""441.77137""","=""0.00004""","=""441.77134""","=""0.00003""","=""353""","=""2.1e+06""",D,"=""9395.8020""","=""32025.5915""","=""3d3""","=""a 4P""","=""3/2""","=""3d2.(3F).4p""","=""z 2D*""","=""5/2""",4,6,,"=""T2403n""","=""u37""",
Ti,2,"=""441.83313""","=""0.00006""","=""441.833089""","=""0.000018""","=""37""","=""9.26e+05""",B,"=""9975.9994""","=""32602.6265""","=""3d3""","=""a 2P""","=""3/2""","=""3d2.(3F).4p""","=""z 4D*""","=""3/2""",4,4,,"=""T7385""","=""u37""",
Ti,2,"=""442.19384""","=""0.00006""","=""442.193780""","=""0.000022""","=""32""","=""1.85e+06""",B,"=""16625.2441""","=""39233.4153""","=""3d2.(3P).4s""","=""b 2P""","=""3/2""","=""3d2.(1D).4p""","=""z 2P*""","=""3/2""",4,4,,"=""T7385""","=""u37""",
Ti,3,"=""442.4399""","=""""","=""442.440+""","=""""","=""9""","=""1.5e+07""",D,"=""159991.54""","=""182587.12""","=""3p6.3d.4f""","=""3P*""","=""2""","=""3p6.3d.(2D<5/2>).5g""","=""2[5/2]""","=""3""",5,7,,"=""T1216""","=""L3593""",
Ti,2,"=""442.788""","=""""","=""442.788119""","=""0.000018""","="":""","=""6.3e+04""",D,"=""10024.8009""","=""32602.6265""","=""3d2.(3P).4s""","=""b 4P""","=""5/2""","=""3d2.(3F).4p""","=""z 4D*""","=""3/2""",6,4,,"=""T4502""","=""""",
Ti,2,"=""443.210""","=""""","=""443.209604""","=""0.000022""","="":""","=""1.3e+06""",D,"=""9975.9994""","=""32532.3542""","=""3d3""","=""a 2P""","=""3/2""","=""3d2.(3F).4p""","=""z 4D*""","=""1/2""",4,2,,"=""T2403n""","=""""",
Ti,3,"=""443.3912""","=""""","=""443.392+""","=""""","=""11""","=""1.8e+08""",D,"=""160054.90""","=""182601.96""","=""3p6.3d.4f""","=""1H*""","=""5""","=""3p6.3d.(2D<5/2>).5g""","=""2[13/2]""","=""6""",11,13,,"=""T1216""","=""L3593,L11926""",
Ti,3,"=""444.0657""","=""""","=""444.059+""","=""""","=""4""","=""1.2e+08""",D,"=""160167.06""","=""182680.27""","=""3p6.3d.4f""","=""3P*""","=""0""","=""3p6.3d.(2D<5/2>).5g""","=""2[3/2]""","=""1""",1,3,,"=""T1216""","=""L3593""",
Ti,1,"=""444.1266""","=""0.0002""","=""444.12660""","=""0.00008""","=""120""","=""6.1e+06""",D,"=""15108.111""","=""37617.894""","=""3d3.(2G).4s""","=""a 3G""","=""3""","=""3d3.(2G).4p""","=""v 3G*""","=""4""",7,9,,"=""T4401n""","=""L10989""",
Ti,2,"=""444.17290""","=""0.00006""","=""444.17284""","=""0.00003""","=""29""","=""2.2e+05""",D,"=""9518.1516""","=""32025.5915""","=""3d3""","=""a 4P""","=""5/2""","=""3d2.(3F).4p""","=""z 2D*""","=""5/2""",6,6,,"=""T2403n""","=""u37""",
Ti,2,"=""444.38007""","=""0.00004""","=""444.380077""","=""0.000020""","=""1460""","=""1.08e+07""",A',"=""8710.5675""","=""31207.5111""","=""3d2.(1D).4s""","=""a 2D""","=""3/2""","=""3d2.(3F).4p""","=""z 2F*""","=""5/2""",4,6,,"=""T7385""","=""u37""",
Ti,2,"=""444.45546""","=""0.00006""","=""444.455415""","=""0.000022""","=""38""","=""3.9e+05""",D,"=""8997.7874""","=""31490.9177""","=""3d3""","=""a 2G""","=""7/2""","=""3d2.(3F).4p""","=""z 2F*""","=""7/2""",8,8,,"=""T4502""","=""u37""",
Ti,3,"=""444.6559""","=""""","=""444.655+""","=""""","=""5""","=""6.0e+07""",D,"=""160104.61""","=""182587.62""","=""3p6.3d.4f""","=""3P*""","=""1""","=""3p6.3d.(2D<5/2>).5g""","=""2[5/2]""","=""2""",3,5,,"=""T1216""","=""L3593""",
Ti,1,"=""444.9143""","=""0.0002""","=""444.91425""","=""0.00010""","=""2200""","=""9.7e+07""",D,"=""15220.393""","=""37690.327""","=""3d3.(2G).4s""","=""a 3G""","=""5""","=""3d3.(2G).4p""","=""v 3G*""","=""5""",11,11,,"=""T2773n""","=""L10989""",
Ti,2,"=""445.04822""","=""0.00004""","=""445.048208""","=""0.000020""","=""230""","=""1.70e+06""",A',"=""8744.3406""","=""31207.5111""","=""3d2.(1D).4s""","=""a 2D""","=""5/2""","=""3d2.(3F).4p""","=""z 2F*""","=""5/2""",6,6,,"=""T7385""","=""u37""",
Ti,1,"=""445.0894""","=""0.0002""","=""445.08939""","=""0.00008""","=""1600""","=""9.6e+07""",D,"=""15156.802""","=""37617.894""","=""3d3.(2G).4s""","=""a 3G""","=""4""","=""3d3.(2G).4p""","=""v 3G*""","=""4""",9,9,,"=""T2773n""","=""L10989""",
Ti,1,"=""445.3313""","=""0.0002""","=""445.33128""","=""0.00008""","=""1400""","=""5.98e+07""",C+,"=""11531.761""","=""33980.653""","=""3d3.(4F).4s""","=""b 3F""","=""2""","=""3d2.(1G).4s.4p.(3P*)""","=""v 3F*""","=""2""",5,5,,"=""T4922""","=""L10989""",
Ti,1,"=""445.3699""","=""0.0002""","=""445.36987""","=""0.00008""","=""1000""","=""4.7e+07""",D,"=""15108.111""","=""37555.058""","=""3d3.(2G).4s""","=""a 3G""","=""3""","=""3d3.(2G).4p""","=""v 3G*""","=""3""",7,7,,"=""T2773n""","=""L10989""",
Ti,1,"=""445.5318""","=""0.0002""","=""445.53168""","=""0.00008""","=""1900""","=""4.8e+07""",D,"=""11639.8109""","=""34078.606""","=""3d3.(4F).4s""","=""b 3F""","=""3""","=""3d2.(1G).4s.4p.(3P*)""","=""v 3F*""","=""3""",7,7,,"=""T2773n""","=""L10989""",
Ti,2,"=""445.6649""","=""0.0006""","=""445.66498""","=""0.00003""","=""8""","=""1.21e+06""",D+,"=""25192.9650""","=""47625.0485""","=""3d.4s2""","=""c 2D""","=""5/2""","=""3d2.(1G).4p""","=""x 2F*""","=""5/2""",6,6,,"=""T7385""","=""L17999""",
Ti,1,"=""445.7427""","=""0.0002""","=""445.74268""","=""0.00008""","=""2600""","=""5.6e+07""",D,"=""11776.812""","=""34204.985""","=""3d3.(4F).4s""","=""b 3F""","=""4""","=""3d2.(1G).4s.4p.(3P*)""","=""v 3F*""","=""4""",9,9,,"=""T2773n""","=""L10989""",
Ti,1,"=""446.2088""","=""0.0002""","=""446.20891""","=""0.00006""","=""130""","=""4.28e+04""",A,"=""0.000""","=""22404.739""","=""3d2.4s2""","=""a 3F""","=""2""","=""3d2.(3F).4s.4p.(3P*)""","=""z 1F*""","=""3""",5,7,,"=""T7574""","=""L10989""",
Ti,3,"=""446.2558""","=""""","=""446.256+""","=""""","=""4""","=""4.1e+07""",D,"=""147212.77""","=""169615.12""","=""3p6.3d.5p""","=""1D*""","=""2""","=""3p6.3d.5d""","=""3F""","=""2""",5,5,,"=""T1216""","=""L3593""",
Ti,2,"=""446.44486""","=""0.00004""","=""446.44486""","=""0.00003""","=""92""","=""7.0e+05""",D,"=""9363.7425""","=""31756.6406""","=""3d3""","=""a 4P""","=""1/2""","=""3d2.(3F).4p""","=""z 2D*""","=""3/2""",2,4,,"=""T2403n""","=""u37""",
Ti,1,"=""446.5806""","=""0.0002""","=""446.58054""","=""0.00014""","=""610""","=""3.28e+07""",C+,"=""14028.436""","=""36414.531""","=""3d3.(4P).4s""","=""a 5P""","=""2""","=""3d3.(4P).4p""","=""y 5P*""","=""3""",5,7,,"=""T4922""","=""L10989""",
Ti,3,"=""446.6078""","=""""","=""446.608+""","=""""","=""3""","=""3.8e+07""",D,"=""160054.90""","=""182439.62""","=""3p6.3d.4f""","=""1H*""","=""5""","=""3p6.3d.(2D<5/2>).5g""","=""2[11/2]""","=""6""",11,13,,"=""T1216""","=""L3593""",
Ti,3,"=""446.6693""","=""""","=""446.671+""","=""""","=""1""","=""1.2e+07""",D,"=""160054.90""","=""182436.46""","=""3p6.3d.4f""","=""1H*""","=""5""","=""3p6.3d.(2D<5/2>).5g""","=""2[11/2]""","=""5""",11,11,,"=""T1216""","=""L3593""",
Ti,2,"=""446.84924""","=""0.00004""","=""446.84926""","=""0.00003""","=""1540""","=""1.0e+07""",D,"=""9118.2849""","=""31490.9177""","=""3d3""","=""a 2G""","=""9/2""","=""3d2.(3F).4p""","=""z 2F*""","=""7/2""",10,8,,"=""T3853""","=""u37""",
Ti,2,"=""446.91500""","=""0.00012""","=""446.915125""","=""0.000018""","=""16""","=""1.93e+05""",C+,"=""8744.3406""","=""31113.6764""","=""3d2.(1D).4s""","=""a 2D""","=""5/2""","=""3d2.(3F).4p""","=""z 4F*""","=""7/2""",6,8,,"=""T7385""","=""u37""",
Ti,2,"=""447.08535""","=""0.00016""","=""447.08496""","=""0.00004""","=""11""","=""4.4e+05""",D,"=""9395.8020""","=""31756.6406""","=""3d3""","=""a 4P""","=""3/2""","=""3d2.(3F).4p""","=""z 2D*""","=""3/2""",4,4,,"=""T2403n""","=""L9190""",
Ti,3,"=""448.0359""","=""""","=""448.036+""","=""""","=""3""","=""7.3e+07""",D,"=""147562.14""","=""169875.52""","=""3p6.3d.5p""","=""3D*""","=""1""","=""3p6.3d.6s""","=""3D""","=""1""",3,3,,"=""T1216""","=""L3593""",
Ti,1,"=""448.1259""","=""0.0002""","=""448.12592""","=""0.00014""","=""1200""","=""5.7e+07""",D,"=""14105.634""","=""36414.531""","=""3d3.(4P).4s""","=""a 5P""","=""3""","=""3d3.(4P).4p""","=""y 5P*""","=""3""",7,7,,"=""T2773n""","=""L10989""",
Ti,2,"=""448.83247""","=""0.00004""","=""448.83239""","=""0.00003""","=""90""","=""1.28e+07""",B+,"=""25192.9650""","=""47466.7479""","=""3d.4s2""","=""c 2D""","=""5/2""","=""3d2.(1G).4p""","=""x 2F*""","=""7/2""",6,8,,"=""T7385""","=""u37""",
Ti,2,"=""449.3523""","=""0.0003""","=""449.352199""","=""0.000018""","=""7""","=""1.0e+05""",D,"=""8710.5675""","=""30958.5846""","=""3d2.(1D).4s""","=""a 2D""","=""3/2""","=""3d2.(3F).4p""","=""z 4F*""","=""5/2""",4,6,,"=""T4502""","=""u37""",
Ti,1,"=""449.6145""","=""0.0002""","=""449.61448""","=""0.00012""","=""610""","=""4.4e+07""",D,"=""14105.634""","=""36340.673""","=""3d3.(4P).4s""","=""a 5P""","=""3""","=""3d3.(4P).4p""","=""y 5P*""","=""2""",7,5,,"=""T2773n""","=""L10989""",
Ti,1,"=""449.6234""","=""0.0002""","=""449.62323""","=""0.00008""","=""250""","=""1.1e+05""",C,"=""170.1328""","=""22404.739""","=""3d2.4s2""","=""a 3F""","=""3""","=""3d2.(3F).4s.4p.(3P*)""","=""z 1F*""","=""3""",7,7,,"=""T3499n""","=""L10989""",
Ti,3,"=""449.6510""","=""""","=""449.652+""","=""""","=""4""","=""3.7e+07""",D,"=""159991.54""","=""182224.72""","=""3p6.3d.4f""","=""3P*""","=""2""","=""3p6.3d.(2D<3/2>).5g""","=""2[5/2]""","=""3""",5,7,,"=""T1216""","=""L3593""",
Ti,2,"=""450.12699""","=""0.00004""","=""450.126972""","=""0.000022""","=""1170""","=""9.37e+06""",A',"=""8997.7874""","=""31207.5111""","=""3d3""","=""a 2G""","=""7/2""","=""3d2.(3F).4p""","=""z 2F*""","=""5/2""",8,6,,"=""T7385""","=""u37""",
Ti,2,"=""450.67398""","=""0.00016""","=""450.67371""","=""0.00003""","=""""","=""1.6e+04""",D,"=""9118.2849""","=""31301.0653""","=""3d3""","=""a 2G""","=""9/2""","=""3d2.(3F).4p""","=""z 4F*""","=""9/2""",10,10,,"=""T4502""","=""L9190""",
Ti,1,"=""451.2733""","=""0.0002""","=""451.27339""","=""0.00010""","=""3000""","=""9.86e+06""",C+,"=""6742.756""","=""28896.059""","=""3d3.(4F).4s""","=""a 5F""","=""4""","=""3d3.(4F).4p""","=""y 5F*""","=""5""",9,11,,"=""T4294""","=""L10989""",
Ti,1,"=""451.8022""","=""0.0002""","=""451.80220""","=""0.00008""","=""3700""","=""1.72e+07""",C+,"=""6661.006""","=""28788.380""","=""3d3.(4F).4s""","=""a 5F""","=""3""","=""3d3.(4F).4p""","=""y 5F*""","=""4""",7,9,,"=""T4294""","=""L10989""",
Ti,1,"=""451.8689""","=""0.0002""","=""451.86890""","=""0.00008""","=""380""","=""6.5e+06""",D,"=""11531.761""","=""33655.869""","=""3d3.(4F).4s""","=""b 3F""","=""2""","=""3d3.(4F).4p""","=""w 3F*""","=""2""",5,5,,"=""T4401n""","=""L10989""",
Ti,3,"=""451.942""","=""""","=""451.943+""","=""""","=""2""","=""1.6e+07""",D,"=""160104.61""","=""182225.09""","=""3p6.3d.4f""","=""3P*""","=""1""","=""3p6.3d.(2D<3/2>).5g""","=""2[5/2]""","=""2""",3,5,,"=""T1216""","=""L3593""",
Ti,3,"=""452.0375""","=""""","=""452.038+""","=""""","=""6""","=""4.8e+07""",D,"=""160054.90""","=""182170.72""","=""3p6.3d.4f""","=""1H*""","=""5""","=""3p6.3d.(2D<3/2>).5g""","=""2[11/2]""","=""6""",11,13,,"=""T1216""","=""L3593""",
Ti,3,"=""452.1146""","=""""","=""452.116+""","=""""","=""2""","=""4.4e+06""",D,"=""160054.90""","=""182166.91""","=""3p6.3d.4f""","=""1H*""","=""5""","=""3p6.3d.(2D<3/2>).5g""","=""2[11/2]""","=""5""",11,11,,"=""T1216""","=""L3593""",
Ti,1,"=""452.2797""","=""0.0002""","=""452.27970""","=""0.00008""","=""3500""","=""1.9e+07""",D,"=""6598.765""","=""28702.778""","=""3d3.(4F).4s""","=""a 5F""","=""2""","=""3d3.(4F).4p""","=""y 5F*""","=""3""",5,7,,"=""T2773n""","=""L10989""",
Ti,1,"=""452.7305""","=""0.0002""","=""452.73041""","=""0.00008""","=""2300""","=""2.2e+07""",D,"=""6556.833""","=""28638.841""","=""3d3.(4F).4s""","=""a 5F""","=""1""","=""3d3.(4F).4p""","=""y 5F*""","=""2""",3,5,,"=""T2773n""","=""L10989""",
Ti,2,"=""452.94799""","=""0.00004""","=""452.94799""","=""0.00003""","=""58""","=""7.48e+05""",B+,"=""12677.1050""","=""34748.5062""","=""3d3""","=""a 2H""","=""9/2""","=""3d2.(3F).4p""","=""z 2G*""","=""9/2""",10,10,,"=""T7385""","=""u37""",
Ti,1,"=""453.3240""","=""0.0002""","=""453.32394""","=""0.00012""","=""9200""","=""8.83e+07""",C+,"=""6842.962""","=""28896.059""","=""3d3.(4F).4s""","=""a 5F""","=""5""","=""3d3.(4F).4p""","=""y 5F*""","=""5""",11,11,,"=""T4294""","=""L10989""",
Ti,3,"=""""","=""""","=""453.3263""","=""""","=""""","=""1.5e+08""",D,"=""147562.14""","=""169615.12""","=""3p6.3d.5p""","=""3D*""","=""1""","=""3p6.3d.5d""","=""3F""","=""2""",3,5,,"=""T1216""","=""""",
Ti,2,"=""453.39600""","=""0.00004""","=""453.396001""","=""0.000021""","=""1650""","=""9.2e+06""",D,"=""9975.9994""","=""32025.5915""","=""3d3""","=""a 2P""","=""3/2""","=""3d2.(3F).4p""","=""z 2D*""","=""5/2""",4,6,,"=""T2403n""","=""u37""",
Ti,1,"=""453.4776""","=""0.0002""","=""453.47761""","=""0.00008""","=""7900""","=""6.87e+07""",C+,"=""6742.756""","=""28788.380""","=""3d3.(4F).4s""","=""a 5F""","=""4""","=""3d3.(4F).4p""","=""y 5F*""","=""4""",9,9,,"=""T4294""","=""L10989""",
Ti,2,"=""454.40164""","=""0.00014""","=""454.401727""","=""0.000021""","=""14""","=""2.1e+05""",D,"=""10024.8009""","=""32025.5915""","=""3d2.(3P).4s""","=""b 4P""","=""5/2""","=""3d2.(3F).4p""","=""z 2D*""","=""5/2""",6,6,,"=""T4502""","=""u37""",
Ti,1,"=""454.4687""","=""0.0002""","=""454.46871""","=""0.00010""","=""2300""","=""3.3e+07""",D,"=""6598.765""","=""28596.313""","=""3d3.(4F).4s""","=""a 5F""","=""2""","=""3d3.(4F).4p""","=""y 5F*""","=""1""",5,3,,"=""T2773n""","=""L10989""",
Ti,1,"=""454.8110""","=""0.0002""","=""454.81101""","=""0.00006""","=""40""","=""8.4e+06""",D,"=""20126.062""","=""42107.0545""","=""3d2.(3F).4s.4p.(3P*)""","=""z 3D*""","=""3""","=""3d2.4s.(4F).4d""","=""g 3F""","=""4""",7,9,,"=""T4401n""","=""L10989""",
Ti,1,"=""454.8763""","=""0.0002""","=""454.87635""","=""0.00008""","=""3400""","=""2.85e+07""",C+,"=""6661.006""","=""28638.841""","=""3d3.(4F).4s""","=""a 5F""","=""3""","=""3d3.(4F).4p""","=""y 5F*""","=""2""",7,5,,"=""T4294""","=""L10989""",
Ti,2,"=""454.96216""","=""0.00004""","=""454.96217""","=""0.00003""","=""2020""","=""2.53e+07""",B+,"=""12774.8168""","=""34748.5062""","=""3d3""","=""a 2H""","=""11/2""","=""3d2.(3F).4p""","=""z 2G*""","=""9/2""",12,10,,"=""T7385""","=""u37""",
Ti,1,"=""455.2454""","=""0.0002""","=""455.24533""","=""0.00008""","=""3400""","=""2.1e+07""",D,"=""6742.756""","=""28702.778""","=""3d3.(4F).4s""","=""a 5F""","=""4""","=""3d3.(4F).4p""","=""y 5F*""","=""3""",9,7,,"=""T2773n""","=""L10989""",
Ti,3,"=""455.5456""","=""""","=""455.545+""","=""""","=""10bl""","=""2.3e+07""",D,"=""136339.74""","=""158285.34""","=""3p6.3d.4d""","=""1G""","=""4""","=""3p6.3d.4f""","=""1G*""","=""4""",9,9,,"=""T1216""","=""L3593,L11926""",
Ti,1,"=""455.5484""","=""0.0002""","=""455.54829""","=""0.00008""","=""2700""","=""1.16e+07""",C+,"=""6842.962""","=""28788.380""","=""3d3.(4F).4s""","=""a 5F""","=""5""","=""3d3.(4F).4p""","=""y 5F*""","=""4""",11,9,,"=""T4294""","=""L10989""",
Ti,1,"=""456.2626""","=""0.0002""","=""456.26271""","=""0.00008""","=""380""","=""1.63e+05""",A,"=""170.1328""","=""22081.189""","=""3d2.4s2""","=""a 3F""","=""3""","=""3d2.(3F).4s.4p.(3P*)""","=""z 1D*""","=""2""",7,5,,"=""T7574""","=""L10989""",
Ti,1,"=""456.3423""","=""0.0002""","=""456.34234""","=""0.00010""","=""120""","=""2.1e+07""",D,"=""19573.974""","=""41481.207""","=""3d2.(3F).4s.4p.(3P*)""","=""z 3F*""","=""4""","=""3d2.4s.(2F).5s""","=""3F""","=""4""",9,9,,"=""T4401n""","=""L10989""",
Ti,2,"=""456.37575""","=""0.00004""","=""456.37581""","=""0.00003""","=""1050""","=""8.8e+06""",D,"=""9851.0145""","=""31756.6406""","=""3d3""","=""a 2P""","=""1/2""","=""3d2.(3F).4p""","=""z 2D*""","=""3/2""",2,4,,"=""T2403n""","=""u37""",
Ti,2,"=""456.8324""","=""0.0002""","=""456.83221""","=""0.00006""","=""10""","=""1.8e+05""",D,"=""9872.899""","=""31756.6406""","=""3d2.(3P).4s""","=""b 4P""","=""1/2""","=""3d2.(3F).4p""","=""z 2D*""","=""3/2""",2,4,,"=""T4502""","=""u37""",
Ti,3,"=""""","=""""","=""457.080""","=""""","=""""","=""1.0e-01""",E,"=""10603.6""","=""32475.5""","=""3p6.3d2""","=""3P""","=""1""","=""3p6.3d2""","=""1S""","=""0""",3,1,M1,"=""T1610""","=""""",
Ti,2,"=""457.19713""","=""0.00004""","=""457.19713""","=""0.00003""","=""1700""","=""1.92e+07""",B+,"=""12677.1050""","=""34543.3799""","=""3d3""","=""a 2H""","=""9/2""","=""3d2.(3F).4p""","=""z 2G*""","=""7/2""",10,8,,"=""T7385""","=""u37""",
Ti,3,"=""457.6532""","=""""","=""457.653+""","=""""","=""9""","=""1.3e+08""",D,"=""148410.24""","=""170254.75""","=""3p6.3d.5p""","=""3F*""","=""4""","=""3p6.3d.6s""","=""3D""","=""3""",9,7,,"=""T1216""","=""L3593""",
Ti,3,"=""457.8521""","=""""","=""457.852+""","=""""","=""7""","=""7.9e+07""",D,"=""140019.24""","=""161854.24""","=""3p6.3d.4d""","=""1S""","=""0""","=""3p6.3d.4f""","=""1P*""","=""1""",1,3,,"=""T1216""","=""L3593""",
Ti,2,"=""458.0435""","=""0.0004""","=""458.043655""","=""0.000023""","=""6""","=""1.3e+05""",D,"=""9930.7766""","=""31756.6406""","=""3d2.(3P).4s""","=""b 4P""","=""3/2""","=""3d2.(3F).4p""","=""z 2D*""","=""3/2""",4,4,,"=""T2403n""","=""u37""",
Ti,2,"=""458.3409""","=""0.0002""","=""458.34091""","=""0.00004""","=""10""","=""1.0e+05""",D,"=""9395.8020""","=""31207.5111""","=""3d3""","=""a 4P""","=""3/2""","=""3d2.(3F).4p""","=""z 2F*""","=""5/2""",4,6,,"=""T4502""","=""u37""",
Ti,2,"=""458.99466""","=""0.00004""","=""458.994699""","=""0.000023""","=""132""","=""1.3e+06""",D,"=""9975.9994""","=""31756.6406""","=""3d3""","=""a 2P""","=""3/2""","=""3d2.(3F).4p""","=""z 2D*""","=""3/2""",4,4,,"=""T2403n""","=""u37""",
Ti,3,"=""""","=""""","=""459.550""","=""""","=""""","=""2.0e-02""",E,"=""10721.2""","=""32475.5""","=""3p6.3d2""","=""3P""","=""2""","=""3p6.3d2""","=""1S""","=""0""",5,1,E2,"=""T1610""","=""""",
Ti,2,"=""460.92659""","=""0.00017""","=""460.92645""","=""0.00003""","=""""","=""2.9e+04""",D,"=""9518.1516""","=""31207.5111""","=""3d3""","=""a 4P""","=""5/2""","=""3d2.(3F).4p""","=""z 2F*""","=""5/2""",6,6,,"=""T4502""","=""L9190""",
Ti,3,"=""461.1041""","=""""","=""461.104+""","=""""","=""3""","=""3.7e+07""",D,"=""148978.72""","=""170659.72""","=""3p6.3d.5p""","=""3P*""","=""1""","=""3p6.3d.5d""","=""3P""","=""1""",3,3,,"=""T1216""","=""L3593""",
Ti,1,"=""461.7268""","=""0.0003""","=""461.72689""","=""0.00017""","=""2600""","=""8.51e+07""",C+,"=""14105.634""","=""35757.394""","=""3d3.(4P).4s""","=""a 5P""","=""3""","=""3d3.(4P).4p""","=""w 5D*""","=""4""",7,9,,"=""T4922""","=""L10989""",
Ti,3,"=""461.9782""","=""""","=""461.978+""","=""""","=""6""","=""5.6e+07""",D,"=""149019.75""","=""170659.72""","=""3p6.3d.5p""","=""3P*""","=""0""","=""3p6.3d.5d""","=""3P""","=""1""",1,3,,"=""T1216""","=""L3593""",
Ti,1,"=""462.3097""","=""0.0003""","=""462.30972""","=""0.00013""","=""1500""","=""5.74e+07""",C+,"=""14028.436""","=""35652.900""","=""3d3.(4P).4s""","=""a 5P""","=""2""","=""3d3.(4P).4p""","=""w 5D*""","=""3""",5,7,,"=""T4922""","=""L10989""",
Ti,3,"=""462.8067""","=""""","=""462.807+""","=""""","=""6""","=""1.5e+08""",D,"=""148978.72""","=""170579.96""","=""3p6.3d.5p""","=""3P*""","=""1""","=""3p6.3d.5d""","=""3P""","=""0""",3,1,,"=""T1216""","=""L3593""",
Ti,2,"=""462.929""","=""""","=""462.92925""","=""0.00003""","="":""","=""2.2e+05""",D,"=""9518.1516""","=""31113.6764""","=""3d3""","=""a 4P""","=""5/2""","=""3d2.(3F).4p""","=""z 4F*""","=""7/2""",6,8,,"=""T2403n""","=""""",
Ti,1,"=""463.9940""","=""0.0003""","=""463.99388""","=""0.00019""","=""760""","=""6.64e+07""",C+,"=""13981.773""","=""35527.748""","=""3d3.(4P).4s""","=""a 5P""","=""1""","=""3d3.(4P).4p""","=""w 5D*""","=""1""",3,3,,"=""T4922""","=""L10989""",
Ti,1,"=""464.0415""","=""0.0003""","=""464.04180""","=""0.00024""","=""49""","=""5.0e+07""",D,"=""18825.782""","=""40369.532""","=""3d3.(4P).4s""","=""c 3P""","=""1""","=""3d.4s2.4p""","=""v 3P*""","=""0""",3,1,,"=""T4401n""","=""L10989""",
Ti,1,"=""464.5189""","=""0.0003""","=""464.5188""","=""0.0003""","=""340""","=""8.57e+07""",C+,"=""13981.773""","=""35503.399""","=""3d3.(4P).4s""","=""a 5P""","=""1""","=""3d3.(4P).4p""","=""w 5D*""","=""0""",3,1,,"=""T4922""","=""L10989""",
Ti,3,"=""464.9452""","=""""","=""464.946+""","=""""","=""10""","=""8.6e+07""",D,"=""148410.24""","=""169912.11""","=""3p6.3d.5p""","=""3F*""","=""4""","=""3p6.3d.5d""","=""3F""","=""4""",9,9,,"=""T1216""","=""L3593,L11926""",
Ti,1,"=""465.0010""","=""0.0003""","=""465.00097""","=""0.00019""","=""270""","=""2.6e+07""",D,"=""14028.436""","=""35527.748""","=""3d3.(4P).4s""","=""a 5P""","=""2""","=""3d3.(4P).4p""","=""w 5D*""","=""1""",5,3,,"=""T4401n""","=""L10989""",
Ti,3,"=""465.2861""","=""""","=""465.286+""","=""""","=""12""","=""2.6e+08""",D,"=""149655.77""","=""171141.93""","=""3p6.3d.5p""","=""1F*""","=""3""","=""3p6.3d.5d""","=""1G""","=""4""",7,9,,"=""T1216""","=""L3593,L11926""",
Ti,1,"=""465.6043""","=""0.0003""","=""465.60433""","=""0.00020""","=""110""","=""9.3e+06""",D,"=""14105.634""","=""35577.086""","=""3d3.(4P).4s""","=""a 5P""","=""3""","=""3d3.(4P).4p""","=""w 5D*""","=""2""",7,5,,"=""T4401n""","=""L10989""",
Ti,1,"=""465.6468""","=""0.0003""","=""465.64693""","=""0.00007""","=""8400""","=""2.29e+06""",A,"=""0.000""","=""21469.488""","=""3d2.4s2""","=""a 3F""","=""2""","=""3d2.(3F).4s.4p.(3P*)""","=""z 3G*""","=""3""",5,7,,"=""T7574""","=""L10989""",
Ti,2,"=""465.72005""","=""0.00007""","=""465.720056""","=""0.000020""","=""33""","=""2.7e+05""",D,"=""10024.8009""","=""31490.9177""","=""3d2.(3P).4s""","=""b 4P""","=""5/2""","=""3d2.(3F).4p""","=""z 2F*""","=""7/2""",6,8,,"=""T4502""","=""u37""",
Ti,1,"=""466.7584""","=""0.0003""","=""466.75845""","=""0.00009""","=""10000""","=""2.51e+06""",A,"=""170.1328""","=""21588.495""","=""3d2.4s2""","=""a 3F""","=""3""","=""3d2.(3F).4s.4p.(3P*)""","=""z 3G*""","=""4""",7,9,,"=""T7574""","=""L10989""",
Ti,3,"=""467.3396""","=""""","=""467.340+""","=""""","=""8""","=""9.1e+07""",D,"=""149267.99""","=""170659.72""","=""3p6.3d.5p""","=""3P*""","=""2""","=""3p6.3d.5d""","=""3P""","=""1""",5,3,,"=""T1216""","=""L3593""",
Ti,1,"=""467.5116""","=""0.0003""","=""467.51167""","=""0.00009""","=""200""","=""1.85e+06""",C+,"=""8602.3441""","=""29986.199""","=""3d2.4s2""","=""a 3P""","=""2""","=""3d3.(4F).4p""","=""x 5D*""","=""3""",5,7,,"=""T4294""","=""L10989""",
Ti,3,"=""468.0580""","=""""","=""468.058+""","=""""","=""4""","=""8.3e+06""",D,"=""148410.24""","=""169769.13""","=""3p6.3d.5p""","=""3F*""","=""4""","=""3p6.3d.5d""","=""3F""","=""3""",9,7,,"=""T1216""","=""L3593""",
Ti,1,"=""468.1908""","=""0.0003""","=""468.19089""","=""0.00009""","=""13000""","=""2.71e+06""",A,"=""386.874""","=""21739.707""","=""3d2.4s2""","=""a 3F""","=""4""","=""3d2.(3F).4s.4p.(3P*)""","=""z 3G*""","=""5""",9,11,,"=""T7574""","=""L10989""",
Ti,1,"=""469.0795""","=""0.0003""","=""469.07929""","=""0.00009""","=""76""","=""4.4e+05""",D,"=""8602.3441""","=""29914.737""","=""3d2.4s2""","=""a 3P""","=""2""","=""3d2.(1G).4s.4p.(3P*)""","=""x 3G*""","=""3""",5,7,,"=""T4401n""","=""L10989""",
Ti,1,"=""469.3664""","=""0.0003""","=""469.36643""","=""0.00009""","=""330""","=""8.5e+04""",C,"=""170.1328""","=""21469.488""","=""3d2.4s2""","=""a 3F""","=""3""","=""3d2.(3F).4s.4p.(3P*)""","=""z 3G*""","=""3""",7,7,,"=""T3499n,T3430""","=""L10989""",
Ti,2,"=""470.86622""","=""0.00007""","=""470.866273""","=""0.000022""","=""31""","=""2.31e+05""",B',"=""9975.9994""","=""31207.5111""","=""3d3""","=""a 2P""","=""3/2""","=""3d2.(3F).4p""","=""z 2F*""","=""5/2""",4,6,,"=""T7385""","=""u37""",
Ti,1,"=""471.5299""","=""0.0003""","=""471.53012""","=""0.00009""","=""300""","=""6.9e+04""",C,"=""386.874""","=""21588.495""","=""3d2.4s2""","=""a 3F""","=""4""","=""3d2.(3F).4s.4p.(3P*)""","=""z 3G*""","=""4""",9,9,,"=""T3499n,T3430""","=""L10989""",
Ti,3,"=""472.090""","=""""","=""472.091+""","=""""","=""3""","=""3.1e+07""",D,"=""149403.52""","=""170579.96""","=""3p6.3d.5p""","=""1P*""","=""1""","=""3p6.3d.5d""","=""3P""","=""0""",3,1,,"=""T1216""","=""L3593""",
Ti,1,"=""472.2606""","=""0.0003""","=""472.26059""","=""0.00009""","=""220""","=""4.7e+06""",D,"=""8492.422""","=""29661.250""","=""3d2.4s2""","=""a 3P""","=""1""","=""3d2.(3F).4s.4p.(1P*)""","=""w 3D*""","=""1""",3,3,,"=""T4401n""","=""L10989""",
Ti,3,"=""473.111""","=""""","=""473.109+""","=""""","=""5bl""","=""3.6e+07""",D,"=""147212.77""","=""168343.62""","=""3p6.3d.5p""","=""1D*""","=""2""","=""3p6.3d.5d""","=""1P""","=""1""",5,3,,"=""T1216""","=""L3593""",
Ti,1,"=""474.22953""","=""0.00018""","=""474.23016""","=""0.00011""","=""""","=""3.2e+06""",D,"=""11776.812""","=""32857.723""","=""3d3.(4F).4s""","=""b 3F""","=""4""","=""3d2.(1D).4s.4p.(1P*)""","=""y 1F*""","=""3""",9,7,,"=""T4401n""","=""L9190""",
Ti,1,"=""474.2789""","=""0.0003""","=""474.27892""","=""0.00014""","=""870""","=""5.3e+07""",D,"=""18037.213""","=""39115.957""","=""3d3.(2H).4s""","=""a 3H""","=""4""","=""3d3.(2H).4p""","=""x 3H*""","=""4""",9,9,,"=""T4401n""","=""L10989""",
Ti,1,"=""475.8118""","=""0.0003""","=""475.81178""","=""0.00014""","=""1600""","=""7.13e+07""",C+,"=""18141.265""","=""39152.103""","=""3d3.(2H).4s""","=""a 3H""","=""5""","=""3d3.(2H).4p""","=""x 3H*""","=""5""",11,11,,"=""T4922""","=""L10989""",
Ti,1,"=""475.8900""","=""0.0003""","=""475.89013""","=""0.00009""","=""100""","=""1.8e+05""",C,"=""6742.756""","=""27750.135""","=""3d3.(4F).4s""","=""a 5F""","=""4""","=""3d2.(3F).4s.4p.(1P*)""","=""y 3G*""","=""5""",9,11,,"=""T3297""","=""L10989""",
Ti,1,"=""475.9269""","=""0.0003""","=""475.92697""","=""0.00016""","=""1800""","=""7.40e+07""",C+,"=""18192.570""","=""39198.323""","=""3d3.(2H).4s""","=""a 3H""","=""6""","=""3d3.(2H).4p""","=""x 3H*""","=""6""",13,13,,"=""T4922""","=""L10989""",
Ti,2,"=""476.2778""","=""0.0002""","=""476.277805""","=""0.000023""","=""9""","=""6.66e+04""",D+,"=""8744.3406""","=""29734.6206""","=""3d2.(1D).4s""","=""a 2D""","=""5/2""","=""3d2.(3F).4p""","=""z 4G*""","=""7/2""",6,8,,"=""T7385""","=""u37""",
Ti,3,"=""476.358""","=""""","=""476.358+""","=""""","=""6""","=""5.0e+07""",D,"=""149267.99""","=""170254.75""","=""3p6.3d.5p""","=""3P*""","=""2""","=""3p6.3d.6s""","=""3D""","=""3""",5,7,,"=""T1216""","=""L3593""",
Ti,2,"=""476.38833""","=""0.00011""","=""476.38832""","=""0.00003""","=""21""","=""3.21e+05""",C+,"=""9851.0145""","=""30836.4250""","=""3d3""","=""a 2P""","=""1/2""","=""3d2.(3F).4p""","=""z 4F*""","=""3/2""",2,4,,"=""T7385""","=""u37""",
Ti,1,"=""477.1096""","=""0.0003""","=""477.10990""","=""0.00009""","=""61""","=""1.4e+05""",C,"=""6661.006""","=""27614.679""","=""3d3.(4F).4s""","=""a 5F""","=""3""","=""3d2.(3F).4s.4p.(1P*)""","=""y 3G*""","=""4""",7,9,,"=""T3297,T3928""","=""L10989""",
Ti,3,"=""477.146""","=""""","=""477.146+""","=""""","=""6""","=""3.4e+07""",D,"=""148978.72""","=""169930.80""","=""3p6.3d.5p""","=""3P*""","=""1""","=""3p6.3d.6s""","=""3D""","=""2""",3,5,,"=""T1216""","=""L3593""",
Ti,1,"=""477.8255""","=""0.0003""","=""477.82547""","=""0.00014""","=""240""","=""2.0e+07""",D,"=""18037.213""","=""38959.507""","=""3d3.(2H).4s""","=""a 3H""","=""4""","=""3d3.(2G).4p""","=""x 1G*""","=""4""",9,9,,"=""T4401n""","=""L10989""",
Ti,2,"=""477.99789""","=""0.00005""","=""477.99793""","=""0.00004""","=""109""","=""6.2e+06""",D,"=""16515.9359""","=""37430.6814""","=""3d2.(3P).4s""","=""b 2P""","=""1/2""","=""3d2.(3P).4p""","=""z 2S*""","=""1/2""",2,2,,"=""T2403""","=""u37""",
Ti,1,"=""478.1711""","=""0.0003""","=""478.17106""","=""0.00009""","=""170""","=""2.9e+05""",C,"=""6842.962""","=""27750.135""","=""3d3.(4F).4s""","=""a 5F""","=""5""","=""3d2.(3F).4s.4p.(1P*)""","=""y 3G*""","=""5""",11,11,,"=""T3297,T3928""","=""L10989""",
Ti,1,"=""478.3306""","=""0.0003""","=""478.33021""","=""0.00011""","=""17""","=""6.2e+04""",C,"=""6598.765""","=""27498.982""","=""3d3.(4F).4s""","=""a 5F""","=""2""","=""3d2.(3F).4s.4p.(1P*)""","=""y 3G*""","=""3""",5,7,,"=""T3297,T3928""","=""L10989""",
Ti,3,"=""478.409""","=""""","=""478.408+""","=""""","=""2""","=""2.6e+07""",D,"=""148978.72""","=""169875.52""","=""3p6.3d.5p""","=""3P*""","=""1""","=""3p6.3d.6s""","=""3D""","=""1""",3,3,,"=""T1216""","=""L3593""",
Ti,1,"=""478.9788""","=""0.0003""","=""478.97864""","=""0.00009""","=""25""","=""4.5e+04""",C,"=""6742.756""","=""27614.679""","=""3d3.(4F).4s""","=""a 5F""","=""4""","=""3d2.(3F).4s.4p.(1P*)""","=""y 3G*""","=""4""",9,9,,"=""T3297""","=""L10989""",
Ti,3,"=""479.3503""","=""""","=""479.350+""","=""""","=""3""","=""2.9e+07""",D,"=""149019.75""","=""169875.52""","=""3p6.3d.5p""","=""3P*""","=""0""","=""3p6.3d.6s""","=""3D""","=""1""",1,3,,"=""T1216""","=""L3593""",
Ti,2,"=""479.4819""","=""0.0003""","=""479.48123""","=""0.00003""","=""""","=""2.6e+03""",D,"=""9118.2849""","=""29968.3304""","=""3d3""","=""a 2G""","=""9/2""","=""3d2.(3F).4p""","=""z 4G*""","=""9/2""",10,10,,"=""T4502""","=""L9190""",
Ti,2,"=""479.85316""","=""0.00014""","=""479.853126""","=""0.000021""","=""18""","=""1.01e+05""",C+',"=""8710.5675""","=""29544.4540""","=""3d2.(1D).4s""","=""a 2D""","=""3/2""","=""3d2.(3F).4p""","=""z 4G*""","=""5/2""",4,6,,"=""T7385""","=""u37""",
Ti,3,"=""480.0273""","=""""","=""480.028+""","=""""","=""4""","=""8.4e+07""",D,"=""161854.24""","=""182680.53""","=""3p6.3d.4f""","=""1P*""","=""1""","=""3p6.3d.(2D<5/2>).5g""","=""2[3/2]""","=""2""",3,5,,"=""T1216""","=""L3593""",
Ti,2,"=""480.50927""","=""0.00005""","=""480.50928""","=""0.00003""","=""216""","=""1.1e+07""",D,"=""16625.2441""","=""37430.6814""","=""3d2.(3P).4s""","=""b 2P""","=""3/2""","=""3d2.(3P).4p""","=""z 2S*""","=""1/2""",4,2,,"=""T2403""","=""u37""",
Ti,1,"=""480.5415""","=""0.0003""","=""480.54144""","=""0.00014""","=""510""","=""5.8e+07""",D,"=""18911.394""","=""39715.439""","=""3d3.(4P).4s""","=""c 3P""","=""2""","=""3d3.(2D2).4p""","=""s 3D*""","=""3""",5,7,,"=""T4401n""","=""L10989""",
Ti,1,"=""481.2892""","=""0.0003""","=""481.28934""","=""0.00009""","=""7""","=""1.1e+04""",D,"=""6842.962""","=""27614.679""","=""3d3.(4F).4s""","=""a 5F""","=""5""","=""3d2.(3F).4s.4p.(1P*)""","=""y 3G*""","=""4""",11,9,,"=""T3297""","=""L10989""",
Ti,1,"=""482.0410""","=""0.0003""","=""482.04094""","=""0.00014""","=""980""","=""1.49e+07""",C+,"=""12118.393""","=""32857.723""","=""3d2.4s2""","=""a 1G""","=""4""","=""3d2.(1D).4s.4p.(1P*)""","=""y 1F*""","=""3""",9,7,,"=""T4922""","=""L10989""",
Ti,3,"=""482.180""","=""""","=""482.179+""","=""""","=""3""","=""4.9e+07""",D,"=""161854.24""","=""182587.62""","=""3p6.3d.4f""","=""1P*""","=""1""","=""3p6.3d.(2D<5/2>).5g""","=""2[5/2]""","=""2""",3,5,,"=""T1216""","=""L3593""",
Ti,3,"=""483.133""","=""""","=""483.134+""","=""""","=""3""","=""2.0e+07""",D,"=""147212.77""","=""167905.19""","=""3p6.3d.5p""","=""1D*""","=""2""","=""3p6.3d.5d""","=""3D""","=""1""",5,3,,"=""T1216""","=""L3593""",
Ti,3,"=""483.825""","=""""","=""483.826+""","=""""","=""1""","=""1.2e+07""",D,"=""149267.99""","=""169930.80""","=""3p6.3d.5p""","=""3P*""","=""2""","=""3p6.3d.6s""","=""3D""","=""2""",5,5,,"=""T1216""","=""L3593""",
Ti,1,"=""484.0873""","=""0.0003""","=""484.08737""","=""0.00012""","=""6600""","=""1.76e+07""",C+,"=""7255.355""","=""27907.013""","=""3d2.4s2""","=""a 1D""","=""2""","=""3d2.(1D).4s.4p.(1P*)""","=""y 1D*""","=""2""",5,5,,"=""T4294""","=""L10989""",
Ti,3,"=""484.9658""","=""""","=""484.966+""","=""""","=""7""","=""1.1e+07""",D,"=""149655.77""","=""170270.02""","=""3p6.3d.5p""","=""1F*""","=""3""","=""3p6.3d.6s""","=""1D""","=""2""",7,5,,"=""T1216""","=""L3593""",
Ti,2,"=""485.59053""","=""0.00014""","=""485.59041""","=""0.00003""","=""18""","=""2.39e+06""",C+,"=""24961.1910""","=""45548.9273""","=""3d.4s2""","=""c 2D""","=""3/2""","=""3d2.(3P).4p""","=""y 2P*""","=""3/2""",4,4,,"=""T7385""","=""u37""",
Ti,1,"=""485.6010""","=""0.0003""","=""485.60103""","=""0.00024""","=""2200""","=""5.2e+07""",D,"=""18192.570""","=""38779.856""","=""3d3.(2H).4s""","=""a 3H""","=""6""","=""3d3.(2H).4p""","=""z 3I*""","=""7""",13,15,,"=""T4401n""","=""L10989""",
Ti,3,"=""485.622""","=""""","=""485.623+""","=""""","=""2""","=""4.7e+07""",D,"=""128433.40""","=""149019.75""","=""3p6.3d.4d""","=""3D""","=""1""","=""3p6.3d.5p""","=""3P*""","=""0""",3,1,,"=""T1216""","=""L3593""",
Ti,3,"=""485.8129""","=""""","=""485.813+""","=""""","=""9""","=""4.2e+07""",D,"=""128689.67""","=""149267.99""","=""3p6.3d.4d""","=""3D""","=""3""","=""3p6.3d.5p""","=""3P*""","=""2""",7,5,,"=""T1216""","=""L3593""",
Ti,2,"=""486.56115""","=""0.00019""","=""486.56104""","=""0.00003""","=""13""","=""7.65e+04""",C+',"=""8997.7874""","=""29544.4540""","=""3d3""","=""a 2G""","=""7/2""","=""3d2.(3F).4p""","=""z 4G*""","=""5/2""",8,6,,"=""T7385""","=""u37""",
Ti,1,"=""486.8142""","=""0.0005""","=""486.8144""","=""0.0003""","=""""","=""1.56e+07""",C+,"=""26910.709""","=""47446.684""","=""3d3.(4F).4p""","=""y 5G*""","=""6""","=""3d2.4p2""","=""g 5G""","=""6""",13,13,,"=""T6897""","=""L18003""",
Ti,3,"=""487.3995""","=""""","=""487.400+""","=""""","=""10""","=""1.5e+08""",D,"=""147212.77""","=""167724.09""","=""3p6.3d.5p""","=""1D*""","=""2""","=""3p6.3d.5d""","=""1F""","=""3""",5,7,,"=""T1216""","=""L3593,L11926""",
Ti,2,"=""487.40096""","=""0.00005""","=""487.40094""","=""0.00003""","=""62""","=""2.20e+07""",B,"=""24961.1910""","=""45472.4518""","=""3d.4s2""","=""c 2D""","=""3/2""","=""3d2.(3P).4p""","=""y 2P*""","=""1/2""",4,2,,"=""T7385""","=""u37""",
Ti,1,"=""487.4872""","=""0.0003""","=""487.48747""","=""0.00017""","=""11""","=""1.03e+07""",C+,"=""26772.968""","=""47280.588""","=""3d3.(4F).4p""","=""y 5G*""","=""5""","=""3d2.4p2""","=""g 5G""","=""5""",11,11,,"=""T6897""","=""L10989""",
Ti,3,"=""488.4321""","=""""","=""488.431+""","=""""","=""4""","=""2.0e+07""",D,"=""147562.14""","=""168030.15""","=""3p6.3d.5p""","=""3D*""","=""1""","=""3p6.3d.5d""","=""3D""","=""2""",3,5,,"=""T1216""","=""L3593""",
Ti,1,"=""488.5081""","=""0.0003""","=""488.50794""","=""0.00019""","=""3700""","=""4.90e+07""",C+,"=""15220.393""","=""35685.174""","=""3d3.(2G).4s""","=""a 3G""","=""5""","=""3d3.(2G).4p""","=""y 3H*""","=""6""",11,13,,"=""T4922""","=""L10989""",
Ti,1,"=""488.8713""","=""0.0003""","=""488.87105""","=""0.00017""","=""6""","=""1.34e+07""",C+,"=""26494.330""","=""46943.911""","=""3d3.(4F).4p""","=""y 5G*""","=""2""","=""3d2.4p2""","=""g 5G""","=""2""",5,5,,"=""T6897""","=""L10989""",
Ti,3,"=""489.2840""","=""""","=""489.284+""","=""""","=""6""","=""3.3e+07""",D,"=""128546.38""","=""148978.72""","=""3p6.3d.4d""","=""3D""","=""2""","=""3p6.3d.5p""","=""3P*""","=""1""",5,3,,"=""T1216""","=""L3593""",
Ti,3,"=""490.761""","=""""","=""490.761+""","=""""","=""2""","=""2.9e+07""",D,"=""161854.24""","=""182225.09""","=""3p6.3d.4f""","=""1P*""","=""1""","=""3p6.3d.(2D<3/2>).5g""","=""2[5/2]""","=""2""",3,5,,"=""T1216""","=""L3593""",
Ti,2,"=""491.11950""","=""0.00005""","=""491.11944""","=""0.00004""","=""109""","=""1.70e+07""",B+,"=""25192.9650""","=""45548.9273""","=""3d.4s2""","=""c 2D""","=""5/2""","=""3d2.(3P).4p""","=""y 2P*""","=""3/2""",6,4,,"=""T7385""","=""u37""",
Ti,1,"=""491.3615""","=""0.0003""","=""491.36134""","=""0.00014""","=""2500""","=""4.44e+07""",C+,"=""15108.111""","=""35454.052""","=""3d3.(2G).4s""","=""a 3G""","=""3""","=""3d3.(2G).4p""","=""y 3H*""","=""4""",7,9,,"=""T4922""","=""L10989""",
Ti,3,"=""491.4315""","=""""","=""491.431+""","=""""","=""6""","=""1.1e+08""",D,"=""147562.14""","=""167905.19""","=""3p6.3d.5p""","=""3D*""","=""1""","=""3p6.3d.5d""","=""3D""","=""1""",3,3,,"=""T1216""","=""L3593""",
Ti,1,"=""491.5230""","=""0.0003""","=""491.52287""","=""0.00015""","=""200""","=""2.40e+06""",C+,"=""15220.393""","=""35559.648""","=""3d3.(2G).4s""","=""a 3G""","=""5""","=""3d3.(2G).4p""","=""y 3H*""","=""5""",11,11,,"=""T4922""","=""L10989""",
Ti,2,"=""491.685""","=""""","=""491.68535""","=""0.00005""","="":""","=""2.15e+00""",B,"=""4628.6571""","=""24961.1910""","=""3d2.(3F).4s""","=""a 2F""","=""5/2""","=""3d.4s2""","=""c 2D""","=""3/2""",6,4,M1+E2,"=""T3093""","=""L18001,L18000""",
Ti,1,"=""491.7781""","=""0.0005""","=""491.77814""","=""0.00007""","=""""","=""1.47e+06""",D+,"=""21588.495""","=""41917.1924""","=""3d2.(3F).4s.4p.(3P*)""","=""z 3G*""","=""4""","=""3d2.4s.(4F).4d""","=""e 5H""","=""4""",9,9,,"=""T6897""","=""L18003""",
Ti,2,"=""492.589""","=""""","=""492.58869""","=""0.00003""","="":""","=""1.90e+00""",C+,"=""4897.7179""","=""25192.9650""","=""3d2.(3F).4s""","=""a 2F""","=""7/2""","=""3d.4s2""","=""c 2D""","=""5/2""",8,6,M1+E2,"=""T3093""","=""L18001,L18000""",
Ti,1,"=""492.6151""","=""0.0003""","=""492.61481""","=""0.00010""","=""120""","=""2.65e+05""",C+,"=""6598.765""","=""26892.936""","=""3d3.(4F).4s""","=""a 5F""","=""2""","=""3d2.(1D).4s.4p.(3P*)""","=""x 3F*""","=""3""",5,7,,"=""T4498""","=""L10989""",
Ti,1,"=""492.8337""","=""0.0003""","=""492.83362""","=""0.00017""","=""890*""","=""6.2e+07""",D,"=""17369.529""","=""37654.690""","=""3d3.(2D2).4s""","=""a 3D""","=""1""","=""3d3.(2D2).4p""","=""u 3F*""","=""2""",3,5,,"=""T4401n""","=""L10989""",
Ti,1,"=""493.8036""","=""0.0003""","=""493.80424""","=""0.00010""","=""7""","=""1.78e+05""",C+,"=""16106.076""","=""36351.365""","=""3d2.(3F).4s.4p.(3P*)""","=""z 5G*""","=""4""","=""3d2.4s.(4F).5s""","=""e 5F""","=""5""",9,11,,"=""T6897""","=""L10989""",
Ti,1,"=""494.0969""","=""0.0003""","=""494.09689""","=""0.00010""","=""14""","=""3.98e+05""",B+,"=""15975.631""","=""36208.929""","=""3d2.(3F).4s.4p.(3P*)""","=""z 5G*""","=""3""","=""3d2.4s.(4F).5s""","=""e 5F""","=""4""",7,9,,"=""T6897""","=""L10989""",
Ti,1,"=""494.1569""","=""0.0003""","=""494.15707""","=""0.00015""","=""96""","=""5.3e+06""",D,"=""17423.856""","=""37654.690""","=""3d3.(2D2).4s""","=""a 3D""","=""2""","=""3d3.(2D2).4p""","=""u 3F*""","=""2""",5,5,,"=""T4401n""","=""L10989""",
Ti,1,"=""494.4351""","=""0.0003""","=""494.43503""","=""0.00010""","=""14*""","=""5.30e+05""",B,"=""15877.081""","=""36096.542""","=""3d2.(3F).4s.4p.(3P*)""","=""z 5G*""","=""2""","=""3d2.4s.(4F).5s""","=""e 5F""","=""3""",5,7,,"=""T6897""","=""L10989""",
Ti,3,"=""496.136""","=""""","=""496.137+""","=""""","=""7""","=""4.5e+07""",D,"=""129253.41""","=""149403.52""","=""3p6.3d.4d""","=""1P""","=""1""","=""3p6.3d.5p""","=""1P*""","=""1""",3,3,,"=""T1216""","=""L3593""",
Ti,1,"=""496.4716""","=""0.0003""","=""496.47170""","=""0.00010""","=""150""","=""8.17e+06""",B+,"=""15877.081""","=""36013.597""","=""3d2.(3F).4s.4p.(3P*)""","=""z 5G*""","=""2""","=""3d2.4s.(4F).5s""","=""e 5F""","=""2""",5,5,,"=""T6897""","=""L10989""",
Ti,1,"=""496.8568""","=""0.0003""","=""496.85675""","=""0.00010""","=""220""","=""8.92e+06""",B+,"=""15975.631""","=""36096.542""","=""3d2.(3F).4s.4p.(3P*)""","=""z 5G*""","=""3""","=""3d2.4s.(4F).5s""","=""e 5F""","=""3""",7,7,,"=""T6897""","=""L10989""",
Ti,3,"=""497.1194""","=""""","=""497.119+""","=""""","=""10""","=""2.1e+08""",D,"=""148410.24""","=""168520.52""","=""3p6.3d.5p""","=""3F*""","=""4""","=""3p6.3d.5d""","=""3G""","=""5""",9,11,,"=""T1216""","=""L3593,L11926""",
Ti,1,"=""497.3029""","=""0.0003""","=""497.30307""","=""0.00010""","=""230""","=""7.32e+06""",B+,"=""16106.076""","=""36208.929""","=""3d2.(3F).4s.4p.(3P*)""","=""z 5G*""","=""4""","=""3d2.4s.(4F).5s""","=""e 5F""","=""4""",9,9,,"=""T6897""","=""L10989""",
Ti,1,"=""497.7728""","=""0.0003""","=""497.77275""","=""0.00010""","=""150""","=""4.41e+06""",B+,"=""16267.480""","=""36351.365""","=""3d2.(3F).4s.4p.(3P*)""","=""z 5G*""","=""5""","=""3d2.4s.(4F).5s""","=""e 5F""","=""5""",11,11,,"=""T6897""","=""L10989""",
Ti,2,"=""498.1355""","=""0.0002""","=""498.13558""","=""0.00003""","=""""","=""3.1e+04""",D,"=""12628.8455""","=""32698.1022""","=""3d3""","=""b 2D2""","=""3/2""","=""3d2.(3F).4p""","=""z 4D*""","=""5/2""",4,6,,"=""T4502""","=""L9190""",
Ti,1,"=""498.1731""","=""0.0003""","=""498.17305""","=""0.00015""","=""14000""","=""6.60e+07""",C+,"=""6842.962""","=""26910.709""","=""3d3.(4F).4s""","=""a 5F""","=""5""","=""3d3.(4F).4p""","=""y 5G*""","=""6""",11,13,,"=""T4294""","=""L10989""",
Ti,2,"=""498.279""","=""""","=""498.27917""","=""0.00003""","="":""","=""4.20e-01""",C+,"=""4897.7179""","=""24961.1910""","=""3d2.(3F).4s""","=""a 2F""","=""7/2""","=""3d.4s2""","=""c 2D""","=""3/2""",8,4,E2,"=""T3093""","=""L18001,L18000""",
Ti,1,"=""498.9134""","=""0.0003""","=""498.91346""","=""0.00010""","=""660""","=""3.70e+07""",B+,"=""15975.631""","=""36013.597""","=""3d2.(3F).4s.4p.(3P*)""","=""z 5G*""","=""3""","=""3d2.4s.(4F).5s""","=""e 5F""","=""2""",7,5,,"=""T6897""","=""L10989""",
Ti,1,"=""499.1067""","=""0.0003""","=""499.10660""","=""0.00010""","=""13000""","=""5.84e+07""",C+,"=""6742.756""","=""26772.968""","=""3d3.(4F).4s""","=""a 5F""","=""4""","=""3d3.(4F).4p""","=""y 5G*""","=""5""",9,11,,"=""T4294""","=""L10989""",
Ti,1,"=""499.7093""","=""0.0003""","=""499.70967""","=""0.00010""","=""1700""","=""4.69e+05""",A,"=""0.000""","=""20006.039""","=""3d2.4s2""","=""a 3F""","=""2""","=""3d2.(3F).4s.4p.(3P*)""","=""z 3D*""","=""2""",5,5,,"=""T7574""","=""L10989""",
Ti,1,"=""499.9502""","=""0.0003""","=""499.95030""","=""0.00010""","=""12000""","=""5.27e+07""",C+,"=""6661.006""","=""26657.416""","=""3d3.(4F).4s""","=""a 5F""","=""3""","=""3d3.(4F).4p""","=""y 5G*""","=""4""",7,9,,"=""T4294""","=""L10989""",
Ti,1,"=""500.0988""","=""0.0003""","=""500.09896""","=""0.00010""","=""910""","=""3.65e+07""",B+,"=""16106.076""","=""36096.542""","=""3d2.(3F).4s.4p.(3P*)""","=""z 5G*""","=""4""","=""3d2.4s.(4F).5s""","=""e 5F""","=""3""",9,7,,"=""T6897""","=""L10989""",
Ti,2,"=""500.5170""","=""0.0002""","=""500.51672""","=""0.00003""","=""10""","=""1.9e+05""",D,"=""12628.8455""","=""32602.6265""","=""3d3""","=""b 2D2""","=""3/2""","=""3d2.(3F).4p""","=""z 4D*""","=""3/2""",4,4,,"=""T4502""","=""L9190""",
Ti,1,"=""500.7206""","=""0.0003""","=""500.72093""","=""0.00013""","=""10000""","=""4.92e+07""",C+,"=""6598.765""","=""26564.400""","=""3d3.(4F).4s""","=""a 5F""","=""2""","=""3d3.(4F).4p""","=""y 5G*""","=""3""",5,7,,"=""T4294""","=""L10989""",
Ti,1,"=""500.9645""","=""0.0003""","=""500.96447""","=""0.00010""","=""1200*""","=""2.41e+05""",A,"=""170.1328""","=""20126.062""","=""3d2.4s2""","=""a 3F""","=""3""","=""3d2.(3F).4s.4p.(3P*)""","=""z 3D*""","=""3""",7,7,,"=""T7574""","=""L10989""",
Ti,3,"=""501.014""","=""""","=""501.010+""","=""""","=""5bl""","=""4.3e+07""",D,"=""148978.72""","=""168932.83""","=""3p6.3d.5p""","=""3P*""","=""1""","=""3p6.3d.5d""","=""3S""","=""1""",3,3,,"=""T1216""","=""L3593""",
Ti,2,"=""501.02106""","=""0.00015""","=""501.02088""","=""0.00003""","=""17""","=""3.40e+06""",C+,"=""24961.1910""","=""44914.8733""","=""3d.4s2""","=""c 2D""","=""3/2""","=""3d2.(3P).4p""","=""x 2D*""","=""3/2""",4,4,,"=""T7385""","=""u37""",
Ti,1,"=""501.3282""","=""0.0003""","=""501.32824""","=""0.00010""","=""1200""","=""3.86e+07""",B+,"=""16267.480""","=""36208.929""","=""3d2.(3F).4s.4p.(3P*)""","=""z 5G*""","=""5""","=""3d2.4s.(4F).5s""","=""e 5F""","=""4""",11,9,,"=""T6897""","=""L10989""",
Ti,2,"=""501.36862""","=""0.00010""","=""501.368633""","=""0.000023""","=""24""","=""2.89e+05""",C+,"=""12758.2597""","=""32698.1022""","=""3d3""","=""b 2D2""","=""5/2""","=""3d2.(3F).4p""","=""z 4D*""","=""5/2""",6,6,,"=""T7385""","=""u37""",
Ti,1,"=""501.4186""","=""0.0003""","=""501.41861""","=""0.00013""","=""11000""","=""5.08e+06""",B,"=""0.000""","=""19937.855""","=""3d2.4s2""","=""a 3F""","=""2""","=""3d2.(3F).4s.4p.(3P*)""","=""z 3D*""","=""1""",5,3,,"=""T8000""","=""L10989""",
Ti,1,"=""501.4275""","=""0.0003""","=""501.42762""","=""0.00013""","=""8700""","=""6.8e+07""",C,"=""6556.833""","=""26494.330""","=""3d3.(4F).4s""","=""a 5F""","=""1""","=""3d3.(4F).4p""","=""y 5G*""","=""2""",3,5,,"=""T3297""","=""L10989""",
Ti,1,"=""501.6161""","=""0.0003""","=""501.61609""","=""0.00013""","=""3800""","=""6.43e+06""",C+,"=""6842.962""","=""26772.968""","=""3d3.(4F).4s""","=""a 5F""","=""5""","=""3d3.(4F).4p""","=""y 5G*""","=""5""",11,11,,"=""T4294""","=""L10989""",
Ti,1,"=""502.0025""","=""0.0003""","=""502.00263""","=""0.00010""","=""5100""","=""1.13e+07""",C+,"=""6742.756""","=""26657.416""","=""3d3.(4F).4s""","=""a 5F""","=""4""","=""3d3.(4F).4p""","=""y 5G*""","=""4""",9,9,,"=""T4294""","=""L10989""",
Ti,3,"=""502.043""","=""""","=""502.042+""","=""""","=""3""","=""2.5e+07""",D,"=""149019.75""","=""168932.83""","=""3p6.3d.5p""","=""3P*""","=""0""","=""3p6.3d.5d""","=""3S""","=""1""",1,3,,"=""T1216""","=""L3593""",
Ti,1,"=""502.2866""","=""0.0003""","=""502.28679""","=""0.00010""","=""4800""","=""1.39e+07""",C+,"=""6661.006""","=""26564.400""","=""3d3.(4F).4s""","=""a 5F""","=""3""","=""3d3.(4F).4p""","=""y 5G*""","=""3""",7,7,,"=""T4294""","=""L10989""",
Ti,3,"=""502.452""","=""""","=""502.453+""","=""""","=""3""","=""1.0e+07""",D,"=""148410.24""","=""168307.06""","=""3p6.3d.5p""","=""3F*""","=""4""","=""3p6.3d.5d""","=""3G""","=""4""",9,9,,"=""T1216""","=""L3593""",
Ti,1,"=""502.4844""","=""0.0003""","=""502.48444""","=""0.00013""","=""3500""","=""1.32e+07""",C+,"=""6598.765""","=""26494.330""","=""3d3.(4F).4s""","=""a 5F""","=""2""","=""3d3.(4F).4p""","=""y 5G*""","=""2""",5,5,,"=""T4294""","=""L10989""",
Ti,1,"=""502.5570""","=""0.0003""","=""502.55696""","=""0.00013""","=""1400""","=""4.26e+07""",B+,"=""16458.671""","=""36351.365""","=""3d2.(3F).4s.4p.(3P*)""","=""z 5G*""","=""6""","=""3d2.4s.(4F).5s""","=""e 5F""","=""5""",13,11,,"=""T6897""","=""L10989""",
Ti,1,"=""503.6464""","=""0.0003""","=""503.64639""","=""0.00010""","=""4000""","=""3.94e+07""",C+,"=""11639.8109""","=""31489.476""","=""3d3.(4F).4s""","=""b 3F""","=""3""","=""3d3.(4F).4p""","=""w 3G*""","=""4""",7,9,,"=""T4922""","=""L10989""",
Ti,1,"=""503.8397""","=""0.0003""","=""503.83979""","=""0.00010""","=""3300""","=""3.87e+07""",C+,"=""11531.761""","=""31373.807""","=""3d3.(4F).4s""","=""b 3F""","=""2""","=""3d3.(4F).4p""","=""w 3G*""","=""3""",5,7,,"=""T4922""","=""L10989""",
Ti,1,"=""503.9955""","=""0.0003""","=""503.99574""","=""0.00010""","=""14000""","=""4.49e+06""",A,"=""170.1328""","=""20006.039""","=""3d2.4s2""","=""a 3F""","=""3""","=""3d2.(3F).4s.4p.(3P*)""","=""z 3D*""","=""2""",7,5,,"=""T7574""","=""L10989""",
Ti,1,"=""504.0611""","=""0.0003""","=""504.06136""","=""0.00010""","=""250""","=""8.57e+05""",C+,"=""6661.006""","=""26494.330""","=""3d3.(4F).4s""","=""a 5F""","=""3""","=""3d3.(4F).4p""","=""y 5G*""","=""2""",7,5,,"=""T4498""","=""L10989""",
Ti,1,"=""504.3582""","=""0.0003""","=""504.35838""","=""0.00010""","=""320""","=""6.93e+05""",C+,"=""6742.756""","=""26564.400""","=""3d3.(4F).4s""","=""a 5F""","=""4""","=""3d3.(4F).4p""","=""y 5G*""","=""3""",9,7,,"=""T4498""","=""L10989""",
Ti,1,"=""504.5415""","=""0.0003""","=""504.54140""","=""0.00013""","=""170""","=""2.92e+05""",C+,"=""6842.962""","=""26657.416""","=""3d3.(4F).4s""","=""a 5F""","=""5""","=""3d3.(4F).4p""","=""y 5G*""","=""4""",11,9,,"=""T4498""","=""L10989""",
Ti,1,"=""506.2101""","=""0.0003""","=""506.21021""","=""0.00013""","=""310""","=""2.98e+07""",C+,"=""17423.856""","=""37172.989""","=""3d3.(2D2).4s""","=""a 3D""","=""2""","=""3d3.(2D2).4p""","=""w 3P*""","=""1""",5,3,,"=""T4922""","=""L10989""",
Ti,1,"=""506.4056""","=""0.0003""","=""506.40594""","=""0.00013""","=""110""","=""1.3e+07""",D,"=""21739.707""","=""41481.207""","=""3d2.(3F).4s.4p.(3P*)""","=""z 3G*""","=""5""","=""3d2.4s.(2F).5s""","=""3F""","=""4""",11,9,,"=""T4401n""","=""L10989""",
Ti,1,"=""506.4652""","=""0.0003""","=""506.46526""","=""0.00010""","=""17000""","=""4.37e+06""",A,"=""386.874""","=""20126.062""","=""3d2.4s2""","=""a 3F""","=""4""","=""3d2.(3F).4s.4p.(3P*)""","=""z 3D*""","=""3""",9,7,,"=""T7574""","=""L10989""",
Ti,3,"=""506.822""","=""""","=""506.822+""","=""""","=""7""","=""1.1e+07""",D,"=""129253.41""","=""148978.72""","=""3p6.3d.4d""","=""1P""","=""1""","=""3p6.3d.5p""","=""3P*""","=""1""",3,3,,"=""T1216""","=""L3593""",
Ti,2,"=""506.9092""","=""0.0003""","=""506.90901""","=""0.00004""","=""9""","=""9.81e+05""",C+',"=""25192.9650""","=""44914.8733""","=""3d.4s2""","=""c 2D""","=""5/2""","=""3d2.(3P).4p""","=""x 2D*""","=""3/2""",6,4,,"=""T7385""","=""u37""",
Ti,3,"=""506.939""","=""""","=""506.943+""","=""""","=""3bl""","=""3.3e+06""",D,"=""128689.67""","=""148410.24""","=""3p6.3d.4d""","=""3D""","=""3""","=""3p6.3d.5p""","=""3F*""","=""4""",7,9,,"=""T1216""","=""L3593""",
Ti,1,"=""507.1467""","=""0.0003""","=""507.14673""","=""0.00010""","=""330""","=""2.49e+06""",C+,"=""11776.812""","=""31489.476""","=""3d3.(4F).4s""","=""b 3F""","=""4""","=""3d3.(4F).4p""","=""w 3G*""","=""4""",9,9,,"=""T4922""","=""L10989""",
Ti,2,"=""507.22868""","=""0.00005""","=""507.22864""","=""0.00004""","=""43""","=""3.75e+06""",B',"=""25192.9650""","=""44902.4455""","=""3d.4s2""","=""c 2D""","=""5/2""","=""3d2.(3P).4p""","=""x 2D*""","=""5/2""",6,6,,"=""T7385""","=""u37""",
Ti,3,"=""508.380""","=""""","=""508.380+""","=""""","=""10""","=""9.7e+07""",D,"=""149267.99""","=""168932.83""","=""3p6.3d.5p""","=""3P*""","=""2""","=""3p6.3d.5d""","=""3S""","=""1""",5,3,,"=""T1216""","=""L3593""",
Ti,1,"=""508.7060""","=""0.0003""","=""508.70582""","=""0.00010""","=""930""","=""1.4e+07""",D,"=""11531.761""","=""31184.010""","=""3d3.(4F).4s""","=""b 3F""","=""2""","=""3d2.(3P).4s.4p.(3P*)""","=""v 3D*""","=""1""",5,3,,"=""T4401n""","=""L10989""",
Ti,1,"=""511.3440""","=""0.0003""","=""511.34401""","=""0.00010""","=""1400""","=""8.41e+06""",C+,"=""11639.8109""","=""31190.669""","=""3d3.(4F).4s""","=""b 3F""","=""3""","=""3d2.(3P).4s.4p.(3P*)""","=""v 3D*""","=""2""",7,5,,"=""T4922""","=""L10989""",
Ti,3,"=""511.908""","=""""","=""511.908+""","=""""","=""8""","=""3.9e+07""",D,"=""149403.52""","=""168932.83""","=""3p6.3d.5p""","=""1P*""","=""1""","=""3p6.3d.5d""","=""3S""","=""1""",3,3,,"=""T1216""","=""L3593""",
Ti,2,"=""512.91563""","=""0.00005""","=""512.91562""","=""0.00003""","=""180""","=""1.46e+06""",B+,"=""15257.5527""","=""34748.5062""","=""3d2.(1G).4s""","=""b 2G""","=""9/2""","=""3d2.(3F).4p""","=""z 2G*""","=""9/2""",10,10,,"=""T7385""","=""u37""",
Ti,1,"=""514.5460""","=""0.0003""","=""514.54602""","=""0.00011""","=""2000""","=""9.60e+06""",C+,"=""11776.812""","=""31206.007""","=""3d3.(4F).4s""","=""b 3F""","=""4""","=""3d2.(3P).4s.4p.(3P*)""","=""v 3D*""","=""3""",9,7,,"=""T4922""","=""L10989""",
Ti,3,"=""514.731""","=""""","=""514.731+""","=""""","=""14""","=""5.6e+07""",D,"=""127790.57""","=""147212.77""","=""3p6.3d.4d""","=""1F""","=""3""","=""3p6.3d.5p""","=""1D*""","=""2""",7,5,,"=""T1216""","=""L3593""",
Ti,1,"=""514.7477""","=""0.0003""","=""514.74777""","=""0.00008""","=""2300""","=""4.58e+05""",B',"=""0.000""","=""19421.580""","=""3d2.4s2""","=""a 3F""","=""2""","=""3d2.(3F).4s.4p.(3P*)""","=""z 3F*""","=""3""",5,7,,"=""T8000""","=""L10989""",
Ti,1,"=""515.2184""","=""0.0003""","=""515.21835""","=""0.00011""","=""2000""","=""3.51e+05""",B,"=""170.1328""","=""19573.974""","=""3d2.4s2""","=""a 3F""","=""3""","=""3d2.(3F).4s.4p.(3P*)""","=""z 3F*""","=""4""",7,9,,"=""T8000""","=""L10989""",
Ti,2,"=""515.40682""","=""0.00005""","=""515.40682""","=""0.00003""","=""119""","=""5.0e+05""",D,"=""12628.8455""","=""32025.5915""","=""3d3""","=""b 2D2""","=""3/2""","=""3d2.(3F).4p""","=""z 2D*""","=""5/2""",4,6,,"=""T2437""","=""u37""",
Ti,3,"=""516.255""","=""""","=""516.254+""","=""""","=""9""","=""3.1e+07""",D,"=""148978.72""","=""168343.62""","=""3p6.3d.5p""","=""3P*""","=""1""","=""3p6.3d.5d""","=""1P""","=""1""",3,3,,"=""T1216""","=""L3593""",
Ti,1,"=""517.3740""","=""0.0003""","=""517.37431""","=""0.00008""","=""15000""","=""4.23e+06""",B,"=""0.000""","=""19322.984""","=""3d2.4s2""","=""a 3F""","=""2""","=""3d2.(3F).4s.4p.(3P*)""","=""z 3F*""","=""2""",5,5,,"=""T8000""","=""L10989""",
Ti,2,"=""518.3709""","=""0.0003""","=""518.37112""","=""0.00003""","=""8""","=""9.04e+04""",C',"=""15257.5527""","=""34543.3799""","=""3d2.(1G).4s""","=""b 2G""","=""9/2""","=""3d2.(3F).4p""","=""z 2G*""","=""7/2""",10,8,,"=""T7385""","=""u37""",
Ti,2,"=""518.59020""","=""0.00005""","=""518.59020""","=""0.00003""","=""155""","=""1.01e+06""",B+,"=""15265.7001""","=""34543.3799""","=""3d2.(1G).4s""","=""b 2G""","=""7/2""","=""3d2.(3F).4p""","=""z 2G*""","=""7/2""",8,8,,"=""T7385""","=""u37""",
Ti,1,"=""518.6328""","=""0.0003""","=""518.63252""","=""0.00011""","=""120""","=""3.79e+06""",B+,"=""17075.258""","=""36351.365""","=""3d2.(3F).4s.4p.(3P*)""","=""z 5F*""","=""4""","=""3d2.4s.(4F).5s""","=""e 5F""","=""5""",9,11,,"=""T6897""","=""L10989""",
Ti,2,"=""518.86872""","=""0.00005""","=""518.86873""","=""0.00003""","=""550""","=""2.5e+06""",D,"=""12758.2597""","=""32025.5915""","=""3d3""","=""b 2D2""","=""5/2""","=""3d2.(3F).4p""","=""z 2D*""","=""5/2""",6,6,,"=""T2403n""","=""u37""",
Ti,1,"=""519.2969""","=""0.0003""","=""519.29686""","=""0.00011""","=""17000""","=""3.86e+06""",B,"=""170.1328""","=""19421.580""","=""3d2.4s2""","=""a 3F""","=""3""","=""3d2.(3F).4s.4p.(3P*)""","=""z 3F*""","=""3""",7,7,,"=""T8000""","=""L10989""",
Ti,1,"=""519.4034""","=""0.0003""","=""519.40370""","=""0.00011""","=""180""","=""6.18e+06""",B+,"=""16961.442""","=""36208.929""","=""3d2.(3F).4s.4p.(3P*)""","=""z 5F*""","=""3""","=""3d2.4s.(4F).5s""","=""e 5F""","=""4""",7,9,,"=""T6897""","=""L10989""",
Ti,1,"=""520.1081""","=""0.0003""","=""520.10815""","=""0.00011""","=""170""","=""7.67e+06""",B+,"=""16875.124""","=""36096.542""","=""3d2.(3F).4s.4p.(3P*)""","=""z 5F*""","=""2""","=""3d2.4s.(4F).5s""","=""e 5F""","=""3""",5,7,,"=""T6897""","=""L10989""",
Ti,1,"=""520.7849""","=""0.0003""","=""520.78500""","=""0.00011""","=""110""","=""7.08e+06""",B+,"=""16817.160""","=""36013.597""","=""3d2.(3F).4s.4p.(3P*)""","=""z 5F*""","=""1""","=""3d2.4s.(4F).5s""","=""e 5F""","=""2""",3,5,,"=""T6897""","=""L10989""",
Ti,1,"=""521.0384""","=""0.0003""","=""521.03843""","=""0.00011""","=""21000""","=""3.89e+06""",B,"=""386.874""","=""19573.974""","=""3d2.4s2""","=""a 3F""","=""4""","=""3d2.(3F).4s.4p.(3P*)""","=""z 3F*""","=""4""",9,9,,"=""T8000""","=""L10989""",
Ti,1,"=""521.1215""","=""0.0007""","=""521.12222""","=""0.00014""","=""56q""","=""3.1e+05""",D,"=""6742.756""","=""25926.771""","=""3d3.(4F).4s""","=""a 5F""","=""4""","=""3d2.(3P).4s.4p.(3P*)""","=""5D*""","=""4""",9,9,,"=""T4401n""","=""L10989""",
Ti,2,"=""521.15305""","=""0.00008""","=""521.15303""","=""0.00004""","=""33""","=""2.10e+06""",B',"=""20891.7898""","=""40074.6707""","=""3d3""","=""b 2F""","=""7/2""","=""3d2.(1D).4p""","=""y 2F*""","=""7/2""",8,8,,"=""T7385""","=""u37""",
Ti,3,"=""521.843""","=""""","=""521.843+""","=""""","=""8""","=""3.8e+06""",D,"=""129252.74""","=""148410.24""","=""3p6.3d.4d""","=""3G""","=""4""","=""3p6.3d.5p""","=""3F*""","=""4""",9,9,,"=""T1216""","=""L3593""",
Ti,1,"=""521.9699""","=""0.0003""","=""521.97015""","=""0.00011""","=""1100""","=""2.71e+05""",C+,"=""170.1328""","=""19322.984""","=""3d2.4s2""","=""a 3F""","=""3""","=""3d2.(3F).4s.4p.(3P*)""","=""z 3F*""","=""2""",7,5,,"=""T8000""","=""L10989""",
Ti,1,"=""522.2673""","=""0.0003""","=""522.26744""","=""0.00011""","=""210""","=""1.95e+07""",C+,"=""16817.160""","=""35959.109""","=""3d2.(3F).4s.4p.(3P*)""","=""z 5F*""","=""1""","=""3d2.4s.(4F).5s""","=""e 5F""","=""1""",3,3,,"=""T4922""","=""L10989""",
Ti,1,"=""522.3621""","=""0.0003""","=""522.36230""","=""0.00011""","=""260""","=""1.59e+07""",B+,"=""16875.124""","=""36013.597""","=""3d2.(3F).4s.4p.(3P*)""","=""z 5F*""","=""2""","=""3d2.4s.(4F).5s""","=""e 5F""","=""2""",5,5,,"=""T6897""","=""L10989""",
Ti,1,"=""522.4305""","=""0.0003""","=""522.43049""","=""0.00011""","=""950""","=""3.00e+07""",B+,"=""17215.390""","=""36351.365""","=""3d2.(3F).4s.4p.(3P*)""","=""z 5F*""","=""5""","=""3d2.4s.(4F).5s""","=""e 5F""","=""5""",11,11,,"=""T6897""","=""L10989""",
Ti,1,"=""522.4544""","=""0.0003""","=""522.45438""","=""0.00011""","=""380""","=""1.82e+07""",B+,"=""16961.442""","=""36096.542""","=""3d2.(3F).4s.4p.(3P*)""","=""z 5F*""","=""3""","=""3d2.4s.(4F).5s""","=""e 5F""","=""3""",7,7,,"=""T6897""","=""L10989""",
Ti,1,"=""522.4933""","=""0.0003""","=""522.49340""","=""0.00011""","=""630""","=""2.30e+07""",B+,"=""17075.258""","=""36208.929""","=""3d2.(3F).4s.4p.(3P*)""","=""z 5F*""","=""4""","=""3d2.4s.(4F).5s""","=""e 5F""","=""4""",9,9,,"=""T6897""","=""L10989""",
Ti,3,"=""522.628""","=""""","=""522.628+""","=""""","=""12bl""","=""3.1e+07""",D,"=""128433.40""","=""147562.14""","=""3p6.3d.4d""","=""3D""","=""1""","=""3p6.3d.5p""","=""3D*""","=""1""",3,3,,"=""T1216""","=""L3593""",
Ti,2,"=""522.65385""","=""0.00005""","=""522.65390""","=""0.00004""","=""397""","=""3.1e+06""",D,"=""12628.8455""","=""31756.6406""","=""3d3""","=""b 2D2""","=""3/2""","=""3d2.(3F).4p""","=""z 2D*""","=""3/2""",4,4,,"=""T2403n""","=""u37""",
Ti,1,"=""524.7288""","=""0.0003""","=""524.72895""","=""0.00011""","=""160""","=""1.11e+07""",B+,"=""16961.442""","=""36013.597""","=""3d2.(3F).4s.4p.(3P*)""","=""z 5F*""","=""3""","=""3d2.4s.(4F).5s""","=""e 5F""","=""2""",7,5,,"=""T6897""","=""L10989""",
Ti,3,"=""524.749""","=""""","=""524.749+""","=""""","=""11""","=""5.0e+07""",D,"=""148978.72""","=""168030.15""","=""3p6.3d.5p""","=""3P*""","=""1""","=""3p6.3d.5d""","=""3D""","=""2""",3,5,,"=""T1216""","=""L3593""",
Ti,1,"=""525.2099""","=""0.0003""","=""525.20997""","=""0.00011""","=""790""","=""1.42e+05""",A,"=""386.874""","=""19421.580""","=""3d2.4s2""","=""a 3F""","=""4""","=""3d2.(3F).4s.4p.(3P*)""","=""z 3F*""","=""3""",9,7,,"=""T7574""","=""L10989""",
Ti,1,"=""525.5806""","=""0.0003""","=""525.58058""","=""0.00011""","=""180""","=""8.52e+06""",B+,"=""17075.258""","=""36096.542""","=""3d2.(3F).4s.4p.(3P*)""","=""z 5F*""","=""4""","=""3d2.4s.(4F).5s""","=""e 5F""","=""3""",9,7,,"=""T6897""","=""L10989""",
Ti,3,"=""525.733""","=""""","=""525.733+""","=""""","=""8""","=""8.2e+06""",D,"=""128546.38""","=""147562.14""","=""3p6.3d.4d""","=""3D""","=""2""","=""3p6.3d.5p""","=""3D*""","=""1""",5,3,,"=""T1216""","=""L3593""",
Ti,1,"=""525.9973""","=""0.0003""","=""525.99729""","=""0.00017""","=""110""","=""2.3e+07""",D,"=""22081.189""","=""41087.404""","=""3d2.(3F).4s.4p.(3P*)""","=""z 1D*""","=""2""","=""3d2.4s.(2F).5s""","=""e 1F""","=""3""",5,7,,"=""T4401n""","=""L10989""",
Ti,1,"=""526.3483""","=""0.0003""","=""526.34833""","=""0.00011""","=""130""","=""4.95e+06""",B+,"=""17215.390""","=""36208.929""","=""3d2.(3F).4s.4p.(3P*)""","=""z 5F*""","=""5""","=""3d2.4s.(4F).5s""","=""e 5F""","=""4""",11,9,,"=""T6897""","=""L10989""",
Ti,1,"=""""","=""""","=""526.64902""","=""0.00011""","=""0""","=""2.8e+03""",D,"=""6661.006""","=""25643.701""","=""3d3.(4F).4s""","=""a 5F""","=""3""","=""3d3.(4F).4p""","=""y 3D*""","=""3""",7,7,,"=""T3297""","=""""",
Ti,2,"=""526.86076""","=""0.00014""","=""526.86082""","=""0.00004""","=""22""","=""9.6e+05""",D,"=""20951.7551""","=""39926.8192""","=""3d3""","=""b 2F""","=""5/2""","=""3d2.(1D).4p""","=""y 2F*""","=""5/2""",6,6,,"=""T2437""","=""u37""",
Ti,3,"=""527.812""","=""""","=""527.812+""","=""""","=""17""","=""7.9e+07""",D,"=""129469.37""","=""148410.24""","=""3p6.3d.4d""","=""3G""","=""5""","=""3p6.3d.5p""","=""3F*""","=""4""",11,9,,"=""T1216""","=""L3593""",
Ti,3,"=""""","=""""","=""527.8334""","=""""","=""""","=""9.4e+07""",D,"=""149403.52""","=""168343.62""","=""3p6.3d.5p""","=""1P*""","=""1""","=""3p6.3d.5d""","=""1P""","=""1""",3,3,,"=""T1216""","=""""",
Ti,3,"=""528.214""","=""""","=""528.214+""","=""""","=""9""","=""2.5e+07""",D,"=""148978.72""","=""167905.19""","=""3p6.3d.5p""","=""3P*""","=""1""","=""3p6.3d.5d""","=""3D""","=""1""",3,3,,"=""T1216""","=""L3593""",
Ti,1,"=""528.2374""","=""0.0003""","=""528.23764""","=""0.00011""","=""300""","=""2.4e+06""",D,"=""8492.422""","=""27418.029""","=""3d2.4s2""","=""a 3P""","=""1""","=""3d2.(1D).4s.4p.(3P*)""","=""x 3D*""","=""2""",3,5,,"=""T4401n""","=""L10989""",
Ti,1,"=""528.9267""","=""0.0003""","=""528.92690""","=""0.00011""","=""33""","=""4.8e+04""",C,"=""6742.756""","=""25643.701""","=""3d3.(4F).4s""","=""a 5F""","=""4""","=""3d3.(4F).4p""","=""y 3D*""","=""3""",9,7,,"=""T3297""","=""L10989""",
Ti,3,"=""529.360""","=""""","=""529.361+""","=""""","=""7""","=""3.1e+07""",D,"=""149019.75""","=""167905.19""","=""3p6.3d.5p""","=""3P*""","=""0""","=""3p6.3d.5d""","=""3D""","=""1""",1,3,,"=""T1216""","=""L3593""",
Ti,1,"=""529.5775""","=""0.0003""","=""529.57758""","=""0.00011""","=""460""","=""7.91e+05""",C+,"=""8602.3441""","=""27480.066""","=""3d2.4s2""","=""a 3P""","=""2""","=""3d2.(1D).4s.4p.(3P*)""","=""x 3D*""","=""3""",5,7,,"=""T4498""","=""L10989""",
Ti,1,"=""530.0010""","=""0.0003""","=""530.00105""","=""0.00011""","=""96""","=""2.7e+06""",D,"=""8492.422""","=""27355.061""","=""3d2.4s2""","=""a 3P""","=""1""","=""3d2.(1D).4s.4p.(3P*)""","=""x 3D*""","=""1""",3,3,,"=""T4401n""","=""L10989""",
Ti,1,"=""532.3925""","=""0.0003""","=""532.39275""","=""0.00011""","=""25""","=""3.5e+04""",C,"=""6661.006""","=""25438.908""","=""3d3.(4F).4s""","=""a 5F""","=""3""","=""3d3.(4F).4p""","=""y 3D*""","=""2""",7,5,,"=""T3297""","=""L10989""",
Ti,3,"=""532.840""","=""""","=""532.839+""","=""""","=""8""","=""9.2e+06""",D,"=""149267.99""","=""168030.15""","=""3p6.3d.5p""","=""3P*""","=""2""","=""3p6.3d.5d""","=""3D""","=""2""",5,5,,"=""T1216""","=""L3593""",
Ti,1,"=""532.8735""","=""0.0003""","=""532.87294""","=""0.00011""","=""5""","=""7.8e+05""",C,"=""6556.833""","=""25317.814""","=""3d3.(4F).4s""","=""a 5F""","=""1""","=""3d3.(4F).4p""","=""y 3D*""","=""1""",3,3,,"=""T3297""","=""L10989""",
Ti,2,"=""533.67860""","=""0.00006""","=""533.67863""","=""0.00003""","=""201""","=""5.8e+05""",D,"=""12758.2597""","=""31490.9177""","=""3d3""","=""b 2D2""","=""5/2""","=""3d2.(3F).4p""","=""z 2F*""","=""7/2""",6,8,,"=""T3853""","=""u37""",
Ti,1,"=""533.8305""","=""0.0003""","=""533.83061""","=""0.00011""","=""31""","=""3.5e+05""",D,"=""6661.006""","=""25388.331""","=""3d3.(4F).4s""","=""a 5F""","=""3""","=""3d2.(3F).4s.4p.(1P*)""","=""y 3F*""","=""4""",7,9,,"=""T3297""","=""L10989""",
Ti,1,"=""534.0663""","=""0.0003""","=""534.06662""","=""0.00011""","=""12""","=""5.2e+04""",C,"=""6598.765""","=""25317.814""","=""3d3.(4F).4s""","=""a 5F""","=""2""","=""3d3.(4F).4p""","=""y 3D*""","=""1""",5,3,,"=""T3297""","=""L10989""",
Ti,1,"=""535.1067""","=""0.0003""","=""535.10672""","=""0.00014""","=""160""","=""3.4e+07""",D,"=""22404.739""","=""41087.404""","=""3d2.(3F).4s.4p.(3P*)""","=""z 1F*""","=""3""","=""3d2.4s.(2F).5s""","=""e 1F""","=""3""",7,7,,"=""T4401n""","=""L10989""",
Ti,1,"=""536.1712""","=""0.0003""","=""536.17117""","=""0.00012""","=""18""","=""2.3e+04""",D,"=""6742.756""","=""25388.331""","=""3d3.(4F).4s""","=""a 5F""","=""4""","=""3d2.(3F).4s.4p.(1P*)""","=""y 3F*""","=""4""",9,9,,"=""T3430,T3297""","=""L10989""",
Ti,1,"=""536.6637""","=""0.0003""","=""536.66387""","=""0.00012""","=""50""","=""8.64e+04""",C+,"=""6598.765""","=""25227.222""","=""3d3.(4F).4s""","=""a 5F""","=""2""","=""3d2.(3F).4s.4p.(1P*)""","=""y 3F*""","=""3""",5,7,,"=""T4498""","=""L10989""",
Ti,3,"=""536.717""","=""""","=""536.717+""","=""""","=""7""","=""6.4e+06""",D,"=""149403.52""","=""168030.15""","=""3p6.3d.5p""","=""1P*""","=""1""","=""3p6.3d.5d""","=""3D""","=""2""",3,5,,"=""T1216""","=""L3593""",
Ti,2,"=""538.10212""","=""0.00006""","=""538.10216""","=""0.00003""","=""92""","=""4.60e+05""",C+,"=""12628.8455""","=""31207.5111""","=""3d3""","=""b 2D2""","=""3/2""","=""3d2.(3F).4p""","=""z 2F*""","=""5/2""",4,6,,"=""T7385""","=""u37""",
Ti,1,"=""538.4629""","=""0.0003""","=""538.46299""","=""0.00012""","=""26""","=""4.0e+04""",D,"=""6661.006""","=""25227.222""","=""3d3.(4F).4s""","=""a 5F""","=""3""","=""3d2.(3F).4s.4p.(1P*)""","=""y 3F*""","=""3""",7,7,,"=""T3297""","=""L10989""",
Ti,1,"=""538.9164""","=""0.0003""","=""538.91692""","=""0.00012""","=""61*""","=""3.3e+05""",D,"=""6556.833""","=""25107.411""","=""3d3.(4F).4s""","=""a 5F""","=""1""","=""3d2.(3F).4s.4p.(1P*)""","=""y 3F*""","=""2""",3,5,,"=""T3430,T3297""","=""L10989""",
Ti,3,"=""539.569""","=""""","=""539.569+""","=""""","=""10""","=""1.9e+07""",D,"=""130739.82""","=""149267.99""","=""3p6.3d.4d""","=""3S""","=""1""","=""3p6.3d.5p""","=""3P*""","=""2""",3,5,,"=""T1216""","=""L3593""",
Ti,1,"=""540.1380""","=""0.0004""","=""540.13787""","=""0.00012""","=""20""","=""5.9e+04""",D,"=""6598.765""","=""25107.411""","=""3d3.(4F).4s""","=""a 5F""","=""2""","=""3d2.(3F).4s.4p.(1P*)""","=""y 3F*""","=""2""",5,5,,"=""T3430,T3297""","=""L10989""",
Ti,1,"=""540.6185""","=""0.0004""","=""540.61801""","=""0.00020""","=""7""","=""1.17e+07""",C+,"=""28788.380""","=""47280.588""","=""3d3.(4F).4p""","=""y 5F*""","=""4""","=""3d2.4p2""","=""g 5G""","=""5""",9,11,,"=""T6897""","=""L10989""",
Ti,1,"=""540.8940""","=""0.0004""","=""540.89396""","=""0.00012""","=""36""","=""1.28e+04""",A,"=""0.000""","=""18482.774""","=""3d2.4s2""","=""a 3F""","=""2""","=""3d2.(3F).4s.4p.(3P*)""","=""z 5D*""","=""1""",5,3,,"=""T7574""","=""L10989""",
Ti,2,"=""541.87676""","=""0.00006""","=""541.87678""","=""0.00003""","=""68""","=""3.77e+05""",C+,"=""12758.2597""","=""31207.5111""","=""3d3""","=""b 2D2""","=""5/2""","=""3d2.(3F).4p""","=""z 2F*""","=""5/2""",6,6,,"=""T7385""","=""u37""",
Ti,1,"=""542.2380""","=""0.0004""","=""542.23813""","=""0.00021""","=""6""","=""1.22e+07""",C+,"=""28702.778""","=""47139.735""","=""3d3.(4F).4p""","=""y 5F*""","=""3""","=""3d2.4p2""","=""g 5G""","=""4""",7,9,,"=""T6897""","=""L10989""",
Ti,1,"=""542.6248""","=""0.0004""","=""542.62494""","=""0.00012""","=""200""","=""3.68e+04""",A,"=""170.1328""","=""18593.947""","=""3d2.4s2""","=""a 3F""","=""3""","=""3d2.(3F).4s.4p.(3P*)""","=""z 5D*""","=""3""",7,7,,"=""T7574""","=""L10989""",
Ti,1,"=""543.5839""","=""0.0007""","=""543.5816""","=""0.0003""","=""6q""","=""1.05e+07""",C+,"=""28638.841""","=""47030.230""","=""3d3.(4F).4p""","=""y 5F*""","=""2""","=""3d2.4p2""","=""g 5G""","=""3""",5,7,,"=""T6897""","=""L10989""",
Ti,1,"=""543.6717""","=""0.0004""","=""543.67159""","=""0.00012""","=""43""","=""1.0e+05""",C,"=""7255.355""","=""25643.701""","=""3d2.4s2""","=""a 1D""","=""2""","=""3d3.(4F).4p""","=""y 3D*""","=""3""",5,7,,"=""T3430,T3297""","=""L10989""",
Ti,1,"=""544.6619""","=""0.0004""","=""544.66149""","=""0.00012""","=""94*""","=""2.5e+04""",C,"=""170.1328""","=""18525.059""","=""3d2.4s2""","=""a 3F""","=""3""","=""3d2.(3F).4s.4p.(3P*)""","=""z 5D*""","=""2""",7,5,,"=""T3499n""","=""L10989""",
Ti,1,"=""544.8787""","=""0.0004""","=""544.87904""","=""0.00021""","=""3""","=""1.27e+07""",C+,"=""28596.313""","=""46943.911""","=""3d3.(4F).4p""","=""y 5F*""","=""1""","=""3d2.4p2""","=""g 5G""","=""2""",3,5,,"=""T6897""","=""L10989""",
Ti,1,"=""545.3639""","=""0.0004""","=""545.36423""","=""0.00012""","=""77""","=""6.1e+05""",D,"=""11639.8109""","=""29971.086""","=""3d3.(4F).4s""","=""b 3F""","=""3""","=""3d2.(1G).4s.4p.(3P*)""","=""x 3G*""","=""4""",7,9,,"=""T4401n""","=""L10989""",
Ti,1,"=""546.0498""","=""0.0004""","=""546.04980""","=""0.00012""","=""310""","=""4.50e+04""",A,"=""386.874""","=""18695.134""","=""3d2.4s2""","=""a 3F""","=""4""","=""3d2.(3F).4s.4p.(3P*)""","=""z 5D*""","=""4""",9,9,,"=""T7574""","=""L10989""",
Ti,1,"=""547.1197""","=""0.0004""","=""547.11920""","=""0.00012""","=""85""","=""1.3e+06""",D,"=""11639.8109""","=""29912.286""","=""3d3.(4F).4s""","=""b 3F""","=""3""","=""3d2.(3F).4s.4p.(1P*)""","=""w 3D*""","=""3""",7,7,,"=""T4401n""","=""L10989""",
Ti,1,"=""547.4223""","=""0.0004""","=""547.42230""","=""0.00012""","=""170""","=""1.2e+06""",D,"=""11776.812""","=""30039.170""","=""3d3.(4F).4s""","=""b 3F""","=""4""","=""3d2.(1G).4s.4p.(3P*)""","=""x 3G*""","=""5""",9,11,,"=""T4401n""","=""L10989""",
Ti,3,"=""548.131""","=""""","=""548.126+""","=""""","=""8bl""","=""1.3e+07""",D,"=""130739.82""","=""148978.72""","=""3p6.3d.4d""","=""3S""","=""1""","=""3p6.3d.5p""","=""3P*""","=""1""",3,3,,"=""T1216""","=""L3593""",
Ti,1,"=""549.0148""","=""0.0004""","=""549.01477""","=""0.00012""","=""330""","=""3.69e+06""",C+,"=""11776.812""","=""29986.199""","=""3d3.(4F).4s""","=""b 3F""","=""4""","=""3d3.(4F).4p""","=""x 5D*""","=""3""",9,7,,"=""T4922""","=""L10989""",
Ti,1,"=""549.0848""","=""0.0004""","=""549.08454""","=""0.00012""","=""69""","=""1.4e+04""",C,"=""386.874""","=""18593.947""","=""3d2.4s2""","=""a 3F""","=""4""","=""3d2.(3F).4s.4p.(3P*)""","=""z 5D*""","=""3""",9,7,,"=""T3499n""","=""L10989""",
Ti,1,"=""549.7942""","=""0.0008""","=""549.79478""","=""0.00012""","=""11q""","=""6.2e+04""",C,"=""7255.355""","=""25438.908""","=""3d2.4s2""","=""a 1D""","=""2""","=""3d3.(4F).4p""","=""y 3D*""","=""2""",5,5,,"=""T3297""","=""L10989""",
Ti,1,"=""550.3897""","=""0.0004""","=""550.38953""","=""0.00021""","=""210""","=""2.6e+07""",D,"=""20795.603""","=""38959.507""","=""3d3.(2H).4s""","=""a 1H""","=""5""","=""3d3.(2G).4p""","=""x 1G*""","=""4""",11,9,,"=""T4401n""","=""L10989""",
Ti,3,"=""553.301""","=""""","=""553.301+""","=""""","=""12""","=""4.1e+07""",D,"=""149655.77""","=""167724.09""","=""3p6.3d.5p""","=""1F*""","=""3""","=""3p6.3d.5d""","=""1F""","=""3""",7,7,,"=""T1216""","=""L3593""",
Ti,1,"=""""","=""""","=""556.27074""","=""0.00012""","=""0""","=""4.2e+04""",D,"=""7255.355""","=""25227.222""","=""3d2.4s2""","=""a 1D""","=""2""","=""3d2.(3F).4s.4p.(1P*)""","=""y 3F*""","=""3""",5,7,,"=""T3297""","=""""",
Ti,3,"=""556.658""","=""""","=""556.658+""","=""""","=""9""","=""5.7e+06""",D,"=""129253.41""","=""147212.77""","=""3p6.3d.4d""","=""1P""","=""1""","=""3p6.3d.5p""","=""1D*""","=""2""",3,5,,"=""T1216""","=""L3593""",
Ti,1,"=""560.0038""","=""0.0004""","=""560.00410""","=""0.00013""","=""7""","=""1.9e+04""",D,"=""7255.355""","=""25107.411""","=""3d2.4s2""","=""a 1D""","=""2""","=""3d2.(3F).4s.4p.(1P*)""","=""y 3F*""","=""2""",5,5,,"=""T3297""","=""L10989""",
Ti,1,"=""564.8562""","=""0.0004""","=""564.85661""","=""0.00013""","=""150""","=""1.3e+07""",D,"=""20126.062""","=""37824.758""","=""3d2.(3F).4s.4p.(3P*)""","=""z 3D*""","=""3""","=""3d2.4s.(4F).5s""","=""e 3F""","=""4""",7,9,,"=""T4401n""","=""L10989""",
Ti,1,"=""566.2148""","=""0.0004""","=""566.21516""","=""0.00013""","=""350""","=""1.94e+07""",B+,"=""18695.134""","=""36351.365""","=""3d2.(3F).4s.4p.(3P*)""","=""z 5D*""","=""4""","=""3d2.4s.(4F).5s""","=""e 5F""","=""5""",9,11,,"=""T6897""","=""L10989""",
Ti,1,"=""567.5409""","=""0.0004""","=""567.54108""","=""0.00013""","=""230""","=""1.56e+07""",B+,"=""18593.947""","=""36208.929""","=""3d2.(3F).4s.4p.(3P*)""","=""z 5D*""","=""3""","=""3d2.4s.(4F).5s""","=""e 5F""","=""4""",7,9,,"=""T6897""","=""L10989""",
Ti,1,"=""567.9914""","=""0.0004""","=""567.99170""","=""0.00019""","=""72""","=""1.1e+07""",D,"=""19937.855""","=""37538.862""","=""3d2.(3F).4s.4p.(3P*)""","=""z 3D*""","=""1""","=""3d2.4s.(4F).5s""","=""e 3F""","=""2""",3,5,,"=""T4401n""","=""L10989""",
Ti,1,"=""568.9459""","=""0.0004""","=""568.94606""","=""0.00013""","=""160""","=""1.28e+07""",B+,"=""18525.059""","=""36096.542""","=""3d2.(3F).4s.4p.(3P*)""","=""z 5D*""","=""2""","=""3d2.4s.(4F).5s""","=""e 5F""","=""3""",5,7,,"=""T6897""","=""L10989""",
Ti,1,"=""570.2659""","=""0.0004""","=""570.26566""","=""0.00016""","=""100""","=""1.04e+07""",B+,"=""18482.774""","=""36013.597""","=""3d2.(3F).4s.4p.(3P*)""","=""z 5D*""","=""1""","=""3d2.4s.(4F).5s""","=""e 5F""","=""2""",3,5,,"=""T6897""","=""L10989""",
Ti,1,"=""570.8198""","=""0.0004""","=""570.82011""","=""0.00013""","=""52""","=""3.43e+06""",B+,"=""18695.134""","=""36208.929""","=""3d2.(3F).4s.4p.(3P*)""","=""z 5D*""","=""4""","=""3d2.4s.(4F).5s""","=""e 5F""","=""4""",9,9,,"=""T6897""","=""L10989""",
Ti,1,"=""571.1853""","=""0.0004""","=""571.18539""","=""0.00013""","=""77""","=""5.99e+06""",B+,"=""18593.947""","=""36096.542""","=""3d2.(3F).4s.4p.(3P*)""","=""z 5D*""","=""3""","=""3d2.4s.(4F).5s""","=""e 5F""","=""3""",7,7,,"=""T6897""","=""L10989""",
Ti,1,"=""571.6442""","=""0.0004""","=""571.64450""","=""0.00013""","=""74""","=""7.70e+06""",B+,"=""18525.059""","=""36013.597""","=""3d2.(3F).4s.4p.(3P*)""","=""z 5D*""","=""2""","=""3d2.4s.(4F).5s""","=""e 5F""","=""2""",5,5,,"=""T6897""","=""L10989""",
Ti,1,"=""572.0435""","=""0.0004""","=""572.04366""","=""0.00016""","=""51""","=""8.6e+06""",D,"=""18482.774""","=""35959.109""","=""3d2.(3F).4s.4p.(3P*)""","=""z 5D*""","=""1""","=""3d2.4s.(4F).5s""","=""e 5F""","=""1""",3,3,,"=""T4401n""","=""L10989""",
Ti,1,"=""573.9049""","=""0.0004""","=""573.90516""","=""0.00013""","=""9""","=""8.50e+05""",B,"=""18593.947""","=""36013.597""","=""3d2.(3F).4s.4p.(3P*)""","=""z 5D*""","=""3""","=""3d2.4s.(4F).5s""","=""e 5F""","=""2""",7,5,,"=""T6897""","=""L10989""",
Ti,1,"=""573.9468""","=""0.0004""","=""573.94690""","=""0.00020""","=""170""","=""4.6e+06""",D,"=""18141.265""","=""35559.648""","=""3d3.(2H).4s""","=""a 3H""","=""5""","=""3d3.(2G).4p""","=""y 3H*""","=""5""",11,11,,"=""T4401n""","=""L10989""",
Ti,1,"=""573.9978""","=""0.0004""","=""573.99778""","=""0.00023""","=""82""","=""4.8e+06""",D,"=""18037.213""","=""35454.052""","=""3d3.(2H).4s""","=""a 3H""","=""4""","=""3d3.(2G).4p""","=""y 3H*""","=""4""",9,9,,"=""T4401n""","=""L10989""",
Ti,1,"=""574.5065""","=""0.0004""","=""574.50679""","=""0.00013""","=""5""","=""3.11e+05""",C+,"=""18695.134""","=""36096.542""","=""3d2.(3F).4s.4p.(3P*)""","=""z 5D*""","=""4""","=""3d2.4s.(4F).5s""","=""e 5F""","=""3""",9,7,,"=""T6897""","=""L10989""",
Ti,1,"=""577.4026""","=""0.0004""","=""577.40280""","=""0.00013""","=""75""","=""5.5e+07""",D,"=""26657.416""","=""43971.5467""","=""3d3.(4F).4p""","=""y 5G*""","=""4""","=""3d3.(4F).4d""","=""f 5H""","=""5""",9,11,,"=""T4401n""","=""L10989""",
Ti,1,"=""578.5977""","=""0.0004""","=""578.59795""","=""0.00013""","=""90""","=""6.1e+07""",D,"=""26772.968""","=""44051.3351""","=""3d3.(4F).4p""","=""y 5G*""","=""5""","=""3d3.(4F).4d""","=""f 5H""","=""6""",11,13,,"=""T4401n""","=""L10989""",
Ti,1,"=""580.4262""","=""0.0004""","=""580.42601""","=""0.00020""","=""98""","=""6.8e+07""",D,"=""26910.709""","=""44134.658""","=""3d3.(4F).4p""","=""y 5G*""","=""6""","=""3d3.(4F).4d""","=""f 5H""","=""7""",13,15,,"=""T4401n""","=""L10989""",
Ti,1,"=""586.6449""","=""0.0004""","=""586.64513""","=""0.00014""","=""1100""","=""4.00e+06""",C+,"=""8602.3441""","=""25643.701""","=""3d2.4s2""","=""a 3P""","=""2""","=""3d3.(4F).4p""","=""y 3D*""","=""3""",5,7,,"=""T4294""","=""L10989""",
Ti,1,"=""588.0268""","=""0.0004""","=""588.02696""","=""0.00014""","=""140""","=""3.48e+05""",C+,"=""8492.422""","=""25493.733""","=""3d2.4s2""","=""a 3P""","=""1""","=""3d2.(1D).4s.4p.(3P*)""","=""3P*""","=""2""",3,5,,"=""T4498""","=""L10989""",
Ti,1,"=""589.9291""","=""0.0004""","=""589.92936""","=""0.00014""","=""670""","=""2.69e+06""",C+,"=""8492.422""","=""25438.908""","=""3d2.4s2""","=""a 3P""","=""1""","=""3d3.(4F).4p""","=""y 3D*""","=""2""",3,5,,"=""T4294""","=""L10989""",
Ti,1,"=""590.3315""","=""0.0004""","=""590.33150""","=""0.00014""","=""150""","=""4.57e+05""",C+,"=""8602.3441""","=""25537.286""","=""3d2.4s2""","=""a 3P""","=""2""","=""3d2.(1D).4s.4p.(3P*)""","=""3P*""","=""1""",5,3,,"=""T4498""","=""L10989""",
Ti,1,"=""""","=""""","=""590.64456""","=""0.00014""","=""0""","=""6.7e+05""",D,"=""11776.812""","=""28702.778""","=""3d3.(4F).4s""","=""b 3F""","=""4""","=""3d3.(4F).4p""","=""y 5F*""","=""3""",9,7,,"=""T4401n""","=""""",
Ti,1,"=""591.8534""","=""0.0004""","=""591.85363""","=""0.00014""","=""300""","=""1.3e+06""",C,"=""8602.3441""","=""25493.733""","=""3d2.4s2""","=""a 3P""","=""2""","=""3d2.(1D).4s.4p.(3P*)""","=""3P*""","=""2""",5,5,,"=""T3430""","=""L10989""",
Ti,1,"=""592.2108""","=""0.0004""","=""592.21100""","=""0.00018""","=""310""","=""2.17e+06""",C+,"=""8436.618""","=""25317.814""","=""3d2.4s2""","=""a 3P""","=""0""","=""3d3.(4F).4p""","=""y 3D*""","=""1""",1,3,,"=""T4294,T4498""","=""L10989""",
Ti,1,"=""593.7807""","=""0.0004""","=""593.78091""","=""0.00014""","=""99""","=""4.9e+05""",C,"=""8602.3441""","=""25438.908""","=""3d2.4s2""","=""a 3P""","=""2""","=""3d3.(4F).4p""","=""y 3D*""","=""2""",5,5,,"=""T3430,T3297""","=""L10989""",
Ti,1,"=""594.1750""","=""0.0004""","=""594.17517""","=""0.00014""","=""230""","=""1.9e+06""",C,"=""8492.422""","=""25317.814""","=""3d2.4s2""","=""a 3P""","=""1""","=""3d3.(4F).4p""","=""y 3D*""","=""1""",3,3,,"=""T3297""","=""L10989""",
Ti,1,"=""595.3157""","=""0.0004""","=""595.3159""","=""0.0003""","=""1400""","=""6.79e+06""",C+,"=""15220.393""","=""32013.544""","=""3d3.(2G).4s""","=""a 3G""","=""5""","=""3d2.(1G).4s.4p.(3P*)""","=""z 3H*""","=""6""",11,13,,"=""T4922""","=""L10989""",
Ti,1,"=""595.8746""","=""0.0004""","=""595.87516""","=""0.00014""","=""3""","=""1.19e+05""",C+,"=""19573.974""","=""36351.365""","=""3d2.(3F).4s.4p.(3P*)""","=""z 3F*""","=""4""","=""3d2.4s.(4F).5s""","=""e 5F""","=""5""",9,11,,"=""T6897""","=""L10989""",
Ti,1,"=""596.5825""","=""0.0004""","=""596.58285""","=""0.00021""","=""1200""","=""6.64e+06""",C+,"=""15156.802""","=""31914.291""","=""3d3.(2G).4s""","=""a 3G""","=""4""","=""3d2.(1G).4s.4p.(3P*)""","=""z 3H*""","=""5""",9,11,,"=""T4922""","=""L10989""",
Ti,1,"=""597.8539""","=""0.0004""","=""597.8541""","=""0.0003""","=""1000""","=""6.62e+06""",C+,"=""15108.111""","=""31829.969""","=""3d3.(2G).4s""","=""a 3G""","=""3""","=""3d2.(1G).4s.4p.(3P*)""","=""z 3H*""","=""4""",7,9,,"=""T4922""","=""L10989""",
Ti,1,"=""601.3413""","=""0.0004""","=""601.34164""","=""0.00014""","=""15""","=""2.1e+04""",D,"=""8602.3441""","=""25227.222""","=""3d2.4s2""","=""a 3P""","=""2""","=""3d2.(3F).4s.4p.(1P*)""","=""y 3F*""","=""3""",5,7,,"=""T3297""","=""L10989""",
Ti,1,"=""601.6994""","=""0.0004""","=""601.69955""","=""0.00014""","=""4""","=""8.6e+03""",D,"=""8492.422""","=""25107.411""","=""3d2.4s2""","=""a 3P""","=""1""","=""3d2.(3F).4s.4p.(1P*)""","=""y 3F*""","=""2""",3,5,,"=""T3297""","=""L10989""",
Ti,1,"=""606.4623""","=""0.0004""","=""606.46260""","=""0.00022""","=""250""","=""6.88e+05""",C+,"=""8436.618""","=""24921.117""","=""3d2.4s2""","=""a 3P""","=""0""","=""3d2.(3P).4s.4p.(3P*)""","=""z 3S*""","=""1""",1,3,,"=""T4498""","=""L10989""",
Ti,2,"=""607.785""","=""""","=""607.78531""","=""0.00006""","="":""","=""4.10e-01""",C,"=""8744.3406""","=""25192.9650""","=""3d2.(1D).4s""","=""a 2D""","=""5/2""","=""3d.4s2""","=""c 2D""","=""5/2""",6,6,M1+E2,"=""T3093""","=""L18001,L18000""",
Ti,1,"=""609.1169""","=""0.0004""","=""609.11710""","=""0.00022""","=""360""","=""6.17e+06""",C+,"=""18287.554""","=""34700.215""","=""3d3.(2G).4s""","=""b 1G""","=""4""","=""3d3.(2G).4p""","=""z 1H*""","=""5""",9,11,,"=""T4922""","=""L10989""",
Ti,1,"=""609.2790""","=""0.0004""","=""609.27918""","=""0.00019""","=""53""","=""6.83e+05""",C+,"=""15220.393""","=""31628.688""","=""3d3.(2G).4s""","=""a 3G""","=""5""","=""3d3.(4F).4p""","=""w 3G*""","=""5""",11,11,,"=""T4922""","=""L10989""",
Ti,1,"=""609.8657""","=""0.0004""","=""609.86581""","=""0.00019""","=""96""","=""2.5e+07""",D,"=""24694.892""","=""41087.404""","=""3d2.(3F).4s.4p.(3P*)""","=""z 1G*""","=""4""","=""3d2.4s.(2F).5s""","=""e 1F""","=""3""",9,7,,"=""T4401n""","=""L10989""",
Ti,2,"=""612.459""","=""""","=""612.45928""","=""0.00008""","="":""","=""1.6e-01""",E,"=""4628.6571""","=""20951.7551""","=""3d2.(3F).4s""","=""a 2F""","=""5/2""","=""3d3""","=""b 2F""","=""5/2""",6,6,M1+E2,"=""T8335""","=""L18001,L18000""",
Ti,1,"=""612.6214""","=""0.0005""","=""612.62161""","=""0.00015""","=""860""","=""2.23e+06""",C+,"=""8602.3441""","=""24921.117""","=""3d2.4s2""","=""a 3P""","=""2""","=""3d2.(3P).4s.4p.(3P*)""","=""z 3S*""","=""1""",5,3,,"=""T4498""","=""L10989""",
Ti,2,"=""614.718""","=""""","=""614.71756""","=""0.00008""","="":""","=""2.3e-02""",E,"=""4628.6571""","=""20891.7898""","=""3d2.(3F).4s""","=""a 2F""","=""5/2""","=""3d3""","=""b 2F""","=""7/2""",6,8,M1+E2,"=""T8335""","=""L18001,L18000""",
Ti,2,"=""615.191""","=""""","=""615.19075""","=""0.00004""","="":""","=""5.30e-01""",D+,"=""8710.5675""","=""24961.1910""","=""3d2.(1D).4s""","=""a 2D""","=""3/2""","=""3d.4s2""","=""c 2D""","=""3/2""",4,4,M1+E2,"=""T3093""","=""L18001,L18000""",
Ti,2,"=""616.472""","=""""","=""616.47195""","=""0.00004""","="":""","=""4.80e-02""",D+,"=""8744.3406""","=""24961.1910""","=""3d2.(1D).4s""","=""a 2D""","=""5/2""","=""3d.4s2""","=""c 2D""","=""3/2""",6,4,M1+E2,"=""T3093""","=""L18002""",
Ti,2,"=""621.924""","=""""","=""621.92430""","=""0.00007""","="":""","=""1.90e-01""",C,"=""9118.2849""","=""25192.9650""","=""3d3""","=""a 2G""","=""9/2""","=""3d.4s2""","=""c 2D""","=""5/2""",10,6,E2,"=""T3093""","=""L18002""",
Ti,1,"=""622.0472""","=""0.0005""","=""622.04748""","=""0.00015""","=""150""","=""1.8e+07""",D,"=""21588.495""","=""37659.992""","=""3d2.(3F).4s.4p.(3P*)""","=""z 3G*""","=""4""","=""3d2.4s.(4F).5s""","=""e 3F""","=""3""",9,7,,"=""T4401n""","=""L10989""",
Ti,2,"=""622.724""","=""""","=""622.72400""","=""0.00006""","="":""","=""2.7e-02""",E,"=""4897.7179""","=""20951.7551""","=""3d2.(3F).4s""","=""a 2F""","=""7/2""","=""3d3""","=""b 2F""","=""5/2""",8,6,M1+E2,"=""T8335""","=""L18001,L18000""",
Ti,2,"=""625.059""","=""""","=""625.05875""","=""0.00005""","="":""","=""1.7e-01""",E,"=""4897.7179""","=""20891.7898""","=""3d2.(3F).4s""","=""a 2F""","=""7/2""","=""3d3""","=""b 2F""","=""7/2""",8,8,M1+E2,"=""T8335""","=""L18001,L18000""",
Ti,1,"=""625.8099""","=""0.0005""","=""625.81016""","=""0.00016""","=""1600""","=""8.36e+06""",C+,"=""11639.8109""","=""27614.679""","=""3d3.(4F).4s""","=""b 3F""","=""3""","=""3d2.(3F).4s.4p.(1P*)""","=""y 3G*""","=""4""",7,9,,"=""T4922""","=""L10989""",
Ti,1,"=""625.8705""","=""0.0005""","=""625.87069""","=""0.00016""","=""2200""","=""8.9e+06""",C,"=""11776.812""","=""27750.135""","=""3d3.(4F).4s""","=""b 3F""","=""4""","=""3d2.(3F).4s.4p.(1P*)""","=""y 3G*""","=""5""",9,11,,"=""T3297,T3928""","=""L10989""",
Ti,1,"=""626.1096""","=""0.0005""","=""626.10988""","=""0.00016""","=""1200""","=""8.07e+06""",C+,"=""11531.761""","=""27498.982""","=""3d3.(4F).4s""","=""b 3F""","=""2""","=""3d2.(3F).4s.4p.(1P*)""","=""y 3G*""","=""3""",5,7,,"=""T4922""","=""L10989""",
Ti,2,"=""626.260""","=""""","=""626.25960""","=""0.00005""","="":""","=""2.00e-01""",C+,"=""8997.7874""","=""24961.1910""","=""3d3""","=""a 2G""","=""7/2""","=""3d.4s2""","=""c 2D""","=""3/2""",8,4,E2,"=""T3093""","=""L18002""",
Ti,1,"=""630.3754""","=""0.0005""","=""630.37565""","=""0.00016""","=""110""","=""6.51e+05""",C+,"=""11639.8109""","=""27498.982""","=""3d3.(4F).4s""","=""b 3F""","=""3""","=""3d2.(3F).4s.4p.(1P*)""","=""y 3G*""","=""3""",7,7,,"=""T4922""","=""L10989""",
Ti,1,"=""631.2234""","=""0.0005""","=""631.22360""","=""0.00016""","=""110""","=""5.22e+05""",C+,"=""11776.812""","=""27614.679""","=""3d3.(4F).4s""","=""b 3F""","=""4""","=""3d2.(3F).4s.4p.(1P*)""","=""y 3G*""","=""4""",9,9,,"=""T4922""","=""L10989""",
Ti,1,"=""633.6096""","=""0.0005""","=""633.60993""","=""0.00016""","=""140""","=""6.01e+05""",C+,"=""11639.8109""","=""27418.029""","=""3d3.(4F).4s""","=""b 3F""","=""3""","=""3d2.(1D).4s.4p.(3P*)""","=""x 3D*""","=""2""",7,5,,"=""T4922""","=""L10989""",
Ti,1,"=""635.8685""","=""0.0005""","=""635.86871""","=""0.00016""","=""6""","=""6.8e+04""",C,"=""11776.812""","=""27498.982""","=""3d3.(4F).4s""","=""b 3F""","=""4""","=""3d2.(3F).4s.4p.(1P*)""","=""y 3G*""","=""3""",9,7,,"=""T3297""","=""L10989""",
Ti,1,"=""639.5467""","=""0.0005""","=""639.54718""","=""0.00016""","=""11""","=""3.3e+04""",C,"=""12118.393""","=""27750.135""","=""3d2.4s2""","=""a 1G""","=""4""","=""3d2.(3F).4s.4p.(1P*)""","=""y 3G*""","=""5""",9,11,,"=""T3297""","=""L10989""",
Ti,3,"=""649.014""","=""""","=""649.014+""","=""""","=""7""","=""8.4e+06""",D,"=""133999.79""","=""149403.52""","=""3p6.3d.5s""","=""3D""","=""2""","=""3p6.3d.5p""","=""1P*""","=""1""",5,3,,"=""T1216""","=""L3593""",
Ti,1,"=""""","=""""","=""649.99056""","=""0.00021""","=""0""","=""1.9e+03""",D,"=""12118.393""","=""27498.982""","=""3d2.4s2""","=""a 1G""","=""4""","=""3d2.(3F).4s.4p.(1P*)""","=""y 3G*""","=""3""",9,7,,"=""T3297""","=""""",
Ti,1,"=""650.8383""","=""0.0005""","=""650.83814""","=""0.00017""","=""3""","=""1.02e+06""",C+,"=""26657.416""","=""42017.9751""","=""3d3.(4F).4p""","=""y 5G*""","=""4""","=""3d2.4s.(4F).4d""","=""e 5H""","=""5""",9,11,,"=""T6897""","=""L10989""",
Ti,1,"=""651.1675""","=""0.0005""","=""651.16739""","=""0.00017""","=""""","=""1.01e+06""",C+,"=""26564.400""","=""41917.1924""","=""3d3.(4F).4p""","=""y 5G*""","=""3""","=""3d2.4s.(4F).4d""","=""e 5H""","=""4""",7,9,,"=""T6897""","=""L18003""",
Ti,1,"=""651.2531""","=""0.0005""","=""651.25319""","=""0.00017""","=""3""","=""8.20e+05""",C+,"=""26772.968""","=""42123.7378""","=""3d3.(4F).4p""","=""y 5G*""","=""5""","=""3d2.4s.(4F).4d""","=""e 5H""","=""6""",11,13,,"=""T6897""","=""L10989""",
Ti,1,"=""653.6422""","=""0.0005""","=""653.64205""","=""0.00021""","=""6""","=""2.10e+06""",C+,"=""26910.709""","=""42205.377""","=""3d3.(4F).4p""","=""y 5G*""","=""6""","=""3d2.4s.(4F).4d""","=""e 5H""","=""7""",13,15,,"=""T6897""","=""L10989""",
Ti,3,"=""654.775""","=""""","=""654.775+""","=""""","=""9""","=""1.3e+07""",D,"=""133999.79""","=""149267.99""","=""3p6.3d.5s""","=""3D""","=""2""","=""3p6.3d.5p""","=""3P*""","=""2""",5,5,,"=""T1216""","=""L3593""",
Ti,1,"=""655.4222""","=""0.0005""","=""655.42230""","=""0.00017""","=""280""","=""1.34e+06""",C+,"=""11639.8109""","=""26892.936""","=""3d3.(4F).4s""","=""b 3F""","=""3""","=""3d2.(1D).4s.4p.(3P*)""","=""x 3F*""","=""3""",7,7,,"=""T4922""","=""L10989""",
Ti,1,"=""655.6061""","=""0.0005""","=""655.60618""","=""0.00017""","=""380""","=""1.45e+06""",C+,"=""11776.812""","=""27025.659""","=""3d3.(4F).4s""","=""b 3F""","=""4""","=""3d2.(1D).4s.4p.(3P*)""","=""x 3F*""","=""4""",9,9,,"=""T4922""","=""L10989""",
Ti,1,"=""659.9105""","=""0.0005""","=""659.91058""","=""0.00017""","=""330""","=""1.80e+05""",C+,"=""7255.355""","=""22404.739""","=""3d2.4s2""","=""a 1D""","=""2""","=""3d2.(3F).4s.4p.(3P*)""","=""z 1F*""","=""3""",5,7,,"=""T4498""","=""L10989""",
Ti,2,"=""660.6956""","=""0.0003""","=""660.69506""","=""0.00006""","=""7""","=""6.2e+04""",D,"=""16625.2441""","=""31756.6406""","=""3d2.(3P).4s""","=""b 2P""","=""3/2""","=""3d2.(3F).4p""","=""z 2D*""","=""3/2""",4,4,,"=""T4502""","=""L9190""",
Ti,3,"=""661.138""","=""""","=""661.138+""","=""""","=""12""","=""7.1e+07""",D,"=""133898.50""","=""149019.75""","=""3p6.3d.5s""","=""3D""","=""1""","=""3p6.3d.5p""","=""3P*""","=""0""",3,1,,"=""T1216""","=""L3593""",
Ti,3,"=""662.937""","=""""","=""662.937+""","=""""","=""10""","=""2.1e+07""",D,"=""133898.50""","=""148978.72""","=""3p6.3d.5s""","=""3D""","=""1""","=""3p6.3d.5p""","=""3P*""","=""1""",3,3,,"=""T1216""","=""L3593""",
Ti,2,"=""664.710""","=""""","=""664.71023""","=""0.00005""","="":""","=""3.0e-03""",E,"=""225.7039""","=""15265.7001""","=""3d2.(3F).4s""","=""a 4F""","=""7/2""","=""3d2.(1G).4s""","=""b 2G""","=""7/2""",8,8,M1+E2,"=""T8335""","=""L18001,L18000""",
Ti,3,"=""664.747""","=""""","=""664.747+""","=""""","=""14""","=""1.0e+07""",D,"=""133371.07""","=""148410.24""","=""3p6.3d.4d""","=""3F""","=""4""","=""3p6.3d.5p""","=""3F*""","=""4""",9,9,,"=""T1216""","=""L3593""",
Ti,1,"=""""","=""""","=""665.03555""","=""0.00018""","=""0""","=""3.3e+04""",C,"=""11531.761""","=""26564.400""","=""3d3.(4F).4s""","=""b 3F""","=""2""","=""3d3.(4F).4p""","=""y 5G*""","=""3""",5,7,,"=""T3297""","=""""",
Ti,2,"=""665.071""","=""""","=""665.07051""","=""0.00005""","="":""","=""3.2e-03""",E,"=""225.7039""","=""15257.5527""","=""3d2.(3F).4s""","=""a 4F""","=""7/2""","=""3d2.(1G).4s""","=""b 2G""","=""9/2""",8,10,M1+E2,"=""T8335""","=""L18001,L18000""",
Ti,1,"=""""","=""""","=""665.70131""","=""0.00018""","=""0""","=""5.1e+04""",C,"=""11639.8109""","=""26657.416""","=""3d3.(4F).4s""","=""b 3F""","=""3""","=""3d3.(4F).4p""","=""y 5G*""","=""4""",7,9,,"=""T3297""","=""""",
Ti,1,"=""666.655""","=""0.002""","=""666.65348""","=""0.00018""","=""18w""","=""3.3e+05""",C,"=""11776.812""","=""26772.968""","=""3d3.(4F).4s""","=""b 3F""","=""4""","=""3d3.(4F).4p""","=""y 5G*""","=""5""",9,11,,"=""T3297""","=""L3475""",
Ti,3,"=""666.799""","=""""","=""666.800+""","=""""","=""18""","=""5.5e+07""",D,"=""134275.12""","=""149267.99""","=""3p6.3d.5s""","=""3D""","=""3""","=""3p6.3d.5p""","=""3P*""","=""2""",7,5,,"=""T1216""","=""L3593""",
Ti,3,"=""667.419""","=""""","=""667.420+""","=""""","=""15""","=""4.0e+07""",D,"=""133999.79""","=""148978.72""","=""3p6.3d.5s""","=""3D""","=""2""","=""3p6.3d.5p""","=""3P*""","=""1""",5,3,,"=""T1216""","=""L3593""",
Ti,2,"=""672.576""","=""""","=""672.57591""","=""0.00005""","="":""","=""8.0e-03""",E,"=""393.4459""","=""15257.5527""","=""3d2.(3F).4s""","=""a 4F""","=""9/2""","=""3d2.(1G).4s""","=""b 2G""","=""9/2""",10,10,M1+E2,"=""T8335""","=""L18001,L18000""",
Ti,1,"=""674.3119""","=""0.0005""","=""674.31217""","=""0.00023""","=""630""","=""6.9e+05""",D,"=""7255.355""","=""22081.189""","=""3d2.4s2""","=""a 1D""","=""2""","=""3d2.(3F).4s.4p.(3P*)""","=""z 1D*""","=""2""",5,5,,"=""T4401n""","=""L10989""",
Ti,1,"=""686.1447""","=""0.0006""","=""686.1445""","=""0.0003""","=""98""","=""3.7e+06""",D,"=""18287.554""","=""32857.723""","=""3d3.(2G).4s""","=""b 1G""","=""4""","=""3d2.(1D).4s.4p.(1P*)""","=""y 1F*""","=""3""",9,7,,"=""T4401n""","=""L10989""",
Ti,3,"=""689.612""","=""""","=""689.612+""","=""""","=""10""","=""2.6e+07""",D,"=""133065.24""","=""147562.14""","=""3p6.3d.4d""","=""3F""","=""2""","=""3p6.3d.5p""","=""3D*""","=""1""",5,3,,"=""T1216""","=""L3593""",
Ti,3,"=""693.244""","=""""","=""693.248+""","=""""","=""5""","=""4.8e+06""",D,"=""134557.84""","=""148978.72""","=""3p6.3d.5s""","=""1D""","=""2""","=""3p6.3d.5p""","=""3P*""","=""1""",5,3,,"=""T1216""","=""L3593""",
Ti,3,"=""""","=""""","=""694.37""","=""""","=""""","=""1.6e-05""",E,"=""0.0""","=""14397.6""","=""3p6.3d2""","=""3F""","=""2""","=""3p6.3d2""","=""1G""","=""4""",5,9,E2,"=""T1610""","=""""",
Ti,3,"=""701.538""","=""""","=""701.536+""","=""""","=""12""","=""5.8e+07""",D,"=""135405.27""","=""149655.77""","=""3p6.3d.4d""","=""1D""","=""2""","=""3p6.3d.5p""","=""1F*""","=""3""",5,7,,"=""T1216""","=""L3593""",
Ti,3,"=""701.731""","=""""","=""701.728+""","=""""","=""0""","=""1.2e+07""",D,"=""168030.15""","=""182276.75""","=""3p6.3d.5d""","=""3D""","=""2""","=""3p6.3d.5f""","=""3P*""","=""1""",5,3,,"=""T1216""","=""L3593""",
Ti,3,"=""703.140""","=""""","=""703.140+""","=""""","=""2""","=""5.0e+07""",D,"=""168343.62""","=""182561.61""","=""3p6.3d.5d""","=""1P""","=""1""","=""3p6.3d.5f""","=""1P*""","=""1""",3,3,,"=""T1216""","=""L3593""",
Ti,3,"=""""","=""""","=""703.40""","=""""","=""""","=""4.3e-03""",E,"=""184.9""","=""14397.6""","=""3p6.3d2""","=""3F""","=""3""","=""3p6.3d2""","=""1G""","=""4""",7,9,M1,"=""T1610""","=""""",
Ti,3,"=""707.193""","=""""","=""707.196+""","=""""","=""10""","=""2.2e+07""",D,"=""167724.09""","=""181860.55""","=""3p6.3d.5d""","=""1F""","=""3""","=""3p6.3d.5f""","=""1F*""","=""3""",7,7,,"=""T1216""","=""L3593""",
Ti,3,"=""707.264""","=""""","=""707.263+""","=""""","=""20""","=""5.8e+07""",D,"=""134275.12""","=""148410.24""","=""3p6.3d.5s""","=""3D""","=""3""","=""3p6.3d.5p""","=""3F*""","=""4""",7,9,,"=""T1216""","=""L3593""",
Ti,1,"=""708.4244""","=""0.0006""","=""708.42447""","=""0.00020""","=""3""","=""1.3e+04""",D,"=""11531.761""","=""25643.701""","=""3d3.(4F).4s""","=""b 3F""","=""2""","=""3d3.(4F).4p""","=""y 3D*""","=""3""",5,7,,"=""T3430,T3297""","=""L10989""",
Ti,1,"=""713.8903""","=""0.0006""","=""713.89050""","=""0.00020""","=""99""","=""4.8e+05""",C,"=""11639.8109""","=""25643.701""","=""3d3.(4F).4s""","=""b 3F""","=""3""","=""3d3.(4F).4p""","=""y 3D*""","=""3""",7,7,,"=""T3430,T3297""","=""L10989""",
Ti,3,"=""714.176""","=""""","=""714.178+""","=""""","=""4""","=""4.9e+07""",D,"=""135405.27""","=""149403.52""","=""3p6.3d.4d""","=""1D""","=""2""","=""3p6.3d.5p""","=""1P*""","=""1""",5,3,,"=""T1216""","=""L3593""",
Ti,3,"=""""","=""""","=""715.25""","=""""","=""""","=""6.8e-03""",E,"=""420.4""","=""14397.6""","=""3p6.3d2""","=""3F""","=""4""","=""3p6.3d2""","=""1G""","=""4""",9,9,M1,"=""T1610""","=""""",
Ti,1,"=""718.8562""","=""0.0006""","=""718.85661""","=""0.00021""","=""72""","=""4.5e+05""",C,"=""11531.761""","=""25438.908""","=""3d3.(4F).4s""","=""b 3F""","=""2""","=""3d3.(4F).4p""","=""y 3D*""","=""2""",5,5,,"=""T3430,T3297""","=""L10989""",
Ti,3,"=""720.366""","=""""","=""720.366+""","=""""","=""4""","=""3.4e+07""",D,"=""168030.15""","=""181908.15""","=""3p6.3d.5d""","=""3D""","=""2""","=""3p6.3d.5f""","=""3D*""","=""2""",5,5,,"=""T1216""","=""L3593""",
Ti,1,"=""720.9434""","=""0.0006""","=""720.94359""","=""0.00021""","=""1300""","=""5.8e+06""",C,"=""11776.812""","=""25643.701""","=""3d3.(4F).4s""","=""b 3F""","=""4""","=""3d3.(4F).4p""","=""y 3D*""","=""3""",9,7,,"=""T3430,T3297""","=""L10989""",
Ti,2,"=""721.4729""","=""0.0002""","=""721.47286""","=""0.00007""","=""23""","=""2.3e+05""",D,"=""20891.7898""","=""34748.5062""","=""3d3""","=""b 2F""","=""7/2""","=""3d2.(3F).4p""","=""z 2G*""","=""9/2""",8,10,,"=""T4502""","=""u37""",
Ti,1,"=""721.6182""","=""0.0006""","=""721.61838""","=""0.00021""","=""320""","=""1.8e+06""",D,"=""11639.8109""","=""25493.733""","=""3d3.(4F).4s""","=""b 3F""","=""3""","=""3d2.(1D).4s.4p.(3P*)""","=""3P*""","=""2""",7,5,,"=""T4401n""","=""L10989""",
Ti,3,"=""722.840""","=""""","=""722.846+""","=""""","=""0""","=""3.6e+06""",D,"=""168030.15""","=""181860.55""","=""3p6.3d.5d""","=""3D""","=""2""","=""3p6.3d.5f""","=""1F*""","=""3""",5,7,,"=""T1216""","=""L3593""",
Ti,1,"=""724.4853""","=""0.0006""","=""724.48545""","=""0.00021""","=""770""","=""3.9e+06""",C,"=""11639.8109""","=""25438.908""","=""3d3.(4F).4s""","=""b 3F""","=""3""","=""3d3.(4F).4p""","=""y 3D*""","=""2""",7,5,,"=""T3430,T3297""","=""L10989""",
Ti,1,"=""725.1708""","=""0.0006""","=""725.17095""","=""0.00021""","=""650""","=""7.2e+06""",C,"=""11531.761""","=""25317.814""","=""3d3.(4F).4s""","=""b 3F""","=""2""","=""3d3.(4F).4p""","=""y 3D*""","=""1""",5,3,,"=""T3297""","=""L10989""",
Ti,3,"=""725.288""","=""""","=""725.288+""","=""""","=""3""","=""1.4e+07""",D,"=""167724.09""","=""181507.92""","=""3p6.3d.5d""","=""1F""","=""3""","=""3p6.3d.5f""","=""3G*""","=""3""",7,7,,"=""T1216""","=""L3593""",
Ti,1,"=""726.6246""","=""0.0006""","=""726.6250""","=""0.0003""","=""42""","=""1.7e+06""",D,"=""13981.773""","=""27740.238""","=""3d3.(4P).4s""","=""a 5P""","=""1""","=""3d2.(3P).4s.4p.(3P*)""","=""z 5P*""","=""2""",3,5,,"=""T4401n""","=""L10989""",
Ti,1,"=""727.1505""","=""0.0006""","=""727.15064""","=""0.00021""","=""27""","=""7.8e+04""",D,"=""11639.8109""","=""25388.331""","=""3d3.(4F).4s""","=""b 3F""","=""3""","=""3d2.(3F).4s.4p.(1P*)""","=""y 3F*""","=""4""",7,9,,"=""T3430,T3297""","=""L10989""",
Ti,3,"=""728.898""","=""""","=""728.899+""","=""""","=""1""","=""6.1e+06""",D,"=""167724.09""","=""181439.64""","=""3p6.3d.5d""","=""1F""","=""3""","=""3p6.3d.5f""","=""3H*""","=""4""",7,9,,"=""T1216""","=""L3593""",
Ti,1,"=""729.9689""","=""0.0006""","=""729.96780""","=""0.00021""","=""31*""","=""2.1e+05""",D,"=""11531.761""","=""25227.222""","=""3d3.(4F).4s""","=""b 3F""","=""2""","=""3d2.(3F).4s.4p.(1P*)""","=""y 3F*""","=""3""",5,7,,"=""T3430,T3297""","=""L10989""",
Ti,3,"=""731.514""","=""""","=""731.514+""","=""""","=""7""","=""4.4e+06""",D,"=""135601.47""","=""149267.99""","=""3p6.3d.4d""","=""3P""","=""1""","=""3p6.3d.5p""","=""3P*""","=""2""",3,5,,"=""T1216""","=""L3593""",
Ti,3,"=""731.668""","=""""","=""731.668+""","=""""","=""10""","=""3.6e+07""",D,"=""133898.50""","=""147562.14""","=""3p6.3d.5s""","=""3D""","=""1""","=""3p6.3d.5p""","=""3D*""","=""1""",3,3,,"=""T1216""","=""L3593""",
Ti,3,"=""733.541""","=""""","=""733.539+""","=""""","=""0""","=""1.3e+07""",D,"=""168932.83""","=""182561.61""","=""3p6.3d.5d""","=""3S""","=""1""","=""3p6.3d.5f""","=""1P*""","=""1""",3,3,,"=""T1216""","=""L3593""",
Ti,1,"=""734.4695""","=""0.0006""","=""734.46952""","=""0.00022""","=""430""","=""1.4e+06""",D,"=""11776.812""","=""25388.331""","=""3d3.(4F).4s""","=""b 3F""","=""4""","=""3d2.(3F).4s.4p.(1P*)""","=""y 3F*""","=""4""",9,9,,"=""T3430,T3297""","=""L10989""",
Ti,1,"=""735.7726""","=""0.0006""","=""735.77268""","=""0.00022""","=""340""","=""1.33e+06""",C+,"=""11639.8109""","=""25227.222""","=""3d3.(4F).4s""","=""b 3F""","=""3""","=""3d2.(3F).4s.4p.(1P*)""","=""y 3F*""","=""3""",7,7,,"=""T4922""","=""L10989""",
Ti,1,"=""736.4099""","=""0.0007""","=""736.41012""","=""0.00022""","=""250""","=""1.6e+06""",D,"=""11531.761""","=""25107.411""","=""3d3.(4F).4s""","=""b 3F""","=""2""","=""3d2.(3F).4s.4p.(1P*)""","=""y 3F*""","=""2""",5,5,,"=""T3430,T3297""","=""L10989""",
Ti,3,"=""737.014""","=""""","=""737.014+""","=""""","=""0""","=""1.1e+07""",D,"=""168343.62""","=""181908.15""","=""3p6.3d.5d""","=""1P""","=""1""","=""3p6.3d.5f""","=""3D*""","=""2""",3,5,,"=""T1216""","=""L3593""",
Ti,3,"=""737.134""","=""""","=""737.132+""","=""""","=""7""","=""1.6e+07""",D,"=""133999.79""","=""147562.14""","=""3p6.3d.5s""","=""3D""","=""2""","=""3p6.3d.5p""","=""3D*""","=""1""",5,3,,"=""T1216""","=""L3593""",
Ti,3,"=""737.996""","=""""","=""737.996+""","=""""","=""12""","=""1.3e+07""",D,"=""135721.51""","=""149267.99""","=""3p6.3d.4d""","=""3P""","=""2""","=""3p6.3d.5p""","=""3P*""","=""2""",5,5,,"=""T1216""","=""L3593""",
Ti,3,"=""739.727""","=""""","=""739.727+""","=""""","=""4""","=""1.6e+07""",D,"=""168307.06""","=""181821.83""","=""3p6.3d.5d""","=""3G""","=""4""","=""3p6.3d.5f""","=""3G*""","=""5""",9,11,,"=""T1216""","=""L3593""",
Ti,3,"=""740.813""","=""""","=""740.813+""","=""""","=""10""","=""8.7e+07""",D,"=""167724.09""","=""181219.06""","=""3p6.3d.5d""","=""1F""","=""3""","=""3p6.3d.5f""","=""1G*""","=""4""",7,9,,"=""T1216""","=""L3593""",
Ti,3,"=""741.760""","=""""","=""741.758+""","=""""","=""2""","=""1.8e+07""",D,"=""168030.15""","=""181507.92""","=""3p6.3d.5d""","=""3D""","=""2""","=""3p6.3d.5f""","=""3G*""","=""3""",5,7,,"=""T1216""","=""L3593""",
Ti,1,"=""742.3184""","=""0.0007""","=""742.31833""","=""0.00022""","=""8""","=""5.5e+04""",D,"=""11639.8109""","=""25107.411""","=""3d3.(4F).4s""","=""b 3F""","=""3""","=""3d2.(3F).4s.4p.(1P*)""","=""y 3F*""","=""2""",7,5,,"=""T3430""","=""L10989""",
Ti,3,"=""743.220""","=""""","=""743.219+""","=""""","=""3""","=""1.5e+07""",D,"=""168307.06""","=""181758.34""","=""3p6.3d.5d""","=""3G""","=""4""","=""3p6.3d.5f""","=""3G*""","=""4""",9,9,,"=""T1216""","=""L3593""",
Ti,1,"=""743.2670""","=""0.0007""","=""743.26705""","=""0.00022""","=""5""","=""6.9e+03""",D,"=""11776.812""","=""25227.222""","=""3d3.(4F).4s""","=""b 3F""","=""4""","=""3d2.(3F).4s.4p.(1P*)""","=""y 3F*""","=""3""",9,7,,"=""T3297""","=""L10989""",
Ti,1,"=""744.0576""","=""0.0007""","=""744.0577""","=""0.0003""","=""68""","=""2.2e+06""",D,"=""18192.570""","=""31628.688""","=""3d3.(2H).4s""","=""a 3H""","=""6""","=""3d3.(4F).4p""","=""w 3G*""","=""5""",13,11,,"=""T4401n""","=""L10989""",
Ti,3,"=""744.172""","=""""","=""744.171+""","=""""","=""5""","=""7.4e+07""",D,"=""167905.19""","=""181339.27""","=""3p6.3d.5d""","=""3D""","=""1""","=""3p6.3d.5f""","=""3F*""","=""2""",3,5,,"=""T1216""","=""L3593""",
Ti,3,"=""745.045""","=""""","=""745.047+""","=""""","=""5""","=""1.6e+07""",D,"=""135601.47""","=""149019.75""","=""3p6.3d.4d""","=""3P""","=""1""","=""3p6.3d.5p""","=""3P*""","=""0""",3,1,,"=""T1216""","=""L3593""",
Ti,1,"=""745.6582""","=""0.0007""","=""745.6584""","=""0.0003""","=""9""","=""8.00e+03""",C+,"=""6598.765""","=""20006.039""","=""3d3.(4F).4s""","=""a 5F""","=""2""","=""3d2.(3F).4s.4p.(3P*)""","=""z 3D*""","=""2""",5,5,,"=""T8000""","=""L10989""",
Ti,3,"=""746.004""","=""""","=""746.001+""","=""""","=""1""","=""4.4e+07""",D,"=""168932.83""","=""182333.95""","=""3p6.3d.5d""","=""3S""","=""1""","=""3p6.3d.5f""","=""3P*""","=""0""",3,1,,"=""T1216""","=""L3593""",
Ti,1,"=""746.9938""","=""0.0007""","=""746.99382""","=""0.00022""","=""13""","=""1.20e+04""",B',"=""6742.756""","=""20126.062""","=""3d3.(4F).4s""","=""a 5F""","=""4""","=""3d2.(3F).4s.4p.(3P*)""","=""z 3D*""","=""3""",9,7,,"=""T8000""","=""L10989""",
Ti,3,"=""748.458""","=""""","=""748.459+""","=""""","=""5""","=""5.6e+07""",D,"=""168343.62""","=""181700.72""","=""3p6.3d.5d""","=""1P""","=""1""","=""3p6.3d.5f""","=""1D*""","=""2""",3,5,,"=""T1216""","=""L3593""",
Ti,1,"=""749.1360""","=""0.0007""","=""749.13617""","=""0.00022""","=""6""","=""7.00e+03""",C+,"=""6661.006""","=""20006.039""","=""3d3.(4F).4s""","=""a 5F""","=""3""","=""3d2.(3F).4s.4p.(3P*)""","=""z 3D*""","=""2""",7,5,,"=""T8000""","=""L10989""",
Ti,3,"=""749.192""","=""""","=""749.199+""","=""""","=""3""","=""3.4e+07""",D,"=""168932.83""","=""182276.75""","=""3p6.3d.5d""","=""3S""","=""1""","=""3p6.3d.5f""","=""3P*""","=""1""",3,3,,"=""T1216""","=""L3593""",
Ti,3,"=""749.518""","=""""","=""749.514+""","=""""","=""8""","=""5.7e+07""",D,"=""168030.15""","=""181368.45""","=""3p6.3d.5d""","=""3D""","=""2""","=""3p6.3d.5f""","=""3F*""","=""3""",5,7,,"=""T1216""","=""L3593""",
Ti,3,"=""750.687""","=""""","=""750.687+""","=""""","=""15""","=""1.1e+08""",D,"=""168520.52""","=""181837.98""","=""3p6.3d.5d""","=""3G""","=""5""","=""3p6.3d.5f""","=""3H*""","=""6""",11,13,,"=""T1216""","=""L3593""",
Ti,3,"=""750.768""","=""""","=""750.768+""","=""""","=""17""","=""2.8e+07""",D,"=""136339.74""","=""149655.77""","=""3p6.3d.4d""","=""1G""","=""4""","=""3p6.3d.5p""","=""1F*""","=""3""",9,7,,"=""T1216""","=""L3593""",
Ti,3,"=""750.865""","=""""","=""750.867+""","=""""","=""0""","=""4.4e+06""",D,"=""133898.50""","=""147212.77""","=""3p6.3d.5s""","=""3D""","=""1""","=""3p6.3d.5p""","=""1D*""","=""2""",3,5,,"=""T1216""","=""L3593""",
Ti,3,"=""751.159""","=""""","=""751.158+""","=""""","=""0""","=""3.9e+06""",D,"=""168030.15""","=""181339.27""","=""3p6.3d.5d""","=""3D""","=""2""","=""3p6.3d.5f""","=""3F*""","=""2""",5,5,,"=""T1216""","=""L3593""",
Ti,3,"=""751.598""","=""""","=""751.599+""","=""""","=""4""","=""2.3e+07""",D,"=""168520.52""","=""181821.83""","=""3p6.3d.5d""","=""3G""","=""5""","=""3p6.3d.5f""","=""3G*""","=""5""",11,11,,"=""T1216""","=""L3593""",
Ti,3,"=""753.115""","=""""","=""753.113+""","=""""","=""3""","=""4.5e+07""",D,"=""168932.83""","=""182207.39""","=""3p6.3d.5d""","=""3S""","=""1""","=""3p6.3d.5f""","=""3P*""","=""2""",3,5,,"=""T1216""","=""L3593""",
Ti,3,"=""754.099""","=""""","=""754.099+""","=""""","=""4""","=""4.1e+06""",D,"=""135721.51""","=""148978.72""","=""3p6.3d.4d""","=""3P""","=""2""","=""3p6.3d.5p""","=""3P*""","=""1""",5,3,,"=""T1216""","=""L3593""",
Ti,3,"=""754.429""","=""""","=""754.431+""","=""""","=""12""","=""9.3e+07""",D,"=""168307.06""","=""181558.44""","=""3p6.3d.5d""","=""3G""","=""4""","=""3p6.3d.5f""","=""3H*""","=""5""",9,11,,"=""T1216""","=""L3593""",
Ti,3,"=""755.205""","=""""","=""755.203+""","=""""","=""0""","=""1.9e+06""",D,"=""168520.52""","=""181758.34""","=""3p6.3d.5d""","=""3G""","=""5""","=""3p6.3d.5f""","=""3G*""","=""4""",11,9,,"=""T1216""","=""L3593""",
Ti,3,"=""756.625""","=""""","=""756.623+""","=""""","=""9""","=""8.9e+06""",D,"=""133999.79""","=""147212.77""","=""3p6.3d.5s""","=""3D""","=""2""","=""3p6.3d.5p""","=""1D*""","=""2""",5,5,,"=""T1216""","=""L3593""",
Ti,3,"=""770.480""","=""""","=""770.482+""","=""""","=""2""","=""8.7e+06""",D,"=""168932.83""","=""181908.15""","=""3p6.3d.5d""","=""3S""","=""1""","=""3p6.3d.5f""","=""3D*""","=""2""",3,5,,"=""T1216""","=""L3593""",
Ti,3,"=""774.264""","=""""","=""774.260+""","=""""","=""1""","=""4.7e+06""",D,"=""168307.06""","=""181219.06""","=""3p6.3d.5d""","=""3G""","=""4""","=""3p6.3d.5f""","=""1G*""","=""4""",9,9,,"=""T1216""","=""L3593""",
Ti,1,"=""776.7439""","=""0.0007""","=""776.74435""","=""0.00024""","=""14""","=""1.40e+04""",C+,"=""7255.355""","=""20126.062""","=""3d2.4s2""","=""a 1D""","=""2""","=""3d2.(3F).4s.4p.(3P*)""","=""z 3D*""","=""3""",5,7,,"=""T8000""","=""L10989""",
Ti,3,"=""777.595""","=""""","=""777.597+""","=""""","=""2""","=""2.3e+06""",D,"=""158285.34""","=""171141.93""","=""3p6.3d.4f""","=""1G*""","=""4""","=""3p6.3d.5d""","=""1G""","=""4""",9,9,,"=""T1216""","=""L3593""",
Ti,1,"=""784.0557""","=""0.0007""","=""784.0559""","=""0.0003""","=""10""","=""1.10e+04""",C+,"=""7255.355""","=""20006.039""","=""3d2.4s2""","=""a 1D""","=""2""","=""3d2.(3F).4s.4p.(3P*)""","=""z 3D*""","=""2""",5,5,,"=""T8000""","=""L10989""",
Ti,1,"=""785.2675""","=""0.0007""","=""785.26746""","=""0.00025""","=""31*""","=""2.80e+04""",B,"=""6842.962""","=""19573.974""","=""3d3.(4F).4s""","=""a 5F""","=""5""","=""3d2.(3F).4s.4p.(3P*)""","=""z 3F*""","=""4""",11,9,,"=""T8000""","=""L10989""",
Ti,1,"=""788.4996""","=""0.0007""","=""788.49976""","=""0.00025""","=""14""","=""1.40e+04""",C+,"=""6742.756""","=""19421.580""","=""3d3.(4F).4s""","=""a 5F""","=""4""","=""3d2.(3F).4s.4p.(3P*)""","=""z 3F*""","=""3""",9,7,,"=""T8000""","=""L10989""",
Ti,2,"=""791.620""","=""""","=""791.62026""","=""0.00006""","="":""","=""2.0e-03""",E,"=""0.0000""","=""12628.8455""","=""3d2.(3F).4s""","=""a 4F""","=""3/2""","=""3d3""","=""b 2D2""","=""3/2""",4,4,M1+E2,"=""T8335""","=""L18001,L18000""",
Ti,1,"=""793.8521""","=""0.0008""","=""793.8526""","=""0.0003""","=""6""","=""3.8e+04""",C,"=""15156.802""","=""27750.135""","=""3d3.(2G).4s""","=""a 3G""","=""4""","=""3d2.(3F).4s.4p.(1P*)""","=""y 3G*""","=""5""",9,11,,"=""T3297""","=""L10989""",
Ti,1,"=""794.9151""","=""0.0008""","=""794.9152""","=""0.0003""","=""240""","=""4.1e+05""",C,"=""12118.393""","=""24694.892""","=""3d2.4s2""","=""a 1G""","=""4""","=""3d2.(3F).4s.4p.(3P*)""","=""z 1G*""","=""4""",9,9,,"=""T3897""","=""L10989""",
Ti,2,"=""797.564""","=""""","=""797.56399""","=""0.00010""","="":""","=""3.4e-03""",E,"=""94.1142""","=""12628.8455""","=""3d2.(3F).4s""","=""a 4F""","=""5/2""","=""3d3""","=""b 2D2""","=""3/2""",6,4,M1+E2,"=""T8335""","=""L18001,L18000""",
Ti,2,"=""797.702""","=""""","=""797.70244""","=""0.00006""","="":""","=""3.0e-03""",E,"=""225.7039""","=""12758.2597""","=""3d2.(3F).4s""","=""a 4F""","=""7/2""","=""3d3""","=""b 2D2""","=""5/2""",8,6,M1+E2,"=""T8335""","=""L18001,L18000""",
Ti,1,"=""802.4840""","=""0.0008""","=""802.4843""","=""0.0003""","=""100""","=""8.3e+05""",C,"=""15156.802""","=""27614.679""","=""3d3.(2G).4s""","=""a 3G""","=""4""","=""3d2.(3F).4s.4p.(1P*)""","=""y 3G*""","=""4""",9,9,,"=""T3297""","=""L10989""",
Ti,1,"=""806.6018""","=""0.0008""","=""806.6016""","=""0.0003""","=""6""","=""3.4e+04""",C,"=""15220.393""","=""27614.679""","=""3d3.(2G).4s""","=""a 3G""","=""5""","=""3d2.(3F).4s.4p.(1P*)""","=""y 3G*""","=""4""",11,9,,"=""T3297""","=""L10989""",
Ti,1,"=""806.8240""","=""0.0008""","=""806.8239""","=""0.0003""","=""74""","=""7.7e+05""",C,"=""15108.111""","=""27498.982""","=""3d3.(2G).4s""","=""a 3G""","=""3""","=""3d2.(3F).4s.4p.(1P*)""","=""y 3G*""","=""3""",7,7,,"=""T3297""","=""L10989""",
Ti,1,"=""810.0070""","=""0.0008""","=""810.0069""","=""0.0003""","=""6""","=""4.5e+04""",C,"=""15156.802""","=""27498.982""","=""3d3.(2G).4s""","=""a 3G""","=""4""","=""3d2.(3F).4s.4p.(1P*)""","=""y 3G*""","=""3""",9,7,,"=""T3297""","=""L10989""",
Ti,3,"=""816.406""","=""""","=""816.407+""","=""""","=""0""","=""2.9e+06""",D,"=""169615.12""","=""181860.55""","=""3p6.3d.5d""","=""3F""","=""2""","=""3p6.3d.5f""","=""1F*""","=""3""",5,7,,"=""T1216""","=""L3593""",
Ti,3,"=""823.558""","=""""","=""823.563+""","=""""","=""0""","=""4.3e+06""",D,"=""169769.13""","=""181908.15""","=""3p6.3d.5d""","=""3F""","=""3""","=""3p6.3d.5f""","=""3D*""","=""2""",7,5,,"=""T1216""","=""L3593""",
Ti,3,"=""825.285""","=""""","=""825.281+""","=""""","=""0""","=""2.1e+06""",D,"=""169912.11""","=""182025.86""","=""3p6.3d.5d""","=""3F""","=""4""","=""3p6.3d.5f""","=""3D*""","=""3""",9,7,,"=""T1216""","=""L3593""",
Ti,1,"=""830.7416""","=""0.0008""","=""830.7417""","=""0.0003""","=""28""","=""1.20e+04""",B',"=""6661.006""","=""18695.134""","=""3d3.(4F).4s""","=""a 5F""","=""3""","=""3d2.(3F).4s.4p.(3P*)""","=""z 5D*""","=""4""",7,9,,"=""T8000""","=""L10989""",
Ti,2,"=""833.341""","=""""","=""833.34138""","=""0.00013""","="":""","=""1.5e-02""",E,"=""4628.6571""","=""16625.2441""","=""3d2.(3F).4s""","=""a 2F""","=""5/2""","=""3d2.(3P).4s""","=""b 2P""","=""3/2""",6,4,M1+E2,"=""T8335""","=""L18001,L18000""",
Ti,1,"=""833.4389""","=""0.0008""","=""833.4390""","=""0.0003""","=""58""","=""3.20e+04""",B,"=""6598.765""","=""18593.947""","=""3d3.(4F).4s""","=""a 5F""","=""2""","=""3d2.(3F).4s.4p.(3P*)""","=""z 5D*""","=""3""",5,7,,"=""T8000""","=""L10989""",
Ti,3,"=""833.854""","=""""","=""833.854+""","=""""","=""10""","=""4.2e+07""",D,"=""169769.13""","=""181758.34""","=""3p6.3d.5d""","=""3F""","=""3""","=""3p6.3d.5f""","=""3G*""","=""4""",7,9,,"=""T1216""","=""L3593""",
Ti,1,"=""835.3160""","=""0.0008""","=""835.3162""","=""0.0003""","=""57""","=""4.60e+04""",B',"=""6556.833""","=""18525.059""","=""3d3.(4F).4s""","=""a 5F""","=""1""","=""3d2.(3F).4s.4p.(3P*)""","=""z 5D*""","=""2""",3,5,,"=""T8000""","=""L10989""",
Ti,1,"=""836.4237""","=""0.0008""","=""836.4237""","=""0.0003""","=""400""","=""2.07e+05""",B,"=""6742.756""","=""18695.134""","=""3d3.(4F).4s""","=""a 5F""","=""4""","=""3d2.(3F).4s.4p.(3P*)""","=""z 5D*""","=""4""",9,9,,"=""T8000""","=""L10989""",
Ti,1,"=""837.7859""","=""0.0008""","=""837.7861""","=""0.0003""","=""620""","=""3.48e+05""",B,"=""6661.006""","=""18593.947""","=""3d3.(4F).4s""","=""a 5F""","=""3""","=""3d2.(3F).4s.4p.(3P*)""","=""z 5D*""","=""3""",7,7,,"=""T8000""","=""L10989""",
Ti,1,"=""838.2529""","=""0.0008""","=""838.2531""","=""0.0003""","=""610""","=""4.86e+05""",B,"=""6598.765""","=""18525.059""","=""3d3.(4F).4s""","=""a 5F""","=""2""","=""3d2.(3F).4s.4p.(3P*)""","=""z 5D*""","=""2""",5,5,,"=""T8000""","=""L10989""",
Ti,1,"=""838.2779""","=""0.0008""","=""838.2779""","=""0.0004""","=""450""","=""6.11e+05""",B,"=""6556.833""","=""18482.774""","=""3d3.(4F).4s""","=""a 5F""","=""1""","=""3d2.(3F).4s.4p.(3P*)""","=""z 5D*""","=""1""",3,3,,"=""T8000""","=""L10989""",
Ti,3,"=""839.420""","=""""","=""839.420+""","=""""","=""12""","=""5.6e+07""",D,"=""169912.11""","=""181821.83""","=""3p6.3d.5d""","=""3F""","=""4""","=""3p6.3d.5f""","=""3G*""","=""5""",9,11,,"=""T1216""","=""L3593""",
Ti,3,"=""840.615""","=""""","=""840.614+""","=""""","=""8""","=""3.4e+07""",D,"=""169615.12""","=""181507.92""","=""3p6.3d.5d""","=""3F""","=""2""","=""3p6.3d.5f""","=""3G*""","=""3""",5,7,,"=""T1216""","=""L3593""",
Ti,2,"=""841.004""","=""""","=""841.00432""","=""0.00016""","="":""","=""1.0e-01""",E,"=""4628.6571""","=""16515.9359""","=""3d2.(3F).4s""","=""a 2F""","=""5/2""","=""3d2.(3P).4s""","=""b 2P""","=""1/2""",6,2,E2,"=""T8335""","=""L18001,L18000""",
Ti,1,"=""841.2356""","=""0.0008""","=""841.2357""","=""0.0004""","=""960""","=""1.28e+06""",B,"=""6598.765""","=""18482.774""","=""3d3.(4F).4s""","=""a 5F""","=""2""","=""3d2.(3F).4s.4p.(3P*)""","=""z 5D*""","=""1""",5,3,,"=""T8000""","=""L10989""",
Ti,1,"=""842.6504""","=""0.0009""","=""842.6507""","=""0.0003""","=""1500""","=""1.20e+06""",B,"=""6661.006""","=""18525.059""","=""3d3.(4F).4s""","=""a 5F""","=""3""","=""3d2.(3F).4s.4p.(3P*)""","=""z 5D*""","=""2""",7,5,,"=""T8000""","=""L10989""",
Ti,1,"=""843.4959""","=""0.0009""","=""843.4954""","=""0.0003""","=""3100""","=""1.55e+06""",B,"=""6842.962""","=""18695.134""","=""3d3.(4F).4s""","=""a 5F""","=""5""","=""3d2.(3F).4s.4p.(3P*)""","=""z 5D*""","=""4""",11,9,,"=""T8000""","=""L10989""",
Ti,1,"=""843.5650""","=""0.0009""","=""843.5653""","=""0.0003""","=""2100""","=""1.29e+06""",B,"=""6742.756""","=""18593.947""","=""3d3.(4F).4s""","=""a 5F""","=""4""","=""3d2.(3F).4s.4p.(3P*)""","=""z 5D*""","=""3""",9,7,,"=""T8000""","=""L10989""",
Ti,3,"=""""","=""""","=""843.919""","=""""","=""""","=""1.5e+07""",D,"=""169912.11""","=""181758.34""","=""3p6.3d.5d""","=""3F""","=""4""","=""3p6.3d.5f""","=""3G*""","=""4""",9,9,,"=""T1216""","=""""",
Ti,3,"=""850.588""","=""""","=""850.589+""","=""""","=""7""","=""2.6e+07""",D,"=""169615.12""","=""181368.45""","=""3p6.3d.5d""","=""3F""","=""2""","=""3p6.3d.5f""","=""3F*""","=""3""",5,7,,"=""T1216""","=""L3593""",
Ti,3,"=""851.640""","=""""","=""851.643+""","=""""","=""5""","=""1.3e+07""",D,"=""169769.13""","=""181507.92""","=""3p6.3d.5d""","=""3F""","=""3""","=""3p6.3d.5f""","=""3G*""","=""3""",7,7,,"=""T1216""","=""L3593""",
Ti,2,"=""852.461""","=""""","=""852.46054""","=""0.00008""","="":""","=""8.6e-02""",E,"=""4897.7179""","=""16625.2441""","=""3d2.(3F).4s""","=""a 2F""","=""7/2""","=""3d2.(3P).4s""","=""b 2P""","=""3/2""",8,4,E2,"=""T8335""","=""L18001,L18000""",
Ti,3,"=""852.703""","=""""","=""852.706+""","=""""","=""6""","=""2.2e+07""",D,"=""169615.12""","=""181339.27""","=""3p6.3d.5d""","=""3F""","=""2""","=""3p6.3d.5f""","=""3F*""","=""2""",5,5,,"=""T1216""","=""L3593""",
Ti,2,"=""852.944""","=""""","=""852.94405""","=""0.00009""","="":""","=""4.9e-03""",E,"=""907.9672""","=""12628.8455""","=""3d3""","=""b 4F""","=""3/2""","=""3d3""","=""b 2D2""","=""3/2""",4,4,M1+E2,"=""T8335""","=""L18001,L18000""",
Ti,3,"=""854.489""","=""""","=""854.489+""","=""""","=""5""","=""1.0e+07""",D,"=""169912.11""","=""181611.79""","=""3p6.3d.5d""","=""3F""","=""4""","=""3p6.3d.5f""","=""3F*""","=""4""",9,9,,"=""T1216""","=""L3593""",
Ti,3,"=""856.350""","=""""","=""856.352+""","=""""","=""2""","=""4.3e+07""",D,"=""170659.72""","=""182333.95""","=""3p6.3d.5d""","=""3P""","=""1""","=""3p6.3d.5f""","=""3P*""","=""0""",3,1,,"=""T1216""","=""L3593""",
Ti,2,"=""856.596""","=""""","=""856.59636""","=""0.00007""","="":""","=""7.5e-03""",E,"=""1087.3561""","=""12758.2597""","=""3d3""","=""b 4F""","=""7/2""","=""3d3""","=""b 2D2""","=""5/2""",8,6,M1+E2,"=""T8335""","=""L18001,L18000""",
Ti,3,"=""856.624""","=""""","=""856.625+""","=""""","=""5""","=""1.2e+07""",D,"=""169769.13""","=""181439.64""","=""3p6.3d.5d""","=""3F""","=""3""","=""3p6.3d.5f""","=""3H*""","=""4""",7,9,,"=""T1216""","=""L3593""",
Ti,3,"=""858.405""","=""""","=""858.404+""","=""""","=""6""","=""1.2e+07""",D,"=""169912.11""","=""181558.44""","=""3p6.3d.5d""","=""3F""","=""4""","=""3p6.3d.5f""","=""3H*""","=""5""",9,11,,"=""T1216""","=""L3593""",
Ti,2,"=""858.507""","=""""","=""858.50699""","=""0.00008""","="":""","=""8.7e-03""",E,"=""983.9157""","=""12628.8455""","=""3d3""","=""b 4F""","=""5/2""","=""3d3""","=""b 2D2""","=""3/2""",6,4,M1+E2,"=""T8335""","=""L18001,L18000""",
Ti,3,"=""860.575""","=""""","=""860.569+""","=""""","=""3""","=""2.2e+07""",D,"=""170659.72""","=""182276.75""","=""3p6.3d.5d""","=""3P""","=""1""","=""3p6.3d.5f""","=""3P*""","=""1""",3,3,,"=""T1216""","=""L3593""",
Ti,3,"=""861.879""","=""""","=""861.883+""","=""""","=""2""","=""5.1e+06""",D,"=""169769.13""","=""181368.45""","=""3p6.3d.5d""","=""3F""","=""3""","=""3p6.3d.5f""","=""3F*""","=""3""",7,7,,"=""T1216""","=""L3593""",
Ti,2,"=""866.131""","=""""","=""866.13103""","=""0.00008""","="":""","=""3.5e-05""",E,"=""1215.8329""","=""12758.2597""","=""3d3""","=""b 4F""","=""9/2""","=""3d3""","=""b 2D2""","=""5/2""",10,6,E2,"=""T8335""","=""L18001,L18000""",
Ti,2,"=""866.201""","=""""","=""866.20138""","=""0.00008""","="":""","=""2.8e-06""",E,"=""1087.3561""","=""12628.8455""","=""3d3""","=""b 4F""","=""7/2""","=""3d3""","=""b 2D2""","=""3/2""",8,4,E2,"=""T8335""","=""L18001,L18000""",
Ti,1,"=""867.5371""","=""0.0009""","=""867.5372""","=""0.0003""","=""550""","=""4.61e+05""",B,"=""8602.3441""","=""20126.062""","=""3d2.4s2""","=""a 3P""","=""2""","=""3d2.(3F).4s.4p.(3P*)""","=""z 3D*""","=""3""",5,7,,"=""T8000""","=""L10989""",
Ti,1,"=""868.2980""","=""0.0009""","=""868.2983""","=""0.0003""","=""310""","=""3.59e+05""",B,"=""8492.422""","=""20006.039""","=""3d2.4s2""","=""a 3P""","=""1""","=""3d2.(3F).4s.4p.(3P*)""","=""z 3D*""","=""2""",3,5,,"=""T8000""","=""L10989""",
Ti,1,"=""869.2329""","=""0.0009""","=""869.2330""","=""0.0005""","=""150""","=""2.99e+05""",B,"=""8436.618""","=""19937.855""","=""3d2.4s2""","=""a 3P""","=""0""","=""3d2.(3F).4s.4p.(3P*)""","=""z 3D*""","=""1""",1,3,,"=""T8000""","=""L10989""",
Ti,3,"=""873.124""","=""""","=""873.128+""","=""""","=""3""","=""6.4e+06""",D,"=""169769.13""","=""181219.06""","=""3p6.3d.5d""","=""3F""","=""3""","=""3p6.3d.5f""","=""1G*""","=""4""",7,9,,"=""T1216""","=""L3593""",
Ti,1,"=""873.4711""","=""0.0009""","=""873.4711""","=""0.0004""","=""110""","=""2.30e+05""",B,"=""8492.422""","=""19937.855""","=""3d2.4s2""","=""a 3P""","=""1""","=""3d2.(3F).4s.4p.(3P*)""","=""z 3D*""","=""1""",3,3,,"=""T8000""","=""L10989""",
Ti,1,"=""876.6682""","=""0.0009""","=""876.6680""","=""0.0003""","=""100""","=""1.20e+05""",B,"=""8602.3441""","=""20006.039""","=""3d2.4s2""","=""a 3P""","=""2""","=""3d2.(3F).4s.4p.(3P*)""","=""z 3D*""","=""2""",5,5,,"=""T8000""","=""L10989""",
Ti,3,"=""888.771""","=""""","=""888.769+""","=""""","=""0""","=""2.3e+07""",D,"=""170659.72""","=""181908.15""","=""3p6.3d.5d""","=""3P""","=""1""","=""3p6.3d.5f""","=""3D*""","=""2""",3,5,,"=""T1216""","=""L3593""",
Ti,3,"=""891.695""","=""""","=""891.695+""","=""""","=""3""","=""6.8e+07""",D,"=""171141.93""","=""182353.45""","=""3p6.3d.5d""","=""1G""","=""4""","=""3p6.3d.5f""","=""1H*""","=""5""",9,11,,"=""T1216""","=""L3593""",
Ti,3,"=""901.710""","=""""","=""901.707+""","=""""","=""3""","=""1.5e+07""",D,"=""160054.90""","=""171141.93""","=""3p6.3d.4f""","=""1H*""","=""5""","=""3p6.3d.5d""","=""1G""","=""4""",11,9,,"=""T1216""","=""L3593""",
Ti,3,"=""902.405""","=""""","=""902.402+""","=""""","=""0""","=""3.4e+06""",D,"=""158536.63""","=""169615.12""","=""3p6.3d.4f""","=""3F*""","=""2""","=""3p6.3d.5d""","=""3F""","=""2""",5,5,,"=""T1216""","=""L3593""",
Ti,3,"=""908.140""","=""""","=""908.135+""","=""""","=""2""","=""1.1e+07""",D,"=""158903.55""","=""169912.11""","=""3p6.3d.4f""","=""3G*""","=""5""","=""3p6.3d.5d""","=""3F""","=""4""",11,9,,"=""T1216""","=""L3593""",
Ti,3,"=""927.112""","=""""","=""927.117+""","=""""","=""1""","=""1.0e+06""",D,"=""159128.94""","=""169912.11""","=""3p6.3d.4f""","=""3H*""","=""5""","=""3p6.3d.5d""","=""3F""","=""4""",11,9,,"=""T1216""","=""L3593""",
Ti,3,"=""""","=""""","=""932.48""","=""""","=""""","=""1.2e-05""",E,"=""0.0""","=""10721.2""","=""3p6.3d2""","=""3F""","=""2""","=""3p6.3d2""","=""3P""","=""2""",5,5,M1,"=""T1610""","=""""",
Ti,3,"=""""","=""""","=""932.48""","=""""","=""""","=""1.1e-03""",E,"=""0.0""","=""10721.2""","=""3p6.3d2""","=""3F""","=""2""","=""3p6.3d2""","=""3P""","=""2""",5,5,E2,"=""T3929""","=""""",
Ti,2,"=""940.573""","=""""","=""940.57347""","=""0.00017""","="":""","=""4.3e-05""",E,"=""4628.6571""","=""15257.5527""","=""3d2.(3F).4s""","=""a 2F""","=""5/2""","=""3d2.(1G).4s""","=""b 2G""","=""9/2""",6,10,E2,"=""T8335""","=""L18001,L18000""",
Ti,3,"=""""","=""""","=""942.82""","=""""","=""""","=""1.2e-02""",E,"=""0.0""","=""10603.6""","=""3p6.3d2""","=""3F""","=""2""","=""3p6.3d2""","=""3P""","=""1""",5,3,E2,"=""T3929""","=""""",
Ti,3,"=""""","=""""","=""948.65""","=""""","=""""","=""3.4e-02""",E,"=""0.0""","=""10538.4""","=""3p6.3d2""","=""3F""","=""2""","=""3p6.3d2""","=""3P""","=""0""",5,1,E2,"=""T3929""","=""""",
Ti,3,"=""""","=""""","=""948.84""","=""""","=""""","=""6.8e-05""",E,"=""184.9""","=""10721.2""","=""3p6.3d2""","=""3F""","=""3""","=""3p6.3d2""","=""3P""","=""2""",7,5,M1,"=""T1610""","=""""",
Ti,3,"=""""","=""""","=""948.84""","=""""","=""""","=""6.8e-03""",E,"=""184.9""","=""10721.2""","=""3p6.3d2""","=""3F""","=""3""","=""3p6.3d2""","=""3P""","=""2""",7,5,E2,"=""T3929""","=""""",
Ti,1,"=""959.0072""","=""0.0011""","=""959.0069""","=""0.0006""","=""16""","=""4.50e+05""",C+,"=""25926.771""","=""36351.365""","=""3d2.(3P).4s.4p.(3P*)""","=""5D*""","=""4""","=""3d2.4s.(4F).5s""","=""e 5F""","=""5""",9,11,,"=""T6897""","=""L10989""",
Ti,3,"=""""","=""""","=""959.55""","=""""","=""""","=""2.1e-02""",E,"=""184.9""","=""10603.6""","=""3p6.3d2""","=""3F""","=""3""","=""3p6.3d2""","=""3P""","=""1""",7,3,E2,"=""T3929""","=""""",
Ti,1,"=""960.2290""","=""0.0011""","=""960.2283""","=""0.0005""","=""11""","=""3.52e+05""",C+,"=""25797.595""","=""36208.929""","=""3d2.(3P).4s.4p.(3P*)""","=""5D*""","=""3""","=""3d2.4s.(4F).5s""","=""e 5F""","=""4""",7,9,,"=""T6897""","=""L10989""",
Ti,1,"=""961.5941""","=""0.0011""","=""961.5933""","=""0.0006""","=""8""","=""2.77e+05""",C+,"=""25699.987""","=""36096.542""","=""3d2.(3P).4s.4p.(3P*)""","=""5D*""","=""2""","=""3d2.4s.(4F).5s""","=""e 5F""","=""3""",5,7,,"=""T6897""","=""L10989""",
Ti,1,"=""963.3260""","=""0.0011""","=""963.3245""","=""0.0005""","=""5""","=""1.98e+05""",C+,"=""25635.725""","=""36013.597""","=""3d2.(3P).4s.4p.(3P*)""","=""5D*""","=""1""","=""3d2.4s.(4F).5s""","=""e 5F""","=""2""",3,5,,"=""T6897""","=""L10989""",
Ti,2,"=""964.243""","=""""","=""964.24337""","=""0.00011""","="":""","=""4.1e-03""",E,"=""4897.7179""","=""15265.7001""","=""3d2.(3F).4s""","=""a 2F""","=""7/2""","=""3d2.(1G).4s""","=""b 2G""","=""7/2""",8,8,M1+E2,"=""T8335""","=""L18001,L18000""",
Ti,2,"=""965.002""","=""""","=""965.00169""","=""0.00010""","="":""","=""4.1e-03""",E,"=""4897.7179""","=""15257.5527""","=""3d2.(3F).4s""","=""a 2F""","=""7/2""","=""3d2.(1G).4s""","=""b 2G""","=""9/2""",8,10,M1+E2,"=""T8335""","=""L18001,L18000""",
Ti,1,"=""969.3268""","=""0.0005""","=""969.3268""","=""0.0006""","=""""","=""1.64e+05""",C+,"=""25699.987""","=""36013.597""","=""3d2.(3P).4s.4p.(3P*)""","=""5D*""","=""2""","=""3d2.4s.(4F).5s""","=""e 5F""","=""2""",5,5,,"=""T6897""","=""L18003""",
Ti,3,"=""""","=""""","=""970.53""","=""""","=""""","=""2.3e-02""",E,"=""420.4""","=""10721.2""","=""3p6.3d2""","=""3F""","=""4""","=""3p6.3d2""","=""3P""","=""2""",9,5,E2,"=""T3929""","=""""",
Ti,1,"=""972.288""","=""0.002""","=""972.2918""","=""0.0006""","=""3q""","=""7.00e+04""",C+,"=""25926.771""","=""36208.929""","=""3d2.(3P).4s.4p.(3P*)""","=""5D*""","=""4""","=""3d2.4s.(4F).5s""","=""e 5F""","=""4""",9,9,,"=""T6897""","=""L10989""",
Ti,1,"=""983.2143""","=""0.0012""","=""983.2140""","=""0.0004""","=""510""","=""4.9e+05""",D,"=""15220.393""","=""25388.331""","=""3d3.(2G).4s""","=""a 3G""","=""5""","=""3d2.(3F).4s.4p.(1P*)""","=""y 3F*""","=""4""",11,9,,"=""T3297""","=""L10989""",
Ti,1,"=""992.7350""","=""0.0012""","=""992.7351""","=""0.0004""","=""350""","=""2.5e+05""",D,"=""15156.802""","=""25227.222""","=""3d3.(2G).4s""","=""a 3G""","=""4""","=""3d2.(3F).4s.4p.(1P*)""","=""y 3F*""","=""3""",9,7,,"=""T3297""","=""L10989""",
Ti,1,"=""999.7962""","=""0.0012""","=""999.7959""","=""0.0004""","=""230""","=""1.9e+05""",D,"=""15108.111""","=""25107.411""","=""3d3.(2G).4s""","=""a 3G""","=""3""","=""3d2.(3F).4s.4p.(1P*)""","=""y 3F*""","=""2""",7,5,,"=""T3297""","=""L10989""",
Ti,1,"=""1000.3089""","=""0.0012""","=""1000.3088""","=""0.0004""","=""490""","=""6.3e+05""",E,"=""17423.856""","=""27418.029""","=""3d3.(2D2).4s""","=""a 3D""","=""2""","=""3d2.(1D).4s.4p.(3P*)""","=""x 3D*""","=""2""",5,5,,"=""T7586""","=""L10989""",
Ti,1,"=""1000.5664""","=""0.0012""","=""1000.5661""","=""0.0004""","=""27""","=""2.00e+03""",C+,"=""8602.3441""","=""18593.947""","=""3d2.4s2""","=""a 3P""","=""2""","=""3d2.(3F).4s.4p.(3P*)""","=""z 5D*""","=""3""",5,7,,"=""T8000""","=""L10989""",
Ti,1,"=""1003.4496""","=""0.0012""","=""1003.4492""","=""0.0004""","=""560""","=""1.03e+05""",B,"=""11776.812""","=""21739.707""","=""3d3.(4F).4s""","=""b 3F""","=""4""","=""3d2.(3F).4s.4p.(3P*)""","=""z 3G*""","=""5""",9,11,,"=""T8000""","=""L10989""",
Ti,1,"=""1004.8828""","=""0.0012""","=""1004.8826""","=""0.0004""","=""410""","=""8.60e+04""",B,"=""11639.8109""","=""21588.495""","=""3d3.(4F).4s""","=""b 3F""","=""3""","=""3d2.(3F).4s.4p.(3P*)""","=""z 3G*""","=""4""",7,9,,"=""T8000""","=""L10989""",
Ti,1,"=""1005.9901""","=""0.0012""","=""1005.9905""","=""0.0004""","=""310""","=""7.80e+04""",B',"=""11531.761""","=""21469.488""","=""3d3.(4F).4s""","=""b 3F""","=""2""","=""3d2.(3F).4s.4p.(3P*)""","=""z 3G*""","=""3""",5,7,,"=""T8000""","=""L10989""",
Ti,2,"=""1006.695""","=""""","=""1006.69463""","=""0.00007""","="":""","=""7.5e-03""",E,"=""0.0000""","=""9930.7766""","=""3d2.(3F).4s""","=""a 4F""","=""3/2""","=""3d2.(3P).4s""","=""b 4P""","=""3/2""",4,4,M1+E2,"=""T8335""","=""L18001,L18000""",
Ti,2,"=""1006.704""","=""""","=""1006.70374""","=""0.00014""","="":""","=""3.0e-03""",E,"=""94.1142""","=""10024.8009""","=""3d2.(3F).4s""","=""a 4F""","=""5/2""","=""3d2.(3P).4s""","=""b 4P""","=""5/2""",6,6,M1+E2,"=""T8335""","=""L18001,L18000""",
Ti,1,"=""1012.0899""","=""0.0012""","=""1012.0895""","=""0.0004""","=""130""","=""1.5e+05""",E,"=""17540.188""","=""27418.029""","=""3d3.(2D2).4s""","=""a 3D""","=""3""","=""3d2.(1D).4s.4p.(3P*)""","=""x 3D*""","=""2""",7,5,,"=""T7586""","=""L10989""",
Ti,2,"=""1012.596""","=""""","=""1012.5962""","=""0.0003""","="":""","=""3.5e-02""",E,"=""0.0000""","=""9872.899""","=""3d2.(3F).4s""","=""a 4F""","=""3/2""","=""3d2.(3P).4s""","=""b 4P""","=""1/2""",4,2,M1+E2,"=""T8335""","=""L18001,L18000""",
Ti,1,"=""1017.0490""","=""0.0012""","=""1017.0486""","=""0.0004""","=""37""","=""6.00e+03""",C+,"=""11639.8109""","=""21469.488""","=""3d3.(4F).4s""","=""b 3F""","=""3""","=""3d2.(3F).4s.4p.(3P*)""","=""z 3G*""","=""3""",7,7,,"=""T8000""","=""L10989""",
Ti,1,"=""1018.9140""","=""0.0012""","=""1018.9139""","=""0.0004""","=""39""","=""6.00e+03""",C+,"=""11776.812""","=""21588.495""","=""3d3.(4F).4s""","=""b 3F""","=""4""","=""3d2.(3F).4s.4p.(3P*)""","=""z 3G*""","=""4""",9,9,,"=""T8000""","=""L10989""",
