element,sp_num,obs_wl_vac(nm),ritz_wl_vac(nm),unc_ritz_wl,intens,Aki(s^-1),Acc,Ei(cm-1),Ek(cm-1),conf_i,term_i,J_i,conf_k,term_k,J_k,g_i,g_k,Type,tp_ref,line_ref,
W,3,"=""185.0791""","=""185.0790""","=""0.0005""","=""100""","=""1.1e+07""",C,"=""13700.95""","=""67731.94""","=""5d4""","=""3H""","=""4""","=""5d3.(4F).6p""","=""5F*""","=""5""",9,11,,"=""T7469""","=""L10405""",
W,3,"=""196.0451""","=""196.0450""","=""0.0005""","=""80""","=""5.3e+06""",D,"=""16723.24""","=""67731.94""","=""5d4""","=""3H""","=""5""","=""5d3.(4F).6p""","=""5F*""","=""5""",11,11,,"=""T7469""","=""L10405""",
W,3,"=""198.4331""","=""198.4333""","=""0.0005""","=""80""","=""1.4e+07""",C,"=""12427.09""","=""62821.85""","=""5d3.(4F).6s""","=""5F""","=""2""","=""""","=""""","=""2""",5,5,,"=""T7469""","=""L10405""",
W,3,"=""198.6033""","=""198.6037""","=""0.0005""","=""1000""","=""8.44e+07""",B,"=""17380.40""","=""67731.94""","=""5d3.(4F).6s""","=""5F""","=""4""","=""5d3.(4F).6p""","=""5F*""","=""5""",9,11,,"=""T7469""","=""L10405""",
W,3,"=""198.8407""","=""198.8405""","=""0.0005""","=""60""","=""2.33e+07""",B,"=""9904.30""","=""60195.86""","=""5d4""","=""3P2""","=""0""","=""5d3.(4F).6p""","=""5F*""","=""1""",1,3,,"=""T7469""","=""L10405""",
element,sp_num,obs_wl_air(nm),ritz_wl_air(nm),unc_ritz_wl,intens,Aki(s^-1),Acc,Ei(cm-1),Ek(cm-1),conf_i,term_i,J_i,conf_k,term_k,J_k,g_i,g_k,Type,tp_ref,line_ref,
W,3,"=""200.1715""","=""200.1722""","=""0.0005""","=""""","=""9.66e+07""",B,"=""12881.03""","=""62821.85""","=""5d4""","=""3P2""","=""1""","=""""","=""""","=""2""",3,5,,"=""T7469""","=""L14407""",
W,3,"=""202.5468""","=""202.5462""","=""0.0005""","=""5d""","=""8.6e+06""",C,"=""18376.40""","=""67731.94""","=""5d4""","=""3F2""","=""4""","=""5d3.(4F).6p""","=""5F*""","=""5""",9,11,,"=""T7469""","=""L10405""",
W,3,"=""202.5652""","=""202.5647""","=""0.0005""","=""40""","=""4.1e+06""",C,"=""18380.90""","=""67731.94""","=""5d4""","=""3H""","=""6""","=""5d3.(4F).6p""","=""5F*""","=""5""",13,11,,"=""T7469""","=""L10405""",
W,3,"=""203.0744""","=""203.0739""","=""0.0005""","=""100""","=""4.36e+07""",B,"=""10968.54""","=""60195.86""","=""5d3.(4F).6s""","=""5F""","=""1""","=""5d3.(4F).6p""","=""5F*""","=""1""",3,3,,"=""T7469""","=""L10405""",
W,2,"=""204.08731""","=""204.08718""","=""0.00005""","=""12""","=""2.48e+07""",B,"=""0.000""","=""48982.939""","=""5d4.(5D).6s""","=""6D""","=""1/2""","=""5d3.(4F).6s.(5F).6p""","=""6D*""","=""3/2""",2,4,,"=""T7162""","=""L11762""",
W,3,"=""204.7280""","=""204.7277""","=""0.0005""","=""200*""","=""3.54e+07""",B,"=""13992.14""","=""62821.85""","=""5d4""","=""3F2""","=""2""","=""""","=""""","=""2""",5,5,,"=""T7469""","=""L10405""",
W,2,"=""204.963568""","=""204.963568""","=""0.000013""","=""52""","=""7.49e+07""",B,"=""1518.829""","=""50292.354""","=""5d4.(5D).6s""","=""6D""","=""3/2""","=""5d3.(4F).6s.(5F).6p""","=""6D*""","=""5/2""",4,6,,"=""T7162""","=""L11762""",
W,3,"=""207.8347""","=""207.8344""","=""0.0005""","=""800""","=""1.50e+08""",B,"=""19632.05""","=""67731.94""","=""5d3.(4F).6s""","=""5F""","=""5""","=""5d3.(4F).6p""","=""5F*""","=""5""",11,11,,"=""T7469""","=""L10405""",
W,2,"=""207.911801""","=""207.911797""","=""0.000018""","=""296*""","=""3.74e+08""",B,"=""6147.085""","=""54229.082""","=""5d4.(5D).6s""","=""6D""","=""9/2""","=""5d4.(5D).6p""","=""6F*""","=""11/2""",10,12,,"=""T7162""","=""L11762""",
W,3,"=""209.2096""","=""209.2094""","=""0.0005""","=""900*""","=""1.47e+08""",B,"=""15038.04""","=""62821.85""","=""5d3.(4F).6s""","=""5F""","=""3""","=""""","=""""","=""2""",7,5,,"=""T7469""","=""L10405""",
W,3,"=""209.2755""","=""209.2753""","=""0.0005""","=""800""","=""2.05e+08""",B,"=""12427.09""","=""60195.86""","=""5d3.(4F).6s""","=""5F""","=""2""","=""5d3.(4F).6p""","=""5F*""","=""1""",5,3,,"=""T7469""","=""L10405""",
W,2,"=""209.475078""","=""209.475078""","=""0.000006""","=""142""","=""1.76e+08""",B,"=""1518.829""","=""49242.042""","=""5d4.(5D).6s""","=""6D""","=""3/2""","=""""","=""""","=""5/2""",4,6,,"=""T7162""","=""L11762""",
W,2,"=""210.06747""","=""210.067481""","=""0.000018""","=""39""","=""6.27e+07""",B,"=""0.000""","=""47588.647""","=""5d4.(5D).6s""","=""6D""","=""1/2""","=""5d4.(5D).6p""","=""6P*""","=""3/2""",2,4,,"=""T7162""","=""L11762""",
W,2,"=""210.618717""","=""210.618726""","=""0.000014""","=""64""","=""8.04e+07""",B,"=""1518.829""","=""48982.939""","=""5d4.(5D).6s""","=""6D""","=""3/2""","=""5d3.(4F).6s.(5F).6p""","=""6D*""","=""3/2""",4,4,,"=""T7162""","=""L11762""",
W,3,"=""211.2830""","=""211.2833""","=""0.0005""","=""100""","=""3.16e+07""",B,"=""12881.03""","=""60195.86""","=""5d4""","=""3P2""","=""1""","=""5d3.(4F).6p""","=""5F*""","=""1""",3,3,,"=""T7469""","=""L10405""",
W,3,"=""211.3518""","=""211.3522""","=""0.0005""","=""40""","=""6.76e+07""",B,"=""20432.53""","=""67731.94""","=""5d4""","=""3G""","=""4""","=""5d3.(4F).6p""","=""5F*""","=""5""",9,11,,"=""T7469""","=""L10405""",
W,2,"=""211.887440""","=""211.887453""","=""0.000010""","=""80""","=""6.70e+07""",B,"=""0.000""","=""47179.941""","=""5d4.(5D).6s""","=""6D""","=""1/2""","=""""","=""""","=""3/2""",2,4,,"=""T7162""","=""L11762""",
W,2,"=""212.15753""","=""212.15756""","=""0.00004""","=""15""","=""1.67e+07""",B,"=""3172.473""","=""50292.354""","=""5d4.(5D).6s""","=""6D""","=""5/2""","=""5d3.(4F).6s.(5F).6p""","=""6D*""","=""5/2""",6,6,,"=""T7162""","=""L11762""",
W,3,"=""216.3646""","=""216.3649""","=""0.0005""","=""60""","=""1.28e+07""",B,"=""13992.14""","=""60195.86""","=""5d4""","=""3F2""","=""2""","=""5d3.(4F).6p""","=""5F*""","=""1""",5,3,,"=""T7469""","=""L10405""",
W,3,"=""216.3788""","=""216.3787""","=""0.0005""","=""800bl*""","=""3.05e+07""",B,"=""16621.08""","=""62821.85""","=""5d4""","=""3P2""","=""2""","=""""","=""""","=""2""",5,5,,"=""T7469""","=""L10405""",
W,2,"=""216.99374""","=""216.99379""","=""0.00006""","=""11""","=""1.71e+07""",B,"=""1518.829""","=""47588.647""","=""5d4.(5D).6s""","=""6D""","=""3/2""","=""5d4.(5D).6p""","=""6P*""","=""3/2""",4,4,,"=""T7162""","=""L11762""",
W,2,"=""218.22242""","=""218.222413""","=""0.000019""","=""36""","=""3.64e+07""",B,"=""3172.473""","=""48982.939""","=""5d4.(5D).6s""","=""6D""","=""5/2""","=""5d3.(4F).6s.(5F).6p""","=""6D*""","=""3/2""",6,4,,"=""T7162""","=""L11762""",
W,2,"=""218.936272""","=""218.936277""","=""0.000015""","=""57""","=""4.33e+07""",B,"=""1518.829""","=""47179.941""","=""5d4.(5D).6s""","=""6D""","=""3/2""","=""""","=""""","=""3/2""",4,4,,"=""T7162""","=""L11762""",
W,2,"=""219.34481""","=""219.344812""","=""0.000019""","=""31""","=""2.35e+07""",B,"=""4716.278""","=""50292.354""","=""5d4.(5D).6s""","=""6D""","=""7/2""","=""5d3.(4F).6s.(5F).6p""","=""6D*""","=""5/2""",8,6,,"=""T7162""","=""L11762""",
W,2,"=""219.452792""","=""219.452796""","=""0.000015""","=""43""","=""2.71e+07""",B,"=""0.000""","=""45553.652""","=""5d4.(5D).6s""","=""6D""","=""1/2""","=""""","=""""","=""3/2""",2,4,,"=""T7162""","=""L11762""",
W,2,"=""222.590100""","=""222.590100""","=""0.000006""","=""162""","=""8.51e+07""",B,"=""0.000""","=""44911.659""","=""5d4.(5D).6s""","=""6D""","=""1/2""","=""""","=""""","=""3/2""",2,4,,"=""T7162""","=""L11762""",
W,2,"=""224.51942""","=""224.519428""","=""0.000015""","=""54""","=""4.91e+07""",B,"=""4716.278""","=""49242.042""","=""5d4.(5D).6s""","=""6D""","=""7/2""","=""""","=""""","=""5/2""",8,6,,"=""T7162""","=""L11762""",
W,2,"=""224.875783""","=""224.875783""","=""0.000006""","=""253""","=""3.19e+08""",B,"=""0.000""","=""44455.212""","=""5d4.(5D).6s""","=""6D""","=""1/2""","=""5d3.(4F).6s.(5F).6p""","=""6F*""","=""1/2""",2,2,,"=""T7162""","=""L11762""",
W,2,"=""225.073448""","=""225.073448""","=""0.000011""","=""74""","=""7.21e+07""",B,"=""3172.473""","=""47588.647""","=""5d4.(5D).6s""","=""6D""","=""5/2""","=""5d4.(5D).6p""","=""6P*""","=""3/2""",6,4,,"=""T7162""","=""L11762""",
W,2,"=""227.02288""","=""227.0228""","=""0.0004""","=""70p""","=""3.51e+07""",B,"=""1518.829""","=""45553.652""","=""5d4.(5D).6s""","=""6D""","=""3/2""","=""""","=""""","=""3/2""",4,4,,"=""T7162""","=""L11762""",
W,1,"=""227.7583""","=""227.7584""","=""0.0009""","=""60r""","=""6.2e+07""",C,"=""0.00""","=""43892.62""","=""5d4.6s2""","=""5D""","=""0""","=""""","=""*""","=""1""",1,3,,"=""T6977""","=""L153""",
W,3,"=""229.4194""","=""229.4198""","=""0.0005""","=""10""","=""4.3e+06""",C,"=""16621.08""","=""60195.86""","=""5d4""","=""3P2""","=""2""","=""5d3.(4F).6p""","=""5F*""","=""1""",5,3,,"=""T7469""","=""L10405""",
W,2,"=""230.381893""","=""230.381904""","=""0.000006""","=""164""","=""7.16e+07""",B,"=""1518.829""","=""44911.659""","=""5d4.(5D).6s""","=""6D""","=""3/2""","=""""","=""""","=""3/2""",4,4,,"=""T7162""","=""L11762""",
W,1,"=""231.3170""","=""231.3175""","=""0.0005""","=""30r""","=""5.0e+07""",C,"=""0.00""","=""43217.33""","=""5d4.6s2""","=""5D""","=""0""","=""""","=""*""","=""1""",1,3,,"=""T6977""","=""L153""",
W,3,"=""232.6482""","=""232.6492""","=""0.0005""","=""40*""","=""5.9e+06""",C,"=""19851.87""","=""62821.85""","=""5d4""","=""3G""","=""3""","=""""","=""""","=""2""",7,5,,"=""T7469""","=""L10405""",
W,2,"=""232.83126""","=""232.831255""","=""0.000022""","=""42""","=""4.74e+07""",B,"=""1518.829""","=""44455.212""","=""5d4.(5D).6s""","=""6D""","=""3/2""","=""5d3.(4F).6s.(5F).6p""","=""6F*""","=""1/2""",4,2,,"=""T7162""","=""L11762""",
W,2,"=""233.18035""","=""233.1804""","=""0.0003""","=""3""","=""1.03e+06""",B,"=""7420.261""","=""50292.354""","=""5d5""","=""6S""","=""5/2""","=""5d3.(4F).6s.(5F).6p""","=""6D*""","=""5/2""",6,6,,"=""T7162""","=""L11762""",
W,2,"=""233.37711""","=""233.37717""","=""0.00016""","=""86p""","=""1.71e+07""",B,"=""1518.829""","=""44354.784""","=""5d4.(5D).6s""","=""6D""","=""3/2""","=""""","=""""","=""5/2""",4,6,,"=""T7162""","=""L11762""",
W,1,"=""234.797""","=""234.7970""","=""0.0005""","=""10""","=""1.48e+07""",B,"=""3325.53""","=""45902.48""","=""5d4.6s2""","=""5D""","=""2""","=""""","=""*""","=""2""",5,5,,"=""T6977""","=""L153""",
W,2,"=""235.88167""","=""235.881659""","=""0.000017""","=""61""","=""2.53e+07""",B,"=""3172.473""","=""45553.652""","=""5d4.(5D).6s""","=""6D""","=""5/2""","=""""","=""""","=""3/2""",6,4,,"=""T7162""","=""L11762""",
W,1,"=""236.3072""","=""236.3068""","=""0.0005""","=""18r""","=""6.9e+07""",B,"=""1670.29""","=""43975.22""","=""5d4.6s2""","=""5D""","=""1""","=""""","=""*""","=""2""",3,5,,"=""T6977""","=""L153""",
W,1,"=""236.7693""","=""236.7692""","=""0.0005""","=""10""","=""2.3e+07""",C,"=""1670.29""","=""43892.62""","=""5d4.6s2""","=""5D""","=""1""","=""""","=""*""","=""1""",3,3,,"=""T6977""","=""L153""",
W,1,"=""237.4468""","=""237.4468""","=""0.0005""","=""30r""","=""6.2e+07""",C,"=""4830.00""","=""46931.84""","=""5d4.6s2""","=""5D""","=""3""","=""""","=""*""","=""4""",7,9,,"=""T6977""","=""L153""",
W,2,"=""239.037010""","=""239.037010""","=""0.000012""","=""110""","=""6.69e+07""",B,"=""7420.261""","=""49242.042""","=""5d5""","=""6S""","=""5/2""","=""""","=""""","=""5/2""",6,6,,"=""T7162""","=""L11762""",
W,2,"=""239.292814""","=""239.292809""","=""0.000006""","=""231""","=""2.28e+07""",B,"=""4716.278""","=""46493.356""","=""5d4.(5D).6s""","=""6D""","=""7/2""","=""5d3.(4F).6s.(5F).6p""","=""6G*""","=""9/2""",8,10,,"=""T7162""","=""L11762""",
W,2,"=""239.51009""","=""239.51006""","=""0.00006""","=""14""","=""5.83e+06""",B,"=""3172.473""","=""44911.659""","=""5d4.(5D).6s""","=""6D""","=""5/2""","=""""","=""""","=""3/2""",6,4,,"=""T7162""","=""L11762""",
W,2,"=""239.707936""","=""239.707924""","=""0.000006""","=""294""","=""5.24e+07""",B,"=""3172.473""","=""44877.209""","=""5d4.(5D).6s""","=""6D""","=""5/2""","=""5d4.(5D).6p""","=""6F*""","=""7/2""",6,8,,"=""T7162""","=""L11762""",
W,2,"=""240.4190""","=""240.4208""","=""0.0012""","=""5d""","=""1.55e+06""",B,"=""8711.274""","=""50292.354""","=""5d3.6s2""","=""4F""","=""3/2""","=""5d3.(4F).6s.(5F).6p""","=""6D*""","=""5/2""",4,6,,"=""T7162""","=""L6520""",
W,2,"=""240.52720""","=""240.52729""","=""0.00005""","=""16""","=""8.65e+06""",B,"=""7420.261""","=""48982.939""","=""5d5""","=""6S""","=""5/2""","=""5d3.(4F).6s.(5F).6p""","=""6D*""","=""3/2""",6,4,,"=""T7162""","=""L11762""",
W,1,"=""240.5580""","=""240.5580""","=""0.0005""","=""30r""","=""6.9e+07""",B,"=""1670.29""","=""43227.66""","=""5d4.6s2""","=""5D""","=""1""","=""""","=""*""","=""2""",3,5,,"=""T6977""","=""L153""",
W,1,"=""242.4206""","=""242.4211""","=""0.0005""","=""80r""","=""7.8e+07""",B,"=""4830.00""","=""46068.02""","=""5d4.6s2""","=""5D""","=""3""","=""""","=""*""","=""3""",7,7,,"=""T6977""","=""L153""",
W,2,"=""242.749007""","=""242.749013""","=""0.000006""","=""165""","=""2.56e+07""",B,"=""3172.473""","=""44354.784""","=""5d4.(5D).6s""","=""6D""","=""5/2""","=""""","=""""","=""5/2""",6,6,,"=""T7162""","=""L11762""",
W,3,"=""242.9787""","=""242.9786""","=""0.0005""","=""200""","=""1.2e+07""",C,"=""26588.54""","=""67731.94""","=""5d4""","=""1G2""","=""4""","=""5d3.(4F).6p""","=""5F*""","=""5""",9,11,,"=""T7469""","=""L10405""",
W,1,"=""243.1081""","=""243.1081""","=""0.0005""","=""25r""","=""2.9e+07""",B,"=""3325.53""","=""44447.02""","=""5d4.6s2""","=""5D""","=""2""","=""""","=""*""","=""3""",5,7,,"=""T6977""","=""L153""",
W,1,"=""243.3982""","=""243.3982""","=""0.0005""","=""25""","=""1.074e+08""",A,"=""4830.00""","=""45902.48""","=""5d4.6s2""","=""5D""","=""3""","=""""","=""*""","=""2""",7,5,,"=""T6977""","=""L153""",
W,1,"=""243.5957""","=""243.5962""","=""0.0005""","=""80""","=""2.544e+08""",A,"=""4830.00""","=""45869.10""","=""5d4.6s2""","=""5D""","=""3""","=""""","=""*""","=""4""",7,9,,"=""T6977""","=""L153""",
W,1,"=""244.4056""","=""244.4056""","=""0.0005""","=""60r""","=""8.7e+07""",B,"=""1670.29""","=""42573.49""","=""5d4.6s2""","=""5D""","=""1""","=""""","=""*""","=""1""",3,3,,"=""T6977""","=""L153""",
W,2,"=""245.14768""","=""245.1476""","=""0.0005""","=""109p""","=""1.85e+07""",B,"=""1518.829""","=""42298.223""","=""5d4.(5D).6s""","=""6D""","=""3/2""","=""""","=""""","=""3/2""",4,4,,"=""T7162""","=""L11762""",
W,1,"=""245.1996""","=""245.1994""","=""0.0005""","=""100r""","=""7.8e+07""",B,"=""0.00""","=""40770.78""","=""5d4.6s2""","=""5D""","=""0""","=""""","=""*""","=""1""",1,3,,"=""T6977""","=""L153""",
W,1,"=""245.4978""","=""245.4973""","=""0.0005""","=""80""","=""7.4e+07""",B,"=""4830.00""","=""45551.32""","=""5d4.6s2""","=""5D""","=""3""","=""""","=""*""","=""3""",7,7,,"=""T6977""","=""L153""",
W,1,"=""245.5506""","=""245.5504""","=""0.0005""","=""80r""","=""7.6e+07""",C,"=""6219.33""","=""46931.84""","=""5d4.6s2""","=""5D""","=""4""","=""""","=""*""","=""4""",9,9,,"=""T6977""","=""L153""",
W,1,"=""245.6534""","=""245.6532""","=""0.0005""","=""150r""","=""4.7e+07""",B,"=""3325.53""","=""44021.00""","=""5d4.6s2""","=""5D""","=""2""","=""""","=""*""","=""3""",5,7,,"=""T6977""","=""L153""",
W,1,"=""245.9300""","=""245.9299""","=""0.0005""","=""140r""","=""8.6e+07""",B,"=""3325.53""","=""43975.22""","=""5d4.6s2""","=""5D""","=""2""","=""""","=""*""","=""2""",5,5,,"=""T6977""","=""L153""",
W,1,"=""246.4305""","=""246.4307""","=""0.0005""","=""60r""","=""4.3e+07""",C,"=""3325.53""","=""43892.62""","=""5d4.6s2""","=""5D""","=""2""","=""""","=""*""","=""1""",5,3,,"=""T6977""","=""L153""",
W,2,"=""246.652281""","=""246.652281""","=""0.000007""","=""205""","=""2.26e+07""",B,"=""1518.829""","=""42049.478""","=""5d4.(5D).6s""","=""6D""","=""3/2""","=""5d4.(5D).6p""","=""6F*""","=""5/2""",4,6,,"=""T7162""","=""L11762""",
W,1,"=""246.6848""","=""246.6848""","=""0.0005""","=""100r""","=""6.5e+07""",B,"=""3325.53""","=""43850.84""","=""5d4.6s2""","=""5D""","=""2""","=""""","=""*""","=""3""",5,7,,"=""T6977""","=""L153""",
W,1,"=""247.2506""","=""247.2508""","=""0.0005""","=""70r""","=""3.7e+07""",B,"=""4830.00""","=""45262.55""","=""5d4.6s2""","=""5D""","=""3""","=""""","=""*""","=""4""",7,9,,"=""T6977""","=""L153""",
W,1,"=""247.4149""","=""247.4150""","=""0.0005""","=""140r""","=""1.19e+08""",B,"=""6219.33""","=""46625.05""","=""5d4.6s2""","=""5D""","=""4""","=""""","=""*""","=""4""",9,9,,"=""T6977""","=""L153""",
W,2,"=""247.779535""","=""247.779535""","=""0.000007""","=""316""","=""2.84e+07""",B,"=""6147.085""","=""46493.356""","=""5d4.(5D).6s""","=""6D""","=""9/2""","=""5d3.(4F).6s.(5F).6p""","=""6G*""","=""9/2""",10,10,,"=""T7162""","=""L11762""",
W,1,"=""248.0130""","=""248.0128""","=""0.0005""","=""100r""","=""4.7e+07""",C,"=""1670.29""","=""41978.62""","=""5d4.6s2""","=""5D""","=""1""","=""""","=""*""","=""2""",3,5,,"=""T6977""","=""L153""",
W,1,"=""248.0658""","=""248.0658""","=""0.0005""","=""20""","=""2.19e+06""",B,"=""2951.29""","=""43251.00""","=""5d5.(6S).6s""","=""7S""","=""3""","=""""","=""*""","=""4""",7,9,,"=""T6977""","=""L153""",
W,1,"=""248.1440""","=""248.1439""","=""0.0005""","=""150r""","=""1.48e+08""",B,"=""6219.33""","=""46506.37""","=""5d4.6s2""","=""5D""","=""4""","=""""","=""*""","=""5""",9,11,,"=""T6977""","=""L153""",
W,1,"=""248.210""","=""248.2096""","=""0.0005""","=""35r""","=""1.68e+07""",B,"=""2951.29""","=""43227.66""","=""5d5.(6S).6s""","=""7S""","=""3""","=""""","=""*""","=""2""",7,5,,"=""T6977""","=""L153""",
W,2,"=""248.876900""","=""248.876900""","=""0.000007""","=""262""","=""1.26e+08""",B,"=""7420.261""","=""47588.647""","=""5d5""","=""6S""","=""5/2""","=""5d4.(5D).6p""","=""6P*""","=""3/2""",6,4,,"=""T7162""","=""L11762""",
W,2,"=""248.923102""","=""248.923102""","=""0.000007""","=""422""","=""6.95e+07""",B,"=""4716.278""","=""44877.209""","=""5d4.(5D).6s""","=""6D""","=""7/2""","=""5d4.(5D).6p""","=""6F*""","=""7/2""",8,8,,"=""T7162""","=""L11762""",
W,2,"=""248.98953""","=""248.98957""","=""0.00006""","=""12""","=""7.11e+06""",B,"=""8832.728""","=""48982.939""","=""""","=""""","=""1/2""","=""5d3.(4F).6s.(5F).6p""","=""6D*""","=""3/2""",2,4,,"=""T7162""","=""L11762""",
W,1,"=""249.5264""","=""249.5264""","=""0.0005""","=""100r""","=""4.7e+07""",C,"=""1670.29""","=""41734.13""","=""5d4.6s2""","=""5D""","=""1""","=""""","=""*""","=""2""",3,5,,"=""T6977""","=""L153""",
W,2,"=""249.663628""","=""249.663635""","=""0.000007""","=""142""","=""9.62e+06""",B,"=""4716.278""","=""44758.095""","=""5d4.(5D).6s""","=""6D""","=""7/2""","=""""","=""""","=""9/2""",8,10,,"=""T7162""","=""L11762""",
W,1,"=""250.4698""","=""250.4700""","=""0.0006""","=""60r""","=""3.2e+07""",C,"=""1670.29""","=""41583.20""","=""5d4.6s2""","=""5D""","=""1""","=""""","=""*""","=""2""",3,5,,"=""T6977""","=""L153""",
W,1,"=""250.5374""","=""250.5377""","=""0.0006""","=""18""","=""2.9e+06""",B,"=""3325.53""","=""43227.66""","=""5d4.6s2""","=""5D""","=""2""","=""""","=""*""","=""2""",5,5,,"=""T6977""","=""L153""",
W,1,"=""250.6020""","=""250.6026""","=""0.0006""","=""20""","=""3.2e+07""",C,"=""3325.53""","=""43217.33""","=""5d4.6s2""","=""5D""","=""2""","=""""","=""*""","=""1""",5,3,,"=""T6977""","=""L153""",
W,3,"=""250.7593""","=""250.7596""","=""0.0005""","=""60""","=""9.3e+06""",C,"=""22955.03""","=""62821.85""","=""5d3.(4P).6s""","=""5P""","=""2""","=""""","=""""","=""2""",5,5,,"=""T7469""","=""L10405""",
W,1,"=""250.8734""","=""250.8737""","=""0.0006""","=""45""","=""2.4e+07""",C,"=""6219.33""","=""46068.02""","=""5d4.6s2""","=""5D""","=""4""","=""""","=""*""","=""3""",9,7,,"=""T6977""","=""L153""",
W,2,"=""251.4364""","=""251.4354""","=""0.0013""","=""7d""","=""9.28e+05""",B,"=""7420.261""","=""47179.941""","=""5d5""","=""6S""","=""5/2""","=""""","=""""","=""3/2""",6,4,,"=""T7162""","=""L6520""",
W,2,"=""251.81422""","=""251.814217""","=""0.000019""","=""53""","=""1.79e+07""",B,"=""10592.485""","=""50292.354""","=""""","=""""","=""3/2""","=""5d3.(4F).6s.(5F).6p""","=""6D*""","=""5/2""",4,6,,"=""T7162""","=""L11762""",
W,2,"=""252.204075""","=""252.204068""","=""0.000007""","=""169""","=""2.48e+07""",B,"=""4716.278""","=""44354.784""","=""5d4.(5D).6s""","=""6D""","=""7/2""","=""""","=""""","=""5/2""",8,6,,"=""T7162""","=""L11762""",
W,1,"=""252.3410""","=""252.3409""","=""0.0006""","=""60r""","=""5.1e+07""",C,"=""4830.00""","=""44447.02""","=""5d4.6s2""","=""5D""","=""3""","=""""","=""*""","=""3""",7,7,,"=""T6977""","=""L153""",
W,1,"=""253.3635""","=""253.3637""","=""0.0006""","=""35r""","=""9.8e+07""",B,"=""1670.29""","=""41127.38""","=""5d4.6s2""","=""5D""","=""1""","=""""","=""*""","=""0""",3,1,,"=""T6977""","=""L153""",
W,1,"=""254.1696""","=""254.1696""","=""0.0006""","=""20""","=""4.8e+06""",B,"=""6219.33""","=""45551.32""","=""5d4.6s2""","=""5D""","=""4""","=""""","=""*""","=""3""",9,7,,"=""T6977""","=""L153""",
W,1,"=""254.5340""","=""254.5342""","=""0.0006""","=""50r""","=""2.41e+07""",B,"=""3325.53""","=""42601.19""","=""5d4.6s2""","=""5D""","=""2""","=""""","=""*""","=""3""",5,7,,"=""T6977""","=""L153""",
W,1,"=""254.7136""","=""254.7139""","=""0.0006""","=""100r""","=""1.75e+08""",B,"=""3325.53""","=""42573.49""","=""5d4.6s2""","=""5D""","=""2""","=""""","=""*""","=""1""",5,3,,"=""T6977""","=""L153""",
W,2,"=""254.909651""","=""254.909657""","=""0.000013""","=""57""","=""1.36e+06""",B,"=""3172.473""","=""42390.287""","=""5d4.(5D).6s""","=""6D""","=""5/2""","=""5d3.(4F).6s.(5F).6p""","=""6G*""","=""7/2""",6,8,,"=""T7162""","=""L11762""",
W,1,"=""255.0378""","=""255.0378""","=""0.0006""","=""60r""","=""2.8e+07""",C,"=""1670.29""","=""40868.40""","=""5d4.6s2""","=""5D""","=""1""","=""""","=""*""","=""2""",3,5,,"=""T6977""","=""L153""",
W,1,"=""255.1349""","=""255.1349""","=""0.0006""","=""200r""","=""1.78e+08""",B,"=""0.00""","=""39183.20""","=""5d4.6s2""","=""5D""","=""0""","=""""","=""*""","=""1""",1,3,,"=""T6977""","=""L153""",
W,1,"=""255.3824""","=""255.3824""","=""0.0006""","=""100r""","=""4.3e+07""",B,"=""4830.00""","=""43975.22""","=""5d4.6s2""","=""5D""","=""3""","=""""","=""*""","=""2""",7,5,,"=""T6977""","=""L153""",
W,2,"=""255.485272""","=""255.485279""","=""0.000007""","=""156""","=""1.78e+07""",B,"=""0.000""","=""39129.460""","=""5d4.(5D).6s""","=""6D""","=""1/2""","=""5d4.(5D).6p""","=""6F*""","=""3/2""",2,4,,"=""T7162""","=""L11762""",
W,2,"=""255.509506""","=""255.509506""","=""0.000007""","=""224""","=""4.06e+07""",B,"=""3172.473""","=""42298.223""","=""5d4.(5D).6s""","=""6D""","=""5/2""","=""""","=""""","=""3/2""",6,4,,"=""T7162""","=""L11762""",
W,1,"=""255.6749""","=""255.6746""","=""0.0006""","=""40r""","=""2.6e+07""",C,"=""1670.29""","=""40770.78""","=""5d4.6s2""","=""5D""","=""1""","=""""","=""*""","=""1""",3,3,,"=""T6977""","=""L153""",
W,1,"=""256.1968""","=""256.1965""","=""0.0006""","=""100r""","=""4.8e+07""",B,"=""4830.00""","=""43850.84""","=""5d4.6s2""","=""5D""","=""3""","=""""","=""*""","=""3""",7,7,,"=""T6977""","=""L153""",
W,2,"=""256.39041""","=""256.39041""","=""0.00003""","=""28""","=""1.14e+07""",B,"=""11301.024""","=""50292.354""","=""5d3.6s2""","=""4F""","=""5/2""","=""5d3.(4F).6s.(5F).6p""","=""6D*""","=""5/2""",6,6,,"=""T7162""","=""L11762""",
W,2,"=""257.144433""","=""257.144426""","=""0.000007""","=""364""","=""4.38e+07""",B,"=""3172.473""","=""42049.478""","=""5d4.(5D).6s""","=""6D""","=""5/2""","=""5d4.(5D).6p""","=""6F*""","=""5/2""",6,6,,"=""T7162""","=""L11762""",
W,3,"=""257.9570""","=""257.9573""","=""0.0005""","=""800""","=""1.3e+07""",C,"=""28977.44""","=""67731.94""","=""5d3.(2H).6s""","=""3H""","=""4""","=""5d3.(4F).6p""","=""5F*""","=""5""",9,11,,"=""T7469""","=""L10405""",
W,1,"=""258.0337""","=""258.0336""","=""0.0006""","=""30""","=""1.04e+07""",C,"=""2951.29""","=""41694.34""","=""5d5.(6S).6s""","=""7S""","=""3""","=""""","=""*""","=""3""",7,7,,"=""T6977""","=""L153""",
W,1,"=""258.0487""","=""258.0484""","=""0.0006""","=""125r""","=""7.5e+07""",B,"=""1670.29""","=""40411.12""","=""5d4.6s2""","=""5D""","=""1""","=""""","=""*""","=""1""",3,3,,"=""T6977""","=""L153""",
W,2,"=""258.11990""","=""258.1197""","=""0.0009""","=""47w""","=""8.99e+06""",B,"=""6147.085""","=""44877.209""","=""5d4.(5D).6s""","=""6D""","=""9/2""","=""5d4.(5D).6p""","=""6F*""","=""7/2""",10,8,,"=""T7162""","=""L11762""",
W,1,"=""258.6350""","=""258.6341""","=""0.0006""","=""8""","=""2.5e+06""",C,"=""3325.53""","=""41978.62""","=""5d4.6s2""","=""5D""","=""2""","=""""","=""*""","=""2""",5,5,,"=""T6977""","=""L153""",
W,2,"=""258.65770""","=""258.65779""","=""0.00020""","=""4""","=""2.68e+06""",B,"=""10592.485""","=""49242.042""","=""""","=""""","=""3/2""","=""""","=""""","=""5/2""",4,6,,"=""T7162""","=""L11762""",
W,1,"=""258.7766""","=""258.7759""","=""0.0006""","=""30""","=""4.5e+06""",C,"=""2951.29""","=""41583.20""","=""5d5.(6S).6s""","=""7S""","=""3""","=""""","=""*""","=""2""",7,5,,"=""T6977""","=""L153""",
W,2,"=""258.916038""","=""258.916031""","=""0.000007""","=""285""","=""1.82e+07""",B,"=""6147.085""","=""44758.095""","=""5d4.(5D).6s""","=""6D""","=""9/2""","=""""","=""""","=""9/2""",10,10,,"=""T7162""","=""L11762""",
W,2,"=""259.14890""","=""259.14892""","=""0.00007""","=""14""","=""3.90e+06""",B,"=""0.000""","=""38576.313""","=""5d4.(5D).6s""","=""6D""","=""1/2""","=""""","=""""","=""1/2""",2,2,,"=""T7162""","=""L11762""",
W,1,"=""259.3388""","=""259.3383""","=""0.0006""","=""25""","=""6.0e+05""",B,"=""2951.29""","=""41499.43""","=""5d5.(6S).6s""","=""7S""","=""3""","=""""","=""*""","=""3""",7,7,,"=""T6977""","=""L153""",
W,2,"=""259.874161""","=""259.874140""","=""0.000014""","=""65""","=""3.19e+07""",B,"=""8711.274""","=""47179.941""","=""5d3.6s2""","=""4F""","=""3/2""","=""""","=""""","=""3/2""",4,4,,"=""T7162""","=""L11762""",
W,1,"=""260.1963""","=""260.1966""","=""0.0007""","=""40r""","=""1.49e+07""",B,"=""4830.00""","=""43251.00""","=""5d4.6s2""","=""5D""","=""3""","=""""","=""*""","=""4""",7,9,,"=""T6977""","=""L153""",
W,1,"=""260.2804""","=""260.2806""","=""0.0007""","=""25""","=""9.4e+06""",C,"=""3325.53""","=""41734.13""","=""5d4.6s2""","=""5D""","=""2""","=""""","=""*""","=""2""",5,5,,"=""T6977""","=""L153""",
W,1,"=""260.3544""","=""260.3547""","=""0.0007""","=""40r""","=""2.8e+07""",C,"=""4830.00""","=""43227.66""","=""5d4.6s2""","=""5D""","=""3""","=""""","=""*""","=""2""",7,5,,"=""T6977""","=""L153""",
W,2,"=""260.40379""","=""260.4036""","=""0.0007""","=""6*""","=""3.44e+06""",B,"=""10592.485""","=""48982.939""","=""""","=""""","=""3/2""","=""5d3.(4F).6s.(5F).6p""","=""6D*""","=""3/2""",4,4,,"=""T7162""","=""L11762""",
W,1,"=""260.5508""","=""260.5505""","=""0.0007""","=""8""","=""2.2e+06""",C,"=""3325.53""","=""41694.34""","=""5d4.6s2""","=""5D""","=""2""","=""""","=""*""","=""3""",5,7,,"=""T6977""","=""L153""",
W,2,"=""260.69726""","=""260.69727""","=""0.00003""","=""23""","=""7.64e+06""",B,"=""8832.728""","=""47179.941""","=""""","=""""","=""1/2""","=""""","=""""","=""3/2""",2,4,,"=""T7162""","=""L11762""",
W,1,"=""260.7378""","=""260.7381""","=""0.0007""","=""35r""","=""1.20e+07""",B,"=""1670.29""","=""40011.50""","=""5d4.6s2""","=""5D""","=""1""","=""""","=""*""","=""2""",3,5,,"=""T6977""","=""L153""",
W,3,"=""260.8050""","=""260.8057""","=""0.0005""","=""40d""","=""4.2e+06""",C,"=""24490.58""","=""62821.85""","=""""","=""""","=""2""","=""""","=""""","=""2""",5,5,,"=""T7469""","=""L10405""",
W,1,"=""261.3076""","=""261.3075""","=""0.0007""","=""80r""","=""5.4e+07""",C,"=""3325.53""","=""41583.20""","=""5d4.6s2""","=""5D""","=""2""","=""""","=""*""","=""2""",5,5,,"=""T6977""","=""L153""",
W,1,"=""261.5124""","=""261.5124""","=""0.0007""","=""40""","=""1.58e+07""",C,"=""6219.33""","=""44447.02""","=""5d4.6s2""","=""5D""","=""4""","=""""","=""*""","=""3""",9,7,,"=""T6977""","=""L153""",
W,1,"=""261.8808""","=""261.8809""","=""0.0007""","=""25""","=""1.90e+06""",B,"=""3325.53""","=""41499.43""","=""5d4.6s2""","=""5D""","=""2""","=""""","=""*""","=""3""",5,7,,"=""T6977""","=""L153""",
W,2,"=""262.15905""","=""262.1591""","=""0.0008""","=""14*""","=""4.65e+06""",B,"=""7420.261""","=""45553.652""","=""5d5""","=""6S""","=""5/2""","=""""","=""""","=""3/2""",6,4,,"=""T7162""","=""L11762""",
W,1,"=""263.3129""","=""263.3128""","=""0.0007""","=""150r""","=""6.5e+07""",B,"=""1670.29""","=""39636.62""","=""5d4.6s2""","=""5D""","=""1""","=""""","=""*""","=""1""",3,3,,"=""T6977""","=""L153""",
W,1,"=""263.6544""","=""263.6546""","=""0.0007""","=""30""","=""5.6e+06""",B,"=""2951.29""","=""40868.40""","=""5d5.(6S).6s""","=""7S""","=""3""","=""""","=""*""","=""2""",7,5,,"=""T6977""","=""L153""",
W,1,"=""264.4600""","=""264.4598""","=""0.0007""","=""30""","=""7.3e+06""",B,"=""6219.33""","=""44021.00""","=""5d4.6s2""","=""5D""","=""4""","=""""","=""*""","=""3""",9,7,,"=""T6977""","=""L153""",
W,1,"=""264.6730""","=""264.6732""","=""0.0007""","=""80""","=""1.55e+07""",B,"=""4830.00""","=""42601.19""","=""5d4.6s2""","=""5D""","=""3""","=""""","=""*""","=""3""",7,7,,"=""T6977""","=""L153""",
W,2,"=""265.30010""","=""265.30032""","=""0.00021""","=""4""","=""3.56e+06""",B,"=""11301.024""","=""48982.939""","=""5d3.6s2""","=""4F""","=""5/2""","=""5d3.(4F).6s.(5F).6p""","=""6D*""","=""3/2""",6,4,,"=""T7162""","=""L11762""",
W,2,"=""265.34200""","=""265.34201""","=""0.00004""","=""21""","=""1.33e+07""",B,"=""16553.087""","=""54229.082""","=""5d4.(3H).6s""","=""4H""","=""9/2""","=""5d4.(5D).6p""","=""6F*""","=""11/2""",10,12,,"=""T7162""","=""L11762""",
W,2,"=""265.355999""","=""265.355999""","=""0.000007""","=""120""","=""3.79e+06""",B,"=""4716.278""","=""42390.287""","=""5d4.(5D).6s""","=""6D""","=""7/2""","=""5d3.(4F).6s.(5F).6p""","=""6G*""","=""7/2""",8,8,,"=""T7162""","=""L11762""",
W,1,"=""265.6540""","=""265.6538""","=""0.0007""","=""300r""","=""6.7e+07""",B,"=""2951.29""","=""40583.07""","=""5d5.(6S).6s""","=""7S""","=""3""","=""""","=""*""","=""4""",7,9,,"=""T6977""","=""L153""",
W,2,"=""265.803186""","=""265.803179""","=""0.000007""","=""139""","=""3.38e+07""",B,"=""1518.829""","=""39129.460""","=""5d4.(5D).6s""","=""6D""","=""3/2""","=""5d4.(5D).6p""","=""6F*""","=""3/2""",4,4,,"=""T7162""","=""L11762""",
W,1,"=""266.2835""","=""266.2830""","=""0.0007""","=""200r""","=""4.2e+07""",B,"=""3325.53""","=""40868.40""","=""5d4.6s2""","=""5D""","=""2""","=""""","=""*""","=""2""",5,5,,"=""T6977""","=""L153""",
W,1,"=""266.4966""","=""266.4956""","=""0.0007""","=""100""","=""1.78e+07""",B,"=""1670.29""","=""39183.20""","=""5d4.6s2""","=""5D""","=""1""","=""""","=""*""","=""1""",3,3,,"=""T6977""","=""L153""",
W,2,"=""266.64856""","=""266.64856""","=""0.00004""","=""30""","=""1.18e+07""",B,"=""7420.261""","=""44911.659""","=""5d5""","=""6S""","=""5/2""","=""""","=""""","=""3/2""",6,4,,"=""T7162""","=""L11762""",
W,2,"=""266.89396""","=""266.8938""","=""0.0003""","=""3""","=""5.33e+05""",B,"=""7420.261""","=""44877.209""","=""5d5""","=""6S""","=""5/2""","=""5d4.(5D).6p""","=""6F*""","=""7/2""",6,8,,"=""T7162""","=""L11762""",
W,1,"=""266.9777""","=""266.9772""","=""0.0007""","=""40""","=""5.8e+06""",B,"=""3325.53""","=""40770.78""","=""5d4.6s2""","=""5D""","=""2""","=""""","=""*""","=""1""",5,3,,"=""T6977""","=""L153""",
W,1,"=""267.1472""","=""267.1466""","=""0.0007""","=""200""","=""3.9e+07""",B,"=""4830.00""","=""42251.51""","=""5d4.6s2""","=""5D""","=""3""","=""""","=""*""","=""3""",7,7,,"=""T6977""","=""L153""",
W,1,"=""267.5867""","=""267.5867""","=""0.0007""","=""60""","=""3.1e+06""",B,"=""1670.29""","=""39030.25""","=""5d4.6s2""","=""5D""","=""1""","=""""","=""*""","=""2""",3,5,,"=""T6977""","=""L153""",
W,1,"=""267.7276""","=""267.7275""","=""0.0007""","=""100""","=""1.59e+07""",B,"=""3325.53""","=""40665.85""","=""5d4.6s2""","=""5D""","=""2""","=""""","=""*""","=""3""",5,7,,"=""T6977""","=""L153""",
W,2,"=""267.77855""","=""267.77853""","=""0.00003""","=""39""","=""6.36e+06""",B,"=""4716.278""","=""42049.478""","=""5d4.(5D).6s""","=""6D""","=""7/2""","=""5d4.(5D).6p""","=""6F*""","=""5/2""",8,6,,"=""T7162""","=""L11762""",
W,1,"=""268.1422""","=""268.1414""","=""0.0007""","=""400r""","=""7.4e+07""",B,"=""2951.29""","=""40233.97""","=""5d5.(6S).6s""","=""7S""","=""3""","=""""","=""*""","=""4""",7,9,,"=""T6977""","=""L153""",
W,3,"=""268.441""","=""268.4428""","=""0.0005""","=""""","=""4.9e+06""",C,"=""22955.03""","=""60195.86""","=""5d3.(4P).6s""","=""5P""","=""2""","=""5d3.(4F).6p""","=""5F*""","=""1""",5,3,,"=""T7469""","=""L14407""",
W,1,"=""269.1094""","=""269.1091""","=""0.0007""","=""100""","=""1.33e+07""",C,"=""4830.00""","=""41978.62""","=""5d4.6s2""","=""5D""","=""3""","=""""","=""*""","=""2""",7,5,,"=""T6977""","=""L153""",
W,1,"=""269.567""","=""269.5665""","=""0.0007""","=""150r""","=""4.7e+07""",B,"=""3325.53""","=""40411.12""","=""5d4.6s2""","=""5D""","=""2""","=""""","=""*""","=""1""",5,3,,"=""T6977""","=""L153""",
W,1,"=""269.7514""","=""269.7511""","=""0.0007""","=""60""","=""3.23e+06""",B,"=""2951.29""","=""40011.50""","=""5d5.(6S).6s""","=""7S""","=""3""","=""""","=""*""","=""2""",7,5,,"=""T6977""","=""L153""",
W,2,"=""269.770985""","=""269.770978""","=""0.000008""","=""178""","=""4.96e+07""",B,"=""1518.829""","=""38576.313""","=""5d4.(5D).6s""","=""6D""","=""3/2""","=""""","=""""","=""1/2""",4,2,,"=""T7162""","=""L11762""",
W,1,"=""269.9594""","=""269.9590""","=""0.0007""","=""150r""","=""3.8e+07""",B,"=""6219.33""","=""43251.00""","=""5d4.6s2""","=""5D""","=""4""","=""""","=""*""","=""4""",9,9,,"=""T6977""","=""L153""",
W,2,"=""270.21817""","=""270.2182""","=""0.0003""","=""3""","=""2.87e+06""",B,"=""10592.485""","=""47588.647""","=""""","=""""","=""3/2""","=""5d4.(5D).6p""","=""6P*""","=""3/2""",4,4,,"=""T7162""","=""L11762""",
W,2,"=""270.66908""","=""270.66914""","=""0.00007""","=""11""","=""3.67e+06""",B,"=""7420.261""","=""44354.784""","=""5d5""","=""6S""","=""5/2""","=""""","=""""","=""5/2""",6,6,,"=""T7162""","=""L11762""",
W,1,"=""271.5503""","=""271.5496""","=""0.0007""","=""75""","=""1.39e+07""",B,"=""6219.33""","=""43034.10""","=""5d4.6s2""","=""5D""","=""4""","=""""","=""*""","=""5""",9,11,,"=""T6977""","=""L153""",
W,2,"=""271.71659""","=""271.71659""","=""0.00004""","=""18""","=""9.50e+06""",B,"=""17436.932""","=""54229.082""","=""5d4.(3H).6s""","=""4H""","=""11/2""","=""5d4.(5D).6p""","=""6F*""","=""11/2""",12,12,,"=""T7162""","=""L11762""",
W,1,"=""271.8906""","=""271.8901""","=""0.0007""","=""250r""","=""4.7e+07""",B,"=""2951.29""","=""39719.96""","=""5d5.(6S).6s""","=""7S""","=""3""","=""""","=""*""","=""4""",7,9,,"=""T6977""","=""L153""",
W,1,"=""272.4352""","=""272.4351""","=""0.0007""","=""300r""","=""1.05e+08""",B,"=""2951.29""","=""39646.41""","=""5d5.(6S).6s""","=""7S""","=""3""","=""""","=""*""","=""3""",7,7,,"=""T6977""","=""L153""",
W,1,"=""272.5033""","=""272.5031""","=""0.0007""","=""60""","=""1.77e+07""",B,"=""3325.53""","=""40011.50""","=""5d4.6s2""","=""5D""","=""2""","=""""","=""*""","=""2""",5,5,,"=""T6977""","=""L153""",
W,3,"=""273.738""","=""273.7402""","=""0.0005""","=""""","=""1.1e+07""",C,"=""31211.76""","=""67731.94""","=""5d3.(2G).6s""","=""3G""","=""5""","=""5d3.(4F).6p""","=""5F*""","=""5""",11,11,,"=""T7469""","=""L14407""",
W,2,"=""275.83231""","=""275.83230""","=""0.00005""","=""17""","=""7.75e+05""",B,"=""6147.085""","=""42390.287""","=""5d4.(5D).6s""","=""6D""","=""9/2""","=""5d3.(4F).6s.(5F).6p""","=""6G*""","=""7/2""",10,8,,"=""T7162""","=""L11762""",
W,2,"=""276.15860""","=""276.15856""","=""0.00005""","=""23""","=""1.29e+07""",B,"=""8711.274""","=""44911.659""","=""5d3.6s2""","=""4F""","=""3/2""","=""""","=""""","=""3/2""",4,4,,"=""T7162""","=""L11762""",
W,1,"=""276.2339""","=""276.2341""","=""0.0007""","=""150""","=""1.84e+07""",B,"=""0.00""","=""36190.49""","=""5d4.6s2""","=""5D""","=""0""","=""""","=""*""","=""1""",1,3,,"=""T6977""","=""L153""",
W,2,"=""276.426068""","=""276.426060""","=""0.000008""","=""182""","=""4.79e+07""",B,"=""0.000""","=""36165.356""","=""5d4.(5D).6s""","=""6D""","=""1/2""","=""""","=""""","=""1/2""",2,2,,"=""T7162""","=""L11762""",
W,1,"=""277.0880""","=""277.0880""","=""0.0007""","=""200r""","=""1.83e+07""",B,"=""2951.29""","=""39030.25""","=""5d5.(6S).6s""","=""7S""","=""3""","=""""","=""*""","=""2""",7,5,,"=""T6977""","=""L153""",
W,1,"=""277.3999""","=""277.3999""","=""0.0007""","=""200r""","=""3.9e+07""",B,"=""4830.00""","=""40868.40""","=""5d4.6s2""","=""5D""","=""3""","=""""","=""*""","=""2""",7,5,,"=""T6977""","=""L153""",
W,1,"=""277.4476""","=""277.4478""","=""0.0007""","=""300r""","=""4.8e+07""",B,"=""6219.33""","=""42251.51""","=""5d4.6s2""","=""5D""","=""4""","=""""","=""*""","=""3""",9,7,,"=""T6977""","=""L153""",
W,2,"=""278.02803""","=""278.02802""","=""0.00005""","=""23""","=""4.94e+06""",B,"=""3172.473""","=""39129.460""","=""5d4.(5D).6s""","=""6D""","=""5/2""","=""5d4.(5D).6p""","=""6F*""","=""3/2""",6,4,,"=""T7162""","=""L11762""",
W,1,"=""278.7984""","=""278.7981""","=""0.0007""","=""50""","=""9.5e+06""",B,"=""3325.53""","=""39183.20""","=""5d4.6s2""","=""5D""","=""2""","=""""","=""*""","=""1""",5,3,,"=""T6977""","=""L153""",
W,1,"=""278.9684""","=""278.9679""","=""0.0007""","=""25""","=""1.56e+06""",B,"=""4830.00""","=""40665.85""","=""5d4.6s2""","=""5D""","=""3""","=""""","=""*""","=""3""",7,7,,"=""T6977""","=""L153""",
W,2,"=""279.17256""","=""279.1724""","=""0.0004""","=""2""","=""2.27e+06""",B,"=""13173.337""","=""48982.939""","=""5d4.(5D).6s""","=""4D""","=""1/2""","=""5d3.(4F).6s.(5F).6p""","=""6D*""","=""3/2""",2,4,,"=""T7162""","=""L11762""",
W,3,"=""279.988""","=""279.9881""","=""0.0005""","=""""","=""4.5e+06""",C,"=""24490.58""","=""60195.86""","=""""","=""""","=""2""","=""5d3.(4F).6p""","=""5F*""","=""1""",5,3,,"=""T7469""","=""L14407""",
W,1,"=""279.9928""","=""279.9925""","=""0.0007""","=""50""","=""1.30e+07""",B,"=""3325.53""","=""39030.25""","=""5d4.6s2""","=""5D""","=""2""","=""""","=""*""","=""2""",5,5,,"=""T6977""","=""L153""",
W,2,"=""280.35920""","=""280.35922""","=""0.00008""","=""11""","=""6.85e+06""",B,"=""14634.336""","=""50292.354""","=""5d4.(5D).6s""","=""4D""","=""3/2""","=""5d3.(4F).6s.(5F).6p""","=""6D*""","=""5/2""",4,6,,"=""T7162""","=""L11762""",
W,2,"=""281.22010""","=""281.22008""","=""0.00006""","=""13""","=""1.23e+07""",B,"=""13434.070""","=""48982.939""","=""""","=""""","=""5/2""","=""5d3.(4F).6s.(5F).6p""","=""6D*""","=""3/2""",6,4,,"=""T7162""","=""L11762""",
W,1,"=""281.8060""","=""281.8056""","=""0.0008""","=""250r""","=""4.3e+07""",B,"=""6219.33""","=""41694.34""","=""5d4.6s2""","=""5D""","=""4""","=""""","=""*""","=""3""",9,7,,"=""T6977""","=""L153""",
W,2,"=""283.00550""","=""283.00550""","=""0.00003""","=""30""","=""1.73e+07""",B,"=""14967.745""","=""50292.354""","=""""","=""""","=""5/2""","=""5d3.(4F).6s.(5F).6p""","=""6D*""","=""5/2""",6,6,,"=""T7162""","=""L11762""",
W,1,"=""283.1379""","=""283.1378""","=""0.0008""","=""250r""","=""4.9e+07""",B,"=""2951.29""","=""38259.40""","=""5d5.(6S).6s""","=""7S""","=""3""","=""""","=""*""","=""4""",7,9,,"=""T6977""","=""L153""",
W,1,"=""283.3630""","=""283.3626""","=""0.0008""","=""120r""","=""4.8e+07""",B,"=""6219.33""","=""41499.43""","=""5d4.6s2""","=""5D""","=""4""","=""""","=""*""","=""3""",9,7,,"=""T6977""","=""L153""",
W,1,"=""283.7345""","=""283.7344""","=""0.0008""","=""60""","=""6.0e+06""",B,"=""1670.29""","=""36904.16""","=""5d4.6s2""","=""5D""","=""1""","=""""","=""*""","=""2""",3,5,,"=""T6977""","=""L153""",
W,1,"=""284.1570""","=""284.1568""","=""0.0008""","=""80r""","=""1.73e+07""",B,"=""4830.00""","=""40011.50""","=""5d4.6s2""","=""5D""","=""3""","=""""","=""*""","=""2""",7,5,,"=""T6977""","=""L153""",
W,2,"=""284.44878""","=""284.4488""","=""0.0004""","=""2""","=""1.81e+06""",B,"=""15146.977""","=""50292.354""","=""5d4.(3H).6s""","=""4H""","=""7/2""","=""5d3.(4F).6s.(5F).6p""","=""6D*""","=""5/2""",8,6,,"=""T7162""","=""L11762""",
W,2,"=""285.94764""","=""285.94766""","=""0.00010""","=""9""","=""5.07e+06""",B,"=""10592.485""","=""45553.652""","=""""","=""""","=""3/2""","=""""","=""""","=""3/2""",4,4,,"=""T7162""","=""L11762""",
W,2,"=""286.62980""","=""286.62985""","=""0.00016""","=""7""","=""2.06e+06""",B,"=""7420.261""","=""42298.223""","=""5d5""","=""6S""","=""5/2""","=""""","=""""","=""3/2""",6,4,,"=""T7162""","=""L11762""",
W,1,"=""287.1363""","=""287.1366""","=""0.0008""","=""30""","=""6.3e+06""",B,"=""4830.00""","=""39646.41""","=""5d4.6s2""","=""5D""","=""3""","=""""","=""*""","=""3""",7,7,,"=""T6977""","=""L153""",
W,2,"=""287.38288""","=""287.3825""","=""0.0003""","=""3""","=""1.06e+06""",B,"=""19442.466""","=""54229.082""","=""5d4.(3H).6s""","=""4H""","=""13/2""","=""5d4.(5D).6p""","=""6F*""","=""11/2""",14,12,,"=""T7162""","=""L11762""",
W,1,"=""287.5208""","=""287.5209""","=""0.0008""","=""30""","=""1.20e+07""",B,"=""12161.96""","=""46931.84""","=""5d4.6s2""","=""3H""","=""4""","=""""","=""*""","=""4""",9,9,,"=""T6977""","=""L153""",
W,3,"=""287.610""","=""287.6117""","=""0.0005""","=""""","=""4.9e+06""",C,"=""28062.95""","=""62821.85""","=""5d3.(4F).6s""","=""3F""","=""2""","=""""","=""""","=""2""",5,5,,"=""T7469""","=""L14407""",
W,1,"=""287.9396""","=""287.9395""","=""0.0008""","=""140r""","=""2.46e+07""",B,"=""0.00""","=""34719.33""","=""5d4.6s2""","=""5D""","=""0""","=""""","=""*""","=""1""",1,3,,"=""T6977""","=""L153""",
W,2,"=""288.68883""","=""288.6888""","=""0.0003""","=""3""","=""4.69e+05""",B,"=""7420.261""","=""42049.478""","=""5d5""","=""6S""","=""5/2""","=""5d4.(5D).6p""","=""6F*""","=""5/2""",6,6,,"=""T7162""","=""L11762""",
W,1,"=""289.6009""","=""289.6006""","=""0.0008""","=""150r""","=""2.80e+07""",B,"=""1670.29""","=""36190.49""","=""5d4.6s2""","=""5D""","=""1""","=""""","=""*""","=""1""",3,3,,"=""T6977""","=""L153""",
W,1,"=""289.6442""","=""289.6441""","=""0.0008""","=""400r""","=""1.3e+08""",D,"=""2951.29""","=""37466.30""","=""5d5.(6S).6s""","=""7S""","=""3""","=""""","=""*""","=""2""",7,5,,"=""T3498""","=""L153""",
W,3,"=""290.351""","=""290.3529""","=""0.0005""","=""""","=""1.0e+07""",C,"=""28391.09""","=""62821.85""","=""5d3.(4F).6s""","=""3F""","=""3""","=""""","=""""","=""2""",7,5,,"=""T7469""","=""L14407""",
W,1,"=""290.9120""","=""290.9123""","=""0.0008""","=""50""","=""2.4e+07""",C,"=""9528.06""","=""43892.62""","=""5d4.6s2""","=""3P2""","=""0""","=""""","=""*""","=""1""",1,3,,"=""T6977""","=""L153""",
W,2,"=""291.04749""","=""291.0474""","=""0.0004""","=""14bl""","=""1.45e+07""",B,"=""14634.336""","=""48982.939""","=""5d4.(5D).6s""","=""4D""","=""3/2""","=""5d3.(4F).6s.(5F).6p""","=""6D*""","=""3/2""",4,4,,"=""T7162""","=""L11762""",
W,1,"=""291.0997""","=""291.0996""","=""0.0008""","=""100""","=""7.2e+06""",B,"=""0.00""","=""34342.44""","=""5d4.6s2""","=""5D""","=""0""","=""""","=""*""","=""1""",1,3,,"=""T6977""","=""L153""",
W,2,"=""291.86295""","=""291.86296""","=""0.00004""","=""24""","=""1.41e+07""",B,"=""11301.024""","=""45553.652""","=""5d3.6s2""","=""4F""","=""5/2""","=""""","=""""","=""3/2""",6,4,,"=""T7162""","=""L11762""",
W,1,"=""292.3103""","=""292.3100""","=""0.0008""","=""150""","=""7.7e+06""",B,"=""4830.00""","=""39030.25""","=""5d4.6s2""","=""5D""","=""3""","=""""","=""*""","=""2""",7,5,,"=""T6977""","=""L153""",
W,1,"=""292.3539""","=""292.3543""","=""0.0008""","=""60""","=""1.54e+06""",C,"=""2951.29""","=""37146.36""","=""5d5.(6S).6s""","=""7S""","=""3""","=""""","=""*""","=""4""",7,9,,"=""T4976""","=""L153""",
W,1,"=""293.4996""","=""293.4993""","=""0.0008""","=""250r""","=""1.5e+07""",C,"=""1670.29""","=""35731.96""","=""5d4.6s2""","=""5D""","=""1""","=""""","=""*""","=""2""",3,5,,"=""T4976""","=""L153""",
W,2,"=""293.53402""","=""293.53403""","=""0.00010""","=""10""","=""2.77e+06""",B,"=""16234.715""","=""50292.354""","=""""","=""""","=""5/2""","=""5d3.(4F).6s.(5F).6p""","=""6D*""","=""5/2""",6,6,,"=""T7162""","=""L11762""",
W,1,"=""293.9047""","=""293.9051""","=""0.0008""","=""30r""","=""4.9e+06""",B,"=""6219.33""","=""40233.97""","=""5d4.6s2""","=""5D""","=""4""","=""""","=""*""","=""4""",9,9,,"=""T6977""","=""L153""",
W,2,"=""293.97456""","=""293.97456""","=""0.00006""","=""16""","=""7.07e+06""",B,"=""13173.337""","=""47179.941""","=""5d4.(5D).6s""","=""4D""","=""1/2""","=""""","=""""","=""3/2""",2,4,,"=""T7162""","=""L11762""",
W,1,"=""294.4398""","=""294.4398""","=""0.0008""","=""300r""","=""1.08e+08""",B,"=""2951.29""","=""36904.16""","=""5d5.(6S).6s""","=""7S""","=""3""","=""""","=""*""","=""2""",7,5,,"=""T6977""","=""L153""",
W,1,"=""294.6989""","=""294.6985""","=""0.0008""","=""300r""","=""8.2e+07""",B,"=""2951.29""","=""36874.36""","=""5d5.(6S).6s""","=""7S""","=""3""","=""""","=""*""","=""3""",7,7,,"=""T6977""","=""L153""",
W,2,"=""295.22380""","=""295.22367""","=""0.00017""","=""7""","=""2.99e+06""",B,"=""10592.485""","=""44455.212""","=""""","=""""","=""3/2""","=""5d3.(4F).6s.(5F).6p""","=""6F*""","=""1/2""",4,2,,"=""T7162""","=""L11762""",
W,2,"=""296.10188""","=""296.10187""","=""0.00006""","=""17""","=""2.92e+06""",B,"=""10592.485""","=""44354.784""","=""""","=""""","=""3/2""","=""""","=""""","=""5/2""",4,6,,"=""T7162""","=""L11762""",
W,2,"=""297.43801""","=""297.43805""","=""0.00012""","=""9""","=""6.90e+06""",B,"=""11301.024""","=""44911.659""","=""5d3.6s2""","=""4F""","=""5/2""","=""""","=""""","=""3/2""",6,4,,"=""T7162""","=""L11762""",
W,2,"=""297.64781""","=""297.64782""","=""0.00009""","=""15""","=""5.12e+06""",B,"=""8711.274""","=""42298.223""","=""5d3.6s2""","=""4F""","=""3/2""","=""""","=""""","=""3/2""",4,4,,"=""T7162""","=""L11762""",
W,1,"=""298.4140""","=""298.4148""","=""0.0008""","=""40""","=""1.47e+06""",B,"=""6219.33""","=""39719.96""","=""5d4.6s2""","=""5D""","=""4""","=""""","=""*""","=""4""",9,9,,"=""T6977""","=""L153""",
W,2,"=""298.72807""","=""298.72810""","=""0.00005""","=""19""","=""4.09e+06""",B,"=""8832.728""","=""42298.223""","=""""","=""""","=""1/2""","=""""","=""""","=""3/2""",2,4,,"=""T7162""","=""L11762""",
W,1,"=""299.0506""","=""299.0507""","=""0.0008""","=""40""","=""3.5e+06""",C,"=""4830.00""","=""38259.40""","=""5d4.6s2""","=""5D""","=""3""","=""""","=""*""","=""4""",7,9,,"=""T6977""","=""L153""",
W,1,"=""299.0714""","=""299.0714""","=""0.0008""","=""50""","=""2.64e+06""",B,"=""6219.33""","=""39646.41""","=""5d4.6s2""","=""5D""","=""4""","=""""","=""*""","=""3""",9,7,,"=""T6977""","=""L153""",
W,2,"=""299.86877""","=""299.86874""","=""0.00011""","=""11""","=""2.44e+06""",B,"=""8711.274""","=""42049.478""","=""5d3.6s2""","=""4F""","=""3/2""","=""5d4.(5D).6p""","=""6F*""","=""5/2""",4,6,,"=""T7162""","=""L11762""",
W,1,"=""301.3788""","=""301.3793""","=""0.0008""","=""120""","=""6.4e+06""",B,"=""4830.00""","=""38001.12""","=""5d4.6s2""","=""5D""","=""3""","=""""","=""*""","=""4""",7,9,,"=""T4976""","=""L153""",
W,1,"=""301.6466""","=""301.6470""","=""0.0008""","=""150""","=""9.27e+06""",B,"=""6219.33""","=""39361.01""","=""5d4.6s2""","=""5D""","=""4""","=""""","=""*""","=""5""",9,11,,"=""T4976""","=""L153""",
W,1,"=""301.7436""","=""301.7441""","=""0.0008""","=""200""","=""1.21e+07""",B,"=""2951.29""","=""36082.30""","=""5d5.(6S).6s""","=""7S""","=""3""","=""""","=""*""","=""4""",7,9,,"=""T4976""","=""L153""",
W,2,"=""302.19651""","=""302.19650""","=""0.00004""","=""31""","=""4.85e+06""",B,"=""13411.939""","=""46493.356""","=""5d3.6s2""","=""4F""","=""7/2""","=""5d3.(4F).6s.(5F).6p""","=""6G*""","=""9/2""",8,10,,"=""T7162""","=""L11762""",
W,2,"=""302.44935""","=""302.44937""","=""0.00003""","=""55""","=""1.18e+07""",B,"=""11301.024""","=""44354.784""","=""5d3.6s2""","=""4F""","=""5/2""","=""""","=""""","=""5/2""",6,6,,"=""T7162""","=""L11762""",
W,1,"=""302.4928""","=""302.4926""","=""0.0008""","=""100""","=""1.58e+07""",B,"=""1670.29""","=""34719.33""","=""5d4.6s2""","=""5D""","=""1""","=""""","=""*""","=""1""",3,3,,"=""T6977""","=""L153""",
W,2,"=""303.36213""","=""303.36213""","=""0.00009""","=""11""","=""7.49e+06""",B,"=""14634.336""","=""47588.647""","=""5d4.(5D).6s""","=""4D""","=""3/2""","=""5d4.(5D).6p""","=""6P*""","=""3/2""",4,4,,"=""T7162""","=""L11762""",
W,1,"=""304.6440""","=""304.6448""","=""0.0008""","=""120""","=""5.8e+06""",B,"=""1670.29""","=""34485.86""","=""5d4.6s2""","=""5D""","=""1""","=""""","=""*""","=""2""",3,5,,"=""T4976""","=""L153""",
W,1,"=""304.9688""","=""304.9691""","=""0.0008""","=""120""","=""1.7e+07""",B,"=""2951.29""","=""35731.96""","=""5d5.(6S).6s""","=""7S""","=""3""","=""""","=""*""","=""2""",7,5,,"=""T4976""","=""L153""",
W,1,"=""305.9818""","=""305.9821""","=""0.0008""","=""8""","=""1.4e+05""",C,"=""1670.29""","=""34342.44""","=""5d4.6s2""","=""5D""","=""1""","=""""","=""*""","=""1""",3,3,,"=""T4976""","=""L153""",
W,2,"=""306.16685""","=""306.16683""","=""0.00019""","=""6""","=""1.48e+06""",B,"=""16589.603""","=""49242.042""","=""""","=""""","=""7/2""","=""""","=""""","=""5/2""",8,6,,"=""T7162""","=""L11762""",
W,1,"=""306.4927""","=""306.4935""","=""0.0008""","=""60""","=""1.1e+06""",C,"=""3325.53""","=""35943.17""","=""5d4.6s2""","=""5D""","=""2""","=""""","=""*""","=""3""",5,7,,"=""T4976""","=""L153""",
W,2,"=""307.17189""","=""307.17189""","=""0.00006""","=""21""","=""6.65e+06""",B,"=""14634.336""","=""47179.941""","=""5d4.(5D).6s""","=""4D""","=""3/2""","=""""","=""""","=""3/2""",4,4,,"=""T7162""","=""L11762""",
W,1,"=""308.4910""","=""308.4911""","=""0.0008""","=""25""","=""1.3e+06""",B,"=""3325.53""","=""35731.96""","=""5d4.6s2""","=""5D""","=""2""","=""""","=""*""","=""2""",5,5,,"=""T4976""","=""L153""",
W,2,"=""308.73998""","=""308.73996""","=""0.00005""","=""24""","=""5.46e+06""",B,"=""13173.337""","=""45553.652""","=""5d4.(5D).6s""","=""4D""","=""1/2""","=""""","=""""","=""3/2""",2,4,,"=""T7162""","=""L11762""",
W,1,"=""309.3500""","=""309.3510""","=""0.0008""","=""100""","=""4.4e+06""",B,"=""4830.00""","=""37146.36""","=""5d4.6s2""","=""5D""","=""3""","=""""","=""*""","=""4""",7,9,,"=""T4976""","=""L153""",
W,2,"=""309.58698""","=""309.58698""","=""0.00005""","=""23""","=""5.45e+06""",B,"=""18000.627""","=""50292.354""","=""""","=""""","=""7/2""","=""5d3.(4F).6s.(5F).6p""","=""6D*""","=""5/2""",8,6,,"=""T7162""","=""L11762""",
W,1,"=""310.7227""","=""310.7235""","=""0.0008""","=""100""","=""2.33e+06""",B,"=""3325.53""","=""35499.15""","=""5d4.6s2""","=""5D""","=""2""","=""""","=""*""","=""3""",5,7,,"=""T4976""","=""L153""",
W,1,"=""310.8018""","=""310.8020""","=""0.0008""","=""100""","=""1.58e+06""",B,"=""2951.29""","=""35116.78""","=""5d5.(6S).6s""","=""7S""","=""3""","=""""","=""*""","=""4""",7,9,,"=""T4976""","=""L153""",
W,3,"=""311.117""","=""311.1172""","=""0.0005""","=""""","=""1.18e+07""",B,"=""28062.95""","=""60195.86""","=""5d3.(4F).6s""","=""3F""","=""2""","=""5d3.(4F).6p""","=""5F*""","=""1""",5,3,,"=""T7469""","=""L14407""",
W,2,"=""311.24642""","=""311.2463""","=""0.0003""","=""3""","=""9.17e+05""",B,"=""13434.070""","=""45553.652""","=""""","=""""","=""5/2""","=""""","=""""","=""3/2""",6,4,,"=""T7162""","=""L11762""",
W,1,"=""312.018""","=""312.0187""","=""0.0008""","=""60""","=""3.9e+06""",B,"=""6219.33""","=""38259.40""","=""5d4.6s2""","=""5D""","=""4""","=""""","=""*""","=""4""",9,9,,"=""T6977""","=""L153""",
W,1,"=""314.554""","=""314.5545""","=""0.0008""","=""50""","=""4.8e+05""",C,"=""6219.33""","=""38001.12""","=""5d4.6s2""","=""5D""","=""4""","=""""","=""*""","=""4""",9,9,,"=""T4976""","=""L153""",
W,2,"=""314.98530""","=""314.985300""","=""0.000020""","=""58""","=""1.22e+07""",B,"=""13173.337""","=""44911.659""","=""5d4.(5D).6s""","=""4D""","=""1/2""","=""""","=""""","=""3/2""",2,4,,"=""T7162""","=""L11762""",
W,2,"=""315.27470""","=""315.2746""","=""0.0003""","=""4""","=""4.55e+05""",B,"=""7420.261""","=""39129.460""","=""5d5""","=""6S""","=""5/2""","=""5d4.(5D).6p""","=""6F*""","=""3/2""",6,4,,"=""T7162""","=""L11762""",
W,2,"=""316.00214""","=""316.002154""","=""0.000020""","=""79""","=""6.38e+06""",B,"=""14857.160""","=""46493.356""","=""""","=""""","=""9/2""","=""5d3.(4F).6s.(5F).6p""","=""6G*""","=""9/2""",10,10,,"=""T7162""","=""L11762""",
W,1,"=""317.0206""","=""317.0206""","=""0.0008""","=""60""","=""6.0e+05""",B,"=""2951.29""","=""34485.86""","=""5d5.(6S).6s""","=""7S""","=""3""","=""""","=""*""","=""2""",7,5,,"=""T4976""","=""L153""",
W,2,"=""317.59446""","=""317.59446""","=""0.00003""","=""44""","=""9.78e+06""",B,"=""13434.070""","=""44911.659""","=""""","=""""","=""5/2""","=""""","=""""","=""3/2""",6,4,,"=""T7162""","=""L11762""",
W,1,"=""317.6601""","=""317.6600""","=""0.0008""","=""150""","=""2.12e+06""",B,"=""1670.29""","=""33141.38""","=""5d4.6s2""","=""5D""","=""1""","=""""","=""*""","=""2""",3,5,,"=""T4976""","=""L153""",
W,2,"=""317.71879""","=""317.71881""","=""0.00006""","=""21""","=""5.96e+06""",B,"=""13411.939""","=""44877.209""","=""5d3.6s2""","=""4F""","=""7/2""","=""5d4.(5D).6p""","=""6F*""","=""7/2""",8,8,,"=""T7162""","=""L11762""",
W,2,"=""317.80243""","=""317.80241""","=""0.00006""","=""21""","=""2.26e+06""",B,"=""10592.485""","=""42049.478""","=""""","=""""","=""3/2""","=""5d4.(5D).6p""","=""6F*""","=""5/2""",4,6,,"=""T7162""","=""L11762""",
W,2,"=""317.94244""","=""317.94244""","=""0.00005""","=""23""","=""2.68e+06""",B,"=""13434.070""","=""44877.209""","=""""","=""""","=""5/2""","=""5d4.(5D).6p""","=""6F*""","=""7/2""",6,8,,"=""T7162""","=""L11762""",
W,1,"=""318.3514""","=""318.3510""","=""0.0008""","=""30""","=""2.64e+05""",B,"=""2951.29""","=""34354.08""","=""5d5.(6S).6s""","=""7S""","=""3""","=""""","=""*""","=""3""",7,7,,"=""T4976""","=""L153""",
W,1,"=""318.4418""","=""318.4421""","=""0.0008""","=""120""","=""2.53e+06""",B,"=""3325.53""","=""34719.33""","=""5d4.6s2""","=""5D""","=""2""","=""""","=""*""","=""1""",5,3,,"=""T6977""","=""L153""",
W,2,"=""318.84706""","=""318.84707""","=""0.00020""","=""4""","=""1.05e+06""",B,"=""16234.715""","=""47588.647""","=""""","=""""","=""5/2""","=""5d4.(5D).6p""","=""6P*""","=""3/2""",6,4,,"=""T7162""","=""L11762""",
W,2,"=""318.92387""","=""318.92390""","=""0.00004""","=""30""","=""6.18e+06""",B,"=""15146.977""","=""46493.356""","=""5d4.(3H).6s""","=""4H""","=""7/2""","=""5d3.(4F).6s.(5F).6p""","=""6G*""","=""9/2""",8,10,,"=""T7162""","=""L11762""",
W,1,"=""319.1572""","=""319.1571""","=""0.0008""","=""200""","=""3.2e+06""",B,"=""0.00""","=""31323.48""","=""5d4.6s2""","=""5D""","=""0""","=""""","=""*""","=""1""",1,3,,"=""T4976""","=""L153""",
W,2,"=""319.38209""","=""319.38194""","=""0.00020""","=""5""","=""1.66e+06""",B,"=""18990.929""","=""50292.354""","=""""","=""""","=""3/2""","=""5d3.(4F).6s.(5F).6p""","=""6D*""","=""5/2""",4,6,,"=""T7162""","=""L11762""",
W,1,"=""319.8840""","=""319.8840""","=""0.0008""","=""200""","=""4.6e+06""",B,"=""4830.00""","=""36082.30""","=""5d4.6s2""","=""5D""","=""3""","=""""","=""*""","=""4""",7,9,,"=""T4976""","=""L153""",
W,1,"=""320.725""","=""320.7246""","=""0.0008""","=""300""","=""3.0e+06""",B,"=""2951.29""","=""34121.68""","=""5d5.(6S).6s""","=""7S""","=""3""","=""""","=""*""","=""4""",7,9,,"=""T4976""","=""L153""",
W,1,"=""320.828""","=""320.8282""","=""0.0008""","=""200""","=""4.4e+06""",B,"=""3325.53""","=""34485.86""","=""5d4.6s2""","=""5D""","=""2""","=""""","=""*""","=""2""",5,5,,"=""T4976""","=""L153""",
W,1,"=""321.3136""","=""321.3145""","=""0.0008""","=""12""","=""9.7e+04""",C,"=""4830.00""","=""35943.17""","=""5d4.6s2""","=""5D""","=""3""","=""""","=""*""","=""3""",7,7,,"=""T4976""","=""L153""",
W,1,"=""321.5562""","=""321.5557""","=""0.0008""","=""200""","=""2.1e+07""",B,"=""6219.33""","=""37309.16""","=""5d4.6s2""","=""5D""","=""4""","=""""","=""*""","=""5""",9,11,,"=""T4976""","=""L153""",
W,2,"=""321.561598""","=""321.561577""","=""0.000011""","=""108""","=""3.00e+06""",B,"=""11301.024""","=""42390.287""","=""5d3.6s2""","=""4F""","=""5/2""","=""5d3.(4F).6s.(5F).6p""","=""6G*""","=""7/2""",6,8,,"=""T7162""","=""L11762""",
W,1,"=""322.1914""","=""322.1908""","=""0.0008""","=""60""","=""1.61e+06""",B,"=""3325.53""","=""34354.08""","=""5d4.6s2""","=""5D""","=""2""","=""""","=""*""","=""3""",5,7,,"=""T4976""","=""L153""",
W,1,"=""322.3120""","=""322.3117""","=""0.0008""","=""25""","=""3.3e+05""",C,"=""3325.53""","=""34342.44""","=""5d4.6s2""","=""5D""","=""2""","=""""","=""*""","=""1""",5,3,,"=""T6977""","=""L153""",
W,2,"=""322.54683""","=""322.54680""","=""0.00021""","=""6""","=""2.43e+06""",B,"=""23234.778""","=""54229.082""","=""""","=""""","=""9/2""","=""5d4.(5D).6p""","=""6F*""","=""11/2""",10,12,,"=""T7162""","=""L11762""",
W,2,"=""323.05843""","=""323.05836""","=""0.00014""","=""8""","=""1.64e+06""",B,"=""16234.715""","=""47179.941""","=""""","=""""","=""5/2""","=""""","=""""","=""3/2""",6,4,,"=""T7162""","=""L11762""",
W,2,"=""323.08319""","=""323.0832""","=""0.0004""","=""3""","=""3.79e+05""",B,"=""13411.939""","=""44354.784""","=""5d3.6s2""","=""4F""","=""7/2""","=""""","=""""","=""5/2""",8,6,,"=""T7162""","=""L11762""",
W,1,"=""323.2487""","=""323.2484""","=""0.0008""","=""80""","=""2.4e+06""",B,"=""6219.33""","=""37146.36""","=""5d4.6s2""","=""5D""","=""4""","=""""","=""*""","=""4""",9,9,,"=""T4976""","=""L153""",
W,2,"=""323.31466""","=""323.3145""","=""0.0003""","=""4""","=""3.66e+05""",B,"=""13434.070""","=""44354.784""","=""""","=""""","=""5/2""","=""""","=""""","=""5/2""",6,6,,"=""T7162""","=""L11762""",
W,1,"=""323.5108""","=""323.5107""","=""0.0008""","=""15""","=""2.68e+05""",D,"=""4830.00""","=""35731.96""","=""5d4.6s2""","=""5D""","=""3""","=""""","=""*""","=""2""",7,5,,"=""T4976""","=""L153""",
W,1,"=""323.7087""","=""323.7087""","=""0.0008""","=""80""","=""1.11e+07""",B,"=""9528.06""","=""40411.12""","=""5d4.6s2""","=""3P2""","=""0""","=""""","=""*""","=""1""",1,3,,"=""T6977""","=""L153""",
W,2,"=""325.12679""","=""325.1258""","=""0.0003""","=""7bl""","=""6.15e+05""",B,"=""11301.024""","=""42049.478""","=""5d3.6s2""","=""4F""","=""5/2""","=""5d4.(5D).6p""","=""6F*""","=""5/2""",6,6,,"=""T7162""","=""L11762""",
W,1,"=""325.966""","=""325.9666""","=""0.0009""","=""60""","=""1.3e+06""",B,"=""4830.00""","=""35499.15""","=""5d4.6s2""","=""5D""","=""3""","=""""","=""*""","=""3""",7,7,,"=""T4976""","=""L153""",
W,2,"=""326.85373""","=""326.85374""","=""0.00011""","=""11""","=""2.27e+06""",B,"=""14967.745""","=""45553.652""","=""""","=""""","=""5/2""","=""""","=""""","=""3/2""",6,4,,"=""T7162""","=""L11762""",
W,2,"=""328.65601""","=""328.65602""","=""0.00008""","=""21""","=""1.51e+06""",B,"=""8711.274""","=""39129.460""","=""5d3.6s2""","=""4F""","=""3/2""","=""5d4.(5D).6p""","=""6F*""","=""3/2""",4,4,,"=""T7162""","=""L11762""",
W,2,"=""329.97358""","=""329.97359""","=""0.00009""","=""12""","=""8.40e+05""",B,"=""8832.728""","=""39129.460""","=""""","=""""","=""1/2""","=""5d4.(5D).6p""","=""6F*""","=""3/2""",2,4,,"=""T7162""","=""L11762""",
W,1,"=""330.0822""","=""330.0820""","=""0.0008""","=""150""","=""8.1e+06""",B,"=""4830.00""","=""35116.78""","=""5d4.6s2""","=""5D""","=""3""","=""""","=""*""","=""4""",7,9,,"=""T4976""","=""L153""",
W,2,"=""330.18509""","=""330.18512""","=""0.00022""","=""4""","=""3.23e+06""",B,"=""14634.336""","=""44911.659""","=""5d4.(5D).6s""","=""4D""","=""3/2""","=""""","=""""","=""3/2""",4,4,,"=""T7162""","=""L11762""",
W,1,"=""331.1388""","=""331.1392""","=""0.0008""","=""200""","=""5.6e+06""",B,"=""2951.29""","=""33141.38""","=""5d5.(6S).6s""","=""7S""","=""3""","=""""","=""*""","=""2""",7,5,,"=""T4976""","=""L153""",
W,1,"=""332.0364""","=""332.0359""","=""0.0008""","=""40""","=""4.8e+06""",B,"=""9528.06""","=""39636.62""","=""5d4.6s2""","=""3P2""","=""0""","=""""","=""*""","=""1""",1,3,,"=""T6977""","=""L153""",
W,2,"=""333.32627""","=""333.3263""","=""0.0003""","=""4""","=""1.74e+06""",B,"=""18990.929""","=""48982.939""","=""""","=""""","=""3/2""","=""5d3.(4F).6s.(5F).6p""","=""6D*""","=""3/2""",4,4,,"=""T7162""","=""L11762""",
W,3,"=""333.656""","=""333.6584""","=""0.0004""","=""""","=""3.2e+06""",C,"=""37769.78""","=""67731.94""","=""5d3.(4F).6s""","=""3F""","=""4""","=""5d3.(4F).6p""","=""5F*""","=""5""",9,11,,"=""T7469""","=""L14407""",
W,2,"=""333.86169""","=""333.86167""","=""0.00009""","=""14""","=""2.05e+06""",B,"=""14967.745""","=""44911.659""","=""""","=""""","=""5/2""","=""""","=""""","=""3/2""",6,4,,"=""T7162""","=""L11762""",
W,2,"=""333.90231""","=""333.90232""","=""0.00007""","=""16""","=""1.10e+06""",B,"=""16553.087""","=""46493.356""","=""5d4.(3H).6s""","=""4H""","=""9/2""","=""5d3.(4F).6s.(5F).6p""","=""6G*""","=""9/2""",10,10,,"=""T7162""","=""L11762""",
W,2,"=""334.24623""","=""334.246231""","=""0.000022""","=""60""","=""5.80e+06""",B,"=""14967.745""","=""44877.209""","=""""","=""""","=""5/2""","=""5d4.(5D).6p""","=""6F*""","=""7/2""",6,8,,"=""T7162""","=""L11762""",
W,2,"=""334.310068""","=""334.310068""","=""0.000011""","=""102""","=""6.07e+06""",B,"=""16589.603""","=""46493.356""","=""""","=""""","=""7/2""","=""5d3.(4F).6s.(5F).6p""","=""6G*""","=""9/2""",8,10,,"=""T7162""","=""L11762""",
W,2,"=""334.341576""","=""334.341576""","=""0.000011""","=""150""","=""4.81e+06""",B,"=""14857.160""","=""44758.095""","=""""","=""""","=""9/2""","=""""","=""""","=""9/2""",10,10,,"=""T7162""","=""L11762""",
W,1,"=""334.5858""","=""334.5859""","=""0.0008""","=""100""","=""9.2e+06""",B,"=""13348.56""","=""43227.66""","=""5d4.6s2""","=""3G""","=""3""","=""""","=""*""","=""2""",7,5,,"=""T6977""","=""L153""",
W,2,"=""335.06387""","=""335.06403""","=""0.00022""","=""7""","=""2.05e+06""",B,"=""20455.888""","=""50292.354""","=""5d4.(3F2).6s""","=""4F""","=""3/2""","=""5d3.(4F).6s.(5F).6p""","=""6D*""","=""5/2""",4,6,,"=""T7162""","=""L11762""",
W,2,"=""335.23922""","=""335.23920""","=""0.00022""","=""4""","=""6.29e+05""",B,"=""14634.336""","=""44455.212""","=""5d4.(5D).6s""","=""4D""","=""3/2""","=""5d3.(4F).6s.(5F).6p""","=""6F*""","=""1/2""",4,2,,"=""T7162""","=""L11762""",
W,2,"=""336.11037""","=""336.11037""","=""0.00003""","=""38""","=""6.47e+06""",B,"=""8832.728""","=""38576.313""","=""""","=""""","=""1/2""","=""""","=""""","=""1/2""",2,2,,"=""T7162""","=""L11762""",
W,1,"=""336.3336""","=""336.3337""","=""0.0008""","=""80""","=""6.6e+05""",C,"=""6219.33""","=""35943.17""","=""5d4.6s2""","=""5D""","=""4""","=""""","=""*""","=""3""",9,7,,"=""T4976""","=""L153""",
W,2,"=""336.37205""","=""336.37204""","=""0.00008""","=""15""","=""1.28e+06""",B,"=""14634.336""","=""44354.784""","=""5d4.(5D).6s""","=""4D""","=""3/2""","=""""","=""""","=""5/2""",4,6,,"=""T7162""","=""L11762""",
W,1,"=""337.1044""","=""337.1047""","=""0.0008""","=""40""","=""1.0e+06""",B,"=""4830.00""","=""34485.86""","=""5d4.6s2""","=""5D""","=""3""","=""""","=""*""","=""2""",7,5,,"=""T4976""","=""L153""",
W,1,"=""337.1352""","=""337.1350""","=""0.0008""","=""50""","=""6.7e+05""",B,"=""1670.29""","=""31323.48""","=""5d4.6s2""","=""5D""","=""1""","=""""","=""*""","=""1""",3,3,,"=""T4976""","=""L153""",
W,2,"=""337.61403""","=""337.6140""","=""0.0006""","=""156bl*""","=""6.03e+06""",B,"=""15146.977""","=""44758.095""","=""5d4.(3H).6s""","=""4H""","=""7/2""","=""""","=""""","=""9/2""",8,10,,"=""T7162""","=""L11762""",
W,1,"=""338.6090""","=""338.6094""","=""0.0008""","=""80""","=""2.64e+05""",B,"=""4830.00""","=""34354.08""","=""5d4.6s2""","=""5D""","=""3""","=""""","=""*""","=""3""",7,7,,"=""T4976""","=""L153""",
W,2,"=""340.18847""","=""340.188450""","=""0.000023""","=""86""","=""7.03e+06""",B,"=""14967.745""","=""44354.784""","=""""","=""""","=""5/2""","=""""","=""""","=""5/2""",6,6,,"=""T7162""","=""L11762""",
W,1,"=""341.2956""","=""341.2960""","=""0.0008""","=""80""","=""9.7e+05""",B,"=""4830.00""","=""34121.68""","=""5d4.6s2""","=""5D""","=""3""","=""""","=""*""","=""4""",7,9,,"=""T4976""","=""L153""",
W,1,"=""341.4336""","=""341.4342""","=""0.0008""","=""5""","=""1.76e+04""",D,"=""6219.33""","=""35499.15""","=""5d4.6s2""","=""5D""","=""4""","=""""","=""*""","=""3""",9,7,,"=""T4976""","=""L153""",
W,2,"=""342.27599""","=""342.2761""","=""0.0004""","=""4""","=""4.39e+05""",B,"=""15146.977""","=""44354.784""","=""5d4.(3H).6s""","=""4H""","=""7/2""","=""""","=""""","=""5/2""",8,6,,"=""T7162""","=""L11762""",
W,2,"=""344.05937""","=""344.05936""","=""0.00004""","=""34""","=""1.71e+06""",B,"=""17436.932""","=""46493.356""","=""5d4.(3H).6s""","=""4H""","=""11/2""","=""5d3.(4F).6s.(5F).6p""","=""6G*""","=""9/2""",12,10,,"=""T7162""","=""L11762""",
W,1,"=""344.8826""","=""344.8833""","=""0.0008""","=""50""","=""6.3e+06""",B,"=""15460.01""","=""44447.02""","=""5d4.6s2""","=""3D""","=""3""","=""""","=""*""","=""3""",7,7,,"=""T6977""","=""L153""",
W,2,"=""344.986386""","=""344.986386""","=""0.000012""","=""106""","=""1.20e+06""",B,"=""13411.939""","=""42390.287""","=""5d3.6s2""","=""4F""","=""7/2""","=""5d3.(4F).6s.(5F).6p""","=""6G*""","=""7/2""",8,8,,"=""T7162""","=""L11762""",
W,2,"=""345.25006""","=""345.250064""","=""0.000024""","=""81""","=""8.32e+05""",B,"=""13434.070""","=""42390.287""","=""""","=""""","=""5/2""","=""5d3.(4F).6s.(5F).6p""","=""6G*""","=""7/2""",6,8,,"=""T7162""","=""L11762""",
W,1,"=""345.9516""","=""345.9522""","=""0.0008""","=""30""","=""2.04e+05""",C,"=""6219.33""","=""35116.78""","=""5d4.6s2""","=""5D""","=""4""","=""""","=""*""","=""4""",9,9,,"=""T4976""","=""L153""",
W,2,"=""346.35128""","=""346.351294""","=""0.000024""","=""54""","=""5.93e+06""",B,"=""13434.070""","=""42298.223""","=""""","=""""","=""5/2""","=""""","=""""","=""3/2""",6,4,,"=""T7162""","=""L11762""",
W,1,"=""346.8398""","=""346.8400""","=""0.0008""","=""40""","=""2.83e+06""",B,"=""13777.71""","=""42601.19""","=""5d4.6s2""","=""3F2""","=""2""","=""""","=""*""","=""3""",5,7,,"=""T6977""","=""L153""",
W,2,"=""348.61244""","=""348.61241""","=""0.00005""","=""29""","=""3.83e+06""",B,"=""16234.715""","=""44911.659""","=""""","=""""","=""5/2""","=""""","=""""","=""3/2""",6,4,,"=""T7162""","=""L11762""",
W,2,"=""349.03171""","=""349.03172""","=""0.00007""","=""16""","=""1.35e+06""",B,"=""16234.715""","=""44877.209""","=""""","=""""","=""5/2""","=""5d4.(5D).6p""","=""6F*""","=""7/2""",6,8,,"=""T7162""","=""L11762""",
W,2,"=""349.09208""","=""349.09212""","=""0.00006""","=""26""","=""3.92e+06""",B,"=""13411.939""","=""42049.478""","=""5d3.6s2""","=""4F""","=""7/2""","=""5d4.(5D).6p""","=""6F*""","=""5/2""",8,6,,"=""T7162""","=""L11762""",
W,2,"=""350.86638""","=""350.86638""","=""0.00004""","=""44""","=""2.32e+06""",B,"=""18000.627""","=""46493.356""","=""""","=""""","=""7/2""","=""5d3.(4F).6s.(5F).6p""","=""6G*""","=""9/2""",8,10,,"=""T7162""","=""L11762""",
W,1,"=""351.0025""","=""351.0032""","=""0.0009""","=""200""","=""5.2e+05""",B,"=""2951.29""","=""31432.91""","=""5d5.(6S).6s""","=""7S""","=""3""","=""5d4.6s.(6D).6p""","=""5F*""","=""4""",7,9,,"=""T4976""","=""L153""",
W,1,"=""352.1907""","=""352.1910""","=""0.0009""","=""40""","=""5.7e+06""",C,"=""13348.56""","=""41734.13""","=""5d4.6s2""","=""3G""","=""3""","=""""","=""*""","=""2""",7,5,,"=""T6977""","=""L153""",
W,1,"=""352.6850""","=""352.6854""","=""0.0009""","=""30""","=""2.7e+06""",C,"=""13348.56""","=""41694.34""","=""5d4.6s2""","=""3G""","=""3""","=""""","=""*""","=""3""",7,7,,"=""T6977""","=""L153""",
W,2,"=""352.95501""","=""352.95506""","=""0.00009""","=""19""","=""2.26e+06""",B,"=""16553.087""","=""44877.209""","=""5d4.(3H).6s""","=""4H""","=""9/2""","=""5d4.(5D).6p""","=""6F*""","=""7/2""",10,8,,"=""T7162""","=""L11762""",
W,1,"=""353.1126""","=""353.1139""","=""0.0009""","=""6""","=""3.18e+04""",D,"=""4830.00""","=""33141.38""","=""5d4.6s2""","=""5D""","=""3""","=""""","=""*""","=""2""",7,5,,"=""T4976""","=""L153""",
W,1,"=""353.5539""","=""353.5545""","=""0.0009""","=""100""","=""7.6e+06""",C,"=""13307.10""","=""41583.20""","=""5d4.6s2""","=""3P2""","=""1""","=""""","=""*""","=""2""",3,5,,"=""T6977""","=""L153""",
W,2,"=""354.44568""","=""354.44569""","=""0.00009""","=""14""","=""4.61e+05""",B,"=""16553.087""","=""44758.095""","=""5d4.(3H).6s""","=""4H""","=""9/2""","=""""","=""""","=""9/2""",10,10,,"=""T7162""","=""L11762""",
W,1,"=""354.5220""","=""354.5225""","=""0.0009""","=""200""","=""3.2e+06""",B,"=""0.00""","=""28198.90""","=""5d4.6s2""","=""5D""","=""0""","=""5d4.6s.(6D).6p""","=""5P*""","=""1""",1,3,,"=""T4976""","=""L153""",
W,2,"=""354.64701""","=""354.6468""","=""0.0004""","=""4""","=""7.38e+05""",B,"=""18990.929""","=""47179.941""","=""""","=""""","=""3/2""","=""""","=""""","=""3/2""",4,4,,"=""T7162""","=""L11762""",
W,2,"=""354.905184""","=""354.905184""","=""0.000013""","=""93""","=""2.44e+06""",B,"=""16589.603""","=""44758.095""","=""""","=""""","=""7/2""","=""""","=""""","=""9/2""",8,10,,"=""T7162""","=""L11762""",
W,2,"=""355.10678""","=""355.1069""","=""0.0004""","=""3""","=""1.82e+05""",B,"=""22139.861""","=""50292.354""","=""5d4.(3F2).6s""","=""4F""","=""5/2""","=""5d3.(4F).6s.(5F).6p""","=""6D*""","=""5/2""",6,6,,"=""T7162""","=""L11762""",
W,1,"=""355.3303""","=""355.3308""","=""0.0009""","=""2""","=""1.1e+04""",D,"=""6219.33""","=""34354.08""","=""5d4.6s2""","=""5D""","=""4""","=""""","=""*""","=""3""",9,7,,"=""T4976""","=""L153""",
W,2,"=""355.51638""","=""355.51635""","=""0.00004""","=""36""","=""3.11e+06""",B,"=""16234.715""","=""44354.784""","=""""","=""""","=""5/2""","=""""","=""""","=""5/2""",6,6,,"=""T7162""","=""L11762""",
W,2,"=""355.79150""","=""355.79150""","=""0.00013""","=""10""","=""1.71e+06""",B,"=""22194.031""","=""50292.354""","=""""","=""""","=""7/2""","=""5d3.(4F).6s.(5F).6p""","=""6D*""","=""5/2""",8,6,,"=""T7162""","=""L11762""",
W,2,"=""356.14419""","=""356.1442""","=""0.0003""","=""4""","=""1.04e+06""",B,"=""26158.581""","=""54229.082""","=""5d5""","=""4G""","=""9/2""","=""5d4.(5D).6p""","=""6F*""","=""11/2""",10,12,,"=""T7162""","=""L11762""",
W,2,"=""357.247240""","=""357.247253""","=""0.000013""","=""114""","=""1.69e+07""",B,"=""10592.485""","=""38576.313""","=""""","=""""","=""3/2""","=""""","=""""","=""1/2""",4,2,,"=""T7162""","=""L11762""",
W,1,"=""357.5968""","=""357.5975""","=""0.0009""","=""60""","=""6.2e+06""",C,"=""13777.71""","=""41734.13""","=""5d4.6s2""","=""3F2""","=""2""","=""""","=""*""","=""2""",5,5,,"=""T6977""","=""L153""",
W,2,"=""358.27561""","=""358.2756""","=""0.0003""","=""4""","=""4.23e+05""",B,"=""19276.431""","=""47179.941""","=""""","=""""","=""5/2""","=""""","=""""","=""3/2""",6,4,,"=""T7162""","=""L11762""",
W,1,"=""358.2898""","=""358.2905""","=""0.0009""","=""10""","=""1.97e+04""",D,"=""6219.33""","=""34121.68""","=""5d4.6s2""","=""5D""","=""4""","=""""","=""*""","=""4""",9,9,,"=""T4976""","=""L153""",
W,2,"=""359.24194""","=""359.2422""","=""0.0019""","=""81bl*""","=""7.24e+06""",B,"=""11301.024""","=""39129.460""","=""5d3.6s2""","=""4F""","=""5/2""","=""5d4.(5D).6p""","=""6F*""","=""3/2""",6,4,,"=""T7162""","=""L11762""",
W,1,"=""359.8874""","=""359.8880""","=""0.0009""","=""40""","=""9.7e+04""",C,"=""0.00""","=""27778.50""","=""5d4.6s2""","=""5D""","=""0""","=""5d4.6s.(6D).6p""","=""5D*""","=""1""",1,3,,"=""T4976""","=""L153""",
W,1,"=""360.6063""","=""360.6070""","=""0.0009""","=""150""","=""9.6e+05""",B,"=""1670.29""","=""29393.40""","=""5d4.6s2""","=""5D""","=""1""","=""5d4.6s.(6D).6p""","=""5P*""","=""2""",3,5,,"=""T4976""","=""L153""",
W,2,"=""361.379023""","=""361.379036""","=""0.000013""","=""133""","=""1.15e+07""",B,"=""14634.336""","=""42298.223""","=""5d4.(5D).6s""","=""4D""","=""3/2""","=""""","=""""","=""3/2""",4,4,,"=""T7162""","=""L11762""",
W,1,"=""361.7515""","=""361.7522""","=""0.0009""","=""500""","=""1.1e+07""",B,"=""2951.29""","=""30586.64""","=""5d5.(6S).6s""","=""7S""","=""3""","=""5d4.6s.(6D).6p""","=""5P*""","=""3""",7,7,,"=""T4976""","=""L153""",
W,1,"=""363.1943""","=""363.1953""","=""0.0009""","=""200""","=""1.3e+06""",B,"=""1670.29""","=""29195.84""","=""5d4.6s2""","=""5D""","=""1""","=""5d4.6s.(6D).6p""","=""5D*""","=""2""",3,5,,"=""T4976""","=""L153""",
W,2,"=""364.14075""","=""364.14078""","=""0.00003""","=""113""","=""9.91e+06""",B,"=""8711.274""","=""36165.356""","=""5d3.6s2""","=""4F""","=""3/2""","=""""","=""""","=""1/2""",4,2,,"=""T7162""","=""L11762""",
W,2,"=""364.559582""","=""364.559609""","=""0.000013""","=""134""","=""1.46e+06""",B,"=""14967.745""","=""42390.287""","=""""","=""""","=""5/2""","=""5d3.(4F).6s.(5F).6p""","=""6G*""","=""7/2""",6,8,,"=""T7162""","=""L11762""",
W,2,"=""364.65801""","=""364.65801""","=""0.00004""","=""39""","=""2.10e+06""",B,"=""14634.336""","=""42049.478""","=""5d4.(5D).6s""","=""4D""","=""3/2""","=""5d4.(5D).6p""","=""6F*""","=""5/2""",4,6,,"=""T7162""","=""L11762""",
W,2,"=""365.75890""","=""365.75890""","=""0.00003""","=""65""","=""6.02e+06""",B,"=""8832.728""","=""36165.356""","=""""","=""""","=""1/2""","=""""","=""""","=""1/2""",2,2,,"=""T7162""","=""L11762""",
W,2,"=""365.78769""","=""365.78768""","=""0.00004""","=""36""","=""2.62e+06""",B,"=""14967.745""","=""42298.223""","=""""","=""""","=""5/2""","=""""","=""""","=""3/2""",6,4,,"=""T7162""","=""L11762""",
W,2,"=""365.91242""","=""365.9124""","=""0.0003""","=""4""","=""1.65e+05""",B,"=""17436.932""","=""44758.095""","=""5d4.(3H).6s""","=""4H""","=""11/2""","=""""","=""""","=""9/2""",12,10,,"=""T7162""","=""L11762""",
W,1,"=""366.7174""","=""366.7185""","=""0.0009""","=""50""","=""1.0e+05""",C,"=""3325.53""","=""30586.64""","=""5d4.6s2""","=""5D""","=""2""","=""5d4.6s.(6D).6p""","=""5P*""","=""3""",5,7,,"=""T4976""","=""L153""",
W,1,"=""366.8658""","=""366.8662""","=""0.0009""","=""60""","=""6.6e+06""",B,"=""19256.24""","=""46506.37""","=""5d5.(4G).6s""","=""5G""","=""4""","=""""","=""*""","=""5""",9,11,,"=""T6977""","=""L153""",
W,1,"=""367.5554""","=""367.5552""","=""0.0009""","=""80""","=""1.20e+06""",B,"=""12161.96""","=""39361.01""","=""5d4.6s2""","=""3H""","=""4""","=""""","=""*""","=""5""",9,11,,"=""T4976""","=""L153""",
W,1,"=""368.2084""","=""368.2097""","=""0.0009""","=""200""","=""2.0e+06""",B,"=""6219.33""","=""33370.04""","=""5d4.6s2""","=""5D""","=""4""","=""5d4.6s.(6D).6p""","=""5F*""","=""5""",9,11,,"=""T4976""","=""L153""",
W,2,"=""369.14738""","=""369.1475""","=""0.0004""","=""3""","=""1.60e+05""",B,"=""14967.745""","=""42049.478""","=""""","=""""","=""5/2""","=""5d4.(5D).6p""","=""6F*""","=""5/2""",6,6,,"=""T7162""","=""L11762""",
W,1,"=""370.2310""","=""370.2315""","=""0.0010""","=""50""","=""3.2e+06""",C,"=""14976.18""","=""41978.62""","=""5d4.6s2""","=""3D""","=""2""","=""""","=""*""","=""2""",5,5,,"=""T6977""","=""L153""",
W,1,"=""370.7922""","=""370.7929""","=""0.0010""","=""300""","=""2.9e+06""",B,"=""2951.29""","=""29912.85""","=""5d5.(6S).6s""","=""7S""","=""3""","=""5d4.6s.(6D).6p""","=""5D*""","=""3""",7,7,,"=""T4976""","=""L153""",
W,2,"=""371.60694""","=""371.60694""","=""0.00003""","=""48""","=""3.02e+06""",B,"=""15146.977""","=""42049.478""","=""5d4.(3H).6s""","=""4H""","=""7/2""","=""5d4.(5D).6p""","=""6F*""","=""5/2""",8,6,,"=""T7162""","=""L11762""",
W,1,"=""372.2235""","=""372.2250""","=""0.0010""","=""60""","=""1.19e+07""",B,"=""19648.54""","=""46506.37""","=""5d5.(4G).6s""","=""5G""","=""6""","=""""","=""*""","=""5""",13,11,,"=""T6977""","=""L153""",
W,2,"=""372.42961""","=""372.4296""","=""0.0006""","=""2""","=""5.70e+05""",B,"=""22139.861""","=""48982.939""","=""5d4.(3F2).6s""","=""4F""","=""5/2""","=""5d3.(4F).6s.(5F).6p""","=""6D*""","=""3/2""",6,4,,"=""T7162""","=""L11762""",
W,1,"=""373.0419""","=""373.0420""","=""0.0010""","=""60""","=""1.16e+07""",B,"=""19826.04""","=""46625.05""","=""5d4.6s2""","=""3G""","=""5""","=""""","=""*""","=""4""",11,9,,"=""T6977""","=""L153""",
W,2,"=""373.621222""","=""373.621208""","=""0.000014""","=""141""","=""3.42e+06""",B,"=""18000.627""","=""44758.095""","=""""","=""""","=""7/2""","=""""","=""""","=""9/2""",8,10,,"=""T7162""","=""L11762""",
W,1,"=""374.1706""","=""374.1709""","=""0.0010""","=""30""","=""3.6e+06""",C,"=""14976.18""","=""41694.34""","=""5d4.6s2""","=""3D""","=""2""","=""""","=""*""","=""3""",5,7,,"=""T6977""","=""L153""",
W,1,"=""375.1422""","=""375.1431""","=""0.0010""","=""20""","=""2.7e+06""",C,"=""19253.56""","=""45902.48""","=""5d4.6s2""","=""3P2""","=""2""","=""""","=""*""","=""2""",5,5,,"=""T6977""","=""L153c23""",
W,1,"=""376.0126""","=""376.0123""","=""0.0010""","=""200""","=""1.99e+06""",B,"=""3325.53""","=""29912.85""","=""5d4.6s2""","=""5D""","=""2""","=""5d4.6s.(6D).6p""","=""5D*""","=""3""",5,7,,"=""T4976""","=""L153""",
W,1,"=""376.1608""","=""376.1610""","=""0.0010""","=""10""","=""6.2e+06""",B,"=""18974.51""","=""45551.32""","=""5d5.(4G).6s""","=""5G""","=""3""","=""""","=""*""","=""3""",7,7,,"=""T6977""","=""L153""",
W,1,"=""376.8447""","=""376.8445""","=""0.0010""","=""250""","=""3.47e+06""",B,"=""1670.29""","=""28198.90""","=""5d4.6s2""","=""5D""","=""1""","=""5d4.6s.(6D).6p""","=""5P*""","=""1""",3,3,,"=""T4976""","=""L153""",
W,1,"=""376.9207""","=""376.9206""","=""0.0010""","=""50""","=""3.8e+06""",B,"=""14976.18""","=""41499.43""","=""5d4.6s2""","=""3D""","=""2""","=""""","=""*""","=""3""",5,7,,"=""T6977""","=""L153""",
W,1,"=""376.9860""","=""376.9866""","=""0.0010""","=""50""","=""5.9e+06""",B,"=""15460.01""","=""41978.62""","=""5d4.6s2""","=""3D""","=""3""","=""""","=""*""","=""2""",7,5,,"=""T6977""","=""L153""",
W,2,"=""377.41295""","=""377.41294""","=""0.00010""","=""14""","=""2.08e+06""",B,"=""23803.702""","=""50292.354""","=""""","=""""","=""7/2""","=""5d3.(4F).6s.(5F).6p""","=""6D*""","=""5/2""",8,6,,"=""T7162""","=""L11762""",
W,2,"=""377.53641""","=""377.5364""","=""0.0006""","=""2""","=""3.48e+05""",B,"=""22502.951""","=""48982.939""","=""5d4.(3D).6s""","=""4D""","=""3/2""","=""5d3.(4F).6s.(5F).6p""","=""6D*""","=""3/2""",4,4,,"=""T7162""","=""L11762""",
W,1,"=""378.0772""","=""378.0773""","=""0.0010""","=""200""","=""4.2e+06""",B,"=""2951.29""","=""29393.40""","=""5d5.(6S).6s""","=""7S""","=""3""","=""5d4.6s.(6D).6p""","=""5P*""","=""2""",7,5,,"=""T4976""","=""L153""",
W,2,"=""379.33911""","=""379.3391""","=""0.0003""","=""5""","=""2.55e+05""",B,"=""18000.627""","=""44354.784""","=""""","=""""","=""7/2""","=""""","=""""","=""5/2""",8,6,,"=""T7162""","=""L11762""",
W,1,"=""379.6282""","=""379.6281""","=""0.0010""","=""20""","=""1.7e+06""",C,"=""19535.01""","=""45869.10""","=""5d5.(4G).6s""","=""5G""","=""5""","=""""","=""*""","=""4""",11,9,,"=""T6977""","=""L153""",
W,2,"=""380.44971""","=""380.4497""","=""0.0003""","=""5""","=""8.31e+05""",B,"=""19276.431""","=""45553.652""","=""""","=""""","=""5/2""","=""""","=""""","=""3/2""",6,4,,"=""T7162""","=""L11762""",
W,1,"=""380.9220""","=""380.9234""","=""0.0010""","=""150""","=""9.0e+05""",B,"=""2951.29""","=""29195.84""","=""5d5.(6S).6s""","=""7S""","=""3""","=""5d4.6s.(6D).6p""","=""5D*""","=""2""",7,5,,"=""T4976""","=""L153""",
W,1,"=""381.0790""","=""381.0796""","=""0.0010""","=""120""","=""6.6e+06""",B,"=""13777.71""","=""40011.50""","=""5d4.6s2""","=""3F2""","=""2""","=""""","=""*""","=""2""",5,5,,"=""T6977""","=""L153""",
W,2,"=""381.63858""","=""381.6393""","=""0.0015""","=""13bl""","=""3.18e+05""",B,"=""23046.724""","=""49242.042""","=""""","=""""","=""7/2""","=""""","=""""","=""5/2""",8,6,,"=""T7162""","=""L11762""",
W,1,"=""381.7480""","=""381.7484""","=""0.0010""","=""400""","=""3.1e+06""",B,"=""2951.29""","=""29139.12""","=""5d5.(6S).6s""","=""7S""","=""3""","=""5d4.6s.(6D).6p""","=""5F*""","=""3""",7,7,,"=""T4976""","=""L153""",
W,1,"=""382.0110""","=""382.0103""","=""0.0010""","=""50""","=""2.72e+06""",B,"=""16431.31""","=""42601.19""","=""5d4.6s2""","=""3G""","=""4""","=""""","=""*""","=""3""",9,7,,"=""T6977""","=""L153""",
W,2,"=""382.30564""","=""382.30565""","=""0.00016""","=""9""","=""1.31e+06""",B,"=""19403.991""","=""45553.652""","=""""","=""""","=""1/2""","=""""","=""""","=""3/2""",2,4,,"=""T7162""","=""L11762""",
W,1,"=""382.9128""","=""382.9126""","=""0.0010""","=""50""","=""3.83e+05""",C,"=""1670.29""","=""27778.50""","=""5d4.6s2""","=""5D""","=""1""","=""5d4.6s.(6D).6p""","=""5D*""","=""1""",3,3,,"=""T4976""","=""L153""",
W,1,"=""383.4040""","=""383.4033""","=""0.0010""","=""15""","=""3.8e+06""",C,"=""19827.68""","=""45902.48""","=""5d5.(4P).6s""","=""5P""","=""3""","=""""","=""*""","=""2""",7,5,,"=""T6977""","=""L153""",
W,1,"=""383.5058""","=""383.5052""","=""0.0010""","=""250""","=""5.2e+06""",B,"=""3325.53""","=""29393.40""","=""5d4.6s2""","=""5D""","=""2""","=""5d4.6s.(6D).6p""","=""5P*""","=""2""",5,5,,"=""T4976""","=""L153""",
W,1,"=""384.6218""","=""384.6213""","=""0.0010""","=""300""","=""2.14e+06""",B,"=""1670.29""","=""27662.52""","=""5d4.6s2""","=""5D""","=""1""","=""5d4.6s.(6D).6p""","=""5F*""","=""2""",3,5,,"=""T4976""","=""L153""",
W,1,"=""384.7498""","=""384.7490""","=""0.0010""","=""150""","=""8.3e+05""",B,"=""0.00""","=""25983.60""","=""5d4.6s2""","=""5D""","=""0""","=""5d4.6s.(6D).6p""","=""5F*""","=""1""",1,3,,"=""T4976""","=""L153""",
W,2,"=""385.11114""","=""385.11119""","=""0.00022""","=""7""","=""2.08e+05""",B,"=""20534.191""","=""46493.356""","=""""","=""""","=""11/2""","=""5d3.(4F).6s.(5F).6p""","=""6G*""","=""9/2""",12,10,,"=""T7162""","=""L11762""",
W,2,"=""385.15632""","=""385.15632""","=""0.00003""","=""70""","=""3.04e+06""",B,"=""13173.337""","=""39129.460""","=""5d4.(5D).6s""","=""4D""","=""1/2""","=""5d4.(5D).6p""","=""6F*""","=""3/2""",2,4,,"=""T7162""","=""L11762""",
W,2,"=""385.68223""","=""385.6822""","=""0.0003""","=""7""","=""1.09e+06""",B,"=""18990.929""","=""44911.659""","=""""","=""""","=""3/2""","=""""","=""""","=""3/2""",4,4,,"=""T7162""","=""L11762""",
W,2,"=""385.74759""","=""385.7475""","=""0.0004""","=""3""","=""1.55e+05""",B,"=""19637.309""","=""45553.652""","=""""","=""""","=""5/2""","=""""","=""""","=""3/2""",6,4,,"=""T7162""","=""L11762""",
W,1,"=""385.9303""","=""385.9290""","=""0.0010""","=""60""","=""1.27e+07""",B,"=""18116.84""","=""44021.00""","=""5d5.(4G).6s""","=""5G""","=""2""","=""""","=""*""","=""3""",5,7,,"=""T6977""","=""L153""",
W,1,"=""386.4343""","=""386.4339""","=""0.0010""","=""60""","=""5.6e+05""",B,"=""3325.53""","=""29195.84""","=""5d4.6s2""","=""5D""","=""2""","=""5d4.6s.(6D).6p""","=""5D*""","=""2""",5,5,,"=""T4976""","=""L153""",
W,1,"=""386.6055""","=""386.6043""","=""0.0010""","=""25""","=""3.5e+06""",B,"=""13777.71""","=""39636.62""","=""5d4.6s2""","=""3F2""","=""2""","=""""","=""*""","=""1""",5,3,,"=""T6977""","=""L153""",
W,1,"=""386.7986""","=""386.7982""","=""0.0010""","=""600""","=""4.6e+06""",B,"=""2951.29""","=""28797.24""","=""5d5.(6S).6s""","=""7S""","=""3""","=""5d4.6s.(6D).6p""","=""7D*""","=""4""",7,9,,"=""T4976""","=""L153""",
W,2,"=""387.26543""","=""387.26546""","=""0.00014""","=""11""","=""6.41e+05""",B,"=""16234.715""","=""42049.478""","=""""","=""""","=""5/2""","=""5d4.(5D).6p""","=""6F*""","=""5/2""",6,6,,"=""T7162""","=""L11762""",
W,2,"=""387.38696""","=""387.3871""","=""0.0005""","=""3""","=""2.48e+05""",B,"=""19070.550""","=""44877.209""","=""""","=""""","=""9/2""","=""5d4.(5D).6p""","=""6F*""","=""7/2""",10,8,,"=""T7162""","=""L11762""",
W,1,"=""387.5684""","=""387.5682""","=""0.0011""","=""40""","=""9.3e+06""",C,"=""14976.18""","=""40770.78""","=""5d4.6s2""","=""3D""","=""2""","=""""","=""*""","=""1""",5,3,,"=""T6977""","=""L153""",
W,1,"=""388.1405""","=""388.1394""","=""0.0011""","=""250""","=""3.6e+06""",B,"=""4830.00""","=""30586.64""","=""5d4.6s2""","=""5D""","=""3""","=""5d4.6s.(6D).6p""","=""5P*""","=""3""",7,7,,"=""T4976""","=""L153""",
W,1,"=""388.3832""","=""388.3825""","=""0.0011""","=""20""","=""4.6e+06""",B,"=""18280.48""","=""44021.00""","=""5d5.(6S).6s""","=""5S""","=""2""","=""""","=""*""","=""3""",5,7,,"=""T6977""","=""L153""",
W,1,"=""389.0746""","=""389.0745""","=""0.0011""","=""12""","=""7.5e+06""",C,"=""18280.48""","=""43975.22""","=""5d5.(6S).6s""","=""5S""","=""2""","=""""","=""*""","=""2""",5,5,,"=""T6977""","=""L153""",
W,1,"=""389.2724""","=""389.2722""","=""0.0011""","=""40""","=""2.71e+06""",B,"=""13348.56""","=""39030.25""","=""5d4.6s2""","=""3G""","=""3""","=""""","=""*""","=""2""",7,5,,"=""T6977""","=""L153""",
W,2,"=""389.97767""","=""389.97772""","=""0.00023""","=""6""","=""1.34e+06""",B,"=""19276.431""","=""44911.659""","=""""","=""""","=""5/2""","=""""","=""""","=""3/2""",6,4,,"=""T7162""","=""L11762""",
W,2,"=""391.54651""","=""391.54648""","=""0.00015""","=""9""","=""1.23e+06""",B,"=""23450.418""","=""48982.939""","=""5d4.(3D).6s""","=""4D""","=""5/2""","=""5d3.(4F).6s.(5F).6p""","=""6D*""","=""3/2""",6,4,,"=""T7162""","=""L11762""",
W,1,"=""392.4362""","=""392.4361""","=""0.0011""","=""10""","=""2.8e+06""",C,"=""20427.84""","=""45902.48""","=""5d5.(4P).6s""","=""5P""","=""1""","=""""","=""*""","=""2""",3,5,,"=""T6977""","=""L153""",
W,1,"=""392.4687""","=""392.4689""","=""0.0011""","=""10""","=""3.0e+06""",B,"=""18974.51""","=""44447.02""","=""5d5.(4G).6s""","=""5G""","=""3""","=""""","=""*""","=""3""",7,7,,"=""T6977""","=""L153""",
W,2,"=""392.83478""","=""392.8348""","=""0.0008""","=""2""","=""5.71e+05""",B,"=""22139.861""","=""47588.647""","=""5d4.(3F2).6s""","=""4F""","=""5/2""","=""5d4.(5D).6p""","=""6P*""","=""3/2""",6,4,,"=""T7162""","=""L11762""",
W,1,"=""393.0232""","=""393.0244""","=""0.0011""","=""12""","=""3.6e+06""",C,"=""19826.04""","=""45262.55""","=""5d4.6s2""","=""3G""","=""5""","=""""","=""*""","=""4""",11,9,,"=""T6977""","=""L153""",
W,1,"=""393.0474""","=""393.0487""","=""0.0011""","=""15""","=""2.37e+06""",B,"=""14976.18""","=""40411.12""","=""5d4.6s2""","=""3D""","=""2""","=""""","=""*""","=""1""",5,3,,"=""T6977""","=""L153c23""",
W,2,"=""393.54325""","=""393.54325""","=""0.00005""","=""39""","=""3.09e+06""",B,"=""13173.337""","=""38576.313""","=""5d4.(5D).6s""","=""4D""","=""1/2""","=""""","=""""","=""1/2""",2,2,,"=""T7162""","=""L11762""",
W,2,"=""394.15034""","=""394.1503""","=""0.0008""","=""2""","=""3.20e+05""",B,"=""18990.929""","=""44354.784""","=""""","=""""","=""3/2""","=""""","=""""","=""5/2""",4,6,,"=""T7162""","=""L11762""",
W,2,"=""395.54613""","=""395.5461""","=""0.0003""","=""4""","=""6.01e+05""",B,"=""19637.309""","=""44911.659""","=""""","=""""","=""5/2""","=""""","=""""","=""3/2""",6,4,,"=""T7162""","=""L11762""",
W,1,"=""395.8874""","=""395.8877""","=""0.0011""","=""20""","=""1.96e+06""",B,"=""13777.71""","=""39030.25""","=""5d4.6s2""","=""3F2""","=""2""","=""""","=""*""","=""2""",5,5,,"=""T6977""","=""L153""",
W,2,"=""396.08582""","=""396.0860""","=""0.0003""","=""5""","=""4.24e+05""",B,"=""19637.309""","=""44877.209""","=""""","=""""","=""5/2""","=""5d4.(5D).6p""","=""6F*""","=""7/2""",6,8,,"=""T7162""","=""L11762""",
W,1,"=""396.4992""","=""396.4995""","=""0.0011""","=""10""","=""1.0e+05""",B,"=""6219.33""","=""31432.91""","=""5d4.6s2""","=""5D""","=""4""","=""5d4.6s.(6D).6p""","=""5F*""","=""4""",9,9,,"=""T4976""","=""L153""",
W,1,"=""396.8502""","=""396.8506""","=""0.0011""","=""6""","=""5.07e+05""",D,"=""9528.06""","=""34719.33""","=""5d4.6s2""","=""3P2""","=""0""","=""""","=""*""","=""1""",1,3,,"=""T4976""","=""L153""",
W,1,"=""396.8590""","=""396.8584""","=""0.0011""","=""20""","=""9.3e+06""",C,"=""19256.24""","=""44447.02""","=""5d5.(4G).6s""","=""5G""","=""4""","=""""","=""*""","=""3""",9,7,,"=""T6977""","=""L153""",
W,1,"=""397.5470""","=""397.5461""","=""0.0011""","=""12""","=""4.1e+05""",C,"=""12161.96""","=""37309.16""","=""5d4.6s2""","=""3H""","=""4""","=""""","=""*""","=""5""",9,11,,"=""T4976""","=""L153""",
W,1,"=""397.5896""","=""397.5888""","=""0.0011""","=""8""","=""5.9e+06""",B,"=""17107.01""","=""42251.51""","=""5d4.6s2""","=""3F2""","=""4""","=""""","=""*""","=""3""",9,7,,"=""T6977""","=""L153""",
W,1,"=""397.9290""","=""397.9281""","=""0.0011""","=""30""","=""8.6e+06""",B,"=""15460.01""","=""40583.07""","=""5d4.6s2""","=""3D""","=""3""","=""""","=""*""","=""4""",7,9,,"=""T6977""","=""L153""",
W,2,"=""397.93720""","=""397.9374""","=""0.0006""","=""2""","=""4.08e+05""",B,"=""25169.877""","=""50292.354""","=""""","=""""","=""3/2""","=""5d3.(4F).6s.(5F).6p""","=""6D*""","=""5/2""",4,6,,"=""T7162""","=""L11762""",
W,1,"=""398.2874""","=""398.2859""","=""0.0011""","=""6""","=""1.39e+07""",C,"=""18116.84""","=""43217.33""","=""5d5.(4G).6s""","=""5G""","=""2""","=""""","=""*""","=""1""",5,3,,"=""T6977""","=""L153""",
W,1,"=""398.5668""","=""398.5661""","=""0.0011""","=""5""","=""1.74e+04""",D,"=""4830.00""","=""29912.85""","=""5d4.6s2""","=""5D""","=""3""","=""5d4.6s.(6D).6p""","=""5D*""","=""3""",7,7,,"=""T4976""","=""L153""",
W,2,"=""398.63761""","=""398.6375""","=""0.0003""","=""4""","=""3.13e+05""",B,"=""19276.431""","=""44354.784""","=""""","=""""","=""5/2""","=""""","=""""","=""5/2""",6,6,,"=""T7162""","=""L11762""",
W,2,"=""399.04018""","=""399.0404""","=""0.0006""","=""3""","=""6.59e+05""",B,"=""22535.610""","=""47588.647""","=""""","=""""","=""1/2""","=""5d4.(5D).6p""","=""6P*""","=""3/2""",2,4,,"=""T7162""","=""L11762""",
W,2,"=""399.24691""","=""399.24685""","=""0.00021""","=""6""","=""7.93e+05""",B,"=""22139.861""","=""47179.941""","=""5d4.(3F2).6s""","=""4F""","=""5/2""","=""""","=""""","=""3/2""",6,4,,"=""T7162""","=""L11762""",
W,1,"=""399.8756""","=""399.8756""","=""0.0011""","=""15""","=""1.24e+07""",C,"=""18974.51""","=""43975.22""","=""5d5.(4G).6s""","=""5G""","=""3""","=""""","=""*""","=""2""",7,5,,"=""T6977""","=""L153""",
W,1,"=""400.1380""","=""400.1366""","=""0.0011""","=""20""","=""5.6e+05""",B,"=""12161.96""","=""37146.36""","=""5d4.6s2""","=""3H""","=""4""","=""""","=""*""","=""4""",9,9,,"=""T4976""","=""L153""",
W,1,"=""400.87506""","=""400.8749""","=""0.0011""","=""1000""","=""1.63e+07""",B,"=""2951.29""","=""27889.68""","=""5d5.(6S).6s""","=""7S""","=""3""","=""5d5.(6S).6p""","=""7P*""","=""4""",7,9,,"=""T7858""","=""L11762""",
W,2,"=""401.69185""","=""401.6921""","=""0.0005""","=""3""","=""1.18e+05""",B,"=""29341.426""","=""54229.082""","=""""","=""""","=""9/2""","=""5d4.(5D).6p""","=""6F*""","=""11/2""",10,12,,"=""T7162""","=""L11762""",
W,1,"=""401.9227""","=""401.9228""","=""0.0011""","=""60""","=""6.7e+05""",B,"=""3325.53""","=""28198.90""","=""5d4.6s2""","=""5D""","=""2""","=""5d4.6s.(6D).6p""","=""5P*""","=""1""",5,3,,"=""T4976""","=""L153""",
W,1,"=""402.8786""","=""402.8783""","=""0.0011""","=""40""","=""2.48e+06""",B,"=""9528.06""","=""34342.44""","=""5d4.6s2""","=""3P2""","=""0""","=""""","=""*""","=""1""",1,3,,"=""T6977""","=""L153""",
W,1,"=""403.5356""","=""403.5356""","=""0.0011""","=""12""","=""2.90e+06""",B,"=""15460.01""","=""40233.97""","=""5d4.6s2""","=""3D""","=""3""","=""""","=""*""","=""4""",7,9,,"=""T6977""","=""L153""",
W,1,"=""403.6855""","=""403.6855""","=""0.0011""","=""40""","=""1.49e+07""",B,"=""19256.24""","=""44021.00""","=""5d5.(4G).6s""","=""5G""","=""4""","=""""","=""*""","=""3""",9,7,,"=""T6977""","=""L153""",
W,1,"=""404.3894""","=""404.3893""","=""0.0011""","=""8""","=""1.42e+07""",C,"=""19253.56""","=""43975.22""","=""5d4.6s2""","=""3P2""","=""2""","=""""","=""*""","=""2""",5,5,,"=""T6977""","=""L153""",
W,2,"=""404.44231""","=""404.4425""","=""0.0008""","=""3p""","=""6.9e+04""",B,"=""20039.682""","=""44758.095""","=""""","=""""","=""7/2""","=""""","=""""","=""9/2""",8,10,,"=""T7162""","=""L11762""",
W,1,"=""404.5594""","=""404.5600""","=""0.0011""","=""100""","=""2.88e+06""",B,"=""2951.29""","=""27662.52""","=""5d5.(6S).6s""","=""7S""","=""3""","=""5d4.6s.(6D).6p""","=""5F*""","=""2""",7,5,,"=""T4976""","=""L153""",
W,1,"=""404.7938""","=""404.7933""","=""0.0011""","=""12""","=""5.0e+04""",C,"=""1670.29""","=""26367.28""","=""5d4.6s2""","=""5D""","=""1""","=""""","=""*""","=""2""",3,5,,"=""T4976""","=""L153""",
W,1,"=""405.3932""","=""405.3933""","=""0.0012""","=""15""","=""4.9e+06""",B,"=""14976.18""","=""39636.62""","=""5d4.6s2""","=""3D""","=""2""","=""""","=""*""","=""1""",5,3,,"=""T6977""","=""L153""",
W,1,"=""405.523""","=""405.5228""","=""0.0012""","=""5""","=""1.79e+05""",C,"=""13348.56""","=""38001.12""","=""5d4.6s2""","=""3G""","=""3""","=""""","=""*""","=""4""",7,9,,"=""T4976""","=""L153""",
W,2,"=""406.05486""","=""406.0550""","=""0.0003""","=""4""","=""6.39e+05""",B,"=""25672.099""","=""50292.354""","=""""","=""""","=""5/2""","=""5d3.(4F).6s.(5F).6p""","=""6D*""","=""5/2""",6,6,,"=""T7162""","=""L11762""",
W,1,"=""406.0705""","=""406.0700""","=""0.0012""","=""12""","=""5.9e+06""",B,"=""19827.68""","=""44447.02""","=""5d5.(4P).6s""","=""5P""","=""3""","=""""","=""*""","=""3""",7,7,,"=""T6977""","=""L153""",
W,1,"=""406.4791""","=""406.4785""","=""0.0012""","=""40""","=""1.59e+07""",B,"=""19256.24""","=""43850.84""","=""5d5.(4G).6s""","=""5G""","=""4""","=""""","=""*""","=""3""",9,7,,"=""T6977""","=""L153""",
W,1,"=""406.9950""","=""406.9948""","=""0.0012""","=""80""","=""3.60e+06""",B,"=""4830.00""","=""29393.40""","=""5d4.6s2""","=""5D""","=""3""","=""5d4.6s.(6D).6p""","=""5P*""","=""2""",7,5,,"=""T4976""","=""L153""",
W,1,"=""407.0608""","=""407.0598""","=""0.0012""","=""60""","=""5.7e+05""",B,"=""1670.29""","=""26229.77""","=""5d4.6s2""","=""5D""","=""1""","=""5d5.(6S).6p""","=""7P*""","=""2""",3,5,,"=""T6977""","=""L153""",
W,1,"=""407.1928""","=""407.1923""","=""0.0012""","=""25""","=""3.29e+06""",B,"=""15460.01""","=""40011.50""","=""5d4.6s2""","=""3D""","=""3""","=""""","=""*""","=""2""",7,5,,"=""T6977""","=""L153""",
W,1,"=""407.4358""","=""407.4357""","=""0.0012""","=""600""","=""1.0e+07""",B,"=""2951.29""","=""27488.11""","=""5d5.(6S).6s""","=""7S""","=""3""","=""5d5.(6S).6p""","=""7P*""","=""3""",7,7,,"=""T4976""","=""L153""",
W,2,"=""408.12927""","=""408.12929""","=""0.00005""","=""31""","=""1.21e+06""",B,"=""14634.336""","=""39129.460""","=""5d4.(5D).6s""","=""4D""","=""3/2""","=""5d4.(5D).6p""","=""6F*""","=""3/2""",4,4,,"=""T7162""","=""L11762""",
W,1,"=""408.8330""","=""408.8329""","=""0.0012""","=""30""","=""4.13e+05""",C,"=""3325.53""","=""27778.50""","=""5d4.6s2""","=""5D""","=""2""","=""5d4.6s.(6D).6p""","=""5D*""","=""1""",5,3,,"=""T4976""","=""L153""",
W,1,"=""410.2702""","=""410.2701""","=""0.0012""","=""100""","=""4.9e+06""",B,"=""6219.33""","=""30586.64""","=""5d4.6s2""","=""5D""","=""4""","=""5d4.6s.(6D).6p""","=""5P*""","=""3""",9,7,,"=""T4976""","=""L153""",
W,1,"=""410.2942""","=""410.2949""","=""0.0012""","=""4""","=""4.2e+04""",C,"=""4830.00""","=""29195.84""","=""5d4.6s2""","=""5D""","=""3""","=""5d4.6s.(6D).6p""","=""5D*""","=""2""",7,5,,"=""T4976""","=""L153""",
W,1,"=""410.7816""","=""410.7812""","=""0.0012""","=""5""","=""1.1e+04""",E,"=""3325.53""","=""27662.52""","=""5d4.6s2""","=""5D""","=""2""","=""5d4.6s.(6D).6p""","=""5F*""","=""2""",5,5,,"=""T4976""","=""L153""",
W,1,"=""411.0572""","=""411.0562""","=""0.0012""","=""8""","=""2.16e+06""",B,"=""18280.48""","=""42601.19""","=""5d5.(6S).6s""","=""5S""","=""2""","=""""","=""*""","=""3""",5,7,,"=""T6977""","=""L153""",
W,1,"=""411.1815""","=""411.1813""","=""0.0012""","=""25""","=""1.6e+05""",B,"=""1670.29""","=""25983.60""","=""5d4.6s2""","=""5D""","=""1""","=""5d4.6s.(6D).6p""","=""5F*""","=""1""",3,3,,"=""T4976""","=""L153""",
W,2,"=""411.41802""","=""411.41798""","=""0.00022""","=""7""","=""3.58e+05""",B,"=""22194.031""","=""46493.356""","=""""","=""""","=""7/2""","=""5d3.(4F).6s.(5F).6p""","=""6G*""","=""9/2""",8,10,,"=""T7162""","=""L11762""",
W,1,"=""411.5585""","=""411.5576""","=""0.0012""","=""12""","=""4.8e+05""",C,"=""15069.93""","=""39361.01""","=""5d4.6s2""","=""3H""","=""5""","=""""","=""*""","=""5""",11,11,,"=""T4976""","=""L153""",
W,1,"=""411.8052""","=""411.8050""","=""0.0012""","=""25""","=""9.3e+06""",B,"=""18974.51""","=""43251.00""","=""5d5.(4G).6s""","=""5G""","=""3""","=""""","=""*""","=""4""",7,9,,"=""T6977""","=""L153""",
W,1,"=""412.0854""","=""412.0857""","=""0.0012""","=""15""","=""1.96e+06""",B,"=""15460.01""","=""39719.96""","=""5d4.6s2""","=""3D""","=""3""","=""""","=""*""","=""4""",7,9,,"=""T6977""","=""L153""",
W,1,"=""412.2014""","=""412.2013""","=""0.0012""","=""12""","=""5.1e+06""",B,"=""18974.51""","=""43227.66""","=""5d5.(4G).6s""","=""5G""","=""3""","=""""","=""*""","=""2""",7,5,,"=""T6977""","=""L153""",
W,1,"=""412.5164""","=""412.5178""","=""0.0012""","=""20""","=""3.1e+06""",B,"=""16431.31""","=""40665.85""","=""5d4.6s2""","=""3G""","=""4""","=""""","=""*""","=""3""",9,7,,"=""T6977""","=""L153""",
W,2,"=""412.69894""","=""412.69895""","=""0.00010""","=""13""","=""2.83e+05""",B,"=""20534.191""","=""44758.095""","=""""","=""""","=""11/2""","=""""","=""""","=""9/2""",12,10,,"=""T7162""","=""L11762""",
W,1,"=""413.2202""","=""413.2207""","=""0.0012""","=""10""","=""5.9e+06""",B,"=""19827.68""","=""44021.00""","=""5d5.(4P).6s""","=""5P""","=""3""","=""""","=""*""","=""3""",7,7,,"=""T6977""","=""L153""",
W,1,"=""413.7457""","=""413.7464""","=""0.0012""","=""80""","=""8.4e+05""",B,"=""3325.53""","=""27488.11""","=""5d4.6s2""","=""5D""","=""2""","=""5d5.(6S).6p""","=""7P*""","=""3""",5,7,,"=""T4976""","=""L153""",
W,2,"=""413.76117""","=""413.76121""","=""0.00009""","=""19""","=""9.07e+05""",B,"=""14967.745""","=""39129.460""","=""""","=""""","=""5/2""","=""5d4.(5D).6p""","=""6F*""","=""3/2""",6,4,,"=""T7162""","=""L11762""",
W,1,"=""413.9318""","=""413.9318""","=""0.0012""","=""10""","=""3.3e+06""",C,"=""16431.31""","=""40583.07""","=""5d4.6s2""","=""3G""","=""4""","=""""","=""*""","=""4""",9,9,,"=""T6977""","=""L153""",
W,1,"=""414.2253""","=""414.2249""","=""0.0012""","=""25""","=""5.0e+06""",B,"=""18116.84""","=""42251.51""","=""5d5.(4G).6s""","=""5G""","=""2""","=""""","=""*""","=""3""",5,7,,"=""T6977""","=""L153""",
W,2,"=""415.70309""","=""415.70307""","=""0.00010""","=""14""","=""5.78e+05""",B,"=""18000.627""","=""42049.478""","=""""","=""""","=""7/2""","=""5d4.(5D).6p""","=""6F*""","=""5/2""",8,6,,"=""T7162""","=""L11762""",
W,1,"=""416.0341""","=""416.0346""","=""0.0012""","=""8""","=""6.0e+06""",B,"=""22476.68""","=""46506.37""","=""5d5.(4D).6s""","=""5D""","=""4""","=""""","=""*""","=""5""",9,11,,"=""T6977""","=""L153""",
W,1,"=""417.0526""","=""417.0527""","=""0.0012""","=""30""","=""8.1e+06""",B,"=""18280.48""","=""42251.51""","=""5d5.(6S).6s""","=""5S""","=""2""","=""""","=""*""","=""3""",5,7,,"=""T6977""","=""L153""",
W,1,"=""417.1174""","=""417.1186""","=""0.0012""","=""60""","=""8.6e+05""",B,"=""4830.00""","=""28797.24""","=""5d4.6s2""","=""5D""","=""3""","=""5d4.6s.(6D).6p""","=""7D*""","=""4""",7,9,,"=""T4976""","=""L153""",
W,2,"=""417.55876""","=""417.55876""","=""0.00005""","=""36""","=""2.80e+06""",B,"=""14634.336""","=""38576.313""","=""5d4.(5D).6s""","=""4D""","=""3/2""","=""""","=""""","=""1/2""",4,2,,"=""T7162""","=""L11762""",
W,2,"=""418.31146""","=""418.3115""","=""0.0007""","=""3""","=""2.13e+05""",B,"=""20455.888""","=""44354.784""","=""5d4.(3F2).6s""","=""4F""","=""3/2""","=""""","=""""","=""5/2""",4,6,,"=""T7162""","=""L11762""",
W,1,"=""418.3655""","=""418.3659""","=""0.0012""","=""10""","=""3.0e+06""",B,"=""18082.83""","=""41978.62""","=""5d4.6s2""","=""3D""","=""1""","=""""","=""*""","=""2""",3,5,,"=""T6977""","=""L153""",
W,1,"=""418.6071""","=""418.6071""","=""0.0012""","=""""","=""2.22e+06""",B,"=""17701.18""","=""41583.20""","=""5d4.6s2""","=""3F2""","=""3""","=""""","=""*""","=""2""",7,5,,"=""T6977""","=""L14798""",
W,1,"=""420.0020""","=""420.0028""","=""0.0014""","=""15""","=""3.12e+06""",B,"=""16431.31""","=""40233.97""","=""5d4.6s2""","=""3G""","=""4""","=""""","=""*""","=""4""",9,9,,"=""T6977""","=""L153""",
W,1,"=""420.3816""","=""420.3816""","=""0.0014""","=""15""","=""4.9e+05""",C,"=""12161.96""","=""35943.17""","=""5d4.6s2""","=""3H""","=""4""","=""""","=""*""","=""3""",9,7,,"=""T4976""","=""L153""",
W,1,"=""420.4405""","=""420.4408""","=""0.0014""","=""30""","=""5.2e+06""",B,"=""19256.24""","=""43034.10""","=""5d5.(4G).6s""","=""5G""","=""4""","=""""","=""*""","=""5""",9,11,,"=""T6977""","=""L153""",
W,1,"=""421.5376""","=""421.5377""","=""0.0014""","=""25""","=""3.7e+06""",B,"=""19535.01""","=""43251.00""","=""5d5.(4G).6s""","=""5G""","=""5""","=""""","=""*""","=""4""",11,9,,"=""T6977""","=""L153""",
W,1,"=""421.8552""","=""421.8552""","=""0.0014""","=""15""","=""2.2e+06""",C,"=""18280.48""","=""41978.62""","=""5d5.(6S).6s""","=""5S""","=""2""","=""""","=""*""","=""2""",5,5,,"=""T6977""","=""L153""",
W,1,"=""421.9372""","=""421.9375""","=""0.0014""","=""80""","=""6.1e+05""",B,"=""6219.33""","=""29912.85""","=""5d4.6s2""","=""5D""","=""4""","=""5d4.6s.(6D).6p""","=""5D*""","=""3""",9,7,,"=""T4976""","=""L153""",
W,1,"=""422.6915""","=""422.6907""","=""0.0014""","=""25""","=""3.7e+06""",C,"=""18082.83""","=""41734.13""","=""5d4.6s2""","=""3D""","=""1""","=""""","=""*""","=""2""",3,5,,"=""T6977""","=""L153""",
W,1,"=""423.2996""","=""423.2994""","=""0.0014""","=""20""","=""3.5e+06""",C,"=""18116.84""","=""41734.13""","=""5d5.(4G).6s""","=""5G""","=""2""","=""""","=""*""","=""2""",5,5,,"=""T6977""","=""L153""",
W,1,"=""424.1445""","=""424.1444""","=""0.0014""","=""100""","=""1.07e+07""",B,"=""15460.01""","=""39030.25""","=""5d4.6s2""","=""3D""","=""3""","=""""","=""*""","=""2""",7,5,,"=""T6977""","=""L153""",
W,1,"=""424.4364""","=""424.4367""","=""0.0014""","=""200""","=""1.38e+06""",B,"=""6219.33""","=""29773.34""","=""5d4.6s2""","=""5D""","=""4""","=""5d4.6s.(6D).6p""","=""7D*""","=""5""",9,11,,"=""T4976""","=""L153""",
W,1,"=""424.9452""","=""424.9456""","=""0.0014""","=""20""","=""1.88e+06""",B,"=""13348.56""","=""36874.36""","=""5d4.6s2""","=""3G""","=""3""","=""""","=""*""","=""3""",7,7,,"=""T6977""","=""L153""",
W,1,"=""425.8458""","=""425.8460""","=""0.0015""","=""10""","=""1.36e+06""",C,"=""17107.01""","=""40583.07""","=""5d4.6s2""","=""3F2""","=""4""","=""""","=""*""","=""4""",9,9,,"=""T6977""","=""L153""",
W,1,"=""426.022""","=""426.0220""","=""0.0015""","=""""","=""1.74e+07""",B,"=""18116.84""","=""41583.20""","=""5d5.(4G).6s""","=""5G""","=""2""","=""""","=""*""","=""2""",5,5,,"=""T6977""","=""L14798""",
W,1,"=""426.8045""","=""426.8048""","=""0.0015""","=""12""","=""1.48e+06""",B,"=""19827.68""","=""43251.00""","=""5d5.(4P).6s""","=""5P""","=""3""","=""""","=""*""","=""4""",7,9,,"=""T6977""","=""L153""",
W,1,"=""426.9382""","=""426.9384""","=""0.0015""","=""200""","=""3.04e+06""",B,"=""2951.29""","=""26367.28""","=""5d5.(6S).6s""","=""7S""","=""3""","=""""","=""*""","=""2""",7,5,,"=""T4976""","=""L153""",
W,1,"=""426.9774""","=""426.9773""","=""0.0015""","=""40""","=""5.1e+06""",B,"=""18280.48""","=""41694.34""","=""5d5.(6S).6s""","=""5S""","=""2""","=""""","=""*""","=""3""",5,7,,"=""T6977""","=""L153""",
W,1,"=""427.3688""","=""427.3686""","=""0.0015""","=""20""","=""2.4e+06""",C,"=""22476.68""","=""45869.10""","=""5d5.(4D).6s""","=""5D""","=""4""","=""""","=""*""","=""4""",9,9,,"=""T6977""","=""L153""",
W,1,"=""427.5486""","=""427.5483""","=""0.0015""","=""50""","=""9.3e+06""",B,"=""18116.84""","=""41499.43""","=""5d5.(4G).6s""","=""5G""","=""2""","=""""","=""*""","=""3""",5,7,,"=""T6977""","=""L153""",
W,1,"=""428.2377""","=""428.2377""","=""0.0015""","=""""","=""2.07e+06""",B,"=""19256.24""","=""42601.19""","=""5d5.(4G).6s""","=""5G""","=""4""","=""""","=""*""","=""3""",9,7,,"=""T6977""","=""L14798""",
W,1,"=""428.3800""","=""428.3801""","=""0.0015""","=""20""","=""1.69e+05""",C,"=""12161.96""","=""35499.15""","=""5d4.6s2""","=""3H""","=""4""","=""""","=""*""","=""3""",9,7,,"=""T4976""","=""L153""",
W,2,"=""428.92917""","=""428.9296""","=""0.0009""","=""2""","=""2.77e+05""",B,"=""18990.929""","=""42298.223""","=""""","=""""","=""3/2""","=""""","=""""","=""3/2""",4,4,,"=""T7162""","=""L11762""",
W,1,"=""429.4606""","=""429.4605""","=""0.0015""","=""800""","=""1.24e+07""",A,"=""2951.29""","=""26229.77""","=""5d5.(6S).6s""","=""7S""","=""3""","=""5d5.(6S).6p""","=""7P*""","=""2""",7,5,,"=""T6977""","=""L153""",
W,1,"=""430.2110""","=""430.2103""","=""0.0015""","=""200""","=""3.6e+06""",B,"=""2951.29""","=""26189.20""","=""5d5.(6S).6s""","=""7S""","=""3""","=""5d4.6s.(6D).6p""","=""7D*""","=""3""",7,7,,"=""T4976""","=""L153""",
W,1,"=""430.7638""","=""430.7636""","=""0.0015""","=""50""","=""5.4e+06""",B,"=""19826.04""","=""43034.10""","=""5d4.6s2""","=""3G""","=""5""","=""""","=""*""","=""5""",11,11,,"=""T6977""","=""L153""",
W,2,"=""433.55679""","=""433.55674""","=""0.00024""","=""8""","=""6.22e+05""",B,"=""18990.929""","=""42049.478""","=""""","=""""","=""3/2""","=""5d4.(5D).6p""","=""6F*""","=""5/2""",4,6,,"=""T7162""","=""L11762""",
W,1,"=""433.8727""","=""433.8728""","=""0.0015""","=""3""","=""6.e+03""",E,"=""3325.53""","=""26367.28""","=""5d4.6s2""","=""5D""","=""2""","=""""","=""*""","=""2""",5,5,,"=""T4976""","=""L153""",
W,2,"=""434.31959""","=""434.31972""","=""0.00019""","=""9""","=""1.44e+06""",B,"=""22535.610""","=""45553.652""","=""""","=""""","=""1/2""","=""""","=""""","=""3/2""",2,4,,"=""T7162""","=""L11762""",
W,1,"=""434.5828""","=""434.5828""","=""0.0015""","=""20""","=""4.3e+06""",C,"=""18974.51""","=""41978.62""","=""5d5.(4G).6s""","=""5G""","=""3""","=""""","=""*""","=""2""",7,5,,"=""T6977""","=""L153""",
W,1,"=""434.6977""","=""434.6992""","=""0.0015""","=""30""","=""4.1e+06""",B,"=""19253.56""","=""42251.51""","=""5d4.6s2""","=""3P2""","=""2""","=""""","=""*""","=""3""",5,7,,"=""T6977""","=""L153""",
W,1,"=""434.7495""","=""434.7498""","=""0.0015""","=""20""","=""2.62e+06""",B,"=""19256.24""","=""42251.51""","=""5d5.(4G).6s""","=""5G""","=""4""","=""""","=""*""","=""3""",9,7,,"=""T6977""","=""L153""",
W,1,"=""434.8108""","=""434.8079""","=""0.0015""","=""20""","=""1.45e+07""",B,"=""20983.02""","=""43975.22""","=""5d5.(4P).6s""","=""5P""","=""2""","=""""","=""*""","=""2""",5,5,,"=""T6977""","=""L153""",
W,2,"=""434.81130""","=""434.811303""","=""0.000019""","=""109""","=""5.06e+06""",B,"=""13173.337""","=""36165.356""","=""5d4.(5D).6s""","=""4D""","=""1/2""","=""""","=""""","=""1/2""",2,2,,"=""T7162""","=""L11762""",
W,1,"=""435.5166""","=""435.5159""","=""0.0015""","=""40""","=""5.1e+05""",B,"=""12161.96""","=""35116.78""","=""5d4.6s2""","=""3H""","=""4""","=""""","=""*""","=""4""",9,9,,"=""T4976""","=""L153""",
W,1,"=""436.1814""","=""436.1816""","=""0.0015""","=""25""","=""1.64e+05""",B,"=""6219.33""","=""29139.12""","=""5d4.6s2""","=""5D""","=""4""","=""5d4.6s.(6D).6p""","=""5F*""","=""3""",9,7,,"=""T4976""","=""L153""",
W,1,"=""436.4778""","=""436.4777""","=""0.0015""","=""40""","=""1.8e+05""",C,"=""3325.53""","=""26229.77""","=""5d4.6s2""","=""5D""","=""2""","=""5d5.(6S).6p""","=""7P*""","=""2""",5,5,,"=""T4976""","=""L153""",
W,1,"=""437.2522""","=""437.2522""","=""0.0015""","=""40""","=""1.1e+05""",B,"=""3325.53""","=""26189.20""","=""5d4.6s2""","=""5D""","=""2""","=""5d4.6s.(6D).6p""","=""7D*""","=""3""",5,7,,"=""T4976""","=""L153""",
W,1,"=""437.8484""","=""437.8488""","=""0.0015""","=""50""","=""3.48e+05""",B,"=""4830.00""","=""27662.52""","=""5d4.6s2""","=""5D""","=""3""","=""5d4.6s.(6D).6p""","=""5F*""","=""2""",7,5,,"=""T4976""","=""L153""",
W,1,"=""438.4850""","=""438.4850""","=""0.0015""","=""40""","=""3.1e+06""",C,"=""15460.01""","=""38259.40""","=""5d4.6s2""","=""3D""","=""3""","=""""","=""*""","=""4""",7,9,,"=""T6977""","=""L153""",
W,1,"=""438.6770""","=""438.6755""","=""0.0015""","=""15""","=""8.4e+06""",B,"=""20427.84""","=""43217.33""","=""5d5.(4P).6s""","=""5P""","=""1""","=""""","=""*""","=""1""",3,3,,"=""T6977""","=""L153""",
W,1,"=""438.9837""","=""438.9833""","=""0.0015""","=""20""","=""2.06e+06""",B,"=""19827.68""","=""42601.19""","=""5d5.(4P).6s""","=""5P""","=""3""","=""""","=""*""","=""3""",7,7,,"=""T6977""","=""L153""",
W,2,"=""439.37944""","=""439.37948""","=""0.00006""","=""27""","=""3.24e+05""",B,"=""19637.309""","=""42390.287""","=""""","=""""","=""5/2""","=""5d3.(4F).6s.(5F).6p""","=""6G*""","=""7/2""",6,8,,"=""T7162""","=""L11762""",
W,1,"=""439.4074""","=""439.4069""","=""0.0015""","=""30""","=""3.2e+06""",B,"=""18116.84""","=""40868.40""","=""5d5.(4G).6s""","=""5G""","=""2""","=""""","=""*""","=""2""",5,5,,"=""T6977""","=""L153""",
W,1,"=""439.7518""","=""439.7513""","=""0.0015""","=""3""","=""3.3e+04""",E,"=""13348.56""","=""36082.30""","=""5d4.6s2""","=""3G""","=""3""","=""""","=""*""","=""4""",7,9,,"=""T4976""","=""L153""",
W,1,"=""440.0203""","=""440.0205""","=""0.0015""","=""12""","=""1.12e+06""",C,"=""18974.51""","=""41694.34""","=""5d5.(4G).6s""","=""5G""","=""3""","=""""","=""*""","=""3""",7,7,,"=""T6977""","=""L153""",
W,2,"=""440.60575""","=""440.6058""","=""0.0004""","=""4""","=""2.44e+05""",B,"=""23803.702""","=""46493.356""","=""""","=""""","=""7/2""","=""5d3.(4F).6s.(5F).6p""","=""6G*""","=""9/2""",8,10,,"=""T7162""","=""L11762""",
W,1,"=""442.5912""","=""442.5902""","=""0.0016""","=""30""","=""2.81e+06""",B,"=""18280.48""","=""40868.40""","=""5d5.(6S).6s""","=""5S""","=""2""","=""""","=""*""","=""2""",5,5,,"=""T6977""","=""L153""",
W,1,"=""443.8284""","=""443.8281""","=""0.0016""","=""25""","=""1.83e+06""",B,"=""18974.51""","=""41499.43""","=""5d5.(4G).6s""","=""5G""","=""3""","=""""","=""*""","=""3""",7,7,,"=""T6977""","=""L153""",
W,1,"=""445.5458""","=""445.5455""","=""0.0016""","=""20""","=""1.33e+06""",C,"=""19256.24""","=""41694.34""","=""5d5.(4G).6s""","=""5G""","=""4""","=""""","=""*""","=""3""",9,7,,"=""T6977""","=""L153""",
W,1,"=""445.8086""","=""445.8085""","=""0.0016""","=""20""","=""4.2e+05""",C,"=""13307.10""","=""35731.96""","=""5d4.6s2""","=""3P2""","=""1""","=""""","=""*""","=""2""",3,5,,"=""T4976""","=""L153""",
W,1,"=""445.8284""","=""445.8290""","=""0.0016""","=""10""","=""1.14e+06""",B,"=""19827.68""","=""42251.51""","=""5d5.(4P).6s""","=""5P""","=""3""","=""""","=""*""","=""3""",7,7,,"=""T6977""","=""L153""",
W,1,"=""446.0486""","=""446.0488""","=""0.0016""","=""40""","=""2.93e+06""",B,"=""13777.71""","=""36190.49""","=""5d4.6s2""","=""3F2""","=""2""","=""""","=""*""","=""1""",5,3,,"=""T6977""","=""L153""",
W,2,"=""446.06073""","=""446.0610""","=""0.0010""","=""2""","=""1.10e+05""",B,"=""19637.309""","=""42049.478""","=""""","=""""","=""5/2""","=""5d4.(5D).6p""","=""6F*""","=""5/2""",6,6,,"=""T7162""","=""L11762""",
W,1,"=""446.6344""","=""446.6343""","=""0.0016""","=""50""","=""1.5e+06""",C,"=""13348.56""","=""35731.96""","=""5d4.6s2""","=""3G""","=""3""","=""""","=""*""","=""2""",7,5,,"=""T4976""","=""L153""",
W,1,"=""447.2514""","=""447.2515""","=""0.0014""","=""8""","=""1.55e+05""",C,"=""17008.50""","=""39361.01""","=""5d4.6s2""","=""3H""","=""6""","=""""","=""*""","=""5""",13,11,,"=""T4976""","=""L153""",
W,1,"=""449.2298""","=""449.2314""","=""0.0014""","=""15""","=""3.6e+05""",C,"=""17107.01""","=""39361.01""","=""5d4.6s2""","=""3F2""","=""4""","=""""","=""*""","=""5""",9,11,,"=""T4976""","=""L153""",
W,1,"=""449.3958""","=""449.3956""","=""0.0014""","=""20""","=""2.80e+06""",B,"=""19253.56""","=""41499.43""","=""5d4.6s2""","=""3P2""","=""2""","=""""","=""*""","=""3""",5,7,,"=""T6977""","=""L153""",
W,1,"=""449.4497""","=""449.4497""","=""0.0014""","=""50""","=""3.00e+06""",B,"=""19256.24""","=""41499.43""","=""5d5.(4G).6s""","=""5G""","=""4""","=""""","=""*""","=""3""",9,7,,"=""T6977""","=""L153""",
W,1,"=""449.5294""","=""449.5297""","=""0.0014""","=""40""","=""3.3e+05""",C,"=""15069.93""","=""37309.16""","=""5d4.6s2""","=""3H""","=""5""","=""""","=""*""","=""5""",11,11,,"=""T4976""","=""L153""",
W,2,"=""450.02154""","=""450.0216""","=""0.0006""","=""3""","=""2.57e+05""",B,"=""22139.861""","=""44354.784""","=""5d4.(3F2).6s""","=""4F""","=""5/2""","=""""","=""""","=""5/2""",6,6,,"=""T7162""","=""L11762""",
W,1,"=""450.4838""","=""450.4840""","=""0.0016""","=""60""","=""7.0e+05""",B,"=""12161.96""","=""34354.08""","=""5d4.6s2""","=""3H""","=""4""","=""""","=""*""","=""3""",9,7,,"=""T4976""","=""L153""",
W,2,"=""451.12223""","=""451.1217""","=""0.0006""","=""3""","=""2.53e+05""",B,"=""22194.031""","=""44354.784""","=""""","=""""","=""7/2""","=""""","=""""","=""5/2""",8,6,,"=""T7162""","=""L11762""",
W,1,"=""451.5860""","=""451.5866""","=""0.0016""","=""4""","=""9.1e+06""",C,"=""23930.08""","=""46068.02""","=""5d5.(4D).6s""","=""5D""","=""3""","=""""","=""*""","=""3""",7,7,,"=""T6977""","=""L153""",
W,1,"=""451.7344""","=""451.7355""","=""0.0016""","=""12""","=""3.5e+06""",B,"=""18280.48""","=""40411.12""","=""5d5.(6S).6s""","=""5S""","=""2""","=""""","=""*""","=""1""",5,3,,"=""T6977""","=""L153""",
W,1,"=""452.8443""","=""452.8448""","=""0.0016""","=""2""","=""3.8e+04""",D,"=""15069.93""","=""37146.36""","=""5d4.6s2""","=""3H""","=""5""","=""""","=""*""","=""4""",11,9,,"=""T4976""","=""L153""",
W,2,"=""454.21058""","=""454.2103""","=""0.0010""","=""2""","=""2.49e+05""",B,"=""25169.877""","=""47179.941""","=""""","=""""","=""3/2""","=""""","=""""","=""3/2""",4,4,,"=""T7162""","=""L11762""",
W,1,"=""455.2500""","=""455.2516""","=""0.0017""","=""25""","=""1.42e+05""",C,"=""12161.96""","=""34121.68""","=""5d4.6s2""","=""3H""","=""4""","=""""","=""*""","=""4""",9,9,,"=""T4976""","=""L153""",
W,1,"=""455.8943""","=""455.8962""","=""0.0017""","=""12""","=""1.06e+06""",B,"=""18082.83""","=""40011.50""","=""5d4.6s2""","=""3D""","=""1""","=""""","=""*""","=""2""",3,5,,"=""T6977""","=""L153""",
W,1,"=""455.9102""","=""455.9106""","=""0.0017""","=""12""","=""1.72e+06""",B,"=""14976.18""","=""36904.16""","=""5d4.6s2""","=""3D""","=""2""","=""""","=""*""","=""2""",5,5,,"=""T6977""","=""L153""",
W,1,"=""456.3570""","=""456.3586""","=""0.0017""","=""30""","=""4.1e+06""",B,"=""19827.68""","=""41734.13""","=""5d5.(4P).6s""","=""5P""","=""3""","=""""","=""*""","=""2""",7,5,,"=""T6977""","=""L153""",
W,1,"=""456.5297""","=""456.5310""","=""0.0017""","=""25""","=""1.15e+06""",B,"=""14976.18""","=""36874.36""","=""5d4.6s2""","=""3D""","=""2""","=""""","=""*""","=""3""",5,7,,"=""T6977""","=""L153""",
W,1,"=""458.6832""","=""458.6835""","=""0.0017""","=""40""","=""4.20e+05""",B,"=""9528.06""","=""31323.48""","=""5d4.6s2""","=""3P2""","=""0""","=""""","=""*""","=""1""",1,3,,"=""T4976""","=""L153""",
W,1,"=""459.2566""","=""459.2566""","=""0.0017""","=""15""","=""3.4e+05""",B,"=""13348.56""","=""35116.78""","=""5d4.6s2""","=""3G""","=""3""","=""""","=""*""","=""4""",7,9,,"=""T4976""","=""L153""",
W,1,"=""460.0413""","=""460.0428""","=""0.0017""","=""15""","=""1.00e+06""",B,"=""18280.48""","=""40011.50""","=""5d5.(6S).6s""","=""5S""","=""2""","=""""","=""*""","=""2""",5,5,,"=""T6977""","=""L153""",
W,2,"=""460.45912""","=""460.45915""","=""0.00013""","=""14""","=""3.40e+05""",B,"=""23046.724""","=""44758.095""","=""""","=""""","=""7/2""","=""""","=""""","=""9/2""",8,10,,"=""T7162""","=""L11762""",
W,1,"=""460.9886""","=""460.9904""","=""0.0017""","=""25""","=""1.42e+06""",B,"=""15460.01""","=""37146.36""","=""5d4.6s2""","=""3D""","=""3""","=""""","=""*""","=""4""",7,9,,"=""T4976""","=""L153""",
W,1,"=""461.3296""","=""461.3308""","=""0.0017""","=""40""","=""1.7e+05""",C,"=""6219.33""","=""27889.68""","=""5d4.6s2""","=""5D""","=""4""","=""5d5.(6S).6p""","=""7P*""","=""4""",9,9,,"=""T6977""","=""L153""",
W,1,"=""463.4786""","=""463.4812""","=""0.0017""","=""20""","=""8.8e+05""",B,"=""16431.31""","=""38001.12""","=""5d4.6s2""","=""3G""","=""4""","=""""","=""*""","=""4""",9,9,,"=""T4976""","=""L153""",
W,2,"=""464.48236""","=""464.4823""","=""0.0006""","=""3""","=""8.4e+04""",B,"=""23234.778""","=""44758.095""","=""""","=""""","=""9/2""","=""""","=""""","=""9/2""",10,10,,"=""T7162""","=""L11762""",
W,1,"=""464.6135""","=""464.6140""","=""0.0017""","=""8""","=""2.6e+06""",E,"=""19253.56""","=""40770.78""","=""5d4.6s2""","=""3P2""","=""2""","=""""","=""*""","=""1""",5,3,,"=""T6977""","=""L153""",
W,2,"=""465.82586""","=""465.8259""","=""0.0003""","=""6""","=""1.15e+06""",B,"=""23450.418""","=""44911.659""","=""5d4.(3D).6s""","=""4D""","=""5/2""","=""""","=""""","=""3/2""",6,4,,"=""T7162""","=""L11762""",
W,1,"=""465.9867""","=""465.9853""","=""0.0017""","=""60""","=""1.0e+06""",B,"=""0.00""","=""21453.90""","=""5d4.6s2""","=""5D""","=""0""","=""5d4.6s.(6D).6p""","=""7D*""","=""1""",1,3,,"=""T4976""","=""L153""",
W,1,"=""466.1975""","=""466.1971""","=""0.0017""","=""10""","=""1.73e+06""",B,"=""15460.01""","=""36904.16""","=""5d4.6s2""","=""3D""","=""3""","=""""","=""*""","=""2""",7,5,,"=""T6977""","=""L153""",
W,2,"=""466.57483""","=""466.5748""","=""0.0003""","=""7""","=""4.80e+05""",B,"=""23450.418""","=""44877.209""","=""5d4.(3D).6s""","=""4D""","=""5/2""","=""5d4.(5D).6p""","=""6F*""","=""7/2""",6,8,,"=""T7162""","=""L11762""",
W,1,"=""466.8460""","=""466.8459""","=""0.0017""","=""15""","=""1.18e+06""",B,"=""15460.01""","=""36874.36""","=""5d4.6s2""","=""3D""","=""3""","=""""","=""*""","=""3""",7,7,,"=""T6977""","=""L153""",
W,1,"=""467.1626""","=""467.1640""","=""0.0017""","=""8""","=""1.4e+04""",D,"=""4830.00""","=""26229.77""","=""5d4.6s2""","=""5D""","=""3""","=""5d5.(6S).6p""","=""7P*""","=""2""",7,5,,"=""T6977""","=""L153""",
W,1,"=""467.904""","=""467.9039""","=""0.0018""","=""8""","=""1.52e+06""",B,"=""18280.48""","=""39646.41""","=""5d5.(6S).6s""","=""5S""","=""2""","=""""","=""*""","=""3""",5,7,,"=""T6977""","=""L153""",
W,1,"=""468.0509""","=""468.0513""","=""0.0018""","=""80""","=""1.4e+06""",B,"=""4830.00""","=""26189.20""","=""5d4.6s2""","=""5D""","=""3""","=""5d4.6s.(6D).6p""","=""7D*""","=""3""",7,7,,"=""T4976""","=""L153""",
W,1,"=""468.7612""","=""468.7617""","=""0.0018""","=""6""","=""1.48e+06""",B,"=""19256.24""","=""40583.07""","=""5d5.(4G).6s""","=""5G""","=""4""","=""""","=""*""","=""4""",9,9,,"=""T6977""","=""L153""",
W,2,"=""469.17479""","=""469.1747""","=""0.0004""","=""5""","=""3.12e+05""",B,"=""23046.724""","=""44354.784""","=""""","=""""","=""7/2""","=""""","=""""","=""5/2""",8,6,,"=""T7162""","=""L11762""",
W,1,"=""470.0422""","=""470.0412""","=""0.0018""","=""15""","=""6.2e+04""",C,"=""6219.33""","=""27488.11""","=""5d4.6s2""","=""5D""","=""4""","=""5d5.(6S).6p""","=""7P*""","=""3""",9,7,,"=""T4191""","=""L153""",
W,1,"=""470.247""","=""470.2472""","=""0.0018""","=""10""","=""1.23e+06""",B,"=""18974.51""","=""40233.97""","=""5d5.(4G).6s""","=""5G""","=""3""","=""""","=""*""","=""4""",7,9,,"=""T6977""","=""L153""",
W,1,"=""471.2486""","=""471.2481""","=""0.0018""","=""15""","=""1.57e+06""",B,"=""14976.18""","=""36190.49""","=""5d4.6s2""","=""3D""","=""2""","=""""","=""*""","=""1""",5,3,,"=""T6977""","=""L153""",
W,1,"=""471.3852""","=""471.3865""","=""0.0018""","=""5""","=""2.5e+04""",C,"=""12161.96""","=""33370.04""","=""5d4.6s2""","=""3H""","=""4""","=""5d4.6s.(6D).6p""","=""5F*""","=""5""",9,11,,"=""T4976""","=""L153""",
W,1,"=""472.0392""","=""472.0391""","=""0.0018""","=""10""","=""3.22e+05""",C,"=""13307.10""","=""34485.86""","=""5d4.6s2""","=""3P2""","=""1""","=""""","=""*""","=""2""",3,5,,"=""T4976""","=""L153""",
W,1,"=""472.5118""","=""472.5121""","=""0.0018""","=""20""","=""3.8e+06""",B,"=""19253.56""","=""40411.12""","=""5d4.6s2""","=""3P2""","=""2""","=""""","=""*""","=""1""",5,3,,"=""T6977""","=""L153""",
W,1,"=""472.9648""","=""472.9650""","=""0.0018""","=""20""","=""7.8e+05""",B,"=""13348.56""","=""34485.86""","=""5d4.6s2""","=""3G""","=""3""","=""""","=""*""","=""2""",7,5,,"=""T4976""","=""L153""",
W,1,"=""474.5586""","=""474.5577""","=""0.0018""","=""8w""","=""1.2e+06""",C,"=""18116.84""","=""39183.20""","=""5d5.(4G).6s""","=""5G""","=""2""","=""""","=""*""","=""1""",5,3,,"=""T6977""","=""L153""",
W,1,"=""474.9697""","=""474.9703""","=""0.0018""","=""5""","=""8.7e+05""",B,"=""19535.01""","=""40583.07""","=""5d5.(4G).6s""","=""5G""","=""5""","=""""","=""*""","=""4""",11,9,,"=""T6977""","=""L153""",
W,1,"=""475.2200""","=""475.2203""","=""0.0018""","=""8""","=""7.6e+05""",B,"=""18974.51""","=""40011.50""","=""5d5.(4G).6s""","=""5G""","=""3""","=""""","=""*""","=""2""",7,5,,"=""T6977""","=""L153""",
W,1,"=""475.2584""","=""475.2576""","=""0.0018""","=""8""","=""4.3e+05""",B,"=""13307.10""","=""34342.44""","=""5d4.6s2""","=""3P2""","=""1""","=""""","=""*""","=""1""",3,3,,"=""T6977""","=""L153""",
W,1,"=""475.7542""","=""475.7542""","=""0.0018""","=""30""","=""2.72e+05""",B,"=""2951.29""","=""23964.67""","=""5d5.(6S).6s""","=""7S""","=""3""","=""5d4.6s.(6D).6p""","=""7D*""","=""2""",7,5,,"=""T4976""","=""L153""",
W,1,"=""475.7781""","=""475.7771""","=""0.0018""","=""8""","=""4.1e+05""",C,"=""15069.93""","=""36082.30""","=""5d4.6s2""","=""3H""","=""5""","=""""","=""*""","=""4""",11,9,,"=""T4976""","=""L153""",
W,1,"=""475.9340""","=""475.9322""","=""0.0018""","=""2w""","=""2.49e+04""",C,"=""13348.56""","=""34354.08""","=""5d4.6s2""","=""3G""","=""3""","=""""","=""*""","=""3""",7,7,,"=""T4976""","=""L153""",
W,1,"=""476.8057""","=""476.8069""","=""0.0016""","=""3""","=""6.9e+04""",C,"=""14976.18""","=""35943.17""","=""5d4.6s2""","=""3D""","=""2""","=""""","=""*""","=""3""",5,7,,"=""T4976""","=""L153""",
W,1,"=""477.3845""","=""477.3845""","=""0.0016""","=""""","=""1.12e+06""",B,"=""13777.71""","=""34719.33""","=""5d4.6s2""","=""3F2""","=""2""","=""""","=""*""","=""1""",5,3,,"=""T6977""","=""L14798""",
W,2,"=""478.23543""","=""478.2353""","=""0.0009""","=""2""","=""2.03e+05""",B,"=""23450.418""","=""44354.784""","=""5d4.(3D).6s""","=""4D""","=""5/2""","=""""","=""""","=""5/2""",6,6,,"=""T7162""","=""L11762""",
W,1,"=""478.8421""","=""478.8427""","=""0.0016""","=""10""","=""2.6e+05""",C,"=""16431.31""","=""37309.16""","=""5d4.6s2""","=""3G""","=""4""","=""""","=""*""","=""5""",9,11,,"=""T4976""","=""L153""",
W,1,"=""479.7546""","=""479.7545""","=""0.0016""","=""10""","=""7.2e+05""",B,"=""19827.68""","=""40665.85""","=""5d5.(4P).6s""","=""5P""","=""3""","=""""","=""*""","=""3""",7,7,,"=""T6977""","=""L153""",
W,1,"=""481.258""","=""481.2568""","=""0.0016""","=""5""","=""8.0e+04""",C,"=""13348.56""","=""34121.68""","=""5d4.6s2""","=""3G""","=""3""","=""""","=""*""","=""4""",7,9,,"=""T4976""","=""L153""",
W,1,"=""481.6105""","=""481.6088""","=""0.0016""","=""6""","=""7.5e+05""",B,"=""19253.56""","=""40011.50""","=""5d4.6s2""","=""3P2""","=""2""","=""""","=""*""","=""2""",5,5,,"=""T6977""","=""L153""",
W,1,"=""484.3810""","=""484.3810""","=""0.0016""","=""400""","=""1.9e+06""",B,"=""3325.53""","=""23964.67""","=""5d4.6s2""","=""5D""","=""2""","=""5d4.6s.(6D).6p""","=""7D*""","=""2""",5,5,,"=""T4976""","=""L153""",
W,1,"=""485.8596""","=""485.8586""","=""0.0017""","=""12""","=""1.3e+05""",B,"=""13777.71""","=""34354.08""","=""5d4.6s2""","=""3F2""","=""2""","=""""","=""*""","=""3""",5,7,,"=""T4976""","=""L153""",
W,2,"=""486.45636""","=""486.4565""","=""0.0007""","=""3""","=""2.00e+05""",B,"=""23803.702""","=""44354.784""","=""""","=""""","=""7/2""","=""""","=""""","=""5/2""",8,6,,"=""T7162""","=""L11762""",
W,1,"=""488.0713""","=""488.0696""","=""0.0017""","=""8""","=""8.4e+04""",C,"=""15460.01""","=""35943.17""","=""5d4.6s2""","=""3D""","=""3""","=""""","=""*""","=""3""",7,7,,"=""T4976""","=""L153""",
W,1,"=""488.6899""","=""488.6902""","=""0.0017""","=""200""","=""8.1e+05""",B,"=""6219.33""","=""26676.48""","=""5d4.6s2""","=""5D""","=""4""","=""5d4.6s.(6D).6p""","=""7F*""","=""5""",9,11,,"=""T4976""","=""L153""",
W,1,"=""489.0273""","=""489.0272""","=""0.0017""","=""25""","=""1.01e+06""",B,"=""16431.31""","=""36874.36""","=""5d4.6s2""","=""3G""","=""4""","=""""","=""*""","=""3""",9,7,,"=""T6977""","=""L153""",
W,1,"=""489.0872""","=""489.0868""","=""0.0017""","=""10""","=""1.37e+06""",B,"=""20427.84""","=""40868.40""","=""5d5.(4P).6s""","=""5P""","=""1""","=""""","=""*""","=""2""",3,5,,"=""T6977""","=""L153""",
W,1,"=""490.2320""","=""490.2311""","=""0.0017""","=""25""","=""2.76e+06""",B,"=""19253.56""","=""39646.41""","=""5d4.6s2""","=""3P2""","=""2""","=""""","=""*""","=""3""",5,7,,"=""T6977""","=""L153""",
W,1,"=""490.2950""","=""490.2955""","=""0.0017""","=""20""","=""2.06e+06""",B,"=""19256.24""","=""39646.41""","=""5d5.(4G).6s""","=""5G""","=""4""","=""""","=""*""","=""3""",9,7,,"=""T6977""","=""L153""",
W,1,"=""492.4561""","=""492.4573""","=""0.0017""","=""15""","=""1.75e+05""",C,"=""17008.50""","=""37309.16""","=""5d4.6s2""","=""3H""","=""6""","=""""","=""*""","=""5""",13,11,,"=""T4976""","=""L153""",
W,1,"=""493.1551""","=""493.1548""","=""0.0017""","=""50""","=""1.0e+06""",C,"=""15460.01""","=""35731.96""","=""5d4.6s2""","=""3D""","=""3""","=""""","=""*""","=""2""",7,5,,"=""T4976""","=""L153""",
W,2,"=""493.67844""","=""493.6790""","=""0.0005""","=""4""","=""2.01e+05""",B,"=""22139.861""","=""42390.287""","=""5d4.(3F2).6s""","=""4F""","=""5/2""","=""5d3.(4F).6s.(5F).6p""","=""6G*""","=""7/2""",6,8,,"=""T7162""","=""L11762""",
W,1,"=""494.8587""","=""494.8587""","=""0.0017""","=""10""","=""1.36e+05""",D,"=""17107.01""","=""37309.16""","=""5d4.6s2""","=""3F2""","=""4""","=""""","=""*""","=""5""",9,11,,"=""T4976""","=""L153""",
W,1,"=""495.3075""","=""495.3081""","=""0.0017""","=""15""","=""8.3e+05""",B,"=""19827.68""","=""40011.50""","=""5d5.(4P).6s""","=""5P""","=""3""","=""""","=""*""","=""2""",7,5,,"=""T6977""","=""L153""",
W,1,"=""497.256""","=""497.2557""","=""0.0017""","=""30""","=""3.9e+05""",C,"=""19256.24""","=""39361.01""","=""5d5.(4G).6s""","=""5G""","=""4""","=""""","=""*""","=""5""",9,11,,"=""T4976""","=""L153""",
W,1,"=""498.2593""","=""498.2586""","=""0.0017""","=""200""","=""4.17e+05""",B,"=""0.00""","=""20064.30""","=""5d4.6s2""","=""5D""","=""0""","=""5d4.6s.(6D).6p""","=""7F*""","=""1""",1,3,,"=""T4976""","=""L153""",
W,1,"=""498.4698""","=""498.4713""","=""0.0017""","=""20""","=""9.0e+05""",B,"=""18974.51""","=""39030.25""","=""5d5.(4G).6s""","=""5G""","=""3""","=""""","=""*""","=""2""",7,5,,"=""T6977""","=""L153""",
W,1,"=""498.692""","=""498.6924""","=""0.0017""","=""80""","=""6.3e+05""",C,"=""15069.93""","=""35116.78""","=""5d4.6s2""","=""3H""","=""5""","=""""","=""*""","=""4""",11,9,,"=""T4976""","=""L153""",
W,1,"=""500.279""","=""500.2788""","=""0.0018""","=""12""","=""1.09e+06""",B,"=""20427.84""","=""40411.12""","=""5d5.(4P).6s""","=""5P""","=""1""","=""""","=""*""","=""1""",3,3,,"=""T6977""","=""L153""",
W,1,"=""500.6150""","=""500.6147""","=""0.0018""","=""60""","=""1.2e+06""",B,"=""6219.33""","=""26189.20""","=""5d4.6s2""","=""5D""","=""4""","=""5d4.6s.(6D).6p""","=""7D*""","=""3""",9,7,,"=""T4976""","=""L153""",
W,2,"=""501.02556""","=""501.0259""","=""0.0008""","=""3""","=""2.00e+05""",B,"=""24804.612""","=""44758.095""","=""""","=""""","=""7/2""","=""""","=""""","=""9/2""",8,10,,"=""T7162""","=""L11762""",
W,1,"=""501.5304""","=""501.5309""","=""0.0018""","=""50""","=""5.4e+05""",B,"=""4830.00""","=""24763.39""","=""5d4.6s2""","=""5D""","=""3""","=""5d4.6s.(6D).6p""","=""7F*""","=""4""",7,9,,"=""T4976""","=""L153""",
W,1,"=""504.0360""","=""504.0371""","=""0.0018""","=""60""","=""5.2e+05""",C,"=""13307.10""","=""33141.38""","=""5d4.6s2""","=""3P2""","=""1""","=""""","=""*""","=""2""",3,5,,"=""T4976""","=""L153""",
W,1,"=""505.223""","=""505.2220""","=""0.0018""","=""30""","=""1.1e+06""",E,"=""20983.02""","=""40770.78""","=""5d5.(4P).6s""","=""5P""","=""2""","=""""","=""*""","=""1""",5,3,,"=""T6977""","=""L153""",
W,1,"=""505.3276""","=""505.3280""","=""0.0018""","=""400""","=""1.9e+06""",B,"=""1670.29""","=""21453.90""","=""5d4.6s2""","=""5D""","=""1""","=""5d4.6s.(6D).6p""","=""7D*""","=""1""",3,3,,"=""T4976""","=""L153""",
W,1,"=""505.4596""","=""505.4594""","=""0.0018""","=""150""","=""3.3e+05""",D,"=""1670.29""","=""21448.76""","=""5d4.6s2""","=""5D""","=""1""","=""5d4.6s.(6D).6p""","=""7F*""","=""2""",3,5,,"=""T4191""","=""L153""",
W,1,"=""505.5516""","=""505.5524""","=""0.0018""","=""50""","=""4.0e+06""",B,"=""22476.68""","=""42251.51""","=""5d5.(4D).6s""","=""5D""","=""4""","=""""","=""*""","=""3""",9,7,,"=""T6977""","=""L153""",
W,1,"=""506.3638""","=""506.3636""","=""0.0018""","=""8""","=""1.4e+05""",D,"=""14976.18""","=""34719.33""","=""5d4.6s2""","=""3D""","=""2""","=""""","=""*""","=""1""",5,3,,"=""T4976""","=""L153""",
W,1,"=""507.1515""","=""507.1517""","=""0.0018""","=""6""","=""3.4e+05""",C,"=""19648.54""","=""39361.01""","=""5d5.(4G).6s""","=""5G""","=""6""","=""""","=""*""","=""5""",13,11,,"=""T4976""","=""L153""",
W,1,"=""508.5876""","=""508.5888""","=""0.0018""","=""5w""","=""3.0e+04""",D,"=""15460.01""","=""35116.78""","=""5d4.6s2""","=""3D""","=""3""","=""""","=""*""","=""4""",7,9,,"=""T4976""","=""L153""",
W,1,"=""511.7612""","=""511.7599""","=""0.0018""","=""20""","=""1.61e+05""",D,"=""19826.04""","=""39361.01""","=""5d4.6s2""","=""3G""","=""5""","=""""","=""*""","=""5""",11,11,,"=""T4976""","=""L153""",
W,1,"=""512.4234""","=""512.4233""","=""0.0018""","=""40""","=""4.0e+05""",C,"=""14976.18""","=""34485.86""","=""5d4.6s2""","=""3D""","=""2""","=""""","=""*""","=""2""",5,5,,"=""T4976""","=""L153""",
W,1,"=""514.1248""","=""514.1230""","=""0.0019""","=""12""","=""1.12e+05""",C,"=""17701.18""","=""37146.36""","=""5d4.6s2""","=""3F2""","=""3""","=""""","=""*""","=""4""",7,9,,"=""T4976""","=""L153""",
W,1,"=""514.5774""","=""514.5750""","=""0.0019""","=""25""","=""2.10e+06""",B,"=""20983.02""","=""40411.12""","=""5d5.(4P).6s""","=""5P""","=""2""","=""""","=""*""","=""1""",5,3,,"=""T6977""","=""L153""",
W,1,"=""515.9095""","=""515.9081""","=""0.0019""","=""2""","=""9.1e+03""",D,"=""14976.18""","=""34354.08""","=""5d4.6s2""","=""3D""","=""2""","=""""","=""*""","=""3""",5,7,,"=""T4976""","=""L153""",
W,1,"=""516.2874""","=""516.2872""","=""0.0019""","=""4""","=""2.0e+04""",D,"=""13777.71""","=""33141.38""","=""5d4.6s2""","=""3F2""","=""2""","=""""","=""*""","=""2""",5,5,,"=""T4976""","=""L153""",
W,1,"=""518.3965""","=""518.3963""","=""0.0019""","=""40""","=""9.6e+05""",B,"=""18974.51""","=""38259.40""","=""5d5.(4G).6s""","=""5G""","=""3""","=""""","=""*""","=""4""",7,9,,"=""T6977""","=""L153""",
W,1,"=""520.452""","=""520.4504""","=""0.0019""","=""12""","=""6.8e+06""",B,"=""20427.84""","=""39636.62""","=""5d5.(4P).6s""","=""5P""","=""1""","=""""","=""*""","=""1""",3,3,,"=""T6977""","=""L153""",
W,1,"=""520.618""","=""520.6187""","=""0.0019""","=""12""","=""2.49e+06""",B,"=""19827.68""","=""39030.25""","=""5d5.(4P).6s""","=""5P""","=""3""","=""""","=""*""","=""2""",7,5,,"=""T6977""","=""L153""",
W,1,"=""522.4657""","=""522.4661""","=""0.0019""","=""250""","=""1.2e+06""",B,"=""4830.00""","=""23964.67""","=""5d4.6s2""","=""5D""","=""3""","=""5d4.6s.(6D).6p""","=""7D*""","=""2""",7,5,,"=""T4976""","=""L153""",
W,1,"=""524.298""","=""524.2973""","=""0.0019""","=""250""","=""1.1e+06""",B,"=""16431.31""","=""35499.15""","=""5d4.6s2""","=""3G""","=""4""","=""""","=""*""","=""3""",9,7,,"=""T4976""","=""L153""",
W,1,"=""524.7417""","=""524.7401""","=""0.0019""","=""25""","=""3.0e+04""",D,"=""15069.93""","=""34121.68""","=""5d4.6s2""","=""3H""","=""5""","=""""","=""*""","=""4""",11,9,,"=""T4976""","=""L153""",
W,1,"=""525.4542""","=""525.4544""","=""0.0019""","=""100""","=""3.86e+05""",C,"=""15460.01""","=""34485.86""","=""5d4.6s2""","=""3D""","=""3""","=""""","=""*""","=""2""",7,5,,"=""T4976""","=""L153""",
W,1,"=""525.5396""","=""525.5401""","=""0.0019""","=""120""","=""2.61e+06""",B,"=""22476.68""","=""41499.43""","=""5d5.(4D).6s""","=""5D""","=""4""","=""""","=""*""","=""3""",9,7,,"=""T6977""","=""L153""",
W,1,"=""526.8550""","=""526.8545""","=""0.0019""","=""80""","=""1.4e+05""",C,"=""17107.01""","=""36082.30""","=""5d4.6s2""","=""3F2""","=""4""","=""""","=""*""","=""4""",9,9,,"=""T4976""","=""L153""",
W,2,"=""527.83992""","=""527.8399""","=""0.0006""","=""3""","=""1.08e+05""",B,"=""23450.418""","=""42390.287""","=""5d4.(3D).6s""","=""4D""","=""5/2""","=""5d3.(4F).6s.(5F).6p""","=""6G*""","=""7/2""",6,8,,"=""T7162""","=""L11762""",
W,1,"=""530.7459""","=""530.7461""","=""0.0020""","=""15""","=""3.7e+04""",C,"=""17107.01""","=""35943.17""","=""5d4.6s2""","=""3F2""","=""4""","=""""","=""*""","=""3""",9,7,,"=""T4976""","=""L153""",
W,1,"=""535.4446""","=""535.4456""","=""0.0020""","=""50""","=""1.0e+05""",C,"=""9528.06""","=""28198.90""","=""5d4.6s2""","=""3P2""","=""0""","=""5d4.6s.(6D).6p""","=""5P*""","=""1""",1,3,,"=""T4976""","=""L153""",
W,1,"=""535.7094""","=""535.7087""","=""0.0020""","=""40""","=""8.4e+04""",C,"=""15460.01""","=""34121.68""","=""5d4.6s2""","=""3D""","=""3""","=""""","=""*""","=""4""",7,9,,"=""T4976""","=""L153""",
W,1,"=""539.1070""","=""539.1063""","=""0.0020""","=""30""","=""8.9e+03""",C,"=""6219.33""","=""24763.39""","=""5d4.6s2""","=""5D""","=""4""","=""5d4.6s.(6D).6p""","=""7F*""","=""4""",9,9,,"=""T4976""","=""L153""",
W,1,"=""541.3832""","=""541.3821""","=""0.0021""","=""10""","=""1.0e+05""",D,"=""19535.01""","=""38001.12""","=""5d5.(4G).6s""","=""5G""","=""5""","=""""","=""*""","=""4""",11,9,,"=""T4976""","=""L153""",
W,1,"=""542.393""","=""542.3922""","=""0.0021""","=""40""","=""2.9e+05""",B,"=""19827.68""","=""38259.40""","=""5d5.(4P).6s""","=""5P""","=""3""","=""""","=""*""","=""4""",7,9,,"=""T6977""","=""L153""",
W,1,"=""543.5032""","=""543.5042""","=""0.0021""","=""100""","=""9.0e+04""",C,"=""1670.29""","=""20064.30""","=""5d4.6s2""","=""5D""","=""1""","=""5d4.6s.(6D).6p""","=""7F*""","=""1""",3,3,,"=""T4976""","=""L153""",
W,1,"=""543.559""","=""543.5594""","=""0.0021""","=""30""","=""1.2e+05""",C,"=""17107.01""","=""35499.15""","=""5d4.6s2""","=""3F2""","=""4""","=""""","=""*""","=""3""",9,7,,"=""T4976""","=""L153""",
W,1,"=""543.8852""","=""543.8853""","=""0.0021""","=""8""","=""3.3e+04""",E,"=""17701.18""","=""36082.30""","=""5d4.6s2""","=""3F2""","=""3""","=""""","=""*""","=""4""",7,9,,"=""T4976""","=""L153""",
W,1,"=""546.293""","=""546.2930""","=""0.0021""","=""1""","=""3.e+03""",E,"=""15069.93""","=""33370.04""","=""5d4.6s2""","=""3H""","=""5""","=""5d4.6s.(6D).6p""","=""5F*""","=""5""",11,11,,"=""T4976""","=""L153""",
W,1,"=""547.7776""","=""547.7798""","=""0.0021""","=""80""","=""2.6e+05""",C,"=""9528.06""","=""27778.50""","=""5d4.6s2""","=""3P2""","=""0""","=""5d4.6s.(6D).6p""","=""5D*""","=""1""",1,3,,"=""T4976""","=""L153""",
W,1,"=""549.6234""","=""549.6250""","=""0.0021""","=""30""","=""4.0e+05""",B,"=""22476.68""","=""40665.85""","=""5d5.(4D).6s""","=""5D""","=""4""","=""""","=""*""","=""3""",9,7,,"=""T6977""","=""L153""",
W,1,"=""550.0490""","=""550.0511""","=""0.0021""","=""75""","=""6.9e+05""",C,"=""19826.04""","=""38001.12""","=""5d4.6s2""","=""3G""","=""5""","=""""","=""*""","=""4""",11,9,,"=""T4976""","=""L153""",
W,1,"=""550.0996""","=""550.1007""","=""0.0021""","=""10""","=""7.1e+04""",C,"=""19827.68""","=""38001.12""","=""5d5.(4P).6s""","=""5P""","=""3""","=""""","=""*""","=""4""",7,9,,"=""T4976""","=""L153""",
W,1,"=""550.147""","=""550.1489""","=""0.0021""","=""5""","=""4.1e+04""",E,"=""18974.51""","=""37146.36""","=""5d5.(4G).6s""","=""5G""","=""3""","=""""","=""*""","=""4""",7,9,,"=""T4976""","=""L153""",
W,1,"=""551.4676""","=""551.4684""","=""0.0021""","=""300""","=""7.3e+05""",C,"=""3325.53""","=""21453.90""","=""5d4.6s2""","=""5D""","=""2""","=""5d4.6s.(6D).6p""","=""7D*""","=""1""",5,3,,"=""T4976""","=""L153""",
W,1,"=""552.1004""","=""552.0991""","=""0.0021""","=""10""","=""4.7e+05""",B,"=""18082.83""","=""36190.49""","=""5d4.6s2""","=""3D""","=""1""","=""""","=""*""","=""1""",3,3,,"=""T6977""","=""L153""",
W,1,"=""552.8090""","=""552.8108""","=""0.0021""","=""6""","=""1.1e+04""",D,"=""13348.56""","=""31432.91""","=""5d4.6s2""","=""3G""","=""3""","=""5d4.6s.(6D).6p""","=""5F*""","=""4""",7,9,,"=""T4976""","=""L153""",
W,1,"=""553.1384""","=""553.1380""","=""0.0021""","=""30""","=""6.8e+05""",B,"=""18116.84""","=""36190.49""","=""5d5.(4G).6s""","=""5G""","=""2""","=""""","=""*""","=""1""",5,3,,"=""T6977""","=""L153""",
W,1,"=""553.7722""","=""553.7732""","=""0.0021""","=""10""","=""2.2e+05""",C,"=""19256.24""","=""37309.16""","=""5d5.(4G).6s""","=""5G""","=""4""","=""""","=""*""","=""5""",9,11,,"=""T4976""","=""L153""",
W,1,"=""553.9482""","=""553.9478""","=""0.0021""","=""6""","=""4.8e+05""",B,"=""20983.02""","=""39030.25""","=""5d5.(4P).6s""","=""5P""","=""2""","=""""","=""*""","=""2""",5,5,,"=""T6977""","=""L153""",
W,1,"=""555.1012""","=""555.1000""","=""0.0022""","=""5""","=""1.2e+04""",E,"=""17107.01""","=""35116.78""","=""5d4.6s2""","=""3F2""","=""4""","=""""","=""*""","=""4""",9,9,,"=""T4976""","=""L153""",
W,1,"=""560.8134""","=""560.8123""","=""0.0022""","=""5""","=""6.4e+04""",C,"=""18116.84""","=""35943.17""","=""5d5.(4G).6s""","=""5G""","=""2""","=""""","=""*""","=""3""",5,7,,"=""T4976""","=""L153""",
W,1,"=""561.705""","=""561.7059""","=""0.0022""","=""5""","=""1.47e+05""",C,"=""17701.18""","=""35499.15""","=""5d4.6s2""","=""3F2""","=""3""","=""""","=""*""","=""3""",7,7,,"=""T4976""","=""L153""",
W,1,"=""562.458""","=""562.4587""","=""0.0022""","=""6""","=""7.e+04""",D,"=""19535.01""","=""37309.16""","=""5d5.(4G).6s""","=""5G""","=""5""","=""""","=""*""","=""5""",11,11,,"=""T4976""","=""L153""",
W,1,"=""563.194""","=""563.1957""","=""0.0022""","=""20""","=""1.43e+05""",D,"=""12161.96""","=""29912.85""","=""5d4.6s2""","=""3H""","=""4""","=""5d4.6s.(6D).6p""","=""5D*""","=""3""",9,7,,"=""T4976""","=""L153""",
W,1,"=""565.124""","=""565.1225""","=""0.0022""","=""2""","=""1.1e+04""",E,"=""16431.31""","=""34121.68""","=""5d4.6s2""","=""3G""","=""4""","=""""","=""*""","=""4""",9,9,,"=""T4976""","=""L153""",
W,1,"=""565.410""","=""565.4101""","=""0.0022""","=""3""","=""2.6e+04""",D,"=""15460.01""","=""33141.38""","=""5d4.6s2""","=""3D""","=""3""","=""""","=""*""","=""2""",7,5,,"=""T4976""","=""L153""",
W,1,"=""566.007""","=""566.0081""","=""0.0022""","=""6""","=""1.2e+05""",C,"=""18280.48""","=""35943.17""","=""5d5.(6S).6s""","=""5S""","=""2""","=""""","=""*""","=""3""",5,7,,"=""T4976""","=""L153""",
W,1,"=""566.072""","=""566.0744""","=""0.0022""","=""20""","=""6.8e+05""",C,"=""19648.54""","=""37309.16""","=""5d5.(4G).6s""","=""5G""","=""6""","=""""","=""*""","=""5""",13,11,,"=""T4976""","=""L153""",
W,1,"=""567.353""","=""567.3537""","=""0.0023""","=""5""","=""4.6e+05""",C,"=""19253.56""","=""36874.36""","=""5d4.6s2""","=""3P2""","=""2""","=""""","=""*""","=""3""",5,7,,"=""T6977""","=""L153""",
W,1,"=""567.439""","=""567.4400""","=""0.0023""","=""10""","=""1.77e+06""",B,"=""19256.24""","=""36874.36""","=""5d5.(4G).6s""","=""5G""","=""4""","=""""","=""*""","=""3""",9,7,,"=""T6977""","=""L153""",
W,1,"=""567.537""","=""567.5366""","=""0.0023""","=""5""","=""2.20e+05""",C,"=""18116.84""","=""35731.96""","=""5d5.(4G).6s""","=""5G""","=""2""","=""""","=""*""","=""2""",5,5,,"=""T4976""","=""L153""",
W,1,"=""569.779""","=""569.7799""","=""0.0023""","=""10""","=""2.8e+05""",C,"=""13777.71""","=""31323.48""","=""5d4.6s2""","=""3F2""","=""2""","=""""","=""*""","=""1""",5,3,,"=""T4976""","=""L153""",
W,1,"=""572.856""","=""572.858""","=""0.003""","=""4""","=""1.0e+05""",D,"=""18280.48""","=""35731.96""","=""5d5.(6S).6s""","=""5S""","=""2""","=""""","=""*""","=""2""",5,5,,"=""T4976""","=""L153""",
W,1,"=""575.137""","=""575.138""","=""0.003""","=""2""","=""1.76e+04""",D,"=""18116.84""","=""35499.15""","=""5d5.(4G).6s""","=""5G""","=""2""","=""""","=""*""","=""3""",5,7,,"=""T4976""","=""L153""",
W,1,"=""577.198""","=""577.196""","=""0.003""","=""6""","=""9.6e+04""",D,"=""19826.04""","=""37146.36""","=""5d4.6s2""","=""3G""","=""5""","=""""","=""*""","=""4""",11,9,,"=""T4976""","=""L153""",
W,1,"=""579.649""","=""579.648""","=""0.003""","=""8""","=""2.21e+05""",C,"=""17107.01""","=""34354.08""","=""5d4.6s2""","=""3F2""","=""4""","=""""","=""*""","=""3""",9,7,,"=""T4976""","=""L153""",
W,1,"=""579.951""","=""579.950""","=""0.003""","=""5""","=""4.e+04""",E,"=""13348.56""","=""30586.64""","=""5d4.6s2""","=""3G""","=""3""","=""5d4.6s.(6D).6p""","=""5P*""","=""3""",7,7,,"=""T4976""","=""L153""",
W,1,"=""580.605""","=""580.604""","=""0.003""","=""3""","=""6.9e+04""",C,"=""18280.48""","=""35499.15""","=""5d5.(6S).6s""","=""5S""","=""2""","=""""","=""*""","=""3""",5,7,,"=""T4976""","=""L153""",
W,1,"=""582.260""","=""582.259""","=""0.003""","=""10""","=""1.07e+06""",B,"=""22476.68""","=""39646.41""","=""5d5.(4D).6s""","=""5D""","=""4""","=""""","=""*""","=""3""",9,7,,"=""T6977""","=""L153""",
W,1,"=""586.463""","=""586.462""","=""0.003""","=""12""","=""1.60e+06""",B,"=""19827.68""","=""36874.36""","=""5d5.(4P).6s""","=""5P""","=""3""","=""""","=""*""","=""3""",7,7,,"=""T6977""","=""L153""",
W,1,"=""587.569""","=""587.565""","=""0.003""","=""5""","=""3.9e+04""",D,"=""17107.01""","=""34121.68""","=""5d4.6s2""","=""3F2""","=""4""","=""""","=""*""","=""4""",9,9,,"=""T4976""","=""L153""",
W,1,"=""589.161""","=""589.158""","=""0.003""","=""8""","=""1.47e+05""",C,"=""18974.51""","=""35943.17""","=""5d5.(4G).6s""","=""5G""","=""3""","=""""","=""*""","=""3""",7,7,,"=""T4976""","=""L153""",
W,1,"=""590.200""","=""590.199""","=""0.003""","=""4""","=""1.39e+04""",C,"=""16431.31""","=""33370.04""","=""5d4.6s2""","=""3G""","=""4""","=""5d4.6s.(6D).6p""","=""5F*""","=""5""",9,11,,"=""T4976""","=""L153""",
W,1,"=""590.264""","=""590.262""","=""0.003""","=""20""","=""1.36e+06""",B,"=""19253.56""","=""36190.49""","=""5d4.6s2""","=""3P2""","=""2""","=""""","=""*""","=""1""",5,3,,"=""T6977""","=""L153""",
W,1,"=""594.757""","=""594.757""","=""0.003""","=""30""","=""2.40e+05""",C,"=""13777.71""","=""30586.64""","=""5d4.6s2""","=""3F2""","=""2""","=""5d4.6s.(6D).6p""","=""5P*""","=""3""",5,7,,"=""T4976""","=""L153""",
W,1,"=""595.619""","=""595.616""","=""0.003""","=""10""","=""1.7e+05""",D,"=""17701.18""","=""34485.86""","=""5d4.6s2""","=""3F2""","=""3""","=""""","=""*""","=""2""",7,5,,"=""T4976""","=""L153""",
W,1,"=""596.586""","=""596.584""","=""0.003""","=""40""","=""1.0e+06""",C,"=""18974.51""","=""35731.96""","=""5d5.(4G).6s""","=""5G""","=""3""","=""""","=""*""","=""2""",7,5,,"=""T4976""","=""L153""",
W,1,"=""597.251""","=""597.250""","=""0.003""","=""25""","=""2.4e+04""",C,"=""3325.53""","=""20064.30""","=""5d4.6s2""","=""5D""","=""2""","=""5d4.6s.(6D).6p""","=""7F*""","=""1""",5,3,,"=""T4976""","=""L153""",
W,1,"=""599.011""","=""599.009""","=""0.003""","=""5""","=""6.3e+04""",C,"=""19253.56""","=""35943.17""","=""5d4.6s2""","=""3P2""","=""2""","=""""","=""*""","=""3""",5,7,,"=""T4976""","=""L153""",
W,1,"=""599.107""","=""599.105""","=""0.003""","=""3""","=""2.29e+04""",D,"=""19256.24""","=""35943.17""","=""5d5.(4G).6s""","=""5G""","=""4""","=""""","=""*""","=""3""",9,7,,"=""T4976""","=""L153""",
W,1,"=""600.917""","=""600.922""","=""0.003""","=""1""","=""8.7e+04""",C,"=""18082.83""","=""34719.33""","=""5d4.6s2""","=""3D""","=""1""","=""""","=""*""","=""1""",3,3,,"=""T6977""","=""L153""",
W,1,"=""600.968""","=""600.966""","=""0.003""","=""8""","=""4.4e+03""",E,"=""12161.96""","=""28797.24""","=""5d4.6s2""","=""3H""","=""4""","=""5d4.6s.(6D).6p""","=""7D*""","=""4""",9,9,,"=""T4976""","=""L153""",
W,1,"=""602.152""","=""602.153""","=""0.003""","=""40""","=""6.6e+05""",B,"=""18116.84""","=""34719.33""","=""5d5.(4G).6s""","=""5G""","=""2""","=""""","=""*""","=""1""",5,3,,"=""T6977""","=""L153""",
W,1,"=""603.542""","=""603.541""","=""0.003""","=""4""","=""9.e+03""",E,"=""13348.56""","=""29912.85""","=""5d4.6s2""","=""3G""","=""3""","=""5d4.6s.(6D).6p""","=""5D*""","=""3""",7,7,,"=""T4976""","=""L153""",
W,1,"=""604.162""","=""604.161""","=""0.003""","=""10""","=""6.e+04""",E,"=""19535.01""","=""36082.30""","=""5d5.(4G).6s""","=""5G""","=""5""","=""""","=""*""","=""4""",11,9,,"=""T4976""","=""L153""",
W,1,"=""604.992""","=""604.989""","=""0.003""","=""12""","=""1.3e+05""",C,"=""18974.51""","=""35499.15""","=""5d5.(4G).6s""","=""5G""","=""3""","=""""","=""*""","=""3""",7,7,,"=""T4976""","=""L153""",
W,1,"=""606.688""","=""606.687""","=""0.003""","=""4""","=""8.e+04""",E,"=""19253.56""","=""35731.96""","=""5d4.6s2""","=""3P2""","=""2""","=""""","=""*""","=""2""",5,5,,"=""T4976""","=""L153""",
W,1,"=""608.144""","=""608.147""","=""0.003""","=""30""","=""4.0e+05""",B,"=""18280.48""","=""34719.33""","=""5d5.(6S).6s""","=""5S""","=""2""","=""""","=""*""","=""1""",5,3,,"=""T6977""","=""L153""",
W,1,"=""609.475""","=""609.475""","=""0.003""","=""5""","=""3.8e+04""",E,"=""18082.83""","=""34485.86""","=""5d4.6s2""","=""3D""","=""1""","=""""","=""*""","=""2""",3,5,,"=""T4976""","=""L153""",
W,1,"=""610.742""","=""610.741""","=""0.003""","=""10""","=""6.e+04""",E,"=""18116.84""","=""34485.86""","=""5d5.(4G).6s""","=""5G""","=""2""","=""""","=""*""","=""2""",5,5,,"=""T4976""","=""L153""",
W,1,"=""611.552""","=""611.553""","=""0.003""","=""12""","=""1.3e+05""",C,"=""14976.18""","=""31323.48""","=""5d4.6s2""","=""3D""","=""2""","=""""","=""*""","=""1""",5,3,,"=""T4976""","=""L153""",
W,1,"=""614.723""","=""614.721""","=""0.003""","=""3""","=""1.8e+04""",C,"=""17107.01""","=""33370.04""","=""5d4.6s2""","=""3F2""","=""4""","=""5d4.6s.(6D).6p""","=""5F*""","=""5""",9,11,,"=""T4976""","=""L153""",
W,1,"=""616.143""","=""616.140""","=""0.003""","=""8""","=""2.6e+05""",C,"=""18116.84""","=""34342.44""","=""5d5.(4G).6s""","=""5G""","=""2""","=""""","=""*""","=""1""",5,3,,"=""T6977""","=""L153""",
W,1,"=""616.911""","=""616.908""","=""0.003""","=""10""","=""1.5e+05""",D,"=""18280.48""","=""34485.86""","=""5d5.(6S).6s""","=""5S""","=""2""","=""""","=""*""","=""2""",5,5,,"=""T4976""","=""L153""",
W,1,"=""619.323""","=""619.320""","=""0.003""","=""10""","=""4.6e+04""",C,"=""18974.51""","=""35116.78""","=""5d5.(4G).6s""","=""5G""","=""3""","=""""","=""*""","=""4""",7,9,,"=""T4976""","=""L153""",
W,1,"=""619.596""","=""619.594""","=""0.003""","=""10""","=""1.6e+04""",E,"=""13777.71""","=""29912.85""","=""5d4.6s2""","=""3F2""","=""2""","=""5d4.6s.(6D).6p""","=""5D*""","=""3""",5,7,,"=""T4976""","=""L153""",
W,1,"=""620.351""","=""620.349""","=""0.003""","=""20""","=""3.0e+05""",C,"=""19827.68""","=""35943.17""","=""5d5.(4P).6s""","=""5P""","=""3""","=""""","=""*""","=""3""",7,7,,"=""T4976""","=""L153""",
W,1,"=""625.888""","=""625.887""","=""0.003""","=""5""","=""1.30e+04""",D,"=""15460.01""","=""31432.91""","=""5d4.6s2""","=""3D""","=""3""","=""5d4.6s.(6D).6p""","=""5F*""","=""4""",7,9,,"=""T4976""","=""L153""",
W,1,"=""628.588""","=""628.588""","=""0.003""","=""25""","=""6.6e+05""",C,"=""19827.68""","=""35731.96""","=""5d5.(4P).6s""","=""5P""","=""3""","=""""","=""*""","=""2""",7,5,,"=""T4976""","=""L153""",
W,1,"=""629.202""","=""629.203""","=""0.003""","=""60""","=""2.26e+05""",C,"=""13307.10""","=""29195.84""","=""5d4.6s2""","=""3P2""","=""1""","=""5d4.6s.(6D).6p""","=""5D*""","=""2""",3,5,,"=""T4976""","=""L153""",
W,1,"=""630.321""","=""630.321""","=""0.003""","=""20""","=""1.84e+05""",C,"=""19256.24""","=""35116.78""","=""5d5.(4G).6s""","=""5G""","=""4""","=""""","=""*""","=""4""",9,9,,"=""T4976""","=""L153""",
W,1,"=""630.850""","=""630.849""","=""0.003""","=""10""","=""1.9e+04""",D,"=""13348.56""","=""29195.84""","=""5d4.6s2""","=""3G""","=""3""","=""5d4.6s.(6D).6p""","=""5D*""","=""2""",7,5,,"=""T4976""","=""L153""",
W,1,"=""640.421""","=""640.419""","=""0.003""","=""30""","=""1.50e+05""",D,"=""14976.18""","=""30586.64""","=""5d4.6s2""","=""3D""","=""2""","=""5d4.6s.(6D).6p""","=""5P*""","=""3""",5,7,,"=""T4976""","=""L153""",
W,1,"=""643.970""","=""643.968""","=""0.003""","=""15""","=""1.29e+05""",C,"=""22476.68""","=""38001.12""","=""5d5.(4D).6s""","=""5D""","=""4""","=""""","=""*""","=""4""",9,9,,"=""T4976""","=""L153""",
W,1,"=""644.512""","=""644.511""","=""0.003""","=""50""","=""6.4e+05""",C,"=""18974.51""","=""34485.86""","=""5d5.(4G).6s""","=""5G""","=""3""","=""""","=""*""","=""2""",7,5,,"=""T4976""","=""L153""",
W,1,"=""647.484""","=""647.481""","=""0.003""","=""8""","=""2.4e+04""",D,"=""17701.18""","=""33141.38""","=""5d4.6s2""","=""3F2""","=""3""","=""""","=""*""","=""2""",7,5,,"=""T4976""","=""L153""",
W,1,"=""648.409""","=""648.408""","=""0.003""","=""25""","=""3.84e+04""",D,"=""13777.71""","=""29195.84""","=""5d4.6s2""","=""3F2""","=""2""","=""5d4.6s.(6D).6p""","=""5D*""","=""2""",5,5,,"=""T4976""","=""L153""",
W,1,"=""650.805""","=""650.802""","=""0.003""","=""20""","=""3.3e+04""",D,"=""13777.71""","=""29139.12""","=""5d4.6s2""","=""3F2""","=""2""","=""5d4.6s.(6D).6p""","=""5F*""","=""3""",5,7,,"=""T4976""","=""L153""",
W,1,"=""653.239""","=""653.238""","=""0.003""","=""25""","=""4.6e+05""",E,"=""20427.84""","=""35731.96""","=""5d5.(4P).6s""","=""5P""","=""1""","=""""","=""*""","=""2""",3,5,,"=""T4976""","=""L153""",
W,1,"=""653.811""","=""653.810""","=""0.003""","=""30""","=""2.7e+05""",C,"=""19826.04""","=""35116.78""","=""5d4.6s2""","=""3G""","=""5""","=""""","=""*""","=""4""",11,9,,"=""T4976""","=""L153""",
W,1,"=""656.320""","=""656.318""","=""0.003""","=""25""","=""2.04e+05""",D,"=""19253.56""","=""34485.86""","=""5d4.6s2""","=""3P2""","=""2""","=""""","=""*""","=""2""",5,5,,"=""T4976""","=""L153""",
W,1,"=""657.393""","=""657.390""","=""0.003""","=""30""","=""9.9e+05""",B,"=""20983.02""","=""36190.49""","=""5d5.(4P).6s""","=""5P""","=""2""","=""""","=""*""","=""1""",5,3,,"=""T6977""","=""L153""",
W,1,"=""660.905""","=""660.903""","=""0.003""","=""18""","=""4.e+04""",E,"=""15460.01""","=""30586.64""","=""5d4.6s2""","=""3D""","=""3""","=""5d4.6s.(6D).6p""","=""5P*""","=""3""",7,7,,"=""T4976""","=""L153""",
W,1,"=""668.260""","=""668.258""","=""0.003""","=""12""","=""4.3e+04""",D,"=""20983.02""","=""35943.17""","=""5d5.(4P).6s""","=""5P""","=""2""","=""""","=""*""","=""3""",5,7,,"=""T4976""","=""L153""",
W,1,"=""669.308""","=""669.308""","=""0.003""","=""30""","=""3.6e+04""",D,"=""14976.18""","=""29912.85""","=""5d4.6s2""","=""3D""","=""2""","=""5d4.6s.(6D).6p""","=""5D*""","=""3""",5,7,,"=""T4976""","=""L153""",
W,1,"=""671.328""","=""671.325""","=""0.004""","=""15""","=""2.3e+04""",E,"=""13307.10""","=""28198.90""","=""5d4.6s2""","=""3P2""","=""1""","=""5d4.6s.(6D).6p""","=""5P*""","=""1""",3,3,,"=""T4976""","=""L153""",
W,1,"=""672.518""","=""672.516""","=""0.004""","=""15""","=""3.2e+04""",E,"=""19256.24""","=""34121.68""","=""5d5.(4G).6s""","=""5G""","=""4""","=""""","=""*""","=""4""",9,9,,"=""T4976""","=""L153""",
W,1,"=""681.492""","=""681.490""","=""0.004""","=""20""","=""1.46e+05""",D,"=""22476.68""","=""37146.36""","=""5d5.(4D).6s""","=""5D""","=""4""","=""""","=""*""","=""4""",9,9,,"=""T4976""","=""L153""",
W,1,"=""685.374""","=""685.368""","=""0.004""","=""30""","=""3.6e+04""",D,"=""19535.01""","=""34121.68""","=""5d5.(4G).6s""","=""5G""","=""5""","=""""","=""*""","=""4""",11,9,,"=""T4976""","=""L153""",
W,1,"=""688.781""","=""688.775""","=""0.004""","=""10""","=""2.e+03""",D,"=""12161.96""","=""26676.48""","=""5d4.6s2""","=""3H""","=""4""","=""5d4.6s.(6D).6p""","=""7F*""","=""5""",9,11,,"=""T4976""","=""L153""",
W,1,"=""690.829""","=""690.828""","=""0.004""","=""20""","=""3.37e+04""",C,"=""13307.10""","=""27778.50""","=""5d4.6s2""","=""3P2""","=""1""","=""5d4.6s.(6D).6p""","=""5D*""","=""1""",3,3,,"=""T4976""","=""L153""",
W,1,"=""691.719""","=""691.715""","=""0.004""","=""10""","=""1.0e+04""",E,"=""15460.01""","=""29912.85""","=""5d4.6s2""","=""3D""","=""3""","=""5d4.6s.(6D).6p""","=""5D*""","=""3""",7,7,,"=""T4976""","=""L153""",
W,1,"=""693.423""","=""693.424""","=""0.004""","=""30""","=""1.5e+04""",D,"=""14976.18""","=""29393.40""","=""5d4.6s2""","=""3D""","=""2""","=""5d4.6s.(6D).6p""","=""5P*""","=""2""",5,5,,"=""T4976""","=""L153""",
W,1,"=""696.412""","=""696.409""","=""0.004""","=""25""","=""2.28e+04""",C,"=""13307.10""","=""27662.52""","=""5d4.6s2""","=""3P2""","=""1""","=""5d4.6s.(6D).6p""","=""5F*""","=""2""",3,5,,"=""T4976""","=""L153""",
W,1,"=""698.427""","=""698.426""","=""0.004""","=""40""","=""4.4e+04""",D,"=""13348.56""","=""27662.52""","=""5d4.6s2""","=""3G""","=""3""","=""5d4.6s.(6D).6p""","=""5F*""","=""2""",7,5,,"=""T4976""","=""L153""",
W,1,"=""699.327""","=""699.321""","=""0.004""","=""30""","=""5.8e+04""",D,"=""19826.04""","=""34121.68""","=""5d4.6s2""","=""3G""","=""5""","=""""","=""*""","=""4""",11,9,,"=""T4976""","=""L153""",
W,1,"=""699.406""","=""699.401""","=""0.004""","=""15""","=""5.2e+04""",D,"=""19827.68""","=""34121.68""","=""5d5.(4P).6s""","=""5P""","=""3""","=""""","=""*""","=""4""",7,9,,"=""T4976""","=""L153""",
W,1,"=""714.052""","=""714.049""","=""0.004""","=""40""","=""1.0e+05""",C,"=""13777.71""","=""27778.50""","=""5d4.6s2""","=""3F2""","=""2""","=""5d4.6s.(6D).6p""","=""5D*""","=""1""",5,3,,"=""T4976""","=""L153""",
W,1,"=""720.016""","=""720.013""","=""0.004""","=""40""","=""4.2e+04""",C,"=""13777.71""","=""27662.52""","=""5d4.6s2""","=""3F2""","=""2""","=""5d4.6s.(6D).6p""","=""5F*""","=""2""",5,5,,"=""T4976""","=""L153""",
W,1,"=""722.606""","=""722.604""","=""0.004""","=""20""","=""2.8e+04""",D,"=""19535.01""","=""33370.04""","=""5d5.(4G).6s""","=""5G""","=""5""","=""5d4.6s.(6D).6p""","=""5F*""","=""5""",11,11,,"=""T4976""","=""L153""",
W,1,"=""728.044""","=""728.040""","=""0.004""","=""10""","=""1.30e+04""",D,"=""17701.18""","=""31432.91""","=""5d4.6s2""","=""3F2""","=""3""","=""5d4.6s.(6D).6p""","=""5F*""","=""4""",7,9,,"=""T4976""","=""L153""",
W,1,"=""728.581""","=""728.583""","=""0.004""","=""60""","=""1.47e+05""",C,"=""19648.54""","=""33370.04""","=""5d5.(4G).6s""","=""5G""","=""6""","=""5d4.6s.(6D).6p""","=""5F*""","=""5""",13,11,,"=""T4976""","=""L153""",
W,1,"=""738.131""","=""738.131""","=""0.004""","=""15""","=""1.66e+04""",D,"=""19826.04""","=""33370.04""","=""5d4.6s2""","=""3G""","=""5""","=""5d4.6s.(6D).6p""","=""5F*""","=""5""",11,11,,"=""T4976""","=""L153""",
W,1,"=""748.335""","=""748.329""","=""0.004""","=""30""","=""3.1e+05""",B,"=""20983.02""","=""34342.44""","=""5d5.(4P).6s""","=""5P""","=""2""","=""""","=""*""","=""1""",5,3,,"=""T6977""","=""L153""",
W,1,"=""750.900""","=""750.899""","=""0.004""","=""40""","=""1.5e+05""",D,"=""19827.68""","=""33141.38""","=""5d5.(4P).6s""","=""5P""","=""3""","=""""","=""*""","=""2""",7,5,,"=""T4976""","=""L153""",
W,1,"=""755.048""","=""755.042""","=""0.004""","=""40""","=""1.5e+05""",C,"=""18082.83""","=""31323.48""","=""5d4.6s2""","=""3D""","=""1""","=""""","=""*""","=""1""",3,3,,"=""T4976""","=""L153""",
W,1,"=""756.992""","=""756.986""","=""0.004""","=""80""","=""3.73e+05""",C,"=""18116.84""","=""31323.48""","=""5d5.(4G).6s""","=""5G""","=""2""","=""""","=""*""","=""1""",5,3,,"=""T4976""","=""L153""",
W,1,"=""765.481""","=""765.476""","=""0.004""","=""80""","=""1.2e+04""",D,"=""13307.10""","=""26367.28""","=""5d4.6s2""","=""3P2""","=""1""","=""""","=""*""","=""2""",3,5,,"=""T4976""","=""L153""",
W,1,"=""766.488""","=""766.484""","=""0.004""","=""200""","=""3.80e+05""",C,"=""18280.48""","=""31323.48""","=""5d5.(6S).6s""","=""5S""","=""2""","=""""","=""*""","=""1""",5,3,,"=""T4976""","=""L153""",
W,1,"=""767.918""","=""767.913""","=""0.004""","=""40""","=""6.e+03""",E,"=""13348.56""","=""26367.28""","=""5d4.6s2""","=""3G""","=""3""","=""""","=""*""","=""2""",7,5,,"=""T4976""","=""L153""",
W,1,"=""780.896""","=""780.894""","=""0.004""","=""60""","=""4.9e+04""",C,"=""14976.18""","=""27778.50""","=""5d4.6s2""","=""3D""","=""2""","=""5d4.6s.(6D).6p""","=""5D*""","=""1""",5,3,,"=""T4976""","=""L153""",
W,1,"=""786.347""","=""786.347""","=""0.004""","=""60""","=""1.2e+05""",D,"=""20427.84""","=""33141.38""","=""5d5.(4P).6s""","=""5P""","=""1""","=""""","=""*""","=""2""",3,5,,"=""T4976""","=""L153""",
W,1,"=""786.704""","=""786.701""","=""0.004""","=""50""","=""2.09e+04""",D,"=""16431.31""","=""29139.12""","=""5d4.6s2""","=""3G""","=""4""","=""5d4.6s.(6D).6p""","=""5F*""","=""3""",9,7,,"=""T4976""","=""L153""",
W,1,"=""788.040""","=""788.033""","=""0.004""","=""70""","=""1.8e+04""",E,"=""14976.18""","=""27662.52""","=""5d4.6s2""","=""3D""","=""2""","=""5d4.6s.(6D).6p""","=""5F*""","=""2""",5,5,,"=""T4976""","=""L153""",
W,1,"=""788.648""","=""788.644""","=""0.004""","=""80""","=""3.0e+04""",C,"=""13307.10""","=""25983.60""","=""5d4.6s2""","=""3P2""","=""1""","=""5d4.6s.(6D).6p""","=""5F*""","=""1""",3,3,,"=""T4976""","=""L153""",
W,1,"=""794.092""","=""794.090""","=""0.004""","=""120""","=""5.0e+04""",D,"=""13777.71""","=""26367.28""","=""5d4.6s2""","=""3F2""","=""2""","=""""","=""*""","=""2""",5,5,,"=""T4976""","=""L153""",
W,1,"=""801.719""","=""801.717""","=""0.005""","=""120""","=""1.6e+05""",E,"=""18116.84""","=""30586.64""","=""5d5.(4G).6s""","=""5G""","=""2""","=""5d4.6s.(6D).6p""","=""5P*""","=""3""",5,7,,"=""T4976""","=""L153""",
W,1,"=""805.489""","=""805.484""","=""0.005""","=""30""","=""3.3e+04""",D,"=""13777.71""","=""26189.20""","=""5d4.6s2""","=""3F2""","=""2""","=""5d4.6s.(6D).6p""","=""7D*""","=""3""",5,7,,"=""T4976""","=""L153""",
W,1,"=""812.382""","=""812.378""","=""0.005""","=""150""","=""1.0e+05""",E,"=""18280.48""","=""30586.64""","=""5d5.(6S).6s""","=""5S""","=""2""","=""5d4.6s.(6D).6p""","=""5P*""","=""3""",5,7,,"=""T4976""","=""L153""",
W,1,"=""821.022""","=""821.017""","=""0.005""","=""50""","=""6.0e+04""",C,"=""19256.24""","=""31432.91""","=""5d5.(4G).6s""","=""5G""","=""4""","=""5d4.6s.(6D).6p""","=""5F*""","=""4""",9,9,,"=""T4976""","=""L153""",
W,1,"=""832.205""","=""832.197""","=""0.006""","=""50""","=""7.4e+04""",D,"=""23930.08""","=""35943.17""","=""5d5.(4D).6s""","=""5D""","=""3""","=""""","=""*""","=""3""",7,7,,"=""T4976""","=""L153""",
W,1,"=""835.872""","=""835.865""","=""0.006""","=""75""","=""1.89e+05""",D,"=""23982.80""","=""35943.17""","=""5d5.(4D).6s""","=""5D""","=""2""","=""""","=""*""","=""3""",5,7,,"=""T4976""","=""L153""",
W,1,"=""838.294""","=""838.285""","=""0.006""","=""30""","=""1.0e+04""",E,"=""9528.06""","=""21453.90""","=""5d4.6s2""","=""3P2""","=""0""","=""5d4.6s.(6D).6p""","=""7D*""","=""1""",1,3,,"=""T4976""","=""L153""",
W,1,"=""840.260""","=""840.254""","=""0.006""","=""40""","=""3.8e+04""",D,"=""19535.01""","=""31432.91""","=""5d5.(4G).6s""","=""5G""","=""5""","=""5d4.6s.(6D).6p""","=""5F*""","=""4""",11,9,,"=""T4976""","=""L153""",
W,1,"=""861.327""","=""861.322""","=""0.007""","=""50""","=""5.7e+04""",D,"=""19826.04""","=""31432.91""","=""5d4.6s2""","=""3G""","=""5""","=""5d4.6s.(6D).6p""","=""5F*""","=""4""",11,9,,"=""T4976""","=""L153""",
W,1,"=""861.450""","=""861.444""","=""0.007""","=""30""","=""2.6e+04""",D,"=""19827.68""","=""31432.91""","=""5d5.(4P).6s""","=""5P""","=""3""","=""5d4.6s.(6D).6p""","=""5F*""","=""4""",7,9,,"=""T4976""","=""L153""",
W,1,"=""874.047""","=""874.043""","=""0.007""","=""25""","=""2.74e+04""",D,"=""17701.18""","=""29139.12""","=""5d4.6s2""","=""3F2""","=""3""","=""5d4.6s.(6D).6p""","=""5F*""","=""3""",7,7,,"=""T4976""","=""L153""",
W,1,"=""886.553""","=""886.552""","=""0.008""","=""10""","=""1.4e+05""",D,"=""18116.84""","=""29393.40""","=""5d5.(4G).6s""","=""5G""","=""2""","=""5d4.6s.(6D).6p""","=""5P*""","=""2""",5,5,,"=""T4976""","=""L153""",
W,1,"=""887.162""","=""887.156""","=""0.008""","=""8""","=""8.3e+04""",D,"=""22852.80""","=""34121.68""","=""5d4.6s2""","=""1G2""","=""4""","=""""","=""*""","=""4""",9,9,,"=""T4976""","=""L153""",
W,1,"=""906.998""","=""907.004""","=""0.007""","=""5""","=""2.04e+04""",D,"=""18116.84""","=""29139.12""","=""5d5.(4G).6s""","=""5G""","=""2""","=""5d4.6s.(6D).6p""","=""5F*""","=""3""",5,7,,"=""T4976""","=""L153""",
W,1,"=""908.233""","=""908.229""","=""0.007""","=""3""","=""2.0e+04""",D,"=""14976.18""","=""25983.60""","=""5d4.6s2""","=""3D""","=""2""","=""5d4.6s.(6D).6p""","=""5F*""","=""1""",5,3,,"=""T4976""","=""L153""",
W,1,"=""915.890""","=""915.889""","=""0.007""","=""20""","=""1.2e+05""",D,"=""18280.48""","=""29195.84""","=""5d5.(6S).6s""","=""5S""","=""2""","=""5d4.6s.(6D).6p""","=""5D*""","=""2""",5,5,,"=""T4976""","=""L153""",
W,1,"=""917.739""","=""917.739""","=""0.007""","=""7""","=""2.5e+04""",D,"=""22476.68""","=""33370.04""","=""5d5.(4D).6s""","=""5D""","=""4""","=""5d4.6s.(6D).6p""","=""5F*""","=""5""",9,11,,"=""T4976""","=""L153""",
W,1,"=""938.136""","=""938.127""","=""0.008""","=""30""","=""1.53e+05""",D,"=""19256.24""","=""29912.85""","=""5d5.(4G).6s""","=""5G""","=""4""","=""5d4.6s.(6D).6p""","=""5D*""","=""3""",9,7,,"=""T4976""","=""L153""",
W,1,"=""976.461""","=""976.454""","=""0.009""","=""6""","=""1.9e+04""",D,"=""19535.01""","=""29773.34""","=""5d5.(4G).6s""","=""5G""","=""5""","=""5d4.6s.(6D).6p""","=""7D*""","=""5""",11,11,,"=""T4976""","=""L153""",
W,1,"=""980.943""","=""980.931""","=""0.009""","=""12""","=""9.7e+04""",D,"=""23930.08""","=""34121.68""","=""5d5.(4D).6s""","=""5D""","=""3""","=""""","=""*""","=""4""",7,9,,"=""T4976""","=""L153""",
W,1,"=""983.520""","=""983.536""","=""0.009""","=""10""","=""4.1e+04""",D,"=""18974.51""","=""29139.12""","=""5d5.(4G).6s""","=""5G""","=""3""","=""5d4.6s.(6D).6p""","=""5F*""","=""3""",7,7,,"=""T4976""","=""L153""",
W,1,"=""987.407""","=""987.403""","=""0.009""","=""8""","=""3.0e+04""",D,"=""19648.54""","=""29773.34""","=""5d5.(4G).6s""","=""5G""","=""6""","=""5d4.6s.(6D).6p""","=""7D*""","=""5""",13,11,,"=""T4976""","=""L153""",
W,1,"=""991.598""","=""991.589""","=""0.009""","=""10""","=""9.7e+04""",D,"=""18116.84""","=""28198.90""","=""5d5.(4G).6s""","=""5G""","=""2""","=""5d4.6s.(6D).6p""","=""5P*""","=""1""",5,3,,"=""T4976""","=""L153""",
W,1,"=""1005.031""","=""1005.022""","=""0.012""","=""4""","=""1.0e+04""",E,"=""19826.04""","=""29773.34""","=""5d4.6s2""","=""3G""","=""5""","=""5d4.6s.(6D).6p""","=""7D*""","=""5""",11,11,,"=""T4976""","=""L153""",
