element,ion_stage,species,wavelength_nm,observed_nm,ritz_nm,wavelength_medium,intensity,intensity_raw,Aki,accuracy,Ei_cm-1,Ek_cm-1,conf_i,term_i,J_i,conf_k,term_k,J_k
Mn,2,Mn II,181.3866,181.3866,181.3871,vacuum,30.0,30,260000000.0,D,54938.213,110068.93,3d4.4s2,c 5D,1,3d4.4s.4p,u 5D*,2
Mn,2,Mn II,181.524,181.524,181.5236,vacuum,40.0,40,240000000.0,D,55116.333,110205.6,3d4.4s2,c 5D,2,3d4.4s.4p,u 5D*,3
Mn,2,Mn II,181.6284,181.6284,181.6282,vacuum,25.0,25*,160000000.0,D,55371.693,110429.23,3d4.4s2,c 5D,3,3d4.4s.4p,u 5D*,4
Mn,2,Mn II,181.753,181.753,181.75331,vacuum,150.0,150D*,80000000.0,D,30523.71,85543.34,3d6,a 3H,6,3d5.(2H).4p,w 3G*,5
Mn,2,Mn II,182.2213,182.2213,182.2206,vacuum,30.0,30*,370000000.0,D,55116.333,109994.87,3d4.4s2,c 5D,2,3d4.4s.4p,u 5D*,1
Mn,2,Mn II,182.369,182.369,182.3689,vacuum,30.0,30,340000000.0,D,55371.693,110205.6,3d4.4s2,c 5D,3,3d4.4s.4p,u 5D*,3
Mn,2,Mn II,182.7076,182.7076,182.7077,vacuum,100.0,100,650000000.0,C,55697.014,110429.23,3d4.4s2,c 5D,4,3d4.4s.4p,u 5D*,4
Mn,2,Mn II,182.8251,182.8251,182.8246,vacuum,10.0,10,300000000.0,D,55371.693,110068.93,3d4.4s2,c 5D,3,3d4.4s.4p,u 5D*,2
Mn,2,Mn II,183.457,183.457,183.4573,vacuum,30.0,30,180000000.0,D,55697.014,110205.6,3d4.4s2,c 5D,4,3d4.4s.4p,u 5D*,3
Mn,2,Mn II,183.6508,183.6508,183.6511,vacuum,50.0,50,3300000.0,D+,14593.835,69044.91,3d6,a 5D,3,3d5.(4P).4p,z 3P*,2
Mn,2,Mn II,183.713,183.713,183.71334,vacuum,80.0,80,90000000.0,D,33147.71,87580.34,3d5.(4G).4s,a 3G,5,3d5.(a 2G).4p,u 3F*,4
Mn,2,Mn II,184.2863,184.2863,184.28524,vacuum,50.0,50*,4200000.0,D+,14781.205,69044.91,3d6,a 5D,2,3d5.(4P).4p,z 3P*,2
Mn,2,Mn II,184.693,184.693,184.69367,vacuum,10.0,10,1200000.0,D+,14901.203,69044.91,3d6,a 5D,1,3d5.(4P).4p,z 3P*,2
Mn,2,Mn II,184.773,184.773,184.77379,vacuum,150.0,150*,100000000.0,D,30523.71,84643.94,3d6,a 3H,6,3d5.(a 2G).4p,x 3H*,6
Mn,2,Mn II,184.773,184.773,184.7776,vacuum,150.0,150*,300000000.0,D,55116.333,109235.44,3d4.4s2,c 5D,2,3d4.(b 3F).4s.4p.(3P*),v 5D*,1
Mn,2,Mn II,184.816,184.816,184.8156,vacuum,10.0,10,150000000.0,D,54938.213,109046.2,3d4.4s2,c 5D,1,3d4.(b 3F).4s.4p.(1P*),u 5F*,2
Mn,2,Mn II,184.826,184.826,184.8261,vacuum,40.0,40,230000000.0,D,55371.693,109476.6,3d4.4s2,c 5D,3,3d4.(b 3F).4s.4p.(3P*),v 5D*,3
Mn,2,Mn II,185.088,185.088,185.08705,vacuum,100.0,100,100000000.0,D,31514.71,85543.34,3d6,a 3F,4,3d5.(2H).4p,w 3G*,5
Mn,2,Mn II,185.161,185.161,185.1619,vacuum,10.0,10*,120000000.0,D,55116.333,109123.13,3d4.4s2,c 5D,2,3d4.(b 3F).4s.4p.(1P*),u 5F*,3
Mn,2,Mn II,185.278,185.278,185.2805,vacuum,60.0,60*,170000000.0,D,55371.693,109343.9,3d4.4s2,c 5D,3,3d4.(b 3F).4s.4p.(3P*),v 5D*,2
Mn,2,Mn II,185.3272,185.3272,185.32659,vacuum,300.0,300,180000000.0,D,14325.866,68284.664,3d6,a 5D,4,3d5.(4P).4p,y 5P*,3
Mn,2,Mn II,185.489,185.489,185.4896,vacuum,40.0,40,230000000.0,D,55697.014,109608.4,3d4.4s2,c 5D,4,3d4.(b 3F).4s.4p.(3P*),v 5D*,4
Mn,2,Mn II,185.67,185.67,185.6701,vacuum,12.0,12,170000000.0,D,55116.333,108975.3,3d4.4s2,c 5D,2,3d4.(5D).4s.4p.(1P*),t 5P*,2
Mn,2,Mn II,185.701,185.701,185.7007,vacuum,30.0,30h,210000000.0,D,55371.693,109221.8,3d4.4s2,c 5D,3,3d4.(b 3F).4s.4p.(1P*),u 5F*,4
Mn,2,Mn II,186.051,186.051,186.05108,vacuum,100.0,100,70000000.0,D,30679.51,84428.19,3d6,a 3H,5,3d5.(a 2G).4p,x 3H*,5
Mn,2,Mn II,186.28,186.28,186.2808,vacuum,20.0,20h,250000000.0,D,55697.014,109379.4,3d4.4s2,c 5D,4,3d4.(5D).4s.4p.(1P*),t 5P*,3
Mn,2,Mn II,186.4615,186.4615,186.4613,vacuum,40.0,40,260000000.0,D,55697.014,109327.45,3d4.4s2,c 5D,4,3d4.(b 3F).4s.4p.(1P*),u 5F*,5
Mn,2,Mn II,186.552,186.552,186.5546,vacuum,10.0,10h,230000000.0,D,55371.693,108975.3,3d4.4s2,c 5D,3,3d4.(5D).4s.4p.(1P*),t 5P*,2
Mn,2,Mn II,187.716,187.716,187.71549,vacuum,30.0,30,300000.0,D,14593.835,67865.945,3d6,a 5D,3,3d5.(4G).4p,z 3F*,4
Mn,2,Mn II,188.787,188.787,188.7876,vacuum,10.0,10,200000.0,D,14325.866,67295.446,3d6,a 5D,4,3d5.(4P).4p,z 5D*,4
Mn,2,Mn II,189.748,189.748,189.74752,vacuum,100.0,100,4600000.0,B,14593.835,67295.446,3d6,a 5D,3,3d5.(4P).4p,z 5D*,4
Mn,2,Mn II,189.812,189.812,189.81329,vacuum,30.0,30,1700000.0,C+,14325.866,67009.217,3d6,a 5D,4,3d5.(4P).4p,z 5D*,3
Mn,2,Mn II,190.2948,190.2948,190.29467,vacuum,500.0,500,180000000.0,D,29869.42,82419.50,3d6,a 3P,2,3d5.(a 2F).4p,w 3D*,3
Mn,2,Mn II,190.784,190.784,190.78369,vacuum,200.0,200,13200000.0,B+,14593.835,67009.217,3d6,a 5D,3,3d5.(4P).4p,z 5D*,3
Mn,2,Mn II,190.891,190.891,190.89084,vacuum,100.0,100,160000000.0,D,30684.96,83070.92,3d6,a 3P,1,3d5.(a 2F).4p,w 3D*,2
Mn,2,Mn II,190.983,190.983,190.9823,vacuum,60.0,60*,4200000.0,B,14325.866,66686.739,3d6,a 5D,4,3d5.(4G).4p,z 5F*,3
Mn,2,Mn II,191.141,191.141,191.14089,vacuum,300.0,300,79000000.0,C+,14325.866,66643.296,3d6,a 5D,4,3d5.(4G).4p,z 5F*,4
Mn,2,Mn II,191.176,191.176,191.17659,vacuum,2.0,2h,500000.0,C,14593.835,66901.494,3d6,a 5D,3,3d5.(4G).4p,z 5F*,2
Mn,2,Mn II,191.468,191.468,191.46813,vacuum,200.0,200D*,21200000.0,B+,14781.205,67009.217,3d6,a 5D,2,3d5.(4P).4p,z 5D*,3
Mn,2,Mn II,191.51,191.51,191.50971,vacuum,1000.0,1000,117000000.0,B,14325.866,66542.539,3d6,a 5D,4,3d5.(4G).4p,z 5F*,5
Mn,2,Mn II,191.8643,191.8643,191.86386,vacuum,200.0,200,21800000.0,B+,14781.205,66901.494,3d6,a 5D,2,3d5.(4G).4p,z 5F*,2
Mn,2,Mn II,191.8909,191.8909,191.89098,vacuum,30.0,30,6500000.0,B,14781.205,66894.130,3d6,a 5D,2,3d5.(4G).4p,z 5F*,1
Mn,2,Mn II,191.9639,191.9639,191.96473,vacuum,300.0,300,23800000.0,B+,14593.835,66686.739,3d6,a 5D,3,3d5.(4G).4p,z 5F*,3
Mn,2,Mn II,192.003,192.003,192.00124,vacuum,100.0,100,69000000.0,C+,14593.835,66676.833,3d6,a 5D,3,3d5.(4P).4p,z 5D*,2
Mn,2,Mn II,192.125,192.125,192.12495,vacuum,800.0,800,187000000.0,C+,14593.835,66643.296,3d6,a 5D,3,3d5.(4G).4p,z 5F*,4
Mn,2,Mn II,192.307,192.307,192.30662,vacuum,200.0,200,24800000.0,B+,14901.203,66901.494,3d6,a 5D,1,3d5.(4G).4p,z 5F*,2
Mn,2,Mn II,192.334,192.334,192.33385,vacuum,200.0,200,53000000.0,B,14901.203,66894.130,3d6,a 5D,1,3d5.(4G).4p,z 5F*,1
Mn,2,Mn II,192.496,192.496,192.4957,vacuum,5.0,5*,260000000.0,D,43131.51,95080.71,3d6,a 1D,2,3d5.(2S).4p,y 1P*,1
Mn,2,Mn II,192.552,192.552,192.55114,vacuum,300.0,300,51000000.0,B,14959.876,66894.130,3d6,a 5D,0,3d5.(4G).4p,z 5F*,1
Mn,2,Mn II,192.6585,192.6585,192.65768,vacuum,500.0,500,51000000.0,B+,14781.205,66686.739,3d6,a 5D,2,3d5.(4G).4p,z 5F*,3
Mn,2,Mn II,192.6948,192.6948,192.69446,vacuum,50.0,50,17000000.0,C+,14781.205,66676.833,3d6,a 5D,2,3d5.(4P).4p,z 5D*,2
Mn,2,Mn II,192.815,192.815,192.8123,vacuum,40.0,40,3400000.0,C+,14781.205,66645.116,3d6,a 5D,2,3d5.(4P).4p,z 5D*,1
Mn,2,Mn II,193.045,193.045,193.0442,vacuum,30.0,30,120000000.0,D,55371.693,107173.3,3d4.4s2,c 5D,3,3d4.(b 3F).4s.4p.(3P*),u 5P*,3
Mn,2,Mn II,193.1404,193.1404,193.14106,vacuum,300.0,300,28000000.0,C+,14901.203,66676.833,3d6,a 5D,1,3d5.(4P).4p,z 5D*,2
Mn,2,Mn II,193.26,193.26,193.25945,vacuum,20.0,20,3700000.0,C+,14901.203,66645.116,3d6,a 5D,1,3d5.(4P).4p,z 5D*,1
Mn,2,Mn II,193.478,193.478,193.47883,vacuum,20.0,20h,4300000.0,C+,14959.876,66645.116,3d6,a 5D,0,3d5.(4P).4p,z 5D*,1
Mn,2,Mn II,193.5068,193.5068,193.5067,vacuum,100.0,100,180000000.0,D,43528.661,95206.47,3d5.(4F).4s,a 5F,5,3d4.(5D).4s.4p.(3P*),w 5D*,4
Mn,2,Mn II,193.674,193.674,193.6725,vacuum,10.0,10*,170000000.0,D,55116.333,106749.9,3d4.4s2,c 5D,2,3d4.(b 3F).4s.4p.(3P*),u 5P*,2
Mn,2,Mn II,194.266,194.266,194.2642,vacuum,40.0,40,350000000.0,D,55697.014,107173.3,3d4.4s2,c 5D,4,3d4.(b 3F).4s.4p.(3P*),u 5P*,3
Mn,2,Mn II,194.3541,194.3541,194.3537,vacuum,100.0,100*,150000000.0,D,43537.186,94989.77,3d5.(4F).4s,a 5F,4,3d4.(5D).4s.4p.(3P*),w 5D*,3
Mn,2,Mn II,194.416,194.416,194.4162,vacuum,100.0,100*,420000000.0,D,54938.213,106374.25,3d4.4s2,c 5D,1,3d4.(b 3F).4s.4p.(3P*),v 5F*,2
Mn,2,Mn II,194.436,194.436,194.4364,vacuum,20.0,20,170000000.0,D,49882.208,101312.9,3d5.(4F).4s,c 3F,4,3d4.(5D).4s.4p.(3P*),t 3D*,3
Mn,2,Mn II,194.477,194.477,194.479,vacuum,40.0,40*,360000000.0,D,54846.269,106265.7,3d4.4s2,c 5D,0,3d4.(b 3F).4s.4p.(3P*),v 5F*,1
Mn,2,Mn II,194.515,194.515,194.5137,vacuum,200.0,200*,470000000.0,C,55116.333,106526.6,3d4.4s2,c 5D,2,3d4.(b 3F).4s.4p.(3P*),v 5F*,3
Mn,2,Mn II,194.634,194.634,194.6351,vacuum,30.0,30,220000000.0,D,55371.693,106749.9,3d4.4s2,c 5D,3,3d4.(b 3F).4s.4p.(3P*),u 5P*,2
Mn,2,Mn II,194.7932,194.7932,194.7936,vacuum,200.0,200,500000000.0,C,55371.693,106708.09,3d4.4s2,c 5D,3,3d4.(b 3F).4s.4p.(3P*),v 5F*,4
Mn,2,Mn II,194.828,194.828,194.8274,vacuum,10.0,10,340000000.0,D,54938.213,106265.7,3d4.4s2,c 5D,1,3d4.(b 3F).4s.4p.(3P*),v 5F*,1
Mn,2,Mn II,195.0143,195.0143,195.01411,vacuum,200.0,200,140000000.0,D,29869.42,81147.76,3d6,a 3P,2,3d5.(a 2D).4p,x 3P*,2
Mn,2,Mn II,195.0922,195.0922,195.0918,vacuum,40.0,40,260000000.0,D,55116.333,106374.25,3d4.4s2,c 5D,2,3d4.(b 3F).4s.4p.(3P*),v 5F*,2
Mn,2,Mn II,195.323,195.323,195.3232,vacuum,300.0,300*,520000000.0,C,55697.014,106894.2,3d4.4s2,c 5D,4,3d4.(b 3F).4s.4p.(3P*),v 5F*,5
Mn,2,Mn II,195.335,195.335,195.3343,vacuum,3.0,3,150000000.0,D,49889.927,101084.2,3d5.(4F).4s,c 3F,3,3d4.(5D).4s.4p.(3P*),t 3D*,2
Mn,2,Mn II,195.481,195.481,195.4847,vacuum,200.0,200D*,180000000.0,D,55371.693,106526.6,3d4.4s2,c 5D,3,3d4.(b 3F).4s.4p.(3P*),v 5F*,3
Mn,2,Mn II,195.8932,195.8932,195.89218,vacuum,80.0,80,100000000.0,D,38901.88,89950.37,3d6,a 1G,4,3d5.(a 2G).4p,x 1F*,3
Mn,2,Mn II,195.9246,195.9246,195.92465,vacuum,300.0,300,390000000.0,C,38720.26,89760.29,3d6,a 1I,6,3d5.(2H).4p,x 1H*,5
Mn,2,Mn II,196.037,196.037,196.0359,vacuum,10.0,10,90000000.0,D,55697.014,106708.09,3d4.4s2,c 5D,4,3d4.(b 3F).4s.4p.(3P*),v 5F*,4
Mn,2,Mn II,196.924,196.924,196.92311,vacuum,200.0,200,70000000.0,D,34762.098,85543.34,3d6,b 3G,5,3d5.(2H).4p,w 3G*,5
Mn,2,Mn II,199.423,199.423,199.42184,vacuum,300.0,300,120000000.0,D,31514.71,81659.67,3d6,a 3F,4,3d5.(2D).4p,x 3D*,3
Mn,2,Mn II,200.191,200.191,200.1896,air,60.0,60H,180000000.0,D,59537.455,109473.92,3d6,c 1G,4,3d5.(b 2G).4p,v 1G*,4
Mn,2,Mn II,203.731,203.731,203.73039,air,500.0,500,140000000.0,D,30523.71,79592.42,3d6,a 3H,6,3d5.(2I).4p,y 3H*,6
Mn,2,Mn II,203.7643,203.7643,203.76474,air,400.0,400,120000000.0,D,30679.51,79739.95,3d6,a 3H,5,3d5.(2I).4p,y 3H*,5
Mn,2,Mn II,203.997,203.997,203.99717,air,400.0,400*,120000000.0,D,30796.06,79800.61,3d6,a 3H,4,3d5.(2I).4p,y 3H*,4
Mn,2,Mn II,207.621,207.621,207.6217,air,300.0,300,120000000.0,D,38720.26,86869.44,3d6,a 1I,6,3d5.(2H).4p,y 1I*,6
Mn,2,Mn II,208.476,208.476,208.47656,air,100.0,100,42000000.0,D,30523.71,78475.47,3d6,a 3H,6,3d5.(2I).4p,z 3I*,7
Mn,2,Mn II,208.891,208.891,208.8924,air,40.0,40,70000000.0,D,43528.661,91384.98,3d5.(4F).4s,a 5F,5,3d4.(5D).4s.4p.(3P*),w 5F*,5
Mn,2,Mn II,209.7463,209.7463,209.74753,air,200.0,200,46000000.0,D,30679.51,78340.74,3d6,a 3H,5,3d5.(2I).4p,z 3I*,6
Mn,2,Mn II,210.25,210.25,210.24965,air,200.0,200,90000000.0,D,38901.88,86449.30,3d6,a 1G,4,3d5.(4F).4p,3F*,4
Mn,2,Mn II,211.3964,211.3964,211.39784,air,300.0,300,53000000.0,D,30796.06,78085.26,3d6,a 3H,4,3d5.(2I).4p,z 3I*,5
Mn,2,Mn II,211.94,211.94,211.9437,air,30.0,30,70000000.0,D,49882.208,97049.64,3d5.(4F).4s,c 3F,4,3d4.(5D).4s.4p.(3P*),s 3F*,4
Mn,2,Mn II,211.978,211.978,211.97742,air,60.0,60*,130000000.0,D,38901.88,86061.80,3d6,a 1G,4,3d5.(a 2F).4p,y 1F*,3
Mn,2,Mn II,213.3452,213.3452,213.34555,air,100.0,100,80000000.0,D,38901.88,85759.41,3d6,a 1G,4,3d5.(a 2G).4p,1G*,4
Mn,2,Mn II,222.994,222.994,222.99399,air,10.0,10,48000000.0,D,34762.098,79592.42,3d6,b 3G,5,3d5.(2I).4p,y 3H*,6
Mn,2,Mn II,222.999,222.999,222.99967,air,10.0,10,49000000.0,D,34910.77,79739.95,3d6,b 3G,4,3d5.(2I).4p,y 3H*,5
Mn,2,Mn II,223.166,223.166,223.16576,air,10.0,10,53000000.0,D,35004.79,79800.61,3d6,b 3G,3,3d5.(2I).4p,y 3H*,4
Mn,2,Mn II,229.8953,229.8953,229.89532,air,60.0,60,860000.0,C,0.000,43484.664,3d5.(6S).4s,a 7S,3,3d5.(6S).4p,z 5P*,2
Mn,2,Mn II,230.5003,230.5003,230.50033,air,100.0,100,1460000.0,C+,0.000,43370.537,3d5.(6S).4s,a 7S,3,3d5.(6S).4p,z 5P*,3
Mn,2,Mn II,232.042,232.042,232.0386,air,60.0,60*,120000000.0,D,38720.26,81803.31,3d6,a 1I,6,3d5.(2I).4p,z 1I*,6
Mn,2,Mn II,232.715,232.715,232.71511,air,12.0,12,900000.0,D,27588.53,70546.34,3d5.(4G).4s,a 5G,3,3d5.(4G).4p,z 3G*,4
Mn,2,Mn II,233.2141,233.2141,233.2135,air,15.0,15,48000000.0,D,48436.05,91302.06,3d5.(2H).4s,b 3H,6,3d5.(b 2F).4p,u 3G*,5
Mn,2,Mn II,233.323,233.323,233.3234,air,10.0,10,45000000.0,D,48333.08,91178.90,3d5.(2H).4s,b 3H,5,3d5.(b 2F).4p,u 3G*,4
Mn,2,Mn II,236.691,236.691,236.6894,air,30.0,30,100000000.0,D,43131.51,85368.07,3d6,a 1D,2,3d5.(a 2F).4p,y 1D*,2
Mn,2,Mn II,237.3357,237.3357,237.3359,air,200.0,200,70000000.0,D,29889.534,72011.05,3d5.(4P).4s,a 5P,3,3d5.(4D).4p,y 5D*,4
Mn,2,Mn II,239.7286,239.7286,239.7286,air,25.0,25,330000000.0,C,64456.72,106157.86,3d5.(4G).4p,z 5G*,2,3d5.(4G).4d,e 5H,3
Mn,2,Mn II,239.7868,239.7868,239.787,air,25.0,25,300000000.0,C,64473.421,106164.41,3d5.(4G).4p,z 5G*,3,3d5.(4G).4d,e 5H,4
Mn,2,Mn II,239.824,239.824,239.8247,air,10.0,10,80000000.0,D,64473.421,106157.86,3d5.(4G).4p,z 5G*,3,3d5.(4G).4d,e 5H,3
Mn,2,Mn II,239.8792,239.8792,239.8794,air,30.0,30,290000000.0,C,64494.14,106169.07,3d5.(4G).4p,z 5G*,4,3d5.(4G).4d,e 5H,5
Mn,2,Mn II,239.9061,239.9061,239.9062,air,12.0,12,100000000.0,D,64494.14,106164.41,3d5.(4G).4p,z 5G*,4,3d5.(4G).4d,e 5H,4
Mn,2,Mn II,240.015,240.015,240.0151,air,25.0,25,310000000.0,C,64518.89,106170.25,3d5.(4G).4p,z 5G*,5,3d5.(4G).4d,e 5H,6
Mn,2,Mn II,240.0221,240.0221,240.0219,air,10.0,10,90000000.0,D,64518.89,106169.07,3d5.(4G).4p,z 5G*,5,3d5.(4G).4d,e 5H,5
Mn,2,Mn II,240.1957,240.1957,240.1948,air,15.0,15,70000000.0,D,64550.04,106170.25,3d5.(4G).4p,z 5G*,6,3d5.(4G).4d,e 5H,6
Mn,2,Mn II,240.208,240.208,240.2079,air,25.0,25,350000000.0,C,64550.04,106167.98,3d5.(4G).4p,z 5G*,6,3d5.(4G).4d,e 5H,7
Mn,2,Mn II,242.7379,242.7379,242.73748,air,200.0,200,170000000.0,D,38366.232,79550.50,3d5.(6S).4p,z 7P*,2,3d5.(6S).4d,e 7D,3
Mn,2,Mn II,242.7719,242.7719,242.7716,air,500.0,500,400000000.0,C,38366.232,79544.71,3d5.(6S).4p,z 7P*,2,3d5.(6S).4d,e 7D,2
Mn,2,Mn II,242.7939,242.7939,242.7939,air,300.0,300,600000000.0,C,38366.232,79540.93,3d5.(6S).4p,z 7P*,2,3d5.(6S).4d,e 7D,1
Mn,2,Mn II,243.6538,243.6538,243.6538,air,30.0,30,570000000.0,C,65483.12,106512.52,3d5.(4G).4p,z 5H*,3,3d5.(4G).4d,e 5I,4
Mn,2,Mn II,243.7366,243.7366,243.7367,air,300.0,300,370000000.0,C,38543.122,79558.56,3d5.(6S).4p,z 7P*,3,3d5.(6S).4d,e 7D,4
Mn,2,Mn II,243.7844,243.7844,243.78463,air,200.0,200,370000000.0,C,38543.122,79550.50,3d5.(6S).4p,z 7P*,3,3d5.(6S).4d,e 7D,3
Mn,2,Mn II,243.8187,243.8187,243.8191,air,100.0,100,200000000.0,D,38543.122,79544.71,3d5.(6S).4p,z 7P*,3,3d5.(6S).4d,e 7D,2
Mn,2,Mn II,244.0453,244.0453,244.0454,air,30.0,30D?,80000000.0,D,51553.11,92516.68,3d5.(2H).4s,a 1H,5,3d5.(b 2F).4p,w 1G*,4
Mn,2,Mn II,244.1056,244.1056,244.1056,air,40.0,40,560000000.0,C,65566.03,106519.50,3d5.(4G).4p,z 5H*,4,3d5.(4G).4d,e 5I,5
Mn,2,Mn II,244.1471,244.1471,244.1472,air,10.0,10,39000000.0,D,65566.03,106512.52,3d5.(4G).4p,z 5H*,4,3d5.(4G).4d,e 5I,4
Mn,2,Mn II,244.638,244.638,244.6391,air,60.0,60,560000000.0,C,65658.65,106522.81,3d5.(4G).4p,z 5H*,5,3d5.(4G).4d,e 5I,6
Mn,2,Mn II,244.659,244.659,244.6589,air,10.0,10,43000000.0,D,65658.65,106519.50,3d5.(4G).4p,z 5H*,5,3d5.(4G).4d,e 5I,5
Mn,2,Mn II,244.9742,244.9742,244.9742,air,40.0,40,52000000.0,D,48317.83,89126.09,3d5.(2H).4s,b 3H,4,3d5.(a 2G).4p,3G*,3
Mn,2,Mn II,245.2157,245.2157,245.2162,air,8.0,8,35000000.0,D,65754.82,106522.81,3d5.(4G).4p,z 5H*,6,3d5.(4G).4d,e 5I,6
Mn,2,Mn II,245.2328,245.2328,245.232,air,60.0,60,580000000.0,C,65754.82,106520.19,3d5.(4G).4p,z 5H*,6,3d5.(4G).4d,e 5I,7
Mn,2,Mn II,245.2486,245.2486,245.2491,air,300.0,300,590000000.0,C,38806.691,79569.22,3d5.(6S).4p,z 7P*,4,3d5.(6S).4d,e 7D,5
Mn,2,Mn II,245.3133,245.3133,245.3132,air,100.0,100,220000000.0,C,38806.691,79558.56,3d5.(6S).4p,z 7P*,4,3d5.(6S).4d,e 7D,4
Mn,2,Mn II,245.362,245.362,245.36177,air,80.0,80,52000000.0,D,38806.691,79550.50,3d5.(6S).4p,z 7P*,4,3d5.(6S).4d,e 7D,3
Mn,2,Mn II,245.7785,245.7785,245.7784,air,20.0,20,180000000.0,D,65483.12,106157.86,3d5.(4G).4p,z 5H*,3,3d5.(4G).4d,e 5H,3
Mn,2,Mn II,245.8577,245.8577,245.8577,air,60.0,60,600000000.0,C,65847.03,106508.66,3d5.(4G).4p,z 5H*,7,3d5.(4G).4d,e 5I,8
Mn,2,Mn II,245.8733,245.8733,245.87354,air,30.0,30,60000000.0,D,49291.36,89950.37,3d6,b 1F,3,3d5.(a 2G).4p,x 1F*,3
Mn,2,Mn II,246.2125,246.2125,246.2125,air,10.0,10,38000000.0,D,65566.03,106169.07,3d5.(4G).4p,z 5H*,4,3d5.(4G).4d,e 5H,5
Mn,2,Mn II,246.2409,246.2409,246.2408,air,20.0,20,160000000.0,C,65566.03,106164.41,3d5.(4G).4p,z 5H*,4,3d5.(4G).4d,e 5H,4
Mn,2,Mn II,246.6214,246.6214,246.62136,air,100.0,100,52000000.0,D,33147.71,73683.44,3d5.(4G).4s,a 3G,5,3d5.(4D).4p,y 3F*,4
Mn,2,Mn II,246.6415,246.6415,246.64128,air,80.0,80,46000000.0,D,33248.66,73781.117,3d5.(4G).4s,a 3G,4,3d5.(4D).4p,y 3F*,3
Mn,2,Mn II,246.7682,246.7682,246.7683,air,5.0,5,34000000.0,D,65658.65,106170.25,3d5.(4G).4p,z 5H*,5,3d5.(4G).4d,e 5H,6
Mn,2,Mn II,246.7757,246.7757,246.7755,air,15.0,15,160000000.0,C,65658.65,106169.07,3d5.(4G).4p,z 5H*,5,3d5.(4G).4d,e 5H,5
Mn,2,Mn II,247.2847,247.2847,247.285,air,60.0,60,34000000.0,D,38720.26,79147.22,3d6,a 1I,6,3d5.(2I).4p,z 1K*,7
Mn,2,Mn II,247.3556,247.3556,247.3555,air,30.0,30,180000000.0,C,65754.82,106170.25,3d5.(4G).4p,z 5H*,6,3d5.(4G).4d,e 5H,6
Mn,2,Mn II,247.3691,247.3691,247.3694,air,10.0,10,21000000.0,D,65754.82,106167.98,3d5.(4G).4p,z 5H*,6,3d5.(4G).4d,e 5H,7
Mn,2,Mn II,247.8985,247.8985,247.89813,air,20.0,20,750000.0,D+,27583.59,67910.56,3d5.(4G).4s,a 5G,4,3d5.(4G).4p,z 3H*,4
Mn,2,Mn II,247.9284,247.9284,247.92851,air,20.0,20,520000.0,D+,27588.53,67910.56,3d5.(4G).4s,a 5G,3,3d5.(4G).4p,z 3H*,4
Mn,2,Mn II,247.9354,247.9354,247.9351,air,20.0,20,230000000.0,C,65847.03,106167.98,3d5.(4G).4p,z 5H*,7,3d5.(4G).4d,e 5H,7
Mn,2,Mn II,248.0963,248.0963,248.09671,air,50.0,50,1400000.0,D+,27571.25,67865.945,3d5.(4G).4s,a 5G,5,3d5.(4G).4p,z 3F*,4
Mn,2,Mn II,248.6158,248.6158,248.61474,air,100.0,100,53000000.0,D,38901.88,79112.62,3d6,a 1G,4,3d5.(2I).4p,z 1H*,5
Mn,2,Mn II,248.842,248.842,248.842,air,10.0,10,60000000.0,D,49291.36,89465.38,3d6,b 1F,3,3d5.(b 2F).4p,x 1G*,4
Mn,2,Mn II,249.091,249.091,249.09086,air,70.0,70,27000000.0,D,30523.71,70657.595,3d6,a 3H,6,3d5.(4D).4p,y 5F*,5
Mn,2,Mn II,249.9003,249.9003,249.90029,air,500.0,500,70000000.0,D,30523.71,70527.61,3d6,a 3H,6,3d5.(4G).4p,z 3G*,5
Mn,2,Mn II,250.7598,250.7598,250.75956,air,300.0,300,32000000.0,C+,30679.51,70546.34,3d6,a 3H,5,3d5.(4G).4p,z 3G*,4
Mn,2,Mn II,250.7813,250.7813,250.7814,air,50.0,50,70000000.0,D,52653.327,92516.68,3d5.(2G).4s,b 1G,4,3d5.(b 2F).4p,w 1G*,4
Mn,2,Mn II,251.42,251.42,251.42,air,100.0,100,108000000.0,C,48436.05,88198.16,3d5.(2H).4s,b 3H,6,3d5.(2H).4p,w 3H*,6
Mn,2,Mn II,251.495,251.495,251.4948,air,30.0,30,900000.0,C,30796.06,70546.34,3d6,a 3H,4,3d5.(4G).4p,z 3G*,4
Mn,2,Mn II,251.6599,251.6599,251.66,air,200.0,200,8700000.0,B+,27571.25,67295.446,3d5.(4G).4s,a 5G,5,3d5.(4P).4p,z 5D*,4
Mn,2,Mn II,251.6742,251.6742,251.6739,air,300.0,300,100000000.0,D,30796.06,70518.06,3d6,a 3H,4,3d5.(4G).4p,z 3G*,3
Mn,2,Mn II,251.738,251.738,251.7382,air,60.0,60,1900000.0,B,27583.59,67295.446,3d5.(4G).4s,a 5G,4,3d5.(4P).4p,z 5D*,4
Mn,2,Mn II,251.767,251.767,251.76952,air,20.0,20,100000.0,D,27588.53,67295.446,3d5.(4G).4s,a 5G,3,3d5.(4P).4p,z 5D*,4
Mn,2,Mn II,251.818,251.818,251.8178,air,100.0,100*,230000000.0,C,52383.78,92083.09,3d5.(2F).4s,d 3F,4,3d5.(b 2F).4p,u 3D*,3
Mn,2,Mn II,251.9312,251.9312,251.9309,air,30.0,30,240000000.0,D,52379.41,92060.89?,3d5.(2F).4s,d 3F,2,3d5.(b 2F).4p,u 3D*,1
Mn,2,Mn II,252.0102,252.0102,252.00911,air,80.0,80,110000000.0,D,49427.371,89096.54,3d5.(2G).4s,c 3G,4,3d5.(a 2G).4p,3G*,4
Mn,2,Mn II,252.0252,252.0252,252.025,air,60.0,60,210000000.0,D,52373.269,92039.94,3d5.(2F).4s,d 3F,3,3d5.(b 2F).4p,u 3D*,2
Mn,2,Mn II,252.0518,252.0518,252.0519,air,100.0,100,100000000.0,D,48333.08,87995.51,3d5.(2H).4s,b 3H,5,3d5.(2H).4p,w 3H*,5
Mn,2,Mn II,252.062,252.062,252.0614,air,50.0,50*,90000000.0,D,49465.15,89126.09,3d5.(2G).4s,c 3G,3,3d5.(a 2G).4p,3G*,3
Mn,2,Mn II,252.3013,252.3013,252.3008,air,100.0,100,100000000.0,D,48317.83,87941.14,3d5.(2H).4s,b 3H,4,3d5.(2H).4p,w 3H*,4
Mn,2,Mn II,252.8011,252.8011,252.8005,air,100.0,100,130000000.0,C,49517.69,89062.69,3d5.(2G).4s,c 3G,5,3d5.(a 2G).4p,1H*,5
Mn,2,Mn II,253.2781,253.2781,253.27771,air,500.0,500,90000000.0,D,32836.74,72307.23,3d5.(4D).4s,b 5D,1,3d5.(4D).4p,y 5D*,2
Mn,2,Mn II,253.3329,253.3329,253.33304,air,500.0,500,110000000.0,D,32859.15,72321.02,3d5.(4D).4s,b 5D,2,3d5.(4D).4p,y 5D*,1
Mn,2,Mn II,253.4221,253.4221,253.4216,air,800.0,800,100000000.0,D,32859.15,72307.23,3d5.(4D).4s,b 5D,2,3d5.(4D).4p,y 5D*,2
Mn,2,Mn II,253.5041,253.5041,253.50332,air,60.0,60*,36000000.0,D,43395.395,82830.76,3d5.(2D).4s,c 3D,3,3d5.(a 2F).4p,w 3F*,4
Mn,2,Mn II,253.5658,253.5658,253.56594,air,1000.0,1000,46700000.0,B+,27583.59,67009.217,3d5.(4G).4s,a 5G,4,3d5.(4P).4p,z 5D*,3
Mn,2,Mn II,253.5977,253.5977,253.59771,air,300.0,300,13400000.0,B+,27588.53,67009.217,3d5.(4G).4s,a 5G,3,3d5.(4P).4p,z 5D*,3
Mn,2,Mn II,253.6,253.6,253.60305,air,100.0,100,700000.0,C,27589.36,67009.217,3d5.(4G).4s,a 5G,2,3d5.(4P).4p,z 5D*,3
Mn,2,Mn II,253.7919,253.7919,253.79233,air,1000.0,1000,160000000.0,D,32857.27,72247.73,3d5.(4D).4s,b 5D,3,3d5.(4D).4p,y 5D*,3
Mn,2,Mn II,253.8041,253.8041,253.80444,air,500.0,500,60000000.0,D,32859.15,72247.73,3d5.(4D).4s,b 5D,2,3d5.(4D).4p,y 5D*,3
Mn,2,Mn II,254.2923,254.2923,254.29265,air,800.0,800,85000000.0,B+,27588.53,66901.494,3d5.(4G).4s,a 5G,3,3d5.(4G).4p,z 5F*,2
Mn,2,Mn II,254.3454,254.3454,254.34567,air,1000.0,1000,250000000.0,B,27589.36,66894.130,3d5.(4G).4s,a 5G,2,3d5.(4G).4p,z 5F*,1
Mn,2,Mn II,254.67,254.67,254.6704,air,80.0,80,28000000.0,D,49517.69,88772.35,3d5.(2G).4s,c 3G,5,3d5.(a 2G).4p,3G*,5
Mn,2,Mn II,254.837,254.837,254.8371,air,50.0,50,45000000.0,D,47073.64,86302.62,3d5.(2F).4s,a 1F,3,3d5.(4F).4p,v 3D*,3
Mn,2,Mn II,254.875,254.875,254.87498,air,1000.0,1000,190000000.0,C,32787.90,72011.05,3d5.(4D).4s,b 5D,4,3d5.(4D).4p,y 5D*,4
Mn,2,Mn II,254.9317,254.9317,254.93229,air,40.0,40,33000000.0,D,49882.208,89096.54,3d5.(4F).4s,c 3F,4,3d5.(a 2G).4p,3G*,4
Mn,2,Mn II,254.9818,254.9818,254.98249,air,60.0,60,38000000.0,D,49889.927,89096.54,3d5.(4F).4s,c 3F,3,3d5.(a 2G).4p,3G*,4
Mn,2,Mn II,255.153,255.153,255.1526,air,50.0,50,55000000.0,D,49882.208,89062.69,3d5.(4F).4s,c 3F,4,3d5.(a 2G).4p,1H*,5
Mn,2,Mn II,255.1851,255.1851,255.1851,air,500.0,500*,64000000.0,B+,29869.42,69044.91,3d6,a 3P,2,3d5.(4P).4p,z 3P*,2
Mn,2,Mn II,255.1851,255.1851,255.18576,air,500.0,500*,50000000.0,D,43537.186,82712.57,3d5.(4F).4s,a 5F,4,3d5.(4F).4p,x 5D*,3
Mn,2,Mn II,255.3158,255.3158,255.31617,air,80.0,80*,15000000.0,D+,29889.534,69044.91,3d5.(4P).4s,a 5P,3,3d5.(4P).4p,z 3P*,2
Mn,2,Mn II,255.4518,255.4518,255.45209,air,80.0,80,33000000.0,D,43696.217,82830.76,3d5.(4F).4s,a 5F,3,3d5.(a 2F).4p,w 3F*,4
Mn,2,Mn II,255.6573,255.6573,255.6572,air,1000.0,1000,142000000.0,B+,27583.59,66686.739,3d5.(4G).4s,a 5G,4,3d5.(4G).4p,z 5F*,3
Mn,2,Mn II,255.6894,255.6894,255.6895,air,300.0,300,39000000.0,B+,27588.53,66686.739,3d5.(4G).4s,a 5G,3,3d5.(4G).4p,z 5F*,3
Mn,2,Mn II,255.695,255.695,255.69493,air,30.0,30:,3100000.0,B,27589.36,66686.739,3d5.(4G).4s,a 5G,2,3d5.(4G).4p,z 5F*,3
Mn,2,Mn II,255.72,255.72,255.72046,air,1.0,1:,2800000.0,D+,29951.434,69044.91,3d5.(4P).4s,a 5P,1,3d5.(4P).4p,z 3P*,2
Mn,2,Mn II,255.7543,255.7543,255.7543,air,500.0,500,92000000.0,C+,27588.53,66676.833,3d5.(4G).4s,a 5G,3,3d5.(4P).4p,z 5D*,2
Mn,2,Mn II,255.7594,255.7594,255.75973,air,100.0,100,50000000.0,C+,27589.36,66676.833,3d5.(4G).4s,a 5G,2,3d5.(4P).4p,z 5D*,2
Mn,2,Mn II,255.8304,255.8304,255.83045,air,100.0,100,80000000.0,D,43528.661,82605.33,3d5.(4F).4s,a 5F,5,3d5.(4F).4p,x 5D*,4
Mn,2,Mn II,255.8605,255.8605,255.86072,air,2000.0,2000,200000000.0,C,27571.25,66643.296,3d5.(4G).4s,a 5G,5,3d5.(4G).4p,z 5F*,4
Mn,2,Mn II,255.8863,255.8863,255.88628,air,100.0,100,120000000.0,D,43537.186,82605.33,3d5.(4F).4s,a 5F,4,3d5.(4F).4p,x 5D*,4
Mn,2,Mn II,255.9413,255.9413,255.94156,air,300.0,300,44000000.0,D,27583.59,66643.296,3d5.(4G).4s,a 5G,4,3d5.(4G).4p,z 5F*,4
Mn,2,Mn II,255.9679,255.9679,255.96745,air,100.0,100,22000000.0,C+,27589.36,66645.116,3d5.(4G).4s,a 5G,2,3d5.(4P).4p,z 5D*,1
Mn,2,Mn II,255.9741,255.9741,255.97394,air,80.0,80,10700000.0,C+,27588.53,66643.296,3d5.(4G).4s,a 5G,3,3d5.(4G).4p,z 5F*,4
Mn,2,Mn II,256.127,256.127,256.12568,air,40.0,40D,800000.0,C,31514.71,70546.34,3d6,a 3F,4,3d5.(4G).4p,z 3G*,4
Mn,2,Mn II,256.2265,256.2265,256.22597,air,80.0,80,100000000.0,D,43696.217,82712.57,3d5.(4F).4s,a 5F,3,3d5.(4F).4p,x 5D*,3
Mn,2,Mn II,256.3642,256.3642,256.3644,air,2000.0,2000,217000000.0,B,27547.26,66542.539,3d5.(4G).4s,a 5G,6,3d5.(4G).4p,z 5F*,5
Mn,2,Mn II,256.3843,256.3843,256.38453,air,40.0,40,60000000.0,D,43395.395,82387.62,3d5.(2D).4s,c 3D,3,3d5.(2F).4p,y 3G*,3
Mn,2,Mn II,256.4116,256.4116,256.41126,air,80.0,80,60000000.0,D,47073.64,86061.80,3d5.(2F).4s,a 1F,3,3d5.(a 2F).4p,y 1F*,3
Mn,2,Mn II,256.5219,256.5219,256.52227,air,300.0,300,25200000.0,B,27571.25,66542.539,3d5.(4G).4s,a 5G,5,3d5.(4G).4p,z 5F*,5
Mn,2,Mn II,256.6035,256.6035,256.60353,air,80.0,80,2000000.0,C+,27583.59,66542.539,3d5.(4G).4s,a 5G,4,3d5.(4G).4p,z 5F*,5
Mn,2,Mn II,256.8725,256.8725,256.8717,air,80.0,80,220000000.0,C,52383.78,91302.06,3d5.(2F).4s,d 3F,4,3d5.(b 2F).4p,u 3G*,5
Mn,2,Mn II,257.0923,257.0923,257.09202,air,50.0,50,90000000.0,D,43850.341,82735.27,3d5.(4F).4s,a 5F,2,3d5.(4F).4p,x 5D*,2
Mn,2,Mn II,257.0954,257.0954,257.09618,air,80.0,80,9500000.0,C+,31662.04,70546.34,3d6,a 3F,3,3d5.(4G).4p,z 3G*,4
Mn,2,Mn II,257.243,257.243,257.2422,air,60.0,60,49000000.0,D,43850.341,82712.57,3d5.(4F).4s,a 5F,2,3d5.(4F).4p,x 5D*,3
Mn,2,Mn II,257.61038,257.61038,257.610377,air,10000.0,10000,280000000.0,A+,0.000,38806.691,3d5.(6S).4s,a 7S,3,3d5.(6S).4p,z 7P*,4
Mn,2,Mn II,257.6183,257.6183,257.6174,air,80.0,80,210000000.0,C,52373.269,91178.90,3d5.(2F).4s,d 3F,3,3d5.(b 2F).4p,u 3G*,4
Mn,2,Mn II,257.8278,257.8278,257.82715,air,30.0,30,170000000.0,D,43370.537,82144.603,3d5.(6S).4p,z 5P*,3,3d5.(6S).4d,e 5D,3
Mn,2,Mn II,257.8811,257.8811,257.88116,air,200.0,200,500000000.0,C,43370.537,82136.483,3d5.(6S).4p,z 5P*,3,3d5.(6S).4d,e 5D,4
Mn,2,Mn II,258.2972,258.2972,258.2977,air,100.0,100,170000000.0,C,43528.661,82232.10,3d5.(4F).4s,a 5F,5,3d5.(2F).4p,y 3G*,5
Mn,2,Mn II,258.3538,258.3538,258.3546,air,60.0,60,60000000.0,D,43537.186,82232.10,3d5.(4F).4s,a 5F,4,3d5.(2F).4p,y 3G*,5
Mn,2,Mn II,258.451,258.451,258.4511,air,100.0,100,130000000.0,C,49517.69,88198.16,3d5.(2G).4s,c 3G,5,3d5.(2H).4p,w 3H*,6
Mn,2,Mn II,258.513,258.513,258.51224,air,60.0,60,130000000.0,D,43484.664,82155.980,3d5.(6S).4p,z 5P*,2,3d5.(6S).4d,e 5D,1
Mn,2,Mn II,258.5444,258.5444,258.54358,air,100.0,100,290000000.0,C,43484.664,82151.292,3d5.(6S).4p,z 5P*,2,3d5.(6S).4d,e 5D,2
Mn,2,Mn II,258.589,258.589,258.58832,air,100.0,100,330000000.0,C,43484.664,82144.603,3d5.(6S).4p,z 5P*,2,3d5.(6S).4d,e 5D,3
Mn,2,Mn II,258.73,258.73,258.7294,air,80.0,80,200000000.0,C,52379.41,91018.27,3d5.(2F).4s,d 3F,2,3d5.(b 2F).4p,u 3G*,3
Mn,2,Mn II,258.8972,258.8972,258.8973,air,300.0,300,280000000.0,C,43528.661,82142.46,3d5.(4F).4s,a 5F,5,3d5.(4F).4p,y 5G*,6
Mn,2,Mn II,258.9727,258.9727,258.97252,air,500.0,500,200000000.0,C,32787.90,71390.488,3d5.(4D).4s,b 5D,4,3d5.(4D).4p,x 5P*,3
Mn,2,Mn II,258.982,258.982,258.98172,air,20.0,20,500000000.0,D,43557.175,82158.392,3d5.(6S).4p,z 5P*,1,3d5.(6S).4d,e 5D,0
Mn,2,Mn II,258.9992,258.9992,258.99791,air,60.0,60*,370000000.0,D,43557.175,82155.980,3d5.(6S).4p,z 5P*,1,3d5.(6S).4d,e 5D,1
Mn,2,Mn II,259.015,259.015,259.01513,air,200.0,200*,80000000.0,D,44139.031,82735.27,3d5.(2D).4s,c 3D,1,3d5.(4F).4p,x 5D*,2
Mn,2,Mn II,259.015,259.015,259.0152,air,200.0,200*,250000000.0,C,41204.38,79800.61,3d5.(2I).4s,a 3I,5,3d5.(2I).4p,y 3H*,4
Mn,2,Mn II,259.0299,259.0299,259.02937,air,50.0,50,170000000.0,D,43557.175,82151.292,3d5.(6S).4p,z 5P*,1,3d5.(6S).4d,e 5D,2
Mn,2,Mn II,259.0669,259.0669,259.06668,air,40.0,40,27000000.0,D,43528.661,82117.22,3d5.(4F).4s,a 5F,5,3d5.(4F).4p,y 5G*,5
Mn,2,Mn II,259.1243,259.1243,259.12393,air,60.0,60,190000000.0,C,43537.186,82117.22,3d5.(4F).4s,a 5F,4,3d5.(4F).4p,y 5G*,5
Mn,2,Mn II,259.1429,259.1429,259.14263,air,100.0,100,140000000.0,D,29919.444,68496.694,3d5.(4P).4s,a 5P,2,3d5.(4P).4p,y 5P*,1
Mn,2,Mn II,259.2043,259.2043,259.2039,air,20.0,20,140000000.0,C,49427.371,87995.51,3d5.(2G).4s,c 3G,4,3d5.(2H).4p,w 3H*,5
Mn,2,Mn II,259.3301,259.3301,259.3297,air,250.0,250,230000000.0,C,41190.53,79739.95,3d5.(2I).4s,a 3I,6,3d5.(2I).4p,y 3H*,5
Mn,2,Mn II,259.372098,259.372098,259.372102,air,1000.0,1000,276000000.0,A+,0.000,38543.122,3d5.(6S).4s,a 7S,3,3d5.(6S).4p,z 7P*,3
Mn,2,Mn II,259.5653,259.5653,259.5651,air,40.0,40,100000000.0,D,43537.186,82051.65,3d5.(4F).4s,a 5F,4,3d5.(4F).4p,x 5F*,3
Mn,2,Mn II,259.7576,259.7576,259.7574,air,5.0,5,42000000.0,D,53597.139,92083.09,3d6,c 3P,2,3d5.(b 2F).4p,u 3D*,3
Mn,2,Mn II,259.8248,259.8248,259.8247,air,30.0,30,120000000.0,D,49465.15,87941.14,3d5.(2G).4s,c 3G,3,3d5.(2H).4p,w 3H*,4
Mn,2,Mn II,259.8813,259.8813,259.8812,air,40.0,40,43000000.0,D,43395.395,81863.01,3d5.(2D).4s,c 3D,3,3d5.(4F).4p,y 5G*,4
Mn,2,Mn II,259.8905,259.8905,259.88993,air,500.0,500*,160000000.0,D,32857.27,71323.60,3d5.(4D).4s,b 5D,3,3d5.(4D).4p,x 5P*,2
Mn,2,Mn II,259.8905,259.8905,259.89038,air,500.0,500*,140000000.0,D,29951.434,68417.697,3d5.(4P).4s,a 5P,1,3d5.(4P).4p,y 5P*,2
Mn,2,Mn II,259.903,259.903,259.9006,air,60.0,60*,90000000.0,D,46903.32,85368.07,3d5.(2D).4s,b 1D,2,3d5.(a 2F).4p,y 1D*,2
Mn,2,Mn II,259.9553,259.9553,259.95526,air,40.0,40,42000000.0,D,43537.186,81993.85,3d5.(4F).4s,a 5F,4,3d5.(4F).4p,x 5F*,4
Mn,2,Mn II,260.1844,260.1844,260.1836,air,50.0,50,290000000.0,C,55759.322,94182.24,3d5.(2F).4s,c 1F,3,3d5.(b 2F).4p,w 1F*,3
Mn,2,Mn II,260.1986,260.1986,260.1986,air,50.0,50,200000000.0,D,43311.324,81732.02,3d5.(4F).4s,a 5F,1,3d5.(2D).4p,x 3D*,1
Mn,2,Mn II,260.2725,260.2725,260.2724,air,300.0,300,230000000.0,C,41182.62,79592.42,3d5.(2I).4s,a 3I,7,3d5.(2I).4p,y 3H*,6
Mn,2,Mn II,260.3035,260.3035,260.30335,air,60.0,60,100000000.0,D,32859.15,71264.39,3d5.(4D).4s,b 5D,2,3d5.(4D).4p,x 5P*,1
Mn,2,Mn II,260.3269,260.3269,260.3261,air,40.0,40*,21000000.0,D,41190.53,79592.42,3d5.(2I).4s,a 3I,6,3d5.(2I).4p,y 3H*,6
Mn,2,Mn II,260.372,260.372,260.3719,air,300.0,300,120000000.0,D,29889.534,68284.664,3d5.(4P).4s,a 5P,3,3d5.(4P).4p,y 5P*,3
Mn,2,Mn II,260.386,260.386,260.3841,air,12.0,12,100000000.0,D,49465.15,87858.48,3d5.(2G).4s,c 3G,3,3d5.(a 2G).4p,u 3F*,2
Mn,2,Mn II,260.4315,260.4315,260.43004,air,18.0,18,140000000.0,D,43850.341,82236.90,3d5.(4F).4s,a 5F,2,3d5.(4F).4p,x 5F*,1
Mn,2,Mn II,260.568029,260.568029,260.568028,air,1000.0,1000,269000000.0,A+,0.000,38366.232,3d5.(6S).4s,a 7S,3,3d5.(6S).4p,z 7P*,2
Mn,2,Mn II,260.5749,,260.5749,air,,m,120000000.0,D,29919.444,68284.664,3d5.(4P).4s,a 5P,2,3d5.(4P).4p,y 5P*,3
Mn,2,Mn II,260.6116,260.6116,260.6107,air,8.0,8,25400000.0,B+,30684.96,69044.91,3d6,a 3P,1,3d5.(4P).4p,z 3P*,2
Mn,2,Mn II,260.626,260.626,260.62593,air,40.0,40,44000000.0,D,43528.661,81886.37,3d5.(4F).4s,a 5F,5,3d5.(4F).4p,x 5F*,5
Mn,2,Mn II,260.6842,260.6842,260.68387,air,40.0,40,27000000.0,D,43537.186,81886.37,3d5.(4F).4s,a 5F,4,3d5.(4F).4p,x 5F*,5
Mn,2,Mn II,260.8446,260.8446,260.8428,air,80.0,80*,70000000.0,D,43537.186,81863.01,3d5.(4F).4s,a 5F,4,3d5.(4F).4p,y 5G*,4
Mn,2,Mn II,260.8814,260.8814,260.8809,air,100.0,100,100000000.0,D,43339.452,81659.67,3d5.(2D).4s,c 3D,2,3d5.(2D).4p,x 3D*,3
Mn,2,Mn II,260.9558,260.9558,260.95583,air,100.0,100,130000000.0,C,44521.54,82830.76,3d5.(2F).4s,b 3F,4,3d5.(a 2F).4p,w 3F*,4
Mn,2,Mn II,261.02,261.02,261.0202,air,10000.0,10000,300000000.0,C,27547.26,65847.03,3d5.(4G).4s,a 5G,6,3d5.(4G).4p,z 5H*,7
Mn,2,Mn II,261.0582,261.0582,261.0566,air,60.0,60,140000000.0,D,47073.64,85368.07,3d5.(2F).4s,a 1F,3,3d5.(a 2F).4p,y 1D*,2
Mn,2,Mn II,261.0852,261.0852,261.08486,air,60.0,60,100000000.0,D,49427.371,87717.66,3d5.(2G).4s,c 3G,4,3d5.(a 2G).4p,u 3F*,3
Mn,2,Mn II,261.263,261.263,261.2624,air,60.0,60,90000000.0,D,43395.395,81659.67,3d5.(2D).4s,c 3D,3,3d5.(2D).4p,x 3D*,3
Mn,2,Mn II,261.6521,261.6521,261.6528,air,100.0,100*,114000000.0,C,51553.11,89760.29,3d5.(2H).4s,a 1H,5,3d5.(2H).4p,x 1H*,5
Mn,2,Mn II,261.8148,261.8148,261.8146,air,5000.0,5000,290000000.0,C,27571.25,65754.82,3d5.(4G).4s,a 5G,5,3d5.(4G).4p,z 5H*,6
Mn,2,Mn II,261.892,261.892,261.89198,air,40.0,40,150000000.0,D,44745.501,82917.79,3d5.(2F).4s,b 3F,2,3d5.(a 2F).4p,w 3F*,2
Mn,2,Mn II,261.9003,261.9003,261.90035,air,40.0,40,210000000.0,D,44899.851,83070.92,3d5.(2F).4s,b 3F,3,3d5.(a 2F).4p,w 3D*,2
Mn,2,Mn II,261.9311,261.9311,261.9297,air,40.0,40,140000000.0,C,43696.217,81863.01,3d5.(4F).4s,a 5F,3,3d5.(4F).4p,y 5G*,4
Mn,2,Mn II,262.31,262.31,262.3105,air,5.0,5,1300000.0,C,27547.26,65658.65,3d5.(4G).4s,a 5G,6,3d5.(4G).4p,z 5H*,5
Mn,2,Mn II,262.4761,262.4761,262.47572,air,40.0,40,11600000.0,B,27571.25,65658.65,3d5.(4G).4s,a 5G,5,3d5.(4G).4p,z 5H*,5
Mn,2,Mn II,262.4956,262.4956,262.49562,air,10.0,10,60000000.0,D,43696.217,81780.73,3d5.(4F).4s,a 5F,3,3d5.(4F).4p,y 5G*,3
Mn,2,Mn II,262.5606,262.5606,262.5608,air,3000.0,3000,260000000.0,B,27583.59,65658.65,3d5.(4G).4s,a 5G,4,3d5.(4G).4p,z 5H*,5
Mn,2,Mn II,262.6468,262.6468,262.6464,air,60.0,60D?,140000000.0,C,49517.69,87580.34,3d5.(2G).4s,c 3G,5,3d5.(a 2G).4p,u 3F*,4
Mn,2,Mn II,262.7058,262.7058,262.70557,air,40.0,40,80000000.0,D,44139.031,82193.11,3d5.(2D).4s,c 3D,1,3d5.(4F).4p,y 5G*,2
Mn,2,Mn II,262.8293,262.8293,262.82879,air,80.0,80,180000000.0,C,44899.851,82936.09,3d5.(2F).4s,b 3F,3,3d5.(a 2F).4p,w 3F*,3
Mn,2,Mn II,262.8505,262.8505,262.8506,air,30.0,30,260000000.0,C,65567.061,103600.14,3d5.(2D).4s,c 1D,2,3d5.(b 2D).4p,w 1D*,2
Mn,2,Mn II,262.8768,262.8768,262.87669,air,30.0,30,130000000.0,D,44745.501,82774.81,3d5.(2F).4s,b 3F,2,3d5.(4F).4p,x 5D*,1
Mn,2,Mn II,263.2006,263.2006,263.1972,air,200.0,200*,180000000.0,D,43339.452,81322.46,3d5.(2D).4s,c 3D,2,3d5.(a 2D).4p,x 3P*,1
Mn,2,Mn II,263.2354,263.2354,263.23533,air,2000.0,2000,270000000.0,C,27588.53,65566.03,3d5.(4G).4s,a 5G,3,3d5.(4G).4p,z 5H*,4
Mn,2,Mn II,263.243,263.243,263.24287,air,4.0,4:,420000.0,D+,29889.534,67865.945,3d5.(4P).4s,a 5P,3,3d5.(4G).4p,z 3F*,4
Mn,2,Mn II,263.5604,263.5604,263.55868,air,,*,32000000.0,D,44899.851,82830.76,3d5.(2F).4s,b 3F,3,3d5.(a 2F).4p,w 3F*,4
Mn,2,Mn II,263.5604,263.5604,263.56229,air,,*,120000000.0,D,43850.341,81780.73,3d5.(4F).4s,a 5F,2,3d5.(4F).4p,y 5G*,3
Mn,2,Mn II,263.7889,263.7889,263.78783,air,100.0,100,220000000.0,C,44521.54,82419.50,3d5.(2F).4s,b 3F,4,3d5.(a 2F).4p,w 3D*,3
Mn,2,Mn II,263.8173,263.8173,263.8171,air,1000.0,1000,270000000.0,C,27589.36,65483.12,3d5.(4G).4s,a 5G,2,3d5.(4G).4p,z 5H*,3
Mn,2,Mn II,263.9849,263.9849,263.98473,air,300.0,300,190000000.0,C,32787.90,70657.595,3d5.(4D).4s,b 5D,4,3d5.(4D).4p,y 5F*,5
Mn,2,Mn II,264.2235,264.2235,264.22366,air,40.0,40*,39000000.0,D,49882.208,87717.66,3d5.(4F).4s,c 3F,4,3d5.(a 2G).4p,u 3F*,3
Mn,2,Mn II,264.251,264.251,264.25009,air,10.0,10,140000.0,D,38543.122,76374.791,3d5.(6S).4p,z 7P*,3,3d5.(6S).5s,e 5S,2
Mn,2,Mn II,264.2775,264.2775,264.27758,air,40.0,40,43000000.0,D,49889.927,87717.66,3d5.(4F).4s,c 3F,3,3d5.(a 2G).4p,u 3F*,3
Mn,2,Mn II,264.7624,264.7624,264.76261,air,80.0,80,6100000.0,D+,32787.90,70546.34,3d5.(4D).4s,b 5D,4,3d5.(4G).4p,z 3G*,4
Mn,2,Mn II,264.8056,264.8056,264.80521,air,80.0,80,190000000.0,D,43395.395,81147.76,3d5.(2D).4s,c 3D,3,3d5.(a 2D).4p,x 3P*,2
Mn,2,Mn II,264.8938,264.8938,264.89401,air,100.0,100,70000000.0,D,32787.90,70527.61,3d5.(4D).4s,b 5D,4,3d5.(4G).4p,z 3G*,5
Mn,2,Mn II,265.1036,265.1036,265.1035,air,80.0,80,36000000.0,D,32787.90,70497.790,3d5.(4D).4s,b 5D,4,3d5.(4D).4p,y 5F*,4
Mn,2,Mn II,265.1868,265.1868,265.18619,air,40.0,40,60000000.0,D,49882.208,87580.34,3d5.(4F).4s,c 3F,4,3d5.(a 2G).4p,u 3F*,4
Mn,2,Mn II,265.2497,265.2497,265.24995,air,200.0,200,43000000.0,C+,32857.27,70546.34,3d5.(4D).4s,b 5D,3,3d5.(4G).4p,z 3G*,4
Mn,2,Mn II,265.582,265.582,265.58082,air,40.0,40,80000000.0,D,44745.501,82387.62,3d5.(2F).4s,b 3F,2,3d5.(2F).4p,y 3G*,3
Mn,2,Mn II,265.5924,265.5924,265.5921,air,300.0,300,210000000.0,C,32857.27,70497.790,3d5.(4D).4s,b 5D,3,3d5.(4D).4p,y 5F*,4
Mn,2,Mn II,265.617,265.617,265.6173,air,200.0,200,200000000.0,D,36274.62,73911.57,3d5.(4P).4s,b 3P,2,3d5.(4P).4p,z 3S*,1
Mn,2,Mn II,265.909,265.909,265.90889,air,80.0,80,60000000.0,D,44521.54,82117.22,3d5.(2F).4s,b 3F,4,3d5.(4F).4p,y 5G*,5
Mn,2,Mn II,266.2538,266.2538,266.25416,air,200.0,200,90000000.0,D,36364.64,73911.57,3d5.(4P).4s,b 3P,1,3d5.(4P).4p,z 3S*,1
Mn,2,Mn II,266.6769,266.6769,266.6724,air,300.0,300*,260000000.0,C,44315.26,81803.31,3d5.(2I).4s,b 1I,6,3d5.(2I).4p,z 1I*,6
Mn,2,Mn II,266.6894,266.6894,266.68933,air,50.0,50,60000000.0,D,32857.27,70342.936,3d5.(4D).4s,b 5D,3,3d5.(4D).4p,y 5F*,3
Mn,2,Mn II,266.703,266.703,266.70271,air,300.0,300*,180000000.0,C,32859.15,70342.936,3d5.(4D).4s,b 5D,2,3d5.(4D).4p,y 5F*,3
Mn,2,Mn II,267.1811,267.1811,267.1801,air,80.0,80*,70000000.0,D,48317.83,85734.65,3d5.(2H).4s,b 3H,4,3d5.(2H).4p,w 3G*,3
Mn,2,Mn II,267.1811,267.1811,267.18185,air,80.0,80*,130000000.0,C,52383.78,89800.35,3d5.(2F).4s,d 3F,4,3d5.(b 2F).4p,t 3F*,4
Mn,2,Mn II,267.2581,267.2581,267.25798,air,1000.0,1000,198000000.0,B+,29889.534,67295.446,3d5.(4P).4s,a 5P,3,3d5.(4P).4p,z 5D*,4
Mn,2,Mn II,267.3095,267.3095,267.31002,air,40.0,40,3500000.0,C+,33147.71,70546.34,3d5.(4G).4s,a 3G,5,3d5.(4G).4p,z 3G*,4
Mn,2,Mn II,267.3379,267.3379,267.33791,air,200.0,200,150000000.0,D,32836.74,70231.468,3d5.(4D).4s,b 5D,1,3d5.(4D).4p,y 5F*,2
Mn,2,Mn II,267.444,267.444,267.44397,air,500.0,500,33000000.0,D,33147.71,70527.61,3d5.(4G).4s,a 3G,5,3d5.(4G).4p,z 3G*,5
Mn,2,Mn II,267.4756,267.4756,267.4756,air,100.0,100,270000000.0,C,48436.05,85811.53,3d5.(2H).4s,b 3H,6,3d5.(2H).4p,y 3I*,7
Mn,2,Mn II,267.4985,267.4985,267.49823,air,200.0,200,90000000.0,D,32859.15,70231.468,3d5.(4D).4s,b 5D,2,3d5.(4D).4p,y 5F*,2
Mn,2,Mn II,267.5517,267.5517,267.5514,air,80.0,80*,220000000.0,D,46903.32,84268.21,3d5.(2D).4s,b 1D,2,3d5.(a 2D).4p,z 1P*,1
Mn,2,Mn II,267.5517,267.5517,267.5518,air,80.0,80*,180000000.0,C,44521.54,81886.37,3d5.(2F).4s,b 3F,4,3d5.(4F).4p,x 5F*,5
Mn,2,Mn II,267.7249,267.7249,267.72453,air,100.0,100,90000000.0,D,48333.08,85673.81,3d5.(2H).4s,b 3H,5,3d5.(2H).4p,w 3G*,4
Mn,2,Mn II,267.7851,267.7851,267.7848,air,200.0,200,120000000.0,D,32818.44,70150.76,3d5.(4D).4s,b 5D,0,3d5.(4D).4p,y 5F*,1
Mn,2,Mn II,267.9166,267.9166,267.91618,air,200.0,200,110000000.0,D,32836.74,70150.76,3d5.(4D).4s,b 5D,1,3d5.(4D).4p,y 5F*,1
Mn,2,Mn II,267.9947,267.9947,267.9947,air,100.0,100,230000000.0,C,48333.08,85636.17,3d5.(2H).4s,b 3H,5,3d5.(2H).4p,y 3I*,6
Mn,2,Mn II,268.0338,268.0338,268.03356,air,500.0,500,41000000.0,C+,33248.66,70546.34,3d5.(4G).4s,a 3G,4,3d5.(4G).4p,z 3G*,4
Mn,2,Mn II,268.038,268.038,268.03814,air,40.0,40,200000000.0,C,52653.327,89950.37,3d5.(2G).4s,b 1G,4,3d5.(a 2G).4p,x 1F*,3
Mn,2,Mn II,268.0681,268.0681,268.0683,air,300.0,300,140000000.0,C,41182.62,78475.47,3d5.(2I).4s,a 3I,7,3d5.(2I).4p,z 3I*,7
Mn,2,Mn II,268.1252,268.1252,268.1252,air,300.0,300,121000000.0,C,41190.53,78475.47,3d5.(2I).4s,a 3I,6,3d5.(2I).4p,z 3I*,7
Mn,2,Mn II,268.4539,268.4539,268.45357,air,300.0,300,80000000.0,D,33278.73,70518.06,3d5.(4G).4s,a 3G,3,3d5.(4G).4p,z 3G*,3
Mn,2,Mn II,268.513,268.513,268.51327,air,50.0,50,520000.0,D+,30679.51,67910.56,3d6,a 3H,5,3d5.(4G).4p,z 3H*,4
Mn,2,Mn II,268.5883,268.5883,268.5877,air,100.0,100,32000000.0,D,30523.71,67744.44,3d6,a 3H,6,3d5.(4G).4p,z 3H*,6
Mn,2,Mn II,268.5983,268.5983,268.5985,air,40.0,40*,101000000.0,C,51553.11,88772.35,3d5.(2H).4s,a 1H,5,3d5.(a 2G).4p,3G*,5
Mn,2,Mn II,268.7368,268.7368,268.7364,air,30.0,30*,150000000.0,C,44899.851,82099.99,3d5.(2F).4s,b 3F,3,3d5.(2F).4p,y 3G*,4
Mn,2,Mn II,268.7457,268.7457,268.7461,air,20.0,20,120000000.0,D,52373.269,89572.06,3d5.(2F).4s,d 3F,3,3d5.(b 2F).4p,t 3F*,3
Mn,2,Mn II,268.834,268.834,268.83544,air,5.0,5,600000.0,C,30679.51,67865.945,3d6,a 3H,5,3d5.(4G).4p,z 3F*,4
Mn,2,Mn II,268.9787,268.9787,268.97798,air,100.0,100,32000000.0,D,30679.51,67846.24,3d6,a 3H,5,3d5.(4G).4p,z 3H*,5
Mn,2,Mn II,269.0978,269.0978,269.0976,air,100.0,100,150000000.0,C,41190.53,78340.74,3d5.(2I).4s,a 3I,6,3d5.(2I).4p,z 3I*,6
Mn,2,Mn II,269.1717,269.1717,269.1715,air,80.0,80*,110000000.0,D,52379.41,89519.42,3d5.(2F).4s,d 3F,2,3d5.(b 2F).4p,t 3F*,2
Mn,2,Mn II,269.1981,269.1981,269.198,air,200.0,200,95000000.0,C,41204.38,78340.74,3d5.(2I).4s,a 3I,5,3d5.(2I).4p,z 3I*,6
Mn,2,Mn II,269.245,269.245,269.2446,air,100.0,100,230000000.0,C,48317.83,85447.76,3d5.(2H).4s,b 3H,4,3d5.(2H).4p,y 3I*,5
Mn,2,Mn II,269.3192,269.3192,269.31892,air,500.0,500,94000000.0,B+,29889.534,67009.217,3d5.(4P).4s,a 5P,3,3d5.(4P).4p,z 5D*,3
Mn,2,Mn II,269.357,269.357,269.3565,air,100.0,100*,15400000.0,C+,30796.06,67910.56,3d6,a 3H,4,3d5.(4G).4p,z 3H*,4
Mn,2,Mn II,269.4102,269.4102,269.4089,air,100.0,100*,107000000.0,C,48436.05,85543.34,3d5.(2H).4s,b 3H,6,3d5.(2H).4p,w 3G*,5
Mn,2,Mn II,269.4102,269.4102,269.4112,air,100.0,100*,108000000.0,C,52653.327,89760.29,3d5.(2G).4s,b 1G,4,3d5.(2H).4p,x 1H*,5
Mn,2,Mn II,269.5365,269.5365,269.53611,air,500.0,500,68000000.0,B+,29919.444,67009.217,3d5.(4P).4s,a 5P,2,3d5.(4P).4p,z 5D*,3
Mn,2,Mn II,269.873,269.873,269.8725,air,10.0,10,90000000.0,D,64456.72,101500.26,3d5.(4G).4p,z 5G*,2,3d5.(4G).5s,e 5G,2
Mn,2,Mn II,269.8989,269.8989,269.89845,air,300.0,300,130000000.0,D,29889.534,66929.517,3d5.(4P).4s,a 5P,3,3d5.(4P).4p,z 5S*,2
Mn,2,Mn II,269.9853,269.9853,269.98434,air,30.0,30,90000000.0,D,64473.421,101501.621,3d5.(4G).4p,z 5G*,3,3d5.(4G).5s,e 5G,3
Mn,2,Mn II,270.1024,270.1024,270.10281,air,300.0,300,80000000.0,B+,29889.534,66901.494,3d5.(4P).4s,a 5P,3,3d5.(4G).4p,z 5F*,2
Mn,2,Mn II,270.117,270.117,270.11658,air,500.0,500,90000000.0,D,29919.444,66929.517,3d5.(4P).4s,a 5P,2,3d5.(4P).4p,z 5S*,2
Mn,2,Mn II,270.153,270.153,270.15252,air,20.0,20,90000000.0,D,64494.14,101499.29,3d5.(4G).4p,z 5G*,4,3d5.(4G).5s,e 5G,4
Mn,2,Mn II,270.1698,270.1698,270.1698,air,2000.0,2000,260000000.0,C,27547.26,64550.04,3d5.(4G).4s,a 5G,6,3d5.(4G).4p,z 5G*,6
Mn,2,Mn II,270.2984,270.2984,270.2987,air,30.0,30,80000000.0,D,56883.36,93868.50,3d5.(2S).4s,a 3S,1,3d5.(2S).4p,3P*,1
Mn,2,Mn II,270.322,270.322,270.32127,air,30.0,30,28400000.0,B+,29919.444,66901.494,3d5.(4P).4s,a 5P,2,3d5.(4G).4p,z 5F*,2
Mn,2,Mn II,270.376,270.376,270.37511,air,50.0,50,6600000.0,B,29919.444,66894.130,3d5.(4P).4s,a 5P,2,3d5.(4G).4p,z 5F*,1
Mn,2,Mn II,270.398,270.398,270.3975,air,1000.0,1000,29000000.0,D,27547.26,64518.89,3d5.(4G).4s,a 5G,6,3d5.(4G).4p,z 5G*,5
Mn,2,Mn II,270.4045,270.4045,270.4042,air,20.0,20,103000000.0,C,64518.89,101489.60,3d5.(4G).4p,z 5G*,5,3d5.(4G).5s,e 5G,5
Mn,2,Mn II,270.5561,270.5561,270.55532,air,200.0,200,41000000.0,B+,29951.434,66901.494,3d5.(4P).4s,a 5P,1,3d5.(4G).4p,z 5F*,2
Mn,2,Mn II,270.5732,270.5732,270.573,air,1000.0,1000,230000000.0,C,27571.25,64518.89,3d5.(4G).4s,a 5G,5,3d5.(4G).4p,z 5G*,5
Mn,2,Mn II,270.6094,270.6094,270.60925,air,20.0,20,13500000.0,B,29951.434,66894.130,3d5.(4P).4s,a 5P,1,3d5.(4G).4p,z 5F*,1
Mn,2,Mn II,270.7544,270.7544,270.75442,air,500.0,500,43000000.0,C+,27571.25,64494.14,3d5.(4G).4s,a 5G,5,3d5.(4G).4p,z 5G*,4
Mn,2,Mn II,270.7915,270.7915,270.7908,air,20.0,20,117000000.0,C,64550.04,101467.97,3d5.(4G).4p,z 5G*,6,3d5.(4G).5s,e 5G,6
Mn,2,Mn II,270.8452,270.8452,270.84495,air,1000.0,1000,167000000.0,C+,27583.59,64494.14,3d5.(4G).4s,a 5G,4,3d5.(4G).4p,z 5G*,4
Mn,2,Mn II,270.8814,270.8814,270.8812,air,200.0,200,10800000.0,C+,27588.53,64494.14,3d5.(4G).4s,a 5G,3,3d5.(4G).4p,z 5G*,4
Mn,2,Mn II,270.997,270.997,270.99707,air,300.0,300,60000000.0,D,27583.59,64473.421,3d5.(4G).4s,a 5G,4,3d5.(4G).4p,z 5G*,3
Mn,2,Mn II,271.0336,271.0336,271.03337,air,1000.0,1000,190000000.0,C,27588.53,64473.421,3d5.(4G).4s,a 5G,3,3d5.(4G).4p,z 5G*,3
Mn,2,Mn II,271.0629,271.0629,271.0628,air,200.0,200*,210000000.0,C,41204.38,78085.26,3d5.(2I).4s,a 3I,5,3d5.(2I).4p,z 3I*,5
Mn,2,Mn II,271.1123,271.1123,271.11193,air,5.0,5,43000000.0,D,66929.517,103803.72,3d5.(4P).4p,z 5S*,2,3d5.(4P).5s,e 5P,3
Mn,2,Mn II,271.1568,271.1568,271.15615,air,100.0,100,49000000.0,D,27588.53,64456.72,3d5.(4G).4s,a 5G,3,3d5.(4G).4p,z 5G*,2
Mn,2,Mn II,271.163,271.163,271.16226,air,1000.0,1000,210000000.0,C,27589.36,64456.72,3d5.(4G).4s,a 5G,2,3d5.(4G).4p,z 5G*,2
Mn,2,Mn II,271.4584,271.4584,271.45788,air,10.0,10,53000000.0,D,67009.217,103836.43,3d5.(4P).4p,z 5D*,3,3d5.(4P).5s,e 5P,2
Mn,2,Mn II,271.4737,271.4737,271.4738,air,30.0,30,200000000.0,C,72648.86,109473.92,3d5.(2G).4s,d 1G,4,3d5.(b 2G).4p,v 1G*,4
Mn,2,Mn II,271.5699,271.5699,271.5697,air,50.0,50*,54000000.0,D,52653.327,89465.38,3d5.(2G).4s,b 1G,4,3d5.(b 2F).4p,x 1G*,4
Mn,2,Mn II,271.6796,271.6796,271.67926,air,300.0,300,29200000.0,B+,29889.534,66686.739,3d5.(4P).4s,a 5P,3,3d5.(4G).4p,z 5F*,3
Mn,2,Mn II,271.6993,271.6993,271.69922,air,5.0,5,49000000.0,D,67009.217,103803.72,3d5.(4P).4p,z 5D*,3,3d5.(4P).5s,e 5P,3
Mn,2,Mn II,271.7527,271.7527,271.75243,air,300.0,300,20000000.0,E,29889.534,66676.833,3d5.(4P).4s,a 5P,3,3d5.(4P).4p,z 5D*,2
Mn,2,Mn II,271.9012,271.9012,271.90029,air,300.0,300,27700000.0,B+,29919.444,66686.739,3d5.(4P).4s,a 5P,2,3d5.(4G).4p,z 5F*,3
Mn,2,Mn II,271.9307,271.9307,271.9311,air,200.0,200,108000000.0,C,41182.62,77945.75,3d5.(2I).4s,a 3I,7,3d5.(2I).4p,z 3K*,7
Mn,2,Mn II,271.9743,271.9743,271.97357,air,500.0,500*,80000000.0,D,29919.444,66676.833,3d5.(4P).4s,a 5P,2,3d5.(4P).4p,z 5D*,2
Mn,2,Mn II,271.9743,271.9743,271.9738,air,500.0,500*,114000000.0,C,55759.322,92516.68,3d5.(2F).4s,c 1F,3,3d5.(b 2F).4p,w 1G*,4
Mn,2,Mn II,271.9895,271.9895,271.9896,air,100.0,100,150000000.0,C,41190.53,77945.75,3d5.(2I).4s,a 3I,6,3d5.(2I).4p,z 3K*,7
Mn,2,Mn II,272.166,272.166,272.1661,air,10.0,10,110000000.0,D,70231.468,106962.86,3d5.(4D).4p,y 5F*,2,3d5.(4D).5s,g 5D,1
Mn,2,Mn II,272.2097,272.2097,272.20846,air,300.0,300*,156000000.0,C+,29919.444,66645.116,3d5.(4P).4s,a 5P,2,3d5.(4P).4p,z 5D*,1
Mn,2,Mn II,272.2097,272.2097,272.21048,air,300.0,300*,10700000.0,C+,29951.434,66676.833,3d5.(4P).4s,a 5P,1,3d5.(4P).4p,z 5D*,2
Mn,2,Mn II,272.4465,272.4465,272.44579,air,300.0,300,163000000.0,C+,29951.434,66645.116,3d5.(4P).4s,a 5P,1,3d5.(4P).4p,z 5D*,1
Mn,2,Mn II,272.7584,272.7584,272.7586,air,200.0,200,84000000.0,C,41190.53,77842.13,3d5.(2I).4s,a 3I,6,3d5.(2I).4p,z 3K*,6
Mn,2,Mn II,272.8075,272.8075,272.8074,air,50.0,50,25000000.0,D,51553.11,88198.16,3d5.(2H).4s,a 1H,5,3d5.(2H).4p,w 3H*,6
Mn,2,Mn II,272.8617,272.8617,272.8617,air,300.0,300*,180000000.0,C,41204.38,77842.13,3d5.(2I).4s,a 3I,5,3d5.(2I).4p,z 3K*,6
Mn,2,Mn II,272.8617,272.8617,272.8615,air,300.0,300*,270000000.0,C,41182.62,77820.4,3d5.(2I).4s,a 3I,7,3d5.(2I).4p,z 3K*,8
Mn,2,Mn II,272.9614,272.9614,272.9611,air,20.0,20,110000000.0,D,70342.936,106967.35,3d5.(4D).4p,y 5F*,3,3d5.(4D).5s,g 5D,2
Mn,2,Mn II,273.3894,273.3894,273.38901,air,50.0,50,49000000.0,D,49882.208,86449.30,3d5.(4F).4s,c 3F,4,3d5.(4F).4p,3F*,4
Mn,2,Mn II,273.7022,273.7022,273.70169,air,40.0,40,70000000.0,D,49427.371,85952.69,3d5.(2G).4s,c 3G,4,3d5.(4F).4p,3F*,3
Mn,2,Mn II,273.7121,273.7121,273.7112,air,40.0,40,80000000.0,D,49465.15,85989.20,3d5.(2G).4s,c 3G,3,3d5.(4F).4p,3F*,2
Mn,2,Mn II,273.757,273.757,273.75696,air,80.0,80,113000000.0,C,43395.395,79913.34,3d5.(2D).4s,c 3D,3,3d5.(a 2D).4p,x 3F*,4
Mn,2,Mn II,273.8298,273.8298,273.82949,air,30.0,30,120000000.0,D,67295.446,103803.72,3d5.(4P).4p,z 5D*,4,3d5.(4P).5s,e 5P,3
Mn,2,Mn II,274.022,274.022,274.0234,air,30.0,30*,130000000.0,D,56883.36,93365.8,3d5.(2S).4s,a 3S,1,3d4.(5D).4s.4p.(3P*),w 3P*,1
Mn,2,Mn II,274.0786,274.0786,274.07833,air,100.0,100,100000000.0,D,44745.501,81220.63,3d5.(2F).4s,b 3F,2,3d5.(a 2D).4p,z 1F*,3
Mn,2,Mn II,274.2467,274.2467,274.24637,air,20.0,20,130000000.0,D,70497.790,106950.57,3d5.(4D).4p,y 5F*,4,3d5.(4D).5s,g 5D,3
Mn,2,Mn II,274.4902,274.4902,274.49012,air,80.0,80,40000000.0,D,49882.208,86302.62,3d5.(4F).4s,c 3F,4,3d5.(4F).4p,v 3D*,3
Mn,2,Mn II,274.5498,274.5498,274.54831,air,60.0,60,52000000.0,D,49889.927,86302.62,3d5.(4F).4s,c 3F,3,3d5.(4F).4p,v 3D*,3
Mn,2,Mn II,274.5732,274.5732,274.5734,air,60.0,60,25000000.0,D,52653.327,89062.69,3d5.(2G).4s,b 1G,4,3d5.(a 2G).4p,1H*,5
Mn,2,Mn II,274.732,274.732,274.7321,air,80.0,80*,170000000.0,D,49820.205,86208.54,3d5.(4F).4s,c 3F,2,3d5.(4F).4p,v 3D*,1
Mn,2,Mn II,274.7956,274.7956,274.79566,air,60.0,60,30000000.0,D,44899.851,81279.77,3d5.(2F).4s,b 3F,3,3d5.(a 2F).4p,z 1G*,4
Mn,2,Mn II,274.8698,274.8698,274.87019,air,60.0,60,110000000.0,D,49820.205,86190.26,3d5.(4F).4s,c 3F,2,3d5.(4F).4p,v 3D*,2
Mn,2,Mn II,274.956,274.956,274.9566,air,1.0,1,41000000.0,D,70527.61,106886.23,3d5.(4G).4p,z 3G*,5,3d5.(4D).5s,g 5D,4
Mn,2,Mn II,275.0126,275.0126,275.0125,air,200.0,200,19600000.0,C+,31514.71,67865.945,3d6,a 3F,4,3d5.(4G).4p,z 3F*,4
Mn,2,Mn II,275.3457,275.3457,275.34547,air,40.0,40,33000000.0,D,49427.371,85734.65,3d5.(2G).4s,c 3G,4,3d5.(2H).4p,w 3G*,3
Mn,2,Mn II,275.3987,275.3987,275.39816,air,50.0,50,53000000.0,D,49889.927,86190.26,3d5.(4F).4s,c 3F,3,3d5.(4F).4p,v 3D*,2
Mn,2,Mn II,275.633,275.633,275.63229,air,40.0,40,90000000.0,D,49465.15,85734.65,3d5.(2G).4s,c 3G,3,3d5.(2H).4p,w 3G*,3
Mn,2,Mn II,275.793,275.793,275.79183,air,30.0,30,450000.0,D,31662.04,67910.56,3d6,a 3F,3,3d5.(4G).4p,z 3H*,4
Mn,2,Mn II,275.8076,275.8076,275.80766,air,80.0,80,70000000.0,D,49427.371,85673.81,3d5.(2G).4s,c 3G,4,3d5.(2H).4p,w 3G*,4
Mn,2,Mn II,275.844,275.844,275.84358,air,80.0,80D*,60000000.0,D,49517.69,85759.41,3d5.(2G).4s,c 3G,5,3d5.(a 2G).4p,1G*,4
Mn,2,Mn II,275.9432,275.9432,275.9432,air,20.0,20,110000000.0,D,70657.595,106886.23,3d5.(4D).4p,y 5F*,5,3d5.(4D).5s,g 5D,4
Mn,2,Mn II,276.1006,276.1006,276.1013,air,100.0,100*,140000000.0,C,48436.05,84643.94,3d5.(2H).4s,b 3H,6,3d5.(a 2G).4p,x 3H*,6
Mn,2,Mn II,276.1315,276.1315,276.13171,air,40.0,40,1300000.0,C,31662.04,67865.945,3d6,a 3F,3,3d5.(4G).4p,z 3F*,4
Mn,2,Mn II,276.2088,276.2088,276.20767,air,200.0,200,90000000.0,D,38366.232,74560.181,3d5.(6S).4p,z 7P*,2,3d5.(6S).5s,e 7S,3
Mn,2,Mn II,276.255,276.255,276.25583,air,60.0,60*,5900000.0,D+,32857.27,69044.91,3d5.(4D).4s,b 5D,3,3d5.(4P).4p,z 3P*,2
Mn,2,Mn II,276.3653,276.3653,276.36529,air,60.0,60,70000000.0,D,43339.452,79512.76,3d5.(2D).4s,c 3D,2,3d5.(a 2D).4p,x 3F*,3
Mn,2,Mn II,276.376,276.376,276.37625,air,20.0,20,44000000.0,D,49889.927,86061.80,3d5.(4F).4s,c 3F,3,3d5.(a 2F).4p,y 1F*,3
Mn,2,Mn II,276.5652,276.5652,276.56548,air,60.0,60D?,45000000.0,D,43311.324,79458.45,3d5.(4F).4s,a 5F,1,3d5.(a 2D).4p,x 3F*,2
Mn,2,Mn II,276.7806,276.7806,276.7807,air,40.0,40,98000000.0,C,52653.327,88772.35,3d5.(2G).4s,b 1G,4,3d5.(a 2G).4p,3G*,5
Mn,2,Mn II,276.781,276.781,276.7848,air,30.0,30*,34000000.0,D,49517.69,85636.17,3d5.(2G).4s,c 3G,5,3d5.(2H).4p,y 3I*,6
Mn,2,Mn II,276.793,276.793,276.79338,air,60.0,60,70000000.0,D,43395.395,79512.76,3d5.(2D).4s,c 3D,3,3d5.(a 2D).4p,x 3F*,3
Mn,2,Mn II,276.8456,276.8456,276.84512,air,300.0,300*,190000000.0,D,39808.492,75919.107,3d5.(4D).4s,b 3D,3,3d5.(4D).4p,y 3P*,2
Mn,2,Mn II,276.9317,276.9317,276.93211,air,40.0,40*,90000000.0,D,49889.927,85989.20,3d5.(4F).4s,c 3F,3,3d5.(4F).4p,3F*,2
Mn,2,Mn II,276.964,276.964,276.9641,air,100.0,100,113000000.0,C,48333.08,84428.19,3d5.(2H).4s,b 3H,5,3d5.(a 2G).4p,x 3H*,5
Mn,2,Mn II,277.1527,277.1527,277.15316,air,40.0,40,90000000.0,D,49882.208,85952.69,3d5.(4F).4s,c 3F,4,3d5.(4F).4p,3F*,3
Mn,2,Mn II,277.4978,277.4978,277.4981,air,60.0,60,90000000.0,D,49517.69,85543.34,3d5.(2G).4s,c 3G,5,3d5.(2H).4p,w 3G*,5
Mn,2,Mn II,277.5319,277.5319,277.5319,air,20.0,20,200000000.0,C,65567.061,101588.32,3d5.(2D).4s,c 1D,2,3d5.(b 2D).4p,1F*,3
Mn,2,Mn II,277.5383,277.5383,277.5386,air,30.0,30,25000000.0,D,49427.371,85447.76,3d5.(2G).4s,c 3G,4,3d5.(2H).4p,y 3I*,5
Mn,2,Mn II,277.5652,277.5652,277.5637,air,200.0,200*,170000000.0,D,65483.12,101500.26,3d5.(4G).4p,z 5H*,3,3d5.(4G).5s,e 5G,2
Mn,2,Mn II,277.5652,277.5652,277.56428,air,200.0,200*,120000000.0,D,38543.122,74560.181,3d5.(6S).4p,z 7P*,3,3d5.(6S).5s,e 7S,3
Mn,2,Mn II,277.6131,277.6131,277.6126,air,5.0,5,54000000.0,D,69044.91,105055.70,3d5.(4P).4p,z 3P*,2,3d5.(4P).5s,e 3P,2
Mn,2,Mn II,277.7384,277.7384,277.73803,air,30.0,30,60000000.0,D,53805.822,89800.35,3d6,e 3F,4,3d5.(b 2F).4p,t 3F*,4
Mn,2,Mn II,277.7776,277.7776,277.7778,air,80.0,80,80000000.0,D,48317.83,84307.20,3d5.(2H).4s,b 3H,4,3d5.(a 2G).4p,x 3H*,4
Mn,2,Mn II,277.975,277.975,277.97545,air,8.0,8,210000.0,D,30679.51,66643.296,3d6,a 3H,5,3d5.(4G).4p,z 5F*,4
Mn,2,Mn II,278.1932,278.1932,278.19356,air,30.0,30,160000000.0,C,65566.03,101501.621,3d5.(4G).4p,z 5H*,4,3d5.(4G).5s,e 5G,3
Mn,2,Mn II,278.2145,278.2145,278.21446,air,100.0,100,41000000.0,D,37848.225,73781.117,3d6,a 3D,2,3d5.(4D).4p,y 3F*,3
Mn,2,Mn II,278.4208,278.4208,278.42133,air,200.0,200,160000000.0,D,39813.76,75719.955,3d5.(4D).4s,b 3D,2,3d5.(4D).4p,y 3P*,1
Mn,2,Mn II,278.5043,278.5043,278.50431,air,100.0,100,60000000.0,D,34762.098,70657.595,3d6,b 3G,5,3d5.(4D).4p,y 5F*,5
Mn,2,Mn II,278.6455,278.6455,278.64634,air,50.0,50,41000000.0,D,49882.208,85759.41,3d5.(4F).4s,c 3F,4,3d5.(a 2G).4p,1G*,4
Mn,2,Mn II,278.9304,278.9304,278.93061,air,30.0,30,150000000.0,C,65658.65,101499.29,3d5.(4G).4p,z 5H*,5,3d5.(4G).5s,e 5G,4
Mn,2,Mn II,278.9982,278.9982,278.99826,air,100.0,100,43000000.0,D,37851.49,73683.44,3d6,a 3D,3,3d5.(4D).4p,y 3F*,4
Mn,2,Mn II,279.0868,279.0868,279.086,air,10.0,10,60000000.0,D,53698.736,89519.42,3d6,e 3F,2,3d5.(b 2F).4p,t 3F*,2
Mn,2,Mn II,279.3218,279.3218,279.3228,air,20.0,20,50000000.0,D,53781.735,89572.06,3d6,e 3F,3,3d5.(b 2F).4p,t 3F*,3
Mn,2,Mn II,279.3709,279.3709,279.37024,air,30.0,30*,5300000.0,C+,34762.098,70546.34,3d6,b 3G,5,3d5.(4G).4p,z 3G*,4
Mn,2,Mn II,279.3709,279.3709,279.37304,air,30.0,30*,27000000.0,D,49889.927,85673.81,3d5.(4F).4s,c 3F,3,3d5.(2H).4p,w 3G*,4
Mn,1,Mn I,279.482,279.482,279.4817,air,6200.0,6200,370000000.0,C,0.00,35769.97,3d5.4s2,a 6S,5/2,3d5.(6S).4s.4p.(1P*),y 6P*,7/2
Mn,2,Mn II,279.5163,279.5163,279.51655,air,100.0,100,150000000.0,C,34762.098,70527.61,3d6,b 3G,5,3d5.(4G).4p,z 3G*,5
Mn,2,Mn II,279.6117,279.6117,279.61054,air,80.0,80,160000000.0,C,38806.691,74560.181,3d5.(6S).4p,z 7P*,4,3d5.(6S).5s,e 7S,3
Mn,2,Mn II,279.758,279.758,279.7569,air,40.0,40,150000000.0,C,65754.82,101489.60,3d5.(4G).4p,z 5H*,6,3d5.(4G).5s,e 5G,5
Mn,1,Mn I,279.827,279.827,279.8269,air,5100.0,5100,360000000.0,C,0.00,35725.85,3d5.4s2,a 6S,5/2,3d5.(6S).4s.4p.(1P*),y 6P*,5/2
Mn,1,Mn I,280.106,280.106,280.1081,air,3700.0,3700,370000000.0,C,0.00,35689.98,3d5.4s2,a 6S,5/2,3d5.(6S).4s.4p.(1P*),y 6P*,3/2
Mn,2,Mn II,280.3352,280.3352,280.33474,air,10.0,10,37000000.0,D,49882.208,85543.34,3d5.(4F).4s,c 3F,4,3d5.(2H).4p,w 3G*,5
Mn,2,Mn II,280.5364,280.5364,280.53584,air,100.0,100,71000000.0,C+,34910.77,70546.34,3d6,b 3G,4,3d5.(4G).4p,z 3G*,4
Mn,2,Mn II,280.604,280.604,280.6036,air,5.0,5,55000000.0,D,71323.60,106950.57,3d5.(4D).4p,x 5P*,2,3d5.(4D).5s,g 5D,3
Mn,2,Mn II,280.6515,280.6515,280.6511,air,40.0,40,150000000.0,C,65847.03,101467.97,3d5.(4G).4p,z 5H*,7,3d5.(4G).5s,e 5G,6
Mn,2,Mn II,280.6899,280.6899,280.69,air,20.0,20,39000000.0,D,48317.83,83933.83,3d5.(2H).4s,b 3H,4,3d5.(4F).4p,x 3G*,3
Mn,2,Mn II,280.981,280.981,280.9792,air,10.0,10,30000000.0,D,48333.08,83912.42,3d5.(2H).4s,b 3H,5,3d5.(4F).4p,x 3G*,5
Mn,2,Mn II,281.0247,281.0247,281.0242,air,80.0,80*,110000000.0,D,37811.88,73385.525,3d6,a 3D,1,3d5.(4D).4p,y 3D*,1
Mn,2,Mn II,281.149,281.149,281.1507,air,20.0,20,54000000.0,D,48317.83,83875.47,3d5.(2H).4s,b 3H,4,3d5.(4F).4p,x 3G*,4
Mn,2,Mn II,281.197,281.197,281.19716,air,10.0,10,80000000.0,D,68284.664,103836.43,3d5.(4P).4p,y 5P*,3,3d5.(4P).5s,e 5P,2
Mn,2,Mn II,281.2264,281.2264,281.22609,air,100.0,100*,110000000.0,D,37848.225,73396.334,3d6,a 3D,2,3d5.(4D).4p,y 3D*,2
Mn,2,Mn II,281.2588,281.2588,281.25897,air,100.0,100,160000000.0,C,37851.49,73395.444,3d6,a 3D,3,3d5.(4D).4p,y 3D*,3
Mn,2,Mn II,281.271,281.271,281.2713,air,20.0,20,34000000.0,D,48333.08,83875.47,3d5.(2H).4s,b 3H,5,3d5.(4F).4p,x 3G*,4
Mn,2,Mn II,281.2776,281.2776,281.27799,air,30.0,30,4000000.0,C+,35004.79,70546.34,3d6,b 3G,3,3d5.(4G).4p,z 3G*,4
Mn,2,Mn II,281.4561,281.4561,281.45613,air,10.0,10,60000000.0,D,68284.664,103803.72,3d5.(4P).4p,y 5P*,3,3d5.(4P).5s,e 5P,3
Mn,2,Mn II,281.5025,281.5025,281.50199,air,300.0,300,160000000.0,C,35004.79,70518.06,3d6,b 3G,3,3d5.(4G).4p,z 3G*,3
Mn,2,Mn II,281.6329,281.6329,281.63289,air,300.0,300,41000000.0,D,32787.90,68284.664,3d5.(4D).4s,b 5D,4,3d5.(4P).4p,y 5P*,3
Mn,2,Mn II,281.6408,281.6408,281.641,air,6.0,6,70000000.0,D,71390.488,106886.23,3d5.(4D).4p,x 5P*,3,3d5.(4D).5s,g 5D,4
Mn,2,Mn II,281.732,281.732,281.73182,air,80.0,80,60000000.0,D,46903.32,82387.62,3d5.(2D).4s,b 1D,2,3d5.(2F).4p,y 3G*,3
Mn,2,Mn II,281.7725,281.7725,281.7734,air,30.0,30,70000000.0,D,52379.41,87858.48,3d5.(2F).4s,d 3F,2,3d5.(a 2G).4p,u 3F*,2
Mn,2,Mn II,281.794,281.794,281.7948,air,30.0,30,39000000.0,D,48436.05,83912.42,3d5.(2H).4s,b 3H,6,3d5.(4F).4p,x 3G*,5
Mn,2,Mn II,281.9983,281.9983,281.9982,air,10.0,10,110000000.0,D,68417.697,103868.48,3d5.(4P).4p,y 5P*,2,3d5.(4P).5s,e 5P,1
Mn,2,Mn II,282.4673,282.4673,282.46819,air,60.0,60,80000000.0,D,44521.54,79913.34,3d5.(2F).4s,b 3F,4,3d5.(a 2D).4p,x 3F*,4
Mn,2,Mn II,282.8468,282.8468,282.8471,air,30.0,30,52000000.0,D,52373.269,87717.66,3d5.(2F).4s,d 3F,3,3d5.(a 2G).4p,u 3F*,3
Mn,2,Mn II,282.8838,282.8838,282.88436,air,12.0,12,42000000.0,D,68496.694,103836.43,3d5.(4P).4p,y 5P*,1,3d5.(4P).5s,e 5P,2
Mn,2,Mn II,283.072,283.072,283.0719,air,80.0,80,200000000.0,C,51553.11,86869.44,3d5.(2H).4s,a 1H,5,3d5.(2H).4p,y 1I*,6
Mn,2,Mn II,284.0355,284.0355,284.0352,air,80.0,80,45000000.0,D,52383.78,87580.34,3d5.(2F).4s,d 3F,4,3d5.(a 2G).4p,u 3F*,4
Mn,2,Mn II,284.5846,284.5846,284.5848,air,20.0,20,4900000.0,D+,31514.71,66643.296,3d6,a 3F,4,3d5.(4G).4p,z 5F*,4
Mn,2,Mn II,284.6036,284.6036,284.6037,air,100.0,100,88000000.0,C,49517.69,84643.94,3d5.(2G).4s,c 3G,5,3d5.(a 2G).4p,x 3H*,6
Mn,2,Mn II,285.431,285.431,285.42895,air,40.0,40D*,400000.0,D,31662.04,66686.739,3d6,a 3F,3,3d5.(4G).4p,z 5F*,3
Mn,2,Mn II,285.52,285.52,285.52033,air,50.0,50,23000000.0,D,44899.851,79913.34,3d5.(2F).4s,b 3F,3,3d5.(a 2D).4p,x 3F*,4
Mn,2,Mn II,285.624,285.624,285.6237,air,40.0,40,31000000.0,D,49427.371,84428.19,3d5.(2G).4s,c 3G,4,3d5.(a 2G).4p,x 3H*,5
Mn,2,Mn II,286.1303,286.1303,286.1303,air,30.0,30,70000000.0,D,67766.817,102705.67,3d5.(4G).4p,z 3F*,2,3d5.(4G).5s,e 3G,3
Mn,2,Mn II,286.154,286.154,286.1542,air,50.0,50,140000000.0,C,67744.44,102680.37,3d5.(4G).4p,z 3H*,6,3d5.(4G).5s,e 3G,5
Mn,2,Mn II,286.2389,286.2389,286.2403,air,40.0,40*,91000000.0,C,66542.539,101467.97,3d5.(4G).4p,z 5F*,5,3d5.(4G).5s,e 5G,6
Mn,2,Mn II,286.4804,286.4804,286.48012,air,50.0,50,34000000.0,D,51553.11,86449.30,3d5.(2H).4s,a 1H,5,3d5.(4F).4p,3F*,4
Mn,2,Mn II,286.5182,286.5182,286.51811,air,40.0,40,70000000.0,D,67812.087,102703.65,3d5.(4G).4p,z 3F*,3,3d5.(4G).5s,e 3G,4
Mn,2,Mn II,286.652,286.652,286.6527,air,30.0,30,90000000.0,D,72011.05,106886.23,3d5.(4D).4p,y 5D*,4,3d5.(4D).5s,g 5D,4
Mn,2,Mn II,286.7989,286.7989,286.79885,air,40.0,40,140000000.0,C,67846.24,102703.65,3d5.(4G).4p,z 3H*,5,3d5.(4G).5s,e 3G,4
Mn,2,Mn II,286.8898,286.8898,286.89026,air,40.0,40,80000000.0,D,66643.296,101489.60,3d5.(4G).4p,z 5F*,4,3d5.(4G).5s,e 5G,5
Mn,2,Mn II,286.962,286.962,286.96287,air,40.0,40*,160000000.0,D,55759.322,90596.81,3d5.(2F).4s,c 1F,3,3d5.(b 2F).4p,x 1D*,2
Mn,2,Mn II,287.0085,287.0085,287.0084,air,500.0,500,230000000.0,C,44315.26,79147.22,3d5.(2I).4s,b 1I,6,3d5.(2I).4p,z 1K*,7
Mn,2,Mn II,287.068,287.068,287.06752,air,15.0,15,28000000.0,D,66676.833,101501.621,3d5.(4P).4p,z 5D*,2,3d5.(4G).5s,e 5G,3
Mn,2,Mn II,287.1527,287.1527,287.153,air,40.0,40*,80000000.0,D,67865.945,102680.37,3d5.(4G).4p,z 3F*,4,3d5.(4G).5s,e 3G,5
Mn,2,Mn II,287.1677,287.1677,287.16844,air,30.0,30,60000000.0,D,66686.739,101499.29,3d5.(4G).4p,z 5F*,3,3d5.(4G).5s,e 5G,4
Mn,2,Mn II,287.2935,287.2935,287.29381,air,300.0,300,160000000.0,C,44315.26,79112.62,3d5.(2I).4s,b 1I,6,3d5.(2I).4p,z 1H*,5
Mn,2,Mn II,287.3128,287.3128,287.3124,air,30.0,30,140000000.0,C,67910.56,102705.67,3d5.(4G).4p,z 3H*,4,3d5.(4G).5s,e 3G,3
Mn,2,Mn II,287.4842,287.4842,287.4828,air,30.0,30*,60000000.0,D,73396.334,108170.82,3d5.(4D).4p,y 3D*,2,3d5.(4D).5s,e 3D,2
Mn,2,Mn II,287.937,287.937,287.9371,air,1.0,1,43000000.0,D,72247.73,106967.35,3d5.(4D).4p,y 5D*,3,3d5.(4D).5s,g 5D,2
Mn,2,Mn II,287.9482,287.9482,287.9486,air,500.0,500,117000000.0,C+,33147.71,67865.945,3d5.(4G).4s,a 3G,5,3d5.(4G).4p,z 3F*,4
Mn,2,Mn II,287.9847,287.9847,287.98488,air,100.0,100,80000000.0,D,36364.64,71078.501,3d5.(4P).4s,b 3P,1,3d5.(4P).4p,z 3D*,1
Mn,2,Mn II,288.041,288.041,288.041,air,10.0,10,80000000.0,D,73395.444,108102.54,3d5.(4D).4p,y 3D*,3,3d5.(4D).5s,e 3D,3
Mn,2,Mn II,288.0758,288.0758,288.0763,air,12.0,12,70000000.0,D,72247.73,106950.57,3d5.(4D).4p,y 5D*,3,3d5.(4D).5s,g 5D,3
Mn,2,Mn II,288.3825,288.3825,288.38293,air,100.0,100,50000000.0,D,36274.62,70940.568,3d5.(4P).4s,b 3P,2,3d5.(4P).4p,z 3D*,2
Mn,2,Mn II,288.4162,288.4162,288.41662,air,80.0,80,4900000.0,C+,33248.66,67910.56,3d5.(4G).4s,a 3G,4,3d5.(4G).4p,z 3H*,4
Mn,2,Mn II,288.4307,288.4307,288.4314,air,3.0,3,45000000.0,D,72307.23,106967.35,3d5.(4D).4p,y 5D*,2,3d5.(4D).5s,g 5D,2
Mn,2,Mn II,288.468,288.468,288.4688,air,5.0,5,70000000.0,D,72307.23,106962.86,3d5.(4D).4p,y 5D*,2,3d5.(4D).5s,g 5D,1
Mn,2,Mn II,288.5131,288.5131,288.51333,air,150.0,150,100000000.0,D,36428.22,71078.501,3d5.(4P).4s,b 3P,0,3d5.(4P).4p,z 3D*,1
Mn,2,Mn II,288.6671,288.6671,288.6671,air,500.0,500,104000000.0,C+,33278.73,67910.56,3d5.(4G).4s,a 3G,3,3d5.(4G).4p,z 3H*,4
Mn,2,Mn II,288.7888,288.7888,288.78835,air,100.0,100,11500000.0,C+,33248.66,67865.945,3d5.(4G).4s,a 3G,4,3d5.(4G).4p,z 3F*,4
Mn,2,Mn II,288.8815,288.8815,288.8814,air,15.0,15,60000000.0,D,66894.130,101500.26,3d5.(4G).4p,z 5F*,1,3d5.(4G).5s,e 5G,2
Mn,2,Mn II,288.9312,288.9312,288.93156,air,0.0,0,39000000.0,D,66901.494,101501.621,3d5.(4G).4p,z 5F*,2,3d5.(4G).5s,e 5G,3
Mn,2,Mn II,288.952,288.952,288.9528,air,500.0,500,160000000.0,C,33248.66,67846.24,3d5.(4G).4s,a 3G,4,3d5.(4G).4p,z 3H*,5
Mn,2,Mn II,288.96,288.96,288.9599,air,500.0,500,150000000.0,C,33147.71,67744.44,3d5.(4G).4s,a 3G,5,3d5.(4G).4p,z 3H*,6
Mn,2,Mn II,289.1332,289.1332,289.13379,air,200.0,200,130000000.0,D,36364.64,70940.568,3d5.(4P).4s,b 3P,1,3d5.(4P).4p,z 3D*,2
Mn,2,Mn II,289.2389,289.2389,289.23837,air,500.0,500,140000000.0,C,33248.66,67812.087,3d5.(4G).4s,a 3G,4,3d5.(4G).4p,z 3F*,3
Mn,2,Mn II,289.384,289.384,289.3844,air,40.0,40,70000000.0,D,49882.208,84428.19,3d5.(4F).4s,c 3F,4,3d5.(a 2G).4p,x 3H*,5
Mn,2,Mn II,289.7068,289.7068,289.70678,air,200.0,200,26600000.0,B+,32787.90,67295.446,3d5.(4D).4s,b 5D,4,3d5.(4P).4p,z 5D*,4
Mn,2,Mn II,289.8702,289.8702,289.87024,air,500.0,500,160000000.0,D,33278.73,67766.817,3d5.(4G).4s,a 3G,3,3d5.(4G).4p,z 3F*,2
Mn,2,Mn II,289.896,289.896,289.8958,air,40.0,40,53000000.0,D,49427.371,83912.42,3d5.(2G).4s,c 3G,4,3d5.(4F).4p,x 3G*,5
Mn,2,Mn II,290.0154,290.0154,290.0159,air,300.0,300,170000000.0,C,36274.62,70745.387,3d5.(4P).4s,b 3P,2,3d5.(4P).4p,z 3D*,3
Mn,2,Mn II,290.2901,290.2901,290.29037,air,100.0,100,8100000.0,B+,32857.27,67295.446,3d5.(4D).4s,b 5D,3,3d5.(4P).4p,z 5D*,4
Mn,2,Mn II,290.4515,290.4515,290.4513,air,20.0,20*,140000000.0,C,73683.44,108102.54,3d5.(4D).4p,y 3F*,4,3d5.(4D).5s,e 3D,3
Mn,2,Mn II,290.4665,290.4665,290.4667,air,40.0,40,95000000.0,C,49889.927,84307.20,3d5.(4F).4s,c 3F,3,3d5.(a 2G).4p,x 3H*,4
Mn,2,Mn II,290.5253,290.5253,290.5254,air,40.0,40,60000000.0,D,49465.15,83875.47,3d5.(2G).4s,c 3G,3,3d5.(4F).4p,x 3G*,4
Mn,2,Mn II,290.6994,290.6994,290.6996,air,15.0,15,150000000.0,D,73781.117,108170.82,3d5.(4D).4p,y 3F*,3,3d5.(4D).5s,e 3D,2
Mn,2,Mn II,290.721,290.721,290.7204,air,3.0,3,160000000.0,D,73785.58,108172.82,3d5.(4D).4p,y 3F*,2,3d5.(4D).5s,e 3D,1
Mn,2,Mn II,291.313,291.313,291.3128,air,60.0,60,70000000.0,D,46903.32,81220.63,3d5.(2D).4s,b 1D,2,3d5.(a 2D).4p,z 1F*,3
Mn,2,Mn II,291.3724,291.3724,291.3722,air,30.0,30,110000000.0,D,70745.387,105055.70,3d5.(4P).4p,z 3D*,3,3d5.(4P).5s,e 3P,2
Mn,2,Mn II,292.1299,292.1299,292.13001,air,40.0,40,1200000.0,C+,32787.90,67009.217,3d5.(4D).4s,b 5D,4,3d5.(4P).4p,z 5D*,3
Mn,2,Mn II,292.2594,292.2594,292.2597,air,100.0,100,98000000.0,C,47073.64,81279.77,3d5.(2F).4s,a 1F,3,3d5.(a 2F).4p,z 1G*,4
Mn,2,Mn II,292.723,292.723,292.72342,air,40.0,40,7100000.0,C+,32857.27,67009.217,3d5.(4D).4s,b 5D,3,3d5.(4P).4p,z 5D*,3
Mn,2,Mn II,292.7395,292.7395,292.73953,air,100.0,100,12500000.0,B+,32859.15,67009.217,3d5.(4D).4s,b 5D,2,3d5.(4P).4p,z 5D*,3
Mn,2,Mn II,292.7596,292.7596,292.75952,air,20.0,20,250000.0,D,33147.71,67295.446,3d5.(4G).4s,a 3G,5,3d5.(4P).4p,z 5D*,4
Mn,2,Mn II,293.052,293.052,293.0523,air,60.0,60,140000000.0,C,49820.205,83933.83,3d5.(4F).4s,c 3F,2,3d5.(4F).4p,x 3G*,3
Mn,2,Mn II,293.3054,293.3054,293.30543,air,2000.0,2000,204000000.0,A+,9472.993,43557.175,3d5.(6S).4s,a 5S,2,3d5.(6S).4p,z 5P*,1
Mn,2,Mn II,293.3379,293.3379,293.338,air,8.0,8,110000000.0,D,70940.568,105020.96,3d5.(4P).4p,z 3D*,2,3d5.(4P).5s,e 3P,1
Mn,2,Mn II,293.3779,293.3779,293.3785,air,80.0,80,9000000.0,B,32818.44,66894.130,3d5.(4D).4s,b 5D,0,3d5.(4G).4p,z 5F*,1
Mn,2,Mn II,293.4723,293.4723,293.47271,air,100.0,100,9100000.0,B,32836.74,66901.494,3d5.(4D).4s,b 5D,1,3d5.(4G).4p,z 5F*,2
Mn,2,Mn II,293.5355,293.5355,293.53617,air,60.0,60*,2600000.0,C+,32836.74,66894.130,3d5.(4D).4s,b 5D,1,3d5.(4G).4p,z 5F*,1
Mn,2,Mn II,293.7706,293.7706,293.7706,air,100.0,100,70000000.0,D,49882.208,83912.42,3d5.(4F).4s,c 3F,4,3d5.(4F).4p,x 3G*,5
Mn,2,Mn II,293.9308,293.9308,293.93077,air,3000.0,3000,198000000.0,A+,9472.993,43484.664,3d5.(6S).4s,a 5S,2,3d5.(6S).4p,z 5P*,2
Mn,2,Mn II,294.1567,294.1567,294.1567,air,80.0,80,43000000.0,D,49889.927,83875.47,3d5.(4F).4s,c 3F,3,3d5.(4F).4p,x 3G*,4
Mn,2,Mn II,294.3139,294.3139,294.31425,air,200.0,200,150000000.0,C,39813.76,73781.117,3d5.(4D).4s,b 3D,2,3d5.(4D).4p,y 3F*,3
Mn,2,Mn II,294.3894,294.3894,294.38954,air,200.0,200,140000000.0,D,39826.91,73785.58,3d5.(4D).4s,b 3D,1,3d5.(4D).4p,y 3F*,2
Mn,2,Mn II,294.9205,294.9205,294.92042,air,5000.0,5000,196000000.0,A+,9472.993,43370.537,3d5.(6S).4s,a 5S,2,3d5.(6S).4p,z 5P*,3
Mn,2,Mn II,295.1168,295.1168,295.1172,air,200.0,200,160000000.0,C,39808.492,73683.44,3d5.(4D).4s,b 3D,3,3d5.(4D).4p,y 3F*,4
Mn,2,Mn II,295.2871,295.2871,295.2876,air,100.0,100,9200000.0,C+,32787.90,66643.296,3d5.(4D).4s,b 5D,4,3d5.(4G).4p,z 5F*,4
Mn,2,Mn II,295.4213,295.4213,295.42114,air,50.0,50,190000.0,C,32836.74,66676.833,3d5.(4D).4s,b 5D,1,3d5.(4P).4p,z 5D*,2
Mn,2,Mn II,295.5141,295.5141,295.51392,air,100.0,100,11200000.0,B+,32857.27,66686.739,3d5.(4D).4s,b 5D,3,3d5.(4G).4p,z 5F*,3
Mn,2,Mn II,295.5379,295.5379,295.5383,air,60.0,60,6200000.0,C+,32818.44,66645.116,3d5.(4D).4s,b 5D,0,3d5.(4P).4p,z 5D*,1
Mn,2,Mn II,295.6002,295.6002,295.60048,air,80.0,80,80000.0,D,32857.27,66676.833,3d5.(4D).4s,b 5D,3,3d5.(4P).4p,z 5D*,2
Mn,2,Mn II,295.8064,295.8064,295.8068,air,40.0,40,40000000.0,D,52653.327,86449.30,3d5.(2G).4s,b 1G,4,3d5.(4F).4p,3F*,4
Mn,2,Mn II,295.8942,295.8942,295.89391,air,100.0,100*,770000.0,C,32857.27,66643.296,3d5.(4D).4s,b 5D,3,3d5.(4G).4p,z 5F*,4
Mn,2,Mn II,295.8942,295.8942,295.89444,air,100.0,100*,24000000.0,C+,32859.15,66645.116,3d5.(4D).4s,b 5D,2,3d5.(4P).4p,z 5D*,1
Mn,2,Mn II,296.1689,296.1689,296.16907,air,100.0,100,5600000.0,C+,32787.90,66542.539,3d5.(4D).4s,b 5D,4,3d5.(4G).4p,z 5F*,5
Mn,2,Mn II,296.5954,296.5954,296.596,air,40.0,40*,70000000.0,D,55759.322,89465.38,3d5.(2F).4s,c 1F,3,3d5.(b 2F).4p,x 1G*,4
Mn,2,Mn II,297.6477,297.6477,297.64779,air,150.0,150,60000000.0,D,39808.492,73395.444,3d5.(4D).4s,b 3D,3,3d5.(4D).4p,y 3D*,3
Mn,2,Mn II,297.6865,297.6865,297.68659,air,100.0,100,47000000.0,D,39813.76,73396.334,3d5.(4D).4s,b 3D,2,3d5.(4D).4p,y 3D*,2
Mn,2,Mn II,298.4593,298.4593,298.45972,air,60.0,60,7900000.0,D+,33147.71,66643.296,3d5.(4G).4s,a 3G,5,3d5.(4G).4p,z 5F*,4
Mn,2,Mn II,298.9732,298.9732,298.97303,air,60.0,60,1300000.0,D+,33248.66,66686.739,3d5.(4G).4s,a 3G,4,3d5.(4G).4p,z 5F*,3
Mn,2,Mn II,299.241,299.241,299.24215,air,20.0,20D*,1700000.0,D+,33278.73,66686.739,3d5.(4G).4s,a 3G,3,3d5.(4G).4p,z 5F*,3
Mn,2,Mn II,299.3611,299.3611,299.36025,air,50.0,50*,5900000.0,D+,33147.71,66542.539,3d5.(4G).4s,a 3G,5,3d5.(4G).4p,z 5F*,5
Mn,2,Mn II,299.3611,299.3611,299.36198,air,50.0,50*,210000.0,D,33248.66,66643.296,3d5.(4G).4s,a 3G,4,3d5.(4G).4p,z 5F*,4
Mn,1,Mn I,300.766,300.766,300.765,air,40.0,40,18000000.0,E,25281.04,58519.90,3d5.4s2,a 4G,5/2,3d6.(3H).4p,y 4H*,7/2
Mn,1,Mn I,301.116,301.116,301.1163,air,40.0,40,11000000.0,E,25285.43,58485.52,3d5.4s2,a 4G,9/2,3d6.(3H).4p,y 4H*,9/2
Mn,1,Mn I,301.138,301.138,301.1372,air,40.0,40,31000000.0,E,25287.74,58485.52,3d5.4s2,a 4G,7/2,3d6.(3H).4p,y 4H*,9/2
Mn,1,Mn I,301.645,301.645,301.6453,air,60.0,60,29000000.0,E,25285.43,58427.30,3d5.4s2,a 4G,9/2,3d6.(3H).4p,y 4H*,11/2
Mn,2,Mn II,301.9717,301.9717,301.9713,air,40.0,40,27000000.0,D,52653.327,85759.41,3d5.(2G).4s,b 1G,4,3d5.(a 2G).4p,1G*,4
Mn,2,Mn II,301.9923,301.9923,301.99174,air,300.0,300,36000000.0,C+,34762.098,67865.945,3d6,b 3G,5,3d5.(4G).4p,z 3F*,4
Mn,2,Mn II,302.9043,302.9043,302.90306,air,200.0,200*,62000000.0,C+,43370.537,76374.791,3d5.(6S).4p,z 5P*,3,3d5.(6S).5s,e 5S,2
Mn,2,Mn II,302.9446,302.9446,302.944,air,60.0,60,1700000.0,C,34910.77,67910.56,3d6,b 3G,4,3d5.(4G).4p,z 3H*,4
Mn,2,Mn II,303.1038,303.1038,303.1043,air,300.0,300,70000000.0,C,34762.098,67744.44,3d6,b 3G,5,3d5.(4G).4p,z 3H*,6
Mn,2,Mn II,303.1324,303.1324,303.1329,air,50.0,50*,29000000.0,D,59537.455,92516.68,3d6,c 1G,4,3d5.(b 2F).4p,w 1G*,4
Mn,2,Mn II,303.3574,303.3574,303.35418,air,100.0,100D*,340000.0,D,34910.77,67865.945,3d6,b 3G,4,3d5.(4G).4p,z 3F*,4
Mn,2,Mn II,303.535,303.535,303.5357,air,300.0,300,54000000.0,D,34910.77,67846.24,3d6,b 3G,4,3d5.(4G).4p,z 3H*,5
Mn,2,Mn II,303.8092,303.8092,303.8097,air,250.0,250,46000000.0,D,35004.79,67910.56,3d6,b 3G,3,3d5.(4G).4p,z 3H*,4
Mn,2,Mn II,303.8507,303.8507,303.85078,air,200.0,200,38000000.0,D,34910.77,67812.087,3d6,b 3G,4,3d5.(4G).4p,z 3F*,3
Mn,2,Mn II,303.955,303.955,303.95416,air,150.0,150*,55000000.0,C+,43484.664,76374.791,3d5.(6S).4p,z 5P*,2,3d5.(6S).5s,e 5S,2
Mn,1,Mn I,304.1219,,304.1219,air,,,11000000.0,E,25287.74,58159.73,3d5.4s2,a 4G,7/2,3d5.(4G).4s.4p.(1P*),y 4G*,5/2
Mn,1,Mn I,304.3138,,304.3138,air,,,14000000.0,E,25285.43,58136.69,3d5.4s2,a 4G,9/2,3d5.(4G).4s.4p.(1P*),y 4G*,7/2
Mn,1,Mn I,304.336,304.336,304.3352,air,85.0,85,59000000.0,E,25287.74,58136.69,3d5.4s2,a 4G,7/2,3d5.(4G).4s.4p.(1P*),y 4G*,7/2
Mn,1,Mn I,304.457,304.457,304.4578,air,330.0,330,57000000.0,E,17052.29,49888.01,3d6.(5D).4s,a 6D,9/2,3d5.(4P).4s.4p.(3P*),v 6P*,7/2
Mn,1,Mn I,304.559,304.559,304.559,air,120.0,120,67000000.0,E,25285.43,58110.24,3d5.4s2,a 4G,9/2,3d5.(4G).4s.4p.(1P*),y 4G*,9/2
Mn,1,Mn I,304.5804,,304.5804,air,,,17000000.0,E,25287.74,58110.24,3d5.4s2,a 4G,7/2,3d5.(4G).4s.4p.(1P*),y 4G*,9/2
Mn,2,Mn II,304.6271,304.6271,304.62578,air,150.0,150,25000000.0,C+,43557.175,76374.791,3d5.(6S).4p,z 5P*,1,3d5.(6S).5s,e 5S,2
Mn,1,Mn I,304.658,,304.658,air,,,13000000.0,E,34938.70,67752.84,3d6.(3F2).4s,a 4F,9/2,3d5.(2H).4s.4p.(3P*),t 4G*,11/2
Mn,1,Mn I,304.704,304.704,304.7028,air,200.0,200,61000000.0,D,25265.74,58075.06,3d5.4s2,a 4G,11/2,3d5.(4G).4s.4p.(1P*),y 4G*,11/2
Mn,1,Mn I,304.886,304.886,304.8858,air,40.0,40,9100000.0,E,25285.43,58075.06,3d5.4s2,a 4G,9/2,3d5.(4G).4s.4p.(1P*),y 4G*,11/2
Mn,2,Mn II,305.0654,305.0654,305.06573,air,300.0,300,89000000.0,B+,36274.62,69044.91,3d5.(4P).4s,b 3P,2,3d5.(4P).4p,z 3P*,2
Mn,2,Mn II,305.1426,305.1426,305.14267,air,200.0,200,34000000.0,D,35004.79,67766.817,3d6,b 3G,3,3d5.(4G).4p,z 3F*,2
Mn,1,Mn I,305.436,305.436,305.4366,air,250.0,250,46000000.0,E,17282.00,50012.50,3d6.(5D).4s,a 6D,7/2,3d5.(4P).4s.4p.(3P*),v 6P*,5/2
Mn,2,Mn II,305.906,305.906,305.90609,air,100.0,100,51000000.0,B+,36364.64,69044.91,3d5.(4P).4s,b 3P,1,3d5.(4P).4p,z 3P*,2
Mn,1,Mn I,306.212,306.212,306.2131,air,140.0,140,13000000.0,E,17451.52,50099.03,3d6.(5D).4s,a 6D,5/2,3d5.(4P).4s.4p.(3P*),v 6P*,3/2
Mn,1,Mn I,306.602,306.602,306.6028,air,170.0,170,16000000.0,E,17282.00,49888.01,3d6.(5D).4s,a 6D,7/2,3d5.(4P).4s.4p.(3P*),v 6P*,7/2
Mn,1,Mn I,307.027,307.027,307.0268,air,170.0,170,19000000.0,E,17451.52,50012.50,3d6.(5D).4s,a 6D,5/2,3d5.(4P).4s.4p.(3P*),v 6P*,5/2
Mn,2,Mn II,307.0821,307.0821,307.082,air,80.0,80,60000000.0,D,46903.32,79458.45,3d5.(2D).4s,b 1D,2,3d5.(a 2D).4p,x 3F*,2
Mn,1,Mn I,307.313,307.313,307.3141,air,160.0,160,37000000.0,E,17568.48,50099.03,3d6.(5D).4s,a 6D,3/2,3d5.(4P).4s.4p.(3P*),v 6P*,3/2
Mn,1,Mn I,307.963,307.963,307.9642,air,90.0,90,16000000.0,E,17637.15,50099.03,3d6.(5D).4s,a 6D,1/2,3d5.(4P).4s.4p.(3P*),v 6P*,3/2
Mn,2,Mn II,308.0688,308.0688,308.0687,air,10.0,10,39000000.0,D,75719.955,108170.82,3d5.(4D).4p,y 3P*,1,3d5.(4D).5s,e 3D,2
Mn,1,Mn I,308.133,308.133,308.1337,air,50.0,50,3000000.0,E,17568.48,50012.50,3d6.(5D).4s,a 6D,3/2,3d5.(4P).4s.4p.(3P*),v 6P*,5/2
Mn,1,Mn I,308.2698,,308.2698,air,,,29000000.0,E,34138.88,66568.58,3d6.(3H).4s,a 4H,13/2,3d5.(a 2G).4s.4p.(3P*),u 4H*,13/2
Mn,2,Mn II,308.4572,308.4572,308.4573,air,50.0,50,1100000.0,D+,33248.66,65658.65,3d5.(4G).4s,a 3G,4,3d5.(4G).4p,z 5H*,5
Mn,1,Mn I,309.1141,,309.1141,air,,,790000.0,E,30419.61,62760.73,3d5.4s2,b 4D,5/2,3d5.(4F).4s.4p.(3P*),6D*,5/2
Mn,1,Mn I,309.3347,,309.3347,air,,,2800000.0,E,34250.52,66568.58,3d6.(3H).4s,a 4H,11/2,3d5.(a 2G).4s.4p.(3P*),u 4H*,13/2
Mn,1,Mn I,309.7753,,309.7753,air,,,5600000.0,E,34250.52,66522.62,3d6.(3H).4s,a 4H,11/2,3d5.(4F).4s.4p.(3P*),u 4G*,9/2
Mn,1,Mn I,309.8089,,309.8089,air,,,2000000.0,E,27201.54,59470.14,3d5.4s2,a 4P,5/2,3d6.(a 3P).4p,4D*,7/2
Mn,1,Mn I,310.3281,,310.3281,air,,,6300000.0,E,27201.54,59416.15,3d5.4s2,a 4P,5/2,3d6.(a 3F).4p,x 4F*,3/2
Mn,2,Mn II,310.5883,310.5883,310.5884,air,50.0,50,109000000.0,C,70518.06,102705.67,3d5.(4G).4p,z 3G*,3,3d5.(4G).5s,e 3G,3
Mn,2,Mn II,310.629,310.629,310.6287,air,20.0,20,54000000.0,D,75919.107,108102.54,3d5.(4D).4p,y 3P*,2,3d5.(4D).5s,e 3D,3
Mn,1,Mn I,310.6742,,310.6742,air,,,9300000.0,E,34343.90,66522.62,3d6.(3H).4s,a 4H,9/2,3d5.(4F).4s.4p.(3P*),u 4G*,9/2
Mn,1,Mn I,310.8635,,310.8635,air,,,5500000.0,E,27201.54,59360.67,3d5.4s2,a 4P,5/2,3d6.(a 3F).4p,x 4F*,5/2
Mn,2,Mn II,310.8816,310.8816,310.8811,air,60.0,60,103000000.0,C,70546.34,102703.65,3d5.(4G).4p,z 3G*,4,3d5.(4G).5s,e 3G,4
Mn,2,Mn II,310.9257,310.9257,310.9251,air,80.0,80,81000000.0,C,70527.61,102680.37,3d5.(4G).4p,z 3G*,5,3d5.(4G).5s,e 3G,5
Mn,1,Mn I,311.068,311.068,311.0684,air,40.0,40,27000000.0,E,27201.54,59339.49,3d5.4s2,a 4P,5/2,3d6.(a 3F).4p,4D*,7/2
Mn,1,Mn I,311.3133,,311.3133,air,,,5100000.0,E,27248.00,59360.67,3d5.4s2,a 4P,3/2,3d6.(a 3F).4p,x 4F*,5/2
Mn,1,Mn I,311.3356,,311.3356,air,,,8800000.0,E,34343.90,66454.27,3d6.(3H).4s,a 4H,9/2,3d5.(4F).4s.4p.(3P*),*,7/2
Mn,1,Mn I,311.3791,,311.3791,air,,,26000000.0,E,34250.52,66356.40,3d6.(3H).4s,a 4H,11/2,3d5.(a 2G).4s.4p.(3P*),u 4H*,9/2
Mn,1,Mn I,311.413,,311.413,air,,,4100000.0,E,27281.85,59384.24,3d5.4s2,a 4P,1/2,3d6.(a 3P).4p,u 4P*,3/2
Mn,1,Mn I,311.5471,,311.5471,air,,,14000000.0,E,27201.54,59290.11,3d5.4s2,a 4P,5/2,3d6.(a 3F).4p,x 4F*,7/2
Mn,1,Mn I,311.5766,,311.5766,air,,,12000000.0,E,30419.61,62505.14,3d5.4s2,b 4D,5/2,3d6.(3G).4p,v 4F*,7/2
Mn,1,Mn I,311.6823,,311.6823,air,,,3100000.0,E,34343.90,66418.55,3d6.(3H).4s,a 4H,9/2,3d5.(a 2G).4s.4p.(3P*),u 4H*,11/2
Mn,1,Mn I,311.753,,311.753,air,,,10000000.0,E,30419.61,62486.99,3d5.4s2,b 4D,5/2,3d6.(3G).4p,v 4F*,5/2
Mn,1,Mn I,311.8123,,311.8123,air,,,17000000.0,E,30425.71,62486.99,3d5.4s2,b 4D,3/2,3d6.(3G).4p,v 4F*,5/2
Mn,1,Mn I,312.1071,,312.1071,air,,,11000000.0,E,34423.27,66454.27,3d6.(3H).4s,a 4H,7/2,3d5.(4F).4s.4p.(3P*),*,7/2
Mn,2,Mn II,312.187,312.187,312.1872,air,10.0,10,32000000.0,D,70657.595,102680.37,3d5.(4D).4p,y 5F*,5,3d5.(4G).5s,e 3G,5
Mn,1,Mn I,312.2874,,312.2874,air,,,19000000.0,E,34343.90,66356.40,3d6.(3H).4s,a 4H,9/2,3d5.(a 2G).4s.4p.(3P*),u 4H*,9/2
Mn,2,Mn II,312.3134,312.3134,312.3132,air,50.0,50*,36000000.0,D,46903.32,78913.180,3d5.(2D).4s,b 1D,2,3d5.(a 2D).4p,z 1D*,2
Mn,2,Mn II,312.5228,312.5228,312.52263,air,80.0,80,18000000.0,D,49291.36,81279.77,3d6,b 1F,3,3d5.(a 2F).4p,z 1G*,4
Mn,1,Mn I,312.6838,,312.6838,air,,,23000000.0,E,34423.27,66395.19,3d6.(3H).4s,a 4H,7/2,3d5.(4F).4s.4p.(3P*),*,5/2
Mn,1,Mn I,313.2287,,313.2287,air,,,21000000.0,E,34938.70,66855.00,3d6.(3F2).4s,a 4F,9/2,3d6.(3D).4p,u 4F*,9/2
Mn,1,Mn I,313.2788,,313.2788,air,,,27000000.0,E,34423.27,66334.47,3d6.(3H).4s,a 4H,7/2,3d5.(a 2G).4s.4p.(3P*),u 4H*,7/2
Mn,1,Mn I,313.5191,,313.5191,air,,,2800000.0,E,24779.32,56666.06,3d5.(6S).4s.4p.(3P*),z 6P*,3/2,3d6.(5D).5s,i 6D,1/2
Mn,1,Mn I,313.6972,,313.6972,air,,,4000000.0,E,27248.00,59116.64,3d5.4s2,a 4P,3/2,3d6.(a 3F).4p,4D*,5/2
Mn,1,Mn I,313.814,,313.814,air,,,1100000.0,E,23549.20,55406.0,3d6.(5D).4s,a 4D,5/2,3d5.4s.(5S).5p,w 4P*,5/2
Mn,1,Mn I,314.1821,,314.1821,air,,,670000.0,E,23549.20,55368.66,3d6.(5D).4s,a 4D,5/2,3d5.4s.(5S).5p,w 4P*,3/2
Mn,1,Mn I,314.2671,,314.2671,air,,,4100000.0,E,23296.67,55107.52,3d6.(5D).4s,a 4D,7/2,3d5.(4D).4s.4p.(3P*),x 4D*,7/2
Mn,2,Mn II,314.445,314.445,314.4468,air,40.0,40,28000000.0,D,72011.05,103803.72,3d5.(4D).4p,y 5D*,4,3d5.(4P).5s,e 5P,3
Mn,2,Mn II,314.5679,314.5679,314.56783,air,80.0,80,450000.0,D+,34762.098,66542.539,3d6,b 3G,5,3d5.(4G).4p,z 5F*,5
Mn,2,Mn II,314.6116,314.6116,314.6121,air,30.0,30,300000.0,D,34910.77,66686.739,3d6,b 3G,4,3d5.(4G).4p,z 5F*,3
Mn,1,Mn I,314.6326,,314.6326,air,,,500000.0,E,24788.05,56561.95,3d5.(6S).4s.4p.(3P*),z 6P*,5/2,,e 4D,5/2
Mn,1,Mn I,314.818,314.818,314.8182,air,60.0,60w,8800000.0,E,18402.46,50157.63,3d5.(6S).4s.4p.(3P*),z 8P*,5/2,3d5.4s.(7S).6s,f 8S,7/2
Mn,1,Mn I,314.885,,314.885,air,,,8900000.0,E,34138.88,65887.31,3d6.(3H).4s,a 4H,13/2,3d6.(3H).4p,v 4G*,11/2
Mn,1,Mn I,314.9917,,314.9917,air,,,1900000.0,E,23719.52,55457.20,3d6.(5D).4s,a 4D,3/2,3d5.4s.(5S).5p,w 4P*,1/2
Mn,1,Mn I,315.1456,,315.1456,air,,,10000000.0,E,35114.98,66837.16,3d6.(3F2).4s,a 4F,5/2,3d6.(3D).4p,u 4F*,5/2
Mn,1,Mn I,315.2243,,315.2243,air,,,8100000.0,E,38008.70,69722.96,3d6.(3H).4s,a 2H,11/2,,v 2H*,11/2
Mn,1,Mn I,315.6075,,315.6075,air,,,16000000.0,E,35165.05,66840.80,3d6.(3F2).4s,a 4F,3/2,3d6.(3D).4p,u 4F*,3/2
Mn,1,Mn I,315.995,,315.995,air,,,3100000.0,E,23549.20,55186.1,3d6.(5D).4s,a 4D,5/2,3d5.(4D).4s.4p.(3P*),x 4D*,5/2
Mn,1,Mn I,316.0151,,316.0151,air,,,14000000.0,E,34938.70,66573.60,3d6.(3F2).4s,a 4F,9/2,3d5.(4F).4s.4p.(3P*),u 4G*,11/2
Mn,1,Mn I,316.104,316.104,316.1041,air,90.0,90w,4800000.0,E,18531.64,50157.63,3d5.(6S).4s.4p.(3P*),z 8P*,7/2,3d5.4s.(7S).6s,f 8S,7/2
Mn,1,Mn I,316.782,,316.782,air,,,720000.0,E,23549.20,55107.52,3d6.(5D).4s,a 4D,5/2,3d5.(4D).4s.4p.(3P*),x 4D*,7/2
Mn,1,Mn I,316.9356,,316.9356,air,,,7500000.0,E,38120.18,69663.20?,3d6.(3H).4s,a 2H,9/2,,v 2H*,9/2
Mn,1,Mn I,317.042,,317.042,air,,,3700000.0,E,34343.90,65876.34,3d6.(3H).4s,a 4H,9/2,3d6.(3H).4p,*,7/2
Mn,1,Mn I,317.5377,,317.5377,air,,,6500000.0,E,34463.37,65946.59,3d6.(3P2).4s,b 4P,3/2,3d5.(4P).4s.4p.(1P*),4D*,5/2
Mn,1,Mn I,317.5575,,317.5575,air,,,18000000.0,E,35041.37,66522.62,3d6.(3F2).4s,a 4F,7/2,3d5.(4F).4s.4p.(3P*),u 4G*,9/2
Mn,1,Mn I,317.5717,,317.5717,air,,,12000000.0,E,34938.70,66418.55,3d6.(3F2).4s,a 4F,9/2,3d5.(a 2G).4s.4p.(3P*),u 4H*,11/2
Mn,1,Mn I,317.706,,317.706,air,,,1100000.0,E,23719.52,55186.1,3d6.(5D).4s,a 4D,3/2,3d5.(4D).4s.4p.(3P*),x 4D*,5/2
Mn,1,Mn I,317.7615,,317.7615,air,,,1200000.0,E,23818.87,55279.91,3d6.(5D).4s,a 4D,1/2,3d5.(4D).4s.4p.(3P*),x 4D*,3/2
Mn,1,Mn I,317.85,317.85,317.8502,air,140.0,140w,3700000.0,E,18705.37,50157.63,3d5.(6S).4s.4p.(3P*),z 8P*,9/2,3d5.4s.(7S).6s,f 8S,7/2
Mn,2,Mn II,318.9233,318.9233,318.9234,air,40.0,40,400000.0,D+,33147.71,64494.14,3d5.(4G).4s,a 3G,5,3d5.(4G).4p,z 5G*,4
Mn,1,Mn I,318.996,,318.996,air,,,16000000.0,E,35114.98,66454.27,3d6.(3F2).4s,a 4F,5/2,3d5.(4F).4s.4p.(3P*),*,7/2
Mn,1,Mn I,319.2432,,319.2432,air,,,7000000.0,E,35041.37,66356.40,3d6.(3F2).4s,a 4F,7/2,3d5.(a 2G).4s.4p.(3P*),u 4H*,9/2
Mn,1,Mn I,320.111,,320.111,air,,,22000000.0,E,35165.05,66395.19,3d6.(3F2).4s,a 4F,3/2,3d5.(4F).4s.4p.(3P*),*,5/2
Mn,1,Mn I,320.2202,,320.2202,air,,,4500000.0,E,35114.98,66334.47,3d6.(3F2).4s,a 4F,5/2,3d5.(a 2G).4s.4p.(3P*),u 4H*,7/2
Mn,1,Mn I,320.3135,,320.3135,air,,,3700000.0,E,34938.70,66149.10,3d6.(3F2).4s,a 4F,9/2,3d6.(3G).4p,*,7/2
Mn,2,Mn II,320.4874,320.4874,320.48782,air,200.0,200,10400000.0,B+,37851.49,69044.91,3d6,a 3D,3,3d5.(4P).4p,z 3P*,2
Mn,1,Mn I,320.6906,,320.6906,air,,,1000000.0,E,17052.29,48225.99,3d6.(5D).4s,a 6D,9/2,3d5.(4G).4s.4p.(3P*),y 6F*,7/2
Mn,2,Mn II,320.9948,320.9948,320.9951,air,20.0,20,36000000.0,D,73911.57,105055.70,3d5.(4P).4p,z 3S*,1,3d5.(4P).5s,e 3P,2
Mn,1,Mn I,321.288,321.288,321.2882,air,220.0,220,16000000.0,E,17052.29,48168.01,3d6.(5D).4s,a 6D,9/2,3d5.(4G).4s.4p.(3P*),y 6F*,9/2
Mn,1,Mn I,321.695,321.695,321.6945,air,65.0,65,245000.0,C+,0.00,31076.42,3d5.4s2,a 6S,5/2,3d5.(6S).4s.4p.(3P*),z 4P*,3/2
Mn,1,Mn I,322.4756,,322.4756,air,,,378000.0,C+,0.00,31001.15,3d5.4s2,a 6S,5/2,3d5.(6S).4s.4p.(3P*),z 4P*,5/2
Mn,1,Mn I,322.6029,,322.6029,air,,,4900000.0,E,17282.00,48270.91,3d6.(5D).4s,a 6D,7/2,3d5.(4G).4s.4p.(3P*),y 6F*,5/2
Mn,1,Mn I,322.7034,,322.7034,air,,,10000000.0,E,35041.37,66020.63,3d6.(3F2).4s,a 4F,7/2,3d6.(3G).4p,v 2F*,5/2
Mn,1,Mn I,322.809,322.809,322.8089,air,1000.0,1000,64000000.0,D,17052.29,48021.43,3d6.(5D).4s,a 6D,9/2,3d5.(4G).4s.4p.(3P*),y 6F*,11/2
Mn,1,Mn I,323.023,,323.023,air,,,19000000.0,E,34938.70,65887.31,3d6.(3F2).4s,a 4F,9/2,3d6.(3H).4p,v 4G*,11/2
Mn,1,Mn I,323.072,323.072,323.0713,air,300.0,300,35000000.0,E,17282.00,48225.99,3d6.(5D).4s,a 6D,7/2,3d5.(4G).4s.4p.(3P*),y 6F*,7/2
Mn,1,Mn I,323.8713,,323.8713,air,,,12000000.0,E,35041.37,65908.92,3d6.(3F2).4s,a 4F,7/2,3d6.(3H).4p,v 4G*,9/2
Mn,1,Mn I,324.0397,,324.0397,air,,,6400000.0,E,17052.29,47903.80,3d6.(5D).4s,a 6D,9/2,3d5.(4P).4s.4p.(3P*),y 6D*,9/2
Mn,1,Mn I,324.0613,,324.0613,air,,,9800000.0,E,17451.52,48300.98,3d6.(5D).4s,a 6D,5/2,3d5.(4G).4s.4p.(3P*),y 6F*,3/2
Mn,1,Mn I,324.088,,324.088,air,,,22000000.0,E,35114.98,65961.90,3d6.(3F2).4s,a 4F,5/2,3d5.(4P).4s.4p.(1P*),*,3/2
Mn,1,Mn I,324.378,324.378,324.3775,air,330.0,330,53000000.0,E,17451.52,48270.91,3d6.(5D).4s,a 6D,5/2,3d5.(4G).4s.4p.(3P*),y 6F*,5/2
Mn,1,Mn I,324.9894,,324.9894,air,,,8100000.0,E,35114.98,65876.34,3d6.(3F2).4s,a 4F,5/2,3d6.(3H).4p,*,7/2
Mn,1,Mn I,325.114,325.114,325.1133,air,100.0,100,23000000.0,E,17568.48,48318.12,3d6.(5D).4s,a 6D,3/2,3d5.(4G).4s.4p.(3P*),y 6F*,1/2
Mn,2,Mn II,325.1319,325.1319,325.1319,air,30.0,30,900000.0,D+,34910.77,65658.65,3d6,b 3G,4,3d5.(4G).4p,z 5H*,5
Mn,1,Mn I,325.295,325.295,325.2946,air,310.0,310,18000000.0,E,17568.48,48300.98,3d6.(5D).4s,a 6D,3/2,3d5.(4G).4s.4p.(3P*),y 6F*,3/2
Mn,1,Mn I,325.404,325.404,325.4034,air,65.0,65,1700000.0,E,17052.29,47774.52,3d6.(5D).4s,a 6D,9/2,3d5.(4P).4s.4p.(3P*),y 6D*,7/2
Mn,1,Mn I,325.5504,,325.5504,air,,,10000000.0,E,35165.05,65873.40,3d6.(3F2).4s,a 4F,3/2,3d6.(3H).4p,*,5/2
Mn,1,Mn I,325.614,325.614,325.6132,air,310.0,310,50000000.0,E,17568.48,48270.91,3d6.(5D).4s,a 6D,3/2,3d5.(4G).4s.4p.(3P*),y 6F*,5/2
Mn,1,Mn I,325.841,325.841,325.841,air,220.0,220,97000000.0,E,17637.15,48318.12,3d6.(5D).4s,a 6D,1/2,3d5.(4G).4s.4p.(3P*),y 6F*,1/2
Mn,1,Mn I,326.023,326.023,326.0231,air,180.0,180,38000000.0,E,17637.15,48300.98,3d6.(5D).4s,a 6D,1/2,3d5.(4G).4s.4p.(3P*),y 6F*,3/2
Mn,1,Mn I,326.3035,,326.3035,air,,,1400000.0,E,34250.52,64888.00,3d6.(3H).4s,a 4H,11/2,3d6.(3G).4p,v 4H*,9/2
Mn,1,Mn I,326.471,326.471,326.4706,air,180.0,180,14000000.0,E,17282.00,47903.80,3d6.(5D).4s,a 6D,7/2,3d5.(4P).4s.4p.(3P*),y 6D*,9/2
Mn,1,Mn I,326.778,,326.778,air,,,35000000.0,E,34138.88,64731.88,3d6.(3H).4s,a 4H,13/2,3d6.(3G).4p,v 4H*,13/2
Mn,1,Mn I,326.872,,326.872,air,,,33000000.0,E,33825.49,64409.69,3d6.(3P2).4s,b 4P,5/2,3d5.(a 2F).4s.4p.(3P*),u 4D*,7/2
Mn,1,Mn I,327.0344,,327.0344,air,,,26000000.0,E,34250.52,64819.53,3d6.(3H).4s,a 4H,11/2,3d6.(3G).4p,v 4H*,11/2
Mn,1,Mn I,327.3011,,327.3011,air,,,27000000.0,E,34343.90,64888.00,3d6.(3H).4s,a 4H,9/2,3d6.(3G).4p,v 4H*,9/2
Mn,1,Mn I,327.806,,327.806,air,,,11000000.0,E,34423.27,64920.33,3d6.(3H).4s,a 4H,7/2,3d6.(3G).4p,v 4H*,7/2
Mn,1,Mn I,327.8548,,327.8548,air,,,910000.0,E,17282.00,47774.52,3d6.(5D).4s,a 6D,7/2,3d5.(4P).4s.4p.(3P*),y 6D*,7/2
Mn,1,Mn I,329.096,,329.096,air,,,210000.0,E,17282.00,47659.52,3d6.(5D).4s,a 6D,7/2,3d5.4s.(7S).5p,w 6P*,5/2
Mn,1,Mn I,329.688,329.688,329.6877,air,65.0,65,1500000.0,E,17451.52,47774.52,3d6.(5D).4s,a 6D,5/2,3d5.(4P).4s.4p.(3P*),y 6D*,7/2
Mn,2,Mn II,329.8029,329.8029,329.80528,air,80.0,80D*,600000.0,D,36364.64,66676.833,3d5.(4P).4s,b 3P,1,3d5.(4P).4p,z 5D*,2
Mn,1,Mn I,329.822,329.822,329.8233,air,65.0,65,28000000.0,E,27201.54,57512.08,3d5.4s2,a 4P,5/2,3d6.(a 3P).4p,y 4S*,3/2
Mn,1,Mn I,330.0959,,330.0959,air,,,970000.0,E,27201.54,57487.05,3d5.4s2,a 4P,5/2,3d5.(4D).4s.4p.(3P*),v 4P*,5/2
Mn,1,Mn I,330.3296,,330.3296,air,,,19000000.0,E,27248.00,57512.08,3d5.4s2,a 4P,3/2,3d6.(a 3P).4p,y 4S*,3/2
Mn,1,Mn I,330.6995,,330.6995,air,,,9400000.0,E,27281.85,57512.08,3d5.4s2,a 4P,1/2,3d6.(a 3P).4p,y 4S*,3/2
Mn,2,Mn II,330.781,330.781,330.7804,air,100.0,100,28000000.0,D,59537.455,89760.29,3d6,c 1G,4,3d5.(2H).4p,x 1H*,5
Mn,1,Mn I,330.8777,,330.8777,air,,,490000.0,E,17568.48,47782.43,3d6.(5D).4s,a 6D,3/2,3d5.4s.(7S).5p,w 6P*,3/2
Mn,1,Mn I,331.1895,,331.1895,air,,,2000000.0,E,17568.48,47753.99,3d6.(5D).4s,a 6D,3/2,3d5.(4P).4s.4p.(3P*),y 6D*,5/2
Mn,1,Mn I,333.067,333.067,333.0694,air,70.0,70,7400000.0,E,17451.52,47466.66,3d6.(5D).4s,a 6D,5/2,3d5.(4P).4s.4p.(3P*),y 6D*,3/2
Mn,2,Mn II,333.0775,333.0775,333.077,air,2000.0,2000,10500000.0,C+,37851.49,67865.945,3d6,a 3D,3,3d5.(4G).4p,z 3F*,4
Mn,1,Mn I,333.4565,,333.4565,air,,,2400000.0,E,27248.00,57228.30,3d5.4s2,a 4P,3/2,3d5.(4D).4s.4p.(3P*),v 4P*,1/2
Mn,1,Mn I,334.3724,,334.3724,air,,,860000.0,E,17568.48,47466.66,3d6.(5D).4s,a 6D,3/2,3d5.(4P).4s.4p.(3P*),y 6D*,3/2
Mn,1,Mn I,335.0391,,335.0391,air,,,260000.0,E,34845.26,64683.95,3d6.(3P2).4s,b 4P,1/2,3d5.(a 2F).4s.4p.(3P*),u 4D*,3/2
Mn,1,Mn I,335.1667,,335.1667,air,,,800000.0,C,23296.67,53124.00,3d6.(5D).4s,a 4D,7/2,3d5.(4P).4s.4p.(3P*),y 4D*,7/2
Mn,1,Mn I,335.5481,,335.5481,air,,,12000000.0,E,34845.26,64638.68,3d6.(3P2).4s,b 4P,1/2,3d5.(a 2F).4s.4p.(3P*),u 4D*,1/2
Mn,1,Mn I,336.0668,,336.0668,air,,,2200000.0,E,30354.21,60101.65,3d5.4s2,b 4D,7/2,3d6.(a 3P).4p,4D*,5/2
Mn,2,Mn II,336.3019,336.3019,336.3017,air,300.0,300,21000000.0,D,51553.11,81279.77,3d5.(2H).4s,a 1H,5,3d5.(a 2F).4p,z 1G*,4
Mn,1,Mn I,336.4193,,336.4193,air,,,3200000.0,E,30425.71,60141.98,3d5.4s2,b 4D,3/2,3d6.(a 3P).4p,4D*,1/2
Mn,1,Mn I,336.5129,,336.5129,air,,,4200000.0,E,34343.90,64051.91,3d6.(3H).4s,a 4H,9/2,3d5.(2I).4s.4p.(3P*),2I*,11/2
Mn,1,Mn I,337.6515,,337.6515,air,,,2300000.0,E,35041.37,64649.20,3d6.(3F2).4s,a 4F,7/2,3d5.(a 2F).4s.4p.(3P*),w 2G*,7/2
Mn,1,Mn I,341.0797,,341.0797,air,,,1500000.0,E,34138.88,63449.13,3d6.(3H).4s,a 4H,13/2,3d5.(a 2F).4s.4p.(3P*),4G*,11/2
Mn,1,Mn I,341.8274,,341.8274,air,,,2400000.0,E,30354.21,59600.35,3d5.4s2,b 4D,7/2,3d6.(a 3P).4p,2D*,5/2
Mn,2,Mn II,341.9405,341.9405,341.9411,air,200.0,200,8300000.0,B+,39808.492,69044.91,3d5.(4D).4s,b 3D,3,3d5.(4P).4p,z 3P*,2
Mn,2,Mn II,342.0022,342.0022,342.00272,air,10.0,10,1600000.0,C+,39813.76,69044.91,3d5.(4D).4s,b 3D,2,3d5.(4P).4p,z 3P*,2
Mn,1,Mn I,342.0787,,342.0787,air,,,12000000.0,E,34138.88,63363.54,3d6.(3H).4s,a 4H,13/2,3d5.(4G).4s.4p.(1P*),w 4H*,13/2
Mn,1,Mn I,342.8778,,342.8778,air,,,5300000.0,E,30411.74,59568.29,3d5.4s2,b 4D,1/2,3d6.(a 3P).4p,u 4P*,1/2
Mn,1,Mn I,342.9153,,342.9153,air,,,5100000.0,E,37420.24,66573.60,3d6.(3G).4s,b 4G,11/2,3d5.(4F).4s.4p.(3P*),u 4G*,11/2
Mn,1,Mn I,342.9744,,342.9744,air,,,1500000.0,E,37420.24,66568.58,3d6.(3G).4s,b 4G,11/2,3d5.(a 2G).4s.4p.(3P*),u 4H*,13/2
Mn,2,Mn II,343.8971,343.8971,343.89715,air,500.0,500,640000.0,C+,9472.993,38543.122,3d5.(6S).4s,a 5S,2,3d5.(6S).4p,z 7P*,3
Mn,1,Mn I,344.0029,,344.0029,air,,,2900000.0,E,30419.61,59480.80,3d5.4s2,b 4D,5/2,3d6.(a 3P).4p,u 4P*,5/2
Mn,2,Mn II,344.1985,344.1985,344.19859,air,3000.0,3000,36200000.0,A,14325.866,43370.537,3d6,a 5D,4,3d5.(6S).4p,z 5P*,3
Mn,1,Mn I,344.6811,,344.6811,air,,,3200000.0,E,34343.90,63347.91,3d6.(3H).4s,a 4H,9/2,3d5.(a 2F).4s.4p.(3P*),4G*,9/2
Mn,1,Mn I,345.0598,,345.0598,air,,,11000000.0,E,34423.27,63395.45,3d6.(3H).4s,a 4H,7/2,3d5.(4G).4s.4p.(1P*),w 4H*,7/2
Mn,1,Mn I,345.1498,,345.1498,air,,,8600000.0,E,30419.61,59384.24,3d5.4s2,b 4D,5/2,3d6.(a 3P).4p,u 4P*,3/2
Mn,1,Mn I,345.883,,345.883,air,,,930000.0,E,30354.21,59257.44,3d5.4s2,b 4D,7/2,3d6.(a 3F).4p,x 4F*,9/2
Mn,2,Mn II,346.0026,346.0026,346.00262,air,500.0,500,292000.0,A,9472.993,38366.232,3d5.(6S).4s,a 5S,2,3d5.(6S).4p,z 7P*,2
Mn,2,Mn II,346.0314,346.0314,346.03148,air,2000.0,2000,26000000.0,A,14593.835,43484.664,3d6,a 5D,3,3d5.(6S).4p,z 5P*,2
Mn,1,Mn I,346.3657,,346.3657,air,,,32000000.0,E,37737.22,66600.17,3d6.(3G).4s,b 4G,7/2,3d5.(a 2F).4s.4p.(3P*),2F*,7/2
Mn,2,Mn II,346.405,346.405,346.405,air,60.0,60,17000000.0,D,79550.50,108410.18,3d5.(6S).4d,e 7D,3,3d5.(6S).5f,7F*,4
Mn,2,Mn II,346.504,346.504,346.504,air,75.0,75,22000000.0,D,79558.56,108409.99,3d5.(6S).4d,e 7D,4,3d5.(6S).5f,7F*,5
Mn,2,Mn II,346.634,346.634,346.634,air,100.0,100,27000000.0,D,79569.22,108409.83,3d5.(6S).4d,e 7D,5,3d5.(6S).5f,7F*,6
Mn,1,Mn I,346.9994,,346.9994,air,,,24000000.0,E,37789.93,66600.17,3d6.(3G).4s,b 4G,5/2,3d5.(a 2F).4s.4p.(3P*),2F*,7/2
Mn,2,Mn II,347.4038,347.4038,347.40387,air,1000.0,1000,9300000.0,A,14593.835,43370.537,3d6,a 5D,3,3d5.(6S).4p,z 5P*,3
Mn,2,Mn II,347.4127,347.4127,347.41271,air,500.0,500,16500000.0,A,14781.205,43557.175,3d6,a 5D,2,3d5.(6S).4p,z 5P*,1
Mn,2,Mn II,348.2904,348.2904,348.29037,air,1000.0,1000,16000000.0,A,14781.205,43484.664,3d6,a 5D,2,3d5.(6S).4p,z 5P*,2
Mn,1,Mn I,348.8315,,348.8315,air,,,60000.0,C,17282.00,45940.93,3d6.(5D).4s,a 6D,7/2,3d6.(5D).4p,z 4D*,5/2
Mn,2,Mn II,348.8675,348.8675,348.86755,air,500.0,500,21100000.0,A,14901.203,43557.175,3d6,a 5D,1,3d5.(6S).4p,z 5P*,1
Mn,1,Mn I,349.1551,,349.1551,air,,,12000.0,C,17451.52,46083.89,3d6.(5D).4s,a 6D,5/2,3d6.(5D).4p,z 4D*,3/2
Mn,1,Mn I,349.4861,,349.4861,air,,,3200000.0,E,37789.93,66395.19,3d6.(3G).4s,b 4G,5/2,3d5.(4F).4s.4p.(3P*),*,5/2
Mn,2,Mn II,349.5833,349.5833,349.58335,air,800.0,800,9500000.0,B+,14959.876,43557.175,3d6,a 5D,0,3d5.(6S).4p,z 5P*,1
Mn,2,Mn II,349.6807,349.6807,349.68077,air,500.0,500,1300000.0,B+,14781.205,43370.537,3d6,a 5D,2,3d5.(6S).4p,z 5P*,3
Mn,2,Mn II,349.7525,349.7525,349.75259,air,500.0,500,4200000.0,B+,14901.203,43484.664,3d6,a 5D,1,3d5.(6S).4p,z 5P*,2
Mn,1,Mn I,350.3739,,350.3739,air,,,360000.0,C,17637.15,46169.93,3d6.(5D).4s,a 6D,1/2,3d6.(5D).4p,z 4D*,1/2
Mn,1,Mn I,350.5873,,350.5873,air,,,28000.0,C,17568.48,46083.89,3d6.(5D).4s,a 6D,3/2,3d6.(5D).4p,z 4D*,3/2
Mn,1,Mn I,350.7534,,350.7534,air,,,59000.0,E,18705.37,47207.28,3d5.(6S).4s.4p.(3P*),z 8P*,9/2,3d5.4s.(7S).4d,e 6D,9/2
Mn,1,Mn I,350.9073,,350.9073,air,,,62000.0,E,17451.52,45940.93,3d6.(5D).4s,a 6D,5/2,3d6.(5D).4p,z 4D*,5/2
Mn,1,Mn I,351.1185,,351.1185,air,,,29000.0,C,17282.00,45754.27,3d6.(5D).4s,a 6D,7/2,3d6.(5D).4p,z 4D*,7/2
Mn,1,Mn I,351.1826,,351.1826,air,,,27000000.0,E,37420.24,65887.31,3d6.(3G).4s,b 4G,11/2,3d6.(3H).4p,v 4G*,11/2
Mn,1,Mn I,352.3538,,352.3538,air,,,28000.0,C,17568.48,45940.93,3d6.(5D).4s,a 6D,3/2,3d6.(5D).4p,z 4D*,5/2
Mn,1,Mn I,353.527,,353.527,air,,,17000000.0,E,37630.62,65908.92,3d6.(3G).4s,b 4G,9/2,3d6.(3H).4p,v 4G*,9/2
Mn,1,Mn I,353.7974,,353.7974,air,,,4000000.0,E,37630.62,65887.31,3d6.(3G).4s,b 4G,9/2,3d6.(3H).4p,v 4G*,11/2
Mn,1,Mn I,355.9797,,355.9797,air,,,21000000.0,E,37789.93,65873.40,3d6.(3G).4s,b 4G,5/2,3d6.(3H).4p,*,5/2
Mn,2,Mn II,356.3115,356.3115,356.30978,air,50.0,50*,180000.0,D,39808.492,67865.945,3d5.(4D).4s,b 3D,3,3d5.(4G).4p,z 3F*,4
Mn,2,Mn II,356.6,356.6,356.6,air,8.0,8,16000000.0,D,86897.831,114932.45,3d4.(5D).4s.4p.(3P*),w 5P*,3,3d5.(6S).7d,5D,4
Mn,1,Mn I,357.788,357.788,357.7868,air,1400.0,1400,94000000.0,D,17052.29,44993.92,3d6.(5D).4s,a 6D,9/2,3d6.(5D).4p,x 6P*,7/2
Mn,1,Mn I,358.3675,,358.3675,air,,,3500000.0,E,23549.20,51445.55,3d6.(5D).4s,a 4D,5/2,3d5.(4P).4s.4p.(3P*),x 4P*,3/2
Mn,1,Mn I,359.1799,,359.1799,air,,,2200000.0,E,23719.52,51552.78,3d6.(5D).4s,a 4D,3/2,3d5.(4P).4s.4p.(3P*),x 4P*,1/2
Mn,1,Mn I,359.512,359.512,359.5107,air,290.0,290,18000000.0,E,17451.52,45259.17,3d6.(5D).4s,a 6D,5/2,3d6.(5D).4p,x 6P*,3/2
Mn,1,Mn I,360.1264,,360.1264,air,,,23000000.0,E,38008.70,65768.81,3d6.(3H).4s,a 2H,11/2,3d6.(3G).4p,*,9/2
Mn,1,Mn I,360.754,360.754,360.7526,air,420.0,420,23000000.0,E,17282.00,44993.92,3d6.(5D).4s,a 6D,7/2,3d6.(5D).4p,x 6P*,7/2
Mn,1,Mn I,360.849,360.849,360.8481,air,420.0,420,36000000.0,E,17451.52,45156.11,3d6.(5D).4s,a 6D,5/2,3d6.(5D).4p,x 6P*,5/2
Mn,1,Mn I,361.03,361.03,361.0292,air,360.0,360,42000000.0,E,17568.48,45259.17,3d6.(5D).4s,a 6D,3/2,3d6.(5D).4p,x 6P*,3/2
Mn,1,Mn I,361.5307,,361.5307,air,,,13000000.0,E,34423.27,62075.55,3d6.(3H).4s,a 4H,7/2,3d6.(3G).4p,4G*,5/2
Mn,1,Mn I,362.379,362.379,362.378,air,220.0,220,9700000.0,E,17568.48,45156.11,3d6.(5D).4s,a 6D,3/2,3d6.(5D).4p,x 6P*,5/2
Mn,1,Mn I,362.6288,,362.6288,air,,,1600000.0,E,34250.52,61819.07,3d6.(3H).4s,a 4H,11/2,3d6.(3H).4p,2H*,11/2
Mn,1,Mn I,362.974,362.974,362.9731,air,140.0,140,2800000.0,E,17451.52,44993.92,3d6.(5D).4s,a 6D,5/2,3d6.(5D).4p,x 6P*,7/2
Mn,1,Mn I,363.58,,363.58,air,,,21000000.0,E,38120.18,65616.6,3d6.(3H).4s,a 2H,9/2,3d6.(3G).4p,*,7/2
Mn,1,Mn I,363.9144,,363.9144,air,,,39000.0,C,17052.29,44523.45,3d6.(5D).4s,a 6D,9/2,3d6.(5D).4p,z 4F*,7/2
Mn,1,Mn I,364.3006,,364.3006,air,,,2000000.0,E,34343.90,61785.94,3d6.(3H).4s,a 4H,9/2,3d6.(a 3F).4p,2G*,7/2
Mn,1,Mn I,364.6693,,364.6693,air,,,51000.0,C,17282.00,44696.29,3d6.(5D).4s,a 6D,7/2,3d6.(5D).4p,z 4F*,5/2
Mn,1,Mn I,364.869,,364.869,air,,,4300000.0,E,37420.24,64819.53,3d6.(3G).4s,b 4G,11/2,3d6.(3G).4p,v 4H*,11/2
Mn,1,Mn I,365.2326,,365.2326,air,,,7400000.0,E,35114.98,62486.99,3d6.(3F2).4s,a 4F,5/2,3d6.(3G).4p,v 4F*,5/2
Mn,1,Mn I,365.3501,,365.3501,air,,,75000.0,C,17451.52,44814.73,3d6.(5D).4s,a 6D,5/2,3d6.(5D).4p,z 4F*,3/2
Mn,1,Mn I,365.7897,,365.7897,air,,,5500000.0,E,34138.88,61469.21,3d6.(3H).4s,a 4H,13/2,3d6.(3G).4p,4G*,11/2
Mn,1,Mn I,366.04,366.04,366.04,air,100.0,100,91000000.0,D,37420.24,64731.88,3d6.(3G).4s,b 4G,11/2,3d6.(3G).4p,v 4H*,13/2
Mn,1,Mn I,366.3341,,366.3341,air,,,5000000.0,E,37630.62,64920.33,3d6.(3G).4s,b 4G,9/2,3d6.(3G).4p,v 4H*,7/2
Mn,1,Mn I,366.7687,,366.7687,air,,,7300000.0,E,37630.62,64888.00,3d6.(3G).4s,b 4G,9/2,3d6.(3G).4p,v 4H*,9/2
Mn,1,Mn I,366.8198,,366.8198,air,,,1000000.0,E,38008.70,65262.28,3d6.(3H).4s,a 2H,11/2,3d5.(a 2F).4s.4p.(3P*),w 2G*,9/2
Mn,1,Mn I,366.8545,,366.8545,air,,,1500000.0,E,37737.22,64988.22,3d6.(3G).4s,b 4G,7/2,3d5.(a 2D).4s.4p.(3P*),w 2F*,7/2
Mn,1,Mn I,366.9185,,366.9185,air,,,100000.0,C,17568.48,44814.73,3d6.(5D).4s,a 6D,3/2,3d6.(5D).4p,z 4F*,3/2
Mn,1,Mn I,366.9831,,366.9831,air,,,630000.0,C,17282.00,44523.45,3d6.(5D).4s,a 6D,7/2,3d6.(5D).4p,z 4F*,7/2
Mn,1,Mn I,367.052,367.052,367.0502,air,70.0,70,590000.0,C,17052.29,44288.76,3d6.(5D).4s,a 6D,9/2,3d6.(5D).4p,z 4F*,9/2
Mn,1,Mn I,367.5655,,367.5655,air,,,22000000.0,E,37789.93,64988.22,3d6.(3G).4s,b 4G,5/2,3d5.(a 2D).4s.4p.(3P*),w 2F*,7/2
Mn,1,Mn I,367.696,367.696,367.6923,air,70.0,70,73000000.0,D,37630.62,64819.53,3d6.(3G).4s,b 4G,9/2,3d6.(3G).4p,v 4H*,11/2
Mn,1,Mn I,367.8456,,367.8456,air,,,96000.0,C,17637.15,44814.73,3d6.(5D).4s,a 6D,1/2,3d6.(5D).4p,z 4F*,3/2
Mn,1,Mn I,368.0133,,368.0133,air,,,19000000.0,E,37420.24,64585.44,3d6.(3G).4s,b 4G,11/2,3d5.(a 2F).4s.4p.(3P*),4F*,9/2
Mn,1,Mn I,368.209,368.209,368.2087,air,50.0,50,76000000.0,D,37737.22,64888.00,3d6.(3G).4s,b 4G,7/2,3d6.(3G).4p,v 4H*,9/2
Mn,1,Mn I,368.4853,,368.4853,air,,,26000000.0,E,37789.93,64920.33,3d6.(3G).4s,b 4G,5/2,3d6.(3G).4p,v 4H*,7/2
Mn,1,Mn I,368.5205,,368.5205,air,,,210000.0,C,17568.48,44696.29,3d6.(5D).4s,a 6D,3/2,3d6.(5D).4p,z 4F*,5/2
Mn,1,Mn I,368.5545,,368.5545,air,,,2400000.0,E,34343.90,61469.21,3d6.(3H).4s,a 4H,9/2,3d6.(3G).4p,4G*,11/2
Mn,1,Mn I,369.2812,,369.2812,air,,,460000.0,C,17451.52,44523.45,3d6.(5D).4s,a 6D,5/2,3d6.(5D).4p,z 4F*,7/2
Mn,1,Mn I,369.657,369.657,369.654,air,180.0,180,7860000.0,C+,23296.67,50341.30,3d6.(5D).4s,a 4D,7/2,3d5.(4G).4s.4p.(3P*),y 4F*,9/2
Mn,1,Mn I,370.0309,,370.0309,air,,,9500000.0,E,27201.54,54218.62,3d5.4s2,a 4P,5/2,3d5.(4P).4s.4p.(3P*),z 4S*,3/2
Mn,1,Mn I,370.173,370.173,370.1723,air,70.0,70,860000.0,C,17282.00,44288.76,3d6.(5D).4s,a 6D,7/2,3d6.(5D).4p,z 4F*,9/2
Mn,1,Mn I,370.608,370.608,370.6078,air,210.0,210,140000000.0,D,34250.52,61225.55,3d6.(3H).4s,a 4H,11/2,3d5.(2I).4s.4p.(3P*),y 4I*,13/2
Mn,1,Mn I,370.6684,,370.6684,air,,,2700000.0,E,27248.00,54218.62,3d5.4s2,a 4P,3/2,3d5.(4P).4s.4p.(3P*),z 4S*,3/2
Mn,1,Mn I,370.8856,,370.8856,air,,,5200000.0,E,37630.62,64585.44,3d6.(3G).4s,b 4G,9/2,3d5.(a 2F).4s.4p.(3P*),4F*,9/2
Mn,1,Mn I,370.993,,370.993,air,,,6800000.0,E,38669.60,65616.6,3d6.(3F2).4s,a 2F,7/2,3d6.(3G).4p,*,7/2
Mn,1,Mn I,371.0742,,371.0742,air,,,3300000.0,E,30419.61,57360.73,3d5.4s2,b 4D,5/2,3d5.(4D).4s.4p.(3P*),v 4P*,3/2
Mn,1,Mn I,371.1583,,371.1583,air,,,3100000.0,E,30425.71,57360.73,3d5.4s2,b 4D,3/2,3d5.(4D).4s.4p.(3P*),v 4P*,3/2
Mn,1,Mn I,371.3783,,371.3783,air,,,4500000.0,E,35114.98,62034.04,3d6.(3F2).4s,a 4F,5/2,3d6.(3G).4p,4G*,7/2
Mn,1,Mn I,371.8121,,371.8121,air,,,2500000.0,E,37164.25,64051.91,3d5.4s2,a 2I,13/2,3d5.(2I).4s.4p.(3P*),2I*,11/2
Mn,1,Mn I,371.893,371.893,371.8921,air,130.0,130,96000000.0,D,34343.90,61225.77,3d6.(3H).4s,a 4H,9/2,3d5.(2I).4s.4p.(3P*),y 4I*,11/2
Mn,1,Mn I,372.0906,,372.0906,air,,,2500000.0,E,34343.90,61211.43,3d6.(3H).4s,a 4H,9/2,3d5.(2I).4s.4p.(3P*),y 4I*,9/2
Mn,1,Mn I,372.6941,,372.6941,air,,,1300000.0,E,23549.20,50373.23,3d6.(5D).4s,a 4D,5/2,3d5.(4G).4s.4p.(3P*),y 4F*,5/2
Mn,1,Mn I,372.7979,,372.7979,air,,,3300000.0,E,30411.74,57228.30,3d5.4s2,b 4D,1/2,3d5.(4D).4s.4p.(3P*),v 4P*,1/2
Mn,1,Mn I,372.889,372.889,372.888,air,55.0,55,5780000.0,C+,23549.20,50359.28,3d6.(5D).4s,a 4D,5/2,3d5.(4G).4s.4p.(3P*),y 4F*,7/2
Mn,1,Mn I,372.9539,,372.9539,air,,,6600000.0,E,34938.70,61744.04,3d6.(3F2).4s,a 4F,9/2,3d5.(4F).4s.4p.(3P*),6G*,11/2
Mn,1,Mn I,373.0999,,373.0999,air,,,3500000.0,E,34138.88,60933.73,3d6.(3H).4s,a 4H,13/2,3d5.(2I).4s.4p.(3P*),x 4H*,11/2
Mn,1,Mn I,373.193,373.193,373.1931,air,130.0,130,100000000.0,D,34423.27,61211.43,3d6.(3H).4s,a 4H,7/2,3d5.(2I).4s.4p.(3P*),y 4I*,9/2
Mn,1,Mn I,374.661,,374.661,air,,,16000000.0,E,34250.52,60933.73,3d6.(3H).4s,a 4H,11/2,3d5.(2I).4s.4p.(3P*),x 4H*,11/2
Mn,1,Mn I,375.0757,,375.0757,air,,,3000000.0,E,23719.52,50373.23,3d6.(5D).4s,a 4D,3/2,3d5.(4G).4s.4p.(3P*),y 4F*,5/2
Mn,1,Mn I,375.2552,,375.2552,air,,,1200000.0,E,34250.52,60891.48,3d6.(3H).4s,a 4H,11/2,3d5.(2I).4s.4p.(3P*),x 4H*,13/2
Mn,1,Mn I,375.418,,375.418,air,,,14000000.0,E,31076.42,57705.83,3d5.(6S).4s.4p.(3P*),z 4P*,3/2,3d6.(5D).5s,f 4D,1/2
Mn,1,Mn I,375.6639,,375.6639,air,,,14000000.0,E,34343.90,60955.88,3d6.(3H).4s,a 4H,9/2,3d5.(2I).4s.4p.(3P*),x 4H*,9/2
Mn,1,Mn I,376.3367,,376.3367,air,,,3900000.0,E,23818.87,50383.27,3d6.(5D).4s,a 4D,1/2,3d5.(4G).4s.4p.(3P*),y 4F*,3/2
Mn,1,Mn I,376.605,,376.605,air,,,4500000.0,E,31076.42,57621.90,3d5.(6S).4s.4p.(3P*),z 4P*,3/2,3d6.(5D).5s,f 4D,3/2
Mn,1,Mn I,376.7688,,376.7688,air,,,14000000.0,E,34423.27,60957.21,3d6.(3H).4s,a 4H,7/2,3d5.(2I).4s.4p.(3P*),x 4H*,7/2
Mn,1,Mn I,376.8175,,376.8175,air,,,7100000.0,E,34938.70,61469.21,3d6.(3F2).4s,a 4F,9/2,3d6.(3G).4p,4G*,11/2
Mn,1,Mn I,377.1434,,377.1434,air,,,19000000.0,E,43053.30,69560.88?,3d6.(1I).4s,b 2I,13/2,,x 2I*,13/2
Mn,1,Mn I,377.2947,,377.2947,air,,,6400000.0,E,31124.95,57621.90,3d5.(6S).4s.4p.(3P*),z 4P*,1/2,3d6.(5D).5s,f 4D,3/2
Mn,1,Mn I,377.3855,,377.3855,air,,,25000000.0,E,43139.27,69629.85?,3d6.(1I).4s,b 2I,11/2,,x 2I*,11/2
Mn,1,Mn I,377.4675,,377.4675,air,,,5300000.0,E,31001.15,57485.97,3d5.(6S).4s.4p.(3P*),z 4P*,5/2,3d6.(5D).5s,f 4D,5/2
Mn,1,Mn I,377.6301,,377.6301,air,,,5000000.0,E,41031.48,67504.90,3d6.(3G).4s,a 2G,9/2,3d6.(1I).4p,w 2H*,11/2
Mn,1,Mn I,377.6534,,377.6534,air,,,190000.0,C,17052.29,43524.08,3d6.(5D).4s,a 6D,9/2,3d6.(5D).4p,z 6F*,7/2
Mn,1,Mn I,378.5434,,378.5434,air,,,9800000.0,E,31076.42,57485.97,3d5.(6S).4s.4p.(3P*),z 4P*,3/2,3d6.(5D).5s,f 4D,5/2
Mn,1,Mn I,378.6828,,378.6828,air,,,3500000.0,E,37148.66,63548.49,3d5.4s2,a 2I,11/2,3d6.(3G).4p,2H*,9/2
Mn,1,Mn I,379.022,379.022,379.0207,air,260.0,260,5650000.0,B,17052.29,43428.58,3d6.(5D).4s,a 6D,9/2,3d6.(5D).4p,z 6F*,9/2
Mn,1,Mn I,379.8513,,379.8513,air,,,1100000.0,E,38669.60,64988.22,3d6.(3F2).4s,a 2F,7/2,3d5.(a 2D).4s.4p.(3P*),w 2F*,7/2
Mn,1,Mn I,379.926,379.926,379.9252,air,55.0,55,1350000.0,B,17282.00,43595.50,3d6.(5D).4s,a 6D,7/2,3d6.(5D).4p,z 6F*,5/2
Mn,1,Mn I,380.055,380.055,380.0556,air,110.0,110,27000000.0,E,31001.15,57305.62,3d5.(6S).4s.4p.(3P*),z 4P*,5/2,3d6.(5D).5s,f 4D,7/2
Mn,1,Mn I,380.191,380.191,380.1898,air,55.0,55,6400000.0,E,25265.74,51560.93,3d5.4s2,a 4G,11/2,3d5.(4G).4s.4p.(3P*),z 4G*,11/2
Mn,1,Mn I,380.3072,,380.3072,air,,,600000.0,E,34938.70,61225.77,3d6.(3F2).4s,a 4F,9/2,3d5.(2I).4s.4p.(3P*),y 4I*,11/2
Mn,1,Mn I,380.4018,,380.4018,air,,,280000.0,E,25265.74,51546.27,3d5.4s2,a 4G,11/2,3d5.(4G).4s.4p.(3P*),z 4G*,9/2
Mn,1,Mn I,380.672,380.672,380.6711,air,3200.0,3200,59000000.0,B,17052.29,43314.23,3d6.(5D).4s,a 6D,9/2,3d6.(5D).4p,z 6F*,11/2
Mn,1,Mn I,380.8505,,380.8505,air,,,570000.0,E,25281.04,51530.61,3d5.4s2,a 4G,5/2,3d5.(4G).4s.4p.(3P*),z 4G*,7/2
Mn,1,Mn I,380.959,380.959,380.9592,air,700.0,700,14300000.0,B,17282.00,43524.08,3d6.(5D).4s,a 6D,7/2,3d6.(5D).4p,z 6F*,7/2
Mn,1,Mn I,381.069,381.069,381.068,air,55.0,55,5300000.0,E,25281.04,51515.63,3d5.4s2,a 4G,5/2,3d5.(4G).4s.4p.(3P*),z 4G*,5/2
Mn,1,Mn I,381.1653,,381.1653,air,,,380000.0,E,25287.74,51515.63,3d5.4s2,a 4G,7/2,3d5.(4G).4s.4p.(3P*),z 4G*,5/2
Mn,1,Mn I,381.675,381.675,381.6741,air,90.0,90,4190000.0,B,17451.52,43644.45,3d6.(5D).4s,a 6D,5/2,3d6.(5D).4p,z 6F*,3/2
Mn,1,Mn I,382.351,382.351,382.3507,air,2100.0,2100,52100000.0,B,17282.00,43428.58,3d6.(5D).4s,a 6D,7/2,3d6.(5D).4p,z 6F*,9/2
Mn,1,Mn I,382.389,382.389,382.3887,air,390.0,390,23100000.0,B,17451.52,43595.50,3d6.(5D).4s,a 6D,5/2,3d6.(5D).4p,z 6F*,5/2
Mn,1,Mn I,382.6613,,382.6613,air,,,330000.0,E,24779.32,50904.68,3d5.(6S).4s.4p.(3P*),z 6P*,3/2,3d5.4s.(7S).6s,g 6S,5/2
Mn,1,Mn I,382.968,382.968,382.9718,air,200.0,200,10300000.0,B,17568.48,43672.66,3d6.(5D).4s,a 6D,3/2,3d6.(5D).4p,z 6F*,1/2
Mn,1,Mn I,383.386,383.386,383.3861,air,480.0,480,31400000.0,B,17568.48,43644.45,3d6.(5D).4s,a 6D,3/2,3d6.(5D).4p,z 6F*,3/2
Mn,1,Mn I,383.436,383.436,383.4362,air,1300.0,1300,42900000.0,B,17451.52,43524.08,3d6.(5D).4s,a 6D,5/2,3d6.(5D).4p,z 6F*,7/2
Mn,1,Mn I,383.72,,383.72,air,,,2700000.0,E,38934.94,64988.22,3d6.(3F2).4s,a 2F,5/2,3d5.(a 2D).4s.4p.(3P*),w 2F*,7/2
Mn,1,Mn I,383.978,383.978,383.9819,air,350.0,350,46400000.0,B,17637.15,43672.66,3d6.(5D).4s,a 6D,1/2,3d6.(5D).4p,z 6F*,1/2
Mn,1,Mn I,384.108,384.108,384.1071,air,670.0,670,33000000.0,C,17568.48,43595.50,3d6.(5D).4s,a 6D,3/2,3d6.(5D).4p,z 6F*,5/2
Mn,1,Mn I,384.398,384.398,384.3984,air,350.0,350,21100000.0,B,17637.15,43644.45,3d6.(5D).4s,a 6D,1/2,3d6.(5D).4p,z 6F*,3/2
Mn,1,Mn I,384.5023,,384.5023,air,,,3400000.0,E,34938.70,60938.97,3d6.(3F2).4s,a 4F,9/2,3d5.(a 2D).4s.4p.(3P*),w 4F*,9/2
Mn,1,Mn I,385.5106,,385.5106,air,,,3200000.0,E,34463.37,60395.64,3d6.(3P2).4s,b 4P,3/2,3d6.(a 3P).4p,2D*,3/2
Mn,1,Mn I,387.0785,,387.0785,air,,,2100000.0,E,37630.62,63457.85,3d6.(3G).4s,b 4G,9/2,3d5.(4G).4s.4p.(1P*),w 4H*,11/2
Mn,1,Mn I,387.1683,,387.1683,air,,,970000.0,E,27281.85,53103.09,3d5.4s2,a 4P,1/2,3d5.(4P).4s.4p.(3P*),y 4D*,3/2
Mn,1,Mn I,387.2093,,387.2093,air,,,7700000.0,E,37630.62,63449.13,3d6.(3G).4s,b 4G,9/2,3d5.(a 2F).4s.4p.(3P*),4G*,11/2
Mn,1,Mn I,387.3179,,387.3179,air,,,11000000.0,E,37737.22,63548.49,3d6.(3G).4s,b 4G,7/2,3d6.(3G).4p,2H*,9/2
Mn,1,Mn I,387.6701,,387.6701,air,,,990000.0,E,35114.98,60902.80,3d6.(3F2).4s,a 4F,5/2,3d5.(a 2D).4s.4p.(3P*),w 4F*,7/2
Mn,1,Mn I,388.883,,388.883,air,,,4200000.0,E,37737.22,63444.61,3d6.(3G).4s,b 4G,7/2,3d5.(4G).4s.4p.(1P*),w 4H*,9/2
Mn,2,Mn II,388.9132,388.9132,388.91224,air,20.0,20,110000.0,D,43339.452,69044.91,3d5.(2D).4s,c 3D,2,3d5.(4P).4p,z 3P*,2
Mn,1,Mn I,388.9456,,388.9456,air,,,31000000.0,E,43139.27,68842.52?,3d6.(1I).4s,b 2I,11/2,,z 2K*,13/2
Mn,1,Mn I,389.1614,,389.1614,air,,,1100000.0,E,34138.88,59827.88,3d6.(3H).4s,a 4H,13/2,3d6.(3H).4p,z 2I*,11/2
Mn,1,Mn I,389.473,,389.473,air,,,2500000.0,E,27201.54,52869.99,3d5.4s2,a 4P,5/2,3d5.(4D).4s.4p.(3P*),x 6D*,7/2
Mn,2,Mn II,389.7618,389.7618,389.76049,air,100.0,100,110000.0,D,43395.395,69044.91,3d5.(2D).4s,c 3D,3,3d5.(4P).4p,z 3P*,2
Mn,1,Mn I,389.8344,,389.8344,air,,,17000000.0,E,33825.49,59470.14,3d6.(3P2).4s,b 4P,5/2,3d6.(a 3P).4p,4D*,7/2
Mn,1,Mn I,389.9313,,389.9313,air,,,24000000.0,E,34463.37,60101.65,3d6.(3P2).4s,b 4P,3/2,3d6.(a 3P).4p,4D*,5/2
Mn,1,Mn I,391.1133,,391.1133,air,,,13000000.0,E,31001.15,56561.95,3d5.(6S).4s.4p.(3P*),z 4P*,5/2,,e 4D,5/2
Mn,1,Mn I,391.2728,,391.2728,air,,,4200000.0,E,34845.26,60395.64,3d6.(3P2).4s,b 4P,1/2,3d6.(a 3P).4p,2D*,3/2
Mn,1,Mn I,391.4148,,391.4148,air,,,1200000.0,E,31124.95,56666.06,3d5.(6S).4s.4p.(3P*),z 4P*,1/2,3d6.(5D).5s,i 6D,1/2
Mn,1,Mn I,391.9303,,391.9303,air,,,8800000.0,E,41230.30,66737.82,3d6.(3G).4s,a 2G,7/2,3d6.(a 1G).4p,v 2G*,7/2
Mn,1,Mn I,392.0635,,392.0635,air,,,2700000.0,E,37789.93,63288.78,3d6.(3G).4s,b 4G,5/2,3d5.(4G).4s.4p.(1P*),*,7/2
Mn,1,Mn I,392.3317,,392.3317,air,,,13000000.0,E,34250.52,59731.94,3d6.(3H).4s,a 4H,11/2,3d6.(a 3F).4p,x 4G*,9/2
Mn,1,Mn I,392.4047,,392.4047,air,,,94000000.0,E,31124.95,56601.63,3d5.(6S).4s.4p.(3P*),z 4P*,1/2,,e 4D,3/2
Mn,1,Mn I,392.647,392.647,392.6475,air,120.0,120,54000000.0,D,31001.15,56462.08,3d5.(6S).4s.4p.(3P*),z 4P*,5/2,,e 4D,7/2
Mn,1,Mn I,392.8292,,392.8292,air,,,3900000.0,E,38008.70,63457.85,3d6.(3H).4s,a 2H,11/2,3d5.(4G).4s.4p.(1P*),w 4H*,11/2
Mn,1,Mn I,392.9642,,392.9642,air,,,9200000.0,E,34343.90,59784.31,3d6.(3H).4s,a 4H,9/2,3d6.(a 3F).4p,x 4G*,7/2
Mn,1,Mn I,393.1512,,393.1512,air,,,8200000.0,E,38120.18,63548.49,3d6.(3H).4s,a 2H,9/2,3d6.(3G).4p,2H*,9/2
Mn,1,Mn I,393.5525,,393.5525,air,,,2400000.0,E,34250.52,59652.90,3d6.(3H).4s,a 4H,11/2,3d6.(a 3F).4p,x 4G*,11/2
Mn,1,Mn I,393.6757,,393.6757,air,,,12000000.0,E,34423.27,59817.70,3d6.(3H).4s,a 4H,7/2,3d6.(a 3F).4p,x 4G*,5/2
Mn,1,Mn I,393.7748,,393.7748,air,,,3000000.0,E,34343.90,59731.94,3d6.(3H).4s,a 4H,9/2,3d6.(a 3F).4p,x 4G*,9/2
Mn,1,Mn I,394.287,,394.287,air,,,1800000.0,E,31001.15,56356.21,3d5.(6S).4s.4p.(3P*),z 4P*,5/2,3d6.(5D).5s,i 6D,7/2
Mn,1,Mn I,395.1963,,395.1963,air,,,31000000.0,E,34845.26,60141.98,3d6.(3P2).4s,b 4P,1/2,3d6.(a 3P).4p,4D*,1/2
Mn,1,Mn I,395.284,395.284,395.2834,air,65.0,65,41000000.0,E,33825.49,59116.64,3d6.(3P2).4s,b 4P,5/2,3d6.(a 3F).4p,4D*,5/2
Mn,1,Mn I,395.4565,,395.4565,air,,,4600000.0,E,38008.70,63288.78,3d6.(3H).4s,a 2H,11/2,3d6.(3G).4p,2H*,11/2
Mn,1,Mn I,397.589,397.589,397.5887,air,55.0,55,18000000.0,E,34845.26,59989.77,3d6.(3P2).4s,b 4P,1/2,3d6.(a 3P).4p,4D*,3/2
Mn,1,Mn I,397.708,397.708,397.7078,air,65.0,65,16000000.0,E,34463.37,59600.35,3d6.(3P2).4s,b 4P,3/2,3d6.(a 3P).4p,2D*,5/2
Mn,1,Mn I,397.8778,,397.8778,air,,,740000.0,E,34343.90,59470.14,3d6.(3H).4s,a 4H,9/2,3d6.(a 3P).4p,4D*,7/2
Mn,1,Mn I,398.0143,,398.0143,air,,,13000000.0,E,41031.48,66149.10,3d6.(3G).4s,a 2G,9/2,3d6.(3G).4p,*,7/2
Mn,1,Mn I,398.2157,,398.2157,air,,,35000000.0,E,34463.37,59568.29,3d6.(3P2).4s,b 4P,3/2,3d6.(a 3P).4p,u 4P*,1/2
Mn,1,Mn I,398.258,398.258,398.2583,air,130.0,130,23000000.0,E,25281.04,50383.27,3d5.4s2,a 4G,5/2,3d5.(4G).4s.4p.(3P*),y 4F*,3/2
Mn,1,Mn I,398.2791,,398.2791,air,,,55000000.0,E,41403.93,66504.85,3d5.4s.(7S).5s,e 6S,5/2,3d5.(4P).4s.4p.(1P*),4S*,3/2
Mn,1,Mn I,398.4177,,398.4177,air,,,2300000.0,E,25281.04,50373.23,3d5.4s2,a 4G,5/2,3d5.(4G).4s.4p.(3P*),y 4F*,5/2
Mn,1,Mn I,398.524,398.524,398.5241,air,150.0,150,9700000.0,E,25287.74,50373.23,3d5.4s2,a 4G,7/2,3d5.(4G).4s.4p.(3P*),y 4F*,5/2
Mn,1,Mn I,398.683,398.683,398.6819,air,190.0,190,11000000.0,E,25265.74,50341.30,3d5.4s2,a 4G,11/2,3d5.(4G).4s.4p.(3P*),y 4F*,9/2
Mn,1,Mn I,398.71,398.71,398.7091,air,150.0,150,10000000.0,E,25285.43,50359.28,3d5.4s2,a 4G,9/2,3d5.(4G).4s.4p.(3P*),y 4F*,7/2
Mn,1,Mn I,398.7459,,398.7459,air,,,1800000.0,E,25287.74,50359.28,3d5.4s2,a 4G,7/2,3d5.(4G).4s.4p.(3P*),y 4F*,7/2
Mn,1,Mn I,398.9952,,398.9952,air,,,1500000.0,E,25285.43,50341.30,3d5.4s2,a 4G,9/2,3d5.(4G).4s.4p.(3P*),y 4F*,9/2
Mn,1,Mn I,399.06,,399.06,air,,,430000.0,E,30354.21,55406.0,3d5.4s2,b 4D,7/2,3d5.4s.(5S).5p,w 4P*,5/2
Mn,1,Mn I,399.1611,,399.1611,air,,,21000000.0,E,30411.74,55457.20,3d5.4s2,b 4D,1/2,3d5.4s.(5S).5p,w 4P*,1/2
Mn,1,Mn I,399.3839,,399.3839,air,,,4400000.0,E,30425.71,55457.20,3d5.4s2,b 4D,3/2,3d5.4s.(5S).5p,w 4P*,1/2
Mn,1,Mn I,399.6083,,399.6083,air,,,4100000.0,E,34463.37,59480.80,3d6.(3P2).4s,b 4P,3/2,3d6.(a 3P).4p,u 4P*,5/2
Mn,1,Mn I,399.9575,,399.9575,air,,,390000.0,E,34343.90,59339.49,3d6.(3H).4s,a 4H,9/2,3d6.(a 3F).4p,4D*,7/2
Mn,1,Mn I,400.105,,400.105,air,,,2400000.0,E,30419.61,55406.0,3d5.4s2,b 4D,5/2,3d5.4s.(5S).5p,w 4P*,5/2
Mn,1,Mn I,400.202,,400.202,air,,,3600000.0,E,30425.71,55406.0,3d5.4s2,b 4D,3/2,3d5.4s.(5S).5p,w 4P*,5/2
Mn,1,Mn I,400.326,,400.326,air,,,11000000.0,E,37420.24,62392.82,3d6.(3G).4s,b 4G,11/2,3d6.(3G).4p,v 4F*,9/2
Mn,1,Mn I,400.7036,,400.7036,air,,,2200000.0,E,30419.61,55368.66,3d5.4s2,b 4D,5/2,3d5.4s.(5S).5p,w 4P*,3/2
Mn,1,Mn I,400.8016,,400.8016,air,,,4600000.0,E,30425.71,55368.66,3d5.4s2,b 4D,3/2,3d5.4s.(5S).5p,w 4P*,3/2
Mn,1,Mn I,401.1567,,401.1567,air,,,8200000.0,E,34463.37,59384.24,3d6.(3P2).4s,b 4P,3/2,3d6.(a 3P).4p,u 4P*,3/2
Mn,1,Mn I,401.19,,401.19,air,,,23000000.0,E,41230.30,66149.10,3d6.(3G).4s,a 2G,7/2,3d6.(3G).4p,*,7/2
Mn,1,Mn I,401.6675,,401.6675,air,,,2400000.0,E,34938.70,59827.88,3d6.(3F2).4s,a 4F,9/2,3d6.(3H).4p,z 2I*,11/2
Mn,1,Mn I,401.81,401.81,401.81,air,1500.0,1500,25400000.0,C+,17052.29,41932.64,3d6.(5D).4s,a 6D,9/2,3d6.(5D).4p,z 6D*,7/2
Mn,1,Mn I,402.0068,,402.0068,air,,,4900000.0,E,30411.74,55279.91,3d5.4s2,b 4D,1/2,3d5.(4D).4s.4p.(3P*),x 4D*,3/2
Mn,1,Mn I,402.1341,,402.1341,air,,,1400000.0,E,30419.61,55279.91,3d5.4s2,b 4D,5/2,3d5.(4D).4s.4p.(3P*),x 4D*,3/2
Mn,1,Mn I,402.594,,402.594,air,,,1900000.0,E,30354.21,55186.1,3d5.4s2,b 4D,7/2,3d5.(4D).4s.4p.(3P*),x 4D*,5/2
Mn,1,Mn I,402.644,402.644,402.6433,air,150.0,150,8900000.0,E,25265.74,50094.60,3d5.4s2,a 4G,11/2,3d5.(4G).4s.4p.(3P*),z 4H*,13/2
Mn,1,Mn I,402.859,,402.859,air,,,380000.0,E,25265.74,50081.31,3d5.4s2,a 4G,11/2,3d5.(4G).4s.4p.(3P*),z 4H*,11/2
Mn,1,Mn I,403.076,403.076,403.0753,air,27000.0,27000,17000000.0,C+,0.00,24802.25,3d5.4s2,a 6S,5/2,3d5.(6S).4s.4p.(3P*),z 6P*,7/2
Mn,1,Mn I,403.1789,,403.1789,air,,,7300000.0,E,25285.43,50081.31,3d5.4s2,a 4G,9/2,3d5.(4G).4s.4p.(3P*),z 4H*,11/2
Mn,1,Mn I,403.307,403.307,403.3062,air,19000.0,19000,16500000.0,C+,0.00,24788.05,3d5.4s2,a 6S,5/2,3d5.(6S).4s.4p.(3P*),z 6P*,5/2
Mn,1,Mn I,403.449,403.449,403.4483,air,11000.0,11000,15800000.0,C+,0.00,24779.32,3d5.4s2,a 6S,5/2,3d5.(6S).4s.4p.(3P*),z 6P*,3/2
Mn,1,Mn I,403.873,403.873,403.8723,air,55.0,55,4700000.0,E,30354.21,55107.52,3d5.4s2,b 4D,7/2,3d5.(4D).4s.4p.(3P*),x 4D*,7/2
Mn,1,Mn I,404.136,404.136,404.1355,air,5600.0,5600,78700000.0,C+,17052.29,41789.48,3d6.(5D).4s,a 6D,9/2,3d6.(5D).4p,z 6D*,9/2
Mn,1,Mn I,404.876,404.876,404.8743,air,1100.0,1100,75000000.0,C+,17451.52,42143.57,3d6.(5D).4s,a 6D,5/2,3d6.(5D).4p,z 6D*,3/2
Mn,1,Mn I,405.247,405.247,405.2472,air,65.0,65,38000000.0,E,35114.98,59784.31,3d6.(3F2).4s,a 4F,5/2,3d6.(a 3F).4p,x 4G*,7/2
Mn,1,Mn I,405.554,405.554,405.5544,air,1900.0,1900,43100000.0,C+,17282.00,41932.64,3d6.(5D).4s,a 6D,7/2,3d6.(5D).4p,z 6D*,7/2
Mn,1,Mn I,405.893,405.893,405.893,air,1100.0,1100,72500000.0,C+,17568.48,42198.56,3d6.(5D).4s,a 6D,3/2,3d6.(5D).4p,z 6D*,1/2
Mn,1,Mn I,405.939,405.939,405.9388,air,150.0,150,14000000.0,E,24788.05,49415.35,3d5.(6S).4s.4p.(3P*),z 6P*,5/2,3d5.4s.(5S).5s,f 6S,5/2
Mn,1,Mn I,406.174,406.174,406.173,air,730.0,730,19000000.0,E,24802.25,49415.35,3d5.(6S).4s.4p.(3P*),z 6P*,7/2,3d5.4s.(5S).5s,f 6S,5/2
Mn,1,Mn I,406.353,406.353,406.3528,air,730.0,730,16900000.0,C+,17451.52,42053.73,3d6.(5D).4s,a 6D,5/2,3d6.(5D).4p,z 6D*,5/2
Mn,1,Mn I,406.508,406.508,406.5071,air,80.0,80,25000000.0,E,34250.52,58843.39,3d6.(3H).4s,a 4H,11/2,3d6.(3H).4p,z 4I*,13/2
Mn,1,Mn I,406.635,,406.635,air,,,22000000.0,E,41031.48,65616.6,3d6.(3G).4s,a 2G,9/2,3d6.(3G).4p,*,7/2
Mn,1,Mn I,406.8,406.8,406.8012,air,80.0,80,1400000.0,E,17568.48,42143.57,3d6.(5D).4s,a 6D,3/2,3d6.(5D).4p,z 6D*,3/2
Mn,1,Mn I,407.028,407.028,407.0278,air,290.0,290,23000000.0,C+,17637.15,42198.56,3d6.(5D).4s,a 6D,1/2,3d6.(5D).4p,z 6D*,1/2
Mn,1,Mn I,407.3999,,407.3999,air,,,5800000.0,E,34845.26,59384.24,3d6.(3P2).4s,b 4P,1/2,3d6.(a 3P).4p,u 4P*,3/2
Mn,1,Mn I,407.5251,,407.5251,air,,,6900000.0,E,34938.70,59470.14,3d6.(3F2).4s,a 4F,9/2,3d6.(a 3P).4p,4D*,7/2
Mn,1,Mn I,407.924,407.924,407.9412,air,730.0,730,38000000.0,C+,17637.15,42143.57,3d6.(5D).4s,a 6D,1/2,3d6.(5D).4p,z 6D*,3/2
Mn,1,Mn I,408.294,408.294,408.2939,air,1100.0,1100,29500000.0,C+,17568.48,42053.73,3d6.(5D).4s,a 6D,3/2,3d6.(5D).4p,z 6D*,5/2
Mn,1,Mn I,408.363,408.363,408.3628,air,1100.0,1100,28000000.0,C+,17451.52,41932.64,3d6.(5D).4s,a 6D,5/2,3d6.(5D).4p,z 6D*,7/2
Mn,2,Mn II,408.5396,408.5396,408.53915,air,5.0,5*,360000.0,D,43395.395,67865.945,3d5.(2D).4s,c 3D,3,3d5.(4G).4p,z 3F*,4
Mn,1,Mn I,408.5467,,408.5467,air,,,1500000.0,E,38669.60,63139.70,3d6.(3F2).4s,a 2F,7/2,3d5.(4G).4s.4p.(1P*),4F*,5/2
Mn,1,Mn I,408.8558,,408.8558,air,,,4600000.0,E,43053.30,67504.90,3d6.(1I).4s,b 2I,13/2,3d6.(1I).4p,w 2H*,11/2
Mn,1,Mn I,408.994,408.994,408.9931,air,65.0,65,17000000.0,E,34423.27,58866.66,3d6.(3H).4s,a 4H,7/2,3d6.(3H).4p,z 4I*,9/2
Mn,1,Mn I,409.0594,,409.0594,air,,,5800000.0,E,35041.37,59480.80,3d6.(3F2).4s,a 4F,7/2,3d6.(a 3P).4p,u 4P*,5/2
Mn,1,Mn I,409.2379,,409.2379,air,,,14000000.0,E,35041.37,59470.14,3d6.(3F2).4s,a 4F,7/2,3d6.(a 3P).4p,4D*,7/2
Mn,1,Mn I,409.4045,,409.4045,air,,,7600000.0,E,41230.30,65649.13?,3d6.(3G).4s,a 2G,7/2,,*,5/2
Mn,1,Mn I,409.663,,409.663,air,,,2500000.0,E,37630.62,62034.04,3d6.(3G).4s,b 4G,9/2,3d6.(3G).4p,4G*,7/2
Mn,1,Mn I,409.951,,409.951,air,,,11000000.0,E,41230.30,65616.6,3d6.(3G).4s,a 2G,7/2,3d6.(3G).4p,*,7/2
Mn,1,Mn I,410.536,410.536,410.538,air,55.0,55,17000000.0,E,34938.70,59290.11,3d6.(3F2).4s,a 4F,9/2,3d6.(a 3F).4p,x 4F*,7/2
Mn,1,Mn I,410.7865,,410.7865,air,,,9700000.0,E,37148.66,61485.34,3d5.4s2,a 2I,11/2,3d6.(a 3F).4p,2G*,9/2
Mn,1,Mn I,411.3867,,411.3867,air,,,15000000.0,E,35114.98,59416.15,3d6.(3F2).4s,a 4F,5/2,3d6.(a 3F).4p,x 4F*,3/2
Mn,1,Mn I,411.4384,,411.4384,air,,,15000000.0,E,35041.37,59339.49,3d6.(3F2).4s,a 4F,7/2,3d6.(a 3F).4p,4D*,7/2
Mn,1,Mn I,411.6502,,411.6502,air,,,12000000.0,E,37789.93,62075.55,3d6.(3G).4s,b 4G,5/2,3d6.(3G).4p,4G*,5/2
Mn,1,Mn I,411.8993,,411.8993,air,,,1100000.0,E,27281.85,51552.78,3d5.4s2,a 4P,1/2,3d5.(4P).4s.4p.(3P*),x 4P*,1/2
Mn,1,Mn I,412.2361,,412.2361,air,,,13000000.0,E,35165.05,59416.15,3d6.(3F2).4s,a 4F,3/2,3d6.(a 3F).4p,x 4F*,3/2
Mn,1,Mn I,412.2763,,412.2763,air,,,5800000.0,E,35041.37,59290.11,3d6.(3F2).4s,a 4F,7/2,3d6.(a 3F).4p,x 4F*,7/2
Mn,1,Mn I,412.3281,,412.3281,air,,,9000000.0,E,35114.98,59360.67,3d6.(3F2).4s,a 4F,5/2,3d6.(a 3F).4p,x 4F*,5/2
Mn,1,Mn I,412.3567,,412.3567,air,,,3800000.0,E,27201.54,51445.55,3d5.4s2,a 4P,5/2,3d5.(4P).4s.4p.(3P*),x 4P*,3/2
Mn,1,Mn I,412.5815,,412.5815,air,,,7000000.0,E,41031.48,65262.28,3d6.(3G).4s,a 2G,9/2,3d5.(a 2F).4s.4p.(3P*),w 2G*,9/2
Mn,2,Mn II,412.8123,412.8123,412.81225,air,,,71000.0,D+,14325.866,38543.122,3d6,a 5D,4,3d5.(6S).4p,z 7P*,3
Mn,1,Mn I,413.2301,,413.2301,air,,,15000000.0,E,44523.45,68716.22,3d6.(5D).4p,z 4F*,7/2,3d5.4s.(5G).5s,f 4G,9/2
Mn,1,Mn I,413.504,413.504,413.5034,air,120.0,120,30000000.0,E,34250.52,58427.30,3d6.(3H).4s,a 4H,11/2,3d6.(3H).4p,y 4H*,11/2
Mn,1,Mn I,413.7272,,413.7272,air,,,3100000.0,E,27281.85,51445.55,3d5.4s2,a 4P,1/2,3d5.(4P).4s.4p.(3P*),x 4P*,3/2
Mn,2,Mn II,414.044,414.044,414.0466,air,20.0,20,230000.0,D,44899.851,69044.91,3d5.(2F).4s,b 3F,3,3d5.(4P).4p,z 3P*,2
Mn,1,Mn I,414.106,414.106,414.1056,air,80.0,80,26000000.0,E,34343.90,58485.52,3d6.(3H).4s,a 4H,9/2,3d6.(3H).4p,y 4H*,9/2
Mn,1,Mn I,414.753,414.753,414.7559,air,55.0,55,6600000.0,E,27201.54,51305.31,3d5.4s2,a 4P,5/2,3d5.(4P).4s.4p.(3P*),x 4P*,5/2
Mn,1,Mn I,414.88,414.88,414.8788,air,80.0,80,23000000.0,E,34423.27,58519.90,3d6.(3H).4s,a 4H,7/2,3d6.(3H).4p,y 4H*,7/2
Mn,1,Mn I,415.1591,,415.1591,air,,,2400000.0,E,37630.62,61710.98,3d6.(3G).4s,b 4G,9/2,3d5.(4F).4s.4p.(3P*),6G*,7/2
Mn,1,Mn I,415.4224,,415.4224,air,,,350000.0,E,37420.24,61485.34,3d6.(3G).4s,b 4G,11/2,3d6.(a 3F).4p,2G*,9/2
Mn,1,Mn I,415.5569,,415.5569,air,,,2100000.0,E,27248.00,51305.31,3d5.4s2,a 4P,3/2,3d5.(4P).4s.4p.(3P*),x 4P*,5/2
Mn,1,Mn I,415.8688,,415.8688,air,,,16000000.0,E,38351.78,62391.05,3d6.(3P2).4s,a 2P,1/2,3d6.(a 3P).4p,z 2P*,1/2
Mn,1,Mn I,416.4975,,416.4975,air,,,11000000.0,E,38351.78,62354.76,3d6.(3P2).4s,a 2P,1/2,3d6.(a 3P).4p,z 2P*,3/2
Mn,1,Mn I,416.6185,,416.6185,air,,,2400000.0,E,37789.93,61785.94,3d6.(3G).4s,b 4G,5/2,3d6.(a 3F).4p,2G*,7/2
Mn,1,Mn I,416.7218,,416.7218,air,,,1900000.0,E,37737.22,61727.28,3d6.(3G).4s,b 4G,7/2,3d5.(4F).4s.4p.(3P*),6G*,5/2
Mn,1,Mn I,417.66,417.66,417.6599,air,150.0,150,24000000.0,E,34138.88,58075.06,3d6.(3H).4s,a 4H,13/2,3d5.(4G).4s.4p.(1P*),y 4G*,11/2
Mn,1,Mn I,418.2244,,418.2244,air,,,9200000.0,E,38008.70,61912.57,3d6.(3H).4s,a 2H,11/2,3d5.(2I).4s.4p.(3P*),2K*,13/2
Mn,1,Mn I,418.999,418.999,418.9983,air,120.0,120,20000000.0,E,34250.52,58110.24,3d6.(3H).4s,a 4H,11/2,3d5.(4G).4s.4p.(1P*),y 4G*,9/2
Mn,1,Mn I,419.7169,,419.7169,air,,,2.3e-05,E,0.00,23818.87,3d5.4s2,a 6S,5/2,3d6.(5D).4s,a 4D,1/2
Mn,1,Mn I,420.176,420.176,420.177,air,65.0,65,23000000.0,E,34343.90,58136.69,3d6.(3H).4s,a 4H,9/2,3d5.(4G).4s.4p.(1P*),y 4G*,7/2
Mn,1,Mn I,420.3134,,420.3134,air,,,950000.0,E,37148.66,60933.73,3d5.4s2,a 2I,11/2,3d5.(2I).4s.4p.(3P*),x 4H*,11/2
Mn,2,Mn II,420.53748,420.53748,420.53746,air,100.0,100,27000.0,D+,14593.835,38366.232,3d6,a 5D,3,3d5.(6S).4p,z 7P*,2
Mn,2,Mn II,420.63677,420.63677,420.63677,air,200.0,200,1200000.0,C+,43528.661,67295.446,3d5.(4F).4s,a 5F,5,3d5.(4P).4p,z 5D*,4
Mn,1,Mn I,420.7937,,420.7937,air,,,1100000.0,E,41230.30,64988.22,3d6.(3G).4s,a 2G,7/2,3d5.(a 2D).4s.4p.(3P*),w 2F*,7/2
Mn,1,Mn I,422.0609,,422.0609,air,,,16000000.0,E,33825.49,57512.08,3d6.(3P2).4s,b 4P,5/2,3d6.(a 3P).4p,y 4S*,3/2
Mn,1,Mn I,422.182,,422.182,air,,,2600000.0,E,37789.93,61469.7,3d6.(3G).4s,b 4G,5/2,3d6.(a 3F).4p,2F*,5/2
Mn,1,Mn I,422.4324,,422.4324,air,,,1100000.0,E,38120.18,61785.94,3d6.(3H).4s,a 2H,9/2,3d6.(a 3F).4p,2G*,7/2
Mn,1,Mn I,422.5074,,422.5074,air,,,340000.0,E,33825.49,57487.05,3d6.(3P2).4s,b 4P,5/2,3d5.(4D).4s.4p.(3P*),v 4P*,5/2
Mn,1,Mn I,423.0128,,423.0128,air,,,1700000.0,E,23818.87,47452.16,3d6.(5D).4s,a 4D,1/2,3d5.(4P).4s.4p.(3P*),y 6D*,1/2
Mn,1,Mn I,423.514,423.514,423.5295,air,370.0,370,91700000.0,C+,23296.67,46901.13,3d6.(5D).4s,a 4D,7/2,3d6.(5D).4p,y 4P*,5/2
Mn,1,Mn I,423.972,423.972,423.973,air,190.0,190,39000000.0,E,23719.52,47299.29,3d6.(5D).4s,a 4D,3/2,3d6.(5D).4p,y 4P*,1/2
Mn,2,Mn II,424.42462,424.42462,424.42462,air,150.0,150,800000.0,D,43339.452,66894.130,3d5.(2D).4s,c 3D,2,3d5.(4G).4p,z 5F*,1
Mn,2,Mn II,424.594,424.594,424.5933,air,5.0,5,400000.0,D,43131.51,66676.833,3d6,a 1D,2,3d5.(4P).4p,z 5D*,2
Mn,1,Mn I,425.766,425.766,425.7669,air,290.0,290,37000000.0,E,23818.87,47299.29,3d6.(5D).4s,a 4D,1/2,3d6.(5D).4p,y 4P*,1/2
Mn,1,Mn I,425.8355,,425.8355,air,,,2500000.0,E,38008.70,61485.34,3d6.(3H).4s,a 2H,11/2,3d6.(a 3F).4p,2G*,9/2
Mn,2,Mn II,425.9191,425.9191,425.91908,air,150.0,150,1900000.0,C+,43537.186,67009.217,3d5.(4F).4s,a 5F,4,3d5.(4P).4p,z 5D*,3
Mn,1,Mn I,425.9334,,425.9334,air,,,1900000.0,E,37420.24,60891.48,3d6.(3G).4s,b 4G,11/2,3d5.(2I).4s.4p.(3P*),x 4H*,13/2
Mn,1,Mn I,426.1282,,426.1282,air,,,8100000.0,E,38008.70,61469.21,3d6.(3H).4s,a 2H,11/2,3d6.(3G).4p,4G*,11/2
Mn,1,Mn I,426.592,426.592,426.5923,air,290.0,290,49200000.0,C+,23719.52,47154.51,3d6.(5D).4s,a 4D,3/2,3d6.(5D).4p,y 4P*,3/2
Mn,1,Mn I,427.8673,,427.8673,air,,,6800000.0,E,38120.18,61485.34,3d6.(3H).4s,a 2H,9/2,3d6.(a 3F).4p,2G*,9/2
Mn,1,Mn I,427.954,,427.954,air,,,2900000.0,E,38120.18,61480.6,3d6.(3H).4s,a 2H,9/2,3d6.(a 3F).4p,2F*,7/2
Mn,1,Mn I,428.11,428.11,428.1097,air,270.0,270,23000000.0,E,23549.20,46901.13,3d6.(5D).4s,a 4D,5/2,3d6.(5D).4p,y 4P*,5/2
Mn,2,Mn II,428.199,428.199,428.1989,air,10.0,10,16000000.0,D,85895.477,109242.54,3d5.(6S).5p,x 7P*,2,3d5.(6S).6d,7D,2
Mn,2,Mn II,428.218,428.218,428.218,air,10.0,10,25000000.0,D,85895.477,109241.50,3d5.(6S).5p,x 7P*,2,3d5.(6S).6d,7D,1
Mn,1,Mn I,428.408,428.408,428.4085,air,65.0,65,8920000.0,C+,23818.87,47154.51,3d6.(5D).4s,a 4D,1/2,3d6.(5D).4p,y 4P*,3/2
Mn,2,Mn II,428.4428,428.4428,428.44245,air,40.0,40,1300000.0,C,43311.324,66645.116,3d5.(4F).4s,a 5F,1,3d5.(4P).4p,z 5D*,1
Mn,1,Mn I,429.0066,,429.0066,air,,,3400000.0,E,37630.62,60933.73,3d6.(3G).4s,b 4G,9/2,3d5.(2I).4s.4p.(3P*),x 4H*,11/2
Mn,2,Mn II,429.22328,429.22328,429.22329,air,200.0,200,1500000.0,D+,43395.395,66686.739,3d5.(2D).4s,c 3D,3,3d5.(4G).4p,z 5F*,3
Mn,2,Mn II,429.327,429.327,429.3255,air,15.0,15,15000000.0,D,85960.622,109246.42,3d5.(6S).5p,x 7P*,3,3d5.(6S).6d,7D,4
Mn,2,Mn II,429.368,429.368,429.3676,air,10.0,10,15000000.0,D,85960.622,109244.14,3d5.(6S).5p,x 7P*,3,3d5.(6S).6d,7D,3
Mn,1,Mn I,430.0189,,430.0189,air,,,8700000.0,E,37420.24,60668.49,3d6.(3G).4s,b 4G,11/2,3d6.(3H).4p,z 2G*,9/2
Mn,1,Mn I,430.567,,430.567,air,,,3400000.0,E,37737.22,60955.88,3d6.(3G).4s,b 4G,7/2,3d5.(2I).4s.4p.(3P*),x 4H*,9/2
Mn,2,Mn II,430.81531,430.81531,430.81529,air,100.0,100,900000.0,C,43696.217,66901.494,3d5.(4F).4s,a 5F,3,3d5.(4G).4p,z 5F*,2
Mn,2,Mn II,431.07,431.07,431.0709,air,30.0,30,23000000.0,D,86057.625,109249.14,3d5.(6S).5p,x 7P*,4,3d5.(6S).6d,7D,5
Mn,2,Mn II,431.123,431.123,431.1215,air,15.0,15,8000000.0,D,86057.625,109246.42,3d5.(6S).5p,x 7P*,4,3d5.(6S).6d,7D,4
Mn,1,Mn I,431.255,431.255,431.2551,air,65.0,65,5010000.0,C+,23719.52,46901.13,3d6.(5D).4s,a 4D,3/2,3d6.(5D).4p,y 4P*,5/2
Mn,2,Mn II,432.50468,432.50468,432.50472,air,100.0,100,3000000.0,C+,43528.661,66643.296,3d5.(4F).4s,a 5F,5,3d5.(4G).4p,z 5F*,4
Mn,1,Mn I,432.6139,,432.6139,air,,,1100000.0,E,37630.62,60739.42,3d6.(3G).4s,b 4G,9/2,3d6.(3H).4p,z 2G*,7/2
Mn,2,Mn II,432.66435,432.66435,432.6643,air,500.0,500,1700000.0,C,43537.186,66643.296,3d5.(4F).4s,a 5F,4,3d5.(4G).4p,z 5F*,4
Mn,1,Mn I,432.674,,432.674,air,,,460000.0,E,38120.18,61225.77,3d6.(3H).4s,a 2H,9/2,3d5.(2I).4s.4p.(3P*),y 4I*,11/2
Mn,1,Mn I,432.7956,,432.7956,air,,,2700000.0,E,38934.94,62034.04,3d6.(3F2).4s,a 2F,5/2,3d6.(3G).4p,4G*,7/2
Mn,1,Mn I,432.8664,,432.8664,air,,,290000.0,E,35041.37,58136.69,3d6.(3F2).4s,a 4F,7/2,3d5.(4G).4s.4p.(1P*),y 4G*,7/2
Mn,1,Mn I,432.9427,,432.9427,air,,,470000.0,E,38120.18,61211.43,3d6.(3H).4s,a 2H,9/2,3d5.(2I).4s.4p.(3P*),y 4I*,9/2
Mn,1,Mn I,433.7418,,433.7418,air,,,6900000.0,E,34463.37,57512.08,3d6.(3P2).4s,b 4P,3/2,3d6.(a 3P).4p,y 4S*,3/2
Mn,2,Mn II,433.83446,433.83446,433.83444,air,60.0,60,1000000.0,C,43850.341,66894.130,3d5.(4F).4s,a 5F,2,3d5.(4G).4p,z 5F*,1
Mn,2,Mn II,434.39834,434.39834,434.3983,air,500.0,500,2500000.0,C+,43528.661,66542.539,3d5.(4F).4s,a 5F,5,3d5.(4G).4p,z 5F*,5
Mn,2,Mn II,434.83958,434.83958,434.83962,air,200.0,200,800000.0,C,43696.217,66686.739,3d5.(4F).4s,a 5F,3,3d5.(4G).4p,z 5F*,3
Mn,1,Mn I,435.9632,,435.9632,air,,,990000.0,E,37737.22,60668.49,3d6.(3G).4s,b 4G,7/2,3d6.(3H).4p,z 2G*,9/2
Mn,1,Mn I,435.9822,,435.9822,air,,,720000.0,E,38008.70,60938.97,3d6.(3H).4s,a 2H,11/2,3d5.(a 2D).4s.4p.(3P*),w 4F*,9/2
Mn,1,Mn I,436.8871,,436.8871,air,,,600000.0,E,38008.70,60891.48,3d6.(3H).4s,a 2H,11/2,3d5.(2I).4s.4p.(3P*),x 4H*,13/2
Mn,1,Mn I,438.17,438.17,438.1708,air,45.0,45,14000000.0,E,38669.60,61485.34,3d6.(3F2).4s,a 2F,7/2,3d6.(a 3F).4p,2G*,9/2
Mn,1,Mn I,438.8078,,438.8078,air,,,2400000.0,E,38120.18,60902.80,3d6.(3H).4s,a 2H,9/2,3d5.(a 2D).4s.4p.(3P*),w 4F*,7/2
Mn,2,Mn II,439.3385,439.3385,439.33852,air,60.0,60,4000000.0,D+,44139.031,66894.130,3d5.(2D).4s,c 3D,1,3d5.(4G).4p,z 5F*,1
Mn,1,Mn I,440.8085,,440.8085,air,,,3400000.0,E,37148.66,59827.88,3d5.4s2,a 2I,11/2,3d6.(3H).4p,z 2I*,11/2
Mn,1,Mn I,441.0496,,441.0496,air,,,1100000.0,E,34845.26,57512.08,3d6.(3P2).4s,b 4P,1/2,3d6.(a 3P).4p,y 4S*,3/2
Mn,1,Mn I,441.188,441.188,441.1864,air,55.0,55,26000000.0,E,38008.70,60668.49,3d6.(3H).4s,a 2H,11/2,3d6.(3H).4p,z 2G*,9/2
Mn,1,Mn I,441.488,441.488,441.489,air,350.0,350,29300000.0,B,23296.67,45940.93,3d6.(5D).4s,a 4D,7/2,3d6.(5D).4p,z 4D*,5/2
Mn,1,Mn I,441.978,441.978,441.9774,air,55.0,55,21000000.0,E,38120.18,60739.42,3d6.(3H).4s,a 2H,9/2,3d6.(3H).4p,z 2G*,7/2
Mn,1,Mn I,443.3677,,443.3677,air,,,730000.0,E,38120.18,60668.49,3d6.(3H).4s,a 2H,9/2,3d6.(3H).4p,z 2G*,9/2
Mn,1,Mn I,443.42,,443.42,air,,,1500000.0,E,38934.94,61480.6,3d6.(3F2).4s,a 2F,5/2,3d6.(a 3F).4p,2F*,7/2
Mn,1,Mn I,443.635,443.635,443.6357,air,210.0,210,43700000.0,B,23549.20,46083.89,3d6.(5D).4s,a 4D,5/2,3d6.(5D).4p,z 4D*,3/2
Mn,2,Mn II,444.19958,444.19958,444.19958,air,30.0,30,700000.0,D+,44139.031,66645.116,3d5.(2D).4s,c 3D,1,3d5.(4P).4p,z 5D*,1
Mn,1,Mn I,445.159,445.159,445.1586,air,800.0,800,79800000.0,B,23296.67,45754.27,3d6.(5D).4s,a 4D,7/2,3d6.(5D).4p,z 4D*,7/2
Mn,1,Mn I,445.2524,,445.2524,air,,,5900000.0,E,37164.25,59617.12,3d5.4s2,a 2I,13/2,3d6.(3H).4p,z 2I*,13/2
Mn,1,Mn I,445.3,445.3,445.3012,air,160.0,160,54400000.0,B,23719.52,46169.93,3d6.(5D).4s,a 4D,3/2,3d6.(5D).4p,z 4D*,1/2
Mn,1,Mn I,445.582,445.582,445.5814,air,110.0,110,17000000.0,E,24779.32,47215.61,3d5.(6S).4s.4p.(3P*),z 6P*,3/2,3d5.4s.(7S).4d,e 6D,5/2
Mn,1,Mn I,445.704,445.704,445.7044,air,55.0,55,23400000.0,C+,24788.05,47218.15,3d5.(6S).4s.4p.(3P*),z 6P*,5/2,3d5.4s.(7S).4d,e 6D,3/2
Mn,1,Mn I,445.755,445.755,445.7549,air,210.0,210,42700000.0,C+,24788.05,47215.61,3d5.(6S).4s.4p.(3P*),z 6P*,5/2,3d5.4s.(7S).4d,e 6D,5/2
Mn,1,Mn I,445.826,445.826,445.8254,air,270.0,270,46200000.0,C+,24788.05,47212.06,3d5.(6S).4s.4p.(3P*),z 6P*,5/2,3d5.4s.(7S).4d,e 6D,7/2
Mn,1,Mn I,446.108,446.108,446.1079,air,150.0,150,17000000.0,E,24802.25,47212.06,3d5.(6S).4s.4p.(3P*),z 6P*,7/2,3d5.4s.(7S).4d,e 6D,7/2
Mn,1,Mn I,446.202,446.202,446.2031,air,510.0,510,70000000.0,C+,24802.25,47207.28,3d5.(6S).4s.4p.(3P*),z 6P*,7/2,3d5.4s.(7S).4d,e 6D,9/2
Mn,1,Mn I,446.468,446.468,446.4682,air,290.0,290,43900000.0,B,23549.20,45940.93,3d6.(5D).4s,a 4D,5/2,3d6.(5D).4p,z 4D*,5/2
Mn,1,Mn I,447.014,447.014,447.0144,air,200.0,200,30000000.0,B,23719.52,46083.89,3d6.(5D).4s,a 4D,3/2,3d6.(5D).4p,z 4D*,3/2
Mn,1,Mn I,447.279,447.279,447.2806,air,130.0,130,43500000.0,B,23818.87,46169.93,3d6.(5D).4s,a 4D,1/2,3d6.(5D).4p,z 4D*,1/2
Mn,1,Mn I,447.94,447.94,447.9393,air,40.0,40,34000000.0,D,41230.30,63548.49,3d6.(3G).4s,a 2G,7/2,3d6.(3G).4p,2H*,9/2
Mn,1,Mn I,449.008,449.008,449.009,air,170.0,170,24900000.0,B,23818.87,46083.89,3d6.(5D).4s,a 4D,1/2,3d6.(5D).4p,z 4D*,3/2
Mn,1,Mn I,449.6626,,449.6626,air,,,3600000.0,E,37420.24,59652.90,3d6.(3G).4s,b 4G,11/2,3d6.(a 3F).4p,x 4G*,11/2
Mn,1,Mn I,449.89,449.89,449.8902,air,240.0,240,24900000.0,B,23719.52,45940.93,3d6.(5D).4s,a 4D,3/2,3d6.(5D).4p,z 4D*,5/2
Mn,1,Mn I,450.222,450.222,450.2213,air,240.0,240,18600000.0,B,23549.20,45754.27,3d6.(5D).4s,a 4D,5/2,3d6.(5D).4p,z 4D*,7/2
Mn,1,Mn I,450.3874,,450.3874,air,,,8300000.0,E,37420.24,59617.12,3d6.(3G).4s,b 4G,11/2,3d6.(3H).4p,z 2I*,13/2
Mn,2,Mn II,451.021,451.021,451.0208,air,3.0,3,9000000.0,D,85960.622,108126.33,3d5.(6S).5p,x 7P*,3,3d5.(6S).7s,7S,3
Mn,1,Mn I,452.3348,,452.3348,air,,,1400000.0,E,37630.62,59731.94,3d6.(3G).4s,b 4G,9/2,3d6.(a 3F).4p,x 4G*,9/2
Mn,1,Mn I,452.9804,,452.9804,air,,,1900000.0,E,38669.60,60739.42,3d6.(3F2).4s,a 2F,7/2,3d6.(3H).4p,z 2G*,7/2
Mn,2,Mn II,453.003,453.003,453.0033,air,5.0,5,11000000.0,D,86057.625,108126.33,3d5.(6S).5p,x 7P*,4,3d5.(6S).7s,7S,3
Mn,1,Mn I,454.441,,454.441,air,,,3000000.0,E,38669.60,60668.49,3d6.(3F2).4s,a 2F,7/2,3d6.(3H).4p,z 2G*,9/2
Mn,1,Mn I,460.536,460.536,460.537,air,80.0,80,36000000.0,D,38120.18,59827.88,3d6.(3H).4s,a 2H,9/2,3d6.(3H).4p,z 2I*,11/2
Mn,1,Mn I,462.654,462.654,462.653,air,80.0,80,36000000.0,D,38008.70,59617.12,3d6.(3H).4s,a 2H,11/2,3d6.(3H).4p,z 2I*,13/2
Mn,2,Mn II,463.916,463.916,463.9152,air,3.0,3,13000000.0,D,86897.831,108447.46,3d4.(5D).4s.4p.(3P*),w 5P*,3,3d5.(6S).7s,5S,2
Mn,1,Mn I,464.2795,,464.2795,air,,,960000.0,E,38120.18,59652.90,3d6.(3H).4s,a 2H,9/2,3d6.(a 3F).4p,x 4G*,11/2
Mn,1,Mn I,467.169,467.169,467.1672,air,35.0,35,1100000.0,C,23296.67,44696.29,3d6.(5D).4s,a 4D,7/2,3d6.(5D).4p,z 4F*,5/2
Mn,1,Mn I,470.116,470.116,470.113,air,50.0,50,1700000.0,C,23549.20,44814.73,3d6.(5D).4s,a 4D,5/2,3d6.(5D).4p,z 4F*,3/2
Mn,1,Mn I,470.972,470.972,470.9712,air,160.0,160,17200000.0,B,23296.67,44523.45,3d6.(5D).4s,a 4D,7/2,3d6.(5D).4p,z 4F*,7/2
Mn,1,Mn I,472.748,472.748,472.7461,air,180.0,180,17000000.0,C,23549.20,44696.29,3d6.(5D).4s,a 4D,5/2,3d6.(5D).4p,z 4F*,5/2
Mn,2,Mn II,473.83,473.83,473.8293,air,100.0,100,440000.0,D+,43395.395,64494.14,3d5.(2D).4s,c 3D,3,3d5.(4G).4p,z 5G*,4
Mn,1,Mn I,473.911,473.911,473.9087,air,130.0,130,24000000.0,B,23719.52,44814.73,3d6.(5D).4s,a 4D,3/2,3d6.(5D).4p,z 4F*,3/2
Mn,1,Mn I,475.404,475.404,475.4042,air,1000.0,1000,30300000.0,B,18402.46,39431.31,3d5.(6S).4s.4p.(3P*),z 8P*,5/2,3d5.4s.(7S).5s,e 8S,7/2
Mn,1,Mn I,476.153,476.153,476.1512,air,180.0,180,53500000.0,B,23818.87,44814.73,3d6.(5D).4s,a 4D,1/2,3d6.(5D).4p,z 4F*,3/2
Mn,1,Mn I,476.238,476.238,476.2367,air,750.0,750,78300000.0,B,23296.67,44288.76,3d6.(5D).4s,a 4D,7/2,3d6.(5D).4p,z 4F*,9/2
Mn,1,Mn I,476.586,476.586,476.5846,air,300.0,300,41000000.0,C,23719.52,44696.29,3d6.(5D).4s,a 4D,3/2,3d6.(5D).4p,z 4F*,5/2
Mn,1,Mn I,476.643,476.643,476.6418,air,500.0,500,46000000.0,C,23549.20,44523.45,3d6.(5D).4s,a 4D,5/2,3d6.(5D).4p,z 4F*,7/2
Mn,1,Mn I,478.342,478.342,478.3427,air,940.0,940,40100000.0,B,18531.64,39431.31,3d5.(6S).4s.4p.(3P*),z 8P*,7/2,3d5.4s.(7S).5s,e 8S,7/2
Mn,2,Mn II,480.686,480.686,480.6829,air,100.0,100,470000.0,C,43696.217,64494.14,3d5.(4F).4s,a 5F,3,3d5.(4G).4p,z 5G*,4
Mn,1,Mn I,482.352,482.352,482.3524,air,1000.0,1000,49900000.0,B,18705.37,39431.31,3d5.(6S).4s.4p.(3P*),z 8P*,9/2,3d5.4s.(7S).5s,e 8S,7/2
Mn,1,Mn I,494.2407,,494.2407,air,,,55000.0,C,23296.67,43524.08,3d6.(5D).4s,a 4D,7/2,3d6.(5D).4p,z 6F*,7/2
Mn,1,Mn I,496.588,496.588,496.5853,air,35.0,35,1100000.0,C,23296.67,43428.58,3d6.(5D).4s,a 4D,7/2,3d6.(5D).4p,z 6F*,9/2
Mn,1,Mn I,498.706,,498.706,air,,,41000.0,C,23549.20,43595.50,3d6.(5D).4s,a 4D,5/2,3d6.(5D).4p,z 6F*,5/2
Mn,1,Mn I,500.491,500.491,500.4892,air,19.0,19,780000.0,C,23549.20,43524.08,3d6.(5D).4s,a 4D,5/2,3d6.(5D).4p,z 6F*,7/2
Mn,1,Mn I,502.9796,,502.9796,air,,,560000.0,C,23719.52,43595.50,3d6.(5D).4s,a 4D,3/2,3d6.(5D).4p,z 6F*,5/2
Mn,1,Mn I,504.2583,,504.2583,air,,,260000.0,C,23818.87,43644.45,3d6.(5D).4s,a 4D,1/2,3d6.(5D).4p,z 6F*,3/2
Mn,1,Mn I,511.794,511.794,511.7934,air,60.0,60,4600000.0,C,25281.04,44814.73,3d5.4s2,a 4G,5/2,3d6.(5D).4p,z 4F*,3/2
Mn,1,Mn I,514.9156,,514.9156,air,,,530000.0,C,25281.04,44696.29,3d5.4s2,a 4G,5/2,3d6.(5D).4p,z 4F*,5/2
Mn,1,Mn I,515.089,515.089,515.0933,air,50.0,50,3900000.0,C,25287.74,44696.29,3d5.4s2,a 4G,7/2,3d6.(5D).4p,z 4F*,5/2
Mn,1,Mn I,519.659,519.659,519.6593,air,50.0,50,3600000.0,C,25285.43,44523.45,3d5.4s2,a 4G,9/2,3d6.(5D).4p,z 4F*,7/2
Mn,1,Mn I,519.7217,,519.7217,air,,,480000.0,C,25287.74,44523.45,3d5.4s2,a 4G,7/2,3d6.(5D).4p,z 4F*,7/2
Mn,1,Mn I,525.532,525.532,525.5326,air,85.0,85,4170000.0,B,25265.74,44288.76,3d5.4s2,a 4G,11/2,3d6.(5D).4p,z 4F*,9/2
Mn,1,Mn I,526.0771,,526.0771,air,,,260000.0,C,25285.43,44288.76,3d5.4s2,a 4G,9/2,3d6.(5D).4p,z 4F*,9/2
Mn,1,Mn I,529.2872,,529.2872,air,,,150000.0,C,27281.85,46169.93,3d5.4s2,a 4P,1/2,3d6.(5D).4p,z 4D*,1/2
Mn,2,Mn II,529.433,529.433,529.438,air,50.0,50h,44000000.0,C,79540.93,98423.63,3d5.(6S).4d,e 7D,1,3d5.(6S).4f,7F*,2
Mn,2,Mn II,529.54,529.54,529.544,air,50.0,50h,78000000.0,C,79544.71,98423.63,3d5.(6S).4d,e 7D,2,3d5.(6S).4f,7F*,3
Mn,2,Mn II,529.706,529.706,529.707,air,60.0,60h,111000000.0,C,79550.50,98423.60,3d5.(6S).4d,e 7D,3,3d5.(6S).4f,7F*,4
Mn,2,Mn II,529.937,529.937,529.934,air,80.0,80h,140000000.0,C,79558.56,98423.59,3d5.(6S).4d,e 7D,4,3d5.(6S).4f,7F*,5
Mn,2,Mn II,530.244,530.244,530.234,air,100.0,100h,180000000.0,C,79569.22,98423.56,3d5.(6S).4d,e 7D,5,3d5.(6S).4f,7F*,6
Mn,1,Mn I,531.7093,,531.7093,air,,,350000.0,C,27281.85,46083.89,3d5.4s2,a 4P,1/2,3d6.(5D).4p,z 4D*,3/2
Mn,1,Mn I,533.4869,,533.4869,air,,,54000.0,C,27201.54,45940.93,3d5.4s2,a 4P,5/2,3d6.(5D).4p,z 4D*,5/2
Mn,2,Mn II,534.289,534.289,534.285,air,1.0,1H,6000000.0,D,98462.563,117173.96,3d5.(6S).4f,5F*,2,3d5.(6S).7g,5G,3
Mn,2,Mn II,534.308,534.308,534.308,air,2.0,2H,7000000.0,D,98463.366,117173.96,3d5.(6S).4f,5F*,3,3d5.(6S).7g,5G,4
Mn,2,Mn II,534.33,534.33,534.335,air,15.0,"15w,H",7000000.0,D,98464.323,117173.96,3d5.(6S).4f,5F*,4,3d5.(6S).7g,5G,5
Mn,2,Mn II,534.366,534.366,534.364,air,3.0,3H,8000000.0,D,98465.345,117173.96,3d5.(6S).4f,5F*,5,3d5.(6S).7g,5G,6
Mn,1,Mn I,534.8129,,534.8129,air,,,650000.0,C,27248.00,45940.93,3d5.4s2,a 4P,3/2,3d6.(5D).4p,z 4D*,5/2
Mn,1,Mn I,538.8544,,538.8544,air,,,590000.0,C,27201.54,45754.27,3d5.4s2,a 4P,5/2,3d6.(5D).4p,z 4D*,7/2
Mn,1,Mn I,539.467,539.467,539.4677,air,95.0,95,9000.0,C+,0.00,18531.64,3d5.4s2,a 6S,5/2,3d5.(6S).4s.4p.(3P*),z 8P*,7/2
Mn,1,Mn I,540.742,540.742,540.7419,air,95.0,95,515000.0,C+,17282.00,35769.97,3d6.(5D).4s,a 6D,7/2,3d5.(6S).4s.4p.(1P*),y 6P*,7/2
Mn,1,Mn I,542.036,542.036,542.0355,air,85.0,85,1310000.0,C+,17282.00,35725.85,3d6.(5D).4s,a 6D,7/2,3d5.(6S).4s.4p.(1P*),y 6P*,5/2
Mn,1,Mn I,543.255,543.255,543.2546,air,35.0,35,6040.0,C+,0.00,18402.46,3d5.4s2,a 6S,5/2,3d5.(6S).4s.4p.(3P*),z 8P*,5/2
Mn,1,Mn I,550.4218,,550.4218,air,,,63000.0,C,25265.74,43428.58,3d5.4s2,a 4G,11/2,3d6.(5D).4p,z 6F*,9/2
Mn,1,Mn I,551.0191,,551.0191,air,,,8000.0,C,25285.43,43428.58,3d5.4s2,a 4G,9/2,3d6.(5D).4p,z 6F*,9/2
Mn,1,Mn I,551.677,551.677,551.6774,air,50.0,50,779000.0,C+,17568.48,35689.98,3d6.(5D).4s,a 6D,3/2,3d5.(6S).4s.4p.(1P*),y 6P*,3/2
Mn,1,Mn I,566.828,,566.828,air,,,0.35,E,0.00,17637.15,3d5.4s2,a 6S,5/2,3d6.(5D).4s,a 6D,1/2
Mn,1,Mn I,569.043,,569.043,air,,,0.34,E,0.00,17568.48,3d5.4s2,a 6S,5/2,3d6.(5D).4s,a 6D,3/2
Mn,1,Mn I,572.857,,572.857,air,,,0.33,E,0.00,17451.52,3d5.4s2,a 6S,5/2,3d6.(5D).4s,a 6D,5/2
Mn,1,Mn I,578.476,,578.476,air,,,0.31,E,0.00,17282.00,3d5.4s2,a 6S,5/2,3d6.(5D).4s,a 6D,7/2
Mn,1,Mn I,586.269,,586.269,air,,,0.29,E,0.00,17052.29,3d5.4s2,a 6S,5/2,3d6.(5D).4s,a 6D,9/2
Mn,1,Mn I,601.35,601.35,601.351,air,140.0,140,17200000.0,C+,24779.32,41403.93,3d5.(6S).4s.4p.(3P*),z 6P*,3/2,3d5.4s.(7S).5s,e 6S,5/2
Mn,1,Mn I,602.18,602.18,602.182,air,290.0,290,33200000.0,C+,24802.25,41403.93,3d5.(6S).4s.4p.(3P*),z 6P*,7/2,3d5.4s.(7S).5s,e 6S,5/2
Mn,2,Mn II,605.038,605.038,605.0364,air,5.0,5H,3300000.0,D,83375.80,99899.156,3d4.(5D).4s.4p.(3P*),y 7P*,3,3d5.(6S).5d,7D,4
Mn,2,Mn II,605.185,605.185,605.178,air,2.0,2H,3300000.0,D,83375.80,99895.291,3d4.(5D).4s.4p.(3P*),y 7P*,3,3d5.(6S).5d,7D,3
Mn,2,Mn II,610.528,610.528,610.5267,air,20.0,20H,6000000.0,D,83529.52,99904.287,3d4.(5D).4s.4p.(3P*),y 7P*,4,3d5.(6S).5d,7D,5
Mn,2,Mn II,612.2434,612.2434,612.2431,air,40.0,40,140000000.0,C,82136.483,98465.345,3d5.(6S).4d,e 5D,4,3d5.(6S).4f,5F*,5
Mn,2,Mn II,612.281,612.281,612.2814,air,8.0,8,24000000.0,C,82136.483,98464.323,3d5.(6S).4d,e 5D,4,3d5.(6S).4f,5F*,4
Mn,2,Mn II,612.5863,612.5863,612.5861,air,25.0,25,120000000.0,C,82144.603,98464.323,3d5.(6S).4d,e 5D,3,3d5.(6S).4f,5F*,4
Mn,2,Mn II,612.6218,612.6218,612.622,air,10.0,10,43000000.0,C,82144.603,98463.366,3d5.(6S).4d,e 5D,3,3d5.(6S).4f,5F*,3
Mn,2,Mn II,612.65,612.65,612.6521,air,0.0,0,6000000.0,D,82144.603,98462.563,3d5.(6S).4d,e 5D,3,3d5.(6S).4f,5F*,2
Mn,2,Mn II,612.8734,612.8734,612.8732,air,20.0,20,98000000.0,C,82151.292,98463.366,3d5.(6S).4d,e 5D,2,3d5.(6S).4f,5F*,3
Mn,2,Mn II,612.9033,612.9033,612.9034,air,10.0,10,57000000.0,C,82151.292,98462.563,3d5.(6S).4d,e 5D,2,3d5.(6S).4f,5F*,2
Mn,2,Mn II,612.924,612.924,612.9254,air,0.0,0,10000000.0,D,82151.292,98461.977,3d5.(6S).4d,e 5D,2,3d5.(6S).4f,5F*,1
Mn,2,Mn II,613.0796,613.0796,613.0796,air,15.0,15,80000000.0,C,82155.980,98462.563,3d5.(6S).4d,e 5D,1,3d5.(6S).4f,5F*,2
Mn,2,Mn II,613.1016,613.1016,613.1016,air,5.0,5,67000000.0,C,82155.980,98461.977,3d5.(6S).4d,e 5D,1,3d5.(6S).4f,5F*,1
Mn,2,Mn II,613.1923,613.1923,613.1923,air,5.0,5,67000000.0,C,82158.392,98461.977,3d5.(6S).4d,e 5D,0,3d5.(6S).4f,5F*,1
Mn,1,Mn I,634.415,,634.415,air,,,1300000.0,C,30411.74,46169.93,3d5.4s2,b 4D,1/2,3d6.(5D).4p,z 4D*,1/2
Mn,1,Mn I,634.978,,634.978,air,,,1200000.0,C,30425.71,46169.93,3d5.4s2,b 4D,3/2,3d6.(5D).4p,z 4D*,1/2
Mn,1,Mn I,637.898,,637.898,air,,,600000.0,C,30411.74,46083.89,3d5.4s2,b 4D,1/2,3d6.(5D).4p,z 4D*,3/2
Mn,1,Mn I,638.219,,638.219,air,,,650000.0,C,30419.61,46083.89,3d5.4s2,b 4D,5/2,3d6.(5D).4p,z 4D*,3/2
Mn,1,Mn I,638.467,638.467,638.467,air,7.0,7,1200000.0,C,30425.71,46083.89,3d5.4s2,b 4D,3/2,3d6.(5D).4p,z 4D*,3/2
Mn,1,Mn I,641.395,,641.395,air,,,330000.0,C,30354.21,45940.93,3d5.4s2,b 4D,7/2,3d6.(5D).4p,z 4D*,5/2
Mn,1,Mn I,644.35,,644.35,air,,,470000.0,C,30425.71,45940.93,3d5.4s2,b 4D,3/2,3d6.(5D).4p,z 4D*,5/2
Mn,2,Mn II,646.221,646.221,646.222,air,3.0,3,16000000.0,C,98461.977,113932.26,3d5.(6S).4f,5F*,1,3d5.(6S).6g,5G,2
Mn,2,Mn II,646.245,646.245,646.2465,air,5.0,5,16000000.0,C,98462.563,113932.26,3d5.(6S).4f,5F*,2,3d5.(6S).6g,5G,3
Mn,2,Mn II,646.2799,646.2799,646.28,air,7.0,7,17000000.0,C,98463.366,113932.26,3d5.(6S).4f,5F*,3,3d5.(6S).6g,5G,4
Mn,2,Mn II,646.3195,646.3195,646.32,air,10.0,10,19000000.0,C,98464.323,113932.26,3d5.(6S).4f,5F*,4,3d5.(6S).6g,5G,5
Mn,2,Mn II,646.3637,646.3637,646.3627,air,12.0,12,21000000.0,C,98465.345,113932.26,3d5.(6S).4f,5F*,5,3d5.(6S).6g,5G,6
Mn,1,Mn I,649.171,649.171,649.169,air,24.0,24,1800000.0,C,30354.21,45754.27,3d5.4s2,b 4D,7/2,3d6.(5D).4p,z 4D*,7/2
Mn,1,Mn I,651.937,,651.937,air,,,1100000.0,C,30419.61,45754.27,3d5.4s2,b 4D,5/2,3d6.(5D).4p,z 4D*,7/2
Mn,2,Mn II,704.0697,704.0697,704.0705,air,10.0,10H,2000000.0,D,83529.52,97728.727,3d4.(5D).4s.4p.(3P*),y 7P*,4,3d5.(6S).6s,7S,3
Mn,2,Mn II,714.0984,714.0984,714.0984,air,50.0,50,22000000.0,C,85895.477,99895.291,3d5.(6S).5p,x 7P*,2,3d5.(6S).5d,7D,3
Mn,2,Mn II,714.2418,714.2418,714.2415,air,50.0,50,50000000.0,C,85895.477,99892.486,3d5.(6S).5p,x 7P*,2,3d5.(6S).5d,7D,2
Mn,2,Mn II,714.333,714.333,714.3331,air,40.0,40,75000000.0,C,85895.477,99890.691,3d5.(6S).5p,x 7P*,2,3d5.(6S).5d,7D,1
Mn,2,Mn II,716.749,716.749,716.7489,air,1.0,1,2900000.0,D,99892.486,113840.528,3d5.(6S).5d,7D,2,3d5.(6S).6f,7F*,3
Mn,2,Mn II,716.9,716.9,716.8997,air,2.0,2,4100000.0,D,99895.291,113840.40,3d5.(6S).5d,7D,3,3d5.(6S).6f,7F*,4
Mn,2,Mn II,717.1024,717.1024,717.1025,air,3.0,3,5400000.0,C,99899.156,113840.322,3d5.(6S).5d,7D,4,3d5.(6S).6f,7F*,5
Mn,2,Mn II,717.2374,717.2374,717.2379,air,50.0,50,46000000.0,C,85960.622,99899.156,3d5.(6S).5p,x 7P*,3,3d5.(6S).5d,7D,4
Mn,2,Mn II,717.376,717.376,717.3759,air,2.0,2,6800000.0,C,99904.287,113840.14,3d5.(6S).5d,7D,5,3d5.(6S).6f,7F*,6
Mn,2,Mn II,717.4364,717.4364,717.4368,air,30.0,30,46000000.0,C,85960.622,99895.291,3d5.(6S).5p,x 7P*,3,3d5.(6S).5d,7D,3
Mn,2,Mn II,717.581,717.581,717.5813,air,20.0,20,25000000.0,C,85960.622,99892.486,3d5.(6S).5p,x 7P*,3,3d5.(6S).5d,7D,2
Mn,2,Mn II,721.9967,721.9967,721.9967,air,100.0,100,68000000.0,C,86057.625,99904.287,3d5.(6S).5p,x 7P*,4,3d5.(6S).5d,7D,5
Mn,2,Mn II,722.2648,722.2648,722.2644,air,20.0,20,25000000.0,C,86057.625,99899.156,3d5.(6S).5p,x 7P*,4,3d5.(6S).5d,7D,4
Mn,2,Mn II,722.469,722.469,722.4661,air,2.0,2H,6000000.0,D,86057.625,99895.291,3d5.(6S).5p,x 7P*,4,3d5.(6S).5d,7D,3
Mn,2,Mn II,724.9118,724.9118,724.9122,air,10.0,10,22000000.0,C,86897.831,100688.804,3d4.(5D).4s.4p.(3P*),w 5P*,3,3d5.(6S).5d,5D,3
Mn,2,Mn II,725.24,725.24,725.2395,air,50.0,50,67000000.0,C,86897.831,100682.58,3d4.(5D).4s.4p.(3P*),w 5P*,3,3d5.(6S).5d,5D,4
Mn,2,Mn II,726.582,726.582,726.5815,air,5.0,5,17000000.0,D,86936.981,100696.27,3d4.(5D).4s.4p.(3P*),w 5P*,2,3d5.(6S).5d,5D,1
Mn,2,Mn II,726.737,726.737,726.7379,air,40.0,40,39000000.0,C,86936.981,100693.31,3d4.(5D).4s.4p.(3P*),w 5P*,2,3d5.(6S).5d,5D,2
Mn,2,Mn II,726.977,726.977,726.976,air,60.0,60,44000000.0,C,86936.981,100688.804,3d4.(5D).4s.4p.(3P*),w 5P*,2,3d5.(6S).5d,5D,3
Mn,2,Mn II,727.856,727.856,727.8586,air,50.0,50*,50000000.0,C,86961.122,100696.27,3d4.(5D).4s.4p.(3P*),w 5P*,1,3d5.(6S).5d,5D,1
Mn,2,Mn II,728.016,728.016,728.0155,air,40.0,40,23000000.0,C,86961.122,100693.31,3d4.(5D).4s.4p.(3P*),w 5P*,1,3d5.(6S).5d,5D,2
Mn,2,Mn II,749.171,749.171,749.1711,air,5.0,5,5500000.0,C,100682.58,114026.99,3d5.(6S).5d,5D,4,3d5.(6S).6f,5F*,5
Mn,2,Mn II,749.461,749.461,749.4578,air,3.0,3,4600000.0,D,100688.804,114028.11,3d5.(6S).5d,5D,3,3d5.(6S).6f,5F*,4
Mn,2,Mn II,749.803,749.803,749.8044,air,1.0,1H,2100000.0,D,100693.31,114026.45,3d5.(6S).5d,5D,2,3d5.(6S).6f,5F*,3
Mn,2,Mn II,750.065,750.065,750.053,air,1.0,1H,3100000.0,D,100696.27,114024.99,3d5.(6S).5d,5D,1,3d5.(6S).6f,5F*,2
Mn,2,Mn II,796.021,796.021,796.022,air,20.0,20H,6200000.0,C,101467.97,114026.99,3d5.(4G).5s,e 5G,6,3d5.(6S).6f,5F*,5
Mn,2,Mn II,797.327,797.327,797.324,air,15.0,15H,5700000.0,C,101489.60,114028.11,3d5.(4G).5s,e 5G,5,3d5.(6S).6f,5F*,4
Mn,2,Mn II,797.943,797.943,797.9403,air,1.0,1H?,1000000.0,D,101499.29,114028.11,3d5.(4G).5s,e 5G,4,3d5.(6S).6f,5F*,4
Mn,2,Mn II,798.043,798.043,798.046,air,10.0,10,3500000.0,D,101499.29,114026.45,3d5.(4G).5s,e 5G,4,3d5.(6S).6f,5F*,3
Mn,2,Mn II,798.2882,798.2882,798.287,air,10.0,10*,7000000.0,D,101500.26,114023.64,3d5.(4G).5s,e 5G,2,3d5.(6S).6f,5F*,1
Mn,2,Mn II,798.2882,798.2882,798.2876,air,10.0,10*,6000000.0,D,101501.621,114024.99,3d5.(4G).5s,e 5G,3,3d5.(6S).6f,5F*,2
Mn,2,Mn II,820.072,820.072,820.072,air,20.0,20,28000000.0,C,101467.97,113658.67,3d5.(4G).5s,e 5G,6,3d5.(4G).5p,s 5F*,5
Mn,2,Mn II,822.264,822.264,822.2648,air,20.0,20,16000000.0,C,101489.60,113647.79,3d5.(4G).5s,e 5G,5,3d5.(4G).5p,s 5F*,4
Mn,2,Mn II,822.921,822.921,822.921,air,1.0,1H,3300000.0,D,101499.29,113647.79,3d5.(4G).5s,e 5G,4,3d5.(4G).5p,s 5F*,4
Mn,2,Mn II,823.091,823.091,823.0914,air,2.0,2,36000000.0,C,101500.26,113646.24,3d5.(4G).5s,e 5G,2,3d5.(4G).5p,s 5F*,1
Mn,2,Mn II,823.2171,823.2171,823.2171,air,5.0,5,26000000.0,C,101501.621,113645.746,3d5.(4G).5s,e 5G,3,3d5.(4G).5p,s 5F*,2
Mn,2,Mn II,823.293,823.293,823.292,air,10.0,10,24000000.0,C,101499.29,113642.31,3d5.(4G).5s,e 5G,4,3d5.(4G).5p,s 5F*,3
Mn,2,Mn II,823.449,823.449,823.4501,air,2.0,2,5200000.0,C,101501.621,113642.31,3d5.(4G).5s,e 5G,3,3d5.(4G).5p,s 5F*,3
Mn,2,Mn II,844.845,844.845,844.8442,air,40.0,40,15000000.0,C,85895.477,97728.727,3d5.(6S).5p,x 7P*,2,3d5.(6S).6s,7S,3
Mn,2,Mn II,849.535,849.535,849.5211,air,100.0,100bl,21000000.0,C,85960.622,97728.727,3d5.(6S).5p,x 7P*,3,3d5.(6S).6s,7S,3
Mn,2,Mn II,856.5817,856.5817,856.5818,air,60.0,60,25000000.0,C,86057.625,97728.727,3d5.(6S).5p,x 7P*,4,3d5.(6S).6s,7S,3
Mn,2,Mn II,868.37,868.37,868.3689,air,50.0,50,31000000.0,C,86897.831,98410.512,3d4.(5D).4s.4p.(3P*),w 5P*,3,3d5.(6S).6s,5S,2
Mn,2,Mn II,869.5215,869.5215,869.5197,air,100.0,100w,37000000.0,C,74560.181,86057.625,3d5.(6S).5s,e 7S,3,3d5.(6S).5p,x 7P*,4
Mn,2,Mn II,871.3314,871.3314,871.332,air,50.0,50,22000000.0,C,86936.981,98410.512,3d4.(5D).4s.4p.(3P*),w 5P*,2,3d5.(6S).6s,5S,2
Mn,2,Mn II,873.1687,873.1687,873.1692,air,30.0,30,13000000.0,C,86961.122,98410.512,3d4.(5D).4s.4p.(3P*),w 5P*,1,3d5.(6S).6s,5S,2
Mn,2,Mn II,876.9176,876.9176,876.9182,air,80.0,80,38000000.0,C,74560.181,85960.622,3d5.(6S).5s,e 7S,3,3d5.(6S).5p,x 7P*,3
Mn,2,Mn II,881.031,881.031,881.078,air,10.0,10*,600000.0,D,102680.37,114026.99,3d5.(4G).5s,e 3G,5,3d5.(6S).6f,5F*,5
Mn,2,Mn II,881.96,881.96,881.958,air,30.0,30,38000000.0,C,74560.181,85895.477,3d5.(6S).5s,e 7S,3,3d5.(6S).5p,x 7P*,2
Mn,2,Mn II,883.15,883.15,883.089,air,1.0,1H*,4300000.0,C,102705.67,114026.45,3d5.(4G).5s,e 3G,3,3d5.(6S).6f,5F*,3
Mn,2,Mn II,911.667,911.667,911.541,air,1.0,1H,700000.0,D,102680.37,113647.79,3d5.(4G).5s,e 3G,5,3d5.(4G).5p,s 5F*,4
Mn,2,Mn II,913.511,913.511,913.48,air,1.0,1H,3800000.0,C,102703.65,113647.79,3d5.(4G).5s,e 3G,4,3d5.(4G).5p,s 5F*,4
Mn,2,Mn II,944.3548,944.3548,944.3553,air,50.0,50,34000000.0,C,76374.791,86961.122,3d5.(6S).5s,e 5S,2,3d4.(5D).4s.4p.(3P*),w 5P*,1
Mn,2,Mn II,946.514,946.514,946.5137,air,50.0,50,33000000.0,C,76374.791,86936.981,3d5.(6S).5s,e 5S,2,3d4.(5D).4s.4p.(3P*),w 5P*,2
Mn,2,Mn II,950.0356,950.0356,950.0351,air,60.0,60,33000000.0,C,76374.791,86897.831,3d5.(6S).5s,e 5S,2,3d4.(5D).4s.4p.(3P*),w 5P*,3
Mn,2,Mn II,990.385,990.385,990.3853,air,1.0,1,46000000.0,C,98461.977,108556.29,3d5.(6S).4f,5F*,1,3d5.(6S).5g,5G,2
Mn,2,Mn II,990.438,990.438,990.4428,air,5.0,5*,13000000.0,C,98462.563,108556.29,3d5.(6S).4f,5F*,2,3d5.(6S).5g,5G,2
Mn,2,Mn II,990.438,990.438,990.443,air,5.0,5*,46000000.0,C,98462.563,108556.29,3d5.(6S).4f,5F*,2,3d5.(6S).5g,5G,3
Mn,2,Mn II,990.525,990.525,990.522,air,10.0,10*,49000000.0,C,98463.366,108556.29,3d5.(6S).4f,5F*,3,3d5.(6S).5g,5G,4
Mn,2,Mn II,990.525,990.525,990.522,air,10.0,10*,13000000.0,C,98463.366,108556.29,3d5.(6S).4f,5F*,3,3d5.(6S).5g,5G,3
Mn,2,Mn II,990.624,990.624,990.616,air,15.0,15*,700000.0,D,98464.323,108556.29,3d5.(6S).4f,5F*,4,3d5.(6S).5g,5G,3
Mn,2,Mn II,990.624,990.624,990.616,air,15.0,15*,10700000.0,C,98464.323,108556.29,3d5.(6S).4f,5F*,4,3d5.(6S).5g,5G,4
Mn,2,Mn II,990.624,990.624,990.616,air,15.0,15*,54000000.0,C,98464.323,108556.29,3d5.(6S).4f,5F*,4,3d5.(6S).5g,5G,5
Mn,2,Mn II,990.726,990.726,990.716,air,20.0,20*,6000000.0,C,98465.345,108556.29,3d5.(6S).4f,5F*,5,3d5.(6S).5g,5G,5
Mn,2,Mn II,990.726,990.726,990.716,air,20.0,20*,60000000.0,C,98465.345,108556.29,3d5.(6S).4f,5F*,5,3d5.(6S).5g,5G,6
