element,ion_stage,species,wavelength_nm,observed_nm,ritz_nm,wavelength_medium,intensity,intensity_raw,Aki,accuracy,Ei_cm-1,Ek_cm-1,conf_i,term_i,J_i,conf_k,term_k,J_k
O,3,O III,180.382,,180.382,vacuum,,,18300000.0,C+,370902.22,426340,2s2.2p.(2P*).4p,1D,2,2s.2p2.(2D).3p,1D*,2
O,2,O II,182.1545,182.1545,182.1551,vacuum,10.0,10,10200000.0,C,206971.68,261869.94,2s2.2p2.(1D).3s,2D,5/2,2s2.2p2.(3P).5p,2D*,5/2
O,2,O II,182.1586,,182.1586,vacuum,,,727000.0,D,206972.72,261869.94,2s2.2p2.(1D).3s,2D,3/2,2s2.2p2.(3P).5p,2D*,5/2
O,1,O I,182.706,,182.706,vacuum,,,152000.0,D,88630.587,143363.4,2s2.2p3.(4S*).3p,3P,1,2s2.2p3.(2P*).4d,3D*,2
O,1,O I,182.706,,182.706,vacuum,,,77900.0,D,88630.587,143363.4,2s2.2p3.(4S*).3p,3P,1,2s2.2p3.(2P*).4d,3D*,1
O,1,O I,182.708,,182.708,vacuum,,,196000.0,D,88631.146,143363.4,2s2.2p3.(4S*).3p,3P,2,2s2.2p3.(2P*).4d,3D*,3
O,1,O I,182.708,,182.708,vacuum,,,112000.0,D,88631.303,143363.4,2s2.2p3.(4S*).3p,3P,0,2s2.2p3.(2P*).4d,3D*,1
O,1,O I,182.708,,182.708,vacuum,,,43200.0,D,88631.146,143363.4,2s2.2p3.(4S*).3p,3P,2,2s2.2p3.(2P*).4d,3D*,2
O,2,O II,182.7276,182.7276,182.7249,vacuum,8.0,8*,1080000.0,D,206971.68,261698.75,2s2.2p2.(1D).3s,2D,5/2,2s2.2p2.(3P).5p,2D*,3/2
O,2,O II,182.7276,182.7276,182.7284,vacuum,8.0,8*,9720000.0,C,206972.72,261698.75,2s2.2p2.(1D).3s,2D,3/2,2s2.2p2.(3P).5p,2D*,3/2
O,2,O II,182.9362,182.9362,182.93555,vacuum,12.0,12,18500000.0,D,203942.288,258606.35,2s2.2p2.(3P).3p,2S*,1/2,2s2.2p2.(3P).5s,2P,3/2
O,2,O II,183.5906,183.5906,183.59076,vacuum,9.0,9,18300000.0,D,203942.288,258411.26,2s2.2p2.(3P).3p,2S*,1/2,2s2.2p2.(3P).5s,2P,1/2
O,3,O III,184.85,,184.85,vacuum,,,4950000.0,C+,370902.22,425000,2s2.2p.(2P*).4p,1D,2,2s.2p2.(2D).3p,1F*,3
O,2,O II,189.3789,189.3789,189.3766,vacuum,8.0,8,2990000.0,D,195710.47,248515.30,2s.2p4,2S,1/2,2s2.2p2.(3P).4p,2P*,3/2
O,2,O II,189.6959,,189.6959,vacuum,,,2980000.0,D,195710.47,248426.41,2s.2p4,2S,1/2,2s2.2p2.(3P).4p,2P*,1/2
O,3,O III,189.7102,,189.7102,vacuum,,,149000000.0,C+,376079.92,428791.89,2s.2p2.(4P).3p,5S*,2,2s.2p2.(4P).4s,5P,3
O,3,O III,190.3048,,190.3048,vacuum,,,147000000.0,C+,376079.92,428627.20,2s.2p2.(4P).3p,5S*,2,2s.2p2.(4P).4s,5P,2
O,3,O III,190.7634,,190.7634,vacuum,,,146000000.0,C+,376079.92,428500.87,2s.2p2.(4P).3p,5S*,2,2s.2p2.(4P).4s,5P,1
O,3,O III,192.004,192.004,192.0019,vacuum,160.0,160,465000000.0,B,306586.08,358668.90,2s2.2p.(2P*).3p,1D,2,2s2.2p.(2P*).4s,1P*,1
O,3,O III,192.024,,192.024,vacuum,,,26700000.0,B,370902.22,422979,2s2.2p.(2P*).4p,1D,2,2s2.2p.(2P*).7d,1F*,3
O,2,O II,194.7813,,194.7813,vacuum,,,1230000.0,E,203942.288,255281.93,2s2.2p2.(3P).3p,2S*,1/2,2s2.2p2.(3P).4d,2P,1/2
O,2,O II,195.1932,,195.1932,vacuum,,,1230000.0,D,203942.288,255173.58,2s2.2p2.(3P).3p,2S*,1/2,2s2.2p2.(3P).4d,2P,3/2
O,2,O II,195.39331,,195.39331,vacuum,,,1190000.0,D,206786.286,257965.11,2s2.2p2.(3P).3p,4D*,3/2,2s2.2p2.(3P).5s,4P,5/2
O,2,O II,195.7441,195.7441,195.74358,vacuum,10.0,10,10700000.0,C,206877.865,257965.11,2s2.2p2.(3P).3p,4D*,5/2,2s2.2p2.(3P).5s,4P,5/2
O,2,O II,195.8122,195.8122,195.81286,vacuum,8.0,8,2970000.0,C,206730.762,257799.93,2s2.2p2.(3P).3p,4D*,1/2,2s2.2p2.(3P).5s,4P,3/2
O,2,O II,196.0265,196.0265,196.02599,vacuum,10.0,10,18900000.0,C,206786.286,257799.93,2s2.2p2.(3P).3p,4D*,3/2,2s2.2p2.(3P).5s,4P,3/2
O,2,O II,196.21317,,196.21317,vacuum,,,29500000.0,C,206730.762,257695.74,2s2.2p2.(3P).3p,4D*,1/2,2s2.2p2.(3P).5s,4P,1/2
O,2,O II,196.221,196.221,196.22222,vacuum,15.0,15,47200000.0,C,207002.482,257965.11,2s2.2p2.(3P).3p,4D*,7/2,2s2.2p2.(3P).5s,4P,5/2
O,2,O II,196.3793,196.3793,196.37852,vacuum,12.0,12,37100000.0,C,206877.865,257799.93,2s2.2p2.(3P).3p,4D*,5/2,2s2.2p2.(3P).5s,4P,3/2
O,2,O II,196.4269,196.4269,196.42717,vacuum,10.0,10,29400000.0,C,206786.286,257695.74,2s2.2p2.(3P).3p,4D*,3/2,2s2.2p2.(3P).5s,4P,1/2
O,2,O II,201.6589,201.6589,201.65822,air,10.0,10,8570000.0,C,208392.258,257965.11,2s2.2p2.(3P).3p,4P*,3/2,2s2.2p2.(3P).5s,4P,5/2
O,2,O II,202.034,202.034,202.03299,air,12.0,12,19900000.0,C,208484.202,257965.11,2s2.2p2.(3P).3p,4P*,5/2,2s2.2p2.(3P).5s,4P,5/2
O,2,O II,202.1445,202.1445,202.14364,air,10.0,10,11800000.0,C,208346.104,257799.93,2s2.2p2.(3P).3p,4P*,1/2,2s2.2p2.(3P).5s,4P,3/2
O,2,O II,202.3332,202.3332,202.3325,air,10.0,10,3770000.0,C,208392.258,257799.93,2s2.2p2.(3P).3p,4P*,3/2,2s2.2p2.(3P).5s,4P,3/2
O,2,O II,202.5694,202.5694,202.57048,air,5.0,5,4700000.0,C,208346.104,257695.74,2s2.2p2.(3P).3p,4P*,1/2,2s2.2p2.(3P).5s,4P,1/2
O,1,O I,202.643,,202.643,air,,,282000.0,C,88630.587,137962.5,2s2.2p3.(4S*).3p,3P,1,2s2.2p3.(2P*).3d,3D*,2
O,1,O I,202.643,,202.643,air,,,105000.0,D,88630.587,137962.5,2s2.2p3.(4S*).3p,3P,1,2s2.2p3.(2P*).3d,3D*,1
O,1,O I,202.646,,202.646,air,,,370000.0,C,88631.146,137962.5,2s2.2p3.(4S*).3p,3P,2,2s2.2p3.(2P*).3d,3D*,3
O,1,O I,202.646,,202.646,air,,,192000.0,D,88631.303,137962.5,2s2.2p3.(4S*).3p,3P,0,2s2.2p3.(2P*).3d,3D*,1
O,1,O I,202.646,,202.646,air,,,48500.0,D,88631.146,137962.5,2s2.2p3.(4S*).3p,3P,2,2s2.2p3.(2P*).3d,3D*,2
O,2,O II,202.7103,202.7103,202.70978,air,10.0,10,12700000.0,C,208484.202,257799.93,2s2.2p2.(3P).3p,4P*,5/2,2s2.2p2.(3P).5s,4P,3/2
O,2,O II,202.7603,202.7603,202.76014,air,10.0,10,23400000.0,C,208392.258,257695.74,2s2.2p2.(3P).3p,4P*,3/2,2s2.2p2.(3P).5s,4P,1/2
O,2,O II,202.8727,,202.8727,air,,,2260000.0,D,212593.82,261869.94,2s.2p4,2P,3/2,2s2.2p2.(3P).5p,2D*,5/2
O,2,O II,203.5801,,203.5801,air,,,373000.0,E,212593.82,261698.75,2s.2p4,2P,3/2,2s2.2p2.(3P).5p,2D*,3/2
O,3,O III,203.745,,203.745,air,,,2260000.0,D,356736.30,405801.50,2s2.2p.(2P*).4s,3P*,0,2s.2p2.(4P).3d,3D,1
O,3,O III,204.0769,,204.0769,air,,,3040000.0,C,356844.98,405830.38,2s2.2p.(2P*).4s,3P*,1,2s.2p2.(4P).3d,3D,2
O,3,O III,204.1973,,204.1973,air,,,1690000.0,D,356844.98,405801.50,2s2.2p.(2P*).4s,3P*,1,2s.2p2.(4P).3d,3D,1
O,3,O III,204.228,,204.228,air,,,21800000.0,C+,365726.76,414676,2s2.2p.(2P*).4p,1P,1,2s2.2p.(2P*).6d,1D*,2
O,2,O II,204.2809,,204.2809,air,,,1850000.0,D,212762.25,261698.75,2s.2p4,2P,1/2,2s2.2p2.(3P).5p,2D*,3/2
O,3,O III,205.008,,205.008,air,,,4000000.0,C,357117.01,405879.97,2s2.2p.(2P*).4s,3P*,2,2s.2p2.(4P).3d,3D,3
O,3,O III,205.2167,,205.2167,air,,,997000.0,D,357117.01,405830.38,2s2.2p.(2P*).4s,3P*,2,2s.2p2.(4P).3d,3D,2
O,3,O III,205.309,,205.309,air,,,3970000.0,C,366488.45,415180,2s2.2p.(2P*).4p,3D,1,2s2.2p.(2P*).6d,3D*,1
O,3,O III,205.309,,205.309,air,,,793000.0,D,366488.45,415180,2s2.2p.(2P*).4p,3D,1,2s2.2p.(2P*).6d,3D*,2
O,3,O III,205.3385,,205.3385,air,,,111000.0,D,357117.01,405801.50,2s2.2p.(2P*).4s,3P*,2,2s.2p2.(4P).3d,3D,1
O,3,O III,205.762,,205.762,air,,,3660000.0,C,366595.76,415180,2s2.2p.(2P*).4p,3D,2,2s2.2p.(2P*).6d,3D*,2
O,3,O III,205.762,,205.762,air,,,1310000.0,D,366595.76,415180,2s2.2p.(2P*).4p,3D,2,2s2.2p.(2P*).6d,3D*,1
O,3,O III,205.762,,205.762,air,,,585000.0,D,366595.76,415180,2s2.2p.(2P*).4p,3D,2,2s2.2p.(2P*).6d,3D*,3
O,3,O III,206.642,,206.642,air,,,4610000.0,C,366802.62,415180,2s2.2p.(2P*).4p,3D,3,2s2.2p.(2P*).6d,3D*,3
O,3,O III,206.642,,206.642,air,,,809000.0,D,366802.62,415180,2s2.2p.(2P*).4p,3D,3,2s2.2p.(2P*).6d,3D*,2
O,2,O II,207.22,207.22,207.2255,air,12.0,12bl,3300000.0,C+,165988.46,214229.671,2s.2p4,2D,5/2,2s2.2p2.(3P).3p,2P*,3/2
O,2,O II,207.2601,207.2601,207.2601,air,5.0,5,361000.0,C+,165996.50,214229.671,2s.2p4,2D,3/2,2s2.2p2.(3P).3p,2P*,3/2
O,2,O II,207.5169,207.5169,207.5172,air,12.0,12,3550000.0,C+,165996.50,214169.920,2s.2p4,2D,3/2,2s2.2p2.(3P).3p,2P*,1/2
O,2,O II,209.2876,209.2876,209.2876,air,10.0,10,6690000.0,C,211522.117,259288.07,2s2.2p2.(3P).3p,2D*,3/2,2s2.2p2.(1D).4s,2D,3/2
O,2,O II,209.2896,,209.2896,air,,,496000.0,D,211522.117,259287.61,2s2.2p2.(3P).3p,2D*,3/2,2s2.2p2.(1D).4s,2D,5/2
O,2,O II,210.1263,,210.1263,air,,,735000.0,D,211712.732,259288.07,2s2.2p2.(3P).3p,2D*,5/2,2s2.2p2.(1D).4s,2D,3/2
O,2,O II,210.1283,210.1283,210.1283,air,12.0,12,6860000.0,C,211712.732,259287.61,2s2.2p2.(3P).3p,2D*,5/2,2s2.2p2.(1D).4s,2D,5/2
O,2,O II,211.1198,,211.1198,air,,,108000.0,E,228723.84,276075.32,2s2.2p2.(1D).3p,2F*,5/2,2s2.2p2.(1S).3d,2D,5/2
O,2,O II,211.2251,,211.2251,air,,,2150000.0,D,228747.45,276075.32,2s2.2p2.(1D).3p,2F*,7/2,2s2.2p2.(1S).3d,2D,5/2
O,2,O II,211.528,,211.528,air,,,2250000.0,D,228723.84,275983.95,2s2.2p2.(1D).3p,2F*,5/2,2s2.2p2.(1S).3d,2D,3/2
O,2,O II,212.3202,212.3202,212.3182,air,8.0,8,5000000.0,C,211522.117,258606.35,2s2.2p2.(3P).3p,2D*,3/2,2s2.2p2.(3P).5s,2P,3/2
O,2,O II,213.1818,213.1818,213.1813,air,12.0,12,44500000.0,C,211712.732,258606.35,2s2.2p2.(3P).3p,2D*,5/2,2s2.2p2.(3P).5s,2P,3/2
O,2,O II,213.1997,213.1997,213.2017,air,10.0,10,49400000.0,C,211522.117,258411.26,2s2.2p2.(3P).3p,2D*,3/2,2s2.2p2.(3P).5s,2P,1/2
O,3,O III,215.3304,,215.3304,air,,,94900.0,C,267377.11,313802.77,2s2.2p.(2P*).3s,3P*,1,2s2.2p.(2P*).3p,1S,0
O,3,O III,216.539,,216.539,air,,,16800000.0,C+,324735.65,370902.22,2s2.2p.(2P*).3d,1D*,2,2s2.2p.(2P*).4p,1D,2
O,2,O II,217.051,,217.051,air,,,36700.0,E,228723.84,274781.5,2s2.2p2.(1D).3p,2F*,5/2,2s2.2p2.(1D).4d,2F,7/2
O,2,O II,217.162,,217.162,air,,,991000.0,D,228747.45,274781.5,2s2.2p2.(1D).3p,2F*,7/2,2s2.2p2.(1D).4d,2F,7/2
O,2,O II,217.2206,,217.2206,air,,,759000.0,C,206971.68,252993.39,2s2.2p2.(1D).3s,2D,5/2,2s2.2p2.(1S).3p,2P*,3/2
O,2,O II,217.2256,,217.2256,air,,,84300.0,D,206972.72,252993.39,2s2.2p2.(1D).3s,2D,3/2,2s2.2p2.(1S).3p,2P*,3/2
O,2,O II,217.244,,217.244,air,,,977000.0,D,228723.84,274740.7,2s2.2p2.(1D).3p,2F*,5/2,2s2.2p2.(1D).4d,2F,5/2
O,2,O II,217.2546,,217.2546,air,,,843000.0,D,206972.72,252987.23,2s2.2p2.(1D).3s,2D,3/2,2s2.2p2.(1S).3p,2P*,1/2
O,2,O II,217.355,,217.355,air,,,48800.0,E,228747.45,274740.7,2s2.2p2.(1D).3p,2F*,7/2,2s2.2p2.(1D).4d,2F,5/2
O,3,O III,218.1571,,218.1571,air,,,440000.0,C,283759.70,329583.89,2p4,3P,2,2s2.2p.(2P*).3d,3P*,1
O,2,O II,218.258,218.258,218.2569,air,4.0,4,11500000.0,C,212161.881,257965.11,2s2.2p2.(3P).3p,4S*,3/2,2s2.2p2.(3P).5s,4P,5/2
O,2,O II,218.6338,,218.6338,air,,,91700.0,C,165988.46,211712.732,2s.2p4,2D,5/2,2s2.2p2.(3P).3p,2D*,5/2
O,3,O III,218.7016,,218.7016,air,,,785000.0,C,283759.70,329469.80,2p4,3P,2,2s2.2p.(2P*).3d,3P*,2
O,3,O III,218.9045,,218.9045,air,,,1040000.0,C,283977.40,329645.14,2p4,3P,1,2s2.2p.(2P*).3d,3P*,0
O,2,O II,219.0481,219.0481,219.0469,air,4.0,4,11300000.0,C,212161.881,257799.93,2s2.2p2.(3P).3p,4S*,3/2,2s2.2p2.(3P).5s,4P,3/2
O,3,O III,219.1985,,219.1985,air,,,260000.0,C,283977.40,329583.89,2p4,3P,1,2s2.2p.(2P*).3d,3P*,1
O,2,O II,219.5464,219.5464,219.5482,air,3.0,3,11300000.0,C,212161.881,257695.74,2s2.2p2.(3P).3p,4S*,3/2,2s2.2p2.(3P).5s,4P,1/2
O,2,O II,219.588,,219.588,air,,,83600.0,C,165996.50,211522.117,2s.2p4,2D,3/2,2s2.2p2.(3P).3p,2D*,3/2
O,3,O III,219.6537,,219.6537,air,,,345000.0,C,284071.90,329583.89,2p4,3P,0,2s2.2p.(2P*).3d,3P*,1
O,3,O III,219.7483,,219.7483,air,,,258000.0,C,283977.40,329469.80,2p4,3P,1,2s2.2p.(2P*).3d,3P*,2
O,2,O II,221.5701,221.5701,221.5713,air,1.0,1,1150000.0,D,214169.920,259288.07,2s2.2p2.(3P).3p,2P*,1/2,2s2.2p2.(1D).4s,2D,3/2
O,2,O II,221.8651,,221.8651,air,,,230000.0,E,214229.671,259288.07,2s2.2p2.(3P).3p,2P*,3/2,2s2.2p2.(1D).4s,2D,3/2
O,2,O II,221.8679,221.8679,221.8674,air,1.0,1,1380000.0,D,214229.671,259287.61,2s2.2p2.(3P).3p,2P*,3/2,2s2.2p2.(1D).4s,2D,5/2
O,2,O II,222.247,,222.247,air,,,3060000.0,D,229947.07,274928.0,2s2.2p2.(1D).3p,2D*,5/2,2s2.2p2.(1D).4d,2D,5/2
O,2,O II,222.307,,222.307,air,,,327000.0,E,229947.07,274916.0,2s2.2p2.(1D).3p,2D*,5/2,2s2.2p2.(1D).4d,2D,3/2
O,2,O II,222.353,,222.353,air,,,218000.0,E,229968.44,274928.0,2s2.2p2.(1D).3p,2D*,3/2,2s2.2p2.(1D).4d,2D,5/2
O,2,O II,222.412,,222.412,air,,,2940000.0,D,229968.44,274916.0,2s2.2p2.(1D).3p,2D*,3/2,2s2.2p2.(1D).4d,2D,3/2
O,3,O III,222.816,,222.816,air,,,64700000.0,B,313802.77,358668.90,2s2.2p.(2P*).3p,1S,0,2s2.2p.(2P*).4s,1P*,1
O,3,O III,222.892,,222.892,air,,,17500000.0,C+,370329.18,415180,2s2.2p.(2P*).4p,3P,0,2s2.2p.(2P*).6d,3D*,1
O,2,O II,222.974,,222.974,air,,,6360000.0,D,229947.07,274781.5,2s2.2p2.(1D).3p,2D*,5/2,2s2.2p2.(1D).4d,2F,7/2
O,2,O II,223.177,,223.177,air,,,423000.0,E,229947.07,274740.7,2s2.2p2.(1D).3p,2D*,5/2,2s2.2p2.(1D).4d,2F,5/2
O,2,O II,223.283,,223.283,air,,,5910000.0,D,229968.44,274740.7,2s2.2p2.(1D).3p,2D*,3/2,2s2.2p2.(1D).4d,2F,5/2
O,3,O III,223.336,,223.336,air,,,23500000.0,C+,370418.32,415180,2s2.2p.(2P*).4p,3P,1,2s2.2p.(2P*).6d,3D*,2
O,3,O III,223.336,,223.336,air,,,13100000.0,C+,370418.32,415180,2s2.2p.(2P*).4p,3P,1,2s2.2p.(2P*).6d,3D*,1
O,3,O III,223.877,,223.877,air,,,31200000.0,C+,370526.49,415180,2s2.2p.(2P*).4p,3P,2,2s2.2p.(2P*).6d,3D*,3
O,3,O III,223.877,,223.877,air,,,7790000.0,C+,370526.49,415180,2s2.2p.(2P*).4p,3P,2,2s2.2p.(2P*).6d,3D*,2
O,3,O III,223.877,,223.877,air,,,866000.0,C,370526.49,415180,2s2.2p.(2P*).4p,3P,2,2s2.2p.(2P*).6d,3D*,1
O,2,O II,224.9719,224.9719,224.9708,air,1.0,1,3590000.0,D,214169.920,258606.35,2s2.2p2.(3P).3p,2P*,1/2,2s2.2p2.(3P).5s,2P,3/2
O,2,O II,225.2746,225.2746,225.2738,air,7.0,7,17900000.0,D,214229.671,258606.35,2s2.2p2.(3P).3p,2P*,3/2,2s2.2p2.(3P).5s,2P,3/2
O,2,O II,225.9625,225.9625,225.963,air,3.0,3,14200000.0,D,214169.920,258411.26,2s2.2p2.(3P).3p,2P*,1/2,2s2.2p2.(3P).5s,2P,1/2
O,2,O II,226.2685,226.2685,226.2686,air,1.0,1,7060000.0,D,214229.671,258411.26,2s2.2p2.(3P).3p,2P*,3/2,2s2.2p2.(3P).5s,2P,1/2
O,2,O II,228.3447,228.3447,228.3444,air,8.0,8,7190000.0,D,211522.117,255302.11,2s2.2p2.(3P).3p,2D*,3/2,2s2.2p2.(3P).4d,2F,5/2
O,3,O III,228.377,,228.377,air,,,16200000.0,C+,370902.22,414676,2s2.2p.(2P*).4p,1D,2,2s2.2p.(2P*).6d,1D*,2
O,2,O II,228.4836,228.4836,228.4833,air,9.0,9,7690000.0,D,211712.732,255466.10,2s2.2p2.(3P).3p,2D*,5/2,2s2.2p2.(3P).4d,2F,7/2
O,3,O III,228.6332,,228.6332,air,,,642000.0,D,356736.30,400460.99,2s2.2p.(2P*).4s,3P*,0,2s.2p2.(4P).3d,3P,1
O,1,O I,228.854,,228.854,air,,,135000.0,D,99680.968,143363.4,2s2.2p3.(4S*).4p,3P,1,2s2.2p3.(2P*).4d,3D*,2
O,1,O I,228.854,,228.854,air,,,24800.0,D,99680.968,143363.4,2s2.2p3.(4S*).4p,3P,1,2s2.2p3.(2P*).4d,3D*,1
O,1,O I,228.855,,228.855,air,,,167000.0,D,99681.049,143363.4,2s2.2p3.(4S*).4p,3P,2,2s2.2p3.(2P*).4d,3D*,3
O,1,O I,228.856,,228.856,air,,,82900.0,D,99681.309,143363.4,2s2.2p3.(4S*).4p,3P,0,2s2.2p3.(2P*).4d,3D*,1
O,3,O III,228.92,,228.92,air,,,1920000.0,D,356844.98,400514.89,2s2.2p.(2P*).4s,3P*,1,2s.2p2.(4P).3d,3P,0
O,2,O II,229.0839,229.0839,229.0846,air,14.0,14,7410000.0,C,188888.543,232527.09,2s2.2p2.(3P).3s,2P,1/2,2s2.2p2.(1D).3p,2P*,3/2
O,3,O III,229.203,,229.203,air,,,478000.0,D,356844.98,400460.99,2s2.2p.(2P*).4s,3P*,1,2s.2p2.(4P).3d,3P,1
O,3,O III,229.3267,,229.3267,air,,,1730000.0,C,283759.70,327352.17,2p4,3P,2,2s2.2p.(2P*).3d,3D*,3
O,2,O II,229.3301,229.3301,229.3297,air,15.0,15,32500000.0,C,188888.543,232480.44,2s2.2p2.(3P).3s,2P,1/2,2s2.2p2.(1D).3p,2P*,1/2
O,2,O II,229.343,,229.343,air,,,507000.0,D,211712.732,255302.11,2s2.2p2.(3P).3p,2D*,5/2,2s2.2p2.(3P).4d,2F,5/2
O,2,O II,229.5597,,229.5597,air,,,529000.0,D,232527.09,276075.32,2s2.2p2.(1D).3p,2P*,3/2,2s2.2p2.(1S).3d,2D,5/2
O,3,O III,229.716,,229.716,air,,,430000.0,D,283759.70,327278.30,2p4,3P,2,2s2.2p.(2P*).3d,3D*,2
O,3,O III,229.7795,,229.7795,air,,,475000.0,D,356844.98,400351.56,2s2.2p.(2P*).4s,3P*,1,2s.2p2.(4P).3d,3P,2
O,2,O II,229.7957,,229.7957,air,,,440000.0,D,232480.44,275983.95,2s2.2p2.(1D).3p,2P*,1/2,2s2.2p2.(1S).3d,2D,3/2
O,3,O III,229.9753,,229.9753,air,,,47600.0,D,283759.70,327229.25,2p4,3P,2,2s2.2p.(2P*).3d,3D*,1
O,2,O II,230.0331,230.0331,230.0333,air,17.0,17,41700000.0,C,189068.514,232527.09,2s2.2p2.(3P).3s,2P,3/2,2s2.2p2.(1D).3p,2P*,3/2
O,2,O II,230.0424,,230.0424,air,,,87700.0,E,232527.09,275983.95,2s2.2p2.(1D).3p,2P*,3/2,2s2.2p2.(1S).3d,2D,3/2
O,2,O II,230.2808,230.2808,230.2806,air,14.0,14,16700000.0,C,189068.514,232480.44,2s2.2p2.(3P).3s,2P,3/2,2s2.2p2.(1D).3p,2P*,1/2
O,3,O III,230.6416,,230.6416,air,,,782000.0,D,357117.01,400460.99,2s2.2p.(2P*).4s,3P*,2,2s.2p2.(4P).3d,3P,1
O,3,O III,230.8711,,230.8711,air,,,1270000.0,C,283977.40,327278.30,2p4,3P,1,2s2.2p.(2P*).3d,3D*,2
O,3,O III,230.8906,,230.8906,air,,,1020000.0,C+,327229.25,370526.49,2s2.2p.(2P*).3d,3D*,1,2s2.2p.(2P*).4p,3P,2
O,3,O III,231.1329,,231.1329,air,,,703000.0,D,283977.40,327229.25,2p4,3P,1,2s2.2p.(2P*).3d,3D*,1
O,3,O III,231.1525,,231.1525,air,,,15300000.0,C+,327278.30,370526.49,2s2.2p.(2P*).3d,3D*,2,2s2.2p.(2P*).4p,3P,2
O,3,O III,231.2254,,231.2254,air,,,1400000.0,C,357117.01,400351.56,2s2.2p.(2P*).4s,3P*,2,2s.2p2.(4P).3d,3P,2
O,3,O III,231.4689,,231.4689,air,,,25400000.0,C+,327229.25,370418.32,2s2.2p.(2P*).3d,3D*,1,2s2.2p.(2P*).4p,3P,1
O,3,O III,231.548,,231.548,air,,,85100000.0,C+,327352.17,370526.49,2s2.2p.(2P*).3d,3D*,3,2s2.2p.(2P*).4p,3P,2
O,3,O III,231.639,,231.639,air,,,932000.0,D,284071.90,327229.25,2p4,3P,0,2s2.2p.(2P*).3d,3D*,1
O,3,O III,231.7321,,231.7321,air,,,75800000.0,C+,327278.30,370418.32,2s2.2p.(2P*).3d,3D*,2,2s2.2p.(2P*).4p,3P,1
O,3,O III,231.9477,,231.9477,air,,,101000000.0,C+,327229.25,370329.18,2s2.2p.(2P*).3d,3D*,1,2s2.2p.(2P*).4p,3P,0
O,3,O III,232.0951,,232.0951,air,,,0.215,B+,113.178,43185.74,2s2.2p2,3P,1,2s2.2p2,1S,0
O,1,O I,232.47381,,232.47381,air,,,4.61,C,33792.583,76794.978,2s2.2p4,1S,0,2s2.2p3.(4S*).3s,3S*,1
O,2,O II,232.4797,232.4797,232.4803,air,3.0,3,6700000.0,D,212161.881,255163.08,2s2.2p2.(3P).3p,4S*,3/2,2s2.2p2.(3P).4d,4P,1/2
O,2,O II,232.5918,232.5918,232.5921,air,6.0,6,6690000.0,D,212161.881,255142.41,2s2.2p2.(3P).3p,4S*,3/2,2s2.2p2.(3P).4d,4P,3/2
O,2,O II,232.7938,232.7938,232.7947,air,7.0,7,6680000.0,D,212161.881,255105.01,2s2.2p2.(3P).3p,4S*,3/2,2s2.2p2.(3P).4d,4P,5/2
O,3,O III,233.1398,,233.1398,air,,,0.000634,C,306.174,43185.74,2s2.2p2,3P,2,2s2.2p2,1S,0
O,2,O II,235.579,,235.579,air,,,1050000.0,D,232480.44,274916.0,2s2.2p2.(1D).3p,2P*,1/2,2s2.2p2.(1D).4d,2D,3/2
O,2,O II,235.772,,235.772,air,,,1260000.0,D,232527.09,274928.0,2s2.2p2.(1D).3p,2P*,3/2,2s2.2p2.(1D).4d,2D,5/2
O,2,O II,235.839,,235.839,air,,,209000.0,E,232527.09,274916.0,2s2.2p2.(1D).3p,2P*,3/2,2s2.2p2.(1D).4d,2D,3/2
O,3,O III,236.1237,,236.1237,air,,,332000.0,C,324464.88,366802.62,2s2.2p.(2P*).3d,3F*,2,2s2.2p.(2P*).4p,3D,3
O,2,O II,236.5005,,236.5005,air,,,1520000.0,D,211522.117,253792.40,2s2.2p2.(3P).3p,2D*,3/2,2s2.2p2.(1D).3d,2P,3/2
O,2,O II,236.5138,236.5138,236.514,air,9.0,9,15200000.0,D,211522.117,253789.99,2s2.2p2.(3P).3p,2D*,3/2,2s2.2p2.(1D).3d,2P,1/2
O,3,O III,237.2215,,237.2215,air,,,11600000.0,C+,324660.80,366802.62,2s2.2p.(2P*).3d,3F*,3,2s2.2p.(2P*).4p,3D,3
O,3,O III,237.2831,,237.2831,air,,,16300000.0,C+,324464.88,366595.76,2s2.2p.(2P*).3d,3F*,2,2s2.2p.(2P*).4p,3D,2
O,3,O III,237.5414,,237.5414,air,,,1230000.0,C,350124.45,392209.53,2s.2p2.(4P).3s,3P,1,2s2.2p.(2P*).5s,3P*,2
O,2,O II,237.5731,237.5731,237.5719,air,11.0,11,13500000.0,D,211712.732,253792.40,2s2.2p2.(3P).3p,2D*,5/2,2s2.2p2.(1D).3d,2P,3/2
O,3,O III,237.8891,,237.8891,air,,,145000000.0,C+,324464.88,366488.45,2s2.2p.(2P*).3d,3F*,2,2s2.2p.(2P*).4p,3D,1
O,3,O III,238.2292,,238.2292,air,,,132000000.0,C+,324839.03,366802.62,2s2.2p.(2P*).3d,3F*,4,2s2.2p.(2P*).4p,3D,3
O,3,O III,238.3918,,238.3918,air,,,128000000.0,C+,324660.80,366595.76,2s2.2p.(2P*).3d,3F*,3,2s2.2p.(2P*).4p,3D,2
O,3,O III,238.5273,,238.5273,air,,,3660000.0,C,350298.38,392209.53,2s.2p2.(4P).3s,3P,2,2s2.2p.(2P*).5s,3P*,2
O,3,O III,238.6288,,238.6288,air,,,1620000.0,C,350024.49,391917.80,2s.2p2.(4P).3s,3P,0,2s2.2p.(2P*).5s,3P*,1
O,3,O III,239.044,239.044,239.0432,air,200.0,200bl,162000000.0,C,290958.25,332778.94,2s2.2p.(2P*).3p,1P,1,2s2.2p.(2P*).3d,1P*,1
O,3,O III,239.1996,,239.1996,air,,,1210000.0,D,350124.45,391917.80,2s.2p2.(4P).3s,3P,1,2s2.2p.(2P*).5s,3P*,1
O,3,O III,239.6989,,239.6989,air,,,4810000.0,C,350124.45,391830.76,2s.2p2.(4P).3s,3P,1,2s2.2p.(2P*).5s,3P*,0
O,2,O II,239.8902,239.8902,239.8905,air,2.0,2,1970000.0,D,214169.920,255842.91,2s2.2p2.(3P).3p,2P*,1/2,2s2.2p2.(3P).4d,2D,3/2
O,2,O II,239.9189,239.9189,239.9197,air,7.0,7,2370000.0,D,214229.671,255897.59,2s2.2p2.(3P).3p,2P*,3/2,2s2.2p2.(3P).4d,2D,5/2
O,3,O III,240.1993,,240.1993,air,,,1990000.0,C,350298.38,391917.80,2s.2p2.(4P).3s,3P,2,2s2.2p.(2P*).5s,3P*,1
O,2,O II,240.2356,240.2356,240.235,air,3.0,3,393000.0,E,214229.671,255842.91,2s2.2p2.(3P).3p,2P*,3/2,2s2.2p2.(3P).4d,2D,3/2
O,2,O II,240.6391,240.6391,240.6376,air,14.0,14,18500000.0,C+,206971.68,248515.30,2s2.2p2.(1D).3s,2D,5/2,2s2.2p2.(3P).4p,2P*,3/2
O,2,O II,240.6437,,240.6437,air,,,2060000.0,C+,206972.72,248515.30,2s2.2p2.(1D).3s,2D,3/2,2s2.2p2.(3P).4p,2P*,3/2
O,2,O II,240.7357,,240.7357,air,,,1670000.0,D,211522.117,253048.82,2s2.2p2.(3P).3p,2D*,3/2,2s2.2p2.(1D).3d,2D,5/2
O,2,O II,240.747,240.747,240.7477,air,13.0,13,22500000.0,D,211522.117,253046.74,2s2.2p2.(3P).3p,2D*,3/2,2s2.2p2.(1D).3d,2D,3/2
O,2,O II,241.1622,241.1622,241.1597,air,7.0,7*,20500000.0,C+,206972.72,248426.41,2s2.2p2.(1D).3s,2D,3/2,2s2.2p2.(3P).4p,2P*,1/2
O,2,O II,241.1622,241.1622,241.1644,air,7.0,7*,11000000.0,D,214169.920,255622.80,2s2.2p2.(3P).3p,2P*,1/2,2s2.2p2.(1D).3d,2S,1/2
O,2,O II,241.5121,241.5121,241.5126,air,6.0,6,22000000.0,D,214229.671,255622.80,2s2.2p2.(3P).3p,2P*,3/2,2s2.2p2.(1D).3d,2S,1/2
O,1,O I,241.74132,,241.74132,air,,,298000.0,D,88630.587,129984.553,2s2.2p3.(4S*).3p,3P,1,2s2.2p3.(2D*<3/2>).4d,3P*,0
O,1,O I,241.77154,,241.77154,air,,,74500.0,D,88630.587,129979.384,2s2.2p3.(4S*).3p,3P,1,2s2.2p3.(2D*<3/2>).4d,3P*,1
O,1,O I,241.77481,,241.77481,air,,,124000.0,D,88631.146,129979.384,2s2.2p3.(4S*).3p,3P,2,2s2.2p3.(2D*<3/2>).4d,3P*,1
O,1,O I,241.77573,,241.77573,air,,,99300.0,D,88631.303,129979.384,2s2.2p3.(4S*).3p,3P,0,2s2.2p3.(2D*<3/2>).4d,3P*,1
O,1,O I,241.82643,,241.82643,air,,,74400.0,D,88630.587,129970.000,2s2.2p3.(4S*).3p,3P,1,2s2.2p3.(2D*<3/2>).4d,3P*,2
O,1,O I,241.8297,,241.8297,air,,,223000.0,C,88631.146,129970.000,2s2.2p3.(4S*).3p,3P,2,2s2.2p3.(2D*<3/2>).4d,3P*,2
O,2,O II,241.8459,241.8459,241.8459,air,14.0,14,23000000.0,D,211712.732,253048.82,2s2.2p2.(3P).3p,2D*,5/2,2s2.2p2.(1D).3d,2D,5/2
O,2,O II,241.858,,241.858,air,,,2470000.0,D,211712.732,253046.74,2s2.2p2.(3P).3p,2D*,5/2,2s2.2p2.(1D).3d,2D,3/2
O,3,O III,242.052,,242.052,air,,,3370000.0,C+,398139.92,439440.8,2s.2p2.(4P).3d,5D,2,2s.2p2.(4P).4p,5P*,3
O,3,O III,242.114,,242.114,air,,,23600000.0,C+,398150.40,439440.8,2s.2p2.(4P).3d,5D,3,2s.2p2.(4P).4p,5P*,3
O,2,O II,242.5564,242.5564,242.5567,air,15.0,15,17700000.0,C+,206971.68,248186.64,2s2.2p2.(1D).3s,2D,5/2,2s2.2p2.(3P).4p,2D*,5/2
O,2,O II,242.5628,,242.5628,air,,,1270000.0,C+,206972.72,248186.64,2s2.2p2.(1D).3s,2D,3/2,2s2.2p2.(3P).4p,2D*,5/2
O,3,O III,242.59,,242.59,air,,,90500000.0,C+,398231.48,439440.8,2s.2p2.(4P).3d,5D,4,2s.2p2.(4P).4p,5P*,3
O,3,O III,242.631,,242.631,air,,,41000000.0,C+,398139.92,439342.3,2s.2p2.(4P).3d,5D,2,2s.2p2.(4P).4p,5P*,2
O,3,O III,242.657,,242.657,air,,,10500000.0,C+,398144.29,439342.3,2s.2p2.(4P).3d,5D,1,2s.2p2.(4P).4p,5P*,2
O,3,O III,242.692,,242.692,air,,,65600000.0,C+,398150.40,439342.3,2s.2p2.(4P).3d,5D,3,2s.2p2.(4P).4p,5P*,2
O,3,O III,242.936,,242.936,air,,,40900000.0,C+,398139.92,439290.6,2s.2p2.(4P).3d,5D,2,2s.2p2.(4P).4p,5P*,1
O,3,O III,242.961,,242.961,air,,,52500000.0,C+,398144.29,439290.6,2s.2p2.(4P).3d,5D,1,2s.2p2.(4P).4p,5P*,1
O,3,O III,242.969,,242.969,air,,,23300000.0,C+,398145.63,439290.6,2s.2p2.(4P).3d,5D,0,2s.2p2.(4P).4p,5P*,1
O,2,O II,243.1652,243.1652,243.1641,air,5.0,5,8100000.0,D,214169.920,255281.93,2s2.2p2.(3P).3p,2P*,1/2,2s2.2p2.(3P).4d,2P,1/2
O,1,O I,243.2,,243.2,air,,,371000.0,C,88630.587,129736.6,2s2.2p3.(4S*).3p,3P,1,2s2.2p3.(2D*<3/2>).4d,3S*,1
O,1,O I,243.203,,243.203,air,,,619000.0,C,88631.146,129736.6,2s2.2p3.(4S*).3p,3P,2,2s2.2p3.(2D*<3/2>).4d,3S*,1
O,1,O I,243.204,,243.204,air,,,123000.0,D,88631.303,129736.6,2s2.2p3.(4S*).3p,3P,0,2s2.2p3.(2D*<3/2>).4d,3S*,1
O,2,O II,243.3534,243.3534,243.3542,air,20.0,20,42100000.0,B,188888.543,229968.44,2s2.2p2.(3P).3s,2P,1/2,2s2.2p2.(1D).3p,2D*,3/2
O,1,O I,243.399,,243.399,air,,,128000.0,D,88630.587,129703.0,2s2.2p3.(4S*).3p,3P,1,2s2.2p3.(2D*<5/2>).4d,3D*,1
O,1,O I,243.403,,243.403,air,,,170000.0,C,88631.303,129703.0,2s2.2p3.(4S*).3p,3P,0,2s2.2p3.(2D*<5/2>).4d,3D*,1
O,1,O I,243.431,,243.431,air,,,232000.0,C,88630.587,129697.5,2s2.2p3.(4S*).3p,3P,1,2s2.2p3.(2D*<5/2>).4d,3D*,2
O,1,O I,243.435,,243.435,air,,,77000.0,D,88631.146,129697.5,2s2.2p3.(4S*).3p,3P,2,2s2.2p3.(2D*<5/2>).4d,3D*,2
O,1,O I,243.465,,243.465,air,,,313000.0,C,88631.146,129692.3,2s2.2p3.(4S*).3p,3P,2,2s2.2p3.(2D*<5/2>).4d,3D*,3
O,3,O III,243.4918,,243.4918,air,,,13600000.0,C+,329469.80,370526.49,2s2.2p.(2P*).3d,3P*,2,2s2.2p.(2P*).4p,3P,2
O,2,O II,243.5189,243.5189,243.5181,air,2.0,2,4030000.0,D,214229.671,255281.93,2s2.2p2.(3P).3p,2P*,3/2,2s2.2p2.(3P).4d,2P,1/2
O,2,O II,243.5994,,243.5994,air,,,1880000.0,C+,206971.68,248010.23,2s2.2p2.(1D).3s,2D,5/2,2s2.2p2.(3P).4p,2D*,3/2
O,2,O II,243.6051,243.6051,243.6056,air,14.0,14,16900000.0,C+,206972.72,248010.23,2s2.2p2.(1D).3s,2D,3/2,2s2.2p2.(3P).4p,2D*,3/2
O,2,O II,243.8066,243.8066,243.8067,air,2.0,2,2010000.0,D,214169.920,255173.58,2s2.2p2.(3P).3p,2P*,1/2,2s2.2p2.(3P).4d,2P,3/2
O,3,O III,243.883,243.883,243.8814,air,80.0,80bl,140000000.0,B,324735.65,365726.76,2s2.2p.(2P*).3d,1D*,2,2s2.2p.(2P*).4p,1P,1
O,3,O III,244.104,,244.104,air,,,48400000.0,C+,398487.08,439440.8,2s.2p2.(4P).3d,5P,3,2s.2p2.(4P).4p,5P*,3
O,3,O III,244.1351,,244.1351,air,,,7500000.0,C+,329469.80,370418.32,2s2.2p.(2P*).3d,3P*,2,2s2.2p.(2P*).4p,3P,1
O,2,O II,244.1626,244.1626,244.1626,air,8.0,8,10000000.0,D,214229.671,255173.58,2s2.2p2.(3P).3p,2P*,3/2,2s2.2p2.(3P).4d,2P,3/2
O,3,O III,244.1704,,244.1704,air,,,4500000.0,C+,329583.89,370526.49,2s2.2p.(2P*).3d,3P*,1,2s2.2p.(2P*).4p,3P,2
O,2,O II,244.4248,244.4248,244.4251,air,16.0,16,7560000.0,B,189068.514,229968.44,2s2.2p2.(3P).3s,2P,3/2,2s2.2p2.(1D).3p,2D*,3/2
O,3,O III,244.523,,244.523,air,,,24100000.0,C+,398557.17,439440.8,2s.2p2.(4P).3d,5P,2,2s.2p2.(4P).4p,5P*,3
O,2,O II,244.5538,244.5538,244.5529,air,22.0,22,49800000.0,B,189068.514,229947.07,2s2.2p2.(3P).3s,2P,3/2,2s2.2p2.(1D).3p,2D*,5/2
O,3,O III,244.693,,244.693,air,,,33600000.0,C+,398487.08,439342.3,2s.2p2.(4P).3d,5P,3,2s.2p2.(4P).4p,5P*,2
O,3,O III,244.8172,,244.8172,air,,,4460000.0,C+,329583.89,370418.32,2s2.2p.(2P*).3d,3P*,1,2s2.2p.(2P*).4p,3P,1
O,3,O III,245.113,,245.113,air,,,5970000.0,C+,398557.17,439342.3,2s.2p2.(4P).3d,5P,2,2s.2p2.(4P).4p,5P*,2
O,3,O III,245.185,,245.185,air,,,5920000.0,C+,329645.14,370418.32,2s2.2p.(2P*).3d,3P*,0,2s2.2p.(2P*).4p,3P,1
O,3,O III,245.345,,245.345,air,,,32100000.0,C+,398595.65,439342.3,2s.2p2.(4P).3d,5P,1,2s.2p2.(4P).4p,5P*,2
O,3,O III,245.3529,,245.3529,air,,,17700000.0,C+,329583.89,370329.18,2s2.2p.(2P*).3d,3P*,1,2s2.2p.(2P*).4p,3P,0
O,3,O III,245.424,,245.424,air,,,53500000.0,C+,398557.17,439290.6,2s.2p2.(4P).3d,5P,2,2s.2p2.(4P).4p,5P*,1
O,3,O III,245.499,245.499,245.4966,air,200.0,200,343000000.0,B,273081.33,313802.77,2s2.2p.(2P*).3s,1P*,1,2s2.2p.(2P*).3p,1S,0
O,3,O III,245.656,,245.656,air,,,17800000.0,C+,398595.65,439290.6,2s.2p2.(4P).3d,5P,1,2s.2p2.(4P).4p,5P*,1
O,2,O II,247.0219,,247.0219,air,,,0.0212,C+,0.00,40470.00,2s2.2p3,4S*,3/2,2s2.2p3,2P*,1/2
O,2,O II,247.0219,,247.0219,air,,,3.72e-07,D,0.00,40470.00,2s2.2p3,4S*,3/2,2s2.2p3,2P*,1/2
O,2,O II,247.0341,,247.0341,air,,,0.0522,C+,0.00,40468.01,2s2.2p3,4S*,3/2,2s2.2p3,2P*,3/2
O,2,O II,247.0341,,247.0341,air,,,2.43e-07,C+,0.00,40468.01,2s2.2p3,4S*,3/2,2s2.2p3,2P*,3/2
O,3,O III,249.6031,,249.6031,air,,,0.00474,C,20273.27,60324.79,2s2.2p2,1D,2,2s.2p3,5S*,2
O,2,O II,251.7974,251.7974,251.7964,air,12.0,12,7720000.0,D,211522.117,251224.79,2s2.2p2.(3P).3p,2D*,3/2,2s2.2p2.(1D).3d,2F,5/2
O,2,O II,252.3061,,252.3061,air,,,2410000.0,D,214169.920,253792.40,2s2.2p2.(3P).3p,2P*,1/2,2s2.2p2.(1D).3d,2P,3/2
O,2,O II,252.3212,252.3212,252.3214,air,7.0,7,9630000.0,D,214169.920,253789.99,2s2.2p2.(3P).3p,2P*,1/2,2s2.2p2.(1D).3d,2P,1/2
O,2,O II,252.6869,252.6869,252.6872,air,11.0,11,12000000.0,D,214229.671,253792.40,2s2.2p2.(3P).3p,2P*,3/2,2s2.2p2.(1D).3d,2P,3/2
O,2,O II,252.7026,,252.7026,air,,,4790000.0,D,214229.671,253789.99,2s2.2p2.(3P).3p,2P*,3/2,2s2.2p2.(1D).3d,2P,1/2
O,3,O III,252.9327,,252.9327,air,,,3010000.0,C+,327278.30,366802.62,2s2.2p.(2P*).3d,3D*,2,2s2.2p.(2P*).4p,3D,3
O,2,O II,253.0112,,253.0112,air,,,544000.0,D,211712.732,251224.79,2s2.2p2.(3P).3p,2D*,5/2,2s2.2p2.(1D).3d,2F,5/2
O,2,O II,253.0274,253.0274,253.0279,air,13.0,13,8160000.0,D,211712.732,251222.19,2s2.2p2.(3P).3p,2D*,5/2,2s2.2p2.(1D).3d,2F,7/2
O,3,O III,253.4064,,253.4064,air,,,23900000.0,C+,327352.17,366802.62,2s2.2p.(2P*).3d,3D*,3,2s2.2p.(2P*).4p,3D,3
O,3,O III,253.9467,,253.9467,air,,,4010000.0,C+,327229.25,366595.76,2s2.2p.(2P*).3d,3D*,1,2s2.2p.(2P*).4p,3D,2
O,3,O III,254.2636,,254.2636,air,,,18500000.0,C+,327278.30,366595.76,2s2.2p.(2P*).3d,3D*,2,2s2.2p.(2P*).4p,3D,2
O,3,O III,254.6409,,254.6409,air,,,19900000.0,C+,327229.25,366488.45,2s2.2p.(2P*).3d,3D*,1,2s2.2p.(2P*).4p,3D,1
O,3,O III,254.7422,,254.7422,air,,,4130000.0,C+,327352.17,366595.76,2s2.2p.(2P*).3d,3D*,3,2s2.2p.(2P*).4p,3D,2
O,3,O III,254.9595,,254.9595,air,,,6600000.0,C+,327278.30,366488.45,2s2.2p.(2P*).3d,3D*,2,2s2.2p.(2P*).4p,3D,1
O,3,O III,254.9672,,254.9672,air,,,36900.0,C,267377.11,306586.08,2s2.2p.(2P*).3s,3P*,1,2s2.2p.(2P*).3p,1D,2
O,3,O III,255.806,255.806,255.8035,air,200.0,200,138000000.0,B,331821.44,370902.22,2s2.2p.(2P*).3d,1F*,3,2s2.2p.(2P*).4p,1D,2
O,3,O III,256.6488,,256.6488,air,,,23900.0,C,267634.00,306586.08,2s2.2p.(2P*).3s,3P*,2,2s2.2p.(2P*).3p,1D,2
O,2,O II,257.1454,257.1454,257.1457,air,11.0,11,11500000.0,D,214169.920,253046.74,2s2.2p2.(3P).3p,2P*,1/2,2s2.2p2.(1D).3d,2D,3/2
O,2,O II,257.5271,257.5271,257.5277,air,13.0,13,13700000.0,D,214229.671,253048.82,2s2.2p2.(3P).3p,2P*,3/2,2s2.2p2.(1D).3d,2D,5/2
O,2,O II,257.5415,,257.5415,air,,,2290000.0,D,214229.671,253046.74,2s2.2p2.(3P).3p,2P*,3/2,2s2.2p2.(1D).3d,2D,3/2
O,3,O III,259.7699,,259.7699,air,,,120000000.0,C+,329469.80,367953.90,2s2.2p.(2P*).3d,3P*,2,2s2.2p.(2P*).4p,3S,1
O,3,O III,260.5424,,260.5424,air,,,71400000.0,C+,329583.89,367953.90,2s2.2p.(2P*).3d,3P*,1,2s2.2p.(2P*).4p,3S,1
O,3,O III,260.959,,260.959,air,,,23700000.0,C+,329645.14,367953.90,2s2.2p.(2P*).3d,3P*,0,2s2.2p.(2P*).4p,3S,1
O,1,O I,261.145,,261.145,air,,,148000.0,C,99681.049,137962.5,2s2.2p3.(4S*).4p,3P,2,2s2.2p3.(2P*).3d,3D*,3
O,1,O I,261.145,,261.145,air,,,108000.0,D,99680.968,137962.5,2s2.2p3.(4S*).4p,3P,1,2s2.2p3.(2P*).3d,3D*,2
O,1,O I,261.145,,261.145,air,,,71000.0,D,99681.049,137962.5,2s2.2p3.(4S*).4p,3P,2,2s2.2p3.(2P*).3d,3D*,2
O,1,O I,261.145,,261.145,air,,,95700.0,D,99680.968,137962.5,2s2.2p3.(4S*).4p,3P,1,2s2.2p3.(2P*).3d,3D*,1
O,1,O I,261.147,,261.147,air,,,90000.0,D,99681.309,137962.5,2s2.2p3.(4S*).4p,3P,0,2s2.2p3.(2P*).3d,3D*,1
O,3,O III,262.2287,,262.2287,air,,,12100000.0,B,332778.94,370902.22,2s2.2p.(2P*).3d,1P*,1,2s2.2p.(2P*).4p,1D,2
O,3,O III,266.5684,,266.5684,air,,,67500000.0,C+,338577.25,376079.92,2s.2p2.(4P).3s,5P,1,2s.2p2.(4P).3p,5S*,2
O,3,O III,267.458,,267.458,air,,,111000000.0,C+,338701.98,376079.92,2s.2p2.(4P).3s,5P,2,2s.2p2.(4P).3p,5S*,2
O,3,O III,267.7813,,267.7813,air,,,9660000.0,C+,329469.80,366802.62,2s2.2p.(2P*).3d,3P*,2,2s2.2p.(2P*).4p,3D,3
O,3,O III,268.3658,,268.3658,air,,,185000000.0,C+,363263.38,400514.89,2s.2p2.(4P).3p,3S*,1,2s.2p2.(4P).3d,3P,0
O,3,O III,268.6154,,268.6154,air,,,154000000.0,C+,338863.03,376079.92,2s.2p2.(4P).3s,5P,3,2s.2p2.(4P).3p,5S*,2
O,3,O III,268.753,268.753,268.7547,air,80.0,80,184000000.0,C+,363263.38,400460.99,2s.2p2.(4P).3p,3S*,1,2s.2p2.(4P).3d,3P,1
O,3,O III,269.2734,,269.2734,air,,,2380000.0,C+,329469.80,366595.76,2s2.2p.(2P*).3d,3P*,2,2s2.2p.(2P*).4p,3D,2
O,3,O III,269.549,269.549,269.5477,air,110.0,110,182000000.0,C+,363263.38,400351.56,2s.2p2.(4P).3p,3S*,1,2s.2p2.(4P).3d,3P,2
O,3,O III,270.054,,270.054,air,,,262000.0,C,329469.80,366488.45,2s2.2p.(2P*).3d,3P*,2,2s2.2p.(2P*).4p,3D,1
O,3,O III,270.1035,,270.1035,air,,,7060000.0,C+,329583.89,366595.76,2s2.2p.(2P*).3d,3P*,1,2s2.2p.(2P*).4p,3D,2
O,3,O III,270.8889,,270.8889,air,,,3890000.0,C+,329583.89,366488.45,2s2.2p.(2P*).3d,3P*,1,2s2.2p.(2P*).4p,3D,1
O,3,O III,271.3393,,271.3393,air,,,5160000.0,C+,329645.14,366488.45,2s2.2p.(2P*).3d,3P*,0,2s2.2p.(2P*).4p,3D,1
O,2,O II,271.5365,271.5365,271.536,air,8.0,8,1240000.0,C,195710.47,232527.09,2s.2p4,2S,1/2,2s2.2p2.(1D).3p,2P*,3/2
O,2,O II,271.8828,271.8828,271.8805,air,6.0,6,1100000.0,C+,195710.47,232480.44,2s.2p4,2S,1/2,2s2.2p2.(1D).3p,2P*,1/2
O,3,O III,272.689,,272.689,air,,,80100000.0,C+,400351.56,437012.5,2s.2p2.(4P).3d,3P,2,2s.2p2.(4P).4p,3S*,1
O,2,O II,273.3289,273.3289,273.3294,air,17.0,17,59300000.0,C,203942.288,240517.35,2s2.2p2.(3P).3p,2S*,1/2,2s2.2p2.(3P).4s,2P,3/2
O,3,O III,273.506,,273.506,air,,,47600000.0,C+,400460.99,437012.5,2s.2p2.(4P).3d,3P,1,2s.2p2.(4P).4p,3S*,1
O,3,O III,273.909,,273.909,air,,,15800000.0,C+,400514.89,437012.5,2s.2p2.(4P).3d,3P,0,2s.2p2.(4P).4p,3S*,1
O,2,O II,274.7367,274.7367,274.7367,air,15.0,15,58400000.0,C,203942.288,240330.01,2s2.2p2.(3P).3p,2S*,1/2,2s2.2p2.(3P).4s,2P,1/2
O,3,O III,277.196,,277.196,air,,,19100000.0,B,365726.76,401791.7,2s2.2p.(2P*).4p,1P,1,2s2.2p.(2P*).5d,1D*,2
O,2,O II,278.3026,278.3026,278.3029,air,6.0,6,2550000.0,D,212593.82,248515.30,2s.2p4,2P,3/2,2s2.2p2.(3P).4p,2P*,3/2
O,2,O II,278.9934,278.9934,278.9933,air,2.0,2,1010000.0,D,212593.82,248426.41,2s.2p4,2P,3/2,2s2.2p2.(3P).4p,2P*,1/2
O,3,O III,279.4139,,279.4139,air,,,18200000.0,C+,293866.49,329645.14,2s2.2p.(2P*).3p,3D,1,2s2.2p.(2P*).3d,3P*,0
O,2,O II,279.614,,279.614,air,,,503000.0,D,212762.25,248515.30,2s.2p4,2P,1/2,2s2.2p2.(3P).4p,2P*,3/2
O,3,O III,279.8931,,279.8931,air,,,4520000.0,C+,293866.49,329583.89,2s2.2p.(2P*).3p,3D,1,2s2.2p.(2P*).3d,3P*,1
O,1,O I,279.985,,279.985,air,,,485000.0,C+,88630.587,124336.3,2s2.2p3.(4S*).3p,3P,1,2s2.2p3.(2D*<3/2>).3d,3S*,1
O,1,O I,279.989,,279.989,air,,,808000.0,C+,88631.146,124336.3,2s2.2p3.(4S*).3p,3P,2,2s2.2p3.(2D*<3/2>).3d,3S*,1
O,1,O I,279.99,,279.99,air,,,161000.0,C,88631.303,124336.3,2s2.2p3.(4S*).3p,3P,0,2s2.2p3.(2D*<3/2>).3d,3S*,1
O,2,O II,280.3101,280.3101,280.3109,air,1.0,1,2000000.0,D,212762.25,248426.41,2s.2p4,2P,1/2,2s2.2p2.(3P).4p,2P*,1/2
O,1,O I,280.553,,280.553,air,,,177000.0,C,88630.587,124264.0,2s2.2p3.(4S*).3p,3P,1,2s2.2p3.(2D*<5/2>).3d,3D*,1
O,1,O I,280.557,,280.557,air,,,11800.0,D,88631.146,124264.0,2s2.2p3.(4S*).3p,3P,2,2s2.2p3.(2D*<5/2>).3d,3D*,1
O,1,O I,280.558,,280.558,air,,,236000.0,C,88631.303,124264.0,2s2.2p3.(4S*).3p,3P,0,2s2.2p3.(2D*<5/2>).3d,3D*,1
O,1,O I,280.602,,280.602,air,,,322000.0,C,88630.587,124257.7,2s2.2p3.(4S*).3p,3P,1,2s2.2p3.(2D*<5/2>).3d,3D*,2
O,1,O I,280.607,,280.607,air,,,107000.0,C,88631.146,124257.7,2s2.2p3.(4S*).3p,3P,2,2s2.2p3.(2D*<5/2>).3d,3D*,2
O,1,O I,280.69,,280.69,air,,,435000.0,C,88631.146,124247.1,2s2.2p3.(4S*).3p,3P,2,2s2.2p3.(2D*<5/2>).3d,3D*,3
O,3,O III,280.79,,280.79,air,,,179000.0,C,293866.49,329469.80,2s2.2p.(2P*).3p,3D,1,2s2.2p.(2P*).3d,3P*,2
O,2,O II,280.8729,280.8729,280.8728,air,8.0,8,4480000.0,D,212593.82,248186.64,2s.2p4,2P,3/2,2s2.2p2.(3P).4p,2D*,5/2
O,3,O III,280.9659,,280.9659,air,,,13400000.0,C+,294002.86,329583.89,2s2.2p.(2P*).3p,3D,2,2s2.2p.(2P*).3d,3P*,1
O,3,O III,281.8697,,281.8697,air,,,2660000.0,C+,294002.86,329469.80,2s2.2p.(2P*).3p,3D,2,2s2.2p.(2P*).3d,3P*,2
O,2,O II,282.2719,,282.2719,air,,,735000.0,D,212593.82,248010.23,2s.2p4,2P,3/2,2s2.2p2.(3P).4p,2D*,3/2
O,2,O II,283.622,283.622,283.6208,air,7.0,7,3620000.0,D,212762.25,248010.23,2s.2p4,2P,1/2,2s2.2p2.(3P).4p,2D*,3/2
O,3,O III,283.6308,,283.6308,air,,,14600000.0,C+,294223.07,329469.80,2s2.2p.(2P*).3p,3D,3,2s2.2p.(2P*).3d,3P*,2
O,3,O III,284.575,,284.575,air,,,29000000.0,C+,366595.76,401725.6,2s2.2p.(2P*).4p,3D,2,2s2.2p.(2P*).5d,3F*,3
O,3,O III,284.893,,284.893,air,,,32600000.0,C+,366802.62,401893.2,2s2.2p.(2P*).4p,3D,3,2s2.2p.(2P*).5d,3F*,4
O,3,O III,285.375,,285.375,air,,,27200000.0,C+,366488.45,401519.8,2s2.2p.(2P*).4p,3D,1,2s2.2p.(2P*).5d,3F*,2
O,3,O III,286.252,,286.252,air,,,5010000.0,C+,366595.76,401519.8,2s2.2p.(2P*).4p,3D,2,2s2.2p.(2P*).5d,3F*,2
O,3,O III,286.26,,286.26,air,,,3580000.0,C+,366802.62,401725.6,2s2.2p.(2P*).4p,3D,3,2s2.2p.(2P*).5d,3F*,3
O,1,O I,287.62948,,287.62948,air,,,1470000.0,C,88630.587,123387.339,2s2.2p3.(4S*).3p,3P,1,2s2.2p3.(2D*<3/2>).3d,3P*,0
O,1,O I,287.89312,,287.89312,air,,,368000.0,C,88630.587,123355.512,2s2.2p3.(4S*).3p,3P,1,2s2.2p3.(2D*<3/2>).3d,3P*,1
O,1,O I,287.89776,,287.89776,air,,,613000.0,C,88631.146,123355.512,2s2.2p3.(4S*).3p,3P,2,2s2.2p3.(2D*<3/2>).3d,3P*,1
O,1,O I,287.89906,,287.89906,air,,,490000.0,C,88631.303,123355.512,2s2.2p3.(4S*).3p,3P,0,2s2.2p3.(2D*<3/2>).3d,3P*,1
O,3,O III,287.957,,287.957,air,,,139000.0,C,366802.62,401519.8,2s2.2p.(2P*).4p,3D,3,2s2.2p.(2P*).5d,3F*,2
O,1,O I,288.38092,,288.38092,air,,,366000.0,C,88630.587,123296.777,2s2.2p3.(4S*).3p,3P,1,2s2.2p3.(2D*<3/2>).3d,3P*,2
O,1,O I,288.38557,,288.38557,air,,,1100000.0,C+,88631.146,123296.777,2s2.2p3.(4S*).3p,3P,2,2s2.2p3.(2D*<3/2>).3d,3P*,2
O,1,O I,295.8365,,295.8365,air,,,0.000242,C+,0.000,33792.583,2s2.2p4,3P,2,2s2.2p4,1S,0
O,3,O III,295.968,295.968,295.9695,air,80.0,80,183000000.0,B,290958.25,324735.65,2s2.2p.(2P*).3p,1P,1,2s2.2p.(2P*).3d,1D*,2
O,1,O I,297.229,297.229,297.22861,air,265.0,265,0.0754,B+,158.265,33792.583,2s2.2p4,3P,1,2s2.2p4,1S,0
O,3,O III,298.378,298.378,298.3781,air,250.0,250,215000000.0,B,273081.33,306586.08,2s2.2p.(2P*).3s,1P*,1,2s2.2p.(2P*).3p,1D,2
O,3,O III,299.2081,,299.2081,air,,,9320000.0,C,293866.49,327278.30,2s2.2p.(2P*).3p,3D,1,2s2.2p.(2P*).3d,3D*,2
O,3,O III,299.648,,299.648,air,,,46400000.0,C,293866.49,327229.25,2s2.2p.(2P*).3p,3D,1,2s2.2p.(2P*).3d,3D*,1
O,3,O III,299.7689,,299.7689,air,,,6880000.0,C,294002.86,327352.17,2s2.2p.(2P*).3p,3D,2,2s2.2p.(2P*).3d,3D*,3
O,3,O III,300.4344,,300.4344,air,,,42700000.0,C,294002.86,327278.30,2s2.2p.(2P*).3p,3D,2,2s2.2p.(2P*).3d,3D*,2
O,3,O III,300.8779,,300.8779,air,,,15300000.0,C,294002.86,327229.25,2s2.2p.(2P*).3p,3D,2,2s2.2p.(2P*).3d,3D*,1
O,3,O III,301.763,301.763,301.7615,air,80.0,80,53800000.0,C,294223.07,327352.17,2s2.2p.(2P*).3p,3D,3,2s2.2p.(2P*).3d,3D*,3
O,3,O III,302.3139,,302.3139,air,,,246000.0,D,365527.08,398595.65,2s.2p2.(4P).3p,5D*,0,2s.2p2.(4P).3d,5P,1
O,3,O III,302.345,302.345,302.3425,air,80.0,80,47900000.0,C+,267377.11,300442.55,2s2.2p.(2P*).3s,3P*,1,2s2.2p.(2P*).3p,3P,2
O,3,O III,302.4359,,302.4359,air,,,9390000.0,C,294223.07,327278.30,2s2.2p.(2P*).3p,3D,3,2s2.2p.(2P*).3d,3D*,2
O,3,O III,302.454,,302.454,air,,,61600000.0,C+,267258.71,300311.96,2s2.2p.(2P*).3s,3P*,0,2s2.2p.(2P*).3p,3P,1
O,3,O III,302.633,,302.633,air,,,551000.0,D,365561.95,398595.65,2s.2p2.(4P).3p,5D*,1,2s.2p2.(4P).3d,5P,1
O,3,O III,302.986,,302.986,air,,,110000.0,D,365561.95,398557.17,2s.2p2.(4P).3p,5D*,1,2s.2p2.(4P).3d,5P,2
O,3,O III,303.2615,,303.2615,air,,,426000.0,D,365630.40,398595.65,2s.2p2.(4P).3p,5D*,2,2s.2p2.(4P).3d,5P,1
O,3,O III,303.4219,,303.4219,air,,,29300000.0,B,332778.94,365726.76,2s2.2p.(2P*).3d,1P*,1,2s2.2p.(2P*).4p,1P,1
O,3,O III,303.5414,,303.5414,air,,,45900000.0,C+,267377.11,300311.96,2s2.2p.(2P*).3s,3P*,1,2s2.2p.(2P*).3p,3P,1
O,3,O III,303.6159,,303.6159,air,,,424000.0,D,365630.40,398557.17,2s.2p2.(4P).3p,5D*,2,2s.2p2.(4P).3d,5P,2
O,3,O III,304.2636,,304.2636,air,,,34400.0,D,365630.40,398487.08,2s.2p2.(4P).3p,5D*,2,2s.2p2.(4P).3d,5P,3
O,3,O III,304.2993,,304.2993,air,,,194000000.0,C+,267377.11,300229.93,2s2.2p.(2P*).3s,3P*,1,2s2.2p.(2P*).3p,3P,0
O,3,O III,304.5434,,304.5434,air,,,673000.0,C,365730.68,398557.17,2s.2p2.(4P).3p,5D*,3,2s.2p2.(4P).3d,5P,2
O,3,O III,304.713,304.713,304.71,air,200.0,200,149000000.0,C+,267634.00,300442.55,2s2.2p.(2P*).3s,3P*,2,2s2.2p.(2P*).3p,3P,2
O,3,O III,305.1951,,305.1951,air,,,239000.0,D,365730.68,398487.08,2s.2p2.(4P).3p,5D*,3,2s.2p2.(4P).3d,5P,3
O,3,O III,305.93,305.93,305.9277,air,110.0,110,87200000.0,C+,267634.00,300311.96,2s2.2p.(2P*).3s,3P*,2,2s2.2p.(2P*).3p,3P,1
O,3,O III,306.385,,306.385,air,,,910000.0,C,365857.89,398487.08,2s.2p2.(4P).3p,5D*,4,2s.2p2.(4P).3d,5P,3
O,3,O III,306.4975,,306.4975,air,,,21700000.0,C+,365527.08,398144.29,2s.2p2.(4P).3p,5D*,0,2s.2p2.(4P).3d,5D,1
O,3,O III,306.8129,,306.8129,air,,,64900000.0,C+,365561.95,398145.63,2s.2p2.(4P).3p,5D*,1,2s.2p2.(4P).3d,5D,0
O,3,O III,306.8256,,306.8256,air,,,5410000.0,C+,365561.95,398144.29,2s.2p2.(4P).3p,5D*,1,2s.2p2.(4P).3d,5D,1
O,3,O III,306.8667,,306.8667,air,,,22700000.0,C+,365561.95,398139.92,2s.2p2.(4P).3p,5D*,1,2s.2p2.(4P).3d,5D,2
O,3,O III,307.4138,,307.4138,air,,,18400000.0,C+,365630.40,398150.40,2s.2p2.(4P).3p,5D*,2,2s.2p2.(4P).3d,5D,3
O,3,O III,307.4715,,307.4715,air,,,37600000.0,C+,365630.40,398144.29,2s.2p2.(4P).3p,5D*,2,2s.2p2.(4P).3d,5D,1
O,3,O III,307.5129,,307.5129,air,,,16100000.0,C+,365630.40,398139.92,2s.2p2.(4P).3p,5D*,2,2s.2p2.(4P).3d,5D,2
O,3,O III,307.5954,,307.5954,air,,,10700000.0,C+,365730.68,398231.48,2s.2p2.(4P).3p,5D*,3,2s.2p2.(4P).3d,5D,4
O,3,O III,307.813,,307.813,air,,,28900000.0,B,370902.22,403380.0,2s2.2p.(2P*).4p,1D,2,2s2.2p.(2P*).5d,1F*,3
O,3,O III,308.3647,,308.3647,air,,,32000000.0,C+,365730.68,398150.40,2s.2p2.(4P).3p,5D*,3,2s.2p2.(4P).3d,5D,3
O,3,O III,308.4644,,308.4644,air,,,25500000.0,C+,365730.68,398139.92,2s.2p2.(4P).3p,5D*,3,2s.2p2.(4P).3d,5D,2
O,3,O III,308.8041,,308.8041,air,,,53000000.0,C+,365857.89,398231.48,2s.2p2.(4P).3p,5D*,4,2s.2p2.(4P).3d,5D,4
O,3,O III,309.5795,,309.5795,air,,,13500000.0,C+,365857.89,398150.40,2s.2p2.(4P).3p,5D*,4,2s.2p2.(4P).3d,5D,3
O,2,O II,311.3611,311.3611,311.3617,air,11.0,11,3140000.0,C,206786.286,238893.96,2s2.2p2.(3P).3p,4D*,3/2,2s2.2p2.(3P).4s,4P,5/2
O,3,O III,311.5674,,311.5674,air,,,139000000.0,C,297558.66,329645.14,2s2.2p.(2P*).3p,3S,1,2s2.2p.(2P*).3d,3P*,0
O,3,O III,312.171,312.171,312.1633,air,80.0,80,138000000.0,C,297558.66,329583.89,2s2.2p.(2P*).3p,3S,1,2s2.2p.(2P*).3d,3P*,1
O,2,O II,312.2521,312.2521,312.2524,air,17.0,17,28000000.0,C,206877.865,238893.96,2s2.2p2.(3P).3p,4D*,5/2,2s2.2p2.(3P).4s,4P,5/2
O,2,O II,312.3921,312.3921,312.391,air,13.0,13,7760000.0,C,206730.762,238732.65,2s2.2p2.(3P).3p,4D*,1/2,2s2.2p2.(3P).4s,4P,3/2
O,2,O II,312.9334,312.9334,312.934,air,17.0,17,49400000.0,C,206786.286,238732.65,2s2.2p2.(3P).3p,4D*,3/2,2s2.2p2.(3P).4s,4P,3/2
O,3,O III,313.286,313.286,313.2794,air,110.0,110,137000000.0,C,297558.66,329469.80,2s2.2p.(2P*).3p,3S,1,2s2.2p.(2P*).3d,3P*,2
O,2,O II,313.4218,313.4218,313.4213,air,17.0,17,76800000.0,C,206730.762,238627.46,2s2.2p2.(3P).3p,4D*,1/2,2s2.2p2.(3P).4s,4P,1/2
O,2,O II,313.472,313.472,313.4726,air,22.0,22,123000000.0,C,207002.482,238893.96,2s2.2p2.(3P).3p,4D*,7/2,2s2.2p2.(3P).4s,4P,5/2
O,2,O II,313.8335,313.8335,313.8337,air,19.0,19,96400000.0,C,206877.865,238732.65,2s2.2p2.(3P).3p,4D*,5/2,2s2.2p2.(3P).4s,4P,3/2
O,2,O II,313.968,313.968,313.9678,air,17.0,17,76400000.0,C,206786.286,238627.46,2s2.2p2.(3P).3p,4D*,3/2,2s2.2p2.(3P).4s,4P,1/2
O,3,O III,319.8181,,319.8181,air,,,9570000.0,C+,374571.64,405830.38,2s.2p2.(4P).3p,3D*,1,2s.2p2.(4P).3d,3D,2
O,3,O III,320.1139,,320.1139,air,,,47700000.0,C+,374571.64,405801.50,2s.2p2.(4P).3p,3D*,1,2s.2p2.(4P).3d,3D,1
O,3,O III,320.2514,,320.2514,air,,,7080000.0,C+,374663.52,405879.97,2s.2p2.(4P).3p,3D*,2,2s.2p2.(4P).3d,3D,3
O,3,O III,320.7609,,320.7609,air,,,44000000.0,C+,374663.52,405830.38,2s.2p2.(4P).3p,3D*,2,2s.2p2.(4P).3d,3D,2
O,3,O III,321.0585,,321.0585,air,,,15800000.0,C+,374663.52,405801.50,2s.2p2.(4P).3p,3D*,2,2s.2p2.(4P).3d,3D,1
O,3,O III,321.6074,,321.6074,air,,,55800000.0,C+,374795.14,405879.97,2s.2p2.(4P).3p,3D*,3,2s.2p2.(4P).3d,3D,3
O,3,O III,322.1213,,322.1213,air,,,9750000.0,C+,374795.14,405830.38,2s.2p2.(4P).3p,3D*,3,2s.2p2.(4P).3d,3D,2
O,3,O III,323.641,,323.641,air,,,19900000.0,B,370902.22,401791.7,2s2.2p.(2P*).4p,1D,2,2s2.2p.(2P*).5d,1D*,2
O,3,O III,325.7087,,325.7087,air,,,32500000.0,C+,350024.49,380717.92,2s.2p2.(4P).3s,3P,0,2s2.2p.(2P*).4d,3P*,1
O,3,O III,326.098,326.098,326.0857,air,200.0,200,168000000.0,C+,294002.86,324660.80,2s2.2p.(2P*).3p,3D,2,2s2.2p.(2P*).3d,3F*,3
O,3,O III,326.546,326.546,326.5329,air,300.0,300,188000000.0,C+,294223.07,324839.03,2s2.2p.(2P*).3p,3D,3,2s2.2p.(2P*).3d,3F*,4
O,3,O III,326.5693,,326.5693,air,,,96800000.0,C+,350124.45,380737.00,2s.2p2.(4P).3s,3P,1,2s2.2p.(2P*).4d,3P*,0
O,3,O III,326.731,326.731,326.7204,air,80.0,80,158000000.0,C+,293866.49,324464.88,2s2.2p.(2P*).3p,3D,1,2s2.2p.(2P*).3d,3F*,2
O,3,O III,326.7729,,326.7729,air,,,24200000.0,C+,350124.45,380717.92,2s.2p2.(4P).3s,3P,1,2s2.2p.(2P*).4d,3P*,1
O,3,O III,326.8949,,326.8949,air,,,24100000.0,C+,350124.45,380706.51,2s.2p2.(4P).3s,3P,1,2s2.2p.(2P*).4d,3P*,2
O,2,O II,327.0855,327.0855,327.0856,air,16.0,16,105000000.0,C,228723.84,259288.07,2s2.2p2.(1D).3p,2F*,5/2,2s2.2p2.(1D).4s,2D,3/2
O,2,O II,327.0905,,327.0905,air,,,5000000.0,C,228723.84,259287.61,2s2.2p2.(1D).3p,2F*,5/2,2s2.2p2.(1D).4s,2D,5/2
O,2,O II,327.3437,327.3437,327.3434,air,17.0,17,99900000.0,C,228747.45,259287.61,2s2.2p2.(1D).3p,2F*,7/2,2s2.2p2.(1D).4s,2D,5/2
O,2,O II,327.7566,327.7566,327.7561,air,17.0,17,20200000.0,B,208392.258,238893.96,2s2.2p2.(3P).3p,4P*,3/2,2s2.2p2.(3P).4s,4P,5/2
O,3,O III,328.1831,,328.1831,air,,,28900000.0,C+,294002.86,324464.88,2s2.2p.(2P*).3p,3D,2,2s2.2p.(2P*).3d,3F*,2
O,2,O II,328.19936,,328.19936,air,,,1160000.0,C,203942.288,234402.797,2s2.2p2.(3P).3p,2S*,1/2,2s2.2p2.(3P).3d,2D,3/2
O,3,O III,328.445,,328.445,air,,,20600000.0,C+,294223.07,324660.80,2s2.2p.(2P*).3p,3D,3,2s2.2p.(2P*).3d,3F*,3
O,3,O III,328.6414,,328.6414,air,,,39600000.0,C+,350298.38,380717.92,2s.2p2.(4P).3s,3P,2,2s2.2p.(2P*).4d,3P*,1
O,2,O II,328.7472,328.7472,328.7471,air,21.0,21,49200000.0,B,208484.202,238893.96,2s2.2p2.(3P).3p,4P*,5/2,2s2.2p2.(3P).4s,4P,5/2
O,3,O III,328.7647,,328.7647,air,,,71200000.0,C+,350298.38,380706.51,2s.2p2.(4P).3s,3P,2,2s2.2p.(2P*).4d,3P*,2
O,2,O II,329.4992,329.4992,329.4987,air,14.0,14,10000000.0,B,208392.258,238732.65,2s2.2p2.(3P).3p,4P*,3/2,2s2.2p2.(3P).4s,4P,3/2
O,1,O I,329.89896,,329.89896,air,,,143000.0,D,99680.968,129984.553,2s2.2p3.(4S*).4p,3P,1,2s2.2p3.(2D*<3/2>).4d,3P*,0
O,3,O III,329.9385,,329.9385,air,,,16400000.0,C+,267258.71,297558.66,2s2.2p.(2P*).3s,3P*,0,2s2.2p.(2P*).3p,3S,1
O,1,O I,329.95525,,329.95525,air,,,35700.0,D,99680.968,129979.384,2s2.2p3.(4S*).4p,3P,1,2s2.2p3.(2D*<3/2>).4d,3P*,1
O,1,O I,329.95613,,329.95613,air,,,59500.0,C,99681.049,129979.384,2s2.2p3.(4S*).4p,3P,2,2s2.2p3.(2D*<3/2>).4d,3P*,1
O,1,O I,329.95896,,329.95896,air,,,47600.0,D,99681.309,129979.384,2s2.2p3.(4S*).4p,3P,0,2s2.2p3.(2D*<3/2>).4d,3P*,1
O,1,O I,330.05748,,330.05748,air,,,35700.0,C,99680.968,129970.000,2s2.2p3.(4S*).4p,3P,1,2s2.2p3.(2D*<3/2>).4d,3P*,2
O,1,O I,330.05836,,330.05836,air,,,107000.0,C,99681.049,129970.000,2s2.2p3.(4S*).4p,3P,2,2s2.2p3.(2D*<3/2>).4d,3P*,2
O,2,O II,330.1407,330.1407,330.1411,air,10.0,10,10600000.0,B,208346.104,238627.46,2s2.2p2.(3P).3p,4P*,1/2,2s2.2p2.(3P).4s,4P,1/2
O,2,O II,330.5005,330.5005,330.5003,air,17.0,17,28900000.0,B,208484.202,238732.65,2s2.2p2.(3P).3p,4P*,5/2,2s2.2p2.(3P).4s,4P,3/2
O,3,O III,330.5729,,330.5729,air,,,798000.0,C+,294223.07,324464.88,2s2.2p.(2P*).3p,3D,3,2s2.2p.(2P*).3d,3F*,2
O,2,O II,330.6449,330.6449,330.6451,air,17.0,17,55500000.0,B,208392.258,238627.46,2s2.2p2.(3P).3p,4P*,3/2,2s2.2p2.(3P).4s,4P,1/2
O,3,O III,331.23,331.23,331.2329,air,80.0,80,46000000.0,C+,267377.11,297558.66,2s2.2p.(2P*).3s,3P*,1,2s2.2p.(2P*).3p,3S,1
O,3,O III,332.6055,,332.6055,air,,,26500000.0,C+,368538.65,398595.65,2s.2p2.(4P).3p,5P*,1,2s.2p2.(4P).3d,5P,1
O,1,O I,332.621,,332.621,air,,,217000.0,C,99680.968,129736.6,2s2.2p3.(4S*).4p,3P,1,2s2.2p3.(2D*<3/2>).4d,3S*,1
O,1,O I,332.622,,332.622,air,,,364000.0,C+,99681.049,129736.6,2s2.2p3.(4S*).4p,3P,2,2s2.2p3.(2D*<3/2>).4d,3S*,1
O,1,O I,332.624,,332.624,air,,,72200.0,C,99681.309,129736.6,2s2.2p3.(4S*).4p,3P,0,2s2.2p3.(2D*<3/2>).4d,3S*,1
O,1,O I,332.993,,332.993,air,,,11000.0,D,99680.968,129703.0,2s2.2p3.(4S*).4p,3P,1,2s2.2p3.(2D*<5/2>).4d,3D*,1
O,1,O I,332.997,,332.997,air,,,14500.0,D,99681.309,129703.0,2s2.2p3.(4S*).4p,3P,0,2s2.2p3.(2D*<5/2>).4d,3D*,1
O,3,O III,333.0301,,333.0301,air,,,68100000.0,C+,338577.25,368595.93,2s.2p2.(4P).3s,5P,1,2s.2p2.(4P).3p,5P*,2
O,3,O III,333.0319,,333.0319,air,,,47600000.0,C+,368538.65,398557.17,2s.2p2.(4P).3p,5P*,1,2s.2p2.(4P).3d,5P,2
O,1,O I,333.054,,333.054,air,,,20100.0,D,99680.968,129697.5,2s2.2p3.(4S*).4p,3P,1,2s2.2p3.(2D*<5/2>).4d,3D*,2
O,1,O I,333.055,,333.055,air,,,6720.0,D,99681.049,129697.5,2s2.2p3.(4S*).4p,3P,2,2s2.2p3.(2D*<5/2>).4d,3D*,2
O,1,O I,333.113,,333.113,air,,,28100.0,D,99681.049,129692.3,2s2.2p3.(4S*).4p,3P,2,2s2.2p3.(2D*<5/2>).4d,3D*,3
O,3,O III,333.2406,,333.2406,air,,,79200000.0,C+,368595.93,398595.65,2s.2p2.(4P).3p,5P*,2,2s.2p2.(4P).3d,5P,1
O,3,O III,333.2928,,333.2928,air,,,50400000.0,C+,338701.98,368697.00,2s.2p2.(4P).3s,5P,2,2s.2p2.(4P).3p,5P*,3
O,3,O III,333.6668,,333.6668,air,,,37600000.0,C+,338577.25,368538.65,2s.2p2.(4P).3s,5P,1,2s.2p2.(4P).3p,5P*,1
O,3,O III,333.6686,,333.6686,air,,,8770000.0,C+,368595.93,398557.17,2s.2p2.(4P).3p,5P*,2,2s.2p2.(4P).3d,5P,2
O,3,O III,334.074,334.074,334.0765,air,110.0,110,65700000.0,C+,267634.00,297558.66,2s2.2p.(2P*).3s,3P*,2,2s2.2p.(2P*).3p,3S,1
O,3,O III,334.4197,,334.4197,air,,,12500000.0,C+,338701.98,368595.93,2s.2p2.(4P).3s,5P,2,2s.2p2.(4P).3p,5P*,2
O,3,O III,334.451,,334.451,air,,,34800000.0,C+,368595.93,398487.08,2s.2p2.(4P).3p,5P*,2,2s.2p2.(4P).3d,5P,3
O,3,O III,334.798,,334.798,air,,,48600000.0,C+,368697.00,398557.17,2s.2p2.(4P).3p,5P*,3,2s.2p2.(4P).3d,5P,2
O,3,O III,335.0617,,335.0617,air,,,112000000.0,C+,338701.98,368538.65,2s.2p2.(4P).3s,5P,2,2s.2p2.(4P).3p,5P*,1
O,3,O III,335.0921,,335.0921,air,,,99100000.0,C+,338863.03,368697.00,2s.2p2.(4P).3s,5P,3,2s.2p2.(4P).3p,5P*,3
O,3,O III,335.5858,,335.5858,air,,,68900000.0,C+,368697.00,398487.08,2s.2p2.(4P).3p,5P*,3,2s.2p2.(4P).3d,5P,3
O,3,O III,336.2312,,336.2312,air,,,68700000.0,C+,338863.03,368595.93,2s.2p2.(4P).3s,5P,3,2s.2p2.(4P).3p,5P*,2
O,3,O III,337.6612,,337.6612,air,,,149000000.0,C+,368538.65,398145.63,2s.2p2.(4P).3p,5P*,1,2s.2p2.(4P).3d,5D,0
O,3,O III,337.6765,,337.6765,air,,,112000000.0,C+,368538.65,398144.29,2s.2p2.(4P).3p,5P*,1,2s.2p2.(4P).3d,5D,1
O,2,O II,337.7146,337.7146,337.7146,air,21.0,21,133000000.0,C+,203942.288,233544.59,2s2.2p2.(3P).3p,2S*,1/2,2s2.2p2.(3P).3d,2P,1/2
O,3,O III,337.7264,,337.7264,air,,,52000000.0,C+,368538.65,398139.92,2s.2p2.(4P).3p,5P*,1,2s.2p2.(4P).3d,5D,2
O,3,O III,338.2612,,338.2612,air,,,98600000.0,C+,368595.93,398150.40,2s.2p2.(4P).3p,5P*,2,2s.2p2.(4P).3d,5D,3
O,3,O III,338.3311,,338.3311,air,,,37000000.0,C+,368595.93,398144.29,2s.2p2.(4P).3p,5P*,2,2s.2p2.(4P).3d,5D,1
O,3,O III,338.3812,,338.3812,air,,,86200000.0,C+,368595.93,398139.92,2s.2p2.(4P).3p,5P*,2,2s.2p2.(4P).3d,5D,2
O,3,O III,338.4901,,338.4901,air,,,148000000.0,C+,368697.00,398231.48,2s.2p2.(4P).3p,5P*,3,2s.2p2.(4P).3d,5D,4
O,2,O II,339.0209,339.0209,339.0209,air,23.0,23,131000000.0,C+,203942.288,233430.53,2s2.2p2.(3P).3p,2S*,1/2,2s2.2p2.(3P).3d,2P,3/2
O,3,O III,339.422,,339.422,air,,,48800000.0,C+,368697.00,398150.40,2s.2p2.(4P).3p,5P*,3,2s.2p2.(4P).3d,5D,3
O,3,O III,339.5428,,339.5428,air,,,9750000.0,C+,368697.00,398139.92,2s.2p2.(4P).3p,5P*,3,2s.2p2.(4P).3d,5D,2
O,3,O III,340.5718,,340.5718,air,,,19300000.0,C+,300229.93,329583.89,2s2.2p.(2P*).3p,3P,0,2s2.2p.(2P*).3d,3P*,1
O,2,O II,340.7223,,340.7223,air,,,10900000.0,C,229947.07,259288.07,2s2.2p2.(1D).3p,2D*,5/2,2s2.2p2.(1D).4s,2D,3/2
O,2,O II,340.7273,340.7273,340.7276,air,17.0,17,102000000.0,C,229947.07,259287.61,2s2.2p2.(1D).3p,2D*,5/2,2s2.2p2.(1D).4s,2D,5/2
O,3,O III,340.8131,,340.8131,air,,,57900000.0,C+,300311.96,329645.14,2s2.2p.(2P*).3p,3P,1,2s2.2p.(2P*).3d,3P*,0
O,2,O II,340.971,340.971,340.9706,air,16.0,16,97700000.0,C,229968.44,259288.07,2s2.2p2.(1D).3p,2D*,3/2,2s2.2p2.(1D).4s,2D,3/2
O,2,O II,340.976,,340.976,air,,,7240000.0,C,229968.44,259287.61,2s2.2p2.(1D).3p,2D*,3/2,2s2.2p2.(1D).4s,2D,5/2
O,3,O III,341.5262,,341.5262,air,,,14400000.0,C+,300311.96,329583.89,2s2.2p.(2P*).3p,3P,1,2s2.2p.(2P*).3d,3P*,1
O,3,O III,342.3364,,342.3364,air,,,36200000.0,C+,350024.49,379227.15,2s.2p2.(4P).3s,3P,0,2s2.2p.(2P*).4d,3D*,1
O,3,O III,342.7364,,342.7364,air,,,48700000.0,C+,350124.45,379293.03,2s.2p2.(4P).3s,3P,1,2s2.2p.(2P*).4d,3D*,2
O,3,O III,342.8626,,342.8626,air,,,14200000.0,C+,300311.96,329469.80,2s2.2p.(2P*).3p,3P,1,2s2.2p.(2P*).3d,3P*,2
O,3,O III,343.0568,,343.0568,air,,,23700000.0,C+,300442.55,329583.89,2s2.2p.(2P*).3p,3P,2,2s2.2p.(2P*).3d,3P*,1
O,3,O III,343.5123,,343.5123,air,,,26900000.0,C+,350124.45,379227.15,2s.2p2.(4P).3s,3P,1,2s2.2p.(2P*).4d,3D*,1
O,2,O II,343.8556,,343.8556,air,,,493000.0,D,232796.298,261869.94,2s2.2p2.(3P).3d,2F,5/2,2s2.2p2.(3P).5p,2D*,5/2
O,3,O III,344.0363,,344.0363,air,,,64200000.0,C+,350298.38,379356.75,2s.2p2.(4P).3s,3P,2,2s2.2p.(2P*).4d,3D*,3
O,3,O III,344.41,344.41,344.4052,air,80.0,80,42100000.0,C+,300442.55,329469.80,2s2.2p.(2P*).3p,3P,2,2s2.2p.(2P*).3d,3P*,2
O,3,O III,344.6682,,344.6682,air,,,97100000.0,C+,365561.95,394567.05,2s.2p2.(4P).3p,5D*,1,2s.2p2.(4P).3d,5F,2
O,3,O III,344.7155,,344.7155,air,,,80900000.0,C+,365527.08,394528.20,2s.2p2.(4P).3p,5D*,0,2s.2p2.(4P).3d,5F,1
O,3,O III,344.7924,,344.7924,air,,,16000000.0,C+,350298.38,379293.03,2s.2p2.(4P).3s,3P,2,2s2.2p.(2P*).4d,3D*,2
O,3,O III,344.7968,,344.7968,air,,,119000000.0,C+,365630.40,394624.68,2s.2p2.(4P).3p,5D*,2,2s.2p2.(4P).3d,5F,3
O,3,O III,345.0907,,345.0907,air,,,144000000.0,C+,365730.68,394700.27,2s.2p2.(4P).3p,5D*,3,2s.2p2.(4P).3d,5F,4
O,3,O III,345.1305,,345.1305,air,,,80600000.0,C+,365561.95,394528.20,2s.2p2.(4P).3p,5D*,1,2s.2p2.(4P).3d,5F,1
O,3,O III,345.4835,,345.4835,air,,,68900000.0,C+,365630.40,394567.05,2s.2p2.(4P).3p,5D*,2,2s.2p2.(4P).3d,5F,2
O,3,O III,345.512,345.512,345.4986,air,80.0,80,172000000.0,C+,365857.89,394793.28,2s.2p2.(4P).3p,5D*,4,2s.2p2.(4P).3d,5F,5
O,3,O III,345.5776,,345.5776,air,,,1760000.0,C+,350298.38,379227.15,2s.2p2.(4P).3s,3P,2,2s2.2p.(2P*).4d,3D*,1
O,2,O II,345.792,345.792,345.7933,air,10.0,10,9690000.0,D,232959.210,261869.94,2s2.2p2.(3P).3d,2F,7/2,2s2.2p2.(3P).5p,2D*,5/2
O,2,O II,345.8936,345.8936,345.8923,air,8.0,8,10200000.0,D,232796.298,261698.75,2s2.2p2.(3P).3d,2F,5/2,2s2.2p2.(3P).5p,2D*,3/2
O,3,O III,345.948,,345.948,air,,,11400000.0,C+,365630.40,394528.20,2s.2p2.(4P).3p,5D*,2,2s.2p2.(4P).3d,5F,1
O,3,O III,345.9935,,345.9935,air,,,51400000.0,C+,365730.68,394624.68,2s.2p2.(4P).3p,5D*,3,2s.2p2.(4P).3d,5F,3
O,3,O III,346.6128,,346.6128,air,,,28400000.0,C+,365857.89,394700.27,2s.2p2.(4P).3p,5D*,4,2s.2p2.(4P).3d,5F,4
O,3,O III,346.685,,346.685,air,,,6820000.0,C+,365730.68,394567.05,2s.2p2.(4P).3p,5D*,3,2s.2p2.(4P).3d,5F,2
O,2,O II,347.0281,347.0281,347.0277,air,20.0,20,109000000.0,B,211522.117,240330.01,2s2.2p2.(3P).3p,2D*,3/2,2s2.2p2.(3P).4s,2P,1/2
O,2,O II,347.0676,347.0676,347.0672,air,21.0,21,86300000.0,B,211712.732,240517.35,2s2.2p2.(3P).3p,2D*,5/2,2s2.2p2.(3P).4s,2P,3/2
O,2,O II,347.07832,,347.07832,air,,,343000.0,C,203942.288,232745.981,2s2.2p2.(3P).3p,2S*,1/2,2s2.2p2.(3P).3d,4D,3/2
O,2,O II,347.4926,347.4926,347.4926,air,5.0,5,719000.0,C,203942.288,232711.642,2s2.2p2.(3P).3p,2S*,1/2,2s2.2p2.(3P).3d,4D,1/2
O,3,O III,347.5236,,347.5236,air,,,2420000.0,C+,365857.89,394624.68,2s.2p2.(4P).3p,5D*,4,2s.2p2.(4P).3d,5F,3
O,2,O II,348.8173,348.8173,348.81604,air,4.0,4,356000.0,C,203942.288,232602.492,2s2.2p2.(3P).3p,2S*,1/2,2s2.2p2.(3P).3d,4P,1/2
O,2,O II,348.8258,348.8258,348.8273,air,6.0,6,204000.0,D,229947.07,258606.35,2s2.2p2.(1D).3p,2D*,5/2,2s2.2p2.(3P).5s,2P,3/2
O,2,O II,349.0876,,349.0876,air,,,22600.0,E,229968.44,258606.35,2s2.2p2.(1D).3p,2D*,3/2,2s2.2p2.(3P).5s,2P,3/2
O,2,O II,349.6276,349.6276,349.62783,air,8.0,8,569000.0,C,203942.288,232535.949,2s2.2p2.(3P).3p,2S*,1/2,2s2.2p2.(3P).3d,4P,3/2
O,2,O II,351.4823,351.4823,351.4821,air,2.0,2,222000.0,D,229968.44,258411.26,2s2.2p2.(1D).3p,2D*,3/2,2s2.2p2.(3P).5s,2P,1/2
O,2,O II,351.5242,,351.5242,air,,,125000.0,D,233430.53,261869.94,2s2.2p2.(3P).3d,2P,3/2,2s2.2p2.(3P).5p,2D*,5/2
O,3,O III,352.0945,,352.0945,air,,,15000000.0,C+,350024.49,378417.84,2s.2p2.(4P).3s,3P,0,2s.2p2.(4P).3p,3P*,1
O,3,O III,353.1223,,353.1223,air,,,44500000.0,C+,350124.45,378435.16,2s.2p2.(4P).3s,3P,1,2s.2p2.(4P).3p,3P*,0
O,3,O III,353.3385,,353.3385,air,,,11100000.0,C+,350124.45,378417.84,2s.2p2.(4P).3s,3P,1,2s.2p2.(4P).3p,3P*,1
O,3,O III,353.4904,,353.4904,air,,,11100000.0,C+,350124.45,378405.68,2s.2p2.(4P).3s,3P,1,2s.2p2.(4P).3p,3P*,2
O,2,O II,353.6531,,353.6531,air,,,20500.0,E,233430.53,261698.75,2s2.2p2.(3P).3d,2P,3/2,2s2.2p2.(3P).5p,2D*,3/2
O,2,O II,355.0857,355.0857,355.0859,air,1.0,1,101000.0,E,233544.59,261698.75,2s2.2p2.(3P).3d,2P,1/2,2s2.2p2.(3P).5p,2D*,3/2
O,3,O III,355.5241,,355.5241,air,,,18200000.0,C+,350298.38,378417.84,2s.2p2.(4P).3s,3P,2,2s.2p2.(4P).3p,3P*,1
O,3,O III,355.6779,,355.6779,air,,,32600000.0,C+,350298.38,378405.68,2s.2p2.(4P).3s,3P,2,2s.2p2.(4P).3p,3P*,2
O,2,O II,356.2128,,356.2128,air,,,3770.0,E,248010.23,276075.32,2s2.2p2.(3P).4p,2D*,3/2,2s2.2p2.(1S).3d,2D,5/2
O,2,O II,357.3763,,357.3763,air,,,50300.0,D,248010.23,275983.95,2s2.2p2.(3P).4p,2D*,3/2,2s2.2p2.(1S).3d,2D,3/2
O,2,O II,358.4661,,358.4661,air,,,51700.0,D,248186.64,276075.32,2s2.2p2.(3P).4p,2D*,5/2,2s2.2p2.(1S).3d,2D,5/2
O,2,O II,359.6444,,359.6444,air,,,5490.0,E,248186.64,275983.95,2s2.2p2.(3P).4p,2D*,5/2,2s2.2p2.(1S).3d,2D,3/2
O,2,O II,362.741,,362.741,air,,,6310000.0,D,248515.30,276075.32,2s2.2p2.(3P).4p,2P*,3/2,2s2.2p2.(1S).3d,2D,5/2
O,2,O II,362.7737,,362.7737,air,,,5250000.0,D,248426.41,275983.95,2s2.2p2.(3P).4p,2P*,1/2,2s2.2p2.(1S).3d,2D,3/2
O,2,O II,363.9477,,363.9477,air,,,1040000.0,D,248515.30,275983.95,2s2.2p2.(3P).4p,2P*,3/2,2s2.2p2.(1S).3d,2D,3/2
O,2,O II,363.9676,,363.9676,air,,,90200.0,E,234402.797,261869.94,2s2.2p2.(3P).3d,2D,3/2,2s2.2p2.(3P).5p,2D*,5/2
O,2,O II,364.656,364.656,364.6558,air,3.0,3,1260000.0,D,234454.634,261869.94,2s2.2p2.(3P).3d,2D,5/2,2s2.2p2.(3P).5p,2D*,5/2
O,3,O III,365.3767,,365.3767,air,,,397.0,C,273081.33,300442.55,2s2.2p.(2P*).3s,1P*,1,2s2.2p.(2P*).3p,3P,2
O,2,O II,366.2502,366.2502,366.2504,air,1.0,1,1200000.0,D,234402.797,261698.75,2s2.2p2.(3P).3d,2D,3/2,2s2.2p2.(3P).5p,2D*,3/2
O,2,O II,366.9472,366.9472,366.9472,air,3.0,3,132000.0,E,234454.634,261698.75,2s2.2p2.(3P).3d,2D,5/2,2s2.2p2.(3P).5p,2D*,3/2
O,3,O III,367.129,,367.129,air,,,42000.0,C,273081.33,300311.96,2s2.2p.(2P*).3s,1P*,1,2s2.2p.(2P*).3p,3P,1
O,2,O II,367.8975,,367.8975,air,,,11400.0,E,228723.84,255897.59,2s2.2p2.(1D).3p,2F*,5/2,2s2.2p2.(3P).4d,2D,5/2
O,2,O II,368.2174,,368.2174,air,,,228000.0,D,228747.45,255897.59,2s2.2p2.(1D).3p,2F*,7/2,2s2.2p2.(3P).4d,2D,5/2
O,3,O III,368.2383,,368.2383,air,,,25200.0,C,273081.33,300229.93,2s2.2p.(2P*).3s,1P*,1,2s2.2p.(2P*).3p,3P,0
O,2,O II,368.6393,,368.6393,air,,,239000.0,D,228723.84,255842.91,2s2.2p2.(1D).3p,2F*,5/2,2s2.2p2.(3P).4d,2D,3/2
O,1,O I,369.23558,,369.23558,air,,,93000.0,D,76794.978,103870.252,2s2.2p3.(4S*).3s,3S*,1,2s2.2p3.(4S*).5p,3P,0
O,1,O I,369.23864,,369.23864,air,,,93000.0,C,76794.978,103870.028,2s2.2p3.(4S*).3s,3S*,1,2s2.2p3.(4S*).5p,3P,1
O,1,O I,369.23945,,369.23945,air,,,93000.0,C,76794.978,103869.968,2s2.2p3.(4S*).3s,3S*,1,2s2.2p3.(4S*).5p,3P,2
O,3,O III,369.5162,,369.5162,air,,,77600000.0,B,365726.76,392781.47,2s2.2p.(2P*).4p,1P,1,2s2.2p.(2P*).5s,1P*,1
O,3,O III,369.5375,,369.5375,air,,,40100000.0,C+,338577.25,365630.40,2s.2p2.(4P).3s,5P,1,2s.2p2.(4P).3p,5D*,2
O,3,O III,369.87,369.87,369.8718,air,80.0,80,76200000.0,C+,338701.98,365730.68,2s.2p2.(4P).3s,5P,2,2s.2p2.(4P).3p,5D*,3
O,3,O III,370.2743,,370.2743,air,,,54500000.0,C+,300229.93,327229.25,2s2.2p.(2P*).3p,3P,0,2s2.2p.(2P*).3d,3D*,1
O,3,O III,370.337,370.337,370.3355,air,80.0,80,114000000.0,C+,338863.03,365857.89,2s.2p2.(4P).3s,5P,3,2s.2p2.(4P).3p,5D*,4
O,3,O III,370.4749,,370.4749,air,,,85300000.0,C+,338577.25,365561.95,2s.2p2.(4P).3s,5P,1,2s.2p2.(4P).3p,5D*,1
O,3,O III,370.724,370.724,370.7272,air,110.0,110,73400000.0,C+,300311.96,327278.30,2s2.2p.(2P*).3p,3P,1,2s2.2p.(2P*).3d,3D*,2
O,3,O III,370.9543,,370.9543,air,,,113000000.0,C+,338577.25,365527.08,2s.2p2.(4P).3s,5P,1,2s.2p2.(4P).3p,5D*,0
O,3,O III,371.2493,,371.2493,air,,,65900000.0,C+,338701.98,365630.40,2s.2p2.(4P).3s,5P,2,2s.2p2.(4P).3p,5D*,2
O,2,O II,371.2741,371.2741,371.27435,air,25.0,25,27500000.0,B,185235.281,212161.881,2s2.2p2.(3P).3s,4P,1/2,2s2.2p2.(3P).3p,4S*,3/2
O,2,O II,371.396,,371.396,air,,,156000.0,E,248010.23,274928.0,2s2.2p2.(3P).4p,2D*,3/2,2s2.2p2.(1D).4d,2D,5/2
O,3,O III,371.4028,,371.4028,air,,,40600000.0,C+,300311.96,327229.25,2s2.2p.(2P*).3p,3P,1,2s2.2p.(2P*).3d,3D*,1
O,3,O III,371.508,371.508,371.5086,air,110.0,110,97300000.0,C+,300442.55,327352.17,2s2.2p.(2P*).3p,3P,2,2s2.2p.(2P*).3d,3D*,3
O,2,O II,371.562,,371.562,air,,,2110000.0,D,248010.23,274916.0,2s2.2p2.(3P).4p,2D*,3/2,2s2.2p2.(1D).4d,2D,3/2
O,3,O III,372.089,,372.089,air,,,37400000.0,C+,338863.03,365730.68,2s.2p2.(4P).3s,5P,3,2s.2p2.(4P).3p,5D*,3
O,3,O III,372.1954,,372.1954,air,,,28000000.0,C+,338701.98,365561.95,2s.2p2.(4P).3s,5P,2,2s.2p2.(4P).3p,5D*,1
O,3,O III,372.5313,,372.5313,air,,,24100000.0,C+,300442.55,327278.30,2s2.2p.(2P*).3p,3P,2,2s2.2p.(2P*).3d,3D*,2
O,2,O II,372.6032,,372.6032,air,,,1.86e-05,C,0.00,26830.57,2s2.2p3,4S*,3/2,2s2.2p3,2D*,3/2
O,2,O II,372.604,372.604,372.6032,air,,,0.000159,C,0.00,26830.57,2s2.2p3,4S*,3/2,2s2.2p3,2D*,3/2
O,2,O II,372.732,372.732,372.73195,air,27.0,27,56400000.0,B,185340.577,212161.881,2s2.2p2.(3P).3s,4P,3/2,2s2.2p2.(3P).3p,4S*,3/2
O,2,O II,372.8359,,372.8359,air,,,72200.0,C,206730.762,233544.59,2s2.2p2.(3P).3p,4D*,1/2,2s2.2p2.(3P).3d,2P,1/2
O,3,O III,372.8506,,372.8506,air,,,129000000.0,C+,374663.52,401476.29,2s.2p2.(4P).3p,3D*,2,2s.2p2.(4P).3d,3F,3
O,2,O II,372.88,372.88,372.8815,air,,,2.86e-05,C,0.00,26810.55,2s2.2p3,4S*,3/2,2s2.2p3,2D*,5/2
O,2,O II,372.8815,,372.8815,air,,,1.98e-06,C,0.00,26810.55,2s2.2p3,4S*,3/2,2s2.2p3,2D*,5/2
O,3,O III,372.8838,,372.8838,air,,,145000000.0,C+,374795.14,401605.52,2s.2p2.(4P).3p,3D*,3,2s.2p2.(4P).3d,3F,4
O,2,O II,372.9225,372.9225,372.9221,air,14.0,14,24400000.0,C,232480.44,259288.07,2s2.2p2.(1D).3p,2P*,1/2,2s2.2p2.(1D).4s,2D,3/2
O,3,O III,372.9802,,372.9802,air,,,122000000.0,C+,374571.64,401375.09,2s.2p2.(4P).3p,3D*,1,2s.2p2.(4P).3d,3F,2
O,3,O III,373.2135,,373.2135,air,,,2670000.0,C+,300442.55,327229.25,2s2.2p.(2P*).3p,3P,2,2s2.2p.(2P*).3d,3D*,1
O,3,O III,373.483,,373.483,air,,,7400000.0,C+,338863.03,365630.40,2s.2p2.(4P).3s,5P,3,2s.2p2.(4P).3p,5D*,2
O,2,O II,373.5722,,373.5722,air,,,4860000.0,D,232527.09,259288.07,2s2.2p2.(1D).3p,2P*,3/2,2s2.2p2.(1D).4s,2D,3/2
O,2,O II,373.5784,373.5784,373.5786,air,15.0,15,29200000.0,C,232527.09,259287.61,2s2.2p2.(1D).3p,2P*,3/2,2s2.2p2.(1D).4s,2D,5/2
O,2,O II,373.6095,,373.6095,air,,,89900.0,C,206786.286,233544.59,2s2.2p2.(3P).3p,4D*,3/2,2s2.2p2.(3P).3d,2P,1/2
O,2,O II,373.8337,,373.8337,air,,,167000.0,D,228723.84,255466.10,2s2.2p2.(1D).3p,2F*,5/2,2s2.2p2.(3P).4d,2F,7/2
O,2,O II,373.846,,373.846,air,,,2150000.0,D,248186.64,274928.0,2s2.2p2.(3P).4p,2D*,5/2,2s2.2p2.(1D).4d,2D,5/2
O,2,O II,373.9762,373.9762,373.9761,air,20.0,20,29700000.0,B,212161.881,238893.96,2s2.2p2.(3P).3p,4S*,3/2,2s2.2p2.(3P).4s,4P,5/2
O,2,O II,373.999,,373.999,air,,,806000.0,D,248010.23,274740.7,2s2.2p2.(3P).4p,2D*,3/2,2s2.2p2.(1D).4d,2F,5/2
O,2,O II,374.014,,374.014,air,,,230000.0,E,248186.64,274916.0,2s2.2p2.(3P).4p,2D*,5/2,2s2.2p2.(1D).4d,2D,3/2
O,2,O II,374.1639,374.1639,374.164,air,11.0,11,4500000.0,D,228747.45,255466.10,2s2.2p2.(1D).3p,2F*,7/2,2s2.2p2.(3P).4d,2F,7/2
O,3,O III,374.2632,,374.2632,air,,,22400000.0,C+,374663.52,401375.09,2s.2p2.(4P).3p,3D*,2,2s.2p2.(4P).3d,3F,2
O,2,O II,374.4286,,374.4286,air,,,67600.0,C,206730.762,233430.53,2s2.2p2.(3P).3p,4D*,1/2,2s2.2p2.(3P).3d,2P,3/2
O,3,O III,374.6899,,374.6899,air,,,15900000.0,C+,374795.14,401476.29,2s.2p2.(4P).3p,3D*,3,2s.2p2.(4P).3d,3F,3
O,2,O II,374.9486,374.9486,374.94841,air,30.0,30,89700000.0,B,185499.124,212161.881,2s2.2p2.(3P).3s,4P,5/2,2s2.2p2.(3P).3p,4S*,3/2
O,2,O II,375.2089,,375.2089,air,,,46400.0,C,206786.286,233430.53,2s2.2p2.(3P).3p,4D*,3/2,2s2.2p2.(3P).3d,2P,3/2
O,3,O III,375.467,375.467,375.4696,air,150.0,150,75300000.0,C+,267377.11,294002.86,2s2.2p.(2P*).3s,3P*,1,2s2.2p.(2P*).3p,3D,2
O,3,O III,375.721,375.721,375.7232,air,80.0,80,55600000.0,C+,267258.71,293866.49,2s2.2p.(2P*).3s,3P*,0,2s2.2p.(2P*).3p,3D,1
O,2,O II,375.906,,375.906,air,,,851000.0,D,248186.64,274781.5,2s2.2p2.(3P).4p,2D*,5/2,2s2.2p2.(1D).4d,2F,7/2
O,3,O III,375.987,375.987,375.9875,air,250.0,250,97900000.0,C+,267634.00,294223.07,2s2.2p.(2P*).3s,3P*,2,2s2.2p.(2P*).3p,3D,3
O,3,O III,376.1166,,376.1166,air,,,622000.0,C+,374795.14,401375.09,2s.2p2.(4P).3p,3D*,3,2s.2p2.(4P).3d,3F,2
O,2,O II,376.14,376.14,376.1403,air,9.0,9,4370000.0,D,228723.84,255302.11,2s2.2p2.(1D).3p,2F*,5/2,2s2.2p2.(3P).4d,2F,5/2
O,2,O II,376.2465,376.2465,376.2465,air,19.0,19,31000000.0,B,212161.881,238732.65,2s2.2p2.(3P).3p,4S*,3/2,2s2.2p2.(3P).4s,4P,3/2
O,2,O II,376.4748,,376.4748,air,,,218000.0,D,228747.45,255302.11,2s2.2p2.(1D).3p,2F*,7/2,2s2.2p2.(3P).4d,2F,5/2
O,2,O II,376.483,,376.483,air,,,56400.0,E,248186.64,274740.7,2s2.2p2.(3P).4p,2D*,5/2,2s2.2p2.(1D).4d,2F,5/2
O,2,O II,376.5031,,376.5031,air,,,38800.0,C,206877.865,233430.53,2s2.2p2.(3P).3p,4D*,5/2,2s2.2p2.(3P).3d,2P,3/2
O,2,O II,377.4,,377.4,air,,,4900000.0,D,248426.41,274916.0,2s2.2p2.(3P).4p,2P*,1/2,2s2.2p2.(1D).4d,2D,3/2
O,3,O III,377.4026,,377.4026,air,,,39100000.0,C+,267377.11,293866.49,2s2.2p.(2P*).3s,3P*,1,2s2.2p.(2P*).3p,3D,1
O,2,O II,377.7421,377.7421,377.742,air,16.0,16,22500000.0,B,212161.881,238627.46,2s2.2p2.(3P).3p,4S*,3/2,2s2.2p2.(3P).4s,4P,1/2
O,2,O II,378.498,,378.498,air,,,5830000.0,D,248515.30,274928.0,2s2.2p2.(3P).4p,2P*,3/2,2s2.2p2.(1D).4d,2D,5/2
O,2,O II,378.67,,378.67,air,,,970000.0,D,248515.30,274916.0,2s2.2p2.(3P).4p,2P*,3/2,2s2.2p2.(1D).4d,2D,3/2
O,3,O III,379.126,379.126,379.1275,air,110.0,110,22400000.0,C+,267634.00,294002.86,2s2.2p.(2P*).3s,3P*,2,2s2.2p.(2P*).3p,3D,2
O,2,O II,379.4361,379.4361,379.4359,air,14.0,14,6860000.0,C,214169.920,240517.35,2s2.2p2.(3P).3p,2P*,1/2,2s2.2p2.(3P).4s,2P,3/2
O,2,O II,380.2985,380.2985,380.2984,air,19.0,19,34100000.0,C,214229.671,240517.35,2s2.2p2.(3P).3p,2P*,3/2,2s2.2p2.(3P).4s,2P,3/2
O,3,O III,381.0985,,381.0985,air,,,2370000.0,C+,267634.00,293866.49,2s2.2p.(2P*).3s,3P*,2,2s2.2p.(2P*).3p,3D,1
O,2,O II,381.3706,381.3706,381.37301,air,6.0,6,37400.0,C,185499.124,211712.732,2s2.2p2.(3P).3s,4P,5/2,2s2.2p2.(3P).3p,2D*,5/2
O,3,O III,381.6751,,381.6751,air,,,9630000.0,C,306586.08,332778.94,2s2.2p.(2P*).3p,1D,2,2s2.2p.(2P*).3d,1P*,1
O,2,O II,382.1538,382.1538,382.1532,air,15.0,15,26900000.0,C,214169.920,240330.01,2s2.2p2.(3P).3p,2P*,1/2,2s2.2p2.(3P).4s,2P,1/2
O,1,O I,382.25769,,382.25769,air,,,117000.0,C,101135.407,127288.349,2s2.2p3.(2D*).3s,3D*,3,2s2.2p3.(2P*).3p,3D,2
O,1,O I,382.341,382.341,382.34136,air,120.0,120,663000.0,C+,101135.407,127282.626,2s2.2p3.(2D*).3s,3D*,3,2s2.2p3.(2P*).3p,3D,3
O,1,O I,382.38679,,382.38679,air,,,187000.0,C,101147.526,127291.638,2s2.2p3.(2D*).3s,3D*,2,2s2.2p3.(2P*).3p,3D,1
O,1,O I,382.43491,,382.43491,air,,,519000.0,C+,101147.526,127288.349,2s2.2p3.(2D*).3s,3D*,2,2s2.2p3.(2P*).3p,3D,2
O,1,O I,382.50232,,382.50232,air,,,559000.0,C+,101155.422,127291.638,2s2.2p3.(2D*).3s,3D*,1,2s2.2p3.(2P*).3p,3D,1
O,1,O I,382.51865,,382.51865,air,,,83100.0,C,101147.526,127282.626,2s2.2p3.(2D*).3s,3D*,2,2s2.2p3.(2P*).3p,3D,3
O,1,O I,382.55046,,382.55046,air,,,112000.0,C,101155.422,127288.349,2s2.2p3.(2D*).3s,3D*,1,2s2.2p3.(2P*).3p,3D,2
O,2,O II,383.029,383.029,383.0281,air,13.0,13,13300000.0,C,214229.671,240330.01,2s2.2p2.(3P).3p,2P*,3/2,2s2.2p2.(3P).4s,2P,1/2
O,2,O II,383.3074,383.3074,383.30706,air,12.0,12,1020000.0,C,206877.865,232959.210,2s2.2p2.(3P).3p,4D*,5/2,2s2.2p2.(3P).3d,2F,7/2
O,2,O II,383.5855,383.5855,383.58605,air,4.0,4,24500.0,C,208392.258,234454.634,2s2.2p2.(3P).3p,4P*,3/2,2s2.2p2.(3P).3d,2D,5/2
O,2,O II,383.66972,,383.66972,air,,,16400.0,C,208346.104,234402.797,2s2.2p2.(3P).3p,4P*,1/2,2s2.2p2.(3P).3d,2D,3/2
O,2,O II,384.2815,384.2815,384.28138,air,15.0,15,8130000.0,C,206730.762,232745.981,2s2.2p2.(3P).3p,4D*,1/2,2s2.2p2.(3P).3d,4D,3/2
O,2,O II,384.3587,384.3587,384.35832,air,14.0,14,3550000.0,C,206786.286,232796.298,2s2.2p2.(3P).3p,4D*,3/2,2s2.2p2.(3P).3d,2F,5/2
O,2,O II,384.7892,384.7892,384.7893,air,14.0,14,18700000.0,B+,206730.762,232711.642,2s2.2p2.(3P).3p,4D*,1/2,2s2.2p2.(3P).3d,4D,1/2
O,2,O II,385.0797,385.0797,385.07987,air,14.0,14,3400000.0,C,206786.286,232747.562,2s2.2p2.(3P).3p,4D*,3/2,2s2.2p2.(3P).3d,4D,5/2
O,2,O II,385.1032,385.1032,385.10332,air,17.0,17,15200000.0,B+,206786.286,232745.981,2s2.2p2.(3P).3p,4D*,3/2,2s2.2p2.(3P).3d,4D,3/2
O,2,O II,385.1471,385.1471,385.14735,air,15.0,15,2720000.0,C,207002.482,232959.210,2s2.2p2.(3P).3p,4D*,7/2,2s2.2p2.(3P).3d,2F,7/2
O,2,O II,385.2383,385.2383,385.2395,air,9.0,9,2980000.0,D,229947.07,255897.59,2s2.2p2.(1D).3p,2D*,5/2,2s2.2p2.(3P).4d,2D,5/2
O,3,O III,385.3474,,385.3474,air,,,520000.0,D,374571.64,400514.89,2s.2p2.(4P).3p,3D*,1,2s.2p2.(4P).3d,3P,0
O,1,O I,385.50139,,385.50139,air,,,1630000.0,B,102662.026,128594.916,2s2.2p3.(2D*).3s,1D*,2,2s2.2p3.(2P*).3p,1D,2
O,2,O II,385.557,,385.557,air,,,212000.0,D,229968.44,255897.59,2s2.2p2.(1D).3p,2D*,3/2,2s2.2p2.(3P).4d,2D,5/2
O,2,O II,385.6134,385.6134,385.61342,air,16.0,16,24500000.0,C+,206786.286,232711.642,2s2.2p2.(3P).3p,4D*,3/2,2s2.2p2.(3P).3d,4D,1/2
O,2,O II,385.7166,385.7166,385.71642,air,17.0,17,6590000.0,C,206877.865,232796.298,2s2.2p2.(3P).3p,4D*,5/2,2s2.2p2.(3P).3d,2F,5/2
O,2,O II,386.053,,386.053,air,,,317000.0,D,229947.07,255842.91,2s2.2p2.(1D).3p,2D*,5/2,2s2.2p2.(3P).4d,2D,3/2
O,3,O III,386.1497,,386.1497,air,,,129000.0,D,374571.64,400460.99,2s.2p2.(4P).3p,3D*,1,2s.2p2.(4P).3d,3P,1
O,2,O II,386.3502,386.3502,386.34969,air,17.0,17,5990000.0,B+,206877.865,232753.816,2s2.2p2.(3P).3p,4D*,5/2,2s2.2p2.(3P).3d,4D,7/2
O,2,O II,386.3718,,386.3718,air,,,2850000.0,D,229968.44,255842.91,2s2.2p2.(1D).3p,2D*,3/2,2s2.2p2.(3P).4d,2D,3/2
O,2,O II,386.4125,386.4125,386.41272,air,11.0,11,9120000.0,C,206730.762,232602.492,2s2.2p2.(3P).3p,4D*,1/2,2s2.2p2.(3P).3d,4P,1/2
O,2,O II,386.4426,386.4426,386.44309,air,17.0,17,20600000.0,B+,206877.865,232747.562,2s2.2p2.(3P).3p,4D*,5/2,2s2.2p2.(3P).3d,4D,5/2
O,2,O II,386.4667,386.4667,386.46671,air,16.0,16,19100000.0,C+,206877.865,232745.981,2s2.2p2.(3P).3p,4D*,5/2,2s2.2p2.(3P).3d,4D,3/2
O,2,O II,387.2439,387.2439,387.24382,air,10.0,10,484000.0,C,206786.286,232602.492,2s2.2p2.(3P).3p,4D*,3/2,2s2.2p2.(3P).3d,4P,1/2
O,2,O II,387.4092,387.4092,387.40918,air,12.0,12,3260000.0,C,206730.762,232535.949,2s2.2p2.(3P).3p,4D*,1/2,2s2.2p2.(3P).3d,4P,3/2
O,3,O III,387.5251,,387.5251,air,,,383000.0,C,374663.52,400460.99,2s.2p2.(4P).3p,3D*,2,2s.2p2.(4P).3d,3P,1
O,2,O II,387.5796,387.5796,387.57997,air,13.0,13,3380000.0,C,207002.482,232796.298,2s2.2p2.(3P).3p,4D*,7/2,2s2.2p2.(3P).3d,2F,5/2
O,3,O III,387.7889,,387.7889,air,,,5100.0,D,374571.64,400351.56,2s.2p2.(4P).3p,3D*,1,2s.2p2.(4P).3d,3P,2
O,2,O II,388.2192,388.2192,388.21937,air,20.0,20,51000000.0,B+,207002.482,232753.816,2s2.2p2.(3P).3p,4D*,7/2,2s2.2p2.(3P).3d,4D,7/2
O,2,O II,388.2446,388.2446,388.24457,air,13.0,13,8940000.0,C,206786.286,232535.949,2s2.2p2.(3P).3p,4D*,3/2,2s2.2p2.(3P).3d,4P,3/2
O,2,O II,388.313,388.313,388.31368,air,14.0,14,10700000.0,B+,207002.482,232747.562,2s2.2p2.(3P).3p,4D*,7/2,2s2.2p2.(3P).3d,4D,5/2
O,3,O III,388.676,,388.676,air,,,1230000.0,C+,366488.45,392209.53,2s2.2p.(2P*).4p,3D,1,2s2.2p.(2P*).5s,3P*,2
O,3,O III,389.1759,,389.1759,air,,,75700.0,D,374663.52,400351.56,2s.2p2.(4P).3p,3D*,2,2s.2p2.(4P).3d,3P,2
O,2,O II,389.3516,389.3516,389.3518,air,11.0,11,1890000.0,C,206786.286,232462.724,2s2.2p2.(3P).3p,4D*,3/2,2s2.2p2.(3P).3d,4P,5/2
O,2,O II,389.6304,389.6304,389.63032,air,10.0,10,162000.0,C,206877.865,232535.949,2s2.2p2.(3P).3p,4D*,5/2,2s2.2p2.(3P).3d,4P,3/2
O,3,O III,390.3044,,390.3044,air,,,18200000.0,C+,366595.76,392209.53,2s2.2p.(2P*).4p,3D,2,2s2.2p.(2P*).5s,3P*,2
O,2,O II,390.7455,390.7455,390.74549,air,15.0,15,8640000.0,C,206877.865,232462.724,2s2.2p2.(3P).3p,4D*,5/2,2s2.2p2.(3P).3d,4P,5/2
O,3,O III,391.1803,,391.1803,air,,,417000.0,C,374795.14,400351.56,2s.2p2.(4P).3p,3D*,3,2s.2p2.(4P).3d,3P,2
O,2,O II,391.1957,391.1957,391.1958,air,20.0,20,109000000.0,B+,206971.68,232527.09,2s2.2p2.(1D).3s,2D,5/2,2s2.2p2.(1D).3p,2P*,3/2
O,2,O II,391.2107,391.2107,391.2117,air,16.0,16,14100000.0,B,206972.72,232527.09,2s2.2p2.(1D).3s,2D,3/2,2s2.2p2.(1D).3p,2P*,3/2
O,2,O II,391.7537,391.7537,391.7535,air,7.0,7,764000.0,D,229947.07,255466.10,2s2.2p2.(1D).3p,2D*,5/2,2s2.2p2.(3P).4d,2F,7/2
O,2,O II,391.9285,391.9285,391.9272,air,18.0,18,122000000.0,B+,206972.72,232480.44,2s2.2p2.(1D).3s,2D,3/2,2s2.2p2.(1D).3p,2P*,1/2
O,2,O II,392.6584,392.6584,392.65806,air,5.0,5,505000.0,C,207002.482,232462.724,2s2.2p2.(3P).3p,4D*,7/2,2s2.2p2.(3P).3d,4P,5/2
O,3,O III,393.1351,,393.1351,air,,,29600000.0,C+,366488.45,391917.80,2s2.2p.(2P*).4p,3D,1,2s2.2p.(2P*).5s,3P*,1
O,3,O III,393.4823,,393.4823,air,,,99300000.0,C+,366802.62,392209.53,2s2.2p.(2P*).4p,3D,3,2s2.2p.(2P*).5s,3P*,2
O,2,O II,394.2873,,394.2873,air,,,50000.0,E,229947.07,255302.11,2s2.2p2.(1D).3p,2D*,5/2,2s2.2p2.(3P).4d,2F,5/2
O,3,O III,394.4854,,394.4854,air,,,117000000.0,C+,366488.45,391830.76,2s2.2p.(2P*).4p,3D,1,2s2.2p.(2P*).5s,3P*,0
O,2,O II,394.50375,394.50375,394.50376,air,19.0,19,20100000.0,B,188888.543,214229.671,2s2.2p2.(3P).3s,2P,1/2,2s2.2p2.(3P).3p,2P*,3/2
O,2,O II,394.6199,,394.6199,air,,,698000.0,D,229968.44,255302.11,2s2.2p2.(1D).3p,2D*,3/2,2s2.2p2.(3P).4d,2F,5/2
O,1,O I,394.729,394.729,394.72949,air,185.0,185,491000.0,B,73768.200,99094.837,2s2.2p3.(4S*).3s,5S*,2,2s2.2p3.(4S*).4p,5P,3
O,1,O I,394.748,394.748,394.74813,air,160.0,160,488000.0,B,73768.200,99093.641,2s2.2p3.(4S*).3s,5S*,2,2s2.2p3.(4S*).4p,5P,2
O,1,O I,394.759,394.759,394.75862,air,140.0,140,487000.0,B,73768.200,99092.968,2s2.2p3.(4S*).3s,5S*,2,2s2.2p3.(4S*).4p,5P,1
O,3,O III,394.8012,,394.8012,air,,,87800000.0,C+,366595.76,391917.80,2s2.2p.(2P*).4p,3D,2,2s2.2p.(2P*).5s,3P*,1
O,2,O II,394.9345,,394.9345,air,,,9800000.0,D,229968.44,255281.93,2s2.2p2.(1D).3p,2D*,3/2,2s2.2p2.(3P).4d,2P,1/2
O,1,O I,395.19278,,395.19278,air,,,310000.0,C,88630.587,113927.534,2s2.2p3.(4S*).3p,3P,1,2s2.2p3.(2P*).3s,3P*,0
O,1,O I,395.28877,,395.28877,air,,,77400.0,C,88630.587,113921.391,2s2.2p3.(4S*).3p,3P,1,2s2.2p3.(2P*).3s,3P*,1
O,1,O I,395.29751,,395.29751,air,,,129000.0,C,88631.146,113921.391,2s2.2p3.(4S*).3p,3P,2,2s2.2p3.(2P*).3s,3P*,1
O,1,O I,395.29996,,395.29996,air,,,103000.0,C,88631.303,113921.391,2s2.2p3.(4S*).3p,3P,0,2s2.2p3.(2P*).3s,3P*,1
O,2,O II,395.43619,395.43619,395.43617,air,20.0,20,85700000.0,B,188888.543,214169.920,2s2.2p2.(3P).3s,2P,1/2,2s2.2p2.(3P).3p,2P*,1/2
O,1,O I,395.45192,,395.45192,air,,,77300.0,C,88630.587,113910.957,2s2.2p3.(4S*).3p,3P,1,2s2.2p3.(2P*).3s,3P*,2
O,1,O I,395.461,395.461,395.46067,air,100.0,100,232000.0,C+,88631.146,113910.957,2s2.2p3.(4S*).3p,3P,2,2s2.2p3.(2P*).3s,3P*,2
O,3,O III,396.159,396.159,396.1573,air,200.0,200,125000000.0,B,306586.08,331821.44,2s2.2p.(2P*).3p,1D,2,2s2.2p.(2P*).3d,1F*,3
O,2,O II,396.2963,,396.2963,air,,,8730000.0,D,229947.07,255173.58,2s2.2p2.(1D).3p,2D*,5/2,2s2.2p2.(3P).4d,2P,3/2
O,2,O II,396.6323,,396.6323,air,,,967000.0,D,229968.44,255173.58,2s2.2p2.(1D).3p,2D*,3/2,2s2.2p2.(3P).4d,2P,3/2
O,2,O II,396.737,,396.737,air,,,1000000.0,C,208346.104,233544.59,2s2.2p2.(3P).3p,4P*,1/2,2s2.2p2.(3P).3d,2P,1/2
O,2,O II,397.32562,397.32562,397.3256,air,24.0,24,102000000.0,B,189068.514,214229.671,2s2.2p2.(3P).3s,2P,3/2,2s2.2p2.(3P).3p,2P*,3/2
O,2,O II,398.2714,398.2714,398.27141,air,18.0,18,41600000.0,B,189068.514,214169.920,2s2.2p2.(3P).3s,2P,3/2,2s2.2p2.(3P).3p,2P*,1/2
O,2,O II,398.5418,398.5418,398.541,air,7.0,7,668000.0,C,208346.104,233430.53,2s2.2p2.(3P).3p,4P*,1/2,2s2.2p2.(3P).3d,2P,3/2
O,2,O II,399.2757,399.2757,399.2757,air,5.0,5,127000.0,C,208392.258,233430.53,2s2.2p2.(3P).3p,4P*,3/2,2s2.2p2.(3P).3d,2P,3/2
O,1,O I,399.79533,,399.79533,air,,,2410000.0,B,102662.026,127667.754,2s2.2p3.(2D*).3s,1D*,2,2s2.2p3.(2P*).3p,1P,1
O,1,O I,405.477,,405.477,air,,,272000.0,C+,99680.968,124336.3,2s2.2p3.(4S*).4p,3P,1,2s2.2p3.(2D*<3/2>).3d,3S*,1
O,1,O I,405.479,,405.479,air,,,456000.0,B,99681.049,124336.3,2s2.2p3.(4S*).4p,3P,2,2s2.2p3.(2D*<3/2>).3d,3S*,1
O,1,O I,405.483,,405.483,air,,,90500.0,C,99681.309,124336.3,2s2.2p3.(4S*).4p,3P,0,2s2.2p3.(2D*<3/2>).3d,3S*,1
O,1,O I,406.67,,406.67,air,,,96000.0,C,99680.968,124264.0,2s2.2p3.(4S*).4p,3P,1,2s2.2p3.(2D*<5/2>).3d,3D*,1
O,1,O I,406.671,,406.671,air,,,6430.0,D,99681.049,124264.0,2s2.2p3.(4S*).4p,3P,2,2s2.2p3.(2D*<5/2>).3d,3D*,1
O,1,O I,406.675,,406.675,air,,,128000.0,C,99681.309,124264.0,2s2.2p3.(4S*).4p,3P,0,2s2.2p3.(2D*<5/2>).3d,3D*,1
O,1,O I,406.774,,406.774,air,,,174000.0,C+,99680.968,124257.7,2s2.2p3.(4S*).4p,3P,1,2s2.2p3.(2D*<5/2>).3d,3D*,2
O,1,O I,406.775,,406.775,air,,,58400.0,C,99681.049,124257.7,2s2.2p3.(4S*).4p,3P,2,2s2.2p3.(2D*<5/2>).3d,3D*,2
O,1,O I,406.951,,406.951,air,,,235000.0,C+,99681.049,124247.1,2s2.2p3.(4S*).4p,3P,2,2s2.2p3.(2D*<5/2>).3d,3D*,3
O,2,O II,406.9623,406.9623,406.9623,air,20.0,20,142000000.0,B+,206730.762,231296.126,2s2.2p2.(3P).3p,4D*,1/2,2s2.2p2.(3P).3d,4F,3/2
O,2,O II,406.9886,406.9886,406.98819,air,21.0,21,148000000.0,B+,206786.286,231350.087,2s2.2p2.(3P).3p,4D*,3/2,2s2.2p2.(3P).3d,4F,5/2
O,2,O II,407.2157,407.2157,407.21525,air,23.0,23,179000000.0,B+,206877.865,231427.970,2s2.2p2.(3P).3p,4D*,5/2,2s2.2p2.(3P).3d,4F,7/2
O,3,O III,407.2643,,407.2643,air,,,33700000.0,C+,350024.49,374571.64,2s.2p2.(4P).3s,3P,0,2s.2p2.(4P).3p,3D*,1
O,3,O III,407.3984,,407.3984,air,,,45400000.0,C+,350124.45,374663.52,2s.2p2.(4P).3s,3P,1,2s.2p2.(4P).3p,3D*,2
O,2,O II,407.5862,407.5862,407.58617,air,24.0,24,198000000.0,B+,207002.482,231530.246,2s2.2p2.(3P).3p,4D*,7/2,2s2.2p2.(3P).3d,4F,9/2
O,2,O II,407.8842,407.8842,407.88424,air,17.0,17,52100000.0,B+,206786.286,231296.126,2s2.2p2.(3P).3p,4D*,3/2,2s2.2p2.(3P).3d,4F,3/2
O,3,O III,408.102,,408.102,air,,,60200000.0,C+,350298.38,374795.14,2s.2p2.(4P).3s,3P,2,2s.2p2.(4P).3p,3D*,3
O,3,O III,408.426,,408.426,air,,,90200.0,C,273081.33,297558.66,2s2.2p.(2P*).3s,1P*,1,2s2.2p.(2P*).3p,3S,1
O,2,O II,408.4652,408.4652,408.46474,air,13.0,13,7280000.0,C,208484.202,232959.210,2s2.2p2.(3P).3p,4P*,5/2,2s2.2p2.(3P).3d,2F,7/2
O,2,O II,408.51125,408.51125,408.51124,air,19.0,19,43100000.0,B+,206877.865,231350.087,2s2.2p2.(3P).3p,4D*,5/2,2s2.2p2.(3P).3d,4F,5/2
O,3,O III,408.9295,,408.9295,air,,,24900000.0,C+,350124.45,374571.64,2s.2p2.(4P).3s,3P,1,2s.2p2.(4P).3p,3D*,1
O,2,O II,409.29289,409.29289,409.29287,air,17.0,17,24500000.0,B+,207002.482,231427.970,2s2.2p2.(3P).3p,4D*,7/2,2s2.2p2.(3P).3d,4F,7/2
O,2,O II,409.414,409.414,409.41401,air,11.0,11,3850000.0,C+,206877.865,231296.126,2s2.2p2.(3P).3p,4D*,5/2,2s2.2p2.(3P).3d,4F,3/2
O,2,O II,409.6525,409.6525,409.6526,air,15.0,15,17300000.0,C,208392.258,232796.298,2s2.2p2.(3P).3p,4P*,3/2,2s2.2p2.(3P).3d,2F,5/2
O,2,O II,409.7258,409.7258,409.72249,air,17.0,17*,37900000.0,C+,208346.104,232745.981,2s2.2p2.(3P).3p,4P*,1/2,2s2.2p2.(3P).3d,4D,3/2
O,2,O II,410.3001,410.3001,410.29994,air,14.0,14,53200000.0,C+,208346.104,232711.642,2s2.2p2.(3P).3p,4P*,1/2,2s2.2p2.(3P).3d,4D,1/2
O,3,O III,410.3066,,410.3066,air,,,14800000.0,C+,350298.38,374663.52,2s.2p2.(4P).3s,3P,2,2s.2p2.(4P).3p,3D*,2
O,2,O II,410.47231,410.47231,410.47235,air,16.0,16,32900000.0,C+,208392.258,232747.562,2s2.2p2.(3P).3p,4P*,3/2,2s2.2p2.(3P).3d,4D,5/2
O,2,O II,410.4993,410.4993,410.49899,air,18.0,18,95500000.0,C+,208392.258,232745.981,2s2.2p2.(3P).3p,4P*,3/2,2s2.2p2.(3P).3d,4D,3/2
O,2,O II,410.6019,410.6019,410.60214,air,9.0,9,1510000.0,B+,207002.482,231350.087,2s2.2p2.(3P).3p,4D*,7/2,2s2.2p2.(3P).3d,4F,5/2
O,2,O II,410.9839,410.9839,410.9841,air,6.0,6,1210000.0,D,228723.84,253048.82,2s2.2p2.(1D).3p,2F*,5/2,2s2.2p2.(1D).3d,2D,5/2
O,2,O II,411.0198,411.0198,411.0192,air,10.0,10,25400000.0,D,228723.84,253046.74,2s2.2p2.(1D).3p,2F*,5/2,2s2.2p2.(1D).3d,2D,3/2
O,2,O II,411.07858,411.07858,411.07863,air,15.0,15,80500000.0,C+,208392.258,232711.642,2s2.2p2.(3P).3p,4P*,3/2,2s2.2p2.(3P).3d,4D,1/2
O,2,O II,411.2022,411.2022,411.20186,air,15.0,15,18100000.0,C,208484.202,232796.298,2s2.2p2.(3P).3p,4P*,5/2,2s2.2p2.(3P).3d,2F,5/2
O,2,O II,411.3835,411.3835,411.3834,air,12.0,12,24100000.0,D,228747.45,253048.82,2s2.2p2.(1D).3p,2F*,7/2,2s2.2p2.(1D).3d,2D,5/2
O,3,O III,411.8598,,411.8598,air,,,1630000.0,C+,350298.38,374571.64,2s.2p2.(4P).3s,3P,2,2s.2p2.(4P).3p,3D*,1
O,2,O II,411.9215,411.9215,411.92165,air,22.0,22,139000000.0,C+,208484.202,232753.816,2s2.2p2.(3P).3p,4P*,5/2,2s2.2p2.(3P).3d,4D,7/2
O,2,O II,412.028,412.028,412.02783,air,17.0,17,22500000.0,C+,208484.202,232747.562,2s2.2p2.(3P).3p,4P*,5/2,2s2.2p2.(3P).3d,4D,5/2
O,2,O II,412.0544,412.0544,412.05468,air,14.0,14,29500000.0,C,208484.202,232745.981,2s2.2p2.(3P).3p,4P*,5/2,2s2.2p2.(3P).3d,4D,3/2
O,2,O II,412.14619,412.14619,412.14626,air,14.0,14,56000000.0,C,208346.104,232602.492,2s2.2p2.(3P).3p,4P*,1/2,2s2.2p2.(3P).3d,4P,1/2
O,3,O III,412.1591,,412.1591,air,,,17300000.0,C+,367953.90,392209.53,2s2.2p.(2P*).4p,3S,1,2s2.2p.(2P*).5s,3P*,2
O,2,O II,412.9321,412.9321,412.93198,air,11.0,11,16500000.0,B,208392.258,232602.492,2s2.2p2.(3P).3p,4P*,3/2,2s2.2p2.(3P).3d,4P,1/2
O,2,O II,413.28004,413.28004,413.28004,air,17.0,17,84000000.0,B,208346.104,232535.949,2s2.2p2.(3P).3p,4P*,1/2,2s2.2p2.(3P).3d,4P,3/2
O,2,O II,414.0703,414.0703,414.0701,air,8.0,8,3760000.0,B,208392.258,232535.949,2s2.2p2.(3P).3p,4P*,3/2,2s2.2p2.(3P).3d,4P,3/2
O,2,O II,415.3298,415.3298,415.32977,air,18.0,18,72800000.0,B,208392.258,232462.724,2s2.2p2.(3P).3p,4P*,3/2,2s2.2p2.(3P).3d,4P,5/2
O,2,O II,415.653,415.653,415.65302,air,13.0,13,19400000.0,B,208484.202,232535.949,2s2.2p2.(3P).3p,4P*,5/2,2s2.2p2.(3P).3d,4P,3/2
O,2,O II,416.9225,416.9225,416.92236,air,15.0,15,24900000.0,B,208484.202,232462.724,2s2.2p2.(3P).3p,4P*,5/2,2s2.2p2.(3P).3d,4P,5/2
O,3,O III,417.1768,,417.1768,air,,,16700000.0,C+,367953.90,391917.80,2s2.2p.(2P*).4p,3S,1,2s2.2p.(2P*).5s,3P*,1
O,2,O II,418.5449,418.5449,418.544,air,19.0,19,191000000.0,D,228723.84,252609.46,2s2.2p2.(1D).3p,2F*,5/2,2s2.2p2.(1D).3d,2G,7/2
O,3,O III,418.6975,,418.6975,air,,,16500000.0,C+,367953.90,391830.76,2s2.2p.(2P*).4p,3S,1,2s2.2p.(2P*).5s,3P*,0
O,2,O II,418.9581,,418.9581,air,,,7060000.0,D,228747.45,252609.46,2s2.2p2.(1D).3p,2F*,7/2,2s2.2p2.(1D).3d,2G,7/2
O,2,O II,418.9789,418.9789,418.9788,air,20.0,20,198000000.0,D,228747.45,252608.28,2s2.2p2.(1D).3p,2F*,7/2,2s2.2p2.(1D).3d,2G,9/2
O,2,O II,419.2518,419.2518,419.2512,air,12.0,12,32100000.0,D,229947.07,253792.40,2s2.2p2.(1D).3p,2D*,5/2,2s2.2p2.(1D).3d,2P,3/2
O,2,O II,419.626,419.626,419.6273,air,6.0,6,3560000.0,D,229968.44,253792.40,2s2.2p2.(1D).3p,2D*,3/2,2s2.2p2.(1D).3d,2P,3/2
O,2,O II,419.6701,419.6701,419.6697,air,10.0,10,35600000.0,D,229968.44,253789.99,2s2.2p2.(1D).3p,2D*,3/2,2s2.2p2.(1D).3d,2P,1/2
O,1,O I,421.7088,,421.7088,air,,,544000.0,C,99680.968,123387.339,2s2.2p3.(4S*).4p,3P,1,2s2.2p3.(2D*<3/2>).3d,3P*,0
O,3,O III,421.8303,,421.8303,air,,,43600.0,C,267258.71,290958.25,2s2.2p.(2P*).3s,3P*,0,2s2.2p.(2P*).3p,1P,1
O,1,O I,422.2757,,422.2757,air,,,136000.0,C,99680.968,123355.512,2s2.2p3.(4S*).4p,3P,1,2s2.2p3.(2D*<3/2>).3d,3P*,1
O,1,O I,422.2771,,422.2771,air,,,226000.0,C,99681.049,123355.512,2s2.2p3.(4S*).4p,3P,2,2s2.2p3.(2D*<3/2>).3d,3P*,1
O,1,O I,422.2818,,422.2818,air,,,181000.0,C,99681.309,123355.512,2s2.2p3.(4S*).4p,3P,0,2s2.2p3.(2D*<3/2>).3d,3P*,1
O,1,O I,423.326,,423.326,air,,,135000.0,C,99680.968,123296.777,2s2.2p3.(4S*).4p,3P,1,2s2.2p3.(2D*<3/2>).3d,3P*,2
O,1,O I,423.327,423.327,423.3274,air,80.0,80,404000.0,C+,99681.049,123296.777,2s2.2p3.(4S*).4p,3P,2,2s2.2p3.(2D*<3/2>).3d,3P*,2
O,3,O III,423.9483,,423.9483,air,,,362000.0,C,267377.11,290958.25,2s2.2p.(2P*).3s,3P*,1,2s2.2p.(2P*).3p,1P,1
O,2,O II,427.7706,427.7706,427.7695,air,6.0,6,6930000.0,D,232527.09,255897.59,2s2.2p2.(1D).3p,2P*,3/2,2s2.2p2.(3P).4d,2D,5/2
O,2,O II,427.9156,427.9156,427.9165,air,7.0,7,5770000.0,D,232480.44,255842.91,2s2.2p2.(1D).3p,2P*,1/2,2s2.2p2.(3P).4d,2D,3/2
O,3,O III,428.6177,,428.6177,air,,,32.0,C,267634.00,290958.25,2s2.2p.(2P*).3s,3P*,2,2s2.2p.(2P*).3p,1P,1
O,2,O II,428.7734,428.7734,428.7727,air,5.0,5,1150000.0,D,232527.09,255842.91,2s2.2p2.(1D).3p,2P*,3/2,2s2.2p2.(3P).4d,2D,3/2
O,2,O II,431.7138,431.7138,431.7139,air,19.0,19,36800000.0,B,185235.281,208392.258,2s2.2p2.(3P).3s,4P,1/2,2s2.2p2.(3P).3p,4P*,3/2
O,2,O II,431.9629,431.9629,431.963,air,19.0,19,24800000.0,B,185340.577,208484.202,2s2.2p2.(3P).3s,4P,3/2,2s2.2p2.(3P).3p,4P*,5/2
O,2,O II,431.9866,,431.9866,air,,,56200000.0,D,232480.44,255622.80,2s2.2p2.(1D).3p,2P*,1/2,2s2.2p2.(1D).3d,2S,1/2
O,2,O II,432.5758,432.5758,432.5761,air,15.0,15,14200000.0,B,185235.281,208346.104,2s2.2p2.(3P).3s,4P,1/2,2s2.2p2.(3P).3p,4P*,1/2
O,2,O II,432.7465,432.7465,432.746,air,12.0,12,67600000.0,D,229947.07,253048.82,2s2.2p2.(1D).3p,2D*,5/2,2s2.2p2.(1D).3d,2D,5/2
O,2,O II,432.7851,432.7851,432.7849,air,6.0,6,7240000.0,D,229947.07,253046.74,2s2.2p2.(1D).3p,2D*,5/2,2s2.2p2.(1D).3d,2D,3/2
O,2,O II,432.8586,432.8586,432.8591,air,11.0,11,112000000.0,D,232527.09,255622.80,2s2.2p2.(1D).3p,2P*,3/2,2s2.2p2.(1D).3d,2S,1/2
O,2,O II,433.1468,433.1468,433.1466,air,6.0,6,4820000.0,D,229968.44,253048.82,2s2.2p2.(1D).3p,2D*,3/2,2s2.2p2.(1D).3d,2D,5/2
O,2,O II,433.1862,433.1862,433.1857,air,11.0,11,65000000.0,D,229968.44,253046.74,2s2.2p2.(1D).3p,2D*,3/2,2s2.2p2.(1D).3d,2D,3/2
O,3,O III,433.3579,,433.3579,air,,,121000.0,C,327229.25,350298.38,2s2.2p.(2P*).3d,3D*,1,2s.2p2.(4P).3s,3P,2
O,2,O II,433.6862,433.6862,433.6859,air,17.0,17,15300000.0,B,185340.577,208392.258,2s2.2p2.(3P).3s,4P,3/2,2s2.2p2.(3P).3p,4P*,3/2
O,3,O III,434.2813,,434.2813,air,,,1810000.0,C+,327278.30,350298.38,2s2.2p.(2P*).3d,3D*,2,2s.2p2.(4P).3s,3P,2
O,2,O II,434.556,434.556,434.556,air,19.0,19,79500000.0,B,185340.577,208346.104,2s2.2p2.(3P).3s,4P,3/2,2s2.2p2.(3P).3p,4P*,1/2
O,2,O II,434.7223,434.7223,434.7217,air,10.0,10*,11900000.0,B+,206971.68,229968.44,2s2.2p2.(1D).3s,2D,5/2,2s2.2p2.(1D).3p,2D*,3/2
O,2,O II,434.742,434.742,434.7413,air,19.0,19,93200000.0,B+,206972.72,229968.44,2s2.2p2.(1D).3s,2D,3/2,2s2.2p2.(1D).3p,2D*,3/2
O,2,O II,434.9426,434.9426,434.9426,air,23.0,23,67500000.0,B,185499.124,208484.202,2s2.2p2.(3P).3s,4P,5/2,2s2.2p2.(3P).3p,4P*,5/2
O,2,O II,435.1262,435.1262,435.126,air,21.0,21,98900000.0,B+,206971.68,229947.07,2s2.2p2.(1D).3s,2D,5/2,2s2.2p2.(1D).3p,2D*,5/2
O,2,O II,435.1457,,435.1457,air,,,5820000.0,B,206972.72,229947.07,2s2.2p2.(1D).3s,2D,3/2,2s2.2p2.(1D).3p,2D*,5/2
O,2,O II,435.4589,,435.4589,air,,,21900.0,C,208392.258,231350.087,2s2.2p2.(3P).3p,4P*,3/2,2s2.2p2.(3P).3d,4F,5/2
O,3,O III,435.6794,,435.6794,air,,,10000000.0,C+,327352.17,350298.38,2s2.2p.(2P*).3d,3D*,3,2s.2p2.(4P).3s,3P,2
O,2,O II,435.7252,435.7252,435.7257,air,10.0,10*,27200.0,C,208484.202,231427.970,2s2.2p2.(3P).3p,4P*,5/2,2s2.2p2.(3P).3d,4F,7/2
O,2,O II,435.9392,435.9392,435.9395,air,7.0,7,1440000.0,C+,211522.117,234454.634,2s2.2p2.(3P).3p,2D*,3/2,2s2.2p2.(3P).3d,2D,5/2
O,3,O III,436.3209,,436.3209,air,,,1.71,B,20273.27,43185.74,2s2.2p2,1D,2,2s2.2p2,1S,0
O,3,O III,436.6501,,436.6501,air,,,2960000.0,C+,327229.25,350124.45,2s2.2p.(2P*).3d,3D*,1,2s.2p2.(4P).3s,3P,1
O,2,O II,436.6892,436.6892,436.6895,air,20.0,20,39200000.0,B,185499.124,208392.258,2s2.2p2.(3P).3s,4P,5/2,2s2.2p2.(3P).3p,4P*,3/2
O,1,O I,436.8193,,436.8193,air,,,756000.0,B,76794.978,99681.309,2s2.2p3.(4S*).3s,3S*,1,2s2.2p3.(4S*).4p,3P,0
O,1,O I,436.8242,,436.8242,air,,,759000.0,B,76794.978,99681.049,2s2.2p3.(4S*).3s,3S*,1,2s2.2p3.(4S*).4p,3P,2
O,1,O I,436.825,436.825,436.8258,air,100.0,100,758000.0,B,76794.978,99680.968,2s2.2p3.(4S*).3s,3S*,1,2s2.2p3.(4S*).4p,3P,1
O,2,O II,436.9275,436.9275,436.9272,air,13.0,13,35700000.0,B,211522.117,234402.797,2s2.2p2.(3P).3p,2D*,3/2,2s2.2p2.(3P).3d,2D,3/2
O,3,O III,437.5876,,437.5876,air,,,8830000.0,C+,327278.30,350124.45,2s2.2p.(2P*).3d,3D*,2,2s.2p2.(4P).3s,3P,1
O,2,O II,438.4446,,438.4446,air,,,2290000.0,D,232480.44,255281.93,2s2.2p2.(1D).3p,2P*,1/2,2s2.2p2.(3P).4d,2P,1/2
O,3,O III,438.5649,,438.5649,air,,,11700000.0,C+,327229.25,350024.49,2s2.2p.(2P*).3d,3D*,1,2s.2p2.(4P).3s,3P,0
O,2,O II,439.3435,,439.3435,air,,,1140000.0,E,232527.09,255281.93,2s2.2p2.(1D).3p,2P*,3/2,2s2.2p2.(3P).4d,2P,1/2
O,2,O II,439.5942,439.5942,439.5935,air,15.0,15,39100000.0,B,211712.732,234454.634,2s2.2p2.(3P).3p,2D*,5/2,2s2.2p2.(3P).3d,2D,5/2
O,2,O II,440.5381,,440.5381,air,,,565000.0,E,232480.44,255173.58,2s2.2p2.(1D).3p,2P*,1/2,2s2.2p2.(3P).4d,2P,3/2
O,2,O II,440.5987,440.5987,440.5978,air,8.0,8,4300000.0,B,211712.732,234402.797,2s2.2p2.(3P).3p,2D*,5/2,2s2.2p2.(3P).3d,2D,3/2
O,2,O II,441.4456,,441.4456,air,,,2810000.0,D,232527.09,255173.58,2s2.2p2.(1D).3p,2P*,3/2,2s2.2p2.(3P).4d,2P,3/2
O,2,O II,441.4905,441.4905,441.4899,air,27.0,27,84700000.0,B,189068.514,211712.732,2s2.2p2.(3P).3s,2P,3/2,2s2.2p2.(3P).3p,2D*,5/2
O,2,O II,441.6974,441.6974,441.6975,air,25.0,25,71600000.0,B,188888.543,211522.117,2s2.2p2.(3P).3s,2P,1/2,2s2.2p2.(3P).3p,2D*,3/2
O,2,O II,443.9482,,443.9482,air,,,144000.0,D,232462.724,254981.55,2s2.2p2.(3P).3d,4P,5/2,2s.2p3.(5S*).3s,4S*,3/2
O,3,O III,444.0093,,444.0093,air,,,44200000.0,C+,376079.92,398595.65,2s.2p2.(4P).3p,5S*,2,2s.2p2.(4P).3d,5P,1
O,2,O II,444.3007,444.3007,444.301,air,15.0,15,50500000.0,D,228723.84,251224.79,2s2.2p2.(1D).3p,2F*,5/2,2s2.2p2.(1D).3d,2F,5/2
O,2,O II,444.3516,444.3516,444.3523,air,8.0,8,1890000.0,D,228723.84,251222.19,2s2.2p2.(1D).3p,2F*,5/2,2s2.2p2.(1D).3d,2F,7/2
O,2,O II,444.7673,444.7673,444.7676,air,5.0,5,2520000.0,D,228747.45,251224.79,2s2.2p2.(1D).3p,2F*,7/2,2s2.2p2.(1D).3d,2F,5/2
O,3,O III,444.7694,,444.7694,air,,,44000000.0,C+,376079.92,398557.17,2s.2p2.(4P).3p,5S*,2,2s.2p2.(4P).3d,5P,2
O,2,O II,444.8186,444.8186,444.8191,air,16.0,16,51000000.0,D,228747.45,251222.19,2s2.2p2.(1D).3p,2F*,7/2,2s2.2p2.(1D).3d,2F,7/2
O,2,O II,445.2375,445.2375,445.2378,air,18.0,18,13700000.0,B,189068.514,211522.117,2s2.2p2.(3P).3s,2P,3/2,2s2.2p2.(3P).3p,2D*,3/2
O,2,O II,445.3966,,445.3966,air,,,95400.0,D,232535.949,254981.55,2s2.2p2.(3P).3d,4P,3/2,2s.2p3.(5S*).3s,4S*,3/2
O,3,O III,446.1607,,446.1607,air,,,43600000.0,C+,376079.92,398487.08,2s.2p2.(4P).3p,5S*,2,2s.2p2.(4P).3d,5P,3
O,2,O II,446.6241,446.6241,446.6235,air,15.0,15,90000000.0,C+,230609.45,252993.39,2s2.2p2.(1S).3s,2S,1/2,2s2.2p2.(1S).3p,2P*,3/2
O,2,O II,446.721,,446.721,air,,,47300.0,E,232602.492,254981.55,2s2.2p2.(3P).3d,4P,1/2,2s.2p3.(5S*).3s,4S*,3/2
O,2,O II,446.7475,446.7475,446.7465,air,13.0,13,90000000.0,C+,230609.45,252987.23,2s2.2p2.(1S).3s,2S,1/2,2s2.2p2.(1S).3p,2P*,1/2
O,2,O II,448.4504,,448.4504,air,,,19300.0,C,212161.881,234454.634,2s2.2p2.(3P).3p,4S*,3/2,2s2.2p2.(3P).3d,2D,5/2
O,3,O III,449.337,,449.337,air,,,9170000.0,C+,379356.75,401605.52,2s2.2p.(2P*).4d,3D*,3,2s.2p2.(4P).3d,3F,4
O,3,O III,450.664,,450.664,air,,,8070000.0,C+,379293.03,401476.29,2s2.2p.(2P*).4d,3D*,2,2s.2p2.(4P).3d,3F,3
O,3,O III,451.3827,,451.3827,air,,,7600000.0,C+,379227.15,401375.09,2s2.2p.(2P*).4d,3D*,1,2s.2p2.(4P).3d,3F,2
O,3,O III,451.9622,,451.9622,air,,,1000000.0,C+,379356.75,401476.29,2s2.2p.(2P*).4d,3D*,3,2s.2p2.(4P).3d,3F,3
O,3,O III,452.4222,,452.4222,air,,,33800000.0,C+,378417.84,400514.89,2s.2p2.(4P).3p,3P*,1,2s.2p2.(4P).3d,3P,0
O,3,O III,452.7293,,452.7293,air,,,1400000.0,C+,379293.03,401375.09,2s2.2p.(2P*).4d,3D*,2,2s.2p2.(4P).3d,3F,2
O,3,O III,453.2785,,453.2785,air,,,14000000.0,C+,378405.68,400460.99,2s.2p2.(4P).3p,3P*,2,2s.2p2.(4P).3d,3P,1
O,3,O III,453.5285,,453.5285,air,,,8400000.0,C+,378417.84,400460.99,2s.2p2.(4P).3p,3P*,1,2s.2p2.(4P).3d,3P,1
O,3,O III,453.8851,,453.8851,air,,,11200000.0,C+,378435.16,400460.99,2s.2p2.(4P).3p,3P*,0,2s.2p2.(4P).3d,3P,1
O,2,O II,453.9543,,453.9543,air,,,669000.0,C,211522.117,233544.59,2s2.2p2.(3P).3p,2D*,3/2,2s2.2p2.(3P).3d,2P,1/2
O,3,O III,454.0395,,454.0395,air,,,39100.0,C,379356.75,401375.09,2s2.2p.(2P*).4d,3D*,3,2s.2p2.(4P).3d,3F,2
O,3,O III,455.5387,,455.5387,air,,,24900000.0,C+,378405.68,400351.56,2s.2p2.(4P).3p,3P*,2,2s.2p2.(4P).3d,3P,2
O,2,O II,455.773,,455.773,air,,,25400000.0,D,252993.39,274928.0,2s2.2p2.(1S).3p,2P*,3/2,2s2.2p2.(1D).4d,2D,5/2
O,3,O III,455.7913,,455.7913,air,,,8270000.0,C+,378417.84,400351.56,2s.2p2.(4P).3p,3P*,1,2s.2p2.(4P).3d,3P,2
O,2,O II,455.894,,455.894,air,,,21200000.0,D,252987.23,274916.0,2s2.2p2.(1S).3p,2P*,1/2,2s2.2p2.(1D).4d,2D,3/2
O,2,O II,456.022,,456.022,air,,,4230000.0,D,252993.39,274916.0,2s2.2p2.(1S).3p,2P*,3/2,2s2.2p2.(1D).4d,2D,3/2
O,2,O II,456.3178,456.3178,456.3178,air,4.0,4,718000.0,C,211522.117,233430.53,2s2.2p2.(3P).3p,2D*,3/2,2s2.2p2.(3P).3d,2P,3/2
O,3,O III,456.926,,456.926,air,,,127000000.0,B,370902.22,392781.47,2s2.2p.(2P*).4p,1D,2,2s2.2p.(2P*).5s,1P*,1
O,3,O III,458.7721,,458.7721,air,,,22300000.0,C+,370418.32,392209.53,2s2.2p.(2P*).4p,3P,1,2s2.2p.(2P*).5s,3P*,2
O,2,O II,459.0972,459.0972,459.0974,air,22.0,22,88500000.0,B+,206971.68,228747.45,2s2.2p2.(1D).3s,2D,5/2,2s2.2p2.(1D).3p,2F*,7/2
O,2,O II,459.596,459.596,459.5957,air,7.0,7,4870000.0,B,206971.68,228723.84,2s2.2p2.(1D).3s,2D,5/2,2s2.2p2.(1D).3p,2F*,5/2
O,2,O II,459.6175,459.6175,459.6177,air,20.0,20,83400000.0,B+,206972.72,228723.84,2s2.2p2.(1D).3s,2D,3/2,2s2.2p2.(1D).3p,2F*,5/2
O,2,O II,460.3228,460.3228,460.3229,air,3.0,3,363000.0,C,211712.732,233430.53,2s2.2p2.(3P).3p,2D*,5/2,2s2.2p2.(3P).3d,2P,3/2
O,3,O III,461.0608,,461.0608,air,,,66000000.0,C+,370526.49,392209.53,2s2.2p.(2P*).4p,3P,2,2s2.2p.(2P*).5s,3P*,2
O,3,O III,463.0773,,463.0773,air,,,29000000.0,C+,370329.18,391917.80,2s2.2p.(2P*).4p,3P,0,2s2.2p.(2P*).5s,3P*,1
O,2,O II,463.8855,463.8855,463.88558,air,20.0,20,36100000.0,B,185235.281,206786.286,2s2.2p2.(3P).3s,4P,1/2,2s2.2p2.(3P).3p,4D*,3/2
O,2,O II,464.18104,464.18104,464.18103,air,22.0,22,58500000.0,B,185340.577,206877.865,2s2.2p2.(3P).3s,4P,3/2,2s2.2p2.(3P).3p,4D*,5/2
O,2,O II,464.91348,464.91348,464.91347,air,24.0,24,78400000.0,B,185499.124,207002.482,2s2.2p2.(3P).3s,4P,5/2,2s2.2p2.(3P).3p,4D*,7/2
O,3,O III,464.9973,,464.9973,air,,,21500000.0,C+,370418.32,391917.80,2s2.2p.(2P*).4p,3P,1,2s2.2p.(2P*).5s,3P*,1
O,2,O II,465.08394,465.08394,465.08384,air,20.0,20,67000000.0,B,185235.281,206730.762,2s2.2p2.(3P).3s,4P,1/2,2s2.2p2.(3P).3p,4D*,1/2
O,1,O I,465.4117,,465.4117,air,,,430000.0,C,86625.757,108106.094,2s2.2p3.(4S*).3p,5P,1,2s2.2p3.(4S*).8d,5D*,0
O,1,O I,465.4118,,465.4118,air,,,323000.0,C+,86625.757,108106.091,2s2.2p3.(4S*).3p,5P,1,2s2.2p3.(4S*).8d,5D*,1
O,1,O I,465.4119,,465.4119,air,,,151000.0,C+,86625.757,108106.085,2s2.2p3.(4S*).3p,5P,1,2s2.2p3.(4S*).8d,5D*,2
O,1,O I,465.4556,,465.4556,air,,,108000.0,C,86627.778,108106.091,2s2.2p3.(4S*).3p,5P,2,2s2.2p3.(4S*).8d,5D*,1
O,1,O I,465.4557,,465.4557,air,,,251000.0,C+,86627.778,108106.085,2s2.2p3.(4S*).3p,5P,2,2s2.2p3.(4S*).8d,5D*,2
O,1,O I,465.4559,,465.4559,air,,,287000.0,C+,86627.778,108106.077,2s2.2p3.(4S*).3p,5P,2,2s2.2p3.(4S*).8d,5D*,3
O,1,O I,465.5354,,465.5354,air,,,28700.0,C,86631.454,108106.085,2s2.2p3.(4S*).3p,5P,3,2s2.2p3.(4S*).8d,5D*,2
O,1,O I,465.5356,,465.5356,air,,,143000.0,C+,86631.454,108106.077,2s2.2p3.(4S*).3p,5P,3,2s2.2p3.(4S*).8d,5D*,3
O,1,O I,465.5357,,465.5357,air,,,430000.0,C+,86631.454,108106.072,2s2.2p3.(4S*).3p,5P,3,2s2.2p3.(4S*).8d,5D*,4
O,2,O II,466.16332,466.16332,466.16324,air,21.0,21,40400000.0,B,185340.577,206786.286,2s2.2p2.(3P).3s,4P,3/2,2s2.2p2.(3P).3p,4D*,3/2
O,3,O III,466.8875,,466.8875,air,,,84800000.0,C+,370418.32,391830.76,2s2.2p.(2P*).4p,3P,1,2s2.2p.(2P*).5s,3P*,0
O,3,O III,467.3487,,467.3487,air,,,35200000.0,C+,370526.49,391917.80,2s2.2p.(2P*).4p,3P,2,2s2.2p.(2P*).5s,3P*,1
O,2,O II,467.37322,467.37322,467.37331,air,14.0,14,12400000.0,B,185340.577,206730.762,2s2.2p2.(3P).3s,4P,3/2,2s2.2p2.(3P).3p,4D*,1/2
O,2,O II,467.6235,467.6235,467.6235,air,20.0,20,20500000.0,B,185499.124,206877.865,2s2.2p2.(3P).3s,4P,5/2,2s2.2p2.(3P).3p,4D*,5/2
O,2,O II,467.8424,,467.8424,air,,,440000.0,C,240330.01,261698.75,2s2.2p2.(3P).4s,2P,1/2,2s2.2p2.(3P).5p,2D*,3/2
O,2,O II,468.1962,,468.1962,air,,,527000.0,C,240517.35,261869.94,2s2.2p2.(3P).4s,2P,3/2,2s2.2p2.(3P).5p,2D*,5/2
O,2,O II,469.0896,469.0896,469.0888,air,6.0,6,18600000.0,D,232480.44,253792.40,2s2.2p2.(1D).3p,2P*,1/2,2s2.2p2.(1D).3d,2P,3/2
O,2,O II,469.1416,469.1416,469.1419,air,9.0,9,74300000.0,D,232480.44,253789.99,2s2.2p2.(1D).3p,2P*,1/2,2s2.2p2.(1D).3d,2P,1/2
O,3,O III,469.6225,,469.6225,air,,,576000.0,D,379227.15,400514.89,2s2.2p.(2P*).4d,3D*,1,2s.2p2.(4P).3d,3P,0
O,2,O II,469.6347,469.6347,469.63528,air,12.0,12*,3150000.0,B,185499.124,206786.286,2s2.2p2.(3P).3s,4P,5/2,2s2.2p2.(3P).3p,4D*,3/2
O,2,O II,469.8446,469.8446,469.8437,air,6.0,6,6590000.0,D,229947.07,251224.79,2s2.2p2.(1D).3p,2D*,5/2,2s2.2p2.(1D).3d,2F,5/2
O,2,O II,469.9003,469.9003,469.9011,air,15.0,15,98800000.0,D,229947.07,251222.19,2s2.2p2.(1D).3p,2D*,5/2,2s2.2p2.(1D).3d,2F,7/2
O,2,O II,469.922,469.922,469.9218,air,17.0,17,93600000.0,B,211522.117,232796.298,2s2.2p2.(3P).3p,2D*,3/2,2s2.2p2.(3P).3d,2F,5/2
O,2,O II,470.0441,,470.0441,air,,,38000.0,C,212161.881,233430.53,2s2.2p2.(3P).3p,4S*,3/2,2s2.2p2.(3P).3d,2P,3/2
O,2,O II,470.1184,470.1184,470.1179,air,11.0,11,92300000.0,C,232527.09,253792.40,2s2.2p2.(1D).3p,2P*,3/2,2s2.2p2.(1D).3d,2P,3/2
O,2,O II,470.1708,470.1708,470.1712,air,5.0,5,36900000.0,D,232527.09,253789.99,2s2.2p2.(1D).3p,2P*,3/2,2s2.2p2.(1D).3d,2P,1/2
O,2,O II,470.3163,470.3163,470.3161,air,14.0,14,92000000.0,D,229968.44,251224.79,2s2.2p2.(1D).3p,2D*,3/2,2s2.2p2.(1D).3d,2F,5/2
O,2,O II,470.5352,470.5352,470.5346,air,21.0,21,113000000.0,B,211712.732,232959.210,2s2.2p2.(3P).3p,2D*,5/2,2s2.2p2.(3P).3d,2F,7/2
O,3,O III,470.8146,,470.8146,air,,,143000.0,D,379227.15,400460.99,2s2.2p.(2P*).4d,3D*,1,2s.2p2.(4P).3d,3P,1
O,2,O II,471.0012,471.0012,471.0009,air,16.0,16,29800000.0,C,211522.117,232747.562,2s2.2p2.(3P).3p,2D*,3/2,2s2.2p2.(3P).3d,4D,5/2
O,2,O II,471.9803,,471.9803,air,,,85700.0,D,240517.35,261698.75,2s2.2p2.(3P).4s,2P,3/2,2s2.2p2.(3P).5p,2D*,3/2
O,3,O III,472.28,,472.28,air,,,425000.0,C,379293.03,400460.99,2s2.2p.(2P*).4d,3D*,2,2s.2p2.(4P).3d,3P,1
O,3,O III,473.2536,,473.2536,air,,,5630.0,D,379227.15,400351.56,2s2.2p.(2P*).4d,3D*,1,2s.2p2.(4P).3d,3P,2
O,3,O III,473.788,,473.788,air,,,2730000.0,C+,394079.4,415180,2s.2p2.(2D).3s,3D,1,2s2.2p.(2P*).6d,3D*,1
O,3,O III,473.788,,473.788,air,,,547000.0,C+,394079.4,415180,2s.2p2.(2D).3s,3D,1,2s2.2p.(2P*).6d,3D*,2
O,2,O II,474.1707,474.1707,474.1704,air,10.0,10,5070000.0,C+,211712.732,232796.298,2s2.2p2.(3P).3p,2D*,5/2,2s2.2p2.(3P).3d,2F,5/2
O,3,O III,474.7342,,474.7342,air,,,83600.0,D,379293.03,400351.56,2s2.2p.(2P*).4d,3D*,2,2s.2p2.(4P).3d,3P,2
O,3,O III,474.866,,474.866,air,,,2520000.0,C+,394127.3,415180,2s.2p2.(2D).3s,3D,2,2s2.2p.(2P*).6d,3D*,2
O,3,O III,474.866,,474.866,air,,,905000.0,C+,394127.3,415180,2s.2p2.(2D).3s,3D,2,2s2.2p.(2P*).6d,3D*,1
O,3,O III,474.866,,474.866,air,,,404000.0,C+,394127.3,415180,2s.2p2.(2D).3s,3D,2,2s2.2p.(2P*).6d,3D*,3
O,2,O II,475.1271,475.1271,475.1278,air,14.0,14,6390000.0,C,211712.732,232753.816,2s2.2p2.(3P).3p,2D*,5/2,2s2.2p2.(3P).3d,4D,7/2
O,2,O II,475.2681,475.2681,475.2691,air,9.0,9,1450000.0,C,211712.732,232747.562,2s2.2p2.(3P).3p,2D*,5/2,2s2.2p2.(3P).3d,4D,5/2
O,3,O III,476.175,,476.175,air,,,464000.0,C,379356.75,400351.56,2s2.2p.(2P*).4d,3D*,3,2s.2p2.(4P).3d,3P,2
O,3,O III,476.463,,476.463,air,,,3190000.0,C+,394197.9,415180,2s.2p2.(2D).3s,3D,3,2s2.2p.(2P*).6d,3D*,3
O,3,O III,476.463,,476.463,air,,,559000.0,C+,394197.9,415180,2s.2p2.(2D).3s,3D,3,2s2.2p.(2P*).6d,3D*,2
O,1,O I,477.2448,,477.2448,air,,,700000.0,C+,86625.757,107573.508,2s2.2p3.(4S*).3p,5P,1,2s2.2p3.(4S*).7d,5D*,0
O,1,O I,477.2449,,477.2449,air,,,525000.0,C+,86625.757,107573.504,2s2.2p3.(4S*).3p,5P,1,2s2.2p3.(4S*).7d,5D*,1
O,1,O I,477.2451,,477.2451,air,,,245000.0,C+,86625.757,107573.495,2s2.2p3.(4S*).3p,5P,1,2s2.2p3.(4S*).7d,5D*,2
O,1,O I,477.2909,,477.2909,air,,,175000.0,C+,86627.778,107573.504,2s2.2p3.(4S*).3p,5P,2,2s2.2p3.(4S*).7d,5D*,1
O,1,O I,477.2911,,477.2911,air,,,408000.0,C+,86627.778,107573.495,2s2.2p3.(4S*).3p,5P,2,2s2.2p3.(4S*).7d,5D*,2
O,1,O I,477.2914,,477.2914,air,,,467000.0,C+,86627.778,107573.484,2s2.2p3.(4S*).3p,5P,2,2s2.2p3.(4S*).7d,5D*,3
O,1,O I,477.3749,,477.3749,air,,,46600.0,C,86631.454,107573.495,2s2.2p3.(4S*).3p,5P,3,2s2.2p3.(4S*).7d,5D*,2
O,1,O I,477.3752,,477.3752,air,,,233000.0,C+,86631.454,107573.484,2s2.2p3.(4S*).3p,5P,3,2s2.2p3.(4S*).7d,5D*,3
O,1,O I,477.3753,,477.3753,air,,,700000.0,C+,86631.454,107573.476,2s2.2p3.(4S*).3p,5P,3,2s2.2p3.(4S*).7d,5D*,4
O,2,O II,477.4059,477.4059,477.4076,air,3.0,3,136000.0,D,211522.117,232462.724,2s2.2p2.(3P).3p,2D*,3/2,2s2.2p2.(3P).3d,4P,5/2
O,3,O III,477.8429,,477.8429,air,,,8570.0,C,273081.33,294002.86,2s2.2p.(2P*).3s,1P*,1,2s2.2p.(2P*).3p,3D,2
O,3,O III,479.9754,,479.9754,air,,,1850000.0,C+,329469.80,350298.38,2s2.2p.(2P*).3d,3P*,2,2s.2p2.(4P).3s,3P,2
O,1,O I,480.1667,,480.1667,air,,,262000.0,C+,86625.757,107446.036,2s2.2p3.(4S*).3p,5P,1,2s2.2p3.(4S*).8s,5S*,2
O,1,O I,480.2134,,480.2134,air,,,437000.0,C+,86627.778,107446.036,2s2.2p3.(4S*).3p,5P,2,2s2.2p3.(4S*).8s,5S*,2
O,1,O I,480.2982,,480.2982,air,,,611000.0,C+,86631.454,107446.036,2s2.2p3.(4S*).3p,5P,3,2s2.2p3.(4S*).8s,5S*,2
O,3,O III,480.9781,,480.9781,air,,,452000.0,C,273081.33,293866.49,2s2.2p.(2P*).3s,1P*,1,2s2.2p.(2P*).3p,3D,1
O,3,O III,482.619,,482.619,air,,,608000.0,C+,329583.89,350298.38,2s2.2p.(2P*).3d,3P*,1,2s.2p2.(4P).3s,3P,2
O,3,O III,484.0172,,484.0172,air,,,1000000.0,C+,329469.80,350124.45,2s2.2p.(2P*).3d,3P*,2,2s.2p2.(4P).3s,3P,1
O,2,O II,484.4913,484.4913,484.4919,air,8.0,8,1020000.0,D,212161.881,232796.298,2s2.2p2.(3P).3p,4S*,3/2,2s2.2p2.(3P).3d,2F,5/2
O,2,O II,485.6395,485.6395,485.6389,air,11.0,11,5580000.0,C,212161.881,232747.562,2s2.2p2.(3P).3p,4S*,3/2,2s2.2p2.(3P).3d,4D,5/2
O,2,O II,485.6758,485.6758,485.6762,air,13.0,13,10000000.0,C,212161.881,232745.981,2s2.2p2.(3P).3p,4S*,3/2,2s2.2p2.(3P).3d,4D,3/2
O,2,O II,486.0968,486.0968,486.0965,air,12.0,12,47000000.0,C,232480.44,253046.74,2s2.2p2.(1D).3p,2P*,1/2,2s2.2p2.(1D).3d,2D,3/2
O,2,O II,486.4879,486.4879,486.4878,air,11.0,11,8070000.0,C,212161.881,232711.642,2s2.2p2.(3P).3p,4S*,3/2,2s2.2p2.(3P).3d,4D,1/2
O,3,O III,486.7057,,486.7057,air,,,593000.0,C+,329583.89,350124.45,2s2.2p.(2P*).3d,3P*,1,2s.2p2.(4P).3s,3P,1
O,2,O II,487.152,487.152,487.1523,air,15.0,15,56000000.0,C,232527.09,253048.82,2s2.2p2.(1D).3p,2P*,3/2,2s2.2p2.(1D).3d,2D,5/2
O,2,O II,487.2005,487.2005,487.2017,air,6.0,6,9340000.0,D,232527.09,253046.74,2s2.2p2.(1D).3p,2P*,3/2,2s2.2p2.(1D).3d,2D,3/2
O,3,O III,488.1614,,488.1614,air,,,784000.0,C+,329645.14,350124.45,2s2.2p.(2P*).3d,3P*,0,2s.2p2.(4P).3s,3P,1
O,2,O II,489.0858,489.0858,489.0856,air,15.0,15,51000000.0,C+,212161.881,232602.492,2s2.2p2.(3P).3p,4S*,3/2,2s2.2p2.(3P).3d,4P,1/2
O,3,O III,489.0859,,489.0859,air,,,2340000.0,C+,329583.89,350024.49,2s2.2p.(2P*).3d,3P*,1,2s.2p2.(4P).3s,3P,0
O,2,O II,490.6833,490.6833,490.683,air,19.0,19,47800000.0,C+,212161.881,232535.949,2s2.2p2.(3P).3p,4S*,3/2,2s2.2p2.(3P).3d,4P,3/2
O,2,O II,492.4531,492.4531,492.4529,air,21.0,21,54300000.0,C+,212161.881,232462.724,2s2.2p2.(3P).3p,4S*,3/2,2s2.2p2.(3P).3d,4P,5/2
O,3,O III,493.1227,,493.1227,air,,,2.41e-06,C+,0.000,20273.27,2s2.2p2,3P,0,2s2.2p2,1D,2
O,2,O II,494.1069,494.1069,494.1072,air,18.0,18,60400000.0,B,214169.920,234402.797,2s2.2p2.(3P).3p,2P*,1/2,2s2.2p2.(3P).3d,2D,3/2
O,2,O II,494.2999,494.2999,494.3005,air,20.0,20,78800000.0,B,214229.671,234454.634,2s2.2p2.(3P).3p,2P*,3/2,2s2.2p2.(3P).3d,2D,5/2
O,2,O II,495.5705,495.5705,495.5707,air,14.0,14,18100000.0,B,214229.671,234402.797,2s2.2p2.(3P).3p,2P*,3/2,2s2.2p2.(3P).3d,2D,3/2
O,3,O III,495.8911,,495.8911,air,,,0.00621,B,113.178,20273.27,2s2.2p2,3P,1,2s2.2p2,1D,2
O,3,O III,495.8911,,495.8911,air,,,4.57e-06,C+,113.178,20273.27,2s2.2p2,3P,1,2s2.2p2,1D,2
O,1,O I,496.7376,,496.7376,air,,,1270000.0,C+,86625.757,106751.494,2s2.2p3.(4S*).3p,5P,1,2s2.2p3.(4S*).6d,5D*,0
O,1,O I,496.7378,,496.7378,air,,,950000.0,C+,86625.757,106751.487,2s2.2p3.(4S*).3p,5P,1,2s2.2p3.(4S*).6d,5D*,1
O,1,O I,496.7381,,496.7381,air,,,443000.0,C+,86625.757,106751.474,2s2.2p3.(4S*).3p,5P,1,2s2.2p3.(4S*).6d,5D*,2
O,1,O I,496.7877,,496.7877,air,,,316000.0,C+,86627.778,106751.487,2s2.2p3.(4S*).3p,5P,2,2s2.2p3.(4S*).6d,5D*,1
O,1,O I,496.788,,496.788,air,,,738000.0,C+,86627.778,106751.474,2s2.2p3.(4S*).3p,5P,2,2s2.2p3.(4S*).6d,5D*,2
O,1,O I,496.7884,,496.7884,air,,,844000.0,C+,86627.778,106751.458,2s2.2p3.(4S*).3p,5P,2,2s2.2p3.(4S*).6d,5D*,3
O,1,O I,496.8788,,496.8788,air,,,84300.0,C,86631.454,106751.474,2s2.2p3.(4S*).3p,5P,3,2s2.2p3.(4S*).6d,5D*,2
O,1,O I,496.8791,,496.8791,air,,,422000.0,C+,86631.454,106751.458,2s2.2p3.(4S*).3p,5P,3,2s2.2p3.(4S*).6d,5D*,3
O,1,O I,496.8794,,496.8794,air,,,1270000.0,C+,86631.454,106751.447,2s2.2p3.(4S*).3p,5P,3,2s2.2p3.(4S*).6d,5D*,4
O,3,O III,500.6843,,500.6843,air,,,0.0181,B,306.174,20273.27,2s2.2p2,3P,2,2s2.2p2,1D,2
O,3,O III,500.6843,,500.6843,air,,,3.52e-05,C+,306.174,20273.27,2s2.2p2,3P,2,2s2.2p2,1D,2
O,2,O II,501.5339,,501.5339,air,,,61800.0,C,212593.82,232527.09,2s.2p4,2P,3/2,2s2.2p2.(1D).3p,2P*,3/2
O,1,O I,501.8782,,501.8782,air,,,428000.0,C+,86625.757,106545.354,2s2.2p3.(4S*).3p,5P,1,2s2.2p3.(4S*).7s,5S*,2
O,1,O I,501.9291,,501.9291,air,,,713000.0,C+,86627.778,106545.354,2s2.2p3.(4S*).3p,5P,2,2s2.2p3.(4S*).7s,5S*,2
O,1,O I,502.0218,,502.0218,air,,,998000.0,C+,86631.454,106545.354,2s2.2p3.(4S*).3p,5P,3,2s2.2p3.(4S*).7s,5S*,2
O,2,O II,504.1976,504.1976,504.1975,air,2.0,2,59800.0,C,211522.117,231350.087,2s2.2p2.(3P).3p,2D*,3/2,2s2.2p2.(3P).3d,4F,5/2
O,3,O III,504.987,,504.987,air,,,8400000.0,C+,380717.92,400514.89,2s2.2p.(2P*).4d,3P*,1,2s.2p2.(4P).3d,3P,0
O,3,O III,506.0732,,506.0732,air,,,3480000.0,C+,380706.51,400460.99,2s2.2p.(2P*).4d,3P*,2,2s.2p2.(4P).3d,3P,1
O,3,O III,506.3657,,506.3657,air,,,2080000.0,C+,380717.92,400460.99,2s2.2p.(2P*).4d,3P*,1,2s.2p2.(4P).3d,3P,1
O,3,O III,506.8555,,506.8555,air,,,2770000.0,C+,380737.00,400460.99,2s2.2p.(2P*).4d,3P*,0,2s.2p2.(4P).3d,3P,1
O,2,O II,507.0046,,507.0046,air,,,38000.0,C,212762.25,232480.44,2s.2p4,2P,1/2,2s2.2p2.(1D).3p,2P*,1/2
O,2,O II,507.08,507.08,507.0805,air,3.0,3,73800.0,C,211712.732,231427.970,2s2.2p2.(3P).3p,2D*,5/2,2s2.2p2.(3P).3d,4F,7/2
O,3,O III,508.8922,,508.8922,air,,,6150000.0,C+,380706.51,400351.56,2s2.2p.(2P*).4d,3P*,2,2s.2p2.(4P).3d,3P,2
O,3,O III,509.188,,509.188,air,,,2050000.0,C+,380717.92,400351.56,2s2.2p.(2P*).4d,3P*,1,2s.2p2.(4P).3d,3P,2
O,2,O II,511.03,511.03,511.0303,air,6.0,6,722000.0,D,233430.53,252993.39,2s2.2p2.(3P).3d,2P,3/2,2s2.2p2.(1S).3p,2P*,3/2
O,2,O II,511.1913,,511.1913,air,,,289000.0,E,233430.53,252987.23,2s2.2p2.(3P).3d,2P,3/2,2s2.2p2.(1S).3p,2P*,1/2
O,3,O III,511.218,,511.218,air,,,88100.0,C,374571.64,394127.3,2s.2p2.(4P).3p,3D*,1,2s.2p2.(2D).3s,3D,2
O,3,O III,511.775,,511.775,air,,,65300.0,C+,374663.52,394197.9,2s.2p2.(4P).3p,3D*,2,2s.2p2.(2D).3s,3D,3
O,3,O III,512.474,,512.474,air,,,437000.0,C+,374571.64,394079.4,2s.2p2.(4P).3p,3D*,1,2s.2p2.(2D).3s,3D,1
O,1,O I,513.114,,513.114,air,,,74800.0,C,88630.587,108114.0,2s2.2p3.(4S*).3p,3P,1,2s2.2p3.(4S*).8d,3D*,2
O,1,O I,513.114,,513.114,air,,,41600.0,C,88630.587,108114.0,2s2.2p3.(4S*).3p,3P,1,2s2.2p3.(4S*).8d,3D*,1
O,1,O I,513.129,,513.129,air,,,99800.0,C+,88631.146,108114.0,2s2.2p3.(4S*).3p,3P,2,2s2.2p3.(4S*).8d,3D*,3
O,1,O I,513.129,,513.129,air,,,24900.0,C,88631.146,108114.0,2s2.2p3.(4S*).3p,3P,2,2s2.2p3.(4S*).8d,3D*,2
O,1,O I,513.129,,513.129,air,,,2770.0,D,88631.146,108114.0,2s2.2p3.(4S*).3p,3P,2,2s2.2p3.(4S*).8d,3D*,1
O,1,O I,513.133,,513.133,air,,,55400.0,C,88631.303,108114.0,2s2.2p3.(4S*).3p,3P,0,2s2.2p3.(4S*).8d,3D*,1
O,3,O III,513.632,,513.632,air,,,403000.0,C+,374663.52,394127.3,2s.2p2.(4P).3p,3D*,2,2s.2p2.(2D).3s,3D,2
O,2,O II,513.7959,,513.7959,air,,,18900.0,C,188888.543,208346.104,2s2.2p2.(3P).3s,2P,1/2,2s2.2p2.(3P).3p,4P*,1/2
O,2,O II,514.0273,,514.0273,air,,,142000.0,E,233544.59,252993.39,2s2.2p2.(3P).3d,2P,1/2,2s2.2p2.(1S).3p,2P*,3/2
O,2,O II,514.1902,,514.1902,air,,,567000.0,D,233544.59,252987.23,2s2.2p2.(3P).3d,2P,1/2,2s2.2p2.(1S).3p,2P*,1/2
O,3,O III,514.899,,514.899,air,,,144000.0,C,374663.52,394079.4,2s.2p2.(4P).3p,3D*,2,2s.2p2.(2D).3s,3D,1
O,2,O II,514.904,,514.904,air,,,11300.0,C,189068.514,208484.202,2s2.2p2.(3P).3s,2P,3/2,2s2.2p2.(3P).3p,4P*,5/2
O,3,O III,515.247,,515.247,air,,,510000.0,C+,374795.14,394197.9,2s.2p2.(4P).3p,3D*,3,2s.2p2.(2D).3s,3D,3
O,2,O II,515.9942,515.9942,515.9941,air,15.0,15,31200000.0,B,214169.920,233544.59,2s2.2p2.(3P).3p,2P*,1/2,2s2.2p2.(3P).3d,2P,1/2
O,3,O III,517.129,,517.129,air,,,88600.0,C+,374795.14,394127.3,2s.2p2.(4P).3p,3D*,3,2s.2p2.(2D).3s,3D,2
O,2,O II,517.5896,517.5896,517.5903,air,12.0,12,14600000.0,B,214229.671,233544.59,2s2.2p2.(3P).3p,2P*,3/2,2s2.2p2.(3P).3d,2P,1/2
O,2,O II,518.5926,,518.5926,air,,,42300.0,C,189068.514,208346.104,2s2.2p2.(3P).3s,2P,3/2,2s2.2p2.(3P).3p,4P*,1/2
O,2,O II,519.0496,519.0496,519.0498,air,14.0,14,11800000.0,B,214169.920,233430.53,2s2.2p2.(3P).3p,2P*,1/2,2s2.2p2.(3P).3d,2P,3/2
O,2,O II,520.665,520.665,520.6651,air,20.0,20,33300000.0,B,214229.671,233430.53,2s2.2p2.(3P).3p,2P*,3/2,2s2.2p2.(3P).3d,2P,3/2
O,3,O III,526.8301,,526.8301,air,,,35000000.0,B,313802.77,332778.94,2s2.2p.(2P*).3p,1S,0,2s2.2p.(2P*).3d,1P*,1
O,1,O I,527.4967,,527.4967,air,,,132000.0,C+,88630.587,107582.777,2s2.2p3.(4S*).3p,3P,1,2s2.2p3.(4S*).7d,3D*,2
O,1,O I,527.4967,,527.4967,air,,,73400.0,C,88630.587,107582.777,2s2.2p3.(4S*).3p,3P,1,2s2.2p3.(4S*).7d,3D*,1
O,1,O I,527.5123,,527.5123,air,,,176000.0,C+,88631.146,107582.777,2s2.2p3.(4S*).3p,3P,2,2s2.2p3.(4S*).7d,3D*,3
O,1,O I,527.5123,,527.5123,air,,,44000.0,C,88631.146,107582.777,2s2.2p3.(4S*).3p,3P,2,2s2.2p3.(4S*).7d,3D*,2
O,1,O I,527.5123,,527.5123,air,,,4890.0,D,88631.146,107582.777,2s2.2p3.(4S*).3p,3P,2,2s2.2p3.(4S*).7d,3D*,1
O,1,O I,527.5166,,527.5166,air,,,97800.0,C,88631.303,107582.777,2s2.2p3.(4S*).3p,3P,0,2s2.2p3.(4S*).7d,3D*,1
O,1,O I,529.8887,,529.8887,air,,,358000.0,C+,88630.587,107497.224,2s2.2p3.(4S*).3p,3P,1,2s2.2p3.(4S*).8s,3S*,1
O,1,O I,529.9044,,529.9044,air,,,596000.0,C+,88631.146,107497.224,2s2.2p3.(4S*).3p,3P,2,2s2.2p3.(4S*).8s,3S*,1
O,1,O I,529.9088,,529.9088,air,,,119000.0,C,88631.303,107497.224,2s2.2p3.(4S*).3p,3P,0,2s2.2p3.(4S*).8s,3S*,1
O,1,O I,532.91,532.91,532.9096,air,135.0,135*,2710000.0,C+,86625.757,105385.449,2s2.2p3.(4S*).3p,5P,1,2s2.2p3.(4S*).5d,5D*,0
O,1,O I,532.91,532.91,532.9099,air,135.0,135*,2030000.0,C+,86625.757,105385.436,2s2.2p3.(4S*).3p,5P,1,2s2.2p3.(4S*).5d,5D*,1
O,1,O I,532.9107,,532.9107,air,,,948000.0,C+,86625.757,105385.409,2s2.2p3.(4S*).3p,5P,1,2s2.2p3.(4S*).5d,5D*,2
O,1,O I,532.9673,,532.9673,air,,,677000.0,C+,86627.778,105385.436,2s2.2p3.(4S*).3p,5P,2,2s2.2p3.(4S*).5d,5D*,1
O,1,O I,532.968,532.968,532.9681,air,160.0,160,1580000.0,C+,86627.778,105385.409,2s2.2p3.(4S*).3p,5P,2,2s2.2p3.(4S*).5d,5D*,2
O,1,O I,532.969,,532.969,air,,,1810000.0,C+,86627.778,105385.377,2s2.2p3.(4S*).3p,5P,2,2s2.2p3.(4S*).5d,5D*,3
O,1,O I,533.0726,,533.0726,air,,,180000.0,C+,86631.454,105385.409,2s2.2p3.(4S*).3p,5P,3,2s2.2p3.(4S*).5d,5D*,2
O,1,O I,533.0735,,533.0735,air,,,902000.0,C+,86631.454,105385.377,2s2.2p3.(4S*).3p,5P,3,2s2.2p3.(4S*).5d,5D*,3
O,1,O I,533.074,533.074,533.0741,air,190.0,190,2710000.0,C+,86631.454,105385.354,2s2.2p3.(4S*).3p,5P,3,2s2.2p3.(4S*).5d,5D*,4
O,2,O II,534.4104,534.4104,534.4104,air,2.0,2,14600.0,C,185235.281,203942.288,2s2.2p2.(3P).3s,4P,1/2,2s2.2p2.(3P).3p,2S*,1/2
O,2,O II,537.4351,537.4351,537.4355,air,6.0,6,41500.0,C,185340.577,203942.288,2s2.2p2.(3P).3s,4P,3/2,2s2.2p2.(3P).3p,2S*,1/2
O,2,O II,537.7568,537.7568,537.7569,air,5.0,5,96800.0,E,234402.797,252993.39,2s2.2p2.(3P).3d,2D,3/2,2s2.2p2.(1S).3p,2P*,3/2
O,2,O II,537.9352,537.9352,537.9352,air,7.0,7,967000.0,D,234402.797,252987.23,2s2.2p2.(3P).3d,2D,3/2,2s2.2p2.(1S).3p,2P*,1/2
O,2,O II,538.1772,538.1772,538.1776,air,1.0,1,7550.0,C,214169.920,232745.981,2s2.2p2.(3P).3p,2P*,1/2,2s2.2p2.(3P).3d,4D,3/2
O,2,O II,538.4511,,538.4511,air,,,59300.0,C,214229.671,232796.298,2s2.2p2.(3P).3p,2P*,3/2,2s2.2p2.(3P).3d,2F,5/2
O,2,O II,539.1743,,539.1743,air,,,65900.0,C,214169.920,232711.642,2s2.2p2.(3P).3p,2P*,1/2,2s2.2p2.(3P).3d,4D,1/2
O,2,O II,539.2611,539.2611,539.2606,air,10.0,10,864000.0,D,234454.634,252993.39,2s2.2p2.(3P).3d,2D,5/2,2s2.2p2.(1S).3p,2P*,3/2
O,2,O II,539.8682,,539.8682,air,,,24900.0,C,214229.671,232747.562,2s2.2p2.(3P).3p,2P*,3/2,2s2.2p2.(3P).3d,4D,5/2
O,2,O II,539.9143,,539.9143,air,,,40600.0,C,214229.671,232745.981,2s2.2p2.(3P).3p,2P*,3/2,2s2.2p2.(3P).3d,4D,3/2
O,2,O II,540.9203,540.9203,540.9175,air,1.0,1,31000.0,C,214229.671,232711.642,2s2.2p2.(3P).3p,2P*,3/2,2s2.2p2.(3P).3d,4D,1/2
O,2,O II,542.3639,542.3639,542.3671,air,1.0,1,28100.0,C,214169.920,232602.492,2s2.2p2.(3P).3p,2P*,1/2,2s2.2p2.(3P).3d,4P,1/2
O,1,O I,543.518,543.518,543.5178,air,90.0,90,774000.0,C+,86625.757,105019.307,2s2.2p3.(4S*).3p,5P,1,2s2.2p3.(4S*).6s,5S*,2
O,1,O I,543.578,543.578,543.5775,air,110.0,110,1290000.0,C+,86627.778,105019.307,2s2.2p3.(4S*).3p,5P,2,2s2.2p3.(4S*).6s,5S*,2
O,1,O I,543.686,543.686,543.6862,air,135.0,135,1800000.0,C+,86631.454,105019.307,2s2.2p3.(4S*).3p,5P,3,2s2.2p3.(4S*).6s,5S*,2
O,2,O II,546.104,546.104,546.1089,air,2.0,2,65300.0,C,214229.671,232535.949,2s2.2p2.(3P).3p,2P*,3/2,2s2.2p2.(3P).3d,4P,3/2
O,2,O II,548.3022,,548.3022,air,,,21200.0,C,214229.671,232462.724,2s2.2p2.(3P).3p,2P*,3/2,2s2.2p2.(3P).3d,4P,5/2
O,3,O III,550.8242,,550.8242,air,,,10600000.0,B,306586.08,324735.65,2s2.2p.(2P*).3p,1D,2,2s2.2p.(2P*).3d,1D*,2
O,1,O I,551.2602,,551.2602,air,,,269000.0,C+,88630.587,106765.803,2s2.2p3.(4S*).3p,3P,1,2s2.2p3.(4S*).6d,3D*,2
O,1,O I,551.2602,,551.2602,air,,,149000.0,C+,88630.587,106765.803,2s2.2p3.(4S*).3p,3P,1,2s2.2p3.(4S*).6d,3D*,1
O,1,O I,551.2772,,551.2772,air,,,358000.0,C+,88631.146,106765.803,2s2.2p3.(4S*).3p,3P,2,2s2.2p3.(4S*).6d,3D*,3
O,1,O I,551.2772,,551.2772,air,,,89500.0,C+,88631.146,106765.803,2s2.2p3.(4S*).3p,3P,2,2s2.2p3.(4S*).6d,3D*,2
O,1,O I,551.2772,,551.2772,air,,,9950.0,D,88631.146,106765.803,2s2.2p3.(4S*).3p,3P,2,2s2.2p3.(4S*).6d,3D*,1
O,1,O I,551.282,,551.282,air,,,199000.0,C+,88631.303,106765.803,2s2.2p3.(4S*).3p,3P,0,2s2.2p3.(4S*).6d,3D*,1
O,1,O I,555.4832,,555.4832,air,,,583000.0,C+,88630.587,106627.934,2s2.2p3.(4S*).3p,3P,1,2s2.2p3.(4S*).7s,3S*,1
O,1,O I,555.5004,,555.5004,air,,,971000.0,C+,88631.146,106627.934,2s2.2p3.(4S*).3p,3P,2,2s2.2p3.(4S*).7s,3S*,1
O,1,O I,555.5053,,555.5053,air,,,194000.0,C+,88631.303,106627.934,2s2.2p3.(4S*).3p,3P,0,2s2.2p3.(4S*).7s,3S*,1
O,1,O I,557.734,557.734,557.7339,air,120.0,120,1.26,B+,15867.862,33792.583,2s2.2p4,1D,2,2s2.2p4,1S,0
O,2,O II,558.3232,558.3232,558.3217,air,10.0,10,2170000.0,D,230609.45,248515.30,2s2.2p2.(1S).3s,2S,1/2,2s2.2p2.(3P).4p,2P*,3/2
O,3,O III,559.237,559.237,559.2252,air,110.0,110,32700000.0,B,273081.33,290958.25,2s2.2p.(2P*).3s,1P*,1,2s2.2p.(2P*).3p,1P,1
O,2,O II,561.1061,561.1061,561.1072,air,5.0,5,2140000.0,D,230609.45,248426.41,2s2.2p2.(1S).3s,2S,1/2,2s2.2p2.(3P).4p,2P*,1/2
O,2,O II,575.3917,575.3917,575.3926,air,5.0,5,127000.0,C+,212593.82,229968.44,2s.2p4,2P,3/2,2s2.2p2.(1D).3p,2D*,3/2
O,2,O II,576.1008,576.1008,576.1012,air,11.0,11,639000.0,C+,212593.82,229947.07,2s.2p4,2P,3/2,2s2.2p2.(1D).3p,2D*,5/2
O,2,O II,581.0243,581.0243,581.0251,air,9.0,9,524000.0,C+,212762.25,229968.44,2s.2p4,2P,1/2,2s2.2p2.(1D).3p,2D*,3/2
O,3,O III,594.637,,594.637,air,,,18000.0,C,377385.58,394197.9,2s2.2p.(2P*).4d,3F*,2,2s.2p2.(2D).3s,3D,3
O,1,O I,595.839,595.839,595.8386,air,160.0,160*,378000.0,C+,88630.587,105409.008,2s2.2p3.(4S*).3p,3P,1,2s2.2p3.(4S*).5d,3D*,1
O,1,O I,595.839,595.839,595.8386,air,160.0,160*,680000.0,C+,88630.587,105409.008,2s2.2p3.(4S*).3p,3P,1,2s2.2p3.(4S*).5d,3D*,2
O,1,O I,595.858,595.858,595.8584,air,190.0,190*,227000.0,C+,88631.146,105409.008,2s2.2p3.(4S*).3p,3P,2,2s2.2p3.(4S*).5d,3D*,2
O,1,O I,595.858,595.858,595.8584,air,190.0,190*,25200.0,C,88631.146,105409.008,2s2.2p3.(4S*).3p,3P,2,2s2.2p3.(4S*).5d,3D*,1
O,1,O I,595.858,595.858,595.8584,air,190.0,190*,906000.0,C+,88631.146,105409.008,2s2.2p3.(4S*).3p,3P,2,2s2.2p3.(4S*).5d,3D*,3
O,1,O I,595.864,,595.864,air,,,504000.0,C+,88631.303,105409.008,2s2.2p3.(4S*).3p,3P,0,2s2.2p3.(4S*).5d,3D*,1
O,3,O III,597.145,,597.145,air,,,882000.0,C+,377385.58,394127.3,2s2.2p.(2P*).4d,3F*,2,2s.2p2.(2D).3s,3D,2
O,3,O III,597.967,,597.967,air,,,41700.0,C,267258.71,283977.40,2s2.2p.(2P*).3s,3P*,0,2p4,3P,1
O,3,O III,598.823,,598.823,air,,,125000.0,C,267377.11,284071.90,2s2.2p.(2P*).3s,3P*,1,2p4,3P,0
O,3,O III,598.858,,598.858,air,,,7850000.0,C+,377385.58,394079.4,2s2.2p.(2P*).4d,3F*,2,2s.2p2.(2D).3s,3D,1
O,3,O III,600.954,,600.954,air,,,618000.0,C+,377562.31,394197.9,2s2.2p.(2P*).4d,3F*,3,2s.2p2.(2D).3s,3D,3
O,3,O III,602.232,,602.232,air,,,30600.0,D,267377.11,283977.40,2s2.2p.(2P*).3s,3P*,1,2p4,3P,1
O,3,O III,603.516,,603.516,air,,,6820000.0,C+,377562.31,394127.3,2s2.2p.(2P*).4d,3F*,3,2s.2p2.(2D).3s,3D,2
O,1,O I,604.623,604.623,604.6233,air,160.0,160,1050000.0,C+,88630.587,105165.232,2s2.2p3.(4S*).3p,3P,1,2s2.2p3.(4S*).6s,3S*,1
O,1,O I,604.644,604.644,604.6438,air,190.0,190,1750000.0,C+,88631.146,105165.232,2s2.2p3.(4S*).3p,3P,2,2s2.2p3.(4S*).6s,3S*,1
O,1,O I,604.649,604.649,604.6495,air,110.0,110,350000.0,C+,88631.303,105165.232,2s2.2p3.(4S*).3p,3P,0,2s2.2p3.(4S*).6s,3S*,1
O,3,O III,607.759,,607.759,air,,,6900000.0,C+,377748.57,394197.9,2s2.2p.(2P*).4d,3F*,4,2s.2p2.(2D).3s,3D,3
O,2,O II,608.1224,608.1224,608.1215,air,4.0,4,425000.0,D,214169.920,230609.45,2s2.2p2.(3P).3p,2P*,1/2,2s2.2p2.(1S).3s,2S,1/2
O,3,O III,610.235,,610.235,air,,,29500.0,C,267377.11,283759.70,2s2.2p.(2P*).3s,3P*,1,2p4,3P,2
O,2,O II,610.3386,610.3386,610.3399,air,7.0,7,836000.0,D,214229.671,230609.45,2s2.2p2.(3P).3p,2P*,3/2,2s2.2p2.(1S).3s,2S,1/2
O,2,O II,611.2987,611.2987,611.2986,air,7.0,7,3640000.0,C,238627.46,254981.55,2s2.2p2.(3P).4s,4P,1/2,2s.2p3.(5S*).3s,4S*,3/2
O,3,O III,611.698,,611.698,air,,,48700.0,C,267634.00,283977.40,2s2.2p.(2P*).3s,3P*,2,2p4,3P,1
O,1,O I,614.0582,,614.0582,air,,,962.0,C,86627.778,102908.374,2s2.2p3.(4S*).3p,5P,2,2s2.2p3.(4S*).4d,3D*,3
O,2,O II,615.2566,615.2566,615.256,air,8.0,8,7140000.0,C,238732.65,254981.55,2s2.2p2.(3P).4s,4P,3/2,2s.2p3.(5S*).3s,4S*,3/2
O,1,O I,615.5961,,615.5961,air,,,7620000.0,B+,86625.757,102865.679,2s2.2p3.(4S*).3p,5P,1,2s2.2p3.(4S*).4d,5D*,0
O,1,O I,615.598,615.598,615.5971,air,400.0,400,5720000.0,B+,86625.757,102865.655,2s2.2p3.(4S*).3p,5P,1,2s2.2p3.(4S*).4d,5D*,1
O,1,O I,615.5989,,615.5989,air,,,2670000.0,B+,86625.757,102865.606,2s2.2p3.(4S*).3p,5P,1,2s2.2p3.(4S*).4d,5D*,2
O,1,O I,615.6737,,615.6737,air,,,1910000.0,B+,86627.778,102865.655,2s2.2p3.(4S*).3p,5P,2,2s2.2p3.(4S*).4d,5D*,1
O,1,O I,615.6755,,615.6755,air,,,4450000.0,B+,86627.778,102865.606,2s2.2p3.(4S*).3p,5P,2,2s2.2p3.(4S*).4d,5D*,2
O,1,O I,615.677,615.677,615.6778,air,450.0,450,5080000.0,B+,86627.778,102865.547,2s2.2p3.(4S*).3p,5P,2,2s2.2p3.(4S*).4d,5D*,3
O,1,O I,615.8149,,615.8149,air,,,507000.0,B+,86631.454,102865.606,2s2.2p3.(4S*).3p,5P,3,2s2.2p3.(4S*).4d,5D*,2
O,1,O I,615.8172,,615.8172,air,,,2540000.0,B+,86631.454,102865.547,2s2.2p3.(4S*).3p,5P,3,2s2.2p3.(4S*).4d,5D*,3
O,1,O I,615.818,615.818,615.8187,air,490.0,490,7620000.0,B+,86631.454,102865.506,2s2.2p3.(4S*).3p,5P,3,2s2.2p3.(4S*).4d,5D*,4
O,3,O III,619.957,,619.957,air,,,84300.0,C,267634.00,283759.70,2s2.2p.(2P*).3s,3P*,2,2p4,3P,2
O,2,O II,621.425,621.425,621.4252,air,9.0,9,10400000.0,C,238893.96,254981.55,2s2.2p2.(3P).4s,4P,5/2,2s.2p3.(5S*).3s,4S*,3/2
O,1,O I,630.0304,,630.0304,air,,,0.00563,B+,0.000,15867.862,2s2.2p4,3P,2,2s2.2p4,1D,2
O,1,O I,630.0304,,630.0304,air,,,2.11e-05,C+,0.000,15867.862,2s2.2p4,3P,2,2s2.2p4,1D,2
O,1,O I,632.3385,,632.3385,air,,,18100.0,C,97488.378,113298.320,2s2.2p3.(4S*).3d,3D*,1,2s2.2p3.(2D*).3p,3D,1
O,1,O I,632.3413,,632.3413,air,,,6020.0,D,97488.448,113298.320,2s2.2p3.(4S*).3d,3D*,2,2s2.2p3.(2D*).3p,3D,1
O,1,O I,632.4772,,632.4772,air,,,3610.0,D,97488.378,113294.854,2s2.2p3.(4S*).3d,3D*,1,2s2.2p3.(2D*).3p,3D,2
O,1,O I,632.48,,632.48,air,,,16800.0,C,97488.448,113294.854,2s2.2p3.(4S*).3d,3D*,2,2s2.2p3.(2D*).3p,3D,2
O,1,O I,632.4815,,632.4815,air,,,2680.0,D,97488.448,113294.816,2s2.2p3.(4S*).3d,3D*,2,2s2.2p3.(2D*).3p,3D,3
O,1,O I,632.4836,,632.4836,air,,,3760.0,D,97488.538,113294.854,2s2.2p3.(4S*).3d,3D*,3,2s2.2p3.(2D*).3p,3D,2
O,1,O I,632.4851,,632.4851,air,,,21400.0,C,97488.538,113294.816,2s2.2p3.(4S*).3d,3D*,3,2s2.2p3.(2D*).3p,3D,3
O,3,O III,633.048,,633.048,air,,,94300.0,C,378405.68,394197.9,2s.2p2.(4P).3p,3P*,2,2s.2p2.(2D).3s,3D,3
O,3,O III,635.891,,635.891,air,,,23300.0,D,378405.68,394127.3,2s.2p2.(4P).3p,3P*,2,2s.2p2.(2D).3s,3D,2
O,1,O I,636.3776,,636.3776,air,,,0.00182,B+,158.265,15867.862,2s2.2p4,3P,1,2s2.2p4,1D,2
O,1,O I,636.3776,,636.3776,air,,,3.39e-06,C+,158.265,15867.862,2s2.2p4,3P,1,2s2.2p4,1D,2
O,3,O III,636.383,,636.383,air,,,69700.0,C,378417.84,394127.3,2s.2p2.(4P).3p,3P*,1,2s.2p2.(2D).3s,3D,2
O,3,O III,637.834,,637.834,air,,,2560.0,D,378405.68,394079.4,2s.2p2.(4P).3p,3P*,2,2s.2p2.(2D).3s,3D,1
O,3,O III,638.33,,638.33,air,,,38300.0,D,378417.84,394079.4,2s.2p2.(4P).3p,3P*,1,2s.2p2.(2D).3s,3D,1
O,3,O III,639.036,,639.036,air,,,51000.0,D,378435.16,394079.4,2s.2p2.(4P).3p,3P*,0,2s.2p2.(2D).3s,3D,1
O,1,O I,639.1733,,639.1733,air,,,8.6e-07,B+,226.977,15867.862,2s2.2p4,3P,0,2s2.2p4,1D,2
O,1,O I,645.36,645.36,645.3602,air,320.0,320,1650000.0,C+,86625.757,102116.698,2s2.2p3.(4S*).3p,5P,1,2s2.2p3.(4S*).5s,5S*,2
O,1,O I,645.444,645.444,645.4444,air,360.0,360,2750000.0,C+,86627.778,102116.698,2s2.2p3.(4S*).3p,5P,2,2s2.2p3.(4S*).5s,5S*,2
O,1,O I,645.598,645.598,645.5977,air,400.0,400,3850000.0,C+,86631.454,102116.698,2s2.2p3.(4S*).3p,5P,3,2s2.2p3.(4S*).5s,5S*,2
O,2,O II,649.5802,649.5802,649.5787,air,11.0,11bl*,1480000.0,D,232796.298,248186.64,2s2.2p2.(3P).3d,2F,5/2,2s2.2p2.(3P).4p,2D*,5/2
O,3,O III,650.755,,650.755,air,,,39800000.0,B,365726.76,381089.27,2s2.2p.(2P*).4p,1P,1,2s2.2p.(2P*).4d,1P*,1
O,2,O II,656.5283,656.5283,656.5283,air,20.0,20,28600000.0,D,232959.210,248186.64,2s2.2p2.(3P).3d,2F,7/2,2s2.2p2.(3P).4p,2D*,5/2
O,2,O II,657.11,657.11,657.1108,air,18.0,18,29900000.0,D,232796.298,248010.23,2s2.2p2.(3P).3d,2F,5/2,2s2.2p2.(3P).4p,2D*,3/2
O,2,O II,662.7385,662.7385,662.7373,air,17.0,17,17300000.0,D,233430.53,248515.30,2s2.2p2.(3P).3d,2P,3/2,2s2.2p2.(3P).4p,2P*,3/2
O,2,O II,664.1054,664.1054,664.1031,air,24.0,24,9880000.0,B+,188888.543,203942.288,2s2.2p2.(3P).3s,2P,1/2,2s2.2p2.(3P).3p,2S*,1/2
O,2,O II,666.6667,666.6667,666.6657,air,13.0,13,6780000.0,D,233430.53,248426.41,2s2.2p2.(3P).3d,2P,3/2,2s2.2p2.(3P).4p,2P*,1/2
O,2,O II,667.7862,667.7862,667.7866,air,12.0,12,3370000.0,D,233544.59,248515.30,2s2.2p2.(3P).3d,2P,1/2,2s2.2p2.(3P).4p,2P*,3/2
O,3,O III,670.736,,670.736,air,,,137000.0,C+,379293.03,394197.9,2s2.2p.(2P*).4d,3D*,2,2s.2p2.(2D).3s,3D,3
O,3,O III,670.949,,670.949,air,,,185000.0,C+,379227.15,394127.3,2s2.2p.(2P*).4d,3D*,1,2s.2p2.(2D).3s,3D,2
O,2,O II,671.7751,671.7751,671.7754,air,15.0,15,13300000.0,D,233544.59,248426.41,2s2.2p2.(3P).3d,2P,1/2,2s2.2p2.(3P).4p,2P*,1/2
O,2,O II,672.1398,672.1398,672.1388,air,26.0,26,18100000.0,B+,189068.514,203942.288,2s2.2p2.(3P).3s,2P,3/2,2s2.2p2.(3P).3p,2S*,1/2
O,1,O I,672.6284,,672.6284,air,,,1180.0,C,73768.200,88631.146,2s2.2p3.(4S*).3s,5S*,2,2s2.2p3.(4S*).3p,3P,2
O,1,O I,672.6537,,672.6537,air,,,644.0,C,73768.200,88630.587,2s2.2p3.(4S*).3s,5S*,2,2s2.2p3.(4S*).3p,3P,1
O,3,O III,673.113,,673.113,air,,,915000.0,C+,379227.15,394079.4,2s2.2p.(2P*).4d,3D*,1,2s.2p2.(2D).3s,3D,1
O,3,O III,673.616,,673.616,air,,,1080000.0,C+,379356.75,394197.9,2s2.2p.(2P*).4d,3D*,3,2s.2p2.(2D).3s,3D,3
O,3,O III,673.929,,673.929,air,,,846000.0,C+,379293.03,394127.3,2s2.2p.(2P*).4d,3D*,2,2s.2p2.(2D).3s,3D,2
O,3,O III,674.194,,674.194,air,,,72100.0,C,400351.56,415180,2s.2p2.(4P).3d,3P,2,2s2.2p.(2P*).6d,3D*,3
O,3,O III,674.194,,674.194,air,,,18000.0,D,400351.56,415180,2s.2p2.(4P).3d,3P,2,2s2.2p.(2P*).6d,3D*,2
O,3,O III,674.194,,674.194,air,,,2000.0,D,400351.56,415180,2s.2p2.(4P).3d,3P,2,2s2.2p.(2P*).6d,3D*,1
O,3,O III,676.112,,676.112,air,,,301000.0,C+,379293.03,394079.4,2s2.2p.(2P*).4d,3D*,2,2s.2p2.(2D).3s,3D,1
O,3,O III,676.836,,676.836,air,,,187000.0,C+,379356.75,394127.3,2s2.2p.(2P*).4d,3D*,3,2s.2p2.(2D).3s,3D,2
O,2,O II,677.4973,677.4973,677.4984,air,9.0,9,1750000.0,D,233430.53,248186.64,2s2.2p2.(3P).3d,2P,3/2,2s2.2p2.(3P).4p,2D*,5/2
O,3,O III,679.206,,679.206,air,,,52900.0,C,400460.99,415180,2s.2p2.(4P).3d,3P,1,2s2.2p.(2P*).6d,3D*,2
O,3,O III,679.206,,679.206,air,,,29400.0,D,400460.99,415180,2s.2p2.(4P).3d,3P,1,2s2.2p.(2P*).6d,3D*,1
O,2,O II,681.0477,,681.0477,air,,,164000.0,D,231350.087,246029.295,2s2.2p2.(3P).3d,4F,5/2,2s2.2p2.(3P).4p,4D*,7/2
O,3,O III,681.702,,681.702,air,,,38700.0,D,400514.89,415180,2s.2p2.(4P).3d,3P,0,2s2.2p.(2P*).6d,3D*,1
O,2,O II,684.4098,,684.4098,air,,,297000.0,D,231296.126,245903.224,2s2.2p2.(3P).3d,4F,3/2,2s2.2p2.(3P).4p,4D*,5/2
O,2,O II,684.6813,684.6813,684.6804,air,11.0,11,3170000.0,C,231427.970,246029.295,2s2.2p2.(3P).3d,4F,7/2,2s2.2p2.(3P).4p,4D*,7/2
O,2,O II,685.696,,685.696,air,,,282000.0,D,233430.53,248010.23,2s2.2p2.(3P).3d,2P,3/2,2s2.2p2.(3P).4p,2D*,3/2
O,2,O II,686.9485,686.9485,686.9475,air,11.0,11,5350000.0,C,231350.087,245903.224,2s2.2p2.(3P).3d,4F,5/2,2s2.2p2.(3P).4p,4D*,5/2
O,2,O II,688.4911,688.4911,688.4881,air,11.0,11,6120000.0,C,231296.126,245816.70,2s2.2p2.(3P).3d,4F,3/2,2s2.2p2.(3P).4p,4D*,3/2
O,2,O II,689.5109,689.5109,689.5102,air,22.0,22,27200000.0,C,231530.246,246029.295,2s2.2p2.(3P).3d,4F,9/2,2s2.2p2.(3P).4p,4D*,7/2
O,2,O II,690.6443,690.6443,690.6436,air,19.0,19,24800000.0,C,231427.970,245903.224,2s2.2p2.(3P).3d,4F,7/2,2s2.2p2.(3P).4p,4D*,5/2
O,2,O II,690.7872,690.7872,690.7873,air,15.0,15,30300000.0,C,231296.126,245768.37,2s2.2p2.(3P).3d,4F,3/2,2s2.2p2.(3P).4p,4D*,1/2
O,2,O II,691.0562,691.0562,691.0562,air,19.0,19,24300000.0,C,231350.087,245816.70,2s2.2p2.(3P).3d,4F,5/2,2s2.2p2.(3P).4p,4D*,3/2
O,2,O II,691.103,,691.103,air,,,1370000.0,D,233544.59,248010.23,2s2.2p2.(3P).3d,2P,1/2,2s2.2p2.(3P).4p,2D*,3/2
O,1,O I,700.1899,,700.1899,air,,,1470000.0,B,88630.587,102908.489,2s2.2p3.(4S*).3p,3P,1,2s2.2p3.(4S*).4d,3D*,1
O,1,O I,700.192,700.192,700.1922,air,360.0,360,2650000.0,B,88630.587,102908.443,2s2.2p3.(4S*).3p,3P,1,2s2.2p3.(4S*).4d,3D*,2
O,1,O I,700.2173,,700.2173,air,,,98300.0,B,88631.146,102908.489,2s2.2p3.(4S*).3p,3P,2,2s2.2p3.(4S*).4d,3D*,1
O,1,O I,700.2196,,700.2196,air,,,883000.0,B,88631.146,102908.443,2s2.2p3.(4S*).3p,3P,2,2s2.2p3.(4S*).4d,3D*,2
O,1,O I,700.223,700.223,700.223,air,450.0,450,3530000.0,B,88631.146,102908.374,2s2.2p3.(4S*).3p,3P,2,2s2.2p3.(4S*).4d,3D*,3
O,1,O I,700.225,,700.225,air,,,1960000.0,B,88631.303,102908.489,2s2.2p3.(4S*).3p,3P,0,2s2.2p3.(4S*).4d,3D*,1
O,3,O III,701.632,,701.632,air,,,6550000.0,C+,366488.45,380737.00,2s2.2p.(2P*).4p,3D,1,2s2.2p.(2P*).4d,3P*,0
O,1,O I,701.73,,701.73,air,,,32200.0,C,99680.968,113927.534,2s2.2p3.(4S*).4p,3P,1,2s2.2p3.(2P*).3s,3P*,0
O,1,O I,702.0327,,702.0327,air,,,8050.0,C,99680.968,113921.391,2s2.2p3.(4S*).4p,3P,1,2s2.2p3.(2P*).3s,3P*,1
O,1,O I,702.0367,,702.0367,air,,,13400.0,C,99681.049,113921.391,2s2.2p3.(4S*).4p,3P,2,2s2.2p3.(2P*).3s,3P*,1
O,1,O I,702.0495,,702.0495,air,,,10700.0,C,99681.309,113921.391,2s2.2p3.(4S*).4p,3P,0,2s2.2p3.(2P*).3s,3P*,1
O,1,O I,702.5475,,702.5475,air,,,8030.0,C,99680.968,113910.957,2s2.2p3.(4S*).4p,3P,1,2s2.2p3.(2P*).3s,3P*,2
O,1,O I,702.5515,,702.5515,air,,,24100.0,C,99681.049,113910.957,2s2.2p3.(4S*).4p,3P,2,2s2.2p3.(2P*).3s,3P*,2
O,3,O III,702.573,,702.573,air,,,1630000.0,C+,366488.45,380717.92,2s2.2p.(2P*).4p,3D,1,2s2.2p.(2P*).4d,3P*,1
O,3,O III,703.137,,703.137,air,,,65100.0,C+,366488.45,380706.51,2s2.2p.(2P*).4p,3D,1,2s2.2p.(2P*).4d,3P*,2
O,3,O III,707.912,,707.912,air,,,4780000.0,C+,366595.76,380717.92,2s2.2p.(2P*).4p,3D,2,2s2.2p.(2P*).4d,3P*,1
O,2,O II,708.3975,708.3975,708.3962,air,11.0,11,2280000.0,D,234402.797,248515.30,2s2.2p2.(3P).3d,2D,3/2,2s2.2p2.(3P).4p,2P*,3/2
O,3,O III,708.484,,708.484,air,,,954000.0,C+,366595.76,380706.51,2s2.2p.(2P*).4p,3D,2,2s2.2p.(2P*).4d,3P*,2
O,2,O II,711.0083,711.0083,711.0078,air,16.0,16,20300000.0,D,234454.634,248515.30,2s2.2p2.(3P).3d,2D,5/2,2s2.2p2.(3P).4p,2P*,3/2
O,2,O II,712.8885,712.8885,712.8865,air,13.0,13,22400000.0,D,234402.797,248426.41,2s2.2p2.(3P).3d,2D,3/2,2s2.2p2.(3P).4p,2P*,1/2
O,1,O I,715.67,715.67,715.6701,air,210.0,210,50500000.0,B,102662.026,116631.094,2s2.2p3.(2D*).3s,1D*,2,2s2.2p3.(2D*).3p,1D,2
O,3,O III,719.025,,719.025,air,,,5110000.0,C+,366802.62,380706.51,2s2.2p.(2P*).4p,3D,3,2s2.2p.(2P*).4d,3P*,2
O,2,O II,725.287,,725.287,air,,,331000.0,D,234402.797,248186.64,2s2.2p2.(3P).3d,2D,3/2,2s2.2p2.(3P).4p,2D*,5/2
O,1,O I,725.415,725.415,725.4154,air,400.0,400,2240000.0,C+,88630.587,102411.995,2s2.2p3.(4S*).3p,3P,1,2s2.2p3.(4S*).5s,3S*,1
O,1,O I,725.445,725.445,725.4448,air,450.0,450,3730000.0,C+,88631.146,102411.995,2s2.2p3.(4S*).3p,3P,2,2s2.2p3.(4S*).5s,3S*,1
O,1,O I,725.453,725.453,725.4531,air,320.0,320,745000.0,C+,88631.303,102411.995,2s2.2p3.(4S*).3p,3P,0,2s2.2p3.(4S*).5s,3S*,1
O,2,O II,728.0257,728.0257,728.0251,air,11.0,11,4590000.0,D,234454.634,248186.64,2s2.2p2.(3P).3d,2D,5/2,2s2.2p2.(3P).4p,2D*,5/2
O,3,O III,730.685,,730.685,air,,,18700000.0,C+,356736.30,370418.32,2s2.2p.(2P*).4s,3P*,0,2s2.2p.(2P*).4p,3P,1
O,3,O III,730.712,,730.712,air,,,14100000.0,C+,356844.98,370526.49,2s2.2p.(2P*).4s,3P*,1,2s2.2p.(2P*).4p,3P,2
O,2,O II,731.892,,731.892,air,,,0.0519,B,26810.55,40470.00,2s2.2p3,2D*,5/2,2s2.2p3,2P*,1/2
O,2,O II,731.992,731.992,731.999,air,,,0.0907,B,26810.55,40468.01,2s2.2p3,2D*,5/2,2s2.2p3,2P*,3/2
O,2,O II,731.999,,731.999,air,,,0.00837,B,26810.55,40468.01,2s2.2p3,2D*,5/2,2s2.2p3,2P*,3/2
O,2,O II,732.967,,732.967,air,,,0.00932,B,26830.57,40470.00,2s2.2p3,2D*,3/2,2s2.2p3,2P*,1/2
O,2,O II,733.019,733.019,732.967,air,,*,0.0774,B,26830.57,40470.00,2s2.2p3,2D*,3/2,2s2.2p3,2P*,1/2
O,2,O II,733.019,733.019,733.073,air,,*,0.0385,B,26830.57,40468.01,2s2.2p3,2D*,3/2,2s2.2p3,2P*,3/2
O,2,O II,733.073,,733.073,air,,,0.0149,B,26830.57,40468.01,2s2.2p3,2D*,3/2,2s2.2p3,2P*,3/2
O,2,O II,734.6895,734.6895,734.6901,air,9.0,9,4300000.0,D,234402.797,248010.23,2s2.2p2.(3P).3d,2D,3/2,2s2.2p2.(3P).4p,2D*,3/2
O,3,O III,736.535,,736.535,air,,,13700000.0,C+,356844.98,370418.32,2s2.2p.(2P*).4s,3P*,1,2s2.2p.(2P*).4p,3P,1
O,2,O II,737.4986,737.4986,737.4996,air,3.0,3,473000.0,D,234454.634,248010.23,2s2.2p2.(3P).3d,2D,5/2,2s2.2p2.(3P).4p,2D*,3/2
O,3,O III,741.009,,741.009,air,,,669000.0,C+,380706.51,394197.9,2s2.2p.(2P*).4d,3P*,2,2s.2p2.(2D).3s,3D,3
O,3,O III,741.404,,741.404,air,,,53800000.0,C+,356844.98,370329.18,2s2.2p.(2P*).4s,3P*,1,2s2.2p.(2P*).4p,3P,0
O,3,O III,744.907,,744.907,air,,,165000.0,C+,380706.51,394127.3,2s2.2p.(2P*).4d,3P*,2,2s.2p2.(2D).3s,3D,2
O,3,O III,745.536,,745.536,air,,,39700000.0,C+,357117.01,370526.49,2s2.2p.(2P*).4s,3P*,2,2s2.2p.(2P*).4p,3P,2
O,3,O III,745.541,,745.541,air,,,492000.0,C+,380717.92,394127.3,2s2.2p.(2P*).4d,3P*,1,2s.2p2.(2D).3s,3D,2
O,3,O III,747.576,,747.576,air,,,18100.0,C,380706.51,394079.4,2s2.2p.(2P*).4d,3P*,2,2s.2p2.(2D).3s,3D,1
O,3,O III,748.214,,748.214,air,,,271000.0,C+,380717.92,394079.4,2s2.2p.(2P*).4d,3P*,1,2s.2p2.(2D).3s,3D,1
O,3,O III,749.284,,749.284,air,,,359000.0,C+,380737.00,394079.4,2s2.2p.(2P*).4d,3P*,0,2s.2p2.(2D).3s,3D,1
O,3,O III,751.599,,751.599,air,,,21500000.0,C+,357117.01,370418.32,2s2.2p.(2P*).4s,3P*,2,2s2.2p.(2P*).4p,3P,1
O,2,O II,752.7011,752.7011,752.7065,air,4.0,4,691000.0,D,232747.562,246029.295,2s2.2p2.(3P).3d,4D,5/2,2s2.2p2.(3P).4p,4D*,7/2
O,2,O II,753.062,753.062,753.0611,air,10.0,10,4150000.0,D,232753.816,246029.295,2s2.2p2.(3P).3d,4D,7/2,2s2.2p2.(3P).4p,4D*,7/2
O,3,O III,755.142,,755.142,air,,,1480000.0,C+,350024.49,363263.38,2s.2p2.(4P).3s,3P,0,2s.2p2.(4P).3p,3S*,1
O,2,O II,759.8254,759.8254,759.8285,air,4.0,4,1100000.0,D,232745.981,245903.224,2s2.2p2.(3P).3d,4D,3/2,2s2.2p2.(3P).4p,4D*,5/2
O,2,O II,759.9215,759.9215,759.9198,air,4.0,4,2700000.0,D,232747.562,245903.224,2s2.2p2.(3P).3d,4D,5/2,2s2.2p2.(3P).4p,4D*,5/2
O,2,O II,760.281,760.281,760.2812,air,5.0,5,894000.0,D,232753.816,245903.224,2s2.2p2.(3P).3d,4D,7/2,2s2.2p2.(3P).4p,4D*,5/2
O,3,O III,760.888,,760.888,air,,,4350000.0,C+,350124.45,363263.38,2s.2p2.(4P).3s,3P,1,2s.2p2.(4P).3p,3S*,1
O,2,O II,762.8468,762.8468,762.8542,air,4.0,4,1160000.0,D,232711.642,245816.70,2s2.2p2.(3P).3d,4D,1/2,2s2.2p2.(3P).4p,4D*,3/2
O,2,O II,764.8605,764.8605,764.8583,air,4.0,4,1850000.0,D,232745.981,245816.70,2s2.2p2.(3P).3d,4D,3/2,2s2.2p2.(3P).4p,4D*,3/2
O,2,O II,764.9557,764.9557,764.9508,air,4.0,4,1620000.0,D,232747.562,245816.70,2s2.2p2.(3P).3d,4D,5/2,2s2.2p2.(3P).4p,4D*,3/2
O,2,O II,765.6779,,765.6779,air,,,2300000.0,D,232711.642,245768.37,2s2.2p2.(3P).3d,4D,1/2,2s2.2p2.(3P).4p,4D*,1/2
O,2,O II,767.6944,767.6944,767.697,air,4.0,4,2290000.0,D,232745.981,245768.37,2s2.2p2.(3P).3d,4D,3/2,2s2.2p2.(3P).4p,4D*,1/2
O,3,O III,771.095,,771.095,air,,,6960000.0,C+,350298.38,363263.38,2s.2p2.(4P).3s,3P,2,2s.2p2.(4P).3p,3S*,1
O,1,O I,777.194,777.194,777.1944,air,870.0,870,36900000.0,A,73768.200,86631.454,2s2.2p3.(4S*).3s,5S*,2,2s2.2p3.(4S*).3p,5P,3
O,1,O I,777.417,777.417,777.4166,air,810.0,810,36900000.0,A,73768.200,86627.778,2s2.2p3.(4S*).3s,5S*,2,2s2.2p3.(4S*).3p,5P,2
O,1,O I,777.539,777.539,777.5388,air,750.0,750,36900000.0,A,73768.200,86625.757,2s2.2p3.(4S*).3s,5S*,2,2s2.2p3.(4S*).3p,5P,1
O,3,O III,780.756,,780.756,air,,,2300000.0,C+,366488.45,379293.03,2s2.2p.(2P*).4p,3D,1,2s2.2p.(2P*).4d,3D*,2
O,3,O III,782.068,,782.068,air,,,31000000.0,C+,367953.90,380737.00,2s2.2p.(2P*).4p,3S,1,2s2.2p.(2P*).4d,3P*,0
O,3,O III,783.237,,783.237,air,,,30900000.0,C+,367953.90,380717.92,2s2.2p.(2P*).4p,3S,1,2s2.2p.(2P*).4d,3P*,1
O,3,O III,783.423,,783.423,air,,,1690000.0,C+,366595.76,379356.75,2s2.2p.(2P*).4p,3D,2,2s2.2p.(2P*).4d,3D*,3
O,3,O III,783.938,,783.938,air,,,30800000.0,C+,367953.90,380706.51,2s2.2p.(2P*).4p,3S,1,2s2.2p.(2P*).4d,3P*,2
O,3,O III,784.794,,784.794,air,,,11300000.0,C+,366488.45,379227.15,2s2.2p.(2P*).4p,3D,1,2s2.2p.(2P*).4d,3D*,1
O,3,O III,787.354,,787.354,air,,,10400000.0,C+,366595.76,379293.03,2s2.2p.(2P*).4p,3D,2,2s2.2p.(2P*).4d,3D*,2
O,2,O II,789.4609,789.4609,789.4614,air,5.0,5,588000.0,C,240330.01,252993.39,2s2.2p2.(3P).4s,2P,1/2,2s2.2p2.(1S).3p,2P*,3/2
O,2,O II,789.8452,789.8452,789.8456,air,6.0,6,2350000.0,C,240330.01,252987.23,2s2.2p2.(3P).4s,2P,1/2,2s2.2p2.(1S).3p,2P*,1/2
O,3,O III,791.461,,791.461,air,,,3680000.0,C+,366595.76,379227.15,2s2.2p.(2P*).4p,3D,2,2s2.2p.(2P*).4d,3D*,1
O,3,O III,796.332,,796.332,air,,,12800000.0,C+,366802.62,379356.75,2s2.2p.(2P*).4p,3D,3,2s2.2p.(2P*).4d,3D*,3
O,1,O I,798.194,798.194,798.1942,air,110.0,110,23300.0,C,88630.587,101155.422,2s2.2p3.(4S*).3p,3P,1,2s2.2p3.(2D*).3s,3D*,1
O,1,O I,798.2298,,798.2298,air,,,1800.0,C,88631.146,101155.422,2s2.2p3.(4S*).3p,3P,2,2s2.2p3.(2D*).3s,3D*,1
O,1,O I,798.24,798.24,798.2398,air,135.0,135,30900.0,C,88631.303,101155.422,2s2.2p3.(4S*).3p,3P,0,2s2.2p3.(2D*).3s,3D*,1
O,1,O I,798.698,798.698,798.6977,air,190.0,190,41900.0,C,88630.587,101147.526,2s2.2p3.(4S*).3p,3P,1,2s2.2p3.(2D*).3s,3D*,2
O,1,O I,798.733,798.733,798.7334,air,135.0,135,14100.0,C,88631.146,101147.526,2s2.2p3.(4S*).3p,3P,2,2s2.2p3.(2D*).3s,3D*,2
O,1,O I,799.507,799.507,799.5075,air,250.0,250,56300.0,C,88631.146,101135.407,2s2.2p3.(4S*).3p,3P,2,2s2.2p3.(2D*).3s,3D*,3
O,3,O III,800.394,,800.394,air,,,2220000.0,C+,366802.62,379293.03,2s2.2p.(2P*).4p,3D,3,2s2.2p.(2P*).4d,3D*,2
O,2,O II,801.3157,801.3157,801.316,air,8.0,8,2810000.0,C,240517.35,252993.39,2s2.2p2.(3P).4s,2P,3/2,2s2.2p2.(1S).3p,2P*,3/2
O,2,O II,801.712,,801.712,air,,,1120000.0,C,240517.35,252987.23,2s2.2p2.(3P).4s,2P,3/2,2s2.2p2.(1S).3p,2P*,1/2
O,3,O III,817.215,,817.215,air,,,42500000.0,B,358668.90,370902.22,2s2.2p.(2P*).4s,1P*,1,2s2.2p.(2P*).4p,1D,2
O,1,O I,822.1798,,822.1798,air,,,5080000.0,C+,101135.407,113294.854,2s2.2p3.(2D*).3s,3D*,3,2s2.2p3.(2D*).3p,3D,2
O,1,O I,822.182,822.182,822.1824,air,400.0,400,28900000.0,C+,101135.407,113294.816,2s2.2p3.(2D*).3s,3D*,3,2s2.2p3.(2D*).3p,3D,3
O,1,O I,822.765,822.765,822.7653,air,265.0,265,8130000.0,C+,101147.526,113298.320,2s2.2p3.(2D*).3s,3D*,2,2s2.2p3.(2D*).3p,3D,1
O,2,O II,822.927,,822.927,air,,,779000.0,C,245816.70,257965.11,2s2.2p2.(3P).4p,4D*,3/2,2s2.2p2.(3P).5s,4P,5/2
O,1,O I,823.0001,,823.0001,air,,,22600000.0,C+,101147.526,113294.854,2s2.2p3.(2D*).3s,3D*,2,2s2.2p3.(2D*).3p,3D,2
O,1,O I,823.002,823.002,823.0026,air,265.0,265,3620000.0,C+,101147.526,113294.816,2s2.2p3.(2D*).3s,3D*,2,2s2.2p3.(2D*).3p,3D,3
O,1,O I,823.3,823.3,823.3003,air,325.0,325,24300000.0,C+,101155.422,113298.320,2s2.2p3.(2D*).3s,3D*,1,2s2.2p3.(2D*).3p,3D,1
O,1,O I,823.535,823.535,823.5354,air,120.0,120,4860000.0,C+,101155.422,113294.854,2s2.2p3.(2D*).3s,3D*,1,2s2.2p3.(2D*).3p,3D,2
O,2,O II,828.83,,828.83,air,,,6860000.0,C,245903.224,257965.11,2s2.2p2.(3P).4p,4D*,5/2,2s2.2p2.(3P).5s,4P,5/2
O,2,O II,830.919,,830.919,air,,,1890000.0,C,245768.37,257799.93,2s2.2p2.(3P).4p,4D*,1/2,2s2.2p2.(3P).5s,4P,3/2
O,2,O II,834.27,,834.27,air,,,12000000.0,C,245816.70,257799.93,2s2.2p2.(3P).4p,4D*,3/2,2s2.2p2.(3P).5s,4P,3/2
O,3,O III,835.886,,835.886,air,,,39300000.0,B,365726.76,377686.83,2s2.2p.(2P*).4p,1P,1,2s2.2p.(2P*).4d,1D*,2
O,3,O III,836.821,,836.821,air,,,52100.0,D,366488.45,378435.16,2s2.2p.(2P*).4p,3D,1,2s.2p2.(4P).3p,3P*,0
O,2,O II,837.5841,837.5841,837.5844,air,8.0,8,29600000.0,C,246029.295,257965.11,2s2.2p2.(3P).4p,4D*,7/2,2s2.2p2.(3P).5s,4P,5/2
O,3,O III,838.036,,838.036,air,,,13000.0,D,366488.45,378417.84,2s2.2p.(2P*).4p,3D,1,2s.2p2.(4P).3p,3P*,1
O,2,O II,838.177,,838.177,air,,,18400000.0,C,245768.37,257695.74,2s2.2p2.(3P).4p,4D*,1/2,2s2.2p2.(3P).5s,4P,1/2
O,3,O III,838.891,,838.891,air,,,517.0,D,366488.45,378405.68,2s2.2p.(2P*).4p,3D,1,2s.2p2.(4P).3p,3P*,2
O,2,O II,840.337,840.337,840.3379,air,7.0,7,23000000.0,C,245903.224,257799.93,2s2.2p2.(3P).4p,4D*,5/2,2s2.2p2.(3P).5s,4P,3/2
O,2,O II,841.588,,841.588,air,,,18200000.0,C,245816.70,257695.74,2s2.2p2.(3P).4p,4D*,3/2,2s2.2p2.(3P).5s,4P,1/2
O,1,O I,844.625,844.625,844.6247,air,810.0,810,32200000.0,B,76794.978,88631.303,2s2.2p3.(4S*).3s,3S*,1,2s2.2p3.(4S*).3p,3P,0
O,1,O I,844.636,844.636,844.6359,air,1000.0,1000,32200000.0,B,76794.978,88631.146,2s2.2p3.(4S*).3s,3S*,1,2s2.2p3.(4S*).3p,3P,2
O,1,O I,844.676,844.676,844.6758,air,935.0,935,32200000.0,B,76794.978,88630.587,2s2.2p3.(4S*).3s,3S*,1,2s2.2p3.(4S*).3p,3P,1
O,3,O III,845.642,,845.642,air,,,37800.0,C,366595.76,378417.84,2s2.2p.(2P*).4p,3D,2,2s.2p2.(4P).3p,3P*,1
O,3,O III,846.513,,846.513,air,,,7540.0,D,366595.76,378405.68,2s2.2p.(2P*).4p,3D,2,2s.2p2.(4P).3p,3P*,2
O,3,O III,861.605,,861.605,air,,,40100.0,C,366802.62,378405.68,2s2.2p.(2P*).4p,3D,3,2s.2p2.(4P).3p,3P*,2
O,1,O I,882.043,882.043,882.0423,air,325.0,325,29300000.0,B,102662.026,113996.239,2s2.2p3.(2D*).3s,1D*,2,2s2.2p3.(2D*).3p,1F,3
O,2,O II,886.451,,886.451,air,,,758000.0,C,248010.23,259288.07,2s2.2p2.(3P).4p,2D*,3/2,2s2.2p2.(1D).4s,2D,3/2
O,2,O II,886.487,,886.487,air,,,56200.0,C,248010.23,259287.61,2s2.2p2.(3P).4p,2D*,3/2,2s2.2p2.(1D).4s,2D,5/2
O,3,O III,891.212,,891.212,air,,,3160000.0,C+,356736.30,367953.90,2s2.2p.(2P*).4s,3P*,0,2s2.2p.(2P*).4p,3S,1
O,3,O III,899.93,,899.93,air,,,9190000.0,C+,356844.98,367953.90,2s2.2p.(2P*).4s,3P*,1,2s2.2p.(2P*).4p,3S,1
O,2,O II,900.538,,900.538,air,,,80300.0,C,248186.64,259288.07,2s2.2p2.(3P).4p,2D*,5/2,2s2.2p2.(1D).4s,2D,3/2
O,2,O II,900.575,,900.575,air,,,750000.0,C,248186.64,259287.61,2s2.2p2.(3P).4p,2D*,5/2,2s2.2p2.(1D).4s,2D,5/2
O,3,O III,907.659,,907.659,air,,,5470000.0,C+,439290.6,450304.93,2s.2p2.(4P).4p,5P*,1,2s.2p2.(4P).4d,5P,1
O,3,O III,911.614,,911.614,air,,,36400000.0,C+,366595.76,377562.31,2s2.2p.(2P*).4p,3D,2,2s2.2p.(2P*).4d,3F*,3
O,3,O III,911.94,,911.94,air,,,16200000.0,C+,439342.3,450304.93,2s.2p2.(4P).4p,5P*,2,2s.2p2.(4P).4d,5P,1
O,3,O III,912.138,,912.138,air,,,9690000.0,C+,439290.6,450250.84,2s.2p2.(4P).4p,5P*,1,2s.2p2.(4P).4d,5P,2
O,3,O III,913.329,,913.329,air,,,40800000.0,C+,366802.62,377748.57,2s2.2p.(2P*).4p,3D,3,2s2.2p.(2P*).4d,3F*,4
O,3,O III,916.461,,916.461,air,,,1770000.0,C+,439342.3,450250.84,2s.2p2.(4P).4p,5P*,2,2s.2p2.(4P).4d,5P,2
O,3,O III,917.421,,917.421,air,,,33800000.0,C+,366488.45,377385.58,2s2.2p.(2P*).4p,3D,1,2s2.2p.(2P*).4d,3F*,2
O,2,O II,920.417,,920.417,air,,,177000.0,D,248426.41,259288.07,2s2.2p2.(3P).4p,2P*,1/2,2s2.2p2.(1D).4s,2D,3/2
O,1,O I,920.4933,,920.4933,air,,,1660.0,C,86627.778,97488.538,2s2.2p3.(4S*).3p,5P,2,2s2.2p3.(4S*).3d,3D*,3
O,3,O III,922.134,,922.134,air,,,12500000.0,C+,428500.87,439342.3,2s.2p2.(4P).4s,5P,1,2s.2p2.(4P).4p,5P*,2
O,3,O III,922.521,,922.521,air,,,14200000.0,C+,357117.01,367953.90,2s2.2p.(2P*).4s,3P*,2,2s2.2p.(2P*).4p,3S,1
O,3,O III,922.647,,922.647,air,,,6940000.0,C+,439342.3,450177.71,2s.2p2.(4P).4p,5P*,2,2s.2p2.(4P).4d,5P,3
O,3,O III,924.508,,924.508,air,,,9160000.0,C+,428627.20,439440.8,2s.2p2.(4P).4s,5P,2,2s.2p2.(4P).4p,5P*,3
O,3,O III,924.812,,924.812,air,,,9650000.0,C+,439440.8,450250.84,2s.2p2.(4P).4p,5P*,3,2s.2p2.(4P).4d,5P,2
O,1,O I,926.081,926.081,926.0806,air,450.0,450,44600000.0,A,86625.757,97420.991,2s2.2p3.(4S*).3p,5P,1,2s2.2p3.(4S*).3d,5D*,0
O,1,O I,926.084,926.084,926.0848,air,490.0,490,33400000.0,A,86625.757,97420.942,2s2.2p3.(4S*).3p,5P,1,2s2.2p3.(4S*).3d,5D*,1
O,1,O I,926.094,926.094,926.0936,air,450.0,450,15600000.0,A,86625.757,97420.839,2s2.2p3.(4S*).3p,5P,1,2s2.2p3.(4S*).3d,5D*,2
O,1,O I,926.258,926.258,926.2582,air,400.0,400,11100000.0,A,86627.778,97420.942,2s2.2p3.(4S*).3p,5P,2,2s2.2p3.(4S*).3d,5D*,1
O,1,O I,926.267,926.267,926.267,air,540.0,540,26000000.0,A,86627.778,97420.839,2s2.2p3.(4S*).3p,5P,2,2s2.2p3.(4S*).3d,5D*,2
O,1,O I,926.277,926.277,926.2776,air,590.0,590,29700000.0,A,86627.778,97420.716,2s2.2p3.(4S*).3p,5P,2,2s2.2p3.(4S*).3d,5D*,3
O,3,O III,926.545,,926.545,air,,,6090000.0,C+,366595.76,377385.58,2s2.2p.(2P*).4p,3D,2,2s2.2p.(2P*).4d,3F*,2
O,3,O III,926.553,,926.553,air,,,6820000.0,C+,428500.87,439290.6,2s.2p2.(4P).4s,5P,1,2s.2p2.(4P).4p,5P*,1
O,1,O I,926.5826,,926.5826,air,,,2970000.0,A,86631.454,97420.839,2s2.2p3.(4S*).3p,5P,3,2s2.2p3.(4S*).3d,5D*,2
O,1,O I,926.594,926.594,926.5932,air,490.0,490,14800000.0,A,86631.454,97420.716,2s2.2p3.(4S*).3p,5P,3,2s2.2p3.(4S*).3d,5D*,3
O,1,O I,926.601,926.601,926.6006,air,640.0,640,44500000.0,A,86631.454,97420.630,2s2.2p3.(4S*).3p,5P,3,2s2.2p3.(4S*).3d,5D*,4
O,2,O II,928.012,,928.012,air,,,34600.0,D,248515.30,259288.07,2s2.2p2.(3P).4p,2P*,3/2,2s2.2p2.(1D).4s,2D,3/2
O,2,O II,928.051,,928.051,air,,,207000.0,D,248515.30,259287.61,2s2.2p2.(3P).4p,2P*,3/2,2s2.2p2.(1D).4s,2D,5/2
O,3,O III,929.14,,929.14,air,,,4320000.0,C+,366802.62,377562.31,2s2.2p.(2P*).4p,3D,3,2s2.2p.(2P*).4d,3F*,3
O,3,O III,931.111,,931.111,air,,,13500000.0,C+,439440.8,450177.71,2s.2p2.(4P).4p,5P*,3,2s.2p2.(4P).4d,5P,3
O,3,O III,933.006,,933.006,air,,,2230000.0,C+,428627.20,439342.3,2s.2p2.(4P).4s,5P,2,2s.2p2.(4P).4p,5P*,2
O,3,O III,937.53,,937.53,air,,,19800000.0,C+,428627.20,439290.6,2s.2p2.(4P).4s,5P,2,2s.2p2.(4P).4p,5P*,1
O,3,O III,938.806,,938.806,air,,,17500000.0,C+,428791.89,439440.8,2s.2p2.(4P).4s,5P,3,2s.2p2.(4P).4p,5P*,3
O,2,O II,938.908,,938.908,air,,,2580000.0,D,251222.19,261869.94,2s2.2p2.(1D).3d,2F,7/2,2s2.2p2.(3P).5p,2D*,5/2
O,2,O II,939.137,,939.137,air,,,286000.0,D,251224.79,261869.94,2s2.2p2.(1D).3d,2F,5/2,2s2.2p2.(3P).5p,2D*,5/2
O,2,O II,943.483,,943.483,air,,,3520000.0,C,248010.23,258606.35,2s2.2p2.(3P).4p,2D*,3/2,2s2.2p2.(3P).5s,2P,3/2
O,3,O III,944.656,,944.656,air,,,162000.0,C+,366802.62,377385.58,2s2.2p.(2P*).4p,3D,3,2s2.2p.(2P*).4d,3F*,2
O,2,O II,945.791,945.791,945.789,air,9.0,9,3770000.0,C+,229947.07,240517.35,2s2.2p2.(1D).3p,2D*,5/2,2s2.2p2.(3P).4s,2P,3/2
O,3,O III,947.571,,947.571,air,,,11900000.0,C+,428791.89,439342.3,2s.2p2.(4P).4s,5P,3,2s.2p2.(4P).4p,5P*,2
O,2,O II,947.705,,947.705,air,,,416000.0,C+,229968.44,240517.35,2s2.2p2.(1D).3p,2D*,3/2,2s2.2p2.(3P).4s,2P,3/2
O,1,O I,948.288,948.288,948.2888,air,120.0,120bl,23400000.0,B,102662.026,113204.445,2s2.2p3.(2D*).3s,1D*,2,2s2.2p3.(2D*).3p,1P,1
O,3,O III,953.822,,953.822,air,,,5410000.0,C+,367953.90,378435.16,2s2.2p.(2P*).4p,3S,1,2s.2p2.(4P).3p,3P*,0
O,2,O II,954.487,,954.487,air,,,2050000.0,D,251224.79,261698.75,2s2.2p2.(1D).3d,2F,5/2,2s2.2p2.(3P).5p,2D*,3/2
O,3,O III,955.401,,955.401,air,,,5380000.0,C+,367953.90,378417.84,2s2.2p.(2P*).4p,3S,1,2s.2p2.(4P).3p,3P*,1
O,3,O III,956.512,,956.512,air,,,5360000.0,C+,367953.90,378405.68,2s2.2p.(2P*).4p,3S,1,2s.2p2.(4P).3p,3P*,2
O,2,O II,959.454,959.454,959.456,air,10.0,10,30100000.0,C,248186.64,258606.35,2s2.2p2.(3P).4p,2D*,5/2,2s2.2p2.(3P).5s,2P,3/2
O,2,O II,961.18,961.18,961.18,air,9.0,9,33300000.0,C,248010.23,258411.26,2s2.2p2.(3P).4p,2D*,3/2,2s2.2p2.(3P).5s,2P,1/2
O,1,O I,962.213,962.213,962.2114,air,100.0,100,52200.0,C+,102908.443,113298.320,2s2.2p3.(4S*).4d,3D*,2,2s2.2p3.(2D*).3p,3D,1
O,1,O I,962.2156,,962.2156,air,,,157000.0,C+,102908.489,113298.320,2s2.2p3.(4S*).4d,3D*,1,2s2.2p3.(2D*).3p,3D,1
O,3,O III,962.317,,962.317,air,,,1740000.0,C+,370329.18,380717.92,2s2.2p.(2P*).4p,3P,0,2s2.2p.(2P*).4d,3P*,1
O,1,O I,962.5261,,962.5261,air,,,32500.0,C+,102908.374,113294.854,2s2.2p3.(4S*).4d,3D*,3,2s2.2p3.(2D*).3p,3D,2
O,1,O I,962.529,962.529,962.5296,air,120.0,120,185000.0,C+,102908.374,113294.816,2s2.2p3.(4S*).4d,3D*,3,2s2.2p3.(2D*).3p,3D,3
O,1,O I,962.5325,,962.5325,air,,,145000.0,C+,102908.443,113294.854,2s2.2p3.(4S*).4d,3D*,2,2s2.2p3.(2D*).3p,3D,2
O,1,O I,962.536,,962.536,air,,,23200.0,C+,102908.443,113294.816,2s2.2p3.(4S*).4d,3D*,2,2s2.2p3.(2D*).3p,3D,3
O,1,O I,962.5367,,962.5367,air,,,31300.0,C+,102908.489,113294.854,2s2.2p3.(4S*).4d,3D*,1,2s2.2p3.(2D*).3p,3D,2
O,2,O II,964.84,964.84,964.84,air,7.0,7,3940000.0,C+,229968.44,240330.01,2s2.2p2.(1D).3p,2D*,3/2,2s2.2p2.(3P).4s,2P,1/2
O,3,O III,968.85,,968.85,air,,,5130000.0,C+,370418.32,380737.00,2s2.2p.(2P*).4p,3P,1,2s2.2p.(2P*).4d,3P*,0
O,1,O I,969.466,969.466,969.4661,air,80.0,80,45400.0,C+,95476.728,105788.856,2s2.2p3.(4S*).4s,5S*,2,2s2.2p3.(4S*).6p,5P,3
O,1,O I,969.491,969.491,969.4906,air,65.0,65,45400.0,C+,95476.728,105788.595,2s2.2p3.(4S*).4s,5S*,2,2s2.2p3.(4S*).6p,5P,2
O,1,O I,969.506,,969.506,air,,,45400.0,C+,95476.728,105788.431,2s2.2p3.(4S*).4s,5S*,2,2s2.2p3.(4S*).6p,5P,1
O,3,O III,970.645,,970.645,air,,,1270000.0,C+,370418.32,380717.92,2s2.2p.(2P*).4p,3P,1,2s2.2p.(2P*).4d,3P*,1
O,3,O III,971.722,,971.722,air,,,1270000.0,C+,370418.32,380706.51,2s2.2p.(2P*).4p,3P,1,2s2.2p.(2P*).4d,3P*,2
O,3,O III,980.948,,980.948,air,,,2060000.0,C+,370526.49,380717.92,2s2.2p.(2P*).4p,3P,2,2s2.2p.(2P*).4d,3P*,1
O,3,O III,981.369,,981.369,air,,,2300000.0,B,370902.22,381089.27,2s2.2p.(2P*).4p,1D,2,2s2.2p.(2P*).4d,1P*,1
O,3,O III,982.047,,982.047,air,,,3690000.0,C+,370526.49,380706.51,2s2.2p.(2P*).4p,3P,2,2s2.2p.(2P*).4d,3P*,2
O,2,O II,982.055,,982.055,air,,,2170000.0,C,248426.41,258606.35,2s2.2p2.(3P).4p,2P*,1/2,2s2.2p2.(3P).5s,2P,3/2
O,1,O I,982.5789,,982.5789,air,,,1340000.0,C+,97420.630,107595.140,2s2.2p3.(4S*).3d,5D*,4,2s2.2p3.(4S*).7f,5F,5
O,1,O I,982.5789,,982.5789,air,,,224000.0,C+,97420.630,107595.140,2s2.2p3.(4S*).3d,5D*,4,2s2.2p3.(4S*).7f,5F,4
O,1,O I,982.5789,,982.5789,air,,,19200.0,C+,97420.630,107595.140,2s2.2p3.(4S*).3d,5D*,4,2s2.2p3.(4S*).7f,5F,3
O,1,O I,982.5872,,982.5872,air,,,1120000.0,C+,97420.716,107595.140,2s2.2p3.(4S*).3d,5D*,3,2s2.2p3.(4S*).7f,5F,4
O,1,O I,982.5872,,982.5872,air,,,403000.0,C+,97420.716,107595.140,2s2.2p3.(4S*).3d,5D*,3,2s2.2p3.(4S*).7f,5F,3
O,1,O I,982.5872,,982.5872,air,,,53700.0,C+,97420.716,107595.140,2s2.2p3.(4S*).3d,5D*,3,2s2.2p3.(4S*).7f,5F,2
O,1,O I,982.5991,,982.5991,air,,,921000.0,C+,97420.839,107595.140,2s2.2p3.(4S*).3d,5D*,2,2s2.2p3.(4S*).7f,5F,3
O,1,O I,982.5991,,982.5991,air,,,537000.0,C+,97420.839,107595.140,2s2.2p3.(4S*).3d,5D*,2,2s2.2p3.(4S*).7f,5F,2
O,1,O I,982.5991,,982.5991,air,,,89500.0,C+,97420.839,107595.140,2s2.2p3.(4S*).3d,5D*,2,2s2.2p3.(4S*).7f,5F,1
O,1,O I,982.609,,982.609,air,,,752000.0,C+,97420.942,107595.140,2s2.2p3.(4S*).3d,5D*,1,2s2.2p3.(4S*).7f,5F,2
O,1,O I,982.609,,982.609,air,,,627000.0,C+,97420.942,107595.140,2s2.2p3.(4S*).3d,5D*,1,2s2.2p3.(4S*).7f,5F,1
O,1,O I,982.6137,,982.6137,air,,,627000.0,C+,97420.991,107595.140,2s2.2p3.(4S*).3d,5D*,0,2s2.2p3.(4S*).7f,5F,1
O,1,O I,989.1647,,989.1647,air,,,1080000.0,C+,97488.378,107595.147,2s2.2p3.(4S*).3d,3D*,1,2s2.2p3.(4S*).7f,3F,2
O,1,O I,989.1715,,989.1715,air,,,1140000.0,C+,97488.448,107595.147,2s2.2p3.(4S*).3d,3D*,2,2s2.2p3.(4S*).7f,3F,3
O,1,O I,989.1715,,989.1715,air,,,200000.0,C+,97488.448,107595.147,2s2.2p3.(4S*).3d,3D*,2,2s2.2p3.(4S*).7f,3F,2
O,1,O I,989.1803,,989.1803,air,,,1280000.0,C+,97488.538,107595.147,2s2.2p3.(4S*).3d,3D*,3,2s2.2p3.(4S*).7f,3F,4
O,1,O I,989.1803,,989.1803,air,,,143000.0,C+,97488.538,107595.147,2s2.2p3.(4S*).3d,3D*,3,2s2.2p3.(4S*).7f,3F,3
O,1,O I,989.1803,,989.1803,air,,,5630.0,C,97488.538,107595.147,2s2.2p3.(4S*).3d,3D*,3,2s2.2p3.(4S*).7f,3F,2
O,2,O II,990.706,,990.706,air,,,10600000.0,C,248515.30,258606.35,2s2.2p2.(3P).4p,2P*,3/2,2s2.2p2.(3P).5s,2P,3/2
O,2,O II,1001.243,,1001.243,air,,,8190000.0,C,248426.41,258411.26,2s2.2p2.(3P).4p,2P*,1/2,2s2.2p2.(3P).5s,2P,1/2
O,2,O II,1010.236,,1010.236,air,,,3990000.0,C,248515.30,258411.26,2s2.2p2.(3P).4p,2P*,3/2,2s2.2p2.(3P).5s,2P,1/2
O,3,O III,1011.874,,1011.874,air,,,33700000.0,B,370902.22,380782.17,2s2.2p.(2P*).4p,1D,2,2s2.2p.(2P*).4d,1F*,3
O,1,O I,1016.7256,,1016.7256,air,,,361.0,C,76794.978,86627.778,2s2.2p3.(4S*).3s,3S*,1,2s2.2p3.(4S*).3p,5P,2
O,1,O I,1016.9346,,1016.9346,air,,,197.0,C,76794.978,86625.757,2s2.2p3.(4S*).3s,3S*,1,2s2.2p3.(4S*).3p,5P,1
