element,ion_stage,species,wavelength_nm,observed_nm,ritz_nm,wavelength_medium,intensity,intensity_raw,Aki,accuracy,Ei_cm-1,Ek_cm-1,conf_i,term_i,J_i,conf_k,term_k,J_k
Ti,2,Ti II,191.061227,191.061227,191.061231,vacuum,45.0,45,380000000.0,A',0.0000,52339.242,3d2.(3F).4s,a 4F,3/2,3d.(2D).4s.4p.(3P*),4D*,1/2
Ti,2,Ti II,191.09538,191.09538,191.09538,vacuum,67.0,67,179000000.0,A,0.0000,52329.889,3d2.(3F).4s,a 4F,3/2,3d.(2D).4s.4p.(3P*),4F*,3/2
Ti,3,Ti III,194.8508,194.8508,194.851,vacuum,5.0,5,72000000.0,D,32475.5,83796.86,3p6.3d2,1S,0,3p6.3d.4p,1P*,1
Ti,3,Ti III,200.736,200.736,200.7357,air,4.0,4,340000000.0,D,80939.19,130739.82,3p6.3d.4p,3P*,1,3p6.3d.4d,3S,1
Ti,3,Ti III,200.7604,200.7604,200.7586,air,2.0,2,120000000.0,D,80944.87,130739.82,3p6.3d.4p,3P*,0,3p6.3d.4d,3S,1
Ti,3,Ti III,201.08,201.08,201.0801,air,6.0,6,540000000.0,D,81024.47,130739.82,3p6.3d.4p,3P*,2,3p6.3d.4d,3S,1
Ti,3,Ti III,209.7299,209.7299,209.7301,air,9.0,9,330000000.0,D,81024.47,128689.67,3p6.3d.4p,3P*,2,3p6.3d.4d,3D,3
Ti,3,Ti III,209.9862,209.9862,209.9856,air,7.0,7,250000000.0,D,80939.19,128546.38,3p6.3d.4p,3P*,1,3p6.3d.4d,3D,2
Ti,3,Ti III,210.36,210.36,210.3625,air,5.0,5,56000000.0,D,81024.47,128546.38,3p6.3d.4p,3P*,2,3p6.3d.4d,3D,2
Ti,3,Ti III,210.4857,210.4857,210.4852,air,4.0,4,110000000.0,D,80939.19,128433.40,3p6.3d.4p,3P*,1,3p6.3d.4d,3D,1
Ti,3,Ti III,210.5092,210.5092,210.5104,air,5.0,5,170000000.0,D,80944.87,128433.40,3p6.3d.4p,3P*,0,3p6.3d.4d,3D,1
Ti,3,Ti III,219.9223,219.9223,219.9216,air,10.0,10,570000000.0,D,83796.86,129253.41,3p6.3d.4p,1P*,1,3p6.3d.4d,1P,1
Ti,3,Ti III,223.7773,223.7773,223.7762,air,12.0,12,240000000.0,D,83116.93,127790.57,3p6.3d.4p,1F*,3,3p6.3d.4d,1F,3
Ti,1,Ti I,226.4016,226.4016,226.40181,air,12.0,12,23000000.0,D,0.000,44155.596,3d2.4s2,a 3F,2,3d2.4s.(4F).5p,3G*,3
Ti,1,Ti I,227.6702,227.6702,227.67016,air,14.0,14,130000000.0,C,170.1328,44079.761,3d2.4s2,a 3F,3,3d2.4s.(4F).5p,o 3D*,2
Ti,1,Ti I,227.9967,227.9967,227.9967,air,15.0,15,94000000.0,C,386.874,44233.620,3d2.4s2,a 3F,4,3d2.4s.(4F).5p,o 3D*,3
Ti,1,Ti I,229.9858,229.9858,229.98591,air,14.0,14,69000000.0,C,0.000,43467.537,3d2.4s2,a 3F,2,3d2.4s.(4F).5p,r 3F*,2
Ti,1,Ti I,230.2736,230.2736,230.273678,air,14.0,14,57000000.0,C,170.1328,43583.355,3d2.4s2,a 3F,3,3d2.4s.(4F).5p,r 3F*,3
Ti,1,Ti I,230.5674,230.5674,230.56742,air,15.0,15,52000000.0,C,386.874,43744.793,3d2.4s2,a 3F,4,3d2.4s.(4F).5p,r 3F*,4
Ti,3,Ti III,233.1352,233.1352,233.1346,air,15.0,15,430000000.0,D,38064.35,80944.87,3p6.3d.4s,3D,1,3p6.3d.4p,3P*,0
Ti,3,Ti III,233.166,233.166,233.1655,air,15.0,15,120000000.0,D,38064.35,80939.19,3p6.3d.4s,3D,1,3p6.3d.4p,3P*,1
Ti,3,Ti III,233.434,233.434,233.434,air,15.0,15,77000000.0,D,38198.95,81024.47,3p6.3d.4s,3D,2,3p6.3d.4p,3P*,2
Ti,3,Ti III,233.9,233.9,233.8999,air,17.0,17,300000000.0,D,38198.95,80939.19,3p6.3d.4s,3D,2,3p6.3d.4p,3P*,1
Ti,3,Ti III,234.6786,234.6786,234.6783,air,18.0,18,330000000.0,D,38425.99,81024.47,3p6.3d.4s,3D,3,3p6.3d.4p,3P*,2
Ti,3,Ti III,237.4986,237.4986,237.499,air,18.0,18,400000000.0,D,41704.27,83796.86,3p6.3d.4s,1D,2,3p6.3d.4p,1P*,1
Ti,1,Ti I,238.4517,238.4517,238.45193,air,10.0,10,9000000.0,C,386.874,42311.264,3d2.4s2,a 3F,4,3d.4s2.4p,q 3D*,3
Ti,3,Ti III,239.7106,,239.7106,air,,,0.0051,E,0.0,41704.27,3p6.3d2,3F,2,3p6.3d.4s,1D,2
Ti,3,Ti III,240.778,,240.778,air,,,0.092,E,184.9,41704.27,3p6.3d2,3F,3,3p6.3d.4s,1D,2
Ti,3,Ti III,241.3989,241.3989,241.3987,air,22.0,22,380000000.0,D,41704.27,83116.93,3p6.3d.4s,1D,2,3p6.3d.4p,1F*,3
Ti,1,Ti I,241.8362,241.8362,241.83617,air,12.0,12,12000000.0,C,0.000,41337.748,3d2.4s2,a 3F,2,3d.4s2.4p,s 3F*,2
Ti,1,Ti I,242.1305,242.1305,242.13047,air,15.0,15+,13000000.0,C,170.1328,41457.639,3d2.4s2,a 3F,3,3d.4s2.4p,s 3F*,3
Ti,3,Ti III,242.152,,242.152,air,,,0.013,E,420.4,41704.27,3p6.3d2,3F,4,3p6.3d.4s,1D,2
Ti,1,Ti I,242.4255,242.4255,242.42502,air,15.0,15+,17000000.0,C,386.874,41624.219,3d2.4s2,a 3F,4,3d.4s2.4p,s 3F*,4
Ti,1,Ti I,242.8214,242.8214,242.82157,air,10.0,10,7700000.0,C,0.000,41170.006,3d2.4s2,a 3F,2,3d3.(2H).4p,3G*,3
Ti,2,Ti II,244.01647,244.01647,244.016464,air,47.0,47,51000000.0,C,12628.8455,53597.2664,3d3,b 2D2,3/2,3d.(2D).4s.4p.(3P*),w 2D*,3/2
Ti,1,Ti I,244.098,244.098,244.09841,air,12.0,12,7200000.0,C,386.874,41341.543,3d2.4s2,a 3F,4,3d3.(2H).4p,3G*,5
Ti,2,Ti II,244.269,244.269,244.268548,air,7.0,7:,4000000.0,D,12628.8455,53554.9903,3d3,b 2D2,3/2,3d.(2D).4s.4p.(3P*),w 2D*,5/2
Ti,2,Ti II,244.78979,244.78979,244.789782,air,6.0,6,3700000.0,D,12758.2597,53597.2664,3d3,b 2D2,5/2,3d.(2D).4s.4p.(3P*),w 2D*,3/2
Ti,2,Ti II,245.04347,245.04347,245.043467,air,73.0,73,45000000.0,C,12758.2597,53554.9903,3d3,b 2D2,5/2,3d.(2D).4s.4p.(3P*),w 2D*,5/2
Ti,2,Ti II,247.29408,247.29408,247.292548,air,4.0,4,2080000.0,B',0.0000,40425.7183,3d2.(3F).4s,a 4F,3/2,3d2.(3P).4p,y 4D*,3/2
Ti,2,Ti II,247.41947,247.41947,247.419437,air,17.0,17,651000.0,C+,393.4459,40798.4333,3d2.(3F).4s,a 4F,9/2,3d2.(3P).4p,y 4D*,7/2
Ti,2,Ti II,247.72028,247.72028,247.720249,air,14.0,14,790000.0,D,225.7039,40581.6301,3d2.(3F).4s,a 4F,7/2,3d2.(3P).4p,y 4D*,5/2
Ti,2,Ti II,247.86965,247.86965,247.869648,air,10.0,10,512000.0,D+,94.1142,40425.7183,3d2.(3F).4s,a 4F,5/2,3d2.(3P).4p,y 4D*,3/2
Ti,2,Ti II,248.15,248.15,248.148927,air,4.0,4:,2000000.0,D,4628.6571,44914.8733,3d2.(3F).4s,a 2F,5/2,3d2.(3P).4p,x 2D*,3/2
Ti,2,Ti II,249.89511,249.89511,249.89512,air,21.0,21,1370000.0,C,4897.7179,44902.4455,3d2.(3F).4s,a 2F,7/2,3d2.(3P).4p,x 2D*,5/2
Ti,2,Ti II,251.08901,251.08901,251.089052,air,9.0,9,361000.0,D+,983.9157,40798.4333,3d3,b 4F,5/2,3d2.(3P).4p,y 4D*,7/2
Ti,3,Ti III,251.6053,251.6053,251.6066,air,25.0,25,340000000.0,D,38425.99,78158.61,3p6.3d.4s,3D,3,3p6.3d.4p,3F*,4
Ti,2,Ti II,251.743134,251.743134,251.743139,air,160.0,160,5010000.0,B+,1087.3561,40798.4333,3d3,b 4F,7/2,3d2.(3P).4p,y 4D*,7/2
Ti,1,Ti I,251.9025,251.9025,251.90245,air,10.0,10,5900000.0,C,0.000,39685.964,3d2.4s2,a 3F,2,3d3.(2D2).4p,s 3D*,2
Ti,2,Ti II,251.98049,251.98049,251.980562,air,12.0,12,461000.0,C',907.9672,40581.6301,3d3,b 4F,3/2,3d2.(3P).4p,y 4D*,5/2
Ti,1,Ti I,252.0542,252.0542,252.05415,air,15.0,15+,38000000.0,C,0.000,39662.081,3d2.4s2,a 3F,2,3d3.(2D2).4p,s 3D*,1
Ti,2,Ti II,252.46389,252.46389,252.463894,air,206.0,206,8210000.0,B+,983.9157,40581.6301,3d3,b 4F,5/2,3d2.(3P).4p,y 4D*,5/2
Ti,2,Ti II,252.560296,252.560296,252.5603,air,1350.0,1350,40600000.0,B+,1215.8329,40798.4333,3d3,b 4F,9/2,3d2.(3P).4p,y 4D*,7/2
Ti,1,Ti I,252.7985,252.7985,252.7985,air,10.0,10,6800000.0,C,170.1328,39715.439,3d2.4s2,a 3F,3,3d3.(2D2).4p,s 3D*,3
Ti,2,Ti II,252.974777,252.974777,252.974783,air,154.0,154,7480000.0,B+,907.9672,40425.7183,3d3,b 4F,3/2,3d2.(3P).4p,y 4D*,3/2
Ti,1,Ti I,252.9871,252.9871,252.98707,air,5.0,5,38000000.0,C,170.1328,39685.964,3d2.4s2,a 3F,3,3d3.(2D2).4p,s 3D*,2
Ti,2,Ti II,253.125172,253.125172,253.125172,air,930.0,930,37100000.0,B+,1087.3561,40581.6301,3d3,b 4F,7/2,3d2.(3P).4p,y 4D*,5/2
Ti,2,Ti II,253.461943,253.461943,253.46194,air,610.0,610,29500000.0,B+,983.9157,40425.7183,3d3,b 4F,5/2,3d2.(3P).4p,y 4D*,3/2
Ti,2,Ti II,253.587016,253.587016,253.587019,air,384.0,384,48600000.0,B+,907.9672,40330.3168,3d3,b 4F,3/2,3d2.(3P).4p,y 4D*,1/2
Ti,1,Ti I,254.1908,254.1908,254.19177,air,15.0,15+,43000000.0,C,386.874,39715.439,3d2.4s2,a 3F,4,3d3.(2D2).4p,s 3D*,3
Ti,2,Ti II,255.598697,255.598697,255.598614,air,355.0,355*,32000000.0,D,4628.6571,43740.7678,3d2.(3F).4s,a 2F,5/2,3d2.(1G).4p,y 2G*,7/2
Ti,3,Ti III,256.7556,256.7556,256.7556,air,22.0,22,230000000.0,D,38064.35,77000.23,3p6.3d.4s,3D,1,3p6.3d.4p,3D*,1
Ti,2,Ti II,256.896791,256.896791,256.896772,air,29.0,29,1650000.0,D+,8710.5675,47625.0485,3d2.(1D).4s,a 2D,3/2,3d2.(1G).4p,x 2F*,5/2
Ti,2,Ti II,257.103223,257.103223,257.103221,air,274.0,274,12600000.0,B+,4897.7179,43780.9533,3d2.(3F).4s,a 2F,7/2,3d2.(1G).4p,y 2G*,9/2
Ti,2,Ti II,257.264652,257.264652,257.264654,air,62.0,62,2130000.0,B',1215.8329,40074.6707,3d3,b 4F,9/2,3d2.(1D).4p,y 2F*,7/2
Ti,2,Ti II,257.3692,257.3692,257.369226,air,12.0,12,2700000.0,C,4897.7179,43740.7678,3d2.(3F).4s,a 2F,7/2,3d2.(1G).4p,y 2G*,7/2
Ti,3,Ti III,257.647,257.647,257.6463,air,15.0,15,92000000.0,D,38198.95,77000.23,3p6.3d.4s,3D,2,3p6.3d.4p,3D*,1
Ti,2,Ti II,258.171126,258.171126,258.171131,air,50.0,50,4240000.0,C+,8744.3406,47466.7479,3d2.(1D).4s,a 2D,5/2,3d2.(1G).4p,x 2F*,7/2
Ti,1,Ti I,259.0255,259.0255,259.02538,air,8.0,8,4700000.0,C,170.1328,38764.844,3d2.4s2,a 3F,3,3d3.(2P).4p,t 3D*,3
Ti,1,Ti I,259.364,259.364,259.36407,air,11.0,11,6900000.0,C,0.000,38544.316,3d2.4s2,a 3F,2,3d3.(2G).4p,t 3F*,3
Ti,1,Ti I,259.6584,259.6584,259.65865,air,11.0,11,6900000.0,C,170.1328,38670.723,3d2.4s2,a 3F,3,3d3.(2G).4p,t 3F*,4
Ti,1,Ti I,259.9904,259.9904,259.99146,air,15.0,15+,67000000.0,C,0.000,38451.309,3d2.4s2,a 3F,2,3d3.(2G).4p,t 3F*,2
Ti,3,Ti III,260.1628,,260.1628,air,,,1.1,E,0.0,38425.99,3p6.3d2,3F,2,3p6.3d.4s,3D,3
Ti,2,Ti II,260.40966,260.40966,260.409624,air,18.0,18,425000.0,C,1087.3561,39476.9244,3d3,b 4F,7/2,3d2.(1D).4p,y 2D*,5/2
Ti,1,Ti I,260.5133,260.5133,260.51403,air,15.0,15,64000000.0,C,170.1328,38544.316,3d2.4s2,a 3F,3,3d3.(2G).4p,t 3F*,3
Ti,1,Ti I,261.1285,261.1285,261.12878,air,15.0,15,64000000.0,C,386.874,38670.723,3d2.4s2,a 3F,4,3d3.(2G).4p,t 3F*,4
Ti,1,Ti I,261.1469,261.1469,261.14701,air,11.0,11,33000000.0,C,170.1328,38451.309,3d2.4s2,a 3F,3,3d3.(2G).4p,t 3F*,2
Ti,3,Ti III,261.421,,261.421,air,,,12.0,E,184.9,38425.99,3p6.3d2,3F,3,3p6.3d.4s,3D,3
Ti,3,Ti III,261.7092,,261.7092,air,,,15.0,E,0.0,38198.95,3p6.3d2,3F,2,3p6.3d.4s,3D,2
Ti,1,Ti I,261.9934,261.9934,261.99389,air,13.0,13,21000000.0,C,386.874,38544.316,3d2.4s2,a 3F,4,3d3.(2G).4p,t 3F*,3
Ti,3,Ti III,262.6347,,262.6347,air,,,35.0,E,0.0,38064.35,3p6.3d2,3F,2,3p6.3d.4s,3D,1
Ti,3,Ti III,262.982,,262.982,air,,,26.0,E,184.9,38198.95,3p6.3d2,3F,3,3p6.3d.4s,3D,2
Ti,3,Ti III,263.041,,263.041,air,,,40.0,E,420.4,38425.99,3p6.3d2,3F,4,3p6.3d.4s,3D,3
Ti,1,Ti I,263.1525,263.1525,263.15336,air,14.0,14,17000000.0,C,170.1328,38159.461,3d2.4s2,a 3F,3,3d2.(3P).4s.4p.(1P*),u 3D*,3
Ti,1,Ti I,263.2411,263.2411,263.24164,air,14.0,14,27000000.0,C,0.000,37976.589,3d2.4s2,a 3F,2,3d2.(3P).4s.4p.(1P*),u 3D*,2
Ti,2,Ti II,263.544755,263.544755,263.544765,air,469.0,469,190000000.0,D,30836.4250,68769.3365,3d2.(3F).4p,z 4F*,3/2,3d2.(3F).4d,f 4F,3/2
Ti,2,Ti II,263.856431,263.856431,263.85639,air,790.0,790,170000000.0,D,30958.5846,68846.699,3d2.(3F).4p,z 4F*,5/2,3d2.(3F).4d,f 4F,5/2
Ti,3,Ti III,263.917,,263.917,air,,,17.0,E,184.9,38064.35,3p6.3d2,3F,3,3p6.3d.4s,3D,1
Ti,1,Ti I,264.1087,264.1087,264.10953,air,15.0,15,180000000.0,C,0.000,37851.802,3d2.4s2,a 3F,2,3d2.(3P).4s.4p.(1P*),u 3D*,1
Ti,2,Ti II,264.202701,264.202701,264.202702,air,1290.0,1290,190000000.0,D,31113.6764,68952.1302,3d2.(3F).4p,z 4F*,7/2,3d2.(3F).4d,f 4F,7/2
Ti,1,Ti I,264.4253,264.4253,264.42632,air,15.0,15,140000000.0,C,170.1328,37976.589,3d2.4s2,a 3F,3,3d2.(3P).4s.4p.(1P*),u 3D*,2
Ti,2,Ti II,264.586522,264.586522,264.586532,air,2180.0,2180,270000000.0,D,31301.0653,69084.6309,3d2.(3F).4p,z 4F*,9/2,3d2.(3F).4d,f 4F,9/2
Ti,3,Ti III,264.622,,264.622,air,,,11.0,E,420.4,38198.95,3p6.3d2,3F,4,3p6.3d.4s,3D,2
Ti,1,Ti I,264.6625,264.6625,264.66344,air,15.0,15,150000000.0,C,386.874,38159.461,3d2.4s2,a 3F,4,3d2.(3P).4s.4p.(1P*),u 3D*,3
Ti,1,Ti I,265.7186,265.7186,265.71879,air,,,3200000.0,C,0.000,37622.575,3d2.4s2,a 3F,2,3d.4s2.4p,x 1F*,3
Ti,1,Ti I,266.1959,266.1959,266.19653,air,14.0,14,8900000.0,C,0.000,37555.058,3d2.4s2,a 3F,2,3d3.(2G).4p,v 3G*,3
Ti,1,Ti I,266.9587,266.9587,266.95929,air,14.0,14,10000000.0,C,170.1328,37617.894,3d2.4s2,a 3F,3,3d3.(2G).4p,v 3G*,4
Ti,1,Ti I,267.991,267.991,267.99208,air,15.0,15,13000000.0,C,386.874,37690.327,3d2.4s2,a 3F,4,3d3.(2G).4p,v 3G*,5
Ti,2,Ti II,271.3758,271.3758,271.375736,air,7.0,7,1500000.0,D,8710.5675,45548.9273,3d2.(1D).4s,a 2D,3/2,3d2.(3P).4p,y 2P*,3/2
Ti,2,Ti II,271.624763,271.624763,271.624772,air,72.0,72,3780000.0,B',8744.3406,45548.9273,3d2.(1D).4s,a 2D,5/2,3d2.(3P).4p,y 2P*,3/2
Ti,2,Ti II,271.7297,271.7297,271.729709,air,34.0,34,2880000.0,C+,9118.2849,45908.6592,3d3,a 2G,9/2,3d2.(1G).4p,z 2H*,11/2
Ti,2,Ti II,271.94032,271.94032,271.940308,air,34.0,34,6490000.0,C+,8710.5675,45472.4518,3d2.(1D).4s,a 2D,3/2,3d2.(3P).4p,y 2P*,1/2
Ti,2,Ti II,272.57729,272.57729,272.577319,air,31.0,31,2410000.0,C+,8997.7874,45673.7641,3d3,a 2G,7/2,3d2.(1G).4p,z 2H*,9/2
Ti,1,Ti I,273.3253,273.3253,273.32525,air,13.0,13,190000000.0,D,8602.3441,45177.966,3d2.4s2,a 3P,2,3d2.4s.(2P).4p,3P*,2
Ti,1,Ti I,273.5284,273.5284,273.52863,air,8.0,8,410000000.0,D,8492.422,45040.849,3d2.4s2,a 3P,1,3d2.4s.(2P).4p,3P*,0
Ti,2,Ti II,274.654208,274.654208,274.65423,air,305.0,305,260000000.0,D,31207.5111,67606.1621,3d2.(3F).4p,z 2F*,5/2,3d2.(3F).4d,e 2G,7/2
Ti,2,Ti II,275.160624,275.160624,275.160617,air,540.0,540,370000000.0,D,31490.9177,67822.5867,3d2.(3F).4p,z 2F*,7/2,3d2.(3F).4d,e 2G,9/2
Ti,2,Ti II,275.268459,275.268459,275.268469,air,770.0,770,110000000.0,D,32767.1961,69084.6309,3d2.(3F).4p,z 4D*,7/2,3d2.(3F).4d,f 4F,9/2
Ti,2,Ti II,275.749927,275.749927,275.749927,air,418.0,418,72000000.0,D,32698.1022,68952.1302,3d2.(3F).4p,z 4D*,5/2,3d2.(3F).4d,f 4F,7/2
Ti,2,Ti II,275.825723,275.825723,275.82567,air,250.0,250,99000000.0,D,32602.6265,68846.699,3d2.(3F).4p,z 4D*,3/2,3d2.(3F).4d,f 4F,5/2
Ti,2,Ti II,275.87964,275.87964,275.879645,air,126.0,126,44000000.0,D,32532.3542,68769.3365,3d2.(3F).4p,z 4D*,1/2,3d2.(3F).4d,f 4F,3/2
Ti,2,Ti II,276.128654,276.128654,276.128656,air,70.0,70,10400000.0,B+,8710.5675,44914.8733,3d2.(1D).4s,a 2D,3/2,3d2.(3P).4p,x 2D*,3/2
Ti,2,Ti II,276.22349,276.22349,276.22348,air,28.0,28,2880000.0,C+,8710.5675,44902.4455,3d2.(1D).4s,a 2D,3/2,3d2.(3P).4p,x 2D*,5/2
Ti,2,Ti II,276.276498,276.276498,276.27649,air,70.0,70,7200000.0,D,32767.1961,68952.1302,3d2.(3F).4p,z 4D*,7/2,3d2.(3F).4d,f 4F,7/2
Ti,2,Ti II,276.392,276.392,276.392277,air,,:,170000.0,D,4628.6571,40798.4333,3d2.(3F).4s,a 2F,5/2,3d2.(3P).4p,y 4D*,7/2
Ti,2,Ti II,276.415711,276.415711,276.415711,air,56.0,56,74000000.0,D,32602.6265,68769.3365,3d2.(3F).4p,z 4D*,3/2,3d2.(3F).4d,f 4F,3/2
Ti,2,Ti II,276.481489,276.481489,276.481497,air,126.0,126,11300000.0,B+,8744.3406,44902.4455,3d2.(1D).4s,a 2D,5/2,3d2.(3P).4p,x 2D*,5/2
Ti,2,Ti II,276.51945,276.51945,276.51958,air,8.0,8,1680000.0,D+,9395.8020,45548.9273,3d3,a 4P,3/2,3d2.(3P).4p,y 2P*,3/2
Ti,2,Ti II,278.059,278.059,278.059061,air,,:,2500000.0,D,4628.6571,40581.6301,3d2.(3F).4s,a 2F,5/2,3d2.(3P).4p,y 4D*,5/2
Ti,2,Ti II,278.46383,278.46383,278.463829,air,22.0,22,1020000.0,B',4897.7179,40798.4333,3d2.(3F).4s,a 2F,7/2,3d2.(3P).4p,y 4D*,7/2
Ti,2,Ti II,280.481958,280.481958,280.481965,air,470.0,470,460000000.0,D,29544.4540,65186.8680,3d2.(3F).4p,z 4G*,5/2,3d2.(3F).4d,e 4H,7/2
Ti,2,Ti II,280.64716,280.64716,280.647144,air,36.0,36,10100000.0,B,9851.0145,45472.4518,3d3,a 2P,1/2,3d2.(3P).4p,y 2P*,1/2
Ti,2,Ti II,281.022854,281.022854,281.022863,air,590.0,590,510000000.0,D,29734.6206,65308.4355,3d2.(3F).4p,z 4G*,7/2,3d2.(3F).4d,e 4H,9/2
Ti,2,Ti II,281.029885,281.029885,281.02987,air,103.0,103,18800000.0,B+,9975.9994,45548.9273,3d3,a 2P,3/2,3d2.(3P).4p,y 2P*,3/2
Ti,2,Ti II,281.20206,281.20206,281.202184,air,7.0,7,985000.0,C',9363.7425,44914.8733,3d3,a 4P,1/2,3d2.(3P).4p,x 2D*,3/2
Ti,2,Ti II,281.55455,281.55455,281.554528,air,15.0,15,1410000.0,C,9395.8020,44902.4455,3d3,a 4P,3/2,3d2.(3P).4p,x 2D*,5/2
Ti,2,Ti II,281.63533,281.63533,281.635367,air,20.0,20,8300000.0,B',9975.9994,45472.4518,3d3,a 2P,3/2,3d2.(3P).4p,y 2P*,1/2
Ti,2,Ti II,281.781434,281.781434,281.781443,air,780.0,780,380000000.0,D,29968.3304,65446.3822,3d2.(3F).4p,z 4G*,9/2,3d2.(3F).4d,e 4H,11/2
Ti,2,Ti II,281.986547,281.986547,281.986552,air,82.0,82,65000000.0,D,29734.6206,65186.8680,3d2.(3F).4p,z 4G*,7/2,3d2.(3F).4d,e 4H,7/2
Ti,2,Ti II,282.03612,282.03612,282.036147,air,19.0,19,1200000.0,B',4628.6571,40074.6707,3d2.(3F).4s,a 2F,5/2,3d2.(1D).4p,y 2F*,7/2
Ti,2,Ti II,282.125173,282.125173,282.125189,air,70.0,70,79000000.0,D,29544.4540,64979.2810,3d2.(3F).4p,z 4G*,5/2,3d2.(3F).4d,e 4G,7/2
Ti,2,Ti II,282.711403,282.711403,282.711415,air,115.0,115,100000000.0,D,29734.6206,65095.9741,3d2.(3F).4p,z 4G*,7/2,3d2.(3F).4d,e 4G,9/2
Ti,2,Ti II,282.805795,282.805795,282.805793,air,1180.0,1180,440000000.0,D,30240.9396,65590.4928,3d2.(3F).4p,z 4G*,11/2,3d2.(3F).4d,e 4H,13/2
Ti,2,Ti II,282.864508,282.864508,282.864514,air,136.0,136,120000000.0,D,29544.4540,64886.6693,3d2.(3F).4p,z 4G*,5/2,3d2.(3F).4d,e 4G,5/2
Ti,2,Ti II,282.881397,282.881397,282.881405,air,130.0,130,91000000.0,D,29968.3304,65308.4355,3d2.(3F).4p,z 4G*,9/2,3d2.(3F).4d,e 4H,9/2
Ti,2,Ti II,283.217531,283.217531,283.217555,air,208.0,208,20400000.0,B+,4628.6571,39926.8192,3d2.(3F).4s,a 2F,5/2,3d2.(1D).4p,y 2F*,5/2
Ti,2,Ti II,283.401126,283.401126,283.40113,air,118.0,118,79000000.0,D,29968.3304,65243.6290,3d2.(3F).4p,z 4G*,9/2,3d2.(3F).4d,e 4G,11/2
Ti,2,Ti II,283.647506,283.647506,283.647502,air,121.0,121,120000000.0,D,29734.6206,64979.2810,3d2.(3F).4p,z 4G*,7/2,3d2.(3F).4d,e 4G,7/2
Ti,2,Ti II,283.963498,283.963498,283.963493,air,122.0,122,83000000.0,D,30240.9396,65446.3822,3d2.(3F).4p,z 4G*,11/2,3d2.(3F).4d,e 4H,11/2
Ti,2,Ti II,284.193492,284.193492,284.193486,air,292.0,292,23900000.0,B+,4897.7179,40074.6707,3d2.(3F).4s,a 2F,7/2,3d2.(1D).4p,y 2F*,7/2
Ti,2,Ti II,284.3948,284.3948,284.394838,air,14.0,14,15000000.0,D,29734.6206,64886.6693,3d2.(3F).4p,z 4G*,7/2,3d2.(3F).4d,e 4G,5/2
Ti,2,Ti II,284.592429,284.592429,284.592431,air,129.0,129,120000000.0,D,29968.3304,65095.9741,3d2.(3F).4p,z 4G*,9/2,3d2.(3F).4d,e 4G,9/2
Ti,2,Ti II,285.11015,285.11015,285.11016,air,123.0,123,34900000.0,B+,9851.0145,44914.8733,3d3,a 2P,1/2,3d2.(3P).4p,x 2D*,3/2
Ti,2,Ti II,285.39308,285.39308,285.393073,air,31.0,31,3740000.0,B+,4897.7179,39926.8192,3d2.(3F).4s,a 2F,7/2,3d2.(1D).4p,y 2F*,5/2
Ti,2,Ti II,285.54107,285.54107,285.541036,air,14.0,14,14000000.0,D,29968.3304,64979.2810,3d2.(3F).4p,z 4G*,9/2,3d2.(3F).4d,e 4G,7/2
Ti,2,Ti II,285.608435,285.608435,285.608432,air,167.0,167,150000000.0,D,30240.9396,65243.6290,3d2.(3F).4p,z 4G*,11/2,3d2.(3F).4d,e 4G,11/2
Ti,2,Ti II,285.66138,285.66138,285.661371,air,9.0,9,1160000.0,D+,12628.8455,47625.0485,3d3,b 2D2,3/2,3d2.(1G).4p,x 2F*,5/2
Ti,2,Ti II,285.84105,285.84105,285.841035,air,22.0,22,3500000.0,B,4628.6571,39602.8645,3d2.(3F).4s,a 2F,5/2,3d2.(1D).4p,y 2D*,3/2
Ti,2,Ti II,286.13015,286.13015,286.130118,air,16.0,16,3620000.0,C+,9975.9994,44914.8733,3d3,a 2P,3/2,3d2.(3P).4p,x 2D*,3/2
Ti,2,Ti II,286.231937,286.231937,286.231936,air,177.0,177,34400000.0,B+,9975.9994,44902.4455,3d3,a 2P,3/2,3d2.(3P).4p,x 2D*,5/2
Ti,2,Ti II,286.874087,286.874087,286.874101,air,49.0,49,4260000.0,B+,4628.6571,39476.9244,3d2.(3F).4s,a 2F,5/2,3d2.(1D).4p,y 2D*,5/2
Ti,2,Ti II,287.411,287.411,287.41105,air,4.0,4,1400000.0,D+,8997.7874,43780.9533,3d3,a 2G,7/2,3d2.(1G).4p,y 2G*,9/2
Ti,2,Ti II,287.743487,287.743487,287.7435,air,178.0,178,41300000.0,B+,8997.7874,43740.7678,3d3,a 2G,7/2,3d2.(1G).4p,y 2G*,7/2
Ti,2,Ti II,288.02952,288.02952,288.029464,air,9.0,9,1920000.0,C+,12758.2597,47466.7479,3d3,b 2D2,5/2,3d2.(1G).4p,x 2F*,7/2
Ti,2,Ti II,288.410208,288.410208,288.410221,air,214.0,214,42000000.0,B+,9118.2849,43780.9533,3d3,a 2G,9/2,3d2.(1G).4p,y 2G*,9/2
Ti,2,Ti II,288.7453,288.7453,288.744988,air,9.0,9,854000.0,D+,9118.2849,43740.7678,3d3,a 2G,9/2,3d2.(1G).4p,y 2G*,7/2
Ti,2,Ti II,288.892893,288.892893,288.892891,air,49.0,49,8390000.0,B+,4628.6571,39233.4153,3d2.(3F).4s,a 2F,5/2,3d2.(1D).4p,z 2P*,3/2
Ti,2,Ti II,289.106378,289.106378,289.106373,air,69.0,69,7670000.0,B+,4897.7179,39476.9244,3d2.(3F).4s,a 2F,7/2,3d2.(1D).4p,y 2D*,5/2
Ti,2,Ti II,290.99276,290.99276,290.992707,air,11.0,11,488000.0,B,393.4459,34748.5062,3d2.(3F).4s,a 4F,9/2,3d2.(3F).4p,z 2G*,9/2
Ti,2,Ti II,291.06535,291.06535,291.065284,air,6.0,6,46000000.0,D,31113.6764,65460.1706,3d2.(3F).4p,z 4F*,7/2,3d2.(3F).4d,4D,7/2
Ti,1,Ti I,291.2083,291.2083,291.20893,air,15.0,15+,130000000.0,D,7255.355,41584.908,3d2.4s2,a 1D,2,3d3.(2G).4p,v 1F*,3
Ti,2,Ti II,291.3101,291.3101,291.309717,air,,,155000.0,C',225.7039,34543.3799,3d2.(3F).4s,a 4F,7/2,3d2.(3F).4p,z 2G*,7/2
Ti,2,Ti II,291.86276,291.86276,291.86269,air,8.0,8,4100000.0,D,31207.5111,65460.1706,3d2.(3F).4p,z 2F*,5/2,3d2.(3F).4d,4D,7/2
Ti,2,Ti II,292.66208,292.66208,292.662074,air,27.0,27,89000000.0,D,31301.0653,65460.1706,3d2.(3F).4p,z 4F*,9/2,3d2.(3F).4d,4D,7/2
Ti,2,Ti II,293.10962,293.10962,293.109634,air,27.0,27,320000000.0,D,31207.5111,65314.4599,3d2.(3F).4p,z 2F*,5/2,3d2.(3F).4d,f 2F,5/2
Ti,1,Ti I,293.3528,293.3528,293.35342,air,15.0,15+*,9600000.0,C,0.000,34078.606,3d2.4s2,a 3F,2,3d2.(1G).4s.4p.(3P*),v 3F*,3
Ti,2,Ti II,293.597753,293.597753,293.597777,air,53.0,53,270000000.0,D,30836.4250,64886.6693,3d2.(3F).4p,z 4F*,3/2,3d2.(3F).4d,e 4G,5/2
Ti,1,Ti I,293.7304,293.7304,293.73056,air,15.0,15+,7700000.0,C,170.1328,34204.985,3d2.4s2,a 3F,3,3d2.(1G).4s.4p.(3P*),v 3F*,4
Ti,2,Ti II,293.852772,293.852772,293.852786,air,70.0,70,240000000.0,D,30958.5846,64979.2810,3d2.(3F).4p,z 4F*,5/2,3d2.(3F).4d,e 4G,7/2
Ti,2,Ti II,294.184849,294.184849,294.184843,air,301.0,301,180000000.0,D,31113.6764,65095.9741,3d2.(3F).4p,z 4F*,7/2,3d2.(3F).4d,e 4G,9/2
Ti,1,Ti I,294.1995,294.1995,294.19908,air,60.0,60r,100000000.0,C,0.000,33980.653,3d2.4s2,a 3F,2,3d2.(1G).4s.4p.(3P*),v 3F*,2
Ti,2,Ti II,294.297819,294.297819,294.29782,air,99.0,99,110000000.0,D,31490.9177,65460.1706,3d2.(3F).4p,z 2F*,7/2,3d2.(3F).4d,4D,7/2
Ti,2,Ti II,294.529244,294.529244,294.529238,air,407.0,407,270000000.0,D,31301.0653,65243.6290,3d2.(3F).4p,z 4F*,9/2,3d2.(3F).4d,e 4G,11/2
Ti,1,Ti I,294.8242,294.8242,294.82536,air,15.0,15+,93000000.0,C,170.1328,34078.606,3d2.4s2,a 3F,3,3d2.(1G).4s.4p.(3P*),v 3F*,3
Ti,2,Ti II,295.19859,295.19859,295.198581,air,29.0,29,30000000.0,D,31113.6764,64979.2810,3d2.(3F).4p,z 4F*,7/2,3d2.(3F).4d,e 4G,7/2
Ti,2,Ti II,295.457111,295.457111,295.457111,air,920.0,920,400000000.0,D,34748.5062,68584.4792,3d2.(3F).4p,z 2G*,9/2,3d2.(3F).4d,e 2H,11/2
Ti,1,Ti I,295.6123,295.6123,295.61317,air,15.0,15+bl,97000000.0,C,386.874,34204.985,3d2.4s2,a 3F,4,3d2.(1G).4s.4p.(3P*),v 3F*,4
Ti,1,Ti I,295.6782,295.6782,295.67954,air,15.0,15+,18000000.0,C,170.1328,33980.653,3d2.4s2,a 3F,3,3d2.(1G).4s.4p.(3P*),v 3F*,2
Ti,2,Ti II,295.81613,295.81613,295.816137,air,20.0,20,14000000.0,D,31301.0653,65095.9741,3d2.(3F).4p,z 4F*,9/2,3d2.(3F).4d,e 4G,9/2
Ti,2,Ti II,295.878553,295.878553,295.878553,air,620.0,620,400000000.0,D,34543.3799,68331.1599,3d2.(3F).4p,z 2G*,7/2,3d2.(3F).4d,e 2H,9/2
Ti,1,Ti I,296.7225,296.7225,296.72208,air,14.0,14,11000000.0,C,386.874,34078.606,3d2.4s2,a 3F,4,3d2.(1G).4s.4p.(3P*),v 3F*,3
Ti,1,Ti I,297.0379,297.0379,297.03827,air,15.0,15+,7400000.0,C,0.000,33655.869,3d2.4s2,a 3F,2,3d3.(4F).4p,w 3F*,2
Ti,2,Ti II,297.906,297.906,297.9062,air,7.0,7,120000000.0,D,31756.6406,65314.4599,3d2.(3F).4p,z 2D*,3/2,3d2.(3F).4d,f 2F,5/2
Ti,1,Ti I,298.1473,298.1473,298.1467,air,12.0,12,730000.0,C,170.1328,33700.884,3d2.4s2,a 3F,3,3d3.(4F).4p,w 3F*,4
Ti,1,Ti I,298.3305,298.3305,298.33031,air,15.0,15+,11000000.0,C,170.1328,33680.248,3d2.4s2,a 3F,3,3d3.(4F).4p,w 3F*,3
Ti,3,Ti III,298.4747,298.4747,298.4744,air,22.0,22,190000000.0,D,41704.27,75198.21,3p6.3d.4s,1D,2,3p6.3d.4p,1D*,2
Ti,2,Ti II,299.004315,299.004315,299.004332,air,67.0,67,56000000.0,D,32025.5915,65460.1706,3d2.(3F).4p,z 2D*,5/2,3d2.(3F).4d,4D,7/2
Ti,1,Ti I,300.0865,300.0865,300.08653,air,15.0,15+,12000000.0,C,386.874,33700.884,3d2.4s2,a 3F,4,3d3.(4F).4p,w 3F*,4
Ti,2,Ti II,300.831,300.831,300.831147,air,4.0,4,2600000.0,D,12677.1050,45908.6592,3d3,a 2H,9/2,3d2.(1G).4p,z 2H*,11/2
Ti,3,Ti III,300.838,,300.838,air,,,17.0,E,8473.5,41704.27,3p6.3d2,1D,2,3p6.3d.4s,1D,2
Ti,2,Ti II,301.718349,301.718349,301.718337,air,120.0,120,37200000.0,B+,12774.8168,45908.6592,3d3,a 2H,11/2,3d2.(1G).4p,z 2H*,11/2
Ti,2,Ti II,302.263588,302.263588,302.263537,air,159.0,159,120000000.0,D,34748.5062,67822.5867,3d2.(3F).4p,z 2G*,9/2,3d2.(3F).4d,e 2G,9/2
Ti,2,Ti II,302.366852,302.366852,302.366832,air,106.0,106,100000000.0,D,34543.3799,67606.1621,3d2.(3F).4p,z 2G*,7/2,3d2.(3F).4d,e 2G,7/2
Ti,2,Ti II,302.972799,302.972799,302.97278,air,103.0,103,30000000.0,B+,12677.1050,45673.7641,3d3,a 2H,9/2,3d2.(1G).4p,z 2H*,9/2
Ti,2,Ti II,303.6775,303.6775,303.677572,air,4.0,4,1550000.0,C+',12628.8455,45548.9273,3d3,b 2D2,3/2,3d2.(3P).4p,y 2P*,3/2
Ti,2,Ti II,303.87261,303.87261,303.872664,air,7.0,7,2390000.0,C+,12774.8168,45673.7641,3d3,a 2H,11/2,3d2.(1G).4p,z 2H*,9/2
Ti,2,Ti II,304.38469,304.38469,304.384706,air,20.0,20,14900000.0,B+,12628.8455,45472.4518,3d3,b 2D2,3/2,3d2.(3P).4p,y 2P*,1/2
Ti,2,Ti II,304.668465,304.668465,304.668435,air,104.0,104,19300000.0,A',9395.8020,42208.8232,3d3,a 4P,3/2,3d2.(3P).4p,z 4P*,5/2
Ti,2,Ti II,304.87616,304.87616,304.876138,air,27.0,27,11200000.0,B+,12758.2597,45548.9273,3d3,b 2D2,5/2,3d2.(3P).4p,y 2P*,3/2
Ti,2,Ti II,305.673811,305.673811,305.673777,air,100.0,100,28200000.0,A',9363.7425,42068.8481,3d3,a 4P,1/2,3d2.(3P).4p,z 4P*,3/2
Ti,2,Ti II,305.73929,305.73929,305.73925,air,47.0,47,1980000.0,B+,0.0000,32698.1022,3d2.(3F).4s,a 4F,3/2,3d2.(3F).4p,z 4D*,5/2
Ti,2,Ti II,305.808763,305.808763,305.808748,air,261.0,261,48000000.0,A',9518.1516,42208.8232,3d3,a 4P,5/2,3d2.(3P).4p,z 4P*,5/2
Ti,2,Ti II,305.973528,305.973528,305.973388,air,67.0,67*,2400000.0,B+,94.1142,32767.1961,3d2.(3F).4s,a 4F,5/2,3d2.(3F).4p,z 4D*,7/2
Ti,2,Ti II,306.34915,306.34915,306.34915,air,20.0,20,12100000.0,B+,9363.7425,41996.7498,3d3,a 4P,1/2,3d2.(3P).4p,z 4P*,1/2
Ti,2,Ti II,306.621819,306.621819,306.621829,air,700.0,700,30100000.0,B+,94.1142,32698.1022,3d2.(3F).4s,a 4F,5/2,3d2.(3F).4p,z 4D*,5/2
Ti,2,Ti II,306.634625,306.634625,306.634634,air,550.0,550,34700000.0,B+,0.0000,32602.6265,3d2.(3F).4s,a 4F,3/2,3d2.(3F).4p,z 4D*,3/2
Ti,2,Ti II,306.650441,306.650441,306.650424,air,94.0,94,52400000.0,A',9395.8020,41996.7498,3d3,a 4P,3/2,3d2.(3P).4p,z 4P*,1/2
Ti,3,Ti III,306.6515,,306.6515,air,,,250000000.0,D,129253.41,161854.24,3p6.3d.4d,1P,1,3p6.3d.4f,1P*,1
Ti,2,Ti II,307.123869,307.123869,307.123845,air,123.0,123,32600000.0,A',9518.1516,42068.8481,3d3,a 4P,5/2,3d2.(3P).4p,z 4P*,3/2
Ti,2,Ti II,307.210711,307.210711,307.210718,air,690.0,690,21300000.0,B+,225.7039,32767.1961,3d2.(3F).4s,a 4F,7/2,3d2.(3F).4p,z 4D*,7/2
Ti,2,Ti II,307.297005,307.297005,307.297014,air,1100.0,1100,171000000.0,B+,0.0000,32532.3542,3d2.(3F).4s,a 4F,3/2,3d2.(3F).4p,z 4D*,1/2
Ti,2,Ti II,307.522389,307.522389,307.522396,air,1480.0,1480,134000000.0,B+,94.1142,32602.6265,3d2.(3F).4s,a 4F,5/2,3d2.(3F).4p,z 4D*,3/2
Ti,3,Ti III,307.835,,307.835,air,,,0.0042,E,0.0,32475.5,3p6.3d2,3F,2,3p6.3d2,1S,0
Ti,2,Ti II,307.864422,307.864422,307.864419,air,1870.0,1870,134000000.0,B+,225.7039,32698.1022,3d2.(3F).4s,a 4F,7/2,3d2.(3F).4p,z 4D*,5/2
Ti,2,Ti II,308.146897,308.146897,308.146894,air,580.0,580,110000000.0,D,29968.3304,62410.9628,3d2.(3F).4p,z 4G*,9/2,3d2.(3F).5s,e 4F,7/2
Ti,2,Ti II,308.802562,308.802562,308.802569,air,2350.0,2350,150000000.0,B+,393.4459,32767.1961,3d2.(3F).4s,a 4F,9/2,3d2.(3F).4p,z 4D*,7/2
Ti,2,Ti II,308.939995,308.939995,308.94001,air,322.0,322,143000000.0,B+,15265.7001,47625.0485,3d2.(1G).4s,b 2G,7/2,3d2.(1G).4p,x 2F*,5/2
Ti,2,Ti II,309.64162,309.64162,309.641631,air,13.0,13,6010000.0,B,12628.8455,44914.8733,3d3,b 2D2,3/2,3d2.(3P).4p,x 2D*,3/2
Ti,2,Ti II,309.718193,309.718193,309.718197,air,282.0,282,44300000.0,A',9930.7766,42208.8232,3d2.(3P).4s,b 4P,3/2,3d2.(3P).4p,z 4P*,5/2
Ti,2,Ti II,309.76075,309.76075,309.760871,air,8.0,8,2310000.0,C+,12628.8455,44902.4455,3d3,b 2D2,3/2,3d2.(3P).4p,x 2D*,5/2
Ti,2,Ti II,310.15276,310.15276,310.15275,air,19.0,19,3270000.0,B+,9975.9994,42208.8232,3d3,a 2P,3/2,3d2.(3P).4p,z 4P*,5/2
Ti,2,Ti II,310.29711,310.29711,310.297063,air,15.0,15,3440000.0,B+,9851.0145,42068.8481,3d3,a 2P,1/2,3d2.(3P).4p,z 4P*,3/2
Ti,2,Ti II,310.380288,310.380288,310.380286,air,440.0,440,130000000.0,B+,15257.5527,47466.7479,3d2.(1G).4s,b 2G,9/2,3d2.(1G).4p,x 2F*,7/2
Ti,2,Ti II,310.45883,310.45883,310.458821,air,24.0,24,6920000.0,B+,15265.7001,47466.7479,3d2.(1G).4s,b 2G,7/2,3d2.(1G).4p,x 2F*,7/2
Ti,2,Ti II,310.508028,310.508028,310.50799,air,264.0,264,61500000.0,A',9872.899,42068.8481,3d2.(3P).4s,b 4P,1/2,3d2.(3P).4p,z 4P*,3/2
Ti,2,Ti II,310.623055,310.623055,310.623061,air,580.0,580,92400000.0,A',10024.8009,42208.8232,3d2.(3P).4s,b 4P,5/2,3d2.(3P).4p,z 4P*,5/2
Ti,2,Ti II,310.8879,310.8879,310.887831,air,7.0,7,2820000.0,C+',12758.2597,44914.8733,3d3,b 2D2,5/2,3d2.(3P).4p,x 2D*,3/2
Ti,2,Ti II,311.00801,311.00801,311.008034,air,28.0,28,7450000.0,B+,12758.2597,44902.4455,3d3,b 2D2,5/2,3d2.(3P).4p,x 2D*,5/2
Ti,2,Ti II,311.06722,311.06722,311.067206,air,85.0,85,19200000.0,A',9930.7766,42068.8481,3d2.(3P).4s,b 4P,3/2,3d2.(3P).4p,z 4P*,3/2
Ti,2,Ti II,311.204933,311.204933,311.20492,air,52.0,52,24000000.0,B+,9872.899,41996.7498,3d2.(3P).4s,b 4P,1/2,3d2.(3P).4p,z 4P*,1/2
Ti,2,Ti II,311.5054,311.5054,311.505555,air,7.0,7,1610000.0,C+,9975.9994,42068.8481,3d3,a 2P,3/2,3d2.(3P).4p,z 4P*,3/2
Ti,2,Ti II,311.76663,311.76663,311.766647,air,237.0,237,110000000.0,A',9930.7766,41996.7498,3d2.(3P).4s,b 4P,3/2,3d2.(3P).4p,z 4P*,1/2
Ti,2,Ti II,311.88218,311.88218,311.882205,air,12.0,12,1040000.0,B,8744.3406,40798.4333,3d2.(1D).4s,a 2D,5/2,3d2.(3P).4p,y 4D*,7/2
Ti,2,Ti II,311.979992,311.979992,311.979981,air,249.0,249,56000000.0,A',10024.8009,42068.8481,3d2.(3P).4s,b 4P,5/2,3d2.(3P).4p,z 4P*,3/2
Ti,2,Ti II,312.15979,312.15979,312.159775,air,26.0,26,590000.0,D,0.0000,32025.5915,3d2.(3F).4s,a 4F,3/2,3d2.(3F).4p,z 2D*,5/2
Ti,2,Ti II,312.20693,312.20693,312.206971,air,22.0,22,9450000.0,B+,9975.9994,41996.7498,3d3,a 2P,3/2,3d2.(3P).4p,z 4P*,1/2
Ti,2,Ti II,312.784991,312.784991,312.784983,air,200.0,200,160000000.0,D,31207.5111,63169.0910,3d2.(3F).4p,z 2F*,5/2,3d2.(3F).5s,e 2F,5/2
Ti,2,Ti II,312.848334,312.848334,312.848327,air,261.0,261,110000000.0,D,31490.9177,63446.0264,3d2.(3F).4p,z 2F*,7/2,3d2.(3F).5s,e 2F,7/2
Ti,2,Ti II,313.079847,313.079847,313.079864,air,385.0,385,8200000.0,D,94.1142,32025.5915,3d2.(3F).4s,a 4F,5/2,3d2.(3F).4p,z 2D*,5/2
Ti,2,Ti II,314.368,314.368,314.367958,air,3.0,3,200000.0,D+,8997.7874,40798.4333,3d3,a 2G,7/2,3d2.(3P).4p,y 4D*,7/2
Ti,2,Ti II,314.375461,314.375461,314.375455,air,303.0,303,6200000.0,D,225.7039,32025.5915,3d2.(3F).4s,a 4F,7/2,3d2.(3F).4p,z 2D*,5/2
Ti,2,Ti II,314.47185,314.47185,314.471903,air,16.0,16,523000.0,B',907.9672,32698.1022,3d3,b 4F,3/2,3d2.(3F).4p,z 4D*,5/2
Ti,2,Ti II,314.53966,314.53966,314.539727,air,8.0,8,212000.0,C+,983.9157,32767.1961,3d3,b 4F,5/2,3d2.(3F).4p,z 4D*,7/2
Ti,2,Ti II,314.803612,314.803612,314.803596,air,404.0,404,11000000.0,C,0.0000,31756.6406,3d2.(3F).4s,a 4F,3/2,3d2.(3F).4p,z 2D*,3/2
Ti,2,Ti II,315.225017,315.225017,315.225022,air,297.0,297,9800000.0,B+,983.9157,32698.1022,3d3,b 4F,5/2,3d2.(3F).4p,z 4D*,5/2
Ti,2,Ti II,315.419244,315.419244,315.419241,air,243.0,243,11900000.0,B+,907.9672,32602.6265,3d3,b 4F,3/2,3d2.(3F).4p,z 4D*,3/2
Ti,2,Ti II,315.563756,315.563756,315.563722,air,45.0,45,2800000.0,B+,9118.2849,40798.4333,3d3,a 2G,9/2,3d2.(3P).4p,y 4D*,7/2
Ti,2,Ti II,315.566794,315.566794,315.566794,air,223.0,223,5670000.0,B+,1087.3561,32767.1961,3d3,b 4F,7/2,3d2.(3F).4p,z 4D*,7/2
Ti,2,Ti II,315.739342,315.739342,315.739358,air,44.0,44,1200000.0,D,94.1142,31756.6406,3d2.(3F).4s,a 4F,5/2,3d2.(3F).4p,z 2D*,3/2
Ti,2,Ti II,316.120158,316.120158,316.120158,air,600.0,600,67800000.0,B+,907.9672,32532.3542,3d3,b 4F,3/2,3d2.(3F).4p,z 4D*,1/2
Ti,2,Ti II,316.176918,316.176918,316.17691,air,910.0,910,47100000.0,B+,983.9157,32602.6265,3d3,b 4F,5/2,3d2.(3F).4p,z 4D*,3/2
Ti,2,Ti II,316.25658,316.25658,316.256577,air,1310.0,1310,46500000.0,B+,1087.3561,32698.1022,3d3,b 4F,7/2,3d2.(3F).4p,z 4D*,5/2
Ti,2,Ti II,316.52583,316.52583,316.525978,air,6.0,6,758000.0,C+',8997.7874,40581.6301,3d3,a 2G,7/2,3d2.(3P).4p,y 4D*,5/2
Ti,3,Ti III,316.7828,316.7828,316.7829,air,4.0,4,34000000.0,D,128546.38,160104.61,3p6.3d.4d,3D,2,3p6.3d.4f,3P*,1
Ti,2,Ti II,316.85183,316.85183,316.851827,air,1900.0,1900,52100000.0,B+,1215.8329,32767.1961,3d3,b 4F,9/2,3d2.(3F).4p,z 4D*,7/2
Ti,2,Ti II,318.1722,318.1722,318.172191,air,181.0,181,46000000.0,D,32025.5915,63446.0264,3d2.(3F).4p,z 2D*,5/2,3d2.(3F).5s,e 2F,7/2
Ti,2,Ti II,318.25308,318.25308,318.253067,air,125.0,125,43000000.0,D,31756.6406,63169.0910,3d2.(3F).4p,z 2D*,3/2,3d2.(3F).5s,e 2F,5/2
Ti,2,Ti II,318.41169,318.41169,318.411678,air,25.0,25,460000.0,D,94.1142,31490.9177,3d2.(3F).4s,a 4F,5/2,3d2.(3F).4p,z 2F*,7/2
Ti,1,Ti I,318.6451,318.6451,318.64508,air,15.0,15+,80000000.0,C,0.000,31373.807,3d2.4s2,a 3F,2,3d3.(4F).4p,w 3G*,3
Ti,2,Ti II,318.94835,318.94835,318.948351,air,271.0,271,92000000.0,D,30836.4250,62180.4011,3d2.(3F).4p,z 4F*,3/2,3d2.(3F).5s,e 4F,3/2
Ti,2,Ti II,319.08728,319.08728,319.087275,air,1550.0,1550,141000000.0,B+,8744.3406,40074.6707,3d2.(1D).4s,a 2D,5/2,3d2.(1D).4p,y 2F*,7/2
Ti,1,Ti I,319.19931,319.19931,319.19922,air,15.0,15+,85000000.0,C,170.1328,31489.476,3d2.4s2,a 3F,3,3d3.(4F).4p,w 3G*,4
Ti,2,Ti II,319.22691,319.22691,319.226845,air,13.0,13,2200000.0,B',8710.5675,40027.2001,3d2.(1D).4s,a 2D,3/2,3d2.(3P).4p,z 4S*,3/2
Ti,3,Ti III,319.3771,319.3771,319.3774,air,5.0,5,38000000.0,D,128689.67,159991.54,3p6.3d.4d,3D,3,3p6.3d.4f,3P*,2
Ti,2,Ti II,319.57154,319.57154,319.571496,air,44.0,44,6720000.0,B+,8744.3406,40027.2001,3d2.(1D).4s,a 2D,5/2,3d2.(3P).4p,z 4S*,3/2
Ti,2,Ti II,319.75186,319.75186,319.751864,air,91.0,91,1100000.0,D,225.7039,31490.9177,3d2.(3F).4s,a 4F,7/2,3d2.(3F).4p,z 2F*,7/2
Ti,1,Ti I,319.99149,319.99149,319.99136,air,15.0,15+,94000000.0,C,386.874,31628.688,3d2.4s2,a 3F,4,3d3.(4F).4p,w 3G*,5
Ti,2,Ti II,320.25341,320.25341,320.253407,air,1120.0,1120,127000000.0,B+,8710.5675,39926.8192,3d2.(1D).4s,a 2D,3/2,3d2.(1D).4p,y 2F*,5/2
Ti,2,Ti II,320.34313,320.34313,320.343107,air,127.0,127,1610000.0,B+,0.0000,31207.5111,3d2.(3F).4s,a 4F,3/2,3d2.(3F).4p,z 2F*,5/2
Ti,1,Ti I,320.38254,320.38254,320.3825,air,15.0,15+,7200000.0,C,170.1328,31373.807,3d2.4s2,a 3F,3,3d3.(4F).4p,w 3G*,3
Ti,2,Ti II,320.60029,320.60029,320.60028,air,9.0,9,1010000.0,C+,8744.3406,39926.8192,3d2.(1D).4s,a 2D,5/2,3d2.(1D).4p,y 2F*,5/2
Ti,1,Ti I,320.63369,320.63369,320.63395,air,8.0,8,13900000.0,C+,16267.480,47446.684,3d2.(3F).4s.4p.(3P*),z 5G*,5,3d2.4p2,g 5G,6
Ti,1,Ti I,320.68222,320.68222,320.68221,air,9.0,9,21800000.0,B+,16106.076,47280.588,3d2.(3F).4s.4p.(3P*),z 5G*,4,3d2.4p2,g 5G,5
Ti,3,Ti III,320.771,,320.771,air,,,0.0034,E,10538.4,41704.27,3p6.3d2,3P,0,3p6.3d.4s,1D,2
Ti,1,Ti I,320.78938,320.78938,320.78931,air,11.0,11,25700000.0,B,15975.631,47139.735,3d2.(3F).4s.4p.(3P*),z 5G*,3,3d2.4p2,g 5G,4
Ti,1,Ti I,320.90219,320.90219,320.90212,air,8.0,8,16300000.0,B,15877.081,47030.230,3d2.(3F).4s.4p.(3P*),z 5G*,2,3d2.4p2,g 5G,3
Ti,2,Ti II,321.31214,321.31214,321.312141,air,46.0,46,918000.0,B,94.1142,31207.5111,3d2.(3F).4s,a 4F,5/2,3d2.(3F).4p,z 2F*,5/2
Ti,2,Ti II,321.41068,321.41068,321.410784,air,9.0,9,1780000.0,C+',12677.1050,43780.9533,3d3,a 2H,9/2,3d2.(1G).4p,y 2G*,9/2
Ti,1,Ti I,321.42373,321.42373,321.42366,air,15.0,15+,6500000.0,C,386.874,31489.476,3d2.4s2,a 3F,4,3d3.(4F).4p,w 3G*,4
Ti,3,Ti III,321.444,,321.444,air,,,0.0015,E,10603.6,41704.27,3p6.3d2,3P,1,3p6.3d.4s,1D,2
Ti,2,Ti II,321.4767,321.4767,321.476691,air,333.0,333,3300000.0,C,393.4459,31490.9177,3d2.(3F).4s,a 4F,9/2,3d2.(3F).4p,z 2F*,7/2
Ti,2,Ti II,321.68968,321.68968,321.689678,air,33.0,33,4030000.0,B+,8997.7874,40074.6707,3d3,a 2G,7/2,3d2.(1D).4p,y 2F*,7/2
Ti,2,Ti II,321.70543,321.70543,321.705433,air,1730.0,1730,20900000.0,B+,225.7039,31301.0653,3d2.(3F).4s,a 4F,7/2,3d2.(3F).4p,z 4F*,9/2
Ti,1,Ti I,321.79381,321.79381,321.79378,air,11.0,11,125000000.0,B+,15877.081,46943.911,3d2.(3F).4s.4p.(3P*),z 5G*,2,3d2.4p2,g 5G,2
Ti,2,Ti II,321.82658,321.82658,321.826592,air,449.0,449,80200000.0,B+,12677.1050,43740.7678,3d3,a 2H,9/2,3d2.(1G).4p,y 2G*,7/2
Ti,1,Ti I,321.9207,321.9207,321.92053,air,10.0,10,93100000.0,B+,15975.631,47030.230,3d2.(3F).4s.4p.(3P*),z 5G*,3,3d2.4p2,g 5G,3
Ti,1,Ti I,322.13775,322.13775,322.13775,air,11.0,11,119000000.0,B+,16106.076,47139.735,3d2.(3F).4s.4p.(3P*),z 5G*,4,3d2.4p2,g 5G,4
Ti,2,Ti II,322.28413,322.28413,322.28415,air,1930.0,1930,30700000.0,B+,94.1142,31113.6764,3d2.(3F).4s,a 4F,5/2,3d2.(3F).4p,z 4F*,7/2
Ti,1,Ti I,322.35116,322.35116,322.35122,air,12.0,12,127000000.0,B+,16267.480,47280.588,3d2.(3F).4s.4p.(3P*),z 5G*,5,3d2.4p2,g 5G,5
Ti,2,Ti II,322.4237,322.4237,322.423704,air,540.0,540,72000000.0,B+,12774.8168,43780.9533,3d3,a 2H,11/2,3d2.(1G).4p,y 2G*,9/2
Ti,1,Ti I,322.61221,322.61221,322.61228,air,12.0,12,156000000.0,B+,16458.671,47446.684,3d2.(3F).4s.4p.(3P*),z 5G*,6,3d2.4p2,g 5G,6
Ti,3,Ti III,322.664,,322.664,air,,,0.13,E,10721.2,41704.27,3p6.3d2,3P,2,3p6.3d.4s,1D,2
Ti,2,Ti II,322.6769,322.6769,322.676905,air,139.0,139,1550000.0,B+,225.7039,31207.5111,3d2.(3F).4s,a 4F,7/2,3d2.(3F).4p,z 2F*,5/2
Ti,1,Ti I,322.81779,322.81779,322.81786,air,8.0,8,27400000.0,B,15975.631,46943.911,3d2.(3F).4s.4p.(3P*),z 5G*,3,3d2.4p2,g 5G,2
Ti,2,Ti II,322.86046,322.86046,322.860457,air,740.0,740,186000000.0,B+,8710.5675,39674.7616,3d2.(1D).4s,a 2D,3/2,3d2.(1D).4p,z 2P*,1/2
Ti,3,Ti III,322.8887,322.8887,322.8887,air,5.0,5,150000000.0,D,128433.40,159394.89,3p6.3d.4d,3D,1,3p6.3d.4f,3D*,1
Ti,2,Ti II,322.918948,322.918948,322.91896,air,1460.0,1460,29300000.0,B+,0.0000,30958.5846,3d2.(3F).4s,a 4F,3/2,3d2.(3F).4p,z 4F*,5/2
Ti,2,Ti II,322.94188,322.94188,322.941897,air,780.0,780,62600000.0,B+,9118.2849,40074.6707,3d3,a 2G,9/2,3d2.(1D).4p,y 2F*,7/2
Ti,2,Ti II,323.13137,323.13137,323.131363,air,239.0,239,3400000.0,C,1087.3561,32025.5915,3d3,b 4F,7/2,3d2.(3F).4p,z 2D*,5/2
Ti,2,Ti II,323.22753,323.22753,323.227521,air,600.0,600,64500000.0,B+,8997.7874,39926.8192,3d3,a 2G,7/2,3d2.(1D).4p,y 2F*,5/2
Ti,1,Ti I,323.27858,323.27858,323.27851,air,7.0,7,25600000.0,B+,16106.076,47030.230,3d2.(3F).4s.4p.(3P*),z 5G*,4,3d2.4p2,g 5G,3
Ti,2,Ti II,323.45146,323.45146,323.451457,air,4760.0,4760,171000000.0,B+,393.4459,31301.0653,3d2.(3F).4s,a 4F,9/2,3d2.(3F).4p,z 4F*,9/2
Ti,2,Ti II,323.61189,323.61189,323.611892,air,520.0,520,59600000.0,B+,8710.5675,39602.8645,3d2.(1D).4s,a 2D,3/2,3d2.(1D).4p,y 2D*,3/2
Ti,2,Ti II,323.6572,323.6572,323.657201,air,4090.0,4090,137000000.0,B+,225.7039,31113.6764,3d2.(3F).4s,a 4F,7/2,3d2.(3F).4p,z 4F*,7/2
Ti,1,Ti I,323.82209,323.82209,323.82199,air,10.0,10,22600000.0,B+,16267.480,47139.735,3d2.(3F).4s.4p.(3P*),z 5G*,5,3d2.4p2,g 5G,4
Ti,2,Ti II,323.90366,323.90366,323.903662,air,3470.0,3470,126000000.0,B+,94.1142,30958.5846,3d2.(3F).4s,a 4F,5/2,3d2.(3F).4p,z 4F*,5/2
Ti,2,Ti II,323.96608,323.96608,323.966082,air,830.0,830,101000000.0,B+,8744.3406,39602.8645,3d2.(1D).4s,a 2D,5/2,3d2.(1D).4p,y 2D*,3/2
Ti,3,Ti III,324.071,324.071,324.0712,air,1.0,1,37000000.0,D,128546.38,159394.89,3p6.3d.4d,3D,2,3p6.3d.4f,3D*,1
Ti,2,Ti II,324.198253,324.198253,324.19826,air,3130.0,3130,147000000.0,B+,0.0000,30836.4250,3d2.(3F).4s,a 4F,3/2,3d2.(3F).4p,z 4F*,3/2
Ti,1,Ti I,324.35094,324.35094,324.35087,air,7.0,7,15000000.0,C+,16458.671,47280.588,3d2.(3F).4s.4p.(3P*),z 5G*,6,3d2.4p2,g 5G,5
Ti,3,Ti III,324.5589,324.5589,324.5589,air,3.0,3,6000000.0,D,129252.74,160054.90,3p6.3d.4d,3G,4,3p6.3d.4f,1H*,5
Ti,2,Ti II,324.85979,324.85979,324.859799,air,2670.0,2670,184000000.0,B+,10024.8009,40798.4333,3d2.(3P).4s,b 4P,5/2,3d2.(3P).4p,y 4D*,7/2
Ti,2,Ti II,324.93662,324.93662,324.936623,air,69.0,69,4560000.0,B+,8710.5675,39476.9244,3d2.(1D).4s,a 2D,3/2,3d2.(1D).4p,y 2D*,5/2
Ti,2,Ti II,325.19078,325.19078,325.190792,air,1500.0,1500,40900000.0,B+,94.1142,30836.4250,3d2.(3F).4s,a 4F,5/2,3d2.(3F).4p,z 4F*,3/2
Ti,2,Ti II,325.29057,325.29057,325.290577,air,1890.0,1890,34400000.0,B+,225.7039,30958.5846,3d2.(3F).4s,a 4F,7/2,3d2.(3F).4p,z 4F*,5/2
Ti,2,Ti II,325.29372,325.29372,325.29372,air,830.0,830,58800000.0,B+,8744.3406,39476.9244,3d2.(1D).4s,a 2D,5/2,3d2.(1D).4p,y 2D*,5/2
Ti,2,Ti II,325.42453,325.42453,325.424532,air,1550.0,1550,21700000.0,B+,393.4459,31113.6764,3d2.(3F).4s,a 4F,9/2,3d2.(3F).4p,z 4F*,7/2
Ti,2,Ti II,326.02701,326.02701,326.027071,air,69.0,69bl,6230000.0,B+,9363.7425,40027.2001,3d3,a 4P,1/2,3d2.(3P).4p,z 4S*,3/2
Ti,2,Ti II,326.15845,326.15845,326.158451,air,1320.0,1320,177000000.0,B+,15257.5527,45908.6592,3d2.(1G).4s,b 2G,9/2,3d2.(1G).4p,z 2H*,11/2
Ti,2,Ti II,326.16114,326.16114,326.161143,air,1460.0,1460,131000000.0,B+,9930.7766,40581.6301,3d2.(3P).4s,b 4P,3/2,3d2.(3P).4p,y 4D*,5/2
Ti,2,Ti II,326.36831,326.36831,326.36831,air,89.0,89,11500000.0,B+,9395.8020,40027.2001,3d3,a 4P,3/2,3d2.(3P).4p,z 4S*,3/2
Ti,2,Ti II,327.16479,327.16479,327.164786,air,710.0,710,53900000.0,B+,10024.8009,40581.6301,3d2.(3P).4s,b 4P,5/2,3d2.(3P).4p,y 4D*,5/2
Ti,2,Ti II,327.20758,327.20758,327.20773,air,720.0,720*,100000000.0,B+,9872.899,40425.7183,3d2.(3P).4s,b 4P,1/2,3d2.(3P).4p,y 4D*,3/2
Ti,2,Ti II,327.44147,327.44147,327.441392,air,12.0,12,1270000.0,C+,9395.8020,39926.8192,3d3,a 4P,3/2,3d2.(1D).4p,y 2F*,5/2
Ti,2,Ti II,327.52902,327.52902,327.529034,air,56.0,56,4940000.0,B+,8710.5675,39233.4153,3d2.(1D).4s,a 2D,3/2,3d2.(1D).4p,z 2P*,3/2
Ti,2,Ti II,327.67717,327.67717,327.677181,air,167.0,167,20100000.0,B+,9518.1516,40027.2001,3d3,a 4P,5/2,3d2.(3P).4p,z 4S*,3/2
Ti,2,Ti II,327.82878,327.82878,327.828768,air,800.0,800,74300000.0,B+,9930.7766,40425.7183,3d2.(3P).4s,b 4P,3/2,3d2.(3P).4p,y 4D*,3/2
Ti,3,Ti III,327.8306,,327.8306,air,,,340000000.0,D,127790.57,158285.34,3p6.3d.4d,1F,3,3p6.3d.4f,1G*,4
Ti,2,Ti II,327.89186,327.89186,327.891854,air,1000.0,1000,88300000.0,B+,8744.3406,39233.4153,3d2.(1D).4s,a 2D,5/2,3d2.(1D).4p,z 2P*,3/2
Ti,2,Ti II,327.99875,327.99875,327.998767,air,102.0,102,6570000.0,B+,8997.7874,39476.9244,3d3,a 2G,7/2,3d2.(1D).4p,y 2D*,5/2
Ti,2,Ti II,328.23271,328.23271,328.23267,air,610.0,610,146000000.0,B+,9872.899,40330.3168,3d2.(3P).4s,b 4P,1/2,3d2.(3P).4p,y 4D*,1/2
Ti,2,Ti II,328.67734,328.67734,328.677359,air,9.0,9,1590000.0,C+,15257.5527,45673.7641,3d2.(1G).4s,b 2G,9/2,3d2.(1G).4p,z 2H*,9/2
Ti,2,Ti II,328.76542,328.76542,328.765427,air,1200.0,1200,176000000.0,B+,15265.7001,45673.7641,3d2.(1G).4s,b 2G,7/2,3d2.(1G).4p,z 2H*,9/2
Ti,2,Ti II,328.84274,328.84274,328.842715,air,84.0,84,7800000.0,B+,10024.8009,40425.7183,3d2.(3P).4s,b 4P,5/2,3d2.(3P).4p,y 4D*,3/2
Ti,2,Ti II,328.85762,328.85762,328.857613,air,138.0,138,32700000.0,B+,9930.7766,40330.3168,3d2.(3P).4s,b 4P,3/2,3d2.(3P).4p,y 4D*,1/2
Ti,2,Ti II,330.16726,330.16726,330.167275,air,16.0,16,3120000.0,B',9395.8020,39674.7616,3d3,a 4P,3/2,3d2.(1D).4p,z 2P*,1/2
Ti,1,Ti I,330.68787,330.68787,330.68787,air,11.0,11,77200000.0,B+,17215.390,47446.684,3d2.(3F).4s.4p.(3P*),z 5F*,5,3d2.4p2,g 5G,6
Ti,2,Ti II,330.7721,330.7721,330.772102,air,21.0,21,205000.0,C+,983.9157,31207.5111,3d3,b 4F,5/2,3d2.(3F).4p,z 2F*,5/2
Ti,2,Ti II,330.88034,330.88034,330.880337,air,468.0,468,4360000.0,B+,1087.3561,31301.0653,3d3,b 4F,7/2,3d2.(3F).4p,z 4F*,9/2
Ti,2,Ti II,330.95318,330.95318,330.953146,air,28.0,28,3790000.0,B+,9395.8020,39602.8645,3d3,a 4P,3/2,3d2.(1D).4p,y 2D*,3/2
Ti,1,Ti I,330.97223,330.97223,330.97213,air,10.0,10,64200000.0,B+,17075.258,47280.588,3d2.(3F).4s.4p.(3P*),z 5F*,4,3d2.4p2,g 5G,5
Ti,1,Ti I,331.26866,331.26866,331.26866,air,10.0,10,59500000.0,B+,16961.442,47139.735,3d2.(3F).4s.4p.(3P*),z 5F*,3,3d2.4p2,g 5G,4
Ti,2,Ti II,331.293,331.293,331.291795,air,0.0,0,1310000.0,C,9851.0145,40027.2001,3d3,a 2P,1/2,3d2.(3P).4p,z 4S*,3/2
Ti,1,Ti I,331.52363,331.52363,331.52339,air,15.0,15+,47800000.0,B+,16875.124,47030.230,3d2.(3F).4s.4p.(3P*),z 5F*,2,3d2.4p2,g 5G,3
Ti,2,Ti II,331.53228,331.53228,331.53224,air,330.0,330,35300000.0,B+,9872.899,40027.2001,3d2.(3P).4s,b 4P,1/2,3d2.(3P).4p,z 4S*,3/2
Ti,2,Ti II,331.80227,331.80227,331.802277,air,580.0,580,6910000.0,B+,983.9157,31113.6764,3d3,b 4F,5/2,3d2.(3F).4p,z 4F*,7/2
Ti,1,Ti I,331.83553,331.83553,331.83543,air,10.0,10,55200000.0,B+,16817.160,46943.911,3d2.(3F).4s.4p.(3P*),z 5F*,1,3d2.4p2,g 5G,2
Ti,3,Ti III,332.0943,332.0943,332.0947,air,7.0,7,280000000.0,D,128433.40,158536.63,3p6.3d.4d,3D,1,3p6.3d.4f,3F*,2
Ti,2,Ti II,332.16983,332.16983,332.16982,air,680.0,680,73500000.0,B+,9930.7766,40027.2001,3d2.(3P).4s,b 4P,3/2,3d2.(3P).4p,z 4S*,3/2
Ti,2,Ti II,332.29339,332.29339,332.293385,air,4330.0,4330,47800000.0,B+,1215.8329,31301.0653,3d3,b 4F,9/2,3d2.(3F).4p,z 4F*,9/2
Ti,2,Ti II,332.33879,332.33879,332.338788,air,18.0,18,1020000.0,B,9395.8020,39476.9244,3d3,a 4P,3/2,3d2.(1D).4p,y 2D*,5/2
Ti,1,Ti I,332.51468,332.51468,332.51482,air,5.0,5,7940000.0,B,17215.390,47280.588,3d2.(3F).4s.4p.(3P*),z 5F*,5,3d2.4p2,g 5G,5
Ti,1,Ti I,332.5227,332.5227,332.5228,air,6.0,6,16500000.0,C+,17075.258,47139.735,3d2.(3F).4s.4p.(3P*),z 5F*,4,3d2.4p2,g 5G,4
Ti,2,Ti II,332.66971,332.66971,332.669705,air,36.0,36,3730000.0,B+,9975.9994,40027.2001,3d3,a 2P,3/2,3d2.(3P).4p,z 4S*,3/2
Ti,2,Ti II,332.67617,332.67617,332.676163,air,452.0,452,6970000.0,B+,907.9672,30958.5846,3d3,b 4F,3/2,3d2.(3F).4p,z 4F*,5/2
Ti,2,Ti II,332.68446,332.68446,332.68444,air,42.0,42,2310000.0,B+,10024.8009,40074.6707,3d2.(3P).4s,b 4P,5/2,3d2.(1D).4p,y 2F*,7/2
Ti,2,Ti II,332.94537,332.94537,332.945371,air,3090.0,3090,41000000.0,B+,1087.3561,31113.6764,3d3,b 4F,7/2,3d2.(3F).4p,z 4F*,7/2
Ti,2,Ti II,333.21084,333.21084,333.210839,air,1090.0,1090,116000000.0,B+,10024.8009,40027.2001,3d2.(3P).4s,b 4P,5/2,3d2.(3P).4p,z 4S*,3/2
Ti,3,Ti III,333.3457,333.3457,333.3458,air,3.0,3,20000000.0,D,128546.38,158536.63,3p6.3d.4d,3D,2,3p6.3d.4f,3F*,2
Ti,2,Ti II,333.51912,333.51912,333.519111,air,2270.0,2270,37800000.0,B+,983.9157,30958.5846,3d3,b 4F,5/2,3d2.(3F).4p,z 4F*,5/2
Ti,2,Ti II,333.69587,333.69587,333.696082,air,9.0,9,618000.0,C+,9518.1516,39476.9244,3d3,a 4P,5/2,3d2.(1D).4p,y 2D*,5/2
Ti,3,Ti III,333.766,,333.766,air,,,0.025,E,8473.5,38425.99,3p6.3d2,1D,2,3p6.3d.4s,3D,3
Ti,2,Ti II,333.78471,333.78471,333.784693,air,66.0,66,5390000.0,B+,9975.9994,39926.8192,3d3,a 2P,3/2,3d2.(1D).4p,y 2F*,5/2
Ti,3,Ti III,334.0202,334.0202,334.0208,air,7.0,7,370000000.0,D,129093.28,159022.93,3p6.3d.4d,3G,3,3p6.3d.4f,3H*,4
Ti,2,Ti II,334.03411,334.03411,334.034099,air,1810.0,1810,42800000.0,B+,907.9672,30836.4250,3d3,b 4F,3/2,3d2.(3F).4p,z 4F*,3/2
Ti,1,Ti I,334.1874,334.1874,334.18731,air,15.0,15+bl,65000000.0,C,0.000,29914.737,3d2.4s2,a 3F,2,3d2.(1G).4s.4p.(3P*),x 3G*,3
Ti,2,Ti II,334.18741,334.18741,334.187471,air,6200.0,6200bl,168000000.0,B+,4628.6571,34543.3799,3d2.(3F).4s,a 2F,5/2,3d2.(3F).4p,z 2G*,7/2
Ti,2,Ti II,334.37615,334.37615,334.376148,air,475.0,475,5290000.0,B+,1215.8329,31113.6764,3d3,b 4F,9/2,3d2.(3F).4p,z 4F*,7/2
Ti,3,Ti III,334.6182,334.6182,334.6184,air,9.0,9,370000000.0,D,129252.74,159128.94,3p6.3d.4d,3G,4,3p6.3d.4f,3H*,5
Ti,2,Ti II,334.67409,334.67409,334.674084,air,580.0,580,8580000.0,B+,1087.3561,30958.5846,3d3,b 4F,7/2,3d2.(3F).4p,z 4F*,5/2
Ti,2,Ti II,334.69149,334.69149,334.691516,air,20.0,20,1760000.0,B,9363.7425,39233.4153,3d3,a 4P,1/2,3d2.(1D).4p,z 2P*,3/2
Ti,1,Ti I,334.85316,334.85316,334.85315,air,10.0,10,910000.0,C,0.000,29855.255,3d2.4s2,a 3F,2,3d3.(4F).4p,x 5D*,1
Ti,2,Ti II,334.88395,334.88395,334.883951,air,440.0,440,10400000.0,B+,983.9157,30836.4250,3d3,b 4F,5/2,3d2.(3F).4p,z 4F*,3/2
Ti,2,Ti II,334.90327,334.90327,334.903258,air,8200.0,8200,161000000.0,B+,4897.7179,34748.5062,3d2.(3F).4s,a 2F,7/2,3d2.(3F).4p,z 2G*,9/2
Ti,2,Ti II,334.94023,334.94023,334.940227,air,8600.0,8600,168000000.0,C+',393.4459,30240.9396,3d2.(3F).4s,a 4F,9/2,3d2.(3F).4p,z 4G*,11/2
Ti,2,Ti II,335.05111,335.05111,335.051142,air,18.0,18,5370000.0,B,9395.8020,39233.4153,3d3,a 4P,3/2,3d2.(1D).4p,z 2P*,3/2
Ti,2,Ti II,335.20693,335.20693,335.206925,air,82.0,82,15200000.0,B+,9851.0145,39674.7616,3d3,a 2P,1/2,3d2.(1D).4p,z 2P*,1/2
Ti,1,Ti I,335.29337,335.29337,335.29328,air,12.0,12,970000.0,C,170.1328,29986.199,3d2.4s2,a 3F,3,3d3.(4F).4p,x 5D*,3
Ti,1,Ti I,335.46336,335.46336,335.46332,air,15.0,15+,69000000.0,C,170.1328,29971.086,3d2.4s2,a 3F,3,3d2.(1G).4s.4p.(3P*),x 3G*,4
Ti,3,Ti III,335.471,335.471,335.4723,air,12.0,12bl,440000000.0,D,129469.37,159269.53,3p6.3d.4d,3G,5,3p6.3d.4f,3H*,6
Ti,3,Ti III,335.8101,335.8101,335.81,air,3.0,3,40000000.0,D,129252.74,159022.93,3p6.3d.4d,3G,4,3p6.3d.4f,3H*,4
Ti,1,Ti I,335.82711,335.82711,335.82708,air,15.0,15+,7600000.0,C,0.000,29768.675,3d2.4s2,a 3F,2,3d2.(3F).4s.4p.(1P*),w 3D*,2
Ti,2,Ti II,336.1066,336.1066,336.105852,air,,,10000000.0,B+,9930.7766,39674.7616,3d2.(3P).4s,b 4P,3/2,3d2.(1D).4p,z 2P*,1/2
Ti,2,Ti II,336.12121,336.12121,336.121204,air,8000.0,8000,158000000.0,C,225.7039,29968.3304,3d2.(3F).4s,a 4F,7/2,3d2.(3F).4p,z 4G*,9/2
Ti,2,Ti II,336.26429,336.26429,336.26435,air,19.0,19,1990000.0,B',9872.899,39602.8645,3d2.(3P).4s,b 4P,1/2,3d2.(1D).4p,y 2D*,3/2
Ti,3,Ti III,336.315,,336.315,air,,,0.062,E,8473.5,38198.95,3p6.3d2,1D,2,3p6.3d.4s,3D,2
Ti,2,Ti II,336.61766,336.61766,336.617662,air,140.0,140,29900000.0,B+,9975.9994,39674.7616,3d3,a 2P,3/2,3d2.(1D).4p,z 2P*,1/2
Ti,2,Ti II,336.92028,336.92028,336.920281,air,57.0,57,4750000.0,B+,9930.7766,39602.8645,3d2.(3P).4s,b 4P,3/2,3d2.(1D).4p,y 2D*,3/2
Ti,1,Ti I,337.04344,337.04344,337.04339,air,15.0,15+,76000000.0,C,0.000,29661.250,3d2.4s2,a 3F,2,3d2.(3F).4s.4p.(1P*),w 3D*,1
Ti,3,Ti III,337.0625,337.0625,337.0625,air,7.0,7,36000000.0,D,129469.37,159128.94,3p6.3d.4d,3G,5,3p6.3d.4f,3H*,5
Ti,1,Ti I,337.14523,337.14523,337.14517,air,15.0,15+,72000000.0,C,386.874,30039.170,3d2.4s2,a 3F,4,3d2.(1G).4s.4p.(3P*),x 3G*,5
Ti,3,Ti III,337.1623,337.1623,337.1621,air,9.0,9,48000000.0,D,129252.74,158903.55,3p6.3d.4d,3G,4,3p6.3d.4f,3G*,5
Ti,2,Ti II,337.22062,337.22062,337.220619,air,448.0,448,6130000.0,B+,4897.7179,34543.3799,3d2.(3F).4s,a 2F,7/2,3d2.(3F).4p,z 2G*,7/2
Ti,2,Ti II,337.27927,337.27927,337.279276,air,7600.0,7600,141000000.0,B+,94.1142,29734.6206,3d2.(3F).4s,a 4F,5/2,3d2.(3F).4p,z 4G*,7/2
Ti,2,Ti II,337.43458,337.43458,337.434577,air,142.0,142,12300000.0,B+,9975.9994,39602.8645,3d3,a 2P,3/2,3d2.(1D).4p,y 2D*,3/2
Ti,1,Ti I,337.75752,337.75752,337.75748,air,15.0,15+,69000000.0,C,170.1328,29768.675,3d2.4s2,a 3F,3,3d2.(3F).4s.4p.(1P*),w 3D*,2
Ti,3,Ti III,337.7896,337.7896,337.7903,air,2.0,2,7500000.0,D,128689.67,158285.34,3p6.3d.4d,3D,3,3p6.3d.4f,1G*,4
Ti,3,Ti III,337.845,,337.845,air,,,0.023,E,8473.5,38064.35,3p6.3d2,1D,2,3p6.3d.4s,3D,1
Ti,1,Ti I,337.92111,337.92111,337.92109,air,15.0,15+,6200000.0,C,386.874,29971.086,3d2.4s2,a 3F,4,3d2.(1G).4s.4p.(3P*),x 3G*,4
Ti,2,Ti II,337.99132,337.99132,337.991335,air,35.0,35,2120000.0,B+,10024.8009,39602.8645,3d2.(3P).4s,b 4P,5/2,3d2.(1D).4p,y 2D*,3/2
Ti,2,Ti II,338.02766,338.02766,338.027668,air,3390.0,3390,13700000.0,C+,393.4459,29968.3304,3d2.(3F).4s,a 4F,9/2,3d2.(3F).4p,z 4G*,9/2
Ti,2,Ti II,338.375844,338.375844,338.375844,air,7100.0,7100,139000000.0,B+,0.0000,29544.4540,3d2.(3F).4s,a 4F,3/2,3d2.(3F).4p,z 4G*,5/2
Ti,1,Ti I,338.56606,338.56606,338.56598,air,,,5200000.0,C,386.874,29914.737,3d2.4s2,a 3F,4,3d2.(1G).4s.4p.(3P*),x 3G*,3
Ti,1,Ti I,338.59414,338.59414,338.59408,air,15.0,15+,50000000.0,C,386.874,29912.286,3d2.4s2,a 3F,4,3d2.(3F).4s.4p.(1P*),w 3D*,3
Ti,2,Ti II,338.78334,338.78334,338.78336,air,3990.0,3990,28100000.0,B+,225.7039,29734.6206,3d2.(3F).4s,a 4F,7/2,3d2.(3F).4p,z 4G*,7/2
Ti,2,Ti II,338.87514,338.87514,338.875138,air,182.0,182,7710000.0,B+,9975.9994,39476.9244,3d3,a 2P,3/2,3d2.(1D).4p,y 2D*,5/2
Ti,2,Ti II,339.45721,339.45721,339.457223,air,3060.0,3060,26900000.0,B+,94.1142,29544.4540,3d2.(3F).4s,a 4F,5/2,3d2.(3F).4p,z 4G*,5/2
Ti,3,Ti III,339.6432,339.6432,339.6436,air,5.0,5,47000000.0,D,129469.37,158903.55,3p6.3d.4d,3G,5,3p6.3d.4f,3G*,5
Ti,3,Ti III,339.7235,339.7235,339.7237,air,5.0,5,180000000.0,D,130739.82,160167.06,3p6.3d.4d,3S,1,3p6.3d.4f,3P*,0
Ti,2,Ti II,340.24215,340.24215,340.242153,air,205.0,205,13200000.0,B+,9851.0145,39233.4153,3d3,a 2P,1/2,3d2.(1D).4p,z 2P*,3/2
Ti,3,Ti III,340.4462,340.4462,340.4462,air,7.0,7,180000000.0,D,130739.82,160104.61,3p6.3d.4d,3S,1,3p6.3d.4f,3P*,1
Ti,2,Ti II,340.49598,340.49598,340.49577,air,7.0,7,377000.0,D,9872.899,39233.4153,3d2.(3P).4s,b 4P,1/2,3d2.(1D).4p,z 2P*,3/2
Ti,2,Ti II,340.72022,340.72022,340.720228,air,138.0,138,715000.0,B+,393.4459,29734.6206,3d2.(3F).4s,a 4F,9/2,3d2.(3F).4p,z 4G*,7/2
Ti,2,Ti II,340.98084,340.98084,340.980838,air,162.0,162,996000.0,B+,225.7039,29544.4540,3d2.(3F).4s,a 4F,7/2,3d2.(3F).4p,z 4G*,5/2
Ti,2,Ti II,341.1672,341.1672,341.168324,air,,,1440000.0,B',9930.7766,39233.4153,3d2.(3P).4s,b 4P,3/2,3d2.(1D).4p,z 2P*,3/2
Ti,2,Ti II,341.69567,341.69567,341.69568,air,57.0,57bl,4310000.0,B+,9975.9994,39233.4153,3d3,a 2P,3/2,3d2.(1D).4p,z 2P*,3/2
Ti,3,Ti III,341.7621,341.7621,341.7622,air,9.0,9,190000000.0,D,130739.82,159991.54,3p6.3d.4d,3S,1,3p6.3d.4f,3P*,2
Ti,2,Ti II,344.33708,344.33708,344.337063,air,64.0,64,9630000.0,B+,16515.9359,45548.9273,3d2.(3P).4s,b 2P,1/2,3d2.(3P).4p,y 2P*,3/2
Ti,2,Ti II,344.43059,344.43059,344.430605,air,2260.0,2260,10600000.0,C+,1215.8329,30240.9396,3d3,b 4F,9/2,3d2.(3F).4p,z 4G*,11/2
Ti,2,Ti II,345.24649,345.24649,345.2465,air,267.0,267,78800000.0,B+,16515.9359,45472.4518,3d2.(3P).4s,b 2P,1/2,3d2.(3P).4p,y 2P*,1/2
Ti,2,Ti II,345.63842,345.63842,345.638418,air,790.0,790,111000000.0,B+,16625.2441,45548.9273,3d2.(3P).4s,b 2P,3/2,3d2.(3P).4p,y 2P*,3/2
Ti,2,Ti II,346.14955,346.14955,346.14956,air,1840.0,1840,6280000.0,C+,1087.3561,29968.3304,3d3,b 4F,7/2,3d2.(3F).4p,z 4G*,9/2
Ti,2,Ti II,346.55475,346.55475,346.554752,air,137.0,137,39100000.0,B+,16625.2441,45472.4518,3d2.(3P).4s,b 2P,3/2,3d2.(3P).4p,y 2P*,1/2
Ti,2,Ti II,347.69634,347.69634,347.696331,air,79.0,79,248000.0,C+,1215.8329,29968.3304,3d3,b 4F,9/2,3d2.(3F).4p,z 4G*,9/2
Ti,2,Ti II,347.71801,347.71801,347.71801,air,1440.0,1440,7590000.0,B+,983.9157,29734.6206,3d3,b 4F,5/2,3d2.(3F).4p,z 4G*,7/2
Ti,2,Ti II,348.36246,348.36246,348.36245,air,710.0,710,97000000.0,D,34748.5062,63446.0264,3d2.(3F).4p,z 2G*,9/2,3d2.(3F).5s,e 2F,7/2
Ti,2,Ti II,348.9736,348.9736,348.973598,air,134.0,134,718000.0,B+,1087.3561,29734.6206,3d3,b 4F,7/2,3d2.(3F).4p,z 4G*,7/2
Ti,2,Ti II,349.10495,349.10495,349.104943,air,1070.0,1070,6410000.0,B+,907.9672,29544.4540,3d3,b 4F,3/2,3d2.(3F).4p,z 4G*,5/2
Ti,2,Ti II,349.23637,349.23637,349.236362,air,550.0,550,98000000.0,D,34543.3799,63169.0910,3d2.(3F).4p,z 2G*,7/2,3d2.(3F).5s,e 2F,5/2
Ti,1,Ti I,349.32758,349.32758,349.32745,air,11.0,11,360000.0,C,170.1328,28788.380,3d2.4s2,a 3F,3,3d3.(4F).4p,y 5F*,4
Ti,2,Ti II,350.03332,350.03332,350.033314,air,122.0,122,724000.0,B+,983.9157,29544.4540,3d3,b 4F,5/2,3d2.(3F).4p,z 4G*,5/2
Ti,2,Ti II,350.48909,350.48909,350.489073,air,1800.0,1800,135000000.0,B+,15257.5527,43780.9533,3d2.(1G).4s,b 2G,9/2,3d2.(1G).4p,y 2G*,9/2
Ti,2,Ti II,350.58928,350.58928,350.589218,air,8.0,8,899000.0,C+',15265.7001,43780.9533,3d2.(1G).4s,b 2G,7/2,3d2.(1G).4p,y 2G*,9/2
Ti,1,Ti I,350.66393,350.66393,350.66384,air,13.0,13,680000.0,C,386.874,28896.059,3d2.4s2,a 3F,4,3d3.(4F).4p,y 5F*,5
Ti,2,Ti II,350.98356,350.98356,350.983574,air,51.0,51,5860000.0,B,15257.5527,43740.7678,3d2.(1G).4s,b 2G,9/2,3d2.(1G).4p,y 2G*,7/2
Ti,2,Ti II,351.08399,351.08399,351.084002,air,1410.0,1410,133000000.0,B+,15265.7001,43740.7678,3d2.(1G).4s,b 2G,7/2,3d2.(1G).4p,y 2G*,7/2
Ti,1,Ti I,351.1625,351.1625,351.16243,air,11.0,11,420000.0,C,170.1328,28638.841,3d2.4s2,a 3F,3,3d3.(4F).4p,y 5F*,2
Ti,2,Ti II,352.02519,352.02519,352.025196,air,570.0,570,93100000.0,B+,16515.9359,44914.8733,3d2.(3P).4s,b 2P,1/2,3d2.(3P).4p,x 2D*,3/2
Ti,2,Ti II,353.38545,353.38545,353.385424,air,39.0,39,6860000.0,B+,16625.2441,44914.8733,3d2.(3P).4s,b 2P,3/2,3d2.(3P).4p,x 2D*,3/2
Ti,2,Ti II,353.54075,353.54075,353.540741,air,950.0,950,96100000.0,B+,16625.2441,44902.4455,3d2.(3P).4s,b 2P,3/2,3d2.(3P).4p,x 2D*,5/2
Ti,2,Ti II,356.15753,356.15753,356.157551,air,57.0,57,1000000.0,B+,4628.6571,32698.1022,3d2.(3F).4s,a 2F,5/2,3d2.(3F).4p,z 4D*,5/2
Ti,2,Ti II,356.18933,356.18933,356.189354,air,31.0,31,1300000.0,E,9363.7425,37430.6814,3d3,a 4P,1/2,3d2.(3P).4p,z 2S*,1/2
Ti,2,Ti II,356.52939,356.52939,356.529359,air,44.0,44,1640000.0,B+,12758.2597,40798.4333,3d3,b 2D2,5/2,3d2.(3P).4p,y 4D*,7/2
Ti,2,Ti II,356.59671,356.59671,356.596689,air,95.0,95,3900000.0,D,9395.8020,37430.6814,3d3,a 4P,3/2,3d2.(3P).4p,z 2S*,1/2
Ti,2,Ti II,357.37315,357.37315,357.373157,air,194.0,194,4210000.0,B+,4628.6571,32602.6265,3d2.(3F).4s,a 2F,5/2,3d2.(3F).4p,z 4D*,3/2
Ti,2,Ti II,358.71311,358.71311,358.713096,air,164.0,164,1670000.0,B+,4897.7179,32767.1961,3d2.(3F).4s,a 2F,7/2,3d2.(3F).4p,z 4D*,7/2
Ti,2,Ti II,359.30756,359.30756,359.307558,air,24.0,24,1160000.0,B,12758.2597,40581.6301,3d3,b 2D2,5/2,3d2.(3P).4p,y 4D*,5/2
Ti,3,Ti III,359.32,,359.32,air,,,1.4,E,10603.6,38425.99,3p6.3d2,3P,1,3p6.3d.4s,3D,3
Ti,2,Ti II,359.60467,359.60467,359.604651,air,550.0,550,8000000.0,B+,4897.7179,32698.1022,3d2.(3F).4s,a 2F,7/2,3d2.(3F).4p,z 4D*,5/2
Ti,2,Ti II,359.65001,359.65001,359.65008,air,7.0,7,511000.0,C+,12628.8455,40425.7183,3d3,b 2D2,3/2,3d2.(3P).4p,y 4D*,3/2
Ti,3,Ti III,360.845,,360.845,air,,,2.7,E,10721.2,38425.99,3p6.3d2,3P,2,3p6.3d.4s,3D,3
Ti,3,Ti III,361.423,,361.423,air,,,1.3,E,10538.4,38198.95,3p6.3d2,3P,0,3p6.3d.4s,3D,2
Ti,3,Ti III,362.277,,362.277,air,,,0.33,E,10603.6,38198.95,3p6.3d2,3P,1,3p6.3d.4s,3D,2
Ti,2,Ti II,362.48261,362.48261,362.48261,air,720.0,720,29000000.0,D,9851.0145,37430.6814,3d3,a 2P,1/2,3d2.(3P).4p,z 2S*,1/2
Ti,1,Ti I,363.54625,363.54625,363.5462,air,15.0,15+,90900000.0,A,0.000,27498.982,3d2.4s2,a 3F,2,3d2.(3F).4s.4p.(1P*),y 3G*,3
Ti,1,Ti I,363.7965,363.7965,363.79646,air,15.0,15+,930000.0,C,0.000,27480.066,3d2.4s2,a 3F,2,3d2.(1D).4s.4p.(3P*),x 3D*,3
Ti,3,Ti III,363.827,,363.827,air,,,2.2,E,10721.2,38198.95,3p6.3d2,3P,2,3p6.3d.4s,3D,2
Ti,3,Ti III,364.052,,364.052,air,,,2.9,E,10603.6,38064.35,3p6.3d2,3P,1,3p6.3d.4s,3D,1
Ti,2,Ti II,364.13282,364.13282,364.132823,air,1160.0,1160,49000000.0,D,9975.9994,37430.6814,3d3,a 2P,3/2,3d2.(3P).4p,z 2S*,1/2
Ti,1,Ti I,364.26739,364.26739,364.26731,air,15.0,15+,89500000.0,A,170.1328,27614.679,3d2.4s2,a 3F,3,3d2.(3F).4s.4p.(1P*),y 3G*,4
Ti,1,Ti I,364.6196,364.6196,364.61962,air,15.0,15+,2600000.0,C,0.000,27418.029,3d2.4s2,a 3F,2,3d2.(1D).4s.4p.(3P*),x 3D*,2
Ti,2,Ti II,364.8812,364.8812,364.881452,air,0.0,0,729000.0,C',12628.8455,40027.2001,3d3,b 2D2,3/2,3d2.(3P).4p,z 4S*,3/2
Ti,1,Ti I,365.34949,365.34949,365.34943,air,15.0,15+,86900000.0,A,386.874,27750.135,3d2.4s2,a 3F,4,3d2.(3F).4s.4p.(1P*),y 3G*,5
Ti,1,Ti I,365.45899,365.45899,365.45895,air,15.0,15+,8700000.0,C,0.000,27355.061,3d2.4s2,a 3F,2,3d2.(1D).4s.4p.(3P*),x 3D*,1
Ti,3,Ti III,365.618,,365.618,air,,,0.94,E,10721.2,38064.35,3p6.3d2,3P,2,3p6.3d.4s,3D,1
Ti,1,Ti I,365.80952,365.80952,365.80948,air,15.0,15+,6420000.0,A,170.1328,27498.982,3d2.4s2,a 3F,3,3d2.(3F).4s.4p.(1P*),y 3G*,3
Ti,2,Ti II,365.97605,365.97605,365.97605,air,408.0,408,18400000.0,B+,12758.2597,40074.6707,3d3,b 2D2,5/2,3d2.(1D).4p,y 2F*,7/2
Ti,1,Ti I,366.06292,366.06292,366.06286,air,15.0,15+,3000000.0,C,170.1328,27480.066,3d2.4s2,a 3F,3,3d2.(1D).4s.4p.(3P*),x 3D*,3
Ti,3,Ti III,366.107,,366.107,air,,,11.0,E,14397.6,41704.27,3p6.3d2,1G,4,3p6.3d.4s,1D,2
Ti,2,Ti II,366.22325,366.22325,366.22324,air,403.0,403,24500000.0,B+,12628.8455,39926.8192,3d3,b 2D2,3/2,3d2.(1D).4p,y 2F*,5/2
Ti,1,Ti I,366.89634,366.89634,366.89632,air,15.0,15+,5400000.0,C,170.1328,27418.029,3d2.4s2,a 3F,3,3d2.(1D).4s.4p.(3P*),x 3D*,2
Ti,1,Ti I,367.16711,367.16711,367.16706,air,15.0,15+,5060000.0,A,386.874,27614.679,3d2.4s2,a 3F,4,3d2.(3F).4s.4p.(1P*),y 3G*,4
Ti,2,Ti II,367.96777,367.96777,367.967747,air,40.0,40,2890000.0,B+,12758.2597,39926.8192,3d3,b 2D2,5/2,3d2.(1D).4p,y 2F*,5/2
Ti,1,Ti I,368.73396,368.73396,368.73393,air,13.0,13,368000.0,C+,386.874,27498.982,3d2.4s2,a 3F,4,3d2.(3F).4s.4p.(1P*),y 3G*,3
Ti,1,Ti I,368.99142,368.99142,368.99138,air,15.0,15+,4070000.0,A,386.874,27480.066,3d2.4s2,a 3F,4,3d2.(1D).4s.4p.(3P*),x 3D*,3
Ti,2,Ti II,369.6362,369.6362,369.63639,air,5.0,5,678000.0,D+,12628.8455,39674.7616,3d3,b 2D2,3/2,3d2.(1D).4p,z 2P*,1/2
Ti,2,Ti II,370.62167,370.62167,370.621652,air,367.0,367,28200000.0,B+,12628.8455,39602.8645,3d3,b 2D2,3/2,3d2.(1D).4p,y 2D*,3/2
Ti,1,Ti I,371.73916,371.73916,371.73912,air,15.0,15+,4300000.0,C,0.000,26892.936,3d2.4s2,a 3F,2,3d2.(1D).4s.4p.(3P*),x 3F*,3
Ti,2,Ti II,372.1636,372.1636,372.163634,air,740.0,740bl,3900000.0,C,4628.6571,31490.9177,3d2.(3F).4s,a 2F,5/2,3d2.(3F).4p,z 2F*,7/2
Ti,1,Ti I,372.25703,372.25703,372.25696,air,15.0,15+,3400000.0,C,170.1328,27025.659,3d2.4s2,a 3F,3,3d2.(1D).4s.4p.(3P*),x 3F*,4
Ti,2,Ti II,372.36036,372.36036,372.360224,air,12.0,12,510000.0,C+,12628.8455,39476.9244,3d3,b 2D2,3/2,3d2.(1D).4p,y 2D*,5/2
Ti,2,Ti II,372.40848,372.40848,372.408414,air,18.0,18,1790000.0,B',12758.2597,39602.8645,3d3,b 2D2,5/2,3d2.(1D).4p,y 2D*,3/2
Ti,1,Ti I,372.45689,372.45689,372.45685,air,15.0,15+,91000000.0,D,12118.393,38959.507,3d2.4s2,a 1G,4,3d3.(2G).4p,x 1G*,4
Ti,1,Ti I,372.51533,372.51533,372.51524,air,14.0,14,73000000.0,D,8602.3441,35439.251,3d2.4s2,a 3P,2,3d2.(3P).4s.4p.(1P*),y 3S*,1
Ti,1,Ti I,372.98065,372.98065,372.98065,air,15.0,15+,49300000.0,A,0.000,26803.420,3d2.4s2,a 3F,2,3d2.(1D).4s.4p.(3P*),x 3F*,2
Ti,2,Ti II,373.9599,373.9599,373.959563,air,1.0,1,1710000.0,C',20891.7898,47625.0485,3d3,b 2F,7/2,3d2.(1G).4p,x 2F*,5/2
Ti,1,Ti I,374.10597,374.10597,374.10588,air,15.0,15+,48100000.0,A,170.1328,26892.936,3d2.4s2,a 3F,3,3d2.(1D).4s.4p.(3P*),x 3F*,3
Ti,2,Ti II,374.16384,374.16384,374.163829,air,1700.0,1700,68000000.0,B+,12758.2597,39476.9244,3d3,b 2D2,5/2,3d2.(1D).4p,y 2D*,5/2
Ti,2,Ti II,374.8003,374.8003,374.8003,air,122.0,122,23100000.0,B+,20951.7551,47625.0485,3d3,b 2F,5/2,3d2.(1G).4p,x 2F*,5/2
Ti,1,Ti I,375.28588,375.28588,375.28583,air,15.0,15+,58100000.0,A,386.874,27025.659,3d2.4s2,a 3F,4,3d2.(1D).4s.4p.(3P*),x 3F*,4
Ti,1,Ti I,375.36332,375.36332,375.3633,air,15.0,15+,8200000.0,C,170.1328,26803.420,3d2.4s2,a 3F,3,3d2.(1D).4s.4p.(3P*),x 3F*,2
Ti,2,Ti II,375.7685,375.7685,375.768487,air,700.0,700,45000000.0,B+,12628.8455,39233.4153,3d3,b 2D2,3/2,3d2.(1D).4p,z 2P*,3/2
Ti,2,Ti II,375.92915,375.92915,375.929152,air,13700.0,13700,94000000.0,C,4897.7179,31490.9177,3d2.(3F).4s,a 2F,7/2,3d2.(3F).4p,z 2F*,7/2
Ti,2,Ti II,376.13202,376.13202,376.13206,air,11900.0,11900,120000000.0,A',4628.6571,31207.5111,3d2.(3F).4s,a 2F,5/2,3d2.(3F).4p,z 2F*,5/2
Ti,2,Ti II,376.18721,376.18721,376.187205,air,173.0,173,22100000.0,B+,20891.7898,47466.7479,3d3,b 2F,7/2,3d2.(1G).4p,x 2F*,7/2
Ti,2,Ti II,377.0372,377.0372,377.037997,air,1.0,1,3130000.0,C+,20951.7551,47466.7479,3d3,b 2F,5/2,3d2.(1G).4p,x 2F*,7/2
Ti,1,Ti I,377.16511,377.16511,377.16504,air,15.0,15+,6950000.0,A,386.874,26892.936,3d2.4s2,a 3F,4,3d2.(1D).4s.4p.(3P*),x 3F*,3
Ti,1,Ti I,377.43248,377.43248,377.43244,air,10.0,10,37200.0,A,170.1328,26657.416,3d2.4s2,a 3F,3,3d3.(4F).4p,y 5G*,4
Ti,2,Ti II,377.46467,377.46467,377.46471,air,20.0,20,148000.0,C+,4628.6571,31113.6764,3d2.(3F).4s,a 2F,5/2,3d2.(3F).4p,z 4F*,7/2
Ti,2,Ti II,377.60533,377.60533,377.605341,air,107.0,107,6580000.0,B+,12758.2597,39233.4153,3d3,b 2D2,5/2,3d2.(1D).4p,z 2P*,3/2
Ti,1,Ti I,378.60425,378.60425,378.60437,air,15.0,15+,140000000.0,D,7255.355,33660.652,3d2.4s2,a 1D,2,3d2.(1D).4s.4p.(1P*),z 1P*,1
Ti,2,Ti II,378.63229,378.63229,378.632325,air,28.0,28,178000.0,B',4897.7179,31301.0653,3d2.(3F).4s,a 2F,7/2,3d2.(3F).4p,z 4F*,9/2
Ti,1,Ti I,378.88001,378.88001,378.87991,air,11.0,11,14400000.0,C+,386.874,26772.968,3d2.4s2,a 3F,4,3d3.(4F).4p,y 5G*,5
Ti,2,Ti II,379.6881,379.6881,379.68815,air,25.0,25,270000.0,C+,4628.6571,30958.5846,3d2.(3F).4s,a 2F,5/2,3d2.(3F).4p,z 4F*,5/2
Ti,2,Ti II,379.9787,379.9787,379.978725,air,14.0,14,93000.0,D,4897.7179,31207.5111,3d2.(3F).4s,a 2F,7/2,3d2.(3F).4p,z 2F*,5/2
Ti,2,Ti II,381.33882,381.33882,381.338814,air,104.0,104,844000.0,B+,4897.7179,31113.6764,3d2.(3F).4s,a 2F,7/2,3d2.(3F).4p,z 4F*,7/2
Ti,2,Ti II,381.45796,381.45796,381.458,air,175.0,175,2840000.0,B+,4628.6571,30836.4250,3d2.(3F).4s,a 2F,5/2,3d2.(3F).4p,z 4F*,3/2
Ti,2,Ti II,383.60825,383.60825,383.608268,air,89.0,89,983000.0,B+,4897.7179,30958.5846,3d2.(3F).4s,a 2F,7/2,3d2.(3F).4p,z 4F*,5/2
Ti,1,Ti I,385.3725,385.3725,385.37253,air,290.0,290,60400000.0,B+,15975.631,41917.1924,3d2.(3F).4s.4p.(3P*),z 5G*,3,3d2.4s.(4F).4d,e 5H,4
Ti,1,Ti I,385.81367,385.81367,385.81369,air,340.0,340,63300000.0,B+,16106.076,42017.9751,3d2.(3F).4s.4p.(3P*),z 5G*,4,3d2.4s.(4F).4d,e 5H,5
Ti,1,Ti I,386.64394,386.64394,386.64396,air,400.0,400,65900000.0,B+,16267.480,42123.7378,3d2.(3F).4s.4p.(3P*),z 5G*,5,3d2.4s.(4F).4d,e 5H,6
Ti,1,Ti I,386.8396,386.8396,386.83965,air,330.0,330,71000000.0,B+,15975.631,41818.8088,3d2.(3F).4s.4p.(3P*),z 5G*,3,3d2.4s.(4F).4d,e 5G,4
Ti,3,Ti III,387.2495,387.2495,387.2495,air,12.0,12,16000000.0,D,133207.10,159022.93,3p6.3d.4d,3F,3,3p6.3d.4f,3H*,4
Ti,1,Ti I,387.32011,387.32011,387.32018,air,240.0,240,50500000.0,B+,16106.076,41917.1924,3d2.(3F).4s.4p.(3P*),z 5G*,4,3d2.4s.(4F).4d,e 5H,4
Ti,3,Ti III,388.1212,388.1212,388.1209,air,12.0,12,17000000.0,D,133371.07,159128.94,3p6.3d.4d,3F,4,3p6.3d.4f,3H*,5
Ti,1,Ti I,388.13955,388.13955,388.13942,air,240.0,240,300000.0,C,170.1328,25926.771,3d2.4s2,a 3F,3,3d2.(3P).4s.4p.(3P*),5D*,4
Ti,1,Ti I,388.21464,388.21464,388.21462,air,480.0,480,73800000.0,B+,16267.480,42019.1293,3d2.(3F).4s.4p.(3P*),z 5G*,5,3d2.4s.(4F).4d,e 5G,6
Ti,2,Ti II,388.2284,388.2284,388.228648,air,,,545000.0,B,8997.7874,34748.5062,3d3,a 2G,7/2,3d2.(3F).4p,z 2G*,9/2
Ti,1,Ti I,388.23204,388.23204,388.23202,air,310.0,310,57500000.0,B+,16267.480,42017.9751,3d2.(3F).4s.4p.(3P*),z 5G*,5,3d2.4s.(4F).4d,e 5H,5
Ti,1,Ti I,388.2891,388.2891,388.28916,air,900.0,900,149000000.0,B+,16458.671,42205.377,3d2.(3F).4s.4p.(3P*),z 5G*,6,3d2.4s.(4F).4d,e 5H,7
Ti,1,Ti I,388.80218,388.80218,388.8022,air,63.0,63,13300000.0,B+,16106.076,41818.8088,3d2.(3F).4s.4p.(3P*),z 5G*,4,3d2.4s.(4F).4d,e 5G,4
Ti,1,Ti I,388.99503,388.99503,388.99503,air,290.0,290,510000.0,C,0.000,25699.987,3d2.4s2,a 3F,2,3d2.(3P).4s.4p.(3P*),5D*,2
Ti,1,Ti I,389.52426,389.52426,389.52431,air,330.0,330,54100000.0,B+,16458.671,42123.7378,3d2.(3F).4s.4p.(3P*),z 5G*,6,3d2.4s.(4F).4d,e 5H,6
Ti,1,Ti I,389.75749,389.75749,389.75749,air,21.0,21,4010000.0,B+,16267.480,41917.1924,3d2.(3F).4s.4p.(3P*),z 5G*,5,3d2.4s.(4F).4d,e 5H,4
Ti,1,Ti I,389.84886,389.84886,389.84886,air,200.0,200,377000.0,A,0.000,25643.701,3d2.4s2,a 3F,2,3d3.(4F).4p,y 3D*,3
Ti,2,Ti II,390.05389,390.05389,390.053901,air,2350.0,2350,27600000.0,B+,9118.2849,34748.5062,3d3,a 2G,9/2,3d2.(3F).4p,z 2G*,9/2
Ti,1,Ti I,390.09594,390.09594,390.0959,air,1400.0,1400,1470000.0,A,170.1328,25797.595,3d2.4s2,a 3F,3,3d2.(3P).4s.4p.(3P*),5D*,3
Ti,1,Ti I,391.11849,391.11849,391.11851,air,120.0,120,18300000.0,B+,16458.671,42019.1293,3d2.(3F).4s.4p.(3P*),z 5G*,6,3d2.4s.(4F).4d,e 5G,6
Ti,1,Ti I,391.13634,391.13634,391.13617,air,15.0,15,2820000.0,C+,16458.671,42017.9751,3d2.(3F).4s.4p.(3P*),z 5G*,6,3d2.4s.(4F).4d,e 5H,5
Ti,1,Ti I,391.258,391.258,391.25826,air,2.0,2,4570000.0,B+,16267.480,41818.8088,3d2.(3F).4s.4p.(3P*),z 5G*,5,3d2.4s.(4F).4d,e 5G,4
Ti,2,Ti II,391.34614,391.34614,391.346122,air,1960.0,1960,20900000.0,B+,8997.7874,34543.3799,3d3,a 2G,7/2,3d2.(3F).4p,z 2G*,7/2
Ti,2,Ti II,391.41821,391.41821,391.418321,air,10.0,10,656000.0,C+,15257.5527,40798.4333,3d2.(1G).4s,b 2G,9/2,3d2.(3P).4p,y 4D*,7/2
Ti,1,Ti I,391.43347,391.43347,391.4334,air,3100.0,3100,2300000.0,C,386.874,25926.771,3d2.4s2,a 3F,4,3d2.(3P).4s.4p.(3P*),5D*,4
Ti,1,Ti I,391.47377,391.47377,391.47342,air,180.0,180,830000.0,C,0.000,25537.286,3d2.4s2,a 3F,2,3d2.(1D).4s.4p.(3P*),3P*,1
Ti,3,Ti III,391.5472,391.5472,391.5471,air,15.0,15,210000000.0,D,133371.07,158903.55,3p6.3d.4d,3F,4,3p6.3d.4f,3G*,5
Ti,1,Ti I,392.14225,392.14225,392.14222,air,1600.0,1600,2480000.0,A,0.000,25493.733,3d2.4s2,a 3F,2,3d2.(1D).4s.4p.(3P*),3P*,2
Ti,1,Ti I,392.45268,392.45268,392.45264,air,3600.0,3600,8100000.0,A,170.1328,25643.701,3d2.4s2,a 3F,3,3d3.(4F).4p,y 3D*,3
Ti,3,Ti III,392.486,392.486,392.4862,air,10.0,10,74000000.0,D,133065.24,158536.63,3p6.3d.4d,3F,2,3p6.3d.4f,3F*,2
Ti,1,Ti I,392.9874,392.9874,392.98737,air,3200.0,3200,8510000.0,A,0.000,25438.908,3d2.4s2,a 3F,2,3d3.(4F).4p,y 3D*,2
Ti,2,Ti II,393.20088,393.20088,393.200876,air,120.0,120,1230000.0,B+,9118.2849,34543.3799,3d3,a 2G,9/2,3d2.(3F).4p,z 2G*,7/2
Ti,1,Ti I,393.42336,393.42336,393.4233,air,310.0,310,450000.0,C,386.874,25797.595,3d2.4s2,a 3F,4,3d2.(3P).4s.4p.(3P*),5D*,3
Ti,1,Ti I,394.77686,394.77686,394.77683,air,5700.0,5700,9600000.0,C,170.1328,25493.733,3d2.4s2,a 3F,3,3d2.(1D).4s.4p.(3P*),3P*,2
Ti,1,Ti I,394.86708,394.86708,394.86705,air,7000.0,7000,56000000.0,A,0.000,25317.814,3d2.4s2,a 3F,2,3d3.(4F).4p,y 3D*,1
Ti,1,Ti I,395.63343,395.63343,395.63338,air,8000.0,8000,34600000.0,A,170.1328,25438.908,3d2.4s2,a 3F,3,3d3.(4F).4p,y 3D*,2
Ti,1,Ti I,395.82016,395.82016,395.82055,air,8600.0,8600,48800000.0,A,386.874,25643.701,3d2.4s2,a 3F,4,3d3.(4F).4p,y 3D*,3
Ti,1,Ti I,396.28508,396.28508,396.28507,air,2500.0,2500,4710000.0,A,0.000,25227.222,3d2.4s2,a 3F,2,3d2.(3F).4s.4p.(1P*),y 3F*,3
Ti,1,Ti I,396.42694,396.42694,396.42687,air,2800.0,2800,3640000.0,A,170.1328,25388.331,3d2.4s2,a 3F,3,3d2.(3F).4s.4p.(1P*),y 3F*,4
Ti,1,Ti I,398.17616,398.17616,398.17616,air,8800.0,8800,44200000.0,A,0.000,25107.411,3d2.4s2,a 3F,2,3d2.(3F).4s.4p.(1P*),y 3F*,2
Ti,1,Ti I,398.24806,398.24806,398.24811,air,3400.0,3400,4500000.0,C,0.000,25102.875,3d2.4s2,a 3F,2,3d2.(3P).4s.4p.(3P*),z 5S*,2
Ti,3,Ti III,398.64,398.64,398.6393,air,8.0,8,21000000.0,D,133207.10,158285.34,3p6.3d.4d,3F,3,3p6.3d.4f,1G*,4
Ti,2,Ti II,398.76065,398.76065,398.760609,air,21.0,21,49100.0,C+',4897.7179,29968.3304,3d2.(3F).4s,a 2F,7/2,3d2.(3F).4p,z 4G*,9/2
Ti,1,Ti I,398.97586,398.97586,398.97582,air,8800.0,8800,44800000.0,A,170.1328,25227.222,3d2.4s2,a 3F,3,3d2.(3F).4s.4p.(1P*),y 3F*,3
Ti,1,Ti I,399.86366,399.86366,399.86363,air,10000.0,10000,48100000.0,A,386.874,25388.331,3d2.4s2,a 3F,4,3d2.(3F).4s.4p.(1P*),y 3F*,4
Ti,1,Ti I,400.59599,400.59599,400.596,air,68.0,68,13600000.0,B+,16961.442,41917.1924,3d2.(3F).4s.4p.(3P*),z 5F*,3,3d2.4s.(4F).4d,e 5H,4
Ti,1,Ti I,400.80533,400.80533,400.80532,air,120.0,120,21900000.0,B+,17075.258,42017.9751,3d2.(3F).4s.4p.(3P*),z 5F*,4,3d2.4s.(4F).4d,e 5H,5
Ti,1,Ti I,400.89273,400.89273,400.89274,air,3300.0,3300,8070000.0,A,170.1328,25107.411,3d2.4s2,a 3F,3,3d2.(3F).4s.4p.(1P*),y 3F*,2
Ti,1,Ti I,400.96565,400.96565,400.96568,air,1200.0,1200,1390000.0,A,170.1328,25102.875,3d2.4s2,a 3F,3,3d2.(3P).4s.4p.(3P*),z 5S*,2
Ti,2,Ti II,401.23836,401.23836,401.23838,air,190.0,190,997000.0,B',4628.6571,29544.4540,3d2.(3F).4s,a 2F,5/2,3d2.(3F).4p,z 4G*,5/2
Ti,1,Ti I,401.3241,401.3241,401.32496,air,5.0,5q,20000000.0,D,16961.442,41871.8642,3d2.(3F).4s.4p.(3P*),z 5F*,3,3d2.4s.(4F).4d,g 3F,2
Ti,1,Ti I,401.35833,401.35833,401.35838,air,160.0,160,27400000.0,B+,17215.390,42123.7378,3d2.(3F).4s.4p.(3P*),z 5F*,5,3d2.4s.(4F).4d,e 5H,6
Ti,1,Ti I,402.18151,402.18151,402.18156,air,230.0,230,50000000.0,B+,16961.442,41818.8088,3d2.(3F).4s.4p.(3P*),z 5F*,3,3d2.4s.(4F).4d,e 5G,4
Ti,1,Ti I,402.4307,402.4307,402.43141,air,9.0,9q,1690000.0,D+,17075.258,41917.1924,3d2.(3F).4s.4p.(3P*),z 5F*,4,3d2.4s.(4F).4d,e 5H,4
Ti,1,Ti I,402.45709,402.45709,402.45711,air,3600.0,3600,6910000.0,A,386.874,25227.222,3d2.4s2,a 3F,4,3d2.(3F).4s.4p.(1P*),y 3F*,3
Ti,2,Ti II,402.51295,402.51295,402.512939,air,82.0,82,372000.0,C+,4897.7179,29734.6206,3d2.(3F).4s,a 2F,7/2,3d2.(3F).4p,z 4G*,7/2
Ti,2,Ti II,402.83384,402.83384,402.833838,air,132.0,132,5640000.0,B+,15257.5527,40074.6707,3d2.(1G).4s,b 2G,9/2,3d2.(1D).4p,y 2F*,7/2
Ti,1,Ti I,403.05111,403.05111,403.05112,air,310.0,310,50800000.0,B+,17215.390,42019.1293,3d2.(3F).4s.4p.(3P*),z 5F*,5,3d2.4s.(4F).4d,e 5G,6
Ti,1,Ti I,403.0698,403.0698,403.06988,air,8.0,8,1200000.0,C+,17215.390,42017.9751,3d2.(3F).4s.4p.(3P*),z 5F*,5,3d2.4s.(4F).4d,e 5H,5
Ti,1,Ti I,404.03166,404.03166,404.03156,air,36.0,36,8070000.0,B+,17075.258,41818.8088,3d2.(3F).4s.4p.(3P*),z 5F*,4,3d2.4s.(4F).4d,e 5G,4
Ti,2,Ti II,405.3821,405.3821,405.382098,air,86.0,86,5050000.0,B+,15265.7001,39926.8192,3d2.(1G).4s,b 2G,7/2,3d2.(1D).4p,y 2F*,5/2
Ti,1,Ti I,405.50112,405.50112,405.50115,air,550.0,550,28000000.0,D,8436.618,33090.497,3d2.4s2,a 3P,0,3d3.(4P).4p,x 3P*,1
Ti,1,Ti I,406.02621,406.02621,406.02621,air,710.0,710,24000000.0,D,8492.422,33114.420,3d2.4s2,a 3P,1,3d3.(4P).4p,x 3P*,2
Ti,1,Ti I,406.42097,406.42097,406.4211,air,420.0,420,24000000.0,D,8492.422,33090.497,3d2.4s2,a 3P,1,3d3.(4P).4p,x 3P*,1
Ti,2,Ti II,406.4354,406.4354,406.43602,air,,,2560000.0,C+,20951.7551,45548.9273,3d3,b 2F,5/2,3d2.(3P).4p,y 2P*,3/2
Ti,1,Ti I,406.50952,406.50952,406.50945,air,560.0,560,70000000.0,D,8492.422,33085.151,3d2.4s2,a 3P,1,3d3.(4P).4p,x 3P*,0
Ti,3,Ti III,406.9992,406.9992,406.999,air,5.0,5,24000000.0,D,135541.46,160104.61,3p6.3d.4d,3P,0,3p6.3d.4f,3P*,1
Ti,3,Ti III,407.9958,407.9958,407.9958,air,8.0,8,42000000.0,D,135601.47,160104.61,3p6.3d.4d,3P,1,3p6.3d.4f,3P*,1
Ti,3,Ti III,409.8879,409.8879,409.8872,air,3.0,3,8500000.0,D,135601.47,159991.54,3p6.3d.4d,3P,1,3p6.3d.4f,3P*,2
Ti,3,Ti III,410.005,410.005,410.0044,air,7.0,7,48000000.0,D,135721.51,160104.61,3p6.3d.4d,3P,2,3p6.3d.4f,3P*,1
Ti,1,Ti I,411.2708,411.2708,411.27085,air,2100.0,2100,882000.0,A,386.874,24694.892,3d2.4s2,a 3F,4,3d2.(3F).4s.4p.(3P*),z 1G*,4
Ti,3,Ti III,411.914,411.914,411.9146,air,10.0,10,99000000.0,D,135721.51,159991.54,3p6.3d.4d,3P,2,3p6.3d.4f,3P*,2
Ti,2,Ti II,412.9161,412.9161,412.915094,air,11.0,11,1110000.0,B',15265.7001,39476.9244,3d2.(1G).4s,b 2G,7/2,3d2.(1D).4p,y 2D*,5/2
Ti,3,Ti III,413.9424,413.9424,413.9427,air,6.0,6,32000000.0,D,158285.34,182436.46,3p6.3d.4f,1G*,4,3p6.3d.(2D<5/2>).5g,2[11/2],5
Ti,3,Ti III,414.4772,414.4772,414.4784,air,3.0,3,9400000.0,D,158285.34,182405.25,3p6.3d.4f,1G*,4,3p6.3d.(2D<5/2>).5g,2[9/2],4
Ti,3,Ti III,414.505,414.505,414.506,air,3.0,3,7700000.0,D,158285.34,182403.64,3p6.3d.4f,1G*,4,3p6.3d.(2D<5/2>).5g,2[9/2],5
Ti,3,Ti III,416.057,,416.057,air,,,0.00026,E,14397.6,38425.99,3p6.3d2,1G,4,3p6.3d.4s,3D,3
Ti,2,Ti II,416.15293,416.15293,416.152922,air,32.0,32,390000.0,B,8744.3406,32767.1961,3d2.(1D).4s,a 2D,5/2,3d2.(3F).4p,z 4D*,7/2
Ti,2,Ti II,416.36437,416.36437,416.364374,air,398.0,398,47700000.0,B+,20891.7898,44902.4455,3d3,b 2F,7/2,3d2.(3P).4p,x 2D*,5/2
Ti,3,Ti III,416.515,,416.515,air,,,4.9,E,8473.5,32475.5,3p6.3d2,1D,2,3p6.3d2,1S,0
Ti,2,Ti II,417.19038,417.19038,417.19036,air,259.0,259,49000000.0,B+,20951.7551,44914.8733,3d3,b 2F,5/2,3d2.(3P).4p,x 2D*,3/2
Ti,2,Ti II,417.35332,417.35332,417.353326,air,50.0,50,835000.0,B,8744.3406,32698.1022,3d2.(1D).4s,a 2D,5/2,3d2.(3F).4p,z 4D*,5/2
Ti,2,Ti II,417.40664,417.40664,417.40684,air,13.0,13,3510000.0,B,20951.7551,44902.4455,3d3,b 2F,5/2,3d2.(3P).4p,x 2D*,5/2
Ti,3,Ti III,417.654,417.654,417.6529,air,3.0,3,17000000.0,D,158536.63,182473.21,3p6.3d.4f,3F*,2,3p6.3d.(2D<5/2>).5g,2[7/2],3
Ti,2,Ti II,418.43108,418.43108,418.431186,air,11.0,11,304000.0,C+,8710.5675,32602.6265,3d2.(1D).4s,a 2D,3/2,3d2.(3F).4p,z 4D*,3/2
Ti,1,Ti I,418.6118,418.6118,418.61173,air,910.0,910,21000000.0,C+,12118.393,36000.148,3d2.4s2,a 1G,4,3d2.(1G).4s.4p.(1P*),y 1G*,4
Ti,3,Ti III,419.1091,419.1091,419.1088,air,7.0,7,80000000.0,D,135541.46,159394.89,3p6.3d.4d,3P,0,3p6.3d.4f,3D*,1
Ti,3,Ti III,420.026,,420.026,air,,,0.013,E,14397.6,38198.95,3p6.3d2,1G,4,3p6.3d.4s,3D,2
Ti,3,Ti III,420.1662,420.1662,420.1659,air,5.0,5,42000000.0,D,135601.47,159394.89,3p6.3d.4d,3P,1,3p6.3d.4f,3D*,1
Ti,3,Ti III,421.295,421.295,421.296,air,1.0,1,13000000.0,D,158285.34,182014.92,3p6.3d.4f,1G*,4,3p6.3d.(2D<3/2>).5g,2[9/2],4
Ti,3,Ti III,421.3257,421.3257,421.325,air,9.0,9,220000000.0,D,158285.34,182013.32,3p6.3d.4f,1G*,4,3p6.3d.(2D<3/2>).5g,2[9/2],5
Ti,3,Ti III,421.5525,421.5525,421.552,air,11.0,11,220000000.0,D,136339.74,160054.90,3p6.3d.4d,1G,4,3p6.3d.4f,1H*,5
Ti,3,Ti III,421.8518,421.8518,421.85,air,4.0,4,3700000.0,D,158903.55,182601.96,3p6.3d.4f,3G*,5,3p6.3d.(2D<5/2>).5g,2[13/2],6
Ti,3,Ti III,422.0282,422.0282,422.028,air,4.0,4,42000000.0,D,158536.63,182225.09,3p6.3d.4f,3F*,2,3p6.3d.(2D<3/2>).5g,2[5/2],2
Ti,2,Ti II,422.73336,422.73336,422.7334,air,11.0,11,271000.0,C+,9118.2849,32767.1961,3d3,a 2G,9/2,3d2.(3F).4p,z 4D*,7/2
Ti,3,Ti III,424.7615,424.7615,424.76,air,4.0,4,110000000.0,D,158903.55,182439.62,3p6.3d.4f,3G*,5,3p6.3d.(2D<5/2>).5g,2[11/2],6
Ti,3,Ti III,424.854,424.854,424.854,air,8.0,8,230000000.0,D,158536.63,182067.49,3p6.3d.4f,3F*,2,3p6.3d.(2D<3/2>).5g,2[7/2],3
Ti,3,Ti III,425.0086,425.0086,425.009,air,3.0,3,95000000.0,D,135601.47,159123.78,3p6.3d.4d,3P,1,3p6.3d.4f,1D*,2
Ti,3,Ti III,425.4114,425.4114,425.411,air,5.0,5,43000000.0,D,158903.55,182403.64,3p6.3d.4f,3G*,5,3p6.3d.(2D<5/2>).5g,2[9/2],5
Ti,3,Ti III,425.9009,425.9009,425.901,air,6.0,6,94000000.0,D,159128.94,182601.96,3p6.3d.4f,3H*,5,3p6.3d.(2D<5/2>).5g,2[13/2],6
Ti,1,Ti I,426.6209,426.6209,426.6208,air,58.0,58,31000000.0,D,18525.059,41958.4833,3d2.(3F).4s.4p.(3P*),z 5D*,2,3d2.4s.(4F).4d,e 5D,2
Ti,3,Ti III,426.984,426.984,426.983,air,11.0,11,170000000.0,D,159022.93,182436.46,3p6.3d.4f,3H*,4,3p6.3d.(2D<5/2>).5g,2[11/2],5
Ti,3,Ti III,427.5528,427.5528,427.553,air,4.0,4,23000000.0,D,159022.93,182405.25,3p6.3d.4f,3H*,4,3p6.3d.(2D<5/2>).5g,2[9/2],4
Ti,1,Ti I,428.1364,428.1364,428.13674,air,280.0,280,3180000.0,C+,6556.833,29907.286,3d3.(4F).4s,a 5F,1,3d3.(4F).4p,x 5D*,2
Ti,3,Ti III,428.467,428.467,428.467,air,1.0,1,3800000.0,D,159269.53,182601.96,3p6.3d.4f,3H*,6,3p6.3d.(2D<5/2>).5g,2[13/2],6
Ti,1,Ti I,428.4981,428.4981,428.498,air,330.0,330,32000000.0,D,14028.436,37359.203,3d3.(4P).4s,a 5P,2,3d3.(4P).4p,y 5S*,2
Ti,3,Ti III,428.561,428.561,428.561,air,9.0,9,300000000.0,D,159269.53,182596.87,3p6.3d.4f,3H*,6,3p6.3d.(2D<5/2>).5g,2[13/2],7
Ti,1,Ti I,428.7403,428.7403,428.74027,air,2200.0,2200,14600000.0,C+,6742.756,30060.340,3d3.(4F).4s,a 5F,4,3d3.(4F).4p,x 5D*,4
Ti,2,Ti II,428.78734,428.78734,428.787344,air,104.0,104,580000.0,D,8710.5675,32025.5915,3d2.(1D).4s,a 2D,3/2,3d2.(3F).4p,z 2D*,5/2
Ti,3,Ti III,428.866,428.866,428.867,air,8.0,8,110000000.0,D,159128.94,182439.62,3p6.3d.4f,3H*,5,3p6.3d.(2D<5/2>).5g,2[11/2],6
Ti,1,Ti I,428.907,428.907,428.90698,air,2300.0,2300,30000000.0,D,6598.765,29907.286,3d3.(4F).4s,a 5F,2,3d3.(4F).4p,x 5D*,2
Ti,3,Ti III,428.925,428.925,428.925,air,3.0,3,21000000.0,D,159128.94,182436.46,3p6.3d.4f,3H*,5,3p6.3d.(2D<5/2>).5g,2[11/2],5
Ti,2,Ti II,429.02148,429.02148,429.02148,air,499.0,499,8560000.0,B+,9395.8020,32698.1022,3d3,a 4P,3/2,3d2.(3F).4p,z 4D*,5/2
Ti,1,Ti I,429.0929,429.0929,429.09289,air,1900.0,1900,45000000.0,D,6556.833,29855.255,3d3.(4F).4s,a 5F,1,3d3.(4F).4p,x 5D*,1
Ti,3,Ti III,429.334,429.334,429.333,air,3.0,3,31000000.0,D,159394.89,182680.27,3p6.3d.4f,3D*,1,3p6.3d.(2D<5/2>).5g,2[3/2],1
Ti,2,Ti II,429.40939,429.40939,429.409378,air,730.0,730,4700000.0,D,8744.3406,32025.5915,3d2.(1D).4s,a 2D,5/2,3d2.(3F).4p,z 2D*,5/2
Ti,1,Ti I,429.5749,429.5749,429.57493,air,1900.0,1900,130000000.0,D,6556.833,29829.112,3d3.(4F).4s,a 5F,1,3d3.(4F).4p,x 5D*,0
Ti,3,Ti III,429.6702,429.6702,429.669,air,11.0,11,160000000.0,D,158903.55,182170.72,3p6.3d.4f,3G*,5,3p6.3d.(2D<3/2>).5g,2[11/2],6
Ti,2,Ti II,430.00421,430.00421,430.00424,air,1270.0,1270,16300000.0,B+,9518.1516,32767.1961,3d3,a 4P,5/2,3d2.(3F).4p,z 4D*,7/2
Ti,2,Ti II,430.19225,430.19225,430.192251,air,226.0,226,6410000.0,B+,9363.7425,32602.6265,3d3,a 4P,1/2,3d2.(3F).4p,z 4D*,3/2
Ti,2,Ti II,430.78657,430.78657,430.78656,air,300.0,300,7690000.0,B+,9395.8020,32602.6265,3d3,a 4P,3/2,3d2.(3F).4p,z 4D*,3/2
Ti,3,Ti III,431.0481,431.0481,431.048,air,4.0,4,35000000.0,D,159394.89,182587.62,3p6.3d.4f,3D*,1,3p6.3d.(2D<5/2>).5g,2[5/2],2
Ti,2,Ti II,431.286,431.286,431.286004,air,270.0,270,4700000.0,B+,9518.1516,32698.1022,3d3,a 4P,5/2,3d2.(3F).4p,z 4D*,5/2
Ti,2,Ti II,431.49708,431.49708,431.49708,air,253.0,253,14100000.0,B+,9363.7425,32532.3542,3d3,a 4P,1/2,3d2.(3F).4p,z 4D*,1/2
Ti,2,Ti II,431.67941,431.67941,431.67942,air,24.0,24,4740000.0,B,16515.9359,39674.7616,3d2.(3P).4s,b 2P,1/2,3d2.(1D).4p,z 2P*,1/2
Ti,3,Ti III,431.9561,431.9561,431.956,air,5.0,5,110000000.0,D,159022.93,182166.91,3p6.3d.4f,3H*,4,3p6.3d.(2D<3/2>).5g,2[11/2],5
Ti,2,Ti II,432.09504,432.09504,432.095,air,52.0,52,2810000.0,B,9395.8020,32532.3542,3d3,a 4P,3/2,3d2.(3F).4p,z 4D*,1/2
Ti,3,Ti III,432.593,432.593,432.596,air,2.0,2,6600000.0,D,158903.55,182013.32,3p6.3d.4f,3G*,5,3p6.3d.(2D<3/2>).5g,2[9/2],5
Ti,3,Ti III,432.825,432.825,432.824,air,2.0,2,13000000.0,D,147562.14,170659.72,3p6.3d.5p,3D*,1,3p6.3d.5d,3P,1
Ti,2,Ti II,433.02369,433.02369,433.02378,air,29.0,29,1660000.0,B,16515.9359,39602.8645,3d2.(3P).4s,b 2P,1/2,3d2.(1D).4p,y 2D*,3/2
Ti,2,Ti II,433.06976,433.06976,433.069804,air,31.0,31,976000.0,B,9518.1516,32602.6265,3d3,a 4P,5/2,3d2.(3F).4p,z 4D*,3/2
Ti,2,Ti II,433.79143,433.79143,433.791444,air,740.0,740,6600000.0,D,8710.5675,31756.6406,3d2.(1D).4s,a 2D,3/2,3d2.(3F).4p,z 2D*,3/2
Ti,2,Ti II,434.1356,434.1356,434.135596,air,61.0,61,310000.0,D,8997.7874,32025.5915,3d3,a 2G,7/2,3d2.(3F).4p,z 2D*,5/2
Ti,3,Ti III,434.3246,434.3246,434.324,air,3.0,3,100000000.0,D,147562.14,170579.96,3p6.3d.5p,3D*,1,3p6.3d.5d,3P,0
Ti,2,Ti II,434.42807,434.42807,434.428092,air,81.0,81,720000.0,D,8744.3406,31756.6406,3d2.(1D).4s,a 2D,5/2,3d2.(3F).4p,z 2D*,3/2
Ti,2,Ti II,435.08376,435.08376,435.083776,air,24.0,24,1620000.0,B,16625.2441,39602.8645,3d2.(3P).4s,b 2P,3/2,3d2.(1D).4p,y 2D*,3/2
Ti,3,Ti III,435.2282,435.2282,435.228,air,8.0,8,270000000.0,D,149403.52,172373.52,3p6.3d.5p,1P*,1,3p6.3d.5d,1S,0
Ti,2,Ti II,436.76521,436.76521,436.76522,air,55.0,55,4800000.0,B,20891.7898,43780.9533,3d3,b 2F,7/2,3d2.(1G).4p,y 2G*,9/2
Ti,3,Ti III,436.856,436.856,436.857,air,2.0,2,10000000.0,D,159128.94,182013.32,3p6.3d.4f,3H*,5,3p6.3d.(2D<3/2>).5g,2[9/2],5
Ti,2,Ti II,437.48162,437.48162,437.481651,air,38.0,38,1410000.0,B+,16625.2441,39476.9244,3d2.(3P).4s,b 2P,3/2,3d2.(1D).4p,y 2D*,5/2
Ti,3,Ti III,437.8938,437.8938,437.893,air,7.0,7,160000000.0,D,159394.89,182225.09,3p6.3d.4f,3D*,1,3p6.3d.(2D<3/2>).5g,2[5/2],2
Ti,2,Ti II,438.68466,438.68466,438.6847,air,42.0,42,4790000.0,B',20951.7551,43740.7678,3d3,b 2F,5/2,3d2.(1G).4p,y 2G*,7/2
Ti,2,Ti II,439.1025,439.1025,439.102583,air,18.0,18,302000.0,B',9930.7766,32698.1022,3d2.(3P).4s,b 4P,3/2,3d2.(3F).4p,z 4D*,5/2
Ti,1,Ti I,439.3922,439.3922,439.39226,air,570.0,570,33000000.0,D,18287.554,41039.870,3d3.(2G).4s,b 1G,4,3d3.(2H).4p,y 1H*,5
Ti,2,Ti II,439.40588,439.40588,439.405858,air,63.0,63,1420000.0,B+,9851.0145,32602.6265,3d3,a 2P,1/2,3d2.(3F).4p,z 4D*,3/2
Ti,2,Ti II,439.50312,439.50312,439.503121,air,2090.0,2090,9400000.0,D,8744.3406,31490.9177,3d2.(1D).4s,a 2D,5/2,3d2.(3F).4p,z 2F*,7/2
Ti,2,Ti II,439.5839,439.5839,439.583939,air,45.0,45,509000.0,B,10024.8009,32767.1961,3d2.(3P).4s,b 4P,5/2,3d2.(3F).4p,z 4D*,7/2
Ti,2,Ti II,439.8292,439.8292,439.82893,air,7.0,7,191000.0,C+,9872.899,32602.6265,3d2.(3P).4s,b 4P,1/2,3d2.(3F).4p,z 4D*,3/2
Ti,2,Ti II,439.97652,439.97652,439.976525,air,242.0,242,3740000.0,B+,9975.9994,32698.1022,3d3,a 2P,3/2,3d2.(3F).4p,z 4D*,5/2
Ti,3,Ti III,440.057,440.057,440.055,air,4.0,4,34000000.0,D,147212.77,169930.80,3p6.3d.5p,1D*,2,3p6.3d.6s,3D,2
Ti,3,Ti III,440.6197,440.6197,440.619,air,4.0,4,51000000.0,D,159991.54,182680.53,3p6.3d.4f,3P*,2,3p6.3d.(2D<5/2>).5g,2[3/2],2
Ti,2,Ti II,440.7672,440.7672,440.76727,air,9.0,9,414000.0,C+,9851.0145,32532.3542,3d3,a 2P,1/2,3d2.(3F).4p,z 4D*,1/2
Ti,2,Ti II,440.9235,440.9235,440.923536,air,4.0,4,130000.0,C',10024.8009,32698.1022,3d2.(3P).4s,b 4P,5/2,3d2.(3F).4p,z 4D*,5/2
Ti,2,Ti II,440.952,440.952,440.951764,air,8.0,8,367000.0,C+,9930.7766,32602.6265,3d2.(3P).4s,b 4P,3/2,3d2.(3F).4p,z 4D*,3/2
Ti,2,Ti II,441.10724,441.10724,441.10727,air,60.0,60,12300000.0,B+,24961.1910,47625.0485,3d.4s2,c 2D,3/2,3d2.(1G).4p,x 2F*,5/2
Ti,2,Ti II,441.1929,441.1929,441.19297,air,7.0,7,512000.0,C+,9872.899,32532.3542,3d2.(3P).4s,b 4P,1/2,3d2.(3F).4p,z 4D*,1/2
Ti,1,Ti I,441.7274,441.7274,441.72734,air,720.0,720,36000000.0,D,15220.393,37852.437,3d3.(2G).4s,a 3G,5,3d3.(2D2).4p,u 3F*,4
Ti,2,Ti II,441.77137,441.77137,441.77134,air,353.0,353,2100000.0,D,9395.8020,32025.5915,3d3,a 4P,3/2,3d2.(3F).4p,z 2D*,5/2
Ti,2,Ti II,441.83313,441.83313,441.833089,air,37.0,37,926000.0,B,9975.9994,32602.6265,3d3,a 2P,3/2,3d2.(3F).4p,z 4D*,3/2
Ti,2,Ti II,442.19384,442.19384,442.19378,air,32.0,32,1850000.0,B,16625.2441,39233.4153,3d2.(3P).4s,b 2P,3/2,3d2.(1D).4p,z 2P*,3/2
Ti,3,Ti III,442.4399,442.4399,442.44,air,9.0,9,15000000.0,D,159991.54,182587.12,3p6.3d.4f,3P*,2,3p6.3d.(2D<5/2>).5g,2[5/2],3
Ti,2,Ti II,442.788,442.788,442.788119,air,,:,63000.0,D,10024.8009,32602.6265,3d2.(3P).4s,b 4P,5/2,3d2.(3F).4p,z 4D*,3/2
Ti,2,Ti II,443.21,443.21,443.209604,air,,:,1300000.0,D,9975.9994,32532.3542,3d3,a 2P,3/2,3d2.(3F).4p,z 4D*,1/2
Ti,3,Ti III,443.3912,443.3912,443.392,air,11.0,11,180000000.0,D,160054.90,182601.96,3p6.3d.4f,1H*,5,3p6.3d.(2D<5/2>).5g,2[13/2],6
Ti,3,Ti III,444.0657,444.0657,444.059,air,4.0,4,120000000.0,D,160167.06,182680.27,3p6.3d.4f,3P*,0,3p6.3d.(2D<5/2>).5g,2[3/2],1
Ti,1,Ti I,444.1266,444.1266,444.1266,air,120.0,120,6100000.0,D,15108.111,37617.894,3d3.(2G).4s,a 3G,3,3d3.(2G).4p,v 3G*,4
Ti,2,Ti II,444.1729,444.1729,444.17284,air,29.0,29,220000.0,D,9518.1516,32025.5915,3d3,a 4P,5/2,3d2.(3F).4p,z 2D*,5/2
Ti,2,Ti II,444.38007,444.38007,444.380077,air,1460.0,1460,10800000.0,A',8710.5675,31207.5111,3d2.(1D).4s,a 2D,3/2,3d2.(3F).4p,z 2F*,5/2
Ti,2,Ti II,444.45546,444.45546,444.455415,air,38.0,38,390000.0,D,8997.7874,31490.9177,3d3,a 2G,7/2,3d2.(3F).4p,z 2F*,7/2
Ti,3,Ti III,444.6559,444.6559,444.655,air,5.0,5,60000000.0,D,160104.61,182587.62,3p6.3d.4f,3P*,1,3p6.3d.(2D<5/2>).5g,2[5/2],2
Ti,1,Ti I,444.9143,444.9143,444.91425,air,2200.0,2200,97000000.0,D,15220.393,37690.327,3d3.(2G).4s,a 3G,5,3d3.(2G).4p,v 3G*,5
Ti,2,Ti II,445.04822,445.04822,445.048208,air,230.0,230,1700000.0,A',8744.3406,31207.5111,3d2.(1D).4s,a 2D,5/2,3d2.(3F).4p,z 2F*,5/2
Ti,1,Ti I,445.0894,445.0894,445.08939,air,1600.0,1600,96000000.0,D,15156.802,37617.894,3d3.(2G).4s,a 3G,4,3d3.(2G).4p,v 3G*,4
Ti,1,Ti I,445.3313,445.3313,445.33128,air,1400.0,1400,59800000.0,C+,11531.761,33980.653,3d3.(4F).4s,b 3F,2,3d2.(1G).4s.4p.(3P*),v 3F*,2
Ti,1,Ti I,445.3699,445.3699,445.36987,air,1000.0,1000,47000000.0,D,15108.111,37555.058,3d3.(2G).4s,a 3G,3,3d3.(2G).4p,v 3G*,3
Ti,1,Ti I,445.5318,445.5318,445.53168,air,1900.0,1900,48000000.0,D,11639.8109,34078.606,3d3.(4F).4s,b 3F,3,3d2.(1G).4s.4p.(3P*),v 3F*,3
Ti,2,Ti II,445.6649,445.6649,445.66498,air,8.0,8,1210000.0,D+,25192.9650,47625.0485,3d.4s2,c 2D,5/2,3d2.(1G).4p,x 2F*,5/2
Ti,1,Ti I,445.7427,445.7427,445.74268,air,2600.0,2600,56000000.0,D,11776.812,34204.985,3d3.(4F).4s,b 3F,4,3d2.(1G).4s.4p.(3P*),v 3F*,4
Ti,1,Ti I,446.2088,446.2088,446.20891,air,130.0,130,42800.0,A,0.000,22404.739,3d2.4s2,a 3F,2,3d2.(3F).4s.4p.(3P*),z 1F*,3
Ti,3,Ti III,446.2558,446.2558,446.256,air,4.0,4,41000000.0,D,147212.77,169615.12,3p6.3d.5p,1D*,2,3p6.3d.5d,3F,2
Ti,2,Ti II,446.44486,446.44486,446.44486,air,92.0,92,700000.0,D,9363.7425,31756.6406,3d3,a 4P,1/2,3d2.(3F).4p,z 2D*,3/2
Ti,1,Ti I,446.5806,446.5806,446.58054,air,610.0,610,32800000.0,C+,14028.436,36414.531,3d3.(4P).4s,a 5P,2,3d3.(4P).4p,y 5P*,3
Ti,3,Ti III,446.6078,446.6078,446.608,air,3.0,3,38000000.0,D,160054.90,182439.62,3p6.3d.4f,1H*,5,3p6.3d.(2D<5/2>).5g,2[11/2],6
Ti,3,Ti III,446.6693,446.6693,446.671,air,1.0,1,12000000.0,D,160054.90,182436.46,3p6.3d.4f,1H*,5,3p6.3d.(2D<5/2>).5g,2[11/2],5
Ti,2,Ti II,446.84924,446.84924,446.84926,air,1540.0,1540,10000000.0,D,9118.2849,31490.9177,3d3,a 2G,9/2,3d2.(3F).4p,z 2F*,7/2
Ti,2,Ti II,446.915,446.915,446.915125,air,16.0,16,193000.0,C+,8744.3406,31113.6764,3d2.(1D).4s,a 2D,5/2,3d2.(3F).4p,z 4F*,7/2
Ti,2,Ti II,447.08535,447.08535,447.08496,air,11.0,11,440000.0,D,9395.8020,31756.6406,3d3,a 4P,3/2,3d2.(3F).4p,z 2D*,3/2
Ti,3,Ti III,448.0359,448.0359,448.036,air,3.0,3,73000000.0,D,147562.14,169875.52,3p6.3d.5p,3D*,1,3p6.3d.6s,3D,1
Ti,1,Ti I,448.1259,448.1259,448.12592,air,1200.0,1200,57000000.0,D,14105.634,36414.531,3d3.(4P).4s,a 5P,3,3d3.(4P).4p,y 5P*,3
Ti,2,Ti II,448.83247,448.83247,448.83239,air,90.0,90,12800000.0,B+,25192.9650,47466.7479,3d.4s2,c 2D,5/2,3d2.(1G).4p,x 2F*,7/2
Ti,2,Ti II,449.3523,449.3523,449.352199,air,7.0,7,100000.0,D,8710.5675,30958.5846,3d2.(1D).4s,a 2D,3/2,3d2.(3F).4p,z 4F*,5/2
Ti,1,Ti I,449.6145,449.6145,449.61448,air,610.0,610,44000000.0,D,14105.634,36340.673,3d3.(4P).4s,a 5P,3,3d3.(4P).4p,y 5P*,2
Ti,1,Ti I,449.6234,449.6234,449.62323,air,250.0,250,110000.0,C,170.1328,22404.739,3d2.4s2,a 3F,3,3d2.(3F).4s.4p.(3P*),z 1F*,3
Ti,3,Ti III,449.651,449.651,449.652,air,4.0,4,37000000.0,D,159991.54,182224.72,3p6.3d.4f,3P*,2,3p6.3d.(2D<3/2>).5g,2[5/2],3
Ti,2,Ti II,450.12699,450.12699,450.126972,air,1170.0,1170,9370000.0,A',8997.7874,31207.5111,3d3,a 2G,7/2,3d2.(3F).4p,z 2F*,5/2
Ti,2,Ti II,450.67398,450.67398,450.67371,air,,,16000.0,D,9118.2849,31301.0653,3d3,a 2G,9/2,3d2.(3F).4p,z 4F*,9/2
Ti,1,Ti I,451.2733,451.2733,451.27339,air,3000.0,3000,9860000.0,C+,6742.756,28896.059,3d3.(4F).4s,a 5F,4,3d3.(4F).4p,y 5F*,5
Ti,1,Ti I,451.8022,451.8022,451.8022,air,3700.0,3700,17200000.0,C+,6661.006,28788.380,3d3.(4F).4s,a 5F,3,3d3.(4F).4p,y 5F*,4
Ti,1,Ti I,451.8689,451.8689,451.8689,air,380.0,380,6500000.0,D,11531.761,33655.869,3d3.(4F).4s,b 3F,2,3d3.(4F).4p,w 3F*,2
Ti,3,Ti III,451.942,451.942,451.943,air,2.0,2,16000000.0,D,160104.61,182225.09,3p6.3d.4f,3P*,1,3p6.3d.(2D<3/2>).5g,2[5/2],2
Ti,3,Ti III,452.0375,452.0375,452.038,air,6.0,6,48000000.0,D,160054.90,182170.72,3p6.3d.4f,1H*,5,3p6.3d.(2D<3/2>).5g,2[11/2],6
Ti,3,Ti III,452.1146,452.1146,452.116,air,2.0,2,4400000.0,D,160054.90,182166.91,3p6.3d.4f,1H*,5,3p6.3d.(2D<3/2>).5g,2[11/2],5
Ti,1,Ti I,452.2797,452.2797,452.2797,air,3500.0,3500,19000000.0,D,6598.765,28702.778,3d3.(4F).4s,a 5F,2,3d3.(4F).4p,y 5F*,3
Ti,1,Ti I,452.7305,452.7305,452.73041,air,2300.0,2300,22000000.0,D,6556.833,28638.841,3d3.(4F).4s,a 5F,1,3d3.(4F).4p,y 5F*,2
Ti,2,Ti II,452.94799,452.94799,452.94799,air,58.0,58,748000.0,B+,12677.1050,34748.5062,3d3,a 2H,9/2,3d2.(3F).4p,z 2G*,9/2
Ti,1,Ti I,453.324,453.324,453.32394,air,9200.0,9200,88300000.0,C+,6842.962,28896.059,3d3.(4F).4s,a 5F,5,3d3.(4F).4p,y 5F*,5
Ti,3,Ti III,453.3263,,453.3263,air,,,150000000.0,D,147562.14,169615.12,3p6.3d.5p,3D*,1,3p6.3d.5d,3F,2
Ti,2,Ti II,453.396,453.396,453.396001,air,1650.0,1650,9200000.0,D,9975.9994,32025.5915,3d3,a 2P,3/2,3d2.(3F).4p,z 2D*,5/2
Ti,1,Ti I,453.4776,453.4776,453.47761,air,7900.0,7900,68700000.0,C+,6742.756,28788.380,3d3.(4F).4s,a 5F,4,3d3.(4F).4p,y 5F*,4
Ti,2,Ti II,454.40164,454.40164,454.401727,air,14.0,14,210000.0,D,10024.8009,32025.5915,3d2.(3P).4s,b 4P,5/2,3d2.(3F).4p,z 2D*,5/2
Ti,1,Ti I,454.4687,454.4687,454.46871,air,2300.0,2300,33000000.0,D,6598.765,28596.313,3d3.(4F).4s,a 5F,2,3d3.(4F).4p,y 5F*,1
Ti,1,Ti I,454.811,454.811,454.81101,air,40.0,40,8400000.0,D,20126.062,42107.0545,3d2.(3F).4s.4p.(3P*),z 3D*,3,3d2.4s.(4F).4d,g 3F,4
Ti,1,Ti I,454.8763,454.8763,454.87635,air,3400.0,3400,28500000.0,C+,6661.006,28638.841,3d3.(4F).4s,a 5F,3,3d3.(4F).4p,y 5F*,2
Ti,2,Ti II,454.96216,454.96216,454.96217,air,2020.0,2020,25300000.0,B+,12774.8168,34748.5062,3d3,a 2H,11/2,3d2.(3F).4p,z 2G*,9/2
Ti,1,Ti I,455.2454,455.2454,455.24533,air,3400.0,3400,21000000.0,D,6742.756,28702.778,3d3.(4F).4s,a 5F,4,3d3.(4F).4p,y 5F*,3
Ti,3,Ti III,455.5456,455.5456,455.545,air,10.0,10bl,23000000.0,D,136339.74,158285.34,3p6.3d.4d,1G,4,3p6.3d.4f,1G*,4
Ti,1,Ti I,455.5484,455.5484,455.54829,air,2700.0,2700,11600000.0,C+,6842.962,28788.380,3d3.(4F).4s,a 5F,5,3d3.(4F).4p,y 5F*,4
Ti,1,Ti I,456.2626,456.2626,456.26271,air,380.0,380,163000.0,A,170.1328,22081.189,3d2.4s2,a 3F,3,3d2.(3F).4s.4p.(3P*),z 1D*,2
Ti,1,Ti I,456.3423,456.3423,456.34234,air,120.0,120,21000000.0,D,19573.974,41481.207,3d2.(3F).4s.4p.(3P*),z 3F*,4,3d2.4s.(2F).5s,3F,4
Ti,2,Ti II,456.37575,456.37575,456.37581,air,1050.0,1050,8800000.0,D,9851.0145,31756.6406,3d3,a 2P,1/2,3d2.(3F).4p,z 2D*,3/2
Ti,2,Ti II,456.8324,456.8324,456.83221,air,10.0,10,180000.0,D,9872.899,31756.6406,3d2.(3P).4s,b 4P,1/2,3d2.(3F).4p,z 2D*,3/2
Ti,3,Ti III,457.08,,457.08,air,,,0.1,E,10603.6,32475.5,3p6.3d2,3P,1,3p6.3d2,1S,0
Ti,2,Ti II,457.19713,457.19713,457.19713,air,1700.0,1700,19200000.0,B+,12677.1050,34543.3799,3d3,a 2H,9/2,3d2.(3F).4p,z 2G*,7/2
Ti,3,Ti III,457.6532,457.6532,457.653,air,9.0,9,130000000.0,D,148410.24,170254.75,3p6.3d.5p,3F*,4,3p6.3d.6s,3D,3
Ti,3,Ti III,457.8521,457.8521,457.852,air,7.0,7,79000000.0,D,140019.24,161854.24,3p6.3d.4d,1S,0,3p6.3d.4f,1P*,1
Ti,2,Ti II,458.0435,458.0435,458.043655,air,6.0,6,130000.0,D,9930.7766,31756.6406,3d2.(3P).4s,b 4P,3/2,3d2.(3F).4p,z 2D*,3/2
Ti,2,Ti II,458.3409,458.3409,458.34091,air,10.0,10,100000.0,D,9395.8020,31207.5111,3d3,a 4P,3/2,3d2.(3F).4p,z 2F*,5/2
Ti,2,Ti II,458.99466,458.99466,458.994699,air,132.0,132,1300000.0,D,9975.9994,31756.6406,3d3,a 2P,3/2,3d2.(3F).4p,z 2D*,3/2
Ti,3,Ti III,459.55,,459.55,air,,,0.02,E,10721.2,32475.5,3p6.3d2,3P,2,3p6.3d2,1S,0
Ti,2,Ti II,460.92659,460.92659,460.92645,air,,,29000.0,D,9518.1516,31207.5111,3d3,a 4P,5/2,3d2.(3F).4p,z 2F*,5/2
Ti,3,Ti III,461.1041,461.1041,461.104,air,3.0,3,37000000.0,D,148978.72,170659.72,3p6.3d.5p,3P*,1,3p6.3d.5d,3P,1
Ti,1,Ti I,461.7268,461.7268,461.72689,air,2600.0,2600,85100000.0,C+,14105.634,35757.394,3d3.(4P).4s,a 5P,3,3d3.(4P).4p,w 5D*,4
Ti,3,Ti III,461.9782,461.9782,461.978,air,6.0,6,56000000.0,D,149019.75,170659.72,3p6.3d.5p,3P*,0,3p6.3d.5d,3P,1
Ti,1,Ti I,462.3097,462.3097,462.30972,air,1500.0,1500,57400000.0,C+,14028.436,35652.900,3d3.(4P).4s,a 5P,2,3d3.(4P).4p,w 5D*,3
Ti,3,Ti III,462.8067,462.8067,462.807,air,6.0,6,150000000.0,D,148978.72,170579.96,3p6.3d.5p,3P*,1,3p6.3d.5d,3P,0
Ti,2,Ti II,462.929,462.929,462.92925,air,,:,220000.0,D,9518.1516,31113.6764,3d3,a 4P,5/2,3d2.(3F).4p,z 4F*,7/2
Ti,1,Ti I,463.994,463.994,463.99388,air,760.0,760,66400000.0,C+,13981.773,35527.748,3d3.(4P).4s,a 5P,1,3d3.(4P).4p,w 5D*,1
Ti,1,Ti I,464.0415,464.0415,464.0418,air,49.0,49,50000000.0,D,18825.782,40369.532,3d3.(4P).4s,c 3P,1,3d.4s2.4p,v 3P*,0
Ti,1,Ti I,464.5189,464.5189,464.5188,air,340.0,340,85700000.0,C+,13981.773,35503.399,3d3.(4P).4s,a 5P,1,3d3.(4P).4p,w 5D*,0
Ti,3,Ti III,464.9452,464.9452,464.946,air,10.0,10,86000000.0,D,148410.24,169912.11,3p6.3d.5p,3F*,4,3p6.3d.5d,3F,4
Ti,1,Ti I,465.001,465.001,465.00097,air,270.0,270,26000000.0,D,14028.436,35527.748,3d3.(4P).4s,a 5P,2,3d3.(4P).4p,w 5D*,1
Ti,3,Ti III,465.2861,465.2861,465.286,air,12.0,12,260000000.0,D,149655.77,171141.93,3p6.3d.5p,1F*,3,3p6.3d.5d,1G,4
Ti,1,Ti I,465.6043,465.6043,465.60433,air,110.0,110,9300000.0,D,14105.634,35577.086,3d3.(4P).4s,a 5P,3,3d3.(4P).4p,w 5D*,2
Ti,1,Ti I,465.6468,465.6468,465.64693,air,8400.0,8400,2290000.0,A,0.000,21469.488,3d2.4s2,a 3F,2,3d2.(3F).4s.4p.(3P*),z 3G*,3
Ti,2,Ti II,465.72005,465.72005,465.720056,air,33.0,33,270000.0,D,10024.8009,31490.9177,3d2.(3P).4s,b 4P,5/2,3d2.(3F).4p,z 2F*,7/2
Ti,1,Ti I,466.7584,466.7584,466.75845,air,10000.0,10000,2510000.0,A,170.1328,21588.495,3d2.4s2,a 3F,3,3d2.(3F).4s.4p.(3P*),z 3G*,4
Ti,3,Ti III,467.3396,467.3396,467.34,air,8.0,8,91000000.0,D,149267.99,170659.72,3p6.3d.5p,3P*,2,3p6.3d.5d,3P,1
Ti,1,Ti I,467.5116,467.5116,467.51167,air,200.0,200,1850000.0,C+,8602.3441,29986.199,3d2.4s2,a 3P,2,3d3.(4F).4p,x 5D*,3
Ti,3,Ti III,468.058,468.058,468.058,air,4.0,4,8300000.0,D,148410.24,169769.13,3p6.3d.5p,3F*,4,3p6.3d.5d,3F,3
Ti,1,Ti I,468.1908,468.1908,468.19089,air,13000.0,13000,2710000.0,A,386.874,21739.707,3d2.4s2,a 3F,4,3d2.(3F).4s.4p.(3P*),z 3G*,5
Ti,1,Ti I,469.0795,469.0795,469.07929,air,76.0,76,440000.0,D,8602.3441,29914.737,3d2.4s2,a 3P,2,3d2.(1G).4s.4p.(3P*),x 3G*,3
Ti,1,Ti I,469.3664,469.3664,469.36643,air,330.0,330,85000.0,C,170.1328,21469.488,3d2.4s2,a 3F,3,3d2.(3F).4s.4p.(3P*),z 3G*,3
Ti,2,Ti II,470.86622,470.86622,470.866273,air,31.0,31,231000.0,B',9975.9994,31207.5111,3d3,a 2P,3/2,3d2.(3F).4p,z 2F*,5/2
Ti,1,Ti I,471.5299,471.5299,471.53012,air,300.0,300,69000.0,C,386.874,21588.495,3d2.4s2,a 3F,4,3d2.(3F).4s.4p.(3P*),z 3G*,4
Ti,3,Ti III,472.09,472.09,472.091,air,3.0,3,31000000.0,D,149403.52,170579.96,3p6.3d.5p,1P*,1,3p6.3d.5d,3P,0
Ti,1,Ti I,472.2606,472.2606,472.26059,air,220.0,220,4700000.0,D,8492.422,29661.250,3d2.4s2,a 3P,1,3d2.(3F).4s.4p.(1P*),w 3D*,1
Ti,3,Ti III,473.111,473.111,473.109,air,5.0,5bl,36000000.0,D,147212.77,168343.62,3p6.3d.5p,1D*,2,3p6.3d.5d,1P,1
Ti,1,Ti I,474.22953,474.22953,474.23016,air,,,3200000.0,D,11776.812,32857.723,3d3.(4F).4s,b 3F,4,3d2.(1D).4s.4p.(1P*),y 1F*,3
Ti,1,Ti I,474.2789,474.2789,474.27892,air,870.0,870,53000000.0,D,18037.213,39115.957,3d3.(2H).4s,a 3H,4,3d3.(2H).4p,x 3H*,4
Ti,1,Ti I,475.8118,475.8118,475.81178,air,1600.0,1600,71300000.0,C+,18141.265,39152.103,3d3.(2H).4s,a 3H,5,3d3.(2H).4p,x 3H*,5
Ti,1,Ti I,475.89,475.89,475.89013,air,100.0,100,180000.0,C,6742.756,27750.135,3d3.(4F).4s,a 5F,4,3d2.(3F).4s.4p.(1P*),y 3G*,5
Ti,1,Ti I,475.9269,475.9269,475.92697,air,1800.0,1800,74000000.0,C+,18192.570,39198.323,3d3.(2H).4s,a 3H,6,3d3.(2H).4p,x 3H*,6
Ti,2,Ti II,476.2778,476.2778,476.277805,air,9.0,9,66600.0,D+,8744.3406,29734.6206,3d2.(1D).4s,a 2D,5/2,3d2.(3F).4p,z 4G*,7/2
Ti,3,Ti III,476.358,476.358,476.358,air,6.0,6,50000000.0,D,149267.99,170254.75,3p6.3d.5p,3P*,2,3p6.3d.6s,3D,3
Ti,2,Ti II,476.38833,476.38833,476.38832,air,21.0,21,321000.0,C+,9851.0145,30836.4250,3d3,a 2P,1/2,3d2.(3F).4p,z 4F*,3/2
Ti,1,Ti I,477.1096,477.1096,477.1099,air,61.0,61,140000.0,C,6661.006,27614.679,3d3.(4F).4s,a 5F,3,3d2.(3F).4s.4p.(1P*),y 3G*,4
Ti,3,Ti III,477.146,477.146,477.146,air,6.0,6,34000000.0,D,148978.72,169930.80,3p6.3d.5p,3P*,1,3p6.3d.6s,3D,2
Ti,1,Ti I,477.8255,477.8255,477.82547,air,240.0,240,20000000.0,D,18037.213,38959.507,3d3.(2H).4s,a 3H,4,3d3.(2G).4p,x 1G*,4
Ti,2,Ti II,477.99789,477.99789,477.99793,air,109.0,109,6200000.0,D,16515.9359,37430.6814,3d2.(3P).4s,b 2P,1/2,3d2.(3P).4p,z 2S*,1/2
Ti,1,Ti I,478.1711,478.1711,478.17106,air,170.0,170,290000.0,C,6842.962,27750.135,3d3.(4F).4s,a 5F,5,3d2.(3F).4s.4p.(1P*),y 3G*,5
Ti,1,Ti I,478.3306,478.3306,478.33021,air,17.0,17,62000.0,C,6598.765,27498.982,3d3.(4F).4s,a 5F,2,3d2.(3F).4s.4p.(1P*),y 3G*,3
Ti,3,Ti III,478.409,478.409,478.408,air,2.0,2,26000000.0,D,148978.72,169875.52,3p6.3d.5p,3P*,1,3p6.3d.6s,3D,1
Ti,1,Ti I,478.9788,478.9788,478.97864,air,25.0,25,45000.0,C,6742.756,27614.679,3d3.(4F).4s,a 5F,4,3d2.(3F).4s.4p.(1P*),y 3G*,4
Ti,3,Ti III,479.3503,479.3503,479.35,air,3.0,3,29000000.0,D,149019.75,169875.52,3p6.3d.5p,3P*,0,3p6.3d.6s,3D,1
Ti,2,Ti II,479.4819,479.4819,479.48123,air,,,2600.0,D,9118.2849,29968.3304,3d3,a 2G,9/2,3d2.(3F).4p,z 4G*,9/2
Ti,2,Ti II,479.85316,479.85316,479.853126,air,18.0,18,101000.0,C+',8710.5675,29544.4540,3d2.(1D).4s,a 2D,3/2,3d2.(3F).4p,z 4G*,5/2
Ti,3,Ti III,480.0273,480.0273,480.028,air,4.0,4,84000000.0,D,161854.24,182680.53,3p6.3d.4f,1P*,1,3p6.3d.(2D<5/2>).5g,2[3/2],2
Ti,2,Ti II,480.50927,480.50927,480.50928,air,216.0,216,11000000.0,D,16625.2441,37430.6814,3d2.(3P).4s,b 2P,3/2,3d2.(3P).4p,z 2S*,1/2
Ti,1,Ti I,480.5415,480.5415,480.54144,air,510.0,510,58000000.0,D,18911.394,39715.439,3d3.(4P).4s,c 3P,2,3d3.(2D2).4p,s 3D*,3
Ti,1,Ti I,481.2892,481.2892,481.28934,air,7.0,7,11000.0,D,6842.962,27614.679,3d3.(4F).4s,a 5F,5,3d2.(3F).4s.4p.(1P*),y 3G*,4
Ti,1,Ti I,482.041,482.041,482.04094,air,980.0,980,14900000.0,C+,12118.393,32857.723,3d2.4s2,a 1G,4,3d2.(1D).4s.4p.(1P*),y 1F*,3
Ti,3,Ti III,482.18,482.18,482.179,air,3.0,3,49000000.0,D,161854.24,182587.62,3p6.3d.4f,1P*,1,3p6.3d.(2D<5/2>).5g,2[5/2],2
Ti,3,Ti III,483.133,483.133,483.134,air,3.0,3,20000000.0,D,147212.77,167905.19,3p6.3d.5p,1D*,2,3p6.3d.5d,3D,1
Ti,3,Ti III,483.825,483.825,483.826,air,1.0,1,12000000.0,D,149267.99,169930.80,3p6.3d.5p,3P*,2,3p6.3d.6s,3D,2
Ti,1,Ti I,484.0873,484.0873,484.08737,air,6600.0,6600,17600000.0,C+,7255.355,27907.013,3d2.4s2,a 1D,2,3d2.(1D).4s.4p.(1P*),y 1D*,2
Ti,3,Ti III,484.9658,484.9658,484.966,air,7.0,7,11000000.0,D,149655.77,170270.02,3p6.3d.5p,1F*,3,3p6.3d.6s,1D,2
Ti,2,Ti II,485.59053,485.59053,485.59041,air,18.0,18,2390000.0,C+,24961.1910,45548.9273,3d.4s2,c 2D,3/2,3d2.(3P).4p,y 2P*,3/2
Ti,1,Ti I,485.601,485.601,485.60103,air,2200.0,2200,52000000.0,D,18192.570,38779.856,3d3.(2H).4s,a 3H,6,3d3.(2H).4p,z 3I*,7
Ti,3,Ti III,485.622,485.622,485.623,air,2.0,2,47000000.0,D,128433.40,149019.75,3p6.3d.4d,3D,1,3p6.3d.5p,3P*,0
Ti,3,Ti III,485.8129,485.8129,485.813,air,9.0,9,42000000.0,D,128689.67,149267.99,3p6.3d.4d,3D,3,3p6.3d.5p,3P*,2
Ti,2,Ti II,486.56115,486.56115,486.56104,air,13.0,13,76500.0,C+',8997.7874,29544.4540,3d3,a 2G,7/2,3d2.(3F).4p,z 4G*,5/2
Ti,1,Ti I,486.8142,486.8142,486.8144,air,,,15600000.0,C+,26910.709,47446.684,3d3.(4F).4p,y 5G*,6,3d2.4p2,g 5G,6
Ti,3,Ti III,487.3995,487.3995,487.4,air,10.0,10,150000000.0,D,147212.77,167724.09,3p6.3d.5p,1D*,2,3p6.3d.5d,1F,3
Ti,2,Ti II,487.40096,487.40096,487.40094,air,62.0,62,22000000.0,B,24961.1910,45472.4518,3d.4s2,c 2D,3/2,3d2.(3P).4p,y 2P*,1/2
Ti,1,Ti I,487.4872,487.4872,487.48747,air,11.0,11,10300000.0,C+,26772.968,47280.588,3d3.(4F).4p,y 5G*,5,3d2.4p2,g 5G,5
Ti,3,Ti III,488.4321,488.4321,488.431,air,4.0,4,20000000.0,D,147562.14,168030.15,3p6.3d.5p,3D*,1,3p6.3d.5d,3D,2
Ti,1,Ti I,488.5081,488.5081,488.50794,air,3700.0,3700,49000000.0,C+,15220.393,35685.174,3d3.(2G).4s,a 3G,5,3d3.(2G).4p,y 3H*,6
Ti,1,Ti I,488.8713,488.8713,488.87105,air,6.0,6,13400000.0,C+,26494.330,46943.911,3d3.(4F).4p,y 5G*,2,3d2.4p2,g 5G,2
Ti,3,Ti III,489.284,489.284,489.284,air,6.0,6,33000000.0,D,128546.38,148978.72,3p6.3d.4d,3D,2,3p6.3d.5p,3P*,1
Ti,3,Ti III,490.761,490.761,490.761,air,2.0,2,29000000.0,D,161854.24,182225.09,3p6.3d.4f,1P*,1,3p6.3d.(2D<3/2>).5g,2[5/2],2
Ti,2,Ti II,491.1195,491.1195,491.11944,air,109.0,109,17000000.0,B+,25192.9650,45548.9273,3d.4s2,c 2D,5/2,3d2.(3P).4p,y 2P*,3/2
Ti,1,Ti I,491.3615,491.3615,491.36134,air,2500.0,2500,44400000.0,C+,15108.111,35454.052,3d3.(2G).4s,a 3G,3,3d3.(2G).4p,y 3H*,4
Ti,3,Ti III,491.4315,491.4315,491.431,air,6.0,6,110000000.0,D,147562.14,167905.19,3p6.3d.5p,3D*,1,3p6.3d.5d,3D,1
Ti,1,Ti I,491.523,491.523,491.52287,air,200.0,200,2400000.0,C+,15220.393,35559.648,3d3.(2G).4s,a 3G,5,3d3.(2G).4p,y 3H*,5
Ti,2,Ti II,491.685,491.685,491.68535,air,,:,2.15,B,4628.6571,24961.1910,3d2.(3F).4s,a 2F,5/2,3d.4s2,c 2D,3/2
Ti,1,Ti I,491.7781,491.7781,491.77814,air,,,1470000.0,D+,21588.495,41917.1924,3d2.(3F).4s.4p.(3P*),z 3G*,4,3d2.4s.(4F).4d,e 5H,4
Ti,2,Ti II,492.589,492.589,492.58869,air,,:,1.9,C+,4897.7179,25192.9650,3d2.(3F).4s,a 2F,7/2,3d.4s2,c 2D,5/2
Ti,1,Ti I,492.6151,492.6151,492.61481,air,120.0,120,265000.0,C+,6598.765,26892.936,3d3.(4F).4s,a 5F,2,3d2.(1D).4s.4p.(3P*),x 3F*,3
Ti,1,Ti I,492.8337,492.8337,492.83362,air,890.0,890*,62000000.0,D,17369.529,37654.690,3d3.(2D2).4s,a 3D,1,3d3.(2D2).4p,u 3F*,2
Ti,1,Ti I,493.8036,493.8036,493.80424,air,7.0,7,178000.0,C+,16106.076,36351.365,3d2.(3F).4s.4p.(3P*),z 5G*,4,3d2.4s.(4F).5s,e 5F,5
Ti,1,Ti I,494.0969,494.0969,494.09689,air,14.0,14,398000.0,B+,15975.631,36208.929,3d2.(3F).4s.4p.(3P*),z 5G*,3,3d2.4s.(4F).5s,e 5F,4
Ti,1,Ti I,494.1569,494.1569,494.15707,air,96.0,96,5300000.0,D,17423.856,37654.690,3d3.(2D2).4s,a 3D,2,3d3.(2D2).4p,u 3F*,2
Ti,1,Ti I,494.4351,494.4351,494.43503,air,14.0,14*,530000.0,B,15877.081,36096.542,3d2.(3F).4s.4p.(3P*),z 5G*,2,3d2.4s.(4F).5s,e 5F,3
Ti,3,Ti III,496.136,496.136,496.137,air,7.0,7,45000000.0,D,129253.41,149403.52,3p6.3d.4d,1P,1,3p6.3d.5p,1P*,1
Ti,1,Ti I,496.4716,496.4716,496.4717,air,150.0,150,8170000.0,B+,15877.081,36013.597,3d2.(3F).4s.4p.(3P*),z 5G*,2,3d2.4s.(4F).5s,e 5F,2
Ti,1,Ti I,496.8568,496.8568,496.85675,air,220.0,220,8920000.0,B+,15975.631,36096.542,3d2.(3F).4s.4p.(3P*),z 5G*,3,3d2.4s.(4F).5s,e 5F,3
Ti,3,Ti III,497.1194,497.1194,497.119,air,10.0,10,210000000.0,D,148410.24,168520.52,3p6.3d.5p,3F*,4,3p6.3d.5d,3G,5
Ti,1,Ti I,497.3029,497.3029,497.30307,air,230.0,230,7320000.0,B+,16106.076,36208.929,3d2.(3F).4s.4p.(3P*),z 5G*,4,3d2.4s.(4F).5s,e 5F,4
Ti,1,Ti I,497.7728,497.7728,497.77275,air,150.0,150,4410000.0,B+,16267.480,36351.365,3d2.(3F).4s.4p.(3P*),z 5G*,5,3d2.4s.(4F).5s,e 5F,5
Ti,2,Ti II,498.1355,498.1355,498.13558,air,,,31000.0,D,12628.8455,32698.1022,3d3,b 2D2,3/2,3d2.(3F).4p,z 4D*,5/2
Ti,1,Ti I,498.1731,498.1731,498.17305,air,14000.0,14000,66000000.0,C+,6842.962,26910.709,3d3.(4F).4s,a 5F,5,3d3.(4F).4p,y 5G*,6
Ti,2,Ti II,498.279,498.279,498.27917,air,,:,0.42,C+,4897.7179,24961.1910,3d2.(3F).4s,a 2F,7/2,3d.4s2,c 2D,3/2
Ti,1,Ti I,498.9134,498.9134,498.91346,air,660.0,660,37000000.0,B+,15975.631,36013.597,3d2.(3F).4s.4p.(3P*),z 5G*,3,3d2.4s.(4F).5s,e 5F,2
Ti,1,Ti I,499.1067,499.1067,499.1066,air,13000.0,13000,58400000.0,C+,6742.756,26772.968,3d3.(4F).4s,a 5F,4,3d3.(4F).4p,y 5G*,5
Ti,1,Ti I,499.7093,499.7093,499.70967,air,1700.0,1700,469000.0,A,0.000,20006.039,3d2.4s2,a 3F,2,3d2.(3F).4s.4p.(3P*),z 3D*,2
Ti,1,Ti I,499.9502,499.9502,499.9503,air,12000.0,12000,52700000.0,C+,6661.006,26657.416,3d3.(4F).4s,a 5F,3,3d3.(4F).4p,y 5G*,4
Ti,1,Ti I,500.0988,500.0988,500.09896,air,910.0,910,36500000.0,B+,16106.076,36096.542,3d2.(3F).4s.4p.(3P*),z 5G*,4,3d2.4s.(4F).5s,e 5F,3
Ti,2,Ti II,500.517,500.517,500.51672,air,10.0,10,190000.0,D,12628.8455,32602.6265,3d3,b 2D2,3/2,3d2.(3F).4p,z 4D*,3/2
Ti,1,Ti I,500.7206,500.7206,500.72093,air,10000.0,10000,49200000.0,C+,6598.765,26564.400,3d3.(4F).4s,a 5F,2,3d3.(4F).4p,y 5G*,3
Ti,1,Ti I,500.9645,500.9645,500.96447,air,1200.0,1200*,241000.0,A,170.1328,20126.062,3d2.4s2,a 3F,3,3d2.(3F).4s.4p.(3P*),z 3D*,3
Ti,3,Ti III,501.014,501.014,501.01,air,5.0,5bl,43000000.0,D,148978.72,168932.83,3p6.3d.5p,3P*,1,3p6.3d.5d,3S,1
Ti,2,Ti II,501.02106,501.02106,501.02088,air,17.0,17,3400000.0,C+,24961.1910,44914.8733,3d.4s2,c 2D,3/2,3d2.(3P).4p,x 2D*,3/2
Ti,1,Ti I,501.3282,501.3282,501.32824,air,1200.0,1200,38600000.0,B+,16267.480,36208.929,3d2.(3F).4s.4p.(3P*),z 5G*,5,3d2.4s.(4F).5s,e 5F,4
Ti,2,Ti II,501.36862,501.36862,501.368633,air,24.0,24,289000.0,C+,12758.2597,32698.1022,3d3,b 2D2,5/2,3d2.(3F).4p,z 4D*,5/2
Ti,1,Ti I,501.4186,501.4186,501.41861,air,11000.0,11000,5080000.0,B,0.000,19937.855,3d2.4s2,a 3F,2,3d2.(3F).4s.4p.(3P*),z 3D*,1
Ti,1,Ti I,501.4275,501.4275,501.42762,air,8700.0,8700,68000000.0,C,6556.833,26494.330,3d3.(4F).4s,a 5F,1,3d3.(4F).4p,y 5G*,2
Ti,1,Ti I,501.6161,501.6161,501.61609,air,3800.0,3800,6430000.0,C+,6842.962,26772.968,3d3.(4F).4s,a 5F,5,3d3.(4F).4p,y 5G*,5
Ti,1,Ti I,502.0025,502.0025,502.00263,air,5100.0,5100,11300000.0,C+,6742.756,26657.416,3d3.(4F).4s,a 5F,4,3d3.(4F).4p,y 5G*,4
Ti,3,Ti III,502.043,502.043,502.042,air,3.0,3,25000000.0,D,149019.75,168932.83,3p6.3d.5p,3P*,0,3p6.3d.5d,3S,1
Ti,1,Ti I,502.2866,502.2866,502.28679,air,4800.0,4800,13900000.0,C+,6661.006,26564.400,3d3.(4F).4s,a 5F,3,3d3.(4F).4p,y 5G*,3
Ti,3,Ti III,502.452,502.452,502.453,air,3.0,3,10000000.0,D,148410.24,168307.06,3p6.3d.5p,3F*,4,3p6.3d.5d,3G,4
Ti,1,Ti I,502.4844,502.4844,502.48444,air,3500.0,3500,13200000.0,C+,6598.765,26494.330,3d3.(4F).4s,a 5F,2,3d3.(4F).4p,y 5G*,2
Ti,1,Ti I,502.557,502.557,502.55696,air,1400.0,1400,42600000.0,B+,16458.671,36351.365,3d2.(3F).4s.4p.(3P*),z 5G*,6,3d2.4s.(4F).5s,e 5F,5
Ti,1,Ti I,503.6464,503.6464,503.64639,air,4000.0,4000,39400000.0,C+,11639.8109,31489.476,3d3.(4F).4s,b 3F,3,3d3.(4F).4p,w 3G*,4
Ti,1,Ti I,503.8397,503.8397,503.83979,air,3300.0,3300,38700000.0,C+,11531.761,31373.807,3d3.(4F).4s,b 3F,2,3d3.(4F).4p,w 3G*,3
Ti,1,Ti I,503.9955,503.9955,503.99574,air,14000.0,14000,4490000.0,A,170.1328,20006.039,3d2.4s2,a 3F,3,3d2.(3F).4s.4p.(3P*),z 3D*,2
Ti,1,Ti I,504.0611,504.0611,504.06136,air,250.0,250,857000.0,C+,6661.006,26494.330,3d3.(4F).4s,a 5F,3,3d3.(4F).4p,y 5G*,2
Ti,1,Ti I,504.3582,504.3582,504.35838,air,320.0,320,693000.0,C+,6742.756,26564.400,3d3.(4F).4s,a 5F,4,3d3.(4F).4p,y 5G*,3
Ti,1,Ti I,504.5415,504.5415,504.5414,air,170.0,170,292000.0,C+,6842.962,26657.416,3d3.(4F).4s,a 5F,5,3d3.(4F).4p,y 5G*,4
Ti,1,Ti I,506.2101,506.2101,506.21021,air,310.0,310,29800000.0,C+,17423.856,37172.989,3d3.(2D2).4s,a 3D,2,3d3.(2D2).4p,w 3P*,1
Ti,1,Ti I,506.4056,506.4056,506.40594,air,110.0,110,13000000.0,D,21739.707,41481.207,3d2.(3F).4s.4p.(3P*),z 3G*,5,3d2.4s.(2F).5s,3F,4
Ti,1,Ti I,506.4652,506.4652,506.46526,air,17000.0,17000,4370000.0,A,386.874,20126.062,3d2.4s2,a 3F,4,3d2.(3F).4s.4p.(3P*),z 3D*,3
Ti,3,Ti III,506.822,506.822,506.822,air,7.0,7,11000000.0,D,129253.41,148978.72,3p6.3d.4d,1P,1,3p6.3d.5p,3P*,1
Ti,2,Ti II,506.9092,506.9092,506.90901,air,9.0,9,981000.0,C+',25192.9650,44914.8733,3d.4s2,c 2D,5/2,3d2.(3P).4p,x 2D*,3/2
Ti,3,Ti III,506.939,506.939,506.943,air,3.0,3bl,3300000.0,D,128689.67,148410.24,3p6.3d.4d,3D,3,3p6.3d.5p,3F*,4
Ti,1,Ti I,507.1467,507.1467,507.14673,air,330.0,330,2490000.0,C+,11776.812,31489.476,3d3.(4F).4s,b 3F,4,3d3.(4F).4p,w 3G*,4
Ti,2,Ti II,507.22868,507.22868,507.22864,air,43.0,43,3750000.0,B',25192.9650,44902.4455,3d.4s2,c 2D,5/2,3d2.(3P).4p,x 2D*,5/2
Ti,3,Ti III,508.38,508.38,508.38,air,10.0,10,97000000.0,D,149267.99,168932.83,3p6.3d.5p,3P*,2,3p6.3d.5d,3S,1
Ti,1,Ti I,508.706,508.706,508.70582,air,930.0,930,14000000.0,D,11531.761,31184.010,3d3.(4F).4s,b 3F,2,3d2.(3P).4s.4p.(3P*),v 3D*,1
Ti,1,Ti I,511.344,511.344,511.34401,air,1400.0,1400,8410000.0,C+,11639.8109,31190.669,3d3.(4F).4s,b 3F,3,3d2.(3P).4s.4p.(3P*),v 3D*,2
Ti,3,Ti III,511.908,511.908,511.908,air,8.0,8,39000000.0,D,149403.52,168932.83,3p6.3d.5p,1P*,1,3p6.3d.5d,3S,1
Ti,2,Ti II,512.91563,512.91563,512.91562,air,180.0,180,1460000.0,B+,15257.5527,34748.5062,3d2.(1G).4s,b 2G,9/2,3d2.(3F).4p,z 2G*,9/2
Ti,1,Ti I,514.546,514.546,514.54602,air,2000.0,2000,9600000.0,C+,11776.812,31206.007,3d3.(4F).4s,b 3F,4,3d2.(3P).4s.4p.(3P*),v 3D*,3
Ti,3,Ti III,514.731,514.731,514.731,air,14.0,14,56000000.0,D,127790.57,147212.77,3p6.3d.4d,1F,3,3p6.3d.5p,1D*,2
Ti,1,Ti I,514.7477,514.7477,514.74777,air,2300.0,2300,458000.0,B',0.000,19421.580,3d2.4s2,a 3F,2,3d2.(3F).4s.4p.(3P*),z 3F*,3
Ti,1,Ti I,515.2184,515.2184,515.21835,air,2000.0,2000,351000.0,B,170.1328,19573.974,3d2.4s2,a 3F,3,3d2.(3F).4s.4p.(3P*),z 3F*,4
Ti,2,Ti II,515.40682,515.40682,515.40682,air,119.0,119,500000.0,D,12628.8455,32025.5915,3d3,b 2D2,3/2,3d2.(3F).4p,z 2D*,5/2
Ti,3,Ti III,516.255,516.255,516.254,air,9.0,9,31000000.0,D,148978.72,168343.62,3p6.3d.5p,3P*,1,3p6.3d.5d,1P,1
Ti,1,Ti I,517.374,517.374,517.37431,air,15000.0,15000,4230000.0,B,0.000,19322.984,3d2.4s2,a 3F,2,3d2.(3F).4s.4p.(3P*),z 3F*,2
Ti,2,Ti II,518.3709,518.3709,518.37112,air,8.0,8,90400.0,C',15257.5527,34543.3799,3d2.(1G).4s,b 2G,9/2,3d2.(3F).4p,z 2G*,7/2
Ti,2,Ti II,518.5902,518.5902,518.5902,air,155.0,155,1010000.0,B+,15265.7001,34543.3799,3d2.(1G).4s,b 2G,7/2,3d2.(3F).4p,z 2G*,7/2
Ti,1,Ti I,518.6328,518.6328,518.63252,air,120.0,120,3790000.0,B+,17075.258,36351.365,3d2.(3F).4s.4p.(3P*),z 5F*,4,3d2.4s.(4F).5s,e 5F,5
Ti,2,Ti II,518.86872,518.86872,518.86873,air,550.0,550,2500000.0,D,12758.2597,32025.5915,3d3,b 2D2,5/2,3d2.(3F).4p,z 2D*,5/2
Ti,1,Ti I,519.2969,519.2969,519.29686,air,17000.0,17000,3860000.0,B,170.1328,19421.580,3d2.4s2,a 3F,3,3d2.(3F).4s.4p.(3P*),z 3F*,3
Ti,1,Ti I,519.4034,519.4034,519.4037,air,180.0,180,6180000.0,B+,16961.442,36208.929,3d2.(3F).4s.4p.(3P*),z 5F*,3,3d2.4s.(4F).5s,e 5F,4
Ti,1,Ti I,520.1081,520.1081,520.10815,air,170.0,170,7670000.0,B+,16875.124,36096.542,3d2.(3F).4s.4p.(3P*),z 5F*,2,3d2.4s.(4F).5s,e 5F,3
Ti,1,Ti I,520.7849,520.7849,520.785,air,110.0,110,7080000.0,B+,16817.160,36013.597,3d2.(3F).4s.4p.(3P*),z 5F*,1,3d2.4s.(4F).5s,e 5F,2
Ti,1,Ti I,521.0384,521.0384,521.03843,air,21000.0,21000,3890000.0,B,386.874,19573.974,3d2.4s2,a 3F,4,3d2.(3F).4s.4p.(3P*),z 3F*,4
Ti,1,Ti I,521.1215,521.1215,521.12222,air,56.0,56q,310000.0,D,6742.756,25926.771,3d3.(4F).4s,a 5F,4,3d2.(3P).4s.4p.(3P*),5D*,4
Ti,2,Ti II,521.15305,521.15305,521.15303,air,33.0,33,2100000.0,B',20891.7898,40074.6707,3d3,b 2F,7/2,3d2.(1D).4p,y 2F*,7/2
Ti,3,Ti III,521.843,521.843,521.843,air,8.0,8,3800000.0,D,129252.74,148410.24,3p6.3d.4d,3G,4,3p6.3d.5p,3F*,4
Ti,1,Ti I,521.9699,521.9699,521.97015,air,1100.0,1100,271000.0,C+,170.1328,19322.984,3d2.4s2,a 3F,3,3d2.(3F).4s.4p.(3P*),z 3F*,2
Ti,1,Ti I,522.2673,522.2673,522.26744,air,210.0,210,19500000.0,C+,16817.160,35959.109,3d2.(3F).4s.4p.(3P*),z 5F*,1,3d2.4s.(4F).5s,e 5F,1
Ti,1,Ti I,522.3621,522.3621,522.3623,air,260.0,260,15900000.0,B+,16875.124,36013.597,3d2.(3F).4s.4p.(3P*),z 5F*,2,3d2.4s.(4F).5s,e 5F,2
Ti,1,Ti I,522.4305,522.4305,522.43049,air,950.0,950,30000000.0,B+,17215.390,36351.365,3d2.(3F).4s.4p.(3P*),z 5F*,5,3d2.4s.(4F).5s,e 5F,5
Ti,1,Ti I,522.4544,522.4544,522.45438,air,380.0,380,18200000.0,B+,16961.442,36096.542,3d2.(3F).4s.4p.(3P*),z 5F*,3,3d2.4s.(4F).5s,e 5F,3
Ti,1,Ti I,522.4933,522.4933,522.4934,air,630.0,630,23000000.0,B+,17075.258,36208.929,3d2.(3F).4s.4p.(3P*),z 5F*,4,3d2.4s.(4F).5s,e 5F,4
Ti,3,Ti III,522.628,522.628,522.628,air,12.0,12bl,31000000.0,D,128433.40,147562.14,3p6.3d.4d,3D,1,3p6.3d.5p,3D*,1
Ti,2,Ti II,522.65385,522.65385,522.6539,air,397.0,397,3100000.0,D,12628.8455,31756.6406,3d3,b 2D2,3/2,3d2.(3F).4p,z 2D*,3/2
Ti,1,Ti I,524.7288,524.7288,524.72895,air,160.0,160,11100000.0,B+,16961.442,36013.597,3d2.(3F).4s.4p.(3P*),z 5F*,3,3d2.4s.(4F).5s,e 5F,2
Ti,3,Ti III,524.749,524.749,524.749,air,11.0,11,50000000.0,D,148978.72,168030.15,3p6.3d.5p,3P*,1,3p6.3d.5d,3D,2
Ti,1,Ti I,525.2099,525.2099,525.20997,air,790.0,790,142000.0,A,386.874,19421.580,3d2.4s2,a 3F,4,3d2.(3F).4s.4p.(3P*),z 3F*,3
Ti,1,Ti I,525.5806,525.5806,525.58058,air,180.0,180,8520000.0,B+,17075.258,36096.542,3d2.(3F).4s.4p.(3P*),z 5F*,4,3d2.4s.(4F).5s,e 5F,3
Ti,3,Ti III,525.733,525.733,525.733,air,8.0,8,8200000.0,D,128546.38,147562.14,3p6.3d.4d,3D,2,3p6.3d.5p,3D*,1
Ti,1,Ti I,525.9973,525.9973,525.99729,air,110.0,110,23000000.0,D,22081.189,41087.404,3d2.(3F).4s.4p.(3P*),z 1D*,2,3d2.4s.(2F).5s,e 1F,3
Ti,1,Ti I,526.3483,526.3483,526.34833,air,130.0,130,4950000.0,B+,17215.390,36208.929,3d2.(3F).4s.4p.(3P*),z 5F*,5,3d2.4s.(4F).5s,e 5F,4
Ti,1,Ti I,526.64902,,526.64902,air,0.0,0,2800.0,D,6661.006,25643.701,3d3.(4F).4s,a 5F,3,3d3.(4F).4p,y 3D*,3
Ti,2,Ti II,526.86076,526.86076,526.86082,air,22.0,22,960000.0,D,20951.7551,39926.8192,3d3,b 2F,5/2,3d2.(1D).4p,y 2F*,5/2
Ti,3,Ti III,527.812,527.812,527.812,air,17.0,17,79000000.0,D,129469.37,148410.24,3p6.3d.4d,3G,5,3p6.3d.5p,3F*,4
Ti,3,Ti III,527.8334,,527.8334,air,,,94000000.0,D,149403.52,168343.62,3p6.3d.5p,1P*,1,3p6.3d.5d,1P,1
Ti,3,Ti III,528.214,528.214,528.214,air,9.0,9,25000000.0,D,148978.72,167905.19,3p6.3d.5p,3P*,1,3p6.3d.5d,3D,1
Ti,1,Ti I,528.2374,528.2374,528.23764,air,300.0,300,2400000.0,D,8492.422,27418.029,3d2.4s2,a 3P,1,3d2.(1D).4s.4p.(3P*),x 3D*,2
Ti,1,Ti I,528.9267,528.9267,528.9269,air,33.0,33,48000.0,C,6742.756,25643.701,3d3.(4F).4s,a 5F,4,3d3.(4F).4p,y 3D*,3
Ti,3,Ti III,529.36,529.36,529.361,air,7.0,7,31000000.0,D,149019.75,167905.19,3p6.3d.5p,3P*,0,3p6.3d.5d,3D,1
Ti,1,Ti I,529.5775,529.5775,529.57758,air,460.0,460,791000.0,C+,8602.3441,27480.066,3d2.4s2,a 3P,2,3d2.(1D).4s.4p.(3P*),x 3D*,3
Ti,1,Ti I,530.001,530.001,530.00105,air,96.0,96,2700000.0,D,8492.422,27355.061,3d2.4s2,a 3P,1,3d2.(1D).4s.4p.(3P*),x 3D*,1
Ti,1,Ti I,532.3925,532.3925,532.39275,air,25.0,25,35000.0,C,6661.006,25438.908,3d3.(4F).4s,a 5F,3,3d3.(4F).4p,y 3D*,2
Ti,3,Ti III,532.84,532.84,532.839,air,8.0,8,9200000.0,D,149267.99,168030.15,3p6.3d.5p,3P*,2,3p6.3d.5d,3D,2
Ti,1,Ti I,532.8735,532.8735,532.87294,air,5.0,5,780000.0,C,6556.833,25317.814,3d3.(4F).4s,a 5F,1,3d3.(4F).4p,y 3D*,1
Ti,2,Ti II,533.6786,533.6786,533.67863,air,201.0,201,580000.0,D,12758.2597,31490.9177,3d3,b 2D2,5/2,3d2.(3F).4p,z 2F*,7/2
Ti,1,Ti I,533.8305,533.8305,533.83061,air,31.0,31,350000.0,D,6661.006,25388.331,3d3.(4F).4s,a 5F,3,3d2.(3F).4s.4p.(1P*),y 3F*,4
Ti,1,Ti I,534.0663,534.0663,534.06662,air,12.0,12,52000.0,C,6598.765,25317.814,3d3.(4F).4s,a 5F,2,3d3.(4F).4p,y 3D*,1
Ti,1,Ti I,535.1067,535.1067,535.10672,air,160.0,160,34000000.0,D,22404.739,41087.404,3d2.(3F).4s.4p.(3P*),z 1F*,3,3d2.4s.(2F).5s,e 1F,3
Ti,1,Ti I,536.1712,536.1712,536.17117,air,18.0,18,23000.0,D,6742.756,25388.331,3d3.(4F).4s,a 5F,4,3d2.(3F).4s.4p.(1P*),y 3F*,4
Ti,1,Ti I,536.6637,536.6637,536.66387,air,50.0,50,86400.0,C+,6598.765,25227.222,3d3.(4F).4s,a 5F,2,3d2.(3F).4s.4p.(1P*),y 3F*,3
Ti,3,Ti III,536.717,536.717,536.717,air,7.0,7,6400000.0,D,149403.52,168030.15,3p6.3d.5p,1P*,1,3p6.3d.5d,3D,2
Ti,2,Ti II,538.10212,538.10212,538.10216,air,92.0,92,460000.0,C+,12628.8455,31207.5111,3d3,b 2D2,3/2,3d2.(3F).4p,z 2F*,5/2
Ti,1,Ti I,538.4629,538.4629,538.46299,air,26.0,26,40000.0,D,6661.006,25227.222,3d3.(4F).4s,a 5F,3,3d2.(3F).4s.4p.(1P*),y 3F*,3
Ti,1,Ti I,538.9164,538.9164,538.91692,air,61.0,61*,330000.0,D,6556.833,25107.411,3d3.(4F).4s,a 5F,1,3d2.(3F).4s.4p.(1P*),y 3F*,2
Ti,3,Ti III,539.569,539.569,539.569,air,10.0,10,19000000.0,D,130739.82,149267.99,3p6.3d.4d,3S,1,3p6.3d.5p,3P*,2
Ti,1,Ti I,540.138,540.138,540.13787,air,20.0,20,59000.0,D,6598.765,25107.411,3d3.(4F).4s,a 5F,2,3d2.(3F).4s.4p.(1P*),y 3F*,2
Ti,1,Ti I,540.6185,540.6185,540.61801,air,7.0,7,11700000.0,C+,28788.380,47280.588,3d3.(4F).4p,y 5F*,4,3d2.4p2,g 5G,5
Ti,1,Ti I,540.894,540.894,540.89396,air,36.0,36,12800.0,A,0.000,18482.774,3d2.4s2,a 3F,2,3d2.(3F).4s.4p.(3P*),z 5D*,1
Ti,2,Ti II,541.87676,541.87676,541.87678,air,68.0,68,377000.0,C+,12758.2597,31207.5111,3d3,b 2D2,5/2,3d2.(3F).4p,z 2F*,5/2
Ti,1,Ti I,542.238,542.238,542.23813,air,6.0,6,12200000.0,C+,28702.778,47139.735,3d3.(4F).4p,y 5F*,3,3d2.4p2,g 5G,4
Ti,1,Ti I,542.6248,542.6248,542.62494,air,200.0,200,36800.0,A,170.1328,18593.947,3d2.4s2,a 3F,3,3d2.(3F).4s.4p.(3P*),z 5D*,3
Ti,1,Ti I,543.5839,543.5839,543.5816,air,6.0,6q,10500000.0,C+,28638.841,47030.230,3d3.(4F).4p,y 5F*,2,3d2.4p2,g 5G,3
Ti,1,Ti I,543.6717,543.6717,543.67159,air,43.0,43,100000.0,C,7255.355,25643.701,3d2.4s2,a 1D,2,3d3.(4F).4p,y 3D*,3
Ti,1,Ti I,544.6619,544.6619,544.66149,air,94.0,94*,25000.0,C,170.1328,18525.059,3d2.4s2,a 3F,3,3d2.(3F).4s.4p.(3P*),z 5D*,2
Ti,1,Ti I,544.8787,544.8787,544.87904,air,3.0,3,12700000.0,C+,28596.313,46943.911,3d3.(4F).4p,y 5F*,1,3d2.4p2,g 5G,2
Ti,1,Ti I,545.3639,545.3639,545.36423,air,77.0,77,610000.0,D,11639.8109,29971.086,3d3.(4F).4s,b 3F,3,3d2.(1G).4s.4p.(3P*),x 3G*,4
Ti,1,Ti I,546.0498,546.0498,546.0498,air,310.0,310,45000.0,A,386.874,18695.134,3d2.4s2,a 3F,4,3d2.(3F).4s.4p.(3P*),z 5D*,4
Ti,1,Ti I,547.1197,547.1197,547.1192,air,85.0,85,1300000.0,D,11639.8109,29912.286,3d3.(4F).4s,b 3F,3,3d2.(3F).4s.4p.(1P*),w 3D*,3
Ti,1,Ti I,547.4223,547.4223,547.4223,air,170.0,170,1200000.0,D,11776.812,30039.170,3d3.(4F).4s,b 3F,4,3d2.(1G).4s.4p.(3P*),x 3G*,5
Ti,3,Ti III,548.131,548.131,548.126,air,8.0,8bl,13000000.0,D,130739.82,148978.72,3p6.3d.4d,3S,1,3p6.3d.5p,3P*,1
Ti,1,Ti I,549.0148,549.0148,549.01477,air,330.0,330,3690000.0,C+,11776.812,29986.199,3d3.(4F).4s,b 3F,4,3d3.(4F).4p,x 5D*,3
Ti,1,Ti I,549.0848,549.0848,549.08454,air,69.0,69,14000.0,C,386.874,18593.947,3d2.4s2,a 3F,4,3d2.(3F).4s.4p.(3P*),z 5D*,3
Ti,1,Ti I,549.7942,549.7942,549.79478,air,11.0,11q,62000.0,C,7255.355,25438.908,3d2.4s2,a 1D,2,3d3.(4F).4p,y 3D*,2
Ti,1,Ti I,550.3897,550.3897,550.38953,air,210.0,210,26000000.0,D,20795.603,38959.507,3d3.(2H).4s,a 1H,5,3d3.(2G).4p,x 1G*,4
Ti,3,Ti III,553.301,553.301,553.301,air,12.0,12,41000000.0,D,149655.77,167724.09,3p6.3d.5p,1F*,3,3p6.3d.5d,1F,3
Ti,1,Ti I,556.27074,,556.27074,air,0.0,0,42000.0,D,7255.355,25227.222,3d2.4s2,a 1D,2,3d2.(3F).4s.4p.(1P*),y 3F*,3
Ti,3,Ti III,556.658,556.658,556.658,air,9.0,9,5700000.0,D,129253.41,147212.77,3p6.3d.4d,1P,1,3p6.3d.5p,1D*,2
Ti,1,Ti I,560.0038,560.0038,560.0041,air,7.0,7,19000.0,D,7255.355,25107.411,3d2.4s2,a 1D,2,3d2.(3F).4s.4p.(1P*),y 3F*,2
Ti,1,Ti I,564.8562,564.8562,564.85661,air,150.0,150,13000000.0,D,20126.062,37824.758,3d2.(3F).4s.4p.(3P*),z 3D*,3,3d2.4s.(4F).5s,e 3F,4
Ti,1,Ti I,566.2148,566.2148,566.21516,air,350.0,350,19400000.0,B+,18695.134,36351.365,3d2.(3F).4s.4p.(3P*),z 5D*,4,3d2.4s.(4F).5s,e 5F,5
Ti,1,Ti I,567.5409,567.5409,567.54108,air,230.0,230,15600000.0,B+,18593.947,36208.929,3d2.(3F).4s.4p.(3P*),z 5D*,3,3d2.4s.(4F).5s,e 5F,4
Ti,1,Ti I,567.9914,567.9914,567.9917,air,72.0,72,11000000.0,D,19937.855,37538.862,3d2.(3F).4s.4p.(3P*),z 3D*,1,3d2.4s.(4F).5s,e 3F,2
Ti,1,Ti I,568.9459,568.9459,568.94606,air,160.0,160,12800000.0,B+,18525.059,36096.542,3d2.(3F).4s.4p.(3P*),z 5D*,2,3d2.4s.(4F).5s,e 5F,3
Ti,1,Ti I,570.2659,570.2659,570.26566,air,100.0,100,10400000.0,B+,18482.774,36013.597,3d2.(3F).4s.4p.(3P*),z 5D*,1,3d2.4s.(4F).5s,e 5F,2
Ti,1,Ti I,570.8198,570.8198,570.82011,air,52.0,52,3430000.0,B+,18695.134,36208.929,3d2.(3F).4s.4p.(3P*),z 5D*,4,3d2.4s.(4F).5s,e 5F,4
Ti,1,Ti I,571.1853,571.1853,571.18539,air,77.0,77,5990000.0,B+,18593.947,36096.542,3d2.(3F).4s.4p.(3P*),z 5D*,3,3d2.4s.(4F).5s,e 5F,3
Ti,1,Ti I,571.6442,571.6442,571.6445,air,74.0,74,7700000.0,B+,18525.059,36013.597,3d2.(3F).4s.4p.(3P*),z 5D*,2,3d2.4s.(4F).5s,e 5F,2
Ti,1,Ti I,572.0435,572.0435,572.04366,air,51.0,51,8600000.0,D,18482.774,35959.109,3d2.(3F).4s.4p.(3P*),z 5D*,1,3d2.4s.(4F).5s,e 5F,1
Ti,1,Ti I,573.9049,573.9049,573.90516,air,9.0,9,850000.0,B,18593.947,36013.597,3d2.(3F).4s.4p.(3P*),z 5D*,3,3d2.4s.(4F).5s,e 5F,2
Ti,1,Ti I,573.9468,573.9468,573.9469,air,170.0,170,4600000.0,D,18141.265,35559.648,3d3.(2H).4s,a 3H,5,3d3.(2G).4p,y 3H*,5
Ti,1,Ti I,573.9978,573.9978,573.99778,air,82.0,82,4800000.0,D,18037.213,35454.052,3d3.(2H).4s,a 3H,4,3d3.(2G).4p,y 3H*,4
Ti,1,Ti I,574.5065,574.5065,574.50679,air,5.0,5,311000.0,C+,18695.134,36096.542,3d2.(3F).4s.4p.(3P*),z 5D*,4,3d2.4s.(4F).5s,e 5F,3
Ti,1,Ti I,577.4026,577.4026,577.4028,air,75.0,75,55000000.0,D,26657.416,43971.5467,3d3.(4F).4p,y 5G*,4,3d3.(4F).4d,f 5H,5
Ti,1,Ti I,578.5977,578.5977,578.59795,air,90.0,90,61000000.0,D,26772.968,44051.3351,3d3.(4F).4p,y 5G*,5,3d3.(4F).4d,f 5H,6
Ti,1,Ti I,580.4262,580.4262,580.42601,air,98.0,98,68000000.0,D,26910.709,44134.658,3d3.(4F).4p,y 5G*,6,3d3.(4F).4d,f 5H,7
Ti,1,Ti I,586.6449,586.6449,586.64513,air,1100.0,1100,4000000.0,C+,8602.3441,25643.701,3d2.4s2,a 3P,2,3d3.(4F).4p,y 3D*,3
Ti,1,Ti I,588.0268,588.0268,588.02696,air,140.0,140,348000.0,C+,8492.422,25493.733,3d2.4s2,a 3P,1,3d2.(1D).4s.4p.(3P*),3P*,2
Ti,1,Ti I,589.9291,589.9291,589.92936,air,670.0,670,2690000.0,C+,8492.422,25438.908,3d2.4s2,a 3P,1,3d3.(4F).4p,y 3D*,2
Ti,1,Ti I,590.3315,590.3315,590.3315,air,150.0,150,457000.0,C+,8602.3441,25537.286,3d2.4s2,a 3P,2,3d2.(1D).4s.4p.(3P*),3P*,1
Ti,1,Ti I,590.64456,,590.64456,air,0.0,0,670000.0,D,11776.812,28702.778,3d3.(4F).4s,b 3F,4,3d3.(4F).4p,y 5F*,3
Ti,1,Ti I,591.8534,591.8534,591.85363,air,300.0,300,1300000.0,C,8602.3441,25493.733,3d2.4s2,a 3P,2,3d2.(1D).4s.4p.(3P*),3P*,2
Ti,1,Ti I,592.2108,592.2108,592.211,air,310.0,310,2170000.0,C+,8436.618,25317.814,3d2.4s2,a 3P,0,3d3.(4F).4p,y 3D*,1
Ti,1,Ti I,593.7807,593.7807,593.78091,air,99.0,99,490000.0,C,8602.3441,25438.908,3d2.4s2,a 3P,2,3d3.(4F).4p,y 3D*,2
Ti,1,Ti I,594.175,594.175,594.17517,air,230.0,230,1900000.0,C,8492.422,25317.814,3d2.4s2,a 3P,1,3d3.(4F).4p,y 3D*,1
Ti,1,Ti I,595.3157,595.3157,595.3159,air,1400.0,1400,6790000.0,C+,15220.393,32013.544,3d3.(2G).4s,a 3G,5,3d2.(1G).4s.4p.(3P*),z 3H*,6
Ti,1,Ti I,595.8746,595.8746,595.87516,air,3.0,3,119000.0,C+,19573.974,36351.365,3d2.(3F).4s.4p.(3P*),z 3F*,4,3d2.4s.(4F).5s,e 5F,5
Ti,1,Ti I,596.5825,596.5825,596.58285,air,1200.0,1200,6640000.0,C+,15156.802,31914.291,3d3.(2G).4s,a 3G,4,3d2.(1G).4s.4p.(3P*),z 3H*,5
Ti,1,Ti I,597.8539,597.8539,597.8541,air,1000.0,1000,6620000.0,C+,15108.111,31829.969,3d3.(2G).4s,a 3G,3,3d2.(1G).4s.4p.(3P*),z 3H*,4
Ti,1,Ti I,601.3413,601.3413,601.34164,air,15.0,15,21000.0,D,8602.3441,25227.222,3d2.4s2,a 3P,2,3d2.(3F).4s.4p.(1P*),y 3F*,3
Ti,1,Ti I,601.6994,601.6994,601.69955,air,4.0,4,8600.0,D,8492.422,25107.411,3d2.4s2,a 3P,1,3d2.(3F).4s.4p.(1P*),y 3F*,2
Ti,1,Ti I,606.4623,606.4623,606.4626,air,250.0,250,688000.0,C+,8436.618,24921.117,3d2.4s2,a 3P,0,3d2.(3P).4s.4p.(3P*),z 3S*,1
Ti,2,Ti II,607.785,607.785,607.78531,air,,:,0.41,C,8744.3406,25192.9650,3d2.(1D).4s,a 2D,5/2,3d.4s2,c 2D,5/2
Ti,1,Ti I,609.1169,609.1169,609.1171,air,360.0,360,6170000.0,C+,18287.554,34700.215,3d3.(2G).4s,b 1G,4,3d3.(2G).4p,z 1H*,5
Ti,1,Ti I,609.279,609.279,609.27918,air,53.0,53,683000.0,C+,15220.393,31628.688,3d3.(2G).4s,a 3G,5,3d3.(4F).4p,w 3G*,5
Ti,1,Ti I,609.8657,609.8657,609.86581,air,96.0,96,25000000.0,D,24694.892,41087.404,3d2.(3F).4s.4p.(3P*),z 1G*,4,3d2.4s.(2F).5s,e 1F,3
Ti,2,Ti II,612.459,612.459,612.45928,air,,:,0.16,E,4628.6571,20951.7551,3d2.(3F).4s,a 2F,5/2,3d3,b 2F,5/2
Ti,1,Ti I,612.6214,612.6214,612.62161,air,860.0,860,2230000.0,C+,8602.3441,24921.117,3d2.4s2,a 3P,2,3d2.(3P).4s.4p.(3P*),z 3S*,1
Ti,2,Ti II,614.718,614.718,614.71756,air,,:,0.023,E,4628.6571,20891.7898,3d2.(3F).4s,a 2F,5/2,3d3,b 2F,7/2
Ti,2,Ti II,615.191,615.191,615.19075,air,,:,0.53,D+,8710.5675,24961.1910,3d2.(1D).4s,a 2D,3/2,3d.4s2,c 2D,3/2
Ti,2,Ti II,616.472,616.472,616.47195,air,,:,0.048,D+,8744.3406,24961.1910,3d2.(1D).4s,a 2D,5/2,3d.4s2,c 2D,3/2
Ti,2,Ti II,621.924,621.924,621.9243,air,,:,0.19,C,9118.2849,25192.9650,3d3,a 2G,9/2,3d.4s2,c 2D,5/2
Ti,1,Ti I,622.0472,622.0472,622.04748,air,150.0,150,18000000.0,D,21588.495,37659.992,3d2.(3F).4s.4p.(3P*),z 3G*,4,3d2.4s.(4F).5s,e 3F,3
Ti,2,Ti II,622.724,622.724,622.724,air,,:,0.027,E,4897.7179,20951.7551,3d2.(3F).4s,a 2F,7/2,3d3,b 2F,5/2
Ti,2,Ti II,625.059,625.059,625.05875,air,,:,0.17,E,4897.7179,20891.7898,3d2.(3F).4s,a 2F,7/2,3d3,b 2F,7/2
Ti,1,Ti I,625.8099,625.8099,625.81016,air,1600.0,1600,8360000.0,C+,11639.8109,27614.679,3d3.(4F).4s,b 3F,3,3d2.(3F).4s.4p.(1P*),y 3G*,4
Ti,1,Ti I,625.8705,625.8705,625.87069,air,2200.0,2200,8900000.0,C,11776.812,27750.135,3d3.(4F).4s,b 3F,4,3d2.(3F).4s.4p.(1P*),y 3G*,5
Ti,1,Ti I,626.1096,626.1096,626.10988,air,1200.0,1200,8070000.0,C+,11531.761,27498.982,3d3.(4F).4s,b 3F,2,3d2.(3F).4s.4p.(1P*),y 3G*,3
Ti,2,Ti II,626.26,626.26,626.2596,air,,:,0.2,C+,8997.7874,24961.1910,3d3,a 2G,7/2,3d.4s2,c 2D,3/2
Ti,1,Ti I,630.3754,630.3754,630.37565,air,110.0,110,651000.0,C+,11639.8109,27498.982,3d3.(4F).4s,b 3F,3,3d2.(3F).4s.4p.(1P*),y 3G*,3
Ti,1,Ti I,631.2234,631.2234,631.2236,air,110.0,110,522000.0,C+,11776.812,27614.679,3d3.(4F).4s,b 3F,4,3d2.(3F).4s.4p.(1P*),y 3G*,4
Ti,1,Ti I,633.6096,633.6096,633.60993,air,140.0,140,601000.0,C+,11639.8109,27418.029,3d3.(4F).4s,b 3F,3,3d2.(1D).4s.4p.(3P*),x 3D*,2
Ti,1,Ti I,635.8685,635.8685,635.86871,air,6.0,6,68000.0,C,11776.812,27498.982,3d3.(4F).4s,b 3F,4,3d2.(3F).4s.4p.(1P*),y 3G*,3
Ti,1,Ti I,639.5467,639.5467,639.54718,air,11.0,11,33000.0,C,12118.393,27750.135,3d2.4s2,a 1G,4,3d2.(3F).4s.4p.(1P*),y 3G*,5
Ti,3,Ti III,649.014,649.014,649.014,air,7.0,7,8400000.0,D,133999.79,149403.52,3p6.3d.5s,3D,2,3p6.3d.5p,1P*,1
Ti,1,Ti I,649.99056,,649.99056,air,0.0,0,1900.0,D,12118.393,27498.982,3d2.4s2,a 1G,4,3d2.(3F).4s.4p.(1P*),y 3G*,3
Ti,1,Ti I,650.8383,650.8383,650.83814,air,3.0,3,1020000.0,C+,26657.416,42017.9751,3d3.(4F).4p,y 5G*,4,3d2.4s.(4F).4d,e 5H,5
Ti,1,Ti I,651.1675,651.1675,651.16739,air,,,1010000.0,C+,26564.400,41917.1924,3d3.(4F).4p,y 5G*,3,3d2.4s.(4F).4d,e 5H,4
Ti,1,Ti I,651.2531,651.2531,651.25319,air,3.0,3,820000.0,C+,26772.968,42123.7378,3d3.(4F).4p,y 5G*,5,3d2.4s.(4F).4d,e 5H,6
Ti,1,Ti I,653.6422,653.6422,653.64205,air,6.0,6,2100000.0,C+,26910.709,42205.377,3d3.(4F).4p,y 5G*,6,3d2.4s.(4F).4d,e 5H,7
Ti,3,Ti III,654.775,654.775,654.775,air,9.0,9,13000000.0,D,133999.79,149267.99,3p6.3d.5s,3D,2,3p6.3d.5p,3P*,2
Ti,1,Ti I,655.4222,655.4222,655.4223,air,280.0,280,1340000.0,C+,11639.8109,26892.936,3d3.(4F).4s,b 3F,3,3d2.(1D).4s.4p.(3P*),x 3F*,3
Ti,1,Ti I,655.6061,655.6061,655.60618,air,380.0,380,1450000.0,C+,11776.812,27025.659,3d3.(4F).4s,b 3F,4,3d2.(1D).4s.4p.(3P*),x 3F*,4
Ti,1,Ti I,659.9105,659.9105,659.91058,air,330.0,330,180000.0,C+,7255.355,22404.739,3d2.4s2,a 1D,2,3d2.(3F).4s.4p.(3P*),z 1F*,3
Ti,2,Ti II,660.6956,660.6956,660.69506,air,7.0,7,62000.0,D,16625.2441,31756.6406,3d2.(3P).4s,b 2P,3/2,3d2.(3F).4p,z 2D*,3/2
Ti,3,Ti III,661.138,661.138,661.138,air,12.0,12,71000000.0,D,133898.50,149019.75,3p6.3d.5s,3D,1,3p6.3d.5p,3P*,0
Ti,3,Ti III,662.937,662.937,662.937,air,10.0,10,21000000.0,D,133898.50,148978.72,3p6.3d.5s,3D,1,3p6.3d.5p,3P*,1
Ti,2,Ti II,664.71,664.71,664.71023,air,,:,0.003,E,225.7039,15265.7001,3d2.(3F).4s,a 4F,7/2,3d2.(1G).4s,b 2G,7/2
Ti,3,Ti III,664.747,664.747,664.747,air,14.0,14,10000000.0,D,133371.07,148410.24,3p6.3d.4d,3F,4,3p6.3d.5p,3F*,4
Ti,1,Ti I,665.03555,,665.03555,air,0.0,0,33000.0,C,11531.761,26564.400,3d3.(4F).4s,b 3F,2,3d3.(4F).4p,y 5G*,3
Ti,2,Ti II,665.071,665.071,665.07051,air,,:,0.0032,E,225.7039,15257.5527,3d2.(3F).4s,a 4F,7/2,3d2.(1G).4s,b 2G,9/2
Ti,1,Ti I,665.70131,,665.70131,air,0.0,0,51000.0,C,11639.8109,26657.416,3d3.(4F).4s,b 3F,3,3d3.(4F).4p,y 5G*,4
Ti,1,Ti I,666.655,666.655,666.65348,air,18.0,18w,330000.0,C,11776.812,26772.968,3d3.(4F).4s,b 3F,4,3d3.(4F).4p,y 5G*,5
Ti,3,Ti III,666.799,666.799,666.8,air,18.0,18,55000000.0,D,134275.12,149267.99,3p6.3d.5s,3D,3,3p6.3d.5p,3P*,2
Ti,3,Ti III,667.419,667.419,667.42,air,15.0,15,40000000.0,D,133999.79,148978.72,3p6.3d.5s,3D,2,3p6.3d.5p,3P*,1
Ti,2,Ti II,672.576,672.576,672.57591,air,,:,0.008,E,393.4459,15257.5527,3d2.(3F).4s,a 4F,9/2,3d2.(1G).4s,b 2G,9/2
Ti,1,Ti I,674.3119,674.3119,674.31217,air,630.0,630,690000.0,D,7255.355,22081.189,3d2.4s2,a 1D,2,3d2.(3F).4s.4p.(3P*),z 1D*,2
Ti,1,Ti I,686.1447,686.1447,686.1445,air,98.0,98,3700000.0,D,18287.554,32857.723,3d3.(2G).4s,b 1G,4,3d2.(1D).4s.4p.(1P*),y 1F*,3
Ti,3,Ti III,689.612,689.612,689.612,air,10.0,10,26000000.0,D,133065.24,147562.14,3p6.3d.4d,3F,2,3p6.3d.5p,3D*,1
Ti,3,Ti III,693.244,693.244,693.248,air,5.0,5,4800000.0,D,134557.84,148978.72,3p6.3d.5s,1D,2,3p6.3d.5p,3P*,1
Ti,3,Ti III,694.37,,694.37,air,,,1.6e-05,E,0.0,14397.6,3p6.3d2,3F,2,3p6.3d2,1G,4
Ti,3,Ti III,701.538,701.538,701.536,air,12.0,12,58000000.0,D,135405.27,149655.77,3p6.3d.4d,1D,2,3p6.3d.5p,1F*,3
Ti,3,Ti III,701.731,701.731,701.728,air,0.0,0,12000000.0,D,168030.15,182276.75,3p6.3d.5d,3D,2,3p6.3d.5f,3P*,1
Ti,3,Ti III,703.14,703.14,703.14,air,2.0,2,50000000.0,D,168343.62,182561.61,3p6.3d.5d,1P,1,3p6.3d.5f,1P*,1
Ti,3,Ti III,703.4,,703.4,air,,,0.0043,E,184.9,14397.6,3p6.3d2,3F,3,3p6.3d2,1G,4
Ti,3,Ti III,707.193,707.193,707.196,air,10.0,10,22000000.0,D,167724.09,181860.55,3p6.3d.5d,1F,3,3p6.3d.5f,1F*,3
Ti,3,Ti III,707.264,707.264,707.263,air,20.0,20,58000000.0,D,134275.12,148410.24,3p6.3d.5s,3D,3,3p6.3d.5p,3F*,4
Ti,1,Ti I,708.4244,708.4244,708.42447,air,3.0,3,13000.0,D,11531.761,25643.701,3d3.(4F).4s,b 3F,2,3d3.(4F).4p,y 3D*,3
Ti,1,Ti I,713.8903,713.8903,713.8905,air,99.0,99,480000.0,C,11639.8109,25643.701,3d3.(4F).4s,b 3F,3,3d3.(4F).4p,y 3D*,3
Ti,3,Ti III,714.176,714.176,714.178,air,4.0,4,49000000.0,D,135405.27,149403.52,3p6.3d.4d,1D,2,3p6.3d.5p,1P*,1
Ti,3,Ti III,715.25,,715.25,air,,,0.0068,E,420.4,14397.6,3p6.3d2,3F,4,3p6.3d2,1G,4
Ti,1,Ti I,718.8562,718.8562,718.85661,air,72.0,72,450000.0,C,11531.761,25438.908,3d3.(4F).4s,b 3F,2,3d3.(4F).4p,y 3D*,2
Ti,3,Ti III,720.366,720.366,720.366,air,4.0,4,34000000.0,D,168030.15,181908.15,3p6.3d.5d,3D,2,3p6.3d.5f,3D*,2
Ti,1,Ti I,720.9434,720.9434,720.94359,air,1300.0,1300,5800000.0,C,11776.812,25643.701,3d3.(4F).4s,b 3F,4,3d3.(4F).4p,y 3D*,3
Ti,2,Ti II,721.4729,721.4729,721.47286,air,23.0,23,230000.0,D,20891.7898,34748.5062,3d3,b 2F,7/2,3d2.(3F).4p,z 2G*,9/2
Ti,1,Ti I,721.6182,721.6182,721.61838,air,320.0,320,1800000.0,D,11639.8109,25493.733,3d3.(4F).4s,b 3F,3,3d2.(1D).4s.4p.(3P*),3P*,2
Ti,3,Ti III,722.84,722.84,722.846,air,0.0,0,3600000.0,D,168030.15,181860.55,3p6.3d.5d,3D,2,3p6.3d.5f,1F*,3
Ti,1,Ti I,724.4853,724.4853,724.48545,air,770.0,770,3900000.0,C,11639.8109,25438.908,3d3.(4F).4s,b 3F,3,3d3.(4F).4p,y 3D*,2
Ti,1,Ti I,725.1708,725.1708,725.17095,air,650.0,650,7200000.0,C,11531.761,25317.814,3d3.(4F).4s,b 3F,2,3d3.(4F).4p,y 3D*,1
Ti,3,Ti III,725.288,725.288,725.288,air,3.0,3,14000000.0,D,167724.09,181507.92,3p6.3d.5d,1F,3,3p6.3d.5f,3G*,3
Ti,1,Ti I,726.6246,726.6246,726.625,air,42.0,42,1700000.0,D,13981.773,27740.238,3d3.(4P).4s,a 5P,1,3d2.(3P).4s.4p.(3P*),z 5P*,2
Ti,1,Ti I,727.1505,727.1505,727.15064,air,27.0,27,78000.0,D,11639.8109,25388.331,3d3.(4F).4s,b 3F,3,3d2.(3F).4s.4p.(1P*),y 3F*,4
Ti,3,Ti III,728.898,728.898,728.899,air,1.0,1,6100000.0,D,167724.09,181439.64,3p6.3d.5d,1F,3,3p6.3d.5f,3H*,4
Ti,1,Ti I,729.9689,729.9689,729.9678,air,31.0,31*,210000.0,D,11531.761,25227.222,3d3.(4F).4s,b 3F,2,3d2.(3F).4s.4p.(1P*),y 3F*,3
Ti,3,Ti III,731.514,731.514,731.514,air,7.0,7,4400000.0,D,135601.47,149267.99,3p6.3d.4d,3P,1,3p6.3d.5p,3P*,2
Ti,3,Ti III,731.668,731.668,731.668,air,10.0,10,36000000.0,D,133898.50,147562.14,3p6.3d.5s,3D,1,3p6.3d.5p,3D*,1
Ti,3,Ti III,733.541,733.541,733.539,air,0.0,0,13000000.0,D,168932.83,182561.61,3p6.3d.5d,3S,1,3p6.3d.5f,1P*,1
Ti,1,Ti I,734.4695,734.4695,734.46952,air,430.0,430,1400000.0,D,11776.812,25388.331,3d3.(4F).4s,b 3F,4,3d2.(3F).4s.4p.(1P*),y 3F*,4
Ti,1,Ti I,735.7726,735.7726,735.77268,air,340.0,340,1330000.0,C+,11639.8109,25227.222,3d3.(4F).4s,b 3F,3,3d2.(3F).4s.4p.(1P*),y 3F*,3
Ti,1,Ti I,736.4099,736.4099,736.41012,air,250.0,250,1600000.0,D,11531.761,25107.411,3d3.(4F).4s,b 3F,2,3d2.(3F).4s.4p.(1P*),y 3F*,2
Ti,3,Ti III,737.014,737.014,737.014,air,0.0,0,11000000.0,D,168343.62,181908.15,3p6.3d.5d,1P,1,3p6.3d.5f,3D*,2
Ti,3,Ti III,737.134,737.134,737.132,air,7.0,7,16000000.0,D,133999.79,147562.14,3p6.3d.5s,3D,2,3p6.3d.5p,3D*,1
Ti,3,Ti III,737.996,737.996,737.996,air,12.0,12,13000000.0,D,135721.51,149267.99,3p6.3d.4d,3P,2,3p6.3d.5p,3P*,2
Ti,3,Ti III,739.727,739.727,739.727,air,4.0,4,16000000.0,D,168307.06,181821.83,3p6.3d.5d,3G,4,3p6.3d.5f,3G*,5
Ti,3,Ti III,740.813,740.813,740.813,air,10.0,10,87000000.0,D,167724.09,181219.06,3p6.3d.5d,1F,3,3p6.3d.5f,1G*,4
Ti,3,Ti III,741.76,741.76,741.758,air,2.0,2,18000000.0,D,168030.15,181507.92,3p6.3d.5d,3D,2,3p6.3d.5f,3G*,3
Ti,1,Ti I,742.3184,742.3184,742.31833,air,8.0,8,55000.0,D,11639.8109,25107.411,3d3.(4F).4s,b 3F,3,3d2.(3F).4s.4p.(1P*),y 3F*,2
Ti,3,Ti III,743.22,743.22,743.219,air,3.0,3,15000000.0,D,168307.06,181758.34,3p6.3d.5d,3G,4,3p6.3d.5f,3G*,4
Ti,1,Ti I,743.267,743.267,743.26705,air,5.0,5,6900.0,D,11776.812,25227.222,3d3.(4F).4s,b 3F,4,3d2.(3F).4s.4p.(1P*),y 3F*,3
Ti,1,Ti I,744.0576,744.0576,744.0577,air,68.0,68,2200000.0,D,18192.570,31628.688,3d3.(2H).4s,a 3H,6,3d3.(4F).4p,w 3G*,5
Ti,3,Ti III,744.172,744.172,744.171,air,5.0,5,74000000.0,D,167905.19,181339.27,3p6.3d.5d,3D,1,3p6.3d.5f,3F*,2
Ti,3,Ti III,745.045,745.045,745.047,air,5.0,5,16000000.0,D,135601.47,149019.75,3p6.3d.4d,3P,1,3p6.3d.5p,3P*,0
Ti,1,Ti I,745.6582,745.6582,745.6584,air,9.0,9,8000.0,C+,6598.765,20006.039,3d3.(4F).4s,a 5F,2,3d2.(3F).4s.4p.(3P*),z 3D*,2
Ti,3,Ti III,746.004,746.004,746.001,air,1.0,1,44000000.0,D,168932.83,182333.95,3p6.3d.5d,3S,1,3p6.3d.5f,3P*,0
Ti,1,Ti I,746.9938,746.9938,746.99382,air,13.0,13,12000.0,B',6742.756,20126.062,3d3.(4F).4s,a 5F,4,3d2.(3F).4s.4p.(3P*),z 3D*,3
Ti,3,Ti III,748.458,748.458,748.459,air,5.0,5,56000000.0,D,168343.62,181700.72,3p6.3d.5d,1P,1,3p6.3d.5f,1D*,2
Ti,1,Ti I,749.136,749.136,749.13617,air,6.0,6,7000.0,C+,6661.006,20006.039,3d3.(4F).4s,a 5F,3,3d2.(3F).4s.4p.(3P*),z 3D*,2
Ti,3,Ti III,749.192,749.192,749.199,air,3.0,3,34000000.0,D,168932.83,182276.75,3p6.3d.5d,3S,1,3p6.3d.5f,3P*,1
Ti,3,Ti III,749.518,749.518,749.514,air,8.0,8,57000000.0,D,168030.15,181368.45,3p6.3d.5d,3D,2,3p6.3d.5f,3F*,3
Ti,3,Ti III,750.687,750.687,750.687,air,15.0,15,110000000.0,D,168520.52,181837.98,3p6.3d.5d,3G,5,3p6.3d.5f,3H*,6
Ti,3,Ti III,750.768,750.768,750.768,air,17.0,17,28000000.0,D,136339.74,149655.77,3p6.3d.4d,1G,4,3p6.3d.5p,1F*,3
Ti,3,Ti III,750.865,750.865,750.867,air,0.0,0,4400000.0,D,133898.50,147212.77,3p6.3d.5s,3D,1,3p6.3d.5p,1D*,2
Ti,3,Ti III,751.159,751.159,751.158,air,0.0,0,3900000.0,D,168030.15,181339.27,3p6.3d.5d,3D,2,3p6.3d.5f,3F*,2
Ti,3,Ti III,751.598,751.598,751.599,air,4.0,4,23000000.0,D,168520.52,181821.83,3p6.3d.5d,3G,5,3p6.3d.5f,3G*,5
Ti,3,Ti III,753.115,753.115,753.113,air,3.0,3,45000000.0,D,168932.83,182207.39,3p6.3d.5d,3S,1,3p6.3d.5f,3P*,2
Ti,3,Ti III,754.099,754.099,754.099,air,4.0,4,4100000.0,D,135721.51,148978.72,3p6.3d.4d,3P,2,3p6.3d.5p,3P*,1
Ti,3,Ti III,754.429,754.429,754.431,air,12.0,12,93000000.0,D,168307.06,181558.44,3p6.3d.5d,3G,4,3p6.3d.5f,3H*,5
Ti,3,Ti III,755.205,755.205,755.203,air,0.0,0,1900000.0,D,168520.52,181758.34,3p6.3d.5d,3G,5,3p6.3d.5f,3G*,4
Ti,3,Ti III,756.625,756.625,756.623,air,9.0,9,8900000.0,D,133999.79,147212.77,3p6.3d.5s,3D,2,3p6.3d.5p,1D*,2
Ti,3,Ti III,770.48,770.48,770.482,air,2.0,2,8700000.0,D,168932.83,181908.15,3p6.3d.5d,3S,1,3p6.3d.5f,3D*,2
Ti,3,Ti III,774.264,774.264,774.26,air,1.0,1,4700000.0,D,168307.06,181219.06,3p6.3d.5d,3G,4,3p6.3d.5f,1G*,4
Ti,1,Ti I,776.7439,776.7439,776.74435,air,14.0,14,14000.0,C+,7255.355,20126.062,3d2.4s2,a 1D,2,3d2.(3F).4s.4p.(3P*),z 3D*,3
Ti,3,Ti III,777.595,777.595,777.597,air,2.0,2,2300000.0,D,158285.34,171141.93,3p6.3d.4f,1G*,4,3p6.3d.5d,1G,4
Ti,1,Ti I,784.0557,784.0557,784.0559,air,10.0,10,11000.0,C+,7255.355,20006.039,3d2.4s2,a 1D,2,3d2.(3F).4s.4p.(3P*),z 3D*,2
Ti,1,Ti I,785.2675,785.2675,785.26746,air,31.0,31*,28000.0,B,6842.962,19573.974,3d3.(4F).4s,a 5F,5,3d2.(3F).4s.4p.(3P*),z 3F*,4
Ti,1,Ti I,788.4996,788.4996,788.49976,air,14.0,14,14000.0,C+,6742.756,19421.580,3d3.(4F).4s,a 5F,4,3d2.(3F).4s.4p.(3P*),z 3F*,3
Ti,2,Ti II,791.62,791.62,791.62026,air,,:,0.002,E,0.0000,12628.8455,3d2.(3F).4s,a 4F,3/2,3d3,b 2D2,3/2
Ti,1,Ti I,793.8521,793.8521,793.8526,air,6.0,6,38000.0,C,15156.802,27750.135,3d3.(2G).4s,a 3G,4,3d2.(3F).4s.4p.(1P*),y 3G*,5
Ti,1,Ti I,794.9151,794.9151,794.9152,air,240.0,240,410000.0,C,12118.393,24694.892,3d2.4s2,a 1G,4,3d2.(3F).4s.4p.(3P*),z 1G*,4
Ti,2,Ti II,797.564,797.564,797.56399,air,,:,0.0034,E,94.1142,12628.8455,3d2.(3F).4s,a 4F,5/2,3d3,b 2D2,3/2
Ti,2,Ti II,797.702,797.702,797.70244,air,,:,0.003,E,225.7039,12758.2597,3d2.(3F).4s,a 4F,7/2,3d3,b 2D2,5/2
Ti,1,Ti I,802.484,802.484,802.4843,air,100.0,100,830000.0,C,15156.802,27614.679,3d3.(2G).4s,a 3G,4,3d2.(3F).4s.4p.(1P*),y 3G*,4
Ti,1,Ti I,806.6018,806.6018,806.6016,air,6.0,6,34000.0,C,15220.393,27614.679,3d3.(2G).4s,a 3G,5,3d2.(3F).4s.4p.(1P*),y 3G*,4
Ti,1,Ti I,806.824,806.824,806.8239,air,74.0,74,770000.0,C,15108.111,27498.982,3d3.(2G).4s,a 3G,3,3d2.(3F).4s.4p.(1P*),y 3G*,3
Ti,1,Ti I,810.007,810.007,810.0069,air,6.0,6,45000.0,C,15156.802,27498.982,3d3.(2G).4s,a 3G,4,3d2.(3F).4s.4p.(1P*),y 3G*,3
Ti,3,Ti III,816.406,816.406,816.407,air,0.0,0,2900000.0,D,169615.12,181860.55,3p6.3d.5d,3F,2,3p6.3d.5f,1F*,3
Ti,3,Ti III,823.558,823.558,823.563,air,0.0,0,4300000.0,D,169769.13,181908.15,3p6.3d.5d,3F,3,3p6.3d.5f,3D*,2
Ti,3,Ti III,825.285,825.285,825.281,air,0.0,0,2100000.0,D,169912.11,182025.86,3p6.3d.5d,3F,4,3p6.3d.5f,3D*,3
Ti,1,Ti I,830.7416,830.7416,830.7417,air,28.0,28,12000.0,B',6661.006,18695.134,3d3.(4F).4s,a 5F,3,3d2.(3F).4s.4p.(3P*),z 5D*,4
Ti,2,Ti II,833.341,833.341,833.34138,air,,:,0.015,E,4628.6571,16625.2441,3d2.(3F).4s,a 2F,5/2,3d2.(3P).4s,b 2P,3/2
Ti,1,Ti I,833.4389,833.4389,833.439,air,58.0,58,32000.0,B,6598.765,18593.947,3d3.(4F).4s,a 5F,2,3d2.(3F).4s.4p.(3P*),z 5D*,3
Ti,3,Ti III,833.854,833.854,833.854,air,10.0,10,42000000.0,D,169769.13,181758.34,3p6.3d.5d,3F,3,3p6.3d.5f,3G*,4
Ti,1,Ti I,835.316,835.316,835.3162,air,57.0,57,46000.0,B',6556.833,18525.059,3d3.(4F).4s,a 5F,1,3d2.(3F).4s.4p.(3P*),z 5D*,2
Ti,1,Ti I,836.4237,836.4237,836.4237,air,400.0,400,207000.0,B,6742.756,18695.134,3d3.(4F).4s,a 5F,4,3d2.(3F).4s.4p.(3P*),z 5D*,4
Ti,1,Ti I,837.7859,837.7859,837.7861,air,620.0,620,348000.0,B,6661.006,18593.947,3d3.(4F).4s,a 5F,3,3d2.(3F).4s.4p.(3P*),z 5D*,3
Ti,1,Ti I,838.2529,838.2529,838.2531,air,610.0,610,486000.0,B,6598.765,18525.059,3d3.(4F).4s,a 5F,2,3d2.(3F).4s.4p.(3P*),z 5D*,2
Ti,1,Ti I,838.2779,838.2779,838.2779,air,450.0,450,611000.0,B,6556.833,18482.774,3d3.(4F).4s,a 5F,1,3d2.(3F).4s.4p.(3P*),z 5D*,1
Ti,3,Ti III,839.42,839.42,839.42,air,12.0,12,56000000.0,D,169912.11,181821.83,3p6.3d.5d,3F,4,3p6.3d.5f,3G*,5
Ti,3,Ti III,840.615,840.615,840.614,air,8.0,8,34000000.0,D,169615.12,181507.92,3p6.3d.5d,3F,2,3p6.3d.5f,3G*,3
Ti,2,Ti II,841.004,841.004,841.00432,air,,:,0.1,E,4628.6571,16515.9359,3d2.(3F).4s,a 2F,5/2,3d2.(3P).4s,b 2P,1/2
Ti,1,Ti I,841.2356,841.2356,841.2357,air,960.0,960,1280000.0,B,6598.765,18482.774,3d3.(4F).4s,a 5F,2,3d2.(3F).4s.4p.(3P*),z 5D*,1
Ti,1,Ti I,842.6504,842.6504,842.6507,air,1500.0,1500,1200000.0,B,6661.006,18525.059,3d3.(4F).4s,a 5F,3,3d2.(3F).4s.4p.(3P*),z 5D*,2
Ti,1,Ti I,843.4959,843.4959,843.4954,air,3100.0,3100,1550000.0,B,6842.962,18695.134,3d3.(4F).4s,a 5F,5,3d2.(3F).4s.4p.(3P*),z 5D*,4
Ti,1,Ti I,843.565,843.565,843.5653,air,2100.0,2100,1290000.0,B,6742.756,18593.947,3d3.(4F).4s,a 5F,4,3d2.(3F).4s.4p.(3P*),z 5D*,3
Ti,3,Ti III,843.919,,843.919,air,,,15000000.0,D,169912.11,181758.34,3p6.3d.5d,3F,4,3p6.3d.5f,3G*,4
Ti,3,Ti III,850.588,850.588,850.589,air,7.0,7,26000000.0,D,169615.12,181368.45,3p6.3d.5d,3F,2,3p6.3d.5f,3F*,3
Ti,3,Ti III,851.64,851.64,851.643,air,5.0,5,13000000.0,D,169769.13,181507.92,3p6.3d.5d,3F,3,3p6.3d.5f,3G*,3
Ti,2,Ti II,852.461,852.461,852.46054,air,,:,0.086,E,4897.7179,16625.2441,3d2.(3F).4s,a 2F,7/2,3d2.(3P).4s,b 2P,3/2
Ti,3,Ti III,852.703,852.703,852.706,air,6.0,6,22000000.0,D,169615.12,181339.27,3p6.3d.5d,3F,2,3p6.3d.5f,3F*,2
Ti,2,Ti II,852.944,852.944,852.94405,air,,:,0.0049,E,907.9672,12628.8455,3d3,b 4F,3/2,3d3,b 2D2,3/2
Ti,3,Ti III,854.489,854.489,854.489,air,5.0,5,10000000.0,D,169912.11,181611.79,3p6.3d.5d,3F,4,3p6.3d.5f,3F*,4
Ti,3,Ti III,856.35,856.35,856.352,air,2.0,2,43000000.0,D,170659.72,182333.95,3p6.3d.5d,3P,1,3p6.3d.5f,3P*,0
Ti,2,Ti II,856.596,856.596,856.59636,air,,:,0.0075,E,1087.3561,12758.2597,3d3,b 4F,7/2,3d3,b 2D2,5/2
Ti,3,Ti III,856.624,856.624,856.625,air,5.0,5,12000000.0,D,169769.13,181439.64,3p6.3d.5d,3F,3,3p6.3d.5f,3H*,4
Ti,3,Ti III,858.405,858.405,858.404,air,6.0,6,12000000.0,D,169912.11,181558.44,3p6.3d.5d,3F,4,3p6.3d.5f,3H*,5
Ti,2,Ti II,858.507,858.507,858.50699,air,,:,0.0087,E,983.9157,12628.8455,3d3,b 4F,5/2,3d3,b 2D2,3/2
Ti,3,Ti III,860.575,860.575,860.569,air,3.0,3,22000000.0,D,170659.72,182276.75,3p6.3d.5d,3P,1,3p6.3d.5f,3P*,1
Ti,3,Ti III,861.879,861.879,861.883,air,2.0,2,5100000.0,D,169769.13,181368.45,3p6.3d.5d,3F,3,3p6.3d.5f,3F*,3
Ti,2,Ti II,866.131,866.131,866.13103,air,,:,3.5e-05,E,1215.8329,12758.2597,3d3,b 4F,9/2,3d3,b 2D2,5/2
Ti,2,Ti II,866.201,866.201,866.20138,air,,:,2.8e-06,E,1087.3561,12628.8455,3d3,b 4F,7/2,3d3,b 2D2,3/2
Ti,1,Ti I,867.5371,867.5371,867.5372,air,550.0,550,461000.0,B,8602.3441,20126.062,3d2.4s2,a 3P,2,3d2.(3F).4s.4p.(3P*),z 3D*,3
Ti,1,Ti I,868.298,868.298,868.2983,air,310.0,310,359000.0,B,8492.422,20006.039,3d2.4s2,a 3P,1,3d2.(3F).4s.4p.(3P*),z 3D*,2
Ti,1,Ti I,869.2329,869.2329,869.233,air,150.0,150,299000.0,B,8436.618,19937.855,3d2.4s2,a 3P,0,3d2.(3F).4s.4p.(3P*),z 3D*,1
Ti,3,Ti III,873.124,873.124,873.128,air,3.0,3,6400000.0,D,169769.13,181219.06,3p6.3d.5d,3F,3,3p6.3d.5f,1G*,4
Ti,1,Ti I,873.4711,873.4711,873.4711,air,110.0,110,230000.0,B,8492.422,19937.855,3d2.4s2,a 3P,1,3d2.(3F).4s.4p.(3P*),z 3D*,1
Ti,1,Ti I,876.6682,876.6682,876.668,air,100.0,100,120000.0,B,8602.3441,20006.039,3d2.4s2,a 3P,2,3d2.(3F).4s.4p.(3P*),z 3D*,2
Ti,3,Ti III,888.771,888.771,888.769,air,0.0,0,23000000.0,D,170659.72,181908.15,3p6.3d.5d,3P,1,3p6.3d.5f,3D*,2
Ti,3,Ti III,891.695,891.695,891.695,air,3.0,3,68000000.0,D,171141.93,182353.45,3p6.3d.5d,1G,4,3p6.3d.5f,1H*,5
Ti,3,Ti III,901.71,901.71,901.707,air,3.0,3,15000000.0,D,160054.90,171141.93,3p6.3d.4f,1H*,5,3p6.3d.5d,1G,4
Ti,3,Ti III,902.405,902.405,902.402,air,0.0,0,3400000.0,D,158536.63,169615.12,3p6.3d.4f,3F*,2,3p6.3d.5d,3F,2
Ti,3,Ti III,908.14,908.14,908.135,air,2.0,2,11000000.0,D,158903.55,169912.11,3p6.3d.4f,3G*,5,3p6.3d.5d,3F,4
Ti,3,Ti III,927.112,927.112,927.117,air,1.0,1,1000000.0,D,159128.94,169912.11,3p6.3d.4f,3H*,5,3p6.3d.5d,3F,4
Ti,3,Ti III,932.48,,932.48,air,,,1.2e-05,E,0.0,10721.2,3p6.3d2,3F,2,3p6.3d2,3P,2
Ti,3,Ti III,932.48,,932.48,air,,,0.0011,E,0.0,10721.2,3p6.3d2,3F,2,3p6.3d2,3P,2
Ti,2,Ti II,940.573,940.573,940.57347,air,,:,4.3e-05,E,4628.6571,15257.5527,3d2.(3F).4s,a 2F,5/2,3d2.(1G).4s,b 2G,9/2
Ti,3,Ti III,942.82,,942.82,air,,,0.012,E,0.0,10603.6,3p6.3d2,3F,2,3p6.3d2,3P,1
Ti,3,Ti III,948.65,,948.65,air,,,0.034,E,0.0,10538.4,3p6.3d2,3F,2,3p6.3d2,3P,0
Ti,3,Ti III,948.84,,948.84,air,,,6.8e-05,E,184.9,10721.2,3p6.3d2,3F,3,3p6.3d2,3P,2
Ti,3,Ti III,948.84,,948.84,air,,,0.0068,E,184.9,10721.2,3p6.3d2,3F,3,3p6.3d2,3P,2
Ti,1,Ti I,959.0072,959.0072,959.0069,air,16.0,16,450000.0,C+,25926.771,36351.365,3d2.(3P).4s.4p.(3P*),5D*,4,3d2.4s.(4F).5s,e 5F,5
Ti,3,Ti III,959.55,,959.55,air,,,0.021,E,184.9,10603.6,3p6.3d2,3F,3,3p6.3d2,3P,1
Ti,1,Ti I,960.229,960.229,960.2283,air,11.0,11,352000.0,C+,25797.595,36208.929,3d2.(3P).4s.4p.(3P*),5D*,3,3d2.4s.(4F).5s,e 5F,4
Ti,1,Ti I,961.5941,961.5941,961.5933,air,8.0,8,277000.0,C+,25699.987,36096.542,3d2.(3P).4s.4p.(3P*),5D*,2,3d2.4s.(4F).5s,e 5F,3
Ti,1,Ti I,963.326,963.326,963.3245,air,5.0,5,198000.0,C+,25635.725,36013.597,3d2.(3P).4s.4p.(3P*),5D*,1,3d2.4s.(4F).5s,e 5F,2
Ti,2,Ti II,964.243,964.243,964.24337,air,,:,0.0041,E,4897.7179,15265.7001,3d2.(3F).4s,a 2F,7/2,3d2.(1G).4s,b 2G,7/2
Ti,2,Ti II,965.002,965.002,965.00169,air,,:,0.0041,E,4897.7179,15257.5527,3d2.(3F).4s,a 2F,7/2,3d2.(1G).4s,b 2G,9/2
Ti,1,Ti I,969.3268,969.3268,969.3268,air,,,164000.0,C+,25699.987,36013.597,3d2.(3P).4s.4p.(3P*),5D*,2,3d2.4s.(4F).5s,e 5F,2
Ti,3,Ti III,970.53,,970.53,air,,,0.023,E,420.4,10721.2,3p6.3d2,3F,4,3p6.3d2,3P,2
Ti,1,Ti I,972.288,972.288,972.2918,air,3.0,3q,70000.0,C+,25926.771,36208.929,3d2.(3P).4s.4p.(3P*),5D*,4,3d2.4s.(4F).5s,e 5F,4
Ti,1,Ti I,983.2143,983.2143,983.214,air,510.0,510,490000.0,D,15220.393,25388.331,3d3.(2G).4s,a 3G,5,3d2.(3F).4s.4p.(1P*),y 3F*,4
Ti,1,Ti I,992.735,992.735,992.7351,air,350.0,350,250000.0,D,15156.802,25227.222,3d3.(2G).4s,a 3G,4,3d2.(3F).4s.4p.(1P*),y 3F*,3
Ti,1,Ti I,999.7962,999.7962,999.7959,air,230.0,230,190000.0,D,15108.111,25107.411,3d3.(2G).4s,a 3G,3,3d2.(3F).4s.4p.(1P*),y 3F*,2
Ti,1,Ti I,1000.3089,1000.3089,1000.3088,air,490.0,490,630000.0,E,17423.856,27418.029,3d3.(2D2).4s,a 3D,2,3d2.(1D).4s.4p.(3P*),x 3D*,2
Ti,1,Ti I,1000.5664,1000.5664,1000.5661,air,27.0,27,2000.0,C+,8602.3441,18593.947,3d2.4s2,a 3P,2,3d2.(3F).4s.4p.(3P*),z 5D*,3
Ti,1,Ti I,1003.4496,1003.4496,1003.4492,air,560.0,560,103000.0,B,11776.812,21739.707,3d3.(4F).4s,b 3F,4,3d2.(3F).4s.4p.(3P*),z 3G*,5
Ti,1,Ti I,1004.8828,1004.8828,1004.8826,air,410.0,410,86000.0,B,11639.8109,21588.495,3d3.(4F).4s,b 3F,3,3d2.(3F).4s.4p.(3P*),z 3G*,4
Ti,1,Ti I,1005.9901,1005.9901,1005.9905,air,310.0,310,78000.0,B',11531.761,21469.488,3d3.(4F).4s,b 3F,2,3d2.(3F).4s.4p.(3P*),z 3G*,3
Ti,2,Ti II,1006.695,1006.695,1006.69463,air,,:,0.0075,E,0.0000,9930.7766,3d2.(3F).4s,a 4F,3/2,3d2.(3P).4s,b 4P,3/2
Ti,2,Ti II,1006.704,1006.704,1006.70374,air,,:,0.003,E,94.1142,10024.8009,3d2.(3F).4s,a 4F,5/2,3d2.(3P).4s,b 4P,5/2
Ti,1,Ti I,1012.0899,1012.0899,1012.0895,air,130.0,130,150000.0,E,17540.188,27418.029,3d3.(2D2).4s,a 3D,3,3d2.(1D).4s.4p.(3P*),x 3D*,2
Ti,2,Ti II,1012.596,1012.596,1012.5962,air,,:,0.035,E,0.0000,9872.899,3d2.(3F).4s,a 4F,3/2,3d2.(3P).4s,b 4P,1/2
Ti,1,Ti I,1017.049,1017.049,1017.0486,air,37.0,37,6000.0,C+,11639.8109,21469.488,3d3.(4F).4s,b 3F,3,3d2.(3F).4s.4p.(3P*),z 3G*,3
Ti,1,Ti I,1018.914,1018.914,1018.9139,air,39.0,39,6000.0,C+,11776.812,21588.495,3d3.(4F).4s,b 3F,4,3d2.(3F).4s.4p.(3P*),z 3G*,4
