element,ion_stage,species,wavelength_nm,observed_nm,ritz_nm,wavelength_medium,intensity,intensity_raw,Aki,accuracy,Ei_cm-1,Ek_cm-1,conf_i,term_i,J_i,conf_k,term_k,J_k
V,2,V II,180.5605,180.5605,180.56065,vacuum,1200.0,1200hD,130000000.0,D+,30673.089,86056.143,3d4,d 3F1,2,3d2.(3F).4s.4p.(1P*),q 3D*,1
V,2,V II,180.59217,180.59217,180.59217,vacuum,8300.0,8300,120000000.0,D+,30318.5317,85691.918,3d3.(2F).4s,c 3F,4,3d2.(3F).4s.4p.(1P*),s 3F*,4
V,2,V II,180.64902,180.64902,180.649034,vacuum,21000.0,21000,23000000.0,D+,14556.0689,69912.025,3d4,a 3G,4,3d2.(3F).4s.4p.(3P*),v 3G*,4
V,2,V II,180.7145,180.7145,180.713831,vacuum,2300.0,2300,5000000.0,D+,13608.9393,68945.047,3d4,b 3F2,4,3d2.(3F).4s.4p.(3P*),u 3D*,3
V,2,V II,180.8349,180.8349,180.8349,vacuum,820.0,820,50000000.0,D+,20522.148,75821.22,3d3.(2D2).4s,b 3D,1,3d2.(3P).4s.4p.(3P*),y 1S*,0
V,2,V II,180.97434,180.97434,180.974457,vacuum,9000.0,9000,4100000.0,D+,14655.6082,69912.025,3d4,a 3G,5,3d2.(3F).4s.4p.(3P*),v 3G*,4
V,2,V II,180.9795,180.9795,180.979258,vacuum,2900.0,2900D,4500000.0,D+,13542.6461,68797.597,3d4,b 3F2,3,3d2.(3F).4s.4p.(3P*),u 3D*,2
V,2,V II,181.21711,181.21711,181.21705,vacuum,17000.0,17000,23000000.0,D+,14461.7495,69644.195,3d4,a 3G,3,3d2.(3F).4s.4p.(3P*),v 3G*,3
V,2,V II,181.4664,181.4664,181.46507,vacuum,1200.0,1200,9000000.0,D+,30267.511,85374.535,3d3.(2F).4s,c 3F,2,3d2.(3F).4s.4p.(1P*),s 3F*,3
V,2,V II,181.52726,181.52726,181.527322,vacuum,5300.0,5300,4300000.0,D+,14556.0689,69644.195,3d4,a 3G,4,3d2.(3F).4s.4p.(3P*),v 3G*,3
V,2,V II,181.59316,181.59316,181.59318,vacuum,6800.0,6800,110000000.0,D+,30306.389,85374.535,3d3.(2F).4s,c 3F,3,3d2.(3F).4s.4p.(1P*),s 3F*,3
V,2,V II,181.6311,181.6311,181.63324,vacuum,28000.0,28000h*,7000000.0,D+,30318.5317,85374.535,3d3.(2F).4s,c 3F,4,3d2.(3F).4s.4p.(1P*),s 3F*,3
V,2,V II,182.28112,182.28112,182.28112,vacuum,3600.0,3600,120000000.0,D+,30267.511,85127.827,3d3.(2F).4s,c 3F,2,3d2.(3F).4s.4p.(1P*),s 3F*,2
V,2,V II,182.3642,182.3642,182.36468,vacuum,3800.0,3800,10000000.0,D+,30267.511,85102.69,3d3.(2F).4s,c 3F,2,3d2.(3P).4s.4p.(3P*),u 3P*,2
V,2,V II,183.03789,183.03789,183.03783,vacuum,31000.0,31000,46000000.0,D+,20089.6495,74723.163,3d3.(4P).4s,c 3P,1,3d2.(3P).4s.4p.(3P*),x 3S*,1
V,2,V II,183.35762,183.35762,183.357586,vacuum,14000.0,14000,11000000.0,D+,13608.9393,68147.179,3d4,b 3F2,4,3d2.(3F).4s.4p.(3P*),v 3F*,4
V,2,V II,183.88297,183.88297,183.88287,vacuum,2300.0,2300,120000000.0,D+,30613.910,84996.354,3d4,d 3F1,4,3d2.(3F).4s.4p.(1P*),t 3G*,5
V,2,V II,183.8908,183.8908,183.89075,vacuum,38000.0,38000,80000000.0,D+,20343.0477,74723.163,3d3.(4P).4s,c 3P,2,3d2.(3P).4s.4p.(3P*),x 3S*,1
V,2,V II,183.95084,183.95084,183.950845,vacuum,17000.0,17000,9000000.0,D+,13542.6461,67904.995,3d4,b 3F2,3,3d2.(3F).4s.4p.(3P*),v 3F*,3
V,2,V II,184.3422,184.3422,184.342417,vacuum,2800.0,2800,10000000.0,D+,13490.8843,67737.759,3d4,b 3F2,2,3d2.(3F).4s.4p.(3P*),v 3F*,2
V,2,V II,185.09502,185.09502,185.09499,vacuum,2200.0,2200,120000000.0,D+,30641.7674,84668.080,3d4,d 3F1,3,3d2.(3F).4s.4p.(1P*),t 3G*,4
V,2,V II,185.85199,185.85199,185.851947,vacuum,7900.0,7900,3200000.0,D+,16421.5292,70227.799,3d3.(2G).4s,b 3G,4,3d2.(3F).4s.4p.(3P*),v 3G*,5
V,2,V II,186.1405,186.1405,186.14063,vacuum,1800.0,1800,120000000.0,D+,30673.089,84395.911,3d4,d 3F1,2,3d2.(3F).4s.4p.(1P*),t 3G*,3
V,2,V II,186.237718,186.237718,186.237722,vacuum,71000.0,71000,80000000.0,D+,16532.9841,70227.799,3d3.(2G).4s,b 3G,5,3d2.(3F).4s.4p.(3P*),v 3G*,5
V,2,V II,186.5982,186.5982,186.598113,vacuum,840.0,840,2600000.0,D+,14556.0689,68147.179,3d4,a 3G,4,3d2.(3F).4s.4p.(3P*),v 3F*,4
V,2,V II,186.66802,186.66802,186.668016,vacuum,8700.0,8700,3700000.0,D+,16340.9837,69912.025,3d3.(2G).4s,b 3G,3,3d2.(3F).4s.4p.(3P*),v 3G*,4
V,2,V II,186.7494,186.7494,186.7498,vacuum,9600.0,9600,180000000.0,D+,22273.6366,75821.22,3d3.(2P).4s,a 1P,1,3d2.(3P).4s.4p.(3P*),y 1S*,0
V,2,V II,186.9454,186.9454,186.945342,vacuum,13000.0,13000,22000000.0,D+,14655.6082,68147.179,3d4,a 3G,5,3d2.(3F).4s.4p.(3P*),v 3F*,4
V,2,V II,186.949081,186.949081,186.949099,vacuum,46000.0,46000,67000000.0,D+,16421.5292,69912.025,3d3.(2G).4s,b 3G,4,3d2.(3F).4s.4p.(3P*),v 3G*,4
V,2,V II,187.1102,187.1102,187.109296,vacuum,7600.0,7600*,14000000.0,D+,8640.3641,62085.063,3d3.(4F).4s,a 3F,2,3d3.(2F).4p,w 3F*,2
V,2,V II,187.3395,187.3395,187.339447,vacuum,9900.0,9900,11000000.0,D+,16532.9841,69912.025,3d3.(2G).4s,b 3G,5,3d2.(3F).4s.4p.(3P*),v 3G*,4
V,2,V II,187.44516,187.44516,187.445198,vacuum,7500.0,7500,20000000.0,D+,14556.0689,67904.995,3d4,a 3G,4,3d2.(3F).4s.4p.(3P*),v 3F*,3
V,2,V II,187.605952,187.605952,187.605958,vacuum,32000.0,32000,69000000.0,D+,16340.9837,69644.195,3d3.(2G).4s,b 3G,3,3d2.(3F).4s.4p.(3P*),v 3G*,3
V,2,V II,187.64785,187.64785,187.647878,vacuum,7600.0,7600,15000000.0,D+,8842.0507,62133.354,3d3.(4F).4s,a 3F,3,3d3.(2F).4p,w 3F*,3
V,2,V II,187.70174,187.70174,187.701746,vacuum,6500.0,6500,22000000.0,D+,14461.7495,67737.759,3d4,a 3G,3,3d2.(3F).4s.4p.(3P*),v 3F*,2
V,2,V II,187.8899,187.8899,187.889875,vacuum,8900.0,8900,11000000.0,D+,16421.5292,69644.195,3d3.(2G).4s,b 3G,4,3d2.(3F).4s.4p.(3P*),v 3G*,3
V,2,V II,188.40074,188.40074,188.400757,vacuum,9200.0,9200,17000000.0,C,9097.8891,62176.232,3d3.(4F).4s,a 3F,4,3d3.(2F).4p,w 3F*,4
V,2,V II,188.58947,188.58947,188.589522,vacuum,9500.0,9500,23000000.0,D+,17910.9147,70936.130,3d4,a 1G2,4,3d2.(3F).4s.4p.(3P*),1F*,3
V,2,V II,190.52026,190.52026,190.52018,vacuum,4500.0,4500,21000000.0,D+,26839.749,79327.627,3d4,a 1F,3,3d3.(2D1).4p,u 1F*,3
V,2,V II,190.780953,190.780953,190.78094,vacuum,99000.0,99000,147000000.0,B,13741.6394,66157.777,3d3.(4P).4s,a 5P,3,3d2.(3F).4s.4p.(3P*),x 5D*,4
V,2,V II,190.8074,190.8074,190.80792,vacuum,1700.0,1700,17000000.0,D+,30306.389,82715.115,3d3.(2F).4s,c 3F,3,3d2.(3P).4s.4p.(3P*),r 3D*,3
V,2,V II,190.835474,190.835474,190.835466,vacuum,54000.0,54000,100000000.0,D+,13594.726,65995.887,3d3.(4P).4s,a 5P,2,3d2.(3F).4s.4p.(3P*),x 5D*,3
V,2,V II,190.85214,190.85214,190.85214,vacuum,13000.0,13000,228000000.0,B,30318.5317,82715.115,3d3.(2F).4s,c 3F,4,3d2.(3P).4s.4p.(3P*),r 3D*,3
V,2,V II,190.93767,190.93767,190.937686,vacuum,20000.0,20000,51000000.0,D+,13511.7993,65884.907,3d3.(4P).4s,a 5P,1,3d2.(3F).4s.4p.(3P*),x 5D*,2
V,2,V II,191.1099,191.1099,191.11056,vacuum,3500.0,3500,24000000.0,D+,30267.511,82593.242,3d3.(2F).4s,c 3F,2,3d2.(3P).4s.4p.(3P*),r 3D*,2
V,2,V II,191.19036,191.19036,191.19033,vacuum,27000.0,27000,110000000.0,D+,13511.7993,65815.699,3d3.(4P).4s,a 5P,1,3d2.(3F).4s.4p.(3P*),x 5D*,1
V,2,V II,191.2405,191.2405,191.240493,vacuum,35000.0,35000,80000000.0,D+,13594.726,65884.907,3d3.(4P).4s,a 5P,2,3d2.(3F).4s.4p.(3P*),x 5D*,2
V,2,V II,191.25265,191.25265,191.25267,vacuum,6000.0,6000,220000000.0,D+,30306.389,82593.242,3d3.(2F).4s,c 3F,3,3d2.(3P).4s.4p.(3P*),r 3D*,2
V,2,V II,191.31192,191.31192,191.31191,vacuum,13000.0,13000,150000000.0,D+,13511.7993,65782.459,3d3.(4P).4s,a 5P,1,3d2.(3F).4s.4p.(3P*),x 5D*,0
V,2,V II,191.37201,191.37201,191.372002,vacuum,26000.0,26000,48000000.0,D+,13741.6394,65995.887,3d3.(4P).4s,a 5P,3,3d2.(3F).4s.4p.(3P*),x 5D*,3
V,2,V II,191.45995,191.45995,191.45981,vacuum,7400.0,7400,150000000.0,D+,30267.511,82497.795,3d3.(2F).4s,c 3F,2,3d2.(3P).4s.4p.(3P*),r 3D*,1
V,2,V II,191.49394,191.49394,191.49394,vacuum,8500.0,8500,36000000.0,D+,13594.726,65815.699,3d3.(4P).4s,a 5P,2,3d2.(3F).4s.4p.(3P*),x 5D*,1
V,2,V II,191.77933,191.77933,191.779312,vacuum,4300.0,4300,10000000.0,D+,13741.6394,65884.907,3d3.(4P).4s,a 5P,3,3d2.(3F).4s.4p.(3P*),x 5D*,2
V,2,V II,191.93413,191.93413,191.93414,vacuum,9100.0,9100,35000000.0,D+,30613.910,82715.115,3d4,d 3F1,4,3d2.(3P).4s.4p.(3P*),r 3D*,3
V,2,V II,191.944,191.944,191.9421,vacuum,860.0,"860h,bl*",80000000.0,D+,30267.511,82366.56&dagger;,3d3.(2F).4s,c 3F,2,3d3.(2D1).4p,x 1P*,1
V,2,V II,192.0364,192.0364,192.03682,vacuum,7000.0,7000,3600000.0,D+,30641.7674,82715.115,3d4,d 3F1,3,3d2.(3P).4s.4p.(3P*),r 3D*,3
V,2,V II,192.48732,192.48732,192.48732,vacuum,8800.0,8800,40000000.0,D+,30641.7674,82593.242,3d4,d 3F1,3,3d2.(3P).4s.4p.(3P*),r 3D*,2
V,2,V II,192.6027,192.6027,192.60344,vacuum,3500.0,3500,6000000.0,D+,30673.089,82593.242,3d4,d 3F1,2,3d2.(3P).4s.4p.(3P*),r 3D*,2
V,2,V II,192.963777,192.963777,192.963768,vacuum,36000.0,36000,110000000.0,D+,19112.9298,70936.130,3d3.(2G).4s,b 1G,4,3d2.(3F).4s.4p.(3P*),1F*,3
V,2,V II,193.32759,193.32759,193.327682,vacuum,8900.0,8900,3900000.0,D+,16421.5292,68147.179,3d3.(2G).4s,b 3G,4,3d2.(3F).4s.4p.(3P*),v 3F*,4
V,2,V II,193.745158,193.745158,193.745151,vacuum,42000.0,42000,54000000.0,D+,16532.9841,68147.179,3d3.(2G).4s,b 3G,5,3d2.(3F).4s.4p.(3P*),v 3F*,4
V,2,V II,193.8722,193.8722,193.872395,vacuum,1300.0,1300,11000000.0,D+,12706.0798,64286.399,3d4,a 3H,6,3d2.(3F).4s.4p.(3P*),y 5F*,5
V,2,V II,193.9338,193.9338,193.93371,vacuum,2200.0,2200,4900000.0,D+,16340.9837,67904.995,3d3.(2G).4s,b 3G,3,3d2.(3F).4s.4p.(3P*),v 3F*,3
V,2,V II,194.087712,194.087712,194.087707,vacuum,21000.0,21000,29000000.0,C,12706.0798,64229.178,3d4,a 3H,6,3d3.(2F).4p,w 3G*,5
V,2,V II,194.128174,194.128174,194.128164,vacuum,12000.0,12000,39000000.0,C,12545.1024,64057.463,3d4,a 3H,4,3d3.(2F).4p,w 3G*,3
V,2,V II,194.13956,194.13956,194.139555,vacuum,15000.0,15000,37000000.0,C,12621.4857,64130.824,3d4,a 3H,5,3d3.(2F).4p,w 3G*,4
V,2,V II,194.237121,194.237121,194.237118,vacuum,28000.0,28000,53000000.0,D+,16421.5292,67904.995,3d3.(2G).4s,b 3G,4,3d2.(3F).4s.4p.(3P*),v 3F*,3
V,2,V II,194.53684,194.53684,194.53685,vacuum,11000.0,11000,238000000.0,B,34228.8534,85632.995,3d3.(2F).4s,b 1F,3,3d2.(3P).4s.4p.(3P*),u 1D*,2
V,2,V II,194.564737,194.564737,194.564736,vacuum,25000.0,25000,59000000.0,D+,16340.9837,67737.759,3d3.(2G).4s,b 3G,3,3d2.(3F).4s.4p.(3P*),v 3F*,2
V,2,V II,196.5656,196.5656,196.56469,vacuum,3500.0,3500,14000000.0,D+,34228.8534,85102.69,3d3.(2F).4s,b 1F,3,3d2.(3P).4s.4p.(3P*),u 3P*,2
V,2,V II,197.2627,197.2627,197.262996,vacuum,8300.0,8300,12000000.0,D+,20242.385,70936.130,3d3.(2H).4s,b 3H,4,3d2.(3F).4s.4p.(3P*),1F*,3
V,2,V II,197.4277,197.4277,197.428787,vacuum,540.0,540,3500000.0,D+,18293.8723,68945.047,3d4,a 3D,2,3d2.(3F).4s.4p.(3P*),u 3D*,3
V,2,V II,197.66276,197.66276,197.662768,vacuum,14000.0,14000,31000000.0,D+,18353.830,68945.047,3d4,a 3D,3,3d2.(3F).4s.4p.(3P*),u 3D*,3
V,2,V II,197.8974,197.8974,197.897281,vacuum,8100.0,8100,12000000.0,D+,19112.9298,69644.195,3d3.(2G).4s,b 1G,4,3d2.(3F).4s.4p.(3P*),v 3G*,3
V,2,V II,198.00518,198.00518,198.005198,vacuum,13000.0,13000,51000000.0,D+,18293.8723,68797.597,3d4,a 3D,2,3d2.(3F).4s.4p.(3P*),u 3D*,2
V,2,V II,198.05939,198.05939,198.059371,vacuum,9500.0,9500,57000000.0,D+,18269.515,68759.426,3d4,a 3D,1,3d2.(3F).4s.4p.(3P*),u 3D*,1
V,2,V II,198.1548,198.1548,198.154964,vacuum,2700.0,2700,13000000.0,D+,18293.8723,68759.426,3d4,a 3D,2,3d2.(3F).4s.4p.(3P*),u 3D*,1
V,2,V II,198.242,198.242,198.240548,vacuum,2700.0,2700,4900000.0,D+,18353.830,68797.597,3d4,a 3D,3,3d2.(3F).4s.4p.(3P*),u 3D*,2
V,2,V II,198.732,198.732,198.731866,vacuum,2700.0,2700,2800000.0,D+,20617.0735,70936.130,3d3.(2D2).4s,b 3D,2,3d2.(3F).4s.4p.(3P*),1F*,3
V,2,V II,198.7823,198.7823,198.781981,vacuum,2700.0,2700,8000000.0,D+,20617.0735,70923.444,3d3.(2D2).4s,b 3D,2,3d2.(3F).4s.4p.(3P*),1D*,2
V,2,V II,199.5817,199.5817,199.58251,vacuum,910.0,910,4500000.0,D+,37937.703,88042.295,3d2.4s2,e 3F,2,3d2.(1G).4s.4p.(3P*),r 3F*,2
V,2,V II,200.11448,200.11448,200.114522,air,8400.0,8400,18000000.0,D+,20980.9260,70936.130,3d4,a 1D2,2,3d2.(3F).4s.4p.(3P*),1F*,3
V,2,V II,200.14514,200.14514,200.145193,air,16000.0,16000,6700000.0,D+,20280.2493,70227.799,3d3.(2H).4s,b 3H,5,3d2.(3F).4s.4p.(3P*),v 3G*,5
V,2,V II,200.16535,200.16535,200.165361,air,14000.0,14000,32000000.0,D+,20980.9260,70923.444,3d4,a 1D2,2,3d2.(3F).4s.4p.(3P*),1D*,2
V,2,V II,200.478743,200.478743,200.478739,air,120000.0,120000,152000000.0,B,20363.3370,70227.799,3d3.(2H).4s,b 3H,6,3d2.(3F).4s.4p.(3P*),v 3G*,5
V,2,V II,200.688891,200.688891,200.688887,air,56000.0,56000,100000000.0,D+,19132.792,68945.047,3d3.(2P).4s,b 3P,2,3d2.(3F).4s.4p.(3P*),u 3D*,3
V,2,V II,200.76508,200.76508,200.765098,air,9300.0,9300,11000000.0,D+,18353.830,68147.179,3d4,a 3D,3,3d2.(3F).4s.4p.(3P*),v 3F*,4
V,2,V II,200.9781,200.9781,200.97864,air,720.0,720,5300000.0,D+,38193.023,87933.474,3d2.4s2,e 3F,3,3d2.(1G).4s.4p.(3P*),r 3F*,3
V,2,V II,201.11503,201.11503,201.11496,air,2100.0,2100,51000000.0,D+,30306.389,80013.129,3d3.(2F).4s,c 3F,3,3d2.(1G).4s.4p.(3P*),u 3G*,4
V,2,V II,201.2652,201.2652,201.265204,air,14000.0,14000,7100000.0,D+,20242.385,69912.025,3d3.(2H).4s,b 3H,4,3d2.(3F).4s.4p.(3P*),v 3G*,4
V,2,V II,201.28475,201.28475,201.284801,air,14000.0,14000,11000000.0,D+,19132.792,68797.597,3d3.(2P).4s,b 3P,2,3d2.(3F).4s.4p.(3P*),u 3D*,2
V,2,V II,201.418779,201.418779,201.418773,air,92000.0,92000,144000000.0,B,20280.2493,69912.025,3d3.(2H).4s,b 3H,5,3d2.(3F).4s.4p.(3P*),v 3G*,4
V,2,V II,201.420776,201.420776,201.420776,air,28000.0,28000,71000000.0,D+,19166.315,68797.597,3d3.(2P).4s,b 3P,1,3d2.(3F).4s.4p.(3P*),u 3D*,2
V,2,V II,201.49207,201.49207,201.49202,air,4100.0,4100,41000000.0,D+,30267.511,79881.247,3d3.(2F).4s,c 3F,2,3d2.(1G).4s.4p.(3P*),u 3G*,3
V,2,V II,201.50261,201.50261,201.502635,air,6900.0,6900,11000000.0,D+,18293.8723,67904.995,3d4,a 3D,2,3d2.(3F).4s.4p.(3P*),v 3F*,3
V,2,V II,201.55592,201.55592,201.55594,air,17000.0,17000,48000000.0,D+,19161.422,68759.426,3d3.(2P).4s,b 3P,0,3d2.(3F).4s.4p.(3P*),u 3D*,1
V,2,V II,201.56533,201.56533,201.56525,air,2900.0,2900,11000000.0,D+,14461.7495,64057.463,3d4,a 3G,3,3d3.(2F).4p,w 3G*,3
V,2,V II,201.57582,201.57582,201.57583,air,14000.0,14000,22000000.0,D+,19166.315,68759.426,3d3.(2P).4s,b 3P,1,3d2.(3F).4s.4p.(3P*),u 3D*,1
V,2,V II,201.65042,201.65042,201.650477,air,3300.0,3300,10000000.0,D+,14556.0689,64130.824,3d4,a 3G,4,3d3.(2F).4p,w 3G*,4
V,2,V II,201.6547,201.6547,201.655299,air,7200.0,7200bl,8000000.0,D+,14655.6082,64229.178,3d4,a 3G,5,3d3.(2F).4p,w 3G*,5
V,2,V II,202.08474,202.08474,202.084717,air,5400.0,5400,12000000.0,D+,18269.515,67737.759,3d4,a 3D,1,3d2.(3F).4s.4p.(3P*),v 3F*,2
V,2,V II,202.356513,202.356513,202.356513,air,54000.0,54000,140000000.0,D+,20242.385,69644.195,3d3.(2H).4s,b 3H,4,3d2.(3F).4s.4p.(3P*),v 3G*,3
V,2,V II,202.8864,202.8864,202.88715,air,1800.0,1800,8000000.0,D+,38517.085,87789.706,3d2.4s2,e 3F,4,3d2.(1G).4s.4p.(3P*),r 3F*,4
V,2,V II,205.2395,205.2395,205.239556,air,2500.0,2500,8000000.0,D+,20089.6495,68797.597,3d3.(4P).4s,c 3P,1,3d2.(3F).4s.4p.(3P*),u 3D*,2
V,2,V II,205.484871,205.484871,205.484865,air,25000.0,25000,100000000.0,D+,22273.6366,70923.444,3d3.(2P).4s,a 1P,1,3d2.(3F).4s.4p.(3P*),1D*,2
V,2,V II,205.6857,205.6857,205.68382,air,2500.0,2500D*,4700000.0,D+,20156.670,68759.426,3d3.(4P).4s,c 3P,0,3d2.(3F).4s.4p.(3P*),u 3D*,1
V,2,V II,205.6857,205.6857,205.687021,air,2500.0,2500D*,5300000.0,D+,20343.0477,68945.047,3d3.(4P).4s,c 3P,2,3d2.(3F).4s.4p.(3P*),u 3D*,3
V,2,V II,205.73479,205.73479,205.734824,air,4200.0,4200,11000000.0,D+,13542.6461,62133.354,3d4,b 3F2,3,3d3.(2F).4p,w 3F*,3
V,2,V II,205.83405,205.83405,205.834026,air,5200.0,5200,12000000.0,D+,13608.9393,62176.232,3d4,b 3F2,4,3d3.(2F).4p,w 3F*,4
V,2,V II,206.296,206.296,206.2957,air,1700.0,1700,33000000.0,D+,38193.023,86651.64,3d2.4s2,e 3F,3,3d2.(3F).4s.4p.(1P*),q 3D*,3
V,2,V II,206.57538,206.57538,206.57537,air,8200.0,8200,33000000.0,C,17910.9147,66303.935,3d4,a 1G2,4,3d3.(2F).4p,x 1F*,3
V,2,V II,206.681,206.681,206.67943,air,3300.0,3300h,48000000.0,D+,37937.703,86306.361,3d2.4s2,e 3F,2,3d2.(3F).4s.4p.(1P*),q 3D*,2
V,2,V II,206.85338,206.85338,206.853446,air,7600.0,7600,6700000.0,D+,20617.0735,68945.047,3d3.(2D2).4s,b 3D,2,3d2.(3F).4s.4p.(3P*),u 3D*,3
V,2,V II,206.87877,206.87877,206.878755,air,24000.0,24000,49000000.0,D+,20622.9852,68945.047,3d3.(2D2).4s,b 3D,3,3d2.(3F).4s.4p.(3P*),u 3D*,3
V,2,V II,207.079,207.079,207.07853,air,5000.0,5000h,8000000.0,D+,20522.148,68797.597,3d3.(2D2).4s,b 3D,1,3d2.(3F).4s.4p.(3P*),u 3D*,2
V,2,V II,207.24243,207.24243,207.24242,air,9000.0,9000,39000000.0,D+,20522.148,68759.426,3d3.(2D2).4s,b 3D,1,3d2.(3F).4s.4p.(3P*),u 3D*,1
V,2,V II,207.48668,207.48668,207.486574,air,11000.0,11000,28000000.0,D+,20617.0735,68797.597,3d3.(2D2).4s,b 3D,2,3d2.(3F).4s.4p.(3P*),u 3D*,2
V,2,V II,207.51208,207.51208,207.51204,air,8900.0,8900,8000000.0,D+,20622.9852,68797.597,3d3.(2D2).4s,b 3D,3,3d2.(3F).4s.4p.(3P*),u 3D*,2
V,2,V II,207.6524,207.6524,207.65111,air,150.0,150?,10000000.0,D+,20617.0735,68759.426,3d3.(2D2).4s,b 3D,2,3d2.(3F).4s.4p.(3P*),u 3D*,1
V,2,V II,207.6856,207.6856,207.6847,air,66000.0,66000D,560000000.0,B+,38517.085,86651.64,3d2.4s2,e 3F,4,3d2.(3F).4s.4p.(1P*),q 3D*,3
V,2,V II,207.7543,207.7543,207.75431,air,5500.0,5500,580000000.0,B,37937.703,86056.143,3d2.4s2,e 3F,2,3d2.(3F).4s.4p.(1P*),q 3D*,1
V,2,V II,207.77634,207.77634,207.77635,air,8500.0,8500,540000000.0,B+,38193.023,86306.361,3d2.4s2,e 3F,3,3d2.(3F).4s.4p.(1P*),q 3D*,2
V,2,V II,208.3437,208.3437,208.34286,air,570.0,570*,5100000.0,D+,30318.5317,78301.06,3d3.(2F).4s,c 3F,4,3d2.(3P).4s.4p.(3P*),y 5P*,3
V,2,V II,208.4221,208.4221,208.422823,air,490.0,490,4000000.0,D+,20980.9260,68945.047,3d4,a 1D2,2,3d2.(3F).4s.4p.(3P*),u 3D*,3
V,2,V II,208.75292,208.75292,208.75287,air,3600.0,3600,1900000.0,D+,14556.0689,62444.366,3d4,a 3G,4,3d2.(3F).4s.4p.(3P*),5G*,3
V,2,V II,208.79175,208.79175,208.791717,air,3400.0,3400,6400000.0,D+,17910.9147,65790.303,3d4,a 1G2,4,3d3.(2F).4p,x 1G*,4
V,2,V II,209.03266,209.03266,209.03266,air,8600.0,8600,13000000.0,D+,14461.7495,62285.957,3d4,a 3G,3,3d2.(3F).4s.4p.(3P*),5G*,2
V,2,V II,209.3415,209.3415,209.342578,air,670.0,670,2800000.0,D+,16532.9841,64286.399,3d3.(2G).4s,b 3G,5,3d2.(3F).4s.4p.(3P*),y 5F*,5
V,2,V II,209.50462,209.50462,209.504642,air,1500.0,1500,7800000.0,D+,16340.9837,64057.463,3d3.(2G).4s,b 3G,3,3d3.(2F).4p,w 3G*,3
V,2,V II,209.53608,209.53608,209.536195,air,2100.0,2100,7500000.0,D+,16421.5292,64130.824,3d3.(2G).4s,b 3G,4,3d3.(2F).4p,w 3G*,4
V,2,V II,209.59358,209.59358,209.593756,air,2400.0,2400,5800000.0,D+,16532.9841,64229.178,3d3.(2G).4s,b 3G,5,3d3.(2F).4p,w 3G*,5
V,2,V II,209.914532,209.914532,209.914548,air,16000.0,16000,55000000.0,C,14461.7495,62085.063,3d4,a 3G,3,3d3.(2F).4p,w 3F*,2
V,2,V II,210.117645,210.117645,210.117653,air,19000.0,19000,59000000.0,C,14556.0689,62133.354,3d4,a 3G,4,3d3.(2F).4p,w 3F*,3
V,2,V II,210.352412,210.352412,210.352413,air,30000.0,30000,46000000.0,D+,20622.9852,68147.179,3d3.(2D2).4s,b 3D,3,3d2.(3F).4s.4p.(3P*),v 3F*,4
V,2,V II,210.368222,210.368222,210.368218,air,22000.0,22000,59000000.0,C,14655.6082,62176.232,3d4,a 3G,5,3d3.(2F).4p,w 3F*,4
V,2,V II,210.4645,210.4645,210.46446,air,3200.0,3200,11000000.0,D+,38193.023,85691.918,3d2.4s2,e 3F,3,3d2.(3F).4s.4p.(1P*),s 3F*,4
V,2,V II,210.7424,210.7424,210.73985,air,6300.0,6300h,17000000.0,D+,37937.703,85374.535,3d2.4s2,e 3F,2,3d2.(3F).4s.4p.(1P*),s 3F*,3
V,2,V II,211.1039,211.1039,211.10402,air,8300.0,8300,20000000.0,C,30613.910,77968.921,3d4,d 3F1,4,3d3.(2D1).4p,t 3F*,4
V,2,V II,211.40352,211.40352,211.403558,air,10000.0,10000,29000000.0,D+,20617.0735,67904.995,3d3.(2D2).4s,b 3D,2,3d2.(3F).4s.4p.(3P*),v 3F*,3
V,2,V II,211.43013,211.43013,211.429993,air,8000.0,8000,6300000.0,D+,20622.9852,67904.995,3d3.(2D2).4s,b 3D,3,3d2.(3F).4s.4p.(3P*),v 3F*,3
V,2,V II,211.72739,211.72739,211.72736,air,12000.0,12000,34000000.0,D+,20522.148,67737.759,3d3.(2D2).4s,b 3D,1,3d2.(3F).4s.4p.(3P*),v 3F*,2
V,2,V II,211.84173,211.84173,211.84173,air,6400.0,6400,460000000.0,B,37937.703,85127.827,3d2.4s2,e 3F,2,3d2.(3F).4s.4p.(1P*),s 3F*,2
V,2,V II,211.8804,211.8804,211.8804,air,9800.0,9800,510000000.0,B+,38193.023,85374.535,3d2.4s2,e 3F,3,3d2.(3F).4s.4p.(1P*),s 3F*,3
V,2,V II,211.910399,211.910399,211.910399,air,13000.0,13000,560000000.0,B+,38517.085,85691.918,3d2.4s2,e 3F,4,3d2.(3F).4s.4p.(1P*),s 3F*,4
V,2,V II,212.1525,212.1525,212.153939,air,2300.0,2300,6300000.0,D+,20617.0735,67737.759,3d3.(2D2).4s,b 3D,2,3d2.(3F).4s.4p.(3P*),v 3F*,2
V,2,V II,212.332315,212.332315,212.332309,air,18000.0,18000,5800000.0,C+,339.1256,47420.2319,3d4,a 5D,4,3d3.(4P).4p,y 5D*,4
V,2,V II,212.692263,212.692263,212.692261,air,6400.0,6400,5700000.0,C+,106.6421,47108.0794,3d4,a 5D,2,3d3.(4P).4p,z 3P*,1
V,2,V II,212.946846,212.946846,212.946872,air,6200.0,6200,5900000.0,C,106.6421,47051.8885,3d4,a 5D,2,3d3.(4P).4p,z 5P*,3
V,2,V II,213.0425,213.0425,213.042988,air,1100.0,1100,6400000.0,D+,20980.9260,67904.995,3d4,a 1D2,2,3d2.(3F).4s.4p.(3P*),v 3F*,3
V,2,V II,213.183497,213.183497,213.183511,air,21000.0,21000,9100000.0,C+,208.7901,47101.9320,3d4,a 5D,3,3d3.(4P).4p,y 5D*,2
V,2,V II,213.408067,213.408067,213.408045,air,14000.0,14000,13200000.0,C+,36.1017,46879.9114,3d4,a 5D,1,3d3.(4P).4p,z 5P*,2
V,2,V II,213.411288,213.411288,213.411286,air,36000.0,36000,30000000.0,C+,208.7901,47051.8885,3d4,a 5D,3,3d3.(4P).4p,z 5P*,3
V,2,V II,213.415794,213.415794,213.415787,air,25000.0,25000,8100000.0,D+,339.1256,47181.2361,3d4,a 5D,4,3d3.(4P).4p,y 5D*,3
V,2,V II,213.729932,213.729932,213.72993,air,46000.0,46000,44000000.0,C+,106.6421,46879.9114,3d4,a 5D,2,3d3.(4P).4p,z 5P*,2
V,2,V II,213.81559,213.81559,213.815591,air,20000.0,20000,25000000.0,C+,0.000,46754.5327,3d4,a 5D,0,3d3.(4P).4p,z 5P*,1
V,2,V II,213.980822,213.980822,213.980836,air,34000.0,34000,46000000.0,C+,36.1017,46754.5327,3d4,a 5D,1,3d3.(4P).4p,z 5P*,1
V,2,V II,214.006784,214.006784,214.006803,air,110000.0,110000,86000000.0,C+,339.1256,47051.8885,3d4,a 5D,4,3d3.(4P).4p,z 5P*,3
V,2,V II,214.197766,214.197766,214.197769,air,51000.0,51000,46000000.0,C+,208.7901,46879.9114,3d4,a 5D,3,3d3.(4P).4p,z 5P*,2
V,2,V II,214.304459,214.304459,214.304452,air,19000.0,19000,34000000.0,C+,106.6421,46754.5327,3d4,a 5D,2,3d3.(4P).4p,z 5P*,1
V,2,V II,214.599098,214.599098,214.599081,air,9900.0,9900,7400000.0,C+,106.6421,46690.4958,3d4,a 5D,2,3d3.(4P).4p,y 5D*,1
V,2,V II,214.84186,214.84186,214.841852,air,16000.0,16000,6800000.0,C+,208.7901,46740.0100,3d4,a 5D,3,3d3.(4P).4p,z 3P*,2
V,2,V II,214.93832,214.93832,214.938475,air,3600.0,3600,10000000.0,D+,18293.8723,64804.177,3d4,a 3D,2,3d3.(2F).4p,v 3D*,2
V,2,V II,215.082007,215.082007,215.082012,air,19000.0,19000,680000000.0,B+,38517.085,84996.354,3d2.4s2,e 3F,4,3d2.(3F).4s.4p.(1P*),t 3G*,5
V,2,V II,215.10151,215.10151,215.10151,air,16000.0,16000,650000000.0,B+,38193.023,84668.080,3d2.4s2,e 3F,3,3d2.(3F).4s.4p.(1P*),t 3G*,4
V,2,V II,215.1804,215.1804,215.17953,air,29000.0,29000,620000000.0,B+,37937.703,84395.911,3d2.4s2,e 3F,2,3d2.(3F).4s.4p.(1P*),t 3G*,3
V,2,V II,215.56008,215.56008,215.56015,air,8800.0,8800,31000000.0,C,32040.641,78416.825,3d4,d 3P1,2,3d3.(2D1).4p,v 3P*,2
V,2,V II,215.70566,215.70566,215.70542,air,2900.0,2900,41000000.0,D+,32299.266,78644.221,3d4,d 3P1,1,3d3.(2D1).4p,v 3P*,0
V,2,V II,216.14987,216.14987,216.149889,air,5700.0,5700,10000000.0,D+,18353.830,64603.496,3d4,a 3D,3,3d3.(2F).4p,v 3D*,3
V,2,V II,216.3691,216.3691,216.36875,air,5700.0,5700,27000000.0,D+,38193.023,84395.911,3d2.4s2,e 3F,3,3d2.(3F).4s.4p.(1P*),t 3G*,3
V,2,V II,216.6139,216.6139,216.61207,air,5700.0,5700hs,18000000.0,D+,38517.085,84668.080,3d2.4s2,e 3F,4,3d2.(3F).4s.4p.(1P*),t 3G*,4
V,2,V II,216.76914,216.76914,216.76913,air,1600.0,1600,9000000.0,D+,32299.266,78416.825,3d4,d 3P1,1,3d3.(2D1).4p,v 3P*,2
V,2,V II,217.1834,217.1834,217.1833,air,750.0,750,15000000.0,D+,30613.910,76643.532,3d4,d 3F1,4,3d2.(1D).4s.4p.(3P*),u 3F*,4
V,2,V II,217.58347,217.58347,217.58348,air,1500.0,1500,3700000.0,D+,16340.9837,62285.957,3d3.(2G).4s,b 3G,3,3d2.(3F).4s.4p.(3P*),5G*,2
V,2,V II,218.53433,218.53433,218.534295,air,11000.0,11000,33000000.0,D+,25191.0356,70936.130,3d3.(2D2).4s,b 1D,2,3d2.(3F).4s.4p.(3P*),1F*,3
V,2,V II,218.53916,218.53916,218.539145,air,2400.0,2400,11000000.0,D+,16340.9837,62085.063,3d3.(2G).4s,b 3G,3,3d3.(2F).4p,w 3F*,2
V,2,V II,218.5424,218.5424,218.54234,air,4200.0,4200,10000000.0,D+,30641.7674,76385.177,3d4,d 3F1,3,3d2.(1D).4s.4p.(3P*),u 3F*,3
V,2,V II,218.594919,218.594919,218.594922,air,17000.0,17000,90000000.0,D+,25191.0356,70923.444,3d3.(2D2).4s,b 1D,2,3d2.(3F).4s.4p.(3P*),1D*,2
V,2,V II,218.69342,218.69342,218.693363,air,3000.0,3000,13000000.0,D+,16421.5292,62133.354,3d3.(2G).4s,b 3G,4,3d3.(2F).4p,w 3F*,3
V,2,V II,219.022,219.022,219.021974,air,3300.0,3300,13000000.0,C,16532.9841,62176.232,3d3.(2G).4s,b 3G,5,3d3.(2F).4p,w 3F*,4
V,2,V II,219.0478,219.0478,219.047825,air,6600.0,6600,9000000.0,D+,19166.315,64804.177,3d3.(2P).4s,b 3P,1,3d3.(2F).4p,v 3D*,2
V,2,V II,219.3335,219.3335,219.33337,air,710.0,710,16000000.0,D+,30641.7674,76220.220,3d4,d 3F1,3,3d2.(1D).4s.4p.(3P*),u 3F*,2
V,2,V II,219.48428,219.48428,219.48422,air,3300.0,3300,9000000.0,D+,30673.089,76220.220,3d4,d 3F1,2,3d2.(1D).4s.4p.(3P*),u 3F*,2
V,2,V II,219.56955,219.56955,219.56953,air,5700.0,5700,11000000.0,D+,30318.5317,75847.967,3d3.(2F).4s,c 3F,4,3d3.(2D1).4p,t 3D*,3
V,2,V II,219.85322,219.85322,219.853165,air,9400.0,9400,10000000.0,D+,19132.792,64603.496,3d3.(2P).4s,b 3P,2,3d3.(2F).4p,v 3D*,3
V,2,V II,219.94473,219.94473,219.94471,air,5100.0,5100,13000000.0,D+,30306.389,75758.170,3d3.(2F).4s,c 3F,3,3d3.(2D1).4p,t 3D*,2
V,2,V II,219.9605,219.9605,219.96047,air,6700.0,6700,16000000.0,D+,30267.511,75716.036,3d3.(2F).4s,c 3F,2,3d3.(2D1).4p,t 3D*,1
V,2,V II,221.00345,221.00345,221.00347,air,4900.0,4900,63000000.0,C,30613.910,75847.967,3d4,d 3F1,4,3d3.(2D1).4p,t 3D*,3
V,2,V II,221.1162,221.1162,221.1166,air,460.0,460,1900000.0,D+,30613.910,75824.83,3d4,d 3F1,4,3d2.(3P).4s.4p.(3P*),w 5D*,4
V,2,V II,221.1391,221.1391,221.13967,air,570.0,570,11000000.0,D+,30641.7674,75847.967,3d4,d 3F1,3,3d3.(2D1).4p,t 3D*,3
V,2,V II,221.57989,221.57989,221.57986,air,4200.0,4200,52000000.0,C,30641.7674,75758.170,3d4,d 3F1,3,3d3.(2D1).4p,t 3D*,2
V,2,V II,221.7335,221.7335,221.73381,air,4500.0,4500*,17000000.0,D+,30673.089,75758.170,3d4,d 3F1,2,3d3.(2D1).4p,t 3D*,2
V,2,V II,221.9411,221.9411,221.94125,air,560.0,560h,71000000.0,C,30673.089,75716.036,3d4,d 3F1,2,3d3.(2D1).4p,t 3D*,1
V,2,V II,222.02181,222.02181,222.02173,air,3900.0,3900,8000000.0,D+,8842.0507,53868.671,3d3.(4F).4s,a 3F,3,3d3.(2D2).4p,w 3D*,2
V,2,V II,222.99907,222.99907,222.99902,air,5300.0,5300,7600000.0,D+,9097.8891,53927.2005,3d3.(4F).4s,a 3F,4,3d3.(2D2).4p,w 3D*,3
V,2,V II,225.1555,225.1555,225.15433,air,1600.0,1600,13000000.0,D+,38193.023,82593.242,3d2.4s2,e 3F,3,3d2.(3P).4s.4p.(3P*),r 3D*,2
V,2,V II,226.18448,226.18448,226.18443,air,4600.0,4600,14000000.0,D+,38517.085,82715.115,3d2.4s2,e 3F,4,3d2.(3P).4s.4p.(3P*),r 3D*,3
V,2,V II,227.8091,227.8091,227.80919,air,960.0,960h,20000000.0,D+,44159.461,88042.295,3d3.(2D1).4s,c 3D,2,3d2.(1G).4s.4p.(3P*),r 3F*,2
V,2,V II,227.8975,227.8975,227.89744,air,6400.0,6400,3200000.0,D+,20363.3370,64229.178,3d3.(2H).4s,b 3H,6,3d3.(2F).4p,w 3G*,5
V,2,V II,228.02855,228.02855,228.02858,air,4200.0,4200,100000000.0,D+,44201.678,88042.295,3d3.(2D1).4s,c 3D,1,3d2.(1G).4s.4p.(3P*),r 3F*,2
V,2,V II,228.03448,228.03448,228.034484,air,3000.0,3000,6800000.0,D+,18293.8723,62133.354,3d4,a 3D,2,3d3.(2F).4p,w 3F*,3
V,2,V II,228.0584,228.0584,228.05777,air,950.0,950,15000000.0,D+,44098.469,87933.474,3d3.(2D1).4s,c 3D,3,3d2.(1G).4s.4p.(3P*),r 3F*,3
V,2,V II,228.12335,228.12335,228.123368,air,4200.0,4200,9800000.0,C,18353.830,62176.232,3d4,a 3D,3,3d3.(2F).4p,w 3F*,4
V,2,V II,228.37556,228.37556,228.37557,air,1900.0,1900,107000000.0,B,44159.461,87933.474,3d3.(2D1).4s,c 3D,2,3d2.(1G).4s.4p.(3P*),r 3F*,3
V,2,V II,228.80826,228.80826,228.80828,air,11000.0,11000,122000000.0,B,44098.469,87789.706,3d3.(2D1).4s,c 3D,3,3d2.(1G).4s.4p.(3P*),r 3F*,4
V,2,V II,229.2591,229.2591,229.25931,air,6100.0,6100bl,23000000.0,C,20980.9260,64586.215,3d4,a 1D2,2,3d3.(2F).4p,x 1D*,2
V,2,V II,229.49984,229.49984,229.499797,air,7700.0,7700,7100000.0,D+,9097.8891,52657.4892,3d3.(4F).4s,a 3F,4,3d3.(2D2).4p,x 3F*,4
V,2,V II,230.4793,230.4793,230.47903,air,1300.0,1300h,12000000.0,D+,34228.8534,77603.398,3d3.(2F).4s,b 1F,3,3d3.(2D1).4p,v 1D*,2
V,3,V III,231.418,231.418,231.4176,air,400.0,400,38000000.0,D,44345.82,87544.46,3d2.(3F).4s,b 4F,7/2,3d2.(3F).4p,z 4F*,9/2
V,3,V III,231.806,231.806,231.8061,air,500.0,500,460000000.0,D,63315.05,106441.31,3d2.(1G).4s,b 2G,7/2,3d2.(1G).4p,z 2H*,9/2
V,3,V III,231.9,231.9,231.8995,air,400.0,400,56000000.0,D,44110.04,87218.92,3d2.(3F).4s,b 4F,5/2,3d2.(3F).4p,z 4F*,7/2
V,3,V III,232.382,232.382,232.3857,air,500.0,500,380000000.0,D,56922.50,99941.20,3d2.(3P).4s,b 4P,5/2,3d2.(3P).4p,y 4D*,7/2
V,3,V III,232.511,,232.511,air,,,50000000.0,D,43942.49,86938.01,3d2.(3F).4s,b 4F,3/2,3d2.(3F).4p,z 4F*,5/2
V,2,V II,233.01378,233.01378,233.01378,air,13000.0,13000,79000000.0,B,36424.875,79327.627,3d4,c 1G1,4,3d3.(2D1).4p,u 1F*,3
V,3,V III,233.042,233.042,233.0423,air,2500.0,2500,320000000.0,D,44646.96,87544.46,3d2.(3F).4s,b 4F,9/2,3d2.(3F).4p,z 4F*,9/2
V,3,V III,233.175,233.175,233.175,air,500.0,500,250000000.0,D,44345.82,87218.92,3d2.(3F).4s,b 4F,7/2,3d2.(3F).4p,z 4F*,7/2
V,3,V III,233.42,233.42,233.4207,air,400.0,400,220000000.0,D,44110.04,86938.01,3d2.(3F).4s,b 4F,5/2,3d2.(3F).4p,z 4F*,5/2
V,2,V II,233.54813,233.54813,233.548111,air,11000.0,11000,29000000.0,C,12545.1024,55349.707,3d4,a 3H,4,3d3.(2H).4p,x 3G*,3
V,2,V II,233.60989,233.60989,233.609871,air,3200.0,3200,8200000.0,C,12706.0798,55499.3690,3d4,a 3H,6,3d3.(2H).4p,y 1H*,5
V,3,V III,233.7133,,233.7133,air,,,270000000.0,D,43942.49,86716.84,3d2.(3F).4s,b 4F,3/2,3d2.(3F).4p,z 4F*,3/2
V,2,V II,234.214093,234.214093,234.214092,air,22000.0,22000,33000000.0,C,12621.4857,55304.3869,3d4,a 3H,5,3d3.(2H).4p,x 3G*,4
V,3,V III,234.31,234.31,234.3136,air,500.0,500,360000000.0,D,56160.42,98825.19,3d2.(1D).4s,c 2D,5/2,3d2.(1D).4p,y 2F*,7/2
V,3,V III,234.6325,,234.6325,air,,,82000000.0,D,44110.04,86716.84,3d2.(3F).4s,b 4F,5/2,3d2.(3F).4p,z 4F*,3/2
V,2,V II,234.6869,234.6869,234.686601,air,16000.0,16000,6200000.0,D+,12545.1024,55142.0747,3d4,a 3H,4,3d3.(2D2).4p,y 1F*,3
V,3,V III,234.713,,234.713,air,,,73000000.0,D,44345.82,86938.01,3d2.(3F).4s,b 4F,7/2,3d2.(3F).4p,z 4F*,5/2
V,3,V III,234.8245,,234.8245,air,,,45000000.0,D,44646.96,87218.92,3d2.(3F).4s,b 4F,9/2,3d2.(3F).4p,z 4F*,7/2
V,2,V II,234.928,234.928,234.9282,air,1600.0,1600,18000000.0,D+,44098.469,86651.64,3d3.(2D1).4s,c 3D,3,3d2.(3F).4s.4p.(1P*),q 3D*,3
V,2,V II,235.217802,235.217802,235.217803,air,20000.0,20000,26000000.0,C,12706.0798,55206.8615,3d4,a 3H,6,3d3.(2H).4p,x 3G*,5
V,2,V II,235.78164,235.78164,235.781663,air,12000.0,12000,30000000.0,C,23391.1513,65790.303,3d3.(2H).4s,a 1H,5,3d3.(2F).4p,x 1G*,4
V,3,V III,235.873,235.873,235.8732,air,500.0,500,420000000.0,D,49327.74,91710.43,3d2.(3F).4s,b 2F,5/2,3d2.(3F).4p,z 2G*,7/2
V,2,V II,236.03367,236.03367,236.033672,air,3600.0,3600,9000000.0,D+,11514.7845,53868.671,3d4,a 3P2,1,3d3.(2D2).4p,w 3D*,2
V,2,V II,236.26421,236.26421,236.26412,air,1400.0,1400,11000000.0,D+,22273.6366,64586.215,3d3.(2P).4s,a 1P,1,3d3.(2F).4p,x 1D*,2
V,3,V III,236.631,236.631,236.6294,air,500.0,500,420000000.0,D,49805.29,92052.55,3d2.(3F).4s,b 2F,7/2,3d2.(3F).4p,z 2G*,9/2
V,3,V III,237.106,237.106,237.1056,air,2500.0,2500,520000000.0,D,44646.96,86809.39,3d2.(3F).4s,b 4F,9/2,3d2.(3F).4p,z 4G*,11/2
V,3,V III,237.3062,,237.3062,air,,,290000000.0,D,56256.75,98383.53,3d2.(1D).4s,c 2D,3/2,3d2.(1D).4p,y 2F*,5/2
V,2,V II,237.465,237.465,237.465682,air,960.0,960,12000000.0,D+,8640.3641,50738.861,3d3.(4F).4s,a 3F,2,3d3.(2P).4p,y 3P*,1
V,2,V II,237.91542,237.91542,237.915318,air,8200.0,8200,16000000.0,C,11908.2593,53927.2005,3d4,a 3P2,2,3d3.(2D2).4p,w 3D*,3
V,2,V II,238.09131,238.09131,238.091307,air,19000.0,19000,21000000.0,C,9097.8891,51085.7739,3d3.(4F).4s,a 3F,4,3d3.(2P).4p,y 3D*,3
V,3,V III,238.246,238.246,238.2463,air,1000.0,1000,500000000.0,D,44345.82,86306.40,3d2.(3F).4s,b 4F,7/2,3d2.(3F).4p,z 4G*,9/2
V,2,V II,238.343,238.343,238.34303,air,10000.0,10000,44000000.0,D+,37937.703,79881.247,3d2.4s2,e 3F,2,3d2.(1G).4s.4p.(3P*),u 3G*,3
V,2,V II,238.400125,238.400125,238.40013,air,14000.0,14000,19000000.0,C,8842.0507,50775.5487,3d3.(4F).4s,a 3F,3,3d3.(2P).4p,y 3D*,2
V,1,V I,238.42864,238.42864,238.428704,air,140000.0,140000,4900000.0,C+,0.000,41928.473,3d3.4s2,a 4F,3/2,3d3.(4P).4s.4p.(1P*),r 4D*,1/2
V,2,V II,238.7921,238.7921,238.79235,air,2700.0,2700h,46000000.0,D+,38193.023,80057.65,3d2.4s2,e 3F,3,3d3.(4F).5p,3F*,3
V,2,V II,238.96996,238.96996,238.969986,air,11000.0,11000,11000000.0,D+,8640.3641,50473.874,3d3.(4F).4s,a 3F,2,3d3.(2P).4p,y 3D*,1
V,2,V II,239.0466,239.0466,239.04659,air,12000.0,12000,45000000.0,D+,38193.023,80013.129,3d2.4s2,e 3F,3,3d2.(1G).4s.4p.(3P*),u 3G*,4
V,3,V III,239.358,239.358,239.358,air,500.0,500,430000000.0,D,44110.04,85875.74,3d2.(3F).4s,b 4F,5/2,3d2.(3F).4p,z 4G*,7/2
V,3,V III,239.9686,,239.9686,air,,,37000000.0,D,44646.96,86306.40,3d2.(3F).4s,b 4F,9/2,3d2.(3F).4p,z 4G*,9/2
V,1,V I,240.19037,240.19037,240.190373,air,180000.0,180000,8600000.0,C,137.383,41758.357,3d3.4s2,a 4F,5/2,3d4.(3G).4p,t 4G*,7/2
V,3,V III,240.418,240.418,240.4183,air,500.0,500,250000000.0,D,43942.49,85524.00,3d2.(3F).4s,b 4F,3/2,3d2.(3F).4p,z 4G*,5/2
V,1,V I,240.67475,240.67475,240.674749,air,430000.0,430000,9400000.0,C+,323.432,41860.647,3d3.4s2,a 4F,7/2,3d4.(3G).4p,t 4G*,9/2
V,3,V III,240.717,,240.717,air,,,64000000.0,D,44345.82,85875.74,3d2.(3F).4s,b 4F,7/2,3d2.(3F).4p,z 4G*,7/2
V,1,V I,241.26895,241.26895,241.268946,air,330000.0,330000,10800000.0,C,323.432,41758.357,3d3.4s2,a 4F,7/2,3d4.(3G).4p,t 4G*,7/2
V,3,V III,241.3911,,241.3911,air,,,62000000.0,D,44110.04,85524.00,3d2.(3F).4s,b 4F,5/2,3d2.(3F).4p,z 4G*,5/2
V,1,V I,242.01214,242.01214,242.012142,air,360000.0,360000,10000000.0,C+,552.955,41860.647,3d3.4s2,a 4F,9/2,3d4.(3G).4p,t 4G*,9/2
V,1,V I,242.61303,242.61303,242.612969,air,33000.0,33000,1080000.0,C,552.955,41758.357,3d3.4s2,a 4F,9/2,3d4.(3G).4p,t 4G*,7/2
V,2,V II,243.804,243.804,243.8034,air,8900.0,8900h,129000000.0,B,44098.469,85102.69,3d3.(2D1).4s,c 3D,3,3d2.(3P).4s.4p.(3P*),u 3P*,2
V,2,V II,243.9775,243.9775,243.97731,air,3600.0,3600h,41000000.0,D+,44658.000,85632.995,3d2.4s2,c 1D,2,3d2.(3P).4s.4p.(3P*),u 1D*,2
V,2,V II,244.49669,244.49669,244.4967,air,7600.0,7600,15000000.0,C,14461.7495,55349.707,3d4,a 3G,3,3d3.(2H).4p,x 3G*,3
V,2,V II,244.76129,244.76129,244.761287,air,2900.0,2900,4800000.0,D+,14655.6082,55499.3690,3d4,a 3G,5,3d3.(2H).4p,y 1H*,5
V,2,V II,245.0237,245.0237,245.0231,air,8600.0,8600h,130000000.0,D+,44159.461,84959.58,3d3.(2D1).4s,c 3D,2,3d2.(3P).4s.4p.(3P*),u 3P*,1
V,2,V II,245.2774,245.2774,245.2769,air,3400.0,3400,45000000.0,D+,44201.678,84959.58,3d3.(2D1).4s,c 3D,1,3d2.(3P).4s.4p.(3P*),u 3P*,1
V,2,V II,245.33462,245.33462,245.334621,air,15000.0,15000,17000000.0,C,14556.0689,55304.3869,3d4,a 3G,4,3d3.(2H).4p,x 3G*,4
V,2,V II,245.82874,245.82874,245.828739,air,7000.0,7000,18000000.0,D+,11514.7845,52181.204,3d4,a 3P2,1,3d3.(2P).4p,z 3S*,1
V,2,V II,246.1493,246.1493,246.149325,air,4200.0,4200,2900000.0,D+,12706.0798,53319.539,3d4,a 3H,6,3d3.(2H).4p,z 3I*,7
V,2,V II,246.52696,246.52696,246.526947,air,16000.0,16000,15000000.0,C,14655.6082,55206.8615,3d4,a 3G,5,3d3.(2H).4p,x 3G*,5
V,2,V II,246.9862,246.9862,246.98624,air,1700.0,1700*,80000000.0,D+,46740.0100,87215.86,3d3.(4P).4p,z 3P*,2,3d3.(4P).4d,3P,2
V,2,V II,247.11142,247.11142,247.111436,air,3200.0,3200,2500000.0,D+,12621.4857,53076.8305,3d4,a 3H,5,3d3.(2H).4p,z 3I*,6
V,2,V II,247.58606,247.58606,247.586124,air,3200.0,3200,5900000.0,D+,13490.8843,53868.671,3d4,b 3F2,2,3d3.(2D2).4p,w 3D*,2
V,2,V II,247.90395,247.90395,247.903944,air,26000.0,26000,46000000.0,C,13542.6461,53868.671,3d4,b 3F2,3,3d3.(2D2).4p,w 3D*,2
V,2,V II,247.951679,247.951679,247.951684,air,31000.0,31000,40000000.0,C,13608.9393,53927.2005,3d4,b 3F2,4,3d3.(2D2).4p,w 3D*,3
V,2,V II,248.230712,248.230712,248.230708,air,27000.0,27000,57000000.0,C,11908.2593,52181.204,3d4,a 3P2,2,3d3.(2P).4p,z 3S*,1
V,2,V II,248.30618,248.30618,248.30618,air,20000.0,20000,55000000.0,C,13490.8843,53751.589,3d4,b 3F2,2,3d3.(2D2).4p,w 3D*,1
V,2,V II,249.2155,249.2155,249.2148,air,2100.0,2100hD,53000000.0,D+,47101.9320,87215.86,3d3.(4P).4p,y 5D*,2,3d3.(4P).4d,3P,2
V,1,V I,250.16139,250.16139,250.16139,air,540000.0,540000,12200000.0,C+,0.000,39962.150,3d3.4s2,a 4F,3/2,3d4.(3H).4p,u 4G*,5/2
V,2,V II,250.30246,250.30246,250.30245,air,11000.0,11000,10200000.0,C,8640.3641,48579.9945,3d3.(4F).4s,a 3F,2,3d3.(2G).4p,y 3G*,3
V,1,V I,250.33039,250.33039,250.33037,air,290000.0,290000,11000000.0,C,0.000,39935.176,3d3.4s2,a 4F,3/2,3d4.(3F2).4p,s 4D*,3/2
V,2,V II,250.4298,250.4298,250.42958,air,4200.0,4200,26000000.0,C,37937.703,77857.060,3d2.4s2,e 3F,2,3d3.(2D1).4p,t 3F*,2
V,2,V II,250.494,250.494,250.49289,air,1500.0,1500h,720000.0,D+,30318.5317,70227.799,3d3.(2F).4s,c 3F,4,3d2.(3F).4s.4p.(3P*),v 3G*,5
V,2,V II,250.62207,250.62207,250.622078,air,14000.0,14000,10800000.0,C,8842.0507,48730.7480,3d3.(4F).4s,a 3F,3,3d3.(2G).4p,y 3G*,4
V,1,V I,250.69063,250.69063,250.69066,air,580000.0,580000,51000000.0,C+,0.000,39877.786,3d3.4s2,a 4F,3/2,3d4.(3F2).4p,s 4D*,1/2
V,1,V I,250.78628,250.78628,250.786274,air,280000.0,280000,13000000.0,C,137.383,39999.966,3d3.4s2,a 4F,5/2,3d4.(3F2).4p,s 4D*,5/2
V,1,V I,251.19458,251.19458,251.19458,air,690000.0,690000,31000000.0,C+,137.383,39935.176,3d3.4s2,a 4F,5/2,3d4.(3F2).4p,s 4D*,3/2
V,2,V II,251.2812,251.2812,251.28183,air,960.0,960h,4700000.0,D+,38517.085,78301.06,3d2.4s2,e 3F,4,3d2.(3P).4s.4p.(3P*),y 5P*,3
V,2,V II,251.46372,251.46372,251.463668,air,18000.0,18000,11300000.0,C,9097.8891,48853.0973,3d3.(4F).4s,a 3F,4,3d3.(2G).4p,y 3G*,5
V,3,V III,251.614,251.614,251.6135,air,500.0,500,370000000.0,D,63303.12,103034.65,3d2.(1G).4s,b 2G,9/2,3d2.(1G).4p,y 2G*,9/2
V,1,V I,251.71486,251.71486,251.71486,air,690000.0,690000,14200000.0,C+,323.432,40038.970,3d3.4s2,a 4F,7/2,3d4.(3H).4p,u 4G*,9/2
V,1,V I,251.96233,251.96233,251.962327,air,920000.0,920000,43000000.0,C+,323.432,39999.966,3d3.4s2,a 4F,7/2,3d4.(3F2).4p,s 4D*,5/2
V,3,V III,252.116,252.116,252.1158,air,250.0,250,110000000.0,D,49805.29,89457.67,3d2.(3F).4s,b 2F,7/2,3d2.(3F).4p,2D*,5/2
V,3,V III,252.155,252.155,252.1549,air,250.0,250,350000000.0,D,63315.05,102961.28,3d2.(1G).4s,b 2G,7/2,3d2.(1G).4p,y 2G*,7/2
V,2,V II,252.25079,252.25079,252.250805,air,3600.0,3600,4100000.0,D+,12621.4857,52252.6480,3d4,a 3H,5,3d3.(2H).4p,y 3H*,6
V,2,V II,252.3609,252.3609,252.3608,air,4600.0,4600,900000.0,D+,30613.910,70227.799,3d4,d 3F1,4,3d2.(3F).4s.4p.(3P*),v 3G*,5
V,2,V II,252.39514,252.39514,252.395049,air,17000.0,17000,39000000.0,C,11514.7845,51123.299,3d4,a 3P2,1,3d3.(2P).4p,y 3P*,2
V,2,V II,252.790426,252.790426,252.790431,air,87000.0,87000,123000000.0,A,12706.0798,52252.6480,3d4,a 3H,6,3d3.(2H).4p,y 3H*,6
V,2,V II,252.846598,252.846598,252.846604,air,63000.0,63000,121000000.0,B,12545.1024,52082.8854,3d4,a 3H,4,3d3.(2H).4p,y 3H*,4
V,2,V II,252.88346,252.88346,252.883451,air,74000.0,74000,120000000.0,A,12621.4857,52153.5082,3d4,a 3H,5,3d3.(2H).4p,y 3H*,5
V,1,V I,253.01853,253.01853,253.01853,air,920000.0,920000,15400000.0,C+,552.955,40063.874,3d3.4s2,a 4F,9/2,3d4.(3H).4p,u 4G*,11/2
V,2,V II,253.188412,253.188412,253.188426,air,25000.0,25000,120000000.0,D,36919.2647,76403.6726,3d3.(4F).4p,z 5F*,3,3d3.(4F).4d,5D,2
V,2,V II,253.3452,253.3452,253.34546,air,1600.0,1600,53000000.0,D+,49593.4096,89053.345,3d3.(2G).4p,z 1H*,5,3d3.(2H).4d,1H,5
V,2,V II,253.39747,253.39747,253.39747,air,6800.0,6800,28000000.0,C,38517.085,77968.921,3d2.4s2,e 3F,4,3d3.(2D1).4p,t 3F*,4
V,2,V II,253.451989,253.451989,253.451995,air,13000.0,13000,35000000.0,C,11295.511,50738.861,3d4,a 3P2,0,3d3.(2P).4p,y 3P*,1
V,2,V II,253.76191,253.76191,253.76193,air,1400.0,1400,17000000.0,C,25191.0356,64586.215,3d3.(2D2).4s,b 1D,2,3d3.(2F).4p,x 1D*,2
V,2,V II,254.22097,254.22097,254.22094,air,7300.0,7300,51000000.0,D+,36489.4382,75813.492,3d3.(4F).4p,z 3D*,1,3d3.(4F).4d,3F,2
V,2,V II,254.270901,254.270901,254.270845,air,15000.0,15000,69000000.0,D+,37205.0213,76521.357,3d3.(4F).4p,z 3D*,3,3d3.(4F).4d,5D,3
V,2,V II,254.42487,254.42487,254.424867,air,9400.0,9400,39000000.0,D+,36673.5838,75966.120,3d3.(4F).4p,z 5F*,2,3d3.(4F).4d,3F,3
V,2,V II,254.569,254.569,254.56922,air,4200.0,4200bl(V I),1100000.0,D+,30641.7674,69912.025,3d4,d 3F1,3,3d2.(3F).4s.4p.(3P*),v 3G*,4
V,1,V I,254.59241,254.59241,254.592411,air,240000.0,240000,18000000.0,C+,0.000,39266.680,3d3.4s2,a 4F,3/2,3d4.(3F2).4p,u 4F*,3/2
V,3,V III,254.821,254.821,254.8218,air,250.0,250,200000000.0,D,49327.74,88559.08,3d2.(3F).4s,b 2F,5/2,3d2.(3F).4p,2D*,3/2
V,2,V II,254.86917,254.86917,254.868956,air,10000.0,10000bl,16000000.0,D+,11514.7845,50738.861,3d4,a 3P2,1,3d3.(2P).4p,y 3P*,1
V,2,V II,254.927671,254.927671,254.927692,air,32000.0,32000,101000000.0,B,11908.2593,51123.299,3d4,a 3P2,2,3d3.(2P).4p,y 3P*,2
V,2,V II,254.96584,254.96584,254.965775,air,1700.0,1700,6500000.0,D+,13490.8843,52700.067,3d4,b 3F2,2,3d3.(4P).4p,x 3D*,2
V,1,V I,254.99687,254.99687,254.996875,air,95000.0,95000,1800000.0,D+,137.383,39341.784,3d3.4s2,a 4F,5/2,3d4.(3F2).4p,u 4F*,7/2
V,2,V II,255.302801,255.302801,255.302834,air,13000.0,13000,35000000.0,C,13542.6461,52700.067,3d4,b 3F2,3,3d3.(4P).4p,x 3D*,2
V,2,V II,255.3356,255.3356,255.336862,air,6100.0,6100h*,50000000.0,D,37369.1542,76521.357,3d3.(4F).4p,z 5D*,2,3d3.(4F).4d,5D,3
V,2,V II,255.367023,255.367023,255.367026,air,9100.0,9100,140000000.0,C,11514.7845,50662.363,3d4,a 3P2,1,3d3.(2P).4p,y 3P*,0
V,2,V II,255.38944,255.38944,255.389435,air,14000.0,14000,70000000.0,D,37259.5288,76403.6726,3d3.(4F).4p,z 5D*,1,3d3.(4F).4d,5D,2
V,2,V II,255.403625,255.403625,255.403627,air,54000.0,54000,210000000.0,D+,37531.1324,76673.1011,3d3.(4F).4p,z 5D*,4,3d3.(4F).4d,5D,4
V,3,V III,255.422,255.422,255.4224,air,150.0,150,120000000.0,D,49805.29,88944.38,3d2.(3F).4s,b 2F,7/2,3d2.(3F).4p,4D*,5/2
V,1,V I,255.48636,255.48636,255.486343,air,220000.0,220000,3600000.0,C,137.383,39266.680,3d3.4s2,a 4F,5/2,3d4.(3F2).4p,u 4F*,3/2
V,2,V II,255.5906,255.5906,255.5906,air,5300.0,5300,39000000.0,C,13490.8843,52604.222,3d4,b 3F2,2,3d3.(4P).4p,x 3D*,1
V,1,V I,256.21283,256.21283,256.212841,air,820000.0,820000,16700000.0,C+,323.432,39341.784,3d3.4s2,a 4F,7/2,3d4.(3F2).4p,u 4F*,7/2
V,2,V II,256.27599,256.27599,256.276088,air,3600.0,3600,16000000.0,C,16340.9837,55349.707,3d3.(2G).4s,b 3G,3,3d3.(2H).4p,x 3G*,3
V,2,V II,256.328845,256.328845,256.328858,air,17000.0,17000,71000000.0,D+,37520.6639,76521.357,3d3.(4F).4p,z 5D*,3,3d3.(4F).4d,5D,3
V,2,V II,256.3977,256.3977,256.397684,air,12000.0,12000,46000000.0,D,37531.1324,76521.357,3d3.(4F).4p,z 5D*,4,3d3.(4F).4d,5D,3
V,2,V II,256.5237,256.5237,256.52348,air,1600.0,1600,1400000.0,D+,30673.089,69644.195,3d4,d 3F1,2,3d2.(3F).4s.4p.(3P*),v 3G*,3
V,2,V II,256.5545,256.5545,256.554559,air,1200.0,1200,5500000.0,D+,16532.9841,55499.3690,3d3.(2G).4s,b 3G,5,3d3.(2H).4p,y 1H*,5
V,2,V II,256.60236,256.60236,256.6026,air,1000.0,1000,25000000.0,C,11514.7845,50473.874,3d4,a 3P2,1,3d3.(2P).4p,y 3D*,1
V,2,V II,256.639136,256.639136,256.639164,air,19000.0,19000,150000000.0,D+,37369.1542,76322.694,3d3.(4F).4p,z 5D*,2,3d3.(4F).4d,5D,1
V,2,V II,256.65888,256.65888,256.65884,air,3000.0,3000,18000000.0,C,26839.749,65790.303,3d4,a 1F,3,3d3.(2F).4p,x 1G*,4
V,2,V II,256.74139,256.74139,256.741387,air,12000.0,12000,70000000.0,D,37205.0213,76143.0526,3d3.(4F).4p,z 3D*,3,3d3.(4F).4d,3F,4
V,2,V II,256.82769,256.82769,256.827739,air,9700.0,9700,54000000.0,D+,37041.1798,75966.120,3d3.(4F).4p,z 3D*,2,3d3.(4F).4d,3F,3
V,2,V II,257.1048,257.1048,257.10472,air,37000.0,37000bl,90000000.0,D+,37520.6639,76403.6726,3d3.(4F).4p,z 5D*,3,3d3.(4F).4d,5D,2
V,2,V II,257.10545,257.10545,257.105718,air,12000.0,12000bl,18000000.0,C,16421.5292,55304.3869,3d3.(2G).4s,b 3G,4,3d3.(2H).4p,x 3G*,4
V,2,V II,257.26486,257.26486,257.26487,air,5300.0,5300,48000000.0,D+,36954.6872,75813.492,3d3.(4F).4p,z 5F*,1,3d3.(4F).4d,3F,2
V,1,V I,257.40187,257.40187,257.40187,air,900000.0,900000,18000000.0,C,552.955,39391.079,3d3.4s2,a 4F,9/2,3d4.(3F2).4p,u 4F*,9/2
V,2,V II,257.451769,257.451769,257.451738,air,8000.0,8000,22000000.0,C,11908.2593,50738.861,3d4,a 3P2,2,3d3.(2P).4p,y 3P*,1
V,1,V I,257.72902,257.72902,257.729012,air,180000.0,180000,2800000.0,C,552.955,39341.784,3d3.4s2,a 4F,9/2,3d4.(3F2).4p,u 4F*,7/2
V,2,V II,258.30008,258.30008,258.300016,air,1800.0,1800,9000000.0,D+,13542.6461,52245.733,3d4,b 3F2,3,3d3.(2D2).4p,x 3F*,2
V,2,V II,258.49511,258.49511,258.495117,air,6800.0,6800,15000000.0,C,16532.9841,55206.8615,3d3.(2G).4s,b 3G,5,3d3.(2H).4p,x 3G*,5
V,2,V II,258.73201,258.73201,258.73199,air,3200.0,3200,150000000.0,D+,55403.4184,94041.892,3d3.(2H).4p,z 1I*,6,3d3.(2H).4d,1I,6
V,2,V II,258.81185,258.81185,258.81209,air,6000.0,6000,11000000.0,D+,30318.5317,68945.047,3d3.(2F).4s,c 3F,4,3d2.(3F).4s.4p.(3P*),u 3D*,3
V,2,V II,258.83978,258.83978,258.839746,air,8000.0,8000,47000000.0,D+,37520.6639,76143.0526,3d3.(4F).4p,z 5D*,3,3d3.(4F).4d,3F,4
V,2,V II,258.8783,258.8783,258.87824,air,1600.0,1600,38000000.0,D+,44098.469,82715.115,3d3.(2D1).4s,c 3D,3,3d2.(3P).4s.4p.(3P*),r 3D*,3
V,2,V II,259.2207,259.2207,259.22082,air,1100.0,1100,24000000.0,C,11908.2593,50473.874,3d4,a 3P2,2,3d3.(2P).4p,y 3D*,1
V,3,V III,259.305,259.305,259.3049,air,250.0,250,280000000.0,D,49327.74,87880.85,3d2.(3F).4s,b 2F,5/2,3d2.(3F).4p,z 2F*,5/2
V,2,V II,259.37613,259.37613,259.37613,air,4500.0,4500,180000000.0,D+,55499.3690,94041.892,3d3.(2H).4p,y 1H*,5,3d3.(2H).4d,1I,6
V,3,V III,259.51,259.51,259.5098,air,250.0,250,280000000.0,D,49805.29,88327.96,3d2.(3F).4s,b 2F,7/2,3d2.(3F).4p,z 2F*,7/2
V,2,V II,259.7161,259.7161,259.71717,air,2500.0,2500h,15000000.0,D+,30267.511,68759.426,3d3.(2F).4s,c 3F,2,3d2.(3F).4s.4p.(3P*),u 3D*,1
V,2,V II,259.7222,259.7222,259.72194,air,4300.0,4300,12000000.0,D+,30306.389,68797.597,3d3.(2F).4s,c 3F,3,3d2.(3F).4s.4p.(3P*),u 3D*,2
V,2,V II,260.105384,260.105384,260.105389,air,67000.0,67000,70000000.0,D,34592.8439,73027.3122,3d3.(4F).4p,z 5G*,2,3d3.(4F).4d,5F,2
V,2,V II,260.29035,260.29035,260.29037,air,9200.0,9200,120000000.0,D+,36673.5838,75080.739,3d3.(4F).4p,z 5F*,2,3d3.(4F).4d,3P,1
V,2,V II,260.95946,260.95946,260.95935,air,1800.0,1800,52000000.0,D+,47324.292,85632.995,3d3.(2D1).4s,d 1D,2,3d2.(3P).4s.4p.(3P*),u 1D*,2
V,2,V II,261.4397,261.4397,261.439731,air,1600.0,1600,14000000.0,C,14461.7495,52700.067,3d4,a 3G,3,3d3.(4P).4p,x 3D*,2
V,2,V II,261.62456,261.62456,261.624556,air,6300.0,6300,48000000.0,D,14556.0689,52767.3745,3d4,a 3G,4,3d3.(4P).4p,x 3D*,3
V,2,V II,261.9425,261.9425,261.9428,air,1500.0,1500,10000000.0,D,44201.678,82366.56&dagger;,3d3.(2D1).4s,c 3D,1,3d3.(2D1).4p,x 1P*,1
V,2,V II,262.176573,262.176573,262.176575,air,12000.0,12000,170000000.0,D,37205.0213,75335.877,3d3.(4F).4p,z 3D*,3,3d3.(4F).4d,3P,2
V,2,V II,262.255,262.255,262.2551,air,3600.0,3600,120000000.0,D,46879.9114,84999.351,3d3.(4P).4p,z 5P*,2,3d3.(4P).4d,5P,3
V,2,V II,262.36599,262.36599,262.36603,air,8700.0,8700,200000000.0,D+,47056.321,85159.644,3d3.(2G).4p,z 3H*,4,3d3.(2G).4d,3H,4
V,2,V II,262.37921,262.37921,262.379133,air,2800.0,2800,5500000.0,D+,14556.0689,52657.4892,3d4,a 3G,4,3d3.(2D2).4p,x 3F*,4
V,2,V II,262.80581,262.80581,262.80585,air,6600.0,6600,140000000.0,D+,37041.1798,75080.739,3d3.(4F).4p,z 3D*,2,3d3.(4F).4d,3P,1
V,2,V II,262.967574,262.967574,262.967571,air,170000.0,170000,180000000.0,D+,35483.6058,73499.7723,3d3.(4F).4p,z 5G*,6,3d3.(4F).4d,5G,6
V,2,V II,263.04616,263.04616,263.04623,air,11000.0,11000,180000000.0,D+,47297.1150,85301.914,3d3.(2G).4p,z 3H*,5,3d3.(2G).4d,3H,5
V,2,V II,263.066416,263.066416,263.06643,air,37000.0,37000,87000000.0,B,14655.6082,52657.4892,3d4,a 3G,5,3d3.(2D2).4p,x 3F*,4
V,2,V II,263.8464,263.8464,263.8462,air,5000.0,5000h,110000000.0,D,49568.4673,87458.05,3d3.(2G).4p,z 1F*,3,3d3.(2G).4d,1G,4
V,2,V II,264.08194,264.08194,264.081938,air,200000.0,200000,430000000.0,D+,34592.8439,72448.6001,3d3.(4F).4p,z 5G*,2,3d3.(4F).4d,e 5H,3
V,2,V II,264.220578,264.220578,264.220579,air,24000.0,24000,43000000.0,D+,14556.0689,52391.9627,3d4,a 3G,4,3d3.(2D2).4p,x 3F*,3
V,1,V I,264.22639,264.22639,264.226368,air,190000.0,190000,8100000.0,B,0.000,37835.065,3d3.4s2,a 4F,3/2,3d4.(3P2).4p,t 4D*,3/2
V,2,V II,264.27116,264.27116,264.2712,air,13000.0,13000,33000000.0,D+,30318.5317,68147.179,3d3.(2F).4s,c 3F,4,3d2.(3F).4s.4p.(3P*),v 3F*,4
V,1,V I,264.31549,264.31549,264.31547,air,180000.0,180000,6400000.0,C+,137.383,37959.695,3d3.4s2,a 4F,5/2,3d4.(3P2).4p,t 4D*,5/2
V,2,V II,264.36507,264.36507,264.365087,air,6900.0,6900,130000000.0,D,37520.6639,75335.877,3d3.(4F).4p,z 5D*,3,3d3.(4F).4d,3P,2
V,2,V II,264.41496,264.41496,264.41494,air,12000.0,12000,200000000.0,D+,47607.8215,85415.905,3d3.(2G).4p,z 3H*,6,3d3.(2G).4d,3H,6
V,2,V II,264.433229,264.433229,264.433234,air,230000.0,230000,430000000.0,D+,34745.8281,72551.2964,3d3.(4F).4p,z 5G*,3,3d3.(4F).4d,e 5H,4
V,1,V I,264.52571,264.52571,264.525714,air,610000.0,610000,11300000.0,C+,323.432,38115.684&dagger;,3d3.4s2,a 4F,7/2,3d4.(3P2).4p,t 4D*,7/2
V,2,V II,264.583623,264.583623,264.583606,air,23000.0,23000,88000000.0,B,14461.7495,52245.733,3d4,a 3G,3,3d3.(2D2).4p,x 3F*,2
V,2,V II,264.62329,264.62329,264.62318,air,4400.0,4400,23000000.0,C,37937.703,75716.036,3d2.4s2,e 3F,2,3d3.(2D1).4p,t 3D*,1
V,1,V I,264.77055,264.77055,264.77054,air,370000.0,370000,49000000.0,B,0.000,37757.309,3d3.4s2,a 4F,3/2,3d4.(3P2).4p,t 4D*,1/2
V,2,V II,264.84661,264.84661,264.8466,air,6300.0,6300,104000000.0,B,26839.749,64586.215,3d4,a 1F,3,3d3.(2F).4p,x 1D*,2
V,2,V II,264.932549,264.932549,264.932567,air,290000.0,290000,430000000.0,D+,34946.6366,72680.855,3d3.(4F).4p,z 5G*,4,3d3.(4F).4d,e 5H,5
V,2,V II,265.153543,265.153543,265.15355,air,26000.0,26000,45000000.0,D,34745.8281,72448.6001,3d3.(4F).4p,z 5G*,3,3d3.(4F).4d,e 5H,3
V,1,V I,265.18937,265.18937,265.189354,air,580000.0,580000,33200000.0,B+,137.383,37835.065,3d3.4s2,a 4F,5/2,3d4.(3P2).4p,t 4D*,3/2
V,2,V II,265.2713,265.2713,265.2717,air,29000.0,29000,430000000.0,D+,47056.321,84742.30,3d3.(2G).4p,z 3H*,4,3d3.(2G).4d,3I,5
V,2,V II,265.564733,265.564733,265.564743,air,340000.0,340000,450000000.0,D+,35193.1820,72837.5795,3d3.(4F).4p,z 5G*,5,3d3.(4F).4d,e 5H,6
V,1,V I,265.62213,265.62213,265.622144,air,610000.0,610000,34000000.0,B,323.432,37959.695,3d3.4s2,a 4F,7/2,3d4.(3P2).4p,t 4D*,5/2
V,2,V II,265.729,265.729,265.728955,air,1200.0,1200*,2700000.0,D+,14461.7495,52082.8854,3d4,a 3G,3,3d3.(2H).4p,y 3H*,4
V,2,V II,265.845386,265.845386,265.845388,air,24000.0,24000,47000000.0,D+,34946.6366,72551.2964,3d3.(4F).4p,z 5G*,4,3d3.(4F).4d,e 5H,4
V,2,V II,265.88802,265.88802,265.88819,air,3100.0,3100,29000000.0,D+,30306.389,67904.995,3d3.(2F).4s,c 3F,3,3d2.(3F).4s.4p.(3P*),v 3F*,3
V,2,V II,265.8965,265.8965,265.896446,air,1700.0,1700,3400000.0,D+,14556.0689,52153.5082,3d4,a 3G,4,3d3.(2H).4p,y 3H*,5
V,2,V II,265.89935,265.89935,265.899271,air,2700.0,2700,4100000.0,D+,14655.6082,52252.6480,3d4,a 3G,5,3d3.(2H).4p,y 3H*,6
V,2,V II,265.96003,265.96003,265.960008,air,5000.0,5000,15000000.0,C,17910.9147,55499.3690,3d4,a 1G2,4,3d3.(2H).4p,y 1H*,5
V,2,V II,266.12494,266.12494,266.12503,air,6400.0,6400,19000000.0,C,38193.023,75758.170,3d2.4s2,e 3F,3,3d3.(2D1).4p,t 3D*,2
V,1,V I,266.14216,266.14216,266.142165,air,730000.0,730000,32000000.0,B,552.955,38115.684&dagger;,3d3.4s2,a 4F,9/2,3d4.(3P2).4p,t 4D*,7/2
V,2,V II,266.1427,266.1427,266.1426,air,23000.0,23000,420000000.0,D+,47297.1150,84859.78,3d3.(2G).4p,z 3H*,5,3d3.(2G).4d,3I,6
V,2,V II,266.320787,266.320787,266.320787,air,400000.0,400000,470000000.0,D+,35483.6058,73021.1428,3d3.(4F).4p,z 5G*,6,3d3.(4F).4d,e 5H,7
V,2,V II,266.35106,266.35106,266.35107,air,17000.0,17000,8000000.0,D+,30613.910,68147.179,3d4,d 3F1,4,3d2.(3F).4s.4p.(3P*),v 3F*,4
V,2,V II,266.356,266.356,266.35626,air,1100.0,1100,27000000.0,D+,47607.8215,85140.360,3d3.(2G).4p,z 3H*,6,3d3.(2G).4d,3G,5
V,2,V II,266.675088,266.675088,266.675053,air,21000.0,21000,35000000.0,D+,35193.1820,72680.855,3d3.(4F).4p,z 5G*,5,3d3.(4F).4d,e 5H,5
V,2,V II,266.75228,266.75228,266.75218,air,710.0,710,3900000.0,D+,13608.9393,51085.7739,3d4,b 3F2,4,3d3.(2P).4p,y 3D*,3
V,2,V II,266.801,266.801,266.79907,air,5600.0,5600H,30000000.0,D+,30267.511,67737.759,3d3.(2F).4s,c 3F,2,3d2.(3F).4s.4p.(3P*),v 3F*,2
V,2,V II,267.02322,267.02322,267.023248,air,3800.0,3800,4700000.0,D+,17910.9147,55349.707,3d4,a 1G2,4,3d3.(2H).4p,x 3G*,3
V,1,V I,267.167,267.167,267.16699,air,120000.0,120000,4200000.0,C+,137.383,37556.034,3d3.4s2,a 4F,5/2,3d4.(3F2).4p,v 4G*,7/2
V,2,V II,267.200043,267.200043,267.200045,air,76000.0,76000,21800000.0,B+,106.6421,37520.6639,3d4,a 5D,2,3d3.(4F).4p,z 5D*,3
V,2,V II,267.3209,267.3209,267.3203,air,56000.0,56000*,430000000.0,D+,47607.8215,85005.02,3d3.(2G).4p,z 3H*,6,3d3.(2G).4d,3I,7
V,2,V II,267.60093,267.60093,267.6009,air,6700.0,6700*,240000000.0,D+,47101.9320,84459.912,3d3.(4P).4p,y 5D*,2,3d3.(4P).4d,3D,3
V,2,V II,267.60093,267.60093,267.60109,air,6700.0,6700*,70000000.0,D,48853.0973,86211.051,3d3.(2G).4p,y 3G*,5,3d3.(4P).4d,3F,4
V,2,V II,267.77958,267.77958,267.779591,air,75000.0,75000,32100000.0,B+,36.1017,37369.1542,3d4,a 5D,1,3d3.(4F).4p,z 5D*,2
V,2,V II,267.79514,267.79514,267.79516,air,6600.0,6600,18000000.0,C,38517.085,75847.967,3d2.4s2,e 3F,4,3d3.(2D1).4p,t 3D*,3
V,2,V II,267.856441,267.856441,267.856439,air,47000.0,47000,12200000.0,B,208.7901,37531.1324,3d4,a 5D,3,3d3.(4F).4p,z 5D*,4
V,1,V I,267.86569,267.86569,267.86568,air,330000.0,330000,4200000.0,C,323.432,37644.487,3d3.4s2,a 4F,7/2,3d4.(3F2).4p,v 4G*,9/2
V,2,V II,267.931593,267.931593,267.931595,air,110000.0,110000,31500000.0,B+,208.7901,37520.6639,3d4,a 5D,3,3d3.(4F).4p,z 5D*,3
V,2,V II,267.9852,267.9852,267.98493,air,1400.0,1400,90000000.0,D+,47101.9320,84406.38,3d3.(4P).4p,y 5D*,2,3d3.(4P).4d,3D,2
V,2,V II,268.0287,268.0287,268.0291,air,4400.0,4400,170000000.0,D,47108.0794,84406.38,3d3.(4P).4p,z 3P*,1,3d3.(4P).4d,3D,2
V,2,V II,268.04609,268.04609,268.04602,air,1500.0,1500,4900000.0,C,17910.9147,55206.8615,3d4,a 1G2,4,3d3.(2H).4p,x 3G*,5
V,2,V II,268.28144,268.28144,268.28139,air,15000.0,15000,8000000.0,D+,30641.7674,67904.995,3d4,d 3F1,3,3d2.(3F).4s.4p.(3P*),v 3F*,3
V,2,V II,268.286531,268.286531,268.286544,air,43000.0,43000,17800000.0,B,106.6421,37369.1542,3d4,a 5D,2,3d3.(4F).4p,z 5D*,2
V,2,V II,268.308,268.308,268.30803,air,47000.0,47000bl(V I),32500000.0,B,0.000,37259.5288,3d4,a 5D,0,3d3.(4F).4p,z 5D*,1
V,2,V II,268.3657,268.3657,268.3657,air,1400.0,1400h,130000000.0,D+,47108.0794,84359.60,3d3.(4P).4p,z 3P*,1,3d3.(4P).4d,5F,1
V,1,V I,268.502,268.502,268.50208,air,49000.0,49000,540000.0,D+,323.432,37556.034,3d3.4s2,a 4F,7/2,3d4.(3F2).4p,v 4G*,7/2
V,2,V II,268.5129,268.5129,268.512479,air,8400.0,8400bl,34000000.0,C,17910.9147,55142.0747,3d4,a 1G2,4,3d3.(2D2).4p,y 1F*,3
V,2,V II,268.568272,268.568272,268.568264,air,9800.0,9800,6100000.0,B,36.1017,37259.5288,3d4,a 5D,1,3d3.(4F).4p,z 5D*,1
V,1,V I,268.65097,268.65097,268.65097,air,150000.0,150000,3500000.0,C+,552.955,37764.923,3d3.4s2,a 4F,9/2,3d4.(3F2).4p,v 4G*,11/2
V,2,V II,268.795173,268.795173,268.795167,air,320000.0,320000,85000000.0,B,339.1256,37531.1324,3d4,a 5D,4,3d3.(4F).4p,z 5D*,4
V,2,V II,268.87087,268.87087,268.870851,air,49000.0,49000bl(V I),13900000.0,B+,339.1256,37520.6639,3d4,a 5D,4,3d3.(4F).4p,z 5D*,3
V,2,V II,268.987355,268.987355,268.987348,air,46000.0,46000,97000000.0,B+,36.1017,37201.5378,3d4,a 5D,1,3d3.(4F).4p,z 5D*,0
V,2,V II,269.024064,269.024064,269.024064,air,77000.0,77000,32100000.0,B+,208.7901,37369.1542,3d4,a 5D,3,3d3.(4F).4p,z 5D*,2
V,2,V II,269.078215,269.078215,269.07821,air,74000.0,74000,51000000.0,B,106.6421,37259.5288,3d4,a 5D,2,3d3.(4F).4p,z 5D*,1
V,2,V II,269.4736,269.4736,269.473581,air,760.0,760,189000.0,C+,106.6421,37205.0213,3d4,a 5D,2,3d3.(4F).4p,z 3D*,3
V,2,V II,269.71865,269.71865,269.71867,air,10000.0,10000,11000000.0,D+,30673.089,67737.759,3d4,d 3F1,2,3d2.(3F).4s.4p.(3P*),v 3F*,2
V,2,V II,270.092739,270.092739,270.092751,air,190000.0,190000,35400000.0,B+,339.1256,37352.4639,3d4,a 5D,4,3d3.(4F).4p,z 5F*,5
V,2,V II,270.1535,270.1535,270.153044,air,12000.0,12000,1860000.0,B,36.1017,37041.1798,3d4,a 5D,1,3d3.(4F).4p,z 3D*,2
V,2,V II,270.217651,270.217651,270.217649,air,100000.0,100000,27000000.0,B+,208.7901,37205.0213,3d4,a 5D,3,3d3.(4F).4p,z 3D*,3
V,2,V II,270.52146,270.52146,270.52144,air,7000.0,7000,4500000.0,B,0.000,36954.6872,3d4,a 5D,0,3d3.(4F).4p,z 5F*,1
V,2,V II,270.61122,270.61122,270.61118,air,5400.0,5400,80000000.0,D,49268.6174,86211.051,3d3.(2G).4p,y 3F*,4,3d3.(4P).4d,3F,4
V,2,V II,270.615643,270.615643,270.615641,air,140000.0,140000,33600000.0,B+,208.7901,37150.6143,3d4,a 5D,3,3d3.(4F).4p,z 5F*,4
V,2,V II,270.669029,270.669029,270.669032,air,47000.0,47000,16700000.0,B+,106.6421,37041.1798,3d4,a 5D,2,3d3.(4F).4p,z 3D*,2
V,2,V II,270.78598,270.78598,270.785992,air,22000.0,22000,12200000.0,B+,36.1017,36954.6872,3d4,a 5D,1,3d3.(4F).4p,z 5F*,1
V,2,V II,270.8906,270.8906,270.89004,air,660.0,660?,4200000.0,D+,32040.641,68945.047,3d4,d 3P1,2,3d2.(3F).4s.4p.(3P*),u 3D*,3
V,2,V II,271.01548,271.01548,271.015449,air,2000.0,2000,2500000.0,D+,12706.0798,49593.4096,3d4,a 3H,6,3d3.(2G).4p,z 1H*,5
V,2,V II,271.173048,271.173048,271.173028,air,28000.0,28000,8600000.0,B,339.1256,37205.0213,3d4,a 5D,4,3d3.(4F).4p,z 3D*,3
V,2,V II,271.21377,271.21377,271.213782,air,24000.0,24000,400000000.0,D+,49593.4096,86453.766,3d3.(2G).4p,z 1H*,5,3d3.(2G).4d,1I,6
V,2,V II,271.23757,271.23757,271.23762,air,8100.0,8100*,250000000.0,D+,52082.8854,88940.003,3d3.(2H).4p,y 3H*,4,3d3.(2H).4d,3I,5
V,2,V II,271.27473,271.27473,271.27476,air,5200.0,5200,240000000.0,D+,52153.5082,89005.580,3d3.(2H).4p,y 3H*,5,3d3.(2H).4d,3I,6
V,2,V II,271.30438,271.30438,271.304402,air,11000.0,11000,6300000.0,B+,106.6421,36954.6872,3d4,a 5D,2,3d3.(4F).4p,z 5F*,1
V,2,V II,271.419737,271.419737,271.419725,air,21000.0,21000,7600000.0,B+,208.7901,37041.1798,3d4,a 5D,3,3d3.(4F).4p,z 3D*,2
V,2,V II,271.43645,271.43645,271.43644,air,5600.0,5600,250000000.0,D+,52252.6480,89082.770,3d3.(2H).4p,y 3H*,6,3d3.(2H).4d,3I,7
V,2,V II,271.565473,271.565473,271.565476,air,100000.0,100000,30400000.0,B+,106.6421,36919.2647,3d4,a 5D,2,3d3.(4F).4p,z 5F*,3
V,2,V II,271.57383,271.57383,271.573841,air,8300.0,8300,2450000.0,B,339.1256,37150.6143,3d4,a 5D,4,3d3.(4F).4p,z 5F*,4
V,1,V I,272.25542,272.25542,272.25542,air,450000.0,450000,141000000.0,B,10892.520,47611.858,3d3.4s2,a 2G,7/2,3d3.(2G).4s.4p.(1P*),2H*,9/2
V,2,V II,272.32107,272.32107,272.321156,air,10000.0,10000,2340000.0,B+,208.7901,36919.2647,3d4,a 5D,3,3d3.(4F).4p,z 5F*,3
V,2,V II,272.34487,272.34487,272.344883,air,19000.0,19000,92000000.0,B,34228.8534,70936.130,3d3.(2F).4s,b 1F,3,3d2.(3F).4s.4p.(3P*),1F*,3
V,2,V II,272.4388,272.4388,272.43904,air,4200.0,4200,9000000.0,D+,34228.8534,70923.444,3d3.(2F).4s,b 1F,3,3d2.(3F).4s.4p.(3P*),1D*,2
V,2,V II,272.6532,272.6532,272.653408,air,11000.0,11000,5700000.0,D+,12545.1024,49210.8445,3d4,a 3H,4,3d3.(2G).4p,y 3F*,3
V,2,V II,272.863729,272.863729,272.863728,air,77000.0,77000,19800000.0,B+,36.1017,36673.5838,3d4,a 5D,1,3d3.(4F).4p,z 5F*,2
V,2,V II,272.87115,272.87115,272.87115,air,13000.0,13000,40000000.0,D+,36673.5838,73310.0695,3d3.(4F).4p,z 5F*,2,3d3.(4F).4d,3D,2
V,1,V I,273.13415,273.13415,273.13415,air,540000.0,540000,144000000.0,B+,11100.596,47701.807,3d3.4s2,a 2G,9/2,3d3.(2G).4s.4p.(1P*),2H*,11/2
V,2,V II,273.2914,273.2914,273.291493,air,1400.0,1400,310000.0,C+,339.1256,36919.2647,3d4,a 5D,4,3d3.(4F).4p,z 5F*,3
V,2,V II,273.29518,273.29518,273.29515,air,11000.0,11000,200000000.0,D+,48579.9945,85159.644,3d3.(2G).4p,y 3G*,3,3d3.(2G).4d,3H,4
V,2,V II,273.35858,273.35858,273.35855,air,11000.0,11000,200000000.0,D+,48730.7480,85301.914,3d3.(2G).4p,y 3G*,4,3d3.(2G).4d,3H,5
V,2,V II,273.39019,273.39019,273.390132,air,10000.0,10000,2370000.0,B+,106.6421,36673.5838,3d4,a 5D,2,3d3.(4F).4p,z 5F*,2
V,2,V II,273.42103,273.42103,273.42104,air,16000.0,16000,230000000.0,D+,48853.0973,85415.905,3d3.(2G).4p,y 3G*,5,3d3.(2G).4d,3H,6
V,2,V II,273.66594,273.66594,273.665956,air,4900.0,4900,28000000.0,D+,39612.9643,76143.0526,3d3.(4F).4p,z 3G*,5,3d3.(4F).4d,3F,4
V,2,V II,273.97071,273.97071,273.97084,air,38000.0,38000bl,27000000.0,B,0.000,36489.4382,3d4,a 5D,0,3d3.(4F).4p,z 3D*,1
V,2,V II,274.156,274.156,274.156014,air,1300.0,1300,320000.0,B,208.7901,36673.5838,3d4,a 5D,3,3d3.(4F).4p,z 5F*,2
V,2,V II,274.2416,274.2416,274.242186,air,18000.0,18000,7100000.0,C+,36.1017,36489.4382,3d4,a 5D,1,3d3.(4F).4p,z 3D*,1
V,2,V II,274.26731,274.26731,274.267313,air,11000.0,11000,1920000.0,B,3162.9673,39612.9643,3d3.(4F).4s,a 5F,5,3d3.(4F).4p,z 3G*,5
V,2,V II,274.3772,274.3772,274.377205,air,4400.0,4400,840000.0,B,2968.3883,39403.7873,3d3.(4F).4s,a 5F,4,3d3.(4F).4p,z 3G*,4
V,2,V II,274.64569,274.64569,274.64574,air,1100.0,1100,130000000.0,D,54144.1912,90543.967,3d3.(2H).4p,y 1G*,4,3d3.(2H).4d,1G,4
V,2,V II,274.74644,274.74644,274.74624,air,9500.0,9500*,9000000.0,D+,13511.7993,49898.2618,3d3.(4P).4s,a 5P,1,3d3.(2P).4p,z 1D*,2
V,2,V II,274.74644,274.74644,274.746413,air,9500.0,9500*,29000000.0,B,19112.9298,55499.3690,3d3.(2G).4s,b 1G,4,3d3.(2H).4p,y 1H*,5
V,2,V II,274.93352,274.93352,274.93327,air,1700.0,1700,7900000.0,D+,20980.9260,57342.637,3d4,a 1D2,2,3d3.(2D2).4p,y 1D*,2
V,2,V II,275.022544,275.022544,275.022541,air,44000.0,44000,170000000.0,D,36489.4382,72839.3466,3d3.(4F).4p,z 3D*,1,3d3.(4F).4d,5F,1
V,2,V II,275.17352,275.17352,275.17349,air,9000.0,9000,230000000.0,D+,48730.7480,85060.717,3d3.(2G).4p,y 3G*,4,3d3.(2G).4d,3G,4
V,2,V II,275.205917,275.205917,275.205908,air,47000.0,47000,120000000.0,D,37205.0213,73530.7114,3d3.(4F).4p,z 3D*,3,3d3.(4F).4d,3D,3
V,2,V II,275.33969,275.33969,275.339688,air,45000.0,45000,143000000.0,A,19191.3276,55499.3690,3d4,a 1I,6,3d3.(2H).4p,y 1H*,5
V,2,V II,275.49739,275.49739,275.49736,air,10000.0,10000,220000000.0,D+,48853.0973,85140.360,3d3.(2G).4p,y 3G*,5,3d3.(2G).4d,3G,5
V,2,V II,275.63693,275.63693,275.63685,air,26000.0,26000*,7700000.0,D+,19902.609,56171.509,3d4,a 1S2,0,3d3.(2P).4p,y 1P*,1
V,2,V II,275.63693,275.63693,275.636929,air,26000.0,26000*,110000000.0,D,37041.1798,73310.0695,3d3.(4F).4p,z 3D*,2,3d3.(4F).4d,3D,2
V,2,V II,275.847111,275.847111,275.847104,air,25000.0,25000,150000000.0,D+,39612.9643,75854.2212,3d3.(4F).4p,z 3G*,5,3d3.(4F).4d,3G,5
V,2,V II,275.8776,275.8776,275.8772,air,1600.0,1600,210000000.0,D+,54144.1912,90381.50,3d3.(2H).4p,y 1G*,4,3d3.(2H).4d,1F,3
V,2,V II,275.88119,275.88119,275.881207,air,4400.0,4400,42000000.0,B,19112.9298,55349.707,3d3.(2G).4s,b 1G,4,3d3.(2H).4p,x 3G*,3
V,2,V II,275.90796,275.90796,275.907863,air,1300.0,1300,2300000.0,D+,17910.9147,54144.1912,3d4,a 1G2,4,3d3.(2H).4p,y 1G*,4
V,2,V II,275.9555,275.9555,275.95603,air,31000.0,31000bl,140000000.0,D+,36954.6872,73181.640,3d3.(4F).4p,z 5F*,1,3d3.(4F).4d,3D,1
V,2,V II,276.0122,276.0122,276.01214,air,18000.0,18000,36000000.0,C,13511.7993,49731.388,3d3.(4P).4s,a 5P,1,3d3.(4P).4p,z 5S*,2
V,2,V II,276.069288,276.069288,276.06929,air,28000.0,28000,69000000.0,B,19191.3276,55403.4184,3d4,a 1I,6,3d3.(2H).4p,z 1I*,6
V,2,V II,276.07294,276.07294,276.072942,air,17000.0,17000,140000000.0,D+,39403.7873,75615.399,3d3.(4F).4p,z 3G*,4,3d3.(4F).4d,3G,4
V,2,V II,276.2468,276.2468,276.24678,air,11000.0,11000,140000000.0,D,39234.0877,75422.913,3d3.(4F).4p,z 3G*,3,3d3.(4F).4d,3G,3
V,2,V II,276.564076,276.564076,276.564081,air,250000.0,250000,260000000.0,D+,37352.4639,73499.7723,3d3.(4F).4p,z 5F*,5,3d3.(4F).4d,5G,6
V,2,V II,276.566303,276.566303,276.566307,air,44000.0,44000,60000000.0,B,12706.0798,48853.0973,3d4,a 3H,6,3d3.(2G).4p,y 3G*,5
V,2,V II,276.64548,276.64548,276.64557,air,32000.0,32000,60000000.0,B,13594.726,49731.388,3d3.(4P).4s,a 5P,2,3d3.(4P).4p,z 5S*,2
V,2,V II,276.81352,276.81352,276.813521,air,7000.0,7000,9900000.0,C,13608.9393,49723.6766,3d4,b 3F2,4,3d3.(2G).4p,z 1G*,4
V,2,V II,276.855505,276.855505,276.855495,air,37000.0,37000,59000000.0,B,12621.4857,48730.7480,3d4,a 3H,5,3d3.(2G).4p,y 3G*,4
V,2,V II,276.9731,276.9731,276.973093,air,3700.0,3700,11200000.0,C,19112.9298,55206.8615,3d3.(2G).4s,b 1G,4,3d3.(2H).4p,x 3G*,5
V,2,V II,277.21861,277.21861,277.21856,air,5700.0,5700,180000000.0,D+,52878.029,88940.003,3d3.(2H).4p,z 3I*,5,3d3.(2H).4d,3I,5
V,2,V II,277.42691,277.42691,277.426909,air,28000.0,28000,58000000.0,B,12545.1024,48579.9945,3d4,a 3H,4,3d3.(2G).4p,y 3G*,3
V,2,V II,277.471157,277.471157,277.471165,air,21000.0,21000,70000000.0,B,19112.9298,55142.0747,3d3.(2G).4s,b 1G,4,3d3.(2D2).4p,y 1F*,3
V,2,V II,277.49678,277.49678,277.496766,air,9200.0,9200,13000000.0,C,13542.6461,49568.4673,3d4,b 3F2,3,3d3.(2G).4p,z 1F*,3
V,2,V II,277.576,277.576,277.576033,air,17000.0,17000,51000000.0,B,19191.3276,55206.8615,3d4,a 1I,6,3d3.(2H).4p,x 3G*,5
V,2,V II,277.618314,277.618314,277.618326,air,37000.0,37000,110000000.0,D,37520.6639,73530.7114,3d3.(4F).4p,z 5D*,3,3d3.(4F).4d,3D,3
V,2,V II,277.7739,277.7739,277.77492,air,31000.0,31000,78000000.0,B,13741.6394,49731.388,3d3.(4P).4s,a 5P,3,3d3.(4P).4p,z 5S*,2
V,2,V II,277.853912,277.853912,277.853905,air,52000.0,52000,400000000.0,D+,39612.9643,75592.4821,3d3.(4F).4p,z 3G*,5,3d3.(4F).4d,3H,6
V,2,V II,278.13994,278.13994,278.13995,air,44000.0,44000,390000000.0,D+,39403.7873,75346.305,3d3.(4F).4p,z 3G*,4,3d3.(4F).4d,3H,5
V,2,V II,278.15235,278.15235,278.152351,air,15000.0,15000,53000000.0,D+,37369.1542,73310.0695,3d3.(4F).4p,z 5D*,2,3d3.(4F).4d,3D,2
V,2,V II,278.2466,278.2466,278.24654,air,4600.0,4600,170000000.0,D+,53076.8305,89005.580,3d3.(2H).4p,z 3I*,6,3d3.(2H).4d,3I,6
V,2,V II,278.418562,278.418562,278.41856,air,35000.0,35000,390000000.0,D+,39234.0877,75140.640,3d3.(4F).4p,z 3G*,3,3d3.(4F).4d,3H,4
V,2,V II,278.6623,278.6623,278.6621,air,4500.0,4500,80000000.0,D,49201.7171,85076.89,3d3.(2G).4p,y 3F*,2,3d3.(2G).4d,3G,3
V,2,V II,278.68862,278.68862,278.68875,air,4600.0,4600,70000000.0,D,49268.6174,85140.360,3d3.(2G).4p,y 3F*,4,3d3.(2G).4d,3G,5
V,2,V II,278.85866,278.85866,278.85877,air,3000.0,3000,80000000.0,D,49210.8445,85060.717,3d3.(2G).4p,y 3F*,3,3d3.(2G).4d,3G,4
V,2,V II,279.15577,279.15577,279.15574,air,17000.0,17000,200000000.0,D,40001.7556,75813.492,3d3.(4F).4p,z 3F*,2,3d3.(4F).4d,3F,2
V,2,V II,279.477182,279.477182,279.477163,air,24000.0,24000,210000000.0,D+,40195.5675,75966.120,3d3.(4F).4p,z 3F*,3,3d3.(4F).4d,3F,3
V,2,V II,279.53434,279.53434,279.53438,air,5600.0,5600,180000000.0,D+,53319.539,89082.770,3d3.(2H).4p,z 3I*,7,3d3.(2H).4d,3I,7
V,2,V II,279.70119,279.70119,279.701204,air,11000.0,11000,34000000.0,B,16340.9837,52082.8854,3d3.(2G).4s,b 3G,3,3d3.(2H).4p,y 3H*,4
V,2,V II,279.778888,279.778888,279.77888,air,14000.0,14000,35000000.0,B,16421.5292,52153.5082,3d3.(2G).4s,b 3G,4,3d3.(2H).4p,y 3H*,5
V,2,V II,279.87537,279.87537,279.875345,air,17000.0,17000,39000000.0,B,16532.9841,52252.6480,3d3.(2G).4s,b 3G,5,3d3.(2H).4p,y 3H*,6
V,2,V II,279.927845,279.927845,279.927847,air,31000.0,31000,230000000.0,D+,40430.0878,76143.0526,3d3.(4F).4p,z 3F*,4,3d3.(4F).4d,3F,4
V,2,V II,279.94457,279.94457,279.94456,air,19000.0,19000,56000000.0,B,13490.8843,49201.7171,3d4,b 3F2,2,3d3.(2G).4p,y 3F*,2
V,2,V II,279.998332,279.998332,279.998324,air,30000.0,30000,44000000.0,D,37205.0213,72908.9974,3d3.(4F).4p,z 3D*,3,3d3.(4F).4d,e 5P,3
V,2,V II,280.279215,280.279215,280.279196,air,22000.0,22000,46000000.0,B,13542.6461,49210.8445,3d4,b 3F2,3,3d3.(2G).4p,y 3F*,3
V,2,V II,280.3327,280.3327,280.332975,air,5100.0,5100,2100000.0,D+,16421.5292,52082.8854,3d3.(2G).4s,b 3G,4,3d3.(2H).4p,y 3H*,4
V,2,V II,280.346176,280.346176,280.346168,air,30000.0,30000,57000000.0,B,13608.9393,49268.6174,3d4,b 3F2,4,3d3.(2G).4p,y 3F*,4
V,2,V II,280.35089,280.35089,280.350941,air,2000.0,2000,5600000.0,D+,13542.6461,49201.7171,3d4,b 3F2,3,3d3.(2G).4p,y 3F*,2
V,2,V II,280.4439,280.4439,280.44453,air,4000.0,4000,23000000.0,D+,19166.315,54813.486,3d3.(2P).4s,b 3P,1,3d3.(2D2).4p,x 3P*,0
V,2,V II,280.55348,280.55348,280.553486,air,6100.0,6100,32000000.0,C,18293.8723,53927.2005,3d4,a 3D,2,3d3.(2D2).4p,w 3D*,3
V,2,V II,280.5937,280.5937,280.5932,air,4300.0,4300,70000000.0,D,49268.6174,84896.902,3d3.(2G).4p,y 3F*,4,3d3.(2G).4d,1H,5
V,2,V II,280.6551,280.6551,280.654339,air,5000.0,5000,2100000.0,D+,16532.9841,52153.5082,3d3.(2G).4s,b 3G,5,3d3.(2H).4p,y 3H*,5
V,2,V II,280.82282,280.82282,280.82281,air,5100.0,5100,37000000.0,C,18269.515,53868.671,3d4,a 3D,1,3d3.(2D2).4p,w 3D*,2
V,2,V II,280.86895,280.86895,280.869053,air,1300.0,1300,3160000.0,B,11514.7845,47108.0794,3d4,a 3P2,1,3d3.(4P).4p,z 3P*,1
V,2,V II,280.9512,280.9512,280.95115,air,20000.0,20000,25000000.0,C,19132.792,54715.687,3d3.(2P).4s,b 3P,2,3d3.(2D2).4p,x 3P*,2
V,2,V II,281.01505,281.01505,281.015091,air,19000.0,19000,88000000.0,B,18293.8723,53868.671,3d4,a 3D,2,3d3.(2D2).4p,w 3D*,2
V,2,V II,281.02635,281.02635,281.026374,air,34000.0,34000,150000000.0,A,18353.830,53927.2005,3d4,a 3D,3,3d3.(2D2).4p,w 3D*,3
V,2,V II,281.15963,281.15963,281.15971,air,1800.0,1800,13000000.0,D+,19161.422,54717.923,3d3.(2P).4s,b 3P,0,3d3.(2D2).4p,x 3P*,1
V,2,V II,281.1984,281.1984,281.19841,air,7800.0,7800,13000000.0,D+,19166.315,54717.923,3d3.(2P).4s,b 3P,1,3d3.(2D2).4p,x 3P*,1
V,2,V II,281.2161,281.2161,281.2161,air,2400.0,2400,10700000.0,C,19166.315,54715.687,3d3.(2P).4s,b 3P,1,3d3.(2D2).4p,x 3P*,2
V,2,V II,281.266095,281.266095,281.266089,air,36000.0,36000,30000000.0,D,37520.6639,73063.7177,3d3.(4F).4p,z 5D*,3,3d3.(4F).4d,5G,4
V,2,V II,281.32172,281.32172,281.321667,air,5100.0,5100,27000000.0,D+,40430.0878,75966.120,3d3.(4F).4p,z 3F*,4,3d3.(4F).4d,3F,3
V,2,V II,281.48995,281.48995,281.489536,air,5900.0,5900bl,22000000.0,C,18353.830,53868.671,3d4,a 3D,3,3d3.(2D2).4p,w 3D*,2
V,2,V II,281.50243,281.50243,281.50215,air,1400.0,1400,11000000.0,D,11514.7845,47028.034,3d4,a 3P2,1,3d3.(4P).4p,z 3P*,0
V,2,V II,281.6692,281.6692,281.66872,air,850.0,850h,23000000.0,D+,49568.4673,85060.717,3d3.(2G).4p,z 1F*,3,3d3.(2G).4d,3G,4
V,2,V II,281.74949,281.74949,281.7495,air,12000.0,12000,104000000.0,B,18269.515,53751.589,3d4,a 3D,1,3d3.(2D2).4p,w 3D*,1
V,2,V II,281.84608,281.84608,281.846206,air,41000.0,41000,80000000.0,D+,37205.0213,72674.9214,3d3.(4F).4p,z 3D*,3,3d3.(4F).4d,e 5P,2
V,2,V II,281.94308,281.94308,281.94305,air,3300.0,3300,28000000.0,C,18293.8723,53751.589,3d4,a 3D,2,3d3.(2D2).4p,w 3D*,1
V,2,V II,282.1115,282.1115,282.11177,air,12000.0,12000,9300000.0,C,14461.7495,49898.2618,3d4,a 3G,3,3d3.(2P).4p,z 1D*,2
V,2,V II,282.1439,282.1439,282.14343,air,1300.0,1300,40000000.0,D+,49210.8445,84643.381,3d3.(2G).4p,y 3F*,3,3d3.(2G).4d,1F,3
V,2,V II,282.210362,282.210362,282.210359,air,36000.0,36000,240000000.0,D+,40430.0878,75854.2212,3d3.(4F).4p,z 3F*,4,3d3.(4F).4d,3G,5
V,2,V II,282.23407,282.23407,282.23407,air,17000.0,17000,240000000.0,D+,40001.7556,75422.913,3d3.(4F).4p,z 3F*,2,3d3.(4F).4d,3G,3
V,2,V II,282.244648,282.244648,282.244636,air,26000.0,26000,230000000.0,D+,40195.5675,75615.399,3d3.(4F).4p,z 3F*,3,3d3.(4F).4d,3G,4
V,2,V II,282.2703,282.2703,282.26973,air,1300.0,1300h,30000000.0,D+,49723.6766,85140.360,3d3.(2G).4p,z 1G*,4,3d3.(2G).4d,3G,5
V,2,V II,282.44287,282.44287,282.44278,air,1000.0,1000,2480000.0,B,11295.511,46690.4958,3d4,a 3P2,0,3d3.(4P).4p,y 5D*,1
V,2,V II,282.495861,282.495861,282.495865,air,33000.0,33000,41000000.0,D,37520.6639,72908.9974,3d3.(4F).4p,z 5D*,3,3d3.(4F).4d,e 5P,3
V,2,V II,282.579454,282.579454,282.579462,air,170000.0,170000,310000000.0,D+,37531.1324,72908.9974,3d3.(4F).4p,z 5D*,4,3d3.(4F).4d,e 5P,3
V,2,V II,282.6047,282.6047,282.60424,air,1000.0,1000,28000000.0,D+,49268.6174,84643.381,3d3.(2G).4p,y 3F*,4,3d3.(2G).4d,1F,3
V,2,V II,283.03977,283.03977,283.03973,air,9500.0,9500,75000000.0,B,20343.0477,55663.385,3d3.(4P).4s,c 3P,2,3d3.(4P).4p,y 3S*,1
V,2,V II,283.0658,283.0658,283.06579,air,30000.0,30000,80000000.0,D,37201.5378,72518.624,3d3.(4F).4p,z 5D*,0,3d3.(4F).4d,e 5P,1
V,2,V II,283.17492,283.17492,283.17479,air,4400.0,4400,120000000.0,D+,49593.4096,84896.902,3d3.(2G).4p,z 1H*,5,3d3.(2G).4d,1H,5
V,2,V II,283.65155,283.65155,283.651546,air,14000.0,14000,22100000.0,B,13608.9393,48853.0973,3d4,b 3F2,4,3d3.(2G).4p,y 3G*,5
V,2,V II,283.689,283.689,283.6896,air,1100.0,1100h*,26000000.0,D+,55142.0747,90381.50,3d3.(2D2).4p,y 1F*,3,3d3.(2H).4d,1F,3
V,1,V I,283.8051,283.8051,283.80591,air,130000.0,130000,420000.0,C,0.000,35224.990,3d3.4s2,a 4F,3/2,3d3.(2D2).4s.4p.(3P*),u 4D*,5/2
V,2,V II,283.8532,283.8532,283.853212,air,2500.0,2500h,2500000.0,D+,20280.2493,55499.3690,3d3.(2H).4s,b 3H,5,3d3.(2H).4p,y 1H*,5
V,2,V II,284.00884,284.00884,284.008853,air,2500.0,2500,5900000.0,B+,11908.2593,47108.0794,3d4,a 3P2,2,3d3.(4P).4p,z 3P*,1
V,2,V II,284.05845,284.05845,284.058464,air,2200.0,2200,4700000.0,B,11908.2593,47101.9320,3d4,a 3P2,2,3d3.(4P).4p,y 5D*,2
V,2,V II,284.10341,284.10341,284.103437,air,12000.0,12000,24000000.0,C,13542.6461,48730.7480,3d4,b 3F2,3,3d3.(2G).4p,y 3G*,4
V,2,V II,284.22357,284.22357,284.2236,air,7800.0,7800,160000000.0,D+,49723.6766,84896.902,3d3.(2G).4p,z 1G*,4,3d3.(2G).4d,1H,5
V,2,V II,284.41564,284.41564,284.415704,air,41000.0,41000,110000000.0,D+,37369.1542,72518.624,3d3.(4F).4p,z 5D*,2,3d3.(4F).4d,e 5P,1
V,2,V II,284.4826,284.4826,284.48234,air,1500.0,1500,6900000.0,D+,20522.148,55663.385,3d3.(2D2).4s,b 3D,1,3d3.(4P).4p,y 3S*,1
V,2,V II,284.5244,284.5244,284.52448,air,11000.0,11000,51000000.0,B,20363.3370,55499.3690,3d3.(2H).4s,b 3H,6,3d3.(2H).4p,y 1H*,5
V,2,V II,284.61159,284.61159,284.61161,air,3800.0,3800,23000000.0,D+,51085.7739,86211.051,3d3.(2P).4p,y 3D*,3,3d3.(4P).4d,3F,4
V,2,V II,284.7572,284.7572,284.75717,air,35000.0,35000,137000000.0,A,20242.385,55349.707,3d3.(2H).4s,b 3H,4,3d3.(2H).4p,x 3G*,3
V,1,V I,284.87731,284.87731,284.87731,air,310000.0,310000,10100000.0,B+,0.000,35092.518,3d3.4s2,a 4F,3/2,3d3.(2D2).4s.4p.(3P*),u 4D*,3/2
V,2,V II,284.90496,284.90496,284.904975,air,10000.0,10000,23000000.0,C,13490.8843,48579.9945,3d4,b 3F2,2,3d3.(2G).4p,y 3G*,3
V,1,V I,284.91717,284.91717,284.91718,air,310000.0,310000,7800000.0,B+,137.383,35224.990,3d3.4s2,a 4F,5/2,3d3.(2D2).4s.4p.(3P*),u 4D*,5/2
V,2,V II,285.02012,285.02012,285.02029,air,4300.0,4300,110000000.0,D,49568.4673,84643.381,3d3.(2G).4p,z 1F*,3,3d3.(2G).4d,1F,3
V,2,V II,285.06837,285.06837,285.06836,air,12000.0,12000,80000000.0,B,22273.6366,57342.637,3d3.(2P).4s,a 1P,1,3d3.(2D2).4p,y 1D*,2
V,2,V II,285.07598,285.07598,285.075934,air,7700.0,7700,11900000.0,C,14655.6082,49723.6766,3d4,a 3G,5,3d3.(2G).4p,z 1G*,4
V,2,V II,285.1252,285.1252,285.12526,air,3300.0,3300,10700000.0,C,20242.385,55304.3869,3d3.(2H).4s,b 3H,4,3d3.(2H).4p,x 3G*,4
V,1,V I,285.17509,285.17509,285.1751,air,450000.0,450000,4160000.0,B+,323.432,35379.307,3d3.4s2,a 4F,7/2,3d3.(2D2).4s.4p.(3P*),u 4D*,7/2
V,2,V II,285.25303,285.25303,285.25292,air,8200.0,8200,37000000.0,C,20617.0735,55663.385,3d3.(2D2).4s,b 3D,2,3d3.(4P).4p,y 3S*,1
V,2,V II,285.286,285.286,285.2858,air,7600.0,7600,42000000.0,D+,47324.292,82366.56&dagger;,3d3.(2D1).4s,d 1D,2,3d3.(2D1).4p,x 1P*,1
V,2,V II,285.3483,285.3483,285.3478,air,820.0,820*,80000000.0,D+,52181.204,87215.86,3d3.(2P).4p,z 3S*,1,3d3.(4P).4d,3P,2
V,2,V II,285.37542,285.37542,285.375474,air,2000.0,2000,5300000.0,C,19112.9298,54144.1912,3d3.(2G).4s,b 1G,4,3d3.(2H).4p,y 1G*,4
V,2,V II,285.433535,285.433535,285.433522,air,54000.0,54000,179000000.0,A,20280.2493,55304.3869,3d3.(2H).4s,b 3H,5,3d3.(2H).4p,x 3G*,4
V,1,V I,285.52221,285.52221,285.52221,air,900000.0,900000,50000000.0,B+,0.000,35013.259&dagger;,3d3.4s2,a 4F,3/2,3d3.(2D2).4s.4p.(3P*),u 4D*,1/2
V,2,V II,285.52923,285.52923,285.529228,air,12000.0,12000,20000000.0,C,14556.0689,49568.4673,3d4,a 3G,4,3d3.(2G).4p,z 1F*,3
V,1,V I,285.99701,285.99701,285.997,air,810000.0,810000,35900000.0,B+,137.383,35092.518,3d3.4s2,a 4F,5/2,3d3.(2D2).4s.4p.(3P*),u 4D*,3/2
V,2,V II,286.23053,286.23053,286.230575,air,2600.0,2600,7500000.0,C,20280.2493,55206.8615,3d3.(2H).4s,b 3H,5,3d3.(2H).4p,x 3G*,5
V,2,V II,286.28726,286.28726,286.2872,air,3500.0,3500,110000000.0,D,49723.6766,84643.381,3d3.(2G).4p,z 1G*,4,3d3.(2G).4d,1F,3
V,2,V II,286.3738,286.3738,286.37373,air,2600.0,2600,100000000.0,D+,54144.1912,89053.345,3d3.(2H).4p,y 1G*,4,3d3.(2H).4d,1H,5
V,1,V I,286.43603,286.43603,286.43606,air,1100000.0,1100000bl(V II),30400000.0,B+,323.432,35224.990,3d3.4s2,a 4F,7/2,3d3.(2D2).4s.4p.(3P*),u 4D*,5/2
V,2,V II,286.4514,286.4514,286.45139,air,14000.0,14000,56000000.0,B,20242.385,55142.0747,3d3.(2H).4s,b 3H,4,3d3.(2D2).4p,y 1F*,3
V,1,V I,286.65917,286.65917,286.65917,air,470000.0,470000,420000000.0,C,15103.784,49978.178,3d3.4s2,a 2H,9/2,3d3.(2H).4s.4p.(1P*),x 2I*,11/2
V,1,V I,286.81003,286.81003,286.81003,air,580000.0,580000,440000000.0,C,15264.832,50120.884&dagger;,3d3.4s2,a 2H,11/2,3d3.(2H).4s.4p.(1P*),x 2I*,13/2
V,2,V II,286.8103,286.8103,286.80856,air,11000.0,11000,210000000.0,D,46879.9114,81736.142,3d3.(4P).4p,z 5P*,2,3d3.(4P).5s,3P,1
V,2,V II,286.91315,286.91315,286.91315,air,46000.0,46000,133000000.0,A,20363.3370,55206.8615,3d3.(2H).4s,b 3H,6,3d3.(2H).4p,x 3G*,5
V,2,V II,286.99596,286.99596,286.996095,air,6200.0,6200,1900000.0,B+,2687.2090,37520.6639,3d3.(4F).4s,a 5F,2,3d3.(4F).4p,z 5D*,3
V,2,V II,287.01015,287.01015,287.010138,air,5400.0,5400,5300000.0,D+,11908.2593,46740.0100,3d4,a 3P2,2,3d3.(4P).4p,z 3P*,2
V,1,V I,287.05463,287.05463,287.05463,air,930000.0,930000,27900000.0,B+,552.955,35379.307,3d3.4s2,a 4F,9/2,3d3.(2D2).4s.4p.(3P*),u 4D*,7/2
V,2,V II,287.14566,287.14566,287.14565,air,1100.0,1100,8200000.0,D+,19902.609,54717.923,3d4,a 1S2,0,3d3.(2D2).4p,x 3P*,1
V,2,V II,287.31824,287.31824,287.31818,air,5100.0,5100,3300000.0,D+,19132.792,53927.2005,3d3.(2P).4s,b 3P,2,3d3.(2D2).4p,w 3D*,3
V,2,V II,287.56857,287.56857,287.568567,air,7200.0,7200,3290000.0,B+,2605.0400,37369.1542,3d3.(4F).4s,a 5F,1,3d3.(4F).4p,z 5D*,2
V,2,V II,287.69291,287.69291,287.692865,air,2900.0,2900,6700000.0,C,14461.7495,49210.8445,3d4,a 3G,3,3d3.(2G).4p,y 3F*,3
V,2,V II,287.76846,287.76846,287.768455,air,24000.0,24000,73000000.0,B,14461.7495,49201.7171,3d4,a 3G,3,3d3.(2G).4p,y 3F*,2
V,2,V II,287.8021,287.8021,287.80233,air,2300.0,2300,36000000.0,C,19132.792,53868.671,3d3.(2P).4s,b 3P,2,3d3.(2D2).4p,w 3D*,2
V,2,V II,287.8293,287.8293,287.82922,air,3500.0,3500,3100000.0,D+,20617.0735,55349.707,3d3.(2D2).4s,b 3D,2,3d3.(2H).4p,x 3G*,3
V,2,V II,287.90215,287.90215,287.90215,air,620.0,620,27000000.0,D+,20089.6495,54813.486,3d3.(4P).4s,c 3P,1,3d3.(2D2).4p,x 3P*,0
V,2,V II,287.91594,287.91594,287.915936,air,14000.0,14000,4300000.0,B+,2808.9590,37531.1324,3d3.(4F).4s,a 5F,3,3d3.(4F).4p,z 5D*,4
V,2,V II,287.9651,287.9651,287.96553,air,720.0,720,1400000.0,D+,34228.8534,68945.047,3d3.(2F).4s,b 1F,3,3d2.(3F).4s.4p.(3P*),u 3D*,3
V,2,V II,287.99589,287.99589,287.995772,air,1100.0,1100,2900000.0,D+,14556.0689,49268.6174,3d4,a 3G,4,3d3.(2G).4p,y 3F*,4
V,2,V II,288.00276,288.00276,288.002771,air,81000.0,81000,26200000.0,B+,2808.9590,37520.6639,3d3.(4F).4s,a 5F,3,3d3.(4F).4p,z 5D*,3
V,2,V II,288.0803,288.0803,288.08036,air,3600.0,3600,4500000.0,D+,19166.315,53868.671,3d3.(2P).4s,b 3P,1,3d3.(2D2).4p,w 3D*,2
V,2,V II,288.249904,288.249904,288.249911,air,95000.0,95000,45000000.0,B+,2687.2090,37369.1542,3d3.(4F).4s,a 5F,2,3d3.(4F).4p,z 5D*,2
V,2,V II,288.4056,288.4056,288.40552,air,8000.0,8000,182000000.0,B,30267.511,64930.745,3d3.(2F).4s,c 3F,2,3d3.(2F).4p,v 3D*,1
V,2,V II,288.4776,288.4776,288.475911,air,42000.0,42000*,53000000.0,B,14556.0689,49210.8445,3d4,a 3G,4,3d3.(2G).4p,y 3F*,3
V,2,V II,288.4776,288.4776,288.478299,air,42000.0,42000*,60000000.0,B+,2605.0400,37259.5288,3d3.(4F).4s,a 5F,1,3d3.(4F).4p,z 5D*,1
V,2,V II,288.69674,288.69674,288.6967,air,6600.0,6600,45000000.0,C,20089.6495,54717.923,3d3.(4P).4s,c 3P,1,3d3.(2D2).4p,x 3P*,1
V,2,V II,288.71538,288.71538,288.71534,air,2900.0,2900,15000000.0,C,20089.6495,54715.687,3d3.(4P).4s,c 3P,1,3d3.(2D2).4p,x 3P*,2
V,1,V I,288.769,288.769,288.769051,air,21000.0,21000,260000.0,C,0.000,34619.598,3d3.4s2,a 4F,3/2,3d3.(4F).4s.4p.(1P*),v 4D*,5/2
V,2,V II,288.7755,288.7755,288.77573,air,660.0,660h,10000000.0,D+,19132.792,53751.589,3d3.(2P).4s,b 3P,2,3d3.(2D2).4p,w 3D*,1
V,2,V II,288.82402,288.82402,288.824022,air,31000.0,31000,64000000.0,B,14655.6082,49268.6174,3d4,a 3G,5,3d3.(2G).4p,y 3F*,4
V,1,V I,288.8512,288.8512,288.851264,air,18000.0,18000,180000.0,C,137.383,34747.128,3d3.4s2,a 4F,5/2,3d3.(4F).4s.4p.(1P*),v 4D*,7/2
V,2,V II,288.961862,288.961862,288.961872,air,93000.0,93000,215000000.0,B+,2605.0400,37201.5378,3d3.(4F).4s,a 5F,1,3d3.(4F).4p,z 5D*,0
V,2,V II,289.01474,289.01474,289.01476,air,1800.0,1800,11000000.0,D+,19161.422,53751.589,3d3.(2P).4s,b 3P,0,3d3.(2D2).4p,w 3D*,1
V,2,V II,289.056,289.056,289.05565,air,2400.0,2400,34000000.0,C,19166.315,53751.589,3d3.(2P).4s,b 3P,1,3d3.(2D2).4p,w 3D*,1
V,2,V II,289.163964,289.163964,289.163965,air,180000.0,180000,152000000.0,B+,2687.2090,37259.5288,3d3.(4F).4s,a 5F,2,3d3.(4F).4p,z 5D*,1
V,2,V II,289.1676,289.1676,289.167565,air,4300.0,4300,19000000.0,D+,34946.6366,69518.5261,3d3.(4F).4p,z 5G*,4,3d3.(4F).5s,5F,4
V,2,V II,289.24411,289.24411,289.244083,air,150000.0,150000,41000000.0,B+,2968.3883,37531.1324,3d3.(4F).4s,a 5F,4,3d3.(4F).4p,z 5D*,4
V,2,V II,289.25634,289.25634,289.25656,air,1700.0,1700,19000000.0,C,20156.670,54717.923,3d3.(4P).4s,c 3P,0,3d3.(2D2).4p,x 3P*,1
V,2,V II,289.265418,289.265418,289.265416,air,290000.0,290000,147000000.0,B+,2808.9590,37369.1542,3d3.(4F).4s,a 5F,3,3d3.(4F).4p,z 5D*,2
V,2,V II,289.32114,289.32114,289.32112,air,15000.0,15000,130000000.0,D,34592.8439,69146.385,3d3.(4F).4p,z 5G*,2,3d3.(4F).5s,5F,1
V,2,V II,289.331726,289.331726,289.331721,air,370000.0,370000,123000000.0,B+,2968.3883,37520.6639,3d3.(4F).4s,a 5F,4,3d3.(4F).4p,z 5D*,3
V,1,V I,289.45722,289.45722,289.457191,air,270000.0,270000,4300000.0,B+,0.000,34537.299,3d3.4s2,a 4F,3/2,3d3.(4F).4s.4p.(1P*),v 4D*,3/2
V,2,V II,289.4624,289.4624,289.4625,air,4200.0,4200,22000000.0,C,30267.511,64804.177,3d3.(2F).4s,c 3F,2,3d3.(2F).4p,v 3D*,2
V,2,V II,289.4826,289.4826,289.48249,air,1300.0,1300,5800000.0,D+,18269.515,52803.796,3d4,a 3D,1,3d3.(2D2).4p,z 1P*,1
V,2,V II,289.56013,289.56013,289.5603,air,1400.0,1400,7800000.0,C,20617.0735,55142.0747,3d3.(2D2).4s,b 3D,2,3d3.(2D2).4p,y 1F*,3
V,2,V II,289.620637,289.620637,289.620609,air,75000.0,75000,21900000.0,B+,2687.2090,37205.0213,3d3.(4F).4s,a 5F,2,3d3.(4F).4p,z 3D*,3
V,2,V II,289.78873,289.78873,289.78873,air,27000.0,27000,160000000.0,B,30306.389,64804.177,3d3.(2F).4s,c 3F,3,3d3.(2F).4p,v 3D*,2
V,2,V II,289.81823,,289.81823,air,,,12.4,C+,19112.9298,53607.206,3d3.(2G).4s,b 1G,4,3d2.4s2,d 1G,4
V,1,V I,289.8812,289.8812,289.88117,air,51000.0,51000,380000.0,C+,0.000,34486.787,3d3.4s2,a 4F,3/2,3d3.(2D2).4s.4p.(3P*),4F*,5/2
V,2,V II,289.9163,289.9163,289.91731,air,14000.0,14000,100000000.0,D,34745.8281,69228.317,3d3.(4F).4p,z 5G*,3,3d3.(4F).5s,5F,2
V,1,V I,289.9194,289.9194,289.91961,air,410000.0,410000,7200000.0,B,137.383,34619.598,3d3.4s2,a 4F,5/2,3d3.(4F).4s.4p.(1P*),v 4D*,5/2
V,1,V I,289.95987,289.95987,289.95987,air,500000.0,500000,34000000.0,B+,0.000,34477.427&dagger;,3d3.4s2,a 4F,3/2,3d3.(4F).4s.4p.(1P*),v 4D*,1/2
V,2,V II,290.25345,290.25345,290.25356,air,4300.0,4300,120000000.0,C,44201.678,78644.221,3d3.(2D1).4s,c 3D,1,3d3.(2D1).4p,v 3P*,0
V,2,V II,290.307535,290.307535,290.307536,air,79000.0,79000,31500000.0,B+,2605.0400,37041.1798,3d3.(4F).4s,a 5F,1,3d3.(4F).4p,z 3D*,2
V,1,V I,290.36966,290.36966,290.36966,air,280000.0,280000,6900000.0,C+,0.000,34428.773,3d3.4s2,a 4F,3/2,3d3.(2D2).4s.4p.(3P*),4F*,3/2
V,1,V I,290.41249,290.41249,290.412484,air,390000.0,390000,7000000.0,B,323.432,34747.128,3d3.4s2,a 4F,7/2,3d3.(4F).4s.4p.(1P*),v 4D*,7/2
V,2,V II,290.5306,290.5306,290.5303,air,7200.0,7200,84000000.0,B,44159.461,78569.20,3d3.(2D1).4s,c 3D,2,3d3.(2D1).4p,v 3P*,1
V,2,V II,290.562754,290.562754,290.562759,air,28000.0,28000,100000000.0,D,34946.6366,69352.5300,3d3.(4F).4p,z 5G*,4,3d3.(4F).5s,5F,3
V,1,V I,290.61325,290.61325,290.61325,air,690000.0,690000,31000000.0,B+,137.383,34537.299,3d3.4s2,a 4F,5/2,3d3.(4F).4s.4p.(1P*),v 4D*,3/2
V,2,V II,290.645823,290.645823,290.645812,air,260000.0,260000,81000000.0,B+,2808.9590,37205.0213,3d3.(4F).4s,a 5F,3,3d3.(4F).4p,z 3D*,3
V,2,V II,290.74714,290.74714,290.747139,air,110000.0,110000,25400000.0,B+,2968.3883,37352.4639,3d3.(4F).4s,a 5F,4,3d3.(4F).4p,z 5F*,5
V,2,V II,290.84386,290.84386,290.84388,air,12000.0,12000,71000000.0,B,20343.0477,54715.687,3d3.(4P).4s,c 3P,2,3d3.(2D2).4p,x 3P*,2
V,2,V II,290.881703,290.881703,290.881744,air,550000.0,550000,177000000.0,B+,3162.9673,37531.1324,3d3.(4F).4s,a 5F,5,3d3.(4F).4p,z 5D*,4
V,2,V II,291.001951,291.001951,291.001936,air,220000.0,220000,95000000.0,B+,2687.2090,37041.1798,3d3.(4F).4s,a 5F,2,3d3.(4F).4p,z 3D*,2
V,2,V II,291.0384,291.0384,291.038566,air,24000.0,24000,118000000.0,B+,2605.0400,36954.6872,3d3.(4F).4s,a 5F,1,3d3.(4F).4p,z 5F*,1
V,1,V I,291.044,291.044,291.04063,air,65000.0,65000bl(V II)?,4300000.0,B+,137.383,34486.787,3d3.4s2,a 4F,5/2,3d3.(2D2).4s.4p.(3P*),4F*,5/2
V,2,V II,291.106301,291.106301,291.106299,air,140000.0,140000,39200000.0,B+,2808.9590,37150.6143,3d3.(4F).4s,a 5F,3,3d3.(4F).4p,z 5F*,4
V,2,V II,291.16513,291.16513,291.16521,air,3400.0,3400,39000000.0,C,18269.515,52604.222,3d4,a 3D,1,3d3.(4P).4p,x 3D*,1
V,2,V II,291.244655,291.244655,291.244637,air,35000.0,35000,110000000.0,D,35193.1820,69518.5261,3d3.(4F).4p,z 5G*,5,3d3.(4F).5s,5F,4
V,2,V II,291.3041,291.3041,291.30394,air,13000.0,13000,91000000.0,B,44098.469,78416.825,3d3.(2D1).4s,c 3D,3,3d3.(2D1).4p,v 3P*,2
V,2,V II,291.3716,291.3716,291.37192,air,3100.0,3100,7000000.0,D+,18293.8723,52604.222,3d4,a 3D,2,3d3.(4P).4p,x 3D*,1
V,2,V II,291.42882,291.42882,291.42875,air,8800.0,8800,28000000.0,B,18353.830,52657.4892,3d4,a 3D,3,3d3.(2D2).4p,x 3F*,4
V,2,V II,291.4848,291.4848,291.48443,air,6700.0,6700*,17000000.0,C,30306.389,64603.496,3d3.(2F).4s,c 3F,3,3d3.(2F).4p,v 3D*,3
V,2,V II,291.4848,291.4848,291.4851,air,6700.0,6700*,5600000.0,C,14556.0689,48853.0973,3d4,a 3G,4,3d3.(2G).4p,y 3G*,5
V,1,V I,291.49243,291.49243,291.49243,air,1700000.0,1700000,49000000.0,B+,323.432,34619.598,3d3.4s2,a 4F,7/2,3d3.(4F).4s.4p.(1P*),v 4D*,5/2
V,1,V I,291.53307,291.53307,291.53303,air,280000.0,280000bl(V II),10000000.0,C+,137.383,34428.773,3d3.4s2,a 4F,5/2,3d3.(2D2).4s.4p.(3P*),4F*,3/2
V,2,V II,291.53307,291.53307,291.53347,air,48000.0,48000bl(V I),233000000.0,B,20522.148,54813.486,3d3.(2D2).4s,b 3D,1,3d3.(2D2).4p,x 3P*,0
V,2,V II,291.58766,291.58766,291.58767,air,43000.0,43000,166000000.0,A,30318.5317,64603.496,3d3.(2F).4s,c 3F,4,3d3.(2F).4p,v 3D*,3
V,2,V II,291.72359,291.72359,291.723528,air,3100.0,3100,4800000.0,C,14461.7495,48730.7480,3d4,a 3G,3,3d3.(2G).4p,y 3G*,4
V,2,V II,291.736481,291.736481,291.736471,air,25000.0,25000,18300000.0,B+,2687.2090,36954.6872,3d3.(4F).4s,a 5F,2,3d3.(4F).4p,z 5F*,1
V,2,V II,291.82014,291.82014,291.82012,air,25000.0,25000,9000000.0,D+,30673.089,64930.745,3d4,d 3F1,2,3d3.(2F).4p,v 3D*,1
V,2,V II,291.965275,291.965275,291.96524,air,46000.0,46000,110000000.0,D+,35483.6058,69724.235,3d3.(4F).4p,z 5G*,6,3d3.(4F).5s,5F,5
V,1,V I,291.99199,291.99199,291.99202,air,160000.0,160000,1080000.0,B,137.383,34374.872,3d3.4s2,a 4F,5/2,3d3.(2D2).4s.4p.(3P*),4F*,7/2
V,2,V II,291.99933,291.99933,291.99932,air,38000.0,38000,13700000.0,B+,2968.3883,37205.0213,3d3.(4F).4s,a 5F,4,3d3.(4F).4p,z 3D*,3
V,2,V II,292.037,292.037,292.036958,air,9400.0,9400:,4100000.0,C,2808.9590,37041.1798,3d3.(4F).4s,a 5F,3,3d3.(4F).4p,z 3D*,2
V,2,V II,292.03829,292.03829,292.038366,air,97000.0,97000,33200000.0,B+,2687.2090,36919.2647,3d3.(4F).4s,a 5F,2,3d3.(4F).4p,z 5F*,3
V,2,V II,292.24964,292.24964,292.24968,air,4700.0,4700,100000000.0,D,47056.321,81263.626,3d3.(2G).4p,z 3H*,4,3d3.(2G).5s,3G,3
V,2,V II,292.33357,292.33357,292.33357,air,10000.0,10000,17000000.0,C,14655.6082,48853.0973,3d4,a 3G,5,3d3.(2G).4p,y 3G*,5
V,2,V II,292.3475,292.3475,292.34822,air,4200.0,4200,22000000.0,C,20522.148,54717.923,3d3.(2D2).4s,b 3D,1,3d3.(2D2).4p,x 3P*,1
V,1,V I,292.36192,292.36192,292.361922,air,3200000.0,3200000,82000000.0,B+,552.955,34747.128,3d3.4s2,a 4F,9/2,3d3.(4F).4s.4p.(1P*),v 4D*,7/2
V,2,V II,292.401909,292.401909,292.401912,air,720000.0,720000,188000000.0,B+,3162.9673,37352.4639,3d3.(4F).4s,a 5F,5,3d3.(4F).4p,z 5F*,5
V,2,V II,292.464109,292.464109,292.464109,air,460000.0,460000,132000000.0,B+,2968.3883,37150.6143,3d3.(4F).4s,a 5F,4,3d3.(4F).4p,z 5F*,4
V,2,V II,292.52866,292.52866,292.528698,air,7000.0,7000,14000000.0,C,14556.0689,48730.7480,3d4,a 3G,4,3d3.(2G).4p,y 3G*,4
V,2,V II,292.5521,292.5521,292.55188,air,4000.0,4000,2500000.0,D+,17910.9147,52082.8854,3d4,a 1G2,4,3d3.(2H).4p,y 3H*,4
V,1,V I,292.62569,292.62569,292.62567,air,270000.0,270000,6800000.0,B+,323.432,34486.787,3d3.4s2,a 4F,7/2,3d3.(2D2).4s.4p.(3P*),4F*,5/2
V,2,V II,292.6338,292.6338,292.63377,air,28000.0,28000,4400000.0,D+,30641.7674,64804.177,3d4,d 3F1,3,3d3.(2F).4p,v 3D*,2
V,2,V II,292.6446,292.6446,292.64457,air,11000.0,11000,50000000.0,B,20980.9260,55142.0747,3d4,a 1D2,2,3d3.(2D2).4p,y 1F*,3
V,2,V II,293.01255,293.01255,293.012584,air,6900.0,6900,15000000.0,C,14461.7495,48579.9945,3d4,a 3G,3,3d3.(2G).4p,y 3G*,3
V,2,V II,293.080793,293.080793,293.080787,air,170000.0,170000,61000000.0,B+,2808.9590,36919.2647,3d3.(4F).4s,a 5F,3,3d3.(4F).4p,z 5F*,3
V,2,V II,293.16207,293.16207,293.16206,air,11000.0,11000,137000000.0,B,20617.0735,54717.923,3d3.(2D2).4s,b 3D,2,3d3.(2D2).4p,x 3P*,1
V,2,V II,293.1814,293.1814,293.18129,air,2100.0,2100,3400000.0,D+,20617.0735,54715.687,3d3.(2D2).4s,b 3D,2,3d3.(2D2).4p,x 3P*,2
V,2,V II,293.23208,293.23208,293.23213,air,18000.0,18000,155000000.0,B,20622.9852,54715.687,3d3.(2D2).4s,b 3D,3,3d3.(2D2).4p,x 3P*,2
V,2,V II,293.38318,293.38318,293.383263,air,3600.0,3600,7100000.0,C,14655.6082,48730.7480,3d4,a 3G,5,3d3.(2G).4p,y 3G*,4
V,2,V II,293.440057,293.440057,293.440067,air,40000.0,40000,17200000.0,B+,2605.0400,36673.5838,3d3.(4F).4s,a 5F,1,3d3.(4F).4p,z 5F*,2
V,1,V I,293.46431,293.46431,293.464298,air,41000.0,41000,530000.0,C+,0.000,34065.731,3d3.4s2,a 4F,3/2,3d3.(4P).4s.4p.(3P*),w 4D*,5/2
V,1,V I,293.58747,293.58747,293.58747,air,510000.0,510000,8300000.0,B+,323.432,34374.872,3d3.4s2,a 4F,7/2,3d3.(2D2).4s.4p.(3P*),4F*,7/2
V,2,V II,293.63516,293.63516,293.63526,air,5300.0,5300,90000000.0,D,47297.1150,81343.013,3d3.(2G).4p,z 3H*,5,3d3.(2G).5s,3G,4
V,2,V II,293.8249,293.8249,293.824895,air,4100.0,4100,9200000.0,C,14556.0689,48579.9945,3d4,a 3G,4,3d3.(2G).4p,y 3G*,3
V,2,V II,294.12179,294.12179,294.12176,air,23000.0,23000,2300000.0,D+,30613.910,64603.496,3d4,d 3F1,4,3d3.(2F).4p,v 3D*,3
V,2,V II,294.13854,294.13854,294.138539,air,170000.0,170000,42200000.0,B+,3162.9673,37150.6143,3d3.(4F).4s,a 5F,5,3d3.(4F).4p,z 5F*,4
V,2,V II,294.149548,294.149548,294.14955,air,84000.0,84000,29300000.0,B+,2687.2090,36673.5838,3d3.(4F).4s,a 5F,2,3d3.(4F).4p,z 5F*,2
V,2,V II,294.2376,294.2376,294.23749,air,12000.0,12000,20000000.0,C,18269.515,52245.733,3d4,a 3D,1,3d3.(2D2).4p,x 3F*,2
V,1,V I,294.23872,294.23872,294.238777,air,410000.0,410000bl(V II),14100000.0,B+,0.000,33976.069&dagger;,3d3.4s2,a 4F,3/2,3d3.(4P).4s.4p.(3P*),w 4D*,3/2
V,1,V I,294.31879,294.31879,294.318779,air,1100000.0,1100000,70000000.0,C+,0.000,33966.834,3d3.4s2,a 4F,3/2,3d3.(4P).4s.4p.(3P*),w 4D*,1/2
V,2,V II,294.44845,294.44845,294.44858,air,2100.0,2100,15000000.0,C,18293.8723,52245.733,3d4,a 3D,2,3d3.(2D2).4p,x 3F*,2
V,2,V II,294.457133,294.457133,294.457121,air,280000.0,280000,82000000.0,B+,2968.3883,36919.2647,3d3.(4F).4s,a 5F,4,3d3.(4F).4p,z 5F*,3
V,2,V II,294.50615,294.50615,294.50623,air,7300.0,7300,90000000.0,D,52082.8854,86028.101,3d3.(2H).4p,y 3H*,4,3d3.(2H).5s,3H,4
V,2,V II,294.55925,294.55925,294.55928,air,11000.0,11000,90000000.0,D+,52252.6480,86191.750,3d3.(2H).4p,y 3H*,6,3d3.(2H).5s,3H,6
V,2,V II,294.56691,294.56691,294.56692,air,8600.0,8600,80000000.0,D,52153.5082,86091.730,3d3.(2H).4p,y 3H*,5,3d3.(2H).5s,3H,5
V,1,V I,294.65265,294.65265,294.652649,air,510000.0,510000,8800000.0,B+,137.383,34065.731,3d3.4s2,a 4F,5/2,3d3.(4P).4s.4p.(3P*),w 4D*,5/2
V,2,V II,294.80647,294.80647,294.80647,air,26000.0,26000,146000000.0,A,30318.5317,64229.178,3d3.(2F).4s,c 3F,4,3d3.(2F).4p,w 3G*,5
V,2,V II,294.87719,294.87719,294.87716,air,9900.0,9900,34000000.0,D+,46879.9114,80782.428,3d3.(4P).4p,z 5P*,2,3d3.(4P).5s,5P,3
V,2,V II,294.91757,294.91757,294.91757,air,14000.0,14000,145000000.0,B,22273.6366,56171.509,3d3.(2P).4s,a 1P,1,3d3.(2P).4p,y 1P*,1
V,1,V I,294.96274,294.96274,294.96275,air,1100000.0,1100000,37000000.0,C+,137.383,34030.063&dagger;,3d3.4s2,a 4F,5/2,3d3.(2P).4s.4p.(3P*),2D*,3/2
V,2,V II,295.034847,295.034847,295.034846,air,76000.0,76000,37000000.0,B,2605.0400,36489.4382,3d3.(4F).4s,a 5F,1,3d3.(4F).4p,z 3D*,1
V,2,V II,295.04495,295.04495,295.04497,air,3800.0,3800,34000000.0,D+,46740.0100,80623.245,3d3.(4P).4p,z 3P*,2,3d3.(4P).5s,5P,2
V,2,V II,295.11277,295.11277,295.11272,air,7200.0,7200,100000000.0,D+,47607.8215,81483.279,3d3.(2G).4p,z 3H*,6,3d3.(2G).5s,3G,5
V,2,V II,295.1564,295.1564,295.15633,air,14000.0,14000,169000000.0,A,44098.469,77968.921,3d3.(2D1).4s,c 3D,3,3d3.(2D1).4p,t 3F*,4
V,2,V II,295.17145,295.17145,295.17149,air,22000.0,22000,48000000.0,D,46754.5327,80623.245,3d3.(4P).4p,z 5P*,1,3d3.(4P).5s,5P,2
V,2,V II,295.207121,295.207121,295.207123,air,190000.0,190000,71000000.0,B+,2808.9590,36673.5838,3d3.(4F).4s,a 5F,3,3d3.(4F).4p,z 5F*,2
V,2,V II,295.2132,295.2132,295.21308,air,2000.0,2000,4400000.0,D+,20280.2493,54144.1912,3d3.(2H).4s,b 3H,5,3d3.(2H).4p,y 1G*,4
V,2,V II,295.3652,295.3652,295.36536,air,2800.0,2800,50000000.0,D,55206.8615,89053.345,3d3.(2H).4p,x 3G*,5,3d3.(2H).4d,1H,5
V,1,V I,295.43343,295.43343,295.433422,air,560000.0,560000,16400000.0,B+,137.383,33976.069&dagger;,3d3.4s2,a 4F,5/2,3d3.(4P).4s.4p.(3P*),w 4D*,3/2
V,2,V II,295.55788,295.55788,295.5579,air,11000.0,11000,185000000.0,A,30306.389,64130.824,3d3.(2F).4s,c 3F,3,3d3.(2F).4p,w 3G*,4
V,1,V I,295.57991,295.57991,295.5799,air,410000.0,410000,5500000.0,B+,552.955,34374.872,3d3.4s2,a 4F,9/2,3d3.(2D2).4s.4p.(3P*),4F*,7/2
V,2,V II,295.6639,295.6639,295.66405,air,3400.0,3400,6900000.0,C,30318.5317,64130.824,3d3.(2F).4s,c 3F,4,3d3.(2F).4p,w 3G*,4
V,1,V I,295.73224,295.73224,295.73221,air,390000.0,390000,2070000.0,B,323.432,34127.931,3d3.4s2,a 4F,7/2,3d3.(4P).4s.4p.(3P*),w 4D*,7/2
V,2,V II,295.752081,295.752081,295.75207,air,93000.0,93000,46000000.0,B,2687.2090,36489.4382,3d3.(4F).4s,a 5F,2,3d3.(4F).4p,z 3D*,1
V,2,V II,295.85951,295.85951,295.85953,air,5500.0,5500,177000000.0,A,30267.511,64057.463,3d3.(2F).4s,c 3F,2,3d3.(2F).4p,w 3G*,3
V,2,V II,296.077,296.077,296.07731,air,3800.0,3800,2200000.0,D+,19112.9298,52878.029,3d3.(2G).4s,b 1G,4,3d3.(2H).4p,z 3I*,5
V,2,V II,296.1999,296.1999,296.20035,air,1100.0,1100,11100000.0,C,30306.389,64057.463,3d3.(2F).4s,c 3F,3,3d3.(2F).4p,w 3G*,3
V,1,V I,296.27738,296.27738,296.277383,air,1900000.0,1900000,37500000.0,B+,323.432,34065.731,3d3.4s2,a 4F,7/2,3d3.(4P).4s.4p.(3P*),w 4D*,5/2
V,2,V II,296.3237,296.3237,296.32395,air,5800.0,5800,14000000.0,C,20980.9260,54717.923,3d4,a 1D2,2,3d3.(2D2).4p,x 3P*,1
V,2,V II,296.38063,296.38063,296.380679,air,44000.0,44000,80000000.0,D,47051.8885,80782.428,3d3.(4P).4p,z 5P*,3,3d3.(4P).5s,5P,3
V,2,V II,296.6712,296.6712,296.67041,air,1700.0,1700,26000000.0,C,44159.461,77857.060,3d3.(2D1).4s,c 3D,2,3d3.(2D1).4p,t 3F*,2
V,2,V II,296.70612,296.70612,296.706105,air,16000.0,16000,27000000.0,D+,37205.0213,70898.5669,3d3.(4F).4p,z 3D*,3,3d3.(4F).5s,3F,4
V,2,V II,296.83784,296.83784,296.837846,air,150000.0,150000,213000000.0,B+,13741.6394,47420.2319,3d3.(4P).4s,a 5P,3,3d3.(4P).4p,y 5D*,4
V,2,V II,296.98043,296.98043,296.98042,air,7600.0,7600,70000000.0,D,46879.9114,80542.336,3d3.(4P).4p,z 5P*,2,3d3.(4P).5s,5P,1
V,2,V II,296.9848,296.9848,296.9847,air,1200.0,1200,9000000.0,D+,20089.6495,53751.589,3d3.(4P).4s,c 3P,1,3d3.(2D2).4p,w 3D*,1
V,2,V II,297.0428,297.0428,297.0426,air,8500.0,8500,98000000.0,B,44201.678,77857.060,3d3.(2D1).4s,c 3D,1,3d3.(2D1).4p,t 3F*,2
V,2,V II,297.091,297.091,297.09073,air,1000.0,1000h,50000000.0,D,55403.4184,89053.345,3d3.(2H).4p,z 1I*,6,3d3.(2H).4d,1H,5
V,2,V II,297.39705,297.39705,297.39705,air,19000.0,19000,8900000.0,C,30613.910,64229.178,3d4,d 3F1,4,3d3.(2F).4p,w 3G*,5
V,2,V II,297.52179,297.52179,297.52164,air,5400.0,5400,22000000.0,D+,47181.2361,80782.428,3d3.(4P).4p,y 5D*,3,3d3.(4P).5s,5P,3
V,2,V II,297.56512,297.56512,297.565144,air,29000.0,29000,92000000.0,B+,13511.7993,47108.0794,3d3.(4P).4s,a 5P,1,3d3.(4P).4p,z 3P*,1
V,2,V II,297.61961,297.61961,297.619604,air,47000.0,47000,97000000.0,B+,13511.7993,47101.9320,3d3.(4P).4s,a 5P,1,3d3.(4P).4p,y 5D*,2
V,2,V II,297.63275,297.63275,297.632721,air,8800.0,8800,25000000.0,D+,37041.1798,70629.8323,3d3.(4F).4p,z 3D*,2,3d3.(4F).5s,3F,3
V,2,V II,297.65177,297.65177,297.65171,air,110000.0,110000,153000000.0,A,13594.726,47181.2361,3d3.(4P).4s,a 5P,2,3d3.(4P).4p,y 5D*,3
V,1,V I,297.75398,297.75398,297.75396,air,1100000.0,1100000,24800000.0,B+,552.955,34127.931,3d3.4s2,a 4F,9/2,3d3.(4P).4s.4p.(3P*),w 4D*,7/2
V,2,V II,297.78594,297.78594,297.78607,air,8500.0,8500,36000000.0,D+,47051.8885,80623.245,3d3.(4P).4p,z 5P*,3,3d3.(4P).5s,5P,2
V,2,V II,297.8223,297.8223,297.82228,air,3900.0,3900,7400000.0,D+,19132.792,52700.067,3d3.(2P).4s,b 3P,2,3d3.(4P).4p,x 3D*,2
V,1,V I,297.8911,297.8911,297.891102,air,24000.0,24000,3500000.0,C,8578.542,42138.062,3d4.(5D).4s,a 4D,5/2,3d3.(4P).4s.4p.(1P*),r 4D*,5/2
V,2,V II,297.9109,297.9109,297.911,air,5200.0,5200,4600000.0,D+,16340.9837,49898.2618,3d3.(2G).4s,b 3G,3,3d3.(2P).4p,z 1D*,2
V,2,V II,297.94028,297.94028,297.94032,air,3000.0,3000,140000000.0,D+,55499.3690,89053.345,3d3.(2H).4p,y 1H*,5,3d3.(2H).4d,1H,5
V,2,V II,298.12004,298.12004,298.12002,air,17000.0,17000,76000000.0,B,19166.315,52700.067,3d3.(2P).4s,b 3P,1,3d3.(4P).4p,x 3D*,2
V,2,V II,298.19217,298.19217,298.1923,air,2900.0,2900,6000000.0,D+,20343.0477,53868.671,3d3.(4P).4s,c 3P,2,3d3.(2D2).4p,w 3D*,2
V,2,V II,298.27587,298.27587,298.27584,air,11000.0,11000,100000000.0,D+,13511.7993,47028.034,3d3.(4P).4s,a 5P,1,3d3.(4P).4p,z 3P*,0
V,2,V II,298.3004,298.3004,298.30148,air,4100.0,4100h*,11000000.0,D+,13594.726,47108.0794,3d3.(4P).4s,a 5P,2,3d3.(4P).4p,z 3P*,1
V,2,V II,298.35623,298.35623,298.35621,air,25000.0,25000,54000000.0,B+,13594.726,47101.9320,3d3.(4P).4s,a 5P,2,3d3.(4P).4p,y 5D*,2
V,2,V II,298.51793,298.51793,298.51791,air,17000.0,17000,16000000.0,C,30641.7674,64130.824,3d4,d 3F1,3,3d3.(2F).4p,w 3G*,4
V,2,V II,298.8025,298.8025,298.8025,air,13000.0,13000,40000000.0,B,13594.726,47051.8885,3d3.(4P).4s,a 5P,2,3d3.(4P).4p,z 5P*,3
V,2,V II,298.93079,298.93079,298.93083,air,4500.0,4500,39000000.0,C,19161.422,52604.222,3d3.(2P).4s,b 3P,0,3d3.(4P).4p,x 3D*,1
V,2,V II,298.937908,298.937908,298.9379,air,23000.0,23000,100000000.0,D,47181.2361,80623.245,3d3.(4P).4p,y 5D*,3,3d3.(4P).5s,5P,2
V,2,V II,298.95947,298.95947,298.95946,air,15000.0,15000,47000000.0,B,13741.6394,47181.2361,3d3.(4P).4s,a 5P,3,3d3.(4P).4p,y 5D*,3
V,2,V II,298.97473,298.97473,298.97457,air,2800.0,2800,11000000.0,D+,19166.315,52604.222,3d3.(2P).4s,b 3P,1,3d3.(4P).4p,x 3D*,1
V,2,V II,299.2981,299.2981,299.29849,air,1300.0,1300h,16000000.0,C,44201.678,77603.398,3d3.(2D1).4s,c 3D,1,3d3.(2D1).4p,v 1D*,2
V,2,V II,299.4055,299.4055,299.40581,air,370.0,370,21000000.0,C,22273.6366,55663.385,3d3.(2P).4s,a 1P,1,3d3.(4P).4p,y 3S*,1
V,2,V II,299.4538,299.4538,299.45401,air,15000.0,15000,21000000.0,C,30673.089,64057.463,3d4,d 3F1,2,3d3.(2F).4p,w 3G*,3
V,2,V II,299.51207,299.51207,299.512067,air,13000.0,13000,26000000.0,D+,37520.6639,70898.5669,3d3.(4F).4p,z 5D*,3,3d3.(4F).5s,3F,4
V,2,V II,299.59987,299.59987,299.59995,air,13000.0,13000,48000000.0,B,13511.7993,46879.9114,3d3.(4P).4s,a 5P,1,3d3.(4P).4p,z 5P*,2
V,2,V II,299.6698,299.6698,299.67018,air,480.0,480,3200000.0,D,13741.6394,47101.9320,3d3.(4P).4s,a 5P,3,3d3.(4P).4p,y 5D*,2
V,2,V II,299.7316,299.7316,299.7313,air,530.0,530,10000000.0,D+,44201.678,77555.17,3d3.(2D1).4s,c 3D,1,3d2.(1D).4s.4p.(3P*),s 3D*,1
V,2,V II,299.7942,299.7942,299.79393,air,1300.0,1300,8500000.0,C,20522.148,53868.671,3d3.(2D2).4s,b 3D,1,3d3.(2D2).4p,w 3D*,2
V,1,V I,299.8624,299.8624,299.86228,air,28000.0,28000,9700000.0,C,8413.009,41751.931,3d4.(5D).4s,a 4D,1/2,3d3.(4P).4s.4p.(1P*),v 4P*,1/2
V,2,V II,300.12041,300.12041,300.12041,air,78000.0,78000,223000000.0,B,13741.6394,47051.8885,3d3.(4P).4s,a 5P,3,3d3.(4P).4p,z 5P*,3
V,2,V II,300.17481,300.17481,300.17478,air,9800.0,9800,53000000.0,B,20622.9852,53927.2005,3d3.(2D2).4s,b 3D,3,3d3.(2D2).4p,w 3D*,3
V,2,V II,300.19342,300.19342,300.193425,air,1200.0,1200,2000000.0,D+,16421.5292,49723.6766,3d3.(2G).4s,b 3G,4,3d3.(2G).4p,z 1G*,4
V,1,V I,300.26539,300.26539,300.2654,air,120000.0,120000,24000000.0,C+,8715.747,42009.912,3d4.(5D).4s,a 4D,7/2,3d3.(4P).4s.4p.(1P*),v 4P*,5/2
V,2,V II,300.34643,300.34643,300.34641,air,19000.0,19000,68000000.0,B,13594.726,46879.9114,3d3.(4P).4s,a 5P,2,3d3.(4P).4p,z 5P*,2
V,1,V I,300.432,300.432,300.43205,air,36000.0,36000,14300000.0,C+,8476.234,41751.931,3d4.(5D).4s,a 4D,3/2,3d3.(4P).4s.4p.(1P*),v 4P*,1/2
V,2,V II,300.5813,300.5813,300.58134,air,10000.0,10000h,31000000.0,D+,19132.792,52391.9627,3d3.(2P).4s,b 3P,2,3d3.(2D2).4p,x 3F*,3
V,2,V II,300.6498,300.6498,300.64981,air,3700.0,3700,30000000.0,C,20617.0735,53868.671,3d3.(2D2).4s,b 3D,2,3d3.(2D2).4p,w 3D*,2
V,2,V II,300.7029,300.7029,300.70327,air,880.0,880h,3500000.0,D+,20622.9852,53868.671,3d3.(2D2).4s,b 3D,3,3d3.(2D2).4p,w 3D*,2
V,2,V II,300.7302,300.7302,300.72998,air,3100.0,3100,15800000.0,C+,13511.7993,46754.5327,3d3.(4P).4s,a 5P,1,3d3.(4P).4p,z 5P*,1
V,2,V II,300.85032,300.85032,300.85028,air,3200.0,3200,39000000.0,C,20522.148,53751.589,3d3.(2D2).4s,b 3D,1,3d3.(2D2).4p,w 3D*,1
V,2,V II,300.86143,300.86143,300.861419,air,18000.0,18000,27700000.0,B+,13511.7993,46740.0100,3d3.(4P).4s,a 5P,1,3d3.(4P).4p,z 3P*,2
V,2,V II,301.126,301.126,301.1256,air,780.0,780h,5500000.0,D+,44658.000,77857.060,3d2.4s2,c 1D,2,3d3.(2D1).4p,t 3F*,2
V,2,V II,301.20161,301.20161,301.20152,air,8100.0,8100,13000000.0,C,16532.9841,49723.6766,3d3.(2G).4s,b 3G,5,3d3.(2G).4p,z 1G*,4
V,2,V II,301.29963,301.29963,301.29964,air,17000.0,17000,110000000.0,D+,40001.7556,73181.640,3d3.(4F).4p,z 3F*,2,3d3.(4F).4d,3D,1
V,2,V II,301.31043,301.31043,301.310428,air,32000.0,32000,89000000.0,B+,13511.7993,46690.4958,3d3.(4P).4s,a 5P,1,3d3.(4P).4p,y 5D*,1
V,2,V II,301.4821,301.4821,301.48208,air,39000.0,39000,237000000.0,B,13594.726,46754.5327,3d3.(4P).4s,a 5P,2,3d3.(4P).4p,z 5P*,1
V,2,V II,301.57065,301.57065,301.57062,air,9500.0,9500,120000000.0,D+,52878.029,86028.101,3d3.(2H).4p,z 3I*,5,3d3.(2H).5s,3H,4
V,2,V II,301.59912,301.59912,301.599129,air,10000.0,10000,20000000.0,C,16421.5292,49568.4673,3d3.(2G).4s,b 3G,4,3d3.(2G).4p,z 1F*,3
V,2,V II,301.61409,301.61409,301.61418,air,13000.0,13000,20100000.0,B+,13594.726,46740.0100,3d3.(4P).4s,a 5P,2,3d3.(4P).4p,z 3P*,2
V,2,V II,301.67798,301.67798,301.678,air,36000.0,36000,129000000.0,B,13741.6394,46879.9114,3d3.(4P).4s,a 5P,3,3d3.(4P).4p,z 5P*,2
V,2,V II,301.7115,301.7115,301.71221,air,860.0,860h,6200000.0,D+,20617.0735,53751.589,3d3.(2D2).4s,b 3D,2,3d3.(2D2).4p,w 3D*,1
V,2,V II,301.89454,301.89454,301.894562,air,19000.0,19000,100000000.0,D,40195.5675,73310.0695,3d3.(4F).4p,z 3F*,3,3d3.(4F).4d,3D,2
V,2,V II,302.021141,302.021141,302.021145,air,32000.0,32000,100000000.0,D,40430.0878,73530.7114,3d3.(4F).4p,z 3F*,4,3d3.(4F).4d,3D,3
V,2,V II,302.0649,302.0649,302.06544,air,3000.0,3000,33000000.0,D+,13594.726,46690.4958,3d3.(4P).4s,a 5P,2,3d3.(4P).4p,y 5D*,1
V,2,V II,302.258,302.258,302.25804,air,10000.0,10000,102000000.0,C,13511.7993,46586.481,3d3.(4P).4s,a 5P,1,3d3.(4P).4p,y 5D*,0
V,2,V II,302.38836,302.38836,302.388387,air,6500.0,6500,6800000.0,C,16532.9841,49593.4096,3d3.(2G).4s,b 3G,5,3d3.(2G).4p,z 1H*,5
V,2,V II,302.49834,302.49834,302.49831,air,9300.0,9300,79000000.0,B,19132.792,52181.204,3d3.(2P).4s,b 3P,2,3d3.(2P).4p,z 3S*,1
V,2,V II,302.76057,302.76057,302.76061,air,4100.0,4100,31000000.0,C,19161.422,52181.204,3d3.(2P).4s,b 3P,0,3d3.(2P).4p,z 3S*,1
V,2,V II,302.80539,302.80539,302.80538,air,20000.0,20000*,110000000.0,D+,53076.8305,86091.730,3d3.(2H).4p,z 3I*,6,3d3.(2H).5s,3H,5
V,2,V II,302.80539,302.80539,302.80548,air,20000.0,20000*,78000000.0,B,19166.315,52181.204,3d3.(2P).4s,b 3P,1,3d3.(2P).4p,z 3S*,1
V,2,V II,303.2176,303.2176,303.21818,air,4100.0,4100,1800000.0,D+,19112.9298,52082.8854,3d3.(2G).4s,b 1G,4,3d3.(2H).4p,y 3H*,4
V,2,V II,303.34473,303.34473,303.34473,air,96000.0,96000,213000000.0,A,20363.3370,53319.539,3d3.(2H).4s,b 3H,6,3d3.(2H).4p,z 3I*,7
V,2,V II,303.381448,303.381448,303.381445,air,96000.0,96000,107000000.0,A,14655.6082,47607.8215,3d4,a 3G,5,3d3.(2G).4p,z 3H*,6
V,2,V II,303.4442,303.4442,303.44421,air,3100.0,3100,64000000.0,B,44658.000,77603.398,3d2.4s2,c 1D,2,3d3.(2D1).4p,v 1D*,2
V,2,V II,303.7966,303.7966,303.79637,air,830.0,830,21000000.0,D+,52153.5082,85060.717,3d3.(2H).4p,y 3H*,5,3d3.(2G).4d,3G,4
V,2,V II,303.85202,303.85202,303.85198,air,4700.0,4700,26000000.0,C,19902.609,52803.796,3d4,a 1S2,0,3d3.(2D2).4p,z 1P*,1
V,2,V II,303.9762,303.9762,303.97617,air,2500.0,2500h,10700000.0,C,20980.9260,53868.671,3d4,a 1D2,2,3d3.(2D2).4p,w 3D*,2
V,2,V II,304.11984,304.11984,304.11983,air,13000.0,13000,110000000.0,D+,53319.539,86191.750,3d3.(2H).4p,z 3I*,7,3d3.(2H).5s,3H,6
V,2,V II,304.14158,304.14158,304.141572,air,13000.0,13000,33000000.0,B,16340.9837,49210.8445,3d3.(2G).4s,b 3G,3,3d3.(2G).4p,y 3F*,3
V,2,V II,304.22605,304.22605,304.226054,air,23000.0,23000,79000000.0,B,16340.9837,49201.7171,3d3.(2G).4s,b 3G,3,3d3.(2G).4p,y 3F*,2
V,1,V I,304.31193,304.31193,304.311916,air,1100000.0,1100000,20100000.0,B+,137.383,32988.845,3d3.4s2,a 4F,5/2,3d3.(4F).4s.4p.(1P*),w 4F*,7/2
V,2,V II,304.3516,304.3516,304.352439,air,9100.0,9100,16000000.0,C,16421.5292,49268.6174,3d3.(2G).4s,b 3G,4,3d3.(2G).4p,y 3F*,4
V,1,V I,304.35489,304.35489,304.354906,air,1100000.0,1100000,22100000.0,B+,0.000,32846.822,3d3.4s2,a 4F,3/2,3d3.(4F).4s.4p.(1P*),w 4F*,5/2
V,1,V I,304.49325,304.49325,304.493249,air,1100000.0,1100000,12800000.0,B+,323.432,33155.331,3d3.4s2,a 4F,7/2,3d3.(4F).4s.4p.(1P*),w 4F*,9/2
V,2,V II,304.821165,304.821165,304.821163,air,82000.0,82000,207000000.0,A,20280.2493,53076.8305,3d3.(2H).4s,b 3H,5,3d3.(2H).4p,z 3I*,6
V,2,V II,304.86476,304.86476,304.864665,air,3100.0,3100,22000000.0,C,18293.8723,51085.7739,3d4,a 3D,2,3d3.(2P).4p,y 3D*,3
V,2,V II,304.888715,304.888715,304.888713,air,19000.0,19000,47000000.0,B,16421.5292,49210.8445,3d3.(2G).4s,b 3G,4,3d3.(2G).4p,y 3F*,3
V,1,V I,305.0391,305.0391,305.03912,air,150000.0,150000,43000000.0,D+,11100.596,43873.744,3d3.4s2,a 2G,9/2,3d4.(1G2).4p,t 2F*,7/2
V,2,V II,305.07347,305.07347,305.07337,air,7200.0,7200,30000000.0,C,18353.830,51123.299,3d4,a 3D,3,3d3.(2P).4p,y 3P*,2
V,1,V I,305.08788,305.08788,305.087877,air,820000.0,820000,22200000.0,B+,0.000,32767.911,3d3.4s2,a 4F,3/2,3d3.(4P).4s.4p.(3P*),z 2P*,3/2
V,2,V II,305.1285,305.1285,305.12862,air,6600.0,6600,11500000.0,C,32040.641,64804.177,3d4,d 3P1,2,3d3.(2F).4p,v 3D*,2
V,2,V II,305.2332,305.2332,305.2326,air,810.0,810h*,32000000.0,D,52252.6480,85005.02,3d3.(2H).4p,y 3H*,6,3d3.(2G).4d,3I,7
V,2,V II,305.33823,305.33823,305.33822,air,78000.0,78000,99000000.0,A,14556.0689,47297.1150,3d4,a 3G,4,3d3.(2G).4p,z 3H*,5
V,1,V I,305.36542,305.36542,305.36542,air,2200000.0,2200000,137000000.0,B+,0.000,32738.130,3d3.4s2,a 4F,3/2,3d3.(4F).4s.4p.(1P*),w 4F*,3/2
V,2,V II,305.38864,305.38864,305.388709,air,27000.0,27000,60000000.0,B,16532.9841,49268.6174,3d3.(2G).4s,b 3G,5,3d3.(2G).4p,y 3F*,4
V,2,V II,305.4233,305.4233,305.42313,air,2400.0,2400,5900000.0,C,18353.830,51085.7739,3d4,a 3D,3,3d3.(2P).4p,y 3D*,3
V,2,V II,305.5951,305.5951,305.5954,air,3900.0,3900,3000000.0,C,20363.3370,53076.8305,3d3.(2H).4s,b 3H,6,3d3.(2H).4p,z 3I*,6
V,1,V I,305.63328,305.63328,305.63328,air,5800000.0,5800000,133000000.0,B+,137.383,32846.822,3d3.4s2,a 4F,5/2,3d3.(4F).4s.4p.(1P*),w 4F*,5/2
V,2,V II,305.6626,305.6626,305.6629,air,800.0,800,28000000.0,D,52153.5082,84859.78,3d3.(2H).4p,y 3H*,5,3d3.(2G).4d,3I,6
V,2,V II,305.7064,305.7064,305.70643,air,780.0,780,20000000.0,C,19902.609,52604.222,3d4,a 1S2,0,3d3.(4P).4p,x 3D*,1
V,2,V II,305.87451,305.87451,305.87462,air,3300.0,3300,70000000.0,D,48579.9945,81263.626,3d3.(2G).4p,y 3G*,3,3d3.(2G).5s,3G,3
V,2,V II,305.91847,305.91847,305.918478,air,6200.0,6200,25000000.0,D+,36673.5838,69352.5300,3d3.(4F).4p,z 5F*,2,3d3.(4F).5s,5F,3
V,1,V I,306.04522,306.04522,306.045225,air,6700000.0,6700000,146000000.0,B+,323.432,32988.845,3d3.4s2,a 4F,7/2,3d3.(4F).4s.4p.(1P*),w 4F*,7/2
V,2,V II,306.1017,306.1017,306.1014,air,660.0,660,26000000.0,D+,52082.8854,84742.30,3d3.(2H).4p,y 3H*,4,3d3.(2G).4d,3I,5
V,2,V II,306.2165,306.2165,306.21666,air,2300.0,2300,23000000.0,C,20156.670,52803.796,3d3.(4P).4s,c 3P,0,3d3.(2D2).4p,z 1P*,1
V,2,V II,306.26934,306.26934,306.269377,air,5000.0,5000,5700000.0,C,14655.6082,47297.1150,3d4,a 3G,5,3d3.(2G).4p,z 3H*,5
V,2,V II,306.32443,306.32443,306.3244,air,72000.0,72000,201000000.0,A,20242.385,52878.029,3d3.(2H).4s,b 3H,4,3d3.(2H).4p,z 3I*,5
V,2,V II,306.36318,306.36318,306.3635,air,7600.0,7600,19000000.0,C,32299.266,64930.745,3d4,d 3P1,1,3d3.(2F).4p,v 3D*,1
V,1,V I,306.3724,306.3724,306.37243,air,460000.0,460000,5000000.0,B+,137.383,32767.911,3d3.4s2,a 4F,5/2,3d3.(4P).4s.4p.(3P*),z 2P*,3/2
V,2,V II,306.37567,306.37567,306.37568,air,6500.0,6500,80000000.0,D+,48853.0973,81483.279,3d3.(2G).4p,y 3G*,5,3d3.(2G).5s,3G,5
V,2,V II,306.44602,306.44602,306.44603,air,6200.0,6200,50000000.0,D,54144.1912,86766.882,3d3.(2H).4p,y 1G*,4,3d3.(2H).5s,1H,5
V,2,V II,306.5439,306.5439,306.544,air,3900.0,3900,70000000.0,D,48730.7480,81343.013,3d3.(2G).4p,y 3G*,4,3d3.(2G).5s,3G,4
V,2,V II,306.56141,306.56141,306.56137,air,7900.0,7900,57000000.0,B,20089.6495,52700.067,3d3.(4P).4s,c 3P,1,3d3.(4P).4p,x 3D*,2
V,1,V I,306.63698,306.63698,306.63699,air,11000000.0,11000000,173000000.0,B+,552.955,33155.331,3d3.4s2,a 4F,9/2,3d3.(4F).4s.4p.(1P*),w 4F*,9/2
V,1,V I,306.65233,306.65233,306.652313,air,1500000.0,1500000,36800000.0,B+,137.383,32738.130,3d3.4s2,a 4F,5/2,3d3.(4F).4s.4p.(1P*),w 4F*,3/2
V,2,V II,306.66619,306.66619,306.666288,air,9500.0,9500,27000000.0,D+,36919.2647,69518.5261,3d3.(4F).4p,z 5F*,3,3d3.(4F).5s,5F,4
V,2,V II,306.6808,306.6808,306.68023,air,3900.0,3900,3800000.0,C,20280.2493,52878.029,3d3.(2H).4s,b 3H,5,3d3.(2H).4p,z 3I*,5
V,2,V II,306.71043,306.71043,306.710414,air,71000.0,71000,98000000.0,A,14461.7495,47056.321,3d4,a 3G,3,3d3.(2G).4p,z 3H*,4
V,2,V II,306.90775,306.90775,306.907693,air,6400.0,6400,14000000.0,D+,37150.6143,69724.235,3d3.(4F).4p,z 5F*,4,3d3.(4F).5s,5F,5
V,1,V I,306.96461,306.96461,306.964612,air,680000.0,680000,13400000.0,B,323.432,32891.013,3d3.4s2,a 4F,7/2,3d3.(2P).4s.4p.(3P*),x 4D*,7/2
V,2,V II,307.00918,307.00918,307.00916,air,17000.0,17000,45000000.0,B,32040.641,64603.496,3d4,d 3P1,2,3d3.(2F).4p,v 3D*,3
V,2,V II,307.1759,307.1759,307.17701,air,2800.0,2800h,4000000.0,D+,44098.469,76643.532,3d3.(2D1).4s,c 3D,3,3d2.(1D).4s.4p.(3P*),u 3F*,4
V,1,V I,307.38171,307.38171,307.381715,air,820000.0,820000,35000000.0,B+,323.432,32846.822,3d3.4s2,a 4F,7/2,3d3.(4F).4s.4p.(1P*),w 4F*,5/2
V,2,V II,307.46502,307.46502,307.46508,air,2200.0,2200,34000000.0,C,20089.6495,52604.222,3d3.(4P).4s,c 3P,1,3d3.(4P).4p,x 3D*,1
V,2,V II,307.5017,307.5017,307.50171,air,4500.0,4500,25000000.0,C,32420.046,64930.745,3d4,d 3P1,0,3d3.(2F).4p,v 3D*,1
V,1,V I,307.52655,307.52655,307.52654,air,300000.0,300000,98000000.0,B,15103.784,47611.858,3d3.4s2,a 2H,9/2,3d3.(2G).4s.4p.(1P*),2H*,9/2
V,2,V II,307.5455,307.5455,307.54585,air,2200.0,2200,12200000.0,C,18269.515,50775.5487,3d4,a 3D,1,3d3.(2P).4p,y 3D*,2
V,2,V II,307.55634,307.55634,307.55647,air,9600.0,9600,33000000.0,C,32299.266,64804.177,3d4,d 3P1,1,3d3.(2F).4p,v 3D*,2
V,1,V I,307.59325,307.59325,307.593262,air,98000.0,98000,18600000.0,B,9637.039,42138.062,3d3.4s2,a 4P,3/2,3d3.(4P).4s.4p.(1P*),r 4D*,5/2
V,2,V II,307.60047,307.60047,307.60056,air,4500.0,4500,6400000.0,C,14556.0689,47056.321,3d4,a 3G,4,3d3.(2G).4p,z 3H*,4
V,2,V II,307.974,307.974,307.97491,air,700.0,700,6000000.0,D+,20343.0477,52803.796,3d3.(4P).4s,c 3P,2,3d3.(2D2).4p,z 1P*,1
V,2,V II,308.00802,308.00802,308.008063,air,13000.0,13000,50000000.0,D,49568.4673,82025.7222,3d3.(2G).4p,z 1F*,3,3d3.(2G).5s,1G,4
V,1,V I,308.033,308.033,308.033014,air,71000.0,71000,22000000.0,D+,9544.635,41999.261,3d3.4s2,a 4P,1/2,3d3.(4P).4s.4p.(1P*),r 4D*,3/2
V,2,V II,308.10028,308.10028,308.10017,air,4400.0,4400,30000000.0,C,20156.670,52604.222,3d3.(4P).4s,c 3P,0,3d3.(4P).4p,x 3D*,1
V,2,V II,308.1244,308.1244,308.12451,air,5200.0,5200,33000000.0,C,18293.8723,50738.861,3d4,a 3D,2,3d3.(2P).4p,y 3P*,1
V,1,V I,308.20064,308.20064,308.20064,air,130000.0,130000,81000000.0,B,15264.832,47701.807,3d3.4s2,a 2H,11/2,3d3.(2G).4s.4p.(1P*),2H*,11/2
V,1,V I,308.21096,308.21096,308.21095,air,720000.0,720000,20500000.0,B+,552.955,32988.845,3d3.4s2,a 4F,9/2,3d3.(4F).4s.4p.(1P*),w 4F*,7/2
V,2,V II,308.23592,308.23592,308.235894,air,5900.0,5900,28000000.0,D+,36919.2647,69352.5300,3d3.(4F).4p,z 5F*,3,3d3.(4F).5s,5F,3
V,2,V II,308.24498,308.24498,308.244948,air,21000.0,21000,80000000.0,D,49593.4096,82025.7222,3d3.(2G).4p,z 1H*,5,3d3.(2G).5s,1G,4
V,2,V II,308.25204,308.25204,308.252025,air,7400.0,7400,12000000.0,C,16421.5292,48853.0973,3d3.(2G).4s,b 3G,4,3d3.(2G).4p,y 3G*,5
V,2,V II,308.32085,308.32085,308.320869,air,11000.0,11000,37000000.0,D+,20343.0477,52767.3745,3d3.(4P).4s,c 3P,2,3d3.(4P).4p,x 3D*,3
V,1,V I,308.35381,308.35381,308.353811,air,270000.0,270000,20000000.0,D+,9824.626,42245.489&dagger;,3d3.4s2,a 4P,5/2,3d3.(4P).4s.4p.(1P*),r 4D*,7/2
V,2,V II,308.62055,308.62055,308.6205,air,2000.0,2000,74000000.0,C,18269.515,50662.363,3d4,a 3D,1,3d3.(2P).4p,y 3P*,0
V,2,V II,308.64982,308.64982,308.649885,air,5800.0,5800,12000000.0,C,16340.9837,48730.7480,3d3.(2G).4s,b 3G,3,3d3.(2G).4p,y 3G*,4
V,1,V I,308.70634,308.70634,308.70637,air,160000.0,160000,68000000.0,B+,9544.635,41928.473,3d3.4s2,a 4P,1/2,3d3.(4P).4s.4p.(1P*),r 4D*,1/2
V,1,V I,308.81093,308.81093,308.810937,air,320000.0,320000,49000000.0,C+,9637.039,42009.912,3d3.4s2,a 4P,3/2,3d3.(4P).4s.4p.(1P*),v 4P*,5/2
V,2,V II,308.821383,308.821383,308.821449,air,59000.0,59000,70000000.0,D,37352.4639,69724.235,3d3.(4F).4p,z 5F*,5,3d3.(4F).5s,5F,5
V,2,V II,308.85826,308.85826,308.858272,air,18000.0,18000,50000000.0,D,37150.6143,69518.5261,3d3.(4F).4p,z 5F*,4,3d3.(4F).5s,5F,4
V,1,V I,308.91258,308.91258,308.912576,air,160000.0,160000,43000000.0,D+,9637.039,41999.261,3d3.4s2,a 4P,3/2,3d3.(4P).4s.4p.(1P*),r 4D*,3/2
V,2,V II,308.9629,308.9629,308.96225,air,2200.0,2200,13000000.0,C,20343.0477,52700.067,3d3.(4P).4s,c 3P,2,3d3.(4P).4p,x 3D*,2
V,1,V I,309.14342,309.14342,309.143415,air,440000.0,440000,2600000.0,B,552.955,32891.013,3d3.4s2,a 4F,9/2,3d3.(2P).4s.4p.(3P*),x 4D*,7/2
V,2,V II,309.310099,309.310099,309.310037,air,1600000.0,1600000,200000000.0,B+,3162.9673,35483.6058,3d3.(4F).4s,a 5F,5,3d3.(4F).4p,z 5G*,6
V,1,V I,309.37891,309.37891,309.378983,air,230000.0,230000bl(V II),36000000.0,B,9824.626,42138.062,3d3.4s2,a 4P,5/2,3d3.(4P).4s.4p.(1P*),r 4D*,5/2
V,2,V II,309.419403,309.419403,309.419367,air,69000.0,69000,144000000.0,A,16421.5292,48730.7480,3d3.(2G).4s,b 3G,4,3d3.(2G).4p,y 3G*,4
V,1,V I,309.46865,309.46865,309.468657,air,200000.0,200000,35000000.0,D+,9544.635,41848.708,3d3.4s2,a 4P,1/2,3d3.(4P).4s.4p.(1P*),v 4P*,3/2
V,2,V II,309.48807,309.48807,309.488081,air,22000.0,22000,80000000.0,D,49723.6766,82025.7222,3d3.(2G).4p,z 1G*,4,3d3.(2G).5s,1G,4
V,1,V I,309.5898,309.5898,309.589789,air,30000.0,30000,15900000.0,B,9637.039,41928.473,3d3.4s2,a 4P,3/2,3d3.(4P).4s.4p.(1P*),r 4D*,1/2
V,2,V II,310.093234,310.093234,310.093226,air,55000.0,55000,141000000.0,A,16340.9837,48579.9945,3d3.(2G).4s,b 3G,3,3d3.(2G).4p,y 3G*,3
V,2,V II,310.230028,310.230028,310.23004,air,1200000.0,1200000,178000000.0,B+,2968.3883,35193.1820,3d3.(4F).4s,a 5F,4,3d3.(4F).4p,z 5G*,5
V,2,V II,310.3275,310.3275,310.32762,air,3800.0,3800,46000000.0,D,49268.6174,81483.279,3d3.(2G).4p,y 3F*,4,3d3.(2G).5s,3G,5
V,1,V I,310.3985,310.3985,310.39859,air,28000.0,28000,14800000.0,C+,9544.635,41751.931,3d3.4s2,a 4P,1/2,3d3.(4P).4s.4p.(1P*),v 4P*,1/2
V,2,V II,310.45046,310.45046,310.450453,air,5400.0,5400,19000000.0,D+,37150.6143,69352.5300,3d3.(4F).4p,z 5F*,4,3d3.(4F).5s,5F,3
V,2,V II,310.49048,310.49048,310.490486,air,7300.0,7300,16000000.0,C,16532.9841,48730.7480,3d3.(2G).4s,b 3G,5,3d3.(2G).4p,y 3G*,4
V,2,V II,310.53547,310.53547,310.535445,air,27000.0,27000,60000000.0,D,37531.1324,69724.235,3d3.(4F).4p,z 5D*,4,3d3.(4F).5s,5F,5
V,2,V II,310.59303,310.59303,310.593,air,7300.0,7300,36000000.0,D+,37041.1798,69228.317,3d3.(4F).4p,z 3D*,2,3d3.(4F).5s,5F,2
V,2,V II,310.5956,310.5956,310.597,air,7100.0,7100,13000000.0,C,20617.0735,52803.796,3d3.(2D2).4s,b 3D,2,3d3.(2D2).4p,z 1P*,1
V,1,V I,310.6109,310.6109,310.610865,air,23000.0,23000,3600000.0,C,9824.626,42009.912,3d3.4s2,a 4P,5/2,3d3.(4P).4s.4p.(1P*),v 4P*,5/2
V,2,V II,310.6822,310.6822,310.68198,air,1400.0,1400,4900000.0,D+,20522.148,52700.067,3d3.(2D2).4s,b 3D,1,3d3.(4P).4p,x 3D*,2
V,2,V II,310.86993,310.86993,310.86993,air,8400.0,8400,22000000.0,C,16421.5292,48579.9945,3d3.(2G).4s,b 3G,4,3d3.(2G).4p,y 3G*,3
V,2,V II,310.93626,310.93626,310.9363,air,8900.0,8900,100000000.0,B,25191.0356,57342.637,3d3.(2D2).4s,b 1D,2,3d3.(2D2).4p,y 1D*,2
V,2,V II,310.97582,310.97582,310.975885,air,8500.0,8500,30000000.0,D+,37205.0213,69352.5300,3d3.(4F).4p,z 3D*,3,3d3.(4F).5s,5F,3
V,2,V II,311.071014,311.071014,311.071018,air,930000.0,930000,158000000.0,B+,2808.9590,34946.6366,3d3.(4F).4s,a 5F,3,3d3.(4F).4p,z 5G*,4
V,2,V II,311.1237,311.1237,311.12435,air,4500.0,4500,38000000.0,D,49210.8445,81343.013,3d3.(2G).4p,y 3F*,3,3d3.(2G).5s,3G,4
V,1,V I,311.29186,311.29186,311.29173,air,51000.0,51000,33000000.0,C+,9637.039,41751.931,3d3.4s2,a 4P,3/2,3d3.(4P).4s.4p.(1P*),v 4P*,1/2
V,2,V II,311.35643,311.35643,311.356443,air,27000.0,27000,110000000.0,A,23391.1513,55499.3690,3d3.(2H).4s,a 1H,5,3d3.(2H).4p,y 1H*,5
V,2,V II,311.67811,311.67811,311.67811,air,21000.0,21000,130000000.0,A,34228.8534,66303.935,3d3.(2F).4s,b 1F,3,3d3.(2F).4p,x 1F*,3
V,2,V II,311.8072,311.8072,311.80617,air,4500.0,4500,47000000.0,D,49201.7171,81263.626,3d3.(2G).4p,y 3F*,2,3d3.(2G).5s,3G,3
V,2,V II,311.838159,311.838159,311.838168,air,710000.0,710000,147000000.0,B+,2687.2090,34745.8281,3d3.(4F).4s,a 5F,2,3d3.(4F).4p,z 5G*,3
V,2,V II,312.07291,312.07291,312.072924,air,40000.0,40000,139000000.0,A,20622.9852,52657.4892,3d3.(2D2).4s,b 3D,3,3d3.(2D2).4p,x 3F*,4
V,2,V II,312.11469,312.11469,312.114717,air,160000.0,160000,21800000.0,B+,3162.9673,35193.1820,3d3.(4F).4s,a 5F,5,3d3.(4F).4p,z 5G*,5
V,2,V II,312.289711,312.289711,312.28971,air,56000.0,56000,192000000.0,A,23391.1513,55403.4184,3d3.(2H).4s,a 1H,5,3d3.(2H).4p,z 1I*,6
V,2,V II,312.37686,312.37686,312.37687,air,12000.0,12000,148000000.0,A,47324.292,79327.627,3d3.(2D1).4s,d 1D,2,3d3.(2D1).4p,u 1F*,3
V,2,V II,312.43027,312.43027,312.430303,air,13000.0,13000,34000000.0,D,37520.6639,69518.5261,3d3.(4F).4p,z 5D*,3,3d3.(4F).5s,5F,4
V,2,V II,312.50212,312.50212,312.50214,air,12000.0,12000,65000000.0,B,19132.792,51123.299,3d3.(2P).4s,b 3P,2,3d3.(2P).4p,y 3P*,2
V,2,V II,312.528566,312.528566,312.528548,air,560000.0,560000,150000000.0,B+,2605.0400,34592.8439,3d3.(4F).4s,a 5F,1,3d3.(4F).4p,z 5G*,2
V,2,V II,312.5719,312.5719,312.571819,air,11000.0,11000,39000000.0,D+,37369.1542,69352.5300,3d3.(4F).4p,z 5D*,2,3d3.(4F).5s,5F,3
V,2,V II,312.621923,312.621923,312.62194,air,240000.0,240000,37200000.0,B+,2968.3883,34946.6366,3d3.(4F).4s,a 5F,4,3d3.(4F).4p,z 5G*,4
V,2,V II,312.679,312.679,312.67914,air,2700.0,2700,1800000.0,D+,20280.2493,52252.6480,3d3.(2H).4s,b 3H,5,3d3.(2H).4p,y 3H*,6
V,2,V II,312.71446,312.71446,312.71445,air,7200.0,7200,36000000.0,D+,37259.5288,69228.317,3d3.(4F).4p,z 5D*,1,3d3.(4F).5s,5F,2
V,2,V II,312.82986,312.82986,312.82997,air,3900.0,3900,17000000.0,C,19166.315,51123.299,3d3.(2P).4s,b 3P,1,3d3.(2P).4p,y 3P*,2
V,2,V II,312.86922,312.86922,312.86915,air,10000.0,10000,45000000.0,B,19132.792,51085.7739,3d3.(2P).4s,b 3P,2,3d3.(2P).4p,y 3D*,3
V,2,V II,313.026997,313.026997,313.027006,air,230000.0,230000,46500000.0,B+,2808.9590,34745.8281,3d3.(4F).4s,a 5F,3,3d3.(4F).4p,z 5G*,3
V,2,V II,313.259,313.259,313.25883,air,1500.0,1500,4100000.0,C,23391.1513,55304.3869,3d3.(2H).4s,a 1H,5,3d3.(2H).4p,x 3G*,4
V,2,V II,313.2799,313.2799,313.27957,air,1300.0,1300,2100000.0,D+,20242.385,52153.5082,3d3.(2H).4s,b 3H,4,3d3.(2H).4p,y 3H*,5
V,2,V II,313.333436,313.333436,313.333457,air,160000.0,160000,43300000.0,B+,2687.2090,34592.8439,3d3.(4F).4s,a 5F,2,3d3.(4F).4p,z 5G*,2
V,2,V II,313.49383,313.49383,313.49386,air,55000.0,55000,146000000.0,A,20363.3370,52252.6480,3d3.(2H).4s,b 3H,6,3d3.(2H).4p,y 3H*,6
V,2,V II,313.651724,313.651724,313.651745,air,47000.0,47000,140000000.0,A,20280.2493,52153.5082,3d3.(2H).4s,b 3H,5,3d3.(2H).4p,y 3H*,5
V,2,V II,313.80495,313.80495,313.80493,air,3500.0,3500,101000000.0,A,30318.5317,62176.232,3d3.(2F).4s,c 3F,4,3d3.(2F).4p,w 3F*,4
V,2,V II,313.97447,313.97447,313.97445,air,39000.0,39000,140000000.0,A,20242.385,52082.8854,3d3.(2H).4s,b 3H,4,3d3.(2H).4p,y 3H*,4
V,2,V II,313.99115,,313.99115,air,,,28.4,B,19112.9298,50951.737,3d3.(2G).4s,b 1G,4,3d4,e 1D1,2
V,2,V II,314.10797,314.10797,314.10798,air,1600.0,1600,79000000.0,B,30306.389,62133.354,3d3.(2F).4s,c 3F,3,3d3.(2F).4p,w 3F*,3
V,2,V II,314.1484,314.1484,314.14841,air,11000.0,11000,126000000.0,B,20980.9260,52803.796,3d4,a 1D2,2,3d3.(2D2).4p,z 1P*,1
V,2,V II,314.2022,314.2022,314.20091,air,780.0,780,59000000.0,B,30267.511,62085.063,3d3.(2F).4s,c 3F,2,3d3.(2F).4p,w 3F*,2
V,2,V II,314.21909,314.21909,314.219104,air,8300.0,8300,38000000.0,B,23391.1513,55206.8615,3d3.(2H).4s,a 1H,5,3d3.(2H).4p,x 3G*,5
V,2,V II,314.248215,314.248215,314.248226,air,85000.0,85000,174000000.0,A,17910.9147,49723.6766,3d4,a 1G2,4,3d3.(2G).4p,z 1G*,4
V,2,V II,314.34852,314.34852,314.34828,air,6200.0,6200*,8800000.0,C,20280.2493,52082.8854,3d3.(2H).4s,b 3H,5,3d3.(2H).4p,y 3H*,4
V,2,V II,314.34852,314.34852,314.34866,air,6200.0,6200*,2000000.0,D+,30641.7674,62444.366,3d4,d 3F1,3,3d2.(3F).4s.4p.(3P*),5G*,3
V,2,V II,314.4718,314.4718,314.47154,air,2400.0,2400,7600000.0,C,20363.3370,52153.5082,3d3.(2H).4s,b 3H,6,3d3.(2H).4p,y 3H*,5
V,2,V II,314.5347,314.5347,314.533744,air,4900.0,4900*,3100000.0,B,2808.9590,34592.8439,3d3.(4F).4s,a 5F,3,3d3.(4F).4p,z 5G*,2
V,2,V II,314.5347,314.5347,314.535878,air,4900.0,4900*,1180000.0,C+,3162.9673,34946.6366,3d3.(4F).4s,a 5F,5,3d3.(4F).4p,z 5G*,4
V,2,V II,314.5876,314.5876,314.58532,air,770.0,770,10400000.0,C,30306.389,62085.063,3d3.(2F).4s,c 3F,3,3d3.(2F).4p,w 3F*,2
V,2,V II,314.59758,314.59758,314.59754,air,14000.0,14000,2600000.0,B,2968.3883,34745.8281,3d3.(4F).4s,a 5F,4,3d3.(4F).4p,z 5G*,3
V,2,V II,314.622826,314.622826,314.622794,air,20000.0,20000,73000000.0,D+,20617.0735,52391.9627,3d3.(2D2).4s,b 3D,2,3d3.(2D2).4p,x 3F*,3
V,2,V II,314.8745,314.8745,314.87442,air,13000.0,13000,122000000.0,A,44098.469,75847.967,3d3.(2D1).4s,c 3D,3,3d3.(2D1).4p,t 3D*,3
V,2,V II,315.13161,315.13161,315.13163,air,17000.0,17000,98000000.0,B,20522.148,52245.733,3d3.(2D2).4s,b 3D,1,3d3.(2D2).4p,x 3F*,2
V,2,V II,315.4802,315.4802,315.48049,air,1900.0,1900,8800000.0,C,44159.461,75847.967,3d3.(2D1).4s,c 3D,2,3d3.(2D1).4p,t 3D*,3
V,2,V II,315.54037,315.54037,315.54035,air,13000.0,13000,16500000.0,B,17910.9147,49593.4096,3d4,a 1G2,4,3d3.(2G).4p,z 1H*,5
V,2,V II,315.78894,315.78894,315.788967,air,7200.0,7200,15000000.0,C,17910.9147,49568.4673,3d4,a 1G2,4,3d3.(2G).4p,z 1F*,3
V,2,V II,315.9219,315.9219,315.92233,air,1500.0,1500,1500000.0,D+,30641.7674,62285.957,3d4,d 3F1,3,3d2.(3F).4s.4p.(3P*),5G*,2
V,2,V II,315.9368,315.9368,315.93663,air,3300.0,3300,15000000.0,C,19132.792,50775.5487,3d3.(2P).4s,b 3P,2,3d3.(2P).4p,y 3D*,2
V,2,V II,316.07755,316.07755,316.07745,air,2000.0,2000,18000000.0,C,20617.0735,52245.733,3d3.(2D2).4s,b 3D,2,3d3.(2D2).4p,x 3F*,2
V,2,V II,316.1305,316.1305,316.13106,air,7700.0,7700,17000000.0,C,20980.9260,52604.222,3d4,a 1D2,2,3d3.(4P).4p,x 3D*,1
V,2,V II,316.235,316.235,316.23535,air,4500.0,4500,12000000.0,D+,30673.089,62285.957,3d4,d 3F1,2,3d2.(3F).4s.4p.(3P*),5G*,2
V,2,V II,316.27169,316.27169,316.27171,air,11000.0,11000,52000000.0,B,19166.315,50775.5487,3d3.(2P).4s,b 3P,1,3d3.(2P).4p,y 3D*,2
V,2,V II,316.30333,316.30333,316.30338,air,6700.0,6700,7500000.0,D+,19132.792,50738.861,3d3.(2P).4s,b 3P,2,3d3.(2P).4p,y 3P*,1
V,2,V II,316.37711,316.37711,316.37706,air,7200.0,7200,85000000.0,B,44159.461,75758.170,3d3.(2D1).4s,c 3D,2,3d3.(2D1).4p,t 3D*,2
V,2,V II,316.483947,316.483947,316.483946,air,13000.0,13000,4410000.0,B+,8842.0507,40430.0878,3d3.(4F).4s,a 3F,3,3d3.(4F).4p,z 3F*,4
V,2,V II,316.59021,316.59021,316.59017,air,3700.0,3700,73000000.0,B,19161.422,50738.861,3d3.(2P).4s,b 3P,0,3d3.(2P).4p,y 3P*,1
V,2,V II,316.74183,316.74183,316.74181,air,13000.0,13000,49000000.0,B,30613.910,62176.232,3d4,d 3F1,4,3d3.(2F).4p,w 3F*,4
V,2,V II,316.75057,316.75057,316.75056,air,17000.0,17000,143000000.0,A,34228.8534,65790.303,3d3.(2F).4s,b 1F,3,3d3.(2F).4p,x 1G*,4
V,2,V II,316.8001,316.8001,316.79949,air,5400.0,5400*,39000000.0,C,44159.461,75716.036,3d3.(2D1).4s,c 3D,2,3d3.(2D1).4p,t 3D*,1
V,2,V II,316.8001,316.8001,316.80033,air,5400.0,5400*,11600000.0,C,44201.678,75758.170,3d3.(2D1).4s,c 3D,1,3d3.(2D1).4p,t 3D*,2
V,2,V II,316.81312,316.81312,316.813265,air,16000.0,16000,7200000.0,C+,8640.3641,40195.5675,3d3.(4F).4s,a 3F,2,3d3.(4F).4p,z 3F*,3
V,2,V II,317.0208,317.0208,317.02163,air,2900.0,2900,2500000.0,D+,30641.7674,62176.232,3d4,d 3F1,3,3d3.(2F).4p,w 3F*,4
V,2,V II,317.149,317.149,317.1493,air,560.0,560,64000000.0,D+,55663.385,87185.16,3d3.(4P).4p,y 3S*,1,3d3.(4P).4d,3P,1
V,2,V II,317.1731,317.1731,317.17271,air,1600.0,1600,4500000.0,D+,30613.910,62133.354,3d4,d 3F1,4,3d3.(2F).4p,w 3F*,3
V,2,V II,317.22375,317.22375,317.2239,air,3800.0,3800,95000000.0,B,44201.678,75716.036,3d3.(2D1).4s,c 3D,1,3d3.(2D1).4p,t 3D*,1
V,2,V II,317.40828,317.40828,317.40832,air,4200.0,4200,65000000.0,C,19166.315,50662.363,3d3.(2P).4s,b 3P,1,3d3.(2P).4p,y 3P*,0
V,2,V II,317.45331,317.45331,317.45329,air,11000.0,11000,46000000.0,B,30641.7674,62133.354,3d4,d 3F1,3,3d3.(2F).4p,w 3F*,3
V,2,V II,317.7691,317.7691,317.76936,air,2900.0,2900,3600000.0,D+,30673.089,62133.354,3d4,d 3F1,2,3d3.(2F).4p,w 3F*,3
V,2,V II,317.9407,317.9407,317.94086,air,1500.0,1500,5200000.0,D+,30641.7674,62085.063,3d4,d 3F1,3,3d3.(2F).4p,w 3F*,2
V,2,V II,318.25796,318.25796,318.25789,air,8600.0,8600,43000000.0,B,30673.089,62085.063,3d4,d 3F1,2,3d3.(2F).4p,w 3F*,2
V,1,V I,318.34093,318.34093,318.340898,air,16000000.0,16000000,252000000.0,B+,137.383,31541.167,3d3.4s2,a 4F,5/2,3d3.(4F).4s.4p.(1P*),x 4G*,7/2
V,1,V I,318.39603,318.39603,318.396014,air,27000000.0,27000000,280000000.0,B+,323.432,31721.780,3d3.4s2,a 4F,7/2,3d3.(4F).4s.4p.(1P*),x 4G*,9/2
V,1,V I,318.40138,318.40138,318.40135,air,10000000.0,10000000,252000000.0,B+,0.000,31397.822,3d3.4s2,a 4F,3/2,3d3.(4F).4s.4p.(1P*),x 4G*,5/2
V,1,V I,318.53979,318.53979,318.5398,air,19000000.0,19000000,293000000.0,B+,552.955,31937.131,3d3.4s2,a 4F,9/2,3d3.(4F).4s.4p.(1P*),x 4G*,11/2
V,2,V II,318.6858,318.6858,318.68531,air,3500.0,3500,6100000.0,C,18353.830,49723.6766,3d4,a 3D,3,3d3.(2G).4p,z 1G*,4
V,2,V II,318.75013,318.75013,318.75017,air,7700.0,7700,100000000.0,D+,55403.4184,86766.882,3d3.(2H).4p,z 1I*,6,3d3.(2H).5s,1H,5
V,2,V II,318.771233,318.771233,318.771228,air,190000.0,190000,115000000.0,B+,8640.3641,40001.7556,3d3.(4F).4s,a 3F,2,3d3.(4F).4p,z 3F*,2
V,2,V II,318.808746,318.808746,318.808729,air,16000.0,16000,32000000.0,B,17910.9147,49268.6174,3d4,a 1G2,4,3d3.(2G).4p,y 3F*,4
V,2,V II,318.851301,318.851301,318.851293,air,250000.0,250000,108000000.0,B+,8842.0507,40195.5675,3d3.(4F).4s,a 3F,3,3d3.(4F).4p,z 3F*,3
V,2,V II,318.9778,318.9778,318.9778,air,1900.0,1900,24000000.0,C,19132.792,50473.874,3d3.(2P).4s,b 3P,2,3d3.(2P).4p,y 3D*,1
V,2,V II,319.06822,319.06822,319.068244,air,350000.0,350000bl(V I),125000000.0,B+,9097.8891,40430.0878,3d3.(4F).4s,a 3F,4,3d3.(4F).4p,z 3F*,4
V,2,V II,319.31941,319.31941,319.31937,air,6200.0,6200,51000000.0,C,19166.315,50473.874,3d3.(2P).4s,b 3P,1,3d3.(2P).4p,y 3D*,1
V,2,V II,319.3973,319.3973,319.397202,air,1400.0,1400,2600000.0,D+,17910.9147,49210.8445,3d4,a 1G2,4,3d3.(2G).4p,y 3F*,3
V,2,V II,319.543471,319.543471,319.543475,air,56000.0,56000,100000000.0,D+,39612.9643,70898.5669,3d3.(4F).4p,z 3G*,5,3d3.(4F).5s,3F,4
V,2,V II,319.65591,319.65591,319.655947,air,4700.0,4700,9200000.0,C,18293.8723,49568.4673,3d4,a 3D,2,3d3.(2G).4p,z 1F*,3
V,2,V II,319.72831,319.72831,319.72835,air,5800.0,5800,60000000.0,D,55499.3690,86766.882,3d3.(2H).4p,y 1H*,5,3d3.(2H).5s,1H,5
V,1,V I,319.80068,319.80068,319.80071,air,2700000.0,2700000,36900000.0,B+,137.383,31397.822,3d3.4s2,a 4F,5/2,3d3.(4F).4s.4p.(1P*),x 4G*,5/2
V,2,V II,320.152954,320.152954,320.152964,air,40000.0,40000,100000000.0,D,39403.7873,70629.8323,3d3.(4F).4p,z 3G*,4,3d3.(4F).5s,3F,3
V,1,V I,320.23819,320.23819,320.23819,air,3800000.0,3800000,40400000.0,B+,323.432,31541.167,3d3.4s2,a 4F,7/2,3d3.(4F).4s.4p.(1P*),x 4G*,7/2
V,1,V I,320.55744,320.55744,320.55745,air,1600000.0,1600000,187000000.0,B+,10892.520,42079.165,3d3.4s2,a 2G,7/2,3d4.(1I).4p,u 2H*,9/2
V,2,V II,320.61083,320.61083,320.610816,air,27000.0,27000,110000000.0,D,39234.0877,70415.5416,3d3.(4F).4p,z 3G*,3,3d3.(4F).5s,3F,2
V,1,V I,320.74073,320.74073,320.740725,air,2300000.0,2300000,21800000.0,B+,552.955,31721.780,3d3.4s2,a 4F,9/2,3d3.(4F).4s.4p.(1P*),x 4G*,9/2
V,2,V II,320.834615,320.834615,320.834605,air,30000.0,30000,18700000.0,B+,8842.0507,40001.7556,3d3.(4F).4s,a 3F,3,3d3.(4F).4p,z 3F*,2
V,1,V I,321.0501,321.0501,321.05042,air,22000.0,22000bl(V II),250000000.0,D+,18680.070,49818.830,3d3.(4F).4s.4p.(3P*),z 6F*,11/2,49818e,6D,9/2
V,1,V I,321.1573,321.1573,321.15745,air,24000.0,24000,2000000.0,C+,10892.520,42020.903,3d3.4s2,a 2G,7/2,3d4.(3D).4p,u 2F*,7/2
V,1,V I,321.24299,321.24299,321.243,air,1500000.0,1500000,186000000.0,B+,11100.596,42220.689,3d3.4s2,a 2G,9/2,3d4.(1I).4p,u 2H*,11/2
V,2,V II,321.47457,321.47457,321.474555,air,33000.0,33000,14300000.0,B+,9097.8891,40195.5675,3d3.(4F).4s,a 3F,4,3d3.(4F).4p,z 3F*,3
V,2,V II,321.710862,321.710862,321.710858,air,61000.0,61000,69200000.0,A,16532.9841,47607.8215,3d3.(2G).4s,b 3G,5,3d3.(2G).4p,z 3H*,6
V,1,V I,321.711,321.711,321.71549,air,1100000.0,1100000bl(V II),1270000.0,B,323.432,31397.822,3d3.4s2,a 4F,7/2,3d3.(4F).4s.4p.(1P*),x 4G*,5/2
V,1,V I,321.88658,321.88658,321.88659,air,140000.0,140000,29000000.0,D+,10892.520,41950.393,3d3.4s2,a 2G,7/2,3d4.(3D).4p,u 2F*,5/2
V,2,V II,321.9652,321.9652,321.9646,air,760.0,760,16000000.0,D+,55403.4184,86453.766,3d3.(2H).4p,z 1I*,6,3d3.(2G).4d,1I,6
V,1,V I,322.61024,322.61024,322.61021,air,66000.0,66000,660000.0,B,552.955,31541.167,3d3.4s2,a 4F,9/2,3d3.(4F).4s.4p.(1P*),x 4G*,7/2
V,2,V II,322.64472,322.64472,322.64482,air,5900.0,5900,50000000.0,D,55206.8615,86191.750,3d3.(2H).4p,x 3G*,5,3d3.(2H).5s,3H,6
V,2,V II,322.69077,322.69077,322.6908,air,5000.0,5000,59000000.0,B,25191.0356,56171.509,3d3.(2D2).4s,b 1D,2,3d3.(2P).4p,y 1P*,1
V,1,V I,322.81951,322.81951,322.819453,air,24000.0,24000,2400000.0,C+,10892.520,41860.647,3d3.4s2,a 2G,7/2,3d4.(3G).4p,t 4G*,9/2
V,2,V II,323.19439,323.19439,323.19439,air,9500.0,9500,33000000.0,B,18269.515,49201.7171,3d4,a 3D,1,3d3.(2G).4p,y 3F*,2
V,1,V I,323.3187,323.3187,323.31873,air,200000.0,200000,28400000.0,B,11100.596,42020.903,3d3.4s2,a 2G,9/2,3d4.(3D).4p,u 2F*,7/2
V,2,V II,323.35359,323.35359,323.353605,air,8800.0,8800,21000000.0,C,18293.8723,49210.8445,3d4,a 3D,2,3d3.(2G).4p,y 3F*,3
V,2,V II,323.37642,323.37642,323.376457,air,12000.0,12000,27000000.0,B,18353.830,49268.6174,3d4,a 3D,3,3d3.(2G).4p,y 3F*,4
V,2,V II,323.44918,323.44918,323.4491,air,1400.0,1400,5100000.0,D+,18293.8723,49201.7171,3d4,a 3D,2,3d3.(2G).4p,y 3F*,2
V,2,V II,323.787028,323.787028,323.787051,air,49000.0,49000,60700000.0,A,16421.5292,47297.1150,3d3.(2G).4s,b 3G,4,3d3.(2G).4p,z 3H*,5
V,1,V I,323.8894,323.8894,323.889321,air,12000.0,12000,1280000.0,C+,10892.520,41758.357,3d3.4s2,a 2G,7/2,3d4.(3G).4p,t 4G*,7/2
V,2,V II,323.9818,323.9818,323.98193,air,1200.0,1200,2700000.0,D+,18353.830,49210.8445,3d4,a 3D,3,3d3.(2G).4p,y 3F*,3
V,1,V I,324.1165,324.1165,324.116504,air,47000.0,47000,4300000.0,B,8578.542,39422.745,3d4.(5D).4s,a 4D,5/2,3d4.(3P2).4p,w 4P*,5/2
V,1,V I,324.203,324.203,324.20358,air,19000.0,19000,1210000.0,C,8413.009,39248.928,3d4.(5D).4s,a 4D,1/2,3d4.(3P2).4p,w 4P*,3/2
V,2,V II,324.28091,324.28091,324.28102,air,5400.0,5400,32000000.0,D+,51085.7739,81914.329,3d3.(2P).4p,y 3D*,3,3d3.(4P).5s,3P,2
V,1,V I,324.3269,324.3269,324.326916,air,38000.0,38000,7100000.0,B,8413.009,39237.202,3d4.(5D).4s,a 4D,1/2,3d4.(3P2).4p,w 4P*,1/2
V,2,V II,324.3538,324.3538,324.35291,air,360.0,360,2900000.0,D+,37937.703,68759.426,3d2.4s2,e 3F,2,3d2.(3F).4s.4p.(3P*),u 3D*,1
V,1,V I,324.6825,324.6825,324.6824,air,8300.0,8300,1020000.0,C,8476.234,39266.680,3d4.(5D).4s,a 4D,3/2,3d4.(3F2).4p,u 4F*,3/2
V,2,V II,324.71515,324.71515,324.71512,air,5900.0,5900,60000000.0,D,55304.3869,86091.730,3d3.(2H).4p,x 3G*,4,3d3.(2H).5s,3H,5
V,1,V I,324.86974,324.86974,324.869706,air,42000.0,42000,4900000.0,C+,8476.234,39248.928,3d4.(5D).4s,a 4D,3/2,3d4.(3P2).4p,w 4P*,3/2
V,2,V II,324.946,324.946,324.94599,air,2100.0,2100,4200000.0,D+,19132.792,49898.2618,3d3.(2P).4s,b 3P,2,3d3.(2P).4p,z 1D*,2
V,2,V II,324.9602,324.9602,324.96014,air,4900.0,4900,8000000.0,C,16532.9841,47297.1150,3d3.(2G).4s,b 3G,5,3d3.(2G).4p,z 3H*,5
V,1,V I,324.9935,324.9935,324.99355,air,30000.0,30000,6700000.0,B,8476.234,39237.202,3d4.(5D).4s,a 4D,3/2,3d4.(3P2).4p,w 4P*,1/2
V,1,V I,325.0031,325.0031,325.003238,air,24000.0,24000,2500000.0,C+,11100.596,41860.647,3d3.4s2,a 2G,9/2,3d4.(3G).4p,t 4G*,9/2
V,2,V II,325.077334,325.077334,325.077335,air,41000.0,41000,122000000.0,A,23391.1513,54144.1912,3d3.(2H).4s,a 1H,5,3d3.(2H).4p,y 1G*,4
V,2,V II,325.18641,325.18641,325.186398,air,33000.0,33000,81000000.0,B,20343.0477,51085.7739,3d3.(4P).4s,c 3P,2,3d3.(2P).4p,y 3D*,3
V,2,V II,325.4765,325.4765,325.47638,air,49000.0,49000,61000000.0,B,16340.9837,47056.321,3d3.(2G).4s,b 3G,3,3d3.(2G).4p,z 3H*,4
V,2,V II,325.52453,,325.52453,air,,,1.2,D,13490.8843,44201.678,3d4,b 3F2,2,3d3.(2D1).4s,c 3D,1
V,1,V I,325.56477,325.56477,325.56477,air,160000.0,160000,15200000.0,B+,8715.747,39422.745,3d4.(5D).4s,a 4D,7/2,3d4.(3P2).4p,w 4P*,5/2
V,2,V II,325.7197,325.7197,325.71982,air,1900.0,1900,17000000.0,D+,55499.3690,86191.750,3d3.(2H).4p,y 1H*,5,3d3.(2H).5s,3H,6
V,2,V II,325.78864,325.78864,325.78863,air,18000.0,18000,42000000.0,B,20089.6495,50775.5487,3d3.(4P).4s,c 3P,1,3d3.(2P).4p,y 3D*,2
V,1,V I,325.95341,325.95341,325.95342,air,68000.0,68000,7800000.0,B,8578.542,39248.928,3d4.(5D).4s,a 4D,5/2,3d4.(3P2).4p,w 4P*,3/2
V,2,V II,325.97265,,325.97265,air,,,0.5,D,13490.8843,44159.461,3d4,b 3F2,2,3d3.(2D1).4s,c 3D,2
V,2,V II,326.07414,,326.07414,air,,,0.5,D,13542.6461,44201.678,3d4,b 3F2,3,3d3.(2D1).4s,c 3D,1
V,2,V II,326.1791,326.1791,326.17862,air,2000.0,2000,21000000.0,C,20089.6495,50738.861,3d3.(4P).4s,c 3P,1,3d3.(2P).4p,y 3P*,1
V,1,V I,326.32377,326.32377,326.32376,air,730000.0,730000,8600000.0,C+,0.000,30635.580,3d3.4s2,a 4F,3/2,3d3.(2G).4s.4p.(3P*),y 4G*,5/2
V,2,V II,326.332,326.332,326.33215,air,6100.0,6100,7700000.0,C,16421.5292,47056.321,3d3.(2G).4s,b 3G,4,3d3.(2G).4p,z 3H*,4
V,2,V II,326.52377,,326.52377,air,,,0.9,D,13542.6461,44159.461,3d4,b 3F2,3,3d3.(2D1).4s,c 3D,2
V,2,V II,326.58856,326.58856,326.5885,air,20000.0,20000bl(V I),31000000.0,B,19112.9298,49723.6766,3d3.(2G).4s,b 1G,4,3d3.(2G).4p,z 1G*,4
V,2,V II,326.6542,326.6542,326.65437,air,340.0,340h,2200000.0,D+,38193.023,68797.597,3d2.4s2,e 3F,3,3d2.(3F).4s.4p.(3P*),u 3D*,2
V,2,V II,326.770246,326.770246,326.770229,air,360000.0,360000,161000000.0,B+,8640.3641,39234.0877,3d3.(4F).4s,a 3F,2,3d3.(4F).4p,z 3G*,3
V,2,V II,326.8939,326.8939,326.89346,air,2000.0,2000,14000000.0,C,20156.670,50738.861,3d3.(4P).4s,c 3P,0,3d3.(2P).4p,y 3P*,1
V,2,V II,327.112235,327.112235,327.11225,air,450000.0,450000,160000000.0,B+,8842.0507,39403.7873,3d3.(4F).4s,a 3F,3,3d3.(4F).4p,z 3G*,4
V,1,V I,327.16339,327.16339,327.163375,air,470000.0,470000,6400000.0,B+,137.383,30694.344,3d3.4s2,a 4F,5/2,3d3.(2G).4s.4p.(3P*),y 4G*,7/2
V,2,V II,327.17556,,327.17556,air,,,0.39,D,13542.6461,44098.469,3d4,b 3F2,3,3d3.(2D1).4s,c 3D,3
V,2,V II,327.23233,,327.23233,air,,,0.29,D,13608.9393,44159.461,3d4,b 3F2,4,3d3.(2D1).4s,c 3D,2
V,1,V I,327.30121,327.30121,327.30124,air,270000.0,270000,24000000.0,B,10892.520,41436.610&dagger;,3d3.4s2,a 2G,7/2,3d4.(3G).4p,t 2G*,7/2
V,2,V II,327.423,327.423,327.4226,air,3900.0,3900*,9800000.0,C,47324.292,77857.060,3d3.(2D1).4s,d 1D,2,3d3.(2D1).4p,t 3F*,2
V,2,V II,327.45044,327.45044,327.45059,air,1400.0,1400,26000000.0,C,22273.6366,52803.796,3d3.(2P).4s,a 1P,1,3d3.(2D2).4p,z 1P*,1
V,2,V II,327.612465,327.612465,327.612463,air,530000.0,530000,170000000.0,B+,9097.8891,39612.9643,3d3.(4F).4s,a 3F,4,3d3.(4F).4p,z 3G*,5
V,2,V II,327.7074,327.7074,327.7075,air,2700.0,2700,4300000.0,D+,20617.0735,51123.299,3d3.(2D2).4s,b 3D,2,3d3.(2P).4p,y 3P*,2
V,2,V II,327.74335,327.74335,327.74336,air,7000.0,7000,78000000.0,B,26839.749,57342.637,3d4,a 1F,3,3d3.(2D2).4p,y 1D*,2
V,2,V II,327.77097,327.77097,327.77102,air,8900.0,8900,34000000.0,B,20622.9852,51123.299,3d3.(2D2).4s,b 3D,3,3d3.(2P).4p,y 3P*,2
V,1,V I,327.79378,327.79378,327.79378,air,420000.0,420000,900000.0,D+,137.383,30635.580,3d3.4s2,a 4F,5/2,3d3.(2G).4s.4p.(3P*),y 4G*,5/2
V,2,V II,327.88696,,327.88696,air,,,1.4,C,13608.9393,44098.469,3d4,b 3F2,4,3d3.(2D1).4s,c 3D,3
V,2,V II,327.984314,327.984314,327.984316,air,100000.0,100000,118000000.0,A,19112.9298,49593.4096,3d3.(2G).4s,b 1G,4,3d3.(2G).4p,z 1H*,5
V,2,V II,328.11109,328.11109,328.111122,air,17000.0,17000,7900000.0,C,20617.0735,51085.7739,3d3.(2D2).4s,b 3D,2,3d3.(2P).4p,y 3D*,3
V,2,V II,328.11334,328.11334,328.113505,air,50000.0,50000,80000000.0,D+,40430.0878,70898.5669,3d3.(4F).4p,z 3F*,4,3d3.(4F).5s,3F,4
V,2,V II,328.17469,328.17469,328.1748,air,4300.0,4300,8800000.0,C,20622.9852,51085.7739,3d3.(2D2).4s,b 3D,3,3d3.(2P).4p,y 3D*,3
V,2,V II,328.252942,328.252942,328.252936,air,43000.0,43000,87000000.0,A,19112.9298,49568.4673,3d3.(2G).4s,b 1G,4,3d3.(2G).4p,z 1F*,3
V,1,V I,328.33098,328.33098,328.33096,air,470000.0,470000,4500000.0,B+,323.432,30771.732,3d3.4s2,a 4F,7/2,3d3.(2G).4s.4p.(3P*),y 4G*,9/2
V,1,V I,328.4357,328.4357,328.43572,air,200000.0,200000,23000000.0,D+,11100.596,41539.185,3d3.4s2,a 2G,9/2,3d4.(3G).4p,t 2G*,9/2
V,2,V II,328.482382,328.482382,328.482384,air,27000.0,27000,70000000.0,D,40195.5675,70629.8323,3d3.(4F).4p,z 3F*,3,3d3.(4F).5s,3F,3
V,2,V II,328.50142,328.50142,328.501422,air,10000.0,10000,27000000.0,C,20343.0477,50775.5487,3d3.(4P).4s,c 3P,2,3d3.(2P).4p,y 3D*,2
V,2,V II,328.5484,328.5484,328.55043,air,660.0,660,2200000.0,D+,38517.085,68945.047,3d2.4s2,e 3F,4,3d2.(3F).4s.4p.(3P*),u 3D*,3
V,2,V II,328.5659,328.5659,328.56697,air,1000.0,1000,4000000.0,D+,22273.6366,52700.067,3d3.(2P).4s,a 1P,1,3d3.(4P).4p,x 3D*,2
V,2,V II,328.70354,328.70354,328.703571,air,17000.0,17000,70000000.0,D,40001.7556,70415.5416,3d3.(4F).4p,z 3F*,2,3d3.(4F).5s,3F,2
V,2,V II,328.83012,328.83012,328.830118,air,5500.0,5500,4900000.0,C,19191.3276,49593.4096,3d4,a 1I,6,3d3.(2G).4p,z 1H*,5
V,2,V II,328.9388,328.9388,328.938805,air,24000.0,24000,10800000.0,B+,8842.0507,39234.0877,3d3.(4F).4s,a 3F,3,3d3.(4F).4p,z 3G*,3
V,2,V II,329.02337,329.02337,329.02339,air,8600.0,8600,14000000.0,C,20089.6495,50473.874,3d3.(4P).4s,c 3P,1,3d3.(2P).4p,y 3D*,1
V,1,V I,329.1676,329.1676,329.167611,air,350000.0,350000,580000.0,C+,323.432,30694.344,3d3.4s2,a 4F,7/2,3d3.(2G).4s.4p.(3P*),y 4G*,7/2
V,2,V II,329.31458,329.31458,329.31454,air,3900.0,3900,85000000.0,B,34228.8534,64586.215,3d3.(2F).4s,b 1F,3,3d3.(2F).4p,x 1D*,2
V,1,V I,329.5462,329.5462,329.54629,air,14000.0,14000,930000.0,C+,11100.596,41436.610&dagger;,3d3.4s2,a 2G,9/2,3d4.(3G).4p,t 2G*,7/2
V,2,V II,329.75076,329.75076,329.75076,air,3700.0,3700,15000000.0,C,20156.670,50473.874,3d3.(4P).4s,c 3P,0,3d3.(2P).4p,y 3D*,1
V,1,V I,329.81474,329.81474,329.81473,air,720000.0,720000,2860000.0,B,552.955,30864.279,3d3.4s2,a 4F,9/2,3d3.(2G).4s.4p.(3P*),y 4G*,11/2
V,2,V II,329.87376,329.87376,329.873783,air,21000.0,21000,7400000.0,B+,9097.8891,39403.7873,3d3.(4F).4s,a 3F,4,3d3.(4F).4p,z 3G*,4
V,1,V I,329.90845,329.90845,329.9085,air,42000.0,42000,7800000.0,B,9544.635,39847.344,3d3.4s2,a 4P,1/2,3d4.(3P2).4p,x 4S*,3/2
V,1,V I,329.9968,329.9968,329.9969,air,3700.0,3700,2300000.0,C+,9824.626,40119.218&dagger;,3d3.4s2,a 4P,5/2,3d4.(3P2).4p,v 2D*,5/2
V,2,V II,330.16566,330.16566,330.16568,air,3700.0,3700,102000000.0,B,47324.292,77603.398,3d3.(2D1).4s,d 1D,2,3d3.(2D1).4p,v 1D*,2
V,2,V II,330.44627,330.44627,330.44622,air,3800.0,3800,6700000.0,C,20522.148,50775.5487,3d3.(2D2).4s,b 3D,1,3d3.(2P).4p,y 3D*,2
V,1,V I,330.8248,330.8248,330.82485,air,130000.0,130000,159000.0,B,552.955,30771.732,3d3.4s2,a 4F,9/2,3d3.(2G).4s.4p.(3P*),y 4G*,9/2
V,2,V II,330.84715,330.84715,330.84744,air,1600.0,1600,7300000.0,D+,20522.148,50738.861,3d3.(2D2).4s,b 3D,1,3d3.(2P).4p,y 3P*,1
V,2,V II,330.85465,,330.85465,air,,,27.0,C,23391.1513,53607.206,3d3.(2H).4s,a 1H,5,3d2.4s2,d 1G,4
V,1,V I,330.91762,330.91762,330.917623,air,210000.0,210000,25300000.0,B+,9637.039,39847.344,3d3.4s2,a 4P,3/2,3d4.(3P2).4p,x 4S*,3/2
V,1,V I,331.3011,331.3011,331.30108,air,13000.0,13000,1320000.0,C+,9824.626,39999.966,3d3.4s2,a 4P,5/2,3d4.(3F2).4p,s 4D*,5/2
V,2,V II,331.4855,331.4855,331.48419,air,8000.0,8000*,18000000.0,C,25191.0356,55349.707,3d3.(2D2).4s,b 1D,2,3d3.(2H).4p,x 3G*,3
V,2,V II,331.51707,331.51707,331.516995,air,3700.0,3700,6500000.0,C,19112.9298,49268.6174,3d3.(2G).4s,b 1G,4,3d3.(2G).4p,y 3F*,4
V,2,V II,331.68721,331.68721,331.68719,air,1200.0,1200,24000000.0,D+,20522.148,50662.363,3d3.(2D2).4s,b 3D,1,3d3.(2P).4p,y 3P*,0
V,2,V II,331.8901,331.8901,331.89011,air,3700.0,3700,4100000.0,D+,20617.0735,50738.861,3d3.(2D2).4s,b 3D,2,3d3.(2P).4p,y 3P*,1
V,1,V I,332.014,332.014,332.01398,air,45000.0,45000,5200000.0,B,9824.626,39935.176,3d3.4s2,a 4P,5/2,3d4.(3F2).4p,s 4D*,3/2
V,2,V II,332.15335,332.15335,332.153362,air,9000.0,9000,22800000.0,B,19112.9298,49210.8445,3d3.(2G).4s,b 1G,4,3d3.(2G).4p,y 3F*,3
V,2,V II,332.3727,332.3727,332.37271,air,710.0,710,3000000.0,D+,19132.792,49210.8445,3d3.(2P).4s,b 3P,2,3d3.(2G).4p,y 3F*,3
V,1,V I,332.98532,332.98532,332.985321,air,420000.0,420000,77000000.0,B+,9824.626,39847.344,3d3.4s2,a 4P,5/2,3d4.(3P2).4p,x 4S*,3/2
V,2,V II,333.5481,333.5481,333.54774,air,1800.0,1800,3500000.0,D+,22273.6366,52245.733,3d3.(2P).4s,a 1P,1,3d3.(2D2).4p,x 3F*,2
V,2,V II,333.78227,333.78227,333.78225,air,7700.0,7700,67000000.0,B,25191.0356,55142.0747,3d3.(2D2).4s,b 1D,2,3d3.(2D2).4p,y 1F*,3
V,2,V II,334.58632,334.58632,334.58636,air,12000.0,12000,48000000.0,B,36424.875,66303.935,3d4,c 1G1,4,3d3.(2F).4p,x 1F*,3
V,2,V II,334.61256,,334.61256,air,,,0.17,D,8640.3641,38517.085,3d3.(4F).4s,a 3F,2,3d2.4s2,e 3F,4
V,2,V II,334.8365,334.8365,334.83582,air,260.0,260,9000000.0,D+,20617.0735,50473.874,3d3.(2D2).4s,b 3D,2,3d3.(2P).4p,y 3D*,1
V,2,V II,335.377,335.377,335.37713,air,2400.0,2400,3600000.0,D+,20089.6495,49898.2618,3d3.(4P).4s,c 3P,1,3d3.(2P).4p,z 1D*,2
V,1,V I,335.63505,335.63505,335.635052,air,350000.0,350000,24200000.0,B+,9637.039,39422.745,3d3.4s2,a 4P,3/2,3d4.(3P2).4p,w 4P*,5/2
V,2,V II,336.14897,336.14897,336.148997,air,2400.0,2400,3900000.0,C,19112.9298,48853.0973,3d3.(2G).4s,b 1G,4,3d3.(2G).4p,y 3G*,5
V,1,V I,336.354,336.354,336.35396,air,40000.0,40000,4200000.0,B,9544.635,39266.680,3d3.4s2,a 4P,1/2,3d4.(3F2).4p,u 4F*,3/2
V,2,V II,336.4688,336.4688,336.468,air,220.0,220,650000.0,D+,38193.023,67904.995,3d2.4s2,e 3F,3,3d2.(3F).4s.4p.(3P*),v 3F*,3
V,1,V I,336.55497,336.55497,336.554984,air,430000.0,430000,39800000.0,B+,9544.635,39248.928,3d3.4s2,a 4P,1/2,3d4.(3P2).4p,w 4P*,3/2
V,1,V I,336.68789,336.68789,336.6879,air,51000.0,51000,13200000.0,B,9544.635,39237.202,3d3.4s2,a 4P,1/2,3d4.(3P2).4p,w 4P*,1/2
V,2,V II,336.88683,,336.88683,air,,,3.6,C+,8842.0507,38517.085,3d3.(4F).4s,a 3F,3,3d2.4s2,e 3F,4
V,2,V II,337.2665,337.2665,337.26526,air,650.0,650,2500000.0,D+,20089.6495,49731.388,3d3.(4P).4s,c 3P,1,3d3.(4P).4p,z 5S*,2
V,1,V I,337.4031,337.4031,337.40296,air,26000.0,26000,4300000.0,C+,9637.039,39266.680,3d3.4s2,a 4P,3/2,3d4.(3F2).4p,u 4F*,3/2
V,1,V I,337.60525,337.60525,337.605238,air,220000.0,220000,21600000.0,B+,9637.039,39248.928,3d3.4s2,a 4P,3/2,3d4.(3P2).4p,w 4P*,3/2
V,1,V I,337.73899,337.73899,337.738984,air,220000.0,220000,66000000.0,B+,9637.039,39237.202,3d3.4s2,a 4P,3/2,3d4.(3P2).4p,w 4P*,1/2
V,1,V I,337.76231,337.76231,337.762308,air,430000.0,430000,62000000.0,B+,9824.626,39422.745,3d3.4s2,a 4P,5/2,3d4.(3P2).4p,w 4P*,5/2
V,2,V II,338.2819,,338.2819,air,,,4.4,C+,8640.3641,38193.023,3d3.(4F).4s,a 3F,2,3d2.4s2,e 3F,3
V,1,V I,338.4596,338.4596,338.45961,air,60000.0,60000,2940000.0,B,8578.542,38115.684&dagger;,3d4.(5D).4s,a 4D,5/2,3d4.(3P2).4p,t 4D*,7/2
V,2,V II,338.6294,338.6294,338.62901,air,1100.0,1100,41000000.0,D+,52391.9627,81914.329,3d3.(2D2).4p,x 3F*,3,3d3.(4P).5s,3P,2
V,2,V II,338.8712,338.8712,338.87076,air,1400.0,1400,15000000.0,D+,55142.0747,84643.381,3d3.(2D2).4p,y 1F*,3,3d3.(2G).4d,1F,3
V,1,V I,339.0759,339.0759,339.07587,air,71000.0,71000,5500000.0,B,8476.234,37959.695,3d4.(5D).4s,a 4D,3/2,3d4.(3P2).4p,t 4D*,5/2
V,2,V II,339.26457,339.26457,339.264548,air,4200.0,4200,6400000.0,C,19112.9298,48579.9945,3d3.(2G).4s,b 1G,4,3d3.(2G).4p,y 3G*,3
V,1,V I,339.5526,339.5526,339.55276,air,17000.0,17000,1770000.0,C+,9824.626,39266.680,3d3.4s2,a 4P,5/2,3d4.(3F2).4p,u 4F*,3/2
V,1,V I,339.75764,339.75764,339.757621,air,110000.0,110000,12600000.0,B+,9824.626,39248.928,3d3.4s2,a 4P,5/2,3d4.(3P2).4p,w 4P*,3/2
V,1,V I,339.7836,339.7836,339.78356,air,63000.0,63000,5700000.0,C+,8413.009,37835.065,3d4.(5D).4s,a 4D,1/2,3d4.(3P2).4p,t 4D*,3/2
V,2,V II,339.81659,,339.81659,air,,,16.3,B,9097.8891,38517.085,3d3.(4F).4s,a 3F,4,3d2.4s2,e 3F,4
V,2,V II,339.88382,,339.88382,air,,,1.9,D+,17910.9147,47324.292,3d4,a 1G2,4,3d3.(2D1).4s,d 1D,2
V,1,V I,339.9181,339.9181,339.9181,air,,:,330000.0,C+,2311.369,31721.780,3d4.(5D).4s,a 6D,7/2,3d3.(4F).4s.4p.(1P*),x 4G*,9/2
V,1,V I,340.03921,340.03921,340.0392,air,690000.0,690000,19100000.0,B,8715.747,38115.684&dagger;,3d4.(5D).4s,a 4D,7/2,3d4.(3P2).4p,t 4D*,7/2
V,2,V II,340.0669,340.0669,340.06701,air,1100.0,1100,15000000.0,D+,55499.3690,84896.902,3d3.(2H).4p,y 1H*,5,3d3.(2G).4d,1H,5
V,1,V I,340.25657,340.25657,340.2566,air,230000.0,230000,14900000.0,B,8578.542,37959.695,3d4.(5D).4s,a 4D,5/2,3d4.(3P2).4p,t 4D*,5/2
V,2,V II,340.43878,340.43878,340.43881,air,5200.0,5200,43000000.0,B,36424.875,65790.303,3d4,c 1G1,4,3d3.(2F).4p,x 1G*,4
V,1,V I,340.51531,340.51531,340.51531,air,100000.0,100000,10200000.0,C+,8476.234,37835.065,3d4.(5D).4s,a 4D,3/2,3d4.(3P2).4p,t 4D*,3/2
V,2,V II,340.60649,,340.60649,air,,,11.2,C+,8842.0507,38193.023,3d3.(4F).4s,a 3F,3,3d2.4s2,e 3F,3
V,1,V I,340.684,340.684,340.68394,air,64000.0,64000,14400000.0,B+,8413.009,37757.309,3d4.(5D).4s,a 4D,1/2,3d4.(3P2).4p,t 4D*,1/2
V,2,V II,340.8953,340.8953,340.89558,air,2300.0,2300,2600000.0,D+,20242.385,49568.4673,3d3.(2H).4s,b 3H,4,3d3.(2G).4p,z 1F*,3
V,2,V II,341.23004,,341.23004,air,,,13.8,C+,8640.3641,37937.703,3d3.(4F).4s,a 3F,2,3d2.4s2,e 3F,2
V,2,V II,341.4186,341.4186,341.41826,air,2200.0,2200,5400000.0,C,20617.0735,49898.2618,3d3.(2D2).4s,b 3D,2,3d3.(2P).4p,z 1D*,2
V,1,V I,341.41946,341.41946,341.41958,air,75000.0,75000bl(V II),15800000.0,B,8476.234,37757.309,3d4.(5D).4s,a 4D,3/2,3d4.(3P2).4p,t 4D*,1/2
V,1,V I,341.70609,341.70609,341.70611,air,230000.0,230000,9200000.0,C+,8578.542,37835.065,3d4.(5D).4s,a 4D,5/2,3d4.(3P2).4p,t 4D*,3/2
V,2,V II,342.0087,342.0087,342.0088,air,1300.0,1300,14000000.0,D+,52252.6480,81483.279,3d3.(2H).4p,y 3H*,6,3d3.(2G).5s,3G,5
V,2,V II,342.2252,342.2252,342.2249,air,1200.0,1200,6200000.0,C,49204.648,78416.825,3d2.4s2,e 3P,2,3d3.(2D1).4p,v 3P*,2
V,2,V II,342.4905,342.4905,342.49068,air,1200.0,1200,13000000.0,D+,52153.5082,81343.013,3d3.(2H).4p,y 3H*,5,3d3.(2G).5s,3G,4
V,2,V II,343.59547,,343.59547,air,,,6.0,C+,8842.0507,37937.703,3d3.(4F).4s,a 3F,3,3d2.4s2,e 3F,2
V,2,V II,343.60159,,343.60159,air,,,4.4,C+,9097.8891,38193.023,3d3.(4F).4s,a 3F,4,3d2.4s2,e 3F,3
V,2,V II,344.30041,344.30041,344.30049,air,7000.0,7000,56000000.0,D+,52700.067,81736.142,3d3.(4P).4p,x 3D*,2,3d3.(4P).5s,3P,1
V,2,V II,345.71429,345.71429,345.71429,air,14000.0,14000,27000000.0,B,20980.9260,49898.2618,3d4,a 1D2,2,3d3.(2P).4p,z 1D*,2
V,2,V II,346.1572,346.1572,346.157645,air,450.0,450h,500000.0,D,8640.3641,37520.6639,3d3.(4F).4s,a 3F,2,3d3.(4F).4p,z 5D*,3
V,2,V II,346.6436,,346.6436,air,,,0.29,D,9097.8891,37937.703,3d3.(4F).4s,a 3F,4,3d2.4s2,e 3F,2
V,2,V II,346.95171,346.95171,346.95167,air,2300.0,2300,8900000.0,C+,18293.8723,47108.0794,3d4,a 3D,2,3d3.(4P).4p,z 3P*,1
V,2,V II,347.02575,347.02575,347.02571,air,4400.0,4400,5000000.0,D,18293.8723,47101.9320,3d4,a 3D,2,3d3.(4P).4p,y 5D*,2
V,2,V II,347.62342,347.62342,347.62353,air,1200.0,1200,7000000.0,D,18269.515,47028.034,3d4,a 3D,1,3d3.(4P).4p,z 3P*,0
V,2,V II,347.7496,347.7496,347.74949,air,2100.0,2100,5600000.0,C+,18353.830,47101.9320,3d4,a 3D,3,3d3.(4P).4p,y 5D*,2
V,2,V II,347.9832,347.9832,347.983263,air,4300.0,4300,2500000.0,C+,8640.3641,37369.1542,3d3.(4F).4s,a 3F,2,3d3.(4F).4p,z 5D*,2
V,2,V II,348.5806,348.5806,348.5805,air,1000.0,1000,3400000.0,D+,20522.148,49201.7171,3d3.(2D2).4s,b 3D,1,3d3.(2G).4p,y 3F*,2
V,2,V II,348.59212,348.59212,348.592123,air,10000.0,10000,4000000.0,B,8842.0507,37520.6639,3d3.(4F).4s,a 3F,3,3d3.(4F).4p,z 5D*,3
V,2,V II,348.9938,348.9938,348.99348,air,1000.0,1000,1600000.0,D+,20622.9852,49268.6174,3d3.(2D2).4s,b 3D,3,3d3.(2G).4p,y 3F*,4
V,2,V II,349.31631,349.31631,349.316249,air,7000.0,7000,6900000.0,C+,8640.3641,37259.5288,3d3.(4F).4s,a 3F,2,3d3.(4F).4p,z 5D*,1
V,1,V I,349.6931,349.6931,349.69306,air,38000.0,38000,25000000.0,C+,19023.531,47611.858,3d4.(3H).4s,b 2H,9/2,3d3.(2G).4s.4p.(1P*),2H*,9/2
V,2,V II,349.70268,349.70268,349.70267,air,10000.0,10000,28000000.0,B,20980.9260,49568.4673,3d4,a 1D2,2,3d3.(2G).4p,z 1F*,3
V,2,V II,349.9832,349.9832,349.982839,air,1400.0,1400,490000.0,C+,8640.3641,37205.0213,3d3.(4F).4s,a 3F,2,3d3.(4F).4p,z 3D*,3
V,1,V I,350.08087,350.08087,350.08087,air,120000.0,120000,23000000.0,C+,19145.148,47701.807,3d4.(3H).4s,b 2H,11/2,3d3.(2G).4s.4p.(1P*),2H*,11/2
V,2,V II,350.443571,350.443571,350.443577,air,32000.0,32000,18600000.0,B,8842.0507,37369.1542,3d3.(4F).4s,a 3F,3,3d3.(4F).4p,z 5D*,2
V,2,V II,350.6567,350.6567,350.65434,air,860.0,860,2400000.0,D+,26839.749,55349.707,3d4,a 1F,3,3d3.(2H).4p,x 3G*,3
V,2,V II,350.75329,350.75329,350.75333,air,1600.0,1600,4900000.0,C,22273.6366,50775.5487,3d3.(2P).4s,a 1P,1,3d3.(2P).4p,y 3D*,2
V,2,V II,350.9028,350.9028,350.90294,air,2200.0,2200,2700000.0,C,20363.3370,48853.0973,3d3.(2H).4s,b 3H,6,3d3.(2G).4p,y 3G*,5
V,2,V II,351.38708,351.38708,351.3872,air,1700.0,1700,2800000.0,C,20280.2493,48730.7480,3d3.(2H).4s,b 3H,5,3d3.(2G).4p,y 3G*,4
V,2,V II,351.4412,351.4412,351.44107,air,2300.0,2300,3700000.0,C+,18293.8723,46740.0100,3d4,a 3D,2,3d3.(4P).4p,z 3P*,2
V,2,V II,351.6005,351.6005,351.600451,air,950.0,950,223000.0,B,9097.8891,37531.1324,3d3.(4F).4s,a 3F,4,3d3.(4F).4p,z 5D*,4
V,2,V II,351.729951,351.729951,351.729954,air,110000.0,110000,44000000.0,B,9097.8891,37520.6639,3d3.(4F).4s,a 3F,4,3d3.(4F).4p,z 5D*,3
V,2,V II,351.75209,351.75209,351.75216,air,750.0,750,3200000.0,C+,18269.515,46690.4958,3d4,a 3D,1,3d3.(4P).4p,y 5D*,1
V,2,V II,352.00191,352.00191,352.001914,air,16000.0,16000,8100000.0,B,8640.3641,37041.1798,3d3.(4F).4s,a 3F,2,3d3.(4F).4p,z 3D*,2
V,2,V II,352.05407,352.05407,352.05388,air,2400.0,2400,6700000.0,C+,18293.8723,46690.4958,3d4,a 3D,2,3d3.(4P).4p,y 5D*,1
V,2,V II,352.18331,352.18331,352.18341,air,7600.0,7600,12400000.0,B,18353.830,46740.0100,3d4,a 3D,3,3d3.(4P).4p,z 3P*,2
V,2,V II,352.3118,352.3118,352.31113,air,990.0,990,15000000.0,C,50951.737,79327.627,3d4,e 1D1,2,3d3.(2D1).4p,u 1F*,3
V,2,V II,352.471603,352.471603,352.471608,air,24000.0,24000,8000000.0,B,8842.0507,37205.0213,3d3.(4F).4s,a 3F,3,3d3.(4F).4p,z 3D*,3
V,2,V II,352.7867,352.7867,352.78707,air,1200.0,1200h,1500000.0,D+,20242.385,48579.9945,3d3.(2H).4s,b 3H,4,3d3.(2G).4p,y 3G*,3
V,1,V I,352.97334,352.97334,352.97333,air,940000.0,940000,49000000.0,B+,9637.039,37959.695,3d3.4s2,a 4P,3/2,3d4.(3P2).4p,t 4D*,5/2
V,2,V II,353.077217,353.077217,353.077216,air,75000.0,75000,53000000.0,B,8640.3641,36954.6872,3d3.(4F).4s,a 3F,2,3d3.(4F).4p,z 5F*,1
V,2,V II,353.14901,353.14901,353.149053,air,1300.0,1300,360000.0,C+,8842.0507,37150.6143,3d3.(4F).4s,a 3F,3,3d3.(4F).4p,z 5F*,4
V,2,V II,353.2268,353.2268,353.22689,air,1200.0,1200bl(V I),8000000.0,C,26839.749,55142.0747,3d4,a 1F,3,3d3.(2D2).4p,y 1F*,3
V,1,V I,353.36758,353.36758,353.36758,air,2300000.0,2300000,63000000.0,B+,9824.626,38115.684&dagger;,3d3.4s2,a 4P,5/2,3d4.(3P2).4p,t 4D*,7/2
V,1,V I,353.37541,353.37541,353.37542,air,280000.0,280000,28000000.0,B,9544.635,37835.065,3d3.4s2,a 4P,1/2,3d4.(3P2).4p,t 4D*,3/2
V,2,V II,353.82379,353.82379,353.823869,air,4600.0,4600,1130000.0,B,9097.8891,37352.4639,3d3.(4F).4s,a 3F,4,3d3.(4F).4p,z 5F*,5
V,2,V II,354.13298,354.13298,354.13291,air,3100.0,3100,4000000.0,C,20980.9260,49210.8445,3d4,a 1D2,2,3d3.(2G).4p,y 3F*,3
V,2,V II,354.2475,354.2475,354.24745,air,580.0,580,3300000.0,D+,20980.9260,49201.7171,3d4,a 1D2,2,3d3.(2G).4p,y 3F*,2
V,1,V I,354.34938,354.34938,354.34937,air,450000.0,450000,59000000.0,B+,9544.635,37757.309,3d3.4s2,a 4P,1/2,3d4.(3P2).4p,t 4D*,1/2
V,2,V II,354.519585,354.519585,354.519584,air,110000.0,110000,51000000.0,B,8842.0507,37041.1798,3d3.(4F).4s,a 3F,3,3d3.(4F).4p,z 3D*,2
V,1,V I,354.53345,354.53345,354.53345,air,310000.0,310000,31000000.0,B,9637.039,37835.065,3d3.4s2,a 4P,3/2,3d4.(3P2).4p,t 4D*,3/2
V,1,V I,355.32681,355.32681,355.3268,air,450000.0,450000,18400000.0,B+,9824.626,37959.695,3d3.4s2,a 4P,5/2,3d4.(3P2).4p,t 4D*,5/2
V,1,V I,355.51388,355.51388,355.51381,air,61000.0,61000,21000000.0,D+,9637.039,37757.309,3d3.4s2,a 4P,3/2,3d4.(3P2).4p,t 4D*,1/2
V,2,V II,355.67999,355.67999,355.679988,air,180000.0,180000,64000000.0,B,9097.8891,37205.0213,3d3.(4F).4s,a 3F,4,3d3.(4F).4p,z 3D*,3
V,2,V II,356.05901,356.05901,356.059,air,9000.0,9000,3000000.0,B,8842.0507,36919.2647,3d3.(4F).4s,a 3F,3,3d3.(4F).4p,z 5F*,3
V,2,V II,356.3701,356.3701,356.369833,air,91.0,91h,500000.0,D,9097.8891,37150.6143,3d3.(4F).4s,a 3F,4,3d3.(4F).4p,z 5F*,4
V,2,V II,356.61759,356.61759,356.617802,air,26000.0,26000,8700000.0,B,8640.3641,36673.5838,3d3.(4F).4s,a 3F,2,3d3.(4F).4p,z 5F*,2
V,1,V I,356.90788,356.90788,356.90784,air,27000.0,27000,2600000.0,C+,9824.626,37835.065,3d3.4s2,a 4P,5/2,3d4.(3P2).4p,t 4D*,3/2
V,2,V II,357.3553,357.3553,357.35632,air,3200.0,3200,9000000.0,D+,19132.792,47108.0794,3d3.(2P).4s,b 3P,2,3d3.(4P).4p,z 3P*,1
V,2,V II,357.4348,357.4348,357.43487,air,4100.0,4100,12300000.0,C+,19132.792,47101.9320,3d3.(2P).4s,b 3P,2,3d3.(4P).4p,y 5D*,2
V,2,V II,357.8637,357.8637,357.8638,air,3100.0,3100,1900000.0,D,19166.315,47101.9320,3d3.(2P).4s,b 3P,1,3d3.(4P).4p,y 5D*,2
V,1,V I,358.3708,358.3708,358.37079,air,230000.0,230000,4600000.0,D+,8715.747,36611.845,3d4.(5D).4s,a 4D,7/2,3d3.(2D2).4s.4p.(3P*),x 4P*,5/2
V,1,V I,358.6494,358.6494,358.64938,air,6500.0,6500,46000.0,C+,2220.156,30094.585,3d4.(5D).4s,a 6D,5/2,3d3.(4P).4s.4p.(3P*),y 4P*,3/2
V,2,V II,358.8131,358.8131,358.813,air,1500.0,1500,19000000.0,D+,19166.315,47028.034,3d3.(2P).4s,b 3P,1,3d3.(4P).4p,z 3P*,0
V,2,V II,358.82619,,358.82619,air,,,4.7,C,16340.9837,44201.678,3d3.(2G).4s,b 3G,3,3d3.(2D1).4s,c 3D,1
V,2,V II,358.975922,358.975922,358.97592,air,130000.0,130000,70000000.0,B+,8640.3641,36489.4382,3d3.(4F).4s,a 3F,2,3d3.(4F).4p,z 3D*,1
V,2,V II,359.202175,359.202175,359.202173,air,130000.0,130000,51000000.0,B,8842.0507,36673.5838,3d3.(4F).4s,a 3F,3,3d3.(4F).4p,z 5F*,2
V,2,V II,359.333316,359.333316,359.333321,air,65000.0,65000,21000000.0,B,9097.8891,36919.2647,3d3.(4F).4s,a 3F,4,3d3.(4F).4p,z 5F*,3
V,2,V II,359.37076,,359.37076,air,,,0.7,D,16340.9837,44159.461,3d3.(2G).4s,b 3G,3,3d3.(2D1).4s,c 3D,2
V,2,V II,360.41433,,360.41433,air,,,3.8,C,16421.5292,44159.461,3d3.(2G).4s,b 3G,4,3d3.(2D1).4s,c 3D,2
V,2,V II,361.2086,,361.2086,air,,,0.5,D,16421.5292,44098.469,3d3.(2G).4s,b 3G,4,3d3.(2D1).4s,c 3D,3
V,2,V II,361.892667,361.892667,361.892664,air,20000.0,20000,47000000.0,B,22273.6366,49898.2618,3d3.(2P).4s,a 1P,1,3d3.(2P).4p,z 1D*,2
V,2,V II,362.04824,362.04824,362.04817,air,1200.0,1200,17000000.0,C,25191.0356,52803.796,3d3.(2D2).4s,b 1D,2,3d3.(2D2).4p,z 1P*,1
V,2,V II,362.12084,362.12084,362.12085,air,12000.0,12000,22500000.0,B,19132.792,46740.0100,3d3.(2P).4s,b 3P,2,3d3.(4P).4p,z 3P*,2
V,2,V II,362.56108,362.56108,362.56112,air,2700.0,2700,5300000.0,B,19166.315,46740.0100,3d3.(2P).4s,b 3P,1,3d3.(4P).4p,z 3P*,2
V,2,V II,362.66911,,362.66911,air,,,3.9,C,16532.9841,44098.469,3d3.(2G).4s,b 3G,5,3d3.(2D1).4s,c 3D,3
V,2,V II,362.7714,362.7714,362.77151,air,3100.0,3100,9400000.0,C+,19132.792,46690.4958,3d3.(2P).4s,b 3P,2,3d3.(4P).4p,y 5D*,1
V,2,V II,363.2132,363.2132,363.21336,air,920.0,920,3600000.0,C,19166.315,46690.4958,3d3.(2P).4s,b 3P,1,3d3.(4P).4p,y 5D*,1
V,1,V I,363.90214,363.90214,363.90212,air,390000.0,390000,25500000.0,B,14548.816,42020.903,3d3.4s2,2D2,5/2,3d4.(3D).4p,u 2F*,7/2
V,1,V I,364.47066,364.47066,364.47066,air,440000.0,440000,78000000.0,C+,11100.596,38529.830,3d3.4s2,a 2G,9/2,3d3.(2H).4s.4p.(3P*),u 2G*,9/2
V,2,V II,364.59127,364.59127,364.5912,air,1900.0,1900,18000000.0,D+,19166.315,46586.481,3d3.(2P).4s,b 3P,1,3d3.(4P).4p,y 5D*,0
V,1,V I,365.4823,365.4823,365.48236,air,10000.0,10000,400000.0,C+,10892.520,38245.829,3d3.4s2,a 2G,7/2,3d4.(3H).4p,x 4H*,7/2
V,2,V II,366.13651,366.13651,366.13648,air,9000.0,9000bl(V I),31000000.0,B,26839.749,54144.1912,3d4,a 1F,3,3d3.(2H).4p,y 1G*,4
V,1,V I,366.35915,366.35915,366.35915,air,850000.0,850000,151000000.0,B+,16361.489,43649.336,3d3.(4F).4s.4p.(3P*),z 6G*,3/2,3d3.4s.(5F).4d,e 6H,5/2
V,1,V I,366.77381,366.77381,366.77379,air,850000.0,850000,146000000.0,B+,16449.875,43706.874,3d3.(4F).4s.4p.(3P*),z 6G*,5/2,3d3.4s.(5F).4d,e 6H,7/2
V,2,V II,366.94225,366.94225,366.94227,air,15000.0,15000,19000000.0,B,20363.3370,47607.8215,3d3.(2H).4s,b 3H,6,3d3.(2G).4p,z 3H*,6
V,1,V I,367.12027,367.12027,367.12027,air,690000.0,690000,18100000.0,B,10892.520,38123.795,3d3.4s2,a 2G,7/2,3d4.(3H).4p,x 2H*,9/2
V,1,V I,367.2402,367.2402,367.24022,air,320000.0,320000,75000000.0,D+,16917.210,44139.591,3d3.(4F).4s.4p.(3P*),z 6G*,11/2,3d3.4s.(5F).4d,f 6G,11/2
V,1,V I,367.34027,367.34027,367.34028,air,950000.0,950000,151000000.0,B+,16572.638,43787.604,3d3.(4F).4s.4p.(3P*),z 6G*,7/2,3d3.4s.(5F).4d,e 6H,9/2
V,2,V II,367.46847,367.46847,367.4685,air,2400.0,2400,8800000.0,B,19902.609,47108.0794,3d4,a 1S2,0,3d3.(4P).4p,z 3P*,1
V,1,V I,367.5499,367.5499,367.54969,air,58000.0,58000,18200000.0,B+,16449.875,43649.336,3d3.(4F).4s.4p.(3P*),z 6G*,5/2,3d3.4s.(5F).4d,e 6H,5/2
V,1,V I,367.56994,367.56994,367.56993,air,1500000.0,1500000,5500000.0,B+,2220.156,29418.119,3d4.(5D).4s,a 6D,5/2,3d3.(4P).4s.4p.(3P*),y 6P*,7/2
V,1,V I,367.66843,367.66843,367.66844,air,570000.0,570000,110000000.0,D+,17136.538,44327.214,3d3.(4F).4s.4p.(3P*),z 6G*,13/2,3d3.4s.(5F).4d,f 6G,13/2
V,1,V I,368.01129,368.01129,368.01128,air,1000000.0,1000000,154000000.0,B+,16728.803,43894.149,3d3.(4F).4s.4p.(3P*),z 6G*,9/2,3d3.4s.(5F).4d,e 6H,11/2
V,1,V I,368.31142,368.31142,368.31142,air,3100000.0,3100000,17600000.0,B+,2153.221,29296.430,3d4.(5D).4s,a 6D,3/2,3d3.(4P).4s.4p.(3P*),y 6P*,5/2
V,1,V I,368.4332,368.4332,368.43322,air,65000.0,65000,16700000.0,B+,16572.638,43706.874,3d3.(4F).4s.4p.(3P*),z 6G*,7/2,3d3.4s.(5F).4d,e 6H,7/2
V,1,V I,368.62571,368.62571,368.62571,air,770000.0,770000,18500000.0,B,11100.596,38220.663,3d3.4s2,a 2G,9/2,3d4.(3H).4p,x 2H*,11/2
V,1,V I,368.6684,368.6684,368.6687,air,14000.0,14000,1240000.0,C+,15103.784,42220.689,3d3.4s2,a 2H,9/2,3d4.(1I).4p,u 2H*,11/2
V,1,V I,368.74827,368.74827,368.74827,air,1600000.0,1600000,160000000.0,B+,16917.210,44028.264,3d3.(4F).4s.4p.(3P*),z 6G*,11/2,3d3.4s.(5F).4d,e 6H,13/2
V,1,V I,368.80684,368.80684,368.80682,air,7000000.0,7000000,32000000.0,B+,2311.369,29418.119,3d4.(5D).4s,a 6D,7/2,3d3.(4P).4s.4p.(3P*),y 6P*,7/2
V,1,V I,368.88144,368.88144,368.88144,air,,:,170000.0,C+,9824.626,36925.893&dagger;,3d3.4s2,a 4P,5/2,3d4.(3F2).4p,x 2F*,7/2
V,1,V I,369.02793,369.02793,369.02794,air,5400000.0,5400000,44000000.0,B+,2112.282,29202.790,3d4.(5D).4s,a 6D,1/2,3d3.(4P).4s.4p.(3P*),y 6P*,3/2
V,1,V I,369.22194,369.22194,369.22194,air,8100000.0,8100000,55000000.0,B+,2220.156,29296.430,3d4.(5D).4s,a 6D,5/2,3d3.(4P).4s.4p.(3P*),y 6P*,5/2
V,1,V I,369.53392,369.53392,369.53391,air,1500000.0,1500000,175000000.0,B+,17136.538,44189.954,3d3.(4F).4s.4p.(3P*),z 6G*,13/2,3d3.4s.(5F).4d,e 6H,15/2
V,1,V I,369.58647,369.58647,369.58647,air,5400000.0,5400000,62000000.0,B+,2153.221,29202.790,3d4.(5D).4s,a 6D,3/2,3d3.(4P).4s.4p.(3P*),y 6P*,3/2
V,1,V I,369.94713,369.94713,369.94713,air,65000.0,65000,1570000.0,C+,11100.596,38123.795,3d3.4s2,a 2G,9/2,3d4.(3H).4p,x 2H*,9/2
V,2,V II,370.01238,370.01238,370.01244,air,2800.0,2800,12500000.0,B,20089.6495,47108.0794,3d3.(4P).4s,c 3P,1,3d3.(4P).4p,z 3P*,1
V,2,V II,370.03388,370.03388,370.03386,air,12000.0,12000,16600000.0,B,20280.2493,47297.1150,3d3.(2H).4s,b 3H,5,3d3.(2G).4p,z 3H*,5
V,2,V II,370.09662,370.09662,370.09664,air,1500.0,1500,4500000.0,C+,20089.6495,47101.9320,3d3.(4P).4s,c 3P,1,3d3.(4P).4p,y 5D*,2
V,1,V I,370.35676,370.35676,370.35678,air,21000000.0,21000000,112000000.0,B+,2424.809,29418.119,3d4.(5D).4s,a 6D,9/2,3d3.(4P).4s.4p.(3P*),y 6P*,7/2
V,2,V II,370.3823,370.3823,370.381907,air,1100.0,1100,540000.0,C+,12621.4857,39612.9643,3d4,a 3H,5,3d3.(4F).4p,z 3G*,5
V,1,V I,370.46997,370.46997,370.46999,air,9800000.0,9800000,77000000.0,B+,2311.369,29296.430,3d4.(5D).4s,a 6D,7/2,3d3.(4P).4s.4p.(3P*),y 6P*,5/2
V,1,V I,370.5033,370.5033,370.50332,air,3100000.0,3100000,41800000.0,B+,2220.156,29202.790,3d4.(5D).4s,a 6D,5/2,3d3.(4P).4s.4p.(3P*),y 6P*,3/2
V,1,V I,370.5814,370.5814,370.58153,air,39000.0,39000,7200000.0,B,16917.210,43894.149,3d3.(4F).4s.4p.(3P*),z 6G*,11/2,3d3.4s.(5F).4d,e 6H,11/2
V,1,V I,370.60295,370.60295,370.60294,air,340000.0,340000,21900000.0,B,15103.784,42079.165,3d3.4s2,a 2H,9/2,3d4.(1I).4p,u 2H*,9/2
V,1,V I,370.87138,370.87138,370.87137,air,460000.0,460000,25000000.0,B,15264.832,42220.689,3d3.4s2,a 2H,11/2,3d4.(1I).4p,u 2H*,11/2
V,2,V II,370.93257,370.93257,370.93258,air,1700.0,1700,6000000.0,C+,20156.670,47108.0794,3d3.(4P).4s,c 3P,0,3d3.(4P).4p,z 3P*,1
V,2,V II,371.11194,371.11194,371.11193,air,2900.0,2900,42000000.0,D+,20089.6495,47028.034,3d3.(4P).4s,c 3P,1,3d3.(4P).4p,z 3P*,0
V,2,V II,371.2532,371.2532,371.25394,air,1200.0,1200,2300000.0,D+,22273.6366,49201.7171,3d3.(2P).4s,a 1P,1,3d3.(2G).4p,y 3F*,2
V,1,V I,371.3533,371.3533,371.35332,air,17000.0,17000,50000000.0,C,15078.387,41999.261,3d4.(3P2).4s,b 4P,1/2,3d3.(4P).4s.4p.(1P*),r 4D*,3/2
V,1,V I,371.4857,371.4857,371.485604,air,15000.0,15000,1700000.0,C+,14949.359,41860.647,3d4.(3H).4s,a 4H,9/2,3d4.(3G).4p,t 4G*,9/2
V,2,V II,371.546408,371.546408,371.546402,air,77000.0,77000,26200000.0,B+,12706.0798,39612.9643,3d4,a 3H,6,3d3.(4F).4p,z 3G*,5
V,1,V I,371.7559,371.7559,371.75584,air,25000.0,25000,3000000.0,B,17136.538,44028.264,3d3.(4F).4s.4p.(3P*),z 6G*,13/2,3d3.4s.(5F).4d,e 6H,13/2
V,2,V II,371.81513,371.81513,371.81508,air,5100.0,5100,2360000.0,B,13542.6461,40430.0878,3d4,b 3F2,3,3d3.(4F).4p,z 3F*,4
V,1,V I,372.19899,372.19899,372.198976,air,160000.0,160000,17900000.0,B+,15000.937,41860.647,3d4.(3H).4s,a 4H,11/2,3d4.(3G).4p,t 4G*,9/2
V,2,V II,372.21315,372.21315,372.21318,air,1700.0,1700,580000.0,C+,12545.1024,39403.7873,3d4,a 3H,4,3d3.(4F).4p,z 3G*,4
V,1,V I,372.3324,372.3324,372.33239,air,47000.0,47000,24400000.0,B,15078.387,41928.473,3d4.(3P2).4s,b 4P,1/2,3d3.(4P).4s.4p.(1P*),r 4D*,1/2
V,1,V I,372.3558,372.3558,372.355784,air,13000.0,13000,1930000.0,B,14909.958,41758.357,3d4.(3H).4s,a 4H,7/2,3d4.(3G).4p,t 4G*,7/2
V,2,V II,372.734103,372.734103,372.73411,air,80000.0,80000,31600000.0,B+,13608.9393,40430.0878,3d4,b 3F2,4,3d3.(4F).4p,z 3F*,4
V,2,V II,372.83423,372.83423,372.83437,air,9500.0,9500,15500000.0,B,20242.385,47056.321,3d3.(2H).4s,b 3H,4,3d3.(2G).4p,z 3H*,4
V,1,V I,372.90305,372.90305,372.903047,air,200000.0,200000,20100000.0,B+,14949.359,41758.357,3d4.(3H).4s,a 4H,9/2,3d4.(3G).4p,t 4G*,7/2
V,1,V I,373.0175,373.0175,373.0176,air,48000.0,48000,610000.0,C+,8578.542,35379.307,3d4.(5D).4s,a 4D,5/2,3d3.(2D2).4s.4p.(3P*),u 4D*,7/2
V,2,V II,373.197,373.197,373.19693,air,1500.0,1500,7800000.0,B,19902.609,46690.4958,3d4,a 1S2,0,3d3.(4P).4p,y 5D*,1
V,2,V II,373.274744,373.274744,373.274763,air,66000.0,66000,25800000.0,B+,12621.4857,39403.7873,3d4,a 3H,5,3d3.(4F).4p,z 3G*,4
V,2,V II,373.51569,373.51569,373.51562,air,3100.0,3100,12700000.0,B,20343.0477,47108.0794,3d3.(4P).4s,c 3P,2,3d3.(4P).4p,z 3P*,1
V,2,V II,373.60144,373.60144,373.601432,air,3400.0,3400,9200000.0,B,20343.0477,47101.9320,3d3.(4P).4s,c 3P,2,3d3.(4P).4p,y 5D*,2
V,1,V I,373.7429,373.7429,373.7429,air,72000.0,72000,1340000.0,C+,8476.234,35224.990,3d4.(5D).4s,a 4D,3/2,3d3.(2D2).4s.4p.(3P*),u 4D*,5/2
V,2,V II,373.76624,,373.76624,air,,,5.9,C+,17910.9147,44658.000,3d4,a 1G2,4,3d2.4s2,c 1D,2
V,1,V I,373.87458,373.87458,373.874652,air,300000.0,300000bl(V II),45000000.0,C+,15270.582,42009.912,3d4.(3P2).4s,b 4P,3/2,3d3.(4P).4s.4p.(1P*),v 4P*,5/2
V,2,V II,374.32419,,374.32419,air,,,0.08,E,20617.0735,47324.292,3d3.(2D2).4s,b 3D,2,3d3.(2D1).4s,d 1D,2
V,2,V II,374.35972,374.35972,374.359731,air,5300.0,5300,2800000.0,B,13490.8843,40195.5675,3d4,b 3F2,2,3d3.(4F).4p,z 3F*,3
V,2,V II,374.579931,374.579931,374.579927,air,55000.0,55000,27300000.0,B+,12545.1024,39234.0877,3d4,a 3H,4,3d3.(4F).4p,z 3G*,3
V,1,V I,374.71296,374.71296,374.71298,air,57000.0,57000,1900000.0,C+,8413.009,35092.518,3d4.(5D).4s,a 4D,1/2,3d3.(2D2).4s.4p.(3P*),u 4D*,3/2
V,1,V I,374.7978,374.7978,374.79804,air,140000.0,140000,31000000.0,C,15572.035,42245.489&dagger;,3d4.(3P2).4s,b 4P,5/2,3d3.(4P).4s.4p.(1P*),r 4D*,7/2
V,1,V I,374.9371,374.9371,374.93712,air,260000.0,260000,3800000.0,C+,8715.747,35379.307,3d4.(5D).4s,a 4D,7/2,3d3.(2D2).4s.4p.(3P*),u 4D*,7/2
V,1,V I,375.0169,375.0169,375.01686,air,18000.0,18000,9500000.0,C+,15270.582,41928.473,3d4.(3P2).4s,b 4P,3/2,3d3.(4P).4s.4p.(1P*),r 4D*,1/2
V,2,V II,375.086773,375.086773,375.086781,air,55000.0,55000,26900000.0,B,13542.6461,40195.5675,3d4,b 3F2,3,3d3.(4F).4p,z 3F*,3
V,2,V II,375.12289,375.12289,375.12283,air,6800.0,6800,14000000.0,C,20089.6495,46740.0100,3d3.(4P).4s,c 3P,1,3d3.(4P).4p,z 3P*,2
V,1,V I,375.1779,375.1779,375.17791,air,180000.0,180000,3500000.0,C+,8578.542,35224.990,3d4.(5D).4s,a 4D,5/2,3d3.(2D2).4s.4p.(3P*),u 4D*,5/2
V,2,V II,375.2225,375.2225,375.222,air,480.0,480,1600000.0,D+,49204.648,75847.967,3d2.4s2,e 3P,2,3d3.(2D1).4p,t 3D*,3
V,1,V I,375.6031,375.6031,375.6031,air,97000.0,97000,2900000.0,C+,8476.234,35092.518,3d4.(5D).4s,a 4D,3/2,3d3.(2D2).4s.4p.(3P*),u 4D*,3/2
V,2,V II,375.6745,375.6745,375.67551,air,500.0,500h,1600000.0,D+,38193.023,64804.177,3d2.4s2,e 3F,3,3d3.(2F).4p,v 3D*,2
V,2,V II,375.82115,375.82115,375.82109,air,2100.0,2100,8000000.0,D+,20089.6495,46690.4958,3d3.(4P).4s,c 3P,1,3d3.(4P).4p,y 5D*,1
V,1,V I,375.8296,375.8296,375.82951,air,77000.0,77000,4400000.0,C+,8413.009,35013.259&dagger;,3d4.(5D).4s,a 4D,1/2,3d3.(2D2).4s.4p.(3P*),u 4D*,1/2
V,1,V I,375.89219,375.89219,375.89219,air,,:,1700000.0,C+,15264.832,41860.647,3d3.4s2,a 2H,11/2,3d4.(3G).4p,t 4G*,9/2
V,2,V II,376.02208,376.02208,376.022075,air,9900.0,9900,4800000.0,B,13608.9393,40195.5675,3d4,b 3F2,4,3d3.(4F).4p,z 3F*,3
V,1,V I,376.3137,376.3137,376.31368,air,300000.0,300000,33500000.0,B+,15572.035,42138.062,3d4.(3P2).4s,b 4P,5/2,3d3.(4P).4s.4p.(1P*),r 4D*,5/2
V,1,V I,376.72493,376.72493,376.72496,air,71000.0,71000,3800000.0,C+,8476.234,35013.259&dagger;,3d4.(5D).4s,a 4D,3/2,3d3.(2D2).4s.4p.(3P*),u 4D*,1/2
V,2,V II,376.77038,376.77038,376.77038,air,1600.0,1600,6000000.0,B,20156.670,46690.4958,3d3.(4P).4s,c 3P,0,3d3.(4P).4p,y 5D*,1
V,2,V II,376.87649,376.87649,376.87652,air,6300.0,6300,17000000.0,D+,55499.3690,82025.7222,3d3.(2H).4p,y 1H*,5,3d3.(2G).5s,1G,4
V,1,V I,377.0524,377.0524,377.05246,air,84000.0,84000,2400000.0,C+,8578.542,35092.518,3d4.(5D).4s,a 4D,5/2,3d3.(2D2).4s.4p.(3P*),u 4D*,3/2
V,2,V II,377.096619,377.096619,377.096615,air,44000.0,44000,32000000.0,B,13490.8843,40001.7556,3d4,b 3F2,2,3d3.(4F).4p,z 3F*,2
V,1,V I,377.1199,377.1199,377.11978,air,54000.0,54000,990000.0,C+,8715.747,35224.990,3d4.(5D).4s,a 4D,7/2,3d3.(2D2).4s.4p.(3P*),u 4D*,5/2
V,1,V I,377.2438,377.2438,377.24403,air,17000.0,17000,870000.0,C+,15000.937,41501.449,3d4.(3H).4s,a 4H,11/2,3d4.(3G).4p,v 2H*,9/2
V,2,V II,377.29641,377.29641,377.29643,air,3300.0,3300,38000000.0,C,20089.6495,46586.481,3d3.(4P).4s,c 3P,1,3d3.(4P).4p,y 5D*,0
V,2,V II,377.4671,377.4671,377.467,air,910.0,910,2700000.0,C,20617.0735,47101.9320,3d3.(2D2).4s,b 3D,2,3d3.(4P).4p,y 5D*,2
V,1,V I,377.5171,377.5171,377.51702,air,140000.0,140000,59000000.0,C+,15270.582,41751.931,3d4.(3P2).4s,b 4P,3/2,3d3.(4P).4s.4p.(1P*),v 4P*,1/2
V,1,V I,377.68704,377.68704,377.68701,air,48000.0,48000,960000.0,B,10892.520,37361.951,3d3.4s2,a 2G,7/2,3d4.(3H).4p,v 2G*,9/2
V,1,V I,377.7157,377.7157,377.71565,air,23000.0,23000,80000.0,C,137.383,26604.807&dagger;,3d3.4s2,a 4F,5/2,3d4.(5D).4p,y 6D*,7/2
V,2,V II,377.83431,377.83431,377.834345,air,8800.0,8800,6500000.0,B,13542.6461,40001.7556,3d4,b 3F2,3,3d3.(4F).4p,z 3F*,2
V,1,V I,377.8677,377.8677,377.86771,air,1500000.0,1500000,4660000.0,B+,2311.369,28768.142,3d4.(5D).4s,a 6D,7/2,3d3.(4P).4s.4p.(3P*),x 6D*,9/2
V,1,V I,377.96396,377.96396,377.96398,air,190000.0,190000,9000000.0,D+,10892.520,37342.555,3d3.4s2,a 2G,7/2,3d3.(2D2).4s.4p.(3P*),w 2F*,5/2
V,1,V I,378.1378,378.1378,378.13779,air,140000.0,140000,22000000.0,C+,15572.035,42009.912,3d4.(3P2).4s,b 4P,5/2,3d3.(4P).4s.4p.(1P*),v 4P*,5/2
V,1,V I,378.4669,378.4669,378.46685,air,30000.0,30000,110000.0,B,323.432,26738.323,3d3.4s2,a 4F,7/2,3d4.(5D).4p,y 6D*,9/2
V,1,V I,378.4818,378.4818,378.482014,air,33000.0,33000,7000000.0,B,15724.229,42138.062,3d4.(3F2).4s,b 4F,7/2,3d3.(4P).4s.4p.(1P*),r 4D*,5/2
V,1,V I,378.7138,378.7138,378.71383,air,240000.0,240000*,9200000.0,B,15103.784,41501.449,3d3.4s2,a 2H,9/2,3d4.(3G).4p,v 2H*,9/2
V,1,V I,378.7138,378.7138,378.71429,air,240000.0,240000*,80000.0,D,0.000,26397.633,3d3.4s2,a 4F,3/2,3d4.(5D).4p,y 6D*,1/2
V,2,V II,378.72389,378.72389,378.723914,air,10000.0,10000,21000000.0,B,20343.0477,46740.0100,3d3.(4P).4s,c 3P,2,3d3.(4P).4p,z 3P*,2
V,1,V I,379.03237,379.03237,379.03237,air,2900000.0,2900000,8600000.0,B+,2220.156,28595.637,3d4.(5D).4s,a 6D,5/2,3d3.(4P).4s.4p.(3P*),x 6D*,7/2
V,1,V I,379.0464,379.0464,379.04638,air,710000.0,710000,19000000.0,D+,11100.596,37475.102&dagger;,3d3.4s2,a 2G,9/2,3d3.(2D2).4s.4p.(3P*),w 2F*,7/2
V,1,V I,379.1317,379.1317,379.13171,air,23000.0,23000,133000.0,B,137.383,26505.953,3d3.4s2,a 4F,5/2,3d4.(5D).4p,y 6D*,5/2
V,1,V I,379.36099,379.36099,379.36099,air,570000.0,570000,790000.0,B+,0.000,26352.634,3d3.4s2,a 4F,3/2,3d4.(5D).4p,y 4D*,5/2
V,2,V II,379.43565,379.43565,379.43566,air,2800.0,2800,9500000.0,B,20343.0477,46690.4958,3d3.(4P).4s,c 3P,2,3d3.(4P).4p,y 5D*,1
V,2,V II,379.49446,,379.49446,air,,,0.35,E,20980.9260,47324.292,3d4,a 1D2,2,3d3.(2D1).4s,d 1D,2
V,1,V I,379.49493,379.49493,379.49493,air,6100000.0,6100000,20300000.0,B+,2424.809,28768.142,3d4.(5D).4s,a 6D,9/2,3d3.(4P).4s.4p.(3P*),x 6D*,9/2
V,1,V I,379.50129,379.50129,379.501127,air,170000.0,170000,410000.0,C+,137.383,26480.286&dagger;,3d3.4s2,a 4F,5/2,3d4.(5D).4p,y 4D*,7/2
V,1,V I,379.64631,379.64631,379.64636,air,120000.0,120000,8800000.0,B+,15103.784,41436.610&dagger;,3d3.4s2,a 2H,9/2,3d4.(3G).4p,t 2G*,7/2
V,1,V I,379.86502,379.86502,379.86504,air,110000.0,110000,7000000.0,B,13801.551,40119.218&dagger;,3d3.4s2,a 2P,3/2,3d4.(3P2).4p,v 2D*,5/2
V,1,V I,379.99081,379.99081,379.99082,air,3200000.0,3200000,11000000.0,B+,2153.221,28462.177,3d4.(5D).4s,a 6D,3/2,3d3.(4P).4s.4p.(3P*),x 6D*,5/2
V,1,V I,380.28751,380.28751,380.28758,air,60000.0,60000,1130000.0,C+,10892.520,37180.946,3d3.4s2,a 2G,7/2,3d3.(2H).4s.4p.(3P*),y 2H*,9/2
V,1,V I,380.34773,380.34773,380.34774,air,3200000.0,3200000,12100000.0,B+,2311.369,28595.637,3d4.(5D).4s,a 6D,7/2,3d3.(4P).4s.4p.(3P*),x 6D*,7/2
V,1,V I,380.37809,380.37809,380.37809,air,290000.0,290000,11000000.0,D+,10892.520,37174.691,3d3.4s2,a 2G,7/2,3d4.(3H).4p,v 2G*,7/2
V,1,V I,380.38965,380.38965,380.38961,air,99000.0,99000,530000.0,B,323.432,26604.807&dagger;,3d3.4s2,a 4F,7/2,3d4.(5D).4p,y 6D*,7/2
V,2,V II,380.4368,380.4368,380.43658,air,1000.0,1000,3700000.0,D+,44658.000,70936.130,3d2.4s2,c 1D,2,3d2.(3F).4s.4p.(3P*),1F*,3
V,2,V II,380.6204,380.6204,380.62033,air,750.0,750,1800000.0,D+,44658.000,70923.444,3d2.4s2,c 1D,2,3d2.(3F).4s.4p.(3P*),1D*,2
V,1,V I,380.646,380.646,380.64602,air,27000.0,27000,14800000.0,C+,15664.801,41928.473,3d4.(3F2).4s,b 4F,3/2,3d3.(4P).4s.4p.(1P*),r 4D*,1/2
V,1,V I,380.67959,380.67959,380.6796,air,790000.0,790000,18300000.0,B+,11100.596,37361.951,3d3.4s2,a 2G,9/2,3d4.(3H).4p,v 2G*,9/2
V,1,V I,380.75041,380.75041,380.75041,air,1700000.0,1700000,11100000.0,B+,2112.282,28368.753,3d4.(5D).4s,a 6D,1/2,3d3.(4P).4s.4p.(3P*),x 6D*,3/2
V,2,V II,380.8307,380.8307,380.83058,air,4800.0,4800,19000000.0,D+,55663.385,81914.329,3d3.(4P).4p,y 3S*,1,3d3.(4P).5s,3P,2
V,1,V I,380.85188,380.85188,380.85188,air,3100000.0,3100000,14300000.0,B+,0.000,26249.476,3d3.4s2,a 4F,3/2,3d4.(5D).4p,y 4D*,3/2
V,1,V I,380.96007,380.96007,380.96008,air,1300000.0,1300000,5000000.0,B+,2220.156,28462.177,3d4.(5D).4s,a 6D,5/2,3d3.(4P).4s.4p.(3P*),x 6D*,5/2
V,1,V I,381.34904,381.34904,381.349106,air,6000000.0,6000000,13200000.0,B+,137.383,26352.634,3d3.4s2,a 4F,5/2,3d4.(5D).4p,y 4D*,5/2
V,2,V II,381.538226,381.538226,381.538207,air,16000.0,16000,26000000.0,B,23391.1513,49593.4096,3d3.(2H).4s,a 1H,5,3d3.(2G).4p,z 1H*,5
V,1,V I,381.55152,381.55152,381.55152,air,530000.0,530000,6200000.0,B+,2112.282,28313.626,3d4.(5D).4s,a 6D,1/2,3d3.(4P).4s.4p.(3P*),x 6D*,1/2
V,1,V I,381.78437,381.78437,381.78432,air,300000.0,300000,1150000.0,B+,552.955,26738.323,3d3.4s2,a 4F,9/2,3d4.(5D).4p,y 6D*,9/2
V,1,V I,381.79756,381.79756,381.79754,air,370000.0,370000,8000000.0,B+,11100.596,37285.057,3d3.4s2,a 2G,9/2,3d4.(3H).4p,z 4I*,9/2
V,1,V I,381.82413,381.82413,381.82414,air,7800000.0,7800000,67000000.0,B+,0.000,26182.637,3d3.4s2,a 4F,3/2,3d4.(5D).4p,y 4D*,1/2
V,1,V I,381.99642,381.99642,381.99643,air,1300000.0,1300000,5900000.0,B+,2424.809,28595.637,3d4.(5D).4s,a 6D,9/2,3d3.(4P).4s.4p.(3P*),x 6D*,7/2
V,1,V I,382.02918,382.02918,382.029161,air,290000.0,290000,5600000.0,C+,8578.542,34747.128,3d4.(5D).4s,a 4D,5/2,3d3.(4F).4s.4p.(1P*),v 4D*,7/2
V,1,V I,382.14864,382.14864,382.14863,air,1300000.0,1300000,21900000.0,B+,2153.221,28313.626,3d4.(5D).4s,a 6D,3/2,3d3.(4P).4s.4p.(3P*),x 6D*,1/2
V,1,V I,382.20049,382.20049,382.200515,air,3400000.0,3400000,7900000.0,B+,323.432,26480.286&dagger;,3d3.4s2,a 4F,7/2,3d4.(5D).4p,y 4D*,7/2
V,1,V I,382.28887,382.28887,382.28888,air,2500000.0,2500000,11000000.0,B+,2311.369,28462.177,3d4.(5D).4s,a 6D,7/2,3d3.(4P).4s.4p.(3P*),x 6D*,5/2
V,1,V I,382.32121,382.32121,382.32121,air,1700000.0,1700000,16400000.0,B+,2220.156,28368.753,3d4.(5D).4s,a 6D,5/2,3d3.(4P).4s.4p.(3P*),x 6D*,3/2
V,1,V I,382.39773,382.39773,382.39774,air,300000.0,300000,5600000.0,C+,8476.234,34619.598,3d4.(5D).4s,a 4D,3/2,3d3.(4F).4s.4p.(1P*),v 4D*,5/2
V,1,V I,382.4993,382.4993,382.499364,air,20000.0,20000,2060000.0,B,15724.229,41860.647,3d4.(3F2).4s,b 4F,7/2,3d4.(3G).4p,t 4G*,9/2
V,1,V I,382.54024,382.54024,382.54024,air,,:,2200000.0,C,13801.551,39935.176,3d3.4s2,a 2P,3/2,3d4.(3F2).4p,s 4D*,3/2
V,1,V I,382.67696,382.67696,382.67694,air,210000.0,210000,6500000.0,D+,8413.009,34537.299,3d4.(5D).4s,a 4D,1/2,3d3.(4F).4s.4p.(1P*),v 4D*,3/2
V,2,V II,382.69688,382.69688,382.69677,air,3400.0,3400,6500000.0,C+,20617.0735,46740.0100,3d3.(2D2).4s,b 3D,2,3d3.(4P).4p,z 3P*,2
V,1,V I,382.85567,382.85567,382.855694,air,10000000.0,10000000,52000000.0,B+,137.383,26249.476,3d3.4s2,a 4F,5/2,3d4.(5D).4p,y 4D*,3/2
V,2,V II,383.2322,383.2322,383.23262,air,850.0,850,1300000.0,D+,38517.085,64603.496,3d2.4s2,e 3F,4,3d3.(2F).4p,v 3D*,3
V,1,V I,383.32164,383.32164,383.32169,air,86000.0,86000,1610000.0,B,11100.596,37180.946,3d3.4s2,a 2G,9/2,3d3.(2H).4s.4p.(3P*),y 2H*,9/2
V,1,V I,383.4813,383.4813,383.481301,air,13000.0,13000,2120000.0,B,15688.862,41758.357,3d4.(3F2).4s,b 4F,5/2,3d4.(3G).4p,t 4G*,7/2
V,1,V I,383.556,383.556,383.556,air,340000.0,340000,9000000.0,B,8413.009,34477.427&dagger;,3d4.(5D).4s,a 4D,1/2,3d3.(4F).4s.4p.(1P*),v 4D*,1/2
V,1,V I,383.60534,383.60534,383.605349,air,340000.0,340000,8000000.0,B,8476.234,34537.299,3d4.(5D).4s,a 4D,3/2,3d3.(4F).4s.4p.(1P*),v 4D*,3/2
V,1,V I,383.9001,383.9001,383.9001,air,730000.0,730000,18000000.0,B,8578.542,34619.598,3d4.(5D).4s,a 4D,5/2,3d3.(4F).4s.4p.(1P*),v 4D*,5/2
V,1,V I,384.00227,384.00227,384.002268,air,,:,2500000.0,C,15724.229,41758.357,3d4.(3F2).4s,b 4F,7/2,3d4.(3G).4p,t 4G*,7/2
V,1,V I,384.01344,384.01344,384.0134,air,320000.0,320000,12500000.0,B+,10892.520,36925.893&dagger;,3d3.4s2,a 2G,7/2,3d4.(3F2).4p,x 2F*,7/2
V,1,V I,384.04278,384.04278,384.04279,air,2600000.0,2600000,40000000.0,B,8715.747,34747.128,3d4.(5D).4s,a 4D,7/2,3d3.(4F).4s.4p.(1P*),v 4D*,7/2
V,1,V I,384.07494,384.07494,384.074941,air,16000000.0,16000000,52000000.0,B+,323.432,26352.634,3d3.4s2,a 4F,7/2,3d4.(5D).4p,y 4D*,5/2
V,1,V I,384.18907,384.18907,384.189068,air,660000.0,660000,900000.0,B+,323.432,26344.902,3d3.4s2,a 4F,7/2,3d3.(4F).4s.4p.(3P*),z 2G*,9/2
V,1,V I,384.27335,384.27335,384.27333,air,210000.0,210000,3800000.0,C+,8413.009,34428.773,3d4.(5D).4s,a 4D,1/2,3d3.(2D2).4s.4p.(3P*),4F*,3/2
V,1,V I,384.3504,384.3504,384.35032,air,240000.0,240000,2700000.0,C+,8476.234,34486.787,3d4.(5D).4s,a 4D,3/2,3d3.(2D2).4s.4p.(3P*),4F*,5/2
V,1,V I,384.44362,384.44362,384.44372,air,2300000.0,2300000,6000000.0,B+,0.000,26004.234,3d3.4s2,a 4F,3/2,3d4.(5D).4p,y 4F*,5/2
V,1,V I,384.48866,384.48866,384.48868,air,210000.0,210000,8800000.0,C+,8476.234,34477.427&dagger;,3d4.(5D).4s,a 4D,3/2,3d3.(4F).4s.4p.(1P*),v 4D*,1/2
V,1,V I,384.73262,384.73262,384.73257,air,1900000.0,1900000bl(V II),4500000.0,B+,137.383,26122.094&dagger;,3d3.4s2,a 4F,5/2,3d4.(5D).4p,y 4F*,7/2
V,2,V II,384.7334,384.7334,384.7333,air,3200.0,3200,97000000.0,B,22273.6366,48258.30,3d3.(2P).4s,a 1P,1,3d3.(2P).4p,z 1S*,0
V,2,V II,385.03959,385.03959,385.03921,air,540.0,540,700000.0,D,11295.511,37259.5288,3d4,a 3P2,0,3d3.(4F).4p,z 5D*,1
V,1,V I,385.11722,385.11722,385.117241,air,340000.0,340000,6300000.0,C+,8578.542,34537.299,3d4.(5D).4s,a 4D,5/2,3d3.(4F).4s.4p.(1P*),v 4D*,3/2
V,1,V I,385.20952,385.20952,385.20951,air,180000.0,180000,2200000.0,C+,8476.234,34428.773,3d4.(5D).4s,a 4D,3/2,3d3.(2D2).4s.4p.(3P*),4F*,3/2
V,1,V I,385.53636,385.53636,385.53627,air,7300000.0,7300000*,33900000.0,B+,0.000,25930.544,3d3.4s2,a 4F,3/2,3d4.(5D).4p,y 4F*,3/2
V,1,V I,385.584,385.584,385.58404,air,18000000.0,18000000,57000000.0,B+,552.955,26480.286&dagger;,3d3.4s2,a 4F,9/2,3d4.(5D).4p,y 4D*,7/2
V,1,V I,385.868,385.868,385.8681,air,300000.0,300000,3000000.0,C+,8578.542,34486.787,3d4.(5D).4s,a 4D,5/2,3d3.(2D2).4s.4p.(3P*),4F*,5/2
V,1,V I,385.9336,385.9336,385.93356,air,340000.0,340000,5600000.0,C+,8715.747,34619.598,3d4.(5D).4s,a 4D,7/2,3d3.(4F).4s.4p.(1P*),v 4D*,5/2
V,2,V II,386.14084,,386.14084,air,,,0.09,E,18269.515,44159.461,3d4,a 3D,1,3d3.(2D1).4s,c 3D,2
V,1,V I,386.22173,386.22173,386.221726,air,910000.0,910000,1070000.0,B+,137.383,26021.907,3d3.4s2,a 4F,5/2,3d3.(4F).4s.4p.(3P*),z 2G*,7/2
V,2,V II,386.37834,386.37834,386.378539,air,7500.0,7500,3100000.0,B,14556.0689,40430.0878,3d4,a 3G,4,3d3.(4F).4p,z 3F*,4
V,1,V I,386.38596,386.38596,386.38597,air,550000.0,550000,24100000.0,B+,10892.520,36766.041,3d3.4s2,a 2G,7/2,3d4.(3F2).4p,x 2F*,5/2
V,1,V I,386.48562,386.48562,386.48561,air,7900000.0,7900000,27000000.0,B+,137.383,26004.234,3d3.4s2,a 4F,5/2,3d4.(5D).4p,y 4F*,5/2
V,2,V II,386.5711,386.5711,386.570943,air,790.0,790,300000.0,C+,13542.6461,39403.7873,3d4,b 3F2,3,3d3.(4F).4p,z 3G*,4
V,2,V II,386.67216,386.67216,386.672192,air,4000.0,4000,2800000.0,C+,11514.7845,37369.1542,3d4,a 3P2,1,3d3.(4F).4p,z 5D*,2
V,1,V I,386.76021,386.76021,386.760209,air,1400000.0,1400000,2410000.0,B+,323.432,26171.918,3d3.4s2,a 4F,7/2,3d4.(5D).4p,y 4F*,9/2
V,1,V I,387.10751,387.10751,387.1075,air,720000.0,720000,23300000.0,B+,11100.596,36925.893&dagger;,3d3.4s2,a 2G,9/2,3d4.(3F2).4p,x 2F*,7/2
V,2,V II,387.40251,,387.40251,air,,,0.09,E,18353.830,44159.461,3d4,a 3D,3,3d3.(2D1).4s,c 3D,2
V,2,V II,387.41804,,387.41804,air,,,0.23,E,18293.8723,44098.469,3d4,a 3D,2,3d3.(2D1).4s,c 3D,3
V,1,V I,387.50714,387.50714,387.507162,air,9000000.0,9000000,22700000.0,B+,323.432,26122.094&dagger;,3d3.4s2,a 4F,7/2,3d4.(5D).4p,y 4F*,7/2
V,1,V I,387.5422,387.5422,387.54219,air,450000.0,450000,3500000.0,B,8578.542,34374.872,3d4.(5D).4s,a 4D,5/2,3d3.(2D2).4s.4p.(3P*),4F*,7/2
V,2,V II,387.5649,387.5649,387.56446,air,520.0,520,620000.0,C,13608.9393,39403.7873,3d4,b 3F2,4,3d3.(4F).4p,z 3G*,4
V,1,V I,387.58979,387.58979,387.58981,air,2500000.0,2500000,8700000.0,B+,137.383,25930.544,3d3.4s2,a 4F,5/2,3d4.(5D).4p,y 4F*,3/2
V,1,V I,387.60804,387.60804,387.60805,air,3400000.0,3400000,8500000.0,B+,552.955,26344.902,3d3.4s2,a 4F,9/2,3d3.(4F).4s.4p.(3P*),z 2G*,9/2
V,2,V II,387.87071,387.87071,387.87074,air,30000.0,30000,13400000.0,B,14655.6082,40430.0878,3d4,a 3G,5,3d3.(4F).4p,z 3F*,4
V,1,V I,387.9225,387.9225,387.92251,air,110000.0,110000,1400000.0,C+,8715.747,34486.787,3d4.(5D).4s,a 4D,7/2,3d3.(2D2).4s.4p.(3P*),4F*,5/2
V,2,V II,388.0782,,388.0782,air,,,7.9,C+,25191.0356,50951.737,3d3.(2D2).4s,b 1D,2,3d4,e 1D1,2
V,2,V II,388.3193,388.3193,388.31874,air,740.0,740,890000.0,B,11514.7845,37259.5288,3d4,a 3P2,1,3d3.(4F).4p,z 5D*,1
V,2,V II,388.32033,,388.32033,air,,,0.15,D,18353.830,44098.469,3d4,a 3D,3,3d3.(2D1).4s,c 3D,3
V,2,V II,388.48356,388.48356,388.48362,air,4900.0,4900,2650000.0,B,14461.7495,40195.5675,3d4,a 3G,3,3d3.(4F).4p,z 3F*,3
V,1,V I,388.533,388.533,388.53131,air,37000.0,37000,1230000.0,C+,15770.789,41501.449,3d4.(3F2).4s,b 4F,9/2,3d4.(3G).4p,v 2H*,9/2
V,1,V I,388.65785,388.65785,388.65786,air,380000.0,380000,13000000.0,D+,11100.596,36822.878,3d3.4s2,a 2G,9/2,3d3.(2H).4s.4p.(3P*),w 4G*,7/2
V,1,V I,389.0179,389.0179,389.01792,air,4200000.0,4200000,6400000.0,B+,323.432,26021.907,3d3.4s2,a 4F,7/2,3d3.(4F).4s.4p.(3P*),z 2G*,7/2
V,2,V II,389.1237,389.1237,389.12442,air,500.0,500,510000.0,B+,13542.6461,39234.0877,3d4,b 3F2,3,3d3.(4F).4p,z 3G*,3
V,1,V I,389.28564,389.28564,389.28564,air,2800000.0,2800000,8000000.0,B+,323.432,26004.234,3d3.4s2,a 4F,7/2,3d4.(5D).4p,y 4F*,5/2
V,2,V II,389.6144,389.6144,389.61374,air,45000.0,45000bl(V I),5600000.0,C+,11295.511,36954.6872,3d4,a 3P2,0,3d3.(4F).4p,z 5F*,1
V,1,V I,389.6144,389.6144,389.61452,air,410000.0,410000bl(V II),4200000.0,C+,8715.747,34374.872,3d4.(5D).4s,a 4D,7/2,3d3.(2D2).4s.4p.(3P*),4F*,7/2
V,1,V I,389.79655,389.79655,389.79653,air,400000.0,400000,90000000.0,C,18680.070,44327.214,3d3.(4F).4s.4p.(3P*),z 6F*,11/2,3d3.4s.(5F).4d,f 6G,13/2
V,1,V I,389.80511,389.80511,389.80508,air,670000.0,670000,96000000.0,C,18680.070,44326.651,3d3.(4F).4s.4p.(3P*),z 6F*,11/2,3d3.4s.(5F).4d,6F,11/2
V,1,V I,389.81322,389.81322,389.81317,air,340000.0,340000,2300000.0,B+,10892.520,36538.569,3d3.4s2,a 2G,7/2,3d4.(3F2).4p,2G*,9/2
V,1,V I,389.8259,389.8259,389.82603,air,290000.0,290000*,57000000.0,C+,18438.044,44083.247,3d3.(4F).4s.4p.(3P*),z 6D*,9/2,3d3.4s.(5F).4d,f 6P,7/2
V,2,V II,389.91277,389.91277,389.912762,air,20000.0,20000,10600000.0,B,14556.0689,40195.5675,3d4,a 3G,4,3d3.(4F).4p,z 3F*,3
V,1,V I,390.11532,390.11532,390.11529,air,470000.0,470000,79000000.0,C,18513.403,44139.591,3d3.(4F).4s.4p.(3P*),z 6F*,9/2,3d3.4s.(5F).4d,f 6G,11/2
V,1,V I,390.22531,390.22531,390.22531,air,14000000.0,14000000,26100000.0,B+,552.955,26171.918,3d3.4s2,a 4F,9/2,3d4.(5D).4p,y 4F*,9/2
V,2,V II,390.325249,390.325249,390.32524,air,17000.0,17000,7800000.0,C+,11908.2593,37520.6639,3d4,a 3P2,2,3d3.(4F).4p,z 5D*,3
V,1,V I,390.44636,390.44636,390.44632,air,190000.0,190000,9800000.0,B,14514.756,40119.218&dagger;,3d3.4s2,2D2,3/2,3d4.(3P2).4p,v 2D*,5/2
V,1,V I,390.67468,390.67468,390.67466,air,460000.0,460000,7500000.0,B,8476.234,34065.731,3d4.(5D).4s,a 4D,3/2,3d3.(4P).4s.4p.(3P*),w 4D*,5/2
V,1,V I,390.96643,390.96643,390.96641,air,230000.0,230000,14300000.0,B+,14548.816,40119.218&dagger;,3d3.4s2,2D2,5/2,3d4.(3P2).4p,v 2D*,5/2
V,1,V I,390.98571,390.98571,390.98572,air,4200000.0,4200000,4000000.0,B+,552.955,26122.094&dagger;,3d3.4s2,a 4F,9/2,3d4.(5D).4p,y 4F*,7/2
V,1,V I,391.07874,391.07874,391.07871,air,470000.0,470000,6900000.0,C+,8413.009,33976.069&dagger;,3d4.(5D).4s,a 4D,1/2,3d3.(4P).4s.4p.(3P*),w 4D*,3/2
V,1,V I,391.2881,391.2881,391.28797,air,230000.0,230000,2120000.0,C+,8578.542,34127.931,3d4.(5D).4s,a 4D,5/2,3d3.(4P).4s.4p.(3P*),w 4D*,7/2
V,2,V II,391.43206,391.43206,391.43172,air,23000.0,23000bl,9200000.0,B+,14461.7495,40001.7556,3d4,a 3G,3,3d3.(4F).4p,z 3F*,2
V,1,V I,391.5117,391.5117,391.51165,air,40000.0,40000,1850000.0,B,15000.937,40535.729,3d4.(3H).4s,a 4H,11/2,3d4.(3G).4p,w 4H*,13/2
V,2,V II,391.64042,391.64042,391.640442,air,13000.0,13000,7300000.0,C+,11514.7845,37041.1798,3d4,a 3P2,1,3d3.(4F).4p,z 3D*,2
V,1,V I,392.0484,392.0484,392.048378,air,470000.0,470000,6200000.0,B,8476.234,33976.069&dagger;,3d4.(5D).4s,a 4D,3/2,3d3.(4P).4s.4p.(3P*),w 4D*,3/2
V,1,V I,392.1734,392.1734,392.17348,air,9500.0,9500,90000000.0,D+,18513.403,44005.104,3d3.(4F).4s.4p.(3P*),z 6F*,9/2,3d3.4s.(5F).4d,f 6G,9/2
V,1,V I,392.19043,392.19043,392.19042,air,470000.0,470000,22000000.0,D+,8476.234,33966.834,3d4.(5D).4s,a 4D,3/2,3d3.(4P).4s.4p.(3P*),w 4D*,1/2
V,1,V I,392.24291,392.24291,392.24291,air,1100000.0,1100000,19800000.0,B,8578.542,34065.731,3d4.(5D).4s,a 4D,5/2,3d3.(4P).4s.4p.(3P*),w 4D*,5/2
V,1,V I,392.46495,392.46495,392.46494,air,900000.0,900000,33900000.0,B+,15062.959,40535.729,3d4.(3H).4s,a 4H,13/2,3d4.(3G).4p,w 4H*,13/2
V,1,V I,392.52376,392.52376,392.52378,air,1300000.0,1300000,920000.0,B+,552.955,26021.907,3d3.4s2,a 4F,9/2,3d3.(4F).4s.4p.(3P*),z 2G*,7/2
V,2,V II,392.6318,392.6318,392.63178,air,820.0,820,900000.0,D+,23391.1513,48853.0973,3d3.(2H).4s,a 1H,5,3d3.(2G).4p,y 3G*,5
V,2,V II,392.64801,392.64801,392.647994,air,980.0,980,940000.0,C+,11908.2593,37369.1542,3d4,a 3P2,2,3d3.(4F).4p,z 5D*,2
V,1,V I,392.7925,392.7925,392.79249,air,750000.0,750000*,33000000.0,C+,15000.937,40452.466,3d4.(3H).4s,a 4H,11/2,3d4.(3G).4p,w 4H*,11/2
V,1,V I,392.8465,392.8465,392.84667,air,26000.0,26000,6400000.0,C+,18258.855,43706.874,3d3.(4F).4s.4p.(3P*),z 6F*,5/2,3d3.4s.(5F).4d,e 6H,7/2
V,2,V II,392.97194,392.97194,392.972,air,4100.0,4100,3700000.0,C+,11514.7845,36954.6872,3d4,a 3P2,1,3d3.(4F).4p,z 5F*,1
V,1,V I,393.00185,393.00185,393.00181,air,1100000.0,1100000,30800000.0,B+,11100.596,36538.569,3d3.4s2,a 2G,9/2,3d4.(3F2).4p,2G*,9/2
V,1,V I,393.13348,393.13348,393.13349,air,570000.0,570000,31000000.0,B+,14949.359,40378.812,3d4.(3H).4s,a 4H,9/2,3d4.(3G).4p,w 4H*,9/2
V,1,V I,393.3548,393.3548,393.35486,air,38000.0,38000,8400000.0,C+,18372.462,43787.604,3d3.(4F).4s.4p.(3P*),z 6F*,7/2,3d3.4s.(5F).4d,e 6H,9/2
V,1,V I,393.4007,393.4007,393.40065,air,1200000.0,1200000,18100000.0,B,8715.747,34127.931,3d4.(5D).4s,a 4D,7/2,3d3.(4P).4s.4p.(3P*),w 4D*,7/2
V,1,V I,393.5131,393.5131,393.51308,air,570000.0,570000,31900000.0,B+,14909.958,40314.882,3d4.(3H).4s,a 4H,7/2,3d4.(3G).4p,w 4H*,7/2
V,1,V I,393.62772,393.62772,393.627689,air,470000.0,470000,5900000.0,C+,8578.542,33976.069&dagger;,3d4.(5D).4s,a 4D,5/2,3d3.(4P).4s.4p.(3P*),w 4D*,3/2
V,1,V I,393.8879,393.8879,393.88795,air,42000.0,42000,8200000.0,B+,18513.403,43894.149,3d3.(4F).4s.4p.(3P*),z 6F*,9/2,3d3.4s.(5F).4d,e 6H,11/2
V,1,V I,393.9325,393.9325,393.93251,air,190000.0,190000,11000000.0,B+,15000.937,40378.812,3d4.(3H).4s,a 4H,11/2,3d4.(3G).4p,w 4H*,9/2
V,1,V I,394.12439,394.12439,394.12435,air,150000.0,150000,8000000.0,B,14949.359,40314.882,3d4.(3H).4s,a 4H,9/2,3d4.(3G).4p,w 4H*,7/2
V,1,V I,394.1995,394.1995,394.19952,air,390000.0,390000,8200000.0,D+,11100.596,36461.282,3d3.4s2,a 2G,9/2,3d4.(3F2).4p,2G*,7/2
V,1,V I,394.3659,394.3659,394.36594,air,700000.0,700000,5900000.0,C+,8715.747,34065.731,3d4.(5D).4s,a 4D,7/2,3d3.(4P).4s.4p.(3P*),w 4D*,5/2
V,1,V I,394.3937,394.3937,394.39379,air,32000.0,32000,5200000.0,C+,18680.070,44028.264,3d3.(4F).4s.4p.(3P*),z 6F*,11/2,3d3.4s.(5F).4d,e 6H,13/2
V,2,V II,395.1956,395.1956,395.195667,air,27000.0,27000,11400000.0,C+,11908.2593,37205.0213,3d4,a 3P2,2,3d3.(4F).4p,z 3D*,3
V,1,V I,396.3609,396.3609,396.36077,air,270000.0,270000,46000000.0,C+,22479.403,47701.807,3d4.(1I).4s,2I,13/2,3d3.(2G).4s.4p.(1P*),2H*,11/2
V,1,V I,396.56743,396.56743,396.56743,air,,:,740000.0,C+,14909.958,40119.218&dagger;,3d4.(3H).4s,a 4H,7/2,3d4.(3P2).4p,v 2D*,5/2
V,2,V II,396.80876,396.80876,396.80878,air,9300.0,9300,6500000.0,B+,11295.511,36489.4382,3d4,a 3P2,0,3d3.(4F).4p,z 3D*,1
V,2,V II,397.36286,397.36286,397.36284,air,15000.0,15000,7300000.0,C+,11514.7845,36673.5838,3d4,a 3P2,1,3d3.(4F).4p,z 5F*,2
V,2,V II,397.77193,397.77193,397.772005,air,3400.0,3400,2300000.0,C+,11908.2593,37041.1798,3d4,a 3P2,2,3d3.(4F).4p,z 3D*,2
V,1,V I,398.0508,398.0508,398.05089,air,150000.0,150000,45000000.0,C+,22496.546,47611.858,3d4.(1I).4s,2I,11/2,3d3.(2G).4s.4p.(1P*),2H*,9/2
V,1,V I,398.45865,398.45865,398.45865,air,340000.0,340000,13500000.0,B+,14949.359,40038.970,3d4.(3H).4s,a 4H,9/2,3d4.(3H).4p,u 4G*,9/2
V,2,V II,398.7881,,398.7881,air,,,0.28,D,19132.792,44201.678,3d3.(2P).4s,b 3P,2,3d3.(2D1).4s,c 3D,1
V,1,V I,398.8827,398.8827,398.88273,air,340000.0,340000,9900000.0,B+,15000.937,40063.874,3d4.(3H).4s,a 4H,11/2,3d4.(3H).4p,u 4G*,11/2
V,2,V II,398.97887,398.97887,398.97891,air,1200.0,1200,470000.0,C+,14556.0689,39612.9643,3d4,a 3G,4,3d3.(4F).4p,z 3G*,5
V,1,V I,399.05373,399.05373,399.05382,air,860000.0,860000,92000000.0,B+,14909.958,39962.150,3d4.(3H).4s,a 4H,7/2,3d4.(3H).4p,u 4G*,5/2
V,1,V I,399.05959,399.05959,399.05957,air,2100000.0,2100000,87000000.0,C+,14949.359,40001.190,3d4.(3H).4s,a 4H,9/2,3d4.(3H).4p,u 4G*,7/2
V,2,V II,399.0783,,399.0783,air,,,1.8,C,22273.6366,47324.292,3d3.(2P).4s,a 1P,1,3d3.(2D1).4s,d 1D,2
V,1,V I,399.27948,399.27948,399.27949,air,990000.0,990000,86000000.0,B+,15000.937,40038.970,3d4.(3H).4s,a 4H,11/2,3d4.(3H).4p,u 4G*,9/2
V,2,V II,399.32207,,399.32207,air,,,0.6,E,19166.315,44201.678,3d3.(2P).4s,b 3P,1,3d3.(2D1).4s,c 3D,1
V,2,V II,399.46079,,399.46079,air,,,0.41,E,19132.792,44159.461,3d3.(2P).4s,b 3P,2,3d3.(2D1).4s,c 3D,2
V,2,V II,399.71101,399.71101,399.71097,air,8800.0,8800,3700000.0,C+,11908.2593,36919.2647,3d4,a 3P2,2,3d3.(4F).4p,z 5F*,3
V,1,V I,399.87232,399.87232,399.8723,air,1600000.0,1600000,98000000.0,B+,15062.959,40063.874,3d4.(3H).4s,a 4H,13/2,3d4.(3H).4p,u 4G*,11/2
V,2,V II,399.9183,,399.9183,air,,,0.21,D,19161.422,44159.461,3d3.(2P).4s,b 3P,0,3d3.(2D1).4s,c 3D,2
V,1,V I,400.16611,400.16611,400.16611,air,,:,160000.0,C,9637.039,34619.598,3d3.4s2,a 4P,3/2,3d3.(4F).4s.4p.(1P*),v 4D*,5/2
V,2,V II,400.29279,400.29279,400.29278,air,6700.0,6700,4500000.0,B,11514.7845,36489.4382,3d4,a 3P2,1,3d3.(4F).4p,z 3D*,1
V,2,V II,400.29622,,400.29622,air,,,0.27,D,13542.6461,38517.085,3d4,b 3F2,3,3d2.4s2,e 3F,4
V,2,V II,400.43671,,400.43671,air,,,0.17,E,19132.792,44098.469,3d3.(2P).4s,b 3P,2,3d3.(2D1).4s,c 3D,3
V,2,V II,400.57024,400.57024,400.57022,air,32000.0,32000,13500000.0,B,14655.6082,39612.9643,3d4,a 3G,5,3d3.(4F).4p,z 3G*,5
V,2,V II,400.8163,400.8163,400.81624,air,1500.0,1500,670000.0,C+,14461.7495,39403.7873,3d4,a 3G,3,3d3.(4F).4p,z 3G*,4
V,2,V II,400.97514,,400.97514,air,,,0.15,D,19166.315,44098.469,3d3.(2P).4s,b 3P,1,3d3.(2D1).4s,c 3D,3
V,1,V I,401.1305,401.1305,401.13043,air,54000.0,54000,1090000.0,C+,9824.626,34747.128,3d3.4s2,a 4P,5/2,3d3.(4F).4s.4p.(1P*),v 4D*,7/2
V,2,V II,401.36164,,401.36164,air,,,1.37,C+,13608.9393,38517.085,3d4,b 3F2,4,3d2.4s2,e 3F,4
V,2,V II,401.7278,401.7278,401.72754,air,1000.0,1000,5400000.0,C,30613.910,55499.3690,3d4,d 3F1,4,3d3.(2H).4p,y 1H*,5
V,1,V I,401.74887,401.74887,401.74887,air,,:,150000.0,C,9544.635,34428.773,3d3.4s2,a 4P,1/2,3d3.(2D2).4s.4p.(3P*),4F*,3/2
V,1,V I,401.91367,401.91367,401.91376,air,35000.0,35000,490000.0,C+,14548.816,39422.745,3d3.4s2,2D2,5/2,3d4.(3P2).4p,w 4P*,5/2
V,1,V I,402.1909,402.1909,402.19091,air,51000.0,51000,10200000.0,B,15078.387,39935.176,3d4.(3P2).4s,b 4P,1/2,3d4.(3F2).4p,s 4D*,3/2
V,1,V I,402.305,402.305,402.30487,air,28000.0,28000,360000.0,C+,9637.039,34486.787,3d3.4s2,a 4P,3/2,3d3.(2D2).4s.4p.(3P*),4F*,5/2
V,2,V II,402.33775,402.33775,402.33773,air,24000.0,24000,11100000.0,B,14556.0689,39403.7873,3d4,a 3G,4,3d3.(4F).4p,z 3G*,4
V,1,V I,402.9889,402.9889,402.98888,air,51000.0,51000,102000.0,C+,323.432,25131.002,3d3.4s2,a 4F,7/2,3d4.(5D).4p,z 4P*,5/2
V,1,V I,403.1219,403.1219,403.12167,air,78000.0,78000,24100000.0,B,15078.387,39877.786,3d4.(3P2).4s,b 4P,1/2,3d4.(3F2).4p,s 4D*,1/2
V,1,V I,403.2844,403.2844,403.28426,air,29000.0,29000,300000.0,B,0.000,24789.401,3d3.4s2,a 4F,3/2,3d4.(5D).4p,y 6F*,1/2
V,2,V II,403.56202,403.56202,403.56204,air,19000.0,19000,11300000.0,B,14461.7495,39234.0877,3d4,a 3G,3,3d3.(4F).4p,z 3G*,3
V,2,V II,403.67634,403.67634,403.676331,air,4400.0,4400,2180000.0,C+,11908.2593,36673.5838,3d4,a 3P2,2,3d3.(4F).4p,z 5F*,2
V,2,V II,403.854,403.854,403.85453,air,110.0,110,1400000.0,D,22273.6366,47028.034,3d3.(2P).4s,a 1P,1,3d3.(4P).4p,z 3P*,0
V,2,V II,403.9563,403.9563,403.956,air,1200.0,1200,180000.0,D+,14655.6082,39403.7873,3d4,a 3G,5,3d3.(4F).4p,z 3G*,4
V,1,V I,404.0292,404.0292,404.029127,air,35000.0,35000,4100000.0,B+,17116.947,41860.647,3d4.(3G).4s,a 4G,7/2,3d4.(3G).4p,t 4G*,9/2
V,1,V I,404.263,404.263,404.26303,air,460000.0,460000,19500000.0,B,15270.582,39999.966,3d4.(3P2).4s,b 4P,3/2,3d4.(3F2).4p,s 4D*,5/2
V,2,V II,404.6256,404.6256,404.62558,air,1100.0,1100,7500000.0,C,25191.0356,49898.2618,3d3.(2D2).4s,b 1D,2,3d3.(2P).4p,z 1D*,2
V,1,V I,404.6878,404.6878,404.687715,air,34000.0,34000,5100000.0,B,17054.924,41758.357,3d4.(3G).4s,a 4G,5/2,3d4.(3G).4p,t 4G*,7/2
V,2,V II,404.70892,,404.70892,air,,,0.32,D,13490.8843,38193.023,3d4,b 3F2,2,3d2.4s2,e 3F,3
V,1,V I,404.74213,404.74213,404.74213,air,,:,2200000.0,C,14548.816,39248.928,3d3.4s2,2D2,5/2,3d4.(3P2).4p,w 4P*,3/2
V,1,V I,404.8615,404.8615,404.86136,air,310000.0,310000,290000.0,B,137.383,24830.221,3d3.4s2,a 4F,5/2,3d4.(5D).4p,y 6F*,3/2
V,2,V II,404.9008,404.9008,404.90008,air,240.0,240,1300000.0,D+,30613.910,55304.3869,3d4,d 3F1,4,3d3.(2H).4p,x 3G*,4
V,1,V I,405.09536,405.09536,405.09537,air,1300000.0,1300000,70000000.0,B+,17182.073,41860.647,3d4.(3G).4s,a 4G,9/2,3d4.(3G).4p,t 4G*,9/2
V,2,V II,405.10455,405.10455,405.10448,air,1200.0,1200,640000.0,C+,14556.0689,39234.0877,3d4,a 3G,4,3d3.(4F).4p,z 3G*,3
V,1,V I,405.1349,405.1349,405.13459,air,1300000.0,1300000bl,110000000.0,D+,17242.070,41918.255,3d4.(3G).4s,a 4G,11/2,3d4.(3G).4p,t 4G*,11/2
V,1,V I,405.2447,405.2447,405.24475,air,15000.0,15000,45000.0,C+,323.432,24992.909,3d3.4s2,a 4F,7/2,3d4.(5D).4p,y 6F*,7/2
V,1,V I,405.3249,405.3249,405.32498,air,190000.0,190000,12200000.0,B,15270.582,39935.176,3d4.(3P2).4s,b 4P,3/2,3d4.(3F2).4p,s 4D*,3/2
V,2,V II,405.35725,405.35725,405.35744,air,2100.0,2100,19200000.0,B,30641.7674,55304.3869,3d4,d 3F1,3,3d3.(2H).4p,x 3G*,4
V,2,V II,405.55876,,405.55876,air,,,0.9,C,13542.6461,38193.023,3d4,b 3F2,3,3d2.4s2,e 3F,3
V,2,V II,405.6246,405.6246,405.62446,air,260.0,260,140000.0,B,12706.0798,37352.4639,3d4,a 3H,6,3d3.(4F).4p,z 5F*,5
V,1,V I,405.70638,405.70638,405.706344,air,1000000.0,1000000,75000000.0,B+,17116.947,41758.357,3d4.(3G).4s,a 4G,7/2,3d4.(3G).4p,t 4G*,7/2
V,1,V I,406.0827,406.0827,406.08263,air,21000.0,21000,2400000.0,C+,17242.070,41860.647,3d4.(3G).4s,a 4G,11/2,3d4.(3G).4p,t 4G*,9/2
V,1,V I,406.27032,406.27032,406.27032,air,,:,6300000.0,C+,15270.582,39877.786,3d4.(3P2).4s,b 4P,3/2,3d4.(3F2).4p,s 4D*,1/2
V,1,V I,406.39258,406.39258,406.39257,air,830000.0,830000,96000000.0,C+,17054.924,41654.726,3d4.(3G).4s,a 4G,5/2,3d4.(3G).4p,t 4G*,5/2
V,2,V II,406.506,406.506,406.50577,air,2100.0,2100,15100000.0,B,30613.910,55206.8615,3d4,d 3F1,4,3d3.(2H).4p,x 3G*,5
V,2,V II,406.65241,,406.65241,air,,,0.34,D,13608.9393,38193.023,3d4,b 3F2,4,3d2.4s2,e 3F,3
V,2,V II,406.7001,406.7001,406.700465,air,170.0,170,451000.0,B+,11908.2593,36489.4382,3d4,a 3P2,2,3d3.(4F).4p,z 3D*,1
V,1,V I,406.7736,406.7736,406.77356,air,65000.0,65000,11900000.0,B,15270.582,39847.344,3d4.(3P2).4s,b 4P,3/2,3d4.(3P2).4p,x 4S*,3/2
V,1,V I,406.7966,406.7966,406.79657,air,61000.0,61000,235000.0,B,323.432,24898.804,3d3.4s2,a 4F,7/2,3d4.(5D).4p,y 6F*,5/2
V,1,V I,407.2129,407.2129,407.21291,air,180000.0,180000,1490000.0,C+,9824.626,34374.872,3d3.4s2,a 4P,5/2,3d3.(2D2).4s.4p.(3P*),4F*,7/2
V,2,V II,408.5655,408.5655,408.56527,air,890.0,890,3900000.0,C,30673.089,55142.0747,3d4,d 3F1,2,3d3.(2D2).4p,y 1F*,3
V,2,V II,408.93574,,408.93574,air,,,1.0,C,13490.8843,37937.703,3d4,b 3F2,2,3d2.4s2,e 3F,2
V,1,V I,409.0568,409.0568,409.0568,air,5300000.0,5300000,54000000.0,B+,8715.747,33155.331,3d4.(5D).4s,a 4D,7/2,3d3.(4F).4s.4p.(1P*),w 4F*,9/2
V,1,V I,409.19329,409.19329,409.19326,air,230000.0,230000,2900000.0,C+,9544.635,33976.069&dagger;,3d3.4s2,a 4P,1/2,3d3.(4P).4s.4p.(3P*),w 4D*,3/2
V,1,V I,409.23921,409.23921,409.23919,air,840000.0,840000,10800000.0,C+,9637.039,34065.731,3d3.4s2,a 4P,3/2,3d3.(4P).4s.4p.(3P*),w 4D*,5/2
V,1,V I,409.2521,409.2521,409.25194,air,95000.0,95000,14100000.0,C+,15572.035,39999.966,3d4.(3P2).4s,b 4P,5/2,3d4.(3F2).4p,s 4D*,5/2
V,1,V I,409.26828,409.26828,409.26831,air,11000000.0,11000000,22400000.0,B+,2311.369,26738.323,3d4.(5D).4s,a 6D,7/2,3d4.(5D).4p,y 6D*,9/2
V,1,V I,409.348,409.348,409.348,air,560000.0,560000*,16000000.0,D+,9544.635,33966.834,3d3.4s2,a 4P,1/2,3d3.(4P).4s.4p.(3P*),w 4D*,1/2
V,1,V I,409.54751,409.54751,409.54749,air,4300000.0,4300000,42000000.0,B,8578.542,32988.845,3d4.(5D).4s,a 4D,5/2,3d3.(4F).4s.4p.(1P*),w 4F*,7/2
V,2,V II,409.80345,,409.80345,air,,,0.44,D,13542.6461,37937.703,3d4,b 3F2,3,3d2.4s2,e 3F,2
V,1,V I,409.8477,409.8477,409.84767,air,12000.0,12000,680000.0,C+,14949.359,39341.784,3d4.(3H).4s,a 4H,9/2,3d4.(3F2).4p,u 4F*,7/2
V,1,V I,409.97835,409.97835,409.97833,air,17000000.0,17000000,39100000.0,B+,2220.156,26604.807&dagger;,3d4.(5D).4s,a 6D,5/2,3d4.(5D).4p,y 6D*,7/2
V,1,V I,410.2149,410.2149,410.21491,air,2900000.0,2900000,35000000.0,B,8476.234,32846.822,3d4.(5D).4s,a 4D,3/2,3d3.(4F).4s.4p.(1P*),w 4F*,5/2
V,1,V I,410.3404,410.3404,410.3403,air,37000.0,37000,7100000.0,C+,15572.035,39935.176,3d4.(3P2).4s,b 4P,5/2,3d4.(3F2).4p,s 4D*,3/2
V,1,V I,410.4767,410.4767,410.47595,air,990000.0,990000,170000000.0,D+,15770.789,40125.879,3d4.(3F2).4s,b 4F,9/2,3d4.(3F2).4p,s 4D*,7/2
V,1,V I,410.51572,410.51572,410.5157,air,17000000.0,17000000,48100000.0,B+,2153.221,26505.953,3d4.(5D).4s,a 6D,3/2,3d4.(5D).4p,y 6D*,5/2
V,1,V I,410.74686,410.74686,410.74681,air,300000.0,300000,3800000.0,C+,9637.039,33976.069&dagger;,3d3.4s2,a 4P,3/2,3d3.(4P).4s.4p.(3P*),w 4D*,3/2
V,1,V I,410.8196,410.8196,410.81956,air,440000.0,440000,77000000.0,C+,17054.924,41389.644,3d4.(3G).4s,a 4G,5/2,3d4.(3G).4p,t 4F*,3/2
V,1,V I,410.97572,410.97572,410.97575,air,14000000.0,14000000,46400000.0,B+,2112.282,26437.754,3d4.(5D).4s,a 6D,1/2,3d4.(5D).4p,y 6D*,3/2
V,1,V I,410.98173,410.98173,410.98168,air,930000.0,930000,29100000.0,B,8413.009,32738.130,3d4.(5D).4s,a 4D,1/2,3d3.(4F).4s.4p.(1P*),w 4F*,3/2
V,1,V I,411.07381,411.07381,411.07391,air,36000.0,36000,2690000.0,B+,17116.947,41436.610&dagger;,3d4.(3G).4s,a 4G,7/2,3d4.(3G).4p,t 2G*,7/2
V,1,V I,411.1571,411.1571,411.15713,air,110000.0,110000,7900000.0,B+,15724.229,40038.970,3d4.(3F2).4s,b 4F,7/2,3d4.(3H).4p,u 4G*,9/2
V,1,V I,411.17787,411.17787,411.17788,air,53000000.0,53000000,100000000.0,B+,2424.809,26738.323,3d4.(5D).4s,a 6D,9/2,3d4.(5D).4p,y 6D*,9/2
V,1,V I,411.21865,411.21865,411.21864,air,97000.0,97000,12400000.0,B,15688.862,39999.966,3d4.(3F2).4s,b 4F,5/2,3d4.(3F2).4p,s 4D*,5/2
V,1,V I,411.35067,411.35067,411.3506,air,1100000.0,1100000,12900000.0,B,9824.626,34127.931,3d3.4s2,a 4P,5/2,3d3.(4P).4s.4p.(3P*),w 4D*,7/2
V,1,V I,411.51778,411.51778,411.51768,air,25000000.0,25000000,56000000.0,B+,2311.369,26604.807&dagger;,3d4.(5D).4s,a 6D,7/2,3d4.(5D).4p,y 6D*,7/2
V,1,V I,411.5475,411.5475,411.54751,air,160000.0,160000,2000000.0,C+,8476.234,32767.911,3d4.(5D).4s,a 4D,3/2,3d3.(4P).4s.4p.(3P*),z 2P*,3/2
V,1,V I,411.64715,411.64715,411.64716,air,11000000.0,11000000,21500000.0,B+,2220.156,26505.953,3d4.(5D).4s,a 6D,5/2,3d4.(5D).4p,y 6D*,5/2
V,1,V I,411.65474,411.65474,411.65472,air,1400000.0,1400000,27600000.0,B+,2112.282,26397.633,3d4.(5D).4s,a 6D,1/2,3d4.(5D).4p,y 6D*,1/2
V,1,V I,411.6686,411.6686,411.66859,air,170000.0,170000,1470000.0,B+,2153.221,26437.754,3d4.(5D).4s,a 6D,3/2,3d4.(5D).4p,y 6D*,3/2
V,1,V I,411.81771,411.81771,411.81775,air,690000.0,690000,63000000.0,B,15724.229,39999.966,3d4.(3F2).4s,b 4F,7/2,3d4.(3F2).4p,s 4D*,5/2
V,1,V I,411.8251,411.8251,411.82501,air,100000.0,100000,30000000.0,B,15572.035,39847.344,3d4.(3P2).4s,b 4P,5/2,3d4.(3P2).4p,x 4S*,3/2
V,1,V I,411.86247,411.86247,411.86253,air,870000.0,870000,9500000.0,B,8715.747,32988.845,3d4.(5D).4s,a 4D,7/2,3d3.(4F).4s.4p.(1P*),w 4F*,7/2
V,1,V I,411.9088,411.9088,411.90874,air,49000.0,49000,9300000.0,B,15664.801,39935.176,3d4.(3F2).4s,b 4F,3/2,3d4.(3F2).4p,s 4D*,3/2
V,1,V I,411.94438,411.94438,411.9443,air,1100000.0,1100000,13200000.0,C+,8578.542,32846.822,3d4.(5D).4s,a 4D,5/2,3d3.(4F).4s.4p.(1P*),w 4F*,5/2
V,1,V I,412.05264,412.05264,412.05269,air,870000.0,870000,12100000.0,C+,8476.234,32738.130,3d4.(5D).4s,a 4D,3/2,3d3.(4F).4s.4p.(1P*),w 4F*,3/2
V,1,V I,412.0954,412.0954,412.09544,air,82000.0,82000,5500000.0,B,17242.070,41501.449,3d4.(3G).4s,a 4G,11/2,3d4.(3G).4p,v 2H*,9/2
V,1,V I,412.17771,412.17771,412.17771,air,,:,820000.0,C+,17182.073,41436.610&dagger;,3d4.(3G).4s,a 4G,9/2,3d4.(3G).4p,t 2G*,7/2
V,1,V I,412.3175,412.3175,412.3175,air,690000.0,690000,56000000.0,B,15688.862,39935.176,3d4.(3F2).4s,b 4F,5/2,3d4.(3F2).4p,s 4D*,3/2
V,1,V I,412.34984,412.34984,412.34985,air,12000000.0,12000000,94000000.0,B+,2153.221,26397.633,3d4.(5D).4s,a 6D,3/2,3d4.(5D).4p,y 6D*,1/2
V,1,V I,412.40613,412.40613,412.40611,air,560000.0,560000,4600000.0,C+,9824.626,34065.731,3d3.4s2,a 4P,5/2,3d3.(4P).4s.4p.(3P*),w 4D*,5/2
V,1,V I,412.80642,412.80642,412.80642,air,18000000.0,18000000,72000000.0,B+,2220.156,26437.754,3d4.(5D).4s,a 6D,5/2,3d4.(5D).4p,y 6D*,3/2
V,1,V I,412.88508,412.88508,412.88507,air,460000.0,460000,88000000.0,B+,15664.801,39877.786,3d4.(3F2).4s,b 4F,3/2,3d4.(3F2).4p,s 4D*,1/2
V,1,V I,413.1167,413.1167,413.11663,air,33000.0,33000,133000.0,C+,2153.221,26352.634,3d4.(5D).4s,a 6D,3/2,3d4.(5D).4p,y 4D*,5/2
V,1,V I,413.19909,413.19909,413.19909,air,18000000.0,18000000,52000000.0,B+,2311.369,26505.953,3d4.(5D).4s,a 6D,7/2,3d4.(5D).4p,y 6D*,5/2
V,1,V I,413.2883,413.2883,413.28817,air,57000.0,57000,520000.0,C+,8578.542,32767.911,3d4.(5D).4s,a 4D,5/2,3d3.(4P).4s.4p.(3P*),z 2P*,3/2
V,1,V I,413.44836,413.44836,413.44835,air,14000000.0,14000000,28600000.0,B+,2424.809,26604.807&dagger;,3d4.(5D).4s,a 6D,9/2,3d4.(5D).4p,y 6D*,7/2
V,1,V I,413.5294,413.5294,413.52928,air,69000.0,69000,460000.0,C+,8715.747,32891.013,3d4.(5D).4s,a 4D,7/2,3d3.(2P).4s.4p.(3P*),x 4D*,7/2
V,1,V I,413.6101,413.6101,413.61012,air,250000.0,250000,19200000.0,B,15078.387,39248.928,3d4.(3P2).4s,b 4P,1/2,3d4.(3P2).4p,w 4P*,3/2
V,1,V I,413.6379,413.6379,413.63791,air,99000.0,99000,260000.0,C+,2311.369,26480.286&dagger;,3d4.(5D).4s,a 6D,7/2,3d4.(5D).4p,y 4D*,7/2
V,1,V I,413.7975,413.7975,413.79764,air,18000.0,18000,620000.0,C,8578.542,32738.130,3d4.(5D).4s,a 4D,5/2,3d3.(4F).4s.4p.(1P*),w 4F*,3/2
V,1,V I,413.8108,413.8108,413.81088,air,27000.0,27000,6900000.0,C+,15078.387,39237.202,3d4.(3P2).4s,b 4P,1/2,3d4.(3P2).4p,w 4P*,1/2
V,1,V I,413.81658,413.81658,413.81658,air,,:,1900000.0,C,15688.862,39847.344,3d4.(3F2).4s,b 4F,5/2,3d4.(3P2).4p,x 4S*,3/2
V,1,V I,413.82237,413.82237,413.82237,air,,:,710000.0,C+,13801.551,37959.695,3d3.4s2,a 2P,3/2,3d4.(3P2).4p,t 4D*,5/2
V,1,V I,413.9248,413.9248,413.92485,air,250000.0,250000,15900000.0,C+,15270.582,39422.745,3d4.(3P2).4s,b 4P,3/2,3d4.(3P2).4p,w 4P*,5/2
V,2,V II,414.0071,414.0071,414.00718,air,450.0,450,1200000.0,D+,37937.703,62085.063,3d2.4s2,e 3F,2,3d3.(2F).4p,w 3F*,2
V,1,V I,414.1816,414.1816,414.18156,air,48000.0,48000,195000.0,C+,2112.282,26249.476,3d4.(5D).4s,a 6D,1/2,3d4.(5D).4p,y 4D*,3/2
V,1,V I,414.2624,414.2624,414.2625,air,56000.0,56000,173000.0,B,2220.156,26352.634,3d4.(5D).4s,a 6D,5/2,3d4.(5D).4p,y 4D*,5/2
V,2,V II,414.2901,414.2901,414.29014,air,610.0,610,7900000.0,C,32040.641,56171.509,3d4,d 3P1,2,3d3.(2P).4p,y 1P*,1
V,2,V II,414.6138,,414.6138,air,,,0.18,E,20089.6495,44201.678,3d3.(4P).4s,c 3P,1,3d3.(2D1).4s,c 3D,1
V,1,V I,414.8853,414.8853,414.88526,air,62000.0,62000,292000.0,B+,2153.221,26249.476,3d4.(5D).4s,a 6D,3/2,3d4.(5D).4p,y 4D*,3/2
V,1,V I,415.3316,415.3316,415.33169,air,60000.0,60000,580000.0,C+,2112.282,26182.637,3d4.(5D).4s,a 6D,1/2,3d4.(5D).4p,y 4D*,1/2
V,2,V II,415.7056,415.7056,415.70551,air,73.0,73,420000.0,D+,44098.469,68147.179,3d3.(2D1).4s,c 3D,3,3d2.(3F).4s.4p.(3P*),v 3F*,4
V,1,V I,415.96801,415.96801,415.96803,air,900000.0,900000,710000.0,B+,2311.369,26344.902,3d4.(5D).4s,a 6D,7/2,3d3.(4F).4s.4p.(3P*),z 2G*,9/2
V,1,V I,416.0395,416.0395,416.0393,air,15000.0,15000,160000.0,D,2153.221,26182.637,3d4.(5D).4s,a 6D,3/2,3d4.(5D).4p,y 4D*,1/2
V,1,V I,416.9255,416.9255,416.925416,air,51000.0,51000,7300000.0,B,15270.582,39248.928,3d4.(3P2).4s,b 4P,3/2,3d4.(3P2).4p,w 4P*,3/2
V,1,V I,417.1293,417.1293,417.12941,air,260000.0,260000,31000000.0,B,15270.582,39237.202,3d4.(3P2).4s,b 4P,3/2,3d4.(3P2).4p,w 4P*,1/2
V,2,V II,417.5867,417.5867,417.58747,air,420.0,420,1300000.0,D+,38193.023,62133.354,3d2.4s2,e 3F,3,3d3.(2F).4p,w 3F*,3
V,2,V II,417.83794,417.83794,417.83868,air,2500.0,2500,1500000.0,B+,13594.726,37520.6639,3d3.(4P).4s,a 5P,2,3d3.(4F).4p,z 5D*,3
V,1,V I,417.94076,417.94076,417.94078,air,1400000.0,1400000,1460000.0,B+,2424.809,26344.902,3d4.(5D).4s,a 6D,9/2,3d3.(4F).4s.4p.(3P*),z 2G*,9/2
V,1,V I,418.25822,418.25822,418.25824,air,900000.0,900000,1210000.0,B+,2220.156,26122.094&dagger;,3d4.(5D).4s,a 6D,5/2,3d4.(5D).4p,y 4F*,7/2
V,2,V II,418.34285,418.34285,418.34285,air,6900.0,6900,3700000.0,C+,16532.9841,40430.0878,3d3.(2G).4s,b 3G,5,3d3.(4F).4p,z 3F*,4
V,2,V II,418.96748,,418.96748,air,,,0.42,E,14655.6082,38517.085,3d4,a 3G,5,3d2.4s2,e 3F,4
V,1,V I,418.98377,418.98377,418.98377,air,1100000.0,1100000,1210000.0,B,2311.369,26171.918,3d4.(5D).4s,a 6D,7/2,3d4.(5D).4p,y 4F*,9/2
V,2,V II,419.0175,,419.0175,air,,,0.14,D,20343.0477,44201.678,3d3.(4P).4s,c 3P,2,3d3.(2D1).4s,c 3D,1
V,1,V I,419.1516,419.1516,419.15129,air,1100000.0,1100000,650000.0,C+,2153.221,26004.234,3d4.(5D).4s,a 6D,3/2,3d4.(5D).4p,y 4F*,5/2
V,1,V I,419.15662,419.15662,419.15662,air,,:,20600000.0,B,15572.035,39422.745,3d4.(3P2).4s,b 4P,5/2,3d4.(3P2).4p,w 4P*,5/2
V,1,V I,419.7276,419.7276,419.72765,air,32000.0,32000,138000.0,C+,2112.282,25930.544,3d4.(5D).4s,a 6D,1/2,3d4.(5D).4p,y 4F*,3/2
V,2,V II,419.76023,,419.76023,air,,,0.18,E,20343.0477,44159.461,3d3.(4P).4s,c 3P,2,3d3.(2D1).4s,c 3D,2
V,1,V I,419.8605,419.8605,419.86051,air,390000.0,390000,320000.0,B,2311.369,26122.094&dagger;,3d4.(5D).4s,a 6D,7/2,3d4.(5D).4p,y 4F*,7/2
V,1,V I,420.01883,420.01883,420.01882,air,300000.0,300000,245000.0,B+,2220.156,26021.907,3d4.(5D).4s,a 6D,5/2,3d3.(4F).4s.4p.(3P*),z 2G*,7/2
V,2,V II,420.2354,420.2354,420.23524,air,3000.0,3000,1700000.0,C+,13741.6394,37531.1324,3d3.(4P).4s,a 5P,3,3d3.(4F).4p,z 5D*,4
V,2,V II,420.4198,420.4198,420.42025,air,1100.0,1100,190000.0,D,13741.6394,37520.6639,3d3.(4P).4s,a 5P,3,3d3.(4F).4p,z 5D*,3
V,1,V I,420.4502,420.4502,420.45034,air,7300.0,7300,42000.0,C,2153.221,25930.544,3d4.(5D).4s,a 6D,3/2,3d4.(5D).4p,y 4F*,3/2
V,2,V II,420.50849,420.50849,420.508431,air,6500.0,6500,3500000.0,C+,16421.5292,40195.5675,3d3.(2G).4s,b 3G,4,3d3.(4F).4p,z 3F*,3
V,1,V I,420.98524,420.98524,420.9853,air,1400000.0,1400000,1570000.0,B+,2424.809,26171.918,3d4.(5D).4s,a 6D,9/2,3d4.(5D).4p,y 4F*,9/2
V,1,V I,421.6348,421.6348,421.63464,air,55000.0,55000,43000.0,B+,2311.369,26021.907,3d4.(5D).4s,a 6D,7/2,3d3.(4F).4s.4p.(3P*),z 2G*,7/2
V,1,V I,421.9491,421.9491,421.94915,air,56000.0,56000,159000.0,B,2311.369,26004.234,3d4.(5D).4s,a 6D,7/2,3d4.(5D).4p,y 4F*,5/2
V,2,V II,422.0045,422.0045,422.00484,air,640.0,640,800000.0,D,13511.7993,37201.5378,3d3.(4P).4s,a 5P,1,3d3.(4F).4p,z 5D*,0
V,2,V II,422.1868,,422.1868,air,,,0.21,E,20522.148,44201.678,3d3.(2D2).4s,b 3D,1,3d3.(2D1).4s,c 3D,1
V,2,V II,422.23056,,422.23056,air,,,1.0,C,20980.9260,44658.000,3d4,a 1D2,2,3d2.4s2,c 1D,2
V,1,V I,422.2338,422.2338,422.23379,air,39000.0,39000,5800000.0,C+,15572.035,39248.928,3d4.(3P2).4s,b 4P,5/2,3d4.(3P2).4p,w 4P*,3/2
V,1,V I,422.41294,422.41294,422.41297,air,250000.0,250000,10600000.0,C+,15724.229,39391.079,3d4.(3F2).4s,b 4F,7/2,3d4.(3F2).4p,u 4F*,9/2
V,2,V II,422.45,422.45,422.44951,air,380.0,380h,280000.0,D,13594.726,37259.5288,3d3.(4P).4s,a 5P,2,3d3.(4F).4p,z 5D*,1
V,2,V II,422.52138,422.52138,422.52148,air,3700.0,3700,3700000.0,C+,16340.9837,40001.7556,3d3.(2G).4s,b 3G,3,3d3.(4F).4p,z 3F*,2
V,2,V II,422.5498,422.5498,422.5505,air,380.0,380,1400000.0,D+,38517.085,62176.232,3d2.4s2,e 3F,4,3d3.(2F).4p,w 3F*,4
V,1,V I,422.66171,422.66171,422.66171,air,470000.0,470000,16400000.0,B,15688.862,39341.784,3d4.(3F2).4s,b 4F,5/2,3d4.(3F2).4p,u 4F*,7/2
V,2,V II,422.94082,,422.94082,air,,,0.36,E,20522.148,44159.461,3d3.(2D2).4s,b 3D,1,3d3.(2D1).4s,c 3D,2
V,2,V II,422.94725,,422.94725,air,,,0.36,D,14556.0689,38193.023,3d4,a 3G,4,3d2.4s2,e 3F,3
V,2,V II,423.2016,423.2016,423.20167,air,2000.0,2000,24100000.0,B,32040.641,55663.385,3d4,d 3P1,2,3d3.(4P).4p,y 3S*,1
V,1,V I,423.24564,423.24564,423.24564,air,1400000.0,1400000,69000000.0,C+,15770.789,39391.079,3d4.(3F2).4s,b 4F,9/2,3d4.(3F2).4p,u 4F*,9/2
V,1,V I,423.29464,423.29464,423.29466,air,700000.0,700000,53000000.0,B+,15724.229,39341.784,3d4.(3F2).4s,b 4F,7/2,3d4.(3F2).4p,u 4F*,7/2
V,1,V I,423.4,423.4,423.40007,air,700000.0,700000*,49000000.0,C+,15688.862,39300.537,3d4.(3F2).4s,b 4F,5/2,3d4.(3F2).4p,u 4F*,5/2
V,2,V II,423.4537,423.4537,423.45398,air,990.0,990,3100000.0,C,30318.5317,53927.2005,3d3.(2F).4s,c 3F,4,3d3.(2D2).4p,w 3D*,3
V,1,V I,423.57581,423.57581,423.57581,air,470000.0,470000,54000000.0,B+,15664.801,39266.680,3d4.(3F2).4s,b 4F,3/2,3d4.(3F2).4p,u 4F*,3/2
V,2,V II,423.6248,423.6248,423.62475,air,110.0,110,1500000.0,D+,47324.292,70923.444,3d3.(2D1).4s,d 1D,2,3d2.(3F).4s.4p.(3P*),1D*,2
V,1,V I,423.6616,423.6616,423.66163,air,58000.0,58000,46000.0,B,2424.809,26021.907,3d4.(5D).4s,a 6D,9/2,3d3.(4F).4s.4p.(3P*),z 2G*,7/2
V,2,V II,423.8861,,423.8861,air,,,0.34,E,20617.0735,44201.678,3d3.(2D2).4s,b 3D,2,3d3.(2D1).4s,c 3D,1
V,1,V I,423.8947,423.8947,423.89464,air,41000.0,41000,5800000.0,C+,15664.801,39248.928,3d4.(3F2).4s,b 4F,3/2,3d4.(3P2).4p,w 4P*,3/2
V,1,V I,423.9604,423.9604,423.96037,air,41000.0,41000,13000000.0,C,14949.359,38529.830,3d4.(3H).4s,a 4H,9/2,3d3.(2H).4s.4p.(3P*),u 2G*,9/2
V,1,V I,424.0081,424.0081,424.00807,air,95000.0,95000,16000000.0,B+,15688.862,39266.680,3d4.(3F2).4s,b 4F,5/2,3d4.(3F2).4p,u 4F*,3/2
V,2,V II,424.03499,,424.03499,air,,,0.05,D,20522.148,44098.469,3d3.(2D2).4s,b 3D,1,3d3.(2D1).4s,c 3D,3
V,1,V I,424.1309,424.1309,424.13081,air,110000.0,110000,7400000.0,B+,15770.789,39341.784,3d4.(3F2).4s,b 4F,9/2,3d4.(3F2).4p,u 4F*,7/2
V,2,V II,424.2881,424.2881,424.28765,air,810.0,810,3200000.0,C,30306.389,53868.671,3d3.(2F).4s,c 3F,3,3d3.(2D2).4p,w 3D*,2
V,2,V II,424.75286,,424.75286,air,,,0.37,E,20622.9852,44159.461,3d3.(2D2).4s,b 3D,3,3d3.(2D1).4s,c 3D,2
V,2,V II,425.4385,425.4385,425.43871,air,240.0,240,1590000.0,C+,13542.6461,37041.1798,3d4,b 3F2,3,3d3.(4F).4p,z 3D*,2
V,2,V II,425.7005,425.7005,425.70059,air,630.0,630,3400000.0,D+,30267.511,53751.589,3d3.(2F).4s,c 3F,2,3d3.(2D2).4p,w 3D*,1
V,1,V I,425.73633,425.73633,425.7363,air,400000.0,400000,6700000.0,B+,15000.937,38483.045,3d4.(3H).4s,a 4H,11/2,3d4.(3H).4p,x 4H*,13/2
V,2,V II,425.74922,,425.74922,air,,,0.36,E,20617.0735,44098.469,3d3.(2D2).4s,b 3D,2,3d3.(2D1).4s,c 3D,3
V,2,V II,425.84792,,425.84792,air,,,0.41,E,14461.7495,37937.703,3d4,a 3G,3,3d2.4s2,e 3F,2
V,2,V II,425.85644,,425.85644,air,,,0.62,C,20622.9852,44098.469,3d3.(2D2).4s,b 3D,3,3d3.(2D1).4s,c 3D,3
V,1,V I,426.21552,426.21552,426.21549,air,480000.0,480000,9700000.0,B+,14949.359,38405.067,3d4.(3H).4s,a 4H,9/2,3d4.(3H).4p,x 4H*,11/2
V,1,V I,426.86376,426.86376,426.86378,air,2300000.0,2300000,94000000.0,B+,15062.959,38483.045,3d4.(3H).4s,a 4H,13/2,3d4.(3H).4p,x 4H*,13/2
V,1,V I,426.9754,426.9754,426.97535,air,200000.0,200000,8100000.0,B+,14909.958,38323.924,3d4.(3H).4s,a 4H,7/2,3d4.(3H).4p,x 4H*,9/2
V,1,V I,427.0307,427.0307,427.03076,air,170000.0,170000,79000000.0,C,20767.609,44178.537,3d4.(3D).4s,b 4D,7/2,3d4.(3D).4p,4F*,9/2
V,1,V I,427.03166,427.03166,427.03166,air,,:,19000000.0,C,14548.816,37959.695,3d3.4s2,2D2,5/2,3d4.(3P2).4p,t 4D*,5/2
V,1,V I,427.15483,427.15483,427.1548,air,1900000.0,1900000,81000000.0,B+,15000.937,38405.067,3d4.(3H).4s,a 4H,11/2,3d4.(3H).4p,x 4H*,11/2
V,1,V I,427.6951,427.6951,427.69509,air,1900000.0,1900000,75000000.0,B+,14949.359,38323.924,3d4.(3H).4s,a 4H,9/2,3d4.(3H).4p,x 4H*,9/2
V,2,V II,427.88634,427.88634,427.88632,air,2100.0,2100,20000000.0,C,32299.266,55663.385,3d4,d 3P1,1,3d3.(4P).4p,y 3S*,1
V,1,V I,428.2898,428.2898,428.28981,air,180000.0,180000,5800000.0,B+,15062.959,38405.067,3d4.(3H).4s,a 4H,13/2,3d4.(3H).4p,x 4H*,11/2
V,1,V I,428.40426,428.40426,428.40428,air,1700000.0,1700000,86000000.0,B+,14909.958,38245.829,3d4.(3H).4s,a 4H,7/2,3d4.(3H).4p,x 4H*,7/2
V,1,V I,428.6409,428.6409,428.64094,air,200000.0,200000,8400000.0,B+,15000.937,38323.924,3d4.(3H).4s,a 4H,11/2,3d4.(3H).4p,x 4H*,9/2
V,1,V I,429.12885,429.12885,429.12885,air,160000.0,160000,7300000.0,B+,14949.359,38245.829,3d4.(3H).4s,a 4H,9/2,3d4.(3H).4p,x 4H*,7/2
V,1,V I,429.18062,429.18062,429.18064,air,1200000.0,1200000,66000000.0,B+,17242.070,40535.729,3d4.(3G).4s,a 4G,11/2,3d4.(3G).4p,w 4H*,13/2
V,1,V I,429.60973,429.60973,429.60974,air,830000.0,830000,63000000.0,D+,17182.073,40452.466,3d4.(3G).4s,a 4G,9/2,3d4.(3G).4p,w 4H*,11/2
V,1,V I,429.76724,429.76724,429.76724,air,640000.0,640000,63000000.0,B+,17116.947,40378.812,3d4.(3G).4s,a 4G,7/2,3d4.(3G).4p,w 4H*,9/2
V,1,V I,429.8024,429.8024,429.80248,air,640000.0,640000,58000000.0,B+,17054.924,40314.882,3d4.(3G).4s,a 4G,5/2,3d4.(3G).4p,w 4H*,7/2
V,2,V II,430.1101,430.1101,430.1098,air,460.0,460,7900000.0,C,32420.046,55663.385,3d4,d 3P1,0,3d3.(4P).4p,y 3S*,1
V,1,V I,430.4812,430.4812,430.48138,air,8300.0,8300bl(V II),116000.0,C+,9544.635,32767.911,3d3.4s2,a 4P,1/2,3d3.(4P).4s.4p.(3P*),z 2P*,3/2
V,1,V I,430.5396,430.5396,430.53952,air,32000.0,32000bl(V II)*,1310000.0,B,15103.784,38323.924,3d3.4s2,a 2H,9/2,3d4.(3H).4p,x 4H*,9/2
V,1,V I,430.5472,430.5472,430.5472,air,150000.0,150000,3400000.0,B,15000.937,38220.663,3d4.(3H).4s,a 4H,11/2,3d4.(3H).4p,x 2H*,11/2
V,1,V I,430.62088,430.62088,430.6209,air,1100000.0,1100000,1100000.0,C,137.383,23353.135,3d3.4s2,a 4F,5/2,3d3.(4F).4s.4p.(3P*),z 4F*,7/2
V,1,V I,430.6564,430.6564,430.65642,air,21000.0,21000,900000.0,C+,14909.958,38123.795,3d4.(3H).4s,a 4H,7/2,3d4.(3H).4p,x 2H*,9/2
V,1,V I,430.71732,430.71732,430.71723,air,930000.0,930000,1130000.0,B+,0.000,23210.560,3d3.4s2,a 4F,3/2,3d3.(4F).4s.4p.(3P*),z 4F*,5/2
V,1,V I,430.9517,430.9517,430.95164,air,93000.0,93000,7500000.0,B+,17116.947,40314.882,3d4.(3G).4s,a 4G,7/2,3d4.(3G).4p,w 4H*,7/2
V,1,V I,430.9793,430.9793,430.97942,air,1100000.0,1100000,760000.0,B+,323.432,23519.872,3d3.4s2,a 4F,7/2,3d3.(4F).4s.4p.(3P*),z 4F*,9/2
V,2,V II,431.2354,431.2354,431.23486,air,6200.0,6200,2270000.0,B,13490.8843,36673.5838,3d4,b 3F2,2,3d3.(4F).4p,z 5F*,2
V,1,V I,431.38869,431.38869,431.38864,air,160000.0,160000,3200000.0,B,14949.359,38123.795,3d4.(3H).4s,a 4H,9/2,3d4.(3H).4p,x 2H*,9/2
V,1,V I,431.9925,431.9925,431.99244,air,10000.0,10000,510000.0,C+,15103.784,38245.829,3d3.4s2,a 2H,9/2,3d4.(3H).4p,x 4H*,7/2
V,1,V I,432.0263,432.0263,432.02623,air,28000.0,28000,980000.0,C+,15264.832,38405.067,3d3.4s2,a 2H,11/2,3d4.(3H).4p,x 4H*,11/2
V,1,V I,432.3508,432.3508,432.35091,air,11000.0,11000,250000.0,C,15000.937,38123.795,3d4.(3H).4s,a 4H,11/2,3d4.(3H).4p,x 2H*,9/2
V,2,V II,432.45032,,432.45032,air,,,0.05,E,20980.9260,44098.469,3d4,a 1D2,2,3d3.(2D1).4s,c 3D,3
V,1,V I,432.4627,432.4627,432.46274,air,8200.0,8200,142000.0,C+,15103.784,38220.663,3d3.4s2,a 2H,9/2,3d4.(3H).4p,x 2H*,11/2
V,2,V II,432.5205,432.5205,432.52065,air,440.0,440,2100000.0,D+,34228.8534,57342.637,3d3.(2F).4s,b 1F,3,3d3.(2D2).4p,y 1D*,2
V,1,V I,433.00227,433.00227,433.00229,air,3100000.0,3100000,5300000.0,B+,0.000,23088.074,3d3.4s2,a 4F,3/2,3d3.(4F).4s.4p.(3P*),z 4F*,3/2
V,1,V I,433.2375,433.2375,433.23747,air,55000.0,55000,6000000.0,C+,19145.148,42220.689,3d4.(3H).4s,b 2H,11/2,3d4.(1I).4p,u 2H*,11/2
V,1,V I,433.28185,433.28185,433.28186,air,3400000.0,3400000,4640000.0,B+,137.383,23210.560,3d3.4s2,a 4F,5/2,3d3.(4F).4s.4p.(3P*),z 4F*,5/2
V,1,V I,433.4095,433.4095,433.40941,air,190000.0,190000,1610000.0,C+,9824.626,32891.013,3d3.4s2,a 4P,5/2,3d3.(2P).4s.4p.(3P*),x 4D*,7/2
V,1,V I,433.6115,433.6115,433.61155,air,41000.0,41000,6100000.0,C+,19023.531,42079.165,3d4.(3H).4s,b 2H,9/2,3d4.(1I).4p,u 2H*,9/2
V,1,V I,434.09977,434.09977,434.0998,air,5000000.0,5000000,4500000.0,C,323.432,23353.135,3d3.4s2,a 4F,7/2,3d3.(4F).4s.4p.(3P*),z 4F*,7/2
V,1,V I,434.28258,434.28258,434.28257,air,200000.0,200000,7900000.0,B,15103.784,38123.795,3d3.4s2,a 2H,9/2,3d4.(3H).4p,x 2H*,9/2
V,1,V I,435.0807,435.0807,435.08074,air,120000.0,120000,204000.0,B+,2153.221,25131.002,3d4.(5D).4s,a 6D,3/2,3d4.(5D).4p,z 4P*,5/2
V,1,V I,435.28653,435.28653,435.28654,air,6600000.0,6600000,6100000.0,B+,552.955,23519.872,3d3.4s2,a 4F,9/2,3d3.(4F).4s.4p.(3P*),z 4F*,9/2
V,1,V I,435.3326,435.3326,435.33255,air,140000.0,140000,2430000.0,B+,13801.551,36766.041,3d3.4s2,a 2P,3/2,3d4.(3F2).4p,x 2F*,5/2
V,1,V I,435.49678,435.49678,435.49676,air,530000.0,530000,8600000.0,B+,15264.832,38220.663,3d3.4s2,a 2H,11/2,3d4.(3H).4p,x 2H*,11/2
V,1,V I,435.59426,435.59426,435.59429,air,1000000.0,1000000,1030000.0,B+,137.383,23088.074,3d3.4s2,a 4F,5/2,3d3.(4F).4s.4p.(3P*),z 4F*,3/2
V,1,V I,436.3519,436.3519,436.35186,air,310000.0,310000,590000.0,C+,2220.156,25131.002,3d4.(5D).4s,a 6D,5/2,3d4.(5D).4p,z 4P*,5/2
V,1,V I,436.4208,436.4208,436.42082,air,190000.0,190000,17400000.0,B,17054.924,39962.150,3d4.(3G).4s,a 4G,5/2,3d4.(3H).4p,u 4G*,5/2
V,1,V I,436.80404,436.80404,436.80407,air,990000.0,990000,1060000.0,B+,323.432,23210.560,3d3.4s2,a 4F,7/2,3d3.(4F).4s.4p.(3P*),z 4F*,5/2
V,1,V I,436.9057,436.9057,436.90576,air,47000.0,47000,3300000.0,B,17182.073,40063.874,3d4.(3G).4s,a 4G,9/2,3d4.(3H).4p,u 4G*,11/2
V,1,V I,437.3224,437.3224,437.32232,air,440000.0,440000,81000000.0,C,21603.259,44463.265,3d4.(1G2).4s,b 2G,9/2,3d4.(1G2).4p,s 2G*,9/2
V,1,V I,437.3423,437.3423,437.34227,air,26000.0,26000,420000.0,C+,15264.832,38123.795,3d3.4s2,a 2H,11/2,3d4.(3H).4p,x 2H*,9/2
V,1,V I,437.3818,437.3818,437.3818,air,290000.0,290000,14600000.0,B+,17182.073,40038.970,3d4.(3G).4s,a 4G,9/2,3d4.(3H).4p,u 4G*,9/2
V,1,V I,437.5304,437.5304,437.53035,air,330000.0,330000*,77000000.0,C,21646.420,44495.557,3d4.(1G2).4s,b 2G,7/2,3d4.(1G2).4p,s 2G*,7/2
V,1,V I,437.6057,437.6057,437.60569,air,24000.0,24000,3100000.0,C+,17116.947,39962.150,3d4.(3G).4s,a 4G,7/2,3d4.(3H).4p,u 4G*,5/2
V,1,V I,437.92298,437.92298,437.92304,air,74000000.0,74000000,115000000.0,B+,2424.809,25253.457,3d4.(5D).4s,a 6D,9/2,3d4.(5D).4p,y 6F*,11/2
V,1,V I,438.0544,438.0544,438.05437,air,380000.0,380000,18400000.0,B,17242.070,40063.874,3d4.(3G).4s,a 4G,11/2,3d4.(3H).4p,u 4G*,11/2
V,1,V I,438.0959,438.0959,438.09605,air,,:,166000.0,B+,2311.369,25131.002,3d4.(5D).4s,a 6D,7/2,3d4.(5D).4p,z 4P*,5/2
V,1,V I,438.1742,438.1742,438.17418,air,20000.0,20000,650000.0,C+,14949.359,37764.923,3d4.(3H).4s,a 4H,9/2,3d4.(3F2).4p,v 4G*,11/2
V,1,V I,438.4183,438.4183,438.41813,air,110000.0,110000,300000.0,B,2112.282,24915.151,3d4.(5D).4s,a 6D,1/2,3d4.(5D).4p,z 4P*,3/2
V,1,V I,438.47122,438.47122,438.4713,air,44000000.0,44000000,92000000.0,B+,2311.369,25111.473,3d4.(5D).4s,a 6D,7/2,3d4.(5D).4p,y 6F*,9/2
V,1,V I,438.533,438.533,438.53293,air,51000.0,51000,3500000.0,C,17242.070,40038.970,3d4.(3G).4s,a 4G,11/2,3d4.(3H).4p,u 4G*,9/2
V,1,V I,438.8096,438.8096,438.80944,air,18000.0,18000,2200000.0,C+,19078.112,41860.647,3d4.(3F2).4s,a 2F,7/2,3d4.(3G).4p,t 4G*,9/2
V,1,V I,438.99791,438.99791,438.99793,air,30000000.0,30000000,70000000.0,B+,2220.156,24992.909,3d4.(5D).4s,a 6D,5/2,3d4.(5D).4p,y 6F*,7/2
V,1,V I,439.167,439.167,439.167,air,72000.0,72000,2090000.0,B+,15000.937,37764.923,3d4.(3H).4s,a 4H,11/2,3d4.(3F2).4p,v 4G*,11/2
V,1,V I,439.2066,439.2066,439.20667,air,560000.0,560000,930000.0,B,2153.221,24915.151,3d4.(5D).4s,a 6D,3/2,3d4.(5D).4p,z 4P*,3/2
V,1,V I,439.308,439.308,439.30804,air,180000.0,180000,11000000.0,C+,15078.387,37835.065,3d4.(3P2).4s,b 4P,1/2,3d4.(3P2).4p,t 4D*,3/2
V,1,V I,439.52235,439.52235,439.52233,air,23000000.0,23000000,52000000.0,B+,2153.221,24898.804,3d4.(5D).4s,a 6D,3/2,3d4.(5D).4p,y 6F*,5/2
V,1,V I,439.7842,439.7842,439.78436,air,10000.0,10000,1580000.0,C+,19026.326,41758.357,3d4.(3F2).4s,a 2F,5/2,3d4.(3G).4p,t 4G*,7/2
V,1,V I,440.05718,440.05718,440.05717,air,8800000.0,8800000,34700000.0,B+,2112.282,24830.221,3d4.(5D).4s,a 6D,1/2,3d4.(5D).4p,y 6F*,3/2
V,1,V I,440.3668,440.3668,440.36683,air,310000.0,310000,6100000.0,B+,15062.959,37764.923,3d4.(3H).4s,a 4H,13/2,3d4.(3F2).4p,v 4G*,11/2
V,2,V II,440.4665,440.4665,440.46595,air,74.0,74,210000.0,D,14655.6082,37352.4639,3d4,a 3G,5,3d3.(4F).4p,z 5F*,5
V,1,V I,440.61,440.61,440.60779,air,460000.0,460000,3500000.0,D+,8578.542,31268.091,3d4.(5D).4s,a 4D,5/2,3d3.(2G).4s.4p.(3P*),x 4F*,7/2
V,1,V I,440.66388,440.66388,440.66382,air,14000000.0,14000000,19400000.0,B+,2424.809,25111.473,3d4.(5D).4s,a 6D,9/2,3d4.(5D).4p,y 6F*,9/2
V,1,V I,440.76335,440.76335,440.76338,air,17000000.0,17000000,37600000.0,B+,2311.369,24992.909,3d4.(5D).4s,a 6D,7/2,3d4.(5D).4p,y 6F*,7/2
V,1,V I,440.81959,440.81959,440.81958,air,23000000.0,23000000,51000000.0,B+,2220.156,24898.804,3d4.(5D).4s,a 6D,5/2,3d4.(5D).4p,y 6F*,5/2
V,1,V I,440.84931,440.84931,440.84931,air,,:,80000000.0,B+,2112.282,24789.401,3d4.(5D).4s,a 6D,1/2,3d4.(5D).4p,y 6F*,1/2
V,1,V I,440.85139,440.85139,440.85162,air,29000000.0,29000000,60000000.0,B+,2153.221,24830.221,3d4.(5D).4s,a 6D,3/2,3d4.(5D).4p,y 6F*,3/2
V,2,V II,440.8891,440.8891,440.88961,air,920.0,920,5500000.0,C,32040.641,54715.687,3d4,d 3P1,2,3d3.(2D2).4p,x 3P*,2
V,1,V I,441.21369,441.21369,441.21369,air,880000.0,880000,4260000.0,B+,2112.282,24770.673,3d4.(5D).4s,a 6D,1/2,3d4.(5D).4p,z 4P*,1/2
V,1,V I,441.4537,441.4537,441.45363,air,79000.0,79000,2860000.0,B+,14909.958,37556.034,3d4.(3H).4s,a 4H,7/2,3d4.(3F2).4p,v 4G*,7/2
V,1,V I,441.50285,441.50285,441.50287,air,190000.0,190000,5200000.0,B,15000.937,37644.487,3d4.(3H).4s,a 4H,11/2,3d4.(3F2).4p,v 4G*,9/2
V,1,V I,441.64665,441.64665,441.64662,air,4000000.0,4000000,25400000.0,B+,2153.221,24789.401,3d4.(5D).4s,a 6D,3/2,3d4.(5D).4p,y 6F*,1/2
V,1,V I,441.6839,441.6839,441.68374,air,19000.0,19000,630000.0,C+,15770.789,38405.067,3d4.(3F2).4s,b 4F,9/2,3d4.(3H).4p,x 4H*,11/2
V,1,V I,441.99341,441.99341,441.99337,air,750000.0,750000,1220000.0,B+,2220.156,24838.578,3d4.(5D).4s,a 6D,5/2,3d4.(5D).4p,z 6P*,7/2
V,1,V I,442.15678,442.15678,442.15674,air,4000000.0,4000000,13300000.0,B+,2220.156,24830.221,3d4.(5D).4s,a 6D,5/2,3d4.(5D).4p,y 6F*,3/2
V,1,V I,442.22304,442.22304,442.22305,air,130000.0,130000,4900000.0,B+,14949.359,37556.034,3d4.(3H).4s,a 4H,9/2,3d4.(3F2).4p,v 4G*,7/2
V,1,V I,442.32056,442.32056,442.32053,air,460000.0,460000,3200000.0,D+,8715.747,31317.440,3d4.(5D).4s,a 4D,7/2,3d3.(2G).4s.4p.(3P*),x 4F*,9/2
V,1,V I,442.59978,442.59978,442.59974,air,2900000.0,2900000,6600000.0,B+,2311.369,24898.804,3d4.(5D).4s,a 6D,7/2,3d4.(5D).4p,y 6F*,5/2
V,1,V I,442.72874,442.72874,442.72877,air,400000.0,400000,80000000.0,D+,21603.259,44184.111,3d4.(1G2).4s,b 2G,9/2,3d4.(1G2).4p,t 2H*,11/2
V,1,V I,442.85096,442.85096,442.851,air,2000000.0,2000000,4130000.0,B+,2153.221,24727.841,3d4.(5D).4s,a 6D,3/2,3d4.(5D).4p,z 6P*,5/2
V,1,V I,442.97893,442.97893,442.97894,air,1400000.0,1400000,2210000.0,B+,2424.809,24992.909,3d4.(5D).4s,a 6D,9/2,3d4.(5D).4p,y 6F*,7/2
V,1,V I,443.0499,443.0499,443.04995,air,120000.0,120000,11400000.0,C+,15270.582,37835.065,3d4.(3P2).4s,b 4P,3/2,3d4.(3P2).4p,t 4D*,3/2
V,1,V I,443.45945,443.45945,443.45941,air,370000.0,370000,19400000.0,B,15572.035,38115.684&dagger;,3d4.(3P2).4s,b 4P,5/2,3d4.(3P2).4p,t 4D*,7/2
V,1,V I,443.61325,443.61325,443.61323,air,2700000.0,2700000,10000000.0,B+,2112.282,24648.114,3d4.(5D).4s,a 6D,1/2,3d4.(5D).4p,z 6P*,3/2
V,1,V I,443.78304,443.78304,443.78304,air,4000000.0,4000000,8300000.0,B+,2311.369,24838.578,3d4.(5D).4s,a 6D,7/2,3d4.(5D).4p,z 6P*,7/2
V,2,V II,444.0392,444.0392,444.0391,air,590.0,590,7200000.0,D+,32299.266,54813.486,3d4,d 3P1,1,3d3.(2D2).4p,x 3P*,0
V,1,V I,444.16798,444.16798,444.168,air,5200000.0,5200000,13500000.0,B+,2220.156,24727.841,3d4.(5D).4s,a 6D,5/2,3d4.(5D).4p,z 6P*,5/2
V,1,V I,444.33365,444.33365,444.33357,air,300000.0,300000,81000000.0,C,21646.420,44145.718,3d4.(1G2).4s,b 2G,7/2,3d4.(1G2).4p,t 2H*,9/2
V,1,V I,444.42062,444.42062,444.42059,air,4000000.0,4000000,14800000.0,B+,2153.221,24648.114,3d4.(5D).4s,a 6D,3/2,3d4.(5D).4p,z 6P*,3/2
V,1,V I,445.20051,445.20051,445.20051,air,2500000.0,2500000,81000000.0,B+,15062.959,37518.445,3d4.(3H).4s,a 4H,13/2,3d4.(3H).4p,z 4I*,15/2
V,1,V I,445.2697,445.2697,445.26978,air,100000.0,100000,3270000.0,B+,14909.958,37361.951,3d4.(3H).4s,a 4H,7/2,3d4.(3H).4p,v 2G*,9/2
V,1,V I,445.3118,445.3118,445.3118,air,69000.0,69000,1560000.0,B,15770.789,38220.663,3d4.(3F2).4s,b 4F,9/2,3d4.(3H).4p,x 2H*,11/2
V,1,V I,445.747,445.747,445.74696,air,2600000.0,2600000,9600000.0,B+,2220.156,24648.114,3d4.(5D).4s,a 6D,5/2,3d4.(5D).4p,z 6P*,3/2
V,1,V I,445.77533,445.77533,445.77534,air,500000.0,500000,14700000.0,C+,15103.784,37530.314,3d3.4s2,a 2H,9/2,3d4.(3H).4p,z 2I*,11/2
V,1,V I,445.8389,445.8389,445.83882,air,90000.0,90000,5800000.0,B,19078.112,41501.449,3d4.(3F2).4s,a 2F,7/2,3d4.(3G).4p,v 2H*,9/2
V,1,V I,445.97532,445.97532,445.97536,air,6300000.0,6300000,17600000.0,B+,2311.369,24727.841,3d4.(5D).4s,a 6D,7/2,3d4.(5D).4p,z 6P*,5/2
V,1,V I,446.02914,446.02914,446.02914,air,13000000.0,13000000,26100000.0,B+,2424.809,24838.578,3d4.(5D).4s,a 6D,9/2,3d4.(5D).4p,z 6P*,7/2
V,1,V I,446.043,446.043,446.04287,air,150000.0,150000,11600000.0,B+,19023.531,41436.610&dagger;,3d4.(3H).4s,b 2H,9/2,3d4.(3G).4p,t 2G*,7/2
V,1,V I,446.09855,446.09855,446.0985,air,270000.0,270000,29100000.0,B+,19026.326,41436.610&dagger;,3d4.(3F2).4s,a 2F,5/2,3d4.(3G).4p,t 2G*,7/2
V,1,V I,446.23574,446.23574,446.23574,air,2500000.0,2500000,79000000.0,B+,15000.937,37404.329,3d4.(3H).4s,a 4H,11/2,3d4.(3H).4p,z 4I*,13/2
V,1,V I,446.3123,446.3123,446.31196,air,8400.0,8400,190000.0,C+,15724.229,38123.795,3d4.(3F2).4s,b 4F,7/2,3d4.(3H).4p,x 2H*,9/2
V,2,V II,446.4295,446.4295,446.42931,air,460.0,460,1300000.0,D+,30306.389,52700.067,3d3.(2F).4s,c 3F,3,3d3.(4P).4p,x 3D*,2
V,1,V I,446.4738,446.4738,446.47364,air,160000.0,160000,4200000.0,C+,15724.229,38115.684&dagger;,3d4.(3F2).4s,b 4F,7/2,3d4.(3P2).4p,t 4D*,7/2
V,1,V I,446.5493,446.5493,446.54932,air,160000.0,160000,5700000.0,C+,15572.035,37959.695,3d4.(3P2).4s,b 4P,5/2,3d4.(3P2).4p,t 4D*,5/2
V,2,V II,446.61509,,446.61509,air,,,1.1,C,22273.6366,44658.000,3d3.(2P).4s,a 1P,1,3d2.4s2,c 1D,2
V,1,V I,446.76056,446.76056,446.76051,air,47000.0,47000,1000000.0,B,14548.816,36925.893&dagger;,3d3.4s2,2D2,5/2,3d4.(3F2).4p,x 2F*,7/2
V,1,V I,446.80003,446.80003,446.80001,air,500000.0,500000,17400000.0,B+,14909.958,37285.057,3d4.(3H).4s,a 4H,7/2,3d4.(3H).4p,z 4I*,9/2
V,1,V I,446.8755,446.8755,446.87553,air,170000.0,170000,9000000.0,D+,15103.784,37475.102&dagger;,3d3.4s2,a 2H,9/2,3d3.(2D2).4s.4p.(3P*),w 2F*,7/2
V,1,V I,446.97035,446.97035,446.97033,air,1600000.0,1600000,62000000.0,B+,14949.359,37315.932,3d4.(3H).4s,a 4H,9/2,3d4.(3H).4p,z 4I*,11/2
V,1,V I,447.0812,447.0812,447.08145,air,19000.0,19000,350000.0,C,15000.937,37361.951,3d4.(3H).4s,a 4H,11/2,3d4.(3H).4p,v 2G*,9/2
V,1,V I,447.1321,447.1321,447.13176,air,28000.0,28000,2250000.0,B,19078.112,41436.610&dagger;,3d4.(3F2).4s,a 2F,7/2,3d4.(3G).4p,t 2G*,7/2
V,1,V I,447.1756,447.1756,447.1757,air,32000.0,32000,2210000.0,B,19145.148,41501.449,3d4.(3H).4s,b 2H,11/2,3d4.(3G).4p,v 2H*,9/2
V,1,V I,447.404,447.404,447.40397,air,490000.0,490000,30000000.0,B,15770.789,38115.684&dagger;,3d4.(3F2).4s,b 4F,9/2,3d4.(3P2).4p,t 4D*,7/2
V,2,V II,447.5679,447.5679,447.5679,air,380.0,380,1900000.0,D+,30267.511,52604.222,3d3.(2F).4s,c 3F,2,3d3.(4P).4p,x 3D*,1
V,1,V I,447.5882,447.5882,447.58819,air,100000.0,100000,2450000.0,B+,14949.359,37285.057,3d4.(3H).4s,a 4H,9/2,3d4.(3H).4p,z 4I*,9/2
V,1,V I,448.00349,448.00349,448.00346,air,310000.0,310000,7500000.0,B+,15000.937,37315.932,3d4.(3H).4s,a 4H,11/2,3d4.(3H).4p,z 4I*,11/2
V,1,V I,448.6241,448.6241,448.62418,air,18000.0,18000,290000.0,C,15000.937,37285.057,3d4.(3H).4s,a 4H,11/2,3d4.(3H).4p,z 4I*,9/2
V,1,V I,448.88886,448.88886,448.88872,air,1600000.0,1600000,50000000.0,B+,14909.958,37180.946,3d4.(3H).4s,a 4H,7/2,3d3.(2H).4s.4p.(3P*),y 2H*,9/2
V,1,V I,449.08088,449.08088,449.08087,air,310000.0,310000,9000000.0,D+,14949.359,37210.818,3d4.(3H).4s,a 4H,9/2,3d3.(2H).4s.4p.(3P*),y 2H*,11/2
V,1,V I,449.6059,449.6059,449.60585,air,410000.0,410000,26000000.0,B,15724.229,37959.695,3d4.(3F2).4s,b 4F,7/2,3d4.(3P2).4p,t 4D*,5/2
V,1,V I,449.68424,449.68424,449.68429,air,270000.0,270000,3810000.0,B+,14949.359,37180.946,3d4.(3H).4s,a 4H,9/2,3d3.(2H).4s.4p.(3P*),y 2H*,9/2
V,1,V I,449.9752,449.9752,449.97499,air,21000.0,21000,490000.0,C+,14548.816,36766.041,3d3.4s2,2D2,5/2,3d4.(3F2).4p,x 2F*,5/2
V,1,V I,450.0778,450.0778,450.07784,air,25000.0,25000,560000.0,B,15103.784,37315.932,3d3.4s2,a 2H,9/2,3d4.(3H).4p,z 4I*,11/2
V,1,V I,450.0858,450.0858,450.08579,air,29000.0,29000,4600000.0,B+,17054.924,39266.680,3d4.(3G).4s,a 4G,5/2,3d4.(3F2).4p,u 4F*,3/2
V,1,V I,450.19538,450.19538,450.19542,air,570000.0,570000,4500000.0,D+,11100.596,33306.943,3d3.4s2,a 2G,9/2,3d3.(2G).4s.4p.(3P*),y 2G*,9/2
V,1,V I,450.9282,450.9282,450.92814,air,48000.0,48000,5700000.0,C+,15664.801,37835.065,3d4.(3F2).4s,b 4F,3/2,3d4.(3P2).4p,t 4D*,3/2
V,1,V I,451.1431,451.1431,451.14289,air,64000.0,64000,4100000.0,B,17182.073,39341.784,3d4.(3G).4s,a 4G,9/2,3d4.(3F2).4p,u 4F*,7/2
V,1,V I,451.3606,451.3606,451.36088,air,70000.0,70000,4000000.0,C+,17242.070,39391.079,3d4.(3G).4s,a 4G,11/2,3d4.(3F2).4p,u 4F*,9/2
V,1,V I,451.41806,451.41806,451.41807,air,310000.0,310000,21000000.0,C+,15688.862,37835.065,3d4.(3F2).4s,b 4F,5/2,3d4.(3P2).4p,t 4D*,3/2
V,1,V I,451.55481,451.55481,451.5548,air,40000.0,40000,960000.0,B,15264.832,37404.329,3d3.4s2,a 2H,11/2,3d4.(3H).4p,z 4I*,13/2
V,2,V II,451.7342,451.7342,451.73416,air,270.0,270,1700000.0,D+,30673.089,52803.796,3d4,d 3F1,2,3d3.(2D2).4p,z 1P*,1
V,1,V I,452.42082,452.42082,452.42081,air,580000.0,580000,21700000.0,B+,15264.832,37361.951,3d3.4s2,a 2H,11/2,3d4.(3H).4p,v 2G*,9/2
V,2,V II,452.45282,,452.45282,air,,,0.26,C,16421.5292,38517.085,3d3.(2G).4s,b 3G,4,3d2.4s2,e 3F,4
V,1,V I,452.51527,452.51527,452.51524,air,160000.0,160000,27700000.0,B,15664.801,37757.309,3d4.(3F2).4s,b 4F,3/2,3d4.(3P2).4p,t 4D*,1/2
V,2,V II,452.8483,452.8483,452.84834,air,4200.0,4200,3200000.0,B,18353.830,40430.0878,3d4,a 3D,3,3d3.(4F).4p,z 3F*,4
V,2,V II,453.2164,453.2164,453.21702,air,1100.0,1100,10800000.0,C,30641.7674,52700.067,3d4,d 3F1,3,3d3.(4P).4p,x 3D*,2
V,2,V II,453.4808,453.4808,453.48079,air,1900.0,1900,5300000.0,D+,48853.0973,70898.5669,3d3.(2G).4p,y 3G*,5,3d3.(4F).5s,3F,4
V,2,V II,453.8613,453.8613,453.86149,air,53.0,53,1000000.0,D+,30673.089,52700.067,3d4,d 3F1,2,3d3.(4P).4p,x 3D*,2
V,1,V I,454.00068,454.00068,454.00068,air,170000.0,170000,4600000.0,B+,15264.832,37285.057,3d3.4s2,a 2H,11/2,3d4.(3H).4p,z 4I*,9/2
V,1,V I,454.53925,454.53925,454.53926,air,1500000.0,1500000,64000000.0,B+,15770.789,37764.923,3d4.(3F2).4s,b 4F,9/2,3d4.(3F2).4p,v 4G*,11/2
V,2,V II,454.7467,,454.7467,air,,,1.28,C+,16532.9841,38517.085,3d3.(2G).4s,b 3G,5,3d2.4s2,e 3F,4
V,1,V I,454.96428,454.96428,454.96423,air,330000.0,330000,93000000.0,C,22479.403,44452.993,3d4.(1I).4s,2I,13/2,3d4.(1I).4p,2I*,13/2
V,1,V I,455.30507,455.30507,455.30509,air,300000.0,300000,45000000.0,C,22496.546,44453.686,3d4.(1I).4s,2I,11/2,3d4.(1I).4p,2I*,11/2
V,2,V II,455.8442,455.8442,455.84502,air,780.0,780,12100000.0,C,30673.089,52604.222,3d4,d 3F1,2,3d3.(4P).4p,x 3D*,1
V,1,V I,456.07112,456.07112,456.07118,air,1200000.0,1200000,58000000.0,B+,15724.229,37644.487,3d4.(3F2).4s,b 4F,7/2,3d4.(3F2).4p,v 4G*,9/2
V,2,V II,456.45779,456.45779,456.45772,air,3100.0,3100,2800000.0,C+,18293.8723,40195.5675,3d4,a 3D,2,3d3.(4F).4p,z 3F*,3
V,1,V I,457.0421,457.0421,457.04198,air,270000.0,270000,8200000.0,B+,15770.789,37644.487,3d4.(3F2).4s,b 4F,9/2,3d4.(3F2).4p,v 4G*,9/2
V,1,V I,457.17839,457.17839,457.17838,air,830000.0,830000,50000000.0,B+,15688.862,37556.034,3d4.(3F2).4s,b 4F,5/2,3d4.(3F2).4p,v 4G*,7/2
V,2,V II,457.49498,,457.49498,air,,,0.3,C,16340.9837,38193.023,3d3.(2G).4s,b 3G,3,3d2.4s2,e 3F,3
V,1,V I,457.71738,457.71738,457.7174,air,3500000.0,3500000,4440000.0,B+,0.000,21841.421,3d3.4s2,a 4F,3/2,3d3.(4F).4s.4p.(3P*),z 4G*,5/2
V,1,V I,457.87287,457.87287,457.87282,air,580000.0,580000,56000000.0,D+,15664.801,37498.808,3d4.(3F2).4s,b 4F,3/2,3d4.(3F2).4p,v 4G*,5/2
V,1,V I,457.91885,457.91885,457.91901,air,120000.0,120000,10600000.0,B+,15724.229,37556.034,3d4.(3F2).4s,b 4F,7/2,3d4.(3F2).4p,v 4G*,7/2
V,1,V I,458.03968,458.03968,458.03967,air,4400000.0,4400000,4700000.0,B+,137.383,21963.437,3d3.4s2,a 4F,5/2,3d3.(4F).4s.4p.(3P*),z 4G*,7/2
V,1,V I,458.122,458.122,458.12247,air,59000.0,59000bl,1530000.0,B,15103.784,36925.893&dagger;,3d3.4s2,a 2H,9/2,3d4.(3F2).4p,x 2F*,7/2
V,1,V I,458.63661,458.63661,458.6366,air,5700000.0,5700000,5200000.0,B+,323.432,22121.079,3d3.4s2,a 4F,7/2,3d3.(4F).4s.4p.(3P*),z 4G*,9/2
V,2,V II,459.18755,,459.18755,air,,,0.96,C+,16421.5292,38193.023,3d3.(2G).4s,b 3G,4,3d2.4s2,e 3F,3
V,1,V I,459.41156,459.41156,459.41158,air,8900000.0,8900000,5700000.0,B+,552.955,22313.832,3d3.4s2,a 4F,9/2,3d3.(4F).4s.4p.(3P*),z 4G*,11/2
V,2,V II,460.0171,460.0171,460.01696,air,2100.0,2100,2800000.0,C+,18269.515,40001.7556,3d4,a 3D,1,3d3.(4F).4p,z 3F*,2
V,1,V I,460.61471,460.61471,460.61472,air,690000.0,690000,630000.0,B+,137.383,21841.421,3d3.4s2,a 4F,5/2,3d3.(4F).4s.4p.(3P*),z 4G*,5/2
V,1,V I,460.9643,460.9643,460.96459,air,120000.0,120000*,46000000.0,C,22496.546,44184.111,3d4.(1I).4s,2I,11/2,3d4.(1G2).4p,t 2H*,11/2
V,1,V I,461.0919,461.0919,461.09192,air,94000.0,94000,570000.0,B+,8413.009,30094.585,3d4.(5D).4s,a 4D,1/2,3d3.(4P).4s.4p.(3P*),y 4P*,3/2
V,2,V II,461.5504,,461.5504,air,,,0.25,C,16532.9841,38193.023,3d3.(2G).4s,b 3G,5,3d2.4s2,e 3F,3
V,2,V II,461.8521,461.8521,461.8511,air,200.0,200,2600000.0,C,44658.000,66303.935,3d2.4s2,c 1D,2,3d3.(2F).4p,x 1F*,3
V,1,V I,461.8795,461.8795,461.87986,air,47000.0,47000,188000.0,B,8476.234,30120.823,3d4.(5D).4s,a 4D,3/2,3d3.(4P).4s.4p.(3P*),y 4P*,5/2
V,1,V I,461.97769,461.97769,461.97771,air,1600000.0,1600000,640000.0,B+,323.432,21963.437,3d3.4s2,a 4F,7/2,3d3.(4F).4s.4p.(3P*),z 4G*,7/2
V,1,V I,462.4404,462.4404,462.44045,air,340000.0,340000*,3740000.0,B+,8476.234,30094.585,3d4.(5D).4s,a 4D,3/2,3d3.(4P).4s.4p.(3P*),y 4P*,3/2
V,1,V I,462.64873,462.64873,462.64875,air,270000.0,270000,6400000.0,B+,8413.009,30021.627,3d4.(5D).4s,a 4D,1/2,3d3.(4P).4s.4p.(3P*),y 4P*,1/2
V,2,V II,462.7483,462.7483,462.74838,air,73.0,73,1400000.0,D+,30641.7674,52245.733,3d4,d 3F1,3,3d3.(2D2).4p,x 3F*,2
V,2,V II,462.90365,,462.90365,air,,,1.14,C+,16340.9837,37937.703,3d3.(2G).4s,b 3G,3,3d2.4s2,e 3F,2
V,1,V I,463.51739,463.51739,463.51738,air,690000.0,690000,373000.0,B+,552.955,22121.079,3d3.4s2,a 4F,9/2,3d3.(4F).4s.4p.(3P*),z 4G*,9/2
V,1,V I,464.0063,464.0063,464.00641,air,340000.0,340000,6400000.0,B+,8476.234,30021.627,3d4.(5D).4s,a 4D,3/2,3d3.(4P).4s.4p.(3P*),y 4P*,1/2
V,1,V I,464.07345,464.07345,464.07345,air,340000.0,340000,1660000.0,B+,8578.542,30120.823,3d4.(5D).4s,a 4D,5/2,3d3.(4P).4s.4p.(3P*),y 4P*,5/2
V,1,V I,464.5973,464.5973,464.59735,air,79000.0,79000,21800.0,C+,323.432,21841.421,3d3.4s2,a 4F,7/2,3d3.(4F).4s.4p.(3P*),z 4G*,5/2
V,2,V II,464.63655,,464.63655,air,,,0.3,D,16421.5292,37937.703,3d3.(2G).4s,b 3G,4,3d2.4s2,e 3F,2
V,1,V I,464.63935,464.63935,464.63937,air,690000.0,690000,7500000.0,B+,8578.542,30094.585,3d4.(5D).4s,a 4D,5/2,3d3.(4P).4s.4p.(3P*),y 4P*,3/2
V,1,V I,466.93022,466.93022,466.93024,air,54000.0,54000,12300.0,B+,552.955,21963.437,3d3.4s2,a 4F,9/2,3d3.(4F).4s.4p.(3P*),z 4G*,7/2
V,1,V I,467.0482,467.0482,467.04817,air,850000.0,850000,7600000.0,B+,8715.747,30120.823,3d4.(5D).4s,a 4D,7/2,3d3.(4P).4s.4p.(3P*),y 4P*,5/2
V,1,V I,467.366,467.366,467.36466,air,44000.0,44000bl,530000.0,C+,19145.148,40535.729,3d4.(3H).4s,b 2H,11/2,3d4.(3G).4p,w 4H*,13/2
V,1,V I,468.2757,468.2757,468.27605,air,21000.0,21000,6000000.0,C+,20789.112,42138.062,3d4.(3D).4s,b 4D,5/2,3d3.(4P).4s.4p.(1P*),r 4D*,5/2
V,1,V I,469.9318,469.9318,469.93166,air,87000.0,87000,1630000.0,B,15264.832,36538.569,3d3.4s2,a 2H,11/2,3d4.(3F2).4p,2G*,9/2
V,1,V I,470.61626,470.61626,470.61623,air,230000.0,230000,20000000.0,D+,15572.035,36814.827,3d4.(3P2).4s,b 4P,5/2,3d3.(2D2).4s.4p.(3P*),x 4P*,3/2
V,1,V I,470.65645,470.65645,470.65649,air,320000.0,320000,15600000.0,B+,17242.070,38483.045,3d4.(3G).4s,a 4G,11/2,3d4.(3H).4p,x 4H*,13/2
V,1,V I,470.74364,470.74364,470.7439,air,190000.0,190000,3700000.0,B+,15688.862,36925.893&dagger;,3d4.(3F2).4s,b 4F,5/2,3d4.(3F2).4p,x 2F*,7/2
V,1,V I,471.05515,471.05515,471.05525,air,320000.0,320000bl(V II),16200000.0,B+,17182.073,38405.067,3d4.(3G).4s,a 4G,9/2,3d4.(3H).4p,x 4H*,11/2
V,1,V I,471.41104,471.41104,471.41103,air,260000.0,260000,16200000.0,B+,17116.947,38323.924,3d4.(3G).4s,a 4G,7/2,3d4.(3H).4p,x 4H*,9/2
V,1,V I,471.5292,471.5292,471.52917,air,60000.0,60000,990000.0,C+,15724.229,36925.893&dagger;,3d4.(3F2).4s,b 4F,7/2,3d4.(3F2).4p,x 2F*,7/2
V,1,V I,471.7686,471.7686,471.76858,air,220000.0,220000,16400000.0,B+,17054.924,38245.829,3d4.(3G).4s,a 4G,5/2,3d4.(3H).4p,x 4H*,7/2
V,1,V I,473.1253,473.1253,473.12555,air,20000.0,20000,5200000.0,B,18805.048,39935.176,3d4.(3P2).4s,b 2P,1/2,3d4.(3F2).4p,s 4D*,3/2
V,1,V I,473.7734,473.7734,473.77328,air,33000.0,33000,760000.0,C+,15664.801,36766.041,3d4.(3F2).4s,b 4F,3/2,3d4.(3F2).4p,x 2F*,5/2
V,1,V I,473.95751,473.95751,473.95751,air,,:,1900000.0,C+,20767.609,41860.647,3d4.(3D).4s,b 4D,7/2,3d4.(3G).4p,t 4G*,9/2
V,1,V I,474.6622,474.6622,474.66221,air,100000.0,100000,16000000.0,D+,16361.489,37423.212,3d3.(4F).4s.4p.(3P*),z 6G*,3/2,3d3.4s.(5F).5s,e 6F,3/2
V,1,V I,474.8508,474.8508,474.85065,air,170000.0,170000,14100000.0,B+,16449.875,37503.240,3d3.(4F).4s.4p.(3P*),z 6G*,5/2,3d3.4s.(5F).5s,e 6F,5/2
V,1,V I,475.0977,475.0977,475.09766,air,190000.0,190000,10400000.0,C+,16572.638,37615.057,3d3.(4F).4s.4p.(3P*),z 6G*,7/2,3d3.4s.(5F).5s,e 6F,7/2
V,1,V I,475.1273,475.1273,475.12731,air,64000.0,64000,5100000.0,B,19078.112,40119.218&dagger;,3d4.(3F2).4s,a 2F,7/2,3d4.(3P2).4p,v 2D*,5/2
V,1,V I,475.15661,475.15661,475.15658,air,150000.0,150000,9000000.0,D+,15572.035,36611.845,3d4.(3P2).4s,b 4P,5/2,3d3.(2D2).4s.4p.(3P*),x 4P*,5/2
V,1,V I,475.1842,475.1842,475.18413,air,17000.0,17000,430000.0,C+,17182.073,38220.663,3d4.(3G).4s,a 4G,9/2,3d4.(3H).4p,x 2H*,11/2
V,1,V I,475.3931,475.3931,475.39308,air,160000.0,160000,9300000.0,B+,16728.803,37758.146,3d3.(4F).4s.4p.(3P*),z 6G*,9/2,3d3.4s.(5F).5s,e 6F,9/2
V,1,V I,475.7346,475.7346,475.73453,air,110000.0,110000,5100000.0,B+,16917.210,37931.460,3d3.(4F).4s.4p.(3P*),z 6G*,11/2,3d3.4s.(5F).5s,e 6F,11/2
V,1,V I,475.74736,475.74736,475.74736,air,270000.0,270000,62000000.0,D+,16361.489,37375.172,3d3.(4F).4s.4p.(3P*),z 6G*,3/2,3d3.4s.(5F).5s,e 6F,1/2
V,1,V I,475.9024,475.9024,475.90216,air,14000.0,14000,390000.0,C+,17116.947,38123.795,3d4.(3G).4s,a 4G,7/2,3d4.(3H).4p,x 2H*,9/2
V,1,V I,476.5662,476.5662,476.56624,air,23000.0,23000,4300000.0,C+,21101.589,42079.165,3d4.(3G).4s,2G,7/2,3d4.(1I).4p,u 2H*,9/2
V,1,V I,476.66245,476.66245,476.66256,air,230000.0,230000,46000000.0,D+,16449.875,37423.212,3d3.(4F).4s.4p.(3P*),z 6G*,5/2,3d3.4s.(5F).5s,e 6F,3/2
V,1,V I,477.3068,477.3068,477.30662,air,19000.0,19000,2300000.0,C+,21275.652,42220.689,3d4.(3G).4s,2G,9/2,3d4.(1I).4p,u 2H*,11/2
V,1,V I,477.63579,477.63579,477.6358,air,310000.0,310000,38700000.0,B+,16572.638,37503.240,3d3.(4F).4s.4p.(3P*),z 6G*,7/2,3d3.4s.(5F).5s,e 6F,5/2
V,1,V I,477.651,477.651,477.65102,air,210000.0,210000,29600000.0,B+,19189.283,40119.218&dagger;,3d4.(3P2).4s,b 2P,3/2,3d4.(3P2).4p,v 2D*,5/2
V,1,V I,478.134,478.134,478.13271,air,540.0,540,1600000.0,D+,19026.326,39935.176,3d4.(3F2).4s,a 2F,5/2,3d4.(3F2).4p,s 4D*,3/2
V,1,V I,478.4469,478.4469,478.44689,air,280000.0,280000,79000.0,B+,137.383,21032.503,3d3.4s2,a 4F,5/2,3d3.(4F).4s.4p.(3P*),z 4D*,7/2
V,1,V I,478.64995,478.64995,478.64999,air,460000.0,460000,34000000.0,C+,16728.803,37615.057,3d3.(4F).4s.4p.(3P*),z 6G*,9/2,3d3.4s.(5F).5s,e 6F,7/2
V,1,V I,479.5098,479.5098,479.50978,air,58000.0,58000,16000000.0,C,21101.589,41950.393,3d4.(3G).4s,2G,7/2,3d4.(3D).4p,u 2F*,5/2
V,1,V I,479.69076,479.69076,479.69081,air,540000.0,540000,44600000.0,B+,16917.210,37758.146,3d3.(4F).4s.4p.(3P*),z 6G*,11/2,3d3.4s.(5F).5s,e 6F,9/2
V,1,V I,479.97766,479.97766,479.97766,air,140000.0,140000,130000.0,B+,0.000,20828.481,3d3.4s2,a 4F,3/2,3d3.(4F).4s.4p.(3P*),z 4D*,5/2
V,1,V I,480.304,480.304,480.30376,air,61000.0,61000,240000.0,C+,15724.229,36538.569,3d4.(3F2).4s,b 4F,7/2,3d4.(3F2).4p,2G*,9/2
V,1,V I,480.75237,480.75237,480.75226,air,530000.0,530000,49000000.0,B+,17136.538,37931.460,3d3.(4F).4s.4p.(3P*),z 6G*,13/2,3d3.4s.(5F).5s,e 6F,11/2
V,1,V I,481.90339,481.90339,481.90336,air,51000.0,51000,7300000.0,C+,21275.652,42020.903,3d4.(3G).4s,2G,9/2,3d4.(3D).4p,u 2F*,7/2
V,1,V I,482.343,482.343,482.34192,air,65000.0,65000,440000.0,C,13810.910,34537.299,3d3.4s2,a 2P,1/2,3d3.(4F).4s.4p.(1P*),v 4D*,3/2
V,1,V I,482.74524,482.74524,482.74529,air,920000.0,920000,1220000.0,B+,323.432,21032.503,3d3.4s2,a 4F,7/2,3d3.(4F).4s.4p.(3P*),z 4D*,7/2
V,1,V I,483.1646,483.1646,483.16462,air,1100000.0,1100000,1960000.0,B+,137.383,20828.481,3d3.4s2,a 4F,5/2,3d3.(4F).4s.4p.(3P*),z 4D*,5/2
V,1,V I,483.24241,483.24241,483.24237,air,860000.0,860000,2270000.0,B+,0.000,20687.769,3d3.4s2,a 4F,3/2,3d3.(4F).4s.4p.(3P*),z 4D*,3/2
V,1,V I,483.3016,483.3016,483.30155,air,87000.0,87000,3200000.0,C+,13801.551,34486.787,3d3.4s2,a 2P,3/2,3d3.(2D2).4s.4p.(3P*),4F*,5/2
V,2,V II,484.2492,484.2492,484.25015,air,500.0,500,1000000.0,D+,44159.461,64804.177,3d3.(2D1).4s,c 3D,2,3d3.(2F).4p,v 3D*,2
V,1,V I,484.3,484.3,484.29972,air,5600.0,5600,18000000.0,D+,21275.652,41918.255,3d4.(3G).4s,2G,9/2,3d4.(3G).4p,t 4G*,11/2
V,1,V I,484.6607,484.6607,484.66085,air,18000.0,18000,480000.0,C,13801.551,34428.773,3d3.4s2,a 2P,3/2,3d3.(2D2).4s.4p.(3P*),4F*,3/2
V,1,V I,484.88084,484.88084,484.88086,air,87000.0,87000bl(V II),2900000.0,C,13810.910,34428.773,3d3.4s2,a 2P,1/2,3d3.(2D2).4s.4p.(3P*),4F*,3/2
V,1,V I,485.14903,485.14903,485.14901,air,2300000.0,2300000,10000000.0,B+,0.000,20606.467,3d3.4s2,a 4F,3/2,3d3.(4F).4s.4p.(3P*),z 4D*,1/2
V,1,V I,485.65507,485.65507,485.65507,air,,:,1100000.0,C+,21275.652,41860.647,3d4.(3G).4s,2G,9/2,3d4.(3G).4p,t 4G*,9/2
V,1,V I,485.7057,485.7057,485.70569,air,9900.0,9900,360000.0,C+,17182.073,37764.923,3d4.(3G).4s,a 4G,9/2,3d4.(3F2).4p,v 4G*,11/2
V,1,V I,486.47297,486.47297,486.47298,air,3500000.0,3500000,7600000.0,B+,137.383,20687.769,3d3.4s2,a 4F,5/2,3d3.(4F).4s.4p.(3P*),z 4D*,3/2
V,1,V I,486.48345,486.48345,486.4833,air,450000.0,450000bl(V II),3680000.0,B+,9544.635,30094.585,3d3.4s2,a 4P,1/2,3d3.(4P).4s.4p.(3P*),y 4P*,3/2
V,1,V I,487.0142,487.0142,487.0144,air,12000.0,12000,470000.0,C+,17116.947,37644.487,3d4.(3G).4s,a 4G,7/2,3d4.(3F2).4p,v 4G*,9/2
V,2,V II,487.05435,,487.05435,air,,,0.04,E,11514.7845,32040.641,3d4,a 3P2,1,3d4,d 3P1,2
V,1,V I,487.1255,487.1255,487.12563,air,86000.0,86000,5000000.0,B+,17242.070,37764.923,3d4.(3G).4s,a 4G,11/2,3d4.(3F2).4p,v 4G*,11/2
V,1,V I,487.54855,487.54855,487.54859,air,4400000.0,4400000,7400000.0,B+,323.432,20828.481,3d3.4s2,a 4F,7/2,3d3.(4F).4s.4p.(3P*),z 4D*,5/2
V,2,V II,487.5492,487.5492,487.5491,air,720.0,720,1200000.0,D+,44098.469,64603.496,3d3.(2D1).4s,c 3D,3,3d3.(2F).4p,v 3D*,3
V,2,V II,488.03666,,488.03666,air,,,0.22,D,26839.749,47324.292,3d4,a 1F,3,3d3.(2D1).4s,d 1D,2
V,1,V I,488.05474,488.05474,488.05474,air,,:,2380000.0,B,9637.039,30120.823,3d3.4s2,a 4P,3/2,3d3.(4P).4s.4p.(3P*),y 4P*,5/2
V,1,V I,488.15565,488.15565,488.15569,air,5300000.0,5300000,7800000.0,B+,552.955,21032.503,3d3.4s2,a 4F,9/2,3d3.(4F).4s.4p.(3P*),z 4D*,7/2
V,1,V I,488.2167,488.2167,488.21663,air,110000.0,110000,1380000.0,B,9544.635,30021.627,3d3.4s2,a 4P,1/2,3d3.(4P).4s.4p.(3P*),y 4P*,1/2
V,2,V II,488.3399,488.3399,488.33893,air,1900.0,1900D,6200000.0,C,30613.910,51085.7739,3d4,d 3F1,4,3d3.(2P).4p,y 3D*,3
V,1,V I,488.5644,488.5644,488.56445,air,93000.0,93000,3800000.0,B,17182.073,37644.487,3d4.(3G).4s,a 4G,9/2,3d4.(3F2).4p,v 4G*,9/2
V,1,V I,488.6807,488.6807,488.68071,air,160000.0,160000,1230000.0,B+,9637.039,30094.585,3d3.4s2,a 4P,3/2,3d3.(4P).4s.4p.(3P*),y 4P*,3/2
V,1,V I,489.1221,489.1221,489.12206,air,64000.0,64000,3000000.0,B+,17116.947,37556.034,3d4.(3G).4s,a 4G,7/2,3d4.(3F2).4p,v 4G*,7/2
V,1,V I,489.6359,489.6359,489.63575,air,33000.0,33000,4300000.0,C,21603.259,42020.903,3d4.(1G2).4s,b 2G,9/2,3d4.(3D).4p,u 2F*,7/2
V,1,V I,490.06261,490.06261,490.0626,air,200000.0,200000,44200000.0,B+,21101.589,41501.449,3d4.(3G).4s,2G,7/2,3d4.(3G).4p,v 2H*,9/2
V,1,V I,490.42976,490.42976,490.42976,air,180000.0,180000,6700000.0,B+,9637.039,30021.627,3d3.4s2,a 4P,3/2,3d3.(4P).4s.4p.(3P*),y 4P*,1/2
V,1,V I,490.44348,490.44348,490.44343,air,220000.0,220000,11000000.0,D+,21275.652,41659.672,3d4.(3G).4s,2G,9/2,3d4.(3G).4p,v 2H*,11/2
V,1,V I,490.6856,490.6856,490.68557,air,15000.0,15000,780000.0,C+,17182.073,37556.034,3d4.(3G).4s,a 4G,9/2,3d4.(3F2).4p,v 4G*,7/2
V,1,V I,491.6251,491.6251,491.62521,air,79000.0,79000,8700000.0,B+,21101.589,41436.610&dagger;,3d4.(3G).4s,2G,7/2,3d4.(3G).4p,t 2G*,7/2
V,1,V I,492.56567,492.56567,492.56564,air,450000.0,450000,5300000.0,B+,9824.626,30120.823,3d3.4s2,a 4P,5/2,3d3.(4P).4s.4p.(3P*),y 4P*,5/2
V,1,V I,493.20323,493.20323,493.20324,air,190000.0,190000,3450000.0,B+,9824.626,30094.585,3d3.4s2,a 4P,5/2,3d3.(4P).4s.4p.(3P*),y 4P*,3/2
V,1,V I,494.2802,494.2802,494.28014,air,60000.0,60000,5400000.0,B+,21275.652,41501.449,3d4.(3G).4s,2G,9/2,3d4.(3G).4p,v 2H*,9/2
V,1,V I,495.765,495.765,495.76649,air,130000.0,130000,740000.0,C+,13810.910,33976.069&dagger;,3d3.4s2,a 2P,1/2,3d3.(4P).4s.4p.(3P*),w 4D*,3/2
V,2,V II,495.81331,,495.81331,air,,,0.07,E,18353.830,38517.085,3d4,a 3D,3,3d2.4s2,e 3F,4
V,2,V II,496.5389,496.5389,496.53913,air,240.0,240,4700000.0,C,30641.7674,50775.5487,3d4,d 3F1,3,3d3.(2P).4p,y 3D*,2
V,2,V II,496.57365,,496.57365,air,,,0.03,E,11908.2593,32040.641,3d4,a 3P2,2,3d4,d 3P1,2
V,2,V II,498.222,498.222,498.22208,air,35.0,35,2900000.0,C,30673.089,50738.861,3d4,d 3F1,2,3d3.(2P).4p,y 3P*,1
V,1,V I,500.562,500.562,500.56058,air,130000.0,130000,910000.0,C+,14514.756,34486.787,3d3.4s2,2D2,3/2,3d3.(2D2).4s.4p.(3P*),4F*,5/2
V,1,V I,501.4624,501.4624,501.4622,air,340000.0,340000,30000000.0,D+,19145.148,39081.270,3d4.(3H).4s,b 2H,11/2,3d3.(2H).4s.4p.(3P*),y 2I*,13/2
V,2,V II,501.66,501.66,501.6612,air,640.0,640,2600000.0,C,44658.000,64586.215,3d2.4s2,c 1D,2,3d3.(2F).4p,x 1D*,2
V,2,V II,501.9857,501.9857,501.98555,air,360.0,360,2900000.0,C,34228.8534,54144.1912,3d3.(2F).4s,b 1F,3,3d3.(2H).4p,y 1G*,4
V,1,V I,502.01884,502.01884,502.01884,air,,:,410000.0,C,14514.756,34428.773,3d3.4s2,2D2,3/2,3d3.(2D2).4s.4p.(3P*),4F*,3/2
V,2,V II,502.3939,,502.3939,air,,,0.06,D,18293.8723,38193.023,3d4,a 3D,2,3d2.4s2,e 3F,3
V,1,V I,504.7244,504.7244,504.72435,air,32000.0,32000,830000.0,D+,15572.035,35379.307,3d4.(3P2).4s,b 4P,5/2,3d3.(2D2).4s.4p.(3P*),u 4D*,7/2
V,2,V II,504.891,504.891,504.8897,air,330.0,330,2100000.0,D+,30673.089,50473.874,3d4,d 3F1,2,3d3.(2P).4p,y 3D*,1
V,1,V I,505.16,505.16,505.16001,air,100000.0,100000,10700000.0,B+,21646.420,41436.610&dagger;,3d4.(1G2).4s,b 2G,7/2,3d4.(3G).4p,t 2G*,7/2
V,1,V I,506.4114,506.4114,506.41143,air,120000.0,120000,18000000.0,C+,22479.403,42220.689,3d4.(1I).4s,2I,13/2,3d4.(1I).4p,u 2H*,11/2
V,1,V I,507.18653,507.18653,507.18653,air,,:,180000.0,C+,17054.924,36766.041,3d4.(3G).4s,a 4G,5/2,3d4.(3F2).4p,x 2F*,5/2
V,2,V II,508.2936,,508.2936,air,,,0.07,E,18269.515,37937.703,3d4,a 3D,1,3d2.4s2,e 3F,2
V,1,V I,510.5147,510.5147,510.51465,air,130000.0,130000,16000000.0,C,22496.546,42079.165,3d4.(1I).4s,2I,11/2,3d4.(1I).4p,u 2H*,9/2
V,1,V I,512.8509,512.8509,512.85082,air,450000.0,450000,24200000.0,B+,18438.044,37931.460,3d3.(4F).4s.4p.(3P*),z 6D*,9/2,3d3.4s.(5F).5s,e 6F,11/2
V,1,V I,513.7599,513.7599,513.76021,air,16000.0,16000,610000.0,C+,15078.387,34537.299,3d4.(3P2).4s,b 4P,1/2,3d3.(4F).4s.4p.(1P*),v 4D*,3/2
V,1,V I,513.8406,513.8406,513.84064,air,450000.0,450000,22300000.0,B+,18302.280,37758.146,3d3.(4F).4s.4p.(3P*),z 6D*,7/2,3d3.4s.(5F).5s,e 6F,9/2
V,1,V I,514.8413,514.8413,514.84116,air,18000.0,18000,1200000.0,C+,18513.403,37931.460,3d3.(4F).4s.4p.(3P*),z 6F*,9/2,3d3.4s.(5F).5s,e 6F,11/2
V,1,V I,514.87,514.87,514.87009,air,290000.0,290000,16000000.0,C+,18198.091,37615.057,3d3.(4F).4s.4p.(3P*),z 6D*,5/2,3d3.4s.(5F).5s,e 6F,7/2
V,1,V I,515.34587,515.34587,515.34587,air,,:,1300000.0,C,15078.387,34477.427&dagger;,3d4.(3P2).4s,b 4P,1/2,3d3.(4F).4s.4p.(1P*),v 4D*,1/2
V,1,V I,515.7008,515.7008,515.70092,air,30000.0,30000,2090000.0,C+,18372.462,37758.146,3d3.(4F).4s.4p.(3P*),z 6F*,7/2,3d3.4s.(5F).5s,e 6F,9/2
V,1,V I,515.9323,515.9323,515.93231,air,170000.0,170000,15700000.0,B+,18126.250,37503.240,3d3.(4F).4s.4p.(3P*),z 6D*,3/2,3d3.4s.(5F).5s,e 6F,5/2
V,1,V I,516.6781,516.6781,516.67823,air,34000.0,34000,1300000.0,C,15270.582,34619.598,3d4.(3P2).4s,b 4P,3/2,3d3.(4F).4s.4p.(1P*),v 4D*,5/2
V,1,V I,517.2088,517.2088,517.20884,air,33000.0,33000,4000000.0,B+,18174.074,37503.240,3d3.(4F).4s.4p.(3P*),z 6F*,3/2,3d3.4s.(5F).5s,e 6F,5/2
V,1,V I,517.4518,517.4518,517.45149,air,18000.0,18000,1350000.0,B,18438.044,37758.146,3d3.(4F).4s.4p.(3P*),z 6D*,9/2,3d3.4s.(5F).5s,e 6F,9/2
V,1,V I,517.6479,517.6479,517.64775,air,32000.0,32000bl(V II),2300000.0,C,18302.280,37615.057,3d3.(4F).4s.4p.(3P*),z 6D*,7/2,3d3.4s.(5F).5s,e 6F,7/2
V,1,V I,517.8522,517.8522,517.85229,air,36000.0,36000,3940000.0,B+,18198.091,37503.240,3d3.(4F).4s.4p.(3P*),z 6D*,5/2,3d3.4s.(5F).5s,e 6F,5/2
V,1,V I,518.8849,518.8849,518.88528,air,11000.0,11000,570000.0,C,15270.582,34537.299,3d4.(3P2).4s,b 4P,3/2,3d3.(4F).4s.4p.(1P*),v 4D*,3/2
V,1,V I,519.0682,519.0682,519.06843,air,8800.0,8800*,500000.0,B,19145.148,38405.067,3d4.(3H).4s,b 2H,11/2,3d4.(3H).4p,x 4H*,11/2
V,1,V I,519.2984,519.2984,519.2984,air,450000.0,450000,27800000.0,B+,18680.070,37931.460,3d3.(4F).4s.4p.(3P*),z 6F*,11/2,3d3.4s.(5F).5s,e 6F,11/2
V,1,V I,519.4778,519.4778,519.47776,air,310000.0,310000*,23800000.0,B+,18513.403,37758.146,3d3.(4F).4s.4p.(3P*),z 6F*,9/2,3d3.4s.(5F).5s,e 6F,9/2
V,1,V I,519.4874,519.4874,519.48743,air,460000.0,460000,16800000.0,B+,18258.855,37503.240,3d3.(4F).4s.4p.(3P*),z 6F*,5/2,3d3.4s.(5F).5s,e 6F,5/2
V,1,V I,519.5358,519.5358,519.53575,air,230000.0,230000,16000000.0,C+,18372.462,37615.057,3d3.(4F).4s.4p.(3P*),z 6F*,7/2,3d3.4s.(5F).5s,e 6F,7/2
V,1,V I,520.7662,520.7662,520.76614,air,42000.0,42000,1560000.0,B+,19023.531,38220.663,3d4.(3H).4s,b 2H,9/2,3d4.(3H).4p,x 2H*,11/2
V,1,V I,521.3647,521.3647,521.36469,air,46000.0,46000,1800000.0,C+,15572.035,34747.128,3d4.(3P2).4s,b 4P,5/2,3d3.(4F).4s.4p.(1P*),v 4D*,7/2
V,1,V I,522.5725,522.5725,522.57241,air,150000.0,150000,12500000.0,B+,18372.462,37503.240,3d3.(4F).4s.4p.(3P*),z 6F*,7/2,3d3.4s.(5F).5s,e 6F,5/2
V,1,V I,523.3692,523.3692,523.36918,air,140000.0,140000,7300000.0,C+,18513.403,37615.057,3d3.(4F).4s.4p.(3P*),z 6F*,9/2,3d3.4s.(5F).5s,e 6F,7/2
V,1,V I,523.4072,523.4072,523.40727,air,450000.0,450000,31100000.0,B+,19023.531,38123.795,3d4.(3H).4s,b 2H,9/2,3d4.(3H).4p,x 2H*,9/2
V,1,V I,524.0161,524.0161,524.016,air,82000.0,82000,4400000.0,B+,18680.070,37758.146,3d3.(4F).4s.4p.(3P*),z 6F*,11/2,3d3.4s.(5F).5s,e 6F,9/2
V,1,V I,524.08636,524.08636,524.08635,air,450000.0,450000,30000000.0,B+,19145.148,38220.663,3d4.(3H).4s,b 2H,11/2,3d4.(3H).4p,x 2H*,11/2
V,2,V II,524.1151,524.1151,524.11441,air,600.0,600,3500000.0,B,36424.875,55499.3690,3d4,c 1G1,4,3d3.(2H).4p,y 1H*,5
V,1,V I,526.0338,526.0338,526.0336,air,33000.0,33000,3600000.0,B,22496.546,41501.449,3d4.(1I).4s,2I,11/2,3d4.(3G).4p,v 2H*,9/2
V,1,V I,526.7611,526.7611,526.76135,air,9100.0,9100,520000.0,C+,19145.148,38123.795,3d4.(3H).4s,b 2H,11/2,3d4.(3H).4p,x 2H*,9/2
V,2,V II,526.94591,,526.94591,air,,,0.034,D,11295.511,30267.511,3d4,a 3P2,0,3d3.(2F).4s,c 3F,2
V,1,V I,527.1027,527.1027,527.10261,air,32000.0,32000,780000.0,C,13801.551,32767.911,3d3.4s2,a 2P,3/2,3d3.(4P).4s.4p.(3P*),z 2P*,3/2
V,2,V II,528.1384,,528.1384,air,,,0.14,D,13490.8843,32420.046,3d4,b 3F2,2,3d4,d 3P1,0
V,1,V I,530.05944,530.05944,530.05944,air,,:,1200000.0,C,21101.589,39962.150,3d4.(3G).4s,2G,7/2,3d4.(3H).4p,u 4G*,5/2
V,2,V II,531.0672,,531.0672,air,,,0.08,D,19112.9298,37937.703,3d3.(2G).4s,b 1G,4,3d2.4s2,e 3F,2
V,2,V II,531.52998,,531.52998,air,,,0.043,D,13490.8843,32299.266,3d4,b 3F2,2,3d4,d 3P1,1
V,1,V I,531.6867,531.6867,531.68672,air,31000.0,31000,510000.0,C,15572.035,34374.872,3d4.(3P2).4s,b 4P,5/2,3d3.(2D2).4s.4p.(3P*),4F*,7/2
V,1,V I,531.9043,531.9043,531.90421,air,11000.0,11000,480000.0,C,15270.582,34065.731,3d4.(3P2).4s,b 4P,3/2,3d3.(4P).4s.4p.(3P*),w 4D*,5/2
V,2,V II,532.00454,,532.00454,air,,,0.044,D,11514.7845,30306.389,3d4,a 3P2,1,3d3.(2F).4s,c 3F,3
V,2,V II,532.2786,532.2786,532.27697,air,150.0,150,1040000.0,C,36424.875,55206.8615,3d4,c 1G1,4,3d3.(2H).4p,x 3G*,5
V,2,V II,532.99684,,532.99684,air,,,0.09,D,13542.6461,32299.266,3d4,b 3F2,3,3d4,d 3P1,1
V,2,V II,533.1075,,533.1075,air,,,0.032,D,11514.7845,30267.511,3d4,a 3P2,1,3d3.(2F).4s,c 3F,2
V,2,V II,534.1198,534.1198,534.11939,air,140.0,140,580000.0,D+,36424.875,55142.0747,3d4,c 1G1,4,3d3.(2D2).4p,y 1F*,3
V,1,V I,536.026,536.026,536.02547,air,18000.0,18000,280000.0,C,15724.229,34374.872,3d4.(3F2).4s,b 4F,7/2,3d3.(2D2).4s.4p.(3P*),4F*,7/2
V,1,V I,537.2627,537.2627,537.2627,air,,:,5200.0,C+,2424.809,21032.503,3d4.(5D).4s,a 6D,9/2,3d3.(4F).4s.4p.(3P*),z 4D*,7/2
V,1,V I,537.36699,537.36699,537.36699,air,,:,150000.0,C,15770.789,34374.872,3d4.(3F2).4s,b 4F,9/2,3d3.(2D2).4s.4p.(3P*),4F*,7/2
V,1,V I,539.8907,539.8907,539.89091,air,,:,4900.0,C+,2311.369,20828.481,3d4.(5D).4s,a 6D,7/2,3d3.(4F).4s.4p.(3P*),z 4D*,5/2
V,2,V II,539.98282,,539.98282,air,,,0.21,C,17910.9147,36424.875,3d4,a 1G2,4,3d4,c 1G1,4
V,1,V I,540.1922,540.1922,540.19224,air,410000.0,410000,15000000.0,C+,19023.531,37530.314,3d4.(3H).4s,b 2H,9/2,3d4.(3H).4p,z 2I*,11/2
V,2,V II,540.44888,,540.44888,air,,,0.023,D,13542.6461,32040.641,3d4,b 3F2,3,3d4,d 3P1,2
V,1,V I,541.5251,541.5251,541.52556,air,580000.0,580000,25000000.0,D+,19145.148,37606.365,3d4.(3H).4s,b 2H,11/2,3d4.(3H).4p,z 2I*,13/2
V,2,V II,542.39273,,542.39273,air,,,0.09,D,13608.9393,32040.641,3d4,b 3F2,4,3d4,d 3P1,2
V,2,V II,543.02408,,543.02408,air,,,0.06,D,11908.2593,30318.5317,3d4,a 3P2,2,3d3.(2F).4s,c 3F,4
V,2,V II,543.38248,,543.38248,air,,,0.02,D,11908.2593,30306.389,3d4,a 3P2,2,3d3.(2F).4s,c 3F,3
V,1,V I,546.7794,546.7794,546.77915,air,25000.0,25000,1190000.0,B,19078.112,37361.951,3d4.(3F2).4s,a 2F,7/2,3d4.(3H).4p,v 2G*,9/2
V,1,V I,547.44724,547.44724,547.44724,air,,:,580000.0,C+,19023.531,37285.057,3d4.(3H).4s,b 2H,9/2,3d4.(3H).4p,z 4I*,9/2
V,2,V II,548.18842,,548.18842,air,,,0.16,C,20280.2493,38517.085,3d3.(2H).4s,b 3H,5,3d2.4s2,e 3F,4
V,1,V I,548.7225,548.7225,548.72222,air,120000.0,120000,3100000.0,C,14548.816,32767.911,3d3.4s2,2D2,5/2,3d3.(4P).4s.4p.(3P*),z 2P*,3/2
V,1,V I,548.7913,548.7913,548.79126,air,350000.0,350000,19600000.0,B,19145.148,37361.951,3d4.(3H).4s,b 2H,11/2,3d4.(3H).4p,v 2G*,9/2
V,1,V I,549.62065,549.62065,549.62065,air,,:,470000.0,C,14548.816,32738.130,3d3.4s2,2D2,5/2,3d3.(4F).4s.4p.(1P*),w 4F*,3/2
V,2,V II,550.08265,,550.08265,air,,,0.76,D+,20343.0477,38517.085,3d3.(4P).4s,c 3P,2,3d2.4s2,e 3F,4
V,1,V I,550.5861,550.5861,550.58623,air,32000.0,32000,1720000.0,B,19023.531,37180.946,3d4.(3H).4s,b 2H,9/2,3d3.(2H).4s.4p.(3P*),y 2H*,9/2
V,2,V II,550.69745,,550.69745,air,,,1.52,C+,20363.3370,38517.085,3d3.(2H).4s,b 3H,6,3d2.4s2,e 3F,4
V,1,V I,551.1176,551.1176,551.11758,air,59000.0,59000,3200000.0,B,19145.148,37285.057,3d4.(3H).4s,b 2H,11/2,3d4.(3H).4p,z 4I*,9/2
V,2,V II,551.48004,,551.48004,air,,,1.17,C+,12545.1024,30673.089,3d4,a 3H,4,3d4,d 3F1,2
V,1,V I,551.5331,551.5331,551.53288,air,21000.0,21000,6300.0,B,0.000,18126.250,3d3.4s2,a 4F,3/2,3d3.(4F).4s.4p.(3P*),z 6D*,3/2
V,2,V II,552.22984,,552.22984,air,,,0.51,C+,20089.6495,38193.023,3d3.(4P).4s,c 3P,1,3d2.4s2,e 3F,3
V,2,V II,552.43455,,552.43455,air,,,0.15,C,12545.1024,30641.7674,3d4,a 3H,4,3d4,d 3F1,3
V,1,V I,552.7622,552.7622,552.76178,air,26000.0,26000,11200.0,B,0.000,18085.952,3d3.4s2,a 4F,3/2,3d3.(4F).4s.4p.(3P*),z 6D*,1/2
V,2,V II,553.0111,553.0111,553.0122,air,200.0,200,510000.0,D+,44098.469,62176.232,3d3.(2D1).4s,c 3D,3,3d3.(2F).4p,w 3F*,4
V,1,V I,553.5344,553.5344,553.5344,air,46000.0,46000,9800.0,B,137.383,18198.091,3d3.4s2,a 4F,5/2,3d3.(4F).4s.4p.(3P*),z 6D*,5/2
V,1,V I,554.489,554.489,554.48582,air,65000.0,65000,100000.0,C+,8476.234,26505.953,3d4.(5D).4s,a 4D,3/2,3d4.(5D).4p,y 6D*,5/2
V,1,V I,554.5926,554.5926,554.59206,air,140000.0,140000,390000.0,C+,8578.542,26604.807&dagger;,3d4.(5D).4s,a 4D,5/2,3d4.(5D).4p,y 6D*,7/2
V,2,V II,554.6753,554.6753,554.676,air,100.0,100*,4300000.0,D+,72837.5795,90861.115,3d3.(4F).4d,e 5H,6,3d3.(4F<9/2>).4f,2[11/2]*,6
V,1,V I,554.7056,554.7056,554.70558,air,410000.0,410000,1160000.0,B,8715.747,26738.323,3d4.(5D).4s,a 4D,7/2,3d4.(5D).4p,y 6D*,9/2
V,2,V II,554.7762,,554.7762,air,,,1.01,C+,12621.4857,30641.7674,3d4,a 3H,5,3d4,d 3F1,3
V,2,V II,555.63517,,555.63517,air,,,0.12,C,12621.4857,30613.910,3d4,a 3H,5,3d4,d 3F1,4
V,1,V I,555.745,555.745,555.74504,air,70000.0,70000,20000.0,B+,137.383,18126.250,3d3.4s2,a 4F,5/2,3d3.(4F).4s.4p.(3P*),z 6D*,3/2
V,1,V I,555.8753,555.8753,555.87517,air,210000.0,210000*,7700000.0,D+,13801.551,31786.207&dagger;,3d3.4s2,a 2P,3/2,3d3.(2P).4s.4p.(3P*),2S*,1/2
V,1,V I,556.0543,556.0543,556.05474,air,36000.0,36000,6400.0,B,323.432,18302.280,3d3.4s2,a 4F,7/2,3d3.(4F).4s.4p.(3P*),z 6D*,7/2
V,1,V I,556.593,556.593,556.59119,air,65000.0,65000,141000.0,C+,8476.234,26437.754,3d4.(5D).4s,a 4D,3/2,3d4.(5D).4p,y 6D*,3/2
V,2,V II,556.92861,,556.92861,air,,,0.18,C,20242.385,38193.023,3d3.(2H).4s,b 3H,4,3d2.4s2,e 3F,3
V,2,V II,556.9646,556.9646,556.966,air,200.0,200,5600000.0,D+,72680.855,90630.288,3d3.(4F).4d,e 5H,5,3d3.(4F<7/2>).4f,2[9/2]*,5
V,1,V I,557.651,557.651,557.65018,air,130000.0,130000,116000.0,C+,8578.542,26505.953,3d4.(5D).4s,a 4D,5/2,3d4.(5D).4p,y 6D*,5/2
V,1,V I,557.84,557.84,557.83726,air,64000.0,64000h,280000.0,C+,8476.234,26397.633,3d4.(5D).4s,a 4D,3/2,3d4.(5D).4p,y 6D*,1/2
V,2,V II,558.10587,,558.10587,air,,,1.4,C+,20280.2493,38193.023,3d3.(2H).4s,b 3H,5,3d2.4s2,e 3F,3
V,2,V II,558.25994,,558.25994,air,,,1.03,C+,12706.0798,30613.910,3d4,a 3H,6,3d4,d 3F1,4
V,1,V I,558.43046,558.43046,558.43046,air,,:,1520000.0,C+,19023.531,36925.893&dagger;,3d4.(3H).4s,b 2H,9/2,3d4.(3F2).4p,x 2F*,7/2
V,1,V I,558.4497,558.4497,558.44973,air,830000.0,830000,1750000.0,C+,8578.542,26480.286&dagger;,3d4.(5D).4s,a 4D,5/2,3d4.(5D).4p,y 4D*,7/2
V,2,V II,558.50379,,558.50379,air,,,0.17,D+,20617.0735,38517.085,3d3.(2D2).4s,b 3D,2,3d2.4s2,e 3F,4
V,2,V II,558.5174,558.5174,558.5181,air,1000.0,1000,21000000.0,D+,72680.855,90580.407,3d3.(4F).4d,e 5H,5,3d3.(4F<7/2>).4f,2[13/2]*,6
V,2,V II,558.6883,,558.6883,air,,,0.12,D+,20622.9852,38517.085,3d3.(2D2).4s,b 3D,3,3d2.4s2,e 3F,4
V,1,V I,558.849,558.849,558.8457,air,63000.0,63000,149000.0,C+,8715.747,26604.807&dagger;,3d4.(5D).4s,a 4D,7/2,3d4.(5D).4p,y 6D*,7/2
V,1,V I,558.96978,558.96978,558.96978,air,,:,3000.0,C+,552.955,18438.044,3d3.4s2,a 4F,9/2,3d3.(4F).4s.4p.(3P*),z 6D*,9/2
V,2,V II,559.0659,559.0659,559.0666,air,200.0,200,5400000.0,D+,72551.2964,90433.288,3d3.(4F).4d,e 5H,4,3d3.(4F<5/2>).4f,2[7/2]*,4
V,1,V I,559.2415,559.2415,559.24148,air,600000.0,600000,2660000.0,B,8476.234,26352.634,3d4.(5D).4s,a 4D,3/2,3d4.(5D).4p,y 4D*,5/2
V,1,V I,559.2959,559.2959,559.29595,air,99000.0,99000,21700.0,B+,323.432,18198.091,3d3.4s2,a 4F,7/2,3d3.(4F).4s.4p.(3P*),z 6D*,5/2
V,2,V II,559.7429,559.7429,559.7457,air,40.0,40,4500000.0,D,72674.9214,90535.217,3d3.(4F).4d,e 5P,2,3d3.(4F<5/2>).4f,2[5/2]*,3
V,1,V I,559.782,559.782,559.77971,air,63000.0,63000,200000.0,C,8578.542,26437.754,3d4.(5D).4s,a 4D,5/2,3d4.(5D).4p,y 6D*,3/2
V,2,V II,560.06937,,560.06937,air,,,0.32,C+,20343.0477,38193.023,3d3.(4P).4s,c 3P,2,3d2.4s2,e 3F,3
V,2,V II,560.1297,,560.1297,air,,,0.44,C+,20089.6495,37937.703,3d3.(4P).4s,c 3P,1,3d2.4s2,e 3F,2
V,1,V I,560.1383,560.1383,560.13823,air,120000.0,120000,5000000.0,C+,19078.112,36925.893&dagger;,3d4.(3F2).4s,a 2F,7/2,3d4.(3F2).4p,x 2F*,7/2
V,2,V II,560.3829,560.3829,560.3834,air,99.0,99,4500000.0,D+,73021.1428,90861.115,3d3.(4F).4d,e 5H,7,3d3.(4F<9/2>).4f,2[11/2]*,6
V,1,V I,560.4935,560.4935,560.49354,air,420000.0,420000,2760000.0,B+,8413.009,26249.476,3d4.(5D).4s,a 4D,1/2,3d4.(5D).4p,y 4D*,3/2
V,2,V II,560.846,560.846,560.846,air,790.0,790,26000000.0,D+,73021.1428,90846.401,3d3.(4F).4d,e 5H,7,3d3.(4F<9/2>).4f,2[13/2]*,7
V,2,V II,560.8676,560.8676,560.8684,air,980.0,980,32000000.0,D+,72551.2964,90375.843,3d3.(4F).4d,e 5H,4,3d3.(4F<5/2>).4f,2[11/2]*,5
V,2,V II,560.909,560.909,560.9106,air,200.0,200,11000000.0,D,72674.9214,90498.128,3d3.(4F).4d,e 5P,2,3d3.(4F<7/2>).4f,2[3/2]*,2
V,2,V II,561.0666,,561.0666,air,,,0.07,D,26839.749,44658.000,3d4,a 1F,3,3d2.4s2,c 1D,2
V,2,V II,561.87,561.87,561.872,air,98.0,98h,3500000.0,D,72837.5795,90630.288,3d3.(4F).4d,e 5H,6,3d3.(4F<7/2>).4f,2[9/2]*,5
V,1,V I,561.95104,561.95104,561.95104,air,,:,90000.0,C+,8715.747,26505.953,3d4.(5D).4s,a 4D,7/2,3d4.(5D).4p,y 6D*,5/2
V,1,V I,562.4606,562.4606,562.46051,air,1200000.0,1200000,6400000.0,B,8578.542,26352.634,3d4.(5D).4s,a 4D,5/2,3d4.(5D).4p,y 4D*,5/2
V,1,V I,562.4873,562.4873,562.48741,air,420000.0,420000,4550000.0,B+,8476.234,26249.476,3d4.(5D).4s,a 4D,3/2,3d4.(5D).4p,y 4D*,3/2
V,2,V II,562.4923,562.4923,562.4911,air,580.0,580,14000000.0,D+,72837.5795,90610.706,3d3.(4F).4d,e 5H,6,3d3.(4F<7/2>).4f,2[11/2]*,6
V,1,V I,562.6017,562.6017,562.60181,air,330000.0,330000,5800000.0,C+,8413.009,26182.637,3d4.(5D).4s,a 4D,1/2,3d4.(5D).4p,y 4D*,1/2
V,1,V I,562.763,562.763,562.76298,air,2400000.0,2400000,11700000.0,C+,8715.747,26480.286&dagger;,3d4.(5D).4s,a 4D,7/2,3d4.(5D).4p,y 4D*,7/2
V,1,V I,563.2456,563.2456,563.24537,air,100000.0,100000,15600.0,B+,552.955,18302.280,3d3.4s2,a 4F,9/2,3d3.(4F).4s.4p.(3P*),z 6D*,7/2
V,2,V II,563.2678,563.2678,563.2678,air,770.0,770,19000000.0,D+,72680.855,90429.474,3d3.(4F).4d,e 5H,5,3d3.(4F<5/2>).4f,2[9/2]*,5
V,1,V I,563.5505,563.5505,563.55049,air,55000.0,55000,3200000.0,C+,19026.326,36766.041,3d4.(3F2).4s,a 2F,5/2,3d4.(3F2).4p,x 2F*,5/2
V,2,V II,563.7322,563.7322,563.7345,air,1900.0,1900,130000000.0,C,72448.6001,90182.525,3d3.(4F).4d,e 5H,3,3d3.(4F<3/2>).4f,2[9/2]*,4
V,2,V II,564.0192,564.0192,564.0191,air,5800.0,5800,140000000.0,C,73021.1428,90746.12,3d3.(4F).4d,e 5H,7,3d3.(4F<9/2>).4f,2[15/2]*,8
V,1,V I,564.1434,564.1434,564.14318,air,8800.0,8800,36000000.0,D+,26344.902,44065.980,3d3.(4F).4s.4p.(3P*),z 2G*,9/2,3d3.(4F).4s.(3F).5s,e 2F,7/2
V,2,V II,564.2003,564.2003,564.19927,air,840.0,840,2800000.0,C,36424.875,54144.1912,3d4,c 1G1,4,3d3.(2H).4p,y 1G*,4
V,1,V I,564.6108,564.6108,564.61074,air,510000.0,510000,6500000.0,B,8476.234,26182.637,3d4.(5D).4s,a 4D,3/2,3d4.(5D).4p,y 4D*,1/2
V,2,V II,564.9644,,564.9644,air,,,1.43,C+,20242.385,37937.703,3d3.(2H).4s,b 3H,4,3d2.4s2,e 3F,2
V,2,V II,564.9763,564.9763,564.975,air,57.0,57,3600000.0,D,72680.855,90375.843,3d3.(4F).4d,e 5H,5,3d3.(4F<5/2>).4f,2[11/2]*,5
V,2,V II,565.0649,565.0649,565.0637,air,3800.0,3800,125000000.0,C,72837.5795,90529.790,3d3.(4F).4d,e 5H,6,3d3.(4F<7/2>).4f,2[13/2]*,7
V,1,V I,565.15,565.15,565.14949,air,50000.0,50000,480000.0,D+,15078.387,32767.911,3d4.(3P2).4s,b 4P,1/2,3d3.(4P).4s.4p.(3P*),z 2P*,3/2
V,2,V II,565.5543,565.5543,565.5533,air,3800.0,3800,99000000.0,C,72551.2964,90228.190,3d3.(4F).4d,e 5H,4,3d3.(4F<3/2>).4f,2[9/2]*,5
V,2,V II,565.6258,565.6258,565.6248,air,3800.0,3800,111000000.0,C,72680.855,90355.515,3d3.(4F).4d,e 5H,5,3d3.(4F<5/2>).4f,2[11/2]*,6
V,1,V I,565.7441,565.7441,565.74404,air,660000.0,660000,5000000.0,B+,8578.542,26249.476,3d4.(5D).4s,a 4D,5/2,3d4.(5D).4p,y 4D*,3/2
V,2,V II,565.7459,,565.7459,air,,,0.1,C,20522.148,38193.023,3d3.(2D2).4s,b 3D,1,3d2.4s2,e 3F,3
V,2,V II,566.1874,566.1874,566.1861,air,190.0,190*,14000000.0,D,72951.5577,90608.695,3d3.(4F).4d,5G,3,3d3.(4F<9/2>).4f,2[3/2]*,2
V,2,V II,566.26757,,566.26757,air,,,0.023,E,2968.3883,20622.9852,3d3.(4F).4s,a 5F,4,3d3.(2D2).4s,b 3D,3
V,1,V I,566.8363,566.8363,566.83618,air,660000.0,660000,3060000.0,B,8715.747,26352.634,3d4.(5D).4s,a 4D,7/2,3d4.(5D).4p,y 4D*,5/2
V,2,V II,567.0163,567.0163,567.0181,air,93.0,93,3900000.0,D,72551.2964,90182.525,3d3.(4F).4d,e 5H,4,3d3.(4F<3/2>).4f,2[9/2]*,4
V,1,V I,567.0848,567.0848,567.0848,air,1900000.0,1900000,7700000.0,B,8715.747,26344.902,3d4.(5D).4s,a 4D,7/2,3d3.(4F).4s.4p.(3P*),z 2G*,9/2
V,2,V II,567.1786,567.1786,567.1792,air,370.0,370,4700000.0,D,72908.9974,90535.217,3d3.(4F).4d,e 5P,3,3d3.(4F<5/2>).4f,2[5/2]*,3
V,2,V II,568.1967,,568.1967,air,,,0.07,E,20343.0477,37937.703,3d3.(4P).4s,c 3P,2,3d2.4s2,e 3F,2
V,2,V II,568.3763,568.3763,568.3752,air,740.0,740,43000000.0,D+,72908.9974,90498.128,3d3.(4F).4d,e 5P,3,3d3.(4F<7/2>).4f,2[3/2]*,2
V,1,V I,568.776,568.776,568.77531,air,43000.0,43000,2500000.0,C+,19189.283,36766.041,3d4.(3P2).4s,b 2P,3/2,3d4.(3F2).4p,x 2F*,5/2
V,2,V II,568.99286,,568.99286,air,,,0.037,E,20622.9852,38193.023,3d3.(2D2).4s,b 3D,3,3d2.4s2,e 3F,3
V,1,V I,569.8519,569.8519,569.85189,air,7200000.0,7200000,19500000.0,B,8578.542,26122.094&dagger;,3d4.(5D).4s,a 4D,5/2,3d4.(5D).4p,y 4F*,7/2
V,1,V I,570.3575,570.3575,570.3575,air,5600000.0,5600000,21100000.0,B,8476.234,26004.234,3d4.(5D).4s,a 4D,3/2,3d4.(5D).4p,y 4F*,5/2
V,1,V I,570.6983,570.6983,570.69824,air,3500000.0,3500000,19400000.0,B,8413.009,25930.544,3d4.(5D).4s,a 4D,1/2,3d4.(5D).4p,y 4F*,3/2
V,1,V I,570.7793,570.7793,570.7796,air,25000.0,25000,1330000.0,C+,19023.531,36538.569,3d4.(3H).4s,b 2H,9/2,3d4.(3F2).4p,2G*,9/2
V,1,V I,571.35729,571.35729,571.35729,air,,:,300000.0,C,15270.582,32767.911,3d4.(3P2).4s,b 4P,3/2,3d3.(4P).4s.4p.(3P*),z 2P*,3/2
V,2,V II,572.5013,572.5013,572.5018,air,360.0,360,4900000.0,D,73146.3451,90608.695,3d3.(4F).4d,5F,3,3d3.(4F<9/2>).4f,2[3/2]*,2
V,1,V I,572.564,572.564,572.56386,air,300000.0,300000,13800000.0,B,19078.112,36538.569,3d4.(3F2).4s,a 2F,7/2,3d4.(3F2).4p,2G*,9/2
V,1,V I,572.7045,572.7045,572.70445,air,5100000.0,5100000,19400000.0,B,8715.747,26171.918,3d4.(5D).4s,a 4D,7/2,3d4.(5D).4p,y 4F*,9/2
V,1,V I,572.7655,572.7655,572.76551,air,1000000.0,1000000,7300000.0,C+,8476.234,25930.544,3d4.(5D).4s,a 4D,3/2,3d4.(5D).4p,y 4F*,3/2
V,1,V I,573.1249,573.1249,573.1249,air,1400000.0,1400000,4600000.0,B,8578.542,26021.907,3d4.(5D).4s,a 4D,5/2,3d3.(4F).4s.4p.(3P*),z 2G*,7/2
V,1,V I,573.7063,573.7063,573.70616,air,1400000.0,1400000,6100000.0,C+,8578.542,26004.234,3d4.(5D).4s,a 4D,5/2,3d4.(5D).4p,y 4F*,5/2
V,2,V II,574.1479,574.1479,574.1474,air,700.0,700,38000000.0,D+,72839.3466,90251.648,3d3.(4F).4d,5F,1,3d3.(4F<3/2>).4f,2[5/2]*,2
V,1,V I,574.3437,574.3437,574.34377,air,660000.0,660000,2600000.0,C+,8715.747,26122.094&dagger;,3d4.(5D).4s,a 4D,7/2,3d4.(5D).4p,y 4F*,7/2
V,2,V II,574.4765,574.4765,574.4758,air,3500.0,3500,25000000.0,D+,72878.0558,90280.404,3d3.(4F).4d,5G,2,3d3.(4F<3/2>).4f,2[7/2]*,3
V,2,V II,574.5542,574.5542,574.5536,air,260.0,260,3400000.0,D+,73310.0695,90710.061,3d3.(4F).4d,3D,2,3d3.(4F<7/2>).4f,2[5/2]*,3
V,1,V I,574.7705,574.7705,574.7706,air,73000.0,73000,3100000.0,C+,19145.148,36538.569,3d4.(3H).4s,b 2H,11/2,3d4.(3F2).4p,2G*,9/2
V,1,V I,574.8727,574.8727,574.87257,air,26000.0,26000*,10200000.0,C+,24630.567,42020.903,3d4.(3D).4s,2D,5/2,3d4.(3D).4p,u 2F*,7/2
V,1,V I,574.8892,574.8892,574.88916,air,190000.0,190000,3900000.0,D+,15270.582,32660.416,3d4.(3P2).4s,b 4P,3/2,3d3.(2P).4s.4p.(3P*),x 4D*,5/2
V,1,V I,575.064,575.064,575.06417,air,92000.0,92000,1030000.0,C,15770.789,33155.331,3d4.(3F2).4s,b 4F,9/2,3d3.(4F).4s.4p.(1P*),w 4F*,9/2
V,2,V II,575.4972,575.4972,575.499,air,520.0,520,5500000.0,D+,72908.9974,90280.404,3d3.(4F).4d,e 5P,3,3d3.(4F<3/2>).4f,2[7/2]*,3
V,2,V II,575.8332,575.8332,575.8326,air,3500.0,3500,52000000.0,D+,73499.7723,90861.115,3d3.(4F).4d,5G,6,3d3.(4F<9/2>).4f,2[11/2]*,6
V,1,V I,576.141,576.141,576.14259,air,100000.0,100000,490000.0,C+,8578.542,25930.544,3d4.(5D).4s,a 4D,5/2,3d4.(5D).4p,y 4F*,3/2
V,2,V II,576.1772,576.1772,576.1745,air,3500.0,3500*,22000000.0,D+,73530.7114,90881.753,3d3.(4F).4d,3D,3,3d3.(4F<9/2>).4f,2[9/2]*,4
V,2,V II,576.3222,576.3222,576.3211,air,3500.0,3500,75000000.0,C,73499.7723,90846.401,3d3.(4F).4d,5G,6,3d3.(4F<9/2>).4f,2[13/2]*,7
V,1,V I,577.0525,577.0525,577.05267,air,29000.0,29000,23000000.0,C,25253.457,42578.093,3d4.(5D).4p,y 6F*,11/2,3d4.(5D).4d,f 6F,11/2
V,1,V I,577.2411,577.2411,577.24119,air,340000.0,340000,8100000.0,C+,15572.035,32891.013,3d4.(3P2).4s,b 4P,5/2,3d3.(2P).4s.4p.(3P*),x 4D*,7/2
V,2,V II,577.47569,,577.47569,air,,,0.043,D,19112.9298,36424.875,3d3.(2G).4s,b 1G,4,3d4,c 1G1,4
V,1,V I,577.6454,577.6454,577.6452,air,18000.0,18000,9600000.0,C,24643.528,41950.393,3d4.(3D).4s,2D,3/2,3d4.(3D).4p,u 2F*,5/2
V,1,V I,577.6691,577.6691,577.66874,air,210000.0,210000,710000.0,C+,8715.747,26021.907,3d4.(5D).4s,a 4D,7/2,3d3.(4F).4s.4p.(3P*),z 2G*,7/2
V,2,V II,577.8141,577.8141,577.8135,air,170.0,170,13000000.0,D,73310.0695,90611.894,3d3.(4F).4d,3D,2,3d3.(4F<7/2>).4f,2[5/2]*,2
V,1,V I,578.4375,578.4375,578.43762,air,160000.0,160000,27000000.0,C,22313.832,39596.988,3d3.(4F).4s.4p.(3P*),z 4G*,11/2,3d3.4s.(5F).5s,f 4F,9/2
V,2,V II,579.0356,579.0356,579.0347,air,170.0,170,20000000.0,D+,73530.7114,90796.047,3d3.(4F).4d,3D,3,3d3.(4F<9/2>).4f,2[7/2]*,3
V,1,V I,579.053,579.053,579.0588,air,45000.0,45000,740000.0,C,15724.229,32988.845,3d4.(3F2).4s,b 4F,7/2,3d3.(4F).4s.4p.(1P*),w 4F*,7/2
V,2,V II,579.1484,579.1484,579.1491,air,320.0,320,4200000.0,C,47324.292,64586.215,3d3.(2D1).4s,d 1D,2,3d3.(2F).4p,x 1D*,2
V,1,V I,579.28331,579.28331,579.28331,air,,:,160000.0,D+,17116.947,34374.872,3d4.(3G).4s,a 4G,7/2,3d3.(2D2).4s.4p.(3P*),4F*,7/2
V,1,V I,579.79878,579.79878,579.79878,air,,:,3600000.0,C,24778.321,42020.903,3d3.4s2,2F,7/2,3d4.(3D).4p,u 2F*,7/2
V,1,V I,579.9844,579.9844,579.9844,air,45000.0,45000,57000000.0,C,24830.221,42067.285,3d4.(5D).4p,y 6F*,3/2,3d4.(5D).4d,e 6G,5/2
V,2,V II,580.10274,,580.10274,air,,,1.4,C+,19191.3276,36424.875,3d4,a 1I,6,3d4,c 1G1,4
V,1,V I,580.7099,580.7099,580.7099,air,130000.0,130000,62000000.0,C,24898.804,42114.333,3d4.(5D).4p,y 6F*,5/2,3d4.(5D).4d,e 6G,7/2
V,1,V I,581.4784,581.4784,581.47764,air,20000.0,20000,660000.0,C,17182.073,34374.872,3d4.(3G).4s,a 4G,9/2,3d3.(2D2).4s.4p.(3P*),4F*,7/2
V,2,V II,581.6476,581.6476,581.6463,air,820.0,820*,29000000.0,D,73181.640,90369.453,3d3.(4F).4d,3D,1,3d3.(4F<5/2>).4f,2[1/2]*,1
V,1,V I,581.7491,581.7491,581.74912,air,120000.0,120000,69000000.0,C,24992.909,42177.685,3d4.(5D).4p,y 6F*,7/2,3d4.(5D).4d,e 6G,9/2
V,2,V II,581.993,581.993,581.9916,air,540.0,540,410000.0,D+,20343.0477,37520.6639,3d3.(4P).4s,c 3P,2,3d3.(4F).4p,z 5D*,3
V,1,V I,582.659,582.659,582.65833,air,44000.0,44000,600000.0,C+,15688.862,32846.822,3d4.(3F2).4s,b 4F,5/2,3d3.(4F).4s.4p.(1P*),w 4F*,5/2
V,1,V I,583.0674,583.0674,583.06745,air,200000.0,200000,75000000.0,C,25111.473,42257.394,3d4.(5D).4p,y 6F*,9/2,3d4.(5D).4d,e 6G,11/2
V,2,V II,583.59428,,583.59428,air,,,0.09,E,13542.6461,30673.089,3d4,b 3F2,3,3d4,d 3F1,2
V,2,V II,583.719,583.719,583.7187,air,650.0,650,24000000.0,D+,73530.7114,90657.503,3d3.(4F).4d,3D,3,3d3.(4F<7/2>).4f,2[9/2]*,4
V,1,V I,584.52695,584.52695,584.52695,air,,:,140000.0,C,15664.801,32767.911,3d4.(3F2).4s,b 4F,3/2,3d3.(4P).4s.4p.(3P*),z 2P*,3/2
V,1,V I,584.6252,584.6252,584.62519,air,300000.0,300000,82000000.0,C,25253.457,42353.693,3d4.(5D).4p,y 6F*,11/2,3d4.(5D).4d,e 6G,13/2
V,1,V I,585.0303,585.0303,585.03078,air,54000.0,54000,3300000.0,D+,15572.035,32660.416,3d4.(3P2).4s,b 4P,5/2,3d3.(2P).4s.4p.(3P*),x 4D*,5/2
V,2,V II,585.1403,585.1403,585.14,air,48.0,48,2500000.0,D+,73530.7114,90615.903,3d3.(4F).4d,3D,3,3d3.(4F<7/2>).4f,2[7/2]*,4
V,2,V II,585.61738,,585.61738,air,,,0.035,E,13542.6461,30613.910,3d4,b 3F2,3,3d4,d 3F1,4
V,2,V II,585.6614,585.6614,585.6605,air,320.0,320,7000000.0,D,73181.640,90251.648,3d3.(4F).4d,3D,1,3d3.(4F<3/2>).4f,2[5/2]*,2
V,2,V II,586.93888,,586.93888,air,,,0.08,E,13608.9393,30641.7674,3d4,b 3F2,4,3d4,d 3F1,3
V,1,V I,587.30514,587.30514,587.30514,air,,:,200000.0,C,21101.589,38123.795,3d4.(3G).4s,2G,7/2,3d4.(3H).4p,x 2H*,9/2
V,2,V II,587.90041,,587.90041,air,,,0.14,E,13608.9393,30613.910,3d4,b 3F2,4,3d4,d 3F1,4
V,2,V II,590.0992,590.0992,590.1002,air,460.0,460,15000000.0,D,73310.0695,90251.648,3d3.(4F).4d,3D,2,3d3.(4F<3/2>).4f,2[5/2]*,2
V,2,V II,591.4603,591.4603,591.4619,air,300.0,300,3900000.0,D+,73530.7114,90433.288,3d3.(4F).4d,3D,3,3d3.(4F<5/2>).4f,2[7/2]*,4
V,1,V I,592.457,592.457,592.45751,air,200000.0,200000,500000.0,E,15062.959,31937.131,3d4.(3H).4s,a 4H,13/2,3d3.(4F).4s.4p.(1P*),x 4G*,11/2
V,2,V II,592.8857,592.8857,592.88612,air,620.0,620,490000.0,D+,20343.0477,37205.0213,3d3.(4P).4s,c 3P,2,3d3.(4F).4p,z 3D*,3
V,2,V II,594.52454,,594.52454,air,,,0.05,E,13490.8843,30306.389,3d4,b 3F2,2,3d3.(2F).4s,c 3F,3
V,2,V II,595.9023,,595.9023,air,,,0.15,D+,13490.8843,30267.511,3d4,b 3F2,2,3d3.(2F).4s,c 3F,2
V,2,V II,595.92863,,595.92863,air,,,0.036,E,13542.6461,30318.5317,3d4,b 3F2,3,3d3.(2F).4s,c 3F,4
V,2,V II,596.36029,,596.36029,air,,,0.12,C,13542.6461,30306.389,3d4,b 3F2,3,3d3.(2F).4s,c 3F,3
V,2,V II,597.74658,,597.74658,air,,,0.05,E,13542.6461,30267.511,3d4,b 3F2,3,3d3.(2F).4s,c 3F,2
V,1,V I,597.891,597.891,597.89036,air,140000.0,140000,800000.0,D+,15000.937,31721.780,3d4.(3H).4s,a 4H,11/2,3d3.(4F).4s.4p.(1P*),x 4G*,9/2
V,1,V I,598.0781,598.0781,598.07807,air,120000.0,120000,300000.0,B,9637.039,26352.634,3d3.4s2,a 4P,3/2,3d4.(5D).4p,y 4D*,5/2
V,2,V II,598.29292,,598.29292,air,,,0.17,D+,13608.9393,30318.5317,3d4,b 3F2,4,3d3.(2F).4s,c 3F,4
V,1,V I,598.46,598.46,598.4631,air,48000.0,48000,169000.0,C+,9544.635,26249.476,3d3.4s2,a 4P,1/2,3d4.(5D).4p,y 4D*,3/2
V,2,V II,598.72802,,598.72802,air,,,0.036,E,13608.9393,30306.389,3d4,b 3F2,4,3d3.(2F).4s,c 3F,3
V,1,V I,600.2303,600.2303,600.23026,air,170000.0,170000,380000.0,C+,9824.626,26480.286&dagger;,3d3.4s2,a 4P,5/2,3d4.(5D).4p,y 4D*,7/2
V,1,V I,600.2625,600.2625,600.26241,air,340000.0,340000,810000.0,B+,8476.234,25131.002,3d4.(5D).4s,a 4D,3/2,3d4.(5D).4p,z 4P*,5/2
V,1,V I,600.865,600.865,600.86729,air,470.0,470,340000.0,C+,9544.635,26182.637,3d3.4s2,a 4P,1/2,3d4.(5D).4p,y 4D*,1/2
V,1,V I,601.6119,601.6119,601.6121,air,110000.0,110000,4100000.0,B,21603.259,38220.663,3d4.(1G2).4s,b 2G,9/2,3d4.(3H).4p,x 2H*,11/2
V,1,V I,601.79,601.79,601.79198,air,460.0,460,195000.0,B+,9637.039,26249.476,3d3.4s2,a 4P,3/2,3d4.(5D).4p,y 4D*,3/2
V,1,V I,602.5398,602.5398,602.54021,air,100000.0,100000,580000.0,C+,14949.359,31541.167,3d4.(3H).4s,a 4H,9/2,3d3.(4F).4s.4p.(1P*),x 4G*,7/2
V,1,V I,603.9726,603.9726,603.97256,air,2800000.0,2800000,6600000.0,B+,8578.542,25131.002,3d4.(5D).4s,a 4D,5/2,3d4.(5D).4p,z 4P*,5/2
V,1,V I,604.864,604.864,604.8661,air,450.0,450,76000.0,C+,9824.626,26352.634,3d3.4s2,a 4P,5/2,3d4.(5D).4p,y 4D*,5/2
V,1,V I,605.8143,605.8143,605.8142,air,630000.0,630000,1770000.0,B,8413.009,24915.151,3d4.(5D).4s,a 4D,1/2,3d4.(5D).4p,z 4P*,3/2
V,1,V I,606.33882,606.33882,606.33882,air,,:,490000.0,C,14909.958,31397.822,3d4.(3H).4s,a 4H,7/2,3d3.(4F).4s.4p.(1P*),x 4G*,5/2
V,1,V I,606.7247,606.7247,606.7248,air,81000.0,81000,3700000.0,B,21646.420,38123.795,3d4.(1G2).4s,b 2G,7/2,3d4.(3H).4p,x 2H*,9/2
V,1,V I,608.1441,608.1441,608.14422,air,3000000.0,3000000,11000000.0,B,8476.234,24915.151,3d4.(5D).4s,a 4D,3/2,3d4.(5D).4p,z 4P*,3/2
V,1,V I,608.7493,608.7493,608.74957,air,15000.0,15000,93000.0,C+,8476.234,24898.804,3d4.(5D).4s,a 4D,3/2,3d4.(5D).4p,y 6F*,5/2
V,1,V I,608.947,608.947,608.94824,air,10000.0,10000,78000.0,C,8413.009,24830.221,3d4.(5D).4s,a 4D,1/2,3d4.(5D).4p,y 6F*,3/2
V,1,V I,609.0209,609.0209,609.02084,air,8100000.0,8100000,25700000.0,B+,8715.747,25131.002,3d4.(5D).4s,a 4D,7/2,3d4.(5D).4p,z 4P*,5/2
V,1,V I,609.7458,609.7458,609.74625,air,45000.0,45000,51000.0,C,8715.747,25111.473,3d4.(5D).4s,a 4D,7/2,3d4.(5D).4p,y 6F*,9/2
V,1,V I,611.1651,611.1651,611.16506,air,1800000.0,1800000,16600000.0,B+,8413.009,24770.673,3d4.(5D).4s,a 4D,1/2,3d4.(5D).4p,z 4P*,1/2
V,1,V I,611.30248,611.30248,611.30248,air,,:,66000.0,C,8476.234,24830.221,3d4.(5D).4s,a 4D,3/2,3d4.(5D).4p,y 6F*,3/2
V,1,V I,611.9528,611.9528,611.95275,air,3800000.0,3800000,19700000.0,B,8578.542,24915.151,3d4.(5D).4s,a 4D,5/2,3d4.(5D).4p,z 4P*,3/2
V,2,V II,612.65293,,612.65293,air,,,0.036,D,17910.9147,34228.8534,3d4,a 1G2,4,3d3.(2F).4s,b 1F,3
V,1,V I,613.5365,613.5365,613.5365,air,1800000.0,1800000,15300000.0,B+,8476.234,24770.673,3d4.(5D).4s,a 4D,3/2,3d4.(5D).4p,z 4P*,1/2
V,2,V II,616.68152,,616.68152,air,,,0.35,C+,14461.7495,30673.089,3d4,a 3G,3,3d4,d 3F1,2
V,1,V I,617.74359,617.74359,617.74359,air,,:,740000.0,B,21101.589,37285.057,3d4.(3G).4s,2G,7/2,3d4.(3H).4p,z 4I*,9/2
V,2,V II,617.87531,,617.87531,air,,,0.092,C,14461.7495,30641.7674,3d4,a 3G,3,3d4,d 3F1,3
V,1,V I,617.891,617.891,617.89097,air,,:,16000.0,D,9824.626,26004.234,3d3.4s2,a 4P,5/2,3d4.(5D).4p,y 4F*,5/2
V,1,V I,618.1864,618.1864,618.18624,air,44000.0,44000,154000.0,C+,8476.234,24648.114,3d4.(5D).4s,a 4D,3/2,3d4.(5D).4p,z 6P*,3/2
V,1,V I,619.0505,619.0505,619.05064,air,47000.0,47000,86000.0,C+,8578.542,24727.841,3d4.(5D).4s,a 4D,5/2,3d4.(5D).4p,z 6P*,5/2
V,1,V I,619.9191,619.9191,619.9191,air,3500000.0,3500000,600000.0,B+,2311.369,18438.044,3d4.(5D).4s,a 6D,7/2,3d3.(4F).4s.4p.(3P*),z 6D*,9/2
V,2,V II,620.29047,,620.29047,air,,,0.092,C,14556.0689,30673.089,3d4,a 3G,4,3d4,d 3F1,2
V,1,V I,621.4748,621.4748,621.47509,air,66000.0,66000,1240000.0,C+,21275.652,37361.951,3d4.(3G).4s,2G,9/2,3d4.(3H).4p,v 2G*,9/2
V,2,V II,621.49829,,621.49829,air,,,0.27,C+,14556.0689,30641.7674,3d4,a 3G,4,3d4,d 3F1,3
V,1,V I,621.6364,621.6364,621.63643,air,3500000.0,3500000,990000.0,B+,2220.156,18302.280,3d4.(5D).4s,a 6D,5/2,3d3.(4F).4s.4p.(3P*),z 6D*,7/2
V,1,V I,622.1218,622.1218,622.122,air,78000.0,78000,243000.0,B,8578.542,24648.114,3d4.(5D).4s,a 4D,5/2,3d4.(5D).4p,z 6P*,3/2
V,2,V II,622.57649,,622.57649,air,,,0.076,D+,14556.0689,30613.910,3d4,a 3G,4,3d4,d 3F1,4
V,1,V I,623.0798,623.0798,623.0798,air,3400000.0,3400000,1220000.0,B+,2153.221,18198.091,3d4.(5D).4s,a 6D,3/2,3d3.(4F).4s.4p.(3P*),z 6D*,5/2
V,1,V I,624.2821,624.2821,624.28216,air,1300000.0,1300000,1130000.0,B+,2112.282,18126.250,3d4.(5D).4s,a 6D,1/2,3d3.(4F).4s.4p.(3P*),z 6D*,3/2
V,1,V I,624.3107,624.3107,624.31073,air,5500000.0,5500000,1940000.0,B+,2424.809,18438.044,3d4.(5D).4s,a 6D,9/2,3d3.(4F).4s.4p.(3P*),z 6D*,9/2
V,1,V I,625.1822,625.1822,625.18231,air,2200000.0,2200000,900000.0,B+,2311.369,18302.280,3d4.(5D).4s,a 6D,7/2,3d3.(4F).4s.4p.(3P*),z 6D*,7/2
V,2,V II,625.36814,,625.36814,air,,,0.072,C,14655.6082,30641.7674,3d4,a 3G,5,3d4,d 3F1,3
V,1,V I,625.69,625.69,625.69003,air,660000.0,660000,273000.0,B+,2220.156,18198.091,3d4.(5D).4s,a 6D,5/2,3d3.(4F).4s.4p.(3P*),z 6D*,5/2
V,1,V I,625.8571,625.8571,625.8571,air,670000.0,670000,730000.0,B+,2112.282,18085.952,3d4.(5D).4s,a 6D,1/2,3d3.(4F).4s.4p.(3P*),z 6D*,1/2
V,2,V II,626.45981,,626.45981,air,,,0.34,C+,14655.6082,30613.910,3d4,a 3G,5,3d4,d 3F1,4
V,1,V I,627.4652,627.4652,627.46524,air,1300000.0,1300000,1710000.0,B+,2153.221,18085.952,3d4.(5D).4s,a 6D,3/2,3d3.(4F).4s.4p.(3P*),z 6D*,1/2
V,1,V I,628.232,628.232,628.23296,air,81000.0,81000bl,1500000.0,C,17242.070,33155.331,3d4.(3G).4s,a 4G,11/2,3d3.(4F).4s.4p.(1P*),w 4F*,9/2
V,1,V I,628.516,628.516,628.51603,air,1600000.0,1600000,1280000.0,B+,2220.156,18126.250,3d4.(5D).4s,a 6D,5/2,3d3.(4F).4s.4p.(3P*),z 6D*,3/2
V,1,V I,628.6896,628.6896,628.68986,air,100000.0,100000,28000000.0,C,26604.807&dagger;,42506.503,3d4.(5D).4p,y 6D*,7/2,3d4.(5D).4d,f 6F,9/2
V,1,V I,629.2824,629.2824,629.28244,air,1600000.0,1600000,960000.0,B+,2311.369,18198.091,3d4.(5D).4s,a 6D,7/2,3d3.(4F).4s.4p.(3P*),z 6D*,5/2
V,1,V I,629.649,629.649,629.64909,air,1300000.0,1300000,540000.0,B+,2424.809,18302.280,3d4.(5D).4s,a 6D,9/2,3d3.(4F).4s.4p.(3P*),z 6D*,7/2
V,1,V I,630.20991,630.20991,630.20991,air,,:,41000.0,D+,15000.937,30864.279,3d4.(3H).4s,a 4H,11/2,3d3.(2G).4s.4p.(3P*),y 4G*,11/2
V,1,V I,630.4286,630.4286,630.42868,air,110000.0,110000,25000000.0,C,26505.953,42363.790,3d4.(5D).4p,y 6D*,5/2,3d4.(5D).4d,f 6F,7/2
V,1,V I,631.1477,631.1477,631.14776,air,99000.0,99000,28000000.0,C,26738.323,42578.093,3d4.(5D).4p,y 6D*,9/2,3d4.(5D).4d,f 6F,11/2
V,1,V I,632.1185,632.1185,632.11875,air,67000.0,67000,29000000.0,C,26738.323,42553.762,3d4.(5D).4p,y 6D*,9/2,3d4.(5D).4d,f 6D,9/2
V,1,V I,632.4645,632.4645,632.46535,air,67000.0,67000,1170000.0,C,17182.073,32988.845,3d4.(3G).4s,a 4G,9/2,3d3.(4F).4s.4p.(1P*),w 4F*,7/2
V,1,V I,632.6839,632.6839,632.68357,air,360000.0,360000,2400000.0,C+,15062.959,30864.279,3d4.(3H).4s,a 4H,13/2,3d3.(2G).4s.4p.(3P*),y 4G*,11/2
V,1,V I,633.9082,633.9082,633.90817,air,280000.0,280000,2200000.0,C+,15000.937,30771.732,3d4.(3H).4s,a 4H,11/2,3d3.(2G).4s.4p.(3P*),y 4G*,9/2
V,1,V I,634.3955,634.3955,634.39503,air,25000.0,25000,1130000.0,C+,21603.259,37361.951,3d4.(1G2).4s,b 2G,9/2,3d4.(3H).4p,v 2G*,9/2
V,1,V I,634.9473,634.9473,634.94731,air,260000.0,260000,2300000.0,C+,14949.359,30694.344,3d4.(3H).4s,a 4H,9/2,3d3.(2G).4s.4p.(3P*),y 4G*,7/2
V,1,V I,635.5571,635.5571,635.55724,air,68000.0,68000,1050000.0,C,17116.947,32846.822,3d4.(3G).4s,a 4G,7/2,3d3.(4F).4s.4p.(1P*),w 4F*,5/2
V,1,V I,635.7291,635.7291,635.72913,air,260000.0,260000,2400000.0,C,14909.958,30635.580,3d4.(3H).4s,a 4H,7/2,3d3.(2G).4s.4p.(3P*),y 4G*,5/2
V,1,V I,635.78545,,635.78545,air,,,0.04,D+,0.000,15724.229,3d3.4s2,a 4F,3/2,3d4.(3F2).4s,b 4F,7/2
V,1,V I,637.21869,,637.21869,air,,,0.39,D+,0.000,15688.862,3d3.4s2,a 4F,3/2,3d4.(3F2).4s,b 4F,5/2
V,1,V I,637.45,637.45,637.4485,air,19000.0,19000bl,1900000.0,D+,17054.924,32738.130,3d4.(3G).4s,a 4G,5/2,3d3.(4F).4s.4p.(1P*),w 4F*,3/2
V,2,V II,638.0091,638.0091,638.00981,air,410.0,410,770000.0,D+,34228.8534,49898.2618,3d3.(2F).4s,b 1F,3,3d3.(2P).4p,z 1D*,2
V,1,V I,638.19746,,638.19746,air,,,0.48,D+,0.000,15664.801,3d3.4s2,a 4F,3/2,3d4.(3F2).4s,b 4F,3/2
V,1,V I,639.4791,,639.4791,air,,,0.024,D+,137.383,15770.789,3d3.4s2,a 4F,5/2,3d4.(3F2).4s,b 4F,9/2
V,2,V II,641.3461,641.3461,641.3457,air,49.0,49,14000000.0,D,75080.739,90668.646,3d3.(4F).4d,3P,1,3d3.(4F<7/2>).4f,2[3/2]*,1
V,1,V I,641.38933,,641.38933,air,,,0.38,C+,137.383,15724.229,3d3.4s2,a 4F,5/2,3d4.(3F2).4s,b 4F,7/2
V,1,V I,642.84798,,642.84798,air,,,0.2,D+,137.383,15688.862,3d3.4s2,a 4F,5/2,3d4.(3F2).4s,b 4F,5/2
V,2,V II,643.686,643.686,643.6892,air,24.0,24h,4600000.0,D,75080.739,90611.894,3d3.(4F).4d,3P,1,3d3.(4F<7/2>).4f,2[5/2]*,2
V,1,V I,643.84413,,643.84413,air,,,0.45,D+,137.383,15664.801,3d3.4s2,a 4F,5/2,3d4.(3F2).4s,b 4F,3/2
V,1,V I,645.2344,645.2344,645.23435,air,440000.0,440000,1660000.0,B+,9637.039,25131.002,3d3.4s2,a 4P,3/2,3d4.(5D).4p,z 4P*,5/2
V,1,V I,646.97,646.97,646.97063,air,,:,20000.0,D,10892.520,26344.902,3d3.4s2,a 2G,7/2,3d3.(4F).4s.4p.(3P*),z 2G*,9/2
V,1,V I,647.18109,,647.18109,air,,,0.29,C+,323.432,15770.789,3d3.4s2,a 4F,7/2,3d4.(3F2).4s,b 4F,9/2
V,2,V II,647.3239,,647.3239,air,,,0.015,D,20980.9260,36424.875,3d4,a 1D2,2,3d4,c 1G1,4
V,1,V I,647.71382,,647.71382,air,,,0.071,D+,137.383,15572.035,3d3.4s2,a 4F,5/2,3d4.(3P2).4s,b 4P,5/2
V,2,V II,647.9192,647.9192,647.9169,air,190.0,190,7000000.0,D+,74949.588,90379.403,3d3.(4F).4d,3P,0,3d3.(4F<5/2>).4f,2[3/2]*,1
V,1,V I,648.8056,648.8056,648.80579,air,50000.0,50000,1500000.0,C,19078.112,34486.787,3d4.(3F2).4s,a 2F,7/2,3d3.(2D2).4s.4p.(3P*),4F*,5/2
V,1,V I,649.068,649.068,649.06814,air,24000.0,24000,1200000.0,C,19026.326,34428.773,3d4.(3F2).4s,a 2F,5/2,3d3.(2D2).4s.4p.(3P*),4F*,3/2
V,1,V I,649.13768,,649.13768,air,,,0.28,D+,323.432,15724.229,3d3.4s2,a 4F,7/2,3d4.(3F2).4s,b 4F,7/2
V,2,V II,649.2202,649.2202,649.2198,air,120.0,120,310000.0,D+,49204.648,64603.496,3d2.4s2,e 3P,2,3d3.(2F).4p,v 3D*,3
V,1,V I,650.4166,650.4166,650.41653,air,340000.0,340000,2120000.0,B,9544.635,24915.151,3d3.4s2,a 4P,1/2,3d4.(5D).4p,z 4P*,3/2
V,1,V I,650.63183,,650.63183,air,,,0.35,D+,323.432,15688.862,3d3.4s2,a 4F,7/2,3d4.(3F2).4s,b 4F,5/2
V,2,V II,651.1934,651.1934,651.1926,air,180.0,180,780000.0,C,50951.737,66303.935,3d4,e 1D1,2,3d3.(2F).4p,x 1F*,3
V,1,V I,651.65227,,651.65227,air,,,0.054,D+,323.432,15664.801,3d3.4s2,a 4F,7/2,3d4.(3F2).4s,b 4F,3/2
V,2,V II,651.6944,651.6944,651.6938,air,91.0,91,2500000.0,D+,75592.4821,90932.873,3d3.(4F).4d,3H,6,3d3.(4F<9/2>).4f,2[11/2]*,5
V,2,V II,651.7264,651.7264,651.72683,air,360.0,360,590000.0,C,34228.8534,49568.4673,3d3.(2F).4s,b 1F,3,3d3.(2G).4p,z 1F*,3
V,2,V II,652.3575,652.3575,652.3569,air,900.0,900,21000000.0,D+,75592.4821,90917.280,3d3.(4F).4d,3H,6,3d3.(4F<9/2>).4f,2[13/2]*,6
V,2,V II,652.4862,652.4862,652.486,air,710.0,710,15000000.0,D+,75140.640,90462.407,3d3.(4F).4d,3H,4,3d3.(4F<5/2>).4f,2[9/2]*,4
V,2,V II,652.5578,652.5578,652.559,air,890.0,890,18000000.0,D+,75346.305,90666.358,3d3.(4F).4d,3H,5,3d3.(4F<7/2>).4f,2[11/2]*,5
V,1,V I,653.1421,653.1421,653.14207,air,680000.0,680000,3990000.0,B+,9824.626,25131.002,3d3.4s2,a 4P,5/2,3d4.(5D).4p,z 4P*,5/2
V,2,V II,653.8924,653.8924,653.8915,air,350.0,350,6000000.0,D,75140.640,90429.474,3d3.(4F).4d,3H,4,3d3.(4F<5/2>).4f,2[9/2]*,5
V,1,V I,654.3502,654.3502,654.35037,air,180000.0,180000,780000.0,B,9637.039,24915.151,3d3.4s2,a 4P,3/2,3d4.(5D).4p,z 4P*,3/2
V,2,V II,654.3712,654.3712,654.373,air,350.0,350,9000000.0,D,75335.877,90613.460,3d3.(4F).4d,3P,2,3d3.(4F<7/2>).4f,2[7/2]*,3
V,2,V II,654.5766,654.5766,654.5772,air,260.0,260,5000000.0,D,75335.877,90608.695,3d3.(4F).4d,3P,2,3d3.(4F<9/2>).4f,2[3/2]*,2
V,1,V I,654.67303,,654.67303,air,,,0.15,D+,0.000,15270.582,3d3.4s2,a 4F,3/2,3d4.(3P2).4s,b 4P,3/2
V,2,V II,654.853,654.853,654.8543,air,260.0,260,8000000.0,D,75615.399,90881.753,3d3.(4F).4d,3G,4,3d3.(4F<9/2>).4f,2[9/2]*,4
V,2,V II,654.9368,654.9368,654.9381,air,700.0,700,39000000.0,D,75346.305,90610.706,3d3.(4F).4d,3H,5,3d3.(4F<7/2>).4f,2[11/2]*,6
V,1,V I,655.0017,655.0017,655.00181,air,35000.0,35000,1120000.0,C+,21275.652,36538.569,3d4.(3G).4s,2G,9/2,3d4.(3F2).4p,2G*,9/2
V,2,V II,655.3872,655.3872,655.3874,air,2600.0,2600*,77000000.0,C,75592.4821,90846.42&dagger;,3d3.(4F).4d,3H,6,3d3.(4F<9/2>).4f,2[15/2]*,7
V,2,V II,655.3872,655.3872,655.3882,air,2600.0,2600*,21000000.0,D,75592.4821,90846.401,3d3.(4F).4d,3H,6,3d3.(4F<9/2>).4f,2[13/2]*,7
V,1,V I,655.61667,,655.61667,air,,,0.3,D+,323.432,15572.035,3d3.4s2,a 4F,7/2,3d4.(3P2).4s,b 4P,5/2
V,1,V I,655.8018,655.8018,655.80147,air,100000.0,100000,192000.0,C+,11100.596,26344.902,3d3.4s2,a 2G,9/2,3d3.(4F).4s.4p.(3P*),z 2G*,9/2
V,1,V I,656.00872,656.00872,656.00872,air,,:,230000.0,D+,19189.283,34428.773,3d4.(3P2).4s,b 2P,3/2,3d3.(2D2).4s.4p.(3P*),4F*,3/2
V,2,V II,656.1929,656.1929,656.1933,air,2600.0,2600,73000000.0,C,75140.640,90375.843,3d3.(4F).4d,3H,4,3d3.(4F<5/2>).4f,2[11/2]*,5
V,2,V II,656.24,656.24,656.2407,air,2600.0,2600,49000000.0,D+,75346.305,90580.407,3d3.(4F).4d,3H,5,3d3.(4F<7/2>).4f,2[13/2]*,6
V,1,V I,656.5883,656.5883,656.5883,air,69000.0,69000,640000.0,B+,9544.635,24770.673,3d3.4s2,a 4P,1/2,3d4.(5D).4p,z 4P*,1/2
V,1,V I,656.94227,,656.94227,air,,,0.57,C+,552.955,15770.789,3d3.4s2,a 4F,9/2,3d4.(3F2).4s,b 4F,9/2
V,2,V II,658.1218,658.1218,658.1224,air,260.0,260,13000000.0,D+,75422.913,90613.460,3d3.(4F).4d,3G,3,3d3.(4F<7/2>).4f,2[7/2]*,3
V,1,V I,658.95842,,658.95842,air,,,0.22,D+,552.955,15724.229,3d3.4s2,a 4F,9/2,3d4.(3F2).4s,b 4F,7/2
V,2,V II,658.9738,658.9738,658.9743,air,340.0,340,15000000.0,D,75080.739,90251.648,3d3.(4F).4d,3P,1,3d3.(4F<3/2>).4f,2[5/2]*,2
V,2,V II,659.3517,659.3517,659.3506,air,13.0,13,4000000.0,D,75335.877,90498.128,3d3.(4F).4d,3P,2,3d3.(4F<7/2>).4f,2[3/2]*,2
V,1,V I,660.5974,660.5974,660.59737,air,310000.0,310000,3650000.0,B+,9637.039,24770.673,3d3.4s2,a 4P,3/2,3d4.(5D).4p,z 4P*,1/2
V,1,V I,660.61636,,660.61636,air,,,0.45,D+,137.383,15270.582,3d3.4s2,a 4F,5/2,3d4.(3P2).4s,b 4P,3/2
V,1,V I,660.7828,660.7828,660.78281,air,91000.0,91000,200000.0,C+,10892.520,26021.907,3d3.4s2,a 2G,7/2,3d3.(4F).4s.4p.(3P*),z 2G*,7/2
V,2,V II,661.37136,,661.37136,air,,,0.057,D+,19112.9298,34228.8534,3d3.(2G).4s,b 1G,4,3d3.(2F).4s,b 1F,3
V,2,V II,661.5308,661.5308,661.5298,air,370.0,370,11000000.0,D,75422.913,90535.217,3d3.(4F).4d,3G,3,3d3.(4F<5/2>).4f,2[5/2]*,3
V,1,V I,661.91631,661.91631,661.91631,air,,:,41000.0,C+,9544.635,24648.114,3d3.4s2,a 4P,1/2,3d4.(5D).4p,z 6P*,3/2
V,1,V I,662.3543,662.3543,662.35437,air,52000.0,52000,190000.0,C+,15770.789,30864.279,3d4.(3F2).4s,b 4F,9/2,3d3.(2G).4s.4p.(3P*),y 4G*,11/2
V,1,V I,662.4844,662.4844,662.48451,air,310000.0,310000,1890000.0,B,9824.626,24915.151,3d3.4s2,a 4P,5/2,3d4.(5D).4p,z 4P*,3/2
V,2,V II,662.6155,662.6155,662.6151,air,810.0,810,23000000.0,D,75140.640,90228.190,3d3.(4F).4d,3H,4,3d3.(4F<3/2>).4f,2[9/2]*,5
V,2,V II,662.8073,662.8073,662.8076,air,82.0,82,2800000.0,D,75346.305,90429.474,3d3.(4F).4d,3H,5,3d3.(4F<5/2>).4f,2[9/2]*,5
V,2,V II,663.0082,663.0082,663.0062,air,820.0,820,34000000.0,D+,75854.2212,90932.873,3d3.(4F).4d,3G,5,3d3.(4F<9/2>).4f,2[11/2]*,5
V,1,V I,663.01781,,663.01781,air,,,0.73,D+,0.000,15078.387,3d3.4s2,a 4F,3/2,3d4.(3P2).4s,b 4P,1/2
V,1,V I,663.3284,663.3284,663.32862,air,78000.0,78000,100000.0,C+,11100.596,26171.918,3d3.4s2,a 2G,9/2,3d4.(5D).4p,y 4F*,9/2
V,2,V II,663.694,663.694,663.6925,air,4100.0,4100,72000000.0,C,75854.2212,90917.280,3d3.(4F).4d,3G,5,3d3.(4F<9/2>).4f,2[13/2]*,6
V,2,V II,664.226,664.226,664.2261,air,3200.0,3200,68000000.0,C,75615.399,90666.358,3d3.(4F).4d,3G,4,3d3.(4F<7/2>).4f,2[11/2]*,5
V,1,V I,664.3786,664.3786,664.37862,air,67000.0,67000,220000.0,C,15724.229,30771.732,3d4.(3F2).4s,b 4F,7/2,3d3.(2G).4s.4p.(3P*),y 4G*,9/2
V,2,V II,664.6183,664.6183,664.6171,air,640.0,640,23000000.0,D+,75615.399,90657.503,3d3.(4F).4d,3G,4,3d3.(4F<7/2>).4f,2[9/2]*,4
V,2,V II,664.7323,664.7323,664.7324,air,2400.0,2400,64000000.0,C,75422.913,90462.407,3d3.(4F).4d,3G,3,3d3.(4F<5/2>).4f,2[9/2]*,4
V,2,V II,665.2617,665.2617,665.2616,air,320.0,320,7000000.0,D,75854.2212,90881.753,3d3.(4F).4d,3G,5,3d3.(4F<9/2>).4f,2[9/2]*,4
V,1,V I,665.63594,,665.63594,air,,,0.86,C+,552.955,15572.035,3d3.4s2,a 4F,9/2,3d4.(3P2).4s,b 4P,5/2
V,2,V II,665.675,665.675,665.6739,air,80.0,80,1400000.0,D+,75592.4821,90610.706,3d3.(4F).4d,3H,6,3d3.(4F<7/2>).4f,2[11/2]*,6
V,1,V I,665.7635,665.7635,665.76369,air,13000.0,13000,260000.0,C,15078.387,30094.585,3d4.(3P2).4s,b 4P,1/2,3d3.(4P).4s.4p.(3P*),y 4P*,3/2
V,2,V II,666.074,666.074,666.0737,air,1600.0,1600,14000000.0,D,75346.305,90355.515,3d3.(4F).4d,3H,5,3d3.(4F<5/2>).4f,2[11/2]*,6
V,1,V I,666.2389,666.2389,666.23915,air,30000.0,30000,150000.0,C+,15688.862,30694.344,3d4.(3F2).4s,b 4F,5/2,3d3.(2G).4s.4p.(3P*),y 4G*,7/2
V,1,V I,667.97887,,667.97887,air,,,0.008,E,137.383,15103.784,3d3.4s2,a 4F,5/2,3d3.4s2,a 2H,9/2
V,1,V I,668.8392,,668.8392,air,,,0.6,C+,323.432,15270.582,3d3.4s2,a 4F,7/2,3d4.(3P2).4s,b 4P,3/2
V,1,V I,669.09659,,669.09659,air,,,0.003,E,323.432,15264.832,3d3.4s2,a 4F,7/2,3d3.4s2,a 2H,11/2
V,1,V I,669.11433,,669.11433,air,,,0.47,D+,137.383,15078.387,3d3.4s2,a 4F,5/2,3d4.(3P2).4s,b 4P,1/2
V,2,V II,669.2804,669.2804,669.2799,air,390.0,390,7000000.0,D,75592.4821,90529.790,3d3.(4F).4d,3H,6,3d3.(4F<7/2>).4f,2[13/2]*,7
V,2,V II,670.2534,670.2534,670.2525,air,150.0,150,15000000.0,D+,75966.120,90881.753,3d3.(4F).4d,3F,3,3d3.(4F<9/2>).4f,2[9/2]*,4
V,1,V I,670.50759,,670.50759,air,,,0.77,C+,0.000,14909.958,3d3.4s2,a 4F,3/2,3d4.(3H).4s,a 4H,7/2
V,1,V I,670.807,670.807,670.81096,air,50000.0,50000,58000.0,C+,9824.626,24727.841,3d3.4s2,a 4P,5/2,3d4.(5D).4p,z 6P*,5/2
V,2,V II,671.1104,671.1104,671.1102,air,23.0,23,2900000.0,D+,75813.492,90710.061,3d3.(4F).4d,3F,2,3d3.(4F<7/2>).4f,2[5/2]*,3
V,2,V II,671.5184,671.5184,671.5182,air,380.0,380,13000000.0,D,75422.913,90310.433,3d3.(4F).4d,3G,3,3d3.(4F<3/2>).4f,2[7/2]*,4
V,1,V I,673.2037,673.2037,673.20391,air,16000.0,16000,193000.0,C+,15270.582,30120.823,3d4.(3P2).4s,b 4P,3/2,3d3.(4P).4s.4p.(3P*),y 4P*,5/2
V,2,V II,674.126,674.126,674.1261,air,74.0,74h,16000000.0,D+,75966.120,90796.047,3d3.(4F).4d,3F,3,3d3.(4F<9/2>).4f,2[7/2]*,3
V,2,V II,674.286,674.286,674.2855,air,59.0,59h,10000000.0,D,75966.120,90792.54&dagger;,3d3.(4F).4d,3F,3,3d3.(4F<9/2>).4f,2[5/2]*,2
V,2,V II,674.8491,674.8491,674.8474,air,220.0,220,7000000.0,D+,75615.399,90429.474,3d3.(4F).4d,3G,4,3d3.(4F<5/2>).4f,2[9/2]*,5
V,1,V I,674.94306,,674.94306,air,,,0.75,C+,137.383,14949.359,3d3.4s2,a 4F,5/2,3d4.(3H).4s,a 4H,9/2
V,1,V I,675.301,675.301,675.301,air,430000.0,430000,460000.0,C+,8715.747,23519.872,3d4.(5D).4s,a 4D,7/2,3d3.(4F).4s.4p.(3P*),z 4F*,9/2
V,2,V II,675.4917,675.4917,675.4907,air,150.0,150,23000000.0,D+,75813.492,90613.460,3d3.(4F).4d,3F,2,3d3.(4F<7/2>).4f,2[7/2]*,3
V,2,V II,675.562,675.562,675.5622,air,18.0,18h,17000000.0,D+,75813.492,90611.894,3d3.(4F).4d,3F,2,3d3.(4F<7/2>).4f,2[5/2]*,2
V,2,V II,675.9555,675.9555,675.9542,air,440.0,440,45000000.0,C,76143.0526,90932.873,3d3.(4F).4d,3F,4,3d3.(4F<9/2>).4f,2[11/2]*,5
V,1,V I,676.012,676.012,676.014,air,42000.0,42000,1470000.0,C+,22496.546,37285.057,3d4.(1I).4s,2I,11/2,3d4.(3H).4p,z 4I*,9/2
V,1,V I,676.38718,,676.38718,air,,,0.002,E,323.432,15103.784,3d3.4s2,a 4F,7/2,3d3.4s2,a 2H,9/2
V,1,V I,676.74326,,676.74326,air,,,0.14,D+,137.383,14909.958,3d3.4s2,a 4F,5/2,3d4.(3H).4s,a 4H,7/2
V,2,V II,677.3,677.3,677.2995,air,72.0,72h,4100000.0,D,75615.399,90375.843,3d3.(4F).4d,3G,4,3d3.(4F<5/2>).4f,2[11/2]*,5
V,1,V I,677.7313,677.7313,677.73102,air,13000.0,13000,340000.0,C+,15270.582,30021.627,3d4.(3P2).4s,b 4P,3/2,3d3.(4P).4s.4p.(3P*),y 4P*,1/2
V,2,V II,678.2997,678.2997,678.2987,air,580.0,580,33000000.0,D+,76143.0526,90881.753,3d3.(4F).4d,3F,4,3d3.(4F<9/2>).4f,2[9/2]*,4
V,1,V I,678.4999,678.4999,678.50004,air,260000.0,260000,320000.0,B,8476.234,23210.560,3d4.(5D).4s,a 4D,3/2,3d3.(4F).4s.4p.(3P*),z 4F*,5/2
V,2,V II,678.8756,678.8756,678.8751,air,280.0,280,5000000.0,D,75854.2212,90580.407,3d3.(4F).4d,3G,5,3d3.(4F<7/2>).4f,2[13/2]*,6
V,2,V II,679.0811,679.0811,679.0808,air,140.0,140,16000000.0,D+,75813.492,90535.217,3d3.(4F).4d,3F,2,3d3.(4F<5/2>).4f,2[5/2]*,3
V,1,V I,679.53538,,679.53538,air,,,0.0009,E,552.955,15264.832,3d3.4s2,a 4F,9/2,3d3.4s2,a 2H,11/2
V,2,V II,680.4836,680.4836,680.4833,air,280.0,280,26000000.0,D+,75966.120,90657.503,3d3.(4F).4d,3F,3,3d3.(4F<7/2>).4f,2[9/2]*,4
V,1,V I,681.12673,,681.12673,air,,,0.77,C+,323.432,15000.937,3d3.4s2,a 4F,7/2,3d4.(3H).4s,a 4H,11/2
V,1,V I,681.24,681.24,681.23999,air,170000.0,170000,260000.0,B,8413.009,23088.074,3d4.(5D).4s,a 4D,1/2,3d3.(4F).4s.4p.(3P*),z 4F*,3/2
V,1,V I,683.2439,683.2439,683.24419,air,99000.0,99000,89000.0,C+,8578.542,23210.560,3d4.(5D).4s,a 4D,5/2,3d3.(4F).4s.4p.(3P*),z 4F*,5/2
V,1,V I,683.52873,,683.52873,air,,,0.13,D+,323.432,14949.359,3d3.4s2,a 4F,7/2,3d4.(3H).4s,a 4H,9/2
V,1,V I,684.1878,684.1878,684.18771,air,80000.0,80000,105000.0,C+,8476.234,23088.074,3d4.(5D).4s,a 4D,3/2,3d3.(4F).4s.4p.(3P*),z 4F*,3/2
V,1,V I,687.15156,,687.15156,air,,,0.001,D+,0.000,14548.816,3d3.4s2,a 4F,3/2,3d3.4s2,2D2,5/2
V,1,V I,687.153,687.153,687.15289,air,42000.0,42000,290000.0,C+,15572.035,30120.823,3d4.(3P2).4s,b 4P,5/2,3d3.(4P).4s.4p.(3P*),y 4P*,5/2
V,1,V I,688.3944,688.3944,688.39438,air,7900.0,7900,180000.0,C+,15572.035,30094.585,3d4.(3P2).4s,b 4P,5/2,3d3.(4P).4s.4p.(3P*),y 4P*,3/2
V,1,V I,688.76403,,688.76403,air,,,0.013,D+,0.000,14514.756,3d3.4s2,a 4F,3/2,3d3.4s2,2D2,3/2
V,1,V I,688.9896,,688.9896,air,,,0.81,C+,552.955,15062.959,3d3.4s2,a 4F,9/2,3d4.(3H).4s,a 4H,13/2
V,2,V II,690.7589,690.7589,690.758,air,130.0,130*,220000.0,D+,70629.8323,85102.69,3d3.(4F).5s,3F,3,3d2.(3P).4s.4p.(3P*),u 3P*,2
V,2,V II,690.7589,690.7589,690.7583,air,130.0,130*,4300000.0,D,76143.0526,90615.903,3d3.(4F).4d,3F,4,3d3.(4F<7/2>).4f,2[7/2]*,4
V,2,V II,691.0299,691.0299,691.0296,air,190.0,190,3700000.0,D,75966.120,90433.288,3d3.(4F).4d,3F,3,3d3.(4F<5/2>).4f,2[7/2]*,4
V,1,V I,691.9473,,691.9473,air,,,0.075,D+,552.955,15000.937,3d3.4s2,a 4F,9/2,3d4.(3H).4s,a 4H,11/2
V,2,V II,691.999,691.999,691.9983,air,130.0,130,1800000.0,D+,75966.120,90413.038,3d3.(4F).4d,3F,3,3d3.(4F<5/2>).4f,2[7/2]*,3
V,1,V I,693.70217,,693.70217,air,,,0.0027,D+,137.383,14548.816,3d3.4s2,a 4F,5/2,3d3.4s2,2D2,5/2
V,1,V I,695.34556,,695.34556,air,,,0.023,D+,137.383,14514.756,3d3.4s2,a 4F,5/2,3d3.4s2,2D2,3/2
V,2,V II,697.54181,,697.54181,air,,,0.15,D+,16340.9837,30673.089,3d3.(2G).4s,b 3G,3,3d4,d 3F1,2
V,2,V II,699.06958,,699.06958,air,,,0.037,D+,16340.9837,30641.7674,3d3.(2G).4s,b 3G,3,3d4,d 3F1,3
V,2,V II,701.48413,,701.48413,air,,,0.036,D,16421.5292,30673.089,3d3.(2G).4s,b 3G,4,3d4,d 3F1,2
V,1,V I,702.77492,,702.77492,air,,,0.021,D+,323.432,14548.816,3d3.4s2,a 4F,7/2,3d3.4s2,2D2,5/2
V,2,V II,703.02923,,703.02923,air,,,0.11,D+,16421.5292,30641.7674,3d3.(2G).4s,b 3G,4,3d4,d 3F1,3
V,2,V II,703.7825,703.7825,703.7823,air,170.0,170,13000000.0,D,76403.6726,90608.695,3d3.(4F).4d,5D,2,3d3.(4F<9/2>).4f,2[3/2]*,2
V,2,V II,703.9407,703.9407,703.94,air,290.0,290,22000000.0,D+,76673.1011,90874.941,3d3.(4F).4d,5D,4,3d3.(4F<9/2>).4f,2[9/2]*,5
V,2,V II,704.40918,,704.40918,air,,,0.028,D+,16421.5292,30613.910,3d3.(2G).4s,b 3G,4,3d4,d 3F1,4
V,2,V II,704.5915,704.5915,704.5917,air,230.0,230,22000000.0,D+,76521.357,90710.061,3d3.(4F).4d,5D,3,3d3.(4F<7/2>).4f,2[5/2]*,3
V,2,V II,705.008,705.008,705.0084,air,570.0,570,34000000.0,D+,76673.1011,90853.419,3d3.(4F).4d,5D,4,3d3.(4F<9/2>).4f,2[7/2]*,4
V,2,V II,706.9996,706.9996,706.9984,air,45.0,45,160000.0,D+,38517.085,52657.4892,3d2.4s2,e 3F,4,3d3.(2D2).4p,x 3F*,4
V,2,V II,707.7107,,707.7107,air,,,0.11,D,18293.8723,32420.046,3d4,a 3D,2,3d4,d 3P1,0
V,2,V II,708.58298,,708.58298,air,,,0.026,D,16532.9841,30641.7674,3d3.(2G).4s,b 3G,5,3d4,d 3F1,3
V,2,V II,708.9117,708.9117,708.9138,air,160.0,160,18000000.0,D,76322.694,90424.894&dagger;,3d3.(4F).4d,5D,1,3d3.(4F<5/2>).4f,2[1/2]*,0
V,2,V II,709.6627,709.6627,709.6617,air,110.0,110,8000000.0,D,76521.357,90608.695,3d3.(4F).4d,5D,3,3d3.(4F<9/2>).4f,2[3/2]*,2
V,2,V II,709.98483,,709.98483,air,,,0.13,D+,16532.9841,30613.910,3d3.(2G).4s,b 3G,5,3d4,d 3F1,4
V,2,V II,711.7088,711.7088,711.7118,air,210.0,210,9000000.0,D+,76322.694,90369.453,3d3.(4F).4d,5D,1,3d3.(4F<5/2>).4f,2[1/2]*,1
V,2,V II,712.5746,,712.5746,air,,,0.05,E,18269.515,32299.266,3d4,a 3D,1,3d4,d 3P1,1
V,2,V II,713.8139,,713.8139,air,,,0.017,D,18293.8723,32299.266,3d4,a 3D,2,3d4,d 3P1,1
V,1,V I,714.30005,,714.30005,air,,,0.002,E,552.955,14548.816,3d3.4s2,a 4F,9/2,3d3.4s2,2D2,5/2
V,2,V II,714.8868,714.8868,714.8854,air,52.0,52,2400000.0,D+,76673.1011,90657.503,3d3.(4F).4d,5D,4,3d3.(4F<7/2>).4f,2[9/2]*,4
V,1,V I,715.9882,715.9882,715.98814,air,11000.0,11000,440000.0,C,18805.048,32767.911,3d4.(3P2).4s,b 2P,1/2,3d3.(4P).4s.4p.(3P*),z 2P*,3/2
V,2,V II,716.2805,716.2805,716.2793,air,150.0,150,13000000.0,D+,76673.1011,90630.288,3d3.(4F).4d,5D,4,3d3.(4F<7/2>).4f,2[9/2]*,5
V,2,V II,716.8829,,716.8829,air,,,0.05,D,18353.830,32299.266,3d4,a 3D,3,3d4,d 3P1,1
V,2,V II,717.0187,717.0187,717.0183,air,100.0,100,12000000.0,D+,76673.1011,90615.903,3d3.(4F).4d,5D,4,3d3.(4F<7/2>).4f,2[7/2]*,4
V,2,V II,717.8562,,717.8562,air,,,0.13,D,16340.9837,30267.511,3d3.(2G).4s,b 3G,3,3d3.(2F).4s,c 3F,2
V,2,V II,718.6101,718.6101,718.6094,air,50.0,50,19000000.0,D+,76521.357,90433.288,3d3.(4F).4d,5D,3,3d3.(4F<5/2>).4f,2[7/2]*,4
V,2,V II,719.38136,,719.38136,air,,,0.022,E,16421.5292,30318.5317,3d3.(2G).4s,b 3G,4,3d3.(2F).4s,c 3F,4
V,2,V II,720.01049,,720.01049,air,,,0.12,D+,16421.5292,30306.389,3d3.(2G).4s,b 3G,4,3d3.(2F).4s,c 3F,3
V,2,V II,722.5912,722.5912,722.5915,air,150.0,150,14000000.0,D+,76403.6726,90238.938,3d3.(4F).4d,5D,2,3d3.(4F<3/2>).4f,2[5/2]*,3
V,1,V I,723.86577,,723.86577,air,,,0.0007,E,0.000,13810.910,3d3.4s2,a 4F,3/2,3d3.4s2,a 2P,1/2
V,1,V I,724.3566,,724.3566,air,,,0.0012,E,0.000,13801.551,3d3.4s2,a 4F,3/2,3d3.4s2,a 2P,3/2
V,2,V II,725.19753,,725.19753,air,,,0.14,D+,16532.9841,30318.5317,3d3.(2G).4s,b 3G,5,3d3.(2F).4s,c 3F,4
V,2,V II,725.83687,,725.83687,air,,,0.015,E,16532.9841,30306.389,3d3.(2G).4s,b 3G,5,3d3.(2F).4s,c 3F,3
V,2,V II,726.735,726.735,726.7355,air,9.4,9.4h,1900000.0,D+,76673.1011,90429.474,3d3.(4F).4d,5D,4,3d3.(4F<5/2>).4f,2[9/2]*,5
V,2,V II,727.2433,,727.2433,air,,,0.017,E,18293.8723,32040.641,3d4,a 3D,2,3d4,d 3P1,2
V,2,V II,728.792,728.792,728.7907,air,12.0,12HD,2000000.0,D,76521.357,90238.938,3d3.(4F).4d,5D,3,3d3.(4F<3/2>).4f,2[5/2]*,3
V,2,V II,729.4311,,729.4311,air,,,0.017,D,36.1017,13741.6394,3d4,a 5D,1,3d3.(4P).4s,a 5P,3
V,2,V II,730.4291,,730.4291,air,,,0.06,D+,18353.830,32040.641,3d4,a 3D,3,3d4,d 3P1,2
V,1,V I,730.6744,730.6744,730.67498,air,25000.0,25000,111000.0,C,17182.073,30864.279,3d4.(3G).4s,a 4G,9/2,3d3.(2G).4s.4p.(3P*),y 4G*,11/2
V,1,V I,731.63954,,731.63954,air,,,0.0019,E,137.383,13801.551,3d3.4s2,a 4F,5/2,3d3.4s2,a 2P,3/2
V,1,V I,732.1418,732.1418,732.1423,air,41000.0,41000,160000.0,C,17116.947,30771.732,3d4.(3G).4s,a 4G,7/2,3d3.(2G).4s.4p.(3P*),y 4G*,9/2
V,1,V I,732.9671,732.9671,732.96707,air,22000.0,22000,140000.0,C,17054.924,30694.344,3d4.(3G).4s,a 4G,5/2,3d3.(2G).4s.4p.(3P*),y 4G*,7/2
V,2,V II,733.20482,,733.20482,air,,,0.07,C,106.6421,13741.6394,3d4,a 5D,2,3d3.(4P).4s,a 5P,3
V,2,V II,733.233,733.233,733.2327,air,14.0,14,1050000.0,C,50951.737,64586.215,3d4,e 1D1,2,3d3.(2F).4p,x 1D*,2
V,1,V I,733.8932,733.8932,733.89314,air,210000.0,210000,1900000.0,C+,17242.070,30864.279,3d4.(3G).4s,a 4G,11/2,3d3.(2G).4s.4p.(3P*),y 4G*,11/2
V,2,V II,734.45544,,734.45544,air,,,0.0017,E,20617.0735,34228.8534,3d3.(2D2).4s,b 3D,2,3d3.(2F).4s,b 1F,3
V,1,V I,735.1761,735.1761,735.17653,air,8800.0,8800,500000.0,D+,20830.344,34428.773,3d4.(3D).4s,b 4D,1/2,3d3.(2D2).4s.4p.(3P*),4F*,3/2
V,2,V II,735.3768,,735.3768,air,,,0.048,C,0.000,13594.726,3d4,a 5D,0,3d3.(4P).4s,a 5P,2
V,1,V I,735.6512,735.6512,735.65098,air,180000.0,180000,1600000.0,C+,17182.073,30771.732,3d4.(3G).4s,a 4G,9/2,3d3.(2G).4s.4p.(3P*),y 4G*,9/2
V,1,V I,735.8623,735.8623,735.8621,air,51000.0,51000,960000.0,C,20789.112,34374.872,3d4.(3D).4s,b 4D,5/2,3d3.(2D2).4s.4p.(3P*),4F*,7/2
V,1,V I,736.1388,736.1388,736.13866,air,120000.0,120000,1700000.0,C,17054.924,30635.580,3d4.(3G).4s,a 4G,5/2,3d3.(2G).4s.4p.(3P*),y 4G*,5/2
V,1,V I,736.3154,736.3154,736.31536,air,120000.0,120000,1500000.0,C+,17116.947,30694.344,3d4.(3G).4s,a 4G,7/2,3d3.(2G).4s.4p.(3P*),y 4G*,7/2
V,2,V II,737.2649,,737.2649,air,,,0.2,C+,30641.7674,44201.678,3d4,d 3F1,3,3d3.(2D1).4s,c 3D,1
V,2,V II,737.33484,,737.33484,air,,,0.099,C+,36.1017,13594.726,3d4,a 5D,1,3d3.(4P).4s,a 5P,2
V,1,V I,737.667,,737.667,air,,,0.0011,D+,2112.282,15664.801,3d4.(5D).4s,a 6D,1/2,3d4.(3F2).4s,b 4F,3/2
V,2,V II,738.0465,,738.0465,air,,,0.123,C+,30613.910,44159.461,3d4,d 3F1,4,3d3.(2D1).4s,c 3D,2
V,1,V I,738.58683,,738.58683,air,,,0.003,D+,2153.221,15688.862,3d4.(5D).4s,a 6D,3/2,3d4.(3F2).4s,b 4F,5/2
V,2,V II,738.73919,,738.73919,air,,,0.141,C+,208.7901,13741.6394,3d4,a 5D,3,3d3.(4P).4s,a 5P,3
V,1,V I,738.9135,738.9135,738.9132,air,16000.0,16000,88000.0,C,17242.070,30771.732,3d4.(3G).4s,a 4G,11/2,3d3.(2G).4s.4p.(3P*),y 4G*,9/2
V,2,V II,738.9718,,738.9718,air,,,0.39,C+,30673.089,44201.678,3d4,d 3F1,2,3d3.(2D1).4s,c 3D,1
V,2,V II,739.5675,,739.5675,air,,,0.29,C+,30641.7674,44159.461,3d4,d 3F1,3,3d3.(2D1).4s,c 3D,2
V,1,V I,739.8644,739.8644,739.86425,air,21000.0,21000,140000.0,C,17182.073,30694.344,3d4.(3G).4s,a 4G,9/2,3d3.(2G).4s.4p.(3P*),y 4G*,7/2
V,1,V I,739.90209,,739.90209,air,,,0.0037,D+,2153.221,15664.801,3d4.(5D).4s,a 6D,3/2,3d4.(3F2).4s,b 4F,3/2
V,1,V I,740.31341,,740.31341,air,,,0.0045,D+,2220.156,15724.229,3d4.(5D).4s,a 6D,5/2,3d4.(3F2).4s,b 4F,7/2
V,2,V II,741.191,,741.191,air,,,0.058,C,106.6421,13594.726,3d4,a 5D,2,3d3.(4P).4s,a 5P,2
V,2,V II,741.2851,,741.2851,air,,,0.17,C,30673.089,44159.461,3d4,d 3F1,2,3d3.(2D1).4s,c 3D,2
V,2,V II,741.3847,,741.3847,air,,,0.43,C+,30613.910,44098.469,3d4,d 3F1,4,3d3.(2D1).4s,c 3D,3
V,2,V II,741.87227,,741.87227,air,,,0.035,D,36.1017,13511.7993,3d4,a 5D,1,3d3.(4P).4s,a 5P,1
V,1,V I,742.25738,,742.25738,air,,,0.009,D+,2220.156,15688.862,3d4.(5D).4s,a 6D,5/2,3d4.(3F2).4s,b 4F,5/2
V,1,V I,742.76949,,742.76949,air,,,0.0041,D+,2311.369,15770.789,3d4.(5D).4s,a 6D,7/2,3d4.(3F2).4s,b 4F,9/2
V,2,V II,742.9195,,742.9195,air,,,0.123,C+,30641.7674,44098.469,3d4,d 3F1,3,3d3.(2D1).4s,c 3D,3
V,2,V II,743.11617,,743.11617,air,,,0.008,E,2968.3883,16421.5292,3d3.(4F).4s,a 5F,4,3d3.(2G).4s,b 3G,4
V,1,V I,743.58576,,743.58576,air,,,0.0016,D+,2220.156,15664.801,3d4.(5D).4s,a 6D,5/2,3d4.(3F2).4s,b 4F,3/2
V,2,V II,744.6528,,744.6528,air,,,0.012,E,30673.089,44098.469,3d4,d 3F1,2,3d3.(2D1).4s,c 3D,3
V,1,V I,745.34787,,745.34787,air,,,0.017,D+,2311.369,15724.229,3d4.(5D).4s,a 6D,7/2,3d4.(3F2).4s,b 4F,7/2
V,2,V II,745.77616,,745.77616,air,,,0.13,C,106.6421,13511.7993,3d4,a 5D,2,3d3.(4P).4s,a 5P,1
V,2,V II,745.92326,,745.92326,air,,,0.16,C,339.1256,13741.6394,3d4,a 5D,4,3d3.(4P).4s,a 5P,3
V,1,V I,747.31841,,747.31841,air,,,0.003,D+,2311.369,15688.862,3d4.(5D).4s,a 6D,7/2,3d4.(3F2).4s,b 4F,5/2
V,2,V II,747.7363,,747.7363,air,,,0.015,E,3162.9673,16532.9841,3d3.(4F).4s,a 5F,5,3d3.(2G).4s,b 3G,5
V,1,V I,749.08302,,749.08302,air,,,0.027,D+,2424.809,15770.789,3d4.(5D).4s,a 6D,9/2,3d4.(3F2).4s,b 4F,9/2
V,2,V II,751.50269,,751.50269,air,,,0.2,C,208.7901,13511.7993,3d4,a 5D,3,3d3.(4P).4s,a 5P,1
V,1,V I,751.7055,,751.7055,air,,,0.003,D+,2424.809,15724.229,3d4.(5D).4s,a 6D,9/2,3d4.(3F2).4s,b 4F,7/2
V,2,V II,753.38264,,753.38264,air,,,0.025,E,339.1256,13608.9393,3d4,a 5D,4,3d4,b 3F2,4
V,1,V I,753.90236,,753.90236,air,,,0.02,D+,2311.369,15572.035,3d4.(5D).4s,a 6D,7/2,3d4.(3P2).4s,b 4P,5/2
V,2,V II,754.19046,,754.19046,air,,,0.17,C,339.1256,13594.726,3d4,a 5D,4,3d3.(4P).4s,a 5P,2
V,2,V II,754.62728,,754.62728,air,,,0.007,E,20980.9260,34228.8534,3d4,a 1D2,2,3d3.(2F).4s,b 1F,3
V,1,V I,759.76743,,759.76743,air,,,0.003,D+,2112.282,15270.582,3d4.(5D).4s,a 6D,1/2,3d4.(3P2).4s,b 4P,3/2
V,2,V II,763.4145,,763.4145,air,,,0.38,C+,34228.8534,47324.292,3d3.(2F).4s,b 1F,3,3d3.(2D1).4s,d 1D,2
V,1,V I,766.04765,,766.04765,air,,,0.028,D+,2220.156,15270.582,3d4.(5D).4s,a 6D,5/2,3d4.(3P2).4s,b 4P,3/2
V,2,V II,767.0293,,767.0293,air,,,0.22,C+,23391.1513,36424.875,3d3.(2H).4s,a 1H,5,3d4,c 1G1,4
V,1,V I,771.02943,,771.02943,air,,,0.008,D+,2112.282,15078.387,3d4.(5D).4s,a 6D,1/2,3d4.(3P2).4s,b 4P,1/2
V,1,V I,773.47159,,773.47159,air,,,0.029,D+,2153.221,15078.387,3d4.(5D).4s,a 6D,3/2,3d4.(3P2).4s,b 4P,1/2
V,2,V II,774.5093,,774.5093,air,,,0.016,E,19132.792,32040.641,3d3.(2P).4s,b 3P,2,3d4,d 3P1,2
V,2,V II,776.231,,776.231,air,,,0.005,D,19161.422,32040.641,3d3.(2P).4s,b 3P,0,3d4,d 3P1,2
V,2,V II,776.526,,776.526,air,,,0.013,E,19166.315,32040.641,3d3.(2P).4s,b 3P,1,3d4,d 3P1,2
V,1,V I,793.685,793.685,793.67934,air,,:,790000.0,C+,13801.551,26397.633,3d3.4s2,a 2P,3/2,3d4.(5D).4p,y 6D*,1/2
V,1,V I,794.4648,794.4648,794.46472,air,19000.0,19000,1030000.0,C+,24778.321,37361.951,3d3.4s2,2F,7/2,3d4.(3H).4p,v 2G*,9/2
V,1,V I,795.8196,795.8196,795.81982,air,19000.0,19000,10000000.0,C,31937.131,44499.334,3d3.(4F).4s.4p.(1P*),x 4G*,11/2,3d3.4s.(5F).4d,4F,9/2
V,1,V I,800.2021,800.2021,800.2018,air,28000.0,28000,13000000.0,C,31397.822,43891.233,3d3.(4F).4s.4p.(1P*),x 4G*,5/2,3d3.4s.(5F).4d,4H,7/2
V,1,V I,800.591,800.591,800.59068,air,29000.0,29000,10000000.0,D+,31541.167,44028.510,3d3.(4F).4s.4p.(1P*),x 4G*,7/2,3d3.4s.(5F).4d,4H,9/2
V,1,V I,801.5985,801.5985,801.59826,air,36000.0,36000,9400000.0,C,31721.780,44193.427,3d3.(4F).4s.4p.(1P*),x 4G*,9/2,3d3.4s.(5F).4d,4H,11/2
V,1,V I,802.6431,802.6431,802.6424,air,42000.0,42000,13000000.0,C,31937.131,44392.554,3d3.(4F).4s.4p.(1P*),x 4G*,11/2,3d3.4s.(5F).4d,4H,13/2
V,1,V I,802.7364,802.7364,802.73662,air,210000.0,210000,189000.0,B,8578.542,21032.503,3d4.(5D).4s,a 4D,5/2,3d3.(4F).4s.4p.(3P*),z 4D*,7/2
V,2,V II,805.9976,,805.9976,air,,,0.018,E,18269.515,30673.089,3d4,a 3D,1,3d4,d 3F1,2
V,1,V I,809.3467,809.3467,809.34675,air,100000.0,100000,306000.0,B+,8476.234,20828.481,3d4.(5D).4s,a 4D,3/2,3d3.(4F).4s.4p.(3P*),z 4D*,5/2
V,2,V II,809.632,,809.632,air,,,0.015,C,18293.8723,30641.7674,3d4,a 3D,2,3d4,d 3F1,3
V,2,V II,810.11312,,810.11312,air,,,0.014,E,8640.3641,20980.9260,3d3.(4F).4s,a 3F,2,3d4,a 1D2,2
V,1,V I,811.6789,811.6789,811.67891,air,850000.0,850000,1220000.0,B+,8715.747,21032.503,3d4.(5D).4s,a 4D,7/2,3d3.(4F).4s.4p.(3P*),z 4D*,7/2
V,1,V I,814.456,814.456,814.45595,air,210000.0,210000,340000.0,B,8413.009,20687.769,3d4.(5D).4s,a 4D,1/2,3d3.(4F).4s.4p.(3P*),z 4D*,3/2
V,2,V II,815.4312,,815.4312,air,,,0.02,D+,18353.830,30613.910,3d4,a 3D,3,3d4,d 3F1,4
V,1,V I,816.1061,816.1061,816.10622,air,500000.0,500000,840000.0,B+,8578.542,20828.481,3d4.(5D).4s,a 4D,5/2,3d3.(4F).4s.4p.(3P*),z 4D*,5/2
V,1,V I,816.9393,,816.9393,air,,,4.4e-05,D+,2311.369,14548.816,3d4.(5D).4s,a 6D,7/2,3d3.4s2,2D2,5/2
V,1,V I,818.6728,818.6728,818.6728,air,250000.0,250000,570000.0,B,8476.234,20687.769,3d4.(5D).4s,a 4D,3/2,3d3.(4F).4s.4p.(3P*),z 4D*,3/2
V,1,V I,818.7289,818.7289,818.729,air,100000.0,100000,16000000.0,C,25111.473,37322.170,3d4.(5D).4p,y 6F*,9/2,3d4.(5D).5s,e 6D,7/2
V,2,V II,818.8014,,818.8014,air,,,0.034,E,20089.6495,32299.266,3d3.(4P).4s,c 3P,1,3d4,d 3P1,1
V,1,V I,819.8865,819.8865,819.8865,air,210000.0,210000,700000.0,B+,8413.009,20606.467,3d4.(5D).4s,a 4D,1/2,3d3.(4F).4s.4p.(3P*),z 4D*,1/2
V,1,V I,820.2995,820.2995,820.29943,air,150000.0,150000,19000000.0,C,25253.457,37440.777,3d4.(5D).4p,y 6F*,11/2,3d4.(5D).5s,e 6D,9/2
V,2,V II,822.0723,,822.0723,air,,,0.014,E,32040.641,44201.678,3d4,d 3P1,2,3d3.(2D1).4s,c 3D,1
V,1,V I,824.1599,824.1599,824.15992,air,170000.0,170000,690000.0,B+,8476.234,20606.467,3d4.(5D).4s,a 4D,3/2,3d3.(4F).4s.4p.(3P*),z 4D*,1/2
V,2,V II,824.9361,,824.9361,air,,,0.031,D+,32040.641,44159.461,3d4,d 3P1,2,3d3.(2D1).4s,c 3D,2
V,1,V I,825.3504,825.3504,825.35057,air,210000.0,210000,245000.0,B,8715.747,20828.481,3d4.(5D).4s,a 4D,7/2,3d3.(4F).4s.4p.(3P*),z 4D*,5/2
V,1,V I,825.5896,825.5896,825.5896,air,210000.0,210000,460000.0,B,8578.542,20687.769,3d4.(5D).4s,a 4D,5/2,3d3.(4F).4s.4p.(3P*),z 4D*,3/2
V,1,V I,828.2301,828.2301,828.23041,air,77000.0,77000,16000000.0,C,26171.918,38242.535,3d4.(5D).4p,y 4F*,9/2,3d4.(5D).5s,e 4D,7/2
V,2,V II,829.1089,,829.1089,air,,,0.035,D+,32040.641,44098.469,3d4,d 3P1,2,3d3.(2D1).4s,c 3D,3
V,2,V II,832.083,832.083,832.0855,air,150.0,150h,7400000.0,D+,79697.04,91711.733,3d3.(4F).5p,3D*,3,3d3.(4F).6s,3F,4
V,2,V II,832.366,832.366,832.3681,air,160.0,160h,8000000.0,D+,79435.13,91445.745,3d3.(4F).5p,3D*,2,3d3.(4F).6s,3F,3
V,1,V I,834.1962,834.1962,834.1964,air,57000.0,57000,13000000.0,C,26122.094&dagger;,38106.385,3d4.(5D).4p,y 4F*,7/2,3d4.(5D).5s,e 4D,5/2
V,2,V II,835.238,835.238,835.238,air,120.0,120h,9000000.0,D+,79259.21&dagger;,91228.554,3d3.(4F).5p,3D*,1,3d3.(4F).6s,3F,2
V,2,V II,836.1551,,836.1551,air,,,0.14,D+,20343.0477,32299.266,3d3.(4P).4s,c 3P,2,3d4,d 3P1,1
V,2,V II,836.5208,,836.5208,air,,,0.112,C,20089.6495,32040.641,3d3.(4P).4s,c 3P,1,3d4,d 3P1,2
V,2,V II,839.935,,839.935,air,,,0.038,D+,32299.266,44201.678,3d4,d 3P1,1,3d3.(2D1).4s,c 3D,1
V,2,V II,847.0115,,847.0115,air,,,0.22,C,20617.0735,32420.046,3d3.(2D2).4s,b 3D,2,3d4,d 3P1,0
V,2,V II,847.2821,,847.2821,air,,,0.017,C,32299.266,44098.469,3d4,d 3P1,1,3d3.(2D1).4s,c 3D,3
V,2,V II,847.699,847.699,847.6973,air,23.0,23h,3100000.0,D+,79435.13,91228.554,3d3.(4F).5p,3D*,2,3d3.(4F).6s,3F,2
V,2,V II,848.8709,,848.8709,air,,,0.089,C,20522.148,32299.266,3d3.(2D2).4s,b 3D,1,3d4,d 3P1,1
V,2,V II,851.5972,,851.5972,air,,,0.016,D,32420.046,44159.461,3d4,d 3P1,0,3d3.(2D1).4s,c 3D,2
V,1,V I,853.4369,853.4369,853.43665,air,26000.0,26000,8200000.0,C,33155.331,44869.444,3d3.(4F).4s.4p.(1P*),w 4F*,9/2,3d3.(4F).4s.(3F).5s,4F,9/2
V,1,V I,854.1972,854.1972,854.19714,air,47000.0,47000,1130000.0,C,21603.259,33306.943,3d4.(1G2).4s,b 2G,9/2,3d3.(2G).4s.4p.(3P*),y 2G*,9/2
V,2,V II,854.50487,,854.50487,air,,,0.021,E,208.7901,11908.2593,3d4,a 5D,3,3d4,a 3P2,2
V,2,V II,854.6419,,854.6419,air,,,0.1,D+,20343.0477,32040.641,3d3.(4P).4s,c 3P,2,3d4,d 3P1,2
V,2,V II,855.7686,,855.7686,air,,,0.047,D+,20617.0735,32299.266,3d3.(2D2).4s,b 3D,2,3d4,d 3P1,1
V,2,V II,855.92211,,855.92211,air,,,0.014,D,8842.0507,20522.148,3d3.(4F).4s,a 3F,3,3d3.(2D2).4s,b 3D,1
V,2,V II,856.2019,,856.2019,air,,,0.057,C,20622.9852,32299.266,3d3.(2D2).4s,b 3D,3,3d4,d 3P1,1
V,1,V I,857.56736,,857.56736,air,,,2e-05,D+,2153.221,13810.910,3d4.(5D).4s,a 6D,3/2,3d3.4s2,a 2P,1/2
V,2,V II,857.831,857.831,857.8327,air,110.0,110h,3000000.0,D,80057.65,91711.733,3d3.(4F).5p,3F*,3,3d3.(4F).6s,3F,4
V,1,V I,862.4741,862.4741,862.47291,air,15000.0,15000,11000000.0,C,33155.331,44746.714,3d3.(4F).4s.4p.(1P*),w 4F*,9/2,3d3.4s.(5F).4d,4G,11/2
V,1,V I,863.2167,,863.2167,air,,,4.7e-05,D+,2220.156,13801.551,3d4.(5D).4s,a 6D,5/2,3d3.4s2,a 2P,3/2
V,1,V I,864.4126,864.4126,864.41288,air,11000.0,11000,11000000.0,C,32988.845,44554.214,3d3.(4F).4s.4p.(1P*),w 4F*,7/2,3d3.4s.(5F).4d,4G,9/2
V,1,V I,864.704,864.704,864.70619,air,450000.0,450000bl(Ne)*,9500000.0,C,32846.822,44408.268,3d3.(4F).4s.4p.(1P*),w 4F*,5/2,3d3.4s.(5F).4d,4G,7/2
V,1,V I,864.8151,864.8151,864.81488,air,1400.0,1400*,12000000.0,C,32738.130,44298.123,3d3.(4F).4s.4p.(1P*),w 4F*,3/2,3d3.4s.(5F).4d,4G,5/2
V,2,V II,867.87864,,867.87864,air,,,0.012,D,9097.8891,20617.0735,3d3.(4F).4s,a 3F,4,3d3.(2D2).4s,b 3D,2
V,2,V II,868.31,868.31,868.3065,air,230.0,230h,480000.0,D+,44658.000,56171.509,3d2.4s2,c 1D,2,3d3.(2P).4p,y 1P*,1
V,2,V II,868.4454,,868.4454,air,,,0.006,D,19161.422,30673.089,3d3.(2P).4s,b 3P,0,3d4,d 3F1,2
V,2,V II,868.8147,,868.8147,air,,,0.0028,E,19166.315,30673.089,3d3.(2P).4s,b 3P,1,3d4,d 3F1,2
V,2,V II,869.25109,,869.25109,air,,,0.016,D,8842.0507,20343.0477,3d3.(4F).4s,a 3F,3,3d3.(4P).4s,c 3P,2
V,2,V II,869.88311,,869.88311,air,,,0.008,E,3162.9673,14655.6082,3d3.(4F).4s,a 5F,5,3d4,a 3G,5
V,2,V II,870.7562,,870.7562,air,,,0.023,C+,19132.792,30613.910,3d3.(2P).4s,b 3P,2,3d4,d 3F1,4
V,2,V II,871.1861,,871.1861,air,,,0.013,C,19166.315,30641.7674,3d3.(2P).4s,b 3P,1,3d4,d 3F1,3
V,2,V II,873.17715,,873.17715,air,,,0.023,E,8640.3641,20089.6495,3d3.(4F).4s,a 3F,2,3d3.(4P).4s,c 3P,1
V,2,V II,875.5961,,875.5961,air,,,0.066,C+,20622.9852,32040.641,3d3.(2D2).4s,b 3D,3,3d4,d 3P1,2
V,2,V II,875.905,875.905,875.9039,air,820.0,820h,10000000.0,D,80298.09,91711.733,3d3.(4F).5p,3F*,4,3d3.(4F).6s,3F,4
V,2,V II,877.871,877.871,877.8689,air,290.0,290h,10000000.0,D+,80057.65,91445.745,3d3.(4F).5p,3F*,3,3d3.(4F).6s,3F,3
V,2,V II,878.891,878.891,878.8885,air,150.0,150h,11000000.0,D+,79853.67,91228.554,3d3.(4F).5p,3F*,2,3d3.(4F).6s,3F,2
V,2,V II,881.021,881.021,881.0244,air,330.0,330h,8000000.0,D,79881.247,91228.554,3d2.(1G).4s.4p.(3P*),u 3G*,3,3d3.(4F).6s,3F,2
V,2,V II,888.83461,,888.83461,air,,,0.022,D,8842.0507,20089.6495,3d3.(4F).4s,a 3F,3,3d3.(4P).4s,c 3P,1
V,2,V II,889.9233,,889.9233,air,,,0.019,C,25191.0356,36424.875,3d3.(2D2).4s,b 1D,2,3d4,c 1G1,4
V,1,V I,891.985,891.985,891.98474,air,430000.0,430000c,340000.0,C+,9824.626,21032.503,3d3.4s2,a 4P,5/2,3d3.(4F).4s.4p.(3P*),z 4D*,7/2
V,1,V I,893.2945,893.2945,893.29465,air,210000.0,210000,250000.0,C+,9637.039,20828.481,3d3.4s2,a 4P,3/2,3d3.(4F).4s.4p.(3P*),z 4D*,5/2
V,1,V I,894.9226,894.9226,894.92218,air,4900.0,4900,170000.0,C,15078.387,26249.476,3d4.(3P2).4s,b 4P,1/2,3d4.(5D).4p,y 4D*,3/2
V,2,V II,896.2466,,896.2466,air,,,0.0015,D,19112.9298,30267.511,3d3.(2G).4s,b 1G,4,3d3.(2F).4s,c 3F,2
V,1,V I,897.1673,897.1673,897.1673,air,86000.0,86000,153000.0,C+,9544.635,20687.769,3d3.4s2,a 4P,1/2,3d3.(4F).4s.4p.(3P*),z 4D*,3/2
V,1,V I,902.2734,902.2734,902.27369,air,22000.0,22000,160000.0,C+,15264.832,26344.902,3d3.4s2,a 2H,11/2,3d3.(4F).4s.4p.(3P*),z 2G*,9/2
V,1,V I,903.7613,903.7613,903.76131,air,25000.0,25000,330000.0,C+,9544.635,20606.467,3d3.4s2,a 4P,1/2,3d3.(4F).4s.4p.(3P*),z 4D*,1/2
V,1,V I,904.6692,904.6692,904.66926,air,33000.0,33000,190000.0,C+,9637.039,20687.769,3d3.4s2,a 4P,3/2,3d3.(4F).4s.4p.(3P*),z 4D*,3/2
V,1,V I,908.5236,908.5236,908.52305,air,28000.0,28000,115000.0,C+,9824.626,20828.481,3d3.4s2,a 4P,5/2,3d3.(4F).4s.4p.(3P*),z 4D*,5/2
V,1,V I,911.3745,911.3745,911.37442,air,5100.0,5100,44000.0,C,9637.039,20606.467,3d3.4s2,a 4P,3/2,3d3.(4F).4s.4p.(3P*),z 4D*,1/2
V,2,V II,913.487,913.487,913.488,air,290.0,290h,20000000.0,D+,80767.68,91711.733,3d3.(4F).5p,3G*,5,3d3.(4F).6s,3F,4
V,2,V II,914.4378,,914.4378,air,,,0.0026,E,2808.9590,13741.6394,3d3.(4F).4s,a 5F,3,3d3.(4P).4s,a 5P,3
V,1,V I,915.6571,915.6571,915.65704,air,22000.0,22000,170000.0,C+,15103.784,26021.907,3d3.4s2,a 2H,9/2,3d3.(4F).4s.4p.(3P*),z 2G*,7/2
V,2,V II,916.5474,,916.5474,air,,,0.006,E,2687.2090,13594.726,3d3.(4F).4s,a 5F,2,3d3.(4P).4s,a 5P,2
V,2,V II,916.61107,,916.61107,air,,,0.014,D,2605.0400,13511.7993,3d3.(4F).4s,a 5F,1,3d3.(4P).4s,a 5P,1
V,2,V II,917.2285,,917.2285,air,,,0.076,C,36424.875,47324.292,3d4,c 1G1,4,3d3.(2D1).4s,d 1D,2
V,2,V II,921.394,921.394,921.397,air,310.0,310h,16000000.0,D+,80595.64,91445.745,3d3.(4F).5p,3G*,4,3d3.(4F).6s,3F,3
V,2,V II,922.4517,,922.4517,air,,,0.062,C,23391.1513,34228.8534,3d3.(2H).4s,a 1H,5,3d3.(2F).4s,b 1F,3
V,2,V II,923.56905,,923.56905,air,,,0.014,D,2687.2090,13511.7993,3d3.(4F).4s,a 5F,2,3d3.(4P).4s,a 5P,1
V,2,V II,926.8934,,926.8934,air,,,0.013,D,2808.9590,13594.726,3d3.(4F).4s,a 5F,3,3d3.(4P).4s,a 5P,2
V,1,V I,927.63335,,927.63335,air,,,0.0047,D+,323.432,11100.596,3d3.4s2,a 4F,7/2,3d3.4s2,a 2G,9/2
V,2,V II,927.9703,,927.9703,air,,,0.009,E,2968.3883,13741.6394,3d3.(4F).4s,a 5F,4,3d3.(4P).4s,a 5P,3
V,2,V II,928.645,928.645,928.645,air,310.0,310h,15000000.0,D+,80463.13,91228.554,3d3.(4F).5p,3G*,3,3d3.(4F).6s,3F,2
V,1,V I,929.53319,,929.53319,air,,,0.0043,D+,137.383,10892.520,3d3.4s2,a 4F,5/2,3d3.4s2,a 2G,7/2
V,2,V II,934.07513,,934.07513,air,,,0.008,D,2808.9590,13511.7993,3d3.(4F).4s,a 5F,3,3d3.(4P).4s,a 5P,1
V,1,V I,934.1087,934.1087,934.10885,air,37000.0,37000,6800000.0,C,26738.323,37440.777,3d4.(5D).4p,y 6D*,9/2,3d4.(5D).5s,e 6D,9/2
V,2,V II,940.7999,,940.7999,air,,,0.014,D+,2968.3883,13594.726,3d3.(4F).4s,a 5F,4,3d3.(4P).4s,a 5P,2
V,1,V I,943.5581,943.5581,943.5579,air,65000.0,65000,5900000.0,C,26480.286&dagger;,37075.563,3d4.(5D).4p,y 4D*,7/2,3d5,e 4F,9/2
V,2,V II,944.6133,,944.6133,air,,,0.018,D+,20089.6495,30673.089,3d3.(4P).4s,c 3P,1,3d4,d 3F1,2
V,2,V II,945.039,,945.039,air,,,0.022,D+,3162.9673,13741.6394,3d3.(4F).4s,a 5F,5,3d3.(4P).4s,a 5P,3
V,1,V I,945.8959,,945.8959,air,,,0.0048,D+,323.432,10892.520,3d3.4s2,a 4F,7/2,3d3.4s2,a 2G,7/2
V,2,V II,947.4171,,947.4171,air,,,0.019,D+,20089.6495,30641.7674,3d3.(4P).4s,c 3P,1,3d4,d 3F1,3
V,1,V I,947.81928,,947.81928,air,,,0.012,D+,552.955,11100.596,3d3.4s2,a 4F,9/2,3d3.4s2,a 2G,9/2
V,2,V II,949.7724,,949.7724,air,,,0.011,D,8640.3641,19166.315,3d3.(4F).4s,a 3F,2,3d3.(2P).4s,b 3P,1
V,2,V II,950.2141,,950.2141,air,,,0.012,D,8640.3641,19161.422,3d3.(4F).4s,a 3F,2,3d3.(2P).4s,b 3P,0
V,2,V II,952.8069,,952.8069,air,,,0.0035,E,8640.3641,19132.792,3d3.(4F).4s,a 3F,2,3d3.(2P).4s,b 3P,2
V,1,V I,966.8935,,966.8935,air,,,0.00031,D+,552.955,10892.520,3d3.4s2,a 4F,9/2,3d3.4s2,a 2G,7/2
V,2,V II,967.7849,,967.7849,air,,,0.0031,E,20343.0477,30673.089,3d3.(4P).4s,c 3P,2,3d4,d 3F1,2
V,2,V II,970.7283,,970.7283,air,,,0.011,D+,20343.0477,30641.7674,3d3.(4P).4s,c 3P,2,3d4,d 3F1,3
V,2,V II,971.4809,,971.4809,air,,,0.008,E,8842.0507,19132.792,3d3.(4F).4s,a 3F,3,3d3.(2P).4s,b 3P,2
V,2,V II,973.35956,,973.35956,air,,,0.007,E,8842.0507,19112.9298,3d3.(4F).4s,a 3F,3,3d3.(2G).4s,b 1G,4
V,2,V II,973.3612,,973.3612,air,,,0.025,D+,20343.0477,30613.910,3d3.(4P).4s,c 3P,2,3d4,d 3F1,4
V,2,V II,987.9086,,987.9086,air,,,0.0028,D,20522.148,30641.7674,3d3.(2D2).4s,b 3D,1,3d4,d 3F1,3
V,2,V II,993.368,,993.368,air,,,0.0026,E,20242.385,30306.389,3d3.(2H).4s,b 3H,4,3d3.(2F).4s,c 3F,3
V,2,V II,995.9133,,995.9133,air,,,0.0019,E,20280.2493,30318.5317,3d3.(2H).4s,b 3H,5,3d3.(2F).4s,c 3F,4
V,2,V II,997.1195,,997.1195,air,,,0.029,D+,20280.2493,30306.389,3d3.(2H).4s,b 3H,5,3d3.(2F).4s,c 3F,3
V,2,V II,997.2203,,997.2203,air,,,0.032,D+,20242.385,30267.511,3d3.(2H).4s,b 3H,4,3d3.(2F).4s,c 3F,2
V,2,V II,998.22452,,998.22452,air,,,0.012,E,9097.8891,19112.9298,3d3.(4F).4s,a 3F,4,3d3.(2G).4s,b 1G,4
V,2,V II,1000.0423,,1000.0423,air,,,0.0038,E,20617.0735,30613.910,3d3.(2D2).4s,b 3D,2,3d4,d 3F1,4
V,2,V II,1004.2254,,1004.2254,air,,,0.028,D+,20363.3370,30318.5317,3d3.(2H).4s,b 3H,6,3d3.(2F).4s,c 3F,4
